SiteID,STime,H12p5,H15p8,H20,H25,H31p5,H40,H50,H63,H80,H100,H125,H160,H200,H250,H315,H400,H500,H630,H800,H1000,H1250,H1600,H2000,H2500,H3150,H4000,H5000,H6300,H8000,H10000,H12500,H16000,H20000,dbA,dbC,dbF,Voltage,WindSpeed,WindDir,TempIns,TempOut,Humidity,INVID,INSID,GChar1,GChar2,GChar3,AdjustmentsApplied,CalibrationAdjustment,GPSTimeAdjustment,GainAdjustment,Status
GLBALSTL,2024-05-24 01:00:00.000,28.4,26.0,31.8,31.8,26.9,34.1,32.3,32.7,34.5,34.8,32.5,32.9,32.4,35.1,35.9,37.6,38.1,39.4,38.8,38.6,38.1,37.2,35.2,32.8,29.5,27.4,25.1,22.3,19.5,15.0,10.3,5.6,2.4,46.9,48.8,49.3,13.1,0.6,75.8,18.2,22.0,79.7,,,OBAnorm,,LD831_01996v2.403,,,,0,0
GLBALSTL,2024-05-24 01:00:01.000,26.0,29.6,28.6,29.5,30.4,32.5,31.8,30.8,34.7,34.3,32.5,30.5,35.0,34.2,35.9,38.3,38.4,39.4,39.3,39.6,38.3,36.9,34.4,31.9,29.5,26.3,23.0,21.1,16.1,11.3,7.0,4.1,1.5,47.0,49.0,49.4,13.1,0.6,75.8,18.2,22.0,79.7,,,OBAnorm,,LD831_01996v2.403,,,,0,0
GLBALSTL,2024-05-24 01:00:02.000,29.5,29.3,32.0,30.4,31.8,30.5,32.9,32.8,32.7,34.9,34.1,31.2,34.0,36.0,36.1,38.0,39.5,40.4,39.6,39.7,38.7,36.8,35.7,33.1,30.1,27.8,24.7,21.8,18.0,12.9,8.5,4.8,2.0,47.6,49.5,49.9,13.1,0.7,75.7,18.2,21.9,79.6,,,OBAnorm,,LD831_01996v2.403,,,,0,0
GLBALSTL,2024-05-24 01:00:03.000,24.7,30.4,30.7,28.5,30.3,31.7,31.6,32.4,34.7,35.6,33.6,32.0,32.1,32.9,34.8,37.3,38.0,38.1,38.8,38.8,37.8,36.5,34.1,31.8,28.7,26.3,23.3,20.6,16.0,11.1,6.8,4.0,1.5,46.4,48.5,49.0,13.1,0.7,75.8,18.2,21.9,79.6,,,OBAnorm,,LD831_01996v2.403,,,,0,0
GLBALSTL,2024-05-24 01:00:04.000,26.9,27.9,29.0,29.9,31.7,35.3,32.1,32.2,34.9,35.7,34.0,31.3,31.5,34.2,35.1,38.5,38.3,38.6,38.1,38.4,37.5,35.1,33.3,30.8,27.6,24.6,21.0,17.6,13.8,9.6,6.2,3.5,1.4,46.0,48.4,48.9,13.1,0.7,75.8,18.2,21.9,79.6,,,OBAnorm,,LD831_01996v2.403,,,,0,0
GLBALSTL,2024-05-24 01:00:05.000,25.3,30.0,32.8,30.1,31.2,31.9,31.1,34.0,33.5,33.7,33.7,28.8,30.6,32.4,34.1,36.9,38.3,37.9,38.2,38.1,37.9,35.4,33.5,31.5,28.5,25.1,22.0,19.4,15.6,10.3,6.5,3.4,1.5,46.0,48.0,48.4,13.1,0.7,75.8,18.2,22.0,79.7,,,OBAnorm,,LD831_01996v2.403,,,,0,0
GLBALSTL,2024-05-24 01:00:06.000,25.0,26.7,28.5,27.4,29.3,33.1,31.0,34.5,35.2,36.0,31.6,34.0,37.3,34.2,35.3,37.2,38.5,38.1,38.5,37.3,36.5,35.3,33.3,31.3,28.6,25.4,22.0,20.2,16.3,11.2,6.8,3.7,1.6,45.8,48.5,49.0,13.1,0.7,75.8,18.2,22.0,79.7,,,OBAnorm,,LD831_01996v2.403,,,,0,0
GLBALSTL,2024-05-24 01:00:07.000,29.1,25.7,26.7,29.4,28.6,31.2,33.4,32.8,34.8,33.5,33.5,31.2,32.5,33.8,35.0,36.7,37.2,37.3,37.2,37.8,37.0,35.8,33.1,30.8,28.0,25.5,22.1,19.7,15.8,11.7,7.5,4.2,1.7,45.5,47.9,48.4,13.1,0.6,75.7,18.2,21.9,79.6,,,OBAnorm,,LD831_01996v2.403,,,,0,0
GLBALSTL,2024-05-24 01:00:08.000,24.9,26.0,30.9,30.9,30.5,33.7,32.7,33.3,35.1,35.0,32.7,31.3,32.1,34.2,34.9,36.2,37.8,39.3,38.9,38.2,37.4,36.5,34.3,31.1,28.5,25.4,21.8,18.7,14.8,10.5,6.3,3.5,1.3,46.3,48.5,49.0,13.1,0.6,75.8,18.2,21.9,79.6,,,OBAnorm,,LD831_01996v2.403,,,,0,0
GLBALSTL,2024-05-24 01:00:09.000,27.0,30.7,29.5,30.8,30.7,33.3,32.2,33.7,32.9,35.2,32.4,32.0,34.0,36.1,34.5,35.9,37.6,38.0,38.0,38.0,36.7,35.4,34.0,31.4,28.3,25.4,22.6,19.9,16.2,11.2,7.6,4.1,1.7,45.8,48.1,48.8,13.1,0.5,75.8,18.2,21.9,79.6,,,OBAnorm,,LD831_01996v2.403,,,,0,0
GLBALSTL,2024-05-24 01:00:10.000,21.0,28.9,30.7,27.9,29.7,32.0,33.8,33.7,33.3,34.1,33.6,34.2,34.5,36.8,35.8,37.7,38.2,39.6,39.2,38.4,37.5,36.6,35.0,31.8,28.9,26.8,22.8,20.4,17.3,12.5,8.0,4.3,1.5,46.5,48.7,49.1,13.1,0.5,75.8,18.2,21.9,79.6,,,OBAnorm,,LD831_01996v2.403,,,,0,0
GLBALSTL,2024-05-24 01:00:11.000,24.3,29.0,31.0,29.6,30.7,31.8,31.5,32.3,32.1,34.7,32.8,29.2,31.8,33.9,33.9,35.2,36.6,38.3,38.3,37.4,36.5,34.6,32.5,29.8,27.1,24.1,20.8,17.4,13.1,8.6,5.5,3.1,1.2,45.1,47.4,48.2,13.1,0.4,75.8,18.2,21.9,79.6,,,OBAnorm,,LD831_01996v2.403,,,,0,0
GLBALSTL,2024-05-24 01:00:12.000,26.6,27.0,27.7,28.4,30.6,35.4,33.1,33.9,35.1,33.9,33.7,35.4,32.7,33.1,34.4,36.8,37.4,38.6,37.9,38.0,36.6,35.3,33.8,31.2,28.2,25.9,23.0,19.9,17.0,12.1,8.7,5.4,1.9,46.0,48.3,49.0,13.1,0.4,75.8,18.2,22.0,79.7,,,OBAnorm,,LD831_01996v2.403,,,,0,0
GLBALSTL,2024-05-24 01:00:13.000,26.1,23.6,30.0,27.0,28.1,31.7,33.4,35.3,31.1,34.0,31.7,34.5,35.5,34.1,35.7,37.8,38.1,38.0,38.8,37.8,37.4,35.4,33.7,31.5,29.0,26.8,23.3,19.7,16.4,13.1,9.4,4.7,1.7,46.1,48.6,49.2,13.1,0.4,75.8,18.2,22.0,79.7,,,OBAnorm,,LD831_01996v2.403,,,,0,0
GLBALSTL,2024-05-24 01:00:14.000,22.0,26.6,29.3,28.8,28.8,33.6,32.7,33.1,32.9,31.8,30.6,37.1,33.7,33.1,33.7,37.0,37.0,38.3,38.2,38.1,36.5,35.3,33.3,30.9,27.5,25.8,23.3,19.1,16.0,11.3,7.5,4.2,1.9,45.6,47.6,48.4,13.1,0.3,75.8,18.2,22.0,79.7,,,OBAnorm,,LD831_01996v2.403,,,,0,0
GLBALSTL,2024-05-24 01:00:15.000,23.8,22.7,28.8,27.2,28.8,31.7,30.0,33.3,31.3,34.7,33.3,33.0,36.0,36.4,35.0,36.8,37.2,37.5,38.9,38.0,38.5,36.8,35.0,33.3,29.9,27.6,25.2,23.1,19.5,15.5,11.6,6.1,2.5,46.6,48.6,49.2,13.1,0.3,75.8,18.2,21.9,79.6,,,OBAnorm,,LD831_01996v2.403,,,,0,0
GLBALSTL,2024-05-24 01:00:16.000,18.7,27.8,29.9,28.8,31.4,32.6,35.1,30.0,33.3,32.2,30.3,32.7,35.3,35.2,34.8,35.8,37.8,38.4,38.5,38.8,37.3,35.2,33.4,30.9,28.6,25.6,22.0,18.8,15.0,10.5,6.3,3.5,1.5,46.1,48.2,48.8,13.1,0.3,75.8,18.1,21.9,79.6,,,OBAnorm,,LD831_01996v2.403,,,,0,0
GLBALSTL,2024-05-24 01:00:17.000,27.1,27.9,28.0,28.2,28.8,32.4,34.1,32.1,33.4,32.6,30.7,27.1,29.5,33.4,34.5,34.8,36.5,37.9,38.0,38.1,36.6,35.6,33.6,31.1,28.6,25.8,23.0,19.7,15.7,10.7,6.7,3.6,1.5,45.5,47.4,48.1,13.1,0.3,75.8,18.2,21.9,79.6,,,OBAnorm,,LD831_01996v2.403,,,,0,0
GLBALSTL,2024-05-24 01:00:18.000,26.4,28.4,30.1,31.1,32.1,32.6,30.4,32.3,28.6,30.6,29.5,26.8,31.2,33.6,35.3,36.6,38.2,39.7,39.1,38.9,37.6,36.0,34.1,30.9,28.8,25.2,22.0,18.7,14.8,10.2,6.7,3.5,1.5,46.4,48.1,48.6,13.1,0.3,75.8,18.2,21.9,79.6,,,OBAnorm,,LD831_01996v2.403,,,,0,0
GLBALSTL,2024-05-24 01:00:19.000,25.2,24.8,31.9,31.6,27.5,32.3,32.1,30.6,31.0,32.7,32.2,30.2,31.9,31.8,34.6,35.8,37.5,37.6,38.5,37.9,36.8,35.3,33.4,30.9,28.2,25.6,21.6,18.6,14.9,10.5,6.6,3.8,1.4,45.7,47.5,48.1,13.1,0.2,75.8,18.2,22.0,79.7,,,OBAnorm,,LD831_01996v2.403,,,,0,0
GLBALSTL,2024-05-24 01:00:20.000,23.5,29.5,29.6,27.6,27.6,29.3,30.0,31.9,32.0,31.6,30.8,29.4,29.5,31.8,33.2,37.3,38.0,39.2,39.0,38.2,37.1,35.6,34.4,31.6,29.0,25.3,22.3,19.1,14.8,9.1,5.5,3.1,1.1,46.2,48.0,48.5,13.1,0.2,75.8,18.2,22.0,79.7,,,OBAnorm,,LD831_01996v2.403,,,,0,0
GLBALSTL,2024-05-24 01:00:21.000,24.5,28.9,31.2,28.2,29.9,33.8,32.0,31.5,29.8,33.5,31.3,28.8,31.7,32.2,34.6,35.4,37.9,38.1,38.5,38.1,38.5,35.8,34.1,31.9,29.1,26.3,22.8,20.2,16.9,12.8,8.2,4.4,1.6,46.1,47.8,48.4,13.1,0.2,75.8,18.2,21.9,79.6,,,OBAnorm,,LD831_01996v2.403,,,,0,0
GLBALSTL,2024-05-24 01:00:22.000,23.1,29.9,32.4,26.3,30.6,31.7,32.4,31.8,32.1,31.9,29.0,28.7,32.1,34.1,33.8,35.5,37.7,39.5,38.7,38.0,36.4,35.2,33.8,31.0,28.4,25.8,22.5,19.6,15.3,11.3,7.1,3.4,1.4,45.9,47.9,48.5,13.1,0.2,75.8,18.2,22.0,79.7,,,OBAnorm,,LD831_01996v2.403,,,,0,0
GLBALSTL,2024-05-24 01:00:23.000,27.8,28.1,31.4,30.9,26.8,30.1,30.9,31.7,30.6,32.4,34.2,35.0,35.9,34.7,35.5,38.5,39.0,39.6,39.7,38.8,38.3,36.7,34.7,32.3,29.8,27.1,24.9,21.3,18.3,14.3,10.0,5.2,2.1,47.1,49.0,49.4,13.1,0.2,75.7,18.2,22.0,79.7,,,OBAnorm,,LD831_01996v2.403,,,,0,0
GLBALSTL,2024-05-24 01:00:24.000,24.2,28.6,30.1,30.3,27.7,31.2,34.6,31.5,32.8,33.7,30.6,32.8,37.1,36.7,37.1,36.9,38.6,40.1,39.6,38.9,38.6,36.8,35.4,33.3,29.6,26.8,23.5,20.9,16.4,11.6,7.0,3.7,1.6,47.2,49.3,51.0,13.1,0.2,75.8,18.2,22.0,79.7,,,OBAnorm,,LD831_01996v2.403,,,,0,0
GLBALSTL,2024-05-24 01:00:25.000,26.3,28.4,29.1,29.6,27.8,31.4,32.6,31.9,32.0,32.6,32.1,33.7,36.2,35.6,35.9,37.1,39.1,39.4,39.2,39.2,38.2,37.0,34.8,32.6,29.7,26.4,23.8,20.4,17.1,12.2,7.7,4.3,1.7,47.1,49.1,49.7,13.1,0.2,75.8,18.1,22.0,79.7,,,OBAnorm,,LD831_01996v2.403,,,,0,0
GLBALSTL,2024-05-24 01:00:26.000,26.3,29.3,28.8,28.8,29.7,31.8,31.8,33.9,33.1,32.6,33.9,40.0,38.1,35.8,36.1,38.0,39.9,39.9,39.8,39.1,39.0,37.5,35.9,33.3,30.1,27.6,24.1,20.7,17.7,13.9,9.5,5.2,2.3,47.7,50.0,50.3,13.1,0.2,75.8,18.2,22.0,79.7,,,OBAnorm,,LD831_01996v2.403,,,,0,0
GLBALSTL,2024-05-24 01:00:27.000,25.3,24.8,29.5,30.9,30.5,31.0,31.9,32.9,29.6,31.9,35.5,39.1,37.5,35.6,36.1,37.9,39.6,40.1,40.2,39.1,38.4,37.0,35.4,32.7,29.5,26.4,22.9,20.0,16.3,12.3,8.3,4.4,2.0,47.4,49.6,49.9,13.1,0.2,75.7,18.2,21.9,79.6,,,OBAnorm,,LD831_01996v2.403,,,,0,0
GLBALSTL,2024-05-24 01:00:28.000,25.1,25.9,28.8,29.0,26.5,28.6,34.2,31.2,31.6,31.8,31.0,28.6,29.6,32.7,34.3,36.1,37.7,39.6,38.4,37.9,37.2,36.2,34.5,30.8,28.2,24.5,20.8,18.0,13.9,9.5,5.6,3.1,1.4,46.0,47.7,48.1,13.1,0.2,75.7,18.2,21.9,79.6,,,OBAnorm,,LD831_01996v2.403,,,,0,0
GLBALSTL,2024-05-24 01:00:29.000,28.3,28.4,27.9,29.3,27.8,29.4,32.9,32.5,30.2,32.7,30.4,31.9,32.6,32.6,35.6,35.5,37.7,38.7,38.1,37.8,36.9,35.6,33.7,30.9,28.3,24.8,21.0,18.6,14.1,9.6,6.3,3.3,1.5,45.8,47.8,48.3,13.1,0.2,75.8,18.2,21.9,79.6,,,OBAnorm,,LD831_01996v2.403,,,,0,0
GLBALSTL,2024-05-24 01:00:30.000,24.4,29.2,31.0,26.4,28.6,31.9,31.0,32.2,29.9,30.9,30.8,28.3,32.1,34.0,36.8,39.2,39.7,40.2,39.0,38.5,38.2,37.0,35.3,32.6,30.1,27.3,23.9,21.2,17.3,11.3,7.5,4.0,1.5,47.2,49.2,49.6,13.1,0.2,75.8,18.2,21.9,79.6,,,OBAnorm,,LD831_01996v2.403,,,,0,0
GLBALSTL,2024-05-24 01:00:31.000,24.0,26.8,28.3,27.7,28.1,33.2,33.5,30.8,30.5,34.1,36.6,37.5,34.8,34.8,36.8,36.8,38.3,38.7,38.6,38.0,37.4,35.7,34.1,31.7,29.6,26.1,22.7,19.5,16.0,12.3,8.2,4.6,1.8,46.3,48.7,49.3,13.1,0.2,75.8,18.2,21.9,79.6,,,OBAnorm,,LD831_01996v2.403,,,,0,0
GLBALSTL,2024-05-24 01:00:32.000,26.7,29.0,29.6,28.0,26.5,29.8,30.2,31.9,30.3,32.0,31.6,31.1,31.5,33.3,34.4,36.8,37.7,37.8,38.6,38.4,37.5,36.1,33.6,31.2,28.7,25.4,22.2,19.5,15.7,11.3,6.7,3.5,1.4,46.1,47.8,48.4,13.1,0.2,75.7,18.2,21.9,79.6,,,OBAnorm,,LD831_01996v2.403,,,,0,0
GLBALSTL,2024-05-24 01:00:33.000,23.9,31.6,28.7,28.7,28.8,30.0,30.9,32.9,31.3,30.9,31.8,30.7,29.4,33.5,35.0,35.9,37.1,38.2,39.0,38.2,37.3,35.7,33.7,30.9,28.5,24.6,22.2,19.4,16.3,10.7,6.5,3.5,1.3,45.9,47.6,48.1,13.1,0.1,75.8,18.2,21.9,79.6,,,OBAnorm,,LD831_01996v2.403,,,,0,0
GLBALSTL,2024-05-24 01:00:34.000,28.5,31.9,24.7,22.9,26.2,32.8,32.5,32.2,32.2,30.9,32.1,27.9,31.3,33.6,34.7,36.6,38.7,39.7,39.2,39.0,37.5,35.7,34.2,31.3,28.1,24.7,21.2,17.8,13.2,9.0,5.5,3.3,1.1,46.5,48.3,48.8,13.1,0.1,75.8,18.2,21.8,79.6,,,OBAnorm,,LD831_01996v2.403,,,,0,0
GLBALSTL,2024-05-24 01:00:35.000,24.6,25.3,25.7,27.5,30.8,30.1,30.0,28.9,30.1,29.2,29.6,27.7,30.3,34.3,35.1,36.3,36.7,38.2,38.2,38.0,36.6,35.5,32.9,29.8,27.0,24.0,21.4,18.4,14.4,10.4,6.7,3.5,1.7,45.4,47.3,47.9,13.1,0.1,75.8,18.2,21.8,79.6,,,OBAnorm,,LD831_01996v2.403,,,,0,0
GLBALSTL,2024-05-24 01:00:36.000,27.9,28.4,30.5,30.8,27.4,32.6,31.8,29.3,28.7,31.6,29.6,27.1,29.6,34.3,35.4,37.9,38.9,38.9,39.9,39.5,37.8,36.7,35.4,31.9,29.5,26.0,22.4,19.1,14.9,9.8,6.3,3.3,1.4,47.0,48.5,48.9,13.1,0.1,75.8,18.2,21.9,79.6,,,OBAnorm,,LD831_01996v2.403,,,,0,0
GLBALSTL,2024-05-24 01:00:37.000,24.3,26.6,29.9,28.2,27.6,31.2,31.0,31.3,29.4,29.5,27.6,29.5,30.8,32.8,35.5,37.6,39.6,40.9,40.1,40.0,38.5,36.8,35.1,32.3,29.5,26.0,23.1,20.1,15.6,10.1,5.6,3.0,1.1,47.5,49.1,49.4,13.1,0.1,75.8,18.2,21.9,79.6,,,OBAnorm,,LD831_01996v2.403,,,,0,0
GLBALSTL,2024-05-24 01:00:38.000,26.9,24.5,30.6,29.1,26.8,29.3,33.2,30.8,29.1,32.2,30.4,28.4,32.5,35.6,36.7,39.7,41.6,41.7,41.2,40.8,40.2,38.4,36.1,33.3,30.1,27.1,23.8,20.4,16.2,10.9,6.9,3.4,1.5,48.8,50.2,50.4,13.1,0.2,75.8,18.2,21.9,79.6,,,OBAnorm,,LD831_01996v2.403,,,,0,0
GLBALSTL,2024-05-24 01:00:39.000,24.8,27.2,26.5,27.8,29.4,29.3,30.0,30.0,28.5,30.3,28.3,28.0,32.8,33.8,35.0,36.2,37.5,39.2,39.5,38.8,37.4,36.2,34.3,31.0,27.8,24.7,22.0,18.9,14.6,9.5,6.0,3.3,1.3,46.3,47.9,48.6,13.1,0.2,75.7,18.4,21.9,79.6,,,OBAnorm,,LD831_01996v2.403,,,,0,0
GLBALSTL,2024-05-24 01:00:40.000,26.5,21.9,26.2,24.0,25.7,30.0,32.8,30.9,30.6,30.1,27.8,26.5,31.1,33.9,35.2,38.1,38.7,39.9,40.0,39.3,38.1,36.4,35.0,33.2,30.1,27.2,24.3,22.3,19.4,13.3,9.3,4.6,2.0,47.3,48.7,49.0,13.1,0.2,75.7,18.2,21.9,79.6,,,OBAnorm,,LD831_01996v2.403,,,,0,0
GLBALSTL,2024-05-24 01:00:41.000,29.5,26.8,30.4,25.4,27.7,31.0,31.3,32.4,29.7,30.1,28.0,27.9,31.0,34.5,34.5,35.9,37.4,39.5,38.6,38.7,38.9,36.2,34.7,32.8,29.8,26.7,23.6,21.0,16.7,11.1,6.7,3.5,1.5,46.7,48.1,48.5,13.1,0.3,75.7,18.2,21.9,79.6,,,OBAnorm,,LD831_01996v2.403,,,,0,0
GLBALSTL,2024-05-24 01:00:42.000,28.4,26.2,27.6,28.0,28.7,30.5,32.9,30.3,30.0,30.3,30.3,33.3,35.4,35.1,35.5,36.4,38.3,40.1,39.8,39.7,39.0,37.1,35.4,33.1,30.2,27.4,24.6,21.8,17.4,12.4,8.6,4.9,1.8,47.4,49.0,49.5,13.1,0.3,75.7,18.2,21.9,79.6,,,OBAnorm,,LD831_01996v2.403,,,,0,0
GLBALSTL,2024-05-24 01:00:43.000,25.3,26.3,29.9,28.2,29.2,30.6,30.5,31.6,30.0,30.2,40.8,40.2,35.7,34.8,35.9,36.8,37.5,38.8,39.0,38.4,37.8,35.8,33.7,31.4,28.8,25.3,23.2,20.5,16.1,11.2,7.0,3.7,1.6,46.4,49.1,49.4,13.1,0.3,75.8,18.2,21.9,79.6,,,OBAnorm,,LD831_01996v2.403,,,,0,0
GLBALSTL,2024-05-24 01:00:44.000,25.7,28.4,31.0,26.4,29.3,29.1,27.3,30.4,30.3,30.7,28.3,29.9,33.8,34.6,33.9,36.3,37.3,37.7,38.1,37.9,37.5,35.5,34.3,31.5,28.6,25.7,22.7,19.3,15.8,11.8,7.4,4.0,1.5,46.0,47.7,48.1,13.1,0.3,75.8,18.2,21.9,79.6,,,OBAnorm,,LD831_01996v2.403,,,,0,0
GLBALSTL,2024-05-24 01:00:45.000,22.5,30.4,27.2,29.7,30.2,28.9,28.9,30.9,31.2,30.2,31.7,39.6,38.3,36.1,37.7,36.4,38.4,39.5,39.6,38.4,38.0,36.5,35.2,31.8,29.3,26.9,23.9,21.7,17.7,12.6,8.5,4.6,1.9,47.0,49.4,49.7,13.1,0.4,75.8,18.1,21.9,79.6,,,OBAnorm,,LD831_01996v2.403,,,,0,0
GLBALSTL,2024-05-24 01:00:46.000,26.6,25.8,27.7,24.3,29.7,29.1,29.7,30.6,30.7,29.2,27.2,28.6,33.1,35.0,35.7,36.8,38.3,39.6,38.5,38.4,37.5,36.4,34.8,32.0,29.2,26.4,23.4,20.4,16.9,13.1,8.8,4.7,2.0,46.5,48.0,48.4,13.1,0.4,75.8,18.1,21.9,79.6,,,OBAnorm,,LD831_01996v2.403,,,,0,0
GLBALSTL,2024-05-24 01:00:47.000,22.1,25.6,27.6,29.9,27.3,28.9,31.4,29.5,31.2,28.9,28.0,26.8,31.4,34.6,36.4,39.8,40.0,40.6,41.1,40.4,39.1,38.0,36.2,32.6,29.8,27.0,23.4,19.5,15.0,10.8,6.6,3.8,1.7,48.2,49.6,50.1,13.1,0.5,75.8,18.2,21.9,79.6,,,OBAnorm,,LD831_01996v2.403,,,,0,0
GLBALSTL,2024-05-24 01:00:48.000,25.9,31.3,31.2,31.7,30.3,30.4,31.6,30.6,28.4,28.7,27.8,28.9,35.3,32.8,34.4,36.4,37.8,39.6,39.3,38.4,37.9,36.0,34.1,31.5,28.7,26.1,22.8,19.5,15.3,9.9,5.9,3.3,1.5,46.5,48.2,48.9,13.1,0.5,75.8,18.2,21.9,79.1,,,OBAnorm,,LD831_01996v2.403,,,,0,0
GLBALSTL,2024-05-24 01:00:49.000,22.7,25.8,30.3,25.8,30.8,31.0,32.7,30.1,30.3,28.4,28.6,30.3,32.4,35.1,35.7,37.9,39.5,39.9,40.4,39.3,38.4,37.1,35.1,32.4,29.6,26.6,23.4,20.9,15.9,11.0,6.4,3.5,1.5,47.4,48.9,49.3,13.1,0.5,75.8,18.2,21.9,79.6,,,OBAnorm,,LD831_01996v2.403,,,,0,0
GLBALSTL,2024-05-24 01:00:50.000,25.5,26.0,30.0,29.8,28.1,29.6,29.8,31.1,30.1,31.4,29.1,28.8,29.6,32.8,34.6,36.9,37.8,39.2,39.3,39.2,37.8,36.4,34.4,32.1,29.4,26.1,23.3,20.6,16.5,11.3,7.0,3.8,1.4,46.8,48.3,48.8,13.1,0.5,75.8,18.2,21.9,79.6,,,OBAnorm,,LD831_01996v2.403,,,,0,0
GLBALSTL,2024-05-24 01:00:51.000,27.2,25.2,32.9,27.8,26.8,29.1,29.5,31.2,29.8,32.6,29.8,28.4,32.2,35.3,36.0,38.7,40.1,40.8,40.5,39.4,38.4,37.1,35.4,32.5,29.0,25.8,22.7,19.2,15.0,9.8,5.6,3.3,1.3,47.5,49.1,49.4,13.1,0.4,75.7,18.2,21.8,79.6,,,OBAnorm,,LD831_01996v2.403,,,,0,0
GLBALSTL,2024-05-24 01:00:52.000,27.3,25.4,32.8,26.7,29.0,29.8,31.5,30.2,30.1,29.6,30.6,25.6,31.6,32.4,33.7,35.9,36.2,37.5,38.3,37.3,36.7,35.6,34.0,31.3,28.5,26.1,22.7,19.6,16.0,12.5,7.9,4.1,1.6,45.5,47.1,47.7,13.1,0.4,75.8,18.1,21.8,79.6,,,OBAnorm,,LD831_01996v2.403,,,,0,0
GLBALSTL,2024-05-24 01:00:53.000,27.7,24.2,28.0,27.1,29.7,30.3,31.0,30.3,31.7,29.8,29.0,27.1,31.7,34.8,35.0,36.5,37.2,39.0,39.5,38.5,37.8,35.9,33.9,31.2,28.1,25.3,22.1,18.9,14.4,9.4,5.8,3.3,1.3,46.3,47.9,48.6,13.1,0.5,75.8,18.2,21.8,79.6,,,OBAnorm,,LD831_01996v2.403,,,,0,0
GLBALSTL,2024-05-24 01:00:54.000,24.5,24.3,32.2,28.4,28.4,28.9,32.8,31.5,30.7,32.5,30.4,30.8,31.5,34.4,33.1,36.9,38.0,38.9,38.9,38.3,37.1,35.5,34.2,31.7,28.6,25.8,22.6,20.3,16.8,12.0,7.6,4.2,1.7,46.2,47.9,49.2,13.1,0.6,75.7,18.2,21.8,79.6,,,OBAnorm,,LD831_01996v2.403,,,,0,0
GLBALSTL,2024-05-24 01:00:55.000,26.1,26.2,27.5,31.7,28.6,32.6,29.1,30.1,28.8,29.7,28.8,28.7,31.0,33.9,35.0,37.5,38.4,39.9,39.2,39.2,37.9,36.6,34.6,32.1,29.4,26.5,22.9,19.3,15.2,10.1,6.2,3.3,1.4,47.0,48.5,49.2,13.1,0.8,75.7,18.2,21.8,79.6,,,OBAnorm,,LD831_01996v2.403,,,,0,0
GLBALSTL,2024-05-24 01:00:56.000,28.6,28.6,29.3,27.7,31.9,32.3,32.1,31.0,29.0,29.3,29.8,32.8,33.9,33.1,36.0,38.2,38.6,39.2,39.6,39.2,38.0,36.3,34.5,31.9,29.8,26.2,23.2,19.7,15.6,11.1,6.9,4.0,1.5,46.9,48.7,49.2,13.1,0.8,75.8,18.2,21.8,79.6,,,OBAnorm,,LD831_01996v2.403,,,,0,0
GLBALSTL,2024-05-24 01:00:57.000,23.5,26.8,30.3,29.0,29.6,28.7,29.4,30.7,31.7,30.7,32.1,34.9,35.0,36.9,37.3,39.1,40.2,41.0,40.9,40.9,38.8,37.5,36.0,33.2,30.0,27.3,24.0,20.8,17.0,12.8,8.0,4.4,1.6,48.3,50.1,52.5,13.1,0.9,75.8,18.1,21.9,79.6,,,OBAnorm,,LD831_01996v2.403,,,,0,0
GLBALSTL,2024-05-24 01:00:58.000,27.2,28.2,30.2,28.0,30.3,29.0,30.3,32.1,29.9,32.2,33.4,30.7,34.0,34.2,35.2,37.6,39.0,39.4,40.4,38.9,38.4,36.4,34.6,32.0,29.6,26.5,22.8,20.2,15.7,10.7,6.5,3.8,1.4,47.1,48.8,52.3,13.1,1.1,75.8,18.2,21.9,79.6,,,OBAnorm,,LD831_01996v2.403,,,,0,0
GLBALSTL,2024-05-24 01:00:59.000,25.3,22.9,30.3,30.4,30.0,32.2,30.4,30.8,30.5,31.8,31.7,34.8,37.3,37.3,38.3,39.0,39.5,39.8,39.7,39.8,39.2,38.2,36.3,33.9,30.9,28.6,26.9,23.6,21.3,16.8,12.3,7.1,3.1,48.0,50.0,51.8,13.1,1.3,75.7,18.2,21.9,79.6,,,OBAnorm,,LD831_01996v2.403,,,,0,0
GLBALSTL,2024-05-24 01:01:00.000,29.0,25.3,24.0,29.3,29.4,30.5,31.6,30.1,30.4,33.9,31.4,29.7,31.7,33.5,35.1,37.1,38.2,39.3,38.5,38.9,38.4,36.3,35.1,32.4,29.2,25.7,23.3,19.9,16.2,11.8,7.7,3.9,1.7,46.5,48.1,50.9,13.1,1.3,75.7,18.4,21.9,79.6,,,OBAnorm,,LD831_01996v2.403,,,,0,0
GLBALSTL,2024-05-24 01:01:01.000,26.2,27.2,27.3,28.2,30.7,29.4,29.1,29.2,30.5,32.6,31.4,32.1,33.6,36.0,36.0,39.3,41.8,41.2,41.0,40.9,39.7,38.2,36.5,33.9,31.0,28.0,24.9,21.3,17.2,12.6,8.0,4.6,1.8,48.8,50.3,51.7,13.1,1.3,75.7,18.2,22.0,79.7,,,OBAnorm,,LD831_01996v2.403,,,,0,0
GLBALSTL,2024-05-24 01:01:02.000,24.7,25.4,30.0,30.3,25.2,31.2,31.3,30.3,31.1,32.1,30.2,29.1,31.6,34.1,34.1,37.2,38.9,40.4,39.2,39.2,38.5,36.8,35.1,32.3,29.6,27.0,23.9,21.0,17.6,13.2,8.7,4.6,1.8,47.1,48.6,49.5,13.1,1.3,75.7,18.2,22.0,79.7,,,OBAnorm,,LD831_01996v2.403,,,,0,0
GLBALSTL,2024-05-24 01:01:03.000,29.8,28.0,27.8,31.6,30.4,31.0,33.0,31.1,31.0,32.2,32.2,29.6,33.8,34.9,35.1,36.5,38.3,39.9,39.4,39.1,38.3,36.4,34.7,31.1,28.8,26.1,22.5,19.3,16.0,11.7,7.4,4.2,1.8,46.9,48.7,52.6,13.1,1.2,75.8,18.1,21.9,79.6,,,OBAnorm,,LD831_01996v2.403,,,,0,0
GLBALSTL,2024-05-24 01:01:04.000,20.5,25.7,31.2,32.6,28.6,31.5,30.6,29.3,31.4,31.8,31.9,30.7,32.5,33.8,35.4,36.5,39.1,39.7,40.0,39.0,38.6,36.5,35.2,32.4,29.3,26.2,23.1,20.2,16.1,11.2,7.5,3.9,1.6,47.2,48.7,53.7,13.1,1.2,75.7,18.2,21.9,79.6,,,OBAnorm,,LD831_01996v2.403,,,,0,0
GLBALSTL,2024-05-24 01:01:05.000,21.9,26.6,29.5,30.0,30.2,30.2,30.6,28.8,27.8,31.8,30.5,30.9,30.7,33.6,34.6,36.3,38.0,38.5,38.9,38.5,37.4,36.2,34.5,31.3,28.5,25.7,22.9,20.5,16.3,11.9,7.5,4.3,1.6,46.3,47.9,54.2,13.1,1.3,75.8,18.2,21.9,79.6,,,OBAnorm,,LD831_01996v2.403,,,,0,0
GLBALSTL,2024-05-24 01:01:06.000,25.7,30.5,28.6,31.2,28.9,30.4,26.8,30.5,30.4,33.1,32.8,32.4,32.9,34.5,33.8,35.2,36.5,37.3,38.4,38.3,37.2,34.8,33.2,30.4,27.6,24.8,21.5,19.7,15.4,10.9,6.7,3.8,1.5,45.6,47.6,55.7,13.1,1.5,75.8,18.2,21.9,79.6,,,OBAnorm,,LD831_01996v2.403,,,,0,0
GLBALSTL,2024-05-24 01:01:07.000,28.7,26.2,28.5,30.8,31.0,31.1,31.0,27.9,29.9,31.9,33.2,30.5,33.0,35.1,34.2,35.9,38.4,38.4,37.4,37.9,37.1,35.6,33.6,31.7,28.6,25.4,22.8,20.0,16.4,13.0,8.8,4.8,2.1,45.8,47.6,52.0,13.1,1.6,75.8,18.2,21.9,79.6,,,OBAnorm,,LD831_01996v2.403,,,,0,0
GLBALSTL,2024-05-24 01:01:08.000,29.6,28.1,29.7,26.9,27.5,29.5,29.2,29.1,29.7,33.2,30.8,27.3,29.7,33.4,35.5,36.1,37.6,38.5,39.2,38.8,37.7,35.8,34.3,32.1,29.0,26.4,23.3,20.6,16.5,11.6,7.4,4.0,1.6,46.3,47.9,49.4,13.1,1.7,75.8,18.1,21.9,79.6,,,OBAnorm,,LD831_01996v2.403,,,,0,0
GLBALSTL,2024-05-24 01:01:09.000,24.9,28.8,29.4,28.3,29.6,32.9,31.3,30.3,31.7,31.5,35.2,36.0,33.0,35.7,34.8,36.4,37.1,39.4,39.2,38.9,37.3,36.0,34.6,31.9,28.9,26.7,23.7,20.7,17.0,12.7,9.3,4.7,2.1,46.5,48.6,50.1,13.1,1.7,75.8,18.2,21.9,79.6,,,OBAnorm,,LD831_01996v2.403,,,,0,0
GLBALSTL,2024-05-24 01:01:10.000,26.7,31.0,30.2,32.0,30.8,33.1,32.6,31.2,29.9,33.6,31.5,30.4,33.0,35.0,34.9,35.7,37.3,39.0,38.8,37.8,37.4,35.7,34.4,31.7,28.6,25.7,22.7,20.1,17.0,13.2,9.0,5.0,2.4,46.1,47.9,52.5,13.1,1.7,75.8,18.1,21.9,80.2,,,OBAnorm,,LD831_01996v2.403,,,,0,0
GLBALSTL,2024-05-24 01:01:11.000,28.0,25.5,28.6,26.0,30.2,31.8,30.0,30.8,29.3,33.2,30.1,28.2,33.6,33.9,35.1,36.1,37.5,38.3,37.6,38.0,37.0,35.5,33.8,31.2,28.3,25.7,22.7,19.8,15.3,10.2,6.6,3.6,1.4,45.7,47.6,54.6,13.1,1.8,75.8,18.2,21.9,80.2,,,OBAnorm,,LD831_01996v2.403,,,,0,0
GLBALSTL,2024-05-24 01:01:12.000,23.1,27.4,27.3,29.5,31.5,31.7,30.4,29.1,31.0,34.4,34.1,35.8,37.3,37.1,34.6,37.0,37.9,39.8,39.5,38.5,37.7,35.8,33.9,31.2,29.0,26.1,23.1,20.1,16.1,12.6,7.6,4.1,1.8,46.6,49.1,51.9,13.1,1.7,75.8,18.2,21.9,80.2,,,OBAnorm,,LD831_01996v2.403,,,,0,0
GLBALSTL,2024-05-24 01:01:13.000,32.0,29.4,26.6,30.3,28.5,29.6,30.4,29.7,31.7,35.1,35.1,34.3,35.1,34.3,35.0,37.0,38.5,39.1,39.6,38.0,37.0,35.5,34.0,31.4,28.5,26.1,23.3,20.2,17.2,12.5,8.1,4.5,1.7,46.4,48.5,50.5,13.1,1.7,75.8,18.1,21.9,80.2,,,OBAnorm,,LD831_01996v2.403,,,,0,0
GLBALSTL,2024-05-24 01:01:14.000,26.4,23.9,30.6,30.9,27.2,30.3,30.2,29.2,28.1,31.3,34.7,33.6,35.2,34.3,35.6,37.4,39.6,39.8,39.6,39.3,37.9,36.4,34.7,32.0,29.3,26.4,23.3,19.9,16.1,11.6,7.1,3.9,1.5,46.9,48.6,55.1,13.1,1.9,75.6,18.2,21.9,80.2,,,OBAnorm,,LD831_01996v2.403,,,,0,0
GLBALSTL,2024-05-24 01:01:15.000,27.3,27.1,26.1,30.8,26.5,27.1,29.9,30.6,31.4,32.0,30.5,30.0,31.0,33.3,34.5,37.4,38.5,39.0,39.9,38.5,38.2,36.2,34.5,32.0,29.2,25.7,22.3,18.8,15.1,11.0,6.8,4.1,1.6,46.8,48.4,53.2,13.1,2.0,75.6,18.2,21.9,80.2,,,OBAnorm,,LD831_01996v2.403,,,,0,0
GLBALSTL,2024-05-24 01:01:16.000,29.5,28.8,26.5,28.4,27.9,29.0,30.8,30.0,31.4,32.5,33.0,33.8,34.7,34.4,33.6,37.1,37.0,38.6,37.9,38.1,36.8,35.6,33.6,30.7,28.1,24.9,22.3,19.6,15.9,12.9,8.3,4.1,2.0,45.7,47.9,53.0,13.1,2.0,75.7,18.2,21.6,79.0,,,OBAnorm,,LD831_01996v2.403,,,,0,0
GLBALSTL,2024-05-24 01:01:17.000,30.5,23.9,31.3,29.5,29.2,30.1,28.9,30.2,30.3,33.5,33.0,33.9,33.9,33.7,36.0,37.0,38.0,37.2,38.2,37.7,36.6,35.3,33.6,31.5,28.0,25.8,23.1,20.7,16.9,11.2,7.1,3.8,1.5,45.8,47.8,49.9,13.1,1.9,75.7,18.2,21.6,79.0,,,OBAnorm,,LD831_01996v2.403,,,,0,0
GLBALSTL,2024-05-24 01:01:18.000,29.6,28.9,27.8,28.9,30.4,28.1,32.0,29.8,31.2,32.4,39.7,37.1,35.6,35.8,34.7,36.3,37.4,38.4,38.4,38.0,37.4,35.2,33.6,31.3,28.2,25.0,22.0,18.8,14.4,9.7,6.3,3.6,1.4,46.1,48.8,49.3,13.1,2.0,75.7,18.2,21.9,80.2,,,OBAnorm,,LD831_01996v2.403,,,,0,0
GLBALSTL,2024-05-24 01:01:19.000,28.5,27.1,28.0,31.4,29.4,30.4,31.0,32.1,31.7,32.7,30.7,28.9,32.7,33.0,35.4,36.8,38.7,39.7,40.4,39.1,38.0,36.8,34.7,32.4,29.8,27.1,24.1,21.5,17.6,13.5,9.5,5.1,2.0,47.0,48.7,49.2,13.1,2.0,75.7,18.2,22.0,80.2,,,OBAnorm,,LD831_01996v2.403,,,,0,0
GLBALSTL,2024-05-24 01:01:20.000,26.8,28.9,28.9,28.3,28.4,29.7,31.7,31.9,30.7,37.0,36.4,36.8,38.1,37.6,36.8,37.6,39.5,39.1,39.3,38.8,38.1,36.7,35.1,32.2,30.4,27.6,25.0,22.1,18.3,14.8,10.1,6.3,2.4,47.1,49.7,52.4,13.1,1.9,75.6,18.2,21.9,80.2,,,OBAnorm,,LD831_01996v2.403,,,,0,0
GLBALSTL,2024-05-24 01:01:21.000,25.0,23.8,27.9,26.4,26.8,31.0,31.0,31.3,30.8,33.2,31.6,34.7,35.4,36.3,35.5,38.0,38.0,38.9,38.6,38.3,37.6,36.2,34.8,31.7,29.1,26.4,23.7,21.4,18.6,14.2,8.4,4.5,1.7,46.4,48.3,50.8,13.1,1.8,75.6,18.2,19.4,72.9,,,OBAnorm,,LD831_01996v2.403,,,,0,0
GLBALSTL,2024-05-24 01:01:22.000,25.7,25.1,31.2,29.1,27.1,30.9,31.3,33.0,29.3,33.5,33.2,34.1,35.4,35.2,34.1,35.6,37.1,38.2,38.3,37.3,36.5,35.7,34.2,31.5,29.1,26.4,23.9,20.4,16.9,12.9,8.2,4.4,1.8,45.8,47.9,51.4,13.1,1.8,75.7,18.2,19.4,72.3,,,OBAnorm,,LD831_01996v2.403,,,,0,0
GLBALSTL,2024-05-24 01:01:23.000,28.2,29.9,31.0,30.8,27.8,29.7,30.0,31.1,28.3,33.0,31.1,28.8,30.0,33.0,35.7,37.1,38.5,39.5,39.5,38.9,38.3,36.7,34.5,32.0,29.1,25.9,23.1,20.7,16.3,11.1,6.5,3.6,1.6,46.8,48.4,61.1,13.1,1.9,75.6,18.2,22.0,79.7,,,OBAnorm,,LD831_01996v2.403,,,,0,0
GLBALSTL,2024-05-24 01:01:24.000,26.7,26.7,30.3,25.9,28.3,28.7,31.9,31.8,30.0,34.2,32.7,32.1,33.7,34.3,35.6,36.7,37.5,38.0,38.8,38.1,36.8,35.1,33.5,31.1,29.0,26.1,23.1,20.3,16.3,12.3,7.2,3.9,1.6,45.9,48.2,60.4,13.1,2.0,75.6,18.2,22.0,79.7,,,OBAnorm,,LD831_01996v2.403,,,,0,0
GLBALSTL,2024-05-24 01:01:25.000,27.6,27.5,31.1,28.8,28.9,29.7,32.4,29.5,29.1,31.9,31.8,27.9,31.2,32.7,33.8,35.9,37.0,38.3,38.3,38.0,36.8,35.0,33.8,31.8,28.7,25.8,22.2,19.3,16.1,11.5,7.6,4.4,1.7,45.8,47.4,51.8,13.1,2.0,75.6,18.2,21.9,79.6,,,OBAnorm,,LD831_01996v2.403,,,,0,0
GLBALSTL,2024-05-24 01:01:26.000,36.6,34.8,30.4,31.1,32.0,30.4,29.4,30.4,27.9,31.6,30.0,32.3,33.3,34.3,34.5,35.8,37.0,38.3,38.7,38.1,37.5,36.2,33.9,31.6,29.0,26.8,23.7,21.8,16.8,11.9,7.6,4.2,1.7,46.2,48.1,49.9,13.1,1.9,75.7,18.2,21.9,80.2,,,OBAnorm,,LD831_01996v2.403,,,,0,0
GLBALSTL,2024-05-24 01:01:27.000,34.5,29.8,32.2,31.9,30.0,29.5,30.1,30.7,28.8,31.4,31.9,33.8,33.8,34.6,35.3,36.6,38.4,38.6,39.1,39.3,37.6,35.9,33.9,31.8,28.7,25.6,22.3,19.8,15.6,10.8,6.7,3.8,1.5,46.5,48.1,51.1,13.1,1.9,75.7,18.2,22.0,80.2,,,OBAnorm,,LD831_01996v2.403,,,,0,0
GLBALSTL,2024-05-24 01:01:28.000,26.5,29.8,33.5,27.1,27.0,29.1,30.1,31.2,29.7,32.3,31.5,29.5,32.1,33.0,34.0,36.3,38.0,38.9,39.6,37.8,37.8,36.3,34.0,31.6,28.5,25.7,22.6,20.0,16.2,12.3,7.8,3.9,1.7,46.3,48.0,55.0,13.1,1.8,75.7,18.2,22.0,80.2,,,OBAnorm,,LD831_01996v2.403,,,,0,0
GLBALSTL,2024-05-24 01:01:29.000,28.4,28.3,30.3,28.0,29.2,31.3,29.5,28.6,30.2,31.8,31.7,29.6,31.7,33.9,33.6,35.7,36.8,38.3,38.3,37.6,36.3,34.9,33.3,30.7,27.6,25.2,21.7,19.7,15.9,11.3,7.4,4.4,2.0,45.5,48.0,65.9,13.1,1.7,75.7,18.2,21.9,80.2,,,OBAnorm,,LD831_01996v2.403,,,,0,0
GLBALSTL,2024-05-24 01:01:30.000,24.5,29.8,29.4,33.4,30.3,30.3,30.7,31.8,29.5,32.8,30.2,29.7,32.2,32.1,34.9,36.7,38.2,38.5,38.6,37.2,36.9,35.6,33.6,30.6,27.4,24.3,21.0,18.3,14.6,9.9,6.9,3.6,1.5,45.6,48.1,59.3,13.1,1.6,75.7,18.2,21.9,80.2,,,OBAnorm,,LD831_01996v2.403,,,,0,0
GLBALSTL,2024-05-24 01:01:31.000,29.8,30.8,38.3,38.6,31.4,29.1,31.3,31.8,31.9,32.4,31.2,33.9,35.8,34.8,34.0,36.5,37.5,37.8,38.9,38.0,36.6,35.4,33.7,30.9,28.5,25.3,22.8,19.9,16.2,11.6,8.0,4.4,1.6,45.8,47.8,57.6,13.1,1.6,75.3,18.2,21.8,80.2,,,OBAnorm,,LD831_01996v2.403,,,,0,0
GLBALSTL,2024-05-24 01:01:32.000,38.8,40.1,31.7,31.9,28.0,29.1,29.9,30.6,31.4,32.5,28.9,27.7,31.4,32.7,34.6,36.0,37.8,38.3,38.7,38.2,37.6,36.4,33.6,32.2,28.8,25.6,22.2,18.6,14.9,10.8,6.2,3.3,1.4,46.2,47.8,51.9,13.1,1.6,75.3,18.2,21.9,80.2,,,OBAnorm,,LD831_01996v2.403,,,,0,0
GLBALSTL,2024-05-24 01:01:33.000,36.1,32.1,31.4,31.3,29.2,29.7,32.7,28.5,29.3,30.6,29.0,26.9,29.5,32.9,34.6,36.2,36.2,37.6,37.8,37.5,36.8,35.4,33.2,30.3,27.4,24.7,22.5,19.4,14.4,10.0,5.9,3.2,1.3,45.3,46.9,53.9,13.1,1.6,75.7,18.2,21.9,80.2,,,OBAnorm,,LD831_01996v2.403,,,,0,0
GLBALSTL,2024-05-24 01:01:34.000,31.6,29.5,28.3,27.1,30.2,30.2,32.1,31.7,28.7,31.3,28.8,26.8,30.1,33.5,34.7,36.5,38.1,39.0,38.9,38.3,37.5,36.7,34.3,31.8,28.6,25.2,21.9,18.6,15.0,10.4,6.4,3.8,1.5,46.4,48.0,54.2,13.1,1.5,75.7,18.2,21.9,80.2,,,OBAnorm,,LD831_01996v2.403,,,,0,0
GLBALSTL,2024-05-24 01:01:35.000,29.5,29.1,27.1,29.7,29.9,30.4,30.1,30.9,31.3,30.6,28.7,29.0,31.4,32.3,32.9,35.7,37.9,38.8,37.4,37.6,37.2,35.8,34.0,31.5,27.9,25.3,22.4,20.1,17.2,14.0,8.6,4.9,2.1,45.8,47.4,52.9,13.1,1.5,75.7,18.1,20.5,74.2,,,OBAnorm,,LD831_01996v2.403,,,,0,0
GLBALSTL,2024-05-24 01:01:36.000,29.5,29.5,30.2,28.5,30.1,25.6,29.0,31.3,28.5,30.3,32.2,32.0,34.4,33.7,35.2,36.2,37.2,37.7,38.4,37.9,36.2,35.0,33.5,31.1,28.0,25.3,22.6,19.5,15.9,12.3,7.8,4.0,1.6,45.7,47.9,53.9,13.1,1.4,75.7,18.2,20.5,74.2,,,OBAnorm,,LD831_01996v2.403,,,,0,0
GLBALSTL,2024-05-24 01:01:37.000,27.5,30.8,29.7,30.4,29.3,30.8,32.4,30.8,31.0,31.0,30.5,32.9,36.7,36.1,35.9,37.4,38.4,39.3,39.9,38.4,37.5,36.5,35.4,32.0,29.7,27.0,24.7,20.9,18.8,14.1,9.6,6.0,3.2,46.8,48.9,62.2,13.1,1.3,75.7,18.1,21.9,80.2,,,OBAnorm,,LD831_01996v2.403,,,,0,0
GLBALSTL,2024-05-24 01:01:38.000,24.7,27.6,32.0,34.6,30.8,28.8,32.1,32.0,30.1,31.0,28.9,30.1,33.0,33.5,34.3,36.4,37.1,38.3,38.5,38.3,36.8,35.4,34.3,31.5,28.5,25.1,21.9,18.6,15.5,12.2,7.6,4.3,1.7,46.0,47.9,56.9,13.1,1.3,75.7,18.2,21.9,80.2,,,OBAnorm,,LD831_01996v2.403,,,,0,0
GLBALSTL,2024-05-24 01:01:39.000,32.6,33.3,34.5,32.3,29.0,29.2,30.9,32.9,32.9,31.8,29.9,27.2,35.4,34.5,35.5,37.0,38.3,38.8,39.2,38.1,37.2,36.6,33.9,31.3,28.5,25.3,22.2,19.2,14.8,10.8,6.8,3.7,1.6,46.3,48.2,55.1,13.1,1.4,75.7,18.2,21.9,80.2,,,OBAnorm,,LD831_01996v2.403,,,,0,0
GLBALSTL,2024-05-24 01:01:40.000,39.4,38.6,32.4,28.2,28.6,29.6,30.4,28.8,32.4,31.0,29.1,32.0,32.3,33.0,33.5,37.1,37.5,38.6,38.4,38.0,36.8,35.3,33.8,31.0,27.7,25.0,22.4,19.2,15.5,11.8,7.7,4.2,1.8,45.8,47.6,50.1,13.1,1.5,75.7,18.1,17.8,72.0,,,OBAnorm,,LD831_01996v2.403,,,,0,0
GLBALSTL,2024-05-24 01:01:41.000,29.4,29.1,31.2,26.6,25.9,28.4,30.8,31.3,31.9,29.4,28.0,29.3,33.1,35.0,35.3,37.4,38.2,39.1,39.3,39.1,38.5,36.6,35.3,32.3,29.4,26.4,22.8,20.9,17.3,13.0,9.2,4.4,2.0,46.9,48.6,49.4,13.1,1.5,75.7,18.2,17.8,72.0,,,OBAnorm,,LD831_01996v2.403,,,,0,0
GLBALSTL,2024-05-24 01:01:42.000,28.5,29.8,29.6,27.8,26.7,30.4,32.5,31.2,31.3,32.0,31.4,37.9,34.6,36.0,34.4,36.7,37.4,37.7,38.5,37.7,37.1,36.0,34.2,31.6,28.5,25.3,23.1,20.7,17.1,13.2,8.8,4.9,2.0,46.1,48.4,49.1,13.1,1.6,75.7,18.2,21.9,80.2,,,OBAnorm,,LD831_01996v2.403,,,,0,0
GLBALSTL,2024-05-24 01:01:43.000,25.0,29.5,28.7,30.9,30.0,29.4,31.2,31.4,31.8,32.0,29.4,32.3,33.8,33.5,34.8,36.9,37.6,38.7,38.1,37.4,36.5,35.6,33.5,31.1,28.6,25.9,22.8,20.2,16.1,11.4,7.2,3.9,1.4,45.8,47.8,50.1,13.1,1.6,75.7,18.2,21.9,80.2,,,OBAnorm,,LD831_01996v2.403,,,,0,0
GLBALSTL,2024-05-24 01:01:44.000,24.4,27.9,30.7,31.0,28.7,29.4,29.7,31.8,31.4,31.9,30.2,29.5,35.2,33.0,34.8,37.5,37.6,37.9,38.7,37.8,36.5,35.5,33.9,30.7,28.4,25.1,22.1,18.7,14.6,9.6,5.9,3.3,1.3,45.8,47.7,48.4,13.1,1.5,75.7,18.2,21.9,80.2,,,OBAnorm,,LD831_01996v2.403,,,,0,0
GLBALSTL,2024-05-24 01:01:45.000,23.3,29.2,32.6,31.9,28.4,28.9,31.2,31.8,31.9,30.9,30.0,31.6,35.1,36.8,35.1,37.1,38.0,39.0,38.4,38.0,37.4,36.1,33.7,30.8,28.7,25.8,22.8,19.7,15.5,11.6,7.6,4.1,1.8,46.1,48.3,49.3,13.1,1.4,75.7,18.2,21.8,80.2,,,OBAnorm,,LD831_01996v2.403,,,,0,0
GLBALSTL,2024-05-24 01:01:46.000,21.4,32.1,31.7,31.1,26.1,31.4,29.1,32.3,32.0,29.6,30.1,29.1,32.2,33.5,34.1,35.5,37.4,37.3,37.8,37.3,36.2,35.7,33.8,31.3,27.4,24.4,21.2,18.3,14.7,10.2,6.2,3.5,1.5,45.3,47.1,47.9,13.1,1.3,75.7,18.2,21.8,80.2,,,OBAnorm,,LD831_01996v2.403,,,,0,0
GLBALSTL,2024-05-24 01:01:47.000,25.0,29.6,33.3,29.2,28.9,27.6,30.2,30.5,31.3,32.0,38.1,34.7,34.2,35.5,36.9,38.8,38.4,39.3,39.4,38.2,37.9,36.9,34.8,31.7,29.4,26.2,22.7,19.9,15.6,11.1,6.6,3.6,1.4,46.9,49.2,49.6,13.1,1.1,75.7,18.1,21.9,80.2,,,OBAnorm,,LD831_01996v2.403,,,,0,0
GLBALSTL,2024-05-24 01:01:48.000,26.8,31.6,30.7,30.3,29.9,31.0,32.0,32.1,31.6,32.1,32.5,32.8,34.5,33.5,35.4,36.1,38.1,38.4,37.9,37.5,36.7,35.4,33.3,30.0,28.0,24.6,21.1,18.3,14.3,10.1,5.9,3.5,1.3,45.4,47.6,48.1,13.1,1.0,75.6,18.2,21.9,80.2,,,OBAnorm,,LD831_01996v2.403,,,,0,0
GLBALSTL,2024-05-24 01:01:49.000,26.0,31.1,29.8,31.2,29.2,30.6,31.3,31.9,30.9,32.8,29.7,28.7,30.3,33.7,33.6,36.2,36.3,37.3,36.8,37.0,36.0,34.6,32.9,30.9,27.3,25.3,22.1,21.1,17.7,13.0,8.3,4.3,1.7,45.0,47.0,47.7,13.1,0.9,75.7,18.2,21.9,80.2,,,OBAnorm,,LD831_01996v2.403,,,,0,0
GLBALSTL,2024-05-24 01:01:50.000,21.6,28.4,30.8,25.0,32.4,30.6,33.3,31.6,31.4,33.6,30.0,30.9,32.0,34.4,35.0,35.6,37.1,38.2,38.7,39.0,38.4,35.7,34.1,32.3,28.9,26.1,23.3,21.0,16.9,12.0,7.4,4.1,1.5,46.4,48.2,49.8,13.1,0.9,75.7,18.2,21.9,79.6,,,OBAnorm,,LD831_01996v2.403,,,,0,0
GLBALSTL,2024-05-24 01:01:51.000,26.4,27.0,31.6,31.9,34.5,29.7,31.6,30.5,29.0,33.8,32.1,36.4,38.0,36.4,37.2,37.9,38.4,40.0,39.8,39.2,38.4,37.1,35.0,32.3,29.9,26.8,23.1,20.3,16.1,11.9,7.7,4.4,1.6,47.3,49.7,50.2,13.1,0.8,75.7,18.2,21.9,79.6,,,OBAnorm,,LD831_01996v2.403,,,,0,0
GLBALSTL,2024-05-24 01:01:52.000,22.1,33.1,28.3,31.0,27.2,30.6,33.8,31.0,32.0,33.7,37.5,33.6,34.3,35.1,35.9,36.4,38.2,39.6,39.2,39.0,37.9,36.5,34.3,31.1,28.5,25.1,22.3,19.5,14.9,10.8,6.9,3.8,1.6,46.5,48.4,48.7,13.1,0.7,75.7,18.2,21.9,79.6,,,OBAnorm,,LD831_01996v2.403,,,,0,0
GLBALSTL,2024-05-24 01:01:53.000,24.8,27.3,32.5,29.3,26.9,29.9,30.3,31.2,32.0,33.9,29.2,32.2,34.4,35.3,36.3,38.7,39.4,40.9,39.5,39.1,38.8,36.7,34.8,32.0,29.1,26.0,22.6,20.0,16.5,11.7,8.0,4.6,1.9,47.3,49.2,49.7,13.1,0.7,75.6,18.2,21.9,79.6,,,OBAnorm,,LD831_01996v2.403,,,,0,0
GLBALSTL,2024-05-24 01:01:54.000,24.3,27.8,29.8,29.6,29.3,30.6,32.9,31.3,31.3,32.6,31.0,30.7,33.7,34.5,35.5,37.2,38.3,39.4,39.8,40.0,38.7,36.4,35.0,32.3,29.4,26.1,22.7,19.7,15.6,11.0,7.1,3.9,1.5,47.0,48.7,49.4,13.1,0.6,75.7,18.2,21.9,79.6,,,OBAnorm,,LD831_01996v2.403,,,,0,0
GLBALSTL,2024-05-24 01:01:55.000,23.6,29.1,31.3,27.0,26.5,29.7,33.6,30.7,31.2,32.1,31.4,29.3,33.5,34.8,34.9,37.8,37.8,38.4,38.4,38.1,37.7,36.2,34.5,31.3,28.6,25.4,22.4,19.0,15.6,11.6,8.2,4.3,1.8,46.1,47.9,49.4,13.1,0.6,75.7,18.2,21.9,79.6,,,OBAnorm,,LD831_01996v2.403,,,,0,0
GLBALSTL,2024-05-24 01:01:56.000,24.7,28.1,29.0,29.9,28.8,27.5,32.1,28.8,32.4,32.2,29.6,31.8,33.7,34.9,35.4,36.8,37.5,38.5,38.6,38.9,38.3,36.8,35.6,32.3,29.3,26.4,23.6,21.0,17.3,13.0,8.6,4.5,1.9,46.7,48.3,49.6,13.1,0.5,75.7,18.2,21.9,79.6,,,OBAnorm,,LD831_01996v2.403,,,,0,0
GLBALSTL,2024-05-24 01:01:57.000,24.9,29.7,29.9,27.6,27.9,31.3,29.9,31.0,30.8,32.3,31.6,28.6,31.7,34.5,35.6,37.7,37.7,38.6,38.5,38.6,37.7,36.8,34.5,31.4,28.7,25.6,22.0,18.7,15.1,10.7,6.8,3.7,1.4,46.4,48.0,50.4,13.1,0.5,75.7,18.2,21.9,79.6,,,OBAnorm,,LD831_01996v2.403,,,,0,0
GLBALSTL,2024-05-24 01:01:58.000,24.8,29.4,28.7,27.7,25.2,29.4,29.9,31.7,28.3,31.3,37.7,36.6,35.4,37.5,36.2,37.4,39.2,40.1,40.2,40.3,39.8,37.6,36.8,34.3,31.4,28.7,26.8,24.0,20.6,16.0,11.2,6.3,2.8,48.2,50.0,50.6,13.1,0.4,75.6,18.1,21.9,79.6,,,OBAnorm,,LD831_01996v2.403,,,,0,0
GLBALSTL,2024-05-24 01:01:59.000,27.9,29.2,29.5,31.7,31.0,29.0,30.5,32.2,30.9,32.0,29.9,29.6,33.6,34.7,36.2,38.7,39.0,40.2,40.6,40.4,38.9,37.6,36.3,33.2,30.0,26.9,23.6,20.5,16.5,12.3,8.0,4.3,1.8,47.9,49.5,50.0,13.1,0.3,75.7,18.2,21.9,79.6,,,OBAnorm,,LD831_01996v2.403,,,,0,0
GLBALSTL,2024-05-24 01:02:00.000,22.5,27.1,29.8,31.1,30.2,30.2,30.2,30.2,31.0,34.8,34.8,36.9,37.9,37.6,36.0,38.2,39.3,39.0,39.7,39.1,38.0,36.7,34.7,32.3,29.6,27.4,24.0,21.4,18.5,14.5,9.6,5.3,2.3,47.1,49.3,49.8,13.1,0.3,75.7,18.2,21.9,79.6,,,OBAnorm,,LD831_01996v2.403,,,,0,0
GLBALSTL,2024-05-24 01:02:01.000,21.3,27.8,29.7,27.9,29.6,30.1,32.3,30.3,34.2,38.3,46.1,42.4,36.6,36.1,37.0,38.1,38.8,39.6,39.7,40.1,39.0,37.3,35.8,33.1,29.7,27.3,24.8,21.8,17.8,13.5,9.7,5.6,2.2,47.7,51.5,51.9,13.1,0.3,75.7,18.2,21.9,79.6,,,OBAnorm,,LD831_01996v2.403,,,,0,0
GLBALSTL,2024-05-24 01:02:02.000,23.3,23.5,29.7,29.6,26.8,30.8,29.8,31.8,29.9,32.4,32.9,34.3,33.9,35.5,34.6,37.2,39.4,40.0,39.8,38.7,38.4,36.4,34.6,31.8,29.6,26.0,22.5,20.2,16.3,12.0,7.4,4.1,1.7,47.0,48.7,49.6,13.1,0.3,75.7,18.2,21.9,79.6,,,OBAnorm,,LD831_01996v2.403,,,,0,0
GLBALSTL,2024-05-24 01:02:03.000,22.4,24.9,28.7,28.9,29.3,28.9,30.8,29.6,31.9,34.3,33.5,33.8,36.2,35.7,36.5,38.5,38.3,39.4,39.2,38.6,37.8,36.9,35.5,32.2,30.0,26.9,24.4,21.0,18.3,14.6,10.5,5.6,2.6,46.9,49.0,49.7,13.1,0.3,75.7,18.2,21.9,79.6,,,OBAnorm,,LD831_01996v2.403,,,,0,0
GLBALSTL,2024-05-24 01:02:04.000,21.5,29.0,32.1,28.7,29.3,28.1,31.7,35.1,32.5,32.9,31.6,28.2,31.8,33.2,34.7,38.3,38.9,38.9,38.8,38.4,37.7,35.6,34.6,32.6,28.9,26.4,23.5,19.7,16.0,11.0,6.7,3.7,1.6,46.6,48.5,48.8,13.1,0.2,75.7,18.2,21.9,79.6,,,OBAnorm,,LD831_01996v2.403,,,,0,0
GLBALSTL,2024-05-24 01:02:05.000,24.9,27.4,30.2,28.5,27.1,29.8,29.7,30.9,29.8,32.6,30.3,30.1,33.7,36.3,36.0,37.6,38.6,39.6,39.8,38.6,38.1,35.8,34.7,31.6,29.0,25.8,22.9,20.7,16.2,11.3,7.0,3.7,1.5,46.8,48.6,48.9,13.1,0.2,75.7,18.2,21.9,79.6,,,OBAnorm,,LD831_01996v2.403,,,,0,0
GLBALSTL,2024-05-24 01:02:06.000,27.6,25.3,25.7,29.0,28.9,28.9,28.3,32.8,29.3,30.2,31.4,32.5,32.8,35.7,35.7,37.0,38.7,39.9,40.2,38.8,37.9,36.0,34.5,31.4,28.4,24.6,22.1,19.4,14.1,9.4,5.7,3.3,1.4,46.7,48.5,48.9,13.1,0.2,75.7,18.2,21.9,79.6,,,OBAnorm,,LD831_01996v2.403,,,,0,0
GLBALSTL,2024-05-24 01:02:07.000,24.7,25.7,29.9,29.7,25.8,26.3,31.9,31.8,29.2,30.3,28.7,28.1,31.9,32.7,34.1,36.6,38.5,39.8,39.5,39.7,38.0,36.7,34.4,31.9,28.8,25.4,22.4,19.1,15.0,10.5,6.5,3.5,1.5,46.9,48.4,48.8,13.1,0.2,75.7,18.2,21.9,79.6,,,OBAnorm,,LD831_01996v2.403,,,,0,0
GLBALSTL,2024-05-24 01:02:08.000,21.3,26.7,30.0,32.0,28.1,32.0,32.3,30.4,30.2,30.4,29.2,29.2,30.2,31.8,34.2,37.2,36.8,39.0,38.8,38.0,37.5,35.5,34.4,31.5,28.1,24.9,21.2,18.3,13.8,8.9,5.7,3.3,1.2,46.1,47.6,48.0,13.1,0.2,75.7,18.2,21.9,79.6,,,OBAnorm,,LD831_01996v2.403,,,,0,0
GLBALSTL,2024-05-24 01:02:09.000,26.5,25.9,30.4,27.8,30.7,30.7,32.0,31.6,29.9,30.6,30.3,29.5,31.5,32.4,34.9,37.4,37.9,38.6,38.3,38.1,37.3,35.8,34.4,32.1,29.7,25.4,21.6,18.5,14.7,10.1,6.6,3.5,1.3,46.1,47.8,48.2,13.1,0.2,75.7,18.2,21.9,79.6,,,OBAnorm,,LD831_01996v2.403,,,,0,0
GLBALSTL,2024-05-24 01:02:10.000,28.3,28.2,30.6,30.8,29.6,28.7,31.4,31.8,30.7,30.8,28.9,26.4,28.9,32.6,33.7,36.2,37.2,39.3,39.1,38.6,37.7,35.8,34.4,31.7,29.0,25.8,22.3,19.7,15.0,10.9,7.7,3.7,1.3,46.5,47.9,48.4,13.1,0.2,75.7,18.2,21.9,79.6,,,OBAnorm,,LD831_01996v2.403,,,,0,0
GLBALSTL,2024-05-24 01:02:11.000,24.8,28.2,28.0,29.8,30.6,30.5,32.5,30.0,30.0,32.8,28.8,31.3,34.3,33.0,35.4,37.2,37.8,38.4,38.4,38.1,36.7,35.0,33.8,31.2,28.6,25.2,22.0,19.8,15.1,10.7,6.4,3.5,1.3,46.0,48.1,48.4,13.1,0.1,75.7,18.2,21.9,79.6,,,OBAnorm,,LD831_01996v2.403,,,,0,0
GLBALSTL,2024-05-24 01:02:12.000,27.2,27.6,27.0,26.6,28.4,28.4,32.4,32.9,30.8,31.4,31.8,29.9,34.6,35.0,34.9,36.7,38.1,38.3,39.2,38.0,37.7,36.0,34.0,31.5,28.5,25.8,23.1,19.8,16.9,12.3,8.1,4.3,1.8,46.2,47.8,48.3,13.1,0.1,75.7,18.2,21.9,79.6,,,OBAnorm,,LD831_01996v2.403,,,,0,0
GLBALSTL,2024-05-24 01:02:13.000,24.6,24.4,28.7,29.2,26.3,31.1,30.8,31.4,30.4,30.6,30.3,28.8,31.2,32.3,33.8,35.5,36.6,37.3,38.4,37.6,36.3,35.5,34.1,31.1,28.1,25.2,22.0,19.7,15.9,12.1,8.0,4.6,1.7,45.5,47.2,47.9,13.1,0.1,75.7,18.2,21.9,79.6,,,OBAnorm,,LD831_01996v2.403,,,,0,0
GLBALSTL,2024-05-24 01:02:14.000,23.3,27.0,30.8,29.0,28.2,31.1,28.8,30.6,27.6,30.3,29.5,32.6,34.1,34.5,34.5,35.3,37.2,38.6,38.3,38.0,37.2,36.0,34.1,31.5,28.1,25.1,22.8,19.0,16.1,12.1,8.6,4.6,1.9,46.0,47.8,48.2,13.1,0.1,75.7,18.2,21.9,79.6,,,OBAnorm,,LD831_01996v2.403,,,,0,0
GLBALSTL,2024-05-24 01:02:15.000,25.5,24.8,28.1,31.5,29.3,28.9,30.4,29.6,29.1,30.6,29.3,27.2,29.2,33.0,33.0,35.9,36.5,38.4,38.1,38.2,37.2,35.4,33.7,30.7,27.9,24.8,21.8,18.6,13.7,9.0,5.4,3.1,1.3,45.7,47.1,47.7,13.1,0.1,75.7,18.2,21.9,79.6,,,OBAnorm,,LD831_01996v2.403,,,,0,0
GLBALSTL,2024-05-24 01:02:16.000,28.7,28.0,30.7,29.5,27.4,27.6,30.7,31.0,31.5,28.0,27.9,27.9,30.3,31.7,34.1,36.3,37.0,38.1,37.6,37.7,37.0,35.6,33.6,31.2,28.4,25.2,21.9,18.6,15.3,11.0,6.8,3.9,1.6,45.5,47.1,47.6,13.1,0.2,75.7,18.2,21.9,79.6,,,OBAnorm,,LD831_01996v2.403,,,,0,0
GLBALSTL,2024-05-24 01:02:17.000,23.7,21.8,29.2,29.7,28.7,31.9,32.2,28.5,28.5,31.5,33.0,31.1,32.9,33.8,34.3,36.6,37.8,38.5,38.2,38.0,37.1,35.7,33.8,31.0,28.6,25.2,21.5,18.2,14.1,9.6,5.8,3.2,1.3,45.9,47.8,48.3,13.1,0.2,75.7,18.2,21.9,79.6,,,OBAnorm,,LD831_01996v2.403,,,,0,0
GLBALSTL,2024-05-24 01:02:18.000,27.0,24.8,31.0,32.3,29.8,29.7,31.9,30.5,27.2,31.8,27.4,26.9,29.3,32.5,34.1,36.5,37.4,37.4,37.5,37.4,36.5,35.3,33.4,30.3,27.3,24.2,21.1,17.3,13.3,9.0,5.7,3.0,1.3,45.4,47.1,48.5,13.1,0.2,75.7,18.2,21.9,79.6,,,OBAnorm,,LD831_01996v2.403,,,,0,0
GLBALSTL,2024-05-24 01:02:19.000,25.7,29.1,27.0,32.4,27.7,30.1,30.2,30.6,31.1,29.6,29.3,29.0,33.5,34.2,34.0,35.5,37.0,38.3,37.3,37.5,36.6,35.9,33.9,31.7,28.4,26.2,23.2,20.3,16.2,11.9,8.4,4.3,1.8,45.7,47.3,49.9,13.1,0.2,75.7,18.2,21.9,79.6,,,OBAnorm,,LD831_01996v2.403,,,,0,0
GLBALSTL,2024-05-24 01:02:20.000,25.0,27.7,30.7,29.6,29.3,28.3,32.3,31.2,29.9,29.4,28.9,26.8,32.1,35.4,34.4,36.3,37.5,37.9,37.7,38.0,36.9,35.5,34.0,30.8,28.2,24.8,21.4,18.3,14.2,9.4,5.9,3.4,1.4,45.6,47.3,49.9,13.1,0.2,75.7,18.2,21.9,79.6,,,OBAnorm,,LD831_01996v2.403,,,,0,0
GLBALSTL,2024-05-24 01:02:21.000,21.1,26.3,27.8,27.6,30.4,28.6,30.3,31.6,30.0,30.6,29.8,28.9,31.9,32.3,33.4,35.7,36.4,37.6,37.7,37.2,36.2,34.8,33.3,30.9,27.4,24.5,20.6,17.1,12.8,8.4,5.3,2.9,1.2,45.1,46.9,48.6,13.1,0.2,75.7,18.2,21.9,79.6,,,OBAnorm,,LD831_01996v2.403,,,,0,0
GLBALSTL,2024-05-24 01:02:22.000,24.6,30.8,31.7,30.6,29.9,29.3,31.8,29.0,29.5,29.3,30.0,31.3,31.6,34.0,34.0,35.3,36.7,37.6,37.8,37.1,36.9,35.5,33.5,30.5,27.9,24.8,21.8,18.3,14.5,10.2,6.5,3.5,1.3,45.4,47.2,48.0,13.1,0.2,75.7,18.2,21.9,79.6,,,OBAnorm,,LD831_01996v2.403,,,,0,0
GLBALSTL,2024-05-24 01:02:23.000,25.4,28.5,29.8,29.1,31.3,32.0,32.5,28.7,30.6,31.1,30.8,29.8,34.7,34.6,33.7,36.1,37.9,38.4,37.8,37.4,36.7,35.4,33.2,30.7,28.0,25.0,21.9,18.9,14.0,9.5,6.1,3.2,1.5,45.6,47.5,48.2,13.1,0.2,75.7,18.1,21.9,79.6,,,OBAnorm,,LD831_01996v2.403,,,,0,0
GLBALSTL,2024-05-24 01:02:24.000,24.5,28.3,30.9,29.2,27.0,29.3,32.3,31.5,28.0,31.3,29.7,28.7,34.8,32.3,34.2,36.7,37.6,39.0,38.0,37.4,36.1,35.9,33.9,30.3,27.4,23.9,20.8,17.0,12.9,9.1,5.6,3.3,1.2,45.6,47.4,47.9,13.1,0.2,75.7,18.2,21.9,79.6,,,OBAnorm,,LD831_01996v2.403,,,,0,0
GLBALSTL,2024-05-24 01:02:25.000,20.7,26.9,27.7,27.4,28.8,31.3,31.6,30.6,29.0,31.2,28.3,26.4,33.8,32.1,33.1,35.4,37.0,38.3,38.1,37.2,36.8,35.7,34.7,31.0,28.3,25.2,22.4,18.6,16.5,12.9,8.5,4.3,2.0,45.7,47.4,48.0,13.1,0.2,75.7,18.2,21.9,79.6,,,OBAnorm,,LD831_01996v2.403,,,,0,0
GLBALSTL,2024-05-24 01:02:26.000,24.3,22.8,28.0,28.3,26.6,30.6,31.4,31.2,30.6,30.5,27.3,28.1,31.0,33.6,33.9,36.6,37.6,38.3,37.9,37.7,36.8,35.7,33.7,30.9,27.6,24.5,21.2,18.0,13.7,8.9,5.5,3.0,1.2,45.8,47.5,48.8,13.1,0.2,75.6,18.2,21.9,79.6,,,OBAnorm,,LD831_01996v2.403,,,,0,0
GLBALSTL,2024-05-24 01:02:27.000,24.6,25.2,26.7,29.4,27.9,29.3,33.5,31.8,30.3,31.0,29.7,29.0,31.1,33.6,34.8,36.5,38.2,39.2,38.5,37.4,37.5,36.0,34.3,30.8,28.0,24.3,20.5,17.0,12.8,8.5,5.3,3.0,1.3,46.0,47.9,51.2,13.1,0.2,75.7,18.1,22.0,79.7,,,OBAnorm,,LD831_01996v2.403,,,,0,0
GLBALSTL,2024-05-24 01:02:28.000,26.6,32.3,28.7,29.1,30.6,31.9,32.0,31.6,30.8,31.1,29.4,28.6,30.2,33.4,34.4,36.3,37.4,38.8,37.8,36.9,36.2,35.3,33.6,30.3,27.5,24.1,21.0,17.6,13.7,8.9,5.2,3.1,1.2,45.4,47.2,48.3,13.1,0.2,75.7,18.2,21.9,79.6,,,OBAnorm,,LD831_01996v2.403,,,,0,0
GLBALSTL,2024-05-24 01:02:29.000,24.9,25.2,28.9,29.2,27.3,28.4,31.6,30.7,30.1,31.4,29.9,29.0,32.4,32.6,34.3,36.1,37.3,38.2,38.4,37.5,36.7,35.3,33.8,30.6,28.2,24.6,21.7,19.1,14.7,9.8,5.9,3.3,1.2,45.7,47.5,48.0,13.1,0.2,75.7,18.2,21.9,79.6,,,OBAnorm,,LD831_01996v2.403,,,,0,0
GLBALSTL,2024-05-24 01:02:30.000,20.7,25.3,27.1,24.0,30.8,30.2,30.0,29.3,31.3,33.2,30.7,28.5,32.2,34.0,34.4,36.9,38.3,38.1,38.5,37.3,37.1,35.4,34.0,29.9,27.9,25.2,21.7,17.6,13.5,9.5,5.9,3.4,1.3,45.9,47.7,48.4,13.1,0.2,75.7,18.2,21.9,79.6,,,OBAnorm,,LD831_01996v2.403,,,,0,0
GLBALSTL,2024-05-24 01:02:31.000,21.9,30.5,30.3,29.2,26.9,29.3,30.2,29.7,29.5,30.8,30.6,29.7,30.8,33.0,35.2,36.6,38.4,39.1,39.2,38.3,37.5,36.7,34.4,32.1,29.3,25.8,22.4,19.1,14.9,10.9,7.3,3.8,1.6,46.6,48.1,48.5,13.1,0.2,75.7,18.1,21.9,79.6,,,OBAnorm,,LD831_01996v2.403,,,,0,0
GLBALSTL,2024-05-24 01:02:32.000,25.9,28.4,30.3,29.1,27.4,29.5,31.3,29.1,30.7,31.5,28.8,27.9,31.9,33.4,35.5,37.2,38.5,38.2,38.1,38.2,38.2,35.9,33.9,31.7,28.9,25.8,23.7,20.3,16.4,11.7,7.4,3.8,1.5,46.3,48.0,48.5,13.1,0.2,75.6,18.2,21.9,79.6,,,OBAnorm,,LD831_01996v2.403,,,,0,0
GLBALSTL,2024-05-24 01:02:33.000,23.9,25.1,29.8,29.3,30.1,31.1,31.0,30.1,29.4,28.8,29.7,29.6,34.6,35.5,34.5,36.9,40.0,40.2,39.8,39.1,37.9,37.1,35.6,32.8,29.9,26.3,23.1,19.5,15.5,11.0,6.9,3.9,1.5,47.3,49.0,49.3,13.1,0.2,75.7,18.1,21.9,80.2,,,OBAnorm,,LD831_01996v2.403,,,,0,0
GLBALSTL,2024-05-24 01:02:34.000,28.1,25.0,27.5,27.6,29.5,28.0,29.2,30.4,30.1,30.9,31.4,32.1,35.8,37.5,34.5,36.4,37.5,37.7,38.5,37.9,36.7,34.9,33.3,30.7,28.1,25.0,21.2,17.9,13.8,9.5,5.8,3.0,1.3,45.7,47.7,48.1,13.1,0.2,75.6,18.1,21.9,79.6,,,OBAnorm,,LD831_01996v2.403,,,,0,0
GLBALSTL,2024-05-24 01:02:35.000,24.0,26.8,29.3,28.2,29.3,32.2,30.0,28.3,28.8,31.1,28.4,28.0,31.5,32.5,35.2,36.0,38.0,38.3,38.0,38.3,37.2,36.0,33.4,30.9,27.9,25.0,22.2,18.9,15.3,10.6,6.6,3.7,1.4,45.9,47.6,48.2,13.1,0.2,75.7,18.2,21.9,79.6,,,OBAnorm,,LD831_01996v2.403,,,,0,0
GLBALSTL,2024-05-24 01:02:36.000,23.5,29.7,27.9,26.7,27.9,30.8,28.5,28.4,29.6,32.6,29.3,30.3,33.0,34.6,35.6,37.4,37.8,38.3,39.1,39.0,38.3,36.1,34.6,32.0,29.0,26.0,23.3,20.5,16.2,11.3,7.3,3.7,1.4,46.7,48.2,48.6,13.1,0.3,75.7,18.2,22.0,79.7,,,OBAnorm,,LD831_01996v2.403,,,,0,0
GLBALSTL,2024-05-24 01:02:37.000,25.6,28.6,29.3,27.2,29.9,31.8,31.2,29.3,28.1,28.0,29.6,30.4,32.1,32.2,34.7,37.5,38.0,38.2,38.7,38.5,38.6,36.6,35.5,32.7,29.7,27.0,24.3,21.2,17.2,11.6,6.8,3.7,1.4,46.7,48.1,48.7,13.1,0.3,75.7,18.2,22.0,79.7,,,OBAnorm,,LD831_01996v2.403,,,,0,0
GLBALSTL,2024-05-24 01:02:38.000,23.5,28.2,31.4,29.8,29.3,27.1,32.7,29.7,29.1,30.1,29.0,28.4,34.7,34.7,35.8,37.1,38.3,39.1,39.2,39.7,38.6,36.8,35.2,32.6,30.0,26.9,23.2,20.6,16.8,11.6,7.4,4.0,1.7,47.2,48.7,49.0,13.1,0.3,75.7,18.2,22.0,79.7,,,OBAnorm,,LD831_01996v2.403,,,,0,0
GLBALSTL,2024-05-24 01:02:39.000,24.7,29.4,30.0,30.0,27.4,30.4,29.4,30.6,32.2,30.7,29.4,35.9,36.5,34.7,34.4,38.2,38.3,38.7,38.9,38.9,38.0,35.9,34.6,31.5,28.3,25.5,22.7,20.4,15.6,10.6,6.3,3.6,1.4,46.5,48.4,48.8,13.1,0.3,75.7,18.2,22.0,80.2,,,OBAnorm,,LD831_01996v2.403,,,,0,0
GLBALSTL,2024-05-24 01:02:40.000,27.9,27.6,29.7,30.1,28.3,29.8,28.7,31.2,29.4,30.2,31.6,35.5,32.9,33.9,34.5,36.5,38.3,39.0,38.8,38.5,38.0,36.1,34.5,31.8,28.9,25.6,23.2,19.8,16.0,11.8,8.0,4.7,1.6,46.4,48.2,48.8,13.1,0.4,75.7,18.2,21.9,79.6,,,OBAnorm,,LD831_01996v2.403,,,,0,0
GLBALSTL,2024-05-24 01:02:41.000,27.2,28.1,28.3,26.3,27.6,31.7,31.5,32.2,29.4,30.2,28.8,27.8,32.3,34.8,34.7,35.7,37.0,38.2,38.0,37.5,37.2,35.2,33.4,31.2,27.5,24.8,21.7,19.1,15.6,11.3,7.3,3.8,1.3,45.6,47.3,47.8,13.1,0.4,75.7,18.2,21.9,79.6,,,OBAnorm,,LD831_01996v2.403,,,,0,0
GLBALSTL,2024-05-24 01:02:42.000,23.8,28.6,30.7,24.0,29.7,30.9,31.6,30.3,29.6,30.6,30.6,29.4,32.0,36.2,35.4,36.1,37.5,38.7,37.9,36.9,36.8,35.0,33.0,30.4,27.4,24.8,21.7,18.5,14.6,11.0,7.1,3.9,1.5,45.5,47.6,48.1,13.1,0.4,75.6,18.1,21.9,79.6,,,OBAnorm,,LD831_01996v2.403,,,,0,0
GLBALSTL,2024-05-24 01:02:43.000,26.6,26.4,30.0,28.1,28.3,32.8,30.0,32.8,29.8,32.6,36.4,40.2,36.4,37.0,37.0,37.8,38.6,39.1,38.9,38.0,37.3,35.6,33.9,31.8,29.5,25.4,22.3,19.5,15.0,10.7,6.4,3.6,1.4,46.4,49.2,49.6,13.1,0.4,75.7,18.2,22.0,79.7,,,OBAnorm,,LD831_01996v2.403,,,,0,0
GLBALSTL,2024-05-24 01:02:44.000,28.1,27.2,30.7,29.0,28.2,28.3,31.8,29.7,30.6,31.4,29.0,27.7,31.6,33.5,35.1,36.5,37.5,38.1,38.2,37.8,37.4,35.1,33.6,30.8,28.0,24.3,21.0,17.2,13.4,9.4,5.8,3.2,1.2,45.7,47.4,47.7,13.1,0.4,75.7,18.2,22.0,79.7,,,OBAnorm,,LD831_01996v2.403,,,,0,0
GLBALSTL,2024-05-24 01:02:45.000,27.0,24.7,28.4,29.1,28.7,32.5,31.2,28.5,27.9,30.4,29.3,27.7,33.6,33.3,34.5,37.1,37.7,37.9,38.2,37.8,36.5,35.5,33.4,30.2,27.4,24.4,20.9,18.1,14.0,10.3,6.3,3.5,1.4,45.6,47.9,48.3,13.1,0.4,75.7,18.1,22.0,79.7,,,OBAnorm,,LD831_01996v2.403,,,,0,0
GLBALSTL,2024-05-24 01:02:46.000,25.7,26.6,28.1,29.1,27.6,30.6,33.3,30.4,27.7,30.3,37.6,31.9,34.7,36.0,35.2,36.4,38.4,38.8,38.7,38.6,38.6,35.8,33.9,31.5,28.8,25.5,22.5,18.8,14.8,10.7,7.2,3.8,1.5,46.6,48.4,48.8,13.1,0.4,75.7,18.2,22.0,79.7,,,OBAnorm,,LD831_01996v2.403,,,,0,0
GLBALSTL,2024-05-24 01:02:47.000,25.8,25.0,28.5,28.2,29.6,30.7,30.5,31.3,27.6,31.0,28.7,27.3,32.8,35.3,35.6,37.7,39.5,39.9,39.9,39.0,38.4,37.4,35.3,32.7,30.0,26.3,23.1,19.9,15.6,10.2,6.0,3.2,1.4,47.3,48.8,50.7,13.1,0.4,75.7,18.2,21.9,79.6,,,OBAnorm,,LD831_01996v2.403,,,,0,0
GLBALSTL,2024-05-24 01:02:48.000,27.0,29.3,29.5,23.2,29.5,31.3,30.0,29.4,28.3,30.0,30.0,33.2,34.5,34.3,34.4,37.0,37.6,38.7,39.0,38.3,37.2,35.3,33.8,30.9,28.1,25.0,22.1,19.2,15.7,11.0,7.3,4.0,1.7,45.9,48.0,49.3,13.1,0.3,75.2,18.1,21.9,79.6,,,OBAnorm,,LD831_01996v2.403,,,,0,0
GLBALSTL,2024-05-24 01:02:49.000,24.3,25.4,28.3,28.4,29.7,31.1,29.2,32.1,30.4,30.9,29.7,33.1,33.4,33.9,34.9,36.9,36.5,37.6,37.9,38.0,36.7,35.1,33.3,30.3,27.8,24.2,20.8,17.5,12.9,9.3,5.4,3.1,1.3,45.5,47.3,48.4,13.1,0.3,75.7,18.2,21.9,79.6,,,OBAnorm,,LD831_01996v2.403,,,,0,0
GLBALSTL,2024-05-24 01:02:50.000,21.8,27.5,31.5,28.0,27.9,30.3,30.8,32.3,28.3,29.5,28.4,34.0,32.2,33.9,33.9,37.1,37.5,38.8,38.6,38.3,36.9,35.9,33.6,30.7,28.4,24.8,21.5,18.1,14.0,10.0,5.7,3.4,1.4,46.0,47.9,48.3,13.1,0.3,75.7,18.2,22.0,79.7,,,OBAnorm,,LD831_01996v2.403,,,,0,0
GLBALSTL,2024-05-24 01:02:51.000,23.1,28.3,30.4,30.2,28.9,30.6,30.3,32.4,30.0,29.9,29.3,35.5,35.1,34.1,34.5,37.2,37.7,39.4,39.2,39.0,37.5,36.0,34.1,31.5,29.2,26.2,22.6,19.8,15.8,12.1,8.1,4.1,1.7,46.5,48.4,48.8,13.1,0.3,75.7,18.1,21.9,79.6,,,OBAnorm,,LD831_01996v2.403,,,,0,0
GLBALSTL,2024-05-24 01:02:52.000,24.1,28.1,28.3,27.8,29.4,30.2,32.7,30.6,30.1,30.8,29.1,25.9,30.6,33.6,34.0,34.8,37.0,38.0,38.3,37.8,37.3,35.0,33.7,30.6,28.2,25.2,22.3,19.3,15.3,11.3,6.9,4.1,1.5,45.7,47.4,47.8,13.1,0.3,75.7,18.2,22.0,79.7,,,OBAnorm,,LD831_01996v2.403,,,,0,0
GLBALSTL,2024-05-24 01:02:53.000,26.6,28.8,28.7,29.6,28.0,32.6,30.5,29.2,28.1,31.7,29.3,29.0,32.5,34.1,34.7,37.3,37.3,38.7,38.8,38.4,37.4,35.7,34.0,31.4,28.7,26.2,23.6,20.9,16.3,11.0,7.0,3.9,1.4,46.3,48.0,48.6,13.1,0.2,75.7,18.2,22.0,79.7,,,OBAnorm,,LD831_01996v2.403,,,,0,0
GLBALSTL,2024-05-24 01:02:54.000,23.8,26.5,28.6,28.9,29.0,27.5,29.5,32.5,30.0,33.7,32.7,34.7,34.5,35.2,34.8,37.3,36.6,38.5,38.3,37.9,38.3,36.5,34.8,32.1,29.6,26.9,23.5,21.0,17.5,13.3,8.9,5.1,2.0,46.4,48.2,48.7,13.1,0.2,75.7,18.1,22.0,79.7,,,OBAnorm,,LD831_01996v2.403,,,,0,0
GLBALSTL,2024-05-24 01:02:55.000,23.1,28.6,30.1,28.9,29.0,30.8,30.5,29.7,29.3,32.5,30.7,31.2,33.2,35.7,34.9,37.2,38.0,38.5,39.3,39.1,38.3,35.9,34.7,31.7,29.4,25.8,22.4,19.9,14.9,11.0,6.4,3.3,1.3,46.6,48.3,48.7,13.1,0.2,75.7,18.1,22.0,79.7,,,OBAnorm,,LD831_01996v2.403,,,,0,0
GLBALSTL,2024-05-24 01:02:56.000,23.0,25.3,30.6,30.4,29.2,31.0,29.2,28.2,29.9,32.3,31.0,33.7,34.2,35.7,34.6,37.8,39.8,40.2,39.6,39.4,38.5,36.9,34.9,32.5,29.8,26.9,23.8,20.5,17.0,13.0,8.7,4.7,1.9,47.3,49.2,49.5,13.1,0.2,75.7,18.2,22.0,79.7,,,OBAnorm,,LD831_01996v2.403,,,,0,0
GLBALSTL,2024-05-24 01:02:57.000,21.7,27.3,29.5,29.3,29.9,29.9,31.8,32.0,30.1,32.3,36.9,35.4,35.7,36.6,36.4,38.3,39.4,39.8,39.4,39.1,37.9,36.3,34.2,31.4,28.4,25.4,22.1,19.7,15.8,11.7,7.3,4.1,1.5,46.9,49.1,49.4,13.1,0.2,75.7,18.0,22.0,79.7,,,OBAnorm,,LD831_01996v2.403,,,,0,0
GLBALSTL,2024-05-24 01:02:58.000,23.3,27.5,26.1,27.6,29.6,32.2,29.8,29.3,30.2,32.6,30.0,29.7,33.9,34.7,36.9,37.9,38.6,39.5,39.7,39.1,38.3,36.9,35.3,32.1,29.7,26.6,23.7,21.1,16.4,10.9,6.7,3.6,1.4,47.0,48.8,49.2,13.1,0.2,75.7,18.2,22.0,79.7,,,OBAnorm,,LD831_01996v2.403,,,,0,0
GLBALSTL,2024-05-24 01:02:59.000,22.9,26.2,29.0,26.5,28.8,30.4,32.6,30.7,32.7,30.9,31.5,30.7,33.1,35.3,37.2,38.4,39.4,40.7,39.3,39.1,38.4,37.3,34.8,32.3,29.4,26.5,23.0,20.3,15.8,10.7,6.6,4.0,1.5,47.3,49.0,49.2,13.1,0.2,75.7,18.2,22.0,79.7,,,OBAnorm,,LD831_01996v2.403,,,,0,0
GLBALSTL,2024-05-24 01:03:00.000,23.4,25.5,27.2,24.2,25.9,26.5,30.1,31.4,29.6,32.3,31.3,29.0,30.3,33.7,34.8,36.6,37.6,39.3,38.2,37.4,36.6,34.9,32.8,30.1,27.6,24.4,21.1,18.0,13.6,8.9,5.3,3.0,1.2,45.6,47.6,48.1,13.1,0.2,75.7,18.2,22.0,79.7,,,OBAnorm,,LD831_01996v2.403,,,,0,0
GLBALSTL,2024-05-24 01:03:01.000,24.0,25.2,27.8,27.8,29.3,31.8,30.7,29.7,31.2,30.8,32.3,29.1,30.4,33.9,34.7,37.1,37.4,37.2,37.8,37.7,36.4,35.0,33.1,30.5,27.9,24.6,21.5,18.5,14.6,10.0,5.9,3.5,1.4,45.5,47.4,48.4,13.1,0.2,75.7,18.2,21.9,79.6,,,OBAnorm,,LD831_01996v2.403,,,,0,0
GLBALSTL,2024-05-24 01:03:02.000,24.2,28.8,29.1,25.4,25.2,28.8,32.9,31.0,30.7,31.6,32.2,28.3,31.8,34.3,35.2,37.1,37.8,38.9,38.2,37.8,37.1,35.5,33.7,30.4,28.1,25.1,22.9,18.5,15.4,10.7,7.0,3.7,1.3,46.0,47.9,48.8,13.1,0.2,75.7,18.2,22.0,79.7,,,OBAnorm,,LD831_01996v2.403,,,,0,0
GLBALSTL,2024-05-24 01:03:03.000,21.7,28.3,28.5,29.1,29.1,29.2,30.4,30.3,31.4,32.0,31.6,30.5,30.5,32.1,34.9,38.0,37.7,38.6,38.4,37.7,37.3,36.3,34.3,31.8,28.9,25.7,23.3,19.4,15.4,10.6,6.6,3.4,1.3,46.1,47.8,48.7,13.1,0.2,75.7,18.2,22.0,79.7,,,OBAnorm,,LD831_01996v2.403,,,,0,0
GLBALSTL,2024-05-24 01:03:04.000,22.2,28.0,31.0,27.1,27.5,29.2,30.4,30.6,29.8,31.4,31.4,29.9,32.2,34.3,35.3,37.7,38.8,38.2,38.4,38.3,38.1,36.4,35.0,32.5,29.3,26.3,23.5,20.0,17.9,13.7,10.2,5.7,2.2,46.6,48.4,48.9,13.1,0.2,75.7,18.1,22.0,79.7,,,OBAnorm,,LD831_01996v2.403,,,,0,0
GLBALSTL,2024-05-24 01:03:05.000,23.8,24.3,26.8,26.2,30.9,30.9,30.1,31.6,30.2,32.7,31.8,30.4,34.1,34.0,34.5,37.1,37.4,38.9,38.6,39.2,38.2,37.2,35.8,33.2,29.5,27.0,24.1,20.3,16.8,12.2,7.5,4.3,1.7,46.8,48.4,48.8,13.1,0.2,75.7,18.2,22.0,79.7,,,OBAnorm,,LD831_01996v2.403,,,,0,0
GLBALSTL,2024-05-24 01:03:06.000,22.4,29.2,27.2,30.2,29.8,30.7,33.4,31.1,31.5,32.1,32.2,32.7,36.2,36.1,36.8,37.7,38.6,39.2,39.5,39.4,38.1,37.2,35.3,32.4,29.6,26.7,23.8,21.4,17.2,13.3,8.9,4.8,1.7,47.2,49.4,50.1,13.1,0.2,75.7,18.2,22.0,79.7,,,OBAnorm,,LD831_01996v2.403,,,,0,0
GLBALSTL,2024-05-24 01:03:07.000,23.4,29.2,28.9,31.6,30.6,31.8,31.3,31.5,31.6,32.7,34.6,34.4,37.9,36.1,36.9,37.7,38.1,39.7,39.9,39.2,38.3,37.0,34.9,32.8,29.9,26.5,24.1,21.3,16.8,12.8,8.0,4.5,1.8,47.2,49.0,49.8,13.1,0.2,75.7,18.2,22.0,79.7,,,OBAnorm,,LD831_01996v2.403,,,,0,0
GLBALSTL,2024-05-24 01:03:08.000,20.6,26.0,28.5,24.4,30.3,30.2,29.7,29.5,30.6,29.0,30.2,30.7,33.5,34.3,35.3,36.8,38.5,39.5,39.1,38.9,38.6,37.0,35.4,32.9,29.9,26.4,23.2,19.9,17.7,13.5,9.0,4.6,2.0,47.1,48.5,49.9,13.1,0.2,75.7,18.1,22.0,79.7,,,OBAnorm,,LD831_01996v2.403,,,,0,0
GLBALSTL,2024-05-24 01:03:09.000,22.3,27.9,26.6,29.8,26.4,32.0,31.8,29.6,30.3,32.0,29.4,26.4,30.4,33.6,34.3,37.8,36.7,38.0,38.5,37.8,37.5,35.6,34.7,31.3,28.8,25.7,21.2,17.7,13.9,9.4,5.7,3.3,1.4,46.0,47.7,48.7,13.1,0.2,75.7,18.2,22.0,79.7,,,OBAnorm,,LD831_01996v2.403,,,,0,0
GLBALSTL,2024-05-24 01:03:10.000,25.9,29.5,29.5,27.2,29.6,32.6,32.8,32.8,29.5,28.9,31.8,28.3,31.5,32.8,33.4,36.9,38.0,38.8,38.7,38.6,37.4,36.0,33.7,30.9,28.4,25.4,21.8,18.5,13.9,9.2,5.6,3.3,1.3,46.3,47.9,48.9,13.1,0.1,75.7,18.2,22.0,79.7,,,OBAnorm,,LD831_01996v2.403,,,,0,0
GLBALSTL,2024-05-24 01:03:11.000,26.8,26.9,26.6,25.3,27.1,30.7,31.7,31.1,29.9,31.1,29.6,30.4,33.0,33.0,34.8,37.3,37.5,38.8,39.2,39.1,38.1,36.9,34.1,32.0,28.5,25.3,22.5,19.1,14.7,9.6,6.0,3.1,1.3,46.7,48.3,48.9,13.1,0.1,75.7,18.1,21.9,79.6,,,OBAnorm,,LD831_01996v2.403,,,,0,0
GLBALSTL,2024-05-24 01:03:12.000,23.6,30.2,24.0,28.2,32.1,30.3,31.7,31.6,31.0,29.9,31.2,27.2,31.8,33.0,34.2,35.0,37.5,38.3,38.6,38.4,37.6,35.4,34.6,31.3,27.9,25.3,22.5,19.6,16.4,12.6,8.3,4.7,1.9,46.0,47.5,48.1,13.1,0.1,75.7,18.2,21.9,79.6,,,OBAnorm,,LD831_01996v2.403,,,,0,0
GLBALSTL,2024-05-24 01:03:13.000,24.3,25.4,26.2,28.0,29.3,29.8,32.2,32.6,31.3,29.7,28.4,26.6,30.9,31.8,33.9,36.5,36.9,38.6,37.9,37.9,37.4,35.7,34.1,31.7,28.8,26.0,23.8,20.7,16.8,11.3,7.3,4.0,1.5,46.0,47.6,49.2,13.1,0.1,75.7,18.1,21.9,79.6,,,OBAnorm,,LD831_01996v2.403,,,,0,0
GLBALSTL,2024-05-24 01:03:14.000,26.6,26.1,27.0,29.4,28.5,31.4,31.1,29.9,30.2,30.5,29.9,28.2,30.1,33.1,34.9,37.0,37.7,39.6,39.0,38.9,37.9,36.0,34.6,31.2,28.8,25.4,22.0,18.4,14.2,9.5,5.9,3.2,1.3,46.4,48.0,48.6,13.1,0.1,75.7,18.2,21.9,79.6,,,OBAnorm,,LD831_01996v2.403,,,,0,0
GLBALSTL,2024-05-24 01:03:15.000,25.4,23.8,28.4,28.0,28.8,32.7,33.2,30.4,29.8,31.1,29.6,26.6,33.3,34.2,34.2,37.7,38.4,38.9,38.5,37.8,37.4,36.3,33.8,30.9,28.4,25.7,21.8,18.4,15.5,10.8,7.4,5.2,1.6,46.2,48.1,48.5,13.1,0.1,75.7,18.2,21.9,79.6,,,OBAnorm,,LD831_01996v2.403,,,,0,0
GLBALSTL,2024-05-24 01:03:16.000,22.2,27.7,29.3,28.5,30.5,31.4,30.0,30.2,29.4,30.5,28.9,30.6,34.3,34.1,35.3,37.9,38.5,40.1,40.0,38.8,38.6,36.6,35.1,31.7,29.2,26.0,22.6,18.9,15.3,11.6,7.3,4.1,1.5,47.1,48.7,49.2,13.1,0.1,75.7,18.2,22.0,79.7,,,OBAnorm,,LD831_01996v2.403,,,,0,0
GLBALSTL,2024-05-24 01:03:17.000,23.6,30.5,31.2,27.6,26.2,30.3,33.1,30.4,31.0,29.1,30.5,27.0,32.9,35.5,35.8,38.4,39.4,40.7,40.7,40.2,39.4,37.9,36.5,33.5,30.7,27.6,23.6,20.2,17.6,12.8,8.1,4.1,2.0,48.2,49.6,50.0,13.1,0.2,75.7,18.2,22.0,79.7,,,OBAnorm,,LD831_01996v2.403,,,,0,0
GLBALSTL,2024-05-24 01:03:18.000,21.0,32.2,29.9,30.1,26.7,31.3,32.4,31.7,28.2,30.1,29.5,28.7,35.3,35.8,35.3,37.4,38.3,40.0,39.0,38.4,38.5,37.2,34.8,32.1,29.1,26.5,23.4,19.9,16.4,12.1,7.6,4.0,1.6,46.9,48.6,49.0,13.1,0.2,75.7,18.2,22.0,79.7,,,OBAnorm,,LD831_01996v2.403,,,,0,0
GLBALSTL,2024-05-24 01:03:19.000,24.7,27.7,27.9,30.0,30.3,32.0,31.0,31.3,31.5,31.0,29.8,27.7,33.3,34.6,34.5,37.1,37.4,37.7,38.2,38.0,37.1,35.7,33.9,30.8,27.7,24.8,21.6,19.3,15.0,11.2,7.1,3.8,1.6,45.8,47.7,48.3,13.1,0.2,75.6,18.1,22.0,79.7,,,OBAnorm,,LD831_01996v2.403,,,,0,0
GLBALSTL,2024-05-24 01:03:20.000,24.1,27.4,29.7,27.8,27.1,32.2,32.3,30.3,29.6,29.9,28.6,26.6,31.8,34.7,35.0,37.7,37.9,38.8,38.7,38.0,37.3,35.9,34.3,31.1,28.7,25.8,22.6,19.1,14.6,9.5,5.9,3.2,1.3,46.2,47.9,48.2,13.1,0.3,75.6,18.1,21.9,79.6,,,OBAnorm,,LD831_01996v2.403,,,,0,0
GLBALSTL,2024-05-24 01:03:21.000,22.0,26.8,23.5,29.7,30.0,28.4,30.8,32.1,26.7,30.3,30.2,31.9,33.0,34.9,33.7,35.8,35.8,36.4,36.7,36.8,36.6,34.4,33.0,30.7,27.6,24.3,21.8,20.1,16.0,10.6,6.3,3.6,1.3,44.8,46.7,47.3,13.1,0.3,75.7,18.1,22.0,79.7,,,OBAnorm,,LD831_01996v2.403,,,,0,0
GLBALSTL,2024-05-24 01:03:22.000,22.1,25.8,29.8,28.5,26.4,28.0,29.3,30.4,30.4,30.2,29.1,26.9,31.8,35.8,35.0,36.0,37.5,38.3,37.9,37.5,36.8,35.3,34.3,31.9,28.4,25.2,22.8,19.7,15.6,10.6,6.8,3.7,1.5,45.8,47.5,47.9,13.1,0.4,75.6,18.1,22.0,79.7,,,OBAnorm,,LD831_01996v2.403,,,,0,0
GLBALSTL,2024-05-24 01:03:23.000,25.8,27.9,27.7,29.8,29.1,27.1,29.4,30.3,28.2,29.7,30.7,30.1,35.2,35.6,36.1,37.4,37.4,38.4,38.1,37.4,37.6,36.3,34.9,32.2,29.0,26.5,23.6,20.5,17.7,13.9,9.1,4.9,2.1,46.3,48.1,48.6,13.1,0.4,75.6,18.2,22.0,79.7,,,OBAnorm,,LD831_01996v2.403,,,,0,0
GLBALSTL,2024-05-24 01:03:24.000,26.4,25.3,30.4,29.3,29.6,31.7,28.7,30.7,29.6,29.1,27.7,29.8,33.7,35.4,35.5,36.6,38.3,38.4,38.2,38.4,37.2,35.8,34.6,31.7,28.4,25.4,22.5,19.3,14.8,10.7,6.8,3.9,1.4,46.1,48.0,48.6,13.1,0.4,75.7,18.2,21.9,79.6,,,OBAnorm,,LD831_01996v2.403,,,,0,0
GLBALSTL,2024-05-24 01:03:25.000,22.8,28.3,28.4,30.5,30.3,29.7,31.7,32.1,30.8,30.8,29.8,30.3,33.5,35.1,35.2,36.7,36.9,37.8,37.5,37.7,36.7,34.8,34.0,30.7,27.9,24.7,21.7,19.2,14.9,10.2,6.1,3.6,1.3,45.5,47.5,48.1,13.1,0.5,75.7,18.2,21.9,79.6,,,OBAnorm,,LD831_01996v2.403,,,,0,0
GLBALSTL,2024-05-24 01:03:26.000,26.5,25.8,29.9,31.3,30.3,30.0,31.5,29.4,29.8,32.1,28.4,27.5,32.7,35.5,34.9,36.6,37.1,38.6,38.5,38.6,37.6,36.3,34.3,31.3,28.3,25.4,22.7,19.5,15.4,12.2,9.8,7.4,2.2,46.1,47.8,48.3,13.1,0.5,75.7,18.2,21.9,79.6,,,OBAnorm,,LD831_01996v2.403,,,,0,0
GLBALSTL,2024-05-24 01:03:27.000,26.8,27.0,28.5,30.4,30.3,30.1,32.3,30.1,30.5,30.5,29.0,31.0,32.9,33.5,35.6,36.2,38.1,37.9,37.6,38.0,37.2,35.7,34.3,31.3,27.6,24.7,21.9,19.2,14.9,10.0,5.8,3.3,1.3,45.9,47.7,48.0,13.1,0.5,75.7,18.1,21.9,80.2,,,OBAnorm,,LD831_01996v2.403,,,,0,0
GLBALSTL,2024-05-24 01:03:28.000,26.5,27.7,27.1,26.0,27.6,29.2,29.5,31.5,32.2,31.4,29.0,27.6,32.4,36.1,34.9,36.1,39.0,38.0,38.5,37.8,37.3,36.4,35.2,32.1,28.7,25.9,23.5,20.2,17.3,13.1,8.4,4.7,2.1,46.3,48.1,48.4,13.1,0.5,75.7,18.2,21.9,79.6,,,OBAnorm,,LD831_01996v2.403,,,,0,0
GLBALSTL,2024-05-24 01:03:29.000,22.7,21.6,25.7,27.6,28.7,30.0,32.6,31.7,28.6,32.0,33.9,33.7,35.2,35.3,36.3,36.1,38.5,39.2,39.0,39.7,38.1,37.0,35.6,32.9,29.5,26.4,24.0,20.8,16.8,12.0,7.3,4.0,1.6,47.2,48.9,49.3,13.1,0.5,75.6,18.2,21.9,80.2,,,OBAnorm,,LD831_01996v2.403,,,,0,0
GLBALSTL,2024-05-24 01:03:30.000,18.8,28.6,26.2,31.5,28.6,29.3,31.4,29.7,32.2,30.5,33.8,29.6,33.6,35.1,36.0,38.0,38.6,38.4,38.4,38.9,37.9,36.7,35.3,32.7,29.6,27.0,24.5,21.8,17.5,13.3,9.1,4.8,2.2,46.8,48.4,49.1,13.1,0.5,75.7,18.1,21.9,80.2,,,OBAnorm,,LD831_01996v2.403,,,,0,0
GLBALSTL,2024-05-24 01:03:31.000,24.0,28.1,28.0,31.6,30.8,31.9,28.8,30.6,33.8,34.9,32.4,33.0,34.1,37.2,36.0,37.3,38.3,38.5,39.2,39.0,38.1,36.8,34.2,31.5,28.6,25.8,22.6,20.6,16.2,11.7,7.3,4.1,1.5,46.7,49.0,49.4,13.1,0.4,75.7,18.1,21.9,80.2,,,OBAnorm,,LD831_01996v2.403,,,,0,0
GLBALSTL,2024-05-24 01:03:32.000,26.2,22.3,32.4,28.3,29.7,31.8,31.3,29.7,31.7,30.9,34.8,33.9,35.7,35.3,35.6,37.6,37.4,38.6,38.8,38.2,37.5,35.4,33.9,31.6,28.7,25.7,23.0,20.7,15.7,12.0,7.8,4.4,1.7,46.2,48.3,49.8,13.1,0.4,75.7,18.1,21.9,80.2,,,OBAnorm,,LD831_01996v2.403,,,,0,0
GLBALSTL,2024-05-24 01:03:33.000,24.5,25.3,31.6,30.0,27.2,30.1,31.8,30.5,30.7,31.1,32.9,41.4,39.0,37.1,36.7,38.7,38.7,39.3,39.3,39.7,38.8,37.6,35.9,33.1,30.3,27.2,23.9,21.0,17.7,13.8,9.2,5.1,2.2,47.6,50.0,51.3,13.1,0.4,75.7,18.1,21.9,80.2,,,OBAnorm,,LD831_01996v2.403,,,,0,0
GLBALSTL,2024-05-24 01:03:34.000,27.1,30.9,29.2,30.7,29.2,32.2,29.9,30.6,32.3,29.9,28.5,30.4,35.3,36.3,35.6,37.9,37.8,39.3,39.4,39.3,38.9,37.1,35.0,31.7,29.8,27.0,24.8,21.6,17.5,13.3,9.2,4.6,2.1,47.1,48.8,49.9,13.1,0.3,75.7,18.2,21.9,79.6,,,OBAnorm,,LD831_01996v2.403,,,,0,0
GLBALSTL,2024-05-24 01:03:35.000,22.7,26.4,34.2,29.9,30.8,31.0,31.7,28.6,30.7,30.8,29.2,30.1,35.8,35.7,35.5,37.4,39.4,40.2,39.9,39.6,38.9,37.7,36.4,33.9,31.1,28.0,25.1,22.4,19.7,16.0,11.2,6.5,3.0,47.8,49.4,50.0,13.1,0.3,75.7,18.1,21.9,79.6,,,OBAnorm,,LD831_01996v2.403,,,,0,0
GLBALSTL,2024-05-24 01:03:36.000,23.1,29.1,26.8,28.3,27.8,29.6,31.9,32.7,32.3,30.4,28.6,26.6,34.5,36.0,36.4,38.2,37.9,38.8,38.9,38.5,38.1,36.2,35.1,32.1,29.0,26.8,23.7,20.6,17.4,13.3,8.5,4.8,2.2,46.7,48.5,49.1,13.1,0.3,75.7,18.2,21.9,79.6,,,OBAnorm,,LD831_01996v2.403,,,,0,0
GLBALSTL,2024-05-24 01:03:37.000,25.8,26.2,27.0,29.9,28.5,32.1,31.0,31.4,31.1,31.0,31.7,30.1,36.8,36.7,37.5,37.7,38.9,39.4,39.4,38.4,37.4,36.6,34.5,31.8,29.1,26.4,23.2,20.0,16.6,12.1,7.5,4.4,1.8,46.8,49.5,49.9,13.1,0.3,75.7,18.2,21.9,79.6,,,OBAnorm,,LD831_01996v2.403,,,,0,0
GLBALSTL,2024-05-24 01:03:38.000,23.7,31.3,28.9,29.0,27.3,30.5,33.1,30.7,31.1,30.6,33.6,38.4,39.4,37.3,36.4,38.6,38.5,38.6,38.7,38.7,37.8,36.3,35.4,32.0,29.2,26.4,23.5,19.9,16.7,13.2,9.1,5.0,2.2,46.7,48.6,49.0,13.1,0.3,75.7,18.2,21.9,79.6,,,OBAnorm,,LD831_01996v2.403,,,,0,0
GLBALSTL,2024-05-24 01:03:39.000,23.6,26.8,25.2,26.8,29.5,30.1,31.2,29.9,29.7,31.8,33.5,33.6,34.8,37.1,37.0,39.5,40.1,41.2,40.1,40.0,38.6,37.5,35.4,32.4,30.3,27.0,24.5,21.4,17.7,13.5,8.3,5.0,1.9,47.9,49.8,50.2,13.1,0.3,75.7,18.1,21.9,79.6,,,OBAnorm,,LD831_01996v2.403,,,,0,0
GLBALSTL,2024-05-24 01:03:40.000,26.2,29.3,31.2,29.9,30.1,32.7,31.4,30.4,31.5,32.0,30.5,29.7,33.7,35.8,35.7,38.1,38.9,39.8,39.3,37.9,37.0,35.1,33.8,31.0,28.4,25.4,22.1,19.1,15.5,10.9,7.4,4.1,1.6,46.3,48.3,48.7,13.1,0.2,75.7,18.2,21.9,79.6,,,OBAnorm,,LD831_01996v2.403,,,,0,0
GLBALSTL,2024-05-24 01:03:41.000,27.3,28.4,29.9,28.9,25.7,30.4,29.7,30.6,30.9,32.1,30.9,30.7,33.8,36.3,36.9,39.0,39.1,40.0,39.1,39.4,37.7,35.9,33.9,31.3,28.6,25.4,22.4,20.3,16.1,11.8,7.6,4.3,1.6,46.9,49.0,49.3,13.1,0.2,75.7,18.2,21.9,79.6,,,OBAnorm,,LD831_01996v2.403,,,,0,0
GLBALSTL,2024-05-24 01:03:42.000,26.1,27.8,29.5,29.3,27.2,28.4,31.7,31.8,33.1,34.6,30.2,31.2,35.5,37.7,36.9,38.4,38.4,38.9,38.7,38.0,37.6,35.1,32.9,30.4,27.5,24.2,21.7,19.5,16.0,11.8,8.0,4.7,1.8,46.1,48.5,48.8,13.1,0.2,75.7,18.2,21.9,79.6,,,OBAnorm,,LD831_01996v2.403,,,,0,0
GLBALSTL,2024-05-24 01:03:43.000,26.4,26.3,30.9,29.9,27.6,26.1,30.5,30.3,30.6,32.1,32.3,31.3,36.5,36.7,35.9,37.5,38.4,38.2,38.6,37.3,36.9,35.2,33.7,30.7,28.1,25.3,22.4,19.7,16.3,12.4,7.9,4.3,1.8,45.9,48.3,48.8,13.1,0.2,75.7,18.1,21.9,79.6,,,OBAnorm,,LD831_01996v2.403,,,,0,0
GLBALSTL,2024-05-24 01:03:44.000,26.2,29.8,30.0,32.5,29.9,31.2,30.9,30.1,30.0,33.4,31.6,32.3,31.3,35.2,36.4,37.6,36.9,38.6,38.1,37.7,36.9,35.6,34.2,31.4,28.4,26.0,23.1,20.6,17.4,12.4,8.2,4.5,2.0,46.0,48.0,48.4,13.1,0.2,75.7,18.2,21.9,79.6,,,OBAnorm,,LD831_01996v2.403,,,,0,0
GLBALSTL,2024-05-24 01:03:45.000,27.4,27.6,30.3,28.5,29.6,33.2,31.3,32.5,31.1,31.6,30.9,27.0,32.2,33.8,35.6,37.3,38.4,39.6,38.8,38.1,37.5,36.0,34.0,31.2,28.7,25.0,21.7,18.4,15.4,11.0,7.1,3.9,1.5,46.3,48.1,48.7,13.1,0.2,75.7,18.1,21.9,79.6,,,OBAnorm,,LD831_01996v2.403,,,,0,0
GLBALSTL,2024-05-24 01:03:46.000,22.2,29.4,25.2,29.6,26.8,29.8,31.6,32.6,30.0,31.8,31.8,29.7,33.4,35.2,36.0,37.3,37.9,39.4,38.2,37.9,36.5,35.0,33.4,30.7,28.0,25.0,21.9,18.4,14.1,9.4,5.9,3.3,1.3,45.9,48.2,48.8,13.1,0.2,75.7,18.1,21.9,79.6,,,OBAnorm,,LD831_01996v2.403,,,,0,0
GLBALSTL,2024-05-24 01:03:47.000,22.9,27.7,32.4,30.2,30.1,30.4,32.2,31.6,31.9,32.5,33.4,32.5,32.2,33.1,34.2,37.5,38.1,38.8,38.4,38.1,37.5,36.1,33.7,31.1,28.3,25.3,22.6,19.3,14.6,9.9,6.3,3.4,1.2,46.2,48.1,48.7,13.1,0.2,75.7,18.1,22.0,79.7,,,OBAnorm,,LD831_01996v2.403,,,,0,0
GLBALSTL,2024-05-24 01:03:48.000,22.3,29.9,32.3,31.0,29.6,32.9,31.2,33.3,31.0,31.6,31.5,30.8,32.6,33.4,34.7,37.4,37.7,38.5,37.8,38.3,36.9,35.6,33.6,31.1,28.8,25.2,22.7,19.2,16.4,11.9,7.6,4.2,1.5,45.8,47.8,49.0,13.1,0.2,75.7,18.2,21.9,79.6,,,OBAnorm,,LD831_01996v2.403,,,,0,0
GLBALSTL,2024-05-24 01:03:49.000,25.8,26.1,29.3,30.5,28.8,30.9,31.3,31.6,30.5,32.5,32.3,33.2,35.1,35.9,34.5,36.9,38.1,39.2,39.4,38.4,37.7,36.3,34.2,31.1,28.7,25.3,22.5,19.3,15.4,10.4,6.4,3.8,1.3,46.6,48.5,49.7,13.1,0.2,75.7,18.2,21.9,79.6,,,OBAnorm,,LD831_01996v2.403,,,,0,0
GLBALSTL,2024-05-24 01:03:50.000,26.4,26.3,32.2,29.7,28.7,31.4,31.9,28.0,30.9,33.1,32.6,30.8,33.5,34.3,34.8,36.6,38.2,39.4,39.4,39.5,38.6,36.8,34.9,32.2,29.5,26.6,23.6,21.2,16.6,10.8,6.4,3.4,1.3,47.0,48.7,50.7,13.1,0.2,75.7,18.2,21.9,79.6,,,OBAnorm,,LD831_01996v2.403,,,,0,0
GLBALSTL,2024-05-24 01:03:51.000,23.4,25.8,31.6,31.6,29.7,31.2,30.2,30.7,31.1,33.6,31.2,31.8,31.5,33.1,33.8,36.6,37.7,37.9,37.9,38.2,38.0,35.1,33.3,30.4,27.6,24.1,21.2,18.1,13.3,8.9,5.3,3.0,1.3,45.9,47.7,48.7,13.1,0.2,75.7,18.2,21.9,79.6,,,OBAnorm,,LD831_01996v2.403,,,,0,0
GLBALSTL,2024-05-24 01:03:52.000,23.7,27.0,30.3,29.8,31.3,30.6,33.5,32.4,29.3,33.2,30.6,30.4,34.3,35.1,33.9,36.8,37.2,38.5,39.2,38.0,37.3,35.6,33.3,30.8,28.1,25.0,22.7,19.6,15.2,10.6,6.8,3.6,1.4,46.0,48.2,48.9,13.1,0.2,75.7,18.2,21.9,79.6,,,OBAnorm,,LD831_01996v2.403,,,,0,0
GLBALSTL,2024-05-24 01:03:53.000,25.8,27.4,35.0,28.7,27.1,31.4,31.3,33.0,33.5,34.2,31.6,30.8,33.8,34.7,34.8,37.4,38.9,39.6,39.6,39.6,38.3,36.8,35.1,32.5,29.8,26.7,23.9,21.3,17.0,12.1,7.9,3.9,1.7,47.3,49.0,50.0,13.1,0.2,75.7,18.2,21.9,79.6,,,OBAnorm,,LD831_01996v2.403,,,,0,0
GLBALSTL,2024-05-24 01:03:54.000,23.5,26.1,31.0,28.9,31.1,32.8,33.9,32.3,31.5,31.1,30.6,28.6,32.6,35.3,34.6,36.4,36.7,38.4,37.7,37.3,36.5,36.4,33.7,31.0,28.2,25.3,22.1,18.5,14.8,10.7,6.8,3.6,1.6,45.6,47.5,48.2,13.1,0.2,75.7,18.1,21.9,79.6,,,OBAnorm,,LD831_01996v2.403,,,,0,0
GLBALSTL,2024-05-24 01:03:55.000,20.3,31.1,28.8,30.2,32.1,31.3,28.9,29.2,30.8,32.6,32.1,30.8,33.7,34.7,34.6,37.1,38.8,40.4,39.3,39.4,38.3,36.6,34.8,31.4,29.4,26.8,23.5,19.6,15.7,13.1,8.0,4.2,1.5,47.2,49.0,49.7,13.1,0.2,75.7,18.1,21.9,79.6,,,OBAnorm,,LD831_01996v2.403,,,,0,0
GLBALSTL,2024-05-24 01:03:56.000,23.4,27.5,28.7,32.5,28.8,30.6,32.6,33.0,31.1,32.6,33.1,30.0,33.6,35.0,33.4,37.1,37.9,39.1,39.3,38.5,37.1,35.3,33.8,31.2,28.4,25.5,21.9,18.7,15.3,11.1,7.2,3.9,1.5,46.2,48.2,49.1,13.1,0.2,75.7,18.1,21.9,79.6,,,OBAnorm,,LD831_01996v2.403,,,,0,0
GLBALSTL,2024-05-24 01:03:57.000,25.8,30.3,23.6,29.7,29.0,33.5,33.3,31.5,30.6,32.1,31.3,27.2,31.6,34.3,34.2,37.0,38.3,39.6,39.2,39.0,37.7,35.7,34.9,31.6,29.0,25.6,22.2,18.9,15.0,10.6,6.5,3.7,1.5,46.7,48.4,49.2,13.1,0.2,75.7,18.1,21.9,79.6,,,OBAnorm,,LD831_01996v2.403,,,,0,0
GLBALSTL,2024-05-24 01:03:58.000,22.1,25.6,29.3,32.0,30.4,32.1,32.2,28.9,30.0,31.1,31.4,29.0,31.9,32.8,35.3,37.2,38.2,39.6,38.9,38.9,37.8,36.0,34.7,31.5,28.7,25.7,22.8,19.2,15.1,11.0,6.5,3.4,1.1,46.5,48.2,49.3,13.1,0.2,75.7,18.1,21.9,79.6,,,OBAnorm,,LD831_01996v2.403,,,,0,0
GLBALSTL,2024-05-24 01:03:59.000,21.5,25.8,28.0,28.3,30.1,29.0,33.1,31.7,30.3,33.6,33.0,30.3,33.8,33.4,35.0,37.3,37.7,38.6,39.1,39.1,37.6,35.9,34.4,31.6,28.7,25.2,22.3,19.1,15.6,10.4,6.9,3.8,1.5,46.5,48.4,49.3,13.1,0.1,75.7,18.2,21.9,79.6,,,OBAnorm,,LD831_01996v2.403,,,,0,0
GLBALSTL,2024-05-24 01:04:00.000,28.9,27.8,30.8,30.1,32.1,32.2,31.6,30.1,31.6,33.0,31.1,30.5,33.4,35.8,36.8,37.4,38.8,39.8,40.4,39.3,38.5,36.9,35.3,32.5,29.5,26.7,24.0,20.2,17.0,13.8,8.1,4.6,2.0,47.3,49.0,49.4,13.1,0.0,75.7,18.1,21.9,79.6,,,OBAnorm,,LD831_01996v2.403,,,,0,0
GLBALSTL,2024-05-24 01:04:01.000,24.8,25.0,30.2,29.0,30.3,31.1,34.7,31.6,30.2,32.7,30.9,29.8,36.4,35.4,35.3,37.5,38.0,39.3,39.0,38.3,37.7,36.7,35.3,31.8,29.6,27.0,23.5,20.8,17.0,13.0,8.7,4.7,1.8,46.7,48.7,49.2,13.1,0.0,75.7,18.1,21.9,79.6,,,OBAnorm,,LD831_01996v2.403,,,,0,0
GLBALSTL,2024-05-24 01:04:02.000,24.9,29.9,31.1,28.6,28.2,31.1,30.6,31.5,31.6,33.1,35.0,34.0,36.7,35.7,35.6,36.7,37.1,37.9,37.9,38.0,36.8,35.4,33.5,30.4,27.4,24.9,21.7,18.8,14.5,10.8,6.8,4.0,1.6,45.6,48.2,48.8,13.1,0.0,75.7,18.2,21.9,79.6,,,OBAnorm,,LD831_01996v2.403,,,,0,0
GLBALSTL,2024-05-24 01:04:03.000,28.7,28.7,34.4,32.2,32.1,33.2,33.0,32.9,29.7,32.3,32.2,27.5,31.6,34.6,35.8,36.1,37.6,39.0,38.3,38.1,37.5,36.0,34.1,31.4,28.5,26.1,23.2,20.4,17.1,12.9,8.2,4.7,1.9,46.1,48.0,48.5,13.1,0.0,75.7,18.2,21.9,79.6,,,OBAnorm,,LD831_01996v2.403,,,,0,0
GLBALSTL,2024-05-24 01:04:04.000,28.2,32.0,33.0,33.1,31.6,30.6,31.8,30.8,33.3,33.9,31.1,29.6,33.8,33.9,34.5,36.2,36.7,37.8,37.6,37.3,36.3,35.5,33.3,30.7,28.2,25.4,23.2,20.9,17.8,13.3,8.9,5.1,2.0,45.4,47.6,48.1,13.1,0.0,75.7,18.2,21.9,79.6,,,OBAnorm,,LD831_01996v2.403,,,,0,0
GLBALSTL,2024-05-24 01:04:05.000,22.8,26.7,32.1,29.5,32.4,29.6,31.8,33.3,32.5,33.8,30.5,30.9,34.0,34.0,34.9,37.3,36.6,38.0,37.3,37.8,37.0,35.4,33.3,30.5,27.6,25.1,22.8,19.7,16.0,11.7,7.8,4.5,1.8,45.5,47.7,48.2,13.1,0.0,75.6,18.1,21.9,79.6,,,OBAnorm,,LD831_01996v2.403,,,,0,0
GLBALSTL,2024-05-24 01:04:06.000,18.2,30.9,29.4,29.7,31.6,29.0,30.9,31.9,30.7,32.7,31.3,32.3,36.0,36.1,36.1,37.5,38.2,38.9,38.4,38.3,38.6,37.0,34.7,32.0,29.7,26.5,24.4,21.6,17.9,13.6,9.1,5.2,1.9,46.8,48.7,49.1,13.1,0.0,75.6,18.2,21.9,79.6,,,OBAnorm,,LD831_01996v2.403,,,,0,0
GLBALSTL,2024-05-24 01:04:07.000,30.0,29.6,29.9,31.1,30.3,30.9,31.5,32.3,30.7,32.1,29.4,29.0,33.5,34.4,36.3,37.5,38.0,39.0,39.1,39.5,38.4,36.4,34.8,32.3,29.1,25.7,22.3,19.5,15.2,10.4,6.8,3.7,1.8,47.0,48.6,49.0,13.1,0.0,75.6,18.1,21.9,79.6,,,OBAnorm,,LD831_01996v2.403,,,,0,0
GLBALSTL,2024-05-24 01:04:08.000,21.0,23.7,29.7,29.3,28.1,31.1,29.3,33.6,30.3,32.7,31.8,31.7,35.6,36.0,36.3,37.7,39.8,39.2,38.6,38.7,38.0,35.6,34.1,31.5,28.2,25.2,22.1,18.7,14.2,10.2,6.3,3.4,1.4,46.5,48.7,49.1,13.1,0.0,75.7,18.2,21.9,79.6,,,OBAnorm,,LD831_01996v2.403,,,,0,0
GLBALSTL,2024-05-24 01:04:09.000,28.5,27.2,32.0,30.4,31.9,32.5,33.0,33.0,31.7,31.9,30.9,30.8,33.0,33.8,35.2,37.0,38.4,38.8,38.6,38.6,37.0,35.6,33.6,31.1,28.2,25.4,21.8,18.8,15.2,11.7,7.7,4.5,1.7,46.2,48.2,48.6,13.1,0.0,75.6,18.1,21.9,79.6,,,OBAnorm,,LD831_01996v2.403,,,,0,0
GLBALSTL,2024-05-24 01:04:10.000,25.3,31.8,29.5,31.8,30.2,31.4,31.8,33.5,30.6,30.5,31.2,31.0,32.9,36.8,37.4,39.8,40.4,40.2,39.3,39.0,37.5,35.9,33.8,31.5,29.1,26.0,22.7,21.1,15.9,10.4,6.8,3.6,1.4,47.1,49.4,49.7,13.1,0.0,75.6,18.2,21.9,79.6,,,OBAnorm,,LD831_01996v2.403,,,,0,0
GLBALSTL,2024-05-24 01:04:11.000,27.7,26.5,29.9,28.4,31.7,31.9,33.0,32.4,30.9,32.9,29.6,31.0,35.3,37.9,36.8,37.7,38.9,39.5,38.6,38.1,38.1,36.3,34.9,32.9,29.8,26.6,24.5,22.1,18.3,13.8,10.2,5.4,2.1,46.8,48.8,49.2,13.1,0.0,75.7,18.1,21.9,79.6,,,OBAnorm,,LD831_01996v2.403,,,,0,0
GLBALSTL,2024-05-24 01:04:12.000,25.8,28.8,32.5,31.0,29.0,29.9,31.3,33.1,32.0,31.3,28.8,29.2,33.9,35.8,35.9,36.7,39.1,38.3,38.5,38.9,38.0,36.2,34.3,31.6,28.7,25.8,23.0,19.9,16.6,10.6,6.3,3.5,1.4,46.6,48.4,48.9,13.1,0.0,75.7,18.1,21.9,79.6,,,OBAnorm,,LD831_01996v2.403,,,,0,0
GLBALSTL,2024-05-24 01:04:13.000,26.5,26.9,33.0,29.5,30.7,32.3,35.0,29.3,32.1,30.8,30.0,31.8,35.3,36.7,35.7,37.8,38.0,39.0,39.5,38.9,38.4,36.3,34.4,31.9,28.5,25.7,23.2,20.1,15.0,10.3,6.1,3.5,1.3,46.7,48.7,49.2,13.1,0.0,75.6,18.1,21.9,79.6,,,OBAnorm,,LD831_01996v2.403,,,,0,0
GLBALSTL,2024-05-24 01:04:14.000,23.9,23.2,31.5,29.2,30.6,33.5,33.8,32.6,31.7,31.7,29.1,27.6,32.3,34.4,32.5,37.7,39.1,39.3,39.7,38.4,38.0,36.2,34.3,31.3,28.4,25.0,21.4,17.9,13.5,9.1,5.4,3.0,1.2,46.6,48.4,48.8,13.1,0.0,75.6,18.1,21.9,79.6,,,OBAnorm,,LD831_01996v2.403,,,,0,0
GLBALSTL,2024-05-24 01:04:15.000,25.9,27.3,32.6,27.9,31.4,32.9,33.5,31.5,30.5,30.0,30.1,30.4,34.8,34.8,34.3,37.3,38.4,37.9,38.7,38.3,37.4,35.4,33.6,30.8,28.2,24.8,22.4,19.2,14.8,10.4,6.5,3.6,1.6,46.1,48.2,48.7,13.1,0.0,75.7,18.2,21.9,79.6,,,OBAnorm,,LD831_01996v2.403,,,,0,0
GLBALSTL,2024-05-24 01:04:16.000,27.3,28.8,30.0,28.7,33.2,31.8,32.6,32.7,30.9,29.6,27.0,26.5,31.8,35.5,35.5,37.7,38.4,39.2,39.2,39.0,37.9,36.6,34.6,31.3,28.7,26.0,22.3,18.8,14.7,10.2,6.2,3.4,1.4,46.8,48.6,49.2,13.1,0.0,75.6,18.2,21.9,79.6,,,OBAnorm,,LD831_01996v2.403,,,,0,0
GLBALSTL,2024-05-24 01:04:17.000,25.9,26.3,31.6,32.2,31.6,33.4,33.1,33.2,30.5,33.1,32.6,34.6,36.0,36.3,35.1,37.7,38.3,38.0,38.8,37.6,37.6,36.0,33.8,31.3,28.3,25.2,23.1,19.6,16.1,12.0,8.0,4.7,2.0,46.1,48.5,49.1,13.1,0.0,75.6,18.1,21.9,79.6,,,OBAnorm,,LD831_01996v2.403,,,,0,0
GLBALSTL,2024-05-24 01:04:18.000,24.7,30.8,29.5,35.5,31.1,33.2,32.9,34.4,33.1,31.5,29.4,26.7,30.9,32.9,34.7,37.9,37.7,39.1,38.9,38.5,37.3,35.8,33.9,31.9,29.0,25.1,22.0,18.5,14.7,10.4,6.4,3.6,1.4,46.3,48.1,48.7,13.1,0.0,75.6,18.1,21.9,79.6,,,OBAnorm,,LD831_01996v2.403,,,,0,0
GLBALSTL,2024-05-24 01:04:19.000,28.2,32.8,31.0,31.4,31.2,33.4,33.7,31.3,30.7,31.0,30.8,30.5,34.1,36.6,36.3,38.5,39.2,39.3,38.6,39.0,38.3,37.4,35.3,33.4,30.1,28.1,25.8,22.7,19.6,15.5,10.9,6.4,2.9,47.2,49.0,49.5,13.1,0.0,75.7,18.2,21.9,79.6,,,OBAnorm,,LD831_01996v2.403,,,,0,0
GLBALSTL,2024-05-24 01:04:20.000,26.2,29.1,32.0,31.9,33.8,32.3,33.7,32.2,31.2,29.5,27.9,29.4,35.6,35.2,35.2,37.4,38.1,38.6,38.2,38.4,37.5,36.7,35.2,32.7,29.3,26.2,23.0,19.7,16.0,11.5,7.4,4.0,1.6,46.6,48.5,49.0,13.1,0.2,75.7,18.1,21.9,79.6,,,OBAnorm,,LD831_01996v2.403,,,,0,0
GLBALSTL,2024-05-24 01:04:21.000,22.8,30.5,32.6,33.0,29.4,33.0,34.1,31.6,32.4,30.4,29.3,28.6,34.2,33.8,35.5,37.5,38.3,39.1,39.1,38.7,37.5,36.1,34.6,32.1,29.5,26.8,23.1,20.5,16.9,12.4,8.8,4.7,2.0,46.5,48.5,49.0,13.1,0.4,75.7,18.1,21.9,79.6,,,OBAnorm,,LD831_01996v2.403,,,,0,0
GLBALSTL,2024-05-24 01:04:22.000,25.3,26.7,31.3,32.4,32.1,34.9,33.5,34.4,29.7,32.1,28.8,26.0,30.7,33.9,34.5,37.0,38.1,38.5,37.6,38.4,37.9,36.0,33.7,31.4,28.5,25.3,22.3,19.2,15.0,10.6,7.0,3.9,1.7,46.1,48.0,48.5,13.1,0.4,75.7,18.2,21.9,79.6,,,OBAnorm,,LD831_01996v2.403,,,,0,0
GLBALSTL,2024-05-24 01:04:23.000,26.7,29.4,32.4,31.1,31.8,34.7,30.7,33.9,30.1,30.7,27.9,29.5,33.6,33.0,33.7,36.8,38.1,39.1,38.4,37.4,37.0,35.3,32.7,30.6,28.0,25.0,21.9,18.5,14.6,10.7,6.5,3.8,1.7,45.8,47.9,48.3,13.1,0.5,75.7,18.2,21.9,79.6,,,OBAnorm,,LD831_01996v2.403,,,,0,0
GLBALSTL,2024-05-24 01:04:24.000,22.6,30.8,31.9,31.6,33.4,34.2,32.6,31.5,31.2,31.2,27.0,27.4,31.0,33.1,34.4,37.3,38.1,39.1,38.3,38.5,37.1,35.6,33.6,30.9,27.9,24.5,21.3,17.3,13.6,9.5,5.5,3.2,1.3,46.1,48.1,48.7,13.1,0.6,75.7,18.1,21.9,79.6,,,OBAnorm,,LD831_01996v2.403,,,,0,0
GLBALSTL,2024-05-24 01:04:25.000,24.9,30.6,30.6,30.7,34.2,33.3,31.2,31.9,31.3,30.6,28.5,26.5,30.2,32.8,34.4,36.8,38.0,38.2,38.0,37.7,37.0,35.7,33.4,30.6,27.8,24.2,21.1,17.7,14.1,9.5,6.2,3.7,1.5,45.6,47.5,48.1,13.1,0.6,75.7,18.1,21.9,79.6,,,OBAnorm,,LD831_01996v2.403,,,,0,0
GLBALSTL,2024-05-24 01:04:26.000,27.3,27.9,32.5,34.2,33.0,32.7,30.2,32.1,30.7,30.3,30.4,29.3,32.3,34.7,35.7,36.7,38.3,38.8,39.1,38.5,37.7,36.0,34.4,32.1,29.0,26.4,23.0,18.9,15.5,11.0,7.3,4.0,1.6,46.6,48.5,49.0,13.1,0.6,75.7,18.1,21.9,79.6,,,OBAnorm,,LD831_01996v2.403,,,,0,0
GLBALSTL,2024-05-24 01:04:27.000,27.8,29.7,30.0,27.7,32.9,33.5,30.5,31.5,33.0,31.2,28.8,26.8,31.9,33.5,35.8,37.8,37.9,39.2,39.2,38.6,37.7,36.4,35.1,32.4,29.5,26.5,22.7,20.5,16.3,11.1,6.7,3.7,1.5,46.7,48.5,48.9,13.1,0.6,75.7,18.1,21.9,79.6,,,OBAnorm,,LD831_01996v2.403,,,,0,0
GLBALSTL,2024-05-24 01:04:28.000,24.0,30.9,30.0,32.5,31.9,34.6,32.6,33.3,34.0,29.7,29.6,26.3,31.5,33.5,34.8,36.4,37.5,38.5,38.4,37.6,36.3,35.0,32.8,30.5,27.7,24.6,21.1,17.9,14.1,9.8,5.8,3.2,1.3,45.5,47.5,47.9,13.1,0.5,75.7,18.1,21.9,79.6,,,OBAnorm,,LD831_01996v2.403,,,,0,0
GLBALSTL,2024-05-24 01:04:29.000,24.8,28.9,27.2,30.9,27.9,30.3,32.8,31.9,31.3,32.8,30.5,30.3,34.8,35.6,34.8,37.4,37.6,38.6,38.3,37.5,36.3,35.3,34.0,30.8,28.1,25.3,22.3,19.1,16.2,12.1,8.9,6.7,2.2,45.7,48.2,48.6,13.1,0.5,75.7,18.1,21.9,79.6,,,OBAnorm,,LD831_01996v2.403,,,,0,0
GLBALSTL,2024-05-24 01:04:30.000,20.8,25.5,30.4,28.2,29.4,33.3,33.7,31.6,32.4,32.4,35.2,33.4,35.8,36.9,35.1,36.4,37.6,37.4,38.0,37.3,35.9,34.7,33.4,31.6,28.3,26.0,22.4,20.1,15.8,10.6,6.1,3.6,1.4,45.4,47.8,48.4,13.1,0.5,75.7,18.2,21.9,79.6,,,OBAnorm,,LD831_01996v2.403,,,,0,0
GLBALSTL,2024-05-24 01:04:31.000,24.2,23.8,31.6,27.7,30.8,32.5,31.8,30.9,30.9,33.6,32.0,27.8,32.0,33.1,34.5,36.1,38.2,38.5,38.1,37.8,36.8,35.5,33.5,30.9,28.4,25.8,22.9,19.9,15.7,11.3,7.2,3.9,1.7,45.8,47.8,48.3,13.1,0.4,75.7,18.2,21.9,79.6,,,OBAnorm,,LD831_01996v2.403,,,,0,0
GLBALSTL,2024-05-24 01:04:32.000,22.2,28.3,27.8,28.1,31.5,31.8,30.8,33.5,31.8,34.3,29.9,26.3,30.9,31.9,34.4,37.1,37.8,38.5,38.7,38.6,37.7,35.7,34.2,31.4,28.3,25.5,22.3,19.3,14.9,10.7,6.6,3.9,1.4,46.3,48.1,48.6,13.1,0.3,75.7,18.1,21.9,79.6,,,OBAnorm,,LD831_01996v2.403,,,,0,0
GLBALSTL,2024-05-24 01:04:33.000,27.9,26.3,31.1,33.4,29.7,32.2,32.6,33.2,33.2,33.0,31.2,27.3,31.1,34.0,36.8,38.7,39.7,40.7,40.2,39.5,38.8,37.4,35.3,32.5,29.5,26.8,24.8,21.5,17.2,12.4,7.4,3.8,1.5,47.6,49.4,49.6,13.1,0.3,75.7,18.1,21.9,79.6,,,OBAnorm,,LD831_01996v2.403,,,,0,0
GLBALSTL,2024-05-24 01:04:34.000,25.0,29.1,26.1,28.0,30.3,30.0,32.1,31.8,31.2,33.8,31.0,30.1,34.0,34.2,35.5,38.8,39.9,39.7,39.4,38.9,38.2,36.7,35.0,31.5,29.4,25.8,22.9,19.6,15.9,11.1,6.9,3.6,1.4,47.0,48.9,49.3,13.1,0.3,75.7,18.2,21.9,79.6,,,OBAnorm,,LD831_01996v2.403,,,,0,0
GLBALSTL,2024-05-24 01:04:35.000,20.9,28.7,26.6,30.7,25.3,32.6,34.2,32.5,32.0,33.4,30.5,30.1,31.7,34.4,36.4,37.5,37.6,38.5,39.2,37.6,37.4,35.7,33.8,31.7,28.2,25.4,22.4,19.1,15.0,10.5,6.5,3.6,1.5,46.0,48.1,48.5,13.1,0.3,75.7,18.1,22.0,79.7,,,OBAnorm,,LD831_01996v2.403,,,,0,0
GLBALSTL,2024-05-24 01:04:36.000,26.6,28.0,29.7,26.6,30.9,32.3,34.3,32.4,34.8,34.8,30.9,30.3,33.3,34.4,34.9,36.2,36.4,38.1,37.9,37.4,36.1,34.5,32.9,30.2,27.0,24.4,21.6,19.9,15.2,10.4,6.3,3.5,1.3,45.2,47.7,48.3,13.1,0.3,75.7,18.2,22.0,79.7,,,OBAnorm,,LD831_01996v2.403,,,,0,0
GLBALSTL,2024-05-24 01:04:37.000,21.5,25.3,27.6,29.4,30.4,31.5,30.8,32.7,33.2,35.7,35.3,34.6,34.4,34.2,35.5,36.4,36.6,38.2,37.3,37.4,36.8,35.1,33.1,30.9,28.0,25.6,22.7,19.9,16.6,12.5,7.9,4.3,1.7,45.5,48.0,48.6,13.1,0.2,75.7,18.1,22.0,79.7,,,OBAnorm,,LD831_01996v2.403,,,,0,0
GLBALSTL,2024-05-24 01:04:38.000,24.4,30.1,33.0,30.2,33.6,32.1,30.9,34.0,32.1,34.2,33.2,29.3,30.0,32.7,35.3,36.9,37.1,38.9,38.4,37.7,37.2,35.4,34.0,31.9,28.6,25.0,22.6,19.9,16.4,10.6,5.9,3.3,1.0,45.8,47.8,48.3,13.1,0.2,75.7,18.1,22.0,79.7,,,OBAnorm,,LD831_01996v2.403,,,,0,0
GLBALSTL,2024-05-24 01:04:39.000,24.2,28.1,29.9,27.3,31.2,30.1,30.9,33.3,33.3,36.1,32.3,30.3,31.3,33.2,33.9,36.0,36.4,37.2,37.0,36.8,36.2,34.8,32.7,30.4,27.4,24.5,21.6,19.1,15.1,10.4,6.3,3.5,1.3,44.9,47.3,47.9,13.1,0.2,75.7,18.1,21.9,79.6,,,OBAnorm,,LD831_01996v2.403,,,,0,0
GLBALSTL,2024-05-24 01:04:40.000,25.6,31.4,25.6,27.1,30.2,31.7,30.5,31.9,33.4,34.5,34.2,32.7,33.4,34.9,36.2,37.6,38.7,39.4,39.8,38.9,37.7,36.7,35.2,32.2,29.5,26.4,22.8,19.9,15.9,11.1,6.8,3.9,1.6,47.0,48.9,49.3,13.1,0.2,75.7,18.1,22.0,79.7,,,OBAnorm,,LD831_01996v2.403,,,,0,0
GLBALSTL,2024-05-24 01:04:41.000,29.4,27.5,29.8,31.9,29.7,30.3,31.7,33.1,34.4,34.0,33.2,31.2,31.2,35.1,35.2,37.7,38.0,39.1,39.3,39.1,37.3,36.4,34.8,32.1,29.4,27.1,24.5,20.5,16.2,11.7,7.7,4.4,1.7,46.7,48.7,49.1,13.1,0.2,75.7,18.1,22.0,79.7,,,OBAnorm,,LD831_01996v2.403,,,,0,0
GLBALSTL,2024-05-24 01:04:42.000,25.6,24.3,30.6,28.3,29.9,31.6,32.2,33.0,33.5,35.8,33.9,30.8,34.0,34.6,36.6,38.0,39.8,40.3,39.4,38.6,37.8,36.7,34.7,31.9,29.4,25.9,23.0,19.9,15.0,10.6,6.4,3.8,1.4,47.0,49.1,49.5,13.1,0.2,75.7,18.1,22.0,79.7,,,OBAnorm,,LD831_01996v2.403,,,,0,0
GLBALSTL,2024-05-24 01:04:43.000,26.1,23.9,28.6,29.8,28.8,32.0,31.6,32.3,33.9,36.8,35.0,31.9,32.0,37.0,36.4,37.4,38.3,39.4,38.2,38.3,37.5,36.1,34.0,31.0,28.0,24.9,22.0,19.0,14.8,10.8,7.2,3.5,1.5,46.4,48.8,49.1,13.1,0.2,75.7,18.2,22.0,79.7,,,OBAnorm,,LD831_01996v2.403,,,,0,0
GLBALSTL,2024-05-24 01:04:44.000,26.8,25.3,32.3,27.4,28.2,31.9,33.1,31.5,32.8,36.2,33.1,30.7,33.2,34.9,36.1,36.5,37.9,37.1,37.8,37.4,37.1,35.1,34.0,31.1,28.0,25.3,22.4,19.8,16.0,12.3,7.6,4.3,1.8,45.5,48.0,48.4,13.1,0.2,75.7,18.2,22.0,79.7,,,OBAnorm,,LD831_01996v2.403,,,,0,0
GLBALSTL,2024-05-24 01:04:45.000,28.0,25.6,29.8,25.0,29.1,32.2,32.8,32.3,34.8,38.5,35.1,34.9,34.8,36.4,35.3,36.1,38.5,37.6,37.9,37.4,36.3,35.2,33.8,31.0,28.0,24.9,22.2,19.3,15.9,12.0,8.3,4.5,1.8,45.7,48.7,49.1,13.1,0.2,75.7,18.2,22.0,79.7,,,OBAnorm,,LD831_01996v2.403,,,,0,0
GLBALSTL,2024-05-24 01:04:46.000,23.6,23.9,30.6,31.0,28.3,32.4,31.0,33.9,35.2,36.4,35.4,33.7,32.4,36.1,35.7,37.2,37.5,38.4,38.3,38.3,37.5,36.0,33.7,31.0,28.1,24.6,21.8,18.8,14.8,9.6,5.8,3.3,1.5,45.9,48.4,48.7,13.1,0.1,75.7,18.2,22.0,79.7,,,OBAnorm,,LD831_01996v2.403,,,,0,0
GLBALSTL,2024-05-24 01:04:47.000,23.3,28.3,28.5,27.2,30.6,33.0,31.2,33.7,34.1,36.5,36.0,30.4,32.5,35.0,36.1,36.3,37.2,37.5,37.7,36.5,36.6,34.7,33.1,30.4,26.8,24.0,21.6,18.0,15.2,11.4,7.6,3.8,1.5,45.2,48.0,48.6,13.1,0.0,75.6,18.1,22.0,79.7,,,OBAnorm,,LD831_01996v2.403,,,,0,0
GLBALSTL,2024-05-24 01:04:48.000,18.0,25.9,31.8,27.2,33.5,30.5,31.1,34.0,34.8,34.9,37.3,32.5,31.1,35.5,36.6,38.8,38.3,39.8,39.4,39.2,37.6,36.5,35.0,32.7,29.6,26.8,23.9,20.1,16.5,11.9,7.2,4.0,1.5,47.1,49.5,49.8,13.1,0.0,75.7,18.2,22.0,79.7,,,OBAnorm,,LD831_01996v2.403,,,,0,0
GLBALSTL,2024-05-24 01:04:49.000,22.9,27.3,28.4,28.5,30.2,33.4,31.9,33.3,34.1,35.2,35.3,34.2,35.3,36.2,37.1,38.4,37.8,38.9,39.4,39.1,38.2,36.7,34.8,32.7,29.8,28.0,25.0,22.2,18.5,14.3,9.6,5.6,2.1,46.9,48.9,49.3,13.1,0.0,75.7,18.2,22.0,79.7,,,OBAnorm,,LD831_01996v2.403,,,,0,0
GLBALSTL,2024-05-24 01:04:50.000,24.2,30.8,29.4,28.2,29.5,31.7,33.2,34.2,33.1,35.1,34.3,30.3,31.2,34.0,35.2,36.9,37.5,37.9,38.0,37.9,36.9,35.4,34.0,31.2,28.2,25.1,22.2,19.2,15.1,11.3,7.4,4.0,1.4,45.8,48.2,48.7,13.1,0.0,75.7,18.1,22.0,79.7,,,OBAnorm,,LD831_01996v2.403,,,,0,0
GLBALSTL,2024-05-24 01:04:51.000,25.6,25.6,30.1,29.1,30.3,33.1,34.3,32.5,34.4,35.4,34.9,32.5,35.0,35.1,37.4,39.0,39.3,39.4,39.8,39.2,38.7,36.8,35.2,32.8,29.7,26.8,23.5,20.6,17.3,13.1,8.9,5.7,2.1,47.3,49.4,49.7,13.1,0.0,75.7,18.1,22.0,79.7,,,OBAnorm,,LD831_01996v2.403,,,,0,0
GLBALSTL,2024-05-24 01:04:52.000,25.1,29.6,28.8,28.9,29.8,31.8,33.1,32.9,32.8,34.9,33.8,34.0,34.5,36.5,36.8,38.6,38.4,39.4,39.8,39.7,38.6,36.6,35.0,32.1,29.7,26.2,23.3,19.9,15.4,11.2,6.7,3.7,1.6,47.2,49.3,49.6,13.1,0.0,75.7,18.2,22.0,79.7,,,OBAnorm,,LD831_01996v2.403,,,,0,0
GLBALSTL,2024-05-24 01:04:53.000,25.7,25.7,28.5,27.5,29.3,30.9,32.4,32.6,32.5,34.5,34.3,30.8,33.1,35.4,35.7,38.3,39.8,41.0,40.5,40.0,38.8,37.6,36.1,33.2,30.2,27.5,25.1,21.7,17.8,14.2,9.6,5.1,2.0,47.9,49.7,50.0,13.1,0.0,75.7,18.1,22.0,79.7,,,OBAnorm,,LD831_01996v2.403,,,,0,0
GLBALSTL,2024-05-24 01:04:54.000,25.6,25.4,29.6,30.0,28.3,30.5,30.7,31.4,32.2,34.4,34.3,30.4,32.9,35.1,36.8,38.7,39.4,40.2,40.4,40.6,39.5,38.0,35.9,33.9,30.7,28.4,25.7,22.5,18.8,14.5,11.3,5.3,1.9,48.1,49.7,50.0,13.1,0.0,75.7,18.1,21.9,79.6,,,OBAnorm,,LD831_01996v2.403,,,,0,0
GLBALSTL,2024-05-24 01:04:55.000,22.9,27.1,30.1,30.7,27.4,32.3,32.2,31.8,32.0,34.7,34.5,30.5,33.9,34.8,37.1,39.7,40.2,41.6,40.4,39.9,39.3,37.4,35.6,33.2,30.6,27.1,24.2,21.3,17.5,12.3,7.7,4.3,1.6,48.3,50.2,50.5,13.1,0.0,75.7,18.1,22.0,79.7,,,OBAnorm,,LD831_01996v2.403,,,,0,0
GLBALSTL,2024-05-24 01:04:56.000,24.1,20.4,27.6,30.4,28.3,32.5,30.0,32.1,32.0,34.0,32.4,32.3,32.4,36.2,36.9,38.8,40.2,40.7,39.7,40.3,39.6,38.5,36.8,34.6,31.1,28.0,26.0,22.8,19.9,16.5,12.1,6.8,2.8,48.3,49.8,50.0,13.1,0.0,75.7,18.2,22.0,79.7,,,OBAnorm,,LD831_01996v2.403,,,,0,0
GLBALSTL,2024-05-24 01:04:57.000,26.2,28.1,29.3,25.7,28.5,29.8,30.6,31.3,31.3,33.8,30.7,30.0,33.6,34.0,34.3,36.8,37.7,39.1,39.2,39.5,38.3,36.3,35.3,32.0,28.9,26.5,23.7,20.5,17.0,12.6,8.4,4.7,1.9,46.7,48.5,49.2,13.1,0.0,75.7,18.2,22.0,79.7,,,OBAnorm,,LD831_01996v2.403,,,,0,0
GLBALSTL,2024-05-24 01:04:58.000,23.0,29.1,30.5,28.6,27.7,31.9,31.5,33.0,33.2,33.2,34.0,36.3,35.6,35.9,34.8,37.5,38.4,39.0,39.0,38.8,37.7,36.4,34.6,32.3,29.0,26.3,22.8,20.0,16.7,12.8,8.6,5.1,2.0,46.7,48.9,49.4,13.1,0.0,75.7,18.1,22.0,79.7,,,OBAnorm,,LD831_01996v2.403,,,,0,0
GLBALSTL,2024-05-24 01:04:59.000,24.1,25.2,28.6,27.0,28.0,30.2,32.0,31.4,31.8,34.3,37.0,36.4,34.9,36.6,35.9,37.8,39.4,39.9,39.5,38.7,38.4,37.0,35.4,32.5,29.4,25.8,23.4,20.4,16.6,12.1,8.1,4.7,1.9,47.2,49.2,49.6,13.1,0.0,75.6,18.2,22.0,79.7,,,OBAnorm,,LD831_01996v2.403,,,,0,0
GLBALSTL,2024-05-24 01:05:00.000,24.8,28.6,31.2,28.6,27.4,29.1,30.3,30.1,31.8,31.7,34.7,34.6,35.8,34.2,34.4,37.1,39.1,39.2,38.6,38.0,36.5,35.9,34.3,30.2,27.9,25.4,22.6,19.6,15.7,11.9,7.4,4.3,1.6,46.1,48.5,49.1,13.1,0.0,75.7,18.2,22.0,79.7,,,OBAnorm,,LD831_01996v2.403,,,,0,0
GLBALSTL,2024-05-24 01:05:01.000,27.4,28.4,26.2,27.1,29.5,30.9,32.7,30.9,31.5,33.5,34.5,33.4,36.8,36.3,35.4,37.5,38.2,39.3,38.9,39.0,37.3,35.6,34.2,31.2,28.3,25.1,22.3,19.2,14.8,10.5,6.5,3.8,1.6,46.5,48.7,49.1,13.1,0.0,75.7,18.1,22.0,80.2,,,OBAnorm,,LD831_01996v2.403,,,,0,0
GLBALSTL,2024-05-24 01:05:02.000,25.7,29.2,28.6,28.7,28.9,31.7,29.2,31.3,30.1,33.1,32.5,33.9,33.3,35.2,36.0,38.5,39.5,39.7,39.8,39.1,38.0,37.0,35.6,32.2,29.7,27.0,24.2,22.3,18.4,13.2,8.8,4.7,2.2,47.3,49.1,49.6,13.1,0.0,75.7,18.1,22.0,79.7,,,OBAnorm,,LD831_01996v2.403,,,,0,0
GLBALSTL,2024-05-24 01:05:03.000,19.0,22.3,25.6,24.4,25.5,31.3,31.0,29.2,29.7,32.0,30.5,29.7,31.3,32.8,34.8,36.3,37.2,38.6,37.8,38.0,37.1,35.1,34.0,31.3,28.0,24.9,21.8,19.3,15.1,10.2,6.3,3.4,1.4,45.6,47.4,47.9,13.1,0.0,75.7,18.2,22.0,79.7,,,OBAnorm,,LD831_01996v2.403,,,,0,0
GLBALSTL,2024-05-24 01:05:04.000,22.7,28.3,30.4,29.3,28.7,30.8,31.8,32.4,30.2,30.8,29.2,30.9,33.4,34.7,34.6,35.9,36.9,38.1,38.1,37.7,36.6,35.4,33.5,31.1,27.8,24.3,21.5,18.3,13.9,9.6,5.8,3.4,1.4,45.6,47.4,48.0,13.1,0.0,75.7,18.2,22.0,80.2,,,OBAnorm,,LD831_01996v2.403,,,,0,0
GLBALSTL,2024-05-24 01:05:05.000,24.5,26.2,29.1,27.5,26.5,32.0,31.0,31.5,30.9,32.4,30.0,26.8,30.2,30.9,33.2,35.7,36.9,38.5,37.1,36.3,36.2,36.0,33.1,30.4,27.2,24.6,21.0,18.0,14.1,9.4,5.8,3.5,1.3,45.2,46.9,47.5,13.1,0.0,75.7,18.1,22.0,80.2,,,OBAnorm,,LD831_01996v2.403,,,,0,0
GLBALSTL,2024-05-24 01:05:06.000,26.3,26.0,26.1,27.6,28.3,29.1,31.9,29.9,29.2,29.4,32.4,29.6,33.3,33.8,34.6,37.3,38.3,39.3,39.5,38.8,37.2,35.3,33.7,31.4,28.3,24.9,22.2,19.5,15.2,10.1,6.1,3.4,1.4,46.4,48.2,48.7,13.1,0.0,75.7,18.1,22.0,80.2,,,OBAnorm,,LD831_01996v2.403,,,,0,0
GLBALSTL,2024-05-24 01:05:07.000,26.6,27.0,26.8,28.2,27.2,28.8,28.5,30.5,30.4,31.5,29.9,28.9,30.3,33.2,35.5,37.4,38.2,38.3,39.1,38.4,37.5,36.6,34.8,32.2,28.8,26.4,23.0,20.5,16.4,12.0,7.4,4.0,1.6,46.5,48.1,48.5,13.1,0.0,75.7,18.1,22.0,80.2,,,OBAnorm,,LD831_01996v2.403,,,,0,0
GLBALSTL,2024-05-24 01:05:08.000,26.4,28.4,28.8,27.0,27.3,30.0,31.6,28.6,30.8,29.8,30.7,27.1,33.3,34.5,34.6,36.8,38.3,39.3,39.4,38.5,38.3,37.0,35.3,32.1,28.8,27.4,24.2,21.1,18.0,12.8,8.9,5.2,2.4,46.8,48.3,48.7,13.1,0.0,75.7,18.2,22.0,80.2,,,OBAnorm,,LD831_01996v2.403,,,,0,0
GLBALSTL,2024-05-24 01:05:09.000,25.9,27.7,30.1,31.5,28.8,30.3,31.4,28.9,30.1,29.9,30.3,29.4,32.8,35.1,34.3,35.9,37.1,36.5,36.6,37.2,36.6,35.1,32.9,30.4,27.6,24.5,21.9,19.3,15.3,10.9,6.7,3.7,1.5,44.9,46.9,47.5,13.1,0.0,75.6,18.2,21.9,80.2,,,OBAnorm,,LD831_01996v2.403,,,,0,0
GLBALSTL,2024-05-24 01:05:10.000,26.1,27.3,32.2,26.7,27.4,29.4,30.1,31.0,29.0,31.0,28.7,30.1,29.9,32.7,34.3,36.0,36.3,38.1,36.9,37.1,36.8,35.0,33.1,30.6,27.7,24.0,21.1,18.1,13.9,9.6,6.1,3.2,1.3,45.3,47.0,47.4,13.1,0.0,75.7,18.1,21.9,80.2,,,OBAnorm,,LD831_01996v2.403,,,,0,0
GLBALSTL,2024-05-24 01:05:11.000,25.3,28.6,26.1,27.9,27.1,28.5,28.2,29.9,29.4,28.2,27.1,26.2,29.2,33.2,32.8,35.4,37.2,38.1,37.4,37.2,37.0,35.2,33.3,30.3,27.5,24.0,21.5,17.9,14.2,10.7,6.8,3.7,1.5,45.3,47.0,47.6,13.1,0.0,75.6,18.1,21.9,80.2,,,OBAnorm,,LD831_01996v2.403,,,,0,0
GLBALSTL,2024-05-24 01:05:12.000,24.7,28.5,31.0,27.2,28.3,30.2,28.7,29.2,29.3,29.9,29.4,26.4,32.9,34.6,32.9,35.9,36.4,37.0,37.3,36.7,35.5,33.6,32.5,29.4,26.3,22.7,19.9,16.6,12.7,8.5,5.8,3.4,1.3,44.5,46.4,46.8,13.1,0.0,75.7,18.1,21.9,80.2,,,OBAnorm,,LD831_01996v2.403,,,,0,0
GLBALSTL,2024-05-24 01:05:13.000,23.2,23.0,27.8,27.4,29.5,29.2,30.6,33.9,33.8,32.4,30.1,26.9,31.4,32.6,32.2,35.2,37.4,37.3,38.0,37.1,36.4,34.8,32.7,30.2,27.1,23.9,20.1,17.1,13.1,8.3,4.9,2.9,1.2,45.2,47.3,47.9,13.1,0.0,75.7,18.1,21.9,80.2,,,OBAnorm,,LD831_01996v2.403,,,,0,0
GLBALSTL,2024-05-24 01:05:14.000,23.3,22.4,29.6,29.2,28.5,31.1,30.4,31.3,29.2,30.6,31.4,30.4,31.9,33.5,34.9,36.4,37.2,38.3,37.7,37.6,36.9,34.6,33.1,30.4,27.9,25.0,21.2,18.5,14.6,9.6,6.1,3.2,1.2,45.5,47.5,47.9,13.1,0.0,75.6,18.1,21.9,80.2,,,OBAnorm,,LD831_01996v2.403,,,,0,0
GLBALSTL,2024-05-24 01:05:15.000,26.4,28.9,30.1,26.3,28.4,29.7,30.5,30.8,28.8,31.6,31.2,28.6,31.7,33.3,35.0,36.4,37.3,38.4,37.9,37.4,36.8,34.8,33.6,30.4,27.8,25.1,22.2,19.3,15.4,10.3,6.9,3.5,1.3,45.4,47.3,47.7,13.1,0.0,75.7,18.1,21.9,80.2,,,OBAnorm,,LD831_01996v2.403,,,,0,0
GLBALSTL,2024-05-24 01:05:16.000,21.9,26.3,25.0,30.6,29.8,30.3,31.3,30.2,29.9,33.7,32.1,34.9,37.4,36.4,36.2,38.9,38.9,39.4,40.2,39.1,38.3,37.6,35.7,33.2,30.3,27.8,25.6,22.0,19.7,15.1,11.0,6.2,2.8,47.4,49.4,49.7,13.1,0.0,75.6,18.1,21.9,80.2,,,OBAnorm,,LD831_01996v2.403,,,,0,0
GLBALSTL,2024-05-24 01:05:17.000,20.9,25.7,27.6,28.0,28.2,29.1,31.7,31.8,30.9,32.3,32.3,33.2,34.3,34.3,36.4,36.8,37.8,39.2,39.5,38.9,37.8,36.4,35.2,33.1,29.8,27.3,24.9,22.4,18.8,14.2,10.0,5.6,2.5,46.9,48.5,48.9,13.1,0.0,75.7,18.2,21.9,80.2,,,OBAnorm,,LD831_01996v2.403,,,,0,0
GLBALSTL,2024-05-24 01:05:18.000,22.9,28.1,29.2,29.1,30.3,29.9,31.5,29.8,30.1,32.1,33.7,35.3,32.1,33.9,36.7,38.1,38.5,39.7,39.1,38.4,37.3,35.6,34.4,31.9,28.3,26.2,23.1,21.0,16.5,11.3,7.3,3.7,1.4,46.5,48.5,48.9,13.1,0.0,75.7,18.2,21.9,80.2,,,OBAnorm,,LD831_01996v2.403,,,,0,0
GLBALSTL,2024-05-24 01:05:19.000,25.9,27.1,33.4,27.9,28.7,29.1,29.1,29.6,30.1,31.0,31.1,28.0,31.9,33.9,34.6,36.1,37.8,37.3,37.9,38.1,36.5,35.0,33.4,30.9,28.1,25.3,22.9,20.2,15.7,10.4,6.4,3.5,1.4,45.6,47.4,47.9,13.1,0.0,75.7,18.1,21.9,80.2,,,OBAnorm,,LD831_01996v2.403,,,,0,0
GLBALSTL,2024-05-24 01:05:20.000,26.1,26.8,26.1,27.6,29.0,28.9,29.3,29.8,30.4,30.9,30.6,28.2,31.4,34.2,34.6,36.2,38.3,38.5,38.0,37.6,36.7,34.8,33.3,30.7,27.9,25.1,21.8,18.8,14.9,10.7,7.6,3.8,1.5,45.6,47.4,48.1,13.1,0.0,75.7,18.2,21.9,80.2,,,OBAnorm,,LD831_01996v2.403,,,,0,0
GLBALSTL,2024-05-24 01:05:21.000,22.2,24.7,29.0,30.3,28.0,28.4,30.7,28.8,28.5,30.9,29.7,28.3,32.0,34.5,35.4,36.8,37.7,38.5,37.6,37.7,37.4,36.4,34.6,32.5,29.6,27.0,24.5,21.1,18.6,14.3,10.1,5.6,2.4,46.1,47.7,48.1,13.1,0.0,75.6,18.1,21.9,80.2,,,OBAnorm,,LD831_01996v2.403,,,,0,0
GLBALSTL,2024-05-24 01:05:22.000,29.6,24.7,26.7,27.0,28.9,27.3,28.0,29.8,30.2,30.7,30.5,27.2,31.3,33.2,33.8,36.3,36.2,37.7,37.6,37.8,37.2,35.5,33.2,31.3,27.9,25.1,22.5,19.0,15.8,12.7,8.5,5.0,2.1,45.6,47.2,47.6,13.1,0.0,75.7,18.1,21.9,80.2,,,OBAnorm,,LD831_01996v2.403,,,,0,0
GLBALSTL,2024-05-24 01:05:23.000,26.2,26.2,23.7,30.5,27.3,25.9,28.4,29.3,29.4,30.4,29.6,26.6,32.0,32.6,35.4,38.2,38.8,39.3,38.4,38.1,37.5,34.9,34.3,32.3,29.1,25.6,21.9,19.4,15.6,10.7,6.7,3.6,1.6,46.3,47.9,48.4,13.1,0.0,75.7,18.1,21.9,80.2,,,OBAnorm,,LD831_01996v2.403,,,,0,0
GLBALSTL,2024-05-24 01:05:24.000,25.5,25.9,26.7,31.1,28.6,27.7,30.7,29.5,29.1,28.3,29.8,31.4,31.7,35.5,37.5,37.6,39.7,40.1,40.1,40.0,38.4,37.1,35.7,32.9,30.2,27.9,25.0,22.3,19.5,15.4,10.3,5.7,2.6,47.6,49.2,49.6,13.1,0.0,75.7,18.2,21.9,80.2,,,OBAnorm,,LD831_01996v2.403,,,,0,0
GLBALSTL,2024-05-24 01:05:25.000,26.0,30.6,28.5,27.6,26.4,29.2,29.0,29.6,29.0,30.9,30.6,33.9,35.7,35.8,36.3,37.7,39.1,40.0,39.7,40.5,39.3,37.0,36.0,33.9,30.9,27.7,25.1,22.0,18.5,14.0,9.3,4.8,1.9,48.0,49.6,50.1,13.1,0.0,75.6,18.1,21.9,80.2,,,OBAnorm,,LD831_01996v2.403,,,,0,0
GLBALSTL,2024-05-24 01:05:26.000,22.0,25.5,30.3,30.3,28.6,29.6,29.8,29.6,28.3,28.7,31.6,36.5,33.2,34.5,35.6,37.6,38.4,39.2,39.5,39.2,38.3,37.3,36.2,33.2,30.4,27.7,25.2,22.0,19.0,15.4,10.6,6.2,2.8,47.2,48.5,49.3,13.1,0.0,75.7,18.1,21.9,80.2,,,OBAnorm,,LD831_01996v2.403,,,,0,0
GLBALSTL,2024-05-24 01:05:27.000,27.5,24.9,27.9,26.5,27.5,30.9,29.6,29.1,29.1,29.6,28.2,30.3,34.2,33.1,35.0,36.3,37.9,38.2,38.6,38.0,37.1,36.0,34.4,30.9,28.6,25.3,21.9,19.2,15.5,10.8,6.7,4.2,1.7,46.0,47.6,48.1,13.1,0.0,75.8,18.1,21.9,80.2,,,OBAnorm,,LD831_01996v2.403,,,,0,0
GLBALSTL,2024-05-24 01:05:28.000,25.9,25.2,27.9,32.1,27.7,29.4,27.8,29.3,28.8,30.2,29.4,29.4,34.3,34.1,34.5,37.4,37.5,38.9,38.8,38.1,37.3,36.0,34.2,31.4,28.0,25.0,22.2,18.5,14.6,9.9,6.1,3.4,1.4,46.2,48.0,48.3,13.1,0.0,75.7,18.1,21.9,80.2,,,OBAnorm,,LD831_01996v2.403,,,,0,0
GLBALSTL,2024-05-24 01:05:29.000,23.3,29.9,30.1,29.9,27.1,29.5,32.2,28.3,28.8,30.1,30.6,29.9,35.2,36.3,35.6,38.2,38.4,39.2,39.4,38.5,37.9,35.9,34.2,32.1,28.8,26.0,23.5,20.4,16.3,11.1,6.9,3.9,1.5,46.6,48.5,48.8,13.1,0.0,75.7,18.1,21.9,80.2,,,OBAnorm,,LD831_01996v2.403,,,,0,0
GLBALSTL,2024-05-24 01:05:30.000,25.9,24.0,27.1,27.7,29.2,28.7,29.2,29.8,28.3,29.5,29.2,31.1,32.8,34.7,36.7,38.7,39.5,41.5,40.6,40.5,39.2,37.9,36.0,33.2,30.1,27.1,23.5,20.4,16.7,11.3,7.2,3.8,1.4,48.1,49.4,49.8,13.1,0.0,75.7,18.2,21.9,80.2,,,OBAnorm,,LD831_01996v2.403,,,,0,0
GLBALSTL,2024-05-24 01:05:31.000,22.7,26.9,29.8,27.2,29.2,28.4,27.3,28.4,26.8,30.3,29.1,26.9,31.1,31.9,33.1,36.1,37.3,38.6,38.6,38.3,37.5,35.6,33.7,31.5,28.4,24.6,21.7,18.6,14.1,9.9,5.9,3.3,1.4,45.9,47.4,48.3,13.1,0.0,75.6,18.2,21.9,79.6,,,OBAnorm,,LD831_01996v2.403,,,,0,0
GLBALSTL,2024-05-24 01:05:32.000,23.5,25.6,30.9,31.2,28.5,29.5,28.2,29.7,28.6,30.0,29.3,28.2,31.4,34.7,35.4,36.4,38.3,39.1,38.4,38.2,37.4,35.6,34.1,31.5,28.6,25.5,22.9,20.5,16.1,10.3,6.3,3.3,1.3,46.3,47.9,48.4,13.1,0.0,75.7,18.1,21.9,79.6,,,OBAnorm,,LD831_01996v2.403,,,,0,0
GLBALSTL,2024-05-24 01:05:33.000,26.2,25.3,30.9,24.6,27.8,28.0,28.8,27.6,25.4,31.3,29.4,30.0,34.4,33.9,34.7,36.3,37.5,38.2,38.1,37.8,37.1,35.0,34.0,31.1,27.8,24.4,21.4,17.8,14.5,10.2,6.1,3.5,1.3,45.7,47.5,47.9,13.1,0.0,75.7,18.1,21.9,79.6,,,OBAnorm,,LD831_01996v2.403,,,,0,0
GLBALSTL,2024-05-24 01:05:34.000,31.2,30.0,28.6,29.8,30.8,30.4,29.2,30.2,27.1,30.7,28.3,28.4,32.4,33.1,35.0,37.0,38.4,39.9,39.0,37.5,37.2,35.7,34.5,31.5,28.6,25.8,22.6,20.2,17.0,11.2,7.2,3.8,1.5,46.5,48.2,48.5,13.1,0.0,75.7,18.2,21.9,79.6,,,OBAnorm,,LD831_01996v2.403,,,,0,0
GLBALSTL,2024-05-24 01:05:35.000,26.5,29.9,32.2,27.3,29.2,29.3,31.9,30.5,27.7,31.6,33.5,32.9,36.3,37.6,35.8,36.9,38.1,39.4,39.4,38.1,37.5,35.9,34.4,31.3,28.4,25.7,22.7,20.3,17.0,12.9,8.5,5.3,2.0,46.3,48.4,48.7,13.1,0.0,75.7,18.2,21.9,79.6,,,OBAnorm,,LD831_01996v2.403,,,,0,0
GLBALSTL,2024-05-24 01:05:36.000,23.0,27.8,28.5,26.1,27.0,28.8,30.0,30.1,27.7,31.2,28.9,29.7,30.5,31.6,34.2,37.9,38.4,39.2,39.6,38.6,37.0,35.8,34.4,32.7,29.2,25.8,23.2,20.9,16.7,12.0,7.8,4.4,1.8,46.6,48.2,48.6,13.1,0.0,75.7,18.1,21.9,79.6,,,OBAnorm,,LD831_01996v2.403,,,,0,0
GLBALSTL,2024-05-24 01:05:37.000,21.2,23.9,34.2,29.8,27.4,29.9,28.6,26.6,26.5,30.4,32.2,29.2,31.9,34.5,34.8,37.6,39.2,40.0,39.7,39.3,38.6,37.6,35.7,32.9,30.4,27.1,24.4,21.5,16.7,12.3,8.4,4.3,1.8,47.5,48.8,49.1,13.1,0.0,75.7,18.1,21.9,79.6,,,OBAnorm,,LD831_01996v2.403,,,,0,0
GLBALSTL,2024-05-24 01:05:38.000,22.4,26.6,31.1,28.6,25.1,31.1,29.1,27.8,27.6,29.8,29.8,28.3,31.8,33.8,34.5,37.3,38.5,39.1,39.0,37.8,37.3,35.6,34.3,31.8,28.5,25.8,22.6,19.5,15.5,10.6,6.5,3.5,1.5,46.2,47.9,48.3,13.1,0.0,75.7,18.1,21.9,79.6,,,OBAnorm,,LD831_01996v2.403,,,,0,0
GLBALSTL,2024-05-24 01:05:39.000,22.4,29.5,31.5,27.3,28.1,31.1,29.3,28.0,27.7,30.2,31.0,30.6,33.3,35.6,34.3,36.9,37.5,37.9,37.6,37.3,36.1,34.6,33.2,30.8,27.6,24.4,21.9,18.8,14.8,10.7,7.0,3.7,1.5,45.2,47.1,47.4,13.1,0.0,75.7,18.1,22.0,79.7,,,OBAnorm,,LD831_01996v2.403,,,,0,0
GLBALSTL,2024-05-24 01:05:40.000,23.6,25.5,29.3,28.9,27.5,28.0,30.1,27.4,30.6,30.1,29.7,32.0,35.4,35.4,36.1,37.8,38.6,39.4,39.5,38.9,37.8,37.0,35.3,32.5,29.7,27.3,25.4,22.2,18.4,14.1,9.6,5.0,1.9,47.1,48.8,49.1,13.1,0.0,75.7,18.2,22.0,79.7,,,OBAnorm,,LD831_01996v2.403,,,,0,0
GLBALSTL,2024-05-24 01:05:41.000,26.3,24.5,23.9,29.1,30.5,28.5,29.0,30.2,28.8,29.4,29.8,27.8,30.7,34.1,35.5,37.0,37.3,37.6,38.3,38.3,37.1,35.5,34.0,31.5,28.5,25.3,22.7,20.1,16.0,12.1,8.4,4.0,1.7,45.8,47.5,47.9,13.1,0.0,75.7,18.1,22.0,79.7,,,OBAnorm,,LD831_01996v2.403,,,,0,0
GLBALSTL,2024-05-24 01:05:42.000,29.1,27.8,28.0,26.5,29.4,29.8,27.7,28.4,29.0,30.6,29.0,28.0,31.8,34.4,35.8,37.2,37.4,38.6,38.2,38.7,37.8,36.3,34.6,31.7,29.2,26.5,23.5,20.9,16.9,13.1,8.0,4.3,1.6,46.4,48.0,48.6,13.1,0.0,75.7,18.2,22.0,79.7,,,OBAnorm,,LD831_01996v2.403,,,,0,0
GLBALSTL,2024-05-24 01:05:43.000,28.0,24.0,29.2,28.9,28.7,27.5,29.5,30.2,29.8,31.4,30.6,28.2,30.3,33.4,35.4,37.3,38.5,39.3,39.3,38.3,37.3,35.8,34.2,31.3,28.8,25.9,23.2,21.4,17.0,11.5,6.4,3.6,1.3,46.4,48.1,48.5,13.1,0.0,75.7,18.1,21.9,79.6,,,OBAnorm,,LD831_01996v2.403,,,,0,0
GLBALSTL,2024-05-24 01:05:44.000,27.1,30.5,30.4,30.8,26.9,30.9,31.3,27.5,28.3,31.3,28.8,29.7,30.4,33.6,35.3,37.1,38.1,39.1,39.0,37.4,37.4,35.6,34.3,31.6,28.8,25.2,22.5,20.0,16.3,11.7,6.7,3.8,1.6,46.2,47.9,48.3,13.1,0.0,75.7,18.1,22.0,79.7,,,OBAnorm,,LD831_01996v2.403,,,,0,0
GLBALSTL,2024-05-24 01:05:45.000,23.3,26.1,28.2,28.2,28.3,28.9,31.6,28.4,29.8,30.3,30.7,29.6,30.1,33.3,35.0,38.1,39.5,39.8,40.4,39.1,38.2,36.2,35.2,32.6,29.3,27.8,24.8,21.2,17.1,13.3,8.4,4.6,1.8,47.2,48.6,49.0,13.1,0.0,75.7,18.1,22.0,79.7,,,OBAnorm,,LD831_01996v2.403,,,,0,0
GLBALSTL,2024-05-24 01:05:46.000,20.6,25.9,31.9,27.7,28.6,29.0,28.1,28.2,26.4,32.6,31.1,36.8,34.5,35.7,34.0,36.8,37.4,38.6,38.5,38.5,37.9,35.8,34.1,31.8,28.4,25.9,23.4,21.1,16.4,11.1,6.8,3.8,1.5,46.2,48.2,48.6,13.1,0.0,75.6,18.1,21.9,79.6,,,OBAnorm,,LD831_01996v2.403,,,,0,0
GLBALSTL,2024-05-24 01:05:47.000,27.6,30.3,29.7,26.7,27.8,30.4,28.4,28.9,30.0,29.4,29.1,31.4,31.6,33.4,35.3,36.5,38.0,38.1,38.6,38.9,38.6,37.2,35.7,33.1,30.3,27.2,24.7,21.6,19.9,15.0,10.3,6.2,2.4,46.9,48.2,48.5,13.1,0.0,75.7,18.1,22.0,79.7,,,OBAnorm,,LD831_01996v2.403,,,,0,0
GLBALSTL,2024-05-24 01:05:48.000,25.5,27.2,31.0,24.9,27.5,29.1,31.8,28.5,27.9,30.3,30.7,29.6,33.1,34.4,35.6,37.9,38.5,38.4,38.2,38.0,37.2,36.1,34.2,31.3,27.9,24.9,21.5,19.1,15.7,11.6,7.2,4.0,1.7,46.1,47.8,48.2,13.1,0.0,75.7,18.2,22.0,79.7,,,OBAnorm,,LD831_01996v2.403,,,,0,0
GLBALSTL,2024-05-24 01:05:49.000,21.7,27.9,29.3,30.3,26.1,27.3,29.5,30.6,29.6,31.2,33.0,30.4,33.9,34.9,34.7,36.9,37.3,38.9,38.3,38.0,37.3,37.0,35.2,32.1,28.6,26.1,23.7,20.9,17.0,13.3,9.1,5.1,2.0,46.4,48.3,48.6,13.1,0.0,75.7,18.2,21.9,79.6,,,OBAnorm,,LD831_01996v2.403,,,,0,0
GLBALSTL,2024-05-24 01:05:50.000,20.8,25.7,29.9,26.6,29.1,28.7,29.7,29.2,29.4,32.1,37.4,38.7,39.4,38.6,37.8,39.3,39.3,39.7,39.6,39.9,38.4,37.3,35.6,33.1,30.7,29.5,26.0,23.1,19.2,15.5,11.3,6.6,3.0,47.7,50.2,50.4,13.1,0.0,75.7,18.1,21.9,79.6,,,OBAnorm,,LD831_01996v2.403,,,,0,0
GLBALSTL,2024-05-24 01:05:51.000,19.2,27.4,28.2,27.2,26.9,28.0,30.0,30.5,27.6,32.5,31.8,34.0,36.4,34.5,36.0,36.9,38.5,38.9,38.9,38.0,37.8,35.8,33.9,31.7,29.1,25.4,22.4,19.2,16.1,11.6,8.1,4.6,2.0,46.2,48.2,48.5,13.1,0.0,75.7,18.1,21.9,79.6,,,OBAnorm,,LD831_01996v2.403,,,,0,0
GLBALSTL,2024-05-24 01:05:52.000,25.5,24.5,28.8,24.4,27.5,29.9,29.0,29.2,28.2,32.4,31.2,32.3,31.2,33.0,35.2,36.7,38.3,38.7,38.5,38.4,37.8,36.1,34.4,31.6,28.5,26.2,22.8,20.3,16.4,11.8,8.0,4.4,1.9,46.3,48.0,48.3,13.1,0.0,75.7,18.2,21.9,79.6,,,OBAnorm,,LD831_01996v2.403,,,,0,0
GLBALSTL,2024-05-24 01:05:53.000,27.6,28.4,30.5,28.3,29.1,30.3,29.5,32.0,34.5,34.9,35.2,33.5,33.8,34.5,35.1,38.6,38.0,39.1,38.9,39.1,37.6,36.2,35.5,32.4,29.6,27.1,25.1,21.4,18.3,14.0,9.6,5.5,2.7,46.7,48.8,49.2,13.1,0.0,75.6,18.1,21.9,79.6,,,OBAnorm,,LD831_01996v2.403,,,,0,0
GLBALSTL,2024-05-24 01:05:54.000,25.0,27.0,29.6,31.2,28.1,28.3,32.6,27.2,31.7,32.6,35.1,35.7,36.7,35.0,35.6,38.5,38.1,38.2,37.8,38.4,37.9,37.2,34.9,32.4,29.0,27.0,24.1,22.0,17.5,14.5,10.1,5.7,2.5,46.7,48.7,49.0,13.1,0.0,75.6,18.1,21.9,79.6,,,OBAnorm,,LD831_01996v2.403,,,,0,0
GLBALSTL,2024-05-24 01:05:55.000,25.2,26.7,25.7,25.9,29.3,29.1,30.1,29.5,28.1,33.6,31.9,29.8,33.5,34.2,35.0,36.3,38.0,38.2,38.8,38.7,38.9,37.5,36.1,33.8,30.9,28.0,26.1,23.1,20.6,17.0,12.5,7.7,3.6,47.1,48.4,48.8,13.1,0.0,75.7,18.2,21.9,79.6,,,OBAnorm,,LD831_01996v2.403,,,,0,0
GLBALSTL,2024-05-24 01:05:56.000,22.3,29.1,26.6,26.4,27.3,29.1,29.8,29.3,29.3,33.1,33.0,33.8,34.5,34.7,36.7,37.8,38.8,39.5,38.8,39.6,37.8,36.0,34.4,32.0,29.7,26.6,23.8,21.8,17.9,13.0,8.3,4.8,2.0,46.8,48.7,49.1,13.1,0.0,75.7,18.1,21.9,79.6,,,OBAnorm,,LD831_01996v2.403,,,,0,0
GLBALSTL,2024-05-24 01:05:57.000,20.3,27.4,28.4,29.6,28.0,29.4,28.5,31.4,30.7,31.6,31.3,28.7,32.6,36.0,36.5,37.1,37.6,39.6,38.8,38.7,37.2,36.4,35.0,32.8,29.6,27.6,25.9,22.9,20.0,15.4,10.4,5.9,2.4,46.7,48.4,48.7,13.1,0.0,75.7,18.2,22.0,79.7,,,OBAnorm,,LD831_01996v2.403,,,,0,0
GLBALSTL,2024-05-24 01:05:58.000,25.0,28.6,29.1,28.4,26.0,25.6,29.3,31.4,28.1,33.0,29.5,33.9,37.0,36.6,36.2,37.6,39.1,39.8,39.3,39.6,39.4,37.6,37.0,34.0,30.8,29.0,28.0,24.9,22.0,17.9,13.1,8.3,4.2,48.0,49.7,50.1,13.1,0.0,75.6,18.1,22.0,79.7,,,OBAnorm,,LD831_01996v2.403,,,,0,0
GLBALSTL,2024-05-24 01:05:59.000,22.6,23.0,30.0,27.1,27.1,30.9,30.4,29.4,31.8,35.6,36.0,36.8,35.9,35.4,35.6,36.6,38.7,38.8,39.7,40.4,39.3,38.1,36.5,34.1,30.7,28.7,26.9,23.4,21.1,17.2,13.4,7.6,3.9,47.8,49.4,50.8,13.1,0.0,75.7,18.0,22.0,79.7,,,OBAnorm,,LD831_01996v2.403,,,,0,0
GLBALSTL,2024-05-24 01:06:00.000,23.2,23.9,26.5,28.1,30.9,29.5,29.5,28.6,29.9,31.0,31.9,31.2,32.5,33.1,35.5,36.8,39.1,39.3,38.8,39.7,39.3,38.9,37.5,35.0,31.8,29.3,27.1,24.0,21.3,18.1,13.7,8.6,4.3,48.2,49.4,50.5,13.1,0.0,75.7,18.1,21.9,79.6,,,OBAnorm,,LD831_01996v2.403,,,,0,0
GLBALSTL,2024-05-24 01:06:01.000,25.5,28.5,32.9,29.3,27.9,30.7,30.5,30.4,29.0,31.2,33.9,36.4,35.8,34.3,36.3,38.3,38.9,39.0,39.6,39.0,38.5,36.7,35.5,32.7,29.5,26.9,24.4,21.6,18.2,13.8,9.3,5.4,2.5,47.1,48.8,49.5,13.1,0.0,75.6,18.1,22.0,79.7,,,OBAnorm,,LD831_01996v2.403,,,,0,0
GLBALSTL,2024-05-24 01:06:02.000,27.0,26.8,28.4,29.4,24.7,28.0,29.5,29.6,30.8,31.3,32.8,33.6,36.7,37.8,36.8,38.1,38.8,40.1,39.3,39.4,38.1,36.2,35.5,32.5,29.5,26.6,23.5,20.5,17.1,13.0,8.6,5.2,2.3,47.1,49.2,49.5,13.1,0.0,75.7,18.1,22.0,79.7,,,OBAnorm,,LD831_01996v2.403,,,,0,0
GLBALSTL,2024-05-24 01:06:03.000,24.6,27.5,27.6,29.6,29.0,29.2,32.7,31.6,30.1,32.5,32.0,29.1,31.3,34.3,35.0,37.7,38.0,39.8,39.2,39.2,37.6,36.5,35.5,32.7,29.2,26.6,24.0,21.5,17.5,13.7,9.1,5.3,2.3,46.9,48.6,48.9,13.1,0.0,75.7,18.1,22.0,79.7,,,OBAnorm,,LD831_01996v2.403,,,,0,0
GLBALSTL,2024-05-24 01:06:04.000,19.0,27.2,26.9,30.1,28.5,30.3,30.8,31.4,29.8,31.1,31.3,29.0,33.4,34.9,34.4,37.4,38.6,39.4,39.1,39.4,38.0,35.9,34.5,32.5,29.3,26.9,24.0,22.0,17.7,12.3,7.9,4.1,1.8,46.9,48.5,48.9,13.1,0.0,75.7,18.1,22.0,79.7,,,OBAnorm,,LD831_01996v2.403,,,,0,0
GLBALSTL,2024-05-24 01:06:05.000,25.3,21.1,27.7,26.4,31.5,30.7,32.1,31.1,28.5,31.1,29.5,28.7,32.7,35.3,33.6,37.3,38.1,38.9,39.4,38.9,38.2,36.1,34.7,32.4,29.1,26.5,23.6,21.1,16.7,11.9,7.7,4.2,1.7,46.7,48.3,48.9,13.1,0.0,75.7,18.1,21.9,79.6,,,OBAnorm,,LD831_01996v2.403,,,,0,0
GLBALSTL,2024-05-24 01:06:06.000,28.1,29.7,31.2,30.3,29.1,29.4,27.7,29.6,29.8,32.9,30.7,29.5,33.6,33.8,34.9,35.8,37.1,37.9,38.9,38.3,37.9,36.5,34.6,31.4,27.7,25.1,22.9,19.5,15.6,11.5,7.3,4.0,1.6,46.2,47.7,48.9,13.1,0.0,75.7,18.1,21.9,79.6,,,OBAnorm,,LD831_01996v2.403,,,,0,0
GLBALSTL,2024-05-24 01:06:07.000,28.7,27.4,30.0,29.1,26.2,29.0,29.3,30.4,29.2,30.6,32.9,34.3,33.8,34.1,34.7,37.0,38.8,39.6,39.5,37.9,37.6,36.7,34.8,31.9,29.0,25.8,22.4,18.9,14.7,10.8,6.8,4.0,1.7,46.5,48.4,49.6,13.1,0.0,75.7,18.1,21.9,79.6,,,OBAnorm,,LD831_01996v2.403,,,,0,0
GLBALSTL,2024-05-24 01:06:08.000,26.4,27.6,30.5,27.5,27.8,28.4,29.3,30.2,28.7,32.8,33.9,29.8,31.4,32.5,34.0,36.3,38.0,38.9,38.8,37.4,37.1,36.0,34.4,31.3,28.5,25.3,21.8,18.8,14.3,10.1,6.1,3.4,1.4,45.9,47.7,48.5,13.1,0.0,75.7,18.1,21.9,79.6,,,OBAnorm,,LD831_01996v2.403,,,,0,0
GLBALSTL,2024-05-24 01:06:09.000,25.4,30.0,30.0,31.4,27.9,30.7,31.6,31.4,29.9,32.9,32.8,32.5,34.4,34.2,35.2,36.1,37.9,38.3,38.8,37.8,36.9,35.5,33.5,31.4,27.7,24.8,21.5,18.1,14.6,10.7,6.5,3.8,1.5,45.8,47.7,49.4,13.1,0.0,75.7,18.1,21.9,79.6,,,OBAnorm,,LD831_01996v2.403,,,,0,0
GLBALSTL,2024-05-24 01:06:10.000,24.6,30.1,25.3,30.0,26.7,29.5,29.7,29.6,28.8,32.3,30.2,28.0,30.1,32.4,35.2,37.7,37.2,38.7,38.9,38.3,38.0,36.7,35.3,32.8,30.0,26.7,24.1,20.4,17.0,12.9,9.4,5.1,2.2,46.7,48.1,50.4,13.1,0.0,75.7,18.1,21.9,80.2,,,OBAnorm,,LD831_01996v2.403,,,,0,0
GLBALSTL,2024-05-24 01:06:11.000,25.4,24.2,30.8,27.4,27.9,26.9,30.8,30.0,30.2,31.2,31.6,27.1,30.7,33.1,33.5,36.6,37.0,38.8,38.1,38.5,37.5,36.9,35.8,32.3,28.7,26.1,23.3,19.7,15.3,12.1,7.9,4.3,1.9,46.6,47.9,49.2,13.1,0.0,75.7,18.1,21.9,80.2,,,OBAnorm,,LD831_01996v2.403,,,,0,0
GLBALSTL,2024-05-24 01:06:12.000,23.1,24.2,28.9,27.8,28.8,29.5,29.8,30.0,32.6,32.1,30.2,29.5,30.0,33.5,34.7,37.6,37.8,38.4,38.9,38.6,37.4,36.5,34.5,32.2,29.4,26.1,23.2,20.0,16.1,12.1,8.4,4.5,1.9,46.4,48.0,48.8,13.1,0.0,75.7,18.1,21.9,80.2,,,OBAnorm,,LD831_01996v2.403,,,,0,0
GLBALSTL,2024-05-24 01:06:13.000,23.4,31.6,32.2,28.9,27.4,29.2,27.7,29.4,30.4,29.4,30.2,30.0,31.0,33.6,35.3,36.3,37.3,38.6,37.6,37.4,37.4,36.1,33.9,31.6,28.4,25.1,21.1,18.2,14.9,10.3,6.3,3.5,1.4,45.9,47.5,48.0,13.1,0.0,75.7,18.1,21.9,80.2,,,OBAnorm,,LD831_01996v2.403,,,,0,0
GLBALSTL,2024-05-24 01:06:14.000,26.6,24.9,30.2,29.5,28.3,28.5,30.7,28.3,28.9,32.3,32.7,29.3,32.7,35.1,35.0,36.7,38.8,38.9,38.8,39.0,38.8,36.0,34.9,32.3,29.3,26.0,22.8,19.7,15.8,10.8,6.6,3.7,1.5,46.9,48.5,48.9,13.1,0.0,75.6,18.1,21.9,80.2,,,OBAnorm,,LD831_01996v2.403,,,,0,0
GLBALSTL,2024-05-24 01:06:15.000,23.2,23.1,29.7,29.0,28.7,27.5,28.3,27.7,29.7,38.8,34.5,37.3,36.4,36.1,36.6,38.8,39.3,39.6,39.7,39.8,39.2,37.1,35.0,32.4,30.1,28.0,25.4,22.3,18.4,13.9,9.4,4.9,2.1,47.5,49.7,50.6,13.1,0.0,75.7,18.1,21.9,80.2,,,OBAnorm,,LD831_01996v2.403,,,,0,0
GLBALSTL,2024-05-24 01:06:16.000,27.2,26.7,29.1,30.2,27.1,29.3,28.9,29.8,29.5,32.6,31.4,30.2,34.6,33.9,36.0,36.4,37.0,37.9,38.4,38.5,37.1,35.6,34.3,32.1,29.3,27.0,23.9,20.3,16.2,11.9,7.7,4.2,1.6,46.3,48.0,49.6,13.1,0.0,75.7,18.1,21.9,80.2,,,OBAnorm,,LD831_01996v2.403,,,,0,0
GLBALSTL,2024-05-24 01:06:17.000,26.8,28.6,30.6,27.7,28.7,27.0,28.6,29.1,29.4,31.4,30.2,28.0,29.4,33.2,35.0,36.9,37.4,39.6,38.6,38.6,37.3,35.1,34.0,31.9,28.6,25.4,22.4,19.3,15.1,11.4,7.0,3.9,1.5,46.1,47.8,49.7,13.1,0.0,75.7,18.1,21.9,80.2,,,OBAnorm,,LD831_01996v2.403,,,,0,0
GLBALSTL,2024-05-24 01:06:18.000,24.0,26.9,27.8,30.6,26.9,31.1,31.3,29.9,29.0,29.9,32.4,33.5,39.5,37.4,36.1,37.6,38.4,38.8,38.7,39.2,38.6,37.9,35.7,34.0,31.2,28.9,26.4,22.8,20.0,16.2,11.9,7.2,3.1,47.5,49.4,49.9,13.1,0.0,75.7,18.1,17.7,72.0,,,OBAnorm,,LD831_01996v2.403,,,,0,0
GLBALSTL,2024-05-24 01:06:19.000,24.1,30.1,30.7,30.5,28.8,29.8,30.1,29.1,30.1,30.9,31.0,32.9,32.7,34.5,34.0,36.3,38.3,38.9,39.0,39.1,37.0,35.7,34.4,31.8,28.9,26.0,23.1,20.4,15.4,11.0,7.0,3.6,1.5,46.2,47.8,48.3,13.1,0.0,75.7,18.1,17.7,72.0,,,OBAnorm,,LD831_01996v2.403,,,,0,0
GLBALSTL,2024-05-24 01:06:20.000,28.2,25.1,25.3,28.1,27.6,26.3,29.0,28.9,28.6,30.8,31.8,35.8,35.0,35.5,36.7,36.8,38.0,39.3,39.0,39.0,37.9,36.7,34.9,32.2,29.6,26.8,23.4,20.8,17.0,13.0,8.6,4.7,1.9,46.8,48.7,49.1,13.1,0.0,75.7,18.1,21.9,80.2,,,OBAnorm,,LD831_01996v2.403,,,,0,0
GLBALSTL,2024-05-24 01:06:21.000,26.2,29.3,28.9,28.9,27.7,29.1,28.9,28.3,30.8,33.4,34.8,33.7,34.5,35.9,34.8,36.1,37.0,38.4,37.6,37.6,37.3,35.7,33.7,31.7,28.8,25.8,23.7,20.4,17.1,13.3,8.0,4.5,1.8,45.8,47.8,49.1,13.1,0.1,75.7,18.1,21.9,80.2,,,OBAnorm,,LD831_01996v2.403,,,,0,0
GLBALSTL,2024-05-24 01:06:22.000,23.3,22.8,30.7,29.6,29.8,30.4,28.5,28.1,30.3,31.8,29.6,28.9,32.4,35.4,35.8,36.6,38.2,39.1,39.2,38.3,37.8,37.0,35.5,32.7,29.6,26.7,24.7,22.6,19.0,15.6,11.0,6.7,2.9,47.1,48.6,49.1,13.1,0.3,75.6,18.1,21.9,80.2,,,OBAnorm,,LD831_01996v2.403,,,,0,0
GLBALSTL,2024-05-24 01:06:23.000,25.9,29.6,31.3,28.1,27.7,29.5,29.4,29.7,30.8,31.1,30.7,28.8,34.6,34.5,36.2,36.4,38.6,39.6,38.9,39.3,37.7,36.1,33.9,32.1,28.7,26.0,23.2,21.2,17.6,12.1,7.7,4.1,1.6,46.5,48.2,49.6,13.1,0.3,75.7,18.1,21.9,80.2,,,OBAnorm,,LD831_01996v2.403,,,,0,0
GLBALSTL,2024-05-24 01:06:24.000,25.0,26.8,30.5,30.0,26.4,27.8,27.5,27.3,28.6,33.0,30.4,30.0,32.5,35.5,37.6,38.7,40.0,40.4,40.7,40.5,39.7,37.6,35.2,34.3,31.0,27.9,24.7,21.9,17.6,12.2,7.5,4.1,1.7,48.3,49.9,51.5,13.1,0.3,75.7,18.1,21.9,80.2,,,OBAnorm,,LD831_01996v2.403,,,,0,0
GLBALSTL,2024-05-24 01:06:25.000,26.5,27.5,26.9,28.7,29.1,29.4,30.5,31.8,30.0,30.4,32.8,33.4,34.2,35.0,36.5,37.5,38.2,38.6,39.7,38.5,37.6,36.3,34.0,31.7,29.4,26.5,22.9,20.0,15.8,11.4,7.0,4.0,1.5,46.4,48.2,48.8,13.1,0.3,75.7,18.1,21.9,80.2,,,OBAnorm,,LD831_01996v2.403,,,,0,0
GLBALSTL,2024-05-24 01:06:26.000,27.2,24.4,30.0,29.3,27.1,30.7,30.2,27.6,29.9,30.6,29.1,31.7,33.2,33.6,34.4,37.2,38.1,39.4,39.1,38.2,37.5,36.1,35.0,32.3,29.6,26.2,24.0,20.3,16.8,13.0,9.4,5.5,2.4,46.5,48.0,48.5,13.1,0.3,75.6,18.2,21.9,80.2,,,OBAnorm,,LD831_01996v2.403,,,,0,0
GLBALSTL,2024-05-24 01:06:27.000,25.7,27.5,29.3,26.4,26.0,28.0,27.9,30.1,29.3,30.0,29.3,30.7,33.2,36.3,35.4,37.5,38.7,39.5,39.0,39.2,38.3,37.9,36.1,33.7,30.2,27.8,25.2,22.3,20.2,15.6,11.9,7.4,3.2,47.4,48.9,49.4,13.1,0.4,75.6,18.2,21.9,80.2,,,OBAnorm,,LD831_01996v2.403,,,,0,0
GLBALSTL,2024-05-24 01:06:28.000,21.3,31.3,28.1,28.9,27.3,30.0,30.9,29.6,29.0,32.6,30.6,30.6,34.2,34.2,35.2,36.5,39.5,39.1,39.0,39.1,38.5,37.6,35.6,33.1,30.3,27.9,25.0,21.1,18.2,13.8,9.4,5.3,2.9,47.1,48.5,48.9,13.1,0.5,75.7,18.1,21.9,80.2,,,OBAnorm,,LD831_01996v2.403,,,,0,0
GLBALSTL,2024-05-24 01:06:29.000,21.5,24.4,30.9,29.3,28.8,30.0,30.0,28.8,28.4,31.1,29.9,26.7,32.1,34.8,35.0,36.7,38.3,38.2,38.8,38.6,38.8,36.8,35.2,32.0,29.1,26.2,24.1,20.1,17.5,13.6,9.7,5.9,2.5,46.7,48.1,48.6,13.1,0.5,75.7,18.1,21.9,80.2,,,OBAnorm,,LD831_01996v2.403,,,,0,0
GLBALSTL,2024-05-24 01:06:30.000,26.5,25.1,31.4,30.1,27.6,26.0,29.6,29.8,27.7,32.4,32.8,32.5,35.2,36.0,36.3,37.0,37.2,38.8,38.3,39.5,38.8,36.7,35.2,33.0,30.2,27.2,24.6,21.6,18.6,14.5,9.6,5.5,2.2,46.9,48.7,49.4,13.1,0.6,75.7,18.1,21.9,80.2,,,OBAnorm,,LD831_01996v2.403,,,,0,0
GLBALSTL,2024-05-24 01:06:31.000,24.7,25.7,27.3,28.1,26.5,32.5,29.6,27.7,30.1,30.4,27.8,31.0,33.0,35.5,34.6,37.7,38.1,39.1,39.2,38.6,37.5,36.5,34.2,31.5,29.0,26.0,22.5,18.9,15.0,10.8,6.6,3.7,1.6,46.5,48.0,48.7,13.1,0.6,75.6,18.1,21.9,80.2,,,OBAnorm,,LD831_01996v2.403,,,,0,0
GLBALSTL,2024-05-24 01:06:32.000,25.7,26.6,27.5,30.1,26.5,28.3,28.6,30.3,29.5,34.5,35.4,36.6,34.3,33.8,36.0,37.3,37.9,38.6,39.1,39.5,38.1,36.3,34.8,32.9,30.3,27.7,24.9,21.4,18.1,13.2,9.0,5.0,2.2,46.9,48.9,50.0,13.1,0.6,75.7,18.1,21.9,80.2,,,OBAnorm,,LD831_01996v2.403,,,,0,0
GLBALSTL,2024-05-24 01:06:33.000,26.1,28.5,28.1,26.6,27.9,29.9,28.7,29.5,28.9,31.3,31.5,31.4,32.3,33.1,35.4,37.8,38.6,39.0,38.9,39.7,38.5,36.4,34.5,32.0,29.2,26.4,23.5,20.9,17.4,12.8,8.2,4.5,1.8,46.9,48.4,50.5,13.1,0.6,75.7,18.2,21.9,80.2,,,OBAnorm,,LD831_01996v2.403,,,,0,0
GLBALSTL,2024-05-24 01:06:34.000,22.8,24.8,31.7,30.2,27.1,26.9,30.5,28.4,27.8,30.5,32.4,31.2,32.6,33.2,33.6,37.2,38.7,39.3,37.5,37.8,37.5,36.9,34.2,31.5,28.5,25.0,22.2,18.9,15.8,12.0,8.2,4.3,1.7,46.3,48.0,48.5,13.1,0.6,75.7,18.1,21.9,80.2,,,OBAnorm,,LD831_01996v2.403,,,,0,0
GLBALSTL,2024-05-24 01:06:35.000,22.5,22.1,29.6,29.0,25.9,27.6,30.8,29.1,29.4,30.1,33.5,33.0,36.0,34.2,36.4,38.4,39.3,39.8,39.6,38.7,38.0,37.2,35.1,33.0,30.2,27.0,23.6,20.4,16.8,12.7,8.3,4.7,1.9,47.2,49.0,49.5,13.1,0.6,75.7,18.2,21.9,80.2,,,OBAnorm,,LD831_01996v2.403,,,,0,0
GLBALSTL,2024-05-24 01:06:36.000,22.7,24.3,31.7,27.3,27.5,28.8,29.3,29.8,30.6,32.0,36.6,35.3,35.5,36.0,33.9,37.1,36.4,38.0,38.1,38.1,37.2,35.9,33.9,30.7,27.8,25.3,22.3,19.4,16.2,12.7,8.6,4.9,1.9,45.8,48.1,50.3,13.1,0.6,75.7,18.1,21.9,80.2,,,OBAnorm,,LD831_01996v2.403,,,,0,0
GLBALSTL,2024-05-24 01:06:37.000,24.0,25.9,29.1,23.8,26.5,29.5,28.8,30.6,31.6,32.4,30.1,28.3,30.0,32.8,33.5,36.2,37.7,38.5,37.7,37.7,36.8,36.0,34.1,31.4,28.5,25.5,22.8,19.2,15.2,11.0,7.0,3.7,1.6,45.9,47.5,50.1,13.1,0.6,75.7,18.1,21.9,80.2,,,OBAnorm,,LD831_01996v2.403,,,,0,0
GLBALSTL,2024-05-24 01:06:38.000,25.8,28.1,30.8,27.2,27.6,30.3,28.5,30.5,33.0,33.1,36.0,35.2,33.5,34.6,35.6,38.3,40.1,40.7,40.1,40.3,38.1,37.3,35.3,33.2,30.5,27.7,24.0,21.3,18.0,14.6,9.8,5.8,2.7,47.7,49.5,50.2,13.1,0.6,75.7,18.1,21.9,80.2,,,OBAnorm,,LD831_01996v2.403,,,,0,0
GLBALSTL,2024-05-24 01:06:39.000,22.4,29.0,28.9,27.9,28.2,26.9,28.9,29.5,29.6,31.0,30.6,30.8,33.1,35.3,34.7,36.6,37.3,38.4,38.2,39.4,38.1,35.7,34.6,32.8,28.9,26.0,23.2,21.4,17.1,12.1,7.4,3.8,1.5,46.4,47.9,48.3,13.1,0.7,75.7,18.2,21.9,80.2,,,OBAnorm,,LD831_01996v2.403,,,,0,0
GLBALSTL,2024-05-24 01:06:40.000,22.4,25.0,29.0,23.9,26.6,27.0,28.6,27.8,30.0,31.7,28.7,28.5,31.3,33.9,34.9,37.9,38.4,39.1,39.3,39.7,39.0,36.3,34.5,31.8,29.3,26.5,23.5,20.6,16.9,12.7,8.5,4.8,1.9,47.0,48.4,48.9,13.1,0.7,75.7,18.1,21.9,80.2,,,OBAnorm,,LD831_01996v2.403,,,,0,0
GLBALSTL,2024-05-24 01:06:41.000,27.2,26.9,24.8,25.5,28.5,27.3,31.2,31.6,31.7,30.9,33.7,32.5,34.1,35.1,36.7,37.4,39.9,40.9,39.6,38.6,38.0,36.9,35.1,32.4,30.3,26.4,22.6,20.0,15.7,11.8,7.3,4.3,1.8,47.3,49.0,49.3,13.1,0.8,75.7,18.1,21.9,80.2,,,OBAnorm,,LD831_01996v2.403,,,,0,0
GLBALSTL,2024-05-24 01:06:42.000,26.2,27.1,26.6,28.5,24.8,29.7,28.8,28.2,28.6,29.1,29.5,28.6,28.8,31.6,34.0,36.0,37.6,38.5,38.0,37.4,36.9,35.4,32.5,30.7,28.4,26.0,22.9,20.5,16.0,11.1,7.4,4.0,1.6,45.4,47.0,47.6,13.1,0.9,75.6,18.1,21.9,80.2,,,OBAnorm,,LD831_01996v2.403,,,,0,0
GLBALSTL,2024-05-24 01:06:43.000,22.1,24.4,30.1,25.9,27.1,28.6,28.5,28.0,28.9,28.9,30.0,26.4,32.4,32.1,33.0,34.6,37.4,36.9,36.4,37.0,36.5,34.2,32.8,30.1,27.3,24.7,22.3,20.6,16.6,11.3,7.0,3.9,1.6,44.7,46.3,47.1,13.1,1.0,75.7,18.1,21.9,80.2,,,OBAnorm,,LD831_01996v2.403,,,,0,0
GLBALSTL,2024-05-24 01:06:44.000,25.2,23.7,25.6,27.5,28.6,27.0,27.0,25.5,28.7,29.8,29.7,27.1,29.8,32.4,34.7,36.0,37.3,38.0,38.2,38.1,38.0,35.6,34.2,31.6,28.0,25.3,22.6,20.1,16.2,11.2,7.0,3.8,1.4,45.9,47.3,47.9,13.1,1.1,75.7,18.2,21.9,80.2,,,OBAnorm,,LD831_01996v2.403,,,,0,0
GLBALSTL,2024-05-24 01:06:45.000,26.9,22.4,28.7,30.1,27.2,30.9,28.1,28.6,28.5,29.9,29.4,27.2,31.0,33.4,33.1,34.9,35.0,37.4,37.9,37.7,36.8,35.6,34.2,31.3,28.0,25.2,22.4,19.9,16.4,12.0,8.0,4.8,1.7,45.4,46.8,47.5,13.1,1.1,75.7,18.1,21.9,80.2,,,OBAnorm,,LD831_01996v2.403,,,,0,0
GLBALSTL,2024-05-24 01:06:46.000,24.1,29.5,28.8,27.9,30.4,26.0,30.8,29.9,28.8,27.9,29.5,27.9,31.0,31.1,33.0,34.9,37.7,37.9,37.9,37.9,36.8,35.5,33.5,30.4,27.2,24.3,21.0,17.8,14.3,10.4,6.5,3.7,1.5,45.6,47.2,47.7,13.1,1.2,75.7,18.2,21.9,80.2,,,OBAnorm,,LD831_01996v2.403,,,,0,0
GLBALSTL,2024-05-24 01:06:47.000,28.3,29.8,30.4,26.3,24.8,30.4,31.8,29.8,27.3,29.8,29.0,27.5,30.8,34.3,35.1,36.0,37.0,37.5,37.0,37.4,36.5,34.6,33.0,30.0,27.3,25.3,22.8,20.3,16.3,11.2,7.1,3.9,1.6,45.1,46.7,47.5,13.1,1.3,75.7,18.1,21.9,80.2,,,OBAnorm,,LD831_01996v2.403,,,,0,0
GLBALSTL,2024-05-24 01:06:48.000,26.0,27.8,28.6,25.1,28.7,23.3,28.2,29.4,26.2,29.4,28.8,26.4,29.0,32.1,32.9,34.5,36.8,36.7,36.9,37.0,36.0,34.5,32.8,29.8,27.3,24.2,21.0,19.5,16.9,11.0,6.4,3.6,1.5,44.8,46.3,47.7,13.1,1.4,75.6,18.1,21.9,80.2,,,OBAnorm,,LD831_01996v2.403,,,,0,0
GLBALSTL,2024-05-24 01:06:49.000,23.6,32.4,30.4,30.3,25.9,28.0,27.5,28.3,28.6,30.2,29.8,31.6,33.2,34.2,35.2,36.3,36.7,38.9,38.0,37.7,37.4,36.0,34.2,31.2,28.1,25.9,23.4,20.3,17.2,13.3,8.7,5.1,1.9,45.9,47.5,49.8,13.1,1.5,75.6,18.1,21.9,80.2,,,OBAnorm,,LD831_01996v2.403,,,,0,0
GLBALSTL,2024-05-24 01:06:50.000,25.7,29.6,29.8,27.0,26.0,26.9,29.3,27.0,26.9,29.1,29.5,30.5,33.0,35.8,34.1,36.1,37.4,37.9,37.9,37.4,37.6,36.0,34.6,32.0,29.2,26.5,24.1,21.5,18.3,14.1,9.7,5.3,2.3,46.0,47.5,50.0,13.1,1.5,75.6,18.1,21.9,80.2,,,OBAnorm,,LD831_01996v2.403,,,,0,0
GLBALSTL,2024-05-24 01:06:51.000,27.2,24.0,27.9,30.2,25.3,29.3,28.9,27.7,27.2,30.2,29.0,29.8,35.4,34.5,34.6,37.4,38.0,38.6,38.9,39.3,38.9,37.4,35.6,32.9,29.9,27.6,24.7,22.0,18.3,14.0,10.5,5.9,2.3,47.2,48.8,52.3,13.1,1.5,75.7,18.2,21.9,80.2,,,OBAnorm,,LD831_01996v2.403,,,,0,0
GLBALSTL,2024-05-24 01:06:52.000,26.3,27.6,26.5,26.3,29.4,28.9,29.7,28.3,27.4,32.0,34.6,39.4,41.8,34.6,35.0,37.2,38.1,38.9,39.0,38.4,37.6,35.7,34.5,31.9,28.9,26.2,23.7,22.1,17.7,12.4,8.0,4.8,1.8,46.4,49.5,57.4,13.1,1.4,75.7,18.1,21.9,80.2,,,OBAnorm,,LD831_01996v2.403,,,,0,0
GLBALSTL,2024-05-24 01:06:53.000,31.5,29.6,26.4,32.8,32.2,30.0,30.9,29.9,28.6,36.2,38.6,37.9,39.0,39.3,36.4,38.2,39.5,39.1,38.4,38.5,37.6,36.8,35.1,31.9,29.5,26.9,24.2,22.0,18.5,14.5,9.7,5.8,2.3,47.1,49.9,56.6,13.1,1.4,75.6,18.2,21.9,80.2,,,OBAnorm,,LD831_01996v2.403,,,,0,0
GLBALSTL,2024-05-24 01:06:54.000,29.7,31.4,34.3,32.6,29.8,28.4,28.6,28.9,31.5,30.9,31.9,33.7,36.1,35.8,35.2,37.4,38.2,39.0,39.3,38.4,37.1,36.0,34.3,31.3,29.2,26.5,24.0,21.3,17.1,12.8,8.7,4.9,1.8,46.4,48.4,58.8,13.1,1.4,75.7,18.1,21.9,80.2,,,OBAnorm,,LD831_01996v2.403,,,,0,0
GLBALSTL,2024-05-24 01:06:55.000,38.4,36.7,33.1,31.3,31.1,29.4,27.8,27.9,27.6,33.2,31.3,33.4,34.7,35.9,34.5,36.7,38.4,37.3,38.9,38.2,37.6,35.9,34.6,32.2,28.9,26.9,23.9,20.9,18.3,13.4,9.5,5.2,2.2,46.2,48.1,56.3,13.1,1.4,75.7,18.1,21.9,80.2,,,OBAnorm,,LD831_01996v2.403,,,,0,0
GLBALSTL,2024-05-24 01:06:56.000,32.8,34.5,34.7,29.2,29.3,28.5,29.9,29.1,32.4,28.9,27.2,26.6,32.9,33.5,33.8,36.2,36.4,37.2,37.4,36.9,36.8,35.5,34.5,31.5,28.7,25.7,23.3,20.3,17.4,14.1,10.6,5.8,2.4,45.4,47.1,56.7,13.1,1.4,75.6,18.1,21.9,80.2,,,OBAnorm,,LD831_01996v2.403,,,,0,0
GLBALSTL,2024-05-24 01:06:57.000,36.7,36.3,23.3,27.9,29.8,31.5,29.7,28.9,28.0,29.4,26.5,26.4,31.2,33.2,33.6,35.8,37.3,37.5,37.9,38.0,37.5,35.6,33.1,30.6,28.0,24.5,22.3,19.1,16.5,11.0,7.5,4.1,1.6,45.5,47.0,51.1,13.1,1.4,75.6,18.1,21.9,80.2,,,OBAnorm,,LD831_01996v2.403,,,,0,0
GLBALSTL,2024-05-24 01:06:58.000,34.8,33.1,26.8,28.6,28.1,29.5,28.6,27.3,26.6,28.9,29.5,26.2,27.7,31.0,34.2,36.1,37.4,39.0,38.4,37.7,37.3,35.4,33.7,31.7,28.5,25.8,22.8,20.1,16.4,12.8,8.7,4.6,1.9,45.9,47.3,49.0,13.1,1.4,75.7,18.1,21.9,80.2,,,OBAnorm,,LD831_01996v2.403,,,,0,0
GLBALSTL,2024-05-24 01:06:59.000,33.4,30.0,29.9,25.9,25.7,29.0,30.2,28.8,29.3,29.3,30.4,29.0,30.7,32.7,33.4,35.1,37.1,38.3,37.8,37.8,37.1,35.2,33.6,30.3,27.8,24.7,21.6,20.1,15.6,11.1,7.0,3.9,1.6,45.4,47.0,48.0,13.1,1.3,75.7,18.1,21.9,80.2,,,OBAnorm,,LD831_01996v2.403,,,,0,0
GLBALSTL,2024-05-24 01:07:00.000,23.3,26.8,31.5,28.2,27.1,29.1,27.5,28.2,30.0,28.8,26.4,30.1,30.8,32.8,33.1,36.1,36.5,37.6,38.0,37.6,37.4,35.9,33.6,30.8,27.4,24.9,22.4,19.7,15.3,11.3,7.5,4.1,1.9,45.6,47.1,47.7,13.1,1.3,75.7,18.1,21.9,80.2,,,OBAnorm,,LD831_01996v2.403,,,,0,0
GLBALSTL,2024-05-24 01:07:01.000,21.5,29.2,26.2,27.1,26.8,26.1,30.0,28.3,28.3,30.2,28.0,27.2,31.3,32.6,34.5,36.6,37.2,37.9,37.9,37.5,36.2,34.6,33.4,30.3,27.8,24.5,21.4,18.2,14.1,9.5,6.2,3.4,1.4,45.1,46.7,47.1,13.1,1.2,75.7,18.1,21.9,80.2,,,OBAnorm,,LD831_01996v2.403,,,,0,0
GLBALSTL,2024-05-24 01:07:02.000,25.8,27.9,25.6,23.4,26.2,28.1,29.1,28.9,27.9,31.1,28.2,28.8,31.2,33.1,33.8,35.6,37.1,37.7,37.7,37.0,36.1,35.3,33.3,30.2,27.3,24.5,22.0,19.0,15.5,11.1,7.2,4.1,1.6,45.1,46.9,48.1,13.1,1.3,75.7,18.1,21.9,80.2,,,OBAnorm,,LD831_01996v2.403,,,,0,0
GLBALSTL,2024-05-24 01:07:03.000,21.4,27.7,29.6,27.0,28.4,28.8,28.5,28.2,29.0,28.9,28.4,31.4,35.1,34.7,34.7,35.7,37.8,37.6,37.2,37.0,36.4,34.2,32.9,30.5,27.2,24.2,21.1,18.3,14.3,9.3,5.8,3.4,1.4,45.1,47.2,48.2,13.1,1.5,75.7,18.1,22.0,80.2,,,OBAnorm,,LD831_01996v2.403,,,,0,0
GLBALSTL,2024-05-24 01:07:04.000,26.0,26.0,28.7,29.4,29.9,28.6,29.6,28.0,26.0,28.1,30.6,32.1,33.6,32.2,32.1,35.6,36.3,36.8,37.9,37.5,35.6,33.9,32.5,30.4,27.7,25.0,21.7,19.9,15.0,10.5,6.1,3.5,1.3,44.9,46.7,50.7,13.1,1.5,75.7,18.1,21.9,80.2,,,OBAnorm,,LD831_01996v2.403,,,,0,0
GLBALSTL,2024-05-24 01:07:05.000,21.2,23.7,28.4,29.3,25.1,29.0,29.5,30.3,28.6,29.5,28.5,27.7,30.3,31.5,33.3,35.4,36.3,37.9,37.5,37.3,35.7,34.4,32.7,30.8,27.3,24.5,21.9,19.6,15.3,11.8,6.9,3.5,1.5,45.1,46.7,49.0,13.1,1.4,75.7,18.2,21.9,80.2,,,OBAnorm,,LD831_01996v2.403,,,,0,0
GLBALSTL,2024-05-24 01:07:06.000,26.5,30.8,28.6,28.2,29.8,30.7,30.7,27.5,28.3,30.5,28.9,33.0,35.3,35.4,35.0,37.4,36.6,37.1,37.4,37.8,36.2,35.3,33.4,30.6,27.6,24.3,21.1,18.1,14.4,10.0,6.2,3.7,1.4,45.3,47.3,48.8,13.1,1.2,75.7,18.2,21.9,80.2,,,OBAnorm,,LD831_01996v2.403,,,,0,0
GLBALSTL,2024-05-24 01:07:07.000,28.7,25.0,29.3,30.0,25.9,28.9,26.2,27.0,28.6,28.5,29.1,27.4,29.8,31.4,32.1,35.5,36.0,37.0,37.4,36.3,35.6,34.2,32.5,29.3,26.5,23.7,20.9,18.1,14.3,10.0,6.4,3.5,1.5,44.3,46.0,48.8,13.1,1.1,75.7,18.1,21.9,80.2,,,OBAnorm,,LD831_01996v2.403,,,,0,0
GLBALSTL,2024-05-24 01:07:08.000,25.3,30.0,32.7,28.1,26.1,26.5,28.8,29.6,26.6,29.7,28.6,27.9,31.4,31.1,32.7,35.9,36.7,37.1,37.0,37.5,36.6,35.0,33.6,30.4,27.2,24.4,21.6,18.6,15.6,10.8,7.2,3.8,1.8,45.2,46.7,49.2,13.1,1.1,75.7,18.1,21.9,80.2,,,OBAnorm,,LD831_01996v2.403,,,,0,0
GLBALSTL,2024-05-24 01:07:09.000,30.3,27.3,26.5,29.5,25.7,28.0,27.1,27.8,28.2,28.9,30.1,32.9,35.9,35.0,34.6,36.4,37.7,37.6,37.4,37.8,37.4,35.7,33.3,30.5,28.2,25.3,22.4,18.9,15.6,11.6,7.3,4.0,1.6,45.8,47.8,49.5,13.1,1.0,75.7,18.1,21.9,80.2,,,OBAnorm,,LD831_01996v2.403,,,,0,0
GLBALSTL,2024-05-24 01:07:10.000,23.2,26.5,29.2,28.7,26.5,29.1,29.7,27.6,27.0,28.7,29.3,29.1,31.3,33.8,35.2,37.6,38.0,39.0,38.9,39.3,38.0,37.3,35.0,32.4,29.1,26.4,22.9,19.8,15.7,10.7,6.8,3.8,1.5,46.8,48.5,61.7,13.1,1.0,75.7,18.1,21.9,80.2,,,OBAnorm,,LD831_01996v2.403,,,,0,0
GLBALSTL,2024-05-24 01:07:11.000,24.1,27.5,33.0,32.4,32.5,30.7,29.9,29.4,27.1,30.6,29.3,30.2,32.4,33.6,35.8,37.2,36.8,37.3,38.5,37.8,37.1,35.5,33.7,31.3,29.1,26.2,24.0,21.1,17.0,12.4,8.1,4.8,1.8,45.7,47.9,60.4,13.1,1.0,75.7,18.1,21.9,80.2,,,OBAnorm,,LD831_01996v2.403,,,,0,0
GLBALSTL,2024-05-24 01:07:12.000,30.4,32.8,31.6,34.9,32.5,28.9,30.1,29.3,27.5,34.2,36.2,35.7,32.7,34.3,34.6,36.4,37.5,38.7,38.5,38.1,36.4,35.3,33.4,30.8,28.0,25.3,22.2,19.4,15.5,12.6,8.6,4.7,2.1,45.8,48.1,60.9,13.1,1.1,75.7,18.1,21.9,80.2,,,OBAnorm,,LD831_01996v2.403,,,,0,0
GLBALSTL,2024-05-24 01:07:13.000,40.3,39.5,32.4,30.6,30.2,29.1,28.3,28.2,27.8,28.6,28.3,27.2,29.2,31.6,32.0,35.3,36.5,37.0,37.5,37.2,36.5,35.2,33.4,30.5,27.8,24.3,21.6,18.9,14.7,10.8,6.3,3.6,1.6,45.2,46.6,54.7,13.1,1.2,75.7,18.1,21.9,80.2,,,OBAnorm,,LD831_01996v2.403,,,,0,0
GLBALSTL,2024-05-24 01:07:14.000,41.2,31.0,35.8,31.1,26.2,26.1,28.5,29.0,26.6,28.6,28.6,31.3,34.1,34.5,35.3,36.7,38.0,40.2,39.4,38.6,37.7,36.4,34.7,32.2,29.9,26.1,23.4,20.1,16.0,11.8,7.6,4.2,1.7,46.9,48.5,56.8,13.1,1.4,75.7,18.2,21.9,80.2,,,OBAnorm,,LD831_01996v2.403,,,,0,0
GLBALSTL,2024-05-24 01:07:15.000,33.9,30.4,27.7,26.7,27.2,28.7,28.7,30.1,29.1,29.5,28.8,30.1,33.2,33.7,33.6,35.4,37.0,37.7,37.0,36.7,35.6,34.1,32.3,29.8,26.9,23.8,20.6,17.4,13.5,9.3,5.8,3.2,1.3,44.5,46.4,56.9,13.1,1.6,75.7,18.1,22.0,80.2,,,OBAnorm,,LD831_01996v2.403,,,,0,0
GLBALSTL,2024-05-24 01:07:16.000,31.0,29.2,28.1,27.4,29.3,28.1,29.0,28.9,26.6,28.9,28.0,28.6,30.2,31.9,32.5,35.7,37.0,38.8,37.7,37.2,36.5,34.7,32.3,29.7,27.1,24.2,22.0,18.8,14.3,9.6,5.8,3.2,1.4,45.2,46.7,49.0,13.1,1.7,75.7,18.1,22.0,80.2,,,OBAnorm,,LD831_01996v2.403,,,,0,0
GLBALSTL,2024-05-24 01:07:17.000,27.6,30.6,29.6,26.7,27.8,28.8,29.0,28.1,27.0,29.1,28.0,31.8,31.9,32.3,34.3,35.6,37.5,38.8,38.4,38.3,37.1,35.5,33.6,30.4,27.8,24.9,21.6,18.4,15.3,10.8,6.6,3.8,1.5,45.9,47.4,47.8,13.1,1.6,75.6,18.1,21.7,80.2,,,OBAnorm,,LD831_01996v2.403,,,,0,0
GLBALSTL,2024-05-24 01:07:18.000,29.4,33.0,28.4,27.5,25.6,30.0,29.7,29.7,25.2,27.9,27.0,26.5,31.9,34.2,33.2,36.1,36.9,38.7,38.7,38.1,37.0,35.9,34.1,31.8,28.9,25.5,22.8,19.6,15.7,11.3,7.3,3.8,1.5,46.0,47.3,47.8,13.1,1.5,75.7,18.1,21.7,80.2,,,OBAnorm,,LD831_01996v2.403,,,,0,0
GLBALSTL,2024-05-24 01:07:19.000,23.7,23.7,30.7,28.5,25.5,29.4,28.2,27.8,28.8,28.0,26.3,26.9,31.4,33.6,33.7,35.6,37.7,37.3,38.1,37.6,37.1,35.6,33.6,31.7,28.2,25.1,22.7,19.4,15.3,10.8,6.5,3.6,1.3,45.7,47.1,47.9,13.1,1.4,75.7,18.2,22.0,80.2,,,OBAnorm,,LD831_01996v2.403,,,,0,0
GLBALSTL,2024-05-24 01:07:20.000,23.0,25.0,27.9,30.4,27.3,29.7,30.6,29.8,27.1,27.7,30.7,32.8,36.8,36.6,35.4,36.9,38.4,38.3,38.5,38.5,37.4,35.8,33.4,31.4,28.4,25.5,23.1,20.2,15.6,11.0,6.6,3.7,1.5,46.2,48.3,50.3,13.1,1.4,75.7,18.2,22.0,80.2,,,OBAnorm,,LD831_01996v2.403,,,,0,0
GLBALSTL,2024-05-24 01:07:21.000,26.3,25.8,29.6,29.3,27.7,29.3,28.3,30.4,26.9,26.8,27.2,29.4,30.6,33.1,33.8,35.7,36.3,36.8,37.9,37.1,36.4,35.0,33.0,30.6,27.0,23.5,20.0,16.8,13.0,8.6,5.2,2.9,1.1,45.1,46.6,47.2,13.1,1.5,75.7,18.2,22.0,80.2,,,OBAnorm,,LD831_01996v2.403,,,,0,0
GLBALSTL,2024-05-24 01:07:22.000,25.9,28.4,31.4,27.4,27.6,30.1,28.9,29.2,27.8,27.7,29.6,30.9,31.1,31.7,33.9,35.6,38.4,38.1,39.2,38.5,36.9,36.0,34.1,31.2,27.9,24.3,20.5,17.0,13.5,9.1,5.4,3.1,1.2,46.0,47.6,48.4,13.1,1.6,75.7,18.1,22.0,80.2,,,OBAnorm,,LD831_01996v2.403,,,,0,0
GLBALSTL,2024-05-24 01:07:23.000,23.4,28.9,29.4,26.2,28.3,30.6,29.3,28.0,28.6,28.2,27.4,27.3,31.1,33.1,35.6,37.0,37.9,39.0,39.6,38.1,37.3,36.8,34.8,32.0,29.2,25.2,22.3,18.8,15.0,11.0,7.1,3.7,1.4,46.6,48.0,48.7,13.1,1.6,75.7,18.1,22.0,80.2,,,OBAnorm,,LD831_01996v2.403,,,,0,0
GLBALSTL,2024-05-24 01:07:24.000,28.3,29.1,30.3,27.6,27.1,26.0,29.1,27.9,28.7,27.6,27.1,27.2,30.6,33.6,33.4,35.9,37.4,38.2,37.9,37.2,37.1,36.1,34.1,31.9,28.8,25.1,22.0,18.5,14.9,11.2,6.1,3.5,1.4,45.7,47.0,48.1,13.1,1.6,75.7,18.1,21.9,80.2,,,OBAnorm,,LD831_01996v2.403,,,,0,0
GLBALSTL,2024-05-24 01:07:25.000,25.0,28.4,28.1,28.1,28.8,27.9,29.3,30.0,28.4,27.7,27.0,27.5,34.0,34.1,34.6,36.4,37.8,39.8,39.3,39.2,38.1,36.5,35.1,33.3,29.2,27.1,24.7,21.7,18.1,13.9,9.3,5.3,2.2,47.1,48.5,49.4,13.1,1.5,75.7,18.2,21.9,80.2,,,OBAnorm,,LD831_01996v2.403,,,,0,0
GLBALSTL,2024-05-24 01:07:26.000,16.8,29.2,30.7,25.4,26.8,23.5,30.1,29.4,29.0,29.5,32.1,31.4,34.3,32.9,36.4,38.3,39.7,40.6,40.2,39.2,38.4,37.0,35.1,32.4,29.7,26.6,22.6,19.1,15.2,10.9,6.4,3.5,1.3,47.3,48.9,50.1,13.1,1.4,75.7,18.1,21.9,80.2,,,OBAnorm,,LD831_01996v2.403,,,,0,0
GLBALSTL,2024-05-24 01:07:27.000,26.0,27.7,29.5,28.2,27.9,30.4,30.4,28.6,27.0,28.4,27.9,25.9,30.1,31.1,34.4,35.9,36.8,38.5,38.4,38.0,36.7,35.8,33.9,31.4,28.8,25.5,22.2,18.2,15.0,11.0,7.1,4.1,1.7,45.8,47.2,49.8,13.1,1.4,75.7,18.1,21.9,80.2,,,OBAnorm,,LD831_01996v2.403,,,,0,0
GLBALSTL,2024-05-24 01:07:28.000,22.3,28.9,31.5,26.9,29.2,30.0,28.2,28.1,27.1,28.3,28.4,26.8,30.6,33.2,34.7,38.3,39.7,40.6,39.9,38.8,38.0,37.0,35.4,32.1,29.9,26.0,22.3,19.4,16.3,11.4,6.9,3.7,1.6,47.2,48.7,50.4,13.1,1.4,75.6,18.1,21.9,80.2,,,OBAnorm,,LD831_01996v2.403,,,,0,0
GLBALSTL,2024-05-24 01:07:29.000,27.9,31.1,30.4,27.6,29.7,27.5,31.6,30.4,28.5,29.6,30.7,34.4,35.7,35.9,35.8,35.5,36.9,38.0,38.1,37.0,36.9,35.6,33.9,30.9,28.1,25.0,22.1,19.6,15.6,11.3,7.0,3.6,1.4,45.6,47.8,49.6,13.1,1.4,75.7,18.1,21.9,80.2,,,OBAnorm,,LD831_01996v2.403,,,,0,0
GLBALSTL,2024-05-24 01:07:30.000,26.2,25.9,30.9,25.6,27.6,29.3,27.9,30.2,28.9,29.7,28.4,31.2,30.7,32.1,34.4,36.6,38.0,38.5,37.9,37.8,36.7,35.5,33.5,31.1,28.4,26.0,22.9,20.1,15.9,11.1,7.2,3.7,1.4,45.7,47.3,50.5,13.1,1.3,75.4,18.1,21.9,80.2,,,OBAnorm,,LD831_01996v2.403,,,,0,0
GLBALSTL,2024-05-24 01:07:31.000,29.4,29.5,31.6,27.5,25.7,28.4,30.0,29.3,28.3,28.6,28.7,29.8,31.4,33.0,34.9,36.7,38.5,39.0,38.6,38.8,37.5,36.2,34.3,31.9,28.9,26.0,22.8,19.7,15.7,11.1,7.4,4.1,1.6,46.4,48.0,49.4,13.1,1.3,75.7,18.1,21.9,80.2,,,OBAnorm,,LD831_01996v2.403,,,,0,0
GLBALSTL,2024-05-24 01:07:32.000,25.0,29.0,32.3,31.6,29.7,27.6,27.7,29.4,27.8,29.7,28.3,28.9,34.1,34.0,34.2,35.8,37.0,37.5,38.3,37.6,36.7,36.4,34.4,31.4,28.6,25.9,23.5,20.4,17.5,13.0,9.4,5.1,2.3,45.9,47.5,48.1,13.1,1.2,75.7,18.1,22.0,80.2,,,OBAnorm,,LD831_01996v2.403,,,,0,0
GLBALSTL,2024-05-24 01:07:33.000,27.2,29.6,30.2,25.3,28.3,29.4,28.6,29.5,28.7,29.7,28.8,29.1,32.6,33.0,34.9,36.0,38.0,39.0,38.9,38.9,37.4,36.8,34.3,31.3,29.1,25.5,22.1,19.0,15.7,11.3,7.4,3.8,1.6,46.4,47.8,48.2,13.1,1.1,75.7,18.1,22.0,80.2,,,OBAnorm,,LD831_01996v2.403,,,,0,0
GLBALSTL,2024-05-24 01:07:34.000,25.0,27.7,27.8,26.7,27.0,28.2,30.4,30.4,27.9,33.6,37.1,32.7,33.3,33.5,33.8,36.9,38.0,38.6,38.8,38.4,37.0,35.7,34.4,31.2,28.1,25.6,22.3,18.8,15.2,11.1,6.9,3.9,1.6,46.2,48.4,49.1,13.1,1.0,75.7,18.1,21.9,80.2,,,OBAnorm,,LD831_01996v2.403,,,,0,0
GLBALSTL,2024-05-24 01:07:35.000,25.1,24.6,30.4,29.8,28.8,31.1,31.2,29.6,29.1,28.4,28.3,30.0,35.0,33.2,33.4,36.5,37.3,38.2,37.7,38.3,36.9,35.3,33.1,30.6,27.3,24.6,21.6,18.4,14.1,9.3,5.8,3.1,1.3,45.5,47.1,47.5,13.1,0.9,75.7,18.1,21.9,80.2,,,OBAnorm,,LD831_01996v2.403,,,,0,0
GLBALSTL,2024-05-24 01:07:36.000,23.0,29.7,32.7,26.8,26.1,25.4,30.5,30.3,27.2,29.4,28.0,26.6,31.5,32.6,34.7,36.9,38.4,38.6,38.7,37.8,37.5,35.7,35.0,31.8,29.2,25.4,22.0,18.9,15.4,10.8,6.8,3.8,1.6,46.4,48.0,48.5,13.1,0.8,75.7,18.1,22.0,80.2,,,OBAnorm,,LD831_01996v2.403,,,,0,0
GLBALSTL,2024-05-24 01:07:37.000,19.6,26.5,30.2,30.2,27.0,26.7,30.8,30.4,28.4,30.5,31.2,31.8,33.6,36.6,35.9,39.2,39.3,40.5,40.5,40.3,39.3,37.7,35.8,33.3,29.7,27.5,24.6,21.6,18.4,14.2,9.7,5.6,2.4,48.0,49.4,49.7,13.1,0.8,75.7,18.1,22.0,80.2,,,OBAnorm,,LD831_01996v2.403,,,,0,0
GLBALSTL,2024-05-24 01:07:38.000,24.6,27.2,30.0,29.0,27.3,29.0,28.6,28.6,29.4,31.2,29.1,27.7,29.5,33.3,33.4,35.0,37.4,38.3,38.2,37.9,37.5,35.9,34.2,31.8,28.4,25.6,24.2,20.8,17.2,12.5,8.2,4.8,2.3,46.0,47.3,48.1,13.1,0.7,75.7,18.2,21.9,80.2,,,OBAnorm,,LD831_01996v2.403,,,,0,0
GLBALSTL,2024-05-24 01:07:39.000,26.1,30.2,30.9,29.2,26.2,28.4,30.6,30.5,30.7,32.3,33.5,32.8,35.1,34.2,35.0,38.0,38.6,39.6,39.8,39.5,38.6,37.2,35.0,32.6,30.1,26.9,23.7,20.1,16.6,12.3,8.1,4.3,1.7,47.3,49.1,49.9,13.1,0.6,75.7,18.1,21.9,80.2,,,OBAnorm,,LD831_01996v2.403,,,,0,0
GLBALSTL,2024-05-24 01:07:40.000,25.6,25.1,27.9,26.9,23.8,26.5,30.4,28.9,28.6,31.1,30.3,35.3,36.4,35.9,35.7,36.7,38.2,39.2,38.4,38.9,37.9,36.5,34.4,31.8,29.1,26.6,23.9,20.3,16.5,12.0,8.1,4.6,1.9,46.6,48.3,49.1,13.1,0.6,75.7,18.1,22.0,80.2,,,OBAnorm,,LD831_01996v2.403,,,,0,0
GLBALSTL,2024-05-24 01:07:41.000,22.7,24.2,27.1,27.5,25.7,27.9,28.9,28.6,30.0,30.3,29.8,30.2,32.7,32.6,33.6,36.1,37.6,38.0,39.0,37.9,36.9,35.9,34.2,31.1,28.0,25.4,22.2,18.6,15.3,11.6,7.2,4.2,1.6,45.9,47.4,48.3,13.1,0.6,75.7,18.1,22.0,80.2,,,OBAnorm,,LD831_01996v2.403,,,,0,0
GLBALSTL,2024-05-24 01:07:42.000,25.4,26.1,27.2,29.3,27.9,28.7,29.5,30.2,30.1,31.0,30.5,28.6,30.3,31.8,34.4,35.8,36.7,37.2,37.8,37.0,37.1,35.3,34.1,31.0,28.4,25.7,22.6,19.7,16.2,12.7,9.0,4.8,2.3,45.4,47.1,47.9,13.1,0.5,75.7,18.1,22.0,80.2,,,OBAnorm,,LD831_01996v2.403,,,,0,0
GLBALSTL,2024-05-24 01:07:43.000,26.8,29.9,24.7,32.2,26.8,30.3,31.6,28.8,29.4,29.5,30.0,27.5,31.0,33.5,34.3,36.0,37.3,38.3,38.2,37.6,36.1,35.1,32.6,30.6,27.6,24.5,21.4,18.3,14.0,9.8,5.9,3.4,1.4,45.4,47.3,47.9,13.1,0.5,75.7,18.1,22.0,80.2,,,OBAnorm,,LD831_01996v2.403,,,,0,0
GLBALSTL,2024-05-24 01:07:44.000,27.1,27.8,25.5,24.8,26.9,29.7,27.0,30.3,29.3,33.4,32.9,30.1,33.4,33.9,34.8,36.1,37.1,37.8,38.0,37.7,37.6,36.1,34.1,31.8,28.9,26.0,23.2,20.6,16.7,13.6,8.9,5.2,2.0,46.0,47.6,48.6,13.1,0.5,75.7,18.1,22.0,80.2,,,OBAnorm,,LD831_01996v2.403,,,,0,0
GLBALSTL,2024-05-24 01:07:45.000,24.2,25.1,28.2,25.3,27.2,28.9,30.4,30.8,28.9,32.4,30.3,31.3,30.6,34.5,33.3,35.5,38.0,37.9,38.2,38.0,37.0,35.6,33.7,30.9,28.1,25.3,21.7,18.4,14.7,10.4,6.6,3.7,1.5,45.7,47.4,50.3,13.1,0.4,75.7,18.1,22.0,80.2,,,OBAnorm,,LD831_01996v2.403,,,,0,0
GLBALSTL,2024-05-24 01:07:46.000,21.8,27.0,30.9,28.8,27.7,28.6,29.7,27.5,28.9,30.9,32.5,31.1,34.6,35.0,35.2,37.2,38.2,39.0,38.8,39.1,38.5,36.4,34.8,32.1,29.7,27.3,24.8,21.6,18.5,14.0,9.4,5.5,2.2,46.9,48.8,49.9,13.1,0.3,75.7,18.1,22.0,80.2,,,OBAnorm,,LD831_01996v2.403,,,,0,0
GLBALSTL,2024-05-24 01:07:47.000,24.9,29.4,28.7,28.8,29.7,30.2,29.4,31.9,28.2,32.9,35.1,38.0,38.7,36.9,35.7,36.8,38.0,38.2,38.4,39.2,37.1,36.0,33.6,31.0,28.8,25.5,23.1,19.6,16.0,12.0,7.7,4.4,1.7,46.3,48.7,49.6,13.1,0.3,75.7,18.1,22.0,80.2,,,OBAnorm,,LD831_01996v2.403,,,,0,0
GLBALSTL,2024-05-24 01:07:48.000,23.0,29.1,26.8,25.5,29.9,28.2,30.6,30.4,30.6,29.9,31.0,30.8,31.9,35.0,35.2,36.1,38.0,38.8,38.1,38.2,37.7,35.7,33.8,31.5,29.0,25.9,22.9,19.5,15.1,10.0,5.9,3.3,1.1,46.1,47.8,48.5,13.1,0.3,75.7,18.1,22.0,80.2,,,OBAnorm,,LD831_01996v2.403,,,,0,0
GLBALSTL,2024-05-24 01:07:49.000,20.7,23.3,29.3,27.0,28.9,29.1,29.3,29.4,30.5,31.6,30.2,32.1,33.0,34.8,34.4,36.9,37.2,38.3,37.9,37.7,37.5,35.3,33.9,31.0,28.1,25.0,22.0,19.2,15.0,10.3,6.3,3.6,1.5,45.8,47.7,48.2,13.1,0.3,75.7,18.2,22.0,80.2,,,OBAnorm,,LD831_01996v2.403,,,,0,0
GLBALSTL,2024-05-24 01:07:50.000,27.9,28.3,27.2,28.2,27.8,29.3,31.1,29.7,28.8,31.6,30.8,32.4,33.6,35.1,34.9,36.7,38.1,38.8,37.9,38.5,37.0,35.2,33.1,30.9,28.0,24.4,21.4,17.7,13.9,9.5,6.0,3.2,1.3,46.0,48.0,48.5,13.1,0.3,75.7,18.1,22.0,80.2,,,OBAnorm,,LD831_01996v2.403,,,,0,0
GLBALSTL,2024-05-24 01:07:51.000,23.1,24.8,28.5,29.6,28.3,31.4,29.7,31.9,28.6,29.5,29.0,28.3,30.9,32.9,35.0,36.9,38.7,40.1,39.6,38.9,38.4,36.9,35.5,32.6,29.0,26.0,22.5,18.8,14.7,10.1,6.2,3.5,1.4,47.0,48.3,49.2,13.1,0.3,75.7,18.2,22.0,80.2,,,OBAnorm,,LD831_01996v2.403,,,,0,0
GLBALSTL,2024-05-24 01:07:52.000,27.5,24.9,27.9,30.3,25.2,28.8,30.7,28.4,29.6,32.3,30.0,28.2,29.0,33.5,35.1,35.8,37.0,37.8,37.6,38.1,36.6,35.3,33.6,31.1,28.1,24.9,21.7,19.1,15.7,11.1,7.6,4.0,1.7,45.5,47.2,48.9,13.1,0.3,75.7,18.1,22.0,80.2,,,OBAnorm,,LD831_01996v2.403,,,,0,0
GLBALSTL,2024-05-24 01:07:53.000,27.9,28.0,28.7,24.3,29.6,29.2,27.9,27.9,30.5,33.0,30.5,29.9,32.6,34.8,35.5,36.9,38.4,38.3,38.3,38.6,37.7,35.4,33.8,31.3,28.6,25.5,22.6,20.2,16.1,11.0,6.9,3.8,1.6,46.2,48.0,50.1,13.1,0.3,75.7,18.1,22.0,80.2,,,OBAnorm,,LD831_01996v2.403,,,,0,0
GLBALSTL,2024-05-24 01:07:54.000,25.8,30.3,31.7,25.4,25.5,30.3,30.0,28.1,29.2,32.0,31.7,29.5,30.5,34.1,34.9,37.8,39.0,40.3,40.4,40.1,38.7,38.0,36.6,33.1,30.4,27.1,24.1,20.3,16.3,11.4,7.1,4.1,1.5,47.8,49.2,50.2,13.1,0.3,75.7,18.1,22.0,80.2,,,OBAnorm,,LD831_01996v2.403,,,,0,0
GLBALSTL,2024-05-24 01:07:55.000,28.4,23.2,31.3,27.6,26.6,28.2,30.0,29.9,30.0,32.3,32.6,32.3,34.0,33.8,34.4,36.2,37.2,38.5,38.0,37.4,36.6,34.6,33.5,30.4,27.4,24.0,21.3,18.9,14.8,10.1,6.6,3.5,1.3,45.3,47.3,49.6,13.1,0.2,75.7,18.1,22.0,80.2,,,OBAnorm,,LD831_01996v2.403,,,,0,0
GLBALSTL,2024-05-24 01:07:56.000,26.2,29.3,31.7,28.0,27.0,26.5,28.9,28.5,30.7,31.8,31.8,28.6,30.7,32.4,34.6,36.4,37.3,37.7,38.2,36.9,36.4,34.6,33.5,30.9,27.5,24.0,20.3,16.5,12.6,8.4,5.0,3.1,1.2,45.3,47.2,49.2,13.1,0.0,75.7,18.1,21.9,80.2,,,OBAnorm,,LD831_01996v2.403,,,,0,0
GLBALSTL,2024-05-24 01:07:57.000,26.7,30.0,29.4,31.1,29.8,31.2,30.6,30.2,31.8,33.2,32.5,29.7,32.8,33.7,34.6,36.3,37.1,37.9,37.0,36.9,36.3,35.2,33.8,30.8,27.7,24.7,21.4,17.9,13.8,9.4,5.5,3.2,1.2,45.3,47.4,49.3,13.1,0.0,75.7,18.1,21.9,80.2,,,OBAnorm,,LD831_01996v2.403,,,,0,0
GLBALSTL,2024-05-24 01:07:58.000,25.1,27.4,28.4,27.7,27.9,28.5,30.0,29.1,29.1,35.7,32.9,31.6,34.9,34.8,34.2,35.8,37.9,37.4,37.8,37.4,36.3,34.9,33.1,30.4,27.0,23.8,20.5,17.2,13.3,8.8,5.2,2.9,1.2,45.2,47.5,49.5,13.1,0.0,75.7,18.1,22.0,80.2,,,OBAnorm,,LD831_01996v2.403,,,,0,0
GLBALSTL,2024-05-24 01:07:59.000,27.1,26.5,29.3,30.6,27.9,28.1,32.0,30.4,32.1,33.1,33.2,28.7,32.0,34.0,34.7,36.3,36.4,38.2,37.9,37.3,36.7,35.4,33.9,30.9,28.3,24.8,22.2,18.6,14.0,9.6,5.8,3.1,1.2,45.5,47.5,51.2,13.1,0.0,75.7,18.1,22.0,80.2,,,OBAnorm,,LD831_01996v2.403,,,,0,0
GLBALSTL,2024-05-24 01:08:00.000,21.1,29.1,28.6,30.4,30.7,29.0,31.6,32.4,29.1,34.2,31.7,28.2,31.2,34.6,34.1,37.1,37.2,38.0,38.9,38.7,38.6,36.8,34.6,31.7,28.8,25.8,22.3,19.0,15.7,10.9,7.1,3.7,1.5,46.5,48.1,50.3,13.1,0.0,75.7,18.1,22.0,80.2,,,OBAnorm,,LD831_01996v2.403,,,,0,0
GLBALSTL,2024-05-24 01:08:01.000,22.6,25.6,28.4,27.5,27.5,30.7,31.5,32.5,33.1,32.5,33.2,30.2,33.1,35.1,36.0,39.5,40.2,40.6,39.7,39.3,38.5,37.6,35.8,32.8,30.0,26.6,23.0,20.2,16.1,10.9,6.5,3.5,1.3,47.7,49.5,51.4,13.1,0.0,75.7,18.1,21.9,80.8,,,OBAnorm,,LD831_01996v2.403,,,,0,0
GLBALSTL,2024-05-24 01:08:02.000,24.5,28.8,26.3,31.6,29.5,31.1,30.2,30.7,31.9,34.0,36.3,34.0,31.2,34.1,34.2,36.1,37.4,37.8,37.6,37.9,36.7,35.3,33.5,30.6,27.9,24.5,21.0,17.6,14.4,10.5,6.8,3.7,1.5,45.5,47.7,48.9,13.1,0.0,75.7,18.1,22.0,80.8,,,OBAnorm,,LD831_01996v2.403,,,,0,0
GLBALSTL,2024-05-24 01:08:03.000,22.1,26.9,25.7,28.5,28.5,30.1,31.6,31.2,30.3,33.0,31.7,28.6,32.4,32.8,34.5,36.9,38.3,38.8,38.4,37.9,36.8,35.3,33.6,31.4,28.6,25.8,22.3,18.8,14.7,9.9,6.1,3.1,1.4,45.9,47.7,49.9,13.1,0.0,75.7,18.1,22.0,80.2,,,OBAnorm,,LD831_01996v2.403,,,,0,0
GLBALSTL,2024-05-24 01:08:04.000,29.0,27.1,31.0,29.9,28.1,29.3,31.7,29.5,30.3,32.3,30.5,30.4,32.8,34.4,34.2,36.7,37.5,37.9,38.6,37.5,36.1,35.5,33.9,30.5,28.8,25.8,22.4,19.3,15.9,11.4,6.3,3.3,1.1,45.6,47.6,49.1,13.1,0.0,75.7,18.1,22.0,80.8,,,OBAnorm,,LD831_01996v2.403,,,,0,0
GLBALSTL,2024-05-24 01:08:05.000,26.1,27.1,28.6,26.7,30.1,30.5,29.0,31.4,31.7,31.3,30.2,29.5,33.2,34.6,34.8,36.3,37.3,38.2,38.3,39.5,37.5,36.4,33.8,31.2,28.7,25.8,22.5,20.0,15.8,10.4,6.3,3.4,1.3,46.3,47.9,50.5,13.1,0.0,75.7,18.1,22.0,80.8,,,OBAnorm,,LD831_01996v2.403,,,,0,0
GLBALSTL,2024-05-24 01:08:06.000,25.0,23.5,29.4,27.1,30.6,31.2,29.7,29.9,29.2,31.7,30.1,26.6,31.5,32.5,35.4,35.8,36.5,37.6,37.8,37.0,36.2,35.0,32.7,30.2,27.2,24.2,21.5,18.5,14.2,9.3,5.7,3.1,1.2,45.1,47.1,48.9,13.1,0.0,75.7,18.1,22.0,80.8,,,OBAnorm,,LD831_01996v2.403,,,,0,0
GLBALSTL,2024-05-24 01:08:07.000,25.5,26.7,27.6,27.1,27.5,30.5,33.6,29.4,31.8,31.1,31.1,27.8,32.7,32.5,35.2,36.5,37.7,39.0,38.4,38.0,37.4,36.3,34.2,32.0,28.7,25.7,22.2,19.2,14.7,10.2,6.2,3.5,1.3,46.3,48.0,49.2,13.1,0.0,75.7,18.0,22.0,80.8,,,OBAnorm,,LD831_01996v2.403,,,,0,0
GLBALSTL,2024-05-24 01:08:08.000,24.1,27.1,31.5,30.5,31.7,30.3,31.9,31.3,28.6,30.4,30.8,29.8,33.4,35.0,35.9,36.8,38.3,38.8,38.7,38.4,37.7,36.2,34.7,31.1,29.0,26.0,23.8,19.6,14.9,11.1,6.5,3.4,1.3,46.3,48.0,50.3,13.1,0.0,75.7,18.1,21.9,80.8,,,OBAnorm,,LD831_01996v2.403,,,,0,0
GLBALSTL,2024-05-24 01:08:09.000,25.6,30.2,27.7,27.0,29.5,30.3,31.8,31.5,30.1,31.6,29.1,26.4,30.5,32.6,33.4,34.5,37.2,37.3,37.6,37.5,36.9,35.3,33.0,30.1,26.9,23.9,21.3,18.7,14.3,10.1,6.5,3.5,1.5,45.3,47.0,49.0,13.1,0.0,75.7,18.1,22.0,80.8,,,OBAnorm,,LD831_01996v2.403,,,,0,0
GLBALSTL,2024-05-24 01:08:10.000,25.4,25.2,31.4,27.2,28.2,30.3,31.7,29.3,28.4,32.1,33.2,32.5,37.9,36.0,35.7,36.8,37.6,38.1,38.4,37.9,36.7,35.7,33.4,31.0,28.8,25.6,23.1,19.9,16.9,11.7,7.4,3.9,1.6,46.0,48.4,50.5,13.1,0.0,75.7,18.1,22.0,80.8,,,OBAnorm,,LD831_01996v2.403,,,,0,0
GLBALSTL,2024-05-24 01:08:11.000,23.1,28.4,28.3,28.9,29.9,28.4,29.9,31.0,31.4,31.5,32.0,28.3,33.5,35.0,34.5,37.7,38.2,38.4,39.2,38.7,37.1,35.6,33.6,30.7,28.2,24.9,21.2,18.0,14.0,10.1,6.4,3.4,1.4,46.1,48.0,50.9,13.1,0.0,75.7,18.1,22.0,80.8,,,OBAnorm,,LD831_01996v2.403,,,,0,0
GLBALSTL,2024-05-24 01:08:12.000,24.9,26.8,26.8,30.4,28.3,28.8,31.8,32.3,33.8,30.4,31.8,28.5,31.1,33.3,34.5,36.1,37.8,38.4,38.5,37.9,37.8,35.5,33.6,31.4,29.1,25.6,22.7,19.7,16.4,10.2,6.1,3.1,1.3,46.1,47.8,50.6,13.1,0.0,75.7,18.1,22.0,80.8,,,OBAnorm,,LD831_01996v2.403,,,,0,0
GLBALSTL,2024-05-24 01:08:13.000,24.2,26.8,29.0,26.2,31.1,29.3,32.1,30.6,29.6,31.8,29.7,26.3,31.6,33.8,34.6,36.7,37.5,38.4,38.9,39.0,37.5,36.1,33.9,31.8,28.6,26.0,24.2,21.1,17.2,13.1,7.9,5.2,2.5,46.3,47.8,50.4,13.1,0.0,75.7,18.1,21.9,80.8,,,OBAnorm,,LD831_01996v2.403,,,,0,0
GLBALSTL,2024-05-24 01:08:14.000,24.4,27.2,26.9,31.0,30.2,28.8,31.7,28.7,30.1,31.8,29.8,30.4,33.4,33.9,34.0,37.1,38.1,37.2,38.0,37.1,36.3,34.6,32.7,30.7,27.2,24.2,21.9,19.2,15.0,10.8,6.5,3.6,1.4,45.3,47.3,48.8,13.1,0.0,75.7,18.1,21.9,80.8,,,OBAnorm,,LD831_01996v2.403,,,,0,0
GLBALSTL,2024-05-24 01:08:15.000,22.1,25.3,30.2,32.0,27.8,29.3,31.1,31.1,30.7,30.8,29.0,28.5,30.1,33.6,34.8,37.1,39.0,39.8,39.2,39.0,38.1,36.0,34.3,31.3,28.6,25.5,21.9,18.4,14.5,9.9,6.3,3.4,1.3,46.8,48.5,49.5,13.1,0.0,75.7,18.1,21.9,80.8,,,OBAnorm,,LD831_01996v2.403,,,,0,0
GLBALSTL,2024-05-24 01:08:16.000,25.7,27.8,28.7,28.9,26.4,29.5,30.4,30.9,31.3,31.8,29.3,31.1,32.4,33.7,33.7,35.6,37.2,38.0,37.3,37.2,37.5,36.3,33.4,30.5,28.2,25.1,22.1,18.4,14.2,10.5,6.1,3.1,1.3,45.5,47.2,50.6,13.1,0.0,75.7,18.1,21.9,80.8,,,OBAnorm,,LD831_01996v2.403,,,,0,0
GLBALSTL,2024-05-24 01:08:17.000,26.0,29.1,29.9,27.2,27.7,28.1,30.3,32.8,31.2,32.0,30.3,31.6,32.6,34.7,34.0,35.9,36.9,36.8,37.7,37.7,36.6,35.3,32.8,30.8,27.6,24.6,21.9,18.4,15.2,9.6,5.7,3.2,1.4,45.3,47.2,54.4,13.1,0.0,75.7,18.1,21.9,80.8,,,OBAnorm,,LD831_01996v2.403,,,,0,0
GLBALSTL,2024-05-24 01:08:18.000,27.0,26.2,30.8,27.4,26.0,29.5,28.3,30.8,31.6,32.8,31.5,34.3,33.0,32.4,34.6,37.6,37.0,37.5,37.2,37.1,35.9,34.7,33.0,29.7,27.2,23.8,20.5,17.6,13.2,9.3,5.7,3.1,1.2,45.0,47.4,50.0,13.1,0.0,75.7,18.1,21.9,80.8,,,OBAnorm,,LD831_01996v2.403,,,,0,0
GLBALSTL,2024-05-24 01:08:19.000,24.6,30.0,26.8,31.6,29.2,31.7,31.1,31.5,31.7,32.7,29.8,32.0,33.1,34.3,33.5,36.4,37.5,37.9,37.7,37.5,36.9,35.8,33.9,30.7,27.6,24.4,21.2,17.7,14.0,9.1,5.3,3.0,1.2,45.6,47.4,48.7,13.1,0.0,75.7,18.1,21.9,80.8,,,OBAnorm,,LD831_01996v2.403,,,,0,0
GLBALSTL,2024-05-24 01:08:20.000,28.7,29.2,28.1,30.5,27.0,30.6,29.0,30.1,31.1,32.7,32.9,28.5,29.6,31.6,33.9,35.0,37.0,37.6,37.4,36.7,35.9,34.4,32.7,30.0,26.9,23.9,21.2,19.5,15.9,9.8,5.7,3.0,1.2,44.8,46.8,49.6,13.1,0.0,75.7,18.1,21.9,80.8,,,OBAnorm,,LD831_01996v2.403,,,,0,0
GLBALSTL,2024-05-24 01:08:21.000,27.0,25.9,28.0,29.5,28.3,27.2,30.7,29.4,29.5,30.8,31.4,31.7,33.9,35.2,34.9,36.4,38.3,38.5,38.4,38.4,38.5,36.7,34.8,32.6,29.8,28.0,26.2,23.0,19.8,15.4,10.7,6.3,3.1,46.8,48.5,52.1,13.1,0.0,75.7,18.1,21.9,80.8,,,OBAnorm,,LD831_01996v2.403,,,,0,0
GLBALSTL,2024-05-24 01:08:22.000,25.4,32.2,29.7,30.5,29.3,29.9,32.9,28.2,28.8,32.2,30.6,31.2,34.2,35.9,35.9,36.2,37.9,38.2,37.9,38.1,37.2,35.4,33.1,30.9,27.7,24.9,21.4,18.7,15.0,10.0,6.2,3.5,1.5,45.6,47.6,50.4,13.1,0.0,75.7,18.1,22.0,80.8,,,OBAnorm,,LD831_01996v2.403,,,,0,0
GLBALSTL,2024-05-24 01:08:23.000,28.0,29.6,28.7,30.3,30.7,33.0,31.9,32.0,31.3,31.6,29.1,27.0,29.1,32.5,32.4,37.6,38.6,39.7,39.2,38.6,37.7,37.4,35.4,33.2,29.9,26.8,24.3,20.9,17.7,14.0,10.1,5.4,2.5,47.0,48.4,53.3,13.1,0.0,75.7,18.1,22.0,80.8,,,OBAnorm,,LD831_01996v2.403,,,,0,0
GLBALSTL,2024-05-24 01:08:24.000,26.6,26.7,28.3,28.8,28.5,30.0,31.2,28.7,29.9,33.2,35.2,34.1,35.4,34.3,34.1,36.7,37.5,38.1,37.7,36.7,36.6,35.9,33.6,30.8,27.7,24.1,22.1,19.2,15.2,11.1,7.4,4.1,1.6,45.5,47.7,51.1,13.1,0.0,75.7,18.1,22.0,80.8,,,OBAnorm,,LD831_01996v2.403,,,,0,0
GLBALSTL,2024-05-24 01:08:25.000,24.7,27.1,27.4,30.4,28.5,29.5,31.5,28.9,30.9,29.6,30.3,28.6,34.4,35.7,33.2,35.5,36.0,37.0,37.4,37.3,36.4,35.3,33.6,30.9,28.2,25.2,22.4,19.8,15.3,10.5,6.5,3.6,1.5,45.3,47.2,50.0,13.1,0.0,75.7,18.1,22.0,80.8,,,OBAnorm,,LD831_01996v2.403,,,,0,0
GLBALSTL,2024-05-24 01:08:26.000,28.5,29.6,27.9,28.8,27.4,30.0,30.4,30.8,29.3,30.3,31.7,30.4,35.7,37.1,34.9,38.8,38.1,38.4,38.8,37.4,36.6,35.4,33.6,30.3,27.6,25.0,22.4,19.0,14.5,10.5,6.6,3.9,1.5,45.9,48.2,52.0,13.1,0.0,75.7,18.1,21.9,80.8,,,OBAnorm,,LD831_01996v2.403,,,,0,0
GLBALSTL,2024-05-24 01:08:27.000,28.4,31.8,31.3,29.9,30.7,30.0,31.1,30.2,30.0,31.7,30.1,31.3,32.2,33.6,34.6,36.9,39.5,39.6,39.5,38.7,37.4,35.9,34.3,31.7,28.6,24.7,21.4,17.7,13.5,9.4,5.8,3.4,1.4,46.7,48.5,52.5,13.1,0.0,75.7,18.1,21.9,80.8,,,OBAnorm,,LD831_01996v2.403,,,,0,0
GLBALSTL,2024-05-24 01:08:28.000,24.6,27.3,31.0,31.7,27.2,27.8,31.9,30.9,32.0,33.3,30.2,28.4,31.8,35.1,35.7,37.7,38.9,39.6,39.4,38.8,37.4,36.3,34.3,31.1,28.6,25.0,23.1,20.1,15.8,10.2,5.9,3.2,1.2,46.8,48.5,50.6,13.1,0.0,75.7,18.1,21.9,80.8,,,OBAnorm,,LD831_01996v2.403,,,,0,0
GLBALSTL,2024-05-24 01:08:29.000,30.8,28.3,29.5,30.1,28.9,29.1,31.5,30.0,30.9,32.7,30.3,27.8,31.6,33.9,34.0,36.9,38.2,38.7,38.3,38.2,37.1,35.4,34.3,31.3,28.6,24.7,22.1,19.3,14.9,9.6,5.9,3.1,1.2,46.0,47.7,49.9,13.1,0.0,75.7,18.1,21.9,80.8,,,OBAnorm,,LD831_01996v2.403,,,,0,0
GLBALSTL,2024-05-24 01:08:30.000,30.8,26.2,31.7,28.5,30.9,32.0,29.3,30.7,31.3,32.8,34.6,31.6,31.7,33.6,34.6,36.9,38.3,39.5,38.3,38.3,36.5,35.4,33.7,30.9,27.8,25.2,22.0,18.7,15.1,9.8,5.6,3.2,1.2,46.0,48.1,48.8,13.1,0.0,75.7,18.1,21.9,80.8,,,OBAnorm,,LD831_01996v2.403,,,,0,0
GLBALSTL,2024-05-24 01:08:31.000,25.9,28.8,23.8,30.9,25.8,30.8,29.6,30.9,29.1,31.5,30.5,28.4,33.9,34.9,35.5,36.7,38.4,39.1,39.0,38.7,37.4,35.9,34.7,31.7,28.8,25.9,23.0,19.4,15.5,11.0,7.3,4.0,1.6,46.4,48.3,54.9,13.1,0.3,75.7,18.1,21.9,80.8,,,OBAnorm,,LD831_01996v2.403,,,,0,0
GLBALSTL,2024-05-24 01:08:32.000,26.0,27.4,28.9,30.9,29.2,29.9,34.4,30.1,32.0,31.2,31.4,32.6,34.6,35.3,35.0,36.6,38.6,39.1,38.8,38.4,37.4,35.5,34.5,31.1,28.6,25.4,22.0,19.7,15.5,10.7,6.4,3.4,1.5,46.3,48.7,64.3,13.1,0.5,75.7,18.1,21.9,80.8,,,OBAnorm,,LD831_01996v2.403,,,,0,0
GLBALSTL,2024-05-24 01:08:33.000,24.4,29.0,31.8,32.0,33.2,33.1,30.8,30.6,28.8,32.2,32.0,31.5,32.2,35.0,36.1,38.0,39.1,38.9,38.8,38.3,38.1,36.2,34.6,32.4,30.3,27.4,24.3,22.5,18.0,11.8,6.8,3.7,1.3,46.8,48.7,53.7,13.1,0.6,75.7,18.1,21.9,80.8,,,OBAnorm,,LD831_01996v2.403,,,,0,0
GLBALSTL,2024-05-24 01:08:34.000,33.3,37.5,33.3,28.0,27.6,27.6,32.0,31.8,32.0,33.0,32.1,31.4,29.4,33.0,34.5,36.0,37.1,40.0,38.8,39.1,38.1,36.7,34.5,32.6,29.5,26.3,23.2,19.9,15.8,11.1,6.6,3.3,1.4,46.7,48.1,49.8,13.1,0.6,75.7,18.1,21.9,80.8,,,OBAnorm,,LD831_01996v2.403,,,,0,0
GLBALSTL,2024-05-24 01:08:35.000,36.3,36.4,30.6,25.7,28.9,31.3,31.2,29.7,31.4,33.5,31.0,29.5,34.1,35.7,35.9,38.3,39.2,40.2,38.9,38.6,38.2,36.0,34.1,31.5,29.5,26.5,22.9,20.4,15.8,11.0,6.9,3.6,1.3,46.9,48.9,50.3,13.1,0.6,75.7,18.1,21.9,80.8,,,OBAnorm,,LD831_01996v2.403,,,,0,0
GLBALSTL,2024-05-24 01:08:36.000,31.5,31.1,27.3,29.7,27.7,28.8,30.4,32.7,34.5,38.0,33.0,28.6,30.6,34.7,33.9,36.6,37.7,38.3,38.8,38.1,37.5,35.4,34.1,31.5,28.9,25.2,22.5,18.4,14.5,9.8,6.0,3.4,1.3,46.1,48.3,48.9,13.1,0.6,75.7,18.1,21.9,80.8,,,OBAnorm,,LD831_01996v2.403,,,,0,0
GLBALSTL,2024-05-24 01:08:37.000,26.1,28.2,25.9,30.6,29.9,29.5,30.0,32.7,30.7,33.0,31.8,31.6,32.8,33.2,34.2,37.4,38.0,38.8,39.1,39.3,37.6,36.6,34.5,32.0,29.0,26.0,23.3,20.0,16.3,12.4,8.3,4.6,2.1,46.5,48.3,48.9,13.1,0.6,75.7,18.1,21.9,80.8,,,OBAnorm,,LD831_01996v2.403,,,,0,0
GLBALSTL,2024-05-24 01:08:38.000,27.5,27.9,29.1,28.7,28.2,29.3,28.8,28.8,29.8,32.5,31.9,29.8,31.0,31.9,34.2,36.8,37.6,38.6,38.5,37.9,37.7,36.1,34.2,31.3,28.3,24.7,22.6,19.3,15.5,12.1,7.5,4.0,1.6,46.1,47.7,49.0,13.1,0.5,75.7,18.1,21.9,80.8,,,OBAnorm,,LD831_01996v2.403,,,,0,0
GLBALSTL,2024-05-24 01:08:39.000,23.9,28.1,27.9,30.3,28.3,29.9,30.2,31.8,30.7,32.0,28.9,29.3,31.7,33.5,34.1,37.4,38.8,39.2,38.3,38.7,37.5,36.1,34.4,32.2,29.4,27.2,24.1,23.5,16.8,11.3,6.8,3.7,1.4,46.6,48.2,48.9,13.1,0.5,75.7,18.2,21.9,80.8,,,OBAnorm,,LD831_01996v2.403,,,,0,0
GLBALSTL,2024-05-24 01:08:40.000,22.1,25.3,28.3,29.0,30.5,30.0,29.5,29.7,27.8,30.9,30.9,33.3,32.6,34.8,34.5,37.1,38.2,39.6,38.4,38.4,37.2,35.1,33.9,31.5,28.8,25.0,21.4,18.4,13.6,9.1,5.6,3.1,1.1,46.1,48.1,48.5,13.1,0.5,75.7,18.1,21.9,80.8,,,OBAnorm,,LD831_01996v2.403,,,,0,0
GLBALSTL,2024-05-24 01:08:41.000,27.4,25.0,32.5,30.6,27.8,30.6,29.8,29.5,30.0,31.8,31.3,29.4,33.3,32.7,34.7,36.2,37.5,37.6,38.1,37.3,36.2,35.2,33.2,31.2,28.7,24.9,21.6,18.9,14.9,9.3,5.7,3.0,1.3,45.5,47.3,47.8,13.1,0.5,75.7,18.1,21.9,80.8,,,OBAnorm,,LD831_01996v2.403,,,,0,0
GLBALSTL,2024-05-24 01:08:42.000,22.7,29.7,29.4,30.3,31.2,28.7,31.3,29.5,31.1,32.0,29.1,32.5,33.6,35.4,37.2,38.5,39.5,40.5,40.9,40.4,38.7,36.6,35.4,32.9,29.7,26.6,23.1,21.2,17.4,11.2,6.9,3.5,1.4,47.8,49.4,50.1,13.1,0.5,75.7,18.1,21.9,80.8,,,OBAnorm,,LD831_01996v2.403,,,,0,0
GLBALSTL,2024-05-24 01:08:43.000,26.8,26.2,29.9,29.6,30.6,28.3,31.6,33.0,30.4,30.7,31.6,29.4,30.4,33.7,34.8,36.3,38.1,38.6,38.0,37.7,36.7,35.1,33.4,31.2,28.0,24.9,22.0,20.3,15.5,9.7,5.7,3.0,1.3,45.7,47.6,48.6,13.1,0.5,75.7,18.1,21.9,80.8,,,OBAnorm,,LD831_01996v2.403,,,,0,0
GLBALSTL,2024-05-24 01:08:44.000,23.9,24.7,28.1,29.8,28.6,33.2,29.3,31.2,29.8,32.7,30.8,30.1,34.3,34.5,37.0,37.0,37.9,38.0,37.5,37.5,37.0,35.3,34.0,31.4,28.8,26.5,24.3,21.9,19.2,15.2,11.2,6.6,2.8,45.8,47.9,48.8,13.1,0.4,75.7,18.1,22.0,80.8,,,OBAnorm,,LD831_01996v2.403,,,,0,0
GLBALSTL,2024-05-24 01:08:45.000,24.4,29.2,28.8,30.7,30.2,31.9,32.5,31.5,30.8,31.9,32.8,35.7,33.3,34.7,35.4,36.6,37.0,37.6,37.3,36.4,36.1,35.2,33.8,30.8,27.9,25.0,22.2,18.9,15.5,11.3,7.6,4.5,1.7,45.2,47.6,48.5,13.1,0.4,75.7,18.1,21.9,80.8,,,OBAnorm,,LD831_01996v2.403,,,,0,0
GLBALSTL,2024-05-24 01:08:46.000,25.5,26.8,31.1,27.6,29.2,28.4,29.1,31.0,30.9,32.4,31.0,30.0,31.2,32.5,34.4,36.3,37.3,38.0,38.4,37.1,36.7,34.9,33.6,31.0,28.3,25.2,21.7,18.3,14.8,10.5,6.8,3.5,1.5,45.4,47.6,48.0,13.1,0.4,75.7,18.1,21.9,80.8,,,OBAnorm,,LD831_01996v2.403,,,,0,0
GLBALSTL,2024-05-24 01:08:47.000,26.1,28.9,29.3,28.5,30.2,29.7,31.8,33.8,35.7,32.1,30.8,27.6,30.8,33.4,35.3,36.4,37.4,38.2,38.8,38.8,37.5,35.8,34.6,31.6,29.2,26.4,23.2,21.2,16.9,12.8,8.1,4.1,1.5,46.3,47.8,48.3,13.1,0.4,75.7,18.1,21.9,80.8,,,OBAnorm,,LD831_01996v2.403,,,,0,0
GLBALSTL,2024-05-24 01:08:48.000,28.1,28.3,28.2,31.0,28.1,30.5,31.2,32.6,30.5,29.9,30.9,29.7,30.6,34.3,33.9,36.2,38.3,38.3,38.8,37.8,36.8,35.8,33.8,31.5,29.1,25.6,23.1,20.5,16.7,11.2,6.7,3.7,1.4,46.1,47.9,49.1,13.1,0.4,75.7,18.1,21.9,80.8,,,OBAnorm,,LD831_01996v2.403,,,,0,0
GLBALSTL,2024-05-24 01:08:49.000,23.4,28.8,31.1,29.3,28.7,30.5,29.4,29.6,30.0,30.1,33.4,31.9,32.8,34.5,36.3,37.8,37.5,38.6,38.5,38.0,37.4,36.1,33.8,31.5,29.3,26.3,23.1,20.0,15.9,11.2,6.5,3.6,1.4,46.2,48.2,49.6,13.1,0.4,75.7,18.1,21.9,80.8,,,OBAnorm,,LD831_01996v2.403,,,,0,0
GLBALSTL,2024-05-24 01:08:50.000,26.3,26.0,30.1,27.7,29.3,31.7,32.4,32.8,32.6,32.9,31.9,30.4,34.5,36.0,35.2,37.3,38.9,39.0,38.6,38.5,37.3,35.6,34.0,32.0,29.1,25.9,23.3,20.3,16.2,11.3,6.8,3.8,1.5,46.3,48.3,50.8,13.1,0.4,75.7,18.1,21.9,80.8,,,OBAnorm,,LD831_01996v2.403,,,,0,0
GLBALSTL,2024-05-24 01:08:51.000,22.4,26.3,30.4,29.0,29.7,31.6,33.1,29.8,31.7,34.3,31.8,29.4,30.7,33.0,34.4,36.7,37.8,37.4,38.0,37.6,37.2,35.5,33.3,30.8,28.3,25.2,22.1,19.6,15.3,11.5,7.1,4.0,1.6,45.6,47.5,48.5,13.1,0.4,75.7,18.1,21.9,80.2,,,OBAnorm,,LD831_01996v2.403,,,,0,0
GLBALSTL,2024-05-24 01:08:52.000,24.2,30.0,26.9,28.2,31.7,31.2,31.9,30.5,31.0,30.5,31.6,28.1,28.3,32.2,34.0,36.2,36.4,37.8,37.2,37.3,36.0,34.4,33.0,30.0,26.8,24.4,21.3,18.3,14.9,10.5,6.8,3.5,1.5,44.9,46.9,47.7,13.1,0.4,75.7,18.1,21.9,80.2,,,OBAnorm,,LD831_01996v2.403,,,,0,0
GLBALSTL,2024-05-24 01:08:53.000,25.1,22.9,28.9,26.6,30.3,32.2,31.8,31.3,31.4,32.0,33.6,33.2,34.1,35.1,36.8,38.7,39.8,39.4,39.2,39.3,38.5,37.2,35.8,32.7,30.1,27.5,24.4,20.8,16.7,12.3,7.5,3.8,1.5,47.4,49.4,50.0,13.1,0.4,75.7,18.1,21.9,80.2,,,OBAnorm,,LD831_01996v2.403,,,,0,0
GLBALSTL,2024-05-24 01:08:54.000,24.4,23.8,28.6,31.4,29.2,31.1,31.0,32.3,32.8,33.3,34.3,30.9,35.4,36.6,36.4,37.5,37.8,38.4,39.1,38.7,37.5,36.0,34.2,32.3,29.2,26.3,23.6,20.4,17.0,13.0,8.9,4.7,2.0,46.3,48.3,49.8,13.1,0.5,75.7,18.1,21.9,80.2,,,OBAnorm,,LD831_01996v2.403,,,,0,0
GLBALSTL,2024-05-24 01:08:55.000,23.6,24.6,29.7,29.8,32.0,29.7,29.5,28.0,29.8,33.2,31.6,27.5,31.0,32.5,34.4,36.3,36.8,38.4,38.3,38.6,36.8,35.0,33.6,31.9,28.0,25.4,22.4,19.5,15.2,9.8,6.0,3.4,1.4,45.9,47.6,48.4,13.1,0.5,75.7,18.1,21.9,80.2,,,OBAnorm,,LD831_01996v2.403,,,,0,0
GLBALSTL,2024-05-24 01:08:56.000,20.7,28.1,31.7,28.0,29.4,30.8,32.4,30.0,31.5,31.4,31.2,30.2,31.5,32.5,34.1,36.4,37.4,37.7,38.2,38.3,36.5,34.9,33.3,30.4,27.6,24.7,21.9,18.6,15.1,9.7,6.1,3.5,1.2,45.5,47.5,48.7,13.1,0.5,75.7,18.1,21.9,80.8,,,OBAnorm,,LD831_01996v2.403,,,,0,0
GLBALSTL,2024-05-24 01:08:57.000,24.7,28.5,30.7,29.0,31.3,31.7,30.3,31.1,30.8,32.5,30.6,30.1,32.5,34.6,33.8,35.7,37.0,37.6,37.1,37.2,35.7,34.6,32.1,29.9,27.5,24.3,21.5,18.7,14.4,9.3,5.5,3.1,1.2,44.9,47.0,48.0,13.1,0.5,75.7,18.1,21.9,80.8,,,OBAnorm,,LD831_01996v2.403,,,,0,0
GLBALSTL,2024-05-24 01:08:58.000,27.2,26.7,28.5,31.2,29.6,29.6,28.6,29.9,30.9,32.8,30.1,29.5,30.0,32.9,33.8,35.8,36.8,38.2,38.4,37.8,36.5,34.9,32.7,30.2,28.0,24.9,22.1,18.9,15.4,10.5,6.4,3.5,1.2,45.6,47.4,48.9,13.1,0.6,75.7,18.1,21.9,80.8,,,OBAnorm,,LD831_01996v2.403,,,,0,0
GLBALSTL,2024-05-24 01:08:59.000,27.8,30.0,26.6,29.3,29.2,30.5,31.9,32.6,31.5,33.8,31.0,27.1,31.0,35.3,34.7,36.3,37.2,37.7,37.8,37.2,37.2,35.3,34.0,31.1,28.4,25.3,22.4,19.3,16.6,11.9,7.6,4.3,1.7,45.6,47.5,48.5,13.1,0.6,75.7,18.1,21.9,80.8,,,OBAnorm,,LD831_01996v2.403,,,,0,0
GLBALSTL,2024-05-24 01:09:00.000,24.9,29.5,30.6,29.5,28.1,31.8,33.3,32.7,29.5,33.5,30.3,30.1,32.9,34.8,35.5,36.9,37.8,37.6,38.3,37.6,37.1,35.6,34.3,30.9,28.8,26.6,23.4,20.6,18.3,13.7,9.8,5.4,2.3,45.9,47.9,48.5,13.1,0.6,75.7,18.1,21.9,80.8,,,OBAnorm,,LD831_01996v2.403,,,,0,0
GLBALSTL,2024-05-24 01:09:01.000,22.1,28.9,27.6,28.3,28.4,33.7,31.3,28.8,31.6,33.6,31.7,27.4,29.5,32.1,33.1,35.2,37.4,37.2,36.9,37.2,36.9,35.1,33.6,30.5,27.7,24.7,21.5,18.3,14.7,10.3,7.1,4.0,2.1,45.3,47.2,47.6,13.1,0.6,75.7,18.1,21.9,80.8,,,OBAnorm,,LD831_01996v2.403,,,,0,0
GLBALSTL,2024-05-24 01:09:02.000,24.6,26.2,31.0,28.1,29.5,32.2,32.8,31.5,31.8,31.8,30.9,29.1,31.9,33.7,35.1,37.3,38.0,38.8,39.2,38.8,37.9,37.1,35.4,32.6,29.4,26.5,24.0,20.8,17.4,13.7,8.5,4.7,1.9,46.8,48.4,49.4,13.1,0.6,75.7,18.1,21.9,80.8,,,OBAnorm,,LD831_01996v2.403,,,,0,0
GLBALSTL,2024-05-24 01:09:03.000,24.1,27.6,31.1,29.1,30.7,31.3,31.6,29.9,31.6,31.6,31.0,29.4,34.2,34.0,34.6,35.5,37.7,38.1,38.3,38.0,36.7,35.7,34.1,31.0,28.8,25.6,22.8,19.3,16.1,11.7,7.3,4.2,1.6,45.9,47.8,51.2,13.1,0.5,75.7,18.1,22.0,80.8,,,OBAnorm,,LD831_01996v2.403,,,,0,0
GLBALSTL,2024-05-24 01:09:04.000,24.6,28.6,30.1,28.7,26.9,32.3,32.3,31.4,29.3,32.0,31.4,30.7,34.3,33.2,35.4,37.2,37.8,39.1,38.4,38.4,37.4,37.4,34.3,31.7,28.7,25.8,23.0,19.7,17.1,13.0,7.9,4.1,1.6,46.3,48.0,49.8,13.1,0.5,75.6,18.1,21.9,80.8,,,OBAnorm,,LD831_01996v2.403,,,,0,0
GLBALSTL,2024-05-24 01:09:05.000,28.2,31.5,29.2,28.5,28.9,28.4,30.9,31.6,31.5,31.0,29.4,28.7,31.0,33.9,35.7,35.8,36.2,37.3,37.4,37.5,36.1,34.4,32.6,29.9,26.6,23.8,20.9,18.3,14.6,10.5,6.8,3.3,1.4,45.1,47.2,47.9,13.1,0.5,75.6,18.1,21.9,80.8,,,OBAnorm,,LD831_01996v2.403,,,,0,0
GLBALSTL,2024-05-24 01:09:06.000,27.4,28.1,31.0,31.4,29.0,31.2,29.5,31.9,32.4,33.1,32.3,30.1,31.3,32.6,33.5,36.8,38.1,37.9,37.8,38.0,37.0,36.2,34.5,31.6,28.3,25.3,22.1,19.2,15.6,11.4,7.6,4.1,1.6,45.9,47.7,48.3,13.1,0.6,75.7,18.0,21.9,80.8,,,OBAnorm,,LD831_01996v2.403,,,,0,0
GLBALSTL,2024-05-24 01:09:07.000,22.2,29.3,29.9,29.6,28.5,29.0,31.4,31.3,30.0,31.1,31.5,29.4,35.5,34.6,35.0,37.3,38.8,39.1,39.4,38.2,37.7,36.9,34.2,31.3,28.7,26.0,22.6,19.1,16.0,10.9,6.8,3.5,1.3,46.5,48.3,48.9,13.1,0.6,75.7,18.1,21.9,80.8,,,OBAnorm,,LD831_01996v2.403,,,,0,0
GLBALSTL,2024-05-24 01:09:08.000,27.2,26.2,31.4,27.5,28.4,31.5,28.4,30.2,30.0,31.6,30.5,27.4,32.9,34.9,35.5,36.1,37.1,38.2,37.1,37.0,36.2,34.4,32.7,29.8,27.3,24.3,21.5,18.6,14.2,9.9,6.3,3.4,1.3,45.1,47.3,47.8,13.1,0.7,75.7,18.1,21.9,80.8,,,OBAnorm,,LD831_01996v2.403,,,,0,0
GLBALSTL,2024-05-24 01:09:09.000,18.1,24.9,28.4,29.0,30.7,32.8,31.1,29.9,31.6,32.5,30.8,28.8,32.3,34.1,34.6,37.4,39.2,37.9,38.6,38.3,37.8,36.6,34.2,32.6,29.1,26.0,23.2,20.1,15.4,10.8,6.5,3.4,1.4,46.5,48.4,48.9,13.1,0.7,75.6,18.1,21.9,80.8,,,OBAnorm,,LD831_01996v2.403,,,,0,0
GLBALSTL,2024-05-24 01:09:10.000,24.2,28.9,31.6,29.1,29.8,31.6,29.9,32.5,29.8,33.0,33.6,33.3,33.9,34.2,35.8,38.0,39.6,39.6,39.2,38.2,37.3,35.8,34.1,30.7,28.3,25.2,21.8,19.2,14.9,11.0,7.0,3.9,1.4,46.4,48.4,48.8,13.1,0.7,75.7,18.1,21.9,80.8,,,OBAnorm,,LD831_01996v2.403,,,,0,0
GLBALSTL,2024-05-24 01:09:11.000,22.8,28.0,29.9,30.9,28.2,30.9,33.4,30.2,29.7,33.1,30.3,31.3,33.6,34.5,35.9,36.1,37.4,37.7,37.5,36.7,36.3,35.1,32.9,30.1,27.4,25.1,22.4,19.3,15.4,11.7,7.9,4.4,1.8,45.1,47.3,47.8,13.1,0.7,75.6,18.1,21.9,80.8,,,OBAnorm,,LD831_01996v2.403,,,,0,0
GLBALSTL,2024-05-24 01:09:12.000,23.6,29.0,31.4,28.1,30.4,32.1,30.9,32.9,30.7,31.8,31.0,30.6,34.2,35.2,35.1,37.9,38.5,38.1,37.9,38.0,36.5,35.5,33.8,30.9,28.7,26.2,23.3,19.9,16.6,12.9,8.3,4.6,1.8,46.0,48.1,50.0,13.1,0.7,75.7,18.1,21.9,80.8,,,OBAnorm,,LD831_01996v2.403,,,,0,0
GLBALSTL,2024-05-24 01:09:13.000,25.6,25.4,29.0,30.8,29.2,30.3,30.5,31.0,31.4,32.8,34.1,35.7,37.7,36.7,35.2,37.6,37.8,38.1,38.3,38.0,37.1,36.3,35.2,31.8,29.0,26.0,24.6,21.5,18.6,14.0,9.2,5.0,2.3,46.3,48.6,53.4,13.1,0.7,75.7,18.1,21.9,80.8,,,OBAnorm,,LD831_01996v2.403,,,,0,0
GLBALSTL,2024-05-24 01:09:14.000,25.1,27.0,28.6,28.5,29.8,28.7,30.6,31.6,29.6,32.6,34.0,29.3,32.2,34.4,34.5,37.1,37.7,38.5,38.3,37.8,36.7,35.5,33.6,30.6,28.0,25.5,22.5,20.2,16.7,11.3,7.3,3.9,1.5,45.8,47.9,49.0,13.1,0.6,75.7,18.1,21.9,80.8,,,OBAnorm,,LD831_01996v2.403,,,,0,0
GLBALSTL,2024-05-24 01:09:15.000,31.5,28.2,29.0,27.2,28.7,29.4,30.8,30.1,32.1,32.6,32.1,33.1,32.7,34.9,35.7,38.1,38.4,37.9,37.3,37.4,36.0,34.6,32.8,30.4,27.6,25.0,23.1,19.9,16.5,12.4,8.9,4.6,1.9,45.4,47.8,49.0,13.1,0.6,75.7,18.1,21.9,80.2,,,OBAnorm,,LD831_01996v2.403,,,,0,0
GLBALSTL,2024-05-24 01:09:16.000,27.1,30.4,30.7,29.7,30.0,31.5,30.3,32.4,31.1,32.1,31.3,28.7,30.0,33.0,34.3,37.3,38.5,38.8,38.1,37.5,36.6,35.0,32.8,29.8,27.2,24.2,22.2,19.5,16.2,10.6,7.0,3.8,1.6,45.6,47.6,48.6,13.1,0.5,75.7,18.1,21.9,80.2,,,OBAnorm,,LD831_01996v2.403,,,,0,0
GLBALSTL,2024-05-24 01:09:17.000,25.6,27.3,33.4,27.8,30.2,31.1,29.8,27.0,30.2,32.7,33.2,31.5,34.6,33.8,33.1,36.4,37.8,37.5,37.4,36.6,36.1,34.3,32.4,29.8,26.5,24.3,21.4,18.0,14.4,10.5,6.1,3.6,1.5,44.8,47.1,47.8,13.1,0.5,75.7,18.1,21.9,80.2,,,OBAnorm,,LD831_01996v2.403,,,,0,0
GLBALSTL,2024-05-24 01:09:18.000,24.8,27.5,29.7,32.1,29.5,29.9,31.1,30.1,30.1,32.6,31.3,31.9,33.0,34.8,36.0,36.5,37.6,38.6,39.7,37.9,36.3,36.0,33.0,30.3,27.6,24.8,22.2,19.1,15.2,11.1,6.8,3.8,1.6,46.0,48.2,48.8,13.1,0.5,75.7,18.1,21.9,80.2,,,OBAnorm,,LD831_01996v2.403,,,,0,0
GLBALSTL,2024-05-24 01:09:19.000,21.6,29.0,31.8,32.1,31.3,32.3,31.2,31.0,29.6,32.0,33.7,33.1,33.0,36.3,34.5,36.9,36.7,37.9,37.6,36.7,35.8,34.3,32.1,29.9,27.5,24.0,21.0,17.7,14.1,9.4,5.8,3.4,1.3,44.9,47.3,47.9,13.1,0.6,75.7,18.1,21.9,80.8,,,OBAnorm,,LD831_01996v2.403,,,,0,0
GLBALSTL,2024-05-24 01:09:20.000,26.3,27.4,28.0,29.6,26.5,31.3,30.0,30.3,29.8,33.5,33.5,29.1,32.8,32.5,34.5,37.4,37.1,39.1,38.6,37.4,37.7,35.5,33.9,31.2,28.3,25.8,23.4,19.9,16.7,11.7,7.6,4.1,1.7,46.1,47.9,48.4,13.1,0.5,75.7,18.1,21.9,80.2,,,OBAnorm,,LD831_01996v2.403,,,,0,0
GLBALSTL,2024-05-24 01:09:21.000,20.7,25.6,28.4,30.7,27.3,31.2,30.6,30.7,31.1,31.5,32.0,29.4,30.8,33.9,34.3,36.9,37.0,39.0,38.3,38.1,37.0,35.4,33.6,31.1,27.9,24.5,21.7,18.0,14.3,9.9,6.0,3.4,1.3,45.8,47.6,48.0,13.1,0.5,75.7,18.1,21.9,80.8,,,OBAnorm,,LD831_01996v2.403,,,,0,0
GLBALSTL,2024-05-24 01:09:22.000,26.9,27.6,30.3,30.9,28.0,29.9,30.7,32.6,30.8,31.5,32.7,29.2,30.8,33.3,33.4,35.6,37.7,38.8,38.6,37.5,37.3,35.3,33.6,30.9,27.6,24.6,21.5,18.0,14.3,10.0,6.6,3.5,1.5,45.8,47.7,48.4,13.1,0.5,75.7,18.1,21.9,80.2,,,OBAnorm,,LD831_01996v2.403,,,,0,0
GLBALSTL,2024-05-24 01:09:23.000,23.7,29.4,27.8,30.4,28.6,31.3,31.4,31.3,29.9,33.9,34.5,31.0,33.4,34.4,35.4,36.4,38.0,38.0,37.6,37.8,37.2,35.2,33.2,30.8,27.6,24.8,21.7,18.2,14.4,11.5,6.5,3.6,1.5,45.6,47.7,49.0,13.1,0.5,75.7,18.1,21.9,80.2,,,OBAnorm,,LD831_01996v2.403,,,,0,0
GLBALSTL,2024-05-24 01:09:24.000,25.0,25.5,29.4,28.5,28.9,30.9,29.9,29.3,32.5,34.3,33.6,31.9,34.8,36.2,35.0,36.8,37.3,38.3,37.0,37.3,35.7,33.8,32.5,30.4,27.6,24.3,21.4,18.6,14.9,9.2,5.5,3.2,1.2,45.1,47.7,52.9,13.1,0.4,75.7,18.1,21.9,80.2,,,OBAnorm,,LD831_01996v2.403,,,,0,0
GLBALSTL,2024-05-24 01:09:25.000,24.7,28.7,27.5,30.0,29.3,31.2,31.3,32.5,30.2,33.1,33.8,29.7,30.0,31.6,33.2,35.6,36.5,37.6,38.0,37.2,36.0,34.0,32.1,30.1,26.7,23.9,20.8,18.3,13.6,9.1,5.7,3.0,1.2,44.9,47.0,49.7,13.1,0.4,75.6,18.1,21.9,80.2,,,OBAnorm,,LD831_01996v2.403,,,,0,0
GLBALSTL,2024-05-24 01:09:26.000,25.0,25.6,28.0,31.8,30.1,31.7,28.7,30.2,31.5,34.6,32.9,31.0,32.2,34.7,33.1,34.7,35.5,37.7,37.1,36.9,35.4,34.1,32.1,30.0,27.7,24.4,21.6,19.0,15.1,10.0,6.8,3.6,1.5,44.7,47.2,49.3,13.1,0.4,75.7,18.1,21.9,80.2,,,OBAnorm,,LD831_01996v2.403,,,,0,0
GLBALSTL,2024-05-24 01:09:27.000,29.9,30.8,25.9,30.0,27.8,32.8,31.9,32.1,33.5,35.6,32.7,28.8,31.2,31.8,33.5,37.4,37.6,38.1,37.9,37.7,37.0,35.3,33.3,31.2,28.5,25.8,22.9,19.5,14.7,9.4,5.7,3.2,1.3,45.8,47.7,48.6,13.1,0.3,75.7,18.1,21.9,80.2,,,OBAnorm,,LD831_01996v2.403,,,,0,0
GLBALSTL,2024-05-24 01:09:28.000,15.9,25.4,31.0,27.8,30.4,30.6,29.0,31.0,32.1,34.3,31.9,29.4,33.5,34.5,33.7,37.5,39.1,39.5,39.2,39.3,38.6,37.4,35.0,32.8,29.4,26.5,23.7,21.3,17.6,12.8,7.9,4.1,1.4,47.1,48.8,50.2,13.1,0.3,75.7,18.1,21.9,80.2,,,OBAnorm,,LD831_01996v2.403,,,,0,0
GLBALSTL,2024-05-24 01:09:29.000,20.6,28.2,30.6,26.9,28.6,31.1,31.3,30.4,30.6,36.6,35.6,34.9,34.7,35.8,36.1,37.9,37.9,39.2,38.8,39.1,37.2,36.2,34.3,31.7,29.2,26.0,23.4,21.6,17.5,11.8,6.8,3.8,1.4,46.6,48.7,49.1,13.1,0.3,75.7,18.2,21.9,80.2,,,OBAnorm,,LD831_01996v2.403,,,,0,0
GLBALSTL,2024-05-24 01:09:30.000,25.0,25.8,27.8,30.0,25.8,28.2,32.7,31.5,30.1,32.3,33.5,32.6,34.0,33.7,35.6,37.2,38.6,38.7,38.7,38.6,37.8,36.0,33.9,31.1,28.6,25.3,21.6,18.3,14.0,9.9,6.0,3.3,1.3,46.2,48.3,48.8,13.1,0.3,75.7,18.1,21.9,80.2,,,OBAnorm,,LD831_01996v2.403,,,,0,0
GLBALSTL,2024-05-24 01:09:31.000,24.4,26.6,29.7,28.7,28.2,30.3,28.8,29.2,31.0,34.8,34.3,29.7,30.3,32.2,34.0,36.5,37.8,38.3,37.4,36.6,35.2,34.1,32.3,30.0,26.9,23.3,19.8,16.9,13.2,8.9,5.9,3.4,1.3,44.8,47.1,47.9,13.1,0.2,75.7,18.1,21.9,80.2,,,OBAnorm,,LD831_01996v2.403,,,,0,0
GLBALSTL,2024-05-24 01:09:32.000,26.2,27.1,32.2,29.9,28.6,32.2,31.4,30.9,34.3,34.1,33.4,31.9,33.3,32.5,34.1,37.3,38.9,38.8,38.4,37.5,36.7,35.1,33.1,30.8,27.4,24.6,21.0,18.3,14.5,10.0,5.8,3.0,1.3,45.8,47.9,48.7,13.1,0.2,75.7,18.1,21.9,80.2,,,OBAnorm,,LD831_01996v2.403,,,,0,0
GLBALSTL,2024-05-24 01:09:33.000,27.4,27.8,28.9,29.8,31.0,31.3,32.2,30.5,32.0,33.6,32.6,29.9,31.7,33.0,34.4,37.2,37.4,38.5,38.1,38.0,36.3,34.9,33.1,30.4,27.8,24.2,21.1,17.7,13.5,8.9,5.6,3.2,1.2,45.5,47.7,48.2,13.1,0.2,75.7,18.1,21.9,80.2,,,OBAnorm,,LD831_01996v2.403,,,,0,0
GLBALSTL,2024-05-24 01:09:34.000,19.9,22.5,29.3,27.9,29.7,31.1,31.6,33.2,31.0,35.6,34.0,30.8,31.1,34.7,33.6,37.6,36.2,37.3,37.4,36.0,35.9,33.9,31.9,29.0,26.4,23.8,22.2,18.0,14.2,8.7,5.2,3.0,1.3,44.6,47.3,47.8,13.1,0.3,75.7,18.1,21.9,80.2,,,OBAnorm,,LD831_01996v2.403,,,,0,0
GLBALSTL,2024-05-24 01:09:35.000,20.9,26.7,28.6,29.4,29.0,29.1,30.7,30.4,31.9,32.8,33.4,33.2,32.0,33.8,34.1,36.3,37.1,38.5,37.6,37.3,36.9,35.3,32.8,30.4,27.1,24.5,22.5,18.5,14.3,10.1,6.0,3.3,1.4,45.4,47.6,48.0,13.1,0.3,75.7,18.1,21.9,80.2,,,OBAnorm,,LD831_01996v2.403,,,,0,0
GLBALSTL,2024-05-24 01:09:36.000,24.6,26.9,28.9,26.8,27.2,29.6,31.0,33.0,30.5,34.2,32.5,29.0,31.7,34.3,34.4,37.0,37.8,37.9,37.9,36.8,36.5,34.4,32.4,30.0,26.9,24.0,20.7,17.6,14.8,10.6,7.0,3.9,1.5,45.1,47.4,47.9,13.1,0.3,75.7,18.1,21.9,80.2,,,OBAnorm,,LD831_01996v2.403,,,,0,0
GLBALSTL,2024-05-24 01:09:37.000,26.4,29.2,30.7,29.3,29.3,31.0,30.7,33.6,33.0,33.2,33.3,29.6,34.2,33.0,35.1,36.5,37.3,38.0,37.4,36.9,36.8,35.1,33.1,30.1,27.0,24.0,21.1,18.4,14.4,10.0,6.7,3.6,1.3,45.3,47.5,49.7,13.1,0.3,33.4,18.1,19.8,75.2,,,OBAnorm,,LD831_01996v2.403,,,,0,0
GLBALSTL,2024-05-24 01:09:38.000,23.9,26.2,30.9,30.5,28.7,28.9,29.0,30.7,31.2,33.6,32.2,32.2,31.0,32.7,35.0,37.5,38.5,39.0,37.8,37.5,37.6,35.9,33.9,31.2,28.1,25.0,22.2,18.8,14.6,10.4,6.7,3.6,1.4,46.2,48.2,50.7,13.1,0.3,33.4,18.1,19.8,75.2,,,OBAnorm,,LD831_01996v2.403,,,,0,0
GLBALSTL,2024-05-24 01:09:39.000,26.1,25.9,31.3,26.6,28.1,26.3,32.1,30.2,30.5,34.5,32.6,29.2,32.4,32.7,34.8,37.4,37.8,38.4,37.6,37.1,36.6,34.9,33.0,30.4,27.5,24.7,20.8,17.3,14.0,9.9,6.2,3.4,1.5,45.4,47.6,48.9,13.1,0.3,75.7,18.1,21.9,80.2,,,OBAnorm,,LD831_01996v2.403,,,,0,0
GLBALSTL,2024-05-24 01:09:40.000,22.9,23.3,31.5,28.5,28.4,32.2,30.2,32.4,30.5,34.7,34.0,31.8,34.1,34.4,36.0,37.4,37.8,38.8,37.6,37.5,37.5,35.9,34.2,30.9,28.5,25.9,24.2,21.8,18.4,13.8,10.2,5.9,2.6,46.0,48.3,49.7,13.1,0.3,75.7,18.1,21.9,80.8,,,OBAnorm,,LD831_01996v2.403,,,,0,0
GLBALSTL,2024-05-24 01:09:41.000,27.6,27.5,30.8,30.2,27.9,31.6,30.6,32.5,31.9,32.8,33.7,33.1,33.9,34.5,35.1,37.7,36.8,37.9,38.1,38.0,37.2,35.6,33.8,30.9,27.9,25.6,22.3,19.1,15.2,11.3,7.2,4.0,1.7,45.9,48.0,51.4,13.1,0.3,75.7,18.1,21.9,80.8,,,OBAnorm,,LD831_01996v2.403,,,,0,0
GLBALSTL,2024-05-24 01:09:42.000,23.0,27.7,30.3,26.7,29.4,29.2,30.4,32.0,31.4,34.1,33.4,33.1,35.0,36.1,36.6,37.6,38.3,38.8,38.8,38.8,38.2,37.0,34.8,32.3,29.8,26.9,23.9,20.6,17.8,14.1,9.3,5.2,2.1,46.9,49.3,52.8,13.1,0.3,75.7,18.1,21.9,80.2,,,OBAnorm,,LD831_01996v2.403,,,,0,0
GLBALSTL,2024-05-24 01:09:43.000,23.6,25.6,28.4,29.7,29.4,26.3,30.9,31.5,30.2,35.1,37.3,33.2,35.7,36.0,37.1,38.4,39.0,39.5,38.9,38.4,37.8,36.8,35.0,31.9,30.2,26.8,24.0,20.9,17.0,12.9,8.4,4.6,1.7,46.9,48.8,49.4,13.1,0.2,75.7,18.1,21.9,80.2,,,OBAnorm,,LD831_01996v2.403,,,,0,0
GLBALSTL,2024-05-24 01:09:44.000,24.9,29.0,26.4,30.1,28.1,29.5,30.4,30.1,33.3,34.4,33.2,30.3,35.1,36.6,36.6,38.3,38.7,40.3,39.9,39.1,38.7,37.3,34.9,32.4,29.5,26.7,23.6,20.6,16.7,12.5,8.3,4.9,2.1,47.4,49.3,49.7,13.1,0.2,75.7,18.1,21.9,80.2,,,OBAnorm,,LD831_01996v2.403,,,,0,0
GLBALSTL,2024-05-24 01:09:45.000,25.6,28.5,29.4,27.5,29.1,29.0,31.1,31.1,30.0,34.4,33.3,32.1,32.8,34.6,35.4,37.1,37.7,38.6,38.4,38.3,36.8,35.3,33.6,31.0,28.4,25.6,23.0,20.0,15.9,12.1,8.0,4.5,1.8,45.9,48.1,51.3,13.1,0.2,75.7,18.1,21.9,80.2,,,OBAnorm,,LD831_01996v2.403,,,,0,0
GLBALSTL,2024-05-24 01:09:46.000,24.4,30.4,30.6,27.9,27.4,30.4,32.0,31.0,31.5,33.4,32.6,32.9,35.0,35.4,35.5,36.9,38.4,39.1,39.3,38.6,37.7,36.5,34.8,31.9,29.4,25.3,22.5,18.7,15.4,11.7,6.9,3.7,1.6,46.6,48.6,51.4,13.1,0.2,75.7,18.1,21.9,80.2,,,OBAnorm,,LD831_01996v2.403,,,,0,0
GLBALSTL,2024-05-24 01:09:47.000,21.8,29.2,29.2,29.1,29.8,28.1,33.1,33.4,31.3,34.3,33.1,29.3,32.8,34.4,35.0,36.5,37.6,37.3,37.5,37.0,36.3,35.1,33.0,29.7,27.2,24.4,20.9,17.3,13.5,9.3,5.7,3.3,1.5,45.0,47.5,49.1,13.1,0.2,75.7,18.1,21.9,80.2,,,OBAnorm,,LD831_01996v2.403,,,,0,0
GLBALSTL,2024-05-24 01:09:48.000,26.3,28.6,30.5,28.6,27.8,30.6,31.4,32.0,33.4,35.9,33.9,30.5,31.6,34.0,34.2,37.2,37.4,37.1,37.7,37.1,35.9,33.9,32.5,29.3,26.7,23.3,20.8,18.1,14.4,10.0,6.7,3.6,1.6,44.9,47.4,47.9,13.1,0.2,75.7,18.1,21.9,80.2,,,OBAnorm,,LD831_01996v2.403,,,,0,0
GLBALSTL,2024-05-24 01:09:49.000,21.9,26.5,31.1,28.4,28.9,28.8,30.1,30.9,32.6,35.4,36.3,31.2,33.5,35.1,35.1,36.4,36.9,37.4,37.4,37.7,37.0,35.6,33.4,29.9,27.7,25.4,21.5,18.5,14.5,10.5,6.6,3.6,1.4,45.5,47.8,48.4,13.1,0.2,75.7,18.1,21.9,80.2,,,OBAnorm,,LD831_01996v2.403,,,,0,0
GLBALSTL,2024-05-24 01:09:50.000,26.7,30.3,26.6,30.4,29.8,29.0,27.3,32.1,32.2,34.5,31.4,28.4,32.4,34.0,36.1,38.3,39.3,38.5,38.6,38.2,38.3,36.9,35.2,32.2,29.2,26.3,23.3,20.1,16.6,12.5,8.3,4.4,1.9,46.7,48.7,49.1,13.1,0.2,75.7,18.2,21.9,80.2,,,OBAnorm,,LD831_01996v2.403,,,,0,0
GLBALSTL,2024-05-24 01:09:51.000,23.6,25.0,32.1,29.2,31.5,31.3,30.6,32.5,32.8,35.1,31.6,31.3,32.5,34.5,34.4,36.4,37.9,37.2,37.3,37.0,37.4,35.9,33.5,31.5,28.4,25.3,22.0,19.6,15.0,10.6,6.3,3.3,1.4,45.6,47.7,48.1,13.1,0.2,75.7,18.1,21.9,80.2,,,OBAnorm,,LD831_01996v2.403,,,,0,0
GLBALSTL,2024-05-24 01:09:52.000,23.4,27.8,27.8,29.1,27.1,28.6,28.7,30.8,32.8,35.3,33.7,33.0,33.5,35.7,34.6,35.8,37.1,37.4,38.0,37.7,36.7,35.2,32.6,31.2,28.4,24.8,22.2,19.2,14.9,10.3,6.3,3.6,1.4,45.4,47.7,48.3,13.1,0.2,75.7,18.1,21.9,80.2,,,OBAnorm,,LD831_01996v2.403,,,,0,0
GLBALSTL,2024-05-24 01:09:53.000,23.5,25.8,30.9,25.7,29.3,30.6,28.9,32.3,33.0,33.6,33.2,31.5,34.8,33.7,35.0,37.2,38.8,37.5,38.2,38.2,37.6,35.7,33.9,30.8,27.8,25.1,22.4,19.7,15.6,11.7,7.3,4.2,1.6,46.1,48.5,49.1,13.1,0.1,75.7,18.1,21.9,80.2,,,OBAnorm,,LD831_01996v2.403,,,,0,0
GLBALSTL,2024-05-24 01:09:54.000,23.4,27.3,30.8,29.5,30.1,31.7,30.8,32.5,31.6,37.1,35.0,34.0,31.7,34.2,33.7,36.2,36.8,37.7,37.7,38.1,36.6,35.2,33.5,30.5,27.5,24.6,22.2,19.6,15.4,10.8,6.6,3.7,1.4,45.4,47.7,48.3,13.1,0.0,75.7,18.1,21.9,80.2,,,OBAnorm,,LD831_01996v2.403,,,,0,0
GLBALSTL,2024-05-24 01:09:55.000,24.1,28.6,30.9,26.6,29.9,29.7,30.3,32.4,32.6,34.9,32.7,34.6,33.3,34.8,35.5,37.6,37.5,38.6,37.9,38.3,37.6,35.6,34.1,31.3,28.6,26.1,23.2,19.9,16.3,12.6,8.1,4.5,1.8,46.1,48.4,48.8,13.1,0.0,75.7,18.1,21.9,80.2,,,OBAnorm,,LD831_01996v2.403,,,,0,0
GLBALSTL,2024-05-24 01:09:56.000,21.5,26.9,29.8,31.0,30.2,30.6,30.7,33.1,31.6,34.5,33.3,31.7,35.6,35.0,37.0,40.0,43.9,42.0,39.5,38.1,38.0,36.6,35.3,32.6,29.3,27.0,25.2,21.4,18.2,13.8,9.8,5.4,2.1,47.9,50.1,50.5,13.1,0.0,75.7,18.1,21.9,80.2,,,OBAnorm,,LD831_01996v2.403,,,,0,0
GLBALSTL,2024-05-24 01:09:57.000,19.7,28.1,31.2,28.3,29.8,29.3,31.0,30.1,31.7,33.6,35.1,31.6,32.8,34.2,34.9,37.1,38.2,38.3,37.6,38.4,37.9,36.5,34.6,31.5,29.0,26.4,23.3,19.7,16.9,13.1,8.4,4.4,1.8,46.3,48.3,48.7,13.1,0.1,75.7,18.1,21.9,80.2,,,OBAnorm,,LD831_01996v2.403,,,,0,0
GLBALSTL,2024-05-24 01:09:58.000,22.2,30.1,28.4,32.2,29.3,31.0,32.0,32.9,31.6,35.1,34.5,30.6,33.3,32.8,35.0,37.8,38.5,39.3,38.3,37.9,37.8,36.3,34.3,32.0,28.7,25.7,23.1,20.1,17.5,12.9,8.6,4.7,1.9,46.4,48.4,48.9,13.1,0.3,75.7,18.1,21.9,80.2,,,OBAnorm,,LD831_01996v2.403,,,,0,0
GLBALSTL,2024-05-24 01:09:59.000,21.5,27.4,30.9,32.3,27.6,29.6,33.5,31.6,33.4,33.7,35.4,33.3,36.6,37.3,36.8,38.2,39.0,39.1,38.1,38.7,37.6,35.9,34.4,31.9,28.6,26.5,23.4,20.4,16.6,12.9,8.8,4.9,2.0,46.6,49.2,49.7,13.1,0.3,75.7,18.1,21.9,80.2,,,OBAnorm,,LD831_01996v2.403,,,,0,0
GLBALSTL,2024-05-24 01:10:00.000,23.9,28.0,29.2,27.5,31.4,27.2,31.1,31.2,31.5,35.0,34.8,32.7,35.2,34.0,35.5,37.3,38.6,39.2,39.2,39.0,38.3,36.3,35.1,32.0,29.1,26.4,23.1,20.1,16.0,11.8,7.3,4.0,1.6,46.8,48.6,49.1,13.1,0.3,75.7,18.1,21.9,80.2,,,OBAnorm,,LD831_01996v2.403,,,,0,0
GLBALSTL,2024-05-24 01:10:01.000,26.2,27.9,30.5,30.9,27.6,32.3,31.6,32.7,31.9,34.7,33.4,31.5,31.1,33.1,33.9,37.1,38.3,38.6,39.0,39.1,37.8,36.6,34.3,31.4,28.8,25.6,22.0,19.2,15.3,10.6,6.6,3.6,1.4,46.3,48.2,48.6,13.1,0.4,75.7,18.1,21.9,80.2,,,OBAnorm,,LD831_01996v2.403,,,,0,0
GLBALSTL,2024-05-24 01:10:02.000,24.5,29.1,29.8,31.7,28.2,27.6,30.8,31.5,32.7,34.0,32.8,29.2,31.6,33.6,35.0,36.2,37.2,38.2,38.5,39.0,38.0,36.1,34.1,32.1,28.7,25.4,22.3,19.6,16.1,11.8,7.6,4.2,1.8,46.4,48.4,49.0,13.1,0.4,75.6,18.1,21.9,80.2,,,OBAnorm,,LD831_01996v2.403,,,,0,0
GLBALSTL,2024-05-24 01:10:03.000,27.7,30.2,29.6,27.4,27.3,29.9,32.6,32.0,35.0,35.0,33.1,34.8,33.4,32.7,34.5,37.6,37.8,39.9,39.4,39.7,38.0,36.9,35.1,32.7,29.6,26.3,23.1,19.5,16.1,12.2,8.0,4.2,1.8,47.1,48.8,50.8,13.1,0.3,75.7,18.1,21.9,80.2,,,OBAnorm,,LD831_01996v2.403,,,,0,0
GLBALSTL,2024-05-24 01:10:04.000,24.0,27.8,30.1,27.1,27.4,30.1,32.1,33.0,31.8,33.9,35.0,29.5,32.3,33.7,37.5,38.3,38.8,38.8,39.5,39.3,37.7,37.0,35.5,32.4,29.1,26.8,23.4,20.1,17.0,13.5,9.4,5.1,2.2,47.0,48.9,55.1,13.1,0.3,75.7,18.1,21.9,80.2,,,OBAnorm,,LD831_01996v2.403,,,,0,0
GLBALSTL,2024-05-24 01:10:05.000,24.5,28.7,32.9,29.2,27.7,29.3,31.0,33.7,31.5,35.5,33.0,28.1,29.7,33.1,33.9,35.8,37.2,38.5,37.3,37.2,36.8,35.8,33.6,30.5,28.1,24.3,21.0,17.4,14.1,10.3,6.5,3.6,1.5,45.5,47.5,49.3,13.1,0.3,75.7,18.1,21.9,80.2,,,OBAnorm,,LD831_01996v2.403,,,,0,0
GLBALSTL,2024-05-24 01:10:06.000,28.2,30.3,30.4,29.6,28.4,29.8,30.1,31.7,32.4,36.8,33.3,30.3,33.3,33.7,33.7,35.8,38.4,38.0,37.8,37.9,37.2,35.3,33.7,30.8,28.1,24.8,21.7,18.0,14.1,9.6,6.0,3.4,1.4,45.8,47.9,49.1,13.1,0.3,75.7,18.1,21.9,80.2,,,OBAnorm,,LD831_01996v2.403,,,,0,0
GLBALSTL,2024-05-24 01:10:07.000,28.1,27.6,31.9,27.3,30.7,31.4,29.5,31.0,32.3,33.4,33.3,29.1,31.0,34.1,35.4,38.4,38.7,40.0,39.9,38.8,37.6,36.8,34.8,31.8,29.0,25.9,22.6,19.1,14.6,9.9,6.1,3.4,1.3,46.9,48.8,49.3,13.1,0.3,75.7,18.1,21.9,80.2,,,OBAnorm,,LD831_01996v2.403,,,,0,0
GLBALSTL,2024-05-24 01:10:08.000,20.5,29.5,31.3,27.9,31.9,31.0,33.1,30.5,32.7,34.4,31.9,31.9,35.4,34.8,34.5,36.4,37.3,37.6,38.0,38.5,37.2,35.0,32.9,30.7,27.7,25.1,21.8,19.1,15.5,11.1,6.8,3.9,1.5,45.7,47.9,48.3,13.1,0.3,75.7,18.1,21.9,80.2,,,OBAnorm,,LD831_01996v2.403,,,,0,0
GLBALSTL,2024-05-24 01:10:09.000,29.4,29.6,32.2,26.0,31.7,29.1,31.5,32.7,31.5,35.7,34.6,33.2,35.0,35.1,36.2,37.2,37.7,38.4,38.7,38.5,37.2,35.9,34.3,31.5,28.9,25.2,21.9,19.2,15.2,10.6,6.4,3.6,1.4,46.3,48.6,49.3,13.1,0.3,75.7,18.1,21.9,80.2,,,OBAnorm,,LD831_01996v2.403,,,,0,0
GLBALSTL,2024-05-24 01:10:10.000,22.8,29.4,27.1,28.3,30.3,31.0,28.2,31.6,33.1,35.5,32.5,29.3,32.1,31.0,33.3,36.3,37.6,38.5,38.2,37.4,37.0,35.6,33.0,30.4,27.7,24.2,21.0,18.3,13.6,9.2,5.5,3.1,1.2,45.6,47.7,48.2,13.1,0.3,75.7,18.1,21.9,80.2,,,OBAnorm,,LD831_01996v2.403,,,,0,0
GLBALSTL,2024-05-24 01:10:11.000,26.3,28.3,30.4,25.7,30.5,31.4,32.0,31.2,32.9,34.4,33.0,32.1,29.7,32.8,34.1,36.0,36.4,37.6,37.8,37.5,36.6,34.9,32.9,29.8,26.8,24.5,21.7,20.0,15.2,10.8,6.1,3.5,1.4,45.3,47.5,48.1,13.1,0.3,75.7,18.1,21.9,80.2,,,OBAnorm,,LD831_01996v2.403,,,,0,0
GLBALSTL,2024-05-24 01:10:12.000,23.0,23.1,32.6,32.2,30.3,32.1,30.2,31.2,32.9,34.6,33.1,32.3,35.4,34.0,35.6,36.7,37.6,38.5,38.8,38.3,37.2,35.1,33.7,31.0,28.1,25.1,21.4,18.2,13.8,9.4,6.0,3.3,1.2,46.0,48.3,48.8,13.1,0.2,75.7,18.1,21.9,80.2,,,OBAnorm,,LD831_01996v2.403,,,,0,0
GLBALSTL,2024-05-24 01:10:13.000,23.8,29.1,29.2,29.8,29.1,33.3,32.5,32.4,33.3,33.7,41.2,36.5,34.2,35.0,33.7,36.9,38.5,39.1,38.9,37.9,37.4,35.5,35.0,31.0,27.8,24.5,21.2,17.9,13.8,9.8,5.7,3.1,1.4,46.1,49.0,49.4,13.1,0.2,75.7,18.1,21.9,80.2,,,OBAnorm,,LD831_01996v2.403,,,,0,0
GLBALSTL,2024-05-24 01:10:14.000,24.1,32.7,31.8,29.8,31.3,31.2,31.8,34.0,33.5,33.9,31.9,29.5,31.9,33.1,33.4,35.8,36.9,39.0,38.2,37.5,37.1,36.2,34.3,31.5,28.8,26.2,23.6,20.3,16.4,13.1,9.2,5.4,2.2,46.0,47.8,48.5,13.1,0.2,75.7,18.1,21.9,80.2,,,OBAnorm,,LD831_01996v2.403,,,,0,0
GLBALSTL,2024-05-24 01:10:15.000,24.8,27.4,29.5,29.5,28.4,32.6,30.7,32.7,32.1,33.8,30.8,30.5,34.0,34.6,34.7,36.8,37.9,37.9,38.5,39.0,38.2,36.1,34.9,31.8,28.5,26.1,23.7,20.7,17.6,12.3,7.6,4.2,2.0,46.4,48.2,49.9,13.1,0.2,75.7,18.1,21.9,80.2,,,OBAnorm,,LD831_01996v2.403,,,,0,0
GLBALSTL,2024-05-24 01:10:16.000,28.0,25.1,27.3,31.9,31.9,31.6,33.7,34.6,30.0,32.8,31.8,27.8,30.1,33.1,34.5,36.9,38.6,38.7,38.9,38.2,37.1,35.8,34.0,30.9,27.9,25.4,22.5,19.4,16.0,11.4,7.0,3.9,1.7,46.1,48.1,50.2,13.1,0.2,75.7,18.1,21.9,80.2,,,OBAnorm,,LD831_01996v2.403,,,,0,0
GLBALSTL,2024-05-24 01:10:17.000,28.0,29.1,27.5,29.6,30.3,31.7,33.5,31.8,29.6,33.1,31.3,27.1,33.0,32.7,33.4,37.0,38.3,38.8,38.6,37.8,37.5,35.5,34.2,31.7,28.3,25.4,22.4,19.8,15.4,11.2,7.0,3.8,1.6,46.2,48.2,49.9,13.1,0.2,75.7,18.1,21.9,80.2,,,OBAnorm,,LD831_01996v2.403,,,,0,0
GLBALSTL,2024-05-24 01:10:18.000,27.6,30.7,33.0,29.3,30.9,32.0,32.9,33.7,33.5,33.9,31.9,28.8,29.2,32.7,33.5,35.7,36.9,38.0,37.9,37.6,36.7,35.1,33.6,31.1,27.9,25.2,22.8,20.2,16.7,11.4,7.3,3.7,1.6,45.4,47.3,48.0,13.1,0.2,75.7,18.1,21.9,80.2,,,OBAnorm,,LD831_01996v2.403,,,,0,0
GLBALSTL,2024-05-24 01:10:19.000,24.5,26.6,29.2,31.3,28.8,29.7,30.6,32.0,33.0,33.8,29.7,27.5,29.8,32.4,33.2,36.3,37.5,38.3,38.7,38.4,38.0,36.4,35.1,33.0,29.1,27.3,24.7,20.8,18.2,14.8,10.9,6.1,2.9,46.5,48.0,48.6,13.1,0.2,75.7,18.1,21.9,80.2,,,OBAnorm,,LD831_01996v2.403,,,,0,0
GLBALSTL,2024-05-24 01:10:20.000,22.4,24.8,30.9,32.1,28.7,30.0,34.3,31.1,33.3,32.6,31.2,28.4,31.0,34.1,34.6,36.2,36.8,38.6,38.8,37.6,36.6,35.9,34.0,30.8,28.1,25.2,22.0,18.3,14.6,11.3,6.9,3.9,1.5,45.7,47.6,49.3,13.1,0.2,75.7,18.1,21.9,80.2,,,OBAnorm,,LD831_01996v2.403,,,,0,0
GLBALSTL,2024-05-24 01:10:21.000,21.9,25.1,30.1,29.8,28.3,31.7,32.8,32.7,32.5,31.9,31.5,27.9,29.4,31.6,33.8,35.0,36.5,37.6,37.8,36.8,36.4,35.0,32.9,29.9,26.4,22.9,19.8,17.0,12.6,8.9,5.2,3.0,1.3,44.8,46.9,48.3,13.1,0.2,75.7,18.1,21.9,80.2,,,OBAnorm,,LD831_01996v2.403,,,,0,0
GLBALSTL,2024-05-24 01:10:22.000,23.8,30.8,28.2,26.7,29.3,32.7,32.1,33.1,31.9,32.8,29.1,25.4,28.7,31.7,32.7,35.7,37.4,36.7,36.3,36.5,35.7,34.5,32.6,29.6,26.6,23.8,20.7,18.4,14.9,10.7,6.6,3.7,1.5,44.6,46.7,50.5,13.1,0.2,75.7,18.1,21.9,80.2,,,OBAnorm,,LD831_01996v2.403,,,,0,0
GLBALSTL,2024-05-24 01:10:23.000,26.7,26.3,30.5,27.5,26.7,32.6,31.7,32.1,33.6,34.6,36.5,32.8,34.6,35.5,35.0,37.0,38.0,37.6,37.0,37.7,37.4,36.3,34.8,32.5,29.4,27.0,24.8,22.3,19.9,16.5,11.6,6.4,2.6,46.2,48.4,50.2,13.1,0.2,75.7,18.1,21.9,80.2,,,OBAnorm,,LD831_01996v2.403,,,,0,0
GLBALSTL,2024-05-24 01:10:24.000,23.3,27.0,29.2,30.4,26.5,32.8,31.5,32.5,31.2,31.4,30.0,32.7,31.4,32.9,33.6,35.3,36.6,37.5,37.3,37.3,36.6,35.8,33.7,30.7,28.1,25.2,21.9,18.5,15.2,11.8,7.1,4.3,1.7,45.3,47.2,48.0,13.1,0.2,75.7,18.1,21.9,80.2,,,OBAnorm,,LD831_01996v2.403,,,,0,0
GLBALSTL,2024-05-24 01:10:25.000,25.8,24.1,24.7,29.3,27.9,29.6,32.3,30.3,31.2,31.0,30.2,31.9,37.1,35.7,35.8,36.4,38.1,38.4,38.0,38.6,37.9,36.8,34.1,31.0,28.5,25.3,23.3,21.0,17.1,12.4,8.9,5.0,2.4,46.4,48.7,49.0,13.1,0.2,75.7,18.1,21.9,80.2,,,OBAnorm,,LD831_01996v2.403,,,,0,0
GLBALSTL,2024-05-24 01:10:26.000,24.0,22.8,32.3,30.5,29.7,31.9,30.4,32.6,29.3,31.3,32.4,39.2,37.7,36.4,37.7,37.1,40.4,40.3,40.1,39.4,38.3,37.0,35.9,33.1,30.0,27.0,24.3,20.9,17.2,13.1,8.7,4.9,2.1,47.5,49.9,50.2,13.1,0.1,75.7,18.1,21.9,80.2,,,OBAnorm,,LD831_01996v2.403,,,,0,0
GLBALSTL,2024-05-24 01:10:27.000,25.1,26.6,27.2,29.4,30.5,31.4,32.9,32.4,31.6,33.6,37.0,31.9,31.8,33.9,35.0,36.8,37.1,38.7,39.3,39.0,37.6,35.9,34.6,32.7,29.6,27.1,24.4,21.1,17.5,11.9,7.5,3.9,1.5,46.6,48.4,49.6,13.1,0.1,75.7,18.2,21.9,80.2,,,OBAnorm,,LD831_01996v2.403,,,,0,0
GLBALSTL,2024-05-24 01:10:28.000,28.2,25.0,26.9,28.7,31.0,33.7,32.9,30.8,30.3,32.5,32.8,33.9,34.4,34.2,35.7,36.8,37.9,39.4,39.3,39.1,37.5,36.0,33.8,31.1,28.8,25.9,22.9,19.8,16.3,11.2,7.2,4.0,1.5,46.5,48.3,49.5,13.1,0.1,75.7,18.1,21.9,80.2,,,OBAnorm,,LD831_01996v2.403,,,,0,0
GLBALSTL,2024-05-24 01:10:29.000,23.4,26.7,29.8,29.5,27.5,29.7,32.0,29.5,30.4,31.1,31.2,30.3,33.5,35.3,36.2,36.2,38.2,38.6,37.7,38.3,37.4,36.1,34.4,31.1,28.9,25.9,23.0,19.8,16.7,12.1,7.4,4.2,1.9,46.1,48.2,49.4,13.1,0.1,75.7,18.1,21.9,80.2,,,OBAnorm,,LD831_01996v2.403,,,,0,0
GLBALSTL,2024-05-24 01:10:30.000,25.4,31.4,31.8,29.4,31.0,29.7,31.7,31.5,31.5,32.6,34.8,31.8,33.1,34.6,34.5,37.2,37.0,38.5,37.8,37.8,36.9,36.2,33.7,31.7,28.8,25.7,22.9,20.7,17.1,12.1,8.1,4.5,1.9,45.9,47.9,48.6,13.1,0.1,75.7,18.1,21.9,80.8,,,OBAnorm,,LD831_01996v2.403,,,,0,0
GLBALSTL,2024-05-24 01:10:31.000,24.2,30.4,28.1,26.4,30.1,31.4,32.4,31.1,30.5,31.3,30.4,31.6,33.0,34.6,36.1,37.5,38.1,38.9,38.8,38.5,38.1,36.8,35.0,32.0,29.0,26.5,23.8,21.1,17.7,13.2,8.6,4.5,1.8,46.7,48.3,49.2,13.1,0.1,75.7,18.1,21.9,80.2,,,OBAnorm,,LD831_01996v2.403,,,,0,0
GLBALSTL,2024-05-24 01:10:32.000,25.1,28.9,28.2,31.5,29.0,31.1,32.5,27.4,28.3,31.3,30.7,29.0,35.4,35.0,34.6,35.3,36.8,39.1,38.9,38.3,37.4,34.8,33.0,30.5,27.6,24.4,21.5,19.6,15.3,10.9,6.5,3.6,1.5,45.8,47.7,48.2,13.1,0.1,75.7,18.1,21.9,80.2,,,OBAnorm,,LD831_01996v2.403,,,,0,0
GLBALSTL,2024-05-24 01:10:33.000,26.8,28.2,30.2,29.9,29.5,32.3,31.0,30.2,29.3,33.1,35.4,35.0,34.5,34.8,35.6,36.8,37.8,39.0,38.2,37.3,36.8,35.4,34.0,31.5,28.9,25.8,22.8,19.9,16.5,12.5,7.9,4.6,1.8,45.9,48.3,48.8,13.1,0.1,75.7,18.1,21.9,80.2,,,OBAnorm,,LD831_01996v2.403,,,,0,0
GLBALSTL,2024-05-24 01:10:34.000,25.5,32.2,27.0,28.4,30.4,29.5,30.9,32.4,28.5,30.4,33.1,34.2,34.2,34.0,34.3,36.8,37.6,38.8,38.5,38.6,37.2,35.6,34.1,31.0,28.4,25.1,21.8,18.9,15.3,10.1,6.1,3.4,1.3,46.1,48.1,48.5,13.1,0.2,75.7,18.1,21.9,80.2,,,OBAnorm,,LD831_01996v2.403,,,,0,0
GLBALSTL,2024-05-24 01:10:35.000,22.7,27.2,30.5,29.3,28.3,27.5,31.9,31.7,30.7,29.2,34.4,34.2,34.3,34.9,35.6,36.3,38.1,38.4,38.4,38.6,37.8,36.5,34.2,32.3,29.5,27.2,23.8,21.3,17.0,12.9,8.1,4.8,1.7,46.6,48.9,49.3,13.1,0.2,75.7,18.1,21.9,80.2,,,OBAnorm,,LD831_01996v2.403,,,,0,0
GLBALSTL,2024-05-24 01:10:36.000,25.9,27.8,29.1,28.0,29.1,30.7,30.6,27.6,30.3,33.8,34.8,37.3,37.2,36.3,35.4,36.6,37.4,38.5,38.7,38.1,37.8,35.9,34.3,31.6,28.4,25.6,22.6,19.6,16.4,12.0,7.9,4.4,1.7,46.2,48.3,48.8,13.1,0.2,75.7,18.1,21.9,80.2,,,OBAnorm,,LD831_01996v2.403,,,,0,0
GLBALSTL,2024-05-24 01:10:37.000,24.6,28.3,28.8,31.7,31.2,31.0,29.6,32.7,29.9,28.9,31.2,34.2,34.5,35.3,36.3,38.2,38.8,39.6,38.1,38.2,38.2,37.3,35.1,31.8,28.4,25.5,23.6,19.9,16.2,11.8,7.8,4.1,1.7,46.8,48.6,49.0,13.1,0.2,75.7,18.0,21.9,80.2,,,OBAnorm,,LD831_01996v2.403,,,,0,0
GLBALSTL,2024-05-24 01:10:38.000,25.4,22.2,27.9,29.5,27.4,29.5,30.8,29.9,30.5,30.1,29.8,32.5,34.7,35.7,36.3,38.9,39.5,39.6,39.9,39.4,38.9,38.6,36.8,34.2,31.2,28.8,26.6,23.0,20.7,17.2,12.2,7.1,3.3,48.1,49.7,50.2,13.1,0.2,75.7,18.1,21.9,80.2,,,OBAnorm,,LD831_01996v2.403,,,,0,0
GLBALSTL,2024-05-24 01:10:39.000,26.8,27.8,31.7,33.2,31.1,28.5,32.4,30.5,28.5,28.8,31.1,34.3,34.7,34.7,34.2,36.6,37.8,39.1,39.1,39.3,38.6,36.7,35.3,32.4,29.5,26.6,24.0,21.3,19.4,14.5,9.8,5.7,3.2,46.9,48.3,49.0,13.1,0.2,75.7,18.1,21.9,80.2,,,OBAnorm,,LD831_01996v2.403,,,,0,0
GLBALSTL,2024-05-24 01:10:40.000,24.2,29.9,31.7,28.7,30.9,28.8,30.0,29.6,26.4,29.5,29.8,31.6,33.9,34.0,33.9,36.9,39.1,38.7,38.2,38.6,38.0,36.9,35.1,31.6,29.0,26.1,23.9,21.0,18.2,14.1,9.6,5.6,2.2,46.6,48.2,48.8,13.1,0.3,75.7,18.1,21.9,80.2,,,OBAnorm,,LD831_01996v2.403,,,,0,0
GLBALSTL,2024-05-24 01:10:41.000,23.4,29.5,28.1,25.8,28.3,28.7,31.2,28.1,28.6,29.6,31.0,30.8,31.4,34.8,34.4,36.7,37.8,38.4,38.2,37.8,36.8,35.8,33.6,31.2,28.0,25.2,21.9,18.7,15.2,10.7,7.1,3.9,1.7,45.8,47.6,48.2,13.1,0.4,75.7,18.1,21.9,80.2,,,OBAnorm,,LD831_01996v2.403,,,,0,0
GLBALSTL,2024-05-24 01:10:42.000,23.3,32.0,27.5,29.7,26.9,30.7,32.5,30.2,29.5,31.6,29.0,30.3,35.3,33.5,34.8,35.9,37.3,38.2,37.9,37.5,36.7,35.2,33.7,30.8,27.7,24.8,21.7,18.2,15.2,10.7,7.1,3.8,1.6,45.6,47.5,48.0,13.1,0.5,75.7,18.1,21.9,80.8,,,OBAnorm,,LD831_01996v2.403,,,,0,0
GLBALSTL,2024-05-24 01:10:43.000,24.1,29.5,30.8,29.4,28.3,31.2,31.1,31.8,27.9,31.2,29.3,28.1,35.6,33.6,34.6,36.8,38.0,39.2,38.9,38.0,38.1,36.4,34.7,31.7,28.7,25.1,21.9,18.7,14.8,10.4,7.0,3.7,1.6,46.4,48.1,48.6,13.1,0.6,75.7,18.1,21.9,80.8,,,OBAnorm,,LD831_01996v2.403,,,,0,0
GLBALSTL,2024-05-24 01:10:44.000,19.3,25.3,29.8,29.8,28.7,28.6,30.5,29.5,27.3,30.0,30.3,29.0,32.4,33.0,35.0,37.1,38.2,39.1,38.6,37.9,37.5,36.4,34.7,31.5,28.4,25.8,24.3,20.3,17.6,13.5,8.4,4.7,1.9,46.2,47.9,48.4,13.1,0.6,75.7,18.1,21.9,80.8,,,OBAnorm,,LD831_01996v2.403,,,,0,0
GLBALSTL,2024-05-24 01:10:45.000,23.2,31.2,32.4,31.3,27.4,28.4,31.0,28.9,28.5,29.8,29.7,34.2,37.5,36.4,34.8,36.3,37.5,37.9,38.0,38.4,38.1,37.2,35.8,33.5,30.3,28.0,25.4,22.7,19.8,16.0,11.1,6.7,3.2,46.9,48.6,49.0,13.1,0.6,75.6,18.1,21.9,80.2,,,OBAnorm,,LD831_01996v2.403,,,,0,0
GLBALSTL,2024-05-24 01:10:46.000,26.7,24.5,31.0,28.9,28.1,29.8,30.2,28.6,28.3,31.7,32.0,32.2,34.9,35.6,35.4,37.8,38.4,39.6,38.9,39.9,39.8,39.2,37.7,34.9,31.7,30.0,28.7,25.3,23.2,19.4,14.8,9.2,4.8,48.2,49.3,49.8,13.1,0.6,75.7,18.1,21.9,80.2,,,OBAnorm,,LD831_01996v2.403,,,,0,0
GLBALSTL,2024-05-24 01:10:47.000,25.1,31.0,31.1,29.2,26.2,28.0,30.1,30.8,29.5,32.8,32.6,33.6,35.4,35.8,35.4,37.4,38.5,38.7,39.5,38.4,38.5,37.3,35.3,32.6,30.0,27.1,25.3,22.7,19.4,15.2,10.8,6.6,3.0,47.1,48.8,49.4,13.1,0.6,75.6,18.1,21.9,80.2,,,OBAnorm,,LD831_01996v2.403,,,,0,0
GLBALSTL,2024-05-24 01:10:48.000,25.3,27.9,30.8,29.5,32.1,29.9,28.0,28.1,27.9,30.6,31.0,35.9,35.3,36.7,33.7,36.5,37.2,38.0,38.2,38.4,37.6,36.9,34.3,31.8,29.5,26.8,24.1,20.8,18.6,14.1,10.0,6.0,2.6,46.1,48.0,48.6,13.1,0.5,75.7,18.1,21.9,80.2,,,OBAnorm,,LD831_01996v2.403,,,,0,0
GLBALSTL,2024-05-24 01:10:49.000,25.5,29.2,29.9,31.4,28.0,29.6,26.4,29.0,28.3,32.5,31.4,30.6,34.6,35.0,36.6,37.6,37.9,39.5,38.1,38.9,38.9,36.9,34.8,32.2,29.3,26.6,24.1,20.4,17.1,13.1,8.2,4.5,2.0,46.9,48.6,49.0,13.1,0.5,75.7,18.1,21.9,80.2,,,OBAnorm,,LD831_01996v2.403,,,,0,0
GLBALSTL,2024-05-24 01:10:50.000,24.7,29.8,32.4,29.2,28.7,28.9,29.1,28.9,28.0,31.4,33.4,33.0,35.8,35.4,35.3,37.4,37.3,39.2,38.4,37.3,36.7,35.4,34.3,31.0,28.5,25.9,23.6,21.5,18.5,14.3,9.9,5.7,2.3,45.9,48.3,48.8,13.1,0.5,75.7,18.0,21.9,80.2,,,OBAnorm,,LD831_01996v2.403,,,,0,0
GLBALSTL,2024-05-24 01:10:51.000,26.2,29.1,27.0,29.6,29.3,28.6,29.7,28.0,27.0,31.4,32.6,37.3,38.1,37.6,34.6,37.5,38.1,37.7,37.8,37.2,37.1,35.7,33.7,30.6,27.7,26.0,23.1,19.4,16.9,13.0,9.1,5.5,2.5,45.8,48.4,48.9,13.1,0.5,75.7,18.1,21.9,80.2,,,OBAnorm,,LD831_01996v2.403,,,,0,0
GLBALSTL,2024-05-24 01:10:52.000,25.7,30.8,31.2,30.5,25.9,30.2,30.2,27.8,28.8,32.7,33.1,32.8,34.2,34.7,36.8,38.6,38.6,39.4,39.6,39.3,38.4,37.0,35.7,33.3,29.7,26.9,24.6,21.3,19.2,15.4,11.0,6.3,2.9,47.4,48.9,49.2,13.1,0.4,75.7,18.1,21.9,80.2,,,OBAnorm,,LD831_01996v2.403,,,,0,0
GLBALSTL,2024-05-24 01:10:53.000,23.0,29.1,31.3,31.7,23.5,29.7,28.1,29.6,28.7,31.8,33.1,32.5,34.8,34.8,34.9,36.6,37.1,38.4,38.6,38.9,38.9,38.2,35.9,33.5,30.2,28.6,27.0,24.3,21.9,17.8,12.8,7.6,3.9,47.2,48.6,49.0,13.1,0.4,75.7,18.1,21.9,80.8,,,OBAnorm,,LD831_01996v2.403,,,,0,0
GLBALSTL,2024-05-24 01:10:54.000,27.1,26.4,29.9,29.8,30.2,27.3,30.4,28.5,28.0,32.5,31.2,26.9,31.0,33.9,33.3,36.9,38.0,38.3,37.8,39.1,37.5,36.4,33.8,31.1,28.0,25.3,23.1,18.9,15.7,11.9,7.6,4.5,1.9,46.3,47.8,48.2,13.1,0.4,75.7,18.1,21.9,80.8,,,OBAnorm,,LD831_01996v2.403,,,,0,0
GLBALSTL,2024-05-24 01:10:55.000,26.5,29.0,32.7,29.7,28.9,31.5,29.0,28.7,29.3,31.7,30.5,28.2,31.6,33.6,35.1,36.1,37.6,38.8,37.8,37.6,37.0,35.2,34.0,31.3,28.2,25.4,22.9,19.8,16.6,14.1,9.3,4.7,2.1,45.9,47.6,48.1,13.1,0.3,75.7,18.1,21.9,80.8,,,OBAnorm,,LD831_01996v2.403,,,,0,0
GLBALSTL,2024-05-24 01:10:56.000,22.9,27.6,28.1,27.9,29.7,29.8,29.4,29.7,29.3,30.1,31.1,33.7,38.7,38.0,36.1,37.5,38.9,39.3,38.4,38.3,38.5,37.0,34.8,32.4,29.5,26.9,23.8,21.3,17.4,12.7,8.5,4.8,2.0,46.9,49.2,49.6,13.1,0.3,75.7,18.1,21.9,80.8,,,OBAnorm,,LD831_01996v2.403,,,,0,0
GLBALSTL,2024-05-24 01:10:57.000,24.2,28.8,32.1,27.5,30.4,29.5,30.2,28.7,27.9,32.8,31.1,28.3,31.6,35.9,34.1,36.4,38.4,39.0,39.4,38.9,38.1,36.6,35.3,32.8,29.4,26.4,23.4,20.9,16.4,11.4,7.3,4.2,1.7,46.8,48.3,48.9,13.1,0.3,75.7,18.1,21.9,80.8,,,OBAnorm,,LD831_01996v2.403,,,,0,0
GLBALSTL,2024-05-24 01:10:58.000,21.3,29.0,30.1,28.3,27.8,30.0,30.4,29.6,29.7,32.3,34.3,34.6,34.2,34.9,36.1,36.8,37.4,37.7,38.5,39.1,38.2,36.9,35.1,32.9,30.3,28.5,25.7,22.9,20.0,17.7,11.9,6.8,3.1,46.7,48.6,49.2,13.1,0.3,75.7,18.1,21.9,80.8,,,OBAnorm,,LD831_01996v2.403,,,,0,0
GLBALSTL,2024-05-24 01:10:59.000,27.0,33.4,28.7,32.9,30.8,25.8,29.7,31.0,28.7,32.5,31.7,28.7,35.4,32.9,33.5,35.6,35.4,35.9,36.7,36.0,35.8,34.6,32.3,29.7,26.6,24.0,21.5,18.5,14.9,11.1,7.3,3.9,1.7,44.4,46.7,47.5,13.1,0.3,75.7,18.1,21.9,80.8,,,OBAnorm,,LD831_01996v2.403,,,,0,0
GLBALSTL,2024-05-24 01:11:00.000,27.2,28.5,29.9,30.7,29.1,29.6,29.1,29.5,31.5,32.8,31.6,33.6,32.3,34.3,34.5,38.2,37.8,39.1,38.6,39.0,38.0,37.2,35.8,33.3,29.9,26.8,24.9,20.8,17.6,14.1,10.6,5.7,2.6,47.0,48.5,48.9,13.1,0.2,75.7,18.1,21.9,80.2,,,OBAnorm,,LD831_01996v2.403,,,,0,0
GLBALSTL,2024-05-24 01:11:01.000,24.0,27.0,30.9,32.3,30.0,30.8,30.5,30.0,28.3,31.3,32.1,29.7,33.2,35.4,35.9,35.7,36.9,37.7,38.0,37.3,36.0,34.9,33.1,30.0,27.1,24.1,20.9,17.8,14.5,10.1,6.4,3.9,1.4,45.2,47.5,48.1,13.1,0.2,75.7,18.1,21.9,80.2,,,OBAnorm,,LD831_01996v2.403,,,,0,0
GLBALSTL,2024-05-24 01:11:02.000,23.2,31.0,30.1,32.1,29.6,30.7,30.8,28.8,30.3,31.2,31.7,31.1,36.9,35.6,35.2,37.8,37.7,38.3,37.8,37.8,36.4,35.3,33.8,30.8,27.6,25.1,22.4,19.3,15.7,12.3,8.0,4.2,1.7,45.6,47.7,48.3,13.1,0.2,75.7,18.1,21.9,80.2,,,OBAnorm,,LD831_01996v2.403,,,,0,0
GLBALSTL,2024-05-24 01:11:03.000,23.4,30.1,31.5,30.0,28.6,28.6,29.1,31.6,29.8,31.5,28.5,27.4,33.4,37.3,35.5,37.8,38.2,38.4,38.0,38.3,37.9,35.8,34.4,31.4,28.3,25.9,24.1,20.8,18.0,14.0,9.5,5.8,2.9,46.3,48.5,49.0,13.1,0.2,75.7,18.1,21.9,80.2,,,OBAnorm,,LD831_01996v2.403,,,,0,0
GLBALSTL,2024-05-24 01:11:04.000,28.7,30.2,29.4,28.1,30.1,27.6,28.2,30.3,30.5,30.4,30.5,31.9,37.7,35.1,35.8,37.5,38.6,38.6,38.5,38.3,37.5,35.9,34.3,31.0,28.5,25.5,22.7,19.6,15.2,11.4,7.7,4.4,1.8,46.5,48.2,48.9,13.1,0.2,75.7,18.1,21.9,80.2,,,OBAnorm,,LD831_01996v2.403,,,,0,0
GLBALSTL,2024-05-24 01:11:05.000,24.6,28.1,31.1,30.2,29.7,29.0,30.2,29.5,27.7,30.9,31.5,35.2,36.6,35.7,35.1,36.2,37.1,38.3,39.3,37.8,37.4,36.2,34.7,31.7,28.5,25.9,23.7,21.2,17.8,13.2,9.0,5.1,2.2,46.5,48.4,49.5,13.1,0.2,75.7,18.1,21.9,80.2,,,OBAnorm,,LD831_01996v2.403,,,,0,0
GLBALSTL,2024-05-24 01:11:06.000,24.2,28.3,32.4,32.3,27.4,29.8,30.8,29.9,27.4,29.6,29.8,29.1,33.0,37.1,34.6,36.3,39.1,39.5,39.3,39.6,39.0,37.4,35.8,34.4,30.8,29.6,27.2,24.0,21.4,17.6,13.5,8.4,4.3,47.4,48.8,50.0,13.1,0.2,75.7,18.1,21.9,80.2,,,OBAnorm,,LD831_01996v2.403,,,,0,0
GLBALSTL,2024-05-24 01:11:07.000,29.6,28.4,32.5,28.8,30.0,30.7,30.7,30.0,28.4,31.0,34.6,33.6,34.6,35.3,36.6,37.5,38.5,39.4,39.8,39.9,38.9,37.6,35.7,34.3,31.2,28.5,25.8,23.3,20.1,16.0,11.9,6.5,3.0,47.7,49.4,50.6,13.1,0.2,75.7,18.1,21.9,80.2,,,OBAnorm,,LD831_01996v2.403,,,,0,0
GLBALSTL,2024-05-24 01:11:08.000,28.8,29.0,28.4,27.9,28.0,28.2,30.1,31.3,29.5,29.0,32.8,33.8,33.2,34.3,34.2,36.7,36.5,38.2,38.4,37.7,37.5,35.9,33.9,31.5,28.4,26.5,24.4,19.7,17.3,13.4,9.6,5.9,2.6,45.9,47.6,48.3,13.1,0.2,75.7,18.1,21.9,80.2,,,OBAnorm,,LD831_01996v2.403,,,,0,0
GLBALSTL,2024-05-24 01:11:09.000,24.6,30.2,33.4,30.0,30.7,29.2,29.4,29.4,27.1,32.0,31.4,29.4,33.8,33.6,35.1,36.6,37.6,38.3,38.7,38.5,37.6,37.3,34.5,31.6,28.9,26.1,23.3,20.3,17.5,13.2,8.6,4.7,2.0,46.5,48.0,48.3,13.1,0.1,75.7,18.1,21.9,80.2,,,OBAnorm,,LD831_01996v2.403,,,,0,0
GLBALSTL,2024-05-24 01:11:10.000,24.1,22.7,28.9,29.9,29.9,29.0,30.4,28.1,26.8,29.8,29.4,31.8,32.7,32.6,35.1,37.0,37.9,38.8,39.3,38.4,38.6,36.7,34.5,32.0,29.0,26.3,23.1,19.8,15.8,11.8,7.4,4.3,1.6,46.7,48.1,48.7,13.1,0.1,75.7,18.1,21.9,80.2,,,OBAnorm,,LD831_01996v2.403,,,,0,0
GLBALSTL,2024-05-24 01:11:11.000,26.6,20.9,28.9,30.6,27.5,28.5,28.1,28.5,27.0,28.4,26.5,27.6,33.5,34.5,35.9,37.1,37.9,38.4,38.3,38.1,38.0,36.2,34.1,31.0,27.9,24.9,22.1,18.7,15.9,11.8,7.1,4.0,1.5,46.0,47.6,48.0,13.1,0.1,75.6,18.2,21.9,80.2,,,OBAnorm,,LD831_01996v2.403,,,,0,0
GLBALSTL,2024-05-24 01:11:12.000,28.0,28.4,29.6,28.2,30.3,30.8,30.6,30.3,28.1,28.0,28.2,27.5,31.4,33.5,33.5,35.2,36.3,37.6,37.4,37.2,36.1,34.8,33.4,30.8,27.6,24.8,22.2,19.0,16.1,10.9,6.5,3.8,1.5,45.0,46.7,47.2,13.1,0.1,75.7,18.1,21.9,80.2,,,OBAnorm,,LD831_01996v2.403,,,,0,0
GLBALSTL,2024-05-24 01:11:13.000,25.2,25.6,28.2,25.5,29.6,29.0,30.1,27.3,27.7,30.9,29.2,30.1,32.2,34.0,34.7,36.5,35.7,38.2,38.0,38.1,37.1,35.5,34.0,31.0,28.5,25.6,22.5,19.8,16.5,11.7,7.7,4.4,1.6,45.8,47.4,48.0,13.1,0.1,75.7,18.1,21.9,80.2,,,OBAnorm,,LD831_01996v2.403,,,,0,0
GLBALSTL,2024-05-24 01:11:14.000,25.2,28.4,31.5,29.5,30.4,28.6,29.1,28.5,26.7,32.2,38.0,40.0,35.8,34.7,34.9,36.9,36.5,38.5,37.8,37.3,36.2,34.8,33.0,30.3,27.3,24.6,21.6,18.9,15.4,11.0,6.8,3.8,1.5,45.3,48.4,48.8,13.1,0.1,75.7,18.1,21.9,80.2,,,OBAnorm,,LD831_01996v2.403,,,,0,0
GLBALSTL,2024-05-24 01:11:15.000,27.5,28.3,26.3,28.8,28.7,30.9,29.0,28.3,28.5,31.3,29.0,27.2,29.6,33.8,34.5,36.5,37.8,38.6,37.6,37.6,36.7,34.8,33.4,30.8,28.9,25.3,22.6,18.8,16.3,11.2,7.2,3.7,1.6,45.5,47.2,47.7,13.1,0.2,75.7,18.1,21.9,80.2,,,OBAnorm,,LD831_01996v2.403,,,,0,0
GLBALSTL,2024-05-24 01:11:16.000,22.9,28.9,30.8,29.8,27.8,28.9,31.1,30.6,28.8,31.1,32.9,30.7,30.9,32.8,34.3,37.0,39.6,39.8,38.6,38.5,37.5,35.9,34.6,32.3,29.3,26.1,23.0,19.8,16.4,12.2,8.1,4.1,1.8,46.6,48.3,48.6,13.1,0.2,75.7,18.1,21.9,80.2,,,OBAnorm,,LD831_01996v2.403,,,,0,0
GLBALSTL,2024-05-24 01:11:17.000,22.7,25.1,27.2,30.2,30.1,28.7,29.6,30.3,29.2,29.1,30.8,30.2,33.0,33.8,35.5,38.0,38.2,38.6,39.3,37.8,37.6,35.6,34.2,31.9,28.9,26.2,23.4,20.7,17.5,12.9,8.7,5.1,2.0,46.3,48.0,48.4,13.1,0.3,75.7,18.1,21.9,80.2,,,OBAnorm,,LD831_01996v2.403,,,,0,0
GLBALSTL,2024-05-24 01:11:18.000,22.6,25.5,31.4,28.8,27.8,29.2,31.1,30.1,29.3,29.2,29.5,29.6,33.6,33.4,34.7,36.1,37.2,38.2,38.4,37.8,36.6,35.2,34.0,31.1,28.1,25.3,22.6,19.2,15.2,11.0,6.9,4.0,1.4,45.7,47.4,47.9,13.1,0.3,75.7,18.1,21.9,80.2,,,OBAnorm,,LD831_01996v2.403,,,,0,0
GLBALSTL,2024-05-24 01:11:19.000,20.6,30.8,29.4,27.3,27.0,25.3,30.0,30.6,27.9,29.3,28.9,26.3,30.1,32.5,35.2,36.5,38.1,38.4,37.7,38.0,37.8,35.5,33.9,31.2,28.1,25.3,22.2,19.5,15.6,11.1,6.8,3.8,1.5,45.9,47.5,48.2,13.1,0.4,75.7,18.1,21.9,80.2,,,OBAnorm,,LD831_01996v2.403,,,,0,0
GLBALSTL,2024-05-24 01:11:20.000,26.6,25.2,29.7,30.1,28.1,27.6,31.8,29.6,30.9,30.4,28.4,25.8,33.5,35.6,34.5,37.3,38.2,38.3,39.3,38.7,37.7,35.8,34.3,31.0,28.0,24.9,22.0,18.8,15.3,11.0,7.0,4.3,1.5,46.5,48.2,48.6,13.1,0.4,75.7,18.1,21.9,80.2,,,OBAnorm,,LD831_01996v2.403,,,,0,0
GLBALSTL,2024-05-24 01:11:21.000,25.1,31.3,30.7,31.4,28.2,30.5,29.6,31.0,29.4,29.1,27.7,29.8,33.3,35.4,34.8,37.5,37.9,38.8,37.8,38.5,37.4,36.2,33.8,31.1,28.3,25.1,22.1,19.6,15.6,10.8,6.9,4.0,1.6,46.0,47.8,48.3,13.1,0.4,75.7,18.1,21.9,80.2,,,OBAnorm,,LD831_01996v2.403,,,,0,0
GLBALSTL,2024-05-24 01:11:22.000,29.3,25.1,30.6,32.3,27.5,31.5,29.4,30.0,28.3,29.4,29.9,28.4,32.4,36.4,35.5,36.5,36.4,38.6,38.9,39.7,38.0,36.7,35.1,32.6,29.3,26.1,24.2,21.2,16.9,12.6,8.4,4.9,2.1,46.8,48.3,48.8,13.1,0.5,75.7,18.1,21.9,80.2,,,OBAnorm,,LD831_01996v2.403,,,,0,0
GLBALSTL,2024-05-24 01:11:23.000,27.5,25.6,28.6,29.1,29.1,30.3,31.3,30.4,28.4,30.4,26.9,27.8,33.1,36.1,35.4,35.7,37.5,38.0,38.1,37.5,37.1,35.9,33.9,31.2,28.5,25.4,23.4,19.9,16.5,12.2,8.2,4.6,2.0,45.8,47.6,48.1,13.1,0.5,75.6,18.1,21.9,80.8,,,OBAnorm,,LD831_01996v2.403,,,,0,0
GLBALSTL,2024-05-24 01:11:24.000,22.0,28.7,31.2,31.5,27.1,29.8,28.2,28.9,29.9,29.7,30.7,30.9,32.3,34.1,34.8,36.1,38.1,38.5,38.8,37.7,37.4,36.3,34.4,32.5,29.0,26.5,24.0,20.9,17.3,13.1,8.2,4.7,2.0,46.3,47.9,48.3,13.1,0.6,75.7,18.1,21.9,80.8,,,OBAnorm,,LD831_01996v2.403,,,,0,0
GLBALSTL,2024-05-24 01:11:25.000,25.0,26.8,29.7,30.7,25.2,27.3,27.9,29.4,28.6,30.0,30.5,29.2,33.8,33.4,34.4,36.8,38.2,38.1,37.1,37.4,36.4,35.0,33.0,30.4,27.3,23.5,20.6,17.5,13.7,9.2,5.7,3.2,1.3,45.3,47.1,47.7,13.1,0.6,75.6,18.0,21.9,80.8,,,OBAnorm,,LD831_01996v2.403,,,,0,0
GLBALSTL,2024-05-24 01:11:26.000,25.1,28.2,28.7,30.1,23.6,29.3,28.6,31.0,29.7,31.8,29.6,34.4,34.3,35.4,35.2,37.2,37.8,38.8,38.3,37.9,37.3,35.4,34.7,30.9,28.3,25.0,22.5,20.3,16.1,11.6,7.6,4.2,1.6,46.1,48.1,48.4,13.1,0.6,75.7,18.0,21.9,80.2,,,OBAnorm,,LD831_01996v2.403,,,,0,0
GLBALSTL,2024-05-24 01:11:27.000,21.0,25.6,28.7,31.1,27.8,28.5,29.8,29.9,27.9,29.4,29.4,29.4,29.7,33.7,35.3,36.9,36.9,37.9,38.0,37.3,36.5,35.0,33.8,31.1,28.5,24.5,21.6,18.7,14.9,10.5,6.4,3.4,1.4,45.4,47.1,47.6,13.1,0.6,75.7,18.1,21.9,80.2,,,OBAnorm,,LD831_01996v2.403,,,,0,0
GLBALSTL,2024-05-24 01:11:28.000,16.9,25.4,31.5,27.9,26.5,28.1,30.2,30.0,29.0,31.9,32.1,33.7,35.8,34.6,35.1,37.5,37.3,39.2,39.0,38.4,37.2,35.5,34.2,31.0,28.0,26.2,24.5,20.3,15.9,11.3,7.0,3.9,1.6,46.2,48.4,49.0,13.1,0.6,75.7,18.1,21.9,80.2,,,OBAnorm,,LD831_01996v2.403,,,,0,0
GLBALSTL,2024-05-24 01:11:29.000,25.6,27.9,28.9,29.7,26.2,27.5,30.2,31.3,31.2,30.8,33.7,31.7,32.9,34.7,35.2,37.9,38.1,38.1,38.8,38.6,36.2,35.5,33.7,30.9,28.3,25.2,22.2,20.7,16.6,11.1,7.5,4.0,1.5,46.0,47.8,48.3,13.1,0.6,75.7,18.1,21.9,80.2,,,OBAnorm,,LD831_01996v2.403,,,,0,0
GLBALSTL,2024-05-24 01:11:30.000,24.4,24.7,28.4,27.5,27.8,28.0,28.0,30.1,27.8,29.6,30.7,29.6,31.3,33.4,35.9,37.5,38.6,39.5,39.4,39.2,38.1,36.0,34.5,32.9,29.5,27.4,25.1,22.6,17.9,11.9,6.9,3.8,1.4,47.0,48.5,48.9,13.1,0.6,75.7,18.1,21.9,80.2,,,OBAnorm,,LD831_01996v2.403,,,,0,0
GLBALSTL,2024-05-24 01:11:31.000,24.2,26.8,27.0,29.7,28.5,28.6,29.2,30.2,31.2,32.1,31.3,30.4,32.6,34.0,35.3,37.3,38.9,39.7,39.2,39.1,38.4,36.3,34.9,32.7,29.7,27.1,24.2,21.7,18.2,12.7,7.9,4.2,1.6,46.9,48.5,49.0,13.1,0.7,75.6,18.1,21.9,80.2,,,OBAnorm,,LD831_01996v2.403,,,,0,0
GLBALSTL,2024-05-24 01:11:32.000,25.2,25.3,28.0,29.4,28.7,30.0,27.5,29.7,27.9,32.5,30.5,28.5,29.5,32.8,34.9,37.6,38.1,38.4,38.1,38.4,37.8,35.8,34.0,31.1,27.8,24.5,21.7,19.0,15.1,10.4,6.5,3.7,1.4,46.1,47.7,48.5,13.1,0.7,75.4,18.1,21.9,80.2,,,OBAnorm,,LD831_01996v2.403,,,,0,0
GLBALSTL,2024-05-24 01:11:33.000,26.1,28.6,25.0,27.4,28.3,29.7,31.0,29.5,29.9,31.5,30.8,28.2,29.2,33.2,35.6,36.3,38.1,38.5,39.3,38.7,37.7,36.1,34.3,32.0,29.1,25.4,23.2,20.0,16.4,11.7,7.5,4.1,1.6,46.4,48.0,48.7,13.1,0.7,75.4,18.1,21.9,80.2,,,OBAnorm,,LD831_01996v2.403,,,,0,0
GLBALSTL,2024-05-24 01:11:34.000,24.3,24.9,25.4,26.7,29.0,28.9,30.7,31.9,29.2,31.2,31.6,30.2,33.5,34.2,36.1,37.0,39.0,39.0,38.0,38.1,37.6,36.2,34.9,32.3,29.3,26.4,23.5,20.0,16.3,11.6,7.2,4.1,1.6,46.4,48.2,48.7,13.1,0.7,75.7,18.1,21.9,80.2,,,OBAnorm,,LD831_01996v2.403,,,,0,0
GLBALSTL,2024-05-24 01:11:35.000,24.3,27.4,26.5,28.3,27.6,29.6,29.4,28.9,30.5,32.3,32.2,32.8,35.4,34.3,35.9,37.5,37.7,38.7,39.0,38.2,37.4,35.4,34.5,31.7,29.1,25.6,22.4,19.4,15.9,11.4,7.4,4.2,1.5,46.2,48.2,49.2,13.1,0.8,75.7,18.1,21.9,80.2,,,OBAnorm,,LD831_01996v2.403,,,,0,0
GLBALSTL,2024-05-24 01:11:36.000,23.3,25.7,27.6,28.3,26.8,28.7,30.4,29.7,28.9,33.1,33.9,30.9,35.9,38.9,37.4,37.3,38.8,39.1,38.7,38.4,37.4,35.4,34.3,31.7,28.7,25.8,23.3,19.8,16.3,12.4,8.2,4.8,2.0,46.5,48.9,49.6,13.1,0.9,75.7,18.1,21.9,80.2,,,OBAnorm,,LD831_01996v2.403,,,,0,0
GLBALSTL,2024-05-24 01:11:37.000,22.7,26.1,29.1,27.5,28.3,28.6,30.9,27.9,30.3,31.5,31.9,29.8,32.0,36.0,36.4,37.1,38.0,38.5,38.3,37.9,37.9,36.6,34.8,31.8,28.9,26.4,23.6,20.7,17.3,12.6,8.5,5.0,2.0,46.3,48.0,48.6,13.1,1.0,75.7,18.1,21.9,80.2,,,OBAnorm,,LD831_01996v2.403,,,,0,0
GLBALSTL,2024-05-24 01:11:38.000,27.2,30.6,29.7,26.0,25.9,30.6,31.4,31.8,30.2,33.3,32.1,27.1,33.1,33.7,35.6,37.4,38.3,39.0,38.9,38.7,38.3,37.6,35.2,32.6,30.1,27.2,25.0,21.1,18.3,14.1,9.7,5.5,2.2,46.9,48.6,49.6,13.1,1.1,75.7,18.1,21.9,80.2,,,OBAnorm,,LD831_01996v2.403,,,,0,0
GLBALSTL,2024-05-24 01:11:39.000,23.4,26.5,29.9,26.9,27.5,29.0,31.2,29.9,29.7,33.7,32.7,31.0,34.2,37.3,36.5,36.6,37.4,39.2,38.7,38.2,37.4,35.8,33.8,31.2,28.7,26.1,23.1,20.7,16.3,11.8,7.4,4.0,1.6,46.3,48.9,51.6,13.1,1.0,75.7,18.0,21.9,80.2,,,OBAnorm,,LD831_01996v2.403,,,,0,0
GLBALSTL,2024-05-24 01:11:40.000,25.9,22.1,30.1,28.1,24.9,32.0,31.1,30.2,30.9,39.1,39.8,35.7,34.7,34.6,36.0,37.5,37.8,39.5,38.8,39.2,38.1,37.3,35.1,32.0,29.0,26.6,24.2,21.0,16.7,12.0,7.5,4.1,1.5,47.0,49.0,50.2,13.1,1.0,75.7,18.1,21.9,80.2,,,OBAnorm,,LD831_01996v2.403,,,,0,0
GLBALSTL,2024-05-24 01:11:41.000,28.0,29.8,30.8,25.7,27.7,30.4,30.7,31.5,28.2,32.3,31.4,29.6,32.4,33.9,34.6,35.6,36.6,38.3,38.3,37.7,37.1,35.8,33.6,31.0,27.9,24.3,21.9,18.9,14.8,10.8,7.2,3.8,1.5,45.6,47.3,48.1,13.1,1.0,75.7,18.1,21.9,80.2,,,OBAnorm,,LD831_01996v2.403,,,,0,0
GLBALSTL,2024-05-24 01:11:42.000,27.5,27.7,28.1,28.4,29.4,30.4,31.8,32.0,29.7,33.5,31.2,26.9,31.3,33.6,35.4,36.9,37.6,39.5,38.8,38.6,38.2,36.2,34.3,32.1,29.7,26.2,23.5,20.8,17.0,11.9,7.6,4.1,1.6,46.6,48.4,54.0,13.1,1.0,75.7,18.1,21.9,80.2,,,OBAnorm,,LD831_01996v2.403,,,,0,0
GLBALSTL,2024-05-24 01:11:43.000,23.3,28.3,31.0,26.5,28.9,30.1,30.2,30.6,30.2,31.8,29.0,30.4,32.1,34.9,35.5,36.2,37.4,37.5,38.8,36.9,37.1,35.5,33.7,30.6,28.2,24.8,23.0,19.9,16.8,11.3,7.0,4.1,1.7,45.5,47.6,52.7,13.1,1.1,75.7,18.1,21.9,80.2,,,OBAnorm,,LD831_01996v2.403,,,,0,0
GLBALSTL,2024-05-24 01:11:44.000,26.0,30.1,33.4,27.3,28.2,26.9,30.4,32.3,31.7,31.2,31.1,31.2,34.3,35.1,33.6,35.9,36.4,37.0,37.6,36.8,36.2,35.1,32.9,29.9,26.6,23.6,20.9,17.7,14.0,9.6,5.8,3.3,1.3,44.8,46.8,54.4,13.1,1.4,75.7,18.1,21.9,80.2,,,OBAnorm,,LD831_01996v2.403,,,,0,0
GLBALSTL,2024-05-24 01:11:45.000,23.6,28.6,30.0,27.9,26.2,31.6,29.6,29.8,29.3,34.2,30.9,28.1,31.7,34.1,34.9,36.1,36.4,37.1,37.5,37.1,36.6,35.1,33.5,31.0,28.4,26.1,23.2,20.4,17.3,12.7,8.1,4.5,1.8,45.4,47.5,57.7,13.1,1.6,75.7,18.1,21.9,80.8,,,OBAnorm,,LD831_01996v2.403,,,,0,0
GLBALSTL,2024-05-24 01:11:46.000,27.5,31.6,31.4,27.6,27.9,31.0,28.8,29.2,31.7,32.3,32.0,34.2,38.2,36.4,35.9,37.8,38.2,38.8,38.1,37.6,37.3,35.7,33.6,31.7,29.0,26.1,23.7,20.2,17.5,13.1,8.5,4.9,2.0,46.1,48.7,56.6,13.1,1.7,75.7,18.1,21.9,80.8,,,OBAnorm,,LD831_01996v2.403,,,,0,0
GLBALSTL,2024-05-24 01:11:47.000,30.0,25.9,31.5,30.3,29.2,29.4,29.6,29.2,29.5,31.7,31.3,26.1,35.4,33.7,33.9,37.5,38.0,38.2,38.2,38.2,38.2,36.7,35.5,32.3,29.5,27.0,24.3,20.6,18.1,13.7,9.4,5.1,2.2,46.5,48.0,53.7,13.1,1.8,75.7,18.1,21.9,80.8,,,OBAnorm,,LD831_01996v2.403,,,,0,0
GLBALSTL,2024-05-24 01:11:48.000,36.6,28.5,31.3,30.2,29.3,31.8,30.1,29.5,30.0,31.8,33.0,31.6,34.9,33.4,36.4,36.4,37.5,38.0,38.4,39.0,37.9,37.7,35.7,33.1,29.6,27.7,26.2,23.2,20.4,16.2,12.1,7.2,3.1,46.9,48.5,55.9,13.1,1.9,75.7,18.1,21.9,80.8,,,OBAnorm,,LD831_01996v2.403,,,,0,0
GLBALSTL,2024-05-24 01:11:49.000,30.9,29.5,29.6,29.0,29.1,32.5,29.1,30.2,29.5,32.4,30.6,32.6,32.7,33.8,33.3,36.9,37.7,38.7,38.4,38.4,37.1,36.0,35.0,31.9,28.7,25.5,22.7,19.6,16.1,11.6,7.5,4.2,1.9,46.3,48.0,57.0,13.1,1.9,75.6,18.1,21.9,80.8,,,OBAnorm,,LD831_01996v2.403,,,,0,0
GLBALSTL,2024-05-24 01:11:50.000,28.1,28.3,30.8,25.4,28.5,30.6,30.2,30.6,31.0,33.8,33.2,33.1,33.7,35.2,36.7,38.0,39.4,39.4,38.2,39.1,37.7,35.6,34.3,32.4,29.0,26.5,23.5,21.2,17.4,12.1,7.8,4.5,2.0,46.7,48.8,56.8,13.1,1.9,75.7,18.1,21.9,80.8,,,OBAnorm,,LD831_01996v2.403,,,,0,0
GLBALSTL,2024-05-24 01:11:51.000,30.9,30.0,28.3,29.8,30.2,31.2,32.0,28.3,29.6,30.1,29.6,31.6,32.2,32.3,33.3,36.8,37.0,37.9,37.7,37.2,36.5,34.8,33.3,30.3,27.0,24.4,21.8,18.6,15.3,10.9,7.1,4.3,1.7,45.3,47.4,60.4,13.1,1.8,75.7,18.1,21.9,80.8,,,OBAnorm,,LD831_01996v2.403,,,,0,0
GLBALSTL,2024-05-24 01:11:52.000,30.3,30.4,35.6,33.4,30.7,30.4,28.6,29.2,29.5,31.6,31.2,32.3,34.4,36.2,33.4,36.1,37.1,37.6,37.5,37.6,36.5,34.6,32.8,30.0,27.1,24.2,22.1,19.1,16.2,11.7,8.0,4.3,1.8,45.2,47.4,54.3,13.1,1.7,75.7,18.1,21.9,80.8,,,OBAnorm,,LD831_01996v2.403,,,,0,0
GLBALSTL,2024-05-24 01:11:53.000,39.4,36.8,32.0,30.7,27.6,27.3,29.0,27.4,31.9,30.8,29.7,27.1,31.7,33.0,35.6,36.8,37.9,38.9,38.1,38.3,37.3,36.4,34.0,30.9,28.6,25.5,22.3,19.2,15.4,11.3,7.1,4.0,1.5,46.2,47.7,52.2,13.1,1.6,75.7,18.1,21.9,80.8,,,OBAnorm,,LD831_01996v2.403,,,,0,0
GLBALSTL,2024-05-24 01:11:54.000,33.3,28.8,29.9,24.7,28.8,29.2,30.6,29.0,29.9,31.4,29.9,30.2,32.9,33.6,34.0,36.1,36.7,37.7,37.5,37.5,35.7,34.6,33.1,29.9,27.5,24.1,21.1,18.5,15.3,10.6,6.6,3.7,1.4,45.2,47.1,51.1,13.1,1.5,75.7,18.1,21.9,80.8,,,OBAnorm,,LD831_01996v2.403,,,,0,0
GLBALSTL,2024-05-24 01:11:55.000,22.3,26.1,28.4,29.7,26.8,31.1,29.6,28.5,29.7,31.6,30.7,27.7,30.6,32.5,34.3,35.6,37.2,38.0,39.0,38.4,37.6,36.6,34.3,31.8,28.2,25.4,23.0,20.8,16.9,11.6,7.6,4.0,1.8,46.2,47.6,49.1,13.1,1.4,75.7,18.1,21.9,80.8,,,OBAnorm,,LD831_01996v2.403,,,,0,0
GLBALSTL,2024-05-24 01:11:56.000,25.3,26.1,31.0,28.7,27.7,30.9,29.4,29.7,30.4,31.2,29.9,27.8,32.0,33.4,34.0,36.9,38.1,40.6,39.6,39.0,37.8,36.0,34.4,31.9,28.6,25.9,22.8,20.0,15.6,10.7,6.6,3.7,1.5,46.9,48.5,49.4,13.1,1.3,53.5,18.1,20.4,74.2,,,OBAnorm,,LD831_01996v2.403,,,,0,0
GLBALSTL,2024-05-24 01:11:57.000,25.6,28.6,30.1,28.8,26.4,29.3,27.6,29.2,28.3,33.5,33.0,27.9,30.4,31.1,32.5,37.0,36.4,38.2,38.8,37.6,36.5,35.4,33.2,30.4,27.2,24.4,20.9,18.0,14.6,10.4,6.5,3.4,1.3,45.3,46.9,47.4,13.1,1.2,75.7,18.1,20.4,74.2,,,OBAnorm,,LD831_01996v2.403,,,,0,0
GLBALSTL,2024-05-24 01:11:58.000,23.9,27.2,28.3,29.0,28.7,29.8,28.4,30.0,28.0,31.3,30.5,27.0,31.4,32.9,36.5,37.3,37.9,38.8,39.0,38.5,37.4,36.5,35.1,32.6,29.6,27.0,25.0,21.7,19.1,14.2,9.8,5.5,2.4,46.7,48.2,48.9,13.1,1.1,75.7,18.1,21.9,80.8,,,OBAnorm,,LD831_01996v2.403,,,,0,0
GLBALSTL,2024-05-24 01:11:59.000,24.6,26.9,27.6,29.6,28.2,28.8,30.5,30.4,29.6,31.7,30.9,30.4,32.0,32.6,35.3,37.7,38.7,39.5,39.4,39.0,38.2,37.2,35.1,32.9,30.2,27.0,23.4,20.2,17.4,13.4,9.1,5.0,2.3,47.0,48.5,48.8,13.1,1.0,75.7,18.3,21.9,80.8,,,OBAnorm,,LD831_01996v2.403,,,,0,0
GLBALSTL,2024-05-24 01:12:00.000,23.7,28.9,25.8,27.3,27.3,28.8,28.5,30.7,31.0,30.1,31.8,31.7,33.0,35.0,36.2,38.1,37.7,39.3,38.2,38.0,37.9,36.2,34.7,31.8,29.1,25.9,23.1,20.0,16.3,11.7,7.6,4.3,1.7,46.4,48.4,48.9,13.1,0.9,73.6,18.1,21.8,80.2,,,OBAnorm,,LD831_01996v2.403,,,,0,0
GLBALSTL,2024-05-24 01:12:01.000,26.7,30.8,27.3,24.9,28.1,28.6,31.6,29.9,29.6,31.5,29.1,31.8,32.9,33.2,34.8,38.1,38.2,39.0,38.8,38.4,38.1,35.9,34.4,31.8,28.5,25.6,23.1,20.7,15.5,10.9,6.7,3.7,1.4,46.4,48.0,48.7,13.1,0.9,75.7,18.1,21.8,80.2,,,OBAnorm,,LD831_01996v2.403,,,,0,0
GLBALSTL,2024-05-24 01:12:02.000,25.7,27.3,26.5,26.5,28.5,29.0,31.2,30.7,29.8,30.3,30.7,26.9,32.3,32.4,34.9,38.2,40.0,40.0,39.5,38.6,37.6,36.7,35.0,32.2,29.7,27.4,24.7,21.1,17.6,13.0,9.3,5.7,2.2,47.1,48.7,49.7,13.1,0.9,75.7,18.1,21.9,80.8,,,OBAnorm,,LD831_01996v2.403,,,,0,0
GLBALSTL,2024-05-24 01:12:03.000,25.2,28.1,29.8,28.9,26.7,28.4,30.8,29.8,29.8,31.7,31.3,30.9,31.4,34.5,35.7,36.9,37.5,38.7,38.3,38.6,37.4,36.1,34.4,32.0,29.4,26.9,23.8,21.5,17.6,12.7,8.4,4.7,2.0,46.3,47.9,49.4,13.1,0.8,75.7,18.1,21.8,80.8,,,OBAnorm,,LD831_01996v2.403,,,,0,0
GLBALSTL,2024-05-24 01:12:04.000,25.6,26.1,27.1,29.2,26.9,28.9,30.8,29.5,30.2,31.1,30.3,30.0,32.9,35.5,34.3,37.0,38.7,38.6,38.5,38.1,37.5,35.8,34.6,31.8,29.0,26.1,23.4,21.4,18.2,13.0,8.7,4.8,1.9,46.3,48.2,52.0,13.1,0.7,75.7,18.1,21.8,80.8,,,OBAnorm,,LD831_01996v2.403,,,,0,0
GLBALSTL,2024-05-24 01:12:05.000,29.1,27.1,29.4,27.8,27.6,28.5,32.0,29.3,30.4,31.3,33.1,31.4,31.8,35.4,36.1,40.0,39.9,39.9,40.0,40.1,39.5,38.6,37.6,35.0,31.5,29.7,27.0,24.2,22.0,17.4,12.4,7.5,3.7,48.4,49.8,51.2,13.1,0.7,75.7,18.1,21.8,80.2,,,OBAnorm,,LD831_01996v2.403,,,,0,0
GLBALSTL,2024-05-24 01:12:06.000,28.4,25.9,27.5,28.7,27.5,28.1,30.0,29.2,30.4,32.9,32.7,32.2,35.3,36.2,35.1,37.1,37.9,38.1,38.3,38.3,37.5,36.1,33.6,31.0,27.7,25.0,22.1,19.5,16.2,12.1,7.7,4.2,1.8,45.9,47.9,48.3,13.1,0.6,75.7,18.1,21.8,80.2,,,OBAnorm,,LD831_01996v2.403,,,,0,0
GLBALSTL,2024-05-24 01:12:07.000,30.5,27.6,28.7,23.2,26.3,27.7,29.6,30.5,29.3,31.1,29.3,28.6,33.1,33.6,33.6,36.2,36.9,36.8,37.1,36.9,36.0,35.5,33.7,30.9,27.8,24.7,22.3,19.3,16.3,11.6,8.1,4.6,1.8,45.1,46.8,47.8,13.1,0.6,75.7,18.1,21.7,80.2,,,OBAnorm,,LD831_01996v2.403,,,,0,0
GLBALSTL,2024-05-24 01:12:08.000,24.1,28.6,28.1,30.3,28.1,28.8,30.9,29.8,28.3,30.7,30.3,26.7,33.7,34.2,34.8,37.2,37.8,37.5,37.4,38.3,38.2,36.5,34.9,32.6,29.5,27.2,25.3,22.7,18.8,13.9,9.4,5.4,2.3,46.4,47.9,48.5,13.1,0.6,75.7,18.0,21.7,80.2,,,OBAnorm,,LD831_01996v2.403,,,,0,0
GLBALSTL,2024-05-24 01:12:09.000,23.8,28.0,27.3,30.3,24.4,27.2,29.3,30.1,26.4,30.9,28.3,25.6,29.5,32.1,34.1,36.4,37.2,37.0,37.7,37.6,36.2,34.6,32.6,30.0,27.4,23.8,21.0,18.0,15.0,9.9,6.2,3.6,1.5,44.9,46.7,48.2,13.1,0.6,75.7,18.1,21.8,80.2,,,OBAnorm,,LD831_01996v2.403,,,,0,0
GLBALSTL,2024-05-24 01:12:10.000,21.6,26.3,28.4,29.4,25.0,29.7,28.5,29.0,26.6,31.8,29.8,30.3,32.6,35.2,34.3,35.6,37.6,38.4,37.7,37.8,36.5,35.6,33.4,31.9,28.8,25.4,22.8,20.0,16.2,11.4,7.4,3.8,1.7,45.7,47.5,49.9,13.1,0.7,75.7,18.1,21.8,80.2,,,OBAnorm,,LD831_01996v2.403,,,,0,0
GLBALSTL,2024-05-24 01:12:11.000,23.6,28.6,29.7,30.8,29.1,29.7,27.9,28.3,30.2,30.4,28.4,30.7,33.5,34.8,35.2,36.9,38.2,37.8,37.8,37.3,36.5,34.7,32.9,30.3,27.7,24.9,22.1,19.6,15.4,11.3,7.8,4.2,1.7,45.3,47.3,48.0,13.1,0.7,75.7,18.1,21.7,80.2,,,OBAnorm,,LD831_01996v2.403,,,,0,0
GLBALSTL,2024-05-24 01:12:12.000,25.4,27.3,28.4,26.1,28.4,26.0,30.3,29.6,27.6,31.4,31.0,28.8,32.6,34.3,34.0,37.1,37.1,38.1,38.2,38.5,37.4,35.2,33.5,30.6,28.1,25.1,22.4,19.4,15.3,10.4,6.9,4.0,1.5,45.8,47.5,49.2,13.1,0.8,75.7,18.1,21.7,80.2,,,OBAnorm,,LD831_01996v2.403,,,,0,0
GLBALSTL,2024-05-24 01:12:13.000,20.1,25.8,28.3,26.5,29.3,29.8,30.4,30.6,30.2,29.8,27.9,26.2,30.4,33.6,33.0,34.9,37.4,37.1,38.3,38.3,38.2,36.5,34.3,32.2,28.5,25.5,23.3,19.8,16.5,12.3,8.5,4.7,1.9,46.1,47.4,48.5,13.1,0.9,13.0,18.0,21.7,80.2,,,OBAnorm,,LD831_01996v2.403,,,,0,0
GLBALSTL,2024-05-24 01:12:14.000,27.2,26.5,24.1,26.9,30.4,30.1,28.9,30.7,28.0,29.6,25.9,27.5,31.1,32.9,35.3,36.7,38.2,38.2,39.4,39.8,38.9,37.5,35.1,32.0,29.2,26.5,24.1,21.3,19.8,14.1,8.4,5.1,2.0,47.0,48.3,48.8,13.1,1.0,75.0,18.1,17.5,72.6,,,OBAnorm,,LD831_01996v2.403,,,,0,0
GLBALSTL,2024-05-24 01:12:15.000,26.4,25.0,28.7,28.2,27.8,27.9,29.6,30.5,28.9,30.5,29.1,29.4,34.0,34.0,34.4,36.5,37.3,37.5,37.9,37.6,36.3,35.2,33.3,30.5,27.9,25.0,22.5,19.4,16.1,12.0,8.0,4.5,1.7,45.4,47.3,48.0,13.1,1.0,75.7,18.1,17.4,72.6,,,OBAnorm,,LD831_01996v2.403,,,,0,0
GLBALSTL,2024-05-24 01:12:16.000,23.7,28.8,30.9,29.1,28.6,28.9,29.7,26.6,28.4,29.5,27.3,27.0,31.2,33.0,31.9,34.7,36.6,36.9,36.4,36.7,35.6,34.3,32.3,29.1,26.6,22.9,20.0,17.3,13.1,9.0,5.6,3.0,1.3,44.4,46.0,47.0,13.1,1.0,75.7,18.0,21.3,79.0,,,OBAnorm,,LD831_01996v2.403,,,,0,0
GLBALSTL,2024-05-24 01:12:17.000,25.0,29.4,29.6,28.9,27.6,30.0,30.4,30.4,29.0,29.5,26.4,24.5,31.4,34.0,32.3,35.4,35.7,36.3,36.5,35.7,36.0,33.8,32.2,29.5,27.0,23.4,20.8,18.6,14.8,10.3,6.1,3.5,1.4,44.3,46.5,47.1,13.1,1.0,75.7,18.1,21.3,79.0,,,OBAnorm,,LD831_01996v2.403,,,,0,0
GLBALSTL,2024-05-24 01:12:18.000,25.0,25.7,24.4,30.0,25.7,29.6,27.7,29.6,28.5,30.9,33.0,32.0,33.8,34.7,34.9,36.7,38.4,38.4,38.6,38.2,37.1,35.3,33.8,31.5,28.4,25.3,21.9,19.5,16.0,10.6,6.4,3.6,1.4,46.0,47.7,48.4,13.1,1.0,75.7,18.1,21.6,80.2,,,OBAnorm,,LD831_01996v2.403,,,,0,0
GLBALSTL,2024-05-24 01:12:19.000,24.2,25.0,26.8,28.4,30.1,30.4,30.4,27.8,28.0,27.4,31.5,27.3,31.2,32.3,31.9,35.0,36.8,37.3,37.8,37.0,36.6,35.3,33.3,30.3,27.8,25.0,22.4,19.6,15.0,10.7,6.8,3.6,1.5,45.2,46.7,47.6,13.1,0.9,75.7,18.0,21.8,80.8,,,OBAnorm,,LD831_01996v2.403,,,,0,0
GLBALSTL,2024-05-24 01:12:20.000,19.5,24.3,25.5,27.2,29.6,29.6,27.7,29.4,28.0,26.8,26.2,30.8,32.2,33.5,33.7,34.8,37.0,37.5,37.6,37.2,36.6,34.8,33.1,30.7,28.0,25.3,22.3,19.2,15.8,11.1,7.4,4.0,1.8,45.1,46.7,47.5,13.1,0.9,75.7,18.1,21.8,80.2,,,OBAnorm,,LD831_01996v2.403,,,,0,0
GLBALSTL,2024-05-24 01:12:21.000,22.3,26.2,29.5,27.8,27.5,29.6,29.6,26.6,28.9,30.4,25.9,27.0,33.8,33.0,34.1,36.3,37.3,38.4,37.4,38.1,37.0,36.5,34.7,31.6,28.7,26.3,24.1,20.4,17.8,13.5,9.5,5.1,2.2,46.1,47.7,48.3,13.1,0.8,75.7,18.1,21.8,80.8,,,OBAnorm,,LD831_01996v2.403,,,,0,0
GLBALSTL,2024-05-24 01:12:22.000,25.2,28.4,30.6,28.1,28.0,30.7,31.9,29.1,29.4,30.3,33.8,32.9,36.8,35.2,35.2,37.1,38.9,39.0,38.4,37.6,37.2,36.1,34.3,31.5,28.5,26.2,23.5,19.9,16.9,12.9,8.4,4.8,2.0,46.2,48.2,48.8,13.1,0.8,75.7,18.1,21.8,80.8,,,OBAnorm,,LD831_01996v2.403,,,,0,0
GLBALSTL,2024-05-24 01:12:23.000,24.3,28.9,29.0,28.2,30.7,29.0,28.0,26.6,27.1,30.0,27.9,25.0,32.2,31.7,33.7,36.3,36.8,37.7,37.3,36.8,35.8,34.8,33.4,29.8,27.0,24.2,20.5,17.2,13.3,9.1,5.5,3.3,1.4,44.9,46.6,47.9,13.1,0.8,75.7,18.1,21.8,80.2,,,OBAnorm,,LD831_01996v2.403,,,,0,0
GLBALSTL,2024-05-24 01:12:24.000,25.2,29.5,30.5,27.2,28.3,28.1,28.2,27.8,26.7,27.3,27.2,28.6,33.0,32.4,33.4,36.1,37.7,36.6,37.4,37.0,36.2,35.1,33.3,30.4,27.4,24.7,21.2,17.9,14.7,10.8,7.0,3.9,1.6,45.1,46.8,48.4,13.1,0.7,75.7,18.1,21.8,80.2,,,OBAnorm,,LD831_01996v2.403,,,,0,0
GLBALSTL,2024-05-24 01:12:25.000,23.6,24.1,27.8,30.5,26.9,29.8,27.6,28.6,28.5,29.6,27.2,28.7,31.5,34.1,35.3,37.4,38.6,38.3,37.9,38.5,37.8,36.4,35.1,31.8,28.6,25.6,23.1,19.5,16.4,11.8,8.0,4.5,1.9,46.4,47.8,48.6,13.1,0.7,75.7,18.1,21.8,80.2,,,OBAnorm,,LD831_01996v2.403,,,,0,0
GLBALSTL,2024-05-24 01:12:26.000,22.5,27.2,28.9,28.4,25.9,28.0,28.5,29.4,24.8,26.3,27.4,27.2,30.2,34.2,35.0,35.7,36.8,38.5,38.3,38.4,37.1,36.5,34.1,31.6,28.5,25.8,22.8,20.1,16.9,12.6,8.0,4.4,1.9,46.1,47.5,48.4,13.1,0.7,75.7,18.1,21.8,80.2,,,OBAnorm,,LD831_01996v2.403,,,,0,0
GLBALSTL,2024-05-24 01:12:27.000,23.1,26.1,32.3,28.5,26.1,28.5,29.4,29.6,27.1,28.4,30.6,30.4,32.0,35.0,34.7,37.3,39.2,39.3,38.7,38.7,38.6,36.9,35.1,32.4,29.5,26.8,24.4,22.0,19.0,15.0,9.9,5.6,2.8,47.0,48.5,50.3,13.1,0.8,75.7,18.1,21.8,80.2,,,OBAnorm,,LD831_01996v2.403,,,,0,0
GLBALSTL,2024-05-24 01:12:28.000,21.1,30.3,27.3,27.7,30.2,29.7,29.2,29.3,25.7,27.3,26.2,26.6,31.3,33.5,34.6,36.5,38.4,39.2,39.1,38.6,37.5,37.2,35.2,32.4,29.4,27.2,24.1,20.8,17.8,14.2,9.5,5.3,2.1,46.6,48.0,50.2,13.1,0.8,75.7,18.1,21.8,80.2,,,OBAnorm,,LD831_01996v2.403,,,,0,0
GLBALSTL,2024-05-24 01:12:29.000,23.3,26.2,32.1,28.3,28.3,29.0,29.4,26.3,28.1,29.0,28.5,28.5,34.0,34.7,34.6,36.5,37.1,38.3,37.9,37.7,36.5,34.8,33.1,30.1,27.5,24.8,22.0,18.5,15.2,11.3,6.7,3.6,1.5,45.5,47.1,48.5,13.1,0.8,75.7,18.1,21.8,80.2,,,OBAnorm,,LD831_01996v2.403,,,,0,0
GLBALSTL,2024-05-24 01:12:30.000,29.0,24.8,27.7,26.5,26.3,30.4,29.6,29.7,26.2,28.4,27.8,24.7,29.6,32.0,33.5,35.3,36.7,36.4,37.6,36.4,36.2,34.4,33.1,30.1,27.3,24.3,21.5,18.2,14.6,10.5,6.3,3.5,1.5,44.7,46.3,47.4,13.1,0.9,75.7,18.1,21.8,80.2,,,OBAnorm,,LD831_01996v2.403,,,,0,0
GLBALSTL,2024-05-24 01:12:31.000,25.9,25.0,31.1,30.0,30.5,28.8,32.0,28.6,25.0,28.7,27.2,25.6,29.4,31.3,33.5,36.4,37.3,37.1,37.5,37.5,37.1,35.5,33.9,31.5,28.1,25.1,23.3,20.8,16.8,12.3,7.8,4.4,1.8,45.6,47.0,47.9,13.1,1.0,75.7,18.1,21.8,80.2,,,OBAnorm,,LD831_01996v2.403,,,,0,0
GLBALSTL,2024-05-24 01:12:32.000,22.0,28.3,30.6,29.2,28.5,27.7,30.4,28.7,25.7,28.3,28.1,24.0,30.8,31.1,33.3,36.3,36.6,37.4,37.5,37.4,36.9,34.8,33.2,30.9,27.8,25.2,22.8,19.1,16.8,11.1,7.2,4.3,1.8,45.2,46.7,48.3,13.1,1.1,75.7,18.0,21.8,80.2,,,OBAnorm,,LD831_01996v2.403,,,,0,0
GLBALSTL,2024-05-24 01:12:33.000,24.0,27.0,24.7,27.9,27.3,27.3,29.3,27.2,26.9,29.4,30.4,32.4,32.6,32.9,32.3,35.6,36.6,37.5,37.2,37.0,36.1,34.3,32.0,29.1,26.2,23.8,20.9,17.4,13.8,9.7,6.1,3.4,1.3,44.7,46.7,48.2,13.1,1.1,75.7,18.1,21.8,80.2,,,OBAnorm,,LD831_01996v2.403,,,,0,0
GLBALSTL,2024-05-24 01:12:34.000,26.3,27.2,29.7,27.8,29.7,30.7,29.0,30.3,27.2,27.9,35.3,36.7,33.4,35.0,34.1,35.4,37.7,37.9,37.7,37.7,37.6,36.3,34.4,32.8,29.6,27.7,25.8,23.7,20.2,15.7,11.1,6.5,2.7,46.2,48.1,48.6,13.1,1.0,75.7,18.1,21.8,80.2,,,OBAnorm,,LD831_01996v2.403,,,,0,0
GLBALSTL,2024-05-24 01:12:35.000,26.0,29.1,29.5,28.9,27.1,28.6,27.8,27.2,27.7,29.4,28.6,30.6,32.8,32.1,33.8,35.5,36.8,37.5,38.0,37.6,37.4,36.2,34.2,31.1,28.1,25.2,23.0,19.3,16.4,12.4,8.9,4.8,2.4,45.7,47.1,47.7,13.1,0.9,75.7,18.1,21.8,80.2,,,OBAnorm,,LD831_01996v2.403,,,,0,0
GLBALSTL,2024-05-24 01:12:36.000,24.6,28.1,28.0,28.0,28.5,27.0,29.9,27.8,27.0,28.4,27.5,26.8,30.5,33.1,32.5,36.1,36.8,37.6,37.7,38.4,37.8,36.3,35.4,32.6,29.9,26.9,25.4,21.7,19.1,15.6,11.5,6.5,3.2,46.3,47.5,48.5,13.1,0.9,75.7,18.1,21.8,80.2,,,OBAnorm,,LD831_01996v2.403,,,,0,0
GLBALSTL,2024-05-24 01:12:37.000,23.6,26.4,30.5,31.7,29.2,28.4,29.4,28.3,28.6,28.4,29.4,32.7,35.7,34.9,35.2,36.0,36.1,37.0,37.0,37.8,36.9,34.9,33.2,30.5,27.1,24.4,21.6,19.2,15.8,11.9,7.6,4.5,1.8,45.1,47.4,52.5,13.1,0.8,75.7,18.1,21.8,80.2,,,OBAnorm,,LD831_01996v2.403,,,,0,0
GLBALSTL,2024-05-24 01:12:38.000,22.0,25.5,31.0,29.0,31.3,28.7,30.4,25.8,26.8,28.4,29.0,35.6,34.1,33.5,34.2,35.5,36.9,37.3,38.0,36.2,35.9,34.9,32.7,30.0,27.1,23.7,21.2,18.9,15.1,11.9,7.6,3.9,1.6,44.9,46.7,51.3,13.1,0.7,75.7,18.1,21.8,80.2,,,OBAnorm,,LD831_01996v2.403,,,,0,0
GLBALSTL,2024-05-24 01:12:39.000,22.0,27.0,32.9,29.3,28.1,28.2,24.9,28.1,26.0,28.1,30.7,31.8,32.4,34.1,34.7,35.8,38.1,38.2,38.1,37.5,37.0,35.4,34.2,31.6,27.9,25.3,21.8,19.8,15.2,11.1,6.8,3.7,1.5,45.9,47.7,52.8,13.1,0.7,75.7,18.1,21.8,80.2,,,OBAnorm,,LD831_01996v2.403,,,,0,0
GLBALSTL,2024-05-24 01:12:40.000,26.5,29.7,30.6,32.7,25.8,27.3,26.0,27.2,26.4,29.1,31.0,30.4,32.6,34.7,34.3,37.9,37.6,39.1,39.0,38.2,38.5,36.5,34.2,31.5,28.4,26.5,23.5,20.4,16.6,12.5,9.3,5.2,1.8,46.4,47.9,48.7,13.1,0.6,75.7,18.0,21.8,80.2,,,OBAnorm,,LD831_01996v2.403,,,,0,0
GLBALSTL,2024-05-24 01:12:41.000,24.6,28.0,28.8,30.5,29.8,28.1,30.3,25.1,27.6,28.1,29.0,30.9,33.5,34.3,33.6,36.6,37.6,37.4,37.6,37.5,36.4,34.8,33.6,30.1,27.5,24.8,21.6,18.7,15.9,11.2,7.0,3.8,1.7,45.3,47.1,48.0,13.1,0.5,75.7,18.1,21.8,80.2,,,OBAnorm,,LD831_01996v2.403,,,,0,0
GLBALSTL,2024-05-24 01:12:42.000,25.4,26.4,30.8,28.5,31.1,30.1,28.9,29.7,27.4,29.2,30.1,25.5,28.8,33.1,33.2,35.5,37.5,37.4,37.5,37.1,35.8,34.8,33.0,30.3,26.3,23.3,21.1,17.5,14.2,9.6,6.1,3.3,1.6,44.8,46.6,47.3,13.1,0.5,75.7,18.1,21.7,80.2,,,OBAnorm,,LD831_01996v2.403,,,,0,0
GLBALSTL,2024-05-24 01:12:43.000,25.2,26.6,28.1,31.1,27.5,31.3,29.2,26.7,28.6,28.6,28.7,25.6,29.6,31.5,32.5,34.2,35.3,36.8,37.0,35.9,34.9,34.0,31.8,29.7,26.4,23.6,20.7,17.2,14.0,9.5,5.9,3.3,1.2,44.0,45.7,46.5,13.1,0.5,75.7,18.1,21.7,80.2,,,OBAnorm,,LD831_01996v2.403,,,,0,0
GLBALSTL,2024-05-24 01:12:44.000,24.3,28.7,29.5,29.6,30.4,28.9,28.8,29.4,27.7,30.7,31.6,31.8,33.5,33.7,34.4,36.2,37.7,37.4,37.8,36.9,36.0,34.7,33.1,29.9,27.3,24.8,21.8,18.6,14.7,10.5,6.7,3.6,1.4,45.1,47.2,47.8,13.1,0.5,75.7,18.1,21.7,80.2,,,OBAnorm,,LD831_01996v2.403,,,,0,0
GLBALSTL,2024-05-24 01:12:45.000,21.3,28.3,27.3,27.5,29.8,28.0,27.4,27.8,27.2,29.8,28.9,27.1,30.6,31.3,33.4,36.4,37.2,38.0,38.5,37.7,37.0,34.8,33.1,30.2,27.6,24.6,21.7,18.9,14.8,10.3,6.5,3.5,1.4,45.5,47.0,47.7,13.1,0.5,75.7,18.1,21.7,80.2,,,OBAnorm,,LD831_01996v2.403,,,,0,0
GLBALSTL,2024-05-24 01:12:46.000,25.4,26.9,29.1,31.2,26.2,28.4,28.1,28.7,25.9,29.1,29.6,29.3,32.4,33.3,34.5,36.1,36.5,37.0,37.9,37.5,36.8,35.4,32.6,30.6,28.3,24.9,21.9,19.2,15.1,11.0,6.7,3.8,1.4,45.2,46.9,48.5,13.1,0.6,75.7,18.1,21.7,80.2,,,OBAnorm,,LD831_01996v2.403,,,,0,0
GLBALSTL,2024-05-24 01:12:47.000,24.0,25.7,29.8,30.6,26.5,25.8,29.7,27.3,28.2,29.0,32.0,38.4,36.1,33.3,33.6,35.7,37.6,37.2,37.9,37.4,36.1,34.5,32.9,30.3,27.5,25.1,22.5,19.6,16.4,12.2,8.7,4.9,1.8,45.2,47.5,48.6,13.1,0.6,75.7,18.1,21.7,80.2,,,OBAnorm,,LD831_01996v2.403,,,,0,0
GLBALSTL,2024-05-24 01:12:48.000,24.7,26.6,30.1,28.2,27.4,28.4,29.3,28.5,25.7,27.8,28.2,26.2,29.0,32.9,33.3,37.2,37.1,37.9,37.8,37.9,36.7,35.3,34.1,31.4,28.8,26.2,23.7,21.6,16.7,11.6,6.6,3.4,1.4,45.8,47.2,47.8,13.1,0.7,75.7,18.1,21.7,80.2,,,OBAnorm,,LD831_01996v2.403,,,,0,0
GLBALSTL,2024-05-24 01:12:49.000,25.7,26.5,29.8,27.7,26.7,29.8,26.2,29.3,26.7,26.2,29.7,32.5,34.1,34.3,34.7,36.7,36.6,38.1,38.1,37.9,37.1,35.1,33.4,30.9,27.9,25.7,23.6,20.7,17.2,13.3,8.4,4.7,1.9,45.6,47.4,48.2,13.1,0.7,75.7,18.1,21.7,80.2,,,OBAnorm,,LD831_01996v2.403,,,,0,0
GLBALSTL,2024-05-24 01:12:50.000,27.1,30.4,30.0,28.0,25.8,29.1,25.9,28.9,30.0,29.2,29.1,30.2,33.7,34.1,34.3,37.0,37.5,38.3,37.4,37.3,37.1,35.7,33.9,31.0,28.2,25.2,22.9,19.6,16.6,11.9,7.8,4.3,1.7,45.7,47.4,47.8,13.1,0.8,75.7,18.1,21.7,80.2,,,OBAnorm,,LD831_01996v2.403,,,,0,0
GLBALSTL,2024-05-24 01:12:51.000,27.5,28.0,31.3,27.7,25.7,26.0,28.9,27.7,29.2,29.2,30.8,34.7,33.1,33.7,34.5,37.2,38.0,37.7,38.6,38.7,38.1,36.7,34.7,32.7,30.1,27.4,24.4,21.0,17.7,12.3,7.7,4.4,1.7,46.5,48.1,48.7,13.1,0.9,75.7,18.1,21.8,80.2,,,OBAnorm,,LD831_01996v2.403,,,,0,0
GLBALSTL,2024-05-24 01:12:52.000,23.9,30.9,28.4,28.6,26.7,27.1,28.1,29.3,29.7,30.1,31.1,28.5,30.1,30.3,34.6,37.0,38.0,38.3,38.3,38.0,37.5,35.2,33.5,31.0,27.4,25.2,22.0,19.3,15.3,10.2,6.4,3.4,1.5,45.9,47.4,48.5,13.1,1.0,75.7,18.1,21.8,80.2,,,OBAnorm,,LD831_01996v2.403,,,,0,0
GLBALSTL,2024-05-24 01:12:53.000,24.0,30.5,26.8,28.4,27.1,29.1,28.0,30.2,28.3,29.8,28.6,26.8,31.5,33.4,34.0,36.3,36.9,37.7,37.2,38.0,37.0,35.2,33.7,30.9,27.9,25.2,22.4,19.5,15.8,11.1,7.2,4.1,1.6,45.5,47.0,47.7,13.1,1.0,75.7,18.1,21.8,80.2,,,OBAnorm,,LD831_01996v2.403,,,,0,0
GLBALSTL,2024-05-24 01:12:54.000,24.5,27.6,26.8,29.9,29.2,27.4,30.9,26.5,29.1,29.2,27.7,26.8,31.5,32.4,34.0,36.4,38.0,38.5,39.1,38.1,37.9,35.2,34.1,31.3,28.3,25.2,22.9,19.8,15.8,10.9,6.7,3.6,1.3,46.2,47.8,48.5,13.1,0.9,75.7,18.1,21.8,80.2,,,OBAnorm,,LD831_01996v2.403,,,,0,0
GLBALSTL,2024-05-24 01:12:55.000,26.9,29.0,28.5,31.0,27.6,28.9,28.5,28.2,28.9,27.7,28.2,28.4,29.9,33.1,34.5,36.9,37.4,37.8,38.5,37.6,36.5,35.6,34.1,31.4,28.7,26.0,22.2,19.3,16.1,11.7,6.5,3.6,1.4,45.6,47.2,48.4,13.1,0.9,75.7,18.1,21.8,80.2,,,OBAnorm,,LD831_01996v2.403,,,,0,0
GLBALSTL,2024-05-24 01:12:56.000,28.0,31.8,28.2,27.3,28.1,26.8,28.4,29.0,26.5,31.4,28.6,29.1,31.4,33.6,31.6,35.3,36.7,37.0,37.2,37.3,36.5,35.4,33.6,31.1,28.3,24.8,21.6,18.3,14.7,10.6,7.0,3.9,1.4,45.2,46.6,47.3,13.1,0.9,75.6,18.1,21.8,80.2,,,OBAnorm,,LD831_01996v2.403,,,,0,0
GLBALSTL,2024-05-24 01:12:57.000,30.4,28.7,27.4,27.1,26.0,26.6,28.1,29.3,28.2,29.7,28.1,28.6,31.2,31.8,33.8,35.9,37.2,39.0,37.6,38.0,37.1,35.3,33.7,31.1,28.0,25.1,21.4,18.2,14.6,10.4,6.8,3.7,1.6,45.8,47.4,47.9,13.1,0.8,75.7,18.0,21.8,80.2,,,OBAnorm,,LD831_01996v2.403,,,,0,0
GLBALSTL,2024-05-24 01:12:58.000,22.0,26.7,32.9,28.4,28.1,28.0,29.7,29.3,30.4,31.3,29.5,24.6,29.8,31.8,34.6,36.5,38.0,38.6,38.2,37.7,37.4,36.4,34.3,31.4,28.7,25.4,21.8,18.0,14.3,10.3,6.3,3.2,1.3,45.9,47.4,48.3,13.1,0.8,75.7,18.1,21.8,80.2,,,OBAnorm,,LD831_01996v2.403,,,,0,0
GLBALSTL,2024-05-24 01:12:59.000,28.1,27.5,29.1,27.8,27.3,26.6,27.9,27.0,30.7,30.5,28.2,23.9,29.0,32.2,31.6,35.5,36.6,36.6,36.3,36.0,35.1,34.0,32.8,29.8,26.5,23.3,20.2,17.2,13.7,8.6,5.5,3.0,1.3,44.4,46.2,46.7,13.1,0.7,75.6,18.0,21.8,80.2,,,OBAnorm,,LD831_01996v2.403,,,,0,0
GLBALSTL,2024-05-24 01:13:00.000,26.3,24.9,29.9,28.6,28.5,27.8,28.8,29.5,28.5,30.7,28.7,27.2,31.0,33.1,33.8,36.2,36.9,39.2,38.9,39.3,37.9,36.4,34.6,32.4,29.2,26.4,24.6,21.4,17.9,14.1,9.5,5.2,2.2,46.7,47.9,48.5,13.1,0.7,75.7,18.1,21.8,80.2,,,OBAnorm,,LD831_01996v2.403,,,,0,0
GLBALSTL,2024-05-24 01:13:01.000,23.7,28.5,27.9,26.2,28.6,29.5,29.1,28.4,29.2,29.5,29.4,26.6,28.2,31.9,33.7,35.2,35.4,36.8,37.1,37.0,36.9,35.6,33.5,31.1,27.8,25.2,22.2,19.2,16.0,11.6,8.1,4.0,1.5,45.1,46.6,47.1,13.1,0.6,75.7,18.1,21.8,80.2,,,OBAnorm,,LD831_01996v2.403,,,,0,0
GLBALSTL,2024-05-24 01:13:02.000,23.0,27.3,27.4,30.0,29.5,27.4,27.6,26.9,27.5,29.8,29.0,28.1,31.4,31.9,33.6,35.8,37.5,38.3,37.8,37.8,37.2,35.5,34.5,31.2,28.2,25.8,22.5,19.5,16.5,12.7,7.5,4.5,1.8,45.7,47.0,47.6,13.1,0.6,75.7,18.1,21.8,80.2,,,OBAnorm,,LD831_01996v2.403,,,,0,0
GLBALSTL,2024-05-24 01:13:03.000,26.6,26.9,30.2,30.4,28.1,27.1,28.8,29.0,25.4,30.5,30.4,27.1,32.8,32.9,32.1,35.6,36.5,36.6,37.0,36.6,35.8,35.1,32.8,29.5,26.5,24.2,21.9,18.9,15.0,10.6,6.9,3.9,1.5,44.8,46.8,47.5,13.1,0.6,75.6,18.0,21.8,80.2,,,OBAnorm,,LD831_01996v2.403,,,,0,0
GLBALSTL,2024-05-24 01:13:04.000,22.8,24.0,29.1,28.0,26.0,29.6,28.9,29.5,29.6,31.4,33.8,33.6,34.9,35.4,34.8,36.9,37.5,39.2,38.5,38.7,37.5,36.3,35.1,31.7,28.9,26.0,23.3,19.7,16.2,12.1,7.8,4.5,1.8,46.5,48.3,49.6,13.1,0.6,75.7,18.0,21.8,80.2,,,OBAnorm,,LD831_01996v2.403,,,,0,0
GLBALSTL,2024-05-24 01:13:05.000,22.4,28.1,31.7,29.4,26.4,29.4,29.5,29.5,27.9,30.6,28.8,29.6,35.1,36.0,35.8,37.0,37.3,37.7,38.5,38.0,37.3,36.0,33.7,31.2,28.0,25.4,22.4,19.6,15.8,11.0,6.9,4.0,1.5,46.0,47.8,48.2,13.1,0.6,75.7,18.1,21.8,80.2,,,OBAnorm,,LD831_01996v2.403,,,,0,0
GLBALSTL,2024-05-24 01:13:06.000,23.1,26.8,28.4,27.8,29.8,27.9,30.5,29.1,28.9,28.8,29.3,30.4,33.6,34.2,35.2,37.3,39.2,38.2,37.9,37.4,37.4,36.5,34.5,31.2,28.2,25.7,23.0,20.4,16.6,12.5,8.9,4.9,2.4,46.1,47.8,48.4,13.1,0.7,75.7,18.0,21.8,80.2,,,OBAnorm,,LD831_01996v2.403,,,,0,0
GLBALSTL,2024-05-24 01:13:07.000,21.4,22.7,29.4,27.4,27.9,27.4,28.3,28.0,27.7,31.5,30.8,29.9,31.6,31.1,32.7,35.4,36.3,37.4,37.7,37.7,37.2,35.7,33.7,31.0,27.9,25.0,22.4,19.9,15.4,11.4,7.7,4.0,1.7,45.7,47.5,48.0,13.1,0.7,75.7,18.1,21.8,80.2,,,OBAnorm,,LD831_01996v2.403,,,,0,0
GLBALSTL,2024-05-24 01:13:08.000,27.3,24.5,28.6,30.9,26.6,27.8,30.2,27.7,30.7,30.6,31.5,31.4,33.7,36.0,35.5,39.1,38.3,38.5,38.5,38.7,37.1,35.8,34.3,31.3,28.4,25.8,23.7,20.8,17.0,13.1,8.2,4.5,1.8,46.2,48.2,48.5,13.1,0.7,75.7,18.1,21.7,80.2,,,OBAnorm,,LD831_01996v2.403,,,,0,0
GLBALSTL,2024-05-24 01:13:09.000,24.9,25.1,31.3,29.5,27.9,28.5,26.7,29.1,28.7,29.9,31.7,35.9,34.8,33.2,33.5,36.2,36.3,37.3,38.1,37.9,35.9,34.6,33.4,31.0,27.7,25.1,22.2,19.3,15.5,11.4,7.1,4.0,1.6,45.2,46.8,47.4,13.1,0.6,75.7,18.1,21.7,80.2,,,OBAnorm,,LD831_01996v2.403,,,,0,0
GLBALSTL,2024-05-24 01:13:10.000,24.8,26.1,30.1,27.3,24.4,28.9,27.9,29.0,28.5,31.6,30.0,25.5,30.0,32.9,32.7,35.9,36.8,36.6,36.9,36.4,36.4,35.3,32.9,30.8,27.4,25.2,22.3,19.2,16.7,13.3,8.2,4.7,1.8,44.8,46.5,47.2,13.1,0.6,75.7,18.1,21.7,80.2,,,OBAnorm,,LD831_01996v2.403,,,,0,0
GLBALSTL,2024-05-24 01:13:11.000,24.8,30.3,29.9,30.4,28.4,29.9,26.1,28.9,29.0,33.3,29.4,26.8,28.6,31.6,33.6,35.4,36.1,36.8,37.0,36.7,36.0,34.6,33.4,30.2,27.2,23.8,21.1,18.4,15.1,10.9,6.8,4.3,1.8,44.7,46.3,47.0,13.1,0.5,75.7,18.1,21.7,80.2,,,OBAnorm,,LD831_01996v2.403,,,,0,0
GLBALSTL,2024-05-24 01:13:12.000,26.2,28.6,25.0,28.7,28.5,27.1,29.7,27.0,30.0,31.1,30.9,28.0,31.4,32.8,33.8,35.6,35.8,37.0,37.5,37.5,36.6,35.0,33.3,30.1,27.1,24.2,21.0,18.4,14.9,10.3,6.5,3.4,1.4,45.1,46.8,47.5,13.1,0.5,75.7,18.1,21.7,80.2,,,OBAnorm,,LD831_01996v2.403,,,,0,0
GLBALSTL,2024-05-24 01:13:13.000,23.0,28.1,28.0,29.5,28.8,27.4,27.0,26.9,27.8,32.2,29.9,26.9,30.1,32.3,33.2,35.6,37.0,37.7,38.4,37.5,36.6,34.9,33.6,30.5,27.9,24.4,21.0,18.0,14.5,9.3,5.7,3.1,1.3,45.3,46.8,47.4,13.1,0.5,75.7,18.1,21.7,80.2,,,OBAnorm,,LD831_01996v2.403,,,,0,0
GLBALSTL,2024-05-24 01:13:14.000,27.0,29.4,29.6,28.3,28.6,26.7,29.7,29.4,29.7,32.1,31.1,30.4,33.9,33.4,33.6,36.0,36.2,37.5,37.6,37.3,36.4,34.7,33.0,30.0,27.4,25.7,22.5,19.6,17.4,11.9,7.7,4.2,1.7,45.2,47.3,48.4,13.1,0.4,75.7,18.1,21.7,80.2,,,OBAnorm,,LD831_01996v2.403,,,,0,0
GLBALSTL,2024-05-24 01:13:15.000,28.1,27.0,28.4,27.3,28.0,30.2,29.6,29.1,29.9,31.2,32.8,29.5,33.4,33.1,34.0,36.2,36.8,37.3,37.8,37.6,36.7,34.7,33.4,30.1,27.5,25.0,21.9,19.5,15.4,11.1,6.8,3.6,1.3,45.2,47.0,48.2,13.1,0.4,75.7,18.0,21.7,80.2,,,OBAnorm,,LD831_01996v2.403,,,,0,0
GLBALSTL,2024-05-24 01:13:16.000,25.4,28.2,30.0,26.3,27.7,27.8,29.2,29.5,29.0,32.1,33.2,29.6,29.6,32.2,34.4,36.5,36.5,38.7,37.5,37.1,36.1,34.9,33.4,30.0,26.9,23.7,21.3,18.4,14.7,10.4,6.3,3.5,1.4,45.3,47.2,47.9,13.1,0.4,75.7,18.1,21.7,80.2,,,OBAnorm,,LD831_01996v2.403,,,,0,0
GLBALSTL,2024-05-24 01:13:17.000,28.6,30.5,28.2,28.3,27.9,26.1,29.2,28.8,26.1,31.8,31.7,34.8,33.3,34.6,35.1,37.5,38.2,38.5,38.3,38.0,37.7,36.1,33.5,31.4,28.7,25.2,22.1,19.2,14.9,9.7,5.8,3.4,1.4,46.1,48.1,48.8,13.1,0.4,75.7,18.0,21.7,80.2,,,OBAnorm,,LD831_01996v2.403,,,,0,0
GLBALSTL,2024-05-24 01:13:18.000,28.4,21.0,29.7,31.5,28.0,25.6,29.7,29.0,30.0,32.2,31.4,28.5,26.2,31.4,32.8,34.7,35.4,36.6,36.4,36.7,35.0,33.9,32.1,29.3,26.2,23.4,19.9,17.5,12.0,7.7,5.2,3.0,1.1,44.1,46.0,46.9,13.1,0.4,75.7,18.1,21.7,80.2,,,OBAnorm,,LD831_01996v2.403,,,,0,0
GLBALSTL,2024-05-24 01:13:19.000,23.9,27.0,24.1,31.5,28.9,29.4,29.2,28.1,30.9,32.6,32.3,28.1,28.6,30.6,34.6,36.3,37.4,37.4,38.0,37.9,36.8,34.4,33.8,30.4,27.3,23.6,20.1,17.4,12.7,8.8,5.2,3.1,1.3,45.4,47.1,48.0,13.1,0.3,75.7,18.0,21.7,80.2,,,OBAnorm,,LD831_01996v2.403,,,,0,0
GLBALSTL,2024-05-24 01:13:20.000,23.3,25.6,29.3,27.6,27.6,29.0,28.6,26.7,30.9,32.2,32.8,30.0,28.9,31.7,34.5,36.1,36.7,38.2,37.4,37.4,36.1,35.1,33.6,30.5,27.6,24.5,21.7,18.5,13.3,9.1,5.7,3.2,1.4,45.4,47.2,48.3,13.1,0.2,75.7,18.1,21.7,80.2,,,OBAnorm,,LD831_01996v2.403,,,,0,0
GLBALSTL,2024-05-24 01:13:21.000,26.7,26.3,27.9,28.6,28.9,28.5,29.7,27.8,29.9,33.5,30.6,27.5,30.3,34.1,34.2,36.4,35.7,37.0,37.0,36.9,36.2,34.7,33.2,30.4,27.4,23.5,21.1,18.1,15.1,9.8,6.0,3.3,1.4,44.9,46.8,47.7,13.1,0.2,75.7,18.1,21.8,80.2,,,OBAnorm,,LD831_01996v2.403,,,,0,0
GLBALSTL,2024-05-24 01:13:22.000,24.9,28.4,28.2,30.0,27.5,31.0,29.7,28.0,30.7,31.0,32.6,29.2,32.8,35.4,35.9,35.2,36.8,37.4,38.6,39.1,38.5,35.9,34.1,32.3,28.7,26.4,23.9,21.6,17.7,12.6,7.8,4.4,1.7,46.4,48.0,48.5,13.1,0.2,75.7,18.1,21.8,80.2,,,OBAnorm,,LD831_01996v2.403,,,,0,0
GLBALSTL,2024-05-24 01:13:23.000,24.7,30.1,28.0,27.6,26.1,29.1,29.6,28.8,31.0,29.6,31.6,29.2,34.2,34.0,34.9,35.7,38.5,38.4,38.4,37.5,37.0,35.9,34.2,31.5,29.2,25.9,22.5,18.8,15.1,10.8,6.7,3.9,1.5,46.0,47.8,48.4,13.1,0.2,75.7,18.0,21.8,80.2,,,OBAnorm,,LD831_01996v2.403,,,,0,0
GLBALSTL,2024-05-24 01:13:24.000,20.1,25.5,29.4,30.4,27.1,28.0,29.8,29.7,30.7,30.6,32.6,27.6,28.8,32.0,33.6,36.2,36.7,37.1,37.0,36.9,37.0,35.4,33.5,30.4,27.5,25.3,22.9,19.7,17.4,12.0,8.2,4.7,1.7,45.2,47.1,47.9,13.1,0.2,75.7,18.1,21.8,80.2,,,OBAnorm,,LD831_01996v2.403,,,,0,0
GLBALSTL,2024-05-24 01:13:25.000,23.8,28.1,29.0,29.1,28.4,28.6,32.1,29.2,30.6,32.2,32.6,31.5,35.3,34.7,33.0,36.2,36.3,38.3,38.8,38.1,37.1,35.9,34.1,31.4,28.2,24.9,21.9,19.4,14.9,10.0,6.3,3.6,1.4,46.0,47.7,48.3,13.1,0.2,75.6,18.1,21.8,80.2,,,OBAnorm,,LD831_01996v2.403,,,,0,0
GLBALSTL,2024-05-24 01:13:26.000,24.3,25.9,27.1,25.3,26.8,28.7,29.7,30.1,31.0,32.8,32.5,35.3,35.8,35.4,36.2,37.7,38.4,39.0,39.4,39.6,38.0,36.4,35.0,32.2,29.2,27.1,24.3,21.5,17.7,12.9,8.3,4.5,1.8,46.9,48.8,49.3,13.1,0.2,75.7,18.1,21.8,80.2,,,OBAnorm,,LD831_01996v2.403,,,,0,0
GLBALSTL,2024-05-24 01:13:27.000,20.2,27.9,33.1,26.2,25.6,29.9,29.7,29.1,29.8,32.9,31.4,30.7,34.1,32.7,34.7,35.8,38.1,39.1,38.3,38.7,38.2,36.4,34.9,32.4,29.3,26.4,24.0,20.9,17.3,12.5,7.8,4.4,1.7,46.6,48.2,49.0,13.1,0.2,75.7,18.0,21.8,80.2,,,OBAnorm,,LD831_01996v2.403,,,,0,0
GLBALSTL,2024-05-24 01:13:28.000,25.4,25.7,27.3,29.5,28.5,29.0,29.5,29.3,29.2,33.1,30.3,28.2,28.0,32.7,36.1,37.3,39.8,39.3,40.2,39.3,37.9,36.0,35.7,32.4,29.7,26.4,23.3,20.0,16.6,10.6,6.5,3.4,1.4,47.1,48.6,49.2,13.1,0.2,75.7,18.0,21.8,80.2,,,OBAnorm,,LD831_01996v2.403,,,,0,0
GLBALSTL,2024-05-24 01:13:29.000,26.4,24.8,31.0,29.5,29.0,28.9,28.3,30.1,30.0,33.0,36.6,33.9,35.2,35.4,36.0,37.3,38.5,38.3,39.1,38.4,38.2,37.7,36.0,33.6,30.9,29.1,27.5,24.7,20.9,17.3,12.6,7.9,3.5,47.2,49.2,49.8,13.1,0.2,75.7,18.0,21.8,80.2,,,OBAnorm,,LD831_01996v2.403,,,,0,0
GLBALSTL,2024-05-24 01:13:30.000,19.9,25.0,26.2,28.7,27.0,29.8,32.4,31.3,29.8,31.3,31.0,30.3,36.9,35.1,34.6,36.1,37.7,38.2,38.5,38.0,37.4,36.5,35.0,32.2,29.3,26.5,23.8,21.5,17.3,13.2,8.7,4.9,2.1,46.3,47.9,49.0,13.1,0.2,75.7,18.1,21.8,80.2,,,OBAnorm,,LD831_01996v2.403,,,,0,0
GLBALSTL,2024-05-24 01:13:31.000,24.9,27.7,30.5,29.3,28.8,30.3,30.1,29.7,31.1,31.3,30.1,29.9,33.4,34.7,33.7,36.0,36.9,37.5,37.6,37.8,36.7,36.3,35.2,32.3,29.9,27.9,25.4,22.8,19.2,15.6,10.4,5.7,3.1,46.1,47.9,48.6,13.1,0.2,75.7,18.0,21.8,80.2,,,OBAnorm,,LD831_01996v2.403,,,,0,0
GLBALSTL,2024-05-24 01:13:32.000,26.9,22.4,25.8,27.3,29.3,27.0,30.1,28.4,28.8,31.3,37.7,35.9,34.3,34.6,35.8,38.6,38.0,39.6,39.6,40.1,39.5,38.5,36.6,34.0,31.3,29.1,26.8,23.4,21.2,16.8,12.3,7.4,3.4,47.9,49.3,50.3,13.1,0.2,75.7,18.1,21.8,80.2,,,OBAnorm,,LD831_01996v2.403,,,,0,0
GLBALSTL,2024-05-24 01:13:33.000,26.6,24.9,25.9,24.5,26.3,27.6,29.4,29.4,31.6,31.2,31.6,31.5,32.5,33.7,36.2,37.6,38.2,39.5,39.4,38.8,38.6,36.6,35.0,33.2,29.2,26.9,24.0,21.3,18.2,13.3,8.5,4.7,2.0,46.9,48.5,49.4,13.1,0.2,75.7,18.1,21.8,80.2,,,OBAnorm,,LD831_01996v2.403,,,,0,0
GLBALSTL,2024-05-24 01:13:34.000,25.1,27.5,28.9,27.8,29.2,31.1,30.2,29.6,28.2,32.5,31.3,29.2,32.7,34.8,33.7,37.5,38.4,38.9,38.1,39.1,37.7,36.2,34.8,32.3,29.1,25.8,24.0,20.6,17.5,13.6,8.8,4.7,2.0,46.6,48.2,49.0,13.1,0.2,75.7,18.0,21.8,80.2,,,OBAnorm,,LD831_01996v2.403,,,,0,0
GLBALSTL,2024-05-24 01:13:35.000,26.5,27.5,27.8,29.5,29.5,28.5,29.6,30.2,29.3,31.4,30.6,28.7,31.6,34.6,35.6,37.3,37.8,38.2,38.8,38.0,37.5,36.6,34.4,31.0,28.5,25.3,23.5,21.2,17.7,13.7,9.6,5.3,2.6,46.3,48.0,50.3,13.1,0.2,75.7,18.1,21.8,80.2,,,OBAnorm,,LD831_01996v2.403,,,,0,0
GLBALSTL,2024-05-24 01:13:36.000,24.1,28.1,27.7,29.8,27.4,29.5,29.2,30.4,29.4,30.2,29.9,29.8,31.8,33.1,35.0,37.4,37.9,38.6,38.2,38.4,37.9,36.1,34.6,31.5,28.7,25.9,22.7,20.0,17.3,12.4,8.8,5.1,2.2,46.4,48.0,49.3,13.1,0.2,75.7,18.0,21.8,80.2,,,OBAnorm,,LD831_01996v2.403,,,,0,0
GLBALSTL,2024-05-24 01:13:37.000,20.2,29.6,27.8,28.4,27.2,27.2,27.9,28.9,29.3,32.1,30.6,32.9,35.3,34.2,33.9,37.0,38.4,38.8,39.5,39.6,39.2,37.6,36.3,33.3,30.4,28.3,26.3,22.4,19.7,16.2,10.8,5.9,2.5,47.3,48.8,50.6,13.1,0.2,75.7,18.1,21.8,80.2,,,OBAnorm,,LD831_01996v2.403,,,,0,0
GLBALSTL,2024-05-24 01:13:38.000,26.3,20.3,26.9,28.2,31.2,29.8,30.1,31.6,28.0,31.6,30.4,27.8,30.6,33.8,34.0,35.7,36.7,37.5,37.3,37.0,36.5,34.9,33.6,30.3,27.0,24.7,22.0,19.6,16.0,12.0,7.8,4.4,1.8,45.1,46.9,49.1,13.1,0.2,75.7,18.1,21.8,80.2,,,OBAnorm,,LD831_01996v2.403,,,,0,0
GLBALSTL,2024-05-24 01:13:39.000,27.8,26.2,28.8,30.7,28.2,31.4,30.5,30.0,30.5,30.9,31.7,30.6,30.2,33.5,33.8,35.3,38.9,39.3,39.3,38.6,37.8,36.5,34.7,32.1,28.8,25.8,22.8,19.3,15.7,11.2,7.3,3.9,1.6,46.8,48.3,49.6,13.1,0.2,75.7,18.1,21.8,80.2,,,OBAnorm,,LD831_01996v2.403,,,,0,0
GLBALSTL,2024-05-24 01:13:40.000,25.8,28.3,30.0,28.6,27.0,29.1,30.6,30.8,28.3,28.8,30.0,33.3,33.0,34.9,36.1,37.8,38.4,39.2,40.0,39.1,38.2,37.3,35.2,32.6,29.8,26.5,23.2,19.8,16.0,11.4,6.9,3.9,1.5,46.9,48.4,51.7,13.1,0.2,75.7,18.1,21.8,80.2,,,OBAnorm,,LD831_01996v2.403,,,,0,0
GLBALSTL,2024-05-24 01:13:41.000,23.5,27.2,26.0,29.1,26.2,28.6,28.3,29.0,29.3,29.8,28.7,27.6,31.4,32.1,33.5,35.0,36.9,37.0,37.2,37.0,37.1,35.5,33.9,31.2,27.4,24.4,22.2,18.7,15.4,11.2,7.2,4.1,1.7,45.3,46.9,51.2,13.1,0.2,75.7,18.1,21.8,80.2,,,OBAnorm,,LD831_01996v2.403,,,,0,0
GLBALSTL,2024-05-24 01:13:42.000,29.2,28.7,29.3,26.6,26.8,31.0,31.3,29.7,29.4,31.7,30.4,32.0,29.7,33.2,35.0,37.1,37.9,39.0,39.1,38.9,37.8,36.1,34.5,31.8,28.5,25.4,23.3,19.3,16.0,12.2,8.0,4.3,1.7,46.5,48.1,52.1,13.1,0.2,75.7,18.1,21.8,80.2,,,OBAnorm,,LD831_01996v2.403,,,,0,0
GLBALSTL,2024-05-24 01:13:43.000,24.3,26.9,28.8,29.4,28.2,26.3,29.0,30.0,29.3,30.9,30.6,29.0,33.1,34.8,36.6,37.7,39.2,40.6,40.2,39.0,38.2,37.4,36.4,32.6,30.2,27.5,24.9,21.7,18.6,14.0,9.7,5.7,2.2,47.5,48.9,50.7,13.1,0.2,75.7,18.1,21.8,80.2,,,OBAnorm,,LD831_01996v2.403,,,,0,0
GLBALSTL,2024-05-24 01:13:44.000,30.4,29.1,27.8,26.9,26.5,28.7,29.4,25.3,26.2,30.4,31.8,28.0,29.4,32.1,33.5,36.0,37.1,38.1,38.5,38.1,37.3,36.1,34.6,31.6,29.9,26.2,23.1,19.8,16.6,12.3,8.1,4.5,1.8,46.0,47.3,50.5,13.1,0.2,75.7,18.0,21.8,80.2,,,OBAnorm,,LD831_01996v2.403,,,,0,0
GLBALSTL,2024-05-24 01:13:45.000,27.5,28.9,28.4,26.4,29.0,28.7,29.7,26.8,27.6,29.4,28.8,27.6,29.6,31.5,32.8,35.0,36.4,37.2,37.0,37.2,36.3,35.0,33.1,29.8,27.2,24.2,21.9,18.8,15.9,11.7,7.6,3.8,1.7,45.0,46.5,48.2,13.1,0.1,75.7,18.1,21.8,80.2,,,OBAnorm,,LD831_01996v2.403,,,,0,0
GLBALSTL,2024-05-24 01:13:46.000,23.9,25.6,28.4,30.1,28.2,29.4,29.0,26.1,27.3,30.0,30.1,28.9,31.0,32.7,34.4,36.5,37.6,38.1,38.2,37.9,37.1,35.1,34.3,31.0,28.4,25.1,21.6,18.1,16.8,11.2,6.6,3.6,1.4,45.8,47.4,48.0,13.1,0.1,75.7,18.1,21.8,80.2,,,OBAnorm,,LD831_01996v2.403,,,,0,0
GLBALSTL,2024-05-24 01:13:47.000,26.2,30.8,28.7,30.5,27.4,29.3,26.3,27.4,28.1,30.8,28.0,26.5,29.8,31.5,32.8,34.6,36.9,37.2,36.7,36.7,35.7,34.0,32.7,29.8,26.4,23.8,20.7,18.6,15.2,10.0,6.5,3.5,1.3,44.5,46.0,47.8,13.1,0.1,75.7,18.1,21.8,80.2,,,OBAnorm,,LD831_01996v2.403,,,,0,0
GLBALSTL,2024-05-24 01:13:48.000,27.2,29.8,28.7,26.3,26.3,28.7,27.2,27.3,27.3,29.3,28.5,30.2,29.4,32.6,33.6,35.4,35.5,37.3,37.4,37.0,36.5,34.4,32.0,29.4,26.3,23.3,20.3,17.6,13.8,10.4,7.2,3.8,1.5,44.8,46.8,48.0,13.1,0.1,75.7,18.1,21.8,80.2,,,OBAnorm,,LD831_01996v2.403,,,,0,0
GLBALSTL,2024-05-24 01:13:49.000,26.3,30.0,30.6,28.8,29.1,29.1,29.0,29.5,28.8,29.2,29.7,31.7,31.1,32.3,33.8,36.9,36.5,36.9,37.0,37.6,37.0,34.8,33.2,30.1,27.2,24.2,21.4,18.2,15.3,10.5,6.6,3.8,1.5,45.1,46.7,47.5,13.1,0.1,75.7,18.1,21.8,80.2,,,OBAnorm,,LD831_01996v2.403,,,,0,0
GLBALSTL,2024-05-24 01:13:50.000,28.9,28.4,31.6,29.6,28.0,28.0,27.4,30.1,24.3,30.4,29.1,27.1,30.2,32.0,33.9,34.9,36.4,37.8,37.6,37.5,37.0,35.6,33.7,31.2,27.8,24.8,21.6,18.8,15.0,10.6,6.0,3.6,1.4,45.5,46.9,47.7,13.1,0.1,75.7,18.1,21.8,80.2,,,OBAnorm,,LD831_01996v2.403,,,,0,0
GLBALSTL,2024-05-24 01:13:51.000,23.5,25.7,29.4,30.4,28.1,27.2,28.3,29.2,25.9,28.3,29.6,26.6,30.6,33.0,34.0,35.9,36.5,36.7,38.2,38.0,36.9,35.5,33.7,31.0,27.9,26.1,23.5,20.0,18.3,13.9,9.6,5.2,2.2,45.6,47.2,47.8,13.1,0.1,75.7,18.1,21.8,80.2,,,OBAnorm,,LD831_01996v2.403,,,,0,0
GLBALSTL,2024-05-24 01:13:52.000,22.4,27.2,31.9,27.7,27.7,28.9,30.7,30.7,26.5,31.2,30.9,29.3,33.0,34.0,34.5,35.0,37.1,37.5,37.4,36.9,36.3,34.4,32.9,30.3,26.9,24.7,22.2,20.3,17.5,12.6,7.7,4.4,1.9,45.1,46.9,48.2,13.1,0.1,75.7,18.1,21.8,80.2,,,OBAnorm,,LD831_01996v2.403,,,,0,0
GLBALSTL,2024-05-24 01:13:53.000,25.9,23.0,27.6,28.8,26.6,27.9,28.0,29.8,27.2,29.9,29.3,25.5,28.3,31.1,33.7,36.1,38.6,39.5,38.9,38.7,37.1,35.1,34.5,31.2,27.9,25.3,21.3,17.9,14.7,10.6,7.3,3.9,1.8,46.1,47.4,48.3,13.1,0.1,75.7,18.1,21.9,80.2,,,OBAnorm,,LD831_01996v2.403,,,,0,0
GLBALSTL,2024-05-24 01:13:54.000,29.0,24.8,30.0,26.1,26.2,29.4,27.4,28.7,27.3,30.2,29.4,31.2,30.0,34.0,33.1,35.3,36.3,37.0,37.4,36.4,35.9,34.4,32.3,29.9,26.3,23.5,20.7,16.9,13.0,8.8,5.3,3.1,1.2,44.7,46.6,48.1,13.1,0.1,75.7,18.1,21.9,80.2,,,OBAnorm,,LD831_01996v2.403,,,,0,0
GLBALSTL,2024-05-24 01:13:55.000,24.1,25.8,29.1,28.9,25.6,27.7,28.2,28.7,27.5,29.4,30.1,31.2,31.3,30.8,34.1,35.9,36.7,37.3,37.8,36.7,36.5,34.6,33.4,30.4,27.5,24.6,22.0,18.4,14.7,10.8,6.8,3.6,1.5,45.2,47.0,47.9,13.1,0.1,75.7,18.1,21.9,80.2,,,OBAnorm,,LD831_01996v2.403,,,,0,0
GLBALSTL,2024-05-24 01:13:56.000,24.8,32.2,30.7,28.6,28.0,28.0,28.8,29.3,28.0,31.9,31.2,29.9,31.3,33.9,34.8,36.4,37.4,38.1,37.9,38.2,36.7,35.6,34.2,31.2,28.2,25.3,22.3,19.3,15.8,11.5,7.5,4.1,1.7,45.7,47.3,48.1,13.1,0.0,75.7,18.1,21.8,80.2,,,OBAnorm,,LD831_01996v2.403,,,,0,0
GLBALSTL,2024-05-24 01:13:57.000,24.2,30.4,28.2,30.9,29.2,29.1,30.5,28.6,29.3,29.8,32.1,30.6,33.2,32.9,34.2,36.4,36.8,37.3,37.8,37.3,37.7,35.9,33.8,31.4,28.2,25.6,23.7,20.8,17.5,13.2,8.9,4.8,2.0,45.7,47.4,47.9,13.1,0.0,75.7,18.1,21.8,80.2,,,OBAnorm,,LD831_01996v2.403,,,,0,0
GLBALSTL,2024-05-24 01:13:58.000,24.3,27.6,28.8,30.9,25.6,28.5,29.7,28.2,29.4,30.8,31.7,29.4,33.1,34.5,34.1,36.4,37.7,38.7,38.7,38.0,37.7,35.6,34.4,32.4,28.2,25.1,22.4,19.6,16.1,12.1,7.9,4.1,1.7,46.2,47.8,48.4,13.1,0.0,75.7,18.1,21.9,80.2,,,OBAnorm,,LD831_01996v2.403,,,,0,0
GLBALSTL,2024-05-24 01:13:59.000,23.5,27.8,30.6,28.8,30.4,30.4,29.8,29.0,28.9,30.9,28.4,25.8,29.7,32.6,33.7,37.5,37.6,38.9,38.9,38.2,38.0,36.2,34.6,31.5,28.3,25.3,22.1,18.8,15.8,11.6,7.5,4.3,1.9,46.3,47.7,48.4,13.1,0.0,75.7,18.0,21.9,80.2,,,OBAnorm,,LD831_01996v2.403,,,,0,0
GLBALSTL,2024-05-24 01:14:00.000,27.8,27.8,27.4,28.9,28.9,31.5,30.9,28.5,28.0,29.8,27.4,28.4,31.5,34.1,35.5,37.1,38.0,39.5,39.7,38.1,37.3,36.1,34.0,31.0,28.3,24.9,21.6,17.8,14.0,10.3,6.4,3.8,1.5,46.5,48.2,49.4,13.1,0.0,75.7,18.1,21.9,80.2,,,OBAnorm,,LD831_01996v2.403,,,,0,0
GLBALSTL,2024-05-24 01:14:01.000,22.6,26.2,29.5,29.2,31.4,28.9,30.0,28.2,28.4,30.0,27.1,26.9,33.1,33.7,34.0,36.8,38.1,38.9,39.2,38.2,37.7,35.8,34.3,31.3,28.5,25.3,22.5,19.8,15.8,11.2,6.9,3.8,1.5,46.4,47.9,50.2,13.1,0.0,75.7,18.1,21.9,80.2,,,OBAnorm,,LD831_01996v2.403,,,,0,0
GLBALSTL,2024-05-24 01:14:02.000,20.2,29.5,29.5,29.1,27.9,26.5,29.6,27.7,30.0,31.1,29.7,28.5,32.5,34.4,34.3,36.9,37.1,37.4,38.2,37.9,37.7,36.2,34.6,32.4,29.2,27.5,26.0,21.7,18.9,15.2,10.9,6.1,2.8,46.3,48.3,49.7,13.1,0.0,75.7,18.0,21.9,80.2,,,OBAnorm,,LD831_01996v2.403,,,,0,0
GLBALSTL,2024-05-24 01:14:03.000,23.3,29.7,28.1,29.7,28.2,27.7,31.1,29.2,30.7,31.6,32.2,37.9,38.0,36.5,36.9,38.0,39.5,40.3,39.1,40.5,39.9,39.8,38.0,34.8,32.4,30.3,29.2,25.5,23.8,20.3,15.3,9.7,5.1,48.6,49.9,50.5,13.1,0.0,75.7,18.1,21.8,80.2,,,OBAnorm,,LD831_01996v2.403,,,,0,0
GLBALSTL,2024-05-24 01:14:04.000,28.8,30.1,28.6,32.3,29.4,30.8,29.5,31.6,28.5,30.1,30.3,28.7,33.6,34.0,35.9,37.3,38.0,37.9,38.0,38.2,38.6,37.3,36.3,33.9,30.2,28.0,25.9,22.9,20.2,17.4,12.2,6.9,3.2,46.9,48.2,48.6,13.1,0.0,75.7,18.1,21.8,80.2,,,OBAnorm,,LD831_01996v2.403,,,,0,0
GLBALSTL,2024-05-24 01:14:05.000,28.4,23.9,29.0,29.9,29.5,29.8,30.3,31.1,30.1,30.7,30.8,28.7,33.5,36.1,33.6,35.4,36.5,37.5,37.4,36.6,36.8,34.6,33.3,30.9,27.7,25.5,22.5,19.0,16.0,11.8,8.0,4.7,2.0,44.9,47.0,48.4,13.1,0.0,75.7,18.1,21.8,80.2,,,OBAnorm,,LD831_01996v2.403,,,,0,0
GLBALSTL,2024-05-24 01:14:06.000,27.1,28.3,27.9,29.5,30.9,33.6,30.6,28.5,29.2,30.4,29.3,27.1,33.0,34.7,33.9,36.6,36.9,37.8,37.4,37.3,36.4,34.8,32.8,30.3,27.4,24.7,22.6,21.2,15.7,11.2,7.2,4.0,1.6,45.3,47.2,48.5,13.1,0.0,75.7,18.0,21.8,80.2,,,OBAnorm,,LD831_01996v2.403,,,,0,0
GLBALSTL,2024-05-24 01:14:07.000,26.0,29.6,29.1,29.0,29.7,28.5,30.8,30.6,30.1,31.0,30.8,33.0,29.9,32.5,34.8,37.5,37.5,37.5,37.0,37.0,36.1,35.1,33.4,30.9,28.1,24.8,22.1,19.4,15.6,10.6,6.5,3.6,1.6,45.2,47.2,47.9,13.1,0.0,75.7,18.1,21.9,80.2,,,OBAnorm,,LD831_01996v2.403,,,,0,0
GLBALSTL,2024-05-24 01:14:08.000,23.9,25.9,33.2,30.6,29.4,29.8,29.6,31.4,29.5,29.4,30.6,28.5,28.7,31.9,33.5,35.8,36.6,37.0,37.1,37.1,35.7,34.5,32.5,30.0,26.8,24.2,22.3,19.9,16.2,11.2,7.2,3.8,1.6,44.7,46.6,48.8,13.1,0.0,75.7,18.3,21.9,80.2,,,OBAnorm,,LD831_01996v2.403,,,,0,0
GLBALSTL,2024-05-24 01:14:09.000,23.0,28.2,28.3,22.2,29.3,32.1,31.9,31.6,32.2,30.7,30.8,29.1,30.8,31.4,34.6,37.1,37.5,38.6,37.5,37.7,36.3,34.7,33.1,30.1,27.0,23.7,21.2,18.6,15.2,10.6,6.8,3.6,1.4,45.4,47.5,49.7,13.1,0.0,75.7,18.1,21.9,80.2,,,OBAnorm,,LD831_01996v2.403,,,,0,0
GLBALSTL,2024-05-24 01:14:10.000,25.2,28.2,30.2,28.3,30.9,32.3,31.6,30.9,30.3,31.8,30.9,27.3,30.3,32.8,35.3,37.5,38.4,38.7,38.3,37.8,37.1,36.8,34.3,31.6,29.0,25.3,22.4,20.4,16.2,11.3,7.6,4.2,1.9,46.3,48.0,50.0,13.1,0.0,75.7,18.1,21.9,80.2,,,OBAnorm,,LD831_01996v2.403,,,,0,0
GLBALSTL,2024-05-24 01:14:11.000,28.1,27.5,30.8,29.4,29.3,29.2,32.9,31.4,31.4,30.8,32.1,32.7,31.4,31.7,34.7,36.1,36.6,37.2,37.0,36.7,35.5,34.4,32.6,29.4,26.1,23.4,20.2,17.3,13.6,9.3,6.1,3.4,1.2,44.6,46.9,50.0,13.1,0.0,75.7,18.1,21.9,80.2,,,OBAnorm,,LD831_01996v2.403,,,,0,0
GLBALSTL,2024-05-24 01:14:12.000,26.1,29.4,32.0,29.5,27.9,31.5,32.3,32.8,31.3,33.2,29.9,27.7,31.1,33.4,35.6,37.3,37.5,38.2,38.5,38.3,36.7,36.0,34.9,31.9,28.9,26.4,24.2,20.5,17.1,12.9,8.5,4.5,2.1,46.2,47.9,49.4,13.1,0.0,75.7,18.1,21.8,80.2,,,OBAnorm,,LD831_01996v2.403,,,,0,0
GLBALSTL,2024-05-24 01:14:13.000,29.8,28.7,31.2,29.2,31.6,31.0,31.5,30.3,30.8,31.7,31.7,30.8,33.2,35.2,36.5,37.0,37.3,38.3,37.7,37.4,36.3,36.0,33.4,31.0,27.8,24.9,21.9,19.5,16.4,11.6,7.9,4.2,1.6,45.6,47.8,50.1,13.1,0.0,75.7,18.0,21.8,80.2,,,OBAnorm,,LD831_01996v2.403,,,,0,0
GLBALSTL,2024-05-24 01:14:14.000,31.1,25.7,29.0,28.7,30.3,32.9,31.2,32.2,33.2,34.2,31.9,31.2,31.5,33.3,36.1,36.3,36.8,37.2,37.1,36.9,36.5,35.2,33.1,30.8,27.6,24.2,21.3,17.9,14.1,10.0,6.0,3.5,1.5,45.2,47.4,48.8,13.1,0.0,75.7,18.0,21.9,80.2,,,OBAnorm,,LD831_01996v2.403,,,,0,0
GLBALSTL,2024-05-24 01:14:15.000,29.0,31.9,32.8,29.9,29.2,29.9,30.8,30.4,30.9,33.3,30.2,28.4,33.7,33.9,34.9,37.1,37.5,37.9,37.7,37.0,36.0,35.0,32.9,30.2,28.0,24.5,21.3,17.7,14.8,10.5,6.6,3.7,1.4,45.1,47.4,50.4,13.1,0.0,75.7,18.0,21.9,80.2,,,OBAnorm,,LD831_01996v2.403,,,,0,0
GLBALSTL,2024-05-24 01:14:16.000,26.4,27.4,29.2,29.1,30.7,31.5,31.9,29.1,31.8,31.1,32.8,32.3,33.8,34.6,35.0,36.8,35.9,37.1,36.9,36.6,36.3,34.3,32.0,29.5,26.4,24.5,21.8,19.1,15.7,10.9,7.2,4.1,1.5,44.7,47.1,48.6,13.1,0.0,75.7,18.0,21.9,80.2,,,OBAnorm,,LD831_01996v2.403,,,,0,0
GLBALSTL,2024-05-24 01:14:17.000,22.9,27.5,31.5,29.9,31.0,30.7,29.9,31.2,29.6,34.9,32.9,28.0,29.3,31.2,34.6,37.7,37.2,38.4,37.1,37.3,36.3,35.1,33.1,30.8,26.9,25.3,22.9,20.6,16.9,11.1,7.2,3.8,1.5,45.3,47.4,48.5,13.1,0.0,75.7,18.1,21.9,80.2,,,OBAnorm,,LD831_01996v2.403,,,,0,0
GLBALSTL,2024-05-24 01:14:18.000,28.6,26.5,30.3,29.6,28.1,29.0,30.8,31.3,31.2,33.5,30.7,28.1,33.3,34.5,35.1,36.6,37.3,37.1,37.1,37.1,36.8,36.2,34.5,31.2,28.5,26.4,23.7,20.4,17.2,12.4,8.8,4.6,2.2,45.5,47.5,49.2,13.1,0.0,75.7,18.1,21.9,80.2,,,OBAnorm,,LD831_01996v2.403,,,,0,0
GLBALSTL,2024-05-24 01:14:19.000,24.7,25.0,29.7,26.6,30.5,30.2,30.2,29.5,32.1,32.3,32.9,27.4,29.0,32.2,34.8,35.6,36.7,37.5,38.0,37.5,36.6,35.3,33.5,31.3,28.3,25.0,22.5,20.7,16.4,10.4,6.2,3.3,1.3,45.5,47.3,48.9,13.1,0.0,75.7,18.1,21.9,80.2,,,OBAnorm,,LD831_01996v2.403,,,,0,0
GLBALSTL,2024-05-24 01:14:20.000,24.8,26.1,28.2,30.7,29.4,28.0,29.3,30.0,32.3,33.8,32.6,32.7,32.8,34.7,35.2,36.8,38.1,38.4,38.5,38.1,37.4,35.6,33.7,31.2,27.9,25.6,23.2,20.6,16.9,12.6,8.3,4.5,1.9,46.0,48.0,49.0,13.1,0.0,75.7,18.0,21.9,80.2,,,OBAnorm,,LD831_01996v2.403,,,,0,0
GLBALSTL,2024-05-24 01:14:21.000,25.3,26.7,32.2,29.5,29.0,29.4,28.7,31.9,31.5,33.2,32.7,26.2,31.0,32.9,34.5,36.3,37.8,38.3,38.6,37.3,36.6,35.1,33.9,31.3,28.1,24.8,21.6,19.4,14.7,9.6,6.0,3.4,1.4,45.7,47.6,48.4,13.1,0.0,75.7,18.1,21.9,80.2,,,OBAnorm,,LD831_01996v2.403,,,,0,0
GLBALSTL,2024-05-24 01:14:22.000,25.7,28.8,31.8,32.9,30.3,28.7,30.5,29.4,31.4,34.0,33.2,30.7,35.2,33.2,35.3,36.2,37.1,39.0,37.7,37.3,36.0,34.9,33.0,30.3,27.5,24.9,21.9,18.4,14.3,9.5,5.7,3.1,1.4,45.3,47.6,48.7,13.1,0.0,75.7,18.0,21.9,80.2,,,OBAnorm,,LD831_01996v2.403,,,,0,0
GLBALSTL,2024-05-24 01:14:23.000,22.9,28.2,26.1,30.2,29.0,32.4,32.1,29.4,30.1,33.7,32.9,29.3,31.1,32.3,34.0,35.7,37.2,37.3,36.4,36.8,35.3,33.5,32.2,29.4,26.2,23.1,19.9,17.0,13.8,9.3,5.4,3.0,1.3,44.5,46.9,47.8,13.1,0.0,75.7,18.1,21.9,80.2,,,OBAnorm,,LD831_01996v2.403,,,,0,0
GLBALSTL,2024-05-24 01:14:24.000,24.3,28.0,29.3,27.3,30.0,31.2,32.8,31.1,31.2,32.6,32.6,30.5,32.0,33.4,34.6,36.8,37.8,38.4,37.8,37.4,37.1,34.7,32.9,30.1,27.2,24.2,21.4,18.8,13.7,8.9,5.5,2.9,1.1,45.4,47.7,49.1,13.1,0.0,75.7,18.1,21.9,80.2,,,OBAnorm,,LD831_01996v2.403,,,,0,0
GLBALSTL,2024-05-24 01:14:25.000,26.7,34.9,28.7,30.2,30.5,32.3,31.2,31.7,32.0,34.8,33.2,30.5,32.1,36.2,34.6,36.9,38.9,38.8,38.9,38.9,37.9,36.4,35.7,32.8,29.4,26.9,25.0,22.2,19.1,14.7,10.7,6.0,2.7,46.8,48.6,49.3,13.1,0.0,75.7,18.0,21.9,80.2,,,OBAnorm,,LD831_01996v2.403,,,,0,0
GLBALSTL,2024-05-24 01:14:26.000,25.0,27.9,29.8,33.9,30.6,30.1,32.4,30.9,31.8,34.7,31.7,32.8,34.5,35.2,33.6,36.0,37.3,37.4,37.1,37.0,36.0,35.5,34.3,31.6,28.0,25.2,22.0,18.8,15.7,11.7,7.6,4.1,1.6,45.3,47.5,48.7,13.1,0.0,75.7,18.0,21.9,80.2,,,OBAnorm,,LD831_01996v2.403,,,,0,0
GLBALSTL,2024-05-24 01:14:27.000,22.3,26.4,30.1,30.3,27.3,30.1,30.1,32.1,31.4,33.5,33.3,31.1,33.6,35.7,34.4,36.4,38.1,38.0,38.4,38.0,36.9,34.8,33.1,30.7,28.2,24.8,21.4,18.5,14.4,10.1,6.6,3.6,1.5,45.8,47.9,48.6,13.1,0.0,75.7,18.0,21.9,80.2,,,OBAnorm,,LD831_01996v2.403,,,,0,0
GLBALSTL,2024-05-24 01:14:28.000,23.4,26.6,30.1,26.2,28.2,28.3,31.1,30.1,30.1,33.2,31.0,29.2,32.5,36.5,35.4,37.1,38.4,37.3,37.1,37.4,36.8,35.8,33.9,31.1,28.3,25.8,23.7,20.3,16.8,12.2,8.0,4.5,1.9,45.6,47.6,48.5,13.1,0.0,75.6,18.0,21.9,80.2,,,OBAnorm,,LD831_01996v2.403,,,,0,0
GLBALSTL,2024-05-24 01:14:29.000,25.0,23.3,32.0,28.6,27.3,31.1,29.3,29.9,32.0,32.2,32.0,30.3,32.7,35.5,35.1,35.4,37.0,37.9,36.5,37.7,35.7,34.5,32.2,30.0,26.6,24.3,21.8,19.0,15.7,11.1,7.1,4.0,1.8,44.9,47.3,48.1,13.1,0.0,75.7,18.1,21.9,80.2,,,OBAnorm,,LD831_01996v2.403,,,,0,0
GLBALSTL,2024-05-24 01:14:30.000,25.3,28.2,30.2,28.0,30.8,32.2,31.4,31.1,28.0,32.7,32.3,32.8,35.8,35.1,33.8,36.5,36.4,37.5,37.6,38.4,37.4,35.7,34.1,31.9,29.5,27.3,25.6,22.2,19.3,15.4,11.0,6.1,2.7,45.9,47.8,49.4,13.1,0.0,75.7,18.1,21.9,80.2,,,OBAnorm,,LD831_01996v2.403,,,,0,0
GLBALSTL,2024-05-24 01:14:31.000,26.7,27.4,27.5,29.7,29.4,30.9,30.2,29.3,31.3,30.0,32.3,28.0,32.0,34.9,35.0,35.4,36.7,38.5,37.6,39.8,37.3,35.6,33.7,31.8,28.4,26.3,23.0,21.1,17.3,11.7,7.7,4.5,1.8,46.1,47.8,48.7,13.1,0.0,75.7,18.1,21.9,80.2,,,OBAnorm,,LD831_01996v2.403,,,,0,0
GLBALSTL,2024-05-24 01:14:32.000,23.2,23.8,31.6,26.4,31.1,30.5,29.2,32.2,30.5,34.2,31.0,29.0,34.1,35.4,34.0,36.0,37.3,38.1,37.6,37.5,36.7,35.2,33.5,30.9,27.6,25.3,22.3,19.2,15.5,11.8,7.6,3.9,1.9,45.6,47.6,49.2,13.1,0.0,75.7,18.1,21.9,80.2,,,OBAnorm,,LD831_01996v2.403,,,,0,0
GLBALSTL,2024-05-24 01:14:33.000,26.8,27.1,31.2,26.9,29.5,30.5,29.8,30.1,31.1,33.3,31.4,29.4,32.3,34.7,33.5,35.9,36.6,37.5,37.6,36.8,36.3,34.6,32.3,30.2,27.2,24.3,21.4,18.6,14.3,9.9,6.5,3.7,1.5,45.0,47.1,47.7,13.1,0.0,75.7,18.1,21.9,80.2,,,OBAnorm,,LD831_01996v2.403,,,,0,0
GLBALSTL,2024-05-24 01:14:34.000,27.6,26.3,28.9,29.9,27.3,30.8,31.7,28.9,29.9,31.1,32.1,29.6,32.8,34.9,33.5,36.1,37.4,37.7,37.1,37.5,36.3,34.8,33.8,30.8,27.7,24.5,22.1,20.1,15.5,10.9,7.1,3.7,1.5,45.2,47.2,47.9,13.1,0.0,75.7,18.0,21.9,80.2,,,OBAnorm,,LD831_01996v2.403,,,,0,0
GLBALSTL,2024-05-24 01:14:35.000,23.3,29.9,27.7,30.3,30.2,31.1,30.0,30.6,28.6,31.9,31.6,28.3,32.2,34.9,34.3,37.2,37.2,37.8,38.0,36.9,36.5,34.7,33.3,29.7,26.6,24.0,21.9,18.8,14.6,10.2,6.1,3.4,1.5,45.2,47.3,48.0,13.1,0.0,75.7,18.1,21.9,80.2,,,OBAnorm,,LD831_01996v2.403,,,,0,0
GLBALSTL,2024-05-24 01:14:36.000,25.5,28.2,29.8,30.1,30.0,33.2,29.6,30.9,28.8,31.5,29.8,30.4,32.2,34.2,33.7,35.3,36.7,37.7,37.3,37.9,36.9,34.3,32.3,29.6,26.7,24.5,21.2,18.6,15.0,9.8,6.0,3.3,1.4,44.9,46.9,47.6,13.1,0.0,75.7,18.1,21.9,80.2,,,OBAnorm,,LD831_01996v2.403,,,,0,0
GLBALSTL,2024-05-24 01:14:37.000,27.7,25.8,30.2,29.7,28.9,29.1,30.2,32.0,29.1,29.1,31.4,28.1,30.4,34.2,34.0,36.0,36.4,37.9,38.2,37.7,37.3,35.4,33.9,31.5,28.2,25.5,22.4,20.0,15.6,10.4,6.4,3.4,1.4,45.7,47.4,48.9,13.1,0.0,75.7,18.1,21.8,80.2,,,OBAnorm,,LD831_01996v2.403,,,,0,0
GLBALSTL,2024-05-24 01:14:38.000,23.5,28.0,31.1,29.3,30.4,31.0,30.7,29.9,30.2,32.9,32.6,30.7,33.3,35.8,34.6,35.8,36.3,37.1,36.6,37.1,36.7,34.0,32.7,30.6,27.2,24.4,21.3,19.2,15.0,10.5,6.4,3.4,1.3,44.7,47.0,47.6,13.1,0.0,75.7,18.1,21.8,80.2,,,OBAnorm,,LD831_01996v2.403,,,,0,0
GLBALSTL,2024-05-24 01:14:39.000,24.9,28.8,30.1,29.6,30.4,31.4,30.3,31.3,30.6,33.1,32.6,33.2,35.0,35.2,34.3,36.1,37.4,37.4,38.3,37.3,36.7,35.3,34.6,32.4,28.9,26.2,24.5,21.5,18.5,14.3,9.9,5.6,2.4,45.9,48.1,48.6,13.1,0.0,75.7,18.1,21.8,80.2,,,OBAnorm,,LD831_01996v2.403,,,,0,0
GLBALSTL,2024-05-24 01:14:40.000,24.5,27.9,28.7,30.9,27.5,28.3,33.1,29.1,30.6,33.3,33.8,31.2,36.4,34.3,33.0,35.4,37.5,38.0,38.3,37.8,36.3,35.8,33.9,30.9,28.4,25.6,23.4,19.7,15.9,11.7,7.3,4.2,1.5,45.7,47.6,48.2,13.1,0.0,75.7,18.0,21.8,80.2,,,OBAnorm,,LD831_01996v2.403,,,,0,0
GLBALSTL,2024-05-24 01:14:41.000,25.2,28.2,28.8,26.9,29.2,30.6,28.7,27.0,30.9,34.7,33.8,30.3,34.0,35.4,35.3,36.7,37.5,38.5,38.4,37.3,36.7,35.2,33.7,31.2,28.3,25.2,21.8,18.6,14.9,10.7,6.4,3.6,1.4,45.8,47.9,48.7,13.1,0.0,75.7,18.1,21.9,80.2,,,OBAnorm,,LD831_01996v2.403,,,,0,0
GLBALSTL,2024-05-24 01:14:42.000,28.3,24.8,30.1,31.3,31.1,29.4,31.5,28.8,28.4,32.0,32.0,32.3,36.3,35.8,35.9,37.0,37.7,37.9,38.6,38.2,37.6,35.4,34.4,32.6,29.3,26.8,25.6,23.3,20.2,15.8,10.5,5.5,2.4,46.4,48.5,49.2,13.1,0.3,75.7,18.1,21.9,80.2,,,OBAnorm,,LD831_01996v2.403,,,,0,0
GLBALSTL,2024-05-24 01:14:43.000,23.1,27.9,29.7,29.6,28.5,29.6,31.3,31.5,30.7,33.6,32.5,29.5,32.3,34.4,34.5,37.0,37.8,37.8,38.3,38.5,36.9,35.3,33.7,30.8,28.1,25.7,23.5,20.3,17.5,13.7,10.5,5.8,3.0,45.8,47.7,48.2,13.1,0.5,75.7,18.1,21.9,80.2,,,OBAnorm,,LD831_01996v2.403,,,,0,0
GLBALSTL,2024-05-24 01:14:44.000,22.6,26.3,32.5,31.6,28.5,31.4,31.1,31.6,30.7,31.9,33.2,32.6,34.8,34.8,33.5,36.7,38.0,37.2,37.1,38.5,37.1,36.8,34.3,32.0,29.1,26.5,24.5,20.7,18.2,13.7,8.9,4.8,2.2,46.2,48.2,48.7,13.1,0.6,75.7,18.0,21.8,80.2,,,OBAnorm,,LD831_01996v2.403,,,,0,0
GLBALSTL,2024-05-24 01:14:45.000,24.1,28.4,32.6,28.6,30.1,30.8,30.6,31.3,32.6,33.6,34.4,34.8,34.5,36.4,35.1,37.2,37.6,38.3,38.0,38.0,37.3,35.9,34.5,31.2,28.1,24.8,23.2,20.3,16.6,11.7,8.2,4.5,1.8,46.0,48.2,48.7,13.1,0.7,75.7,18.0,21.8,80.2,,,OBAnorm,,LD831_01996v2.403,,,,0,0
GLBALSTL,2024-05-24 01:14:46.000,28.4,27.3,32.6,30.8,30.9,31.1,31.0,29.9,32.1,34.1,32.9,30.0,32.2,32.5,35.2,36.9,38.1,38.7,38.4,37.3,37.2,36.0,34.0,30.8,27.8,24.5,21.0,18.0,14.1,10.1,6.0,3.4,1.3,45.8,47.8,48.3,13.1,0.7,75.7,18.1,21.9,80.2,,,OBAnorm,,LD831_01996v2.403,,,,0,0
GLBALSTL,2024-05-24 01:14:47.000,20.1,30.6,30.5,30.3,28.9,31.2,33.0,32.5,31.6,33.3,33.9,27.8,32.3,32.7,33.0,35.1,37.1,36.7,37.0,37.0,36.2,34.7,32.8,30.2,27.6,26.3,21.4,18.7,14.6,10.1,6.6,3.4,1.4,45.0,47.1,47.9,13.1,0.7,75.7,18.0,21.9,80.2,,,OBAnorm,,LD831_01996v2.403,,,,0,0
GLBALSTL,2024-05-24 01:14:48.000,20.2,27.8,27.7,26.0,30.1,31.5,28.3,31.6,30.3,32.6,33.5,28.9,31.3,33.4,34.8,35.9,37.9,38.8,37.6,37.9,37.1,35.4,33.7,31.7,28.3,25.0,22.4,19.6,15.4,10.8,6.1,3.5,1.3,45.8,47.7,48.8,13.1,0.6,75.7,18.0,21.9,80.2,,,OBAnorm,,LD831_01996v2.403,,,,0,0
GLBALSTL,2024-05-24 01:14:49.000,23.6,29.5,33.7,28.7,27.7,28.9,31.2,32.9,30.8,33.0,35.1,31.1,33.1,34.5,36.4,36.9,37.2,37.8,37.7,37.5,37.5,35.9,33.7,31.2,28.0,25.1,23.2,20.1,16.6,12.3,8.2,4.4,1.9,45.8,47.9,48.6,13.1,0.6,75.7,18.0,21.9,80.2,,,OBAnorm,,LD831_01996v2.403,,,,0,0
GLBALSTL,2024-05-24 01:14:50.000,22.0,32.1,27.6,29.4,31.3,29.6,31.6,30.7,32.3,32.9,33.9,29.0,35.0,36.1,34.3,35.5,36.6,37.8,36.8,37.1,35.8,35.2,32.9,30.2,28.1,25.4,23.3,21.0,17.2,12.7,8.4,4.7,1.9,45.1,47.5,48.5,13.1,0.7,75.7,18.1,22.0,80.2,,,OBAnorm,,LD831_01996v2.403,,,,0,0
GLBALSTL,2024-05-24 01:14:51.000,26.9,25.9,30.8,29.0,29.6,31.2,31.2,31.7,33.6,33.9,32.6,32.4,33.2,33.7,32.6,36.4,36.9,37.6,38.2,36.1,35.4,33.9,32.5,29.4,27.0,24.6,21.5,19.6,17.0,11.1,6.7,3.6,1.4,44.8,47.1,47.7,13.1,0.7,75.7,18.0,22.0,80.2,,,OBAnorm,,LD831_01996v2.403,,,,0,0
GLBALSTL,2024-05-24 01:14:52.000,24.6,32.7,27.3,28.8,30.0,29.5,30.1,30.6,32.0,33.3,32.1,32.4,33.0,32.4,34.6,36.5,38.2,39.9,38.8,38.5,37.8,36.4,34.6,31.5,28.6,25.7,22.5,20.1,15.8,11.3,7.4,3.9,1.7,46.6,48.4,48.9,13.1,0.8,75.7,18.1,22.0,80.2,,,OBAnorm,,LD831_01996v2.403,,,,0,0
GLBALSTL,2024-05-24 01:14:53.000,24.2,30.6,30.1,30.8,29.3,32.1,31.5,31.5,31.4,31.9,34.0,30.2,32.1,34.1,34.7,37.2,38.0,37.4,37.8,37.1,36.3,35.5,33.8,30.7,27.6,24.9,21.6,18.4,14.2,10.4,6.5,3.5,1.5,45.4,47.6,48.1,13.1,0.9,75.7,18.0,22.0,80.2,,,OBAnorm,,LD831_01996v2.403,,,,0,0
GLBALSTL,2024-05-24 01:14:54.000,25.7,26.3,30.1,32.8,29.3,31.0,31.4,30.8,32.8,34.7,33.3,30.0,31.3,34.2,34.4,37.0,37.9,38.2,38.0,37.9,36.8,35.4,33.6,31.2,28.5,25.9,23.4,20.6,17.2,12.1,7.4,3.8,1.6,45.9,47.8,48.4,13.1,0.9,75.7,18.1,21.9,80.2,,,OBAnorm,,LD831_01996v2.403,,,,0,0
GLBALSTL,2024-05-24 01:14:55.000,21.5,27.2,28.8,26.8,28.2,30.0,31.4,30.0,31.8,33.3,34.1,29.4,33.9,34.6,36.4,37.5,38.0,39.5,38.7,38.7,37.2,36.5,34.5,32.6,29.7,27.1,25.0,21.2,17.6,13.6,8.8,4.7,1.8,46.5,48.5,49.0,13.1,0.9,75.7,18.0,21.9,80.2,,,OBAnorm,,LD831_01996v2.403,,,,0,0
GLBALSTL,2024-05-24 01:14:56.000,21.6,27.5,31.3,31.1,30.2,31.5,31.1,29.2,32.4,33.6,33.5,29.4,32.8,31.7,34.2,35.8,36.5,38.2,37.1,38.0,37.4,35.7,33.4,31.7,28.3,25.6,22.7,20.1,15.4,10.6,6.3,3.5,1.3,45.8,47.6,48.4,13.1,0.8,75.7,18.0,21.9,80.2,,,OBAnorm,,LD831_01996v2.403,,,,0,0
GLBALSTL,2024-05-24 01:14:57.000,25.6,29.1,29.7,28.8,26.9,30.5,31.7,32.2,32.6,33.2,32.1,29.7,30.9,32.8,32.8,35.5,37.1,37.4,37.5,36.9,36.8,34.0,32.7,29.9,27.5,24.8,22.3,19.3,16.0,11.3,7.4,4.0,1.5,44.9,47.2,47.8,13.1,0.7,75.7,18.1,21.9,80.2,,,OBAnorm,,LD831_01996v2.403,,,,0,0
GLBALSTL,2024-05-24 01:14:58.000,23.6,30.1,30.3,31.3,30.0,33.2,31.6,30.8,33.2,35.7,33.2,30.9,34.3,34.1,34.0,35.4,37.1,37.7,36.6,37.0,36.7,34.8,33.7,30.9,27.7,25.4,22.8,20.4,17.5,12.6,8.5,4.6,2.0,45.3,47.7,48.8,13.1,0.7,75.7,18.0,21.9,80.2,,,OBAnorm,,LD831_01996v2.403,,,,0,0
GLBALSTL,2024-05-24 01:14:59.000,26.8,25.3,30.1,29.9,26.4,29.5,30.3,31.2,31.4,33.7,33.2,35.1,36.2,35.3,34.3,35.5,36.4,37.7,37.2,37.1,35.7,34.5,32.4,29.8,27.0,24.1,22.1,18.7,15.2,10.9,7.1,4.2,1.5,44.8,47.3,48.2,13.1,0.7,75.7,18.0,21.9,80.2,,,OBAnorm,,LD831_01996v2.403,,,,0,0
GLBALSTL,2024-05-24 01:15:00.000,25.1,26.6,28.9,27.9,30.3,30.2,31.2,29.8,31.5,32.7,32.8,31.0,31.3,33.1,32.9,36.3,36.8,38.1,37.7,36.9,35.9,35.1,33.7,30.9,28.3,25.0,22.3,18.8,15.8,11.3,6.9,3.9,1.6,45.2,47.3,49.0,13.1,0.7,75.8,18.0,21.9,80.2,,,OBAnorm,,LD831_01996v2.403,,,,0,0
GLBALSTL,2024-05-24 01:15:01.000,24.8,26.3,26.9,28.9,29.9,31.6,33.5,32.7,32.3,33.7,33.0,31.0,31.2,33.3,33.8,35.1,36.6,37.1,37.1,36.7,35.6,34.2,33.0,30.0,27.2,24.4,22.0,18.7,15.5,11.3,6.8,3.9,1.7,44.7,46.9,50.7,13.1,0.8,75.7,18.1,21.9,79.6,,,OBAnorm,,LD831_01996v2.403,,,,0,0
GLBALSTL,2024-05-24 01:15:02.000,24.4,29.4,32.0,28.7,29.3,31.4,31.3,30.1,31.9,34.4,33.5,30.2,31.0,32.1,33.6,34.8,36.9,37.3,36.9,36.4,36.0,34.3,32.4,30.3,26.8,24.3,22.4,19.5,15.5,10.5,6.5,3.6,1.4,44.8,47.2,48.8,13.1,0.9,75.7,18.1,21.9,79.6,,,OBAnorm,,LD831_01996v2.403,,,,0,0
GLBALSTL,2024-05-24 01:15:03.000,25.9,27.1,31.1,29.7,31.6,30.9,32.0,30.4,33.4,35.4,33.8,31.2,35.1,35.2,35.5,37.8,38.6,39.4,38.9,38.8,37.8,36.8,35.2,32.9,29.9,27.5,25.1,22.1,18.9,13.7,9.0,5.0,2.2,47.0,49.3,50.0,13.1,1.0,75.7,18.1,21.9,79.6,,,OBAnorm,,LD831_01996v2.403,,,,0,0
GLBALSTL,2024-05-24 01:15:04.000,29.4,28.9,28.2,28.8,30.0,29.8,33.1,31.2,31.1,35.8,39.4,36.3,34.9,35.8,34.9,36.4,38.0,38.3,38.0,38.0,37.7,37.8,35.9,33.6,29.9,28.3,26.7,22.5,20.2,16.5,12.2,7.1,3.2,46.7,48.6,49.6,13.1,1.1,75.6,18.1,22.0,79.7,,,OBAnorm,,LD831_01996v2.403,,,,0,0
GLBALSTL,2024-05-24 01:15:05.000,27.5,28.1,26.9,30.9,32.6,30.4,32.8,33.4,32.7,35.2,35.3,35.3,34.1,34.9,34.0,36.1,36.7,37.4,38.0,38.2,38.0,35.7,34.9,33.3,29.7,27.3,25.5,22.3,18.8,14.8,10.2,5.8,2.6,46.3,48.5,49.5,13.1,1.1,75.6,18.1,22.0,79.7,,,OBAnorm,,LD831_01996v2.403,,,,0,0
GLBALSTL,2024-05-24 01:15:06.000,28.1,24.3,31.0,28.0,32.1,33.2,32.7,32.6,30.4,35.2,35.0,33.2,32.5,34.2,34.7,36.4,36.9,38.4,37.9,38.1,37.2,36.2,35.1,31.6,27.7,25.6,22.7,19.2,16.8,13.0,8.4,4.8,1.9,46.1,48.1,49.1,13.1,1.1,75.7,18.1,22.0,80.2,,,OBAnorm,,LD831_01996v2.403,,,,0,0
GLBALSTL,2024-05-24 01:15:07.000,26.2,29.1,30.1,30.0,29.0,30.6,30.9,34.7,34.3,37.2,35.3,30.2,30.7,32.7,34.5,36.2,37.7,37.8,38.0,37.0,37.2,35.7,33.8,31.3,28.1,26.0,22.5,19.4,16.2,12.2,7.9,4.4,1.9,45.6,48.0,48.9,13.1,1.1,75.7,18.0,22.0,80.2,,,OBAnorm,,LD831_01996v2.403,,,,0,0
GLBALSTL,2024-05-24 01:15:08.000,24.4,27.9,27.2,31.2,31.0,32.7,33.2,32.9,32.5,34.1,34.3,30.8,30.8,33.9,35.3,36.2,38.1,38.3,38.6,38.0,37.9,36.2,34.0,31.8,28.8,26.3,23.3,19.9,16.8,12.4,8.1,4.7,2.0,46.3,48.2,49.0,13.1,1.1,75.7,18.0,22.0,80.2,,,OBAnorm,,LD831_01996v2.403,,,,0,0
GLBALSTL,2024-05-24 01:15:09.000,25.3,26.8,31.5,30.2,28.4,31.8,30.6,31.9,32.1,34.0,34.5,30.3,33.0,33.8,35.7,37.9,37.3,38.7,38.0,37.3,36.9,35.9,33.9,31.4,28.1,24.8,21.7,19.2,15.1,11.0,6.9,4.0,1.6,45.8,48.1,49.0,13.1,1.0,75.7,18.1,21.9,80.2,,,OBAnorm,,LD831_01996v2.403,,,,0,0
GLBALSTL,2024-05-24 01:15:10.000,24.7,24.7,31.1,27.4,31.1,31.9,31.6,34.0,33.7,36.6,32.9,32.4,33.3,33.7,33.6,36.5,37.5,38.1,38.3,37.1,37.0,35.5,34.2,31.5,28.7,25.9,23.4,20.3,17.3,12.9,8.2,4.8,1.9,45.8,48.0,48.9,13.1,1.0,75.7,18.1,22.0,80.2,,,OBAnorm,,LD831_01996v2.403,,,,0,0
GLBALSTL,2024-05-24 01:15:11.000,26.7,30.6,31.8,27.7,29.1,30.5,30.1,33.2,31.8,36.1,34.9,31.3,31.2,32.5,34.3,35.7,36.8,37.0,37.6,37.4,36.9,35.9,33.8,30.5,28.0,26.6,24.7,20.5,18.5,14.8,11.6,5.6,2.3,45.4,47.5,48.6,13.1,1.0,75.7,18.0,22.0,80.2,,,OBAnorm,,LD831_01996v2.403,,,,0,0
GLBALSTL,2024-05-24 01:15:12.000,23.8,27.9,30.6,29.8,29.3,30.2,33.0,31.9,34.2,35.3,35.1,30.5,28.3,32.4,34.9,35.6,37.3,37.9,37.4,38.1,36.4,35.4,33.6,30.9,27.9,24.5,21.7,18.6,15.6,10.6,6.7,3.7,1.5,45.5,47.7,48.4,13.1,0.9,75.7,18.0,22.1,80.3,,,OBAnorm,,LD831_01996v2.403,,,,0,0
GLBALSTL,2024-05-24 01:15:13.000,27.1,31.1,31.3,29.2,31.3,32.1,32.6,33.9,31.7,34.1,34.5,30.0,31.1,33.3,34.6,36.6,37.6,37.3,37.8,37.3,36.7,36.1,34.4,31.6,28.8,26.3,24.7,22.1,17.2,12.4,8.6,4.7,2.1,45.7,47.9,48.8,13.1,0.8,75.7,18.0,22.1,80.3,,,OBAnorm,,LD831_01996v2.403,,,,0,0
GLBALSTL,2024-05-24 01:15:14.000,25.5,31.7,32.5,31.9,31.7,28.3,35.3,31.9,33.4,35.3,35.2,33.4,35.3,35.0,35.4,36.9,36.9,37.8,38.1,38.0,38.3,36.7,34.5,32.1,29.1,27.8,25.7,22.1,19.7,15.6,10.9,5.9,2.5,46.5,48.5,49.1,13.1,0.8,75.7,18.0,22.0,80.2,,,OBAnorm,,LD831_01996v2.403,,,,0,0
GLBALSTL,2024-05-24 01:15:15.000,22.3,22.9,27.4,32.3,30.3,33.1,32.6,31.2,32.1,36.2,35.3,33.8,33.8,33.9,35.1,37.5,39.9,40.3,40.3,40.3,37.9,36.8,35.5,32.7,30.0,26.3,23.9,20.9,16.7,12.0,7.6,4.3,1.7,47.6,49.7,50.5,13.1,0.9,75.7,18.0,22.1,80.3,,,OBAnorm,,LD831_01996v2.403,,,,0,0
GLBALSTL,2024-05-24 01:15:16.000,24.3,26.0,31.0,30.3,27.2,30.6,33.4,31.8,33.0,36.4,33.4,32.8,32.4,34.0,34.7,36.7,38.0,39.0,38.6,38.3,37.3,35.9,34.2,31.4,28.7,25.7,22.5,19.6,15.8,11.4,7.0,4.0,1.7,46.1,48.1,49.1,13.1,0.9,75.7,18.0,22.1,80.3,,,OBAnorm,,LD831_01996v2.403,,,,0,0
GLBALSTL,2024-05-24 01:15:17.000,21.7,28.5,29.2,31.3,30.6,32.8,32.3,33.8,32.2,34.6,33.4,30.2,33.9,32.2,34.3,36.4,38.9,39.0,39.6,38.2,37.4,35.9,33.9,31.0,27.8,24.7,22.0,18.6,15.5,10.9,6.3,3.4,1.3,46.3,48.5,49.5,13.1,1.0,75.7,18.0,22.1,80.3,,,OBAnorm,,LD831_01996v2.403,,,,0,0
GLBALSTL,2024-05-24 01:15:18.000,24.5,23.8,29.1,29.5,32.4,30.0,31.6,33.0,33.1,35.8,34.8,32.6,33.2,34.3,35.8,39.2,40.6,41.4,39.6,39.3,39.0,37.4,36.4,32.8,30.1,26.6,23.3,19.9,15.6,10.9,6.5,3.6,1.4,47.9,49.8,50.4,13.1,1.1,75.7,18.0,22.1,80.3,,,OBAnorm,,LD831_01996v2.403,,,,0,0
GLBALSTL,2024-05-24 01:15:19.000,21.3,30.1,31.3,32.9,28.8,34.0,33.6,33.8,31.5,35.6,33.2,29.9,30.9,34.2,36.0,36.8,36.6,37.7,37.2,36.9,36.4,35.1,33.6,31.0,27.7,24.2,22.3,19.6,16.5,12.9,8.1,4.9,2.2,45.2,48.0,60.8,13.1,1.5,75.7,18.1,22.1,80.3,,,OBAnorm,,LD831_01996v2.403,,,,0,0
GLBALSTL,2024-05-24 01:15:20.000,25.2,25.1,32.1,32.7,31.1,31.6,34.3,32.8,33.0,35.2,35.4,33.5,28.3,32.5,34.2,36.4,37.0,37.7,38.5,38.3,36.3,34.7,33.0,30.0,26.9,24.5,22.4,19.0,15.5,11.6,7.5,4.1,1.8,45.5,47.9,56.6,13.1,1.7,75.7,18.0,22.1,80.3,,,OBAnorm,,LD831_01996v2.403,,,,0,0
GLBALSTL,2024-05-24 01:15:21.000,29.5,37.6,33.4,32.9,30.9,33.3,33.4,33.0,33.6,35.3,32.5,30.3,30.4,34.0,34.9,37.3,37.9,38.6,37.9,37.1,36.4,35.8,34.1,31.0,28.5,25.5,23.0,19.4,16.8,12.9,9.0,4.8,2.1,45.8,48.4,49.5,13.1,1.7,75.7,18.1,21.5,76.7,,,OBAnorm,,LD831_01996v2.403,,,,0,0
GLBALSTL,2024-05-24 01:15:22.000,39.0,34.3,32.0,29.2,31.6,33.6,32.6,33.3,35.8,35.9,35.7,35.7,34.6,35.4,35.7,37.2,38.1,38.3,38.3,38.5,37.7,36.4,35.0,31.9,29.1,26.3,24.2,20.9,18.1,14.2,9.7,5.7,2.5,46.4,48.7,50.4,13.1,1.7,75.7,18.0,21.5,76.7,,,OBAnorm,,LD831_01996v2.403,,,,0,0
GLBALSTL,2024-05-24 01:15:23.000,27.1,28.2,31.9,32.5,29.3,32.6,31.7,31.1,32.8,35.8,35.6,29.9,31.7,33.8,35.4,37.7,36.4,37.7,37.0,37.7,37.5,35.2,33.2,31.0,27.7,25.1,23.0,20.3,16.7,12.8,8.5,4.8,1.9,45.5,47.8,51.1,13.1,1.7,75.7,18.0,22.1,80.3,,,OBAnorm,,LD831_01996v2.403,,,,0,0
GLBALSTL,2024-05-24 01:15:24.000,23.2,26.9,32.1,29.6,31.5,31.6,31.1,32.9,32.6,34.4,33.5,30.7,29.7,32.7,33.9,36.1,37.6,38.4,37.2,37.5,36.4,34.8,33.1,30.4,27.3,24.5,21.9,19.2,15.5,11.3,7.4,4.3,1.8,45.3,47.6,48.7,13.1,1.7,75.7,18.1,22.0,80.2,,,OBAnorm,,LD831_01996v2.403,,,,0,0
GLBALSTL,2024-05-24 01:15:25.000,30.3,29.5,30.5,28.1,29.1,31.1,33.7,34.4,34.6,32.5,32.0,29.3,29.8,33.4,34.5,36.8,38.3,37.9,38.7,37.5,36.9,36.2,34.3,31.1,28.0,24.9,22.6,19.0,15.7,10.5,6.4,3.5,1.5,45.9,48.0,51.0,13.1,1.7,75.7,18.0,22.0,80.2,,,OBAnorm,,LD831_01996v2.403,,,,0,0
GLBALSTL,2024-05-24 01:15:26.000,22.5,30.1,31.4,26.3,31.3,32.1,33.1,34.7,34.9,33.8,33.3,29.6,30.5,33.0,34.3,36.6,36.7,36.4,37.0,37.0,36.3,35.1,33.3,30.6,27.0,24.4,22.3,20.3,16.8,11.8,7.0,4.0,1.6,45.0,47.6,49.7,13.1,1.6,75.7,18.1,22.1,80.3,,,OBAnorm,,LD831_01996v2.403,,,,0,0
GLBALSTL,2024-05-24 01:15:27.000,21.1,26.7,30.6,28.6,30.3,32.2,34.8,33.4,34.0,33.9,34.3,30.0,31.7,33.6,34.4,35.4,37.0,38.2,37.7,37.5,36.6,34.9,32.8,30.7,27.3,24.4,22.5,19.6,16.1,10.7,7.5,3.6,1.4,45.3,47.8,48.7,13.1,1.7,75.7,18.0,22.0,80.2,,,OBAnorm,,LD831_01996v2.403,,,,0,0
GLBALSTL,2024-05-24 01:15:28.000,28.1,30.7,29.1,31.7,31.1,33.8,34.6,33.0,34.7,34.4,33.3,31.4,32.3,33.5,35.7,36.4,37.7,37.9,38.3,38.7,37.7,36.2,34.9,32.1,28.4,26.0,24.4,20.8,16.8,12.2,8.0,4.1,1.8,46.2,48.3,49.2,13.1,1.6,75.7,18.1,22.0,80.2,,,OBAnorm,,LD831_01996v2.403,,,,0,0
GLBALSTL,2024-05-24 01:15:29.000,25.8,25.1,31.3,29.8,31.4,33.4,34.4,33.1,34.5,37.1,36.0,30.5,30.3,32.2,33.8,36.0,37.3,37.5,37.7,36.8,36.3,35.0,32.7,30.0,26.9,24.5,21.9,18.7,14.5,10.2,6.6,3.7,1.5,45.0,47.9,49.3,13.1,1.6,75.7,18.0,22.0,80.2,,,OBAnorm,,LD831_01996v2.403,,,,0,0
GLBALSTL,2024-05-24 01:15:30.000,25.5,24.1,32.0,31.5,31.5,35.4,34.2,30.8,35.4,35.9,34.3,30.3,33.4,34.7,34.5,35.5,36.9,36.8,36.7,36.8,36.2,34.8,32.7,30.6,27.2,24.6,22.2,18.5,15.5,11.5,7.2,4.1,1.6,45.0,47.7,49.6,13.1,1.6,75.7,18.1,22.0,80.2,,,OBAnorm,,LD831_01996v2.403,,,,0,0
GLBALSTL,2024-05-24 01:15:31.000,23.7,26.3,28.0,29.3,32.6,30.7,32.4,33.9,33.6,36.4,34.3,31.1,31.6,32.4,35.8,37.7,38.8,39.2,39.2,39.1,38.0,37.0,35.4,32.3,29.3,25.8,23.3,19.2,15.6,11.1,7.0,3.9,1.8,46.9,49.0,49.7,13.1,1.7,75.7,18.1,22.0,80.2,,,OBAnorm,,LD831_01996v2.403,,,,0,0
GLBALSTL,2024-05-24 01:15:32.000,26.1,26.3,30.6,30.3,27.6,31.4,34.9,34.3,34.5,35.1,34.0,32.4,32.1,34.4,35.1,37.5,36.9,37.6,37.9,38.2,36.9,35.8,34.1,31.6,28.7,27.3,24.0,22.0,18.3,14.0,9.2,5.2,2.1,45.8,48.2,49.1,13.1,1.7,75.7,18.0,22.0,80.2,,,OBAnorm,,LD831_01996v2.403,,,,0,0
GLBALSTL,2024-05-24 01:15:33.000,23.6,23.3,30.4,27.0,31.5,34.0,34.5,34.4,34.7,37.0,35.1,31.9,34.2,33.5,34.2,36.7,37.9,37.4,37.8,37.2,36.6,35.5,33.3,30.6,27.6,24.6,22.2,20.4,16.4,11.3,7.7,4.3,1.6,45.5,48.4,49.1,13.1,1.7,75.6,18.1,22.0,80.2,,,OBAnorm,,LD831_01996v2.403,,,,0,0
GLBALSTL,2024-05-24 01:15:34.000,22.3,24.3,33.1,30.2,32.1,33.9,31.9,32.5,35.9,35.4,36.8,31.8,30.8,31.7,33.6,35.2,38.0,37.9,37.7,36.9,35.4,34.2,33.0,29.8,27.5,24.0,20.8,17.1,12.7,9.2,5.7,3.2,1.4,44.9,47.5,49.0,13.1,1.7,75.7,18.0,22.0,80.2,,,OBAnorm,,LD831_01996v2.403,,,,0,0
GLBALSTL,2024-05-24 01:15:35.000,25.9,29.4,24.5,27.6,30.9,30.5,33.7,34.1,34.6,36.0,34.9,30.6,29.5,32.9,33.4,35.6,35.5,36.7,37.3,36.3,35.8,34.4,32.8,29.6,26.4,24.2,21.1,18.2,14.6,10.3,6.4,3.5,1.4,44.6,47.4,48.8,13.1,1.7,75.7,18.0,22.0,80.2,,,OBAnorm,,LD831_01996v2.403,,,,0,0
GLBALSTL,2024-05-24 01:15:36.000,23.7,23.6,28.6,30.1,29.0,31.3,33.9,33.2,32.9,36.8,34.2,31.2,31.7,32.8,32.8,34.9,36.5,37.6,37.8,37.8,36.3,34.8,32.8,30.8,27.1,24.6,21.4,19.2,15.0,9.8,5.9,3.3,1.4,45.1,47.4,48.1,13.1,1.6,75.7,18.1,22.0,80.2,,,OBAnorm,,LD831_01996v2.403,,,,0,0
GLBALSTL,2024-05-24 01:15:37.000,25.8,26.9,31.7,29.8,30.9,32.9,31.4,31.7,35.4,34.0,34.8,31.5,29.0,32.0,34.3,36.9,38.5,38.8,38.7,38.6,37.2,35.1,34.3,31.9,28.4,25.4,22.7,19.5,15.5,10.0,6.3,3.6,1.3,46.2,48.5,49.0,13.1,1.5,75.7,18.0,22.0,80.2,,,OBAnorm,,LD831_01996v2.403,,,,0,0
GLBALSTL,2024-05-24 01:15:38.000,25.1,27.8,28.2,29.5,29.4,34.6,34.8,32.9,35.9,36.1,34.7,32.7,32.9,33.4,34.5,36.2,36.7,37.4,37.3,37.0,36.4,35.0,32.5,29.8,26.8,23.7,21.2,18.6,14.6,10.7,6.6,3.6,1.4,45.0,47.7,48.6,13.1,1.5,75.7,18.0,22.0,80.2,,,OBAnorm,,LD831_01996v2.403,,,,0,0
GLBALSTL,2024-05-24 01:15:39.000,24.7,24.6,30.1,30.6,30.9,33.6,31.7,34.2,34.9,35.3,35.8,30.9,29.4,34.6,34.3,36.9,38.2,38.6,38.3,37.6,36.4,35.5,34.0,31.1,28.7,25.8,22.8,20.3,17.1,12.6,8.5,4.9,2.0,45.9,48.3,48.8,13.1,1.4,75.7,18.0,22.0,80.2,,,OBAnorm,,LD831_01996v2.403,,,,0,0
GLBALSTL,2024-05-24 01:15:40.000,24.0,30.8,28.7,30.0,29.7,31.3,33.0,32.9,33.7,37.6,36.7,33.9,33.0,34.6,34.8,35.3,37.9,38.2,37.3,37.2,36.3,35.0,33.3,29.9,26.6,23.5,20.1,17.3,14.3,10.0,6.2,3.5,1.4,45.2,47.9,48.3,13.1,1.4,75.7,18.0,22.0,80.2,,,OBAnorm,,LD831_01996v2.403,,,,0,0
GLBALSTL,2024-05-24 01:15:41.000,23.3,29.0,30.5,29.6,29.5,33.4,29.5,33.8,32.9,36.3,35.5,30.9,30.2,32.9,33.7,37.1,38.0,39.1,38.9,37.9,37.4,36.2,34.4,31.1,28.3,24.4,21.3,17.6,13.9,10.4,6.4,3.8,1.6,46.3,48.4,48.8,13.1,1.4,75.7,18.0,22.0,80.2,,,OBAnorm,,LD831_01996v2.403,,,,0,0
GLBALSTL,2024-05-24 01:15:42.000,26.2,27.5,26.4,26.6,30.7,32.8,32.0,33.3,34.3,35.6,34.3,31.6,31.4,32.5,34.4,36.2,37.3,38.0,37.8,37.6,36.6,35.1,33.3,30.9,28.1,25.4,22.4,19.4,15.3,12.6,6.3,3.5,1.3,45.4,47.8,48.4,13.1,1.5,75.7,18.0,22.0,80.2,,,OBAnorm,,LD831_01996v2.403,,,,0,0
GLBALSTL,2024-05-24 01:15:43.000,21.3,24.8,26.3,32.1,29.3,31.7,32.0,31.8,33.3,34.9,34.8,30.8,32.5,35.5,34.4,36.5,36.7,37.7,37.3,37.6,36.8,35.5,33.8,31.6,27.8,25.6,23.7,20.5,17.2,13.5,8.3,4.5,1.8,45.6,48.0,48.6,13.1,1.5,75.7,18.0,22.0,80.2,,,OBAnorm,,LD831_01996v2.403,,,,0,0
GLBALSTL,2024-05-24 01:15:44.000,24.1,26.6,31.1,28.5,30.8,31.1,34.9,33.4,32.3,35.3,35.6,32.5,33.8,33.8,34.2,36.2,37.8,37.9,37.8,37.8,37.1,35.5,33.6,31.0,28.5,25.8,23.6,20.2,16.9,12.7,8.1,4.2,1.7,45.8,48.3,48.9,13.1,1.4,75.7,18.0,22.1,80.3,,,OBAnorm,,LD831_01996v2.403,,,,0,0
GLBALSTL,2024-05-24 01:15:45.000,26.6,22.5,33.0,31.4,32.0,31.5,32.7,31.0,34.7,37.1,36.0,32.4,33.0,35.1,35.9,36.5,38.1,39.0,38.2,38.1,38.5,37.8,36.3,33.2,29.2,27.1,25.1,21.1,18.6,14.2,10.2,6.1,2.7,46.8,48.9,49.3,13.1,1.3,75.6,18.1,22.1,80.3,,,OBAnorm,,LD831_01996v2.403,,,,0,0
GLBALSTL,2024-05-24 01:15:46.000,24.6,26.5,33.2,30.7,28.4,34.4,33.2,32.7,32.5,36.7,36.5,30.5,31.2,33.2,33.8,36.2,35.0,37.7,37.8,37.3,36.2,34.9,32.6,29.2,26.8,23.6,21.0,18.1,14.4,10.8,7.1,4.0,1.4,44.8,47.6,48.3,13.1,1.2,75.7,18.1,22.0,80.2,,,OBAnorm,,LD831_01996v2.403,,,,0,0
GLBALSTL,2024-05-24 01:15:47.000,24.1,27.4,29.7,30.4,31.3,35.3,32.4,31.4,34.7,36.0,34.4,31.1,31.7,33.0,34.1,36.1,37.5,37.3,38.1,37.5,36.3,34.1,32.8,30.3,27.7,23.9,21.5,18.5,15.5,11.3,7.4,4.1,1.6,45.1,47.6,48.2,13.1,1.1,75.7,18.1,22.0,80.2,,,OBAnorm,,LD831_01996v2.403,,,,0,0
GLBALSTL,2024-05-24 01:15:48.000,17.4,31.2,31.6,30.1,29.9,30.6,31.2,32.8,33.5,35.9,35.6,32.6,32.9,34.1,35.9,36.1,36.4,37.7,38.0,37.1,37.3,35.5,33.8,30.9,28.1,25.2,23.8,20.4,17.2,13.6,8.4,4.7,2.0,45.6,48.0,48.4,13.1,1.0,75.7,18.0,22.0,80.2,,,OBAnorm,,LD831_01996v2.403,,,,0,0
GLBALSTL,2024-05-24 01:15:49.000,19.9,27.9,27.7,27.8,28.4,32.1,31.0,31.1,32.1,35.3,34.9,32.5,31.3,33.8,35.3,36.0,37.7,38.1,38.1,37.9,37.4,35.7,33.9,31.4,29.2,26.3,24.4,20.9,17.8,12.7,8.9,5.3,2.0,46.0,48.4,48.9,13.1,0.9,75.7,18.1,22.0,79.7,,,OBAnorm,,LD831_01996v2.403,,,,0,0
GLBALSTL,2024-05-24 01:15:50.000,26.3,26.9,30.4,29.6,32.5,35.0,33.5,33.5,35.3,35.0,35.1,32.7,33.4,35.8,37.2,36.2,37.9,37.9,38.1,37.2,36.7,35.3,33.3,30.6,28.1,25.5,22.6,19.5,15.9,11.9,7.8,4.5,1.7,45.6,48.5,48.9,13.1,0.8,75.7,18.1,22.0,79.7,,,OBAnorm,,LD831_01996v2.403,,,,0,0
GLBALSTL,2024-05-24 01:15:51.000,22.7,28.8,32.7,30.0,30.2,34.4,32.9,33.1,32.0,34.7,38.0,37.6,36.0,36.7,35.8,36.8,37.4,38.1,37.8,37.0,36.4,34.8,32.7,29.8,27.0,23.6,21.3,18.0,14.4,10.8,6.8,3.8,1.6,45.5,49.0,49.4,13.1,0.8,75.7,18.1,21.6,77.8,,,OBAnorm,,LD831_01996v2.403,,,,0,0
GLBALSTL,2024-05-24 01:15:52.000,26.4,28.9,32.7,29.0,31.5,31.6,31.3,32.0,31.9,39.3,36.7,34.6,35.2,34.4,36.1,36.4,38.3,37.9,37.8,37.3,36.6,35.0,33.3,30.5,27.9,25.2,21.7,18.9,15.1,11.3,6.5,3.6,1.5,45.4,48.0,48.7,13.1,0.8,75.7,18.0,21.6,77.8,,,OBAnorm,,LD831_01996v2.403,,,,0,0
GLBALSTL,2024-05-24 01:15:53.000,28.4,21.4,33.2,31.0,28.8,30.9,31.1,31.2,34.8,33.6,33.3,31.8,28.6,32.5,35.6,36.6,38.1,38.3,38.4,38.1,37.0,34.9,33.8,30.8,27.6,24.3,20.9,18.0,13.6,8.9,5.4,3.2,1.2,45.9,48.0,48.5,13.1,0.8,75.7,18.0,22.0,79.7,,,OBAnorm,,LD831_01996v2.403,,,,0,0
GLBALSTL,2024-05-24 01:15:54.000,26.7,28.2,31.3,30.2,30.9,33.0,32.2,31.9,33.3,33.4,33.9,30.6,30.8,33.8,36.9,37.3,37.7,37.7,37.5,37.9,36.6,35.3,33.1,31.1,27.9,24.7,21.0,18.9,14.3,9.1,5.4,3.3,1.3,45.6,48.0,48.6,13.1,1.0,75.7,18.0,22.0,79.7,,,OBAnorm,,LD831_01996v2.403,,,,0,0
GLBALSTL,2024-05-24 01:15:55.000,22.8,26.3,32.3,29.8,31.9,31.9,32.6,32.8,33.2,35.2,34.0,31.1,31.1,32.4,35.7,37.1,36.7,37.8,37.9,38.0,37.1,35.8,33.4,31.0,28.0,25.8,23.9,19.9,16.4,11.9,7.2,3.9,1.5,45.8,48.0,48.6,13.1,1.1,75.7,18.0,22.0,79.7,,,OBAnorm,,LD831_01996v2.403,,,,0,0
GLBALSTL,2024-05-24 01:15:56.000,25.6,32.2,27.8,29.4,30.9,33.4,30.8,32.5,31.9,35.2,32.2,32.0,30.1,32.1,35.8,37.0,38.0,38.6,38.8,38.1,36.9,35.7,34.4,31.4,28.6,24.8,21.4,17.4,13.7,9.4,6.0,3.6,1.4,46.0,48.0,48.5,13.1,1.2,75.7,18.1,22.0,80.2,,,OBAnorm,,LD831_01996v2.403,,,,0,0
GLBALSTL,2024-05-24 01:15:57.000,19.6,28.9,30.3,27.7,28.9,31.2,33.7,33.2,33.5,35.7,34.1,34.4,30.7,33.2,35.5,36.4,36.0,36.3,36.5,36.5,35.8,34.6,32.3,30.0,26.4,23.6,21.6,18.3,15.1,11.1,6.9,3.6,1.5,44.5,47.5,48.2,13.1,1.2,75.7,18.0,22.0,80.2,,,OBAnorm,,LD831_01996v2.403,,,,0,0
GLBALSTL,2024-05-24 01:15:58.000,22.9,27.3,31.6,30.1,30.8,33.8,33.1,33.8,32.9,33.8,32.3,32.8,32.7,34.3,36.7,37.9,37.0,37.8,37.5,37.8,36.5,35.4,34.6,31.4,28.8,25.6,22.7,20.2,16.7,12.5,8.3,5.1,2.2,45.9,48.3,49.5,13.1,1.1,75.7,18.0,22.0,80.2,,,OBAnorm,,LD831_01996v2.403,,,,0,0
GLBALSTL,2024-05-24 01:15:59.000,23.6,24.6,27.5,27.0,30.8,32.9,33.3,31.0,32.8,33.1,31.9,33.4,33.4,31.6,35.4,36.8,37.5,37.7,38.4,37.2,36.6,35.9,34.0,31.0,28.3,25.3,22.1,18.8,14.8,10.7,6.4,4.0,1.5,45.7,47.7,48.3,13.1,1.0,75.7,18.0,22.0,80.2,,,OBAnorm,,LD831_01996v2.403,,,,0,0
GLBALSTL,2024-05-24 01:16:00.000,22.4,26.3,34.7,29.8,30.0,30.7,33.4,31.4,33.9,34.0,33.3,31.8,32.8,34.4,35.7,37.0,37.7,37.4,38.5,39.1,38.4,36.4,34.2,32.1,28.5,26.0,23.1,20.8,17.2,11.4,7.4,4.0,1.4,46.5,48.4,48.9,13.1,0.9,75.7,18.1,22.0,79.7,,,OBAnorm,,LD831_01996v2.403,,,,0,0
GLBALSTL,2024-05-24 01:16:01.000,26.1,27.1,31.3,32.1,29.9,33.0,33.0,33.5,34.0,32.8,32.2,29.1,31.2,32.3,34.8,36.6,35.9,37.2,37.2,37.7,36.4,34.6,32.9,30.2,27.5,24.1,21.5,19.2,15.8,10.6,7.1,3.7,1.6,45.1,47.2,47.8,13.1,0.8,75.7,18.0,22.0,80.2,,,OBAnorm,,LD831_01996v2.403,,,,0,0
GLBALSTL,2024-05-24 01:16:02.000,25.0,31.0,30.7,28.6,31.7,32.5,29.4,34.4,32.4,33.0,29.6,28.1,29.3,32.2,34.8,35.0,36.9,37.0,37.0,37.0,36.0,34.7,33.0,29.5,26.8,23.5,20.5,17.7,14.4,9.9,6.2,3.5,1.4,44.9,47.0,47.8,13.1,0.7,75.7,18.1,22.0,80.2,,,OBAnorm,,LD831_01996v2.403,,,,0,0
GLBALSTL,2024-05-24 01:16:03.000,24.8,25.7,27.7,31.2,32.1,31.8,32.1,33.5,33.3,32.2,32.3,27.3,26.9,31.6,34.7,35.6,37.2,38.0,37.3,36.5,36.1,35.0,33.1,31.0,27.6,25.5,22.4,19.3,14.9,11.5,7.6,3.6,1.7,45.0,47.1,47.7,13.1,0.7,75.7,18.0,22.0,80.2,,,OBAnorm,,LD831_01996v2.403,,,,0,0
GLBALSTL,2024-05-24 01:16:04.000,24.2,28.6,28.7,27.4,28.3,31.1,30.8,31.6,32.9,31.8,32.0,29.8,30.3,31.6,34.9,35.1,35.6,35.8,36.3,36.1,35.5,33.7,32.0,28.8,25.8,22.9,20.5,18.2,14.8,10.8,7.4,3.8,1.7,44.0,46.6,47.4,13.1,0.7,75.7,18.1,22.0,80.2,,,OBAnorm,,LD831_01996v2.403,,,,0,0
GLBALSTL,2024-05-24 01:16:05.000,28.1,28.5,30.3,26.7,32.1,32.3,34.1,32.0,32.3,34.0,29.8,30.4,33.5,33.7,34.8,36.1,36.0,36.7,36.6,36.0,35.5,34.1,31.7,28.8,26.0,23.0,19.9,17.6,13.8,9.7,6.3,3.2,1.4,44.3,46.9,47.6,13.1,0.6,75.7,18.1,22.0,80.2,,,OBAnorm,,LD831_01996v2.403,,,,0,0
GLBALSTL,2024-05-24 01:16:06.000,27.6,28.6,31.5,30.6,31.7,31.0,29.8,33.0,32.5,33.2,31.2,28.8,29.6,32.9,34.5,37.4,38.6,39.2,37.8,37.1,36.4,36.1,34.0,30.4,28.1,24.3,20.5,17.2,13.6,10.1,6.3,3.7,1.3,45.7,47.7,48.3,13.1,0.6,75.7,18.1,22.0,80.2,,,OBAnorm,,LD831_01996v2.403,,,,0,0
GLBALSTL,2024-05-24 01:16:07.000,23.2,26.0,30.8,29.2,31.4,29.5,30.0,33.0,30.0,34.4,31.4,30.2,33.4,31.9,33.4,34.8,36.6,36.9,36.3,36.5,35.5,34.5,32.7,30.1,26.9,24.5,21.9,18.8,16.1,11.2,8.2,4.4,1.7,44.5,46.8,47.6,13.1,0.6,75.7,18.1,22.0,80.2,,,OBAnorm,,LD831_01996v2.403,,,,0,0
GLBALSTL,2024-05-24 01:16:08.000,26.2,29.4,29.0,28.5,31.1,31.3,31.9,31.9,32.2,31.6,32.2,29.2,29.3,31.7,34.0,35.6,36.9,37.5,38.2,36.8,36.8,35.9,33.3,30.9,27.9,24.9,22.4,18.8,16.1,12.2,7.8,4.2,1.8,45.5,47.4,47.9,13.1,0.6,75.7,18.1,22.0,80.2,,,OBAnorm,,LD831_01996v2.403,,,,0,0
GLBALSTL,2024-05-24 01:16:09.000,25.4,27.1,29.6,25.4,31.1,32.5,31.3,31.9,32.1,32.7,31.6,28.5,28.8,31.8,33.7,35.3,36.9,37.6,37.2,37.2,36.1,35.0,32.6,30.2,26.7,23.6,20.4,17.1,13.3,9.6,5.6,3.1,1.3,44.8,46.9,47.5,13.1,0.6,75.7,18.1,22.0,80.2,,,OBAnorm,,LD831_01996v2.403,,,,0,0
GLBALSTL,2024-05-24 01:16:10.000,20.1,29.1,27.8,29.2,29.9,32.6,31.0,32.7,29.8,34.4,30.5,30.4,32.6,32.6,34.5,35.5,36.9,37.9,37.1,37.3,37.3,35.4,34.1,31.3,28.7,26.5,25.1,22.0,18.1,14.6,9.6,5.4,2.2,45.7,47.7,48.2,13.1,0.6,75.7,18.0,22.0,80.2,,,OBAnorm,,LD831_01996v2.403,,,,0,0
GLBALSTL,2024-05-24 01:16:11.000,25.6,27.5,28.6,29.9,27.1,34.0,34.7,32.8,32.6,33.6,30.2,31.1,31.9,32.4,34.5,35.8,37.3,37.7,38.1,38.0,36.9,36.6,33.8,30.9,28.4,25.7,22.9,19.9,17.6,13.0,8.9,5.0,2.1,45.8,47.8,48.6,13.1,0.7,75.7,18.1,22.0,80.2,,,OBAnorm,,LD831_01996v2.403,,,,0,0
GLBALSTL,2024-05-24 01:16:12.000,21.4,29.5,28.2,27.8,29.6,34.3,32.5,32.8,31.7,32.2,31.1,27.8,30.4,32.1,34.4,35.9,37.9,37.9,39.1,37.6,37.5,36.0,35.2,31.3,29.1,26.1,23.8,20.5,17.3,13.6,8.7,4.8,2.0,46.1,47.8,48.5,13.1,0.8,75.7,18.0,22.0,80.2,,,OBAnorm,,LD831_01996v2.403,,,,0,0
GLBALSTL,2024-05-24 01:16:13.000,22.4,26.2,28.5,30.5,31.4,31.4,34.1,33.0,30.7,31.9,30.9,28.0,32.1,31.4,34.4,36.1,36.9,37.6,37.5,37.6,36.6,35.5,34.2,31.2,27.6,25.0,23.2,19.2,16.4,12.4,8.1,4.5,1.8,45.5,47.5,48.4,13.1,0.8,75.7,18.0,22.0,80.2,,,OBAnorm,,LD831_01996v2.403,,,,0,0
GLBALSTL,2024-05-24 01:16:14.000,26.4,24.0,30.2,31.0,29.2,31.8,30.7,33.5,31.2,33.0,31.5,36.5,31.0,33.7,34.9,36.7,38.3,38.6,38.5,38.2,37.8,36.0,34.8,31.7,28.2,26.4,24.2,21.0,18.7,13.5,8.4,4.8,1.9,46.3,48.3,49.6,13.1,1.0,75.7,18.1,22.0,80.2,,,OBAnorm,,LD831_01996v2.403,,,,0,0
GLBALSTL,2024-05-24 01:16:15.000,25.9,26.4,25.4,29.8,30.6,33.2,31.5,32.7,31.3,30.3,31.1,27.7,30.9,32.7,34.4,36.3,36.4,37.8,39.3,38.0,37.4,35.7,34.0,31.8,27.7,25.5,22.5,19.3,16.3,11.2,6.9,4.0,1.7,45.9,47.6,50.0,13.1,1.1,75.6,18.1,22.0,80.2,,,OBAnorm,,LD831_01996v2.403,,,,0,0
GLBALSTL,2024-05-24 01:16:16.000,24.9,29.8,30.0,26.8,29.3,31.5,33.3,31.6,32.4,29.8,31.3,29.2,29.9,29.0,33.1,35.7,37.9,38.0,36.5,37.1,36.7,35.8,33.9,31.2,28.0,24.3,22.4,19.9,16.8,11.6,7.5,4.2,1.8,45.4,47.1,48.2,13.1,1.1,75.6,18.1,22.0,80.2,,,OBAnorm,,LD831_01996v2.403,,,,0,0
GLBALSTL,2024-05-24 01:16:17.000,26.7,29.9,29.1,27.9,29.5,31.5,31.2,32.0,32.3,32.1,30.5,30.3,32.6,32.1,35.1,36.9,38.7,39.4,39.3,38.0,37.1,36.0,34.0,31.1,29.0,25.8,23.4,19.8,15.8,11.5,7.8,4.3,1.7,46.4,48.3,50.9,13.1,1.1,75.7,18.0,22.0,80.2,,,OBAnorm,,LD831_01996v2.403,,,,0,0
GLBALSTL,2024-05-24 01:16:18.000,22.9,30.9,33.9,30.6,29.9,29.4,29.2,33.4,32.5,32.3,30.5,31.7,33.3,35.5,35.3,36.7,37.8,38.0,38.0,37.8,36.7,35.5,33.9,31.1,28.4,25.4,23.5,20.4,17.3,13.9,9.4,4.8,2.0,45.8,47.9,50.0,13.1,1.1,75.7,18.0,22.0,80.2,,,OBAnorm,,LD831_01996v2.403,,,,0,0
GLBALSTL,2024-05-24 01:16:19.000,26.4,30.6,31.1,29.1,28.0,31.7,31.3,33.3,32.3,33.3,31.3,28.6,30.0,31.7,32.5,36.0,37.1,38.0,37.8,37.9,36.7,35.4,33.4,30.9,28.0,24.8,22.0,18.1,13.7,9.8,5.8,3.4,1.5,45.5,47.4,47.8,13.1,1.1,75.7,18.0,22.0,80.2,,,OBAnorm,,LD831_01996v2.403,,,,0,0
GLBALSTL,2024-05-24 01:16:20.000,26.7,31.6,29.5,29.3,29.1,30.0,32.8,31.2,31.9,31.5,31.4,30.6,32.8,33.7,36.4,38.4,39.8,40.3,39.8,39.1,38.6,37.9,36.4,33.2,30.3,27.2,24.4,20.6,17.7,12.6,8.4,4.7,1.8,47.7,49.3,50.0,13.1,1.1,75.7,18.1,22.0,80.2,,,OBAnorm,,LD831_01996v2.403,,,,0,0
GLBALSTL,2024-05-24 01:16:21.000,26.4,26.1,29.9,29.7,30.7,30.0,32.2,31.4,31.3,33.3,32.3,28.8,29.3,32.3,32.8,35.9,36.4,37.8,37.8,37.7,36.7,35.4,33.9,30.9,27.1,25.5,23.5,19.0,15.2,10.7,7.1,3.9,1.7,45.3,47.2,47.8,13.1,1.1,75.7,18.0,22.0,80.2,,,OBAnorm,,LD831_01996v2.403,,,,0,0
GLBALSTL,2024-05-24 01:16:22.000,22.9,28.3,29.5,31.5,30.1,31.9,29.1,31.9,31.9,31.9,31.2,30.1,31.4,33.6,35.2,36.7,36.7,37.7,37.4,36.5,35.8,35.0,32.7,29.9,27.1,24.3,21.6,18.3,14.7,10.2,6.0,3.3,1.3,45.0,47.0,47.5,13.1,1.1,75.7,18.0,22.0,80.2,,,OBAnorm,,LD831_01996v2.403,,,,0,0
GLBALSTL,2024-05-24 01:16:23.000,25.9,26.0,30.5,30.2,30.2,32.2,29.2,31.7,30.3,32.7,32.3,32.1,31.6,33.5,35.2,36.5,38.1,38.6,38.0,37.5,35.7,35.9,33.8,30.8,27.9,24.6,21.2,18.3,14.4,10.2,6.0,3.5,1.4,45.8,47.9,48.5,13.1,1.0,75.7,18.0,22.0,80.2,,,OBAnorm,,LD831_01996v2.403,,,,0,0
GLBALSTL,2024-05-24 01:16:24.000,22.5,28.4,27.7,31.9,30.5,29.8,32.1,27.7,32.5,32.3,32.1,29.9,34.2,34.3,35.1,36.8,37.8,39.2,37.8,37.6,37.3,36.2,34.2,31.5,28.9,27.2,27.1,22.9,20.0,15.9,11.5,5.5,2.7,46.0,47.8,48.3,13.1,1.0,75.7,18.0,22.0,80.2,,,OBAnorm,,LD831_01996v2.403,,,,0,0
GLBALSTL,2024-05-24 01:16:25.000,27.4,28.3,32.1,28.4,31.4,31.7,31.7,29.4,31.6,33.3,32.7,29.4,32.1,32.7,33.8,35.5,36.6,37.3,37.3,36.9,36.0,34.9,33.5,30.2,26.8,23.9,21.9,18.6,14.8,11.4,7.6,4.2,2.0,45.0,47.2,47.6,13.1,1.0,75.7,18.0,22.0,80.2,,,OBAnorm,,LD831_01996v2.403,,,,0,0
GLBALSTL,2024-05-24 01:16:26.000,29.1,29.0,30.5,26.8,29.6,30.1,30.0,29.8,31.9,33.6,32.1,27.9,31.7,32.0,33.2,36.1,36.9,37.7,37.0,37.1,36.4,35.3,33.1,31.0,28.1,24.9,21.9,18.8,15.1,10.8,6.9,3.7,1.6,45.2,47.2,47.7,13.1,1.0,75.7,18.0,22.0,80.2,,,OBAnorm,,LD831_01996v2.403,,,,0,0
GLBALSTL,2024-05-24 01:16:27.000,20.8,26.9,28.8,29.7,31.4,30.6,30.8,30.5,31.1,34.4,35.3,37.2,37.8,36.7,36.3,36.9,38.3,38.0,37.7,37.3,36.1,34.9,33.6,30.3,27.6,25.0,22.8,19.9,17.2,13.0,8.6,4.8,1.7,45.6,49.0,49.3,13.1,1.0,75.7,18.1,22.0,80.2,,,OBAnorm,,LD831_01996v2.403,,,,0,0
GLBALSTL,2024-05-24 01:16:28.000,28.5,24.2,27.0,28.0,29.7,29.3,32.2,34.0,32.2,33.5,35.6,34.5,34.4,34.5,34.6,35.5,37.6,37.8,38.5,37.7,37.7,37.0,34.2,31.7,28.3,24.5,22.0,18.0,14.5,10.9,7.1,4.0,1.7,46.1,47.8,48.5,13.1,0.9,75.7,18.0,22.0,80.2,,,OBAnorm,,LD831_01996v2.403,,,,0,0
GLBALSTL,2024-05-24 01:16:29.000,21.5,27.2,29.1,28.6,28.1,33.2,30.5,31.8,30.9,32.1,31.4,31.9,33.4,33.7,33.5,36.7,37.2,38.3,38.1,38.2,37.6,35.6,34.0,31.0,28.1,24.9,22.1,19.3,15.1,10.7,6.7,3.7,1.2,45.9,47.9,48.4,13.1,0.9,75.6,18.0,22.0,80.2,,,OBAnorm,,LD831_01996v2.403,,,,0,0
GLBALSTL,2024-05-24 01:16:30.000,22.1,27.4,28.4,28.7,31.2,33.9,31.4,30.9,31.3,31.6,31.1,33.7,33.1,34.0,35.8,36.8,37.7,38.6,39.1,38.7,37.5,35.6,33.9,31.1,28.0,25.1,22.2,20.0,15.9,11.2,7.0,3.9,1.4,46.2,48.2,48.7,13.1,0.8,75.7,18.0,22.0,80.2,,,OBAnorm,,LD831_01996v2.403,,,,0,0
GLBALSTL,2024-05-24 01:16:31.000,23.2,27.9,33.0,26.6,31.5,31.6,31.9,31.1,31.0,31.1,30.1,27.8,29.4,32.9,34.4,36.8,37.3,38.6,38.7,37.9,37.7,35.9,34.5,31.4,28.7,26.7,22.7,20.1,16.1,13.0,7.8,3.9,1.6,46.2,47.9,48.3,13.1,0.8,75.7,18.0,22.0,80.2,,,OBAnorm,,LD831_01996v2.403,,,,0,0
GLBALSTL,2024-05-24 01:16:32.000,23.7,29.3,31.6,27.0,30.4,30.4,29.3,32.5,30.7,32.1,31.1,33.5,34.6,35.8,36.4,37.3,38.6,39.0,37.8,38.5,38.3,37.3,35.2,32.2,29.2,26.4,23.1,20.9,16.8,12.4,8.1,4.8,1.8,46.8,48.9,49.5,13.1,0.7,75.7,18.0,22.1,80.3,,,OBAnorm,,LD831_01996v2.403,,,,0,0
GLBALSTL,2024-05-24 01:16:33.000,26.8,25.9,31.6,28.6,29.7,32.1,31.8,30.7,30.6,32.1,31.2,31.4,34.1,34.4,35.1,37.1,37.5,38.0,37.8,37.5,37.1,36.0,34.3,32.3,28.5,26.3,25.6,21.7,18.7,14.3,9.7,5.3,2.4,45.9,47.7,48.4,13.1,0.6,75.7,18.1,22.1,80.3,,,OBAnorm,,LD831_01996v2.403,,,,0,0
GLBALSTL,2024-05-24 01:16:34.000,23.5,27.1,29.6,27.0,31.9,29.3,30.8,31.3,29.1,31.4,30.3,27.3,30.9,31.1,34.2,35.7,37.1,38.0,37.4,37.7,37.0,35.5,33.9,31.3,27.6,25.5,22.9,19.3,16.6,12.4,7.9,4.4,1.7,45.5,47.2,48.0,13.1,0.5,75.7,18.0,22.1,80.3,,,OBAnorm,,LD831_01996v2.403,,,,0,0
GLBALSTL,2024-05-24 01:16:35.000,25.4,29.2,26.1,28.4,31.4,30.7,31.5,27.5,31.5,30.4,30.7,27.6,29.9,32.5,34.4,36.9,37.5,38.9,37.5,37.7,36.5,35.9,34.7,32.0,28.7,25.4,22.0,18.7,15.2,10.4,6.8,3.6,1.5,45.9,47.6,48.6,13.1,0.5,75.7,18.0,22.1,80.3,,,OBAnorm,,LD831_01996v2.403,,,,0,0
GLBALSTL,2024-05-24 01:16:36.000,23.3,30.6,31.5,29.5,29.8,31.8,30.7,30.7,30.5,32.2,30.0,28.1,30.6,32.3,33.6,36.6,37.4,37.2,37.8,37.7,36.8,35.8,34.3,31.0,28.0,24.8,22.0,19.3,15.7,10.9,6.9,4.0,1.5,45.6,47.3,48.3,13.1,0.5,75.7,18.0,22.1,80.3,,,OBAnorm,,LD831_01996v2.403,,,,0,0
GLBALSTL,2024-05-24 01:16:37.000,25.6,26.9,29.0,29.2,28.2,29.7,32.5,31.1,31.5,29.9,28.1,27.2,30.2,32.1,33.8,36.0,37.2,37.8,37.6,37.8,36.7,35.7,34.1,30.5,27.4,24.9,22.1,19.0,16.0,11.5,8.3,4.3,1.7,45.6,47.2,48.3,13.1,0.4,75.7,18.0,22.0,80.2,,,OBAnorm,,LD831_01996v2.403,,,,0,0
GLBALSTL,2024-05-24 01:16:38.000,24.2,27.6,30.9,31.0,29.7,32.0,31.5,29.4,30.3,31.6,28.4,26.9,31.4,33.5,33.2,36.5,36.9,37.6,37.9,37.8,36.8,35.9,34.1,31.2,27.6,24.7,21.7,18.0,14.7,10.5,7.0,3.7,1.5,45.6,47.3,48.4,13.1,0.3,75.7,18.0,22.0,80.2,,,OBAnorm,,LD831_01996v2.403,,,,0,0
GLBALSTL,2024-05-24 01:16:39.000,25.2,27.9,28.9,28.6,25.2,31.4,28.0,31.7,31.3,31.0,29.1,27.3,29.2,32.8,33.0,34.4,36.3,36.9,37.0,37.4,36.4,34.3,32.4,30.0,26.3,23.2,20.4,18.2,13.9,9.1,5.8,3.2,1.2,44.8,46.7,48.5,13.1,0.3,75.7,18.0,22.0,80.2,,,OBAnorm,,LD831_01996v2.403,,,,0,0
GLBALSTL,2024-05-24 01:16:40.000,25.9,27.0,30.9,29.9,30.0,30.3,32.4,29.7,31.0,30.2,29.9,26.9,31.6,33.1,33.9,35.9,37.7,38.9,38.4,37.9,37.6,36.1,34.6,31.3,28.4,25.5,22.8,19.7,16.2,11.8,7.4,4.1,1.7,46.2,47.8,48.9,13.1,0.3,75.7,18.0,22.0,80.2,,,OBAnorm,,LD831_01996v2.403,,,,0,0
GLBALSTL,2024-05-24 01:16:41.000,25.8,28.7,30.3,31.0,28.2,32.7,31.8,29.4,29.8,28.1,29.5,29.2,35.1,32.3,35.0,37.0,38.3,37.9,38.2,37.5,38.0,36.8,34.9,32.0,29.1,26.6,23.5,20.4,16.9,13.1,9.0,5.3,2.4,46.3,48.1,48.7,13.1,0.3,75.7,18.1,22.0,80.2,,,OBAnorm,,LD831_01996v2.403,,,,0,0
GLBALSTL,2024-05-24 01:16:42.000,24.5,28.4,29.3,26.9,29.0,32.9,31.3,30.9,29.2,30.3,31.6,33.5,33.0,34.0,33.4,36.9,36.8,37.7,36.9,36.8,36.7,36.0,33.8,30.3,27.6,24.1,22.0,18.8,15.2,11.1,6.4,3.8,1.5,45.3,47.1,47.7,13.1,0.3,75.7,18.0,19.5,74.0,,,OBAnorm,,LD831_01996v2.403,,,,0,0
GLBALSTL,2024-05-24 01:16:43.000,24.8,29.6,30.3,29.6,29.8,29.2,31.3,29.5,29.6,28.9,29.0,25.5,27.2,31.4,32.4,34.8,36.7,36.4,37.1,36.0,35.1,33.9,32.9,29.6,26.2,22.8,20.2,16.1,12.3,8.5,5.1,3.0,1.4,44.2,46.0,46.7,13.1,0.2,75.7,18.1,19.6,74.1,,,OBAnorm,,LD831_01996v2.403,,,,0,0
GLBALSTL,2024-05-24 01:16:44.000,26.8,25.0,29.7,28.8,32.4,32.1,29.7,29.8,30.0,30.6,29.2,27.8,31.2,33.1,33.5,35.8,36.1,36.4,36.7,36.4,36.0,34.7,33.1,31.0,27.4,24.7,22.1,19.8,17.3,13.0,8.1,4.6,1.9,44.7,46.4,47.0,13.1,0.2,75.7,18.0,22.0,80.2,,,OBAnorm,,LD831_01996v2.403,,,,0,0
GLBALSTL,2024-05-24 01:16:45.000,22.3,29.1,27.2,29.6,30.0,30.6,27.3,30.0,29.6,30.6,31.4,30.2,30.9,35.4,34.0,36.5,37.2,37.8,36.7,38.0,37.0,35.3,34.3,31.3,27.7,24.9,22.8,20.6,17.4,12.9,8.7,4.9,2.1,45.7,47.5,47.9,13.1,0.2,75.7,18.0,22.0,80.2,,,OBAnorm,,LD831_01996v2.403,,,,0,0
GLBALSTL,2024-05-24 01:16:46.000,22.8,27.3,31.7,28.6,30.1,29.3,29.6,30.9,29.0,29.8,28.7,26.4,30.0,31.0,34.0,36.3,37.7,38.0,37.8,37.6,37.2,36.0,34.7,31.5,28.3,25.6,22.8,19.2,16.0,11.9,7.4,4.2,1.8,45.8,47.3,47.7,13.1,0.2,75.7,18.0,22.0,80.2,,,OBAnorm,,LD831_01996v2.403,,,,0,0
GLBALSTL,2024-05-24 01:16:47.000,25.4,28.9,28.0,24.8,30.4,29.8,31.5,29.5,30.2,30.9,30.9,28.6,31.6,33.1,33.9,36.9,36.1,37.3,37.3,37.2,36.4,34.7,33.4,30.1,27.0,24.1,21.6,19.0,15.8,11.1,7.0,3.9,1.5,45.0,47.0,47.4,13.1,0.2,75.7,18.0,18.1,72.7,,,OBAnorm,,LD831_01996v2.403,,,,0,0
GLBALSTL,2024-05-24 01:16:48.000,26.1,29.6,27.8,25.7,28.4,30.8,30.8,29.5,28.6,30.1,29.9,28.2,35.1,34.7,34.6,36.2,37.4,37.9,37.1,36.8,36.1,34.7,32.9,29.9,26.9,23.8,21.0,17.5,13.9,10.6,6.6,3.5,1.5,45.0,47.1,47.4,13.1,0.2,75.7,18.0,18.1,72.7,,,OBAnorm,,LD831_01996v2.403,,,,0,0
GLBALSTL,2024-05-24 01:16:49.000,22.0,24.5,27.5,27.6,30.0,29.8,30.8,30.3,28.2,29.4,30.0,27.6,31.5,33.6,34.0,36.6,37.2,37.6,38.8,37.5,36.2,35.2,33.7,30.9,28.5,24.6,22.3,19.1,16.1,12.4,8.2,4.6,1.7,45.6,47.4,47.7,13.1,0.2,75.7,18.1,21.9,80.2,,,OBAnorm,,LD831_01996v2.403,,,,0,0
GLBALSTL,2024-05-24 01:16:50.000,23.0,25.9,30.3,30.4,29.3,30.0,30.5,30.8,30.5,29.3,28.2,27.7,29.0,32.5,32.7,34.3,35.6,36.3,36.4,35.4,34.9,33.5,31.5,29.0,25.4,22.6,19.8,16.6,13.3,9.0,6.3,3.2,1.4,43.6,45.8,46.5,13.1,0.2,75.7,18.1,21.9,80.2,,,OBAnorm,,LD831_01996v2.403,,,,0,0
GLBALSTL,2024-05-24 01:16:51.000,22.0,27.5,30.3,29.5,28.4,29.8,31.8,30.9,31.2,30.3,30.4,25.9,30.6,32.7,33.6,35.2,36.3,36.9,36.8,36.5,35.4,34.3,32.2,29.1,26.0,22.4,18.7,15.9,11.5,7.7,4.9,2.8,1.1,44.4,46.2,47.0,13.1,0.2,75.7,18.0,21.9,80.2,,,OBAnorm,,LD831_01996v2.403,,,,0,0
GLBALSTL,2024-05-24 01:16:52.000,26.0,26.4,28.0,28.8,30.1,27.7,29.4,29.3,27.1,31.0,30.2,27.1,30.4,32.2,33.8,35.8,37.1,37.7,37.3,36.6,36.0,34.5,32.8,30.5,26.9,23.0,19.6,16.3,12.2,7.7,4.7,2.8,1.3,44.8,46.6,47.1,13.1,0.2,75.7,18.1,21.9,80.2,,,OBAnorm,,LD831_01996v2.403,,,,0,0
GLBALSTL,2024-05-24 01:16:53.000,27.8,28.3,29.3,27.7,27.5,31.0,29.6,29.3,30.6,31.9,29.8,27.4,30.2,33.8,34.1,35.3,37.3,37.1,38.0,36.8,36.1,34.6,33.4,30.1,26.9,24.1,22.0,19.5,14.7,9.2,5.8,3.1,1.2,45.1,47.0,47.8,13.1,0.2,75.6,18.0,21.9,80.2,,,OBAnorm,,LD831_01996v2.403,,,,0,0
GLBALSTL,2024-05-24 01:16:54.000,23.1,29.2,29.1,29.6,29.3,32.1,29.0,31.3,27.4,30.2,30.8,27.9,30.2,31.9,34.7,36.5,37.0,38.7,37.7,38.0,36.6,35.1,34.2,31.1,28.5,25.5,21.8,18.6,15.0,10.4,6.7,3.6,1.7,45.7,47.5,48.8,13.1,0.2,75.7,18.1,21.9,80.2,,,OBAnorm,,LD831_01996v2.403,,,,0,0
GLBALSTL,2024-05-24 01:16:55.000,25.6,30.5,33.6,31.2,31.4,30.2,32.7,29.5,29.0,31.1,33.3,34.3,33.0,34.5,35.2,35.9,37.1,37.2,36.9,37.3,36.3,35.4,33.4,30.3,27.8,24.8,21.4,19.0,14.7,10.0,6.6,3.3,1.5,45.2,47.4,48.5,13.1,0.1,75.7,18.3,21.9,80.2,,,OBAnorm,,LD831_01996v2.403,,,,0,0
GLBALSTL,2024-05-24 01:16:56.000,21.0,24.0,29.2,27.9,28.5,30.7,30.4,27.6,30.7,32.0,31.9,29.1,31.0,32.1,33.9,36.4,36.2,37.7,37.4,36.5,37.0,35.1,33.4,30.5,28.0,24.8,21.6,18.4,13.7,9.0,5.8,3.1,1.2,45.2,47.0,47.5,13.1,0.1,75.7,18.0,21.9,80.2,,,OBAnorm,,LD831_01996v2.403,,,,0,0
GLBALSTL,2024-05-24 01:16:57.000,26.8,29.3,27.1,30.9,27.8,31.9,30.4,29.6,30.0,30.8,31.0,26.9,29.5,32.0,34.0,35.4,36.5,38.2,36.9,37.5,36.4,35.1,33.6,30.7,27.2,24.3,21.0,18.4,13.9,9.4,5.8,3.5,1.5,45.2,46.9,47.4,13.1,0.1,75.7,18.0,21.9,80.2,,,OBAnorm,,LD831_01996v2.403,,,,0,0
GLBALSTL,2024-05-24 01:16:58.000,27.6,28.9,31.4,29.5,28.9,30.4,31.0,29.6,28.7,30.5,31.2,30.5,30.0,31.6,33.8,35.9,36.1,37.0,37.2,36.7,35.6,34.7,33.2,29.7,27.1,24.2,20.9,18.0,14.6,10.2,6.1,3.2,1.4,44.7,46.6,47.4,13.1,0.1,75.7,18.0,21.9,80.2,,,OBAnorm,,LD831_01996v2.403,,,,0,0
GLBALSTL,2024-05-24 01:16:59.000,27.0,28.4,28.9,29.8,28.8,32.4,30.7,31.1,31.2,31.6,30.1,28.9,29.7,32.9,34.9,36.4,37.1,36.7,36.1,36.3,35.7,34.3,32.6,29.8,27.1,23.8,22.0,19.2,15.7,10.8,7.2,3.8,1.5,44.5,46.6,47.3,13.1,0.1,75.7,18.1,22.0,80.2,,,OBAnorm,,LD831_01996v2.403,,,,0,0
GLBALSTL,2024-05-24 01:17:00.000,25.2,28.8,28.0,30.6,26.6,31.1,29.1,29.3,28.2,31.4,30.7,28.6,31.1,33.0,35.0,35.8,36.3,36.7,36.6,36.2,36.3,34.3,33.2,30.7,27.5,24.7,22.6,19.6,16.3,12.1,8.7,4.5,1.8,44.7,46.6,47.4,13.1,0.1,75.7,18.0,22.0,80.2,,,OBAnorm,,LD831_01996v2.403,,,,0,0
GLBALSTL,2024-05-24 01:17:01.000,25.8,29.1,24.5,29.3,27.1,30.3,30.7,29.9,29.0,31.7,31.7,34.0,34.3,33.2,35.8,36.9,37.8,37.3,37.7,37.2,36.0,34.8,33.0,30.5,27.6,24.8,21.3,18.9,15.4,10.5,7.1,3.8,1.6,45.3,47.4,47.9,13.1,0.1,75.7,18.0,21.9,80.2,,,OBAnorm,,LD831_01996v2.403,,,,0,0
GLBALSTL,2024-05-24 01:17:02.000,25.1,27.6,32.2,29.2,28.8,30.2,31.1,29.4,29.0,31.3,29.6,30.6,34.0,32.8,35.6,36.4,37.0,37.8,38.3,38.2,37.5,36.3,34.2,31.0,28.0,25.8,23.8,20.7,16.0,12.8,9.4,5.3,2.2,45.9,47.7,48.4,13.1,0.1,75.7,18.0,22.0,80.2,,,OBAnorm,,LD831_01996v2.403,,,,0,0
GLBALSTL,2024-05-24 01:17:03.000,23.6,25.5,28.0,28.8,28.7,30.6,31.0,30.3,29.8,31.0,31.5,27.4,31.4,33.2,34.5,36.4,37.8,38.3,38.0,38.1,37.1,35.8,34.0,31.1,28.7,25.4,22.1,19.1,15.9,11.6,7.3,3.9,1.6,46.0,47.6,49.1,13.1,0.1,75.7,18.0,22.0,80.2,,,OBAnorm,,LD831_01996v2.403,,,,0,0
GLBALSTL,2024-05-24 01:17:04.000,26.1,25.8,30.5,31.4,25.5,30.4,29.3,29.7,28.0,31.6,31.9,31.1,34.5,33.7,34.4,37.3,37.7,38.1,38.4,37.9,37.5,36.1,34.2,31.5,28.2,25.0,22.6,19.7,16.1,11.2,7.5,4.0,1.6,46.0,47.8,49.2,13.1,0.1,75.7,18.1,22.0,80.2,,,OBAnorm,,LD831_01996v2.403,,,,0,0
GLBALSTL,2024-05-24 01:17:05.000,26.9,28.1,28.3,25.2,28.3,29.6,29.2,29.6,29.4,30.2,31.1,28.1,30.2,34.1,34.9,37.7,38.8,40.3,39.6,39.1,38.0,36.6,35.3,31.7,29.4,26.0,22.8,20.1,17.0,12.5,8.1,4.3,1.8,47.2,48.7,50.8,13.1,0.1,75.7,18.1,22.0,80.2,,,OBAnorm,,LD831_01996v2.403,,,,0,0
GLBALSTL,2024-05-24 01:17:06.000,16.6,25.6,29.4,25.4,29.6,30.0,30.7,31.0,29.8,30.5,30.7,29.2,33.5,34.5,35.3,37.3,37.8,39.9,39.2,38.7,37.3,36.3,35.1,32.0,29.4,25.4,22.1,19.0,15.5,11.9,7.3,3.6,1.6,46.6,48.3,49.4,13.1,0.1,75.7,18.1,22.0,80.2,,,OBAnorm,,LD831_01996v2.403,,,,0,0
GLBALSTL,2024-05-24 01:17:07.000,26.3,30.3,26.9,28.9,28.4,30.0,30.4,29.4,31.1,30.7,31.1,28.5,31.8,33.0,34.1,36.9,37.2,38.3,37.2,37.5,36.7,35.2,33.2,30.3,27.2,24.2,21.6,18.2,15.3,10.5,7.1,4.0,1.7,45.4,47.3,49.1,13.1,0.1,75.7,18.1,22.0,80.2,,,OBAnorm,,LD831_01996v2.403,,,,0,0
GLBALSTL,2024-05-24 01:17:08.000,22.2,22.3,30.6,27.1,30.7,31.1,31.4,30.8,28.7,29.9,30.5,28.4,33.1,33.4,35.0,36.6,36.7,38.4,37.5,37.1,36.8,34.6,33.3,30.6,27.4,24.6,21.8,18.9,15.3,11.1,6.7,3.9,1.5,45.3,47.1,48.3,13.1,0.1,75.7,18.0,22.0,80.2,,,OBAnorm,,LD831_01996v2.403,,,,0,0
GLBALSTL,2024-05-24 01:17:09.000,24.8,23.0,29.7,27.5,31.2,29.7,31.0,31.2,29.8,31.5,32.6,31.0,34.6,35.9,34.2,35.5,37.5,38.2,37.5,37.2,36.1,34.6,33.0,30.4,27.4,23.9,21.6,17.3,16.3,9.5,5.9,3.3,1.3,45.3,47.6,49.8,13.1,0.1,75.7,18.0,22.0,80.2,,,OBAnorm,,LD831_01996v2.403,,,,0,0
GLBALSTL,2024-05-24 01:17:10.000,27.6,30.6,31.1,26.6,29.9,30.4,29.9,30.5,29.5,31.9,35.3,31.9,32.2,34.2,36.0,37.4,38.2,38.8,38.2,37.9,36.7,35.6,33.7,31.2,28.1,24.7,21.6,18.4,14.1,9.5,6.0,3.3,1.5,45.8,47.8,48.5,13.1,0.1,75.7,18.0,21.9,80.2,,,OBAnorm,,LD831_01996v2.403,,,,0,0
GLBALSTL,2024-05-24 01:17:11.000,20.7,26.8,29.7,26.7,29.8,28.5,31.7,28.4,30.0,30.0,30.4,29.5,34.8,35.0,35.4,37.5,37.1,37.0,37.3,37.0,36.3,34.5,32.7,29.9,27.4,23.9,20.9,17.9,14.2,9.5,6.3,3.6,1.5,45.0,47.3,48.0,13.1,0.1,75.7,18.0,21.9,80.2,,,OBAnorm,,LD831_01996v2.403,,,,0,0
GLBALSTL,2024-05-24 01:17:12.000,20.1,27.1,27.2,27.4,29.6,30.8,30.6,29.4,29.9,31.8,30.2,26.7,30.8,34.3,35.7,37.0,38.2,39.1,38.9,37.9,37.4,36.5,35.0,31.4,28.9,25.0,22.2,18.8,14.5,10.1,6.0,3.5,1.6,46.5,48.1,48.9,13.1,0.1,75.7,18.0,21.9,80.2,,,OBAnorm,,LD831_01996v2.403,,,,0,0
GLBALSTL,2024-05-24 01:17:13.000,22.2,24.8,29.1,26.9,24.9,30.0,30.8,30.7,28.6,31.0,29.7,33.6,35.4,35.5,35.3,36.3,37.1,38.2,38.4,37.3,36.9,35.7,33.6,31.1,27.8,25.0,21.9,18.8,15.8,12.7,8.1,4.5,1.7,45.5,47.6,48.2,13.1,0.1,75.7,18.0,21.8,80.2,,,OBAnorm,,LD831_01996v2.403,,,,0,0
GLBALSTL,2024-05-24 01:17:14.000,24.5,29.5,29.9,26.5,27.5,30.1,29.4,29.2,30.0,32.2,32.1,31.9,33.6,33.5,34.8,37.5,38.2,38.5,38.2,37.7,37.3,35.4,33.5,30.6,27.3,25.0,23.6,19.5,16.2,11.5,6.8,3.9,1.5,45.9,47.9,48.4,13.1,0.0,75.7,18.0,21.8,80.2,,,OBAnorm,,LD831_01996v2.403,,,,0,0
GLBALSTL,2024-05-24 01:17:15.000,22.4,26.8,30.9,32.5,29.0,28.9,30.5,30.0,29.5,31.5,30.7,30.5,30.9,33.6,33.4,35.5,36.3,36.9,37.1,37.1,36.2,34.5,33.5,30.6,27.7,24.2,21.7,18.8,15.2,10.5,6.4,3.4,1.3,45.0,46.7,48.5,13.1,0.0,75.7,18.0,21.9,80.2,,,OBAnorm,,LD831_01996v2.403,,,,0,0
GLBALSTL,2024-05-24 01:17:16.000,18.6,22.9,30.9,28.4,28.4,28.5,30.5,31.3,30.0,29.3,30.4,27.5,29.4,33.0,34.0,35.9,36.9,37.6,37.0,37.1,36.4,34.8,33.2,30.7,27.9,24.6,21.8,18.6,14.9,10.8,6.4,3.4,1.3,45.0,46.7,47.2,13.1,0.0,75.7,18.1,21.9,80.2,,,OBAnorm,,LD831_01996v2.403,,,,0,0
GLBALSTL,2024-05-24 01:17:17.000,23.2,24.0,31.2,30.2,28.0,28.5,29.3,31.2,29.0,32.3,29.8,29.2,29.3,33.5,33.9,35.9,37.0,37.8,37.1,36.8,36.1,34.5,32.8,30.1,27.4,24.1,21.5,18.2,15.0,10.1,6.9,3.5,1.4,44.9,47.0,47.6,13.1,0.0,75.7,18.0,21.9,80.2,,,OBAnorm,,LD831_01996v2.403,,,,0,0
GLBALSTL,2024-05-24 01:17:18.000,25.8,24.7,24.9,29.1,28.7,30.4,32.1,28.8,29.3,31.1,31.7,29.0,30.8,34.5,32.4,36.0,37.0,37.1,36.5,37.1,36.2,35.3,33.2,30.2,27.1,24.7,22.2,19.0,16.1,11.5,7.7,4.5,2.2,45.0,46.9,47.4,13.1,0.2,75.6,18.0,21.9,80.2,,,OBAnorm,,LD831_01996v2.403,,,,0,0
GLBALSTL,2024-05-24 01:17:19.000,23.2,28.4,29.7,29.0,27.9,28.6,30.7,29.0,30.5,31.3,31.9,31.9,30.6,31.7,32.9,35.4,36.4,37.4,37.1,37.1,36.5,34.1,33.0,30.0,27.2,23.8,21.1,18.4,14.6,10.2,6.6,3.8,1.7,44.8,46.7,47.4,13.1,0.4,75.7,18.0,21.9,80.2,,,OBAnorm,,LD831_01996v2.403,,,,0,0
GLBALSTL,2024-05-24 01:17:20.000,23.5,29.8,28.8,27.5,30.7,30.2,30.8,30.3,28.1,32.0,31.8,29.9,30.1,32.6,32.5,35.6,36.1,37.2,36.9,36.7,35.7,34.1,32.6,29.6,27.5,23.3,20.2,17.1,13.4,9.0,5.5,3.1,1.3,44.6,46.4,47.0,13.1,0.4,75.7,18.0,21.9,80.2,,,OBAnorm,,LD831_01996v2.403,,,,0,0
GLBALSTL,2024-05-24 01:17:21.000,24.4,27.0,29.3,28.3,29.3,31.2,30.0,30.0,29.7,31.2,31.4,26.8,29.9,32.5,34.7,35.8,37.3,37.8,38.5,37.6,36.5,35.6,33.2,30.5,27.3,23.8,20.5,17.7,14.4,10.2,6.4,2.9,1.4,45.4,47.2,47.6,13.1,0.5,75.7,18.1,21.9,80.2,,,OBAnorm,,LD831_01996v2.403,,,,0,0
GLBALSTL,2024-05-24 01:17:22.000,25.3,29.4,26.2,27.7,27.0,29.1,31.0,29.5,27.9,33.0,30.5,27.5,29.6,32.5,33.3,35.7,37.7,36.7,37.0,36.9,36.6,35.3,33.6,30.7,28.9,27.1,23.4,20.0,17.1,12.1,8.4,4.7,2.4,45.2,46.9,47.3,13.1,0.5,75.7,18.0,21.9,80.8,,,OBAnorm,,LD831_01996v2.403,,,,0,0
GLBALSTL,2024-05-24 01:17:23.000,25.7,23.2,31.0,28.9,28.7,29.4,27.4,29.6,27.8,30.6,30.0,28.0,31.7,33.8,33.0,35.8,37.4,36.8,37.9,36.7,36.5,35.4,33.3,30.8,27.4,24.9,22.9,19.6,16.9,12.5,7.9,4.2,1.9,45.2,47.0,47.6,13.1,0.5,75.7,18.0,21.9,80.2,,,OBAnorm,,LD831_01996v2.403,,,,0,0
GLBALSTL,2024-05-24 01:17:24.000,18.3,23.6,29.1,27.3,27.9,31.0,28.4,30.3,30.3,31.0,30.7,29.7,31.3,35.0,34.6,36.5,37.9,38.8,39.3,38.7,37.4,36.6,35.7,32.7,29.3,27.4,25.5,22.4,20.1,15.2,10.7,6.7,2.7,46.7,48.2,48.5,13.1,0.5,75.7,18.1,21.9,80.2,,,OBAnorm,,LD831_01996v2.403,,,,0,0
GLBALSTL,2024-05-24 01:17:25.000,25.2,27.7,25.5,29.7,30.5,30.6,30.3,28.3,28.5,31.5,30.0,29.9,34.9,34.4,34.3,34.7,36.6,38.2,37.3,36.7,36.6,36.2,33.4,30.6,27.0,24.4,21.4,18.6,15.3,11.1,7.6,4.3,1.8,45.3,47.1,47.5,13.1,0.5,75.7,18.1,21.9,80.2,,,OBAnorm,,LD831_01996v2.403,,,,0,0
GLBALSTL,2024-05-24 01:17:26.000,21.0,25.7,29.1,28.9,26.6,28.8,32.0,29.0,28.3,29.8,29.8,26.8,30.6,34.2,33.5,35.8,37.6,38.5,38.3,38.3,36.3,35.1,33.6,30.9,27.8,24.7,22.4,19.1,15.4,11.9,8.0,4.5,2.0,45.8,47.6,48.0,13.1,0.5,75.7,18.0,21.9,80.2,,,OBAnorm,,LD831_01996v2.403,,,,0,0
GLBALSTL,2024-05-24 01:17:27.000,20.2,27.8,28.3,27.4,29.1,32.9,32.1,30.3,28.8,30.9,29.6,28.4,32.8,33.5,35.1,37.3,39.0,39.0,39.3,38.8,38.2,37.9,35.8,32.9,29.7,26.6,24.8,21.0,18.3,14.1,9.6,5.8,2.4,47.2,48.7,49.4,13.1,0.4,75.7,18.1,21.9,80.2,,,OBAnorm,,LD831_01996v2.403,,,,0,0
GLBALSTL,2024-05-24 01:17:28.000,23.3,24.1,26.6,28.9,27.5,30.6,31.0,26.7,27.3,32.5,31.9,31.0,34.9,37.0,35.9,37.3,38.1,38.9,38.5,38.1,37.2,35.8,34.2,30.9,28.2,25.4,23.3,20.3,16.3,12.1,7.9,4.2,1.8,46.1,48.1,49.2,13.1,0.4,75.7,18.0,21.9,80.2,,,OBAnorm,,LD831_01996v2.403,,,,0,0
GLBALSTL,2024-05-24 01:17:29.000,23.9,30.3,29.5,30.3,28.1,31.7,30.9,29.4,30.2,31.9,30.1,30.1,32.8,33.8,34.3,37.0,38.0,38.1,38.6,38.0,37.0,36.0,35.1,33.0,29.4,27.0,24.8,21.5,19.1,14.9,10.8,6.6,3.1,46.2,47.8,49.0,13.1,0.4,75.7,18.0,21.9,80.2,,,OBAnorm,,LD831_01996v2.403,,,,0,0
GLBALSTL,2024-05-24 01:17:30.000,27.0,29.7,26.6,25.8,27.1,29.8,30.5,30.3,31.8,31.0,30.7,27.4,33.0,33.2,35.6,37.8,38.8,40.1,39.3,38.7,38.5,37.0,34.8,32.3,29.1,25.8,23.4,19.6,17.1,12.7,9.2,5.1,2.1,47.0,48.5,49.5,13.1,0.4,75.7,18.0,21.9,80.2,,,OBAnorm,,LD831_01996v2.403,,,,0,0
GLBALSTL,2024-05-24 01:17:31.000,22.1,27.2,30.5,28.7,28.9,29.8,29.7,30.4,30.2,30.9,28.7,26.9,29.0,33.2,33.0,36.5,37.0,39.2,39.1,38.2,37.6,36.1,34.4,31.4,28.8,24.9,21.8,18.7,15.0,10.2,6.6,3.7,1.7,46.2,47.8,48.5,13.1,0.4,75.7,18.0,21.9,80.2,,,OBAnorm,,LD831_01996v2.403,,,,0,0
GLBALSTL,2024-05-24 01:17:32.000,25.7,24.6,29.8,26.8,30.0,33.8,33.3,29.8,29.8,33.2,31.4,31.3,30.6,32.3,34.6,36.2,36.8,37.3,38.5,36.8,36.6,34.8,33.1,30.5,28.6,25.2,22.4,19.7,15.9,11.3,7.9,4.1,1.7,45.2,47.2,47.9,13.1,0.4,75.6,18.0,21.9,80.2,,,OBAnorm,,LD831_01996v2.403,,,,0,0
GLBALSTL,2024-05-24 01:17:33.000,24.8,28.4,29.5,29.1,28.4,29.9,30.5,29.1,31.3,33.7,31.8,26.4,29.1,32.8,34.1,35.9,37.1,38.1,37.6,37.5,36.8,35.3,33.8,30.8,27.8,25.1,22.3,20.0,16.3,11.9,7.4,4.2,1.6,45.4,47.2,47.8,13.1,0.4,75.7,18.0,21.9,80.2,,,OBAnorm,,LD831_01996v2.403,,,,0,0
GLBALSTL,2024-05-24 01:17:34.000,23.8,27.6,28.4,29.0,29.1,29.5,29.4,31.5,31.2,33.4,31.0,28.7,32.7,35.7,35.7,36.9,37.1,38.6,37.7,38.0,37.5,36.5,34.6,32.3,28.8,26.7,24.4,21.3,17.5,13.2,9.1,5.4,2.1,46.3,48.2,48.7,13.1,0.4,75.7,18.0,21.9,80.2,,,OBAnorm,,LD831_01996v2.403,,,,0,0
GLBALSTL,2024-05-24 01:17:35.000,23.3,30.8,29.3,29.7,29.2,32.3,29.9,31.5,32.0,30.8,31.8,28.7,29.5,33.4,35.5,36.5,37.7,39.1,39.8,39.1,37.8,36.2,33.5,32.6,28.3,25.7,23.4,21.2,17.2,12.2,8.3,4.4,1.7,46.6,48.2,48.6,13.1,0.4,75.7,18.1,21.9,80.2,,,OBAnorm,,LD831_01996v2.403,,,,0,0
GLBALSTL,2024-05-24 01:17:36.000,26.9,25.3,31.5,30.7,27.4,27.8,28.5,33.5,31.6,32.7,31.2,28.8,33.5,33.2,34.2,35.3,37.2,38.2,38.3,38.1,37.3,35.6,33.7,32.0,28.7,26.2,23.5,20.4,16.7,12.4,8.1,4.5,1.7,46.0,47.8,48.3,13.1,0.2,75.7,18.0,22.0,80.2,,,OBAnorm,,LD831_01996v2.403,,,,0,0
GLBALSTL,2024-05-24 01:17:37.000,25.8,25.9,28.8,30.0,30.2,29.5,31.4,33.1,34.0,34.0,35.1,34.5,34.5,35.9,36.0,38.9,38.4,38.3,37.5,37.9,36.9,36.0,33.9,30.6,28.1,25.9,22.8,19.7,16.7,13.0,8.7,4.9,2.1,46.0,48.5,48.9,13.1,0.0,75.7,18.0,22.0,80.2,,,OBAnorm,,LD831_01996v2.403,,,,0,0
GLBALSTL,2024-05-24 01:17:38.000,24.9,30.3,30.2,30.1,29.8,32.4,31.8,32.5,30.9,34.4,31.5,27.9,32.1,32.5,32.8,35.5,36.7,36.7,37.0,37.2,35.7,34.3,32.7,30.7,27.7,25.2,23.0,20.1,17.1,13.8,8.9,4.7,1.9,44.8,47.0,47.5,13.1,0.0,75.7,18.0,22.0,80.2,,,OBAnorm,,LD831_01996v2.403,,,,0,0
GLBALSTL,2024-05-24 01:17:39.000,26.2,30.4,27.6,29.0,28.3,29.4,31.7,33.7,33.4,32.4,32.4,28.3,32.3,33.1,34.4,36.4,37.5,37.5,36.8,37.6,36.5,35.2,33.5,30.6,27.4,24.6,21.1,17.7,14.5,10.6,6.5,3.5,1.5,45.2,47.2,48.6,13.1,0.0,75.7,18.0,22.0,80.2,,,OBAnorm,,LD831_01996v2.403,,,,0,0
GLBALSTL,2024-05-24 01:17:40.000,28.8,28.5,27.8,27.1,28.6,28.8,31.6,29.5,35.3,34.7,32.0,29.8,31.9,33.0,33.8,35.9,37.0,37.7,37.5,36.8,36.2,35.7,33.4,31.2,27.9,24.8,22.0,18.7,15.1,11.0,7.1,3.8,1.7,45.2,47.4,48.1,13.1,0.0,75.7,18.0,22.0,80.2,,,OBAnorm,,LD831_01996v2.403,,,,0,0
GLBALSTL,2024-05-24 01:17:41.000,23.5,28.5,30.8,26.5,28.0,30.4,29.8,28.9,28.2,34.1,31.5,29.6,32.4,33.3,32.6,35.3,35.5,37.7,37.0,37.2,36.3,35.3,33.0,30.7,27.5,24.2,21.7,19.4,16.1,11.9,7.4,3.9,1.8,45.1,46.9,47.8,13.1,0.0,75.7,18.0,22.0,80.2,,,OBAnorm,,LD831_01996v2.403,,,,0,0
GLBALSTL,2024-05-24 01:17:42.000,25.0,28.8,30.7,27.1,24.4,29.4,31.8,31.0,30.7,34.5,32.0,28.3,31.0,33.1,33.9,36.2,38.0,38.1,38.9,37.7,37.3,35.6,34.6,31.1,28.6,24.9,22.6,19.7,15.0,10.8,6.4,3.4,1.5,46.1,47.9,48.5,13.1,0.0,75.7,18.0,22.0,80.2,,,OBAnorm,,LD831_01996v2.403,,,,0,0
GLBALSTL,2024-05-24 01:17:43.000,24.5,28.7,30.3,28.9,29.1,29.9,31.6,30.3,29.9,32.0,31.4,27.7,29.4,33.0,34.2,37.1,37.5,38.2,38.3,37.4,37.1,35.8,34.0,30.8,28.2,24.8,22.0,19.6,15.4,11.3,6.7,3.9,1.7,45.6,47.3,47.9,13.1,0.0,75.7,18.0,22.0,80.2,,,OBAnorm,,LD831_01996v2.403,,,,0,0
GLBALSTL,2024-05-24 01:17:44.000,26.9,26.9,26.5,25.1,27.5,31.6,31.4,28.8,30.6,33.3,31.1,27.9,29.7,32.3,34.2,35.7,37.9,38.6,37.6,37.6,37.0,35.7,33.9,30.4,28.2,24.9,22.1,18.4,15.0,10.6,7.0,3.8,1.7,45.7,47.5,50.1,13.1,0.0,75.7,18.1,22.0,80.2,,,OBAnorm,,LD831_01996v2.403,,,,0,0
GLBALSTL,2024-05-24 01:17:45.000,25.6,23.7,29.5,26.8,27.6,32.3,29.7,30.1,32.1,33.3,31.2,27.9,30.2,32.2,32.8,35.6,36.7,37.3,38.3,37.6,37.3,35.9,33.7,31.1,28.0,25.0,22.5,18.4,15.2,11.3,7.4,4.0,1.7,45.7,47.4,48.5,13.1,0.0,75.7,18.1,22.0,80.2,,,OBAnorm,,LD831_01996v2.403,,,,0,0
GLBALSTL,2024-05-24 01:17:46.000,23.6,24.8,31.3,28.9,27.2,29.8,33.1,31.7,29.8,31.1,31.2,28.2,32.6,34.7,36.3,38.2,39.0,40.0,38.1,38.6,37.3,36.8,35.1,32.4,29.9,26.2,23.1,20.2,17.1,12.6,8.2,4.8,1.9,46.8,48.6,49.0,13.1,0.0,75.7,18.0,21.9,80.2,,,OBAnorm,,LD831_01996v2.403,,,,0,0
GLBALSTL,2024-05-24 01:17:47.000,26.1,29.9,28.4,29.1,30.1,31.3,32.2,30.3,30.8,31.9,31.5,28.6,30.6,33.8,33.5,37.2,37.4,37.7,37.1,37.4,36.1,34.5,33.8,30.8,28.1,24.9,22.8,19.1,15.3,11.2,7.5,4.0,1.8,45.2,47.2,48.0,13.1,0.0,75.7,18.0,21.9,80.2,,,OBAnorm,,LD831_01996v2.403,,,,0,0
GLBALSTL,2024-05-24 01:17:48.000,27.0,26.6,28.9,26.0,28.1,29.3,30.3,30.9,29.7,32.3,31.5,26.8,31.5,33.3,33.2,34.7,36.3,36.9,36.0,35.7,36.0,34.5,32.8,30.2,27.6,24.1,22.3,19.6,16.5,12.7,8.4,4.8,1.9,44.5,46.3,48.2,13.1,0.0,75.7,18.0,21.9,80.2,,,OBAnorm,,LD831_01996v2.403,,,,0,0
GLBALSTL,2024-05-24 01:17:49.000,22.2,29.3,26.1,29.2,26.0,29.0,28.4,32.2,29.9,31.9,29.3,27.0,30.2,32.1,33.3,35.5,37.2,37.8,37.3,37.5,35.9,35.2,33.4,30.8,27.5,24.7,21.2,18.6,15.0,9.6,5.9,3.3,1.4,45.2,47.0,48.1,13.1,0.0,75.7,18.0,21.9,80.2,,,OBAnorm,,LD831_01996v2.403,,,,0,0
GLBALSTL,2024-05-24 01:17:50.000,24.9,28.3,32.4,32.2,29.5,30.9,30.3,31.9,29.0,29.1,28.9,28.2,31.5,32.9,35.0,36.3,36.9,38.0,37.7,38.0,37.1,36.0,33.6,31.5,28.7,26.4,24.0,20.7,18.2,13.4,9.5,5.6,2.1,45.9,47.5,49.5,13.1,0.0,75.7,18.0,21.9,80.2,,,OBAnorm,,LD831_01996v2.403,,,,0,0
GLBALSTL,2024-05-24 01:17:51.000,25.2,26.0,28.8,28.4,26.8,27.7,32.1,31.6,28.8,31.1,27.1,29.5,30.1,31.4,34.8,35.6,36.3,37.8,36.8,36.8,36.7,35.0,33.5,30.3,27.7,24.4,23.1,19.3,15.6,12.3,8.2,4.6,2.0,44.9,46.7,48.9,13.1,0.0,75.7,18.0,21.9,80.2,,,OBAnorm,,LD831_01996v2.403,,,,0,0
GLBALSTL,2024-05-24 01:17:52.000,28.3,25.3,30.6,28.2,27.9,29.7,30.8,29.2,30.2,31.9,30.2,27.5,31.6,32.6,32.7,35.5,36.3,38.4,37.7,37.5,37.5,35.5,33.4,30.6,27.8,24.1,21.8,18.5,14.9,9.8,6.4,3.6,1.3,45.7,47.3,49.6,13.1,0.0,75.7,18.0,21.9,80.2,,,OBAnorm,,LD831_01996v2.403,,,,0,0
GLBALSTL,2024-05-24 01:17:53.000,28.1,25.9,28.7,29.3,26.8,28.2,29.1,30.7,28.0,29.3,30.7,28.3,32.2,34.3,34.4,36.3,38.4,38.5,38.4,38.9,37.8,36.5,34.4,32.0,28.7,25.7,22.4,18.7,14.7,10.2,7.0,3.7,1.5,46.5,47.9,50.0,13.1,0.0,75.7,18.0,21.9,80.2,,,OBAnorm,,LD831_01996v2.403,,,,0,0
GLBALSTL,2024-05-24 01:17:54.000,23.0,24.7,31.4,28.0,29.7,27.7,29.4,28.6,27.4,28.1,28.6,29.6,29.5,32.6,33.5,35.9,36.7,38.9,38.6,37.8,36.3,35.4,33.4,31.4,28.0,24.5,21.8,19.0,15.5,10.8,7.5,3.7,1.4,45.7,47.3,50.6,13.1,0.0,75.7,18.0,21.9,80.2,,,OBAnorm,,LD831_01996v2.403,,,,0,0
GLBALSTL,2024-05-24 01:17:55.000,24.1,27.2,27.6,28.9,25.7,30.8,30.8,30.3,28.6,28.7,29.6,27.4,30.2,32.0,34.6,36.3,38.0,38.4,38.1,38.3,37.4,36.0,34.0,31.9,28.9,26.5,23.6,20.4,16.7,10.5,6.1,3.4,1.4,46.0,47.5,51.0,13.1,0.0,75.7,18.0,21.9,80.2,,,OBAnorm,,LD831_01996v2.403,,,,0,0
GLBALSTL,2024-05-24 01:17:56.000,24.1,28.9,31.2,30.5,30.0,30.2,31.4,31.4,26.8,27.7,28.7,28.5,29.3,32.6,34.0,36.5,37.1,37.6,38.6,37.6,37.0,35.4,33.4,30.9,28.1,24.8,22.0,19.2,14.9,9.7,5.8,3.3,1.3,45.6,47.2,53.0,13.1,0.0,75.7,18.1,21.9,80.2,,,OBAnorm,,LD831_01996v2.403,,,,0,0
GLBALSTL,2024-05-24 01:17:57.000,25.1,26.8,25.7,32.0,27.0,29.1,29.5,29.8,28.8,33.2,33.3,30.6,35.0,33.6,35.7,37.1,38.1,38.1,37.8,37.6,36.1,34.5,32.9,29.5,27.7,24.1,21.9,19.9,15.2,10.2,6.7,3.9,1.5,45.4,47.8,49.1,13.1,0.0,75.8,18.0,21.9,80.2,,,OBAnorm,,LD831_01996v2.403,,,,0,0
GLBALSTL,2024-05-24 01:17:58.000,26.1,29.6,27.0,27.8,28.5,29.5,30.3,27.8,27.0,30.7,28.2,30.1,32.7,33.1,35.3,37.3,38.5,38.9,38.4,38.1,36.4,35.7,34.2,30.7,27.9,25.2,22.3,19.2,14.9,10.3,6.3,3.6,1.5,46.0,47.7,48.3,13.1,0.0,75.7,18.1,21.9,80.2,,,OBAnorm,,LD831_01996v2.403,,,,0,0
GLBALSTL,2024-05-24 01:17:59.000,26.6,22.0,27.0,27.9,28.0,30.1,30.3,29.0,27.6,28.6,29.2,28.5,31.9,35.2,35.1,36.1,37.6,39.0,37.7,37.8,36.3,35.6,34.1,31.2,28.6,25.3,22.5,19.3,16.2,11.9,6.8,3.9,1.5,45.9,47.5,48.4,13.1,0.0,75.7,18.1,21.9,80.2,,,OBAnorm,,LD831_01996v2.403,,,,0,0
GLBALSTL,2024-05-24 01:18:00.000,25.7,28.6,31.2,30.0,27.9,30.9,28.1,30.5,26.5,29.8,28.9,26.3,29.9,34.5,34.8,35.8,36.1,37.7,38.1,37.6,36.5,35.4,34.0,31.4,28.3,25.5,23.4,20.2,16.6,11.9,8.4,4.6,1.7,45.4,46.9,47.5,13.1,0.0,75.7,18.1,21.9,80.2,,,OBAnorm,,LD831_01996v2.403,,,,0,0
GLBALSTL,2024-05-24 01:18:01.000,19.2,29.1,30.8,26.7,28.3,30.3,29.2,27.9,25.7,28.3,28.9,26.9,33.1,33.4,33.4,36.2,37.7,37.5,37.6,37.1,36.7,35.4,33.6,30.7,27.5,24.3,21.5,18.3,15.4,10.9,6.6,3.8,1.4,45.4,47.0,47.6,13.1,0.0,75.7,18.0,21.9,80.2,,,OBAnorm,,LD831_01996v2.403,,,,0,0
GLBALSTL,2024-05-24 01:18:02.000,23.7,26.6,26.9,29.5,27.9,28.8,29.9,28.8,27.3,27.9,29.2,28.6,30.4,31.2,33.7,35.4,36.8,37.1,37.6,37.7,37.5,36.3,34.8,32.1,28.8,27.1,24.6,20.6,17.5,13.1,8.2,4.6,1.7,45.9,47.1,47.6,13.1,0.0,75.7,18.1,21.9,80.2,,,OBAnorm,,LD831_01996v2.403,,,,0,0
GLBALSTL,2024-05-24 01:18:03.000,25.2,28.9,27.5,28.0,29.1,29.8,27.4,28.7,26.2,28.0,28.5,26.2,30.7,31.8,33.8,36.1,37.7,38.6,38.2,37.6,37.0,36.7,34.2,31.5,29.0,25.4,22.9,19.4,16.5,12.1,7.8,4.5,1.9,46.0,47.3,47.8,13.1,0.0,75.7,18.1,21.9,80.2,,,OBAnorm,,LD831_01996v2.403,,,,0,0
GLBALSTL,2024-05-24 01:18:04.000,28.7,26.4,29.5,30.1,25.6,28.3,28.3,27.9,27.5,29.6,29.5,32.4,33.9,35.8,36.8,35.6,35.9,36.7,37.9,37.2,35.8,35.0,33.2,30.7,28.0,25.4,22.3,19.7,16.7,12.2,7.6,4.6,1.7,45.3,47.7,49.7,13.1,0.0,75.7,18.0,21.9,80.2,,,OBAnorm,,LD831_01996v2.403,,,,0,0
GLBALSTL,2024-05-24 01:18:05.000,23.4,24.5,29.2,28.0,27.6,28.1,30.6,29.4,25.4,30.3,31.2,36.9,35.2,34.8,35.0,37.0,37.7,38.7,38.0,37.9,37.1,36.9,34.9,32.8,29.8,27.1,25.6,22.1,19.4,14.9,10.6,6.5,2.7,46.3,48.2,50.7,13.1,0.0,75.7,18.0,21.9,80.2,,,OBAnorm,,LD831_01996v2.403,,,,0,0
GLBALSTL,2024-05-24 01:18:06.000,25.8,25.1,29.1,31.1,27.5,30.2,29.4,29.6,26.4,31.2,31.9,34.7,33.8,33.9,33.5,35.8,35.9,37.4,37.0,37.5,36.7,35.2,34.0,31.6,28.8,26.0,23.4,20.7,18.5,14.4,9.8,5.8,2.7,45.4,46.9,49.7,13.1,0.0,75.7,18.0,21.9,80.2,,,OBAnorm,,LD831_01996v2.403,,,,0,0
GLBALSTL,2024-05-24 01:18:07.000,24.7,27.5,32.5,28.8,31.4,29.2,29.0,29.4,27.7,30.2,29.3,27.8,32.6,35.5,34.4,36.3,37.7,37.0,38.2,38.1,37.2,36.2,35.0,32.8,29.3,26.5,25.3,21.6,19.2,15.7,11.0,6.4,2.9,46.2,47.6,50.3,13.1,0.0,75.7,18.0,22.0,80.2,,,OBAnorm,,LD831_01996v2.403,,,,0,0
GLBALSTL,2024-05-24 01:18:08.000,27.8,28.7,29.8,24.9,29.6,29.2,27.7,28.2,28.4,28.2,26.8,30.0,32.4,33.4,36.3,37.4,37.7,38.8,39.3,39.3,38.4,37.7,36.0,33.1,29.9,27.0,23.7,20.1,16.9,12.4,7.5,4.2,1.8,47.2,48.4,51.1,13.1,0.0,75.7,18.0,22.1,80.3,,,OBAnorm,,LD831_01996v2.403,,,,0,0
GLBALSTL,2024-05-24 01:18:09.000,26.1,27.8,29.8,31.1,28.9,29.5,30.8,29.3,27.4,29.5,27.9,25.8,30.2,33.3,33.1,34.6,36.2,37.0,37.3,37.5,36.5,35.7,33.6,31.5,27.9,24.7,21.8,18.8,14.7,9.7,6.5,3.6,1.5,45.3,46.6,50.0,13.1,0.0,75.7,18.1,22.1,80.3,,,OBAnorm,,LD831_01996v2.403,,,,0,0
GLBALSTL,2024-05-24 01:18:10.000,24.1,23.6,29.8,27.4,25.1,23.7,31.1,27.7,26.7,29.1,28.5,26.3,30.4,31.8,33.4,35.7,35.7,36.9,37.3,36.8,35.8,34.3,32.6,29.5,26.7,23.4,20.1,17.4,13.7,9.9,5.9,3.4,1.4,44.6,46.2,47.2,13.1,0.1,75.7,18.0,22.1,80.3,,,OBAnorm,,LD831_01996v2.403,,,,0,0
GLBALSTL,2024-05-24 01:18:11.000,26.0,29.0,30.2,29.3,28.8,28.4,28.6,27.4,27.3,29.5,27.2,26.2,29.6,31.9,33.2,35.6,37.3,37.3,37.7,36.5,36.2,34.6,32.6,30.9,27.2,23.7,20.8,18.2,14.4,10.2,5.7,3.3,1.4,44.9,46.5,47.4,13.1,0.2,75.7,18.0,22.1,80.3,,,OBAnorm,,LD831_01996v2.403,,,,0,0
GLBALSTL,2024-05-24 01:18:12.000,25.1,24.9,29.4,30.0,28.7,29.1,26.6,30.0,27.8,30.3,28.6,27.8,34.0,34.6,34.6,36.2,37.6,37.8,37.6,37.0,36.4,34.8,33.3,30.6,27.5,24.7,21.9,18.5,16.5,12.0,7.3,4.0,1.6,45.2,47.1,47.6,13.1,0.2,75.7,18.0,22.1,80.3,,,OBAnorm,,LD831_01996v2.403,,,,0,0
GLBALSTL,2024-05-24 01:18:13.000,24.7,25.2,32.1,31.1,27.1,29.2,28.0,27.8,27.9,29.6,27.9,26.7,28.8,34.0,32.6,34.8,36.3,36.9,36.6,37.0,35.1,34.9,32.8,29.6,26.8,23.9,20.9,18.0,13.9,9.1,5.6,3.2,1.3,44.6,46.3,46.9,13.1,0.2,75.7,18.0,22.1,80.3,,,OBAnorm,,LD831_01996v2.403,,,,0,0
GLBALSTL,2024-05-24 01:18:14.000,26.4,28.3,31.0,27.6,27.1,28.2,31.1,31.0,28.6,30.8,28.1,25.6,30.6,32.6,33.7,35.2,35.9,36.6,37.2,37.0,36.5,34.1,32.5,30.0,27.7,24.8,21.8,19.3,15.6,10.3,6.7,3.6,1.4,44.7,46.5,47.1,13.1,0.2,75.7,18.0,22.1,80.3,,,OBAnorm,,LD831_01996v2.403,,,,0,0
GLBALSTL,2024-05-24 01:18:15.000,23.5,29.1,29.2,27.6,29.8,29.0,30.1,28.6,30.1,30.1,25.9,27.7,32.4,33.8,32.9,35.3,36.4,36.7,37.6,37.7,36.4,35.2,33.8,30.6,27.9,25.0,22.6,19.7,16.3,11.1,7.2,4.0,1.5,45.3,46.9,47.3,13.1,0.3,75.7,18.0,22.1,80.3,,,OBAnorm,,LD831_01996v2.403,,,,0,0
GLBALSTL,2024-05-24 01:18:16.000,24.7,30.0,30.6,29.7,28.7,28.7,32.2,29.1,31.5,29.0,28.3,27.8,33.7,36.0,36.3,37.2,38.6,39.4,39.2,39.2,38.3,37.3,35.6,33.1,29.6,26.9,25.3,22.2,19.9,14.7,10.2,5.6,2.4,47.2,48.7,49.0,13.1,0.3,75.7,18.1,22.1,80.3,,,OBAnorm,,LD831_01996v2.403,,,,0,0
GLBALSTL,2024-05-24 01:18:17.000,26.1,24.4,28.2,26.0,29.0,29.4,30.3,30.4,27.1,31.6,28.0,28.1,29.1,32.9,33.0,35.5,36.3,37.1,37.6,36.3,35.6,34.6,32.9,30.4,27.2,24.1,20.9,17.5,14.0,10.1,6.6,3.6,1.5,44.5,46.2,47.8,13.1,0.3,75.7,18.1,22.1,80.3,,,OBAnorm,,LD831_01996v2.403,,,,0,0
GLBALSTL,2024-05-24 01:18:18.000,26.8,26.5,28.5,26.3,28.7,27.3,29.2,32.3,29.8,31.5,29.1,24.5,31.5,32.9,33.9,35.8,36.9,36.7,37.6,36.7,36.7,35.4,33.8,30.3,27.0,24.5,20.6,17.6,14.6,10.3,6.8,3.6,1.5,45.1,46.8,48.4,13.1,0.3,75.7,18.0,22.1,80.3,,,OBAnorm,,LD831_01996v2.403,,,,0,0
GLBALSTL,2024-05-24 01:18:19.000,17.7,26.1,31.0,32.0,28.1,27.7,29.2,28.4,28.4,29.8,29.6,26.0,29.8,32.9,35.2,36.9,38.1,39.0,38.6,38.1,37.6,36.4,34.6,31.1,27.9,25.3,22.1,18.5,15.6,11.5,7.6,4.0,1.7,46.2,47.7,50.3,13.1,0.3,75.7,18.0,22.1,80.3,,,OBAnorm,,LD831_01996v2.403,,,,0,0
GLBALSTL,2024-05-24 01:18:20.000,28.5,27.9,29.8,28.7,28.3,29.3,31.5,31.8,26.0,28.3,27.6,28.0,31.5,32.9,34.0,36.8,37.2,38.3,37.6,37.4,37.1,35.5,33.6,31.4,28.3,25.5,22.6,19.6,16.9,12.7,8.8,4.3,1.8,45.7,47.3,47.9,13.1,0.3,75.7,18.0,22.1,80.3,,,OBAnorm,,LD831_01996v2.403,,,,0,0
GLBALSTL,2024-05-24 01:18:21.000,25.6,29.0,28.4,25.7,28.3,30.0,31.8,28.3,29.1,28.5,28.1,28.7,33.7,33.5,34.7,36.4,36.9,38.3,39.0,39.0,38.1,36.9,35.3,32.4,29.8,26.8,25.2,21.9,18.1,13.4,8.7,4.4,1.7,46.8,48.2,48.6,13.1,0.3,75.7,18.0,22.1,80.3,,,OBAnorm,,LD831_01996v2.403,,,,0,0
GLBALSTL,2024-05-24 01:18:22.000,26.5,28.2,28.5,27.2,29.0,30.7,31.3,28.8,28.3,30.0,30.6,27.2,30.7,32.0,32.3,35.0,37.3,38.1,37.6,37.3,36.8,35.1,33.7,30.4,27.8,25.1,21.7,18.4,15.1,10.7,6.4,3.5,1.4,45.3,46.7,47.4,13.1,0.3,75.7,18.0,22.1,80.3,,,OBAnorm,,LD831_01996v2.403,,,,0,0
GLBALSTL,2024-05-24 01:18:23.000,23.8,27.9,31.4,29.6,27.1,27.3,31.0,29.9,26.9,29.7,27.5,25.9,28.7,32.1,31.2,35.4,36.5,37.2,36.2,35.9,35.8,34.9,32.1,29.6,26.4,23.2,20.2,16.7,12.8,9.2,5.6,3.3,1.4,44.4,46.1,47.1,13.1,0.3,75.7,18.0,22.1,80.3,,,OBAnorm,,LD831_01996v2.403,,,,0,0
GLBALSTL,2024-05-24 01:18:24.000,22.9,25.1,31.1,28.4,27.6,30.0,29.5,31.3,30.7,29.7,29.5,26.3,30.1,32.2,33.3,35.6,36.9,37.8,36.6,36.2,35.4,34.2,31.7,29.6,26.5,23.8,20.8,17.4,13.1,9.5,5.6,3.2,1.3,44.4,46.4,47.4,13.1,0.1,75.7,18.1,22.1,80.3,,,OBAnorm,,LD831_01996v2.403,,,,0,0
GLBALSTL,2024-05-24 01:18:25.000,26.8,24.4,27.4,25.9,29.7,30.3,30.9,29.1,28.7,28.3,28.8,29.8,31.9,33.4,33.3,35.8,37.1,37.7,37.0,36.9,36.6,34.9,32.2,30.2,27.3,24.1,21.3,18.1,14.2,10.4,6.5,3.5,1.4,45.0,46.9,48.1,13.1,0.0,75.7,18.0,22.1,80.3,,,OBAnorm,,LD831_01996v2.403,,,,0,0
GLBALSTL,2024-05-24 01:18:26.000,22.9,24.4,29.6,29.1,27.1,29.4,29.6,29.3,29.9,29.0,27.8,29.2,31.6,33.1,34.6,35.9,37.2,38.2,36.8,37.2,37.3,35.0,33.5,30.9,28.2,24.7,21.8,19.0,15.5,11.0,7.1,3.8,1.5,45.4,47.1,49.5,13.1,0.0,75.7,18.0,22.1,80.3,,,OBAnorm,,LD831_01996v2.403,,,,0,0
GLBALSTL,2024-05-24 01:18:27.000,26.5,26.8,32.7,30.8,27.4,29.3,27.3,26.7,28.1,29.4,29.7,30.9,34.2,34.0,35.1,36.1,37.2,37.9,37.0,37.4,37.0,35.4,33.2,30.9,28.3,25.5,22.7,19.6,16.4,12.2,8.0,4.8,2.1,45.5,47.2,47.9,13.1,0.0,75.7,18.0,22.1,80.3,,,OBAnorm,,LD831_01996v2.403,,,,0,0
GLBALSTL,2024-05-24 01:18:28.000,26.5,27.9,27.2,28.4,27.3,29.8,29.8,28.6,28.6,28.8,27.8,26.3,30.6,32.0,34.3,36.4,37.4,38.3,38.0,37.1,36.2,35.8,33.9,30.9,28.1,25.5,22.9,19.6,16.9,12.4,8.4,4.8,2.1,45.7,47.3,47.9,13.1,0.0,75.7,18.0,22.1,80.3,,,OBAnorm,,LD831_01996v2.403,,,,0,0
GLBALSTL,2024-05-24 01:18:29.000,30.1,25.0,32.0,29.7,26.4,27.1,29.3,29.0,31.2,29.8,29.3,28.1,34.3,35.0,33.8,38.5,38.6,39.5,39.0,38.4,38.6,37.5,35.4,33.2,30.0,27.8,26.1,21.4,18.3,14.5,10.3,5.8,2.5,47.1,48.6,49.0,13.1,0.0,75.7,18.0,22.1,80.3,,,OBAnorm,,LD831_01996v2.403,,,,0,0
GLBALSTL,2024-05-24 01:18:30.000,24.9,21.9,27.4,30.5,28.4,29.4,30.3,29.4,28.9,29.4,28.7,31.9,32.8,34.4,34.3,36.4,36.8,38.5,37.9,37.7,36.4,35.6,33.6,31.1,27.9,25.3,23.3,19.7,16.5,11.6,8.0,4.2,1.7,45.6,47.7,49.2,13.1,0.0,75.7,18.1,22.1,80.3,,,OBAnorm,,LD831_01996v2.403,,,,0,0
GLBALSTL,2024-05-24 01:18:31.000,27.5,27.4,28.8,30.4,25.5,26.8,31.0,29.9,30.2,30.7,27.9,30.1,36.2,32.1,35.1,36.7,36.1,36.7,37.5,37.6,36.0,34.7,33.3,30.4,27.6,24.8,21.7,19.3,15.1,11.0,6.9,3.9,1.6,45.0,46.9,48.4,13.1,0.0,75.7,18.0,22.1,80.3,,,OBAnorm,,LD831_01996v2.403,,,,0,0
GLBALSTL,2024-05-24 01:18:32.000,26.9,24.5,28.0,32.4,30.6,27.9,29.8,30.0,31.6,30.5,27.9,26.5,30.4,33.6,33.9,36.3,37.6,39.3,37.9,36.7,36.3,36.1,34.1,30.9,28.5,25.3,22.4,19.3,16.0,12.1,8.4,4.5,1.9,45.7,47.3,48.7,13.1,0.0,75.7,18.0,22.1,80.3,,,OBAnorm,,LD831_01996v2.403,,,,0,0
GLBALSTL,2024-05-24 01:18:33.000,28.3,27.2,32.0,29.2,29.1,28.5,30.0,31.6,30.8,31.4,28.2,25.5,31.5,32.7,33.3,35.4,36.1,36.4,36.1,36.1,35.8,34.9,32.9,29.7,26.9,24.6,22.4,19.8,16.7,13.1,8.3,4.8,1.9,44.4,46.2,48.8,13.1,0.0,75.8,18.0,22.1,80.3,,,OBAnorm,,LD831_01996v2.403,,,,0,0
GLBALSTL,2024-05-24 01:18:34.000,25.4,29.3,29.5,25.6,25.4,27.9,30.2,29.4,30.1,31.1,30.9,33.7,31.4,34.8,33.5,37.2,38.0,38.4,38.5,39.3,38.6,37.7,35.4,33.0,29.6,27.2,25.6,22.6,20.0,16.4,12.0,7.2,3.0,46.9,48.4,49.6,13.1,0.0,75.7,18.0,22.1,80.3,,,OBAnorm,,LD831_01996v2.403,,,,0,0
GLBALSTL,2024-05-24 01:18:35.000,23.8,27.0,26.6,25.4,27.4,28.0,30.2,27.4,27.9,31.6,33.3,35.4,35.6,35.4,36.2,36.8,37.0,38.4,36.5,37.0,36.4,34.8,33.6,30.5,28.0,25.5,22.7,19.5,17.2,13.2,9.2,5.4,2.3,45.2,47.6,52.1,13.1,0.0,75.7,18.0,22.1,80.3,,,OBAnorm,,LD831_01996v2.403,,,,0,0
GLBALSTL,2024-05-24 01:18:36.000,27.5,29.6,30.2,27.3,25.5,28.8,30.5,29.9,29.1,30.9,28.6,26.7,29.9,32.1,34.0,35.5,37.2,37.0,37.2,36.6,35.3,33.9,32.3,29.4,26.7,23.6,20.8,17.9,14.8,13.4,7.7,3.5,1.7,44.6,46.6,54.4,13.1,0.0,75.7,18.0,22.1,80.3,,,OBAnorm,,LD831_01996v2.403,,,,0,0
GLBALSTL,2024-05-24 01:18:37.000,30.9,26.4,30.0,25.0,27.2,26.8,29.9,30.9,30.1,30.6,30.7,28.9,33.0,33.9,34.6,37.3,37.5,37.2,37.1,36.5,36.2,34.4,32.9,30.2,27.8,24.8,22.2,19.9,16.2,12.1,7.8,4.5,1.8,44.9,47.1,48.8,13.1,0.0,75.7,18.0,22.1,80.3,,,OBAnorm,,LD831_01996v2.403,,,,0,0
GLBALSTL,2024-05-24 01:18:38.000,25.4,25.5,30.3,31.8,29.0,27.8,29.9,28.4,29.3,30.4,29.7,28.4,33.8,33.3,34.0,36.7,36.7,37.8,37.2,36.0,35.4,34.2,32.2,29.7,27.2,24.1,21.3,17.5,14.6,10.3,6.8,3.9,1.6,44.6,46.6,47.7,13.1,0.0,75.7,18.0,22.1,80.3,,,OBAnorm,,LD831_01996v2.403,,,,0,0
GLBALSTL,2024-05-24 01:18:39.000,32.0,27.8,31.0,29.6,28.8,28.4,31.1,29.8,29.2,27.7,29.6,26.5,30.5,31.8,33.0,35.5,36.2,36.7,36.8,36.9,36.2,35.4,33.3,30.9,27.7,25.2,22.6,19.8,16.1,12.2,7.6,4.0,1.5,44.9,46.7,47.7,13.1,0.0,75.7,18.0,22.1,79.7,,,OBAnorm,,LD831_01996v2.403,,,,0,0
GLBALSTL,2024-05-24 01:18:40.000,28.8,32.0,32.7,27.4,27.7,29.2,29.0,28.5,29.0,31.4,29.6,29.8,31.6,35.2,34.9,35.8,36.7,37.7,36.6,37.3,36.2,34.9,33.3,29.9,27.0,24.6,21.8,19.0,15.6,11.3,7.7,4.3,1.8,45.1,47.0,48.4,13.1,0.0,75.7,18.0,22.1,79.7,,,OBAnorm,,LD831_01996v2.403,,,,0,0
GLBALSTL,2024-05-24 01:18:41.000,29.6,30.7,33.7,29.1,27.8,29.1,28.9,31.6,29.6,28.5,29.1,28.4,32.6,35.0,35.5,37.6,38.0,38.3,38.3,38.9,38.6,37.0,35.8,33.3,29.8,27.5,26.1,23.3,19.8,15.9,11.4,6.3,3.1,46.9,48.4,49.3,13.1,0.0,75.7,18.0,22.1,79.7,,,OBAnorm,,LD831_01996v2.403,,,,0,0
GLBALSTL,2024-05-24 01:18:42.000,29.8,29.9,30.2,29.6,27.7,30.9,30.1,29.6,27.1,30.9,28.6,27.4,31.2,31.4,33.5,35.7,36.8,38.0,37.5,37.1,36.1,35.8,33.7,30.9,28.2,25.6,23.2,19.7,16.2,12.2,7.8,4.1,1.8,45.2,46.7,47.7,13.1,0.0,75.7,18.0,22.1,79.7,,,OBAnorm,,LD831_01996v2.403,,,,0,0
GLBALSTL,2024-05-24 01:18:43.000,32.2,34.3,33.3,31.6,28.0,27.4,30.1,27.8,27.5,30.9,28.0,26.7,28.8,31.6,33.1,36.2,36.7,37.6,37.7,36.9,35.9,35.7,33.2,30.4,27.5,25.3,22.0,19.3,15.7,10.9,7.1,4.0,1.5,45.1,46.7,47.8,13.1,0.0,75.6,18.0,22.1,80.3,,,OBAnorm,,LD831_01996v2.403,,,,0,0
GLBALSTL,2024-05-24 01:18:44.000,31.1,29.0,31.0,27.9,27.7,26.8,28.2,29.3,30.5,29.7,29.0,27.0,30.9,33.2,32.8,35.3,37.1,37.9,37.3,37.7,36.4,35.4,33.9,30.6,28.2,25.5,23.4,20.7,18.3,14.2,9.2,5.0,2.1,45.4,47.0,48.3,13.1,0.0,75.7,18.0,22.0,80.2,,,OBAnorm,,LD831_01996v2.403,,,,0,0
GLBALSTL,2024-05-24 01:18:45.000,32.8,32.3,29.9,29.8,26.0,30.0,30.4,29.4,30.0,29.6,29.5,30.1,33.0,33.4,33.0,36.0,36.5,37.3,36.8,37.3,35.9,35.1,33.6,30.8,28.3,25.9,24.2,20.6,18.1,14.5,9.9,5.5,2.2,44.9,46.7,47.9,13.1,0.0,75.7,18.0,22.1,80.3,,,OBAnorm,,LD831_01996v2.403,,,,0,0
GLBALSTL,2024-05-24 01:18:46.000,32.2,27.6,27.6,27.6,29.6,28.1,30.3,29.2,30.0,29.6,26.6,24.0,28.3,31.1,31.9,34.8,35.6,36.5,37.2,36.0,35.1,34.5,32.3,30.1,27.0,24.1,21.4,18.1,14.6,10.6,6.9,3.9,1.5,44.3,46.0,47.1,13.1,0.0,75.7,18.0,22.1,80.3,,,OBAnorm,,LD831_01996v2.403,,,,0,0
GLBALSTL,2024-05-24 01:18:47.000,32.1,30.7,33.2,29.5,28.0,29.5,30.1,28.4,28.6,30.0,29.3,27.7,29.5,34.2,33.8,35.0,36.6,36.8,36.8,36.0,35.7,33.9,32.3,29.3,27.1,24.0,21.6,18.6,15.9,12.1,7.9,4.4,1.9,44.3,46.3,47.6,13.1,0.0,75.7,18.0,22.0,80.2,,,OBAnorm,,LD831_01996v2.403,,,,0,0
GLBALSTL,2024-05-24 01:18:48.000,30.5,32.1,30.4,29.3,26.1,30.9,31.2,31.3,31.4,30.6,28.8,27.1,30.2,32.1,33.0,36.0,36.8,37.7,37.4,37.2,36.4,35.1,33.5,31.1,27.9,25.5,23.4,20.3,17.7,12.9,8.8,5.0,2.4,45.4,47.0,48.0,13.1,0.0,75.7,18.0,22.0,80.2,,,OBAnorm,,LD831_01996v2.403,,,,0,0
GLBALSTL,2024-05-24 01:18:49.000,34.7,30.7,28.0,27.6,30.5,31.2,31.9,28.9,30.3,30.2,29.4,30.3,32.6,34.9,35.6,36.8,38.9,39.6,39.1,38.9,39.0,38.9,37.0,33.3,30.8,28.1,25.2,21.9,19.2,14.5,10.5,6.2,2.5,47.6,48.9,49.6,13.1,0.0,75.7,18.0,22.0,80.2,,,OBAnorm,,LD831_01996v2.403,,,,0,0
GLBALSTL,2024-05-24 01:18:50.000,31.3,31.6,26.2,28.7,27.6,30.9,30.5,29.6,28.1,29.9,28.8,25.1,28.6,30.5,33.4,34.9,36.1,36.9,37.2,37.2,37.0,35.7,33.8,31.7,27.9,25.0,22.5,19.3,16.3,11.8,7.8,4.4,1.8,45.2,46.6,47.6,13.1,0.0,75.7,18.0,22.0,80.2,,,OBAnorm,,LD831_01996v2.403,,,,0,0
GLBALSTL,2024-05-24 01:18:51.000,31.8,28.9,25.6,29.7,26.2,28.2,30.5,30.3,29.4,32.3,28.1,29.5,37.2,34.5,34.4,36.5,36.6,38.1,38.1,37.7,36.3,35.5,33.8,31.5,28.5,25.9,23.9,21.0,17.6,13.3,8.8,5.2,2.4,45.6,47.5,48.2,13.1,0.0,75.7,18.1,22.0,80.2,,,OBAnorm,,LD831_01996v2.403,,,,0,0
GLBALSTL,2024-05-24 01:18:52.000,31.4,30.7,29.9,30.1,28.6,28.9,30.9,29.5,29.5,28.6,31.8,30.1,29.2,32.5,35.3,36.3,38.4,38.7,37.9,37.8,36.4,35.6,34.2,31.2,29.2,25.3,22.5,18.4,14.9,11.0,6.9,3.6,1.5,46.0,47.7,48.7,13.1,0.0,75.7,18.1,22.0,80.2,,,OBAnorm,,LD831_01996v2.403,,,,0,0
GLBALSTL,2024-05-24 01:18:53.000,32.8,28.9,31.4,31.0,29.3,29.6,28.2,29.3,30.8,29.5,29.0,27.0,30.9,33.8,34.8,36.3,38.2,38.9,38.7,38.3,37.8,36.5,35.1,31.9,29.4,25.7,23.1,20.5,16.9,11.9,7.9,4.3,1.6,46.4,47.8,49.3,13.1,0.0,75.7,18.1,22.0,80.2,,,OBAnorm,,LD831_01996v2.403,,,,0,0
GLBALSTL,2024-05-24 01:18:54.000,31.6,30.6,31.6,26.3,26.5,31.5,30.3,30.3,31.6,29.0,28.4,28.7,30.5,32.0,34.3,36.5,37.6,37.4,37.1,36.9,36.5,35.0,33.8,31.0,28.4,25.8,23.2,20.3,17.2,12.8,8.4,4.5,2.0,45.3,47.0,48.3,13.1,0.0,75.7,18.0,22.0,80.2,,,OBAnorm,,LD831_01996v2.403,,,,0,0
GLBALSTL,2024-05-24 01:18:55.000,28.5,32.7,29.4,27.7,29.0,30.3,29.7,29.3,29.0,27.8,28.9,28.7,29.9,32.7,34.1,36.7,39.7,38.8,39.0,38.7,37.8,36.8,35.2,32.0,29.7,25.6,22.7,19.5,15.1,10.3,6.3,3.5,1.5,46.8,48.3,49.2,13.1,0.0,75.7,18.0,22.0,80.2,,,OBAnorm,,LD831_01996v2.403,,,,0,0
GLBALSTL,2024-05-24 01:18:56.000,30.9,29.5,27.0,29.0,27.2,30.2,31.4,31.1,30.2,30.1,27.4,28.6,31.0,34.1,34.6,36.1,37.1,38.2,37.1,37.1,36.4,35.3,33.5,30.6,27.8,24.8,21.9,19.1,15.6,10.8,7.0,4.4,2.0,45.2,47.0,47.8,13.1,0.0,75.7,18.1,21.9,80.2,,,OBAnorm,,LD831_01996v2.403,,,,0,0
GLBALSTL,2024-05-24 01:18:57.000,31.7,30.1,30.4,28.4,28.4,29.7,32.7,30.0,28.9,31.2,30.3,25.5,31.7,34.1,33.1,35.0,36.5,36.6,36.1,37.2,36.4,35.1,32.6,29.6,26.7,24.2,22.1,19.6,15.6,11.1,7.3,4.3,1.6,44.8,46.7,47.8,13.1,0.0,75.7,18.0,21.9,80.2,,,OBAnorm,,LD831_01996v2.403,,,,0,0
GLBALSTL,2024-05-24 01:18:58.000,32.0,30.1,28.4,29.6,28.7,28.7,28.5,30.3,29.9,30.2,28.3,26.1,31.0,32.4,33.5,37.3,38.2,39.2,38.4,38.4,36.9,36.1,34.7,32.0,28.3,25.5,22.5,18.8,15.3,11.1,7.2,4.1,1.7,46.3,47.8,48.6,13.1,0.0,75.7,18.0,21.9,80.2,,,OBAnorm,,LD831_01996v2.403,,,,0,0
GLBALSTL,2024-05-24 01:18:59.000,30.5,30.7,30.7,31.6,30.2,28.0,27.1,28.2,26.8,30.9,29.3,25.7,30.1,31.7,35.0,36.7,38.4,38.2,38.6,38.1,37.4,36.4,34.8,31.5,28.4,26.1,22.7,19.5,16.4,12.0,7.6,4.3,1.8,46.2,47.7,48.2,13.1,0.0,75.7,18.0,22.0,80.2,,,OBAnorm,,LD831_01996v2.403,,,,0,0
GLBALSTL,2024-05-24 01:19:00.000,32.2,29.1,31.0,28.3,27.8,30.7,31.4,28.7,29.2,31.2,28.6,29.5,31.7,33.5,33.9,35.8,36.5,36.5,36.8,36.0,35.3,34.4,31.3,29.1,26.4,23.6,20.8,17.6,14.5,10.9,7.0,3.8,1.6,44.2,46.3,46.9,13.1,0.0,75.7,18.0,22.0,80.2,,,OBAnorm,,LD831_01996v2.403,,,,0,0
GLBALSTL,2024-05-24 01:19:01.000,29.5,26.8,29.5,33.0,28.0,29.1,29.8,30.3,29.4,30.7,30.9,27.7,27.5,32.3,32.9,35.0,36.0,36.9,36.2,36.0,35.3,34.0,32.2,29.1,26.6,23.7,20.2,17.8,13.5,9.3,5.7,3.4,1.3,44.2,46.1,46.9,13.1,0.0,75.7,18.1,22.0,80.2,,,OBAnorm,,LD831_01996v2.403,,,,0,0
GLBALSTL,2024-05-24 01:19:02.000,25.0,26.0,28.4,26.7,24.5,30.1,31.4,29.0,30.0,29.8,30.2,29.0,31.9,34.2,35.0,36.6,36.9,37.6,38.0,36.9,36.2,35.3,33.8,31.0,27.9,25.2,22.6,19.6,16.5,11.9,8.0,4.5,1.9,45.3,47.2,47.8,13.1,0.0,75.7,18.0,22.0,80.2,,,OBAnorm,,LD831_01996v2.403,,,,0,0
GLBALSTL,2024-05-24 01:19:03.000,28.2,24.7,30.9,28.8,27.9,31.2,32.2,29.6,30.7,34.7,32.5,31.3,34.5,33.2,34.5,35.4,37.1,36.7,36.2,35.9,35.5,33.8,31.8,29.6,27.1,23.8,20.6,18.0,14.1,9.9,6.7,3.8,1.6,44.1,46.9,47.5,13.1,0.0,75.7,18.0,22.0,80.2,,,OBAnorm,,LD831_01996v2.403,,,,0,0
GLBALSTL,2024-05-24 01:19:04.000,27.3,30.3,30.5,28.5,28.9,28.8,30.3,28.9,33.0,34.1,32.2,26.8,29.5,32.1,33.3,35.1,36.9,38.0,37.2,36.9,35.8,34.1,32.5,29.2,27.0,24.7,21.3,19.2,14.2,9.0,5.7,3.2,1.2,44.8,46.6,47.3,13.1,0.0,75.7,18.0,22.0,80.2,,,OBAnorm,,LD831_01996v2.403,,,,0,0
GLBALSTL,2024-05-24 01:19:05.000,28.9,29.9,27.6,29.8,26.8,27.7,31.7,29.8,29.2,31.1,31.1,30.1,35.3,34.2,35.1,35.4,37.8,38.1,37.8,37.7,36.6,35.3,33.6,30.7,27.6,25.4,22.5,19.8,15.7,10.8,6.6,3.7,1.5,45.6,48.6,49.0,13.1,0.0,75.7,18.0,22.0,80.2,,,OBAnorm,,LD831_01996v2.403,,,,0,0
GLBALSTL,2024-05-24 01:19:06.000,29.5,27.7,30.7,30.6,28.4,29.0,31.1,29.4,28.4,31.8,32.8,39.9,38.9,34.2,32.9,36.9,36.5,37.6,37.3,36.7,35.4,33.9,32.4,29.0,26.2,23.4,20.5,17.6,13.6,9.6,5.9,3.4,1.3,44.6,46.9,47.8,13.1,0.0,75.7,18.0,22.0,80.2,,,OBAnorm,,LD831_01996v2.403,,,,0,0
GLBALSTL,2024-05-24 01:19:07.000,22.6,27.0,31.6,27.4,27.7,27.9,27.6,30.7,27.9,30.6,28.6,27.8,35.0,35.2,33.6,35.9,37.2,37.9,37.3,36.0,35.9,34.7,33.8,30.5,27.5,23.9,21.3,18.4,14.8,9.8,6.3,3.5,1.4,44.9,46.8,48.0,13.1,0.0,75.7,18.0,22.0,80.2,,,OBAnorm,,LD831_01996v2.403,,,,0,0
GLBALSTL,2024-05-24 01:19:08.000,28.1,27.8,29.9,29.7,29.1,29.2,29.5,30.7,26.8,30.6,30.7,26.2,30.0,34.1,33.5,35.8,36.4,36.8,37.5,36.5,35.5,35.1,33.2,30.2,27.8,24.4,22.1,18.6,15.5,11.6,7.6,3.8,1.6,44.9,46.6,49.0,13.1,0.0,75.7,18.0,22.0,80.2,,,OBAnorm,,LD831_01996v2.403,,,,0,0
GLBALSTL,2024-05-24 01:19:09.000,23.0,27.2,30.2,29.0,25.5,28.5,28.9,28.2,27.7,30.2,29.3,28.3,31.2,34.9,35.4,35.3,36.2,37.5,37.1,37.7,36.6,35.3,33.9,30.9,28.5,25.3,22.7,19.8,16.4,11.5,7.5,3.8,1.6,45.3,47.0,48.6,13.1,0.0,75.7,18.0,22.0,80.2,,,OBAnorm,,LD831_01996v2.403,,,,0,0
GLBALSTL,2024-05-24 01:19:10.000,25.9,29.1,27.0,29.5,27.6,28.5,30.7,29.8,29.2,30.6,29.0,26.4,30.6,33.0,34.0,36.6,37.5,37.9,38.5,37.6,36.8,35.4,34.0,30.7,28.5,25.5,21.9,19.1,17.0,11.9,7.1,4.1,1.7,45.9,47.4,49.5,13.1,0.0,75.7,18.0,22.0,80.2,,,OBAnorm,,LD831_01996v2.403,,,,0,0
GLBALSTL,2024-05-24 01:19:11.000,29.2,26.0,27.5,27.7,27.6,26.7,31.1,31.4,28.0,29.9,28.3,27.3,31.3,33.7,34.2,36.4,38.6,39.6,39.0,39.6,39.2,37.8,35.5,33.2,30.4,28.8,26.2,22.9,19.9,15.7,11.3,6.9,3.0,47.4,48.6,51.6,13.1,0.0,75.7,18.0,22.0,80.2,,,OBAnorm,,LD831_01996v2.403,,,,0,0
GLBALSTL,2024-05-24 01:19:12.000,26.3,28.8,31.4,28.9,27.8,30.5,29.4,28.2,29.4,29.4,28.5,26.2,32.0,34.8,35.2,37.6,38.7,39.1,38.8,38.6,37.4,37.0,35.1,32.6,29.3,26.7,24.2,21.1,17.8,14.2,10.1,5.6,2.4,46.5,48.0,49.9,13.1,0.0,75.7,18.0,22.0,80.2,,,OBAnorm,,LD831_01996v2.403,,,,0,0
GLBALSTL,2024-05-24 01:19:13.000,25.0,28.4,29.3,26.8,27.3,28.8,28.9,30.0,27.7,28.3,27.8,27.5,33.5,32.6,33.4,35.2,35.9,36.9,37.7,37.3,36.5,34.6,33.1,30.3,27.4,25.2,22.6,20.0,15.9,11.0,6.8,3.7,1.4,44.9,46.6,48.7,13.1,0.0,75.7,18.0,22.0,80.2,,,OBAnorm,,LD831_01996v2.403,,,,0,0
GLBALSTL,2024-05-24 01:19:14.000,31.7,30.5,32.8,27.1,25.4,28.6,27.8,30.0,27.7,29.7,28.6,27.2,31.1,33.6,35.6,36.3,38.5,38.7,38.7,38.0,36.5,35.6,33.9,31.1,28.7,25.3,22.0,18.9,15.1,11.1,6.6,3.7,1.4,46.2,48.0,48.6,13.1,0.0,75.7,18.0,22.0,80.2,,,OBAnorm,,LD831_01996v2.403,,,,0,0
GLBALSTL,2024-05-24 01:19:15.000,36.1,33.4,29.4,30.3,26.5,28.2,27.8,29.5,28.3,29.0,29.9,32.0,34.3,34.7,35.1,36.5,39.0,40.6,39.6,38.8,37.9,37.3,35.6,32.3,30.0,27.7,24.5,20.3,16.2,12.9,9.7,5.1,2.0,47.2,48.6,49.2,13.1,0.0,75.7,18.0,22.0,80.2,,,OBAnorm,,LD831_01996v2.403,,,,0,0
GLBALSTL,2024-05-24 01:19:16.000,32.2,33.7,29.1,29.1,27.0,29.7,26.9,29.3,26.4,26.9,29.3,34.5,37.9,35.6,34.0,35.9,36.5,38.5,38.1,37.4,37.2,35.5,33.9,31.5,29.2,26.3,23.9,21.1,18.7,14.7,11.2,6.6,3.0,45.8,47.7,48.4,13.1,0.0,75.7,18.0,22.0,80.2,,,OBAnorm,,LD831_01996v2.403,,,,0,0
GLBALSTL,2024-05-24 01:19:17.000,26.4,29.7,32.5,27.4,26.1,27.5,29.3,29.1,27.1,29.4,28.7,27.7,32.6,33.9,34.1,36.9,37.7,38.3,38.2,38.2,37.6,35.8,34.4,31.6,28.2,25.3,22.9,20.0,17.1,13.1,8.8,5.3,2.4,46.2,47.7,48.2,13.1,0.0,75.7,18.0,22.1,80.3,,,OBAnorm,,LD831_01996v2.403,,,,0,0
GLBALSTL,2024-05-24 01:19:18.000,31.2,33.9,31.7,26.3,26.6,29.2,29.7,29.0,28.2,31.0,30.7,33.6,35.7,35.9,35.8,37.1,37.9,39.2,38.6,37.7,36.7,35.6,33.8,30.8,28.3,25.7,24.2,19.7,16.8,12.8,8.6,5.0,1.9,46.1,48.4,49.1,13.1,0.0,75.7,18.0,22.1,80.3,,,OBAnorm,,LD831_01996v2.403,,,,0,0
GLBALSTL,2024-05-24 01:19:19.000,27.9,26.8,30.0,31.2,26.0,29.6,29.1,29.9,28.5,28.5,35.4,33.1,32.8,34.1,33.9,36.0,36.3,37.6,37.4,37.9,36.0,34.8,32.8,30.7,27.9,25.1,23.0,20.3,16.1,11.6,7.8,4.0,1.6,45.2,46.8,47.4,13.1,0.0,75.7,18.0,22.0,80.2,,,OBAnorm,,LD831_01996v2.403,,,,0,0
GLBALSTL,2024-05-24 01:19:20.000,24.7,25.7,28.0,29.0,27.6,27.4,28.0,26.1,26.5,27.4,27.8,26.0,29.8,33.6,33.7,36.4,37.0,37.3,37.7,37.8,37.2,35.2,33.1,30.7,28.1,24.9,21.9,19.6,15.1,10.7,6.8,3.8,1.5,45.4,47.0,49.3,13.1,0.0,75.7,18.0,22.0,80.2,,,OBAnorm,,LD831_01996v2.403,,,,0,0
GLBALSTL,2024-05-24 01:19:21.000,28.9,28.7,27.6,26.6,25.9,25.7,28.1,28.4,27.8,28.7,29.1,27.0,31.2,33.1,32.9,36.0,37.9,37.4,37.7,37.1,36.4,35.6,32.9,30.0,27.0,23.9,20.2,17.0,13.0,8.6,5.5,3.2,1.3,45.2,46.7,48.8,13.1,0.0,75.7,18.0,22.0,80.2,,,OBAnorm,,LD831_01996v2.403,,,,0,0
GLBALSTL,2024-05-24 01:19:22.000,24.0,26.4,32.6,30.0,26.7,28.8,28.0,27.7,29.3,28.7,29.2,25.9,30.0,33.4,34.4,35.6,36.7,38.1,37.8,37.2,37.2,35.4,33.5,31.2,27.5,24.1,21.0,18.2,14.7,10.3,6.5,3.6,1.4,45.5,47.1,47.9,13.1,0.0,75.7,18.0,22.1,80.3,,,OBAnorm,,LD831_01996v2.403,,,,0,0
GLBALSTL,2024-05-24 01:19:23.000,24.0,26.2,30.2,28.6,26.6,27.7,28.9,28.2,27.9,29.0,27.8,27.6,31.1,33.3,34.6,38.1,38.2,38.5,38.5,38.6,37.7,35.7,34.5,31.8,28.2,26.0,22.9,20.2,16.8,13.1,9.2,5.1,2.0,46.3,47.9,49.9,13.1,0.0,75.7,18.0,22.1,80.3,,,OBAnorm,,LD831_01996v2.403,,,,0,0
GLBALSTL,2024-05-24 01:19:24.000,20.5,28.1,30.2,31.1,26.5,31.1,26.6,29.3,24.7,29.1,31.1,29.8,31.8,33.6,35.6,36.4,38.1,38.0,38.8,38.3,37.8,36.5,34.8,32.0,29.0,28.1,27.5,24.5,20.6,16.5,11.4,6.2,3.3,46.5,47.9,49.1,13.1,0.0,75.7,18.0,22.1,80.3,,,OBAnorm,,LD831_01996v2.403,,,,0,0
GLBALSTL,2024-05-24 01:19:25.000,25.0,28.5,32.9,26.5,28.6,27.9,28.1,26.6,27.0,31.7,28.8,27.8,34.0,34.1,32.9,36.1,36.7,38.4,37.8,37.7,36.2,34.6,33.7,31.7,29.0,25.5,22.3,19.3,15.1,11.6,7.0,3.9,1.5,45.4,47.2,47.7,13.1,0.0,75.7,18.0,22.1,80.3,,,OBAnorm,,LD831_01996v2.403,,,,0,0
GLBALSTL,2024-05-24 01:19:26.000,26.5,26.9,30.3,30.9,28.6,28.2,26.1,27.8,28.9,29.7,30.8,27.7,32.5,34.8,35.9,37.4,39.2,40.0,40.1,39.1,38.5,37.1,35.5,32.7,29.2,26.9,24.2,22.2,18.0,12.6,8.3,4.7,1.9,47.2,48.7,49.2,13.1,0.2,75.7,18.0,22.1,80.3,,,OBAnorm,,LD831_01996v2.403,,,,0,0
GLBALSTL,2024-05-24 01:19:27.000,27.4,29.9,31.2,27.0,28.0,28.9,27.3,29.4,27.6,30.6,29.6,28.9,35.2,35.5,33.8,35.5,36.9,38.0,37.5,37.8,36.7,35.6,33.3,30.7,28.3,25.8,23.5,20.6,17.3,12.8,8.9,4.8,2.1,45.6,47.3,47.9,13.1,0.3,75.7,18.0,22.1,80.3,,,OBAnorm,,LD831_01996v2.403,,,,0,0
GLBALSTL,2024-05-24 01:19:28.000,26.7,25.6,30.2,28.9,26.7,25.5,26.9,27.7,27.3,31.1,29.4,26.4,30.5,35.4,34.7,36.3,36.5,37.8,38.0,38.2,37.1,34.8,33.3,30.6,27.9,25.1,22.4,20.4,16.3,11.2,7.2,4.3,1.5,45.6,47.3,47.9,13.1,0.4,75.7,18.0,22.1,80.3,,,OBAnorm,,LD831_01996v2.403,,,,0,0
GLBALSTL,2024-05-24 01:19:29.000,19.3,24.5,29.7,32.3,29.0,28.3,30.9,28.4,28.2,30.9,29.3,34.4,32.9,34.4,33.9,36.9,37.6,38.2,37.4,37.5,36.3,35.3,33.7,31.1,27.8,25.2,22.5,19.1,16.2,11.8,7.9,4.4,1.9,45.4,47.3,48.0,13.1,0.5,75.7,18.0,22.1,80.3,,,OBAnorm,,LD831_01996v2.403,,,,0,0
GLBALSTL,2024-05-24 01:19:30.000,26.2,30.1,29.9,29.6,26.3,27.7,26.7,29.2,28.4,30.8,29.7,30.0,31.2,33.1,33.1,36.3,37.7,38.3,38.1,37.4,36.4,36.1,34.2,31.2,27.9,25.6,23.3,20.1,16.8,11.9,8.2,4.3,1.6,45.8,47.4,47.9,13.1,0.5,75.7,18.0,22.1,80.3,,,OBAnorm,,LD831_01996v2.403,,,,0,0
GLBALSTL,2024-05-24 01:19:31.000,24.8,28.4,26.4,27.8,25.9,27.7,29.9,29.3,28.3,30.7,30.0,28.1,29.2,31.9,33.5,34.1,36.0,36.8,37.4,36.2,35.6,34.2,32.0,29.5,26.8,24.5,21.8,19.1,14.3,9.2,5.9,3.3,1.4,44.3,46.1,47.4,13.1,0.5,75.7,18.1,22.1,80.3,,,OBAnorm,,LD831_01996v2.403,,,,0,0
GLBALSTL,2024-05-24 01:19:32.000,27.5,30.2,30.5,28.9,28.0,25.8,27.2,27.8,28.2,32.3,29.5,29.3,34.0,32.2,35.8,35.8,37.1,37.4,37.3,36.4,35.3,33.8,31.9,28.9,26.0,22.9,20.1,17.4,13.1,9.0,5.4,3.0,1.3,44.4,46.6,47.8,13.1,0.6,75.7,18.0,22.1,80.3,,,OBAnorm,,LD831_01996v2.403,,,,0,0
GLBALSTL,2024-05-24 01:19:33.000,29.3,28.0,29.3,30.7,27.1,28.3,31.0,28.5,30.2,31.9,31.9,30.4,30.9,33.6,33.3,36.1,37.2,37.6,37.6,37.1,36.6,35.2,33.0,30.8,28.2,24.9,22.2,18.7,14.5,11.1,6.9,3.7,1.4,45.4,47.3,47.7,13.1,0.6,75.7,18.0,22.1,80.3,,,OBAnorm,,LD831_01996v2.403,,,,0,0
GLBALSTL,2024-05-24 01:19:34.000,24.3,21.8,26.7,27.1,28.2,30.6,29.8,29.1,31.0,32.0,30.8,26.9,30.5,32.4,33.3,35.3,37.3,37.8,38.3,37.9,36.6,35.7,33.5,30.4,27.8,24.3,20.9,17.8,13.9,9.6,6.0,3.3,1.2,45.5,47.1,47.6,13.1,0.6,75.7,18.0,22.1,80.3,,,OBAnorm,,LD831_01996v2.403,,,,0,0
GLBALSTL,2024-05-24 01:19:35.000,21.1,25.5,29.5,28.2,30.0,29.0,29.5,30.4,28.7,30.1,30.7,27.7,30.4,34.2,34.0,36.0,37.1,37.7,37.6,37.3,36.4,34.4,32.4,29.6,26.6,23.5,20.4,17.6,13.4,9.3,5.9,3.4,1.2,45.0,46.8,47.3,13.1,0.6,75.7,18.0,22.1,80.3,,,OBAnorm,,LD831_01996v2.403,,,,0,0
GLBALSTL,2024-05-24 01:19:36.000,29.2,27.3,26.0,29.0,28.5,28.8,31.7,27.9,30.2,31.9,29.6,27.1,29.8,33.4,34.2,38.0,38.9,39.3,38.9,38.7,37.6,36.5,34.7,31.5,28.5,25.3,22.1,17.7,14.3,9.9,6.1,3.5,1.4,46.6,48.2,48.9,13.1,0.6,75.7,18.0,22.1,80.3,,,OBAnorm,,LD831_01996v2.403,,,,0,0
GLBALSTL,2024-05-24 01:19:37.000,26.4,27.6,25.2,30.1,26.5,31.2,28.0,29.5,29.6,30.3,30.5,27.3,31.8,33.3,33.3,36.0,36.9,38.5,38.1,37.5,36.7,35.7,33.8,31.7,29.3,27.3,24.6,21.9,19.1,14.4,10.6,5.3,2.4,45.7,47.4,48.5,13.1,0.6,75.7,18.0,22.1,80.3,,,OBAnorm,,LD831_01996v2.403,,,,0,0
GLBALSTL,2024-05-24 01:19:38.000,23.8,26.1,27.4,28.2,24.7,30.8,30.7,29.1,29.5,32.7,30.9,30.8,32.5,32.6,33.2,36.1,36.5,37.1,37.3,37.1,36.0,34.2,32.7,29.7,26.8,24.0,21.1,18.7,14.5,10.5,6.6,3.7,1.5,44.8,46.7,47.4,13.1,0.5,75.7,18.0,22.1,80.3,,,OBAnorm,,LD831_01996v2.403,,,,0,0
GLBALSTL,2024-05-24 01:19:39.000,23.5,27.3,31.3,28.1,29.0,28.6,31.2,28.9,29.9,31.1,30.1,27.8,30.5,31.4,32.5,35.8,36.3,38.5,37.5,37.3,36.2,34.4,33.3,31.2,27.9,25.0,22.7,19.3,16.3,12.0,8.9,4.3,1.7,45.2,46.8,47.4,13.1,0.5,75.7,18.0,22.1,80.3,,,OBAnorm,,LD831_01996v2.403,,,,0,0
GLBALSTL,2024-05-24 01:19:40.000,26.1,26.4,28.2,28.5,26.8,27.4,28.9,28.6,28.4,31.1,32.7,28.0,30.6,33.4,34.1,36.8,37.5,38.1,38.5,37.5,37.2,35.7,34.7,32.2,28.8,26.3,23.5,20.8,17.3,12.0,7.4,3.9,1.9,46.0,47.6,49.2,13.1,0.5,75.7,18.0,22.1,80.3,,,OBAnorm,,LD831_01996v2.403,,,,0,0
GLBALSTL,2024-05-24 01:19:41.000,24.4,28.7,26.3,28.6,27.1,25.9,30.3,28.5,30.9,32.7,31.6,28.7,31.7,30.2,31.8,36.0,36.0,36.8,37.5,36.6,35.8,33.9,32.9,30.7,27.4,24.2,21.6,19.0,16.0,10.9,6.6,3.6,1.7,44.6,46.5,47.5,13.1,0.5,75.7,18.0,22.1,80.3,,,OBAnorm,,LD831_01996v2.403,,,,0,0
GLBALSTL,2024-05-24 01:19:42.000,19.9,27.6,24.0,29.6,28.1,28.8,31.4,30.8,29.6,33.0,31.9,27.4,28.6,32.2,34.3,36.7,37.4,38.2,37.7,38.2,37.6,36.9,34.7,32.5,29.3,26.9,24.3,20.7,17.8,12.6,8.0,4.4,1.9,46.3,47.7,48.2,13.1,0.5,75.7,18.0,22.1,80.3,,,OBAnorm,,LD831_01996v2.403,,,,0,0
GLBALSTL,2024-05-24 01:19:43.000,25.5,28.9,25.4,27.6,26.7,30.0,29.0,30.9,28.1,31.9,32.3,31.2,30.8,32.9,35.0,37.5,39.0,39.3,39.8,39.5,38.6,37.0,34.6,32.3,29.5,26.2,23.8,22.0,18.3,13.7,9.0,5.6,2.1,47.2,48.7,49.1,13.1,0.5,75.7,18.0,22.1,80.3,,,OBAnorm,,LD831_01996v2.403,,,,0,0
GLBALSTL,2024-05-24 01:19:44.000,23.8,31.2,28.5,30.5,28.5,30.2,29.1,30.8,29.1,31.1,31.7,32.2,34.9,33.7,34.7,37.2,39.4,39.4,38.1,38.0,37.2,36.2,34.8,31.4,29.1,26.2,23.6,20.6,16.9,12.8,8.4,4.9,2.1,46.4,48.2,48.5,13.1,0.5,75.7,18.0,22.1,80.3,,,OBAnorm,,LD831_01996v2.403,,,,0,0
GLBALSTL,2024-05-24 01:19:45.000,22.1,28.6,28.2,25.9,27.6,25.5,29.6,29.5,29.7,31.7,31.3,32.0,34.8,34.8,33.4,37.4,37.2,38.6,38.7,37.8,37.5,35.9,34.4,31.6,28.5,25.4,23.3,20.8,16.6,12.2,8.1,4.6,1.6,46.0,47.8,48.3,13.1,0.4,75.7,18.0,22.1,80.3,,,OBAnorm,,LD831_01996v2.403,,,,0,0
GLBALSTL,2024-05-24 01:19:46.000,24.8,25.3,30.9,29.1,26.9,27.8,28.5,30.9,30.8,31.7,30.2,29.1,29.9,33.2,33.9,37.2,39.1,39.6,39.6,39.0,38.3,37.7,35.4,32.7,29.7,26.7,24.0,20.7,17.9,14.3,9.5,5.3,2.4,47.2,48.6,49.5,13.1,0.4,75.7,18.0,22.1,80.3,,,OBAnorm,,LD831_01996v2.403,,,,0,0
GLBALSTL,2024-05-24 01:19:47.000,22.2,29.2,31.4,30.3,28.9,28.9,30.1,31.6,29.9,31.4,30.5,31.8,33.5,34.4,34.5,36.9,38.9,39.1,39.2,38.9,37.7,36.3,35.1,32.1,29.2,26.0,23.5,20.4,16.6,12.1,7.7,4.0,1.8,46.7,48.4,49.0,13.1,0.4,75.7,18.0,22.1,80.3,,,OBAnorm,,LD831_01996v2.403,,,,0,0
GLBALSTL,2024-05-24 01:19:48.000,25.8,28.3,26.6,29.2,28.3,29.6,29.3,29.2,28.4,30.0,31.0,30.7,32.6,32.6,34.5,36.5,37.2,38.0,37.6,38.3,37.4,35.9,34.5,32.5,29.2,27.3,25.5,21.9,19.7,14.9,10.3,5.7,2.5,46.0,47.4,48.0,13.1,0.4,75.7,18.0,22.1,80.3,,,OBAnorm,,LD831_01996v2.403,,,,0,0
GLBALSTL,2024-05-24 01:19:49.000,28.6,26.7,29.0,29.5,28.6,30.7,31.2,30.0,28.9,31.9,32.2,28.5,30.8,32.8,33.6,36.5,37.8,38.5,38.5,37.6,37.4,35.8,34.2,32.1,28.8,26.3,24.7,21.3,18.2,13.6,9.1,5.3,2.2,46.0,47.7,48.2,13.1,0.4,75.7,18.0,22.1,80.3,,,OBAnorm,,LD831_01996v2.403,,,,0,0
GLBALSTL,2024-05-24 01:19:50.000,23.3,23.9,31.7,27.4,30.3,29.2,29.8,27.9,28.7,31.2,32.0,29.3,30.2,33.9,34.2,36.3,37.0,37.1,37.2,36.6,36.4,35.2,33.9,30.6,28.4,25.6,23.6,20.5,17.8,13.5,9.8,5.7,2.4,45.2,47.0,47.8,13.1,0.4,75.7,18.0,22.1,80.3,,,OBAnorm,,LD831_01996v2.403,,,,0,0
GLBALSTL,2024-05-24 01:19:51.000,24.7,29.0,29.8,27.8,27.0,28.1,29.2,29.4,29.3,31.7,32.1,33.5,35.4,35.5,33.8,36.5,37.1,37.7,37.6,37.4,35.7,34.8,33.2,30.1,27.1,24.3,21.2,18.3,14.5,10.8,7.0,3.9,1.5,45.2,47.4,47.7,13.1,0.4,75.7,18.0,22.1,80.3,,,OBAnorm,,LD831_01996v2.403,,,,0,0
GLBALSTL,2024-05-24 01:19:52.000,21.9,24.7,28.8,27.3,24.9,29.6,30.8,30.1,30.2,31.1,29.2,26.9,29.3,31.5,33.7,36.3,37.3,38.0,37.9,37.4,36.6,35.2,33.6,31.0,28.2,25.1,22.1,18.9,15.4,11.1,7.5,4.2,1.8,45.4,47.1,47.8,13.1,0.3,75.7,18.0,22.1,80.3,,,OBAnorm,,LD831_01996v2.403,,,,0,0
GLBALSTL,2024-05-24 01:19:53.000,24.3,21.9,29.1,27.0,27.9,30.1,30.4,30.3,30.3,31.7,36.3,31.4,37.1,33.5,33.0,35.9,36.8,37.7,37.2,37.6,36.5,36.0,34.5,31.2,28.6,26.0,24.0,21.0,19.6,15.1,10.5,5.8,2.6,45.7,47.8,48.2,13.1,0.4,75.7,18.0,22.1,80.3,,,OBAnorm,,LD831_01996v2.403,,,,0,0
GLBALSTL,2024-05-24 01:19:54.000,24.5,28.6,29.8,27.4,28.2,29.9,29.3,30.7,31.5,30.8,29.9,29.7,30.5,32.9,34.1,36.3,37.4,38.3,37.8,37.8,37.1,36.3,34.4,32.0,29.2,26.5,23.5,20.1,17.9,13.2,8.9,5.1,1.9,46.0,47.5,48.0,13.1,0.4,75.7,18.0,22.1,80.3,,,OBAnorm,,LD831_01996v2.403,,,,0,0
GLBALSTL,2024-05-24 01:19:55.000,22.3,29.8,30.5,28.7,29.3,28.4,29.2,29.4,29.3,30.7,28.9,28.3,28.9,32.8,34.4,36.1,37.9,38.7,38.5,37.9,37.5,36.4,34.9,32.0,29.1,26.2,23.6,20.2,17.2,13.0,8.7,4.8,2.1,46.2,47.6,48.6,13.1,0.4,75.7,18.0,22.1,80.3,,,OBAnorm,,LD831_01996v2.403,,,,0,0
GLBALSTL,2024-05-24 01:19:56.000,20.8,24.5,28.0,29.5,27.2,28.1,28.5,32.3,31.3,31.1,30.0,27.5,30.2,33.9,34.3,36.4,36.6,38.3,38.1,36.8,37.0,36.2,34.4,31.2,28.1,25.6,23.4,20.7,17.2,13.0,8.7,4.9,2.0,45.7,47.4,48.0,13.1,0.4,75.7,18.0,22.1,80.3,,,OBAnorm,,LD831_01996v2.403,,,,0,0
GLBALSTL,2024-05-24 01:19:57.000,25.1,26.2,30.8,29.6,27.5,30.5,28.4,28.9,31.4,27.7,31.9,30.8,31.9,33.3,34.6,36.3,36.2,37.3,36.9,36.9,36.0,34.5,32.5,29.7,27.1,24.4,21.8,18.8,15.4,11.0,7.0,4.1,1.8,44.6,46.6,47.1,13.1,0.5,75.7,18.0,22.1,80.3,,,OBAnorm,,LD831_01996v2.403,,,,0,0
GLBALSTL,2024-05-24 01:19:58.000,20.9,25.3,29.4,28.3,24.9,29.0,28.2,30.6,31.5,29.1,31.4,27.6,29.8,32.3,33.1,34.2,35.6,37.9,37.2,36.5,36.3,34.9,33.2,30.2,27.9,25.0,22.1,19.5,15.8,10.6,6.5,3.8,1.5,45.0,46.8,47.5,13.1,0.5,75.7,18.0,22.1,80.3,,,OBAnorm,,LD831_01996v2.403,,,,0,0
GLBALSTL,2024-05-24 01:19:59.000,23.2,27.0,31.6,29.5,28.4,28.5,27.8,30.1,29.0,29.2,30.7,30.5,31.2,33.5,32.8,35.8,37.9,37.8,38.6,38.0,36.7,35.3,33.4,31.2,28.1,25.3,22.9,20.5,16.1,10.9,7.1,3.8,1.5,45.6,47.1,47.5,13.1,0.5,75.7,18.1,22.1,80.3,,,OBAnorm,,LD831_01996v2.403,,,,0,0
GLBALSTL,2024-05-24 01:20:00.000,27.2,25.3,29.9,29.6,28.0,29.5,29.5,29.0,29.0,31.2,30.9,30.6,31.2,32.7,34.8,35.8,35.4,36.2,36.8,35.4,35.0,33.7,31.9,29.2,25.6,23.3,20.4,17.2,13.5,9.3,6.0,3.1,1.3,43.8,46.1,46.7,13.1,0.5,75.7,18.0,22.1,80.3,,,OBAnorm,,LD831_01996v2.403,,,,0,0
GLBALSTL,2024-05-24 01:20:01.000,28.0,28.9,28.7,27.5,28.3,31.1,29.6,31.6,30.4,32.1,30.0,29.5,29.4,30.7,32.1,34.5,35.5,37.4,37.0,36.7,35.7,33.6,32.4,29.3,26.5,24.1,21.1,18.1,15.0,10.9,6.9,3.8,1.5,44.2,46.1,46.8,13.1,0.5,75.7,18.0,22.1,80.3,,,OBAnorm,,LD831_01996v2.403,,,,0,0
GLBALSTL,2024-05-24 01:20:02.000,24.7,29.2,30.8,28.9,29.6,30.0,29.9,30.1,27.2,31.0,31.8,32.5,30.7,32.7,33.5,35.0,35.1,37.3,36.5,37.0,36.7,35.9,33.9,31.0,28.3,26.4,24.7,21.3,19.2,15.4,11.2,6.5,2.7,45.4,47.1,47.6,13.1,0.5,75.7,18.0,22.1,80.3,,,OBAnorm,,LD831_01996v2.403,,,,0,0
GLBALSTL,2024-05-24 01:20:03.000,21.9,29.2,28.2,27.9,25.0,29.7,29.2,30.5,30.7,33.0,33.3,34.8,34.7,34.1,34.0,35.6,37.1,38.1,38.5,38.0,37.1,35.8,34.3,30.8,28.1,26.3,24.3,21.4,18.1,13.5,9.3,5.2,2.2,45.9,47.8,48.4,13.1,0.5,75.7,18.0,22.1,80.3,,,OBAnorm,,LD831_01996v2.403,,,,0,0
GLBALSTL,2024-05-24 01:20:04.000,25.2,29.1,30.1,27.1,29.0,31.0,28.9,28.1,29.6,31.5,31.7,27.6,29.9,33.2,33.4,35.6,35.8,37.2,37.9,37.1,36.5,35.4,34.0,30.5,27.6,25.2,23.2,20.7,17.6,12.7,8.8,4.7,2.1,45.0,46.6,47.6,13.1,0.5,75.7,18.0,22.1,80.3,,,OBAnorm,,LD831_01996v2.403,,,,0,0
GLBALSTL,2024-05-24 01:20:05.000,26.5,27.9,26.4,23.8,29.8,28.3,25.6,29.1,31.4,30.0,29.6,25.6,29.7,33.4,32.6,34.2,36.6,37.1,37.1,37.0,36.3,34.9,32.8,30.5,27.2,24.6,21.5,18.6,15.4,11.4,7.6,4.0,1.7,45.0,46.6,47.2,13.1,0.5,75.7,18.0,22.1,80.3,,,OBAnorm,,LD831_01996v2.403,,,,0,0
GLBALSTL,2024-05-24 01:20:06.000,21.9,24.4,29.4,27.4,26.9,28.4,29.8,31.1,29.2,31.5,30.5,28.9,34.0,31.7,33.7,35.9,37.0,38.0,37.5,37.6,36.7,35.3,33.6,31.0,28.4,25.4,22.2,19.2,15.4,11.1,7.0,3.8,1.6,45.5,47.2,47.7,13.1,0.5,75.7,18.0,22.1,80.3,,,OBAnorm,,LD831_01996v2.403,,,,0,0
GLBALSTL,2024-05-24 01:20:07.000,21.2,25.5,28.8,29.6,27.4,29.3,28.7,28.7,31.5,30.5,30.1,28.0,31.1,34.5,34.0,36.4,37.7,36.9,36.6,37.0,36.7,34.6,32.6,30.4,27.3,25.2,22.5,19.6,16.3,11.9,8.0,4.2,1.8,45.0,47.0,47.7,13.1,0.5,75.7,18.0,22.1,80.3,,,OBAnorm,,LD831_01996v2.403,,,,0,0
GLBALSTL,2024-05-24 01:20:08.000,20.8,29.4,26.2,25.0,27.6,29.7,31.0,29.5,31.6,30.8,30.8,26.5,31.1,33.0,34.2,36.0,38.0,38.5,38.9,38.0,37.4,36.6,34.3,31.3,28.0,25.3,22.2,19.7,16.5,12.5,9.2,5.1,1.8,46.2,47.8,48.4,13.1,0.5,75.7,18.0,22.1,80.3,,,OBAnorm,,LD831_01996v2.403,,,,0,0
GLBALSTL,2024-05-24 01:20:09.000,26.4,28.7,31.1,25.4,28.0,28.1,31.2,30.6,29.8,31.1,29.8,26.8,32.1,34.5,33.4,36.1,37.8,38.2,37.5,36.9,36.0,35.0,33.7,30.8,27.6,24.0,21.0,18.0,14.1,9.9,6.3,3.5,1.3,45.2,47.0,49.0,13.1,0.6,75.6,18.0,22.1,80.3,,,OBAnorm,,LD831_01996v2.403,,,,0,0
GLBALSTL,2024-05-24 01:20:10.000,25.3,26.3,29.7,25.9,28.0,28.5,31.3,29.7,28.7,30.7,29.3,24.7,30.0,32.6,33.7,35.2,35.3,36.8,36.9,36.8,36.3,34.5,33.2,30.3,27.0,24.7,21.9,19.1,15.5,10.8,6.6,3.7,1.4,44.7,46.5,48.7,13.1,0.7,75.6,18.0,22.1,80.3,,,OBAnorm,,LD831_01996v2.403,,,,0,0
GLBALSTL,2024-05-24 01:20:11.000,22.9,29.9,29.0,28.2,28.1,32.2,30.4,30.9,31.1,30.8,29.5,24.2,29.5,31.5,33.3,35.8,37.3,38.2,37.8,37.3,36.8,35.8,34.5,31.5,28.2,25.6,22.9,20.0,17.0,12.4,8.7,4.7,1.9,45.6,47.3,47.9,13.1,0.7,75.7,18.0,22.1,80.3,,,OBAnorm,,LD831_01996v2.403,,,,0,0
GLBALSTL,2024-05-24 01:20:12.000,25.4,27.2,31.8,29.9,29.3,27.9,32.7,32.1,29.5,31.7,29.2,26.2,29.6,32.8,33.7,36.4,36.5,36.7,36.6,36.7,35.6,34.4,32.9,30.2,27.4,24.5,22.3,18.8,14.9,10.4,6.6,3.9,1.6,44.5,46.3,47.0,13.1,0.7,75.7,18.0,22.1,80.3,,,OBAnorm,,LD831_01996v2.403,,,,0,0
GLBALSTL,2024-05-24 01:20:13.000,26.1,28.5,29.0,26.9,28.6,31.0,30.5,30.5,31.3,30.2,30.5,29.1,32.5,34.2,33.8,35.4,35.5,36.5,36.6,36.0,35.4,34.1,31.8,29.3,26.0,22.9,20.3,17.3,13.8,10.2,6.5,3.5,1.4,44.3,46.4,46.9,13.1,0.7,75.7,18.0,22.1,80.3,,,OBAnorm,,LD831_01996v2.403,,,,0,0
GLBALSTL,2024-05-24 01:20:14.000,28.3,24.5,29.3,27.2,26.6,27.8,30.1,32.0,29.7,31.2,29.1,26.9,28.5,31.2,34.3,35.9,36.9,38.0,38.0,37.5,36.3,34.9,33.1,30.1,27.2,24.2,21.1,17.9,13.8,11.1,6.6,3.5,1.5,45.2,46.8,48.5,13.1,0.7,75.7,18.0,22.1,80.3,,,OBAnorm,,LD831_01996v2.403,,,,0,0
GLBALSTL,2024-05-24 01:20:15.000,25.2,26.6,29.1,28.6,23.5,27.3,31.4,29.8,30.9,31.9,29.1,27.4,32.0,35.0,34.3,36.5,37.8,38.3,37.7,37.7,37.5,36.7,34.8,31.6,29.1,26.7,23.2,20.0,17.3,12.4,8.4,4.7,2.0,46.2,47.8,48.3,13.1,0.7,75.7,18.0,22.1,80.3,,,OBAnorm,,LD831_01996v2.403,,,,0,0
GLBALSTL,2024-05-24 01:20:16.000,25.7,29.2,26.9,26.7,28.2,28.0,31.3,29.5,27.9,29.2,29.6,27.4,30.1,32.2,32.4,34.8,34.2,36.0,36.3,35.8,35.0,33.9,32.1,29.6,26.3,23.7,20.3,17.1,13.6,9.0,5.4,3.3,1.2,43.8,45.5,46.3,13.1,0.7,75.7,18.0,22.1,80.3,,,OBAnorm,,LD831_01996v2.403,,,,0,0
GLBALSTL,2024-05-24 01:20:17.000,24.4,25.7,30.0,28.4,27.4,29.2,30.9,28.6,30.0,29.6,28.8,26.5,29.1,31.4,31.5,35.2,35.1,35.8,35.1,35.4,35.0,33.4,31.3,28.9,26.5,22.4,19.9,17.1,13.2,8.6,5.3,3.1,1.3,43.5,45.5,46.2,13.1,0.7,75.7,18.0,22.1,80.3,,,OBAnorm,,LD831_01996v2.403,,,,0,0
GLBALSTL,2024-05-24 01:20:18.000,22.3,26.9,27.8,27.6,27.8,31.0,28.6,31.3,31.1,30.6,29.5,27.9,33.1,32.2,35.2,35.7,37.6,38.3,37.0,37.6,36.3,35.7,33.6,30.8,28.4,24.6,21.2,17.6,13.7,10.0,5.8,3.3,1.4,45.4,47.2,47.9,13.1,0.7,75.7,18.0,22.1,80.3,,,OBAnorm,,LD831_01996v2.403,,,,0,0
GLBALSTL,2024-05-24 01:20:19.000,25.8,24.7,31.0,26.4,27.4,28.0,30.5,32.2,30.0,31.1,31.5,34.7,33.8,34.5,33.7,34.8,36.4,37.5,36.7,36.9,36.6,34.7,33.0,30.1,27.7,24.3,22.3,18.4,15.7,11.8,7.7,4.0,1.8,44.9,47.1,47.7,13.1,0.7,75.7,18.0,22.1,80.3,,,OBAnorm,,LD831_01996v2.403,,,,0,0
GLBALSTL,2024-05-24 01:20:20.000,25.1,25.7,29.7,30.5,27.7,29.3,28.8,29.8,31.5,31.5,29.3,25.3,29.0,32.6,33.6,36.5,37.0,37.5,37.8,37.6,37.2,35.7,33.8,31.0,27.8,25.4,22.8,19.8,16.6,12.1,8.2,4.3,1.8,45.5,47.2,47.8,13.1,0.7,75.7,18.0,22.1,80.3,,,OBAnorm,,LD831_01996v2.403,,,,0,0
GLBALSTL,2024-05-24 01:20:21.000,23.5,25.0,31.7,27.5,28.6,31.1,29.5,29.8,29.8,31.0,29.7,26.7,32.2,34.2,33.8,35.0,37.7,38.2,37.4,37.0,36.2,35.0,33.2,30.7,28.3,24.7,21.6,17.8,14.2,10.2,6.6,3.6,1.4,45.2,46.9,47.5,13.1,0.7,75.7,18.0,22.1,80.3,,,OBAnorm,,LD831_01996v2.403,,,,0,0
GLBALSTL,2024-05-24 01:20:22.000,24.9,31.2,29.6,31.1,28.1,28.7,31.2,30.0,30.1,29.2,30.2,26.5,27.0,31.2,32.9,35.3,36.2,37.2,36.2,34.9,34.5,33.0,31.1,28.1,25.1,22.2,19.5,16.1,12.6,8.8,5.3,3.2,1.3,43.4,45.4,46.4,13.1,0.7,75.7,18.0,22.1,80.3,,,OBAnorm,,LD831_01996v2.403,,,,0,0
GLBALSTL,2024-05-24 01:20:23.000,24.8,30.5,32.5,28.6,28.5,29.0,28.2,29.8,29.0,30.3,30.1,28.3,36.1,34.9,34.5,34.9,36.3,37.4,37.4,36.9,35.8,34.5,32.3,30.2,27.9,24.6,22.5,19.6,15.9,11.3,7.0,4.3,1.6,45.0,47.2,47.8,13.1,0.7,75.7,18.0,22.1,80.3,,,OBAnorm,,LD831_01996v2.403,,,,0,0
GLBALSTL,2024-05-24 01:20:24.000,24.0,26.8,29.9,28.3,28.1,31.4,31.3,28.8,29.7,31.8,29.2,32.1,34.3,32.9,33.3,35.9,36.4,37.6,37.2,36.9,35.7,33.9,32.5,29.6,26.8,24.4,21.1,18.7,14.2,10.0,6.1,3.5,1.5,44.7,46.8,47.6,13.1,0.7,75.7,18.0,22.1,80.3,,,OBAnorm,,LD831_01996v2.403,,,,0,0
GLBALSTL,2024-05-24 01:20:25.000,22.7,27.7,23.2,29.1,26.3,31.7,30.1,27.7,30.4,30.6,28.2,27.1,31.3,31.9,33.1,35.4,36.1,37.6,36.9,37.0,35.8,34.2,32.6,30.0,27.3,24.4,23.2,20.3,17.0,12.3,7.6,4.2,1.8,44.6,46.3,46.9,13.1,0.7,75.7,18.0,22.1,80.3,,,OBAnorm,,LD831_01996v2.403,,,,0,0
GLBALSTL,2024-05-24 01:20:26.000,25.0,29.3,32.9,25.7,29.0,31.5,30.3,27.7,29.1,30.4,28.6,26.7,32.5,33.5,33.6,34.8,36.3,36.9,36.2,36.3,35.0,33.9,31.8,29.6,26.4,23.2,20.4,17.4,13.4,9.7,6.5,3.6,1.3,44.2,46.6,47.2,13.1,0.7,75.7,18.0,22.1,80.3,,,OBAnorm,,LD831_01996v2.403,,,,0,0
GLBALSTL,2024-05-24 01:20:27.000,25.1,28.1,31.6,26.1,26.4,31.0,29.8,29.4,29.8,32.3,32.2,34.2,34.2,33.9,34.2,35.5,36.2,37.7,37.2,36.8,35.4,34.9,32.8,30.0,27.5,24.3,21.2,18.6,15.1,10.0,6.5,3.5,1.4,44.8,46.7,47.3,13.1,0.7,75.7,18.0,22.1,80.3,,,OBAnorm,,LD831_01996v2.403,,,,0,0
GLBALSTL,2024-05-24 01:20:28.000,23.7,25.4,31.1,27.4,29.9,29.4,30.6,29.7,28.9,29.5,30.7,26.9,30.3,32.3,33.2,36.2,37.7,38.2,37.0,36.2,36.1,34.9,33.7,30.9,28.4,25.1,21.9,18.4,14.8,10.7,6.5,3.8,1.5,45.1,46.8,47.5,13.1,0.7,75.7,18.0,22.1,80.3,,,OBAnorm,,LD831_01996v2.403,,,,0,0
GLBALSTL,2024-05-24 01:20:29.000,23.8,28.7,28.2,25.5,27.6,29.6,32.2,28.0,31.2,30.2,28.3,26.1,27.9,32.5,33.1,35.4,35.6,36.4,36.2,35.9,34.9,34.2,32.0,29.7,26.6,23.5,20.5,18.3,15.0,10.3,6.8,3.7,1.5,44.1,46.1,46.7,13.1,0.7,75.7,18.0,22.1,80.3,,,OBAnorm,,LD831_01996v2.403,,,,0,0
GLBALSTL,2024-05-24 01:20:30.000,23.1,28.8,25.8,28.8,28.7,28.9,29.2,29.2,31.1,32.4,31.6,36.5,34.3,34.4,33.9,36.2,37.0,37.3,37.0,36.7,36.0,34.9,33.0,29.8,27.1,24.5,21.5,18.2,14.8,9.8,6.4,3.7,1.4,45.0,47.3,47.9,13.1,0.7,75.7,18.0,22.1,80.3,,,OBAnorm,,LD831_01996v2.403,,,,0,0
GLBALSTL,2024-05-24 01:20:31.000,25.0,26.4,27.7,27.3,29.2,31.2,30.9,28.8,29.3,32.9,30.5,26.1,30.4,32.7,34.2,35.0,36.2,37.5,37.6,37.4,35.7,34.9,33.3,30.2,27.2,24.2,21.4,18.4,14.5,10.0,6.3,3.3,1.3,45.0,46.9,47.3,13.1,0.7,75.7,18.0,22.1,80.3,,,OBAnorm,,LD831_01996v2.403,,,,0,0
GLBALSTL,2024-05-24 01:20:32.000,27.2,30.3,31.2,27.8,29.6,30.4,31.1,29.2,29.0,31.1,28.2,29.8,34.2,34.1,34.3,35.3,35.8,37.3,36.8,36.2,35.6,34.5,32.8,29.2,26.4,24.0,21.3,18.1,14.3,10.5,6.7,3.8,1.5,44.5,46.6,46.9,13.1,0.7,75.7,18.0,22.1,80.3,,,OBAnorm,,LD831_01996v2.403,,,,0,0
GLBALSTL,2024-05-24 01:20:33.000,27.8,30.0,31.8,27.3,27.7,29.1,32.0,29.6,28.2,32.4,31.2,27.3,32.4,34.5,34.4,35.3,37.7,37.2,37.2,37.3,35.8,35.1,32.8,30.8,27.9,25.1,21.7,18.7,15.5,10.4,6.9,3.8,1.6,45.1,47.1,47.6,13.1,0.7,75.7,18.0,22.1,80.3,,,OBAnorm,,LD831_01996v2.403,,,,0,0
GLBALSTL,2024-05-24 01:20:34.000,19.5,25.9,29.6,28.3,28.5,28.6,29.6,30.8,29.0,33.5,30.6,29.4,32.3,33.2,34.2,36.7,37.5,38.0,37.5,37.5,36.7,34.7,33.6,30.6,27.6,25.1,21.9,18.4,14.1,8.9,5.8,3.1,1.2,45.4,47.2,47.7,13.1,0.7,75.7,18.0,22.1,80.3,,,OBAnorm,,LD831_01996v2.403,,,,0,0
GLBALSTL,2024-05-24 01:20:35.000,18.3,24.0,24.8,29.7,28.3,28.1,30.6,29.8,29.0,31.7,29.8,28.9,27.7,32.3,34.1,35.9,36.4,37.0,37.1,36.1,34.7,33.4,31.5,28.4,25.7,22.4,18.9,16.9,12.5,8.3,5.3,3.2,1.2,44.1,46.3,46.9,13.1,0.8,75.7,18.0,22.1,80.3,,,OBAnorm,,LD831_01996v2.403,,,,0,0
GLBALSTL,2024-05-24 01:20:36.000,24.5,23.3,29.8,29.8,29.3,30.0,32.0,29.8,31.2,32.4,29.1,26.3,29.0,31.9,35.3,36.5,38.2,38.5,38.3,37.6,35.9,35.2,34.0,30.8,27.5,24.2,21.2,17.6,14.1,9.0,5.8,3.2,1.3,45.7,47.6,48.1,13.1,0.8,75.7,18.0,22.1,80.3,,,OBAnorm,,LD831_01996v2.403,,,,0,0
GLBALSTL,2024-05-24 01:20:37.000,23.6,25.5,32.3,29.7,27.9,29.5,30.8,30.7,30.6,32.1,30.2,28.3,30.1,32.1,34.2,36.0,36.9,36.4,36.8,36.1,35.7,34.3,32.2,29.6,26.3,23.1,20.1,18.0,13.6,9.2,5.6,3.2,1.3,44.4,46.3,47.0,13.1,0.8,75.6,18.0,22.1,80.3,,,OBAnorm,,LD831_01996v2.403,,,,0,0
GLBALSTL,2024-05-24 01:20:38.000,22.3,27.7,29.9,27.8,26.9,28.1,31.4,30.3,28.6,31.2,31.1,30.6,31.1,32.7,34.5,36.1,37.5,36.8,37.4,36.8,36.7,35.6,33.9,31.4,28.4,25.8,23.3,20.1,17.3,12.1,8.5,4.4,1.9,45.4,47.2,47.8,13.1,0.8,75.7,18.0,22.1,80.3,,,OBAnorm,,LD831_01996v2.403,,,,0,0
GLBALSTL,2024-05-24 01:20:39.000,25.8,31.8,29.3,29.3,26.9,28.9,29.7,29.0,30.2,32.5,30.2,30.6,32.9,33.9,34.6,37.0,36.7,37.4,38.2,37.8,37.1,35.2,33.9,31.5,27.9,25.2,23.1,19.8,17.7,13.5,9.2,4.7,2.1,45.6,47.5,48.1,13.1,0.8,75.7,18.0,22.1,80.3,,,OBAnorm,,LD831_01996v2.403,,,,0,0
GLBALSTL,2024-05-24 01:20:40.000,27.0,28.1,32.2,26.6,28.9,30.3,29.8,30.6,29.2,32.5,31.6,28.2,32.2,33.6,35.7,34.9,37.1,37.0,37.2,36.3,36.1,34.4,32.9,30.3,27.4,24.7,22.2,19.8,16.5,11.8,7.1,4.1,1.9,44.8,46.9,48.0,13.1,0.9,75.7,18.0,22.1,80.3,,,OBAnorm,,LD831_01996v2.403,,,,0,0
GLBALSTL,2024-05-24 01:20:41.000,28.8,26.8,28.6,29.8,28.7,30.5,30.5,29.3,30.8,32.6,31.2,29.4,31.2,34.1,35.4,36.1,36.6,36.3,36.6,36.8,35.5,34.5,32.4,30.2,27.0,24.7,21.9,19.2,15.3,10.9,6.9,4.0,1.6,44.5,46.6,47.7,13.1,1.0,75.7,18.0,22.1,80.3,,,OBAnorm,,LD831_01996v2.403,,,,0,0
GLBALSTL,2024-05-24 01:20:42.000,24.1,26.7,30.2,27.4,29.5,28.8,28.9,30.6,30.0,33.1,30.7,27.9,28.6,33.1,33.9,36.7,36.9,37.1,36.9,37.0,36.4,34.6,33.1,30.6,27.2,24.8,23.3,19.4,16.3,12.5,8.4,4.4,1.8,44.9,46.7,47.3,13.1,1.0,75.7,18.0,22.1,80.3,,,OBAnorm,,LD831_01996v2.403,,,,0,0
GLBALSTL,2024-05-24 01:20:43.000,24.2,26.6,28.6,24.7,30.7,26.6,29.4,30.4,31.8,32.1,32.8,29.4,30.1,33.3,34.0,35.4,36.4,37.0,36.8,36.6,35.5,34.1,32.2,30.0,26.3,23.3,20.9,17.2,13.4,9.8,6.3,3.8,1.5,44.4,46.6,47.3,13.1,0.9,75.7,18.0,22.1,80.3,,,OBAnorm,,LD831_01996v2.403,,,,0,0
GLBALSTL,2024-05-24 01:20:44.000,24.2,25.2,32.7,28.1,24.2,27.9,29.9,30.1,31.1,31.2,30.0,29.1,32.8,32.0,34.5,36.4,36.9,36.4,37.0,36.2,35.7,34.2,33.0,30.2,27.1,24.5,21.9,19.0,15.5,11.0,7.0,3.6,1.6,44.6,46.8,47.6,13.1,0.9,75.7,18.1,22.1,80.3,,,OBAnorm,,LD831_01996v2.403,,,,0,0
GLBALSTL,2024-05-24 01:20:45.000,26.9,25.6,30.8,29.1,25.9,29.0,29.9,30.8,31.7,30.0,31.8,28.2,28.8,32.7,33.7,35.7,36.5,36.5,36.9,35.0,35.0,33.4,31.2,28.2,25.1,22.4,19.7,16.8,13.2,9.3,6.3,3.9,1.4,43.8,45.9,47.0,13.1,0.8,75.7,18.0,22.1,80.3,,,OBAnorm,,LD831_01996v2.403,,,,0,0
GLBALSTL,2024-05-24 01:20:46.000,25.4,28.3,30.1,28.1,26.7,26.2,28.5,29.6,30.2,33.0,32.2,29.1,29.2,32.1,33.6,36.4,36.3,36.9,37.0,36.6,35.9,34.4,33.6,30.0,27.0,23.9,20.6,17.8,14.1,9.4,5.9,3.5,1.4,44.8,46.9,48.9,13.1,0.8,75.7,18.0,22.1,80.3,,,OBAnorm,,LD831_01996v2.403,,,,0,0
GLBALSTL,2024-05-24 01:20:47.000,24.8,23.7,29.9,30.8,27.5,29.4,31.1,32.0,31.8,33.6,31.7,32.7,35.5,35.5,33.7,36.3,37.1,38.7,38.2,38.0,36.5,35.2,33.9,31.5,27.4,24.7,22.3,20.1,15.8,11.6,7.0,3.9,1.5,45.7,47.8,48.3,13.1,0.8,75.7,18.0,22.1,80.3,,,OBAnorm,,LD831_01996v2.403,,,,0,0
GLBALSTL,2024-05-24 01:20:48.000,19.7,26.6,21.9,29.5,28.6,29.1,30.6,31.4,31.2,33.2,33.2,30.5,30.3,33.2,33.8,36.1,37.3,37.6,37.6,36.9,35.9,34.9,32.6,30.1,26.8,23.7,20.9,17.7,15.3,9.4,5.8,3.3,1.4,45.1,47.1,47.5,13.1,0.8,75.7,18.0,22.1,80.3,,,OBAnorm,,LD831_01996v2.403,,,,0,0
GLBALSTL,2024-05-24 01:20:49.000,23.2,28.5,27.6,29.7,25.8,30.1,29.1,30.5,32.1,31.6,32.5,28.2,30.4,33.3,34.2,36.6,37.3,37.9,37.7,37.2,36.9,35.5,33.1,30.5,27.4,24.4,21.7,19.3,15.1,10.5,6.7,3.6,1.4,45.4,47.2,47.7,13.1,0.7,75.7,18.0,22.1,80.3,,,OBAnorm,,LD831_01996v2.403,,,,0,0
GLBALSTL,2024-05-24 01:20:50.000,26.4,24.2,29.6,29.0,27.8,31.8,29.9,27.3,29.7,32.6,31.6,29.1,31.9,34.0,34.4,36.1,37.4,38.0,37.3,36.6,36.5,34.0,32.4,29.6,27.1,24.2,21.6,19.1,15.0,10.4,6.1,3.4,1.4,44.9,47.0,47.4,13.1,0.7,75.7,18.0,22.1,80.3,,,OBAnorm,,LD831_01996v2.403,,,,0,0
GLBALSTL,2024-05-24 01:20:51.000,22.2,22.8,28.5,25.5,28.6,30.3,29.8,29.1,32.8,32.0,31.7,29.2,32.0,34.7,33.8,36.4,37.5,38.6,38.3,37.6,36.6,34.7,33.5,29.9,27.3,24.2,21.2,17.5,13.6,9.1,5.3,3.0,1.1,45.4,47.4,47.9,13.1,0.7,75.7,18.0,22.1,80.3,,,OBAnorm,,LD831_01996v2.403,,,,0,0
GLBALSTL,2024-05-24 01:20:52.000,26.0,27.0,28.6,27.7,26.2,31.7,29.6,29.6,32.9,32.6,31.9,27.6,31.1,34.1,33.3,35.6,36.6,37.6,37.0,37.1,36.2,35.1,33.8,30.7,28.4,25.7,23.5,20.9,18.0,14.4,10.6,5.5,2.6,45.2,47.1,47.9,13.1,0.6,75.7,18.0,22.1,80.3,,,OBAnorm,,LD831_01996v2.403,,,,0,0
GLBALSTL,2024-05-24 01:20:53.000,24.1,25.0,30.9,28.8,26.9,31.2,29.7,31.4,29.1,31.9,32.3,27.1,29.1,34.1,33.5,37.3,37.8,38.9,37.8,37.6,36.9,36.0,34.0,30.9,27.6,25.4,22.4,19.5,15.9,11.2,8.3,4.0,1.7,45.8,47.6,48.0,13.1,0.6,75.7,18.0,22.1,80.3,,,OBAnorm,,LD831_01996v2.403,,,,0,0
GLBALSTL,2024-05-24 01:20:54.000,27.5,27.2,26.2,28.1,29.5,29.2,28.0,31.1,31.2,33.7,31.6,29.4,31.0,33.1,34.1,36.2,37.2,38.3,37.7,37.2,36.2,34.5,33.3,30.9,27.8,24.9,22.6,20.3,16.0,11.8,7.1,4.1,1.7,45.2,47.2,47.8,13.1,0.5,75.7,18.0,22.1,80.3,,,OBAnorm,,LD831_01996v2.403,,,,0,0
GLBALSTL,2024-05-24 01:20:55.000,22.1,28.6,29.4,27.7,30.0,30.1,29.7,30.0,32.5,32.4,31.0,28.2,36.2,34.0,34.6,37.0,37.7,38.3,38.0,38.3,37.9,36.2,34.8,32.0,28.9,26.3,24.1,20.6,16.9,12.3,7.4,4.0,1.5,46.4,48.2,48.6,13.1,0.5,75.7,18.0,22.1,80.3,,,OBAnorm,,LD831_01996v2.403,,,,0,0
GLBALSTL,2024-05-24 01:20:56.000,24.6,26.7,31.7,28.9,29.9,31.3,30.9,31.8,32.4,32.7,31.5,30.1,32.4,33.8,34.9,36.8,37.2,37.7,37.9,37.6,37.7,36.3,34.8,31.6,29.2,26.6,23.6,20.9,17.2,13.0,8.8,5.1,2.0,46.0,47.7,48.1,13.1,0.5,75.7,18.1,22.1,80.3,,,OBAnorm,,LD831_01996v2.403,,,,0,0
GLBALSTL,2024-05-24 01:20:57.000,23.2,26.3,27.8,29.7,26.1,27.3,31.2,30.8,29.6,32.1,29.8,28.2,31.8,34.0,33.4,35.8,36.2,36.7,37.5,37.4,37.3,36.6,34.7,32.2,28.4,26.2,23.6,20.4,17.4,13.1,8.6,4.9,2.0,45.8,47.3,47.9,13.1,0.5,75.7,18.0,22.1,80.3,,,OBAnorm,,LD831_01996v2.403,,,,0,0
GLBALSTL,2024-05-24 01:20:58.000,17.4,25.1,30.8,30.2,27.2,31.1,29.1,29.2,30.9,31.7,31.6,27.5,30.7,32.5,32.9,36.3,36.5,36.6,37.1,36.2,37.1,35.7,34.4,31.9,28.4,26.3,24.9,21.6,19.0,14.7,10.0,6.1,2.6,45.4,47.0,47.7,13.1,0.4,75.7,18.0,22.1,80.3,,,OBAnorm,,LD831_01996v2.403,,,,0,0
GLBALSTL,2024-05-24 01:20:59.000,25.1,24.9,31.0,28.1,27.1,29.4,30.6,29.7,28.8,29.1,30.1,27.9,30.7,34.2,34.6,36.4,37.6,37.9,37.8,37.9,37.0,36.4,33.9,31.9,28.8,25.7,23.3,20.3,16.8,12.2,8.2,4.5,1.9,45.8,47.5,47.9,13.1,0.4,75.7,18.0,22.1,80.3,,,OBAnorm,,LD831_01996v2.403,,,,0,0
GLBALSTL,2024-05-24 01:21:00.000,22.9,27.9,30.6,26.5,27.5,31.2,30.6,31.8,31.4,31.4,31.4,29.4,32.1,32.0,32.7,35.6,37.2,38.4,37.4,37.1,36.0,35.1,33.5,30.8,28.0,24.6,21.3,18.1,15.1,9.9,6.8,4.1,1.6,45.1,46.9,47.5,13.1,0.4,75.7,18.1,22.1,80.3,,,OBAnorm,,LD831_01996v2.403,,,,0,0
GLBALSTL,2024-05-24 01:21:01.000,24.9,25.6,28.9,29.1,30.0,30.0,29.0,31.8,30.2,29.8,28.4,34.4,32.6,32.6,33.3,35.0,36.3,37.0,37.1,36.5,34.8,34.2,32.2,29.4,26.1,23.1,20.0,16.9,13.4,9.6,6.3,3.6,1.4,44.3,46.5,47.0,13.1,0.3,75.7,18.0,22.1,80.3,,,OBAnorm,,LD831_01996v2.403,,,,0,0
GLBALSTL,2024-05-24 01:21:02.000,22.1,27.3,31.0,28.0,30.0,31.4,30.4,29.5,29.1,29.0,30.7,28.6,31.8,33.5,34.2,37.1,37.7,38.6,37.8,36.4,36.0,35.0,33.8,30.3,27.5,24.2,21.8,19.8,14.8,10.7,6.9,3.7,1.6,45.3,47.2,47.6,13.1,0.3,75.7,18.0,22.1,80.3,,,OBAnorm,,LD831_01996v2.403,,,,0,0
GLBALSTL,2024-05-24 01:21:03.000,23.7,25.6,25.9,27.1,26.3,30.2,30.7,30.1,29.8,28.9,29.4,26.7,30.6,32.8,34.6,35.8,36.8,37.1,37.3,36.6,36.5,35.5,34.1,31.9,28.6,26.5,24.3,20.9,18.6,14.1,10.0,5.9,2.5,45.3,46.8,47.4,13.1,0.3,75.7,18.0,22.1,80.3,,,OBAnorm,,LD831_01996v2.403,,,,0,0
GLBALSTL,2024-05-24 01:21:04.000,22.2,28.7,28.9,30.2,28.4,27.8,30.0,29.7,28.5,30.6,27.2,24.9,29.5,31.1,32.2,35.5,35.5,36.9,36.8,36.4,35.4,34.7,32.7,29.4,26.2,24.0,23.4,19.8,13.9,9.6,6.2,3.5,1.4,44.3,46.1,46.7,13.1,0.3,75.7,18.0,22.1,80.3,,,OBAnorm,,LD831_01996v2.403,,,,0,0
GLBALSTL,2024-05-24 01:21:05.000,18.1,31.0,32.3,28.6,30.9,27.9,28.5,30.7,29.4,29.9,28.5,28.4,31.5,34.5,34.0,36.4,37.0,37.3,36.3,37.5,36.3,35.0,33.0,29.8,27.2,24.2,22.1,19.4,15.1,11.2,6.7,4.1,1.7,45.0,46.9,47.4,13.1,0.3,75.7,18.0,22.1,80.3,,,OBAnorm,,LD831_01996v2.403,,,,0,0
GLBALSTL,2024-05-24 01:21:06.000,26.7,24.0,29.1,26.8,27.3,27.5,28.4,28.3,27.9,29.1,27.3,27.6,29.9,32.0,33.4,36.3,36.4,37.3,37.5,37.1,36.4,35.2,33.6,30.5,27.5,25.8,22.4,18.5,15.2,10.8,6.8,3.8,1.5,45.1,46.6,47.1,13.1,0.3,75.7,18.0,22.1,80.3,,,OBAnorm,,LD831_01996v2.403,,,,0,0
GLBALSTL,2024-05-24 01:21:07.000,27.2,32.8,29.8,28.6,28.3,31.8,30.9,28.9,27.4,28.5,29.3,34.8,34.5,33.5,33.6,35.7,37.7,38.3,37.1,37.1,37.2,34.9,33.1,30.2,27.7,25.4,22.6,19.9,16.2,12.4,7.8,4.5,1.8,45.6,47.7,48.1,13.1,0.3,75.7,18.0,22.1,80.3,,,OBAnorm,,LD831_01996v2.403,,,,0,0
GLBALSTL,2024-05-24 01:21:08.000,25.0,28.4,29.2,25.7,29.8,29.5,26.8,29.1,28.3,29.8,30.5,31.1,33.1,33.1,35.2,37.1,37.9,39.5,39.0,38.4,37.1,36.3,34.2,31.7,28.5,25.7,23.6,21.3,19.3,14.0,9.1,5.0,2.5,46.3,47.9,48.2,13.1,0.3,75.7,18.0,21.7,79.6,,,OBAnorm,,LD831_01996v2.403,,,,0,0
GLBALSTL,2024-05-24 01:21:09.000,23.6,27.2,27.3,28.1,28.9,27.9,29.8,30.1,29.0,29.4,28.1,31.4,32.3,31.7,33.3,34.9,36.5,37.7,37.6,37.3,36.6,35.6,33.3,30.8,27.2,24.4,21.4,18.5,14.9,10.8,6.9,4.0,1.6,45.2,46.9,47.5,13.1,0.3,75.7,18.0,21.7,79.6,,,OBAnorm,,LD831_01996v2.403,,,,0,0
GLBALSTL,2024-05-24 01:21:10.000,27.4,27.1,32.9,27.2,28.7,29.8,31.4,30.8,28.7,29.0,28.5,29.9,32.7,34.8,34.6,36.1,37.4,38.4,37.7,37.7,36.2,35.1,33.9,31.0,27.9,25.4,22.9,19.4,16.3,12.8,9.1,4.7,2.0,45.6,47.5,47.9,13.1,0.3,75.7,18.0,22.1,80.3,,,OBAnorm,,LD831_01996v2.403,,,,0,0
GLBALSTL,2024-05-24 01:21:11.000,23.9,25.9,29.8,26.8,28.1,28.3,29.5,29.1,27.4,28.9,29.6,31.7,32.2,33.2,34.2,36.7,37.3,38.1,36.6,36.9,36.4,34.7,33.2,30.1,27.8,24.5,21.2,18.3,14.8,10.4,6.3,3.4,1.3,45.0,46.8,47.2,13.1,0.4,75.7,18.0,22.1,80.3,,,OBAnorm,,LD831_01996v2.403,,,,0,0
GLBALSTL,2024-05-24 01:21:12.000,23.5,29.8,32.2,29.8,24.6,28.8,28.8,30.9,26.1,28.7,28.1,27.9,29.7,33.2,32.8,35.9,36.6,36.7,37.2,35.9,36.0,35.1,33.1,30.5,27.4,24.7,23.0,19.7,15.9,11.6,7.7,4.1,1.8,44.7,46.4,47.0,13.1,0.4,75.7,18.0,22.1,80.3,,,OBAnorm,,LD831_01996v2.403,,,,0,0
GLBALSTL,2024-05-24 01:21:13.000,27.6,27.2,31.6,28.4,29.0,29.9,30.4,28.4,27.7,31.0,35.0,39.3,33.6,34.8,34.3,36.6,38.4,38.1,38.7,38.5,37.4,36.5,35.0,32.4,29.2,27.4,25.0,22.3,19.4,15.0,10.2,5.2,2.3,46.5,48.6,48.9,13.1,0.5,75.7,18.0,22.1,80.3,,,OBAnorm,,LD831_01996v2.403,,,,0,0
GLBALSTL,2024-05-24 01:21:14.000,17.0,30.0,30.0,27.1,25.4,29.5,29.0,28.1,26.8,29.8,30.6,27.9,28.7,32.5,34.1,36.2,36.4,36.7,36.2,36.3,35.0,34.4,32.6,29.6,26.7,23.4,20.1,17.0,13.3,9.1,5.7,3.1,1.3,44.2,46.1,46.9,13.1,0.5,75.7,18.0,22.1,80.3,,,OBAnorm,,LD831_01996v2.403,,,,0,0
GLBALSTL,2024-05-24 01:21:15.000,23.8,28.2,28.1,29.2,29.2,30.0,31.3,28.2,27.3,29.6,28.3,25.7,27.8,31.4,32.1,34.1,34.9,37.0,35.6,35.9,34.3,32.7,31.2,28.8,25.8,22.2,19.3,16.8,12.6,9.5,5.8,3.2,1.3,43.5,45.3,46.5,13.1,0.4,75.7,18.0,21.8,80.2,,,OBAnorm,,LD831_01996v2.403,,,,0,0
GLBALSTL,2024-05-24 01:21:16.000,24.7,26.4,27.0,28.5,28.7,29.2,29.3,29.9,27.6,29.9,28.3,29.3,30.6,33.0,32.9,35.8,36.5,37.6,37.4,37.0,36.5,34.6,33.5,30.5,27.1,24.2,22.0,19.1,16.3,13.3,9.1,4.8,2.1,45.2,46.8,47.4,13.1,0.4,75.7,18.0,21.8,80.2,,,OBAnorm,,LD831_01996v2.403,,,,0,0
GLBALSTL,2024-05-24 01:21:17.000,23.8,27.0,26.5,25.0,28.4,28.0,31.0,28.8,29.1,29.8,28.5,29.7,35.5,35.7,33.7,35.4,36.5,38.0,37.8,37.6,36.0,35.6,34.8,32.0,28.8,26.3,24.2,20.6,17.7,13.4,9.0,4.8,2.0,45.7,47.3,48.1,13.1,0.4,75.7,18.0,22.1,80.3,,,OBAnorm,,LD831_01996v2.403,,,,0,0
GLBALSTL,2024-05-24 01:21:18.000,20.8,29.8,27.6,23.4,27.1,28.3,26.7,28.6,29.7,29.8,29.6,27.4,31.4,31.2,33.2,36.2,36.9,37.3,37.5,36.6,36.1,34.4,33.2,30.2,27.8,25.6,22.8,19.1,16.3,12.9,8.1,5.2,2.1,45.0,46.7,47.4,13.1,0.4,75.7,18.0,22.0,80.2,,,OBAnorm,,LD831_01996v2.403,,,,0,0
GLBALSTL,2024-05-24 01:21:19.000,25.1,27.0,30.2,30.6,29.5,30.1,29.7,29.1,28.6,30.1,28.3,27.9,30.7,32.0,32.9,36.2,36.9,37.8,37.9,37.3,36.8,35.1,33.9,31.1,28.0,24.7,21.9,18.4,15.2,10.9,7.2,4.0,1.7,45.4,46.9,47.5,13.1,0.3,75.7,18.2,22.0,80.2,,,OBAnorm,,LD831_01996v2.403,,,,0,0
GLBALSTL,2024-05-24 01:21:20.000,24.6,28.3,32.6,27.5,26.4,28.0,29.0,30.9,28.1,31.1,28.4,29.3,31.4,32.2,32.9,34.6,36.5,36.1,36.5,36.6,35.8,34.0,32.6,29.9,27.1,24.9,22.4,18.2,14.7,10.9,7.4,3.9,1.6,44.5,46.4,46.9,13.1,0.3,75.7,18.0,22.0,80.2,,,OBAnorm,,LD831_01996v2.403,,,,0,0
GLBALSTL,2024-05-24 01:21:21.000,24.3,27.5,24.4,30.8,29.9,30.7,28.9,29.0,28.2,30.1,30.6,28.7,33.9,32.7,34.6,36.6,37.5,37.5,37.9,37.0,36.8,34.7,33.7,31.1,27.5,24.4,21.1,17.4,13.7,10.1,6.4,3.6,1.4,45.3,47.1,47.6,13.1,0.3,75.7,18.0,22.0,80.2,,,OBAnorm,,LD831_01996v2.403,,,,0,0
GLBALSTL,2024-05-24 01:21:22.000,25.7,26.7,26.7,28.2,29.7,30.1,29.6,28.9,29.7,29.4,28.7,27.4,29.6,31.0,33.9,36.3,36.1,36.5,36.4,35.6,34.9,33.1,31.4,28.5,25.1,22.0,19.1,16.3,12.8,8.4,5.2,3.0,1.1,43.8,45.8,46.5,13.1,0.3,75.7,18.0,22.0,80.2,,,OBAnorm,,LD831_01996v2.403,,,,0,0
GLBALSTL,2024-05-24 01:21:23.000,20.5,30.3,29.0,29.9,25.3,30.7,30.5,28.6,29.4,30.3,29.9,25.7,27.2,31.8,33.0,35.0,36.2,36.7,37.0,36.3,35.4,33.7,32.3,29.1,25.8,23.0,20.0,17.5,13.8,9.2,5.9,3.4,1.4,44.2,46.0,46.5,13.1,0.3,75.7,18.1,22.0,80.2,,,OBAnorm,,LD831_01996v2.403,,,,0,0
GLBALSTL,2024-05-24 01:21:24.000,27.3,26.3,28.2,27.2,27.7,29.1,27.3,28.9,29.1,30.1,29.9,26.7,30.9,33.9,34.2,36.0,37.8,37.2,38.1,37.5,36.7,35.5,34.0,31.2,28.2,25.3,22.1,19.3,16.2,11.3,7.4,4.0,1.7,45.6,47.2,47.7,13.1,0.3,75.7,18.0,22.0,80.2,,,OBAnorm,,LD831_01996v2.403,,,,0,0
GLBALSTL,2024-05-24 01:21:25.000,24.7,27.2,28.3,26.5,27.3,28.1,29.9,29.0,29.9,29.6,29.3,25.7,30.1,32.7,33.3,35.3,36.9,37.4,36.8,37.2,36.5,34.7,33.6,30.2,27.3,24.8,21.9,18.6,15.0,11.1,7.1,4.2,1.4,45.1,46.7,47.2,13.1,0.2,75.7,18.0,22.1,80.3,,,OBAnorm,,LD831_01996v2.403,,,,0,0
GLBALSTL,2024-05-24 01:21:26.000,25.4,27.7,26.4,27.6,24.9,28.6,30.8,29.0,27.8,30.9,29.7,27.9,30.7,33.0,34.1,35.9,37.5,39.4,38.1,37.2,37.0,36.1,35.1,30.9,28.4,25.6,22.4,18.9,15.6,11.4,7.4,4.2,1.7,46.0,47.5,47.9,13.1,0.1,75.7,18.0,22.1,80.3,,,OBAnorm,,LD831_01996v2.403,,,,0,0
GLBALSTL,2024-05-24 01:21:27.000,26.0,26.3,25.6,30.2,26.8,27.8,29.7,30.6,30.5,32.1,28.4,28.2,34.5,33.8,34.3,36.1,37.3,37.5,37.4,37.8,38.2,37.4,35.0,32.8,29.6,27.6,25.6,22.8,20.5,15.9,11.5,6.7,2.9,46.3,47.7,48.2,13.1,0.1,75.7,18.0,22.1,80.3,,,OBAnorm,,LD831_01996v2.403,,,,0,0
GLBALSTL,2024-05-24 01:21:28.000,24.9,24.3,30.5,31.0,28.5,30.9,30.0,29.2,28.8,29.5,29.8,26.3,29.2,32.0,35.1,36.8,36.4,36.7,36.9,37.1,37.1,36.3,34.2,31.1,28.0,25.6,23.7,20.4,17.9,14.2,9.1,5.4,2.1,45.4,46.9,47.4,13.1,0.1,75.7,18.0,22.1,80.3,,,OBAnorm,,LD831_01996v2.403,,,,0,0
GLBALSTL,2024-05-24 01:21:29.000,23.1,25.9,28.0,29.3,27.9,28.1,29.2,28.5,27.7,30.4,29.4,25.9,28.7,31.9,33.5,35.6,37.0,37.9,37.6,37.3,36.6,34.9,34.1,31.3,28.3,25.0,24.0,19.9,15.8,11.3,7.7,4.2,1.9,45.4,46.8,47.2,13.1,0.1,75.7,18.0,22.1,80.3,,,OBAnorm,,LD831_01996v2.403,,,,0,0
GLBALSTL,2024-05-24 01:21:30.000,23.2,25.2,26.8,25.5,28.1,28.6,29.3,28.8,28.6,32.0,29.0,29.4,31.0,36.3,33.6,36.6,37.7,37.0,37.1,37.7,37.5,36.4,35.5,31.6,28.7,26.5,24.5,21.1,18.1,13.9,9.2,5.0,2.0,45.9,47.6,48.0,13.1,0.1,75.7,18.0,22.1,80.3,,,OBAnorm,,LD831_01996v2.403,,,,0,0
GLBALSTL,2024-05-24 01:21:31.000,22.9,28.4,29.4,26.4,24.5,30.1,29.5,30.6,30.5,31.5,28.7,28.8,31.1,32.2,34.0,36.1,36.3,37.2,37.5,37.2,35.2,34.5,33.3,30.2,27.1,23.9,20.8,17.7,14.0,9.9,6.2,3.7,1.5,44.9,46.7,47.1,13.1,0.1,75.7,18.0,22.1,80.3,,,OBAnorm,,LD831_01996v2.403,,,,0,0
GLBALSTL,2024-05-24 01:21:32.000,24.2,27.1,30.6,28.7,25.9,31.7,30.1,29.0,29.0,28.7,30.7,28.9,31.0,32.4,33.4,36.9,36.3,37.4,36.9,37.3,37.1,35.6,34.2,31.6,28.9,25.9,24.2,20.1,15.9,12.3,7.8,4.3,1.7,45.5,47.1,47.6,13.1,0.1,75.7,18.1,22.1,80.3,,,OBAnorm,,LD831_01996v2.403,,,,0,0
GLBALSTL,2024-05-24 01:21:33.000,26.9,27.1,25.4,26.0,28.8,31.6,31.6,29.0,29.8,31.4,29.8,26.6,31.3,34.1,34.4,35.7,36.4,36.5,37.1,36.6,35.7,34.9,33.0,30.1,27.6,24.7,21.3,19.0,15.6,10.7,6.9,3.9,1.5,44.8,46.6,47.0,13.1,0.1,75.7,18.0,22.1,80.3,,,OBAnorm,,LD831_01996v2.403,,,,0,0
GLBALSTL,2024-05-24 01:21:34.000,26.2,29.1,29.4,27.4,27.0,25.0,29.7,30.2,30.9,32.3,30.2,28.9,32.4,33.5,34.0,36.0,36.6,38.3,37.2,35.9,35.8,34.4,33.6,30.5,27.7,24.8,21.6,18.4,15.6,11.1,7.1,3.8,1.5,44.9,47.0,47.6,13.1,0.1,75.7,18.0,22.1,80.3,,,OBAnorm,,LD831_01996v2.403,,,,0,0
GLBALSTL,2024-05-24 01:21:35.000,21.4,29.8,29.5,31.3,25.0,29.1,32.4,30.5,31.4,32.4,29.9,28.1,29.8,32.0,33.5,36.3,37.2,37.0,36.9,37.0,36.0,35.4,33.3,30.2,26.6,24.0,21.2,18.5,15.4,10.4,6.8,3.7,1.5,44.9,46.7,47.2,13.1,0.1,75.7,18.0,22.1,80.3,,,OBAnorm,,LD831_01996v2.403,,,,0,0
GLBALSTL,2024-05-24 01:21:36.000,20.1,24.4,30.8,28.9,28.1,26.6,30.2,31.0,29.8,30.7,30.7,29.8,30.1,31.7,32.3,35.3,36.1,36.8,37.4,36.3,34.9,33.6,31.9,28.9,26.3,24.0,21.2,18.0,14.9,10.4,6.5,3.7,1.6,44.4,46.8,47.7,13.1,0.1,75.7,18.0,22.1,80.3,,,OBAnorm,,LD831_01996v2.403,,,,0,0
GLBALSTL,2024-05-24 01:21:37.000,25.4,26.5,32.3,29.2,28.4,30.2,30.7,30.3,29.9,31.7,32.7,34.3,36.6,34.5,34.0,35.3,36.9,37.7,37.0,35.9,35.6,34.6,33.2,30.2,26.8,23.8,21.1,17.9,13.9,9.7,6.1,3.5,1.3,44.7,46.9,48.6,13.1,0.1,75.7,18.0,22.1,80.3,,,OBAnorm,,LD831_01996v2.403,,,,0,0
GLBALSTL,2024-05-24 01:21:38.000,26.8,27.8,31.0,30.3,25.8,28.2,28.2,28.2,31.5,32.4,31.5,27.3,27.1,31.9,33.9,36.9,36.3,36.6,37.2,36.3,35.8,34.0,32.9,29.4,26.5,23.6,20.9,18.6,14.3,9.4,5.9,3.2,1.4,44.5,46.4,47.9,13.1,0.1,75.7,18.0,22.1,80.3,,,OBAnorm,,LD831_01996v2.403,,,,0,0
GLBALSTL,2024-05-24 01:21:39.000,21.0,28.1,31.1,31.2,26.4,28.9,28.8,30.2,29.8,31.6,30.9,29.3,31.4,33.4,34.1,36.0,37.3,37.3,37.3,37.1,36.8,35.2,33.6,30.3,27.8,24.7,22.8,18.9,16.1,11.0,7.3,4.0,1.6,45.3,47.2,48.1,13.1,0.1,75.7,18.0,22.0,80.2,,,OBAnorm,,LD831_01996v2.403,,,,0,0
GLBALSTL,2024-05-24 01:21:40.000,21.8,27.7,29.3,26.8,30.4,30.8,29.0,31.2,29.3,31.3,30.3,29.3,32.2,36.5,34.5,37.2,37.6,38.1,37.4,36.1,36.4,35.6,33.7,30.7,27.7,25.4,22.9,19.3,16.2,12.5,8.5,4.4,1.9,45.3,47.3,47.6,13.1,0.1,75.7,18.0,22.0,80.2,,,OBAnorm,,LD831_01996v2.403,,,,0,0
GLBALSTL,2024-05-24 01:21:41.000,23.5,26.5,29.5,29.4,26.8,26.3,27.6,29.6,28.3,30.1,30.7,27.4,28.8,33.0,33.1,35.7,37.0,37.3,36.2,37.0,36.1,34.6,33.2,30.1,26.9,24.4,21.7,18.5,16.2,12.0,8.6,4.9,2.2,44.7,46.6,47.2,13.1,0.1,75.6,18.0,22.0,80.2,,,OBAnorm,,LD831_01996v2.403,,,,0,0
GLBALSTL,2024-05-24 01:21:42.000,18.7,24.4,30.7,27.5,29.4,28.9,29.5,30.3,29.7,32.7,32.3,34.9,36.0,35.7,35.0,36.5,36.7,37.5,37.4,37.7,37.0,35.7,34.3,31.0,28.5,25.9,24.5,21.6,18.5,14.0,9.7,5.6,2.4,45.6,47.8,48.2,13.1,0.1,75.7,18.0,22.0,80.2,,,OBAnorm,,LD831_01996v2.403,,,,0,0
GLBALSTL,2024-05-24 01:21:43.000,24.7,27.3,28.6,27.0,27.4,28.1,29.3,29.9,29.6,33.6,30.5,30.9,33.7,33.3,33.6,35.2,36.0,36.8,37.7,36.4,35.5,34.3,32.3,29.1,26.5,23.1,20.0,16.7,13.1,9.0,5.7,3.3,1.4,44.5,46.6,47.1,13.1,0.1,75.7,18.0,22.0,80.2,,,OBAnorm,,LD831_01996v2.403,,,,0,0
GLBALSTL,2024-05-24 01:21:44.000,25.4,28.1,31.2,26.4,31.5,30.5,29.3,28.0,29.6,30.5,31.4,26.2,31.0,33.8,34.6,35.9,37.7,38.0,36.9,37.0,36.2,34.4,32.4,29.8,27.0,24.6,21.7,19.0,15.3,11.3,6.9,3.9,1.5,45.1,47.0,47.6,13.1,0.1,75.7,18.0,22.0,80.2,,,OBAnorm,,LD831_01996v2.403,,,,0,0
GLBALSTL,2024-05-24 01:21:45.000,25.4,28.0,27.9,29.2,27.8,28.9,30.0,29.5,31.0,30.3,31.1,26.9,31.1,33.2,33.2,36.6,38.5,38.7,38.9,37.3,36.1,35.1,33.1,30.3,27.3,24.1,20.7,17.8,13.9,9.3,5.8,3.2,1.4,45.6,47.5,47.9,13.1,0.1,75.7,18.0,22.0,80.2,,,OBAnorm,,LD831_01996v2.403,,,,0,0
GLBALSTL,2024-05-24 01:21:46.000,26.5,26.3,30.8,29.2,28.9,28.7,30.1,28.7,26.6,33.2,32.2,30.7,33.5,33.4,35.2,36.9,38.9,40.1,38.8,38.3,37.5,36.3,34.8,31.2,28.7,26.0,22.4,19.4,15.2,10.7,6.6,3.5,1.4,46.5,48.2,48.6,13.1,0.1,75.7,18.0,22.0,80.2,,,OBAnorm,,LD831_01996v2.403,,,,0,0
GLBALSTL,2024-05-24 01:21:47.000,28.1,27.5,29.8,28.1,28.2,30.7,28.7,28.9,29.1,31.9,31.1,27.9,29.5,32.9,34.2,36.3,37.7,37.9,37.4,37.9,37.1,36.1,34.6,32.6,29.5,27.1,25.1,21.4,18.8,13.8,9.7,6.0,2.2,46.0,47.5,47.9,13.1,0.2,75.7,18.0,22.0,80.2,,,OBAnorm,,LD831_01996v2.403,,,,0,0
GLBALSTL,2024-05-24 01:21:48.000,25.8,29.2,29.8,29.6,26.1,27.9,29.9,29.5,31.1,31.9,30.5,27.7,30.0,33.1,35.1,38.5,38.7,38.8,38.7,38.3,37.7,37.5,35.0,32.5,29.3,26.0,23.2,19.6,16.4,11.9,8.5,4.6,1.7,46.7,48.2,48.6,13.1,0.3,75.7,18.0,22.0,80.2,,,OBAnorm,,LD831_01996v2.403,,,,0,0
GLBALSTL,2024-05-24 01:21:49.000,26.9,25.6,29.1,31.4,26.5,27.4,29.9,29.4,30.5,31.9,29.8,29.6,33.3,34.3,35.0,37.0,38.6,39.6,39.6,38.2,38.5,37.6,35.5,33.5,29.4,27.8,25.5,22.3,19.6,14.9,11.0,6.1,2.3,47.1,48.5,48.9,13.1,0.3,75.7,18.0,22.0,80.2,,,OBAnorm,,LD831_01996v2.403,,,,0,0
GLBALSTL,2024-05-24 01:21:50.000,24.1,29.5,28.7,29.6,26.2,29.7,30.8,30.3,27.3,32.6,31.3,28.1,30.8,32.6,32.2,35.1,36.6,37.3,37.7,37.7,36.9,36.4,34.2,30.8,29.2,25.7,22.5,19.9,16.9,12.5,8.7,4.9,2.2,45.5,47.1,47.6,13.1,0.4,75.7,18.0,22.0,80.2,,,OBAnorm,,LD831_01996v2.403,,,,0,0
GLBALSTL,2024-05-24 01:21:51.000,23.4,19.4,28.0,31.0,27.9,30.5,28.7,29.3,30.8,31.7,31.7,29.7,31.7,33.5,33.8,36.3,37.7,38.7,37.3,37.6,36.4,35.4,33.3,30.6,27.5,23.8,20.5,17.7,13.1,8.7,5.6,3.3,1.3,45.5,47.4,47.9,13.1,0.4,75.7,18.0,22.0,80.2,,,OBAnorm,,LD831_01996v2.403,,,,0,0
GLBALSTL,2024-05-24 01:21:52.000,25.6,24.5,30.4,26.7,28.6,29.8,26.9,28.5,29.3,32.3,30.5,27.0,28.8,33.0,34.3,36.2,37.4,37.8,37.7,38.6,37.0,36.9,35.4,33.1,29.8,28.7,26.5,24.3,21.6,16.7,11.5,6.7,3.0,46.3,47.5,48.1,13.1,0.4,75.7,18.0,22.0,80.2,,,OBAnorm,,LD831_01996v2.403,,,,0,0
GLBALSTL,2024-05-24 01:21:53.000,18.7,26.0,30.7,27.6,28.6,29.4,29.0,29.1,30.1,30.9,30.8,27.7,31.9,34.7,33.1,36.1,37.1,37.0,37.6,37.1,37.3,36.0,34.0,31.2,27.9,25.5,23.1,19.8,16.2,12.4,8.2,4.7,1.9,45.6,47.4,47.9,13.1,0.3,75.7,18.0,22.0,80.2,,,OBAnorm,,LD831_01996v2.403,,,,0,0
GLBALSTL,2024-05-24 01:21:54.000,26.1,26.7,30.7,29.0,29.2,30.7,26.6,29.7,28.9,32.1,31.0,39.5,43.9,35.0,36.5,37.4,38.7,39.0,38.9,38.1,37.0,36.5,34.4,31.7,29.0,25.3,22.5,19.4,15.6,11.3,6.9,4.1,1.6,46.5,49.7,50.0,13.1,0.3,75.7,18.0,22.0,80.2,,,OBAnorm,,LD831_01996v2.403,,,,0,0
GLBALSTL,2024-05-24 01:21:55.000,25.2,30.6,28.1,28.1,29.2,29.6,29.4,30.1,30.5,31.4,30.9,29.6,32.0,33.2,34.1,36.4,36.4,37.5,37.6,37.2,36.1,34.2,33.1,30.4,26.7,25.0,22.0,18.7,15.5,10.8,6.9,3.9,1.5,45.0,46.9,47.4,13.1,0.3,75.7,18.0,22.0,80.2,,,OBAnorm,,LD831_01996v2.403,,,,0,0
GLBALSTL,2024-05-24 01:21:56.000,23.9,24.7,30.6,29.0,29.8,28.1,29.2,30.8,30.7,30.7,29.4,27.5,31.5,31.9,34.1,36.0,36.9,37.5,37.6,37.3,36.2,34.9,33.3,30.5,26.9,24.1,21.4,18.6,14.5,9.9,6.1,3.2,1.4,45.1,47.0,47.7,13.1,0.3,75.7,17.9,22.0,80.2,,,OBAnorm,,LD831_01996v2.403,,,,0,0
GLBALSTL,2024-05-24 01:21:57.000,21.8,28.4,31.3,28.4,26.9,29.1,29.1,28.9,32.0,31.3,29.8,29.4,32.0,33.9,34.8,36.5,36.5,37.7,37.0,37.1,36.4,36.3,34.3,31.2,28.3,26.7,24.1,20.5,17.4,13.1,8.5,5.3,1.9,45.5,47.2,47.7,13.1,0.3,75.7,18.0,22.0,80.2,,,OBAnorm,,LD831_01996v2.403,,,,0,0
GLBALSTL,2024-05-24 01:21:58.000,28.2,28.0,31.3,28.6,28.6,31.4,29.8,31.5,28.5,32.7,29.1,28.1,29.8,32.1,33.2,36.9,36.9,37.0,37.5,36.5,35.7,34.8,32.7,30.2,27.1,25.0,22.2,19.1,16.1,12.5,8.4,4.6,1.8,44.9,46.8,47.3,13.1,0.2,75.7,18.0,22.0,80.2,,,OBAnorm,,LD831_01996v2.403,,,,0,0
GLBALSTL,2024-05-24 01:21:59.000,18.6,27.6,26.9,28.5,25.5,29.3,30.2,31.0,30.5,30.3,30.8,27.6,31.8,33.4,34.1,35.9,36.2,36.8,37.3,36.1,34.7,34.2,31.8,29.7,26.4,23.6,21.1,17.8,14.0,10.5,6.4,3.5,1.5,44.2,46.3,46.7,13.1,0.2,75.6,18.0,22.0,80.2,,,OBAnorm,,LD831_01996v2.403,,,,0,0
GLBALSTL,2024-05-24 01:22:00.000,22.7,26.9,29.9,28.8,28.1,30.2,29.8,30.3,30.2,32.8,32.2,28.3,29.9,31.3,33.2,35.7,37.4,36.7,36.0,36.2,36.2,34.8,32.5,29.5,27.4,24.6,21.9,19.2,16.0,11.4,7.7,4.6,1.6,44.6,46.6,47.3,13.1,0.2,75.7,18.0,22.1,80.3,,,OBAnorm,,LD831_01996v2.403,,,,0,0
GLBALSTL,2024-05-24 01:22:01.000,20.7,28.6,32.0,29.0,28.0,28.9,27.8,30.7,28.6,31.2,31.5,29.1,30.5,35.5,33.4,35.9,37.2,36.9,37.4,37.0,36.2,34.6,33.4,30.7,27.7,25.1,22.5,19.3,15.6,11.1,7.4,3.9,1.6,45.1,46.9,47.3,13.1,0.2,75.7,18.0,22.0,80.2,,,OBAnorm,,LD831_01996v2.403,,,,0,0
GLBALSTL,2024-05-24 01:22:02.000,25.9,28.8,30.5,28.7,26.8,27.5,30.3,28.4,29.9,30.7,31.1,27.0,30.6,32.2,32.3,36.0,36.3,37.5,37.6,37.8,36.1,34.6,32.9,30.9,27.4,24.4,21.8,18.8,15.3,11.2,6.8,3.7,1.6,45.0,46.9,47.7,13.1,0.2,75.7,18.0,22.0,80.2,,,OBAnorm,,LD831_01996v2.403,,,,0,0
GLBALSTL,2024-05-24 01:22:03.000,27.4,28.9,28.9,28.2,27.9,32.4,30.1,31.6,28.2,32.1,29.1,25.5,28.9,32.3,35.0,36.4,38.1,38.8,37.6,37.2,36.3,35.8,33.3,31.1,28.1,24.8,21.5,18.6,14.8,10.1,6.3,3.5,1.3,45.5,47.3,48.0,13.1,0.2,75.7,18.0,22.1,80.3,,,OBAnorm,,LD831_01996v2.403,,,,0,0
GLBALSTL,2024-05-24 01:22:04.000,22.9,25.0,30.8,29.8,26.6,28.8,30.5,30.1,29.7,30.7,29.9,32.6,33.1,33.8,34.9,36.0,36.5,36.8,36.8,36.4,36.1,34.8,33.3,30.4,26.9,24.7,22.4,20.0,16.7,12.5,8.4,4.7,1.8,44.8,46.9,47.3,13.1,0.2,75.7,18.0,22.1,80.3,,,OBAnorm,,LD831_01996v2.403,,,,0,0
GLBALSTL,2024-05-24 01:22:05.000,24.2,28.9,27.7,26.0,28.3,28.7,30.4,28.7,29.9,32.0,32.2,32.4,34.9,34.0,33.4,35.6,37.9,36.9,37.3,37.9,37.3,35.9,34.1,31.6,28.1,25.1,23.8,21.3,18.6,13.9,10.5,5.5,2.3,45.7,47.6,48.2,13.1,0.2,75.7,18.0,22.0,80.2,,,OBAnorm,,LD831_01996v2.403,,,,0,0
GLBALSTL,2024-05-24 01:22:06.000,24.5,26.8,28.3,30.2,31.7,29.5,32.3,31.6,28.6,32.8,30.9,27.6,30.1,31.9,33.2,36.1,37.0,36.1,36.4,35.7,35.5,34.9,32.6,30.1,26.6,24.0,21.6,18.7,15.8,13.6,11.6,4.6,1.7,44.4,46.4,47.5,13.1,0.2,75.6,18.0,22.0,80.2,,,OBAnorm,,LD831_01996v2.403,,,,0,0
GLBALSTL,2024-05-24 01:22:07.000,25.1,27.7,30.2,25.6,27.9,29.9,29.7,29.5,30.8,32.1,30.5,28.8,31.1,33.1,33.0,35.3,35.6,37.4,36.5,36.1,35.4,33.9,31.9,28.9,26.1,23.3,19.8,16.4,12.8,8.9,5.5,3.1,1.3,44.2,46.4,47.4,13.1,0.2,75.7,18.0,22.0,80.2,,,OBAnorm,,LD831_01996v2.403,,,,0,0
GLBALSTL,2024-05-24 01:22:08.000,27.9,27.9,28.5,29.0,28.8,30.2,30.5,29.8,31.2,31.9,29.7,26.6,29.8,31.9,32.5,35.1,35.7,36.2,36.3,35.9,34.2,33.7,31.6,28.9,25.8,22.6,19.8,17.4,13.3,8.7,5.7,3.2,1.2,43.8,45.9,46.8,13.1,0.2,75.7,18.0,22.0,80.2,,,OBAnorm,,LD831_01996v2.403,,,,0,0
GLBALSTL,2024-05-24 01:22:09.000,26.7,26.0,22.4,30.4,26.0,28.3,29.0,30.8,29.3,31.6,29.3,32.5,33.9,34.0,34.6,36.6,38.3,38.7,38.7,37.3,37.0,36.0,34.3,31.0,28.8,25.6,21.8,18.6,15.2,10.7,7.0,3.7,1.3,46.2,48.0,48.5,13.1,0.2,75.7,18.0,22.0,80.2,,,OBAnorm,,LD831_01996v2.403,,,,0,0
GLBALSTL,2024-05-24 01:22:10.000,27.0,26.2,30.4,25.9,28.7,27.0,28.0,30.7,31.1,30.1,30.7,31.9,35.5,33.8,33.9,35.1,37.3,37.2,37.7,37.2,37.0,35.9,34.5,32.2,28.5,26.3,23.9,21.0,17.7,14.9,9.5,5.2,2.2,45.6,47.3,47.9,13.1,0.2,75.7,18.0,22.0,80.2,,,OBAnorm,,LD831_01996v2.403,,,,0,0
GLBALSTL,2024-05-24 01:22:11.000,24.9,28.4,28.9,27.6,24.5,29.3,28.0,30.4,30.3,32.9,29.2,27.1,30.7,31.4,33.2,35.0,35.8,36.7,36.4,36.0,36.0,34.6,32.0,29.4,26.2,24.1,21.8,18.8,14.9,10.3,6.8,3.8,1.6,44.2,46.0,46.7,13.1,0.2,75.7,18.0,22.0,80.2,,,OBAnorm,,LD831_01996v2.403,,,,0,0
GLBALSTL,2024-05-24 01:22:12.000,23.0,28.5,30.3,29.1,29.2,29.6,28.8,28.1,31.0,31.1,28.6,26.2,29.7,32.1,33.8,35.7,36.1,37.3,37.0,36.8,36.9,34.9,33.2,31.4,27.9,25.2,22.1,19.3,16.1,11.6,7.4,3.8,1.6,45.1,46.7,47.5,13.1,0.2,75.7,18.0,22.0,80.8,,,OBAnorm,,LD831_01996v2.403,,,,0,0
GLBALSTL,2024-05-24 01:22:13.000,25.3,28.1,30.3,31.0,31.3,30.0,29.8,29.8,29.7,30.2,27.8,28.7,33.6,34.7,34.5,35.8,36.7,37.2,37.7,37.4,37.0,35.6,34.0,30.8,27.8,26.0,24.5,20.1,17.0,13.6,9.5,5.1,2.3,45.4,47.0,47.7,13.1,0.2,75.7,18.0,22.0,80.8,,,OBAnorm,,LD831_01996v2.403,,,,0,0
GLBALSTL,2024-05-24 01:22:14.000,20.1,30.9,30.6,30.5,24.9,29.4,28.1,28.3,29.4,29.2,29.3,27.0,28.9,30.5,32.7,34.5,35.3,36.1,36.4,35.9,35.6,34.6,32.7,30.2,26.6,24.4,20.7,18.2,13.7,8.6,5.3,3.0,1.3,44.3,45.9,46.6,13.1,0.2,75.7,18.0,22.0,80.8,,,OBAnorm,,LD831_01996v2.403,,,,0,0
GLBALSTL,2024-05-24 01:22:15.000,19.9,29.7,31.2,28.9,25.1,29.9,29.4,31.3,29.7,29.9,29.5,29.1,29.2,33.0,32.9,35.0,37.0,37.9,38.3,37.6,36.4,35.4,34.0,31.1,28.3,25.1,22.1,19.4,16.2,10.7,6.6,3.8,1.4,45.6,47.2,47.8,13.1,0.3,75.7,18.0,22.0,80.8,,,OBAnorm,,LD831_01996v2.403,,,,0,0
GLBALSTL,2024-05-24 01:22:16.000,23.4,29.3,30.8,30.9,27.5,28.9,30.2,29.9,29.6,32.5,28.4,26.7,32.3,31.1,33.6,36.7,37.8,37.7,39.0,37.8,37.1,36.7,34.6,31.1,28.4,25.2,21.9,19.0,14.6,10.2,6.1,3.4,1.3,46.2,48.6,49.0,13.1,0.4,75.7,18.0,22.0,80.8,,,OBAnorm,,LD831_01996v2.403,,,,0,0
GLBALSTL,2024-05-24 01:22:17.000,26.6,27.6,30.8,29.4,27.4,30.6,32.7,29.3,29.5,38.9,38.1,34.9,32.5,34.0,34.9,35.7,37.1,37.5,37.6,37.3,35.8,34.9,33.6,30.9,28.3,25.4,21.7,18.5,15.3,11.5,8.3,4.5,1.8,45.1,47.0,47.5,13.1,0.4,75.7,18.0,22.0,80.8,,,OBAnorm,,LD831_01996v2.403,,,,0,0
GLBALSTL,2024-05-24 01:22:18.000,23.9,24.1,30.8,29.5,28.1,26.5,30.3,29.1,31.4,30.9,30.6,26.2,29.9,31.0,32.8,34.7,37.2,37.6,37.4,36.9,36.7,35.6,33.5,30.9,28.1,26.0,23.0,19.7,16.1,12.1,7.5,4.3,1.7,45.3,46.9,47.3,13.1,0.4,75.7,18.0,22.0,80.8,,,OBAnorm,,LD831_01996v2.403,,,,0,0
GLBALSTL,2024-05-24 01:22:19.000,21.1,25.8,31.3,28.1,26.9,31.6,31.3,30.2,28.5,28.0,28.9,28.1,31.1,31.8,32.3,35.2,36.0,36.8,37.7,36.5,36.3,34.4,33.1,29.9,27.4,24.8,22.0,18.9,16.2,12.5,7.7,4.2,1.9,44.8,46.4,47.0,13.1,0.4,75.7,18.0,22.0,80.8,,,OBAnorm,,LD831_01996v2.403,,,,0,0
GLBALSTL,2024-05-24 01:22:20.000,25.9,25.7,27.7,30.0,25.2,30.0,29.0,29.9,29.9,31.3,29.0,29.6,30.9,32.7,32.8,34.6,35.8,37.0,36.6,35.8,34.8,33.6,31.2,29.2,26.2,22.7,19.1,16.4,12.9,8.7,5.4,3.0,1.2,43.9,46.0,47.1,13.1,0.4,75.7,18.0,22.0,80.8,,,OBAnorm,,LD831_01996v2.403,,,,0,0
GLBALSTL,2024-05-24 01:22:21.000,23.1,29.1,29.8,27.3,28.7,28.8,29.8,29.6,28.8,31.9,29.0,28.7,32.8,31.2,33.8,35.3,36.5,36.9,37.5,36.7,36.0,35.6,33.5,31.0,27.8,25.3,22.3,19.3,15.8,11.8,8.3,4.7,2.0,45.1,46.8,47.6,13.1,0.4,75.7,18.0,22.0,80.8,,,OBAnorm,,LD831_01996v2.403,,,,0,0
GLBALSTL,2024-05-24 01:22:22.000,22.8,26.9,30.9,26.3,30.5,29.5,30.9,28.4,27.0,30.0,32.0,30.2,32.2,33.7,35.0,35.7,36.6,37.2,37.5,36.7,36.4,34.9,32.5,29.5,26.6,23.7,20.6,17.4,14.3,10.9,7.0,3.6,1.4,44.9,47.0,47.7,13.1,0.4,75.7,18.0,22.0,80.8,,,OBAnorm,,LD831_01996v2.403,,,,0,0
GLBALSTL,2024-05-24 01:22:23.000,27.3,30.2,30.9,28.6,28.3,28.4,29.8,30.1,28.3,31.5,30.6,27.7,29.3,31.9,34.2,35.4,37.0,37.1,36.7,37.0,36.0,34.0,32.3,29.6,26.7,23.6,19.9,17.1,12.9,8.8,6.1,3.2,1.2,44.6,46.4,47.2,13.1,0.4,75.7,18.0,22.0,80.8,,,OBAnorm,,LD831_01996v2.403,,,,0,0
GLBALSTL,2024-05-24 01:22:24.000,26.4,25.8,31.2,28.0,30.1,28.0,29.0,27.6,29.2,29.9,29.6,28.5,30.5,33.2,33.6,37.0,37.7,38.9,38.2,37.9,36.1,35.4,33.4,30.8,28.0,24.9,21.4,18.5,14.9,10.1,6.1,3.5,1.4,45.7,47.4,48.0,13.1,0.4,75.7,18.0,22.0,80.8,,,OBAnorm,,LD831_01996v2.403,,,,0,0
GLBALSTL,2024-05-24 01:22:25.000,23.2,28.2,29.1,29.5,25.6,28.3,30.6,29.3,28.2,31.0,29.4,30.0,33.0,33.9,34.9,37.0,37.2,37.9,37.6,37.2,36.5,35.9,33.9,30.9,28.2,25.5,23.1,20.0,16.4,12.9,8.6,5.1,2.0,45.5,47.2,47.7,13.1,0.4,75.7,18.0,22.0,80.8,,,OBAnorm,,LD831_01996v2.403,,,,0,0
GLBALSTL,2024-05-24 01:22:26.000,25.8,29.6,28.4,25.8,27.3,29.5,26.5,30.6,27.8,29.3,31.0,27.9,30.1,32.6,34.7,35.1,37.0,37.4,37.1,37.2,36.2,35.3,33.8,31.2,28.1,25.4,22.5,19.6,16.8,13.2,8.8,4.9,1.9,45.4,47.1,47.7,13.1,0.4,75.7,18.0,18.5,72.7,,,OBAnorm,,LD831_01996v2.403,,,,0,0
GLBALSTL,2024-05-24 01:22:27.000,26.8,26.7,30.2,28.1,29.4,28.4,28.8,30.1,28.9,29.9,31.9,31.7,35.1,37.3,34.8,37.8,38.2,38.2,38.7,39.0,38.3,36.5,35.3,33.0,29.7,27.1,25.0,23.4,20.1,14.4,9.8,5.6,2.1,46.9,48.7,49.1,13.1,0.4,75.6,18.0,18.6,72.7,,,OBAnorm,,LD831_01996v2.403,,,,0,0
GLBALSTL,2024-05-24 01:22:28.000,29.9,30.3,29.6,27.1,26.9,24.7,29.4,27.7,28.4,29.5,30.3,31.7,33.5,35.0,34.9,36.6,37.8,38.1,38.6,38.1,37.5,36.4,34.7,32.4,29.1,26.2,23.9,20.3,17.6,14.5,9.8,5.0,2.2,46.3,47.7,48.1,13.1,0.5,75.7,18.0,22.0,80.8,,,OBAnorm,,LD831_01996v2.403,,,,0,0
GLBALSTL,2024-05-24 01:22:29.000,24.5,24.3,31.3,29.8,25.8,26.5,29.0,30.4,28.5,29.3,29.6,27.2,31.0,34.6,33.6,36.4,37.4,37.9,39.1,39.1,38.6,37.2,35.4,32.6,29.6,27.0,23.8,20.9,17.7,13.4,8.9,5.0,2.0,46.7,47.9,48.3,13.1,0.5,75.7,18.0,22.0,80.8,,,OBAnorm,,LD831_01996v2.403,,,,0,0
GLBALSTL,2024-05-24 01:22:30.000,27.1,29.9,30.3,30.0,28.6,29.2,26.1,29.4,28.3,29.9,29.4,29.1,35.7,33.9,34.3,37.1,37.9,38.9,37.5,37.5,36.6,35.5,33.5,29.8,26.9,24.0,20.8,17.7,14.3,10.8,6.5,3.7,1.6,45.6,47.6,48.0,13.1,0.5,75.7,18.0,22.0,80.8,,,OBAnorm,,LD831_01996v2.403,,,,0,0
GLBALSTL,2024-05-24 01:22:31.000,25.4,29.4,32.7,26.3,29.1,28.3,29.0,27.5,29.5,31.4,31.1,28.5,30.7,32.2,34.5,35.9,36.4,37.7,37.8,37.4,36.0,35.2,33.8,30.8,28.7,25.4,22.5,19.6,16.3,11.8,8.0,4.3,1.7,45.3,47.0,47.5,13.1,0.5,75.7,17.9,22.0,80.8,,,OBAnorm,,LD831_01996v2.403,,,,0,0
GLBALSTL,2024-05-24 01:22:32.000,27.0,21.8,30.6,29.3,31.7,28.6,29.7,27.5,27.8,31.2,30.7,27.1,30.4,33.0,33.8,35.1,36.6,36.9,37.6,37.0,36.6,35.7,33.8,31.6,28.2,26.3,25.0,21.9,19.5,15.5,11.0,6.3,2.9,45.4,46.9,47.4,13.1,0.5,75.7,18.0,22.0,80.8,,,OBAnorm,,LD831_01996v2.403,,,,0,0
GLBALSTL,2024-05-24 01:22:33.000,22.4,27.4,29.4,24.2,27.7,28.1,30.0,29.1,27.8,28.5,29.4,26.8,30.4,31.8,33.2,35.5,36.6,37.6,38.0,36.9,36.6,34.4,32.5,30.0,27.7,25.4,22.7,18.4,14.9,10.8,6.7,3.6,1.5,45.0,46.6,47.1,13.1,0.5,75.7,18.0,22.0,80.8,,,OBAnorm,,LD831_01996v2.403,,,,0,0
GLBALSTL,2024-05-24 01:22:34.000,22.1,24.9,29.5,28.5,27.5,28.0,29.7,28.9,29.1,31.3,32.4,31.0,32.4,34.1,34.6,36.8,36.8,37.5,38.2,36.7,36.4,35.2,33.7,31.1,28.1,25.4,21.8,19.4,15.7,11.5,7.4,4.0,1.5,45.5,47.4,47.8,13.1,0.5,75.7,18.0,22.0,80.8,,,OBAnorm,,LD831_01996v2.403,,,,0,0
GLBALSTL,2024-05-24 01:22:35.000,25.6,24.2,30.9,26.7,29.0,31.8,29.9,29.2,27.7,30.5,33.6,34.4,34.1,36.0,34.8,38.2,38.5,39.6,40.3,41.0,39.5,37.1,34.4,32.6,29.4,26.1,23.8,21.6,17.3,11.7,7.4,3.8,1.6,47.6,49.2,49.5,13.1,0.5,75.7,18.0,22.0,80.8,,,OBAnorm,,LD831_01996v2.403,,,,0,0
GLBALSTL,2024-05-24 01:22:36.000,25.0,25.6,25.6,26.6,28.8,30.5,30.7,27.7,28.6,30.2,29.6,28.0,30.9,33.8,34.3,35.9,37.3,38.6,38.1,37.9,36.7,34.9,32.5,30.1,27.2,24.4,21.5,19.0,15.1,10.3,6.7,3.6,1.4,45.4,47.2,47.6,13.1,0.5,75.7,18.0,22.1,80.8,,,OBAnorm,,LD831_01996v2.403,,,,0,0
GLBALSTL,2024-05-24 01:22:37.000,21.9,25.7,28.4,28.4,25.3,28.3,30.2,29.9,30.6,30.2,29.6,30.2,34.4,33.0,34.5,37.1,36.8,38.0,36.8,36.9,36.6,34.7,32.7,29.8,27.7,24.8,21.7,18.9,15.2,11.1,7.0,4.1,1.5,45.1,47.1,48.3,13.1,0.5,75.7,18.0,22.0,80.8,,,OBAnorm,,LD831_01996v2.403,,,,0,0
GLBALSTL,2024-05-24 01:22:38.000,25.2,24.0,27.8,27.9,26.3,27.4,29.4,28.3,30.1,30.0,29.1,34.0,34.3,35.8,35.3,38.2,38.7,38.8,39.1,37.8,37.2,36.1,33.6,30.8,27.8,24.8,21.5,19.2,15.2,10.4,6.6,3.6,1.4,46.2,48.2,50.6,13.1,0.4,75.7,18.0,22.0,80.8,,,OBAnorm,,LD831_01996v2.403,,,,0,0
GLBALSTL,2024-05-24 01:22:39.000,23.3,28.5,30.8,29.4,25.3,28.7,28.7,27.9,29.7,29.1,29.4,27.0,30.2,33.4,33.4,34.6,36.5,37.5,37.2,36.7,36.5,35.4,33.3,30.8,28.2,25.1,22.2,19.3,15.2,10.8,6.6,3.5,1.4,45.1,46.6,48.9,13.1,0.4,75.7,18.0,22.0,80.8,,,OBAnorm,,LD831_01996v2.403,,,,0,0
GLBALSTL,2024-05-24 01:22:40.000,22.4,25.6,32.1,29.3,25.5,29.8,28.2,30.6,30.3,30.6,28.9,26.1,33.4,35.2,34.5,36.8,38.1,38.2,38.4,38.6,37.3,36.4,34.0,31.3,28.2,25.8,23.8,21.2,17.2,12.1,8.0,4.7,1.8,46.2,48.0,49.9,13.1,0.4,75.7,18.0,22.0,80.8,,,OBAnorm,,LD831_01996v2.403,,,,0,0
GLBALSTL,2024-05-24 01:22:41.000,27.4,27.6,29.3,25.2,27.7,28.5,28.8,32.5,30.0,30.1,34.2,33.3,34.4,35.0,36.1,35.5,37.0,37.8,37.0,37.5,37.6,35.7,33.1,30.3,27.2,24.5,21.3,18.6,15.0,9.9,6.6,3.8,1.4,45.5,47.6,49.3,13.1,0.4,75.7,18.0,22.0,80.8,,,OBAnorm,,LD831_01996v2.403,,,,0,0
GLBALSTL,2024-05-24 01:22:42.000,21.2,28.8,29.7,28.7,27.0,30.1,29.1,31.4,29.3,32.0,28.7,29.9,34.1,34.9,36.0,38.4,40.5,41.0,40.5,39.8,38.3,37.7,36.9,33.5,29.8,27.0,24.4,21.1,18.8,13.9,10.1,5.7,2.2,47.9,49.4,50.2,13.1,0.3,75.7,18.0,22.0,80.8,,,OBAnorm,,LD831_01996v2.403,,,,0,0
GLBALSTL,2024-05-24 01:22:43.000,24.8,27.3,27.1,23.8,27.2,26.9,28.9,27.9,30.0,31.2,31.6,31.9,35.0,37.1,35.5,37.5,38.6,40.2,39.5,39.0,37.6,37.4,35.2,32.8,29.6,26.8,24.3,21.1,18.2,14.8,10.1,5.4,2.1,47.0,48.7,50.2,13.1,0.2,75.7,18.0,18.2,72.7,,,OBAnorm,,LD831_01996v2.403,,,,0,0
GLBALSTL,2024-05-24 01:22:44.000,25.9,26.3,30.3,27.8,26.7,26.9,30.7,29.9,28.3,32.1,33.8,36.3,33.2,35.7,34.5,37.5,37.7,37.6,37.6,37.5,36.7,35.4,34.1,30.9,28.6,25.9,22.7,20.0,16.7,12.2,8.3,4.7,1.8,45.6,48.0,48.9,13.1,0.2,75.7,18.0,18.2,72.7,,,OBAnorm,,LD831_01996v2.403,,,,0,0
GLBALSTL,2024-05-24 01:22:45.000,25.1,28.1,28.1,31.6,29.4,27.4,31.4,30.6,30.4,31.3,32.5,33.1,32.8,34.0,34.5,37.5,38.1,38.8,38.4,37.9,36.8,35.4,34.5,31.4,28.7,25.6,22.3,19.7,16.2,12.3,8.6,4.8,1.9,46.0,48.0,49.2,13.1,0.2,75.7,18.0,22.1,80.8,,,OBAnorm,,LD831_01996v2.403,,,,0,0
GLBALSTL,2024-05-24 01:22:46.000,28.2,30.6,32.8,30.4,29.9,29.6,31.3,29.9,30.9,31.4,28.7,27.7,35.6,35.4,34.3,37.1,37.8,37.6,37.4,37.0,36.5,35.3,33.6,31.3,28.2,25.2,22.7,19.0,16.0,11.7,7.8,4.2,1.5,45.4,47.4,47.9,13.1,0.2,75.7,18.0,22.0,80.8,,,OBAnorm,,LD831_01996v2.403,,,,0,0
GLBALSTL,2024-05-24 01:22:47.000,26.3,31.7,32.2,26.6,23.4,30.9,29.5,28.1,29.2,31.7,31.6,27.4,33.2,34.7,32.9,35.4,36.5,37.2,36.7,36.4,35.8,35.0,32.0,30.2,26.7,23.9,20.7,18.2,15.1,11.0,6.8,3.6,1.3,44.5,46.6,47.5,13.1,0.2,75.7,18.0,22.0,80.8,,,OBAnorm,,LD831_01996v2.403,,,,0,0
GLBALSTL,2024-05-24 01:22:48.000,29.2,28.9,27.7,29.1,26.7,28.7,29.3,31.2,31.4,31.1,33.4,30.1,32.6,35.1,34.2,36.9,37.9,38.3,38.1,38.0,36.7,35.1,34.1,30.9,27.8,25.8,22.6,20.3,16.8,12.2,8.0,4.2,1.7,46.0,48.0,48.6,13.1,0.2,75.7,18.0,22.0,80.8,,,OBAnorm,,LD831_01996v2.403,,,,0,0
GLBALSTL,2024-05-24 01:22:49.000,27.2,30.9,29.0,27.0,28.8,29.2,30.7,31.7,31.4,31.1,30.3,28.2,32.2,33.8,33.6,36.1,38.1,39.3,38.7,37.6,36.6,35.4,33.4,30.4,27.9,24.5,21.6,18.6,14.2,9.8,6.1,3.5,1.4,45.7,47.5,48.1,13.1,0.2,75.7,18.0,22.0,80.8,,,OBAnorm,,LD831_01996v2.403,,,,0,0
GLBALSTL,2024-05-24 01:22:50.000,23.0,29.1,32.5,27.7,28.9,27.9,29.6,30.1,30.1,30.9,31.9,28.6,34.2,33.1,35.2,37.0,37.9,38.7,38.4,38.8,37.6,36.3,34.9,32.3,29.3,27.2,25.0,21.2,17.8,13.2,9.2,5.5,2.2,46.6,48.3,48.8,13.1,0.1,75.7,18.0,22.0,80.8,,,OBAnorm,,LD831_01996v2.403,,,,0,0
GLBALSTL,2024-05-24 01:22:51.000,23.8,28.5,31.5,28.8,28.3,30.1,29.5,29.1,29.5,32.2,31.5,31.8,34.2,34.9,34.0,37.9,36.8,38.1,37.8,37.8,37.6,35.8,33.8,31.2,28.3,25.1,22.8,20.2,16.7,12.4,8.7,4.8,1.8,45.9,47.8,48.5,13.1,0.1,75.7,17.9,22.0,80.8,,,OBAnorm,,LD831_01996v2.403,,,,0,0
GLBALSTL,2024-05-24 01:22:52.000,21.9,31.1,25.7,27.1,26.9,29.4,28.5,29.1,30.4,32.8,32.4,29.8,33.4,34.6,36.3,39.4,41.1,41.2,40.2,39.7,39.5,38.7,36.5,34.2,30.6,27.6,24.8,21.7,18.9,14.7,9.6,5.7,2.3,48.3,49.8,52.5,13.1,0.1,75.7,18.0,22.0,80.8,,,OBAnorm,,LD831_01996v2.403,,,,0,0
GLBALSTL,2024-05-24 01:22:53.000,28.2,26.6,30.3,29.2,24.9,29.5,30.8,29.9,31.4,32.1,31.5,29.2,31.7,34.3,35.0,38.2,38.8,39.2,38.6,38.2,37.6,36.7,34.8,32.3,29.5,26.7,24.5,21.4,18.5,13.5,9.7,5.2,2.2,46.5,48.1,49.3,13.1,0.1,75.7,18.0,22.0,80.8,,,OBAnorm,,LD831_01996v2.403,,,,0,0
GLBALSTL,2024-05-24 01:22:54.000,27.1,25.1,26.9,29.4,26.5,29.8,30.8,31.5,29.2,32.0,31.1,28.3,29.2,33.4,35.4,37.0,37.7,38.8,38.9,38.6,37.5,36.0,35.2,32.5,29.2,26.8,23.8,20.8,17.3,12.6,8.1,4.1,1.7,46.5,48.1,50.5,13.1,0.1,75.8,18.0,22.0,80.8,,,OBAnorm,,LD831_01996v2.403,,,,0,0
GLBALSTL,2024-05-24 01:22:55.000,24.5,26.6,27.4,27.5,26.1,30.1,26.3,28.9,31.7,30.3,30.9,29.0,31.9,34.0,37.7,39.3,40.5,40.6,40.8,40.1,39.1,38.2,37.0,33.0,30.2,26.6,23.6,21.0,17.4,12.0,7.3,4.0,1.6,48.2,49.7,51.3,13.1,0.1,75.7,18.0,22.0,80.8,,,OBAnorm,,LD831_01996v2.403,,,,0,0
GLBALSTL,2024-05-24 01:22:56.000,28.1,26.2,29.3,26.6,26.5,29.4,27.5,32.3,29.9,32.2,32.0,29.7,31.3,33.1,35.6,37.2,38.5,39.4,38.6,38.4,37.7,36.5,34.7,31.7,29.3,26.5,24.1,20.8,16.7,12.8,8.0,4.5,1.7,46.6,48.1,49.3,13.1,0.1,75.7,18.0,22.0,80.8,,,OBAnorm,,LD831_01996v2.403,,,,0,0
GLBALSTL,2024-05-24 01:22:57.000,20.2,26.8,29.8,28.6,25.3,25.8,28.7,29.4,28.5,32.6,29.9,26.4,31.2,33.4,34.1,35.3,38.2,37.9,37.1,37.7,36.5,35.3,33.5,31.3,28.5,26.1,22.8,20.3,16.9,13.1,8.3,4.6,1.7,45.5,47.2,48.0,13.1,0.1,75.7,17.9,22.0,80.8,,,OBAnorm,,LD831_01996v2.403,,,,0,0
GLBALSTL,2024-05-24 01:22:58.000,22.4,25.8,30.7,28.7,27.0,29.5,31.3,31.5,30.3,31.5,30.8,27.3,31.1,33.8,32.5,35.1,36.9,37.5,36.7,36.6,36.3,34.7,33.4,30.3,27.0,24.7,22.1,19.0,16.1,11.3,7.6,4.5,1.8,44.9,46.7,48.6,13.1,0.1,75.7,18.0,22.0,80.8,,,OBAnorm,,LD831_01996v2.403,,,,0,0
GLBALSTL,2024-05-24 01:22:59.000,23.6,24.9,28.1,25.9,27.0,30.1,29.6,30.6,28.4,32.2,30.2,25.8,31.0,33.0,33.2,35.6,35.7,36.7,37.2,36.6,35.8,35.0,33.7,30.3,27.6,24.9,22.1,19.7,16.1,12.9,7.9,4.0,1.8,44.8,46.9,48.7,13.1,0.1,75.7,18.0,22.0,80.8,,,OBAnorm,,LD831_01996v2.403,,,,0,0
GLBALSTL,2024-05-24 01:23:00.000,23.8,28.3,29.8,24.4,29.5,27.9,30.5,30.3,30.4,32.6,31.1,35.2,32.2,32.7,32.7,35.6,36.4,36.4,37.5,37.5,36.2,34.3,33.1,30.6,27.8,24.4,21.5,18.9,15.3,10.8,6.8,3.8,1.4,44.9,46.6,48.6,13.1,0.0,75.7,18.0,21.9,80.8,,,OBAnorm,,LD831_01996v2.403,,,,0,0
GLBALSTL,2024-05-24 01:23:01.000,23.7,23.2,29.1,25.8,26.0,27.8,30.1,29.8,29.9,32.2,31.0,27.4,32.0,33.3,33.8,36.4,36.6,36.8,37.5,37.6,36.5,35.3,33.7,30.7,27.8,25.4,23.1,19.8,16.7,12.8,8.2,4.6,1.9,45.4,47.1,48.6,13.1,0.0,75.7,18.0,22.0,80.8,,,OBAnorm,,LD831_01996v2.403,,,,0,0
GLBALSTL,2024-05-24 01:23:02.000,24.1,28.4,30.6,28.7,24.0,28.0,27.2,28.0,30.4,31.3,30.1,27.6,30.0,33.0,33.6,36.5,36.1,38.2,37.8,37.4,36.8,34.8,33.8,30.8,28.1,25.1,22.6,19.0,15.4,11.6,7.7,4.1,1.7,45.4,47.1,48.2,13.1,0.0,75.6,18.0,22.0,80.8,,,OBAnorm,,LD831_01996v2.403,,,,0,0
GLBALSTL,2024-05-24 01:23:03.000,26.7,30.6,24.7,29.8,26.8,29.0,31.7,31.0,29.1,31.7,30.5,26.2,29.9,32.6,33.6,37.0,38.0,39.0,38.7,38.6,38.3,37.0,35.9,33.1,30.4,28.1,25.1,22.0,19.7,15.2,10.5,5.6,2.2,46.9,48.2,49.0,13.1,0.0,75.7,18.0,22.0,80.8,,,OBAnorm,,LD831_01996v2.403,,,,0,0
GLBALSTL,2024-05-24 01:23:04.000,25.8,25.2,31.2,29.6,31.4,30.1,29.1,30.4,28.2,30.1,31.2,27.0,30.3,33.4,34.5,37.2,37.9,38.4,37.8,38.2,37.1,36.5,34.6,32.1,29.9,27.9,25.4,22.3,19.5,15.2,11.2,5.7,2.4,46.2,47.7,48.3,13.1,0.0,75.7,18.0,22.0,80.8,,,OBAnorm,,LD831_01996v2.403,,,,0,0
GLBALSTL,2024-05-24 01:23:05.000,22.3,27.5,29.4,30.6,28.4,29.2,29.6,30.5,29.9,30.3,31.2,31.8,30.3,33.2,35.4,36.3,36.6,37.3,38.1,37.2,36.1,34.9,32.5,30.2,27.7,24.7,21.3,18.4,14.5,10.4,6.5,3.9,1.6,45.1,47.0,47.5,13.1,0.0,75.7,18.0,22.0,80.8,,,OBAnorm,,LD831_01996v2.403,,,,0,0
GLBALSTL,2024-05-24 01:23:06.000,27.8,27.7,26.1,30.9,28.0,28.2,32.1,31.5,29.7,30.9,29.4,27.0,30.6,32.6,33.3,36.6,37.5,38.2,37.8,37.7,37.3,35.9,33.9,31.2,28.4,25.0,21.8,18.3,14.4,9.5,5.8,3.4,1.5,45.7,47.3,48.1,13.1,0.0,75.7,18.0,22.0,80.8,,,OBAnorm,,LD831_01996v2.403,,,,0,0
GLBALSTL,2024-05-24 01:23:07.000,27.7,30.3,28.4,26.6,27.9,28.9,29.9,30.1,29.3,29.9,29.9,28.8,30.2,32.2,32.7,35.2,37.1,37.9,37.5,37.1,36.5,34.6,33.5,31.2,28.5,25.1,22.7,19.7,15.9,11.7,7.9,4.5,1.9,45.2,46.8,48.6,13.1,0.0,75.6,18.0,21.9,80.8,,,OBAnorm,,LD831_01996v2.403,,,,0,0
GLBALSTL,2024-05-24 01:23:08.000,23.8,28.7,20.5,29.7,26.1,30.7,30.3,29.1,27.7,30.8,30.4,37.3,36.5,33.9,34.3,36.5,37.2,36.9,36.6,37.0,36.1,34.1,32.1,29.1,26.4,23.1,20.0,17.2,15.1,11.7,6.5,3.4,1.4,44.7,47.3,50.1,13.1,0.0,75.7,18.0,21.9,80.8,,,OBAnorm,,LD831_01996v2.403,,,,0,0
GLBALSTL,2024-05-24 01:23:09.000,24.8,25.2,29.6,29.3,25.5,27.1,30.0,29.5,26.2,31.8,28.4,26.8,28.3,31.5,31.6,35.5,37.8,37.1,37.9,37.5,35.3,34.4,32.6,29.8,26.6,23.4,21.0,17.8,13.3,9.1,5.5,3.1,1.2,44.9,46.5,49.1,13.1,0.0,75.7,18.0,22.0,80.8,,,OBAnorm,,LD831_01996v2.403,,,,0,0
GLBALSTL,2024-05-24 01:23:10.000,24.6,29.7,32.0,28.4,27.1,27.3,27.9,30.9,25.6,29.2,29.0,26.3,31.7,34.5,33.6,36.0,38.0,37.9,38.0,37.7,36.9,35.4,34.3,31.2,28.5,25.2,22.5,19.6,15.5,11.4,7.6,4.1,1.6,45.8,47.4,50.4,13.1,0.1,11.2,18.0,17.4,72.6,,,OBAnorm,,LD831_01996v2.403,,,,0,0
GLBALSTL,2024-05-24 01:23:11.000,24.7,28.8,25.2,29.3,27.9,29.5,28.2,29.7,30.4,30.5,30.2,29.0,33.9,32.4,33.6,35.4,35.9,37.5,36.4,36.6,35.4,34.9,32.7,30.1,27.7,25.4,22.6,19.0,15.9,11.7,8.0,4.8,2.1,44.5,46.4,50.5,13.1,0.2,75.7,18.0,17.4,72.6,,,OBAnorm,,LD831_01996v2.403,,,,0,0
GLBALSTL,2024-05-24 01:23:12.000,26.0,24.0,28.9,26.8,25.8,28.4,30.0,29.5,28.8,30.0,28.9,28.6,25.9,31.4,33.3,35.4,36.0,35.4,36.3,35.5,35.6,34.0,32.2,30.3,27.3,24.1,22.0,19.3,15.4,11.3,7.4,3.9,1.8,44.0,45.7,47.7,13.1,0.2,75.7,18.0,22.0,80.8,,,OBAnorm,,LD831_01996v2.403,,,,0,0
GLBALSTL,2024-05-24 01:23:13.000,27.1,28.4,28.2,27.1,26.9,30.9,28.6,29.6,29.2,30.2,29.4,27.0,28.3,32.1,31.9,34.5,37.1,37.3,37.3,36.5,36.1,34.4,33.1,29.7,27.3,23.8,20.6,17.2,14.6,11.2,7.1,3.9,1.6,44.7,46.4,46.9,13.1,0.3,75.7,18.0,21.9,80.8,,,OBAnorm,,LD831_01996v2.403,,,,0,0
GLBALSTL,2024-05-24 01:23:14.000,23.1,29.2,28.3,27.1,27.6,29.7,27.2,30.6,28.1,30.8,27.8,27.4,28.5,30.7,32.7,35.1,36.9,37.0,37.1,37.1,36.5,34.8,33.7,30.8,27.2,24.4,21.4,18.2,14.5,11.2,6.9,3.9,1.7,45.1,46.5,47.4,13.1,0.3,75.7,18.0,22.0,80.8,,,OBAnorm,,LD831_01996v2.403,,,,0,0
GLBALSTL,2024-05-24 01:23:15.000,26.6,24.6,26.0,27.8,27.8,30.2,27.8,28.0,27.4,29.9,30.3,26.4,28.4,32.4,33.3,35.5,35.6,36.6,36.6,36.6,35.9,35.0,32.9,30.4,27.0,24.7,21.8,18.9,15.2,11.2,7.2,4.2,1.7,44.5,46.2,49.4,13.1,0.3,75.7,18.0,22.0,80.8,,,OBAnorm,,LD831_01996v2.403,,,,0,0
GLBALSTL,2024-05-24 01:23:16.000,25.3,24.9,28.3,28.4,25.9,28.0,31.3,31.1,27.1,30.9,31.0,29.7,30.2,33.8,34.9,35.2,37.3,37.0,36.3,37.0,36.9,35.1,32.7,31.4,27.5,24.8,22.4,19.2,15.6,11.8,7.6,4.3,1.8,45.0,46.8,49.2,13.1,0.3,75.7,18.0,22.0,80.8,,,OBAnorm,,LD831_01996v2.403,,,,0,0
GLBALSTL,2024-05-24 01:23:17.000,26.2,28.1,29.6,28.2,27.6,26.1,30.4,29.5,28.0,29.6,28.8,27.5,29.0,30.1,33.1,35.0,35.5,37.1,37.6,36.3,36.2,33.9,32.2,29.8,26.8,23.8,19.8,17.5,14.5,9.7,6.4,3.7,1.5,44.6,46.2,49.2,13.1,0.3,75.7,18.0,22.0,80.8,,,OBAnorm,,LD831_01996v2.403,,,,0,0
GLBALSTL,2024-05-24 01:23:18.000,30.2,25.3,27.0,26.2,28.1,29.2,31.4,29.1,30.1,31.0,28.6,24.7,27.9,29.8,33.2,35.1,36.3,36.5,36.1,36.7,36.2,34.6,33.0,29.7,26.8,24.4,21.5,18.7,14.5,9.9,6.3,3.7,1.5,44.5,46.2,47.2,13.1,0.3,75.7,18.0,22.0,80.8,,,OBAnorm,,LD831_01996v2.403,,,,0,0
GLBALSTL,2024-05-24 01:23:19.000,29.4,26.5,27.5,28.7,28.3,27.1,30.0,29.9,28.0,31.8,30.5,31.8,33.8,36.0,35.0,35.4,36.3,37.5,37.1,36.9,36.2,34.7,32.5,30.3,27.5,24.9,21.7,19.4,15.5,11.4,7.1,4.0,1.4,44.9,47.1,48.4,13.1,0.3,75.7,18.0,21.9,80.8,,,OBAnorm,,LD831_01996v2.403,,,,0,0
GLBALSTL,2024-05-24 01:23:20.000,23.2,27.5,26.8,27.9,26.3,28.0,30.5,30.0,29.1,31.1,31.0,29.0,32.5,34.3,34.1,35.3,37.2,38.5,37.7,36.7,36.1,34.8,32.6,30.0,27.2,23.9,21.2,17.9,14.0,8.9,5.5,3.3,1.3,45.1,47.1,50.0,13.1,0.3,75.7,18.0,22.0,80.8,,,OBAnorm,,LD831_01996v2.403,,,,0,0
GLBALSTL,2024-05-24 01:23:21.000,22.0,29.0,27.6,28.4,21.7,28.0,30.5,29.2,29.8,31.5,30.0,27.7,30.4,32.0,33.1,35.5,36.0,36.7,37.0,35.9,35.9,34.6,32.6,30.3,27.5,24.7,21.5,19.2,14.6,10.1,6.5,3.6,1.6,44.4,46.0,49.0,13.1,0.3,75.7,18.1,22.0,80.8,,,OBAnorm,,LD831_01996v2.403,,,,0,0
GLBALSTL,2024-05-24 01:23:22.000,26.9,26.9,27.5,27.3,26.5,27.1,30.7,30.2,28.6,30.3,30.0,25.4,29.6,32.1,33.1,35.8,36.0,36.6,35.5,35.8,35.2,34.0,31.9,29.4,26.5,24.3,21.0,18.5,14.4,9.8,6.3,3.5,1.4,44.1,46.5,50.6,13.1,0.3,75.7,18.0,22.0,80.8,,,OBAnorm,,LD831_01996v2.403,,,,0,0
GLBALSTL,2024-05-24 01:23:23.000,26.8,28.9,25.8,26.5,26.0,28.1,30.5,29.9,28.8,30.9,34.0,36.0,32.4,32.5,33.8,35.8,37.2,37.8,36.6,36.7,35.5,34.8,33.1,29.7,27.0,24.2,21.8,19.6,15.3,12.0,7.6,3.9,1.5,44.8,46.8,48.8,13.1,0.3,75.7,17.9,22.0,80.8,,,OBAnorm,,LD831_01996v2.403,,,,0,0
GLBALSTL,2024-05-24 01:23:24.000,27.4,28.1,25.0,26.8,26.2,30.4,30.6,28.0,30.2,32.5,28.5,26.1,31.1,31.3,32.5,35.4,36.5,36.9,36.8,36.9,35.9,34.4,32.9,30.0,26.8,23.7,20.4,17.6,14.0,9.6,6.2,3.4,1.4,44.7,46.5,47.3,13.1,0.3,75.7,18.0,22.0,80.8,,,OBAnorm,,LD831_01996v2.403,,,,0,0
GLBALSTL,2024-05-24 01:23:25.000,30.7,27.9,31.7,27.3,27.1,27.5,27.8,29.3,27.9,30.8,31.1,29.4,30.1,30.8,32.7,36.2,36.6,36.5,36.0,36.3,35.4,34.2,33.1,29.6,26.7,24.7,21.7,18.2,15.4,11.2,7.6,4.3,1.6,44.4,46.3,47.2,13.1,0.3,75.7,18.0,22.0,80.8,,,OBAnorm,,LD831_01996v2.403,,,,0,0
GLBALSTL,2024-05-24 01:23:26.000,23.3,27.3,30.8,29.9,29.0,28.7,29.2,28.9,30.0,30.6,30.4,28.8,29.0,32.2,33.5,36.5,37.4,37.8,37.7,36.8,35.8,34.3,33.0,29.7,27.3,24.4,21.4,18.2,14.7,10.2,6.6,3.7,1.4,44.9,46.8,47.8,13.1,0.3,75.7,18.0,22.0,80.8,,,OBAnorm,,LD831_01996v2.403,,,,0,0
GLBALSTL,2024-05-24 01:23:27.000,26.4,28.5,26.9,27.1,25.6,28.7,29.4,30.3,30.0,31.7,29.2,28.4,32.5,33.3,34.5,37.1,37.6,38.2,37.9,37.8,37.7,36.0,34.7,32.6,29.4,26.6,24.8,21.2,19.4,15.5,10.9,6.5,3.1,46.0,47.6,48.6,13.1,0.3,75.7,18.0,22.0,80.8,,,OBAnorm,,LD831_01996v2.403,,,,0,0
GLBALSTL,2024-05-24 01:23:28.000,23.3,24.9,27.0,29.7,24.9,26.8,30.5,30.3,30.3,31.0,29.8,30.3,31.0,30.0,33.0,36.1,36.1,37.8,36.1,36.6,36.0,34.8,33.8,30.5,27.6,25.7,22.4,19.4,17.6,13.2,8.3,4.3,1.8,45.0,46.6,48.7,13.1,0.2,75.7,18.0,22.0,80.8,,,OBAnorm,,LD831_01996v2.403,,,,0,0
GLBALSTL,2024-05-24 01:23:29.000,27.3,25.0,26.3,24.2,25.5,27.6,28.1,27.6,27.6,29.6,31.3,28.0,30.6,32.7,33.6,36.6,38.4,38.4,38.0,37.3,36.4,35.1,33.0,30.9,27.7,24.3,21.7,19.0,15.1,10.6,6.5,3.7,1.4,45.4,47.1,47.8,13.1,0.2,75.7,18.0,22.0,80.8,,,OBAnorm,,LD831_01996v2.403,,,,0,0
GLBALSTL,2024-05-24 01:23:30.000,25.6,27.0,25.7,27.2,26.0,30.0,26.1,28.8,29.3,31.5,30.8,29.1,30.5,32.9,33.0,35.5,37.3,39.0,37.5,37.0,36.8,35.1,33.8,30.7,28.3,25.7,22.9,20.0,16.6,13.1,8.7,4.6,1.8,45.4,47.1,48.4,13.1,0.2,75.7,18.0,22.0,80.8,,,OBAnorm,,LD831_01996v2.403,,,,0,0
GLBALSTL,2024-05-24 01:23:31.000,26.8,27.3,26.9,28.6,27.9,26.8,31.2,29.3,28.3,31.4,30.0,28.5,30.8,31.0,32.0,34.3,37.3,36.7,36.3,35.6,35.3,33.8,32.5,30.1,26.8,24.0,21.7,18.2,15.4,10.8,7.3,3.9,1.5,44.2,46.1,47.7,13.1,0.2,75.7,18.0,22.0,80.8,,,OBAnorm,,LD831_01996v2.403,,,,0,0
GLBALSTL,2024-05-24 01:23:32.000,24.3,27.2,29.7,25.4,28.8,30.9,26.7,27.9,28.7,32.7,31.6,28.9,29.6,33.1,33.1,36.1,36.6,36.6,36.4,35.9,35.2,33.8,33.1,30.2,26.7,24.0,21.4,18.2,14.9,10.8,7.0,3.9,1.5,44.3,46.3,50.8,13.1,0.2,75.7,18.0,22.0,80.8,,,OBAnorm,,LD831_01996v2.403,,,,0,0
GLBALSTL,2024-05-24 01:23:33.000,24.2,27.1,25.0,30.3,27.3,28.9,26.5,28.3,30.4,31.7,30.7,27.1,28.2,30.4,32.8,34.9,36.0,37.1,37.2,36.2,36.1,34.9,33.6,29.8,27.5,23.7,21.2,17.8,14.9,11.1,7.9,4.2,1.8,44.7,46.3,47.9,13.1,0.2,75.7,18.0,22.0,80.8,,,OBAnorm,,LD831_01996v2.403,,,,0,0
GLBALSTL,2024-05-24 01:23:34.000,26.1,27.2,27.8,26.5,26.2,30.2,28.3,28.0,31.3,31.5,30.8,26.5,28.4,28.8,32.9,35.9,37.6,38.1,36.7,36.7,35.3,35.6,33.9,30.6,28.2,25.6,22.9,19.1,16.0,11.5,7.0,3.9,1.6,45.0,46.7,47.5,13.1,0.2,75.7,18.0,22.0,80.8,,,OBAnorm,,LD831_01996v2.403,,,,0,0
GLBALSTL,2024-05-24 01:23:35.000,20.9,29.4,26.5,28.1,26.0,30.2,29.6,27.9,29.4,31.6,31.3,26.7,27.1,32.2,32.0,35.6,36.0,36.0,36.6,35.9,35.3,33.5,32.0,29.4,26.3,23.2,20.4,17.7,14.6,10.8,6.9,3.8,1.5,43.8,45.7,46.7,13.1,0.2,75.7,18.0,22.0,80.8,,,OBAnorm,,LD831_01996v2.403,,,,0,0
GLBALSTL,2024-05-24 01:23:36.000,22.8,27.3,31.7,28.0,25.8,28.9,28.0,30.7,28.5,30.7,29.7,27.9,31.0,31.0,32.6,35.3,36.2,37.9,37.4,36.2,35.9,34.4,32.5,29.7,26.9,24.0,20.7,18.2,14.4,10.2,6.2,3.6,1.4,44.8,46.6,47.3,13.1,0.2,75.7,18.0,22.0,80.8,,,OBAnorm,,LD831_01996v2.403,,,,0,0
GLBALSTL,2024-05-24 01:23:37.000,27.5,21.8,28.8,27.0,24.9,28.3,29.7,29.3,31.3,29.4,30.1,27.7,29.0,30.7,33.1,37.0,38.8,38.9,38.4,37.8,37.1,36.7,35.9,33.1,29.2,26.1,22.3,19.0,16.4,12.3,7.7,4.1,2.0,46.5,48.2,48.6,13.1,0.2,75.7,18.0,22.0,80.8,,,OBAnorm,,LD831_01996v2.403,,,,0,0
GLBALSTL,2024-05-24 01:23:38.000,27.4,27.9,32.7,28.0,25.3,29.1,27.9,30.2,28.2,30.8,35.7,37.0,36.3,33.0,32.8,35.2,37.2,37.3,36.7,36.8,36.8,35.0,33.8,30.9,28.9,26.0,24.2,20.2,17.9,13.9,9.5,5.0,2.1,45.1,46.9,47.3,13.1,0.2,75.7,18.0,22.0,80.8,,,OBAnorm,,LD831_01996v2.403,,,,0,0
GLBALSTL,2024-05-24 01:23:39.000,26.8,26.1,28.6,30.5,26.7,27.4,28.8,29.6,27.9,31.7,29.9,27.2,27.3,31.3,32.2,34.3,35.7,36.2,36.9,36.3,35.0,34.1,32.7,30.1,27.0,24.8,22.3,19.4,15.5,10.9,6.8,4.1,1.7,44.3,45.9,46.5,13.1,0.2,75.7,18.0,22.0,80.8,,,OBAnorm,,LD831_01996v2.403,,,,0,0
GLBALSTL,2024-05-24 01:23:40.000,21.1,24.5,27.7,26.9,26.2,27.3,28.6,29.6,28.9,30.5,29.3,28.1,30.0,33.0,34.7,36.6,36.8,36.6,36.8,36.1,35.4,34.6,33.4,30.2,26.9,23.8,20.7,17.8,14.4,9.6,6.3,3.9,1.5,44.5,46.5,47.1,13.1,0.2,75.7,18.0,22.0,80.8,,,OBAnorm,,LD831_01996v2.403,,,,0,0
GLBALSTL,2024-05-24 01:23:41.000,23.1,27.7,25.4,26.8,27.0,26.0,28.4,30.6,27.0,33.1,31.1,29.3,29.5,31.6,31.7,34.8,35.6,36.5,36.2,35.4,34.7,33.4,31.7,29.1,26.0,24.1,20.9,17.7,14.2,9.9,6.6,3.6,1.4,43.7,45.7,46.5,13.1,0.1,75.7,18.0,22.0,80.8,,,OBAnorm,,LD831_01996v2.403,,,,0,0
GLBALSTL,2024-05-24 01:23:42.000,26.2,26.0,31.6,27.7,26.9,28.3,26.5,29.6,29.6,31.9,30.5,29.0,28.9,31.1,31.9,35.6,36.6,36.1,36.1,35.7,35.3,33.1,31.7,28.7,26.0,23.3,21.4,18.8,16.9,10.5,8.3,4.2,1.6,43.7,45.7,47.8,13.1,0.0,75.7,18.0,22.0,80.8,,,OBAnorm,,LD831_01996v2.403,,,,0,0
GLBALSTL,2024-05-24 01:23:43.000,24.8,27.7,27.3,24.9,28.1,28.4,29.1,29.5,30.8,32.1,29.7,26.7,31.0,33.6,31.8,34.5,35.2,35.6,35.7,35.1,34.9,33.6,31.1,28.2,25.4,23.3,20.6,18.4,14.9,11.2,6.9,3.8,1.4,43.5,45.7,46.8,13.1,0.0,75.7,18.0,22.0,80.8,,,OBAnorm,,LD831_01996v2.403,,,,0,0
GLBALSTL,2024-05-24 01:23:44.000,28.1,27.2,28.0,28.3,25.4,26.1,29.1,30.7,28.4,33.4,32.3,30.2,32.0,33.4,34.6,34.8,36.4,36.8,36.0,35.7,35.1,34.0,32.3,29.8,27.1,24.7,22.1,19.7,15.9,11.1,6.9,3.5,1.5,44.2,46.3,47.8,13.1,0.0,75.7,18.0,22.0,80.8,,,OBAnorm,,LD831_01996v2.403,,,,0,0
GLBALSTL,2024-05-24 01:23:45.000,26.8,26.2,26.4,27.6,25.3,29.1,27.8,28.3,29.1,31.7,31.4,28.6,29.7,32.5,32.1,35.0,36.5,36.7,36.5,36.4,35.1,33.9,31.9,29.1,26.0,22.1,19.1,15.7,11.9,8.1,5.0,2.9,1.2,44.0,46.0,47.8,13.1,0.0,75.7,18.0,22.1,80.8,,,OBAnorm,,LD831_01996v2.403,,,,0,0
GLBALSTL,2024-05-24 01:23:46.000,21.2,27.1,27.8,29.4,28.4,29.4,28.0,31.0,29.4,30.5,31.9,35.0,30.8,32.9,32.0,34.6,35.9,35.8,37.0,36.9,35.4,34.6,32.8,29.7,26.4,23.9,21.2,18.8,14.4,9.9,6.4,3.5,1.4,44.4,46.5,47.6,13.1,0.0,75.7,18.0,22.1,80.8,,,OBAnorm,,LD831_01996v2.403,,,,0,0
GLBALSTL,2024-05-24 01:23:47.000,21.5,28.0,29.7,27.3,27.3,29.9,28.2,29.8,30.6,31.8,31.5,27.0,30.1,31.3,32.9,34.9,35.0,36.0,35.6,36.3,35.3,33.8,32.5,28.9,26.4,24.1,22.1,20.6,17.2,11.0,6.7,3.5,1.5,43.9,45.8,47.5,13.1,0.0,75.7,18.0,22.1,80.8,,,OBAnorm,,LD831_01996v2.403,,,,0,0
GLBALSTL,2024-05-24 01:23:48.000,26.3,24.5,28.7,29.3,24.9,29.3,29.7,28.4,27.3,31.3,31.3,28.6,28.2,31.1,31.7,33.7,35.5,35.8,36.4,35.6,34.9,33.8,31.9,29.3,26.4,24.7,22.8,19.1,15.9,11.5,8.0,4.3,2.0,43.7,45.5,47.0,13.1,0.0,75.7,18.0,22.1,80.8,,,OBAnorm,,LD831_01996v2.403,,,,0,0
GLBALSTL,2024-05-24 01:23:49.000,23.3,25.1,28.0,28.6,25.2,25.9,29.3,29.4,30.4,31.7,31.0,27.8,32.0,33.1,33.2,34.6,35.4,37.1,37.0,37.0,36.7,36.1,34.5,32.4,28.9,26.5,23.9,20.6,17.5,13.0,9.0,5.1,1.9,45.5,46.9,47.9,13.1,0.0,75.7,18.0,22.1,80.8,,,OBAnorm,,LD831_01996v2.403,,,,0,0
GLBALSTL,2024-05-24 01:23:50.000,26.4,25.8,28.6,28.0,26.7,28.4,29.6,28.7,29.2,31.0,32.3,26.9,27.0,31.0,33.1,35.5,36.6,36.6,37.0,36.4,35.2,35.1,33.5,30.9,27.6,25.4,23.2,20.2,17.4,13.2,9.5,5.3,2.2,44.8,47.0,48.3,13.1,0.0,75.7,18.0,22.1,80.8,,,OBAnorm,,LD831_01996v2.403,,,,0,0
GLBALSTL,2024-05-24 01:23:51.000,27.2,26.5,28.0,26.6,27.9,27.6,26.6,26.9,28.6,32.0,32.5,32.5,32.8,36.5,34.3,36.6,37.1,37.1,37.5,37.4,36.9,35.5,34.9,31.7,27.8,24.4,21.9,18.2,15.4,12.1,8.2,4.5,2.0,45.5,47.2,51.4,13.1,0.0,75.7,18.0,22.1,80.3,,,OBAnorm,,LD831_01996v2.403,,,,0,0
GLBALSTL,2024-05-24 01:23:52.000,25.3,25.9,29.1,28.6,28.0,27.0,28.7,29.7,28.8,32.3,29.9,34.6,35.0,31.9,31.8,33.6,35.3,36.3,37.0,35.8,35.2,33.5,32.4,29.9,27.1,24.2,21.9,18.4,15.3,11.3,7.5,4.3,1.9,43.9,46.1,51.9,13.1,0.0,75.7,18.0,22.0,80.2,,,OBAnorm,,LD831_01996v2.403,,,,0,0
GLBALSTL,2024-05-24 01:23:53.000,27.4,26.8,27.5,28.0,23.2,26.6,29.3,28.9,29.1,30.0,31.0,28.6,30.0,32.8,33.9,35.8,35.5,36.7,36.8,36.0,34.9,33.5,32.7,29.5,27.1,24.1,22.6,19.5,17.0,12.5,8.7,4.8,1.7,44.2,46.1,49.9,13.1,0.0,75.7,18.0,22.0,80.2,,,OBAnorm,,LD831_01996v2.403,,,,0,0
GLBALSTL,2024-05-24 01:23:54.000,27.8,28.0,26.9,27.3,25.9,27.3,30.1,29.7,29.1,31.4,31.5,31.3,32.6,30.8,32.4,34.9,37.2,37.3,37.5,37.3,36.0,34.6,32.6,29.8,27.2,23.6,21.0,18.4,14.9,10.2,6.3,3.3,1.4,45.0,47.0,49.4,13.1,0.0,75.7,18.0,22.0,80.2,,,OBAnorm,,LD831_01996v2.403,,,,0,0
GLBALSTL,2024-05-24 01:23:55.000,25.4,28.0,26.2,26.2,27.3,29.0,26.8,28.5,29.8,32.3,29.5,28.4,32.3,31.2,33.4,34.4,36.4,36.7,36.1,36.2,35.8,34.1,32.0,29.4,26.1,23.7,20.5,18.3,14.1,9.4,5.9,3.3,1.3,44.1,45.9,50.6,13.1,0.0,75.7,18.0,22.0,80.8,,,OBAnorm,,LD831_01996v2.403,,,,0,0
GLBALSTL,2024-05-24 01:23:56.000,21.0,26.4,26.1,27.5,29.3,29.3,29.4,28.8,30.8,30.3,30.8,26.2,27.7,30.1,33.4,35.1,36.2,35.8,36.3,36.3,35.0,33.6,31.9,29.1,25.9,23.7,20.5,18.0,13.9,9.5,6.0,3.4,1.5,43.9,45.8,50.5,13.1,0.0,75.7,18.0,22.0,80.8,,,OBAnorm,,LD831_01996v2.403,,,,0,0
GLBALSTL,2024-05-24 01:23:57.000,24.1,21.4,29.3,30.3,27.2,26.0,29.1,27.6,28.4,30.3,31.2,30.0,30.9,30.9,33.3,35.7,36.4,36.8,36.5,37.2,36.3,35.4,33.9,31.3,28.0,25.9,23.9,20.2,17.3,14.1,10.0,5.9,2.7,45.1,46.7,49.7,13.1,0.0,75.7,18.0,22.0,80.8,,,OBAnorm,,LD831_01996v2.403,,,,0,0
GLBALSTL,2024-05-24 01:23:58.000,25.4,26.6,30.2,28.7,26.9,26.3,28.6,30.7,31.2,30.2,28.4,28.3,29.1,30.3,33.3,34.6,36.4,37.2,37.9,37.1,35.5,34.5,33.0,30.4,27.5,25.0,23.3,20.4,16.1,13.5,9.1,5.6,2.3,44.9,46.6,49.4,13.1,0.0,75.7,18.0,21.9,80.8,,,OBAnorm,,LD831_01996v2.403,,,,0,0
GLBALSTL,2024-05-24 01:23:59.000,21.4,24.1,30.6,30.1,27.5,28.4,29.6,29.3,26.9,29.8,28.8,26.1,29.9,30.2,33.0,35.4,36.0,36.7,36.8,36.4,36.0,34.4,32.8,30.0,27.5,25.1,23.6,20.1,17.2,12.8,8.1,4.8,1.8,44.4,46.1,47.1,13.1,0.0,75.7,18.0,21.9,80.8,,,OBAnorm,,LD831_01996v2.403,,,,0,0
GLBALSTL,2024-05-24 01:24:00.000,26.8,28.9,28.9,26.0,27.0,29.1,28.9,27.9,29.5,29.6,28.5,26.5,30.2,33.0,32.7,33.9,35.2,36.6,36.6,36.4,35.6,33.7,31.7,29.4,26.3,22.9,19.8,16.2,12.6,9.1,5.8,3.4,1.3,44.1,45.9,46.9,13.1,0.0,75.7,18.0,21.9,80.8,,,OBAnorm,,LD831_01996v2.403,,,,0,0
GLBALSTL,2024-05-24 01:24:01.000,28.3,25.6,28.3,28.6,26.4,25.2,27.7,29.2,30.5,29.1,28.8,23.2,28.0,30.8,33.1,35.5,35.6,37.7,36.6,36.4,35.8,34.5,32.9,29.9,27.0,24.1,21.3,18.0,14.3,10.0,7.0,3.5,1.5,44.6,46.3,47.0,13.1,0.0,75.7,18.0,21.9,80.8,,,OBAnorm,,LD831_01996v2.403,,,,0,0
GLBALSTL,2024-05-24 01:24:02.000,25.2,28.1,31.5,26.5,28.1,29.3,30.8,30.0,26.5,29.5,29.7,33.9,32.9,32.5,33.0,35.4,35.9,36.2,36.3,36.5,35.4,33.7,32.8,29.7,26.3,24.1,21.3,19.5,15.5,11.1,7.8,4.5,1.8,44.2,46.1,51.0,13.1,0.0,75.7,18.0,22.0,80.8,,,OBAnorm,,LD831_01996v2.403,,,,0,0
GLBALSTL,2024-05-24 01:24:03.000,24.0,25.6,28.0,27.0,28.0,26.3,29.7,29.6,29.7,28.6,28.6,25.7,27.0,30.2,33.0,34.3,35.7,36.5,35.9,37.1,35.7,34.5,32.9,30.0,26.8,24.4,22.1,19.7,16.4,12.6,9.6,4.9,1.9,44.4,45.9,48.4,13.1,0.0,75.7,18.0,22.0,80.8,,,OBAnorm,,LD831_01996v2.403,,,,0,0
GLBALSTL,2024-05-24 01:24:04.000,23.1,28.0,28.0,30.0,26.9,27.7,29.7,28.6,27.4,29.9,29.9,29.9,32.7,32.5,32.4,35.4,36.3,37.3,37.6,37.3,36.9,35.6,34.1,31.0,27.8,25.3,23.2,19.8,15.8,11.7,7.9,4.4,1.7,45.3,46.8,47.9,13.1,0.0,75.7,18.0,22.0,80.8,,,OBAnorm,,LD831_01996v2.403,,,,0,0
GLBALSTL,2024-05-24 01:24:05.000,29.5,28.5,28.3,26.3,26.3,28.2,29.6,26.8,29.3,30.6,29.1,28.7,27.8,32.0,32.0,35.9,36.8,35.7,36.6,36.3,35.4,34.2,32.4,29.2,27.1,23.3,21.1,17.5,14.3,10.2,6.6,3.8,1.6,44.1,45.8,46.9,13.1,0.0,75.7,18.0,22.0,80.8,,,OBAnorm,,LD831_01996v2.403,,,,0,0
GLBALSTL,2024-05-24 01:24:06.000,27.6,29.1,28.9,24.9,24.5,28.4,30.3,29.5,28.2,29.6,28.7,27.7,29.0,30.5,33.4,34.7,35.6,36.9,37.0,36.9,36.2,34.5,33.0,31.1,27.3,24.8,22.8,20.5,16.0,10.9,7.1,3.9,1.6,44.7,46.3,47.6,13.1,0.0,75.7,18.0,22.0,80.8,,,OBAnorm,,LD831_01996v2.403,,,,0,0
GLBALSTL,2024-05-24 01:24:07.000,27.7,24.4,27.2,28.7,28.7,27.6,29.1,29.8,30.2,30.3,29.0,26.9,28.4,31.7,33.1,36.8,37.8,38.0,38.8,38.5,37.8,36.5,34.7,32.0,28.7,25.9,23.0,20.2,16.6,12.2,8.1,4.4,1.9,46.2,47.5,48.6,13.1,0.0,75.7,18.0,22.0,80.8,,,OBAnorm,,LD831_01996v2.403,,,,0,0
GLBALSTL,2024-05-24 01:24:08.000,28.0,27.0,25.9,28.9,25.7,25.8,30.7,29.5,29.1,32.0,28.7,31.4,31.5,31.2,32.9,36.1,36.1,37.8,37.8,37.2,36.9,35.0,33.5,30.8,27.7,24.5,21.6,17.6,13.7,9.7,7.9,3.9,1.7,45.3,46.9,48.2,13.1,0.0,75.7,18.0,22.0,80.8,,,OBAnorm,,LD831_01996v2.403,,,,0,0
GLBALSTL,2024-05-24 01:24:09.000,22.6,28.6,28.7,30.0,24.8,28.8,27.6,29.7,27.3,29.1,31.1,28.2,29.0,31.5,31.3,35.6,36.6,35.5,36.0,35.5,35.0,34.0,32.7,29.9,27.2,23.9,21.5,18.3,16.1,11.5,6.8,3.8,1.5,44.0,45.8,46.6,13.1,0.0,75.7,18.0,22.0,80.8,,,OBAnorm,,LD831_01996v2.403,,,,0,0
GLBALSTL,2024-05-24 01:24:10.000,28.5,31.3,25.7,27.7,27.8,29.5,28.7,28.7,27.4,30.1,30.1,34.6,32.6,33.2,34.8,36.6,37.4,37.5,37.5,36.6,36.0,34.9,33.3,29.9,27.1,24.4,21.2,18.2,14.3,10.2,6.7,3.9,1.5,45.2,47.3,48.7,13.1,0.0,75.7,18.0,22.0,80.8,,,OBAnorm,,LD831_01996v2.403,,,,0,0
GLBALSTL,2024-05-24 01:24:11.000,29.5,29.1,28.8,29.2,28.3,26.4,29.9,28.8,28.0,31.2,30.7,29.9,30.6,31.2,34.7,36.8,38.3,39.1,39.3,38.1,37.5,36.7,35.1,31.5,28.5,26.6,24.9,19.6,16.1,12.3,7.6,4.0,1.6,46.5,47.9,48.9,13.1,0.0,75.7,17.9,22.0,80.8,,,OBAnorm,,LD831_01996v2.403,,,,0,0
GLBALSTL,2024-05-24 01:24:12.000,31.4,29.9,26.9,31.4,28.5,27.2,27.0,28.3,28.6,30.6,31.5,31.5,32.0,33.4,35.4,36.5,38.3,38.3,37.4,37.7,37.5,36.4,34.8,31.9,28.9,25.9,22.2,19.3,15.0,11.2,7.6,4.3,1.6,46.1,47.7,48.9,13.1,0.0,75.7,18.0,22.0,80.8,,,OBAnorm,,LD831_01996v2.403,,,,0,0
GLBALSTL,2024-05-24 01:24:13.000,27.7,30.0,25.6,27.7,27.0,30.8,28.0,28.0,26.9,29.8,29.8,29.2,31.5,33.3,33.4,36.5,37.4,37.9,38.7,37.9,37.5,36.9,34.4,31.5,28.5,26.5,24.5,20.3,18.1,13.5,9.3,4.8,2.0,46.1,47.5,48.2,13.1,0.0,75.7,18.0,22.0,80.8,,,OBAnorm,,LD831_01996v2.403,,,,0,0
GLBALSTL,2024-05-24 01:24:14.000,31.4,28.3,28.8,27.8,28.6,27.7,28.6,28.2,26.9,29.9,30.4,26.3,32.2,33.6,34.2,36.0,37.7,38.5,38.0,37.6,37.7,36.6,34.5,31.4,28.6,25.6,22.2,19.5,15.8,11.9,7.7,4.3,1.7,46.0,47.4,48.3,13.1,0.0,75.7,17.9,22.0,80.8,,,OBAnorm,,LD831_01996v2.403,,,,0,0
GLBALSTL,2024-05-24 01:24:15.000,28.5,29.7,28.1,30.1,25.2,29.0,27.9,27.3,27.0,30.4,30.2,26.5,28.2,31.0,32.2,35.0,35.8,36.0,36.7,36.0,35.2,33.9,31.8,29.1,26.1,23.2,19.9,16.7,12.6,8.3,5.0,3.1,1.1,43.8,45.6,46.7,13.1,0.0,75.7,18.0,22.0,80.8,,,OBAnorm,,LD831_01996v2.403,,,,0,0
GLBALSTL,2024-05-24 01:24:16.000,28.4,27.3,26.7,28.4,27.7,26.8,26.5,27.7,25.9,31.8,30.2,30.0,31.4,33.7,35.2,35.8,37.3,37.7,37.3,36.7,35.4,34.3,33.1,29.6,27.5,24.4,22.0,18.8,15.5,11.0,7.4,3.7,1.4,44.9,46.8,47.9,13.1,0.0,75.7,18.0,22.0,80.8,,,OBAnorm,,LD831_01996v2.403,,,,0,0
GLBALSTL,2024-05-24 01:24:17.000,28.1,29.3,30.1,31.2,27.4,29.9,26.8,27.5,27.8,30.1,30.4,30.1,33.0,33.4,33.8,34.6,37.6,38.1,37.4,36.2,35.8,34.9,32.9,30.0,26.9,24.2,21.2,18.3,14.8,10.6,6.6,3.9,1.7,45.1,47.0,48.0,13.1,0.0,75.7,17.9,22.0,80.8,,,OBAnorm,,LD831_01996v2.403,,,,0,0
GLBALSTL,2024-05-24 01:24:18.000,28.2,24.0,27.1,27.4,29.4,27.4,27.1,29.2,28.3,30.6,30.1,27.9,31.6,32.6,34.0,36.1,37.4,38.1,36.9,36.6,36.5,35.1,33.1,30.0,27.8,24.9,21.5,18.1,14.3,11.6,7.0,4.2,1.5,45.0,46.6,47.5,13.1,0.1,75.7,18.0,22.0,80.8,,,OBAnorm,,LD831_01996v2.403,,,,0,0
GLBALSTL,2024-05-24 01:24:19.000,27.0,24.8,28.8,27.9,22.5,27.1,28.0,27.8,28.7,30.0,29.6,29.2,32.6,36.6,33.5,34.9,36.6,38.2,37.0,37.2,36.0,34.5,33.0,30.4,27.4,24.4,20.7,18.4,15.7,10.9,7.2,4.1,1.5,45.0,46.9,47.5,13.1,0.3,75.7,18.0,22.0,80.8,,,OBAnorm,,LD831_01996v2.403,,,,0,0
GLBALSTL,2024-05-24 01:24:20.000,22.1,29.5,28.3,29.9,26.0,27.6,25.8,28.6,27.1,29.2,30.3,28.7,31.5,33.9,34.0,36.1,37.7,37.0,36.9,36.3,35.8,34.1,32.6,29.4,26.8,24.3,22.2,17.8,14.4,10.3,7.0,3.8,1.5,44.7,46.6,47.0,13.1,0.4,75.7,18.0,22.0,80.8,,,OBAnorm,,LD831_01996v2.403,,,,0,0
GLBALSTL,2024-05-24 01:24:21.000,25.3,27.4,29.4,24.3,24.4,28.5,27.9,27.1,29.3,29.9,31.1,31.7,33.8,34.5,34.4,35.0,37.4,37.5,37.2,36.8,35.8,34.4,32.9,29.4,26.9,24.3,20.7,17.5,14.1,10.7,6.1,3.4,1.3,44.7,46.7,47.4,13.1,0.4,75.7,18.0,22.0,80.8,,,OBAnorm,,LD831_01996v2.403,,,,0,0
GLBALSTL,2024-05-24 01:24:22.000,24.3,26.8,30.8,25.3,27.7,27.9,26.6,27.2,28.3,30.5,31.1,30.2,34.3,34.5,33.9,35.5,37.5,38.2,38.2,37.6,36.3,34.4,34.0,31.0,28.3,24.8,21.8,19.4,15.3,11.0,6.8,3.9,1.5,45.6,47.5,47.9,13.1,0.4,75.7,18.0,22.0,80.8,,,OBAnorm,,LD831_01996v2.403,,,,0,0
GLBALSTL,2024-05-24 01:24:23.000,27.0,25.3,29.4,24.2,24.8,27.1,28.9,26.2,28.8,28.8,29.2,27.6,31.5,34.1,34.3,37.5,39.4,39.9,39.5,38.7,38.2,37.9,36.1,33.2,30.5,26.4,23.2,19.7,16.0,11.3,7.4,4.1,1.6,47.3,48.6,49.2,13.1,0.4,75.7,18.0,22.0,80.8,,,OBAnorm,,LD831_01996v2.403,,,,0,0
GLBALSTL,2024-05-24 01:24:24.000,25.7,31.1,28.6,25.4,26.9,29.3,26.6,28.4,27.7,30.3,32.3,32.4,31.4,33.4,33.2,35.1,37.7,37.2,37.0,36.8,35.9,34.8,33.2,29.3,26.4,23.1,20.1,17.1,13.1,9.6,5.7,3.3,1.3,44.6,46.4,47.1,13.1,0.4,75.7,18.0,22.0,80.8,,,OBAnorm,,LD831_01996v2.403,,,,0,0
GLBALSTL,2024-05-24 01:24:25.000,24.5,21.6,29.5,28.9,27.8,29.3,27.0,27.9,27.0,27.5,29.3,32.5,32.3,32.9,33.4,35.0,36.6,37.3,36.4,36.7,35.9,34.3,32.3,30.5,27.1,24.5,21.3,18.6,15.7,11.1,8.0,4.5,1.7,44.5,46.3,47.0,13.1,0.4,75.7,18.0,22.0,80.8,,,OBAnorm,,LD831_01996v2.403,,,,0,0
GLBALSTL,2024-05-24 01:24:26.000,18.3,29.4,29.4,27.8,26.5,26.9,26.3,27.4,26.3,29.4,28.0,28.0,33.1,35.2,34.5,36.5,37.5,38.0,37.8,37.6,37.1,35.4,34.1,30.9,28.0,25.3,22.6,19.8,16.3,12.1,8.2,4.5,1.7,45.7,47.5,48.1,13.1,0.4,75.7,18.0,22.0,80.8,,,OBAnorm,,LD831_01996v2.403,,,,0,0
GLBALSTL,2024-05-24 01:24:27.000,24.0,27.8,31.0,26.2,26.5,28.3,29.0,27.7,27.4,30.3,30.2,32.9,34.7,32.2,32.1,34.3,35.5,36.4,35.9,36.2,36.2,34.7,32.7,29.7,26.7,23.4,21.2,18.0,14.5,10.4,6.7,3.5,1.5,44.3,46.1,46.7,13.1,0.4,75.7,18.0,22.0,80.8,,,OBAnorm,,LD831_01996v2.403,,,,0,0
GLBALSTL,2024-05-24 01:24:28.000,26.6,30.6,28.5,27.2,24.0,25.8,28.8,27.1,27.9,29.7,28.2,26.8,31.5,31.7,34.4,36.7,37.7,38.1,38.3,37.4,37.0,35.8,33.8,31.6,28.4,26.1,23.5,19.7,16.4,12.3,7.6,4.0,1.8,46.0,47.5,49.1,13.1,0.4,75.7,18.0,22.0,80.8,,,OBAnorm,,LD831_01996v2.403,,,,0,0
GLBALSTL,2024-05-24 01:24:29.000,21.8,23.9,32.4,26.2,25.7,30.3,30.7,27.3,27.9,29.4,28.6,28.3,32.1,35.0,34.7,36.6,37.5,38.4,38.0,36.7,36.5,34.4,32.8,29.9,27.3,24.6,20.8,17.9,14.0,9.8,6.1,3.4,1.4,45.3,47.2,51.0,13.1,0.4,75.7,18.0,22.0,80.8,,,OBAnorm,,LD831_01996v2.403,,,,0,0
GLBALSTL,2024-05-24 01:24:30.000,26.6,29.2,31.3,25.9,25.1,28.5,28.1,28.1,25.9,27.9,27.3,29.2,30.6,33.2,33.9,36.1,35.8,36.9,37.1,36.3,36.6,35.0,32.9,31.1,28.1,25.0,22.4,18.8,14.8,10.3,6.4,3.6,1.5,44.9,46.4,47.9,13.1,0.4,75.7,18.0,22.0,80.8,,,OBAnorm,,LD831_01996v2.403,,,,0,0
GLBALSTL,2024-05-24 01:24:31.000,29.6,29.4,29.8,27.1,26.6,26.3,27.8,25.6,27.9,27.3,27.9,27.7,29.3,33.0,33.0,34.7,36.8,37.2,37.1,36.7,36.9,35.4,34.2,31.7,28.5,25.4,23.4,20.2,17.5,12.4,8.9,4.9,1.9,45.5,46.9,48.2,13.1,0.4,75.7,18.0,22.0,80.8,,,OBAnorm,,LD831_01996v2.403,,,,0,0
GLBALSTL,2024-05-24 01:24:32.000,27.3,25.1,31.0,26.2,28.9,28.3,27.4,28.2,26.6,29.8,29.9,34.6,33.2,35.3,34.5,35.8,35.6,36.9,36.6,36.5,35.2,34.1,32.5,30.5,26.8,23.8,21.0,18.1,15.2,10.5,6.5,3.9,1.5,44.3,46.6,47.5,13.1,0.4,75.7,18.0,22.0,80.8,,,OBAnorm,,LD831_01996v2.403,,,,0,0
GLBALSTL,2024-05-24 01:24:33.000,26.3,29.9,28.3,28.8,27.9,25.2,26.0,28.4,26.5,28.2,29.1,29.7,30.5,32.0,32.8,35.4,36.1,37.5,36.7,36.2,35.8,34.4,32.2,29.5,26.5,23.3,20.2,17.6,13.4,9.5,5.9,3.2,1.1,44.4,46.2,46.8,13.1,0.4,75.7,18.0,22.0,80.8,,,OBAnorm,,LD831_01996v2.403,,,,0,0
GLBALSTL,2024-05-24 01:24:34.000,26.2,30.9,27.2,31.6,26.1,26.9,29.6,28.8,28.6,30.9,27.9,28.6,31.6,32.6,33.5,35.1,36.9,36.6,36.8,36.6,35.5,34.2,32.0,29.4,26.4,23.3,20.0,16.7,12.9,8.8,5.7,3.2,1.3,44.4,46.3,47.0,13.1,0.4,75.7,18.0,22.0,80.8,,,OBAnorm,,LD831_01996v2.403,,,,0,0
GLBALSTL,2024-05-24 01:24:35.000,25.2,25.1,25.2,29.5,27.0,25.9,29.1,26.5,26.8,28.6,27.6,28.1,32.8,32.9,34.5,36.4,36.9,38.1,37.3,36.7,36.2,35.0,33.8,30.5,27.3,25.1,21.6,19.1,16.1,11.5,7.0,3.8,1.6,45.1,46.9,47.5,13.1,0.4,75.7,18.0,22.0,80.8,,,OBAnorm,,LD831_01996v2.403,,,,0,0
GLBALSTL,2024-05-24 01:24:36.000,25.9,25.1,25.7,28.6,28.0,28.8,30.1,26.2,27.2,29.7,28.2,29.5,30.5,31.4,33.4,34.8,36.4,35.6,36.5,36.0,35.5,34.7,32.8,29.6,26.1,23.0,19.9,16.8,12.7,9.2,5.5,3.3,1.4,44.2,45.8,47.2,13.1,0.4,75.7,18.0,22.0,80.8,,,OBAnorm,,LD831_01996v2.403,,,,0,0
GLBALSTL,2024-05-24 01:24:37.000,25.8,29.2,28.9,30.2,27.4,27.2,29.2,28.0,25.4,29.8,31.3,31.5,32.5,32.6,32.8,35.3,37.1,38.0,37.5,37.2,36.7,35.7,34.2,31.1,28.4,25.4,22.5,19.4,16.8,12.3,8.4,4.5,2.0,45.6,47.3,48.0,13.1,0.5,75.7,18.0,22.0,80.8,,,OBAnorm,,LD831_01996v2.403,,,,0,0
GLBALSTL,2024-05-24 01:24:38.000,26.9,27.6,28.4,30.1,29.1,26.9,28.7,28.6,26.5,29.6,31.0,27.9,30.7,32.7,33.0,36.7,37.8,38.1,37.5,37.9,36.6,35.2,33.8,30.9,27.9,24.2,21.3,17.6,14.0,10.5,6.5,3.8,1.5,45.5,47.0,47.6,13.1,0.5,75.7,18.0,22.0,80.8,,,OBAnorm,,LD831_01996v2.403,,,,0,0
GLBALSTL,2024-05-24 01:24:39.000,24.8,27.3,32.0,26.7,25.4,27.9,26.3,27.7,26.9,30.3,28.8,26.7,31.2,33.8,35.1,35.6,38.1,38.0,37.9,37.2,36.6,35.5,33.8,31.5,27.9,25.5,23.0,19.4,16.5,13.0,9.3,4.9,2.2,45.6,47.2,47.8,13.1,0.5,75.7,18.0,22.0,80.8,,,OBAnorm,,LD831_01996v2.403,,,,0,0
GLBALSTL,2024-05-24 01:24:40.000,24.9,30.4,28.1,30.5,26.7,28.3,29.7,28.3,26.0,28.9,28.0,26.4,32.1,34.4,34.5,36.6,38.0,38.7,38.4,38.6,37.4,36.5,34.8,31.2,28.6,25.7,22.5,18.3,15.0,11.2,7.8,4.5,1.8,46.3,47.7,48.1,13.1,0.6,75.7,18.0,22.0,80.8,,,OBAnorm,,LD831_01996v2.403,,,,0,0
GLBALSTL,2024-05-24 01:24:41.000,24.4,24.7,28.5,30.5,28.5,28.8,28.2,26.8,25.3,27.4,30.0,28.8,33.7,34.0,33.5,36.2,37.1,37.8,37.4,36.6,36.5,35.3,34.0,30.9,28.3,24.6,22.4,18.9,15.5,12.1,8.6,4.7,1.9,45.3,46.9,47.7,13.1,0.6,75.7,18.0,22.0,80.8,,,OBAnorm,,LD831_01996v2.403,,,,0,0
GLBALSTL,2024-05-24 01:24:42.000,25.2,28.0,27.2,26.3,30.0,29.3,30.9,27.3,27.2,26.5,29.6,27.9,33.0,33.6,33.4,35.1,36.4,36.9,37.2,37.3,36.5,35.6,33.5,30.7,27.9,25.2,23.4,19.9,17.6,13.7,9.4,5.2,2.4,45.1,46.6,47.3,13.1,0.7,75.7,18.0,22.0,80.8,,,OBAnorm,,LD831_01996v2.403,,,,0,0
GLBALSTL,2024-05-24 01:24:43.000,17.8,26.5,30.4,24.8,26.1,30.9,29.4,25.4,27.4,28.4,27.9,26.3,31.2,32.9,33.5,36.2,36.1,37.8,37.8,37.3,35.9,34.7,33.0,29.8,26.3,23.5,20.4,17.8,14.8,11.0,7.1,4.0,1.7,45.0,46.7,48.7,13.1,0.8,75.7,18.0,22.0,80.8,,,OBAnorm,,LD831_01996v2.403,,,,0,0
GLBALSTL,2024-05-24 01:24:44.000,22.6,26.1,27.4,30.3,27.8,28.4,27.6,26.2,27.1,34.8,34.7,30.6,34.7,35.6,34.3,35.6,36.0,35.9,36.6,36.6,35.8,34.4,32.7,29.5,26.1,24.2,22.0,18.8,15.6,11.2,7.3,4.0,1.8,44.6,47.2,48.9,13.1,0.8,74.2,18.0,22.0,80.8,,,OBAnorm,,LD831_01996v2.403,,,,0,0
GLBALSTL,2024-05-24 01:24:45.000,26.8,26.3,31.9,27.6,26.6,28.3,31.1,28.8,28.7,29.8,28.8,28.0,34.7,34.5,34.8,35.2,36.4,37.1,36.2,36.8,36.1,34.9,32.8,29.4,26.9,24.5,23.3,19.3,16.5,12.2,8.8,5.0,2.4,44.9,46.7,47.3,13.1,0.8,75.7,18.0,21.7,80.8,,,OBAnorm,,LD831_01996v2.403,,,,0,0
GLBALSTL,2024-05-24 01:24:46.000,26.7,23.8,29.7,28.2,24.0,29.5,28.2,28.0,28.4,28.8,28.8,29.2,34.1,34.5,33.8,35.6,37.6,37.6,37.7,37.3,36.3,35.4,33.3,30.9,27.9,25.7,22.5,19.6,16.1,13.6,7.9,5.2,1.8,45.3,47.1,47.6,13.1,0.8,75.7,18.0,21.7,80.8,,,OBAnorm,,LD831_01996v2.403,,,,0,0
GLBALSTL,2024-05-24 01:24:47.000,26.1,29.3,27.7,29.7,28.6,27.2,28.4,27.1,27.3,27.9,29.6,32.6,34.9,35.5,35.7,36.6,38.6,37.1,38.7,37.9,36.8,35.1,33.3,31.1,28.1,24.6,21.2,17.9,15.3,11.0,7.0,4.2,1.6,45.8,47.8,49.2,13.1,0.8,75.7,18.0,22.0,80.8,,,OBAnorm,,LD831_01996v2.403,,,,0,0
GLBALSTL,2024-05-24 01:24:48.000,25.8,29.7,28.9,26.8,28.1,26.2,30.1,29.8,28.3,28.2,29.2,28.4,31.7,35.6,34.1,35.6,38.3,39.2,38.4,38.1,37.1,35.8,34.2,31.2,28.3,25.5,22.2,18.7,15.2,11.6,7.5,4.3,1.7,46.1,47.7,48.6,13.1,0.9,75.7,18.0,22.0,80.8,,,OBAnorm,,LD831_01996v2.403,,,,0,0
GLBALSTL,2024-05-24 01:24:49.000,25.9,29.3,33.0,26.0,29.4,28.9,28.4,27.9,28.8,31.5,28.7,28.0,33.7,35.0,34.6,35.5,36.9,37.8,37.5,37.2,36.2,35.1,33.7,31.8,28.4,25.0,21.8,18.7,15.9,12.2,7.9,4.5,1.9,45.1,46.8,48.0,13.1,0.9,75.7,18.0,22.0,80.8,,,OBAnorm,,LD831_01996v2.403,,,,0,0
GLBALSTL,2024-05-24 01:24:50.000,28.6,25.0,34.1,27.9,28.1,29.7,28.6,27.8,30.5,28.7,28.7,27.7,29.3,34.3,34.2,34.9,36.7,36.7,38.0,37.3,36.1,34.8,33.4,30.1,27.2,25.2,21.8,19.1,15.3,11.1,7.2,4.2,1.7,45.2,46.8,47.7,13.1,0.9,75.7,18.0,22.0,80.8,,,OBAnorm,,LD831_01996v2.403,,,,0,0
GLBALSTL,2024-05-24 01:24:51.000,24.1,28.6,32.2,26.7,23.7,26.0,29.9,29.0,27.7,30.3,29.0,26.7,31.0,34.5,35.7,37.0,39.1,40.4,38.7,38.7,37.6,36.5,35.3,31.8,29.5,26.3,22.7,19.7,15.6,11.9,7.2,4.1,1.5,47.0,48.6,49.0,13.1,0.9,75.7,18.0,22.0,80.8,,,OBAnorm,,LD831_01996v2.403,,,,0,0
GLBALSTL,2024-05-24 01:24:52.000,23.5,28.5,30.8,28.5,26.8,29.8,30.1,29.0,28.9,31.5,36.5,35.4,37.2,37.5,36.5,37.8,39.7,40.1,39.0,38.5,37.7,37.1,34.9,32.1,29.9,27.1,24.1,21.5,17.6,13.8,8.9,5.2,2.0,47.0,49.5,50.1,13.1,0.9,75.6,18.0,22.0,80.8,,,OBAnorm,,LD831_01996v2.403,,,,0,0
GLBALSTL,2024-05-24 01:24:53.000,25.4,30.7,29.1,29.0,26.4,29.7,26.8,29.7,29.5,36.1,35.8,36.6,37.2,35.8,35.9,36.2,37.3,37.9,37.2,37.6,36.9,35.1,33.0,30.2,28.1,26.2,22.2,19.5,17.0,12.4,8.1,4.6,1.9,45.4,47.8,48.4,13.1,0.8,75.7,18.0,22.0,80.8,,,OBAnorm,,LD831_01996v2.403,,,,0,0
GLBALSTL,2024-05-24 01:24:54.000,25.0,30.2,29.1,29.2,28.2,31.1,32.3,30.1,29.8,29.6,29.1,29.3,31.6,32.5,33.7,36.6,38.1,37.3,37.6,37.3,36.4,35.2,33.1,30.0,27.1,24.7,21.1,18.2,14.5,9.6,6.0,3.4,1.5,45.3,47.3,48.3,13.1,0.8,45.1,18.0,20.7,76.5,,,OBAnorm,,LD831_01996v2.403,,,,0,0
GLBALSTL,2024-05-24 01:24:55.000,20.7,31.8,32.0,29.1,31.3,29.2,31.6,29.5,29.8,30.8,30.7,29.8,34.5,35.7,35.7,36.6,37.6,37.6,37.3,37.1,36.2,34.3,33.3,30.7,27.4,24.8,22.8,19.6,16.7,11.8,7.7,4.3,1.8,45.2,47.4,48.3,13.1,0.8,75.7,18.0,20.7,76.5,,,OBAnorm,,LD831_01996v2.403,,,,0,0
GLBALSTL,2024-05-24 01:24:56.000,24.7,26.7,27.6,30.2,28.3,29.5,30.1,32.2,31.0,30.0,29.7,27.4,34.4,34.7,34.6,35.9,37.2,37.7,37.4,36.8,36.5,35.9,33.6,30.4,27.9,25.7,23.7,20.1,16.9,12.6,9.0,5.1,2.0,45.3,47.2,48.7,13.1,0.8,75.7,18.0,22.0,80.8,,,OBAnorm,,LD831_01996v2.403,,,,0,0
GLBALSTL,2024-05-24 01:24:57.000,23.8,32.1,32.1,29.4,29.2,30.3,29.6,29.9,27.8,30.4,31.5,33.9,35.3,34.2,34.5,35.8,37.4,37.9,37.8,37.8,37.8,36.6,34.6,32.5,29.5,27.3,25.1,22.6,19.8,15.1,10.2,5.6,2.4,46.1,47.8,51.3,13.1,0.7,75.7,18.0,22.0,80.8,,,OBAnorm,,LD831_01996v2.403,,,,0,0
GLBALSTL,2024-05-24 01:24:58.000,22.6,26.7,26.0,25.5,26.5,24.5,28.8,28.2,29.0,31.0,28.4,28.9,33.9,33.7,34.5,36.3,36.8,37.1,36.8,36.8,36.3,34.7,33.7,31.1,27.8,25.2,23.6,20.9,17.3,13.6,9.1,5.0,2.1,45.1,47.2,56.5,13.1,0.6,75.7,18.0,22.0,80.8,,,OBAnorm,,LD831_01996v2.403,,,,0,0
GLBALSTL,2024-05-24 01:24:59.000,26.8,29.2,32.5,30.0,29.6,30.4,29.9,31.6,30.5,30.8,29.4,34.3,34.0,34.7,35.3,36.9,37.8,38.2,37.1,37.3,37.0,35.8,33.7,31.3,28.1,25.1,22.3,19.1,15.9,12.0,7.7,4.4,1.7,45.6,47.6,55.1,13.1,0.6,75.7,18.0,22.0,80.8,,,OBAnorm,,LD831_01996v2.403,,,,0,0
GLBALSTL,2024-05-24 01:25:00.000,25.0,27.1,33.2,27.2,30.1,30.3,30.3,27.2,32.1,30.8,30.5,27.7,30.5,33.6,34.5,36.1,37.3,37.5,36.9,36.5,36.2,35.9,33.7,30.9,28.3,26.0,22.7,19.5,16.0,12.2,8.1,4.5,1.8,45.3,47.2,55.4,13.1,0.5,75.7,18.0,22.0,80.8,,,OBAnorm,,LD831_01996v2.403,,,,0,0
GLBALSTL,2024-05-24 01:25:01.000,23.5,28.8,32.3,29.8,26.5,29.6,29.5,27.5,28.3,30.2,29.3,29.9,31.1,33.4,33.2,36.8,37.0,37.6,37.4,38.0,36.3,34.7,32.8,30.7,28.2,25.4,22.9,19.2,16.3,12.2,7.9,4.7,1.8,45.2,46.9,49.7,13.1,0.5,75.7,18.0,22.0,80.8,,,OBAnorm,,LD831_01996v2.403,,,,0,0
GLBALSTL,2024-05-24 01:25:02.000,25.6,28.6,30.3,30.4,26.9,28.4,29.5,30.6,27.8,31.4,31.3,31.7,34.5,36.7,36.4,36.3,36.8,37.7,37.9,36.7,35.8,35.2,32.9,30.1,27.7,25.5,21.7,18.4,15.6,11.8,7.5,4.0,1.6,45.2,47.7,48.7,13.1,0.4,75.7,18.0,22.0,80.8,,,OBAnorm,,LD831_01996v2.403,,,,0,0
GLBALSTL,2024-05-24 01:25:03.000,30.4,30.1,28.0,29.8,27.6,28.9,32.5,31.4,32.0,30.3,29.3,26.8,30.0,33.9,35.0,38.0,39.3,40.7,38.8,37.9,36.9,36.5,34.6,31.6,28.8,25.4,22.0,19.1,15.8,12.2,7.2,4.1,1.8,46.7,48.4,52.1,13.1,0.4,75.7,18.0,22.0,80.8,,,OBAnorm,,LD831_01996v2.403,,,,0,0
GLBALSTL,2024-05-24 01:25:04.000,24.2,26.6,31.6,30.2,27.3,28.2,30.0,29.4,31.2,31.8,28.9,29.4,29.4,32.5,33.4,37.0,36.6,37.4,38.1,36.7,35.8,35.5,34.3,30.7,27.3,24.4,22.3,19.1,15.1,12.5,8.2,4.5,1.9,45.3,47.1,48.5,13.1,0.5,75.7,18.0,22.0,80.8,,,OBAnorm,,LD831_01996v2.403,,,,0,0
GLBALSTL,2024-05-24 01:25:05.000,30.1,27.0,29.2,30.3,26.3,28.5,29.1,29.7,29.6,32.6,31.5,27.1,30.9,34.5,34.3,37.7,37.0,38.0,37.0,37.4,36.5,34.8,32.5,30.4,27.3,23.7,21.0,17.7,14.2,10.1,6.3,3.4,1.4,45.2,47.2,48.8,13.1,0.6,75.7,18.0,22.0,80.8,,,OBAnorm,,LD831_01996v2.403,,,,0,0
GLBALSTL,2024-05-24 01:25:06.000,30.0,29.8,26.6,28.3,25.3,29.8,31.0,32.9,29.5,33.2,29.3,28.9,30.6,33.8,34.6,36.7,36.3,37.3,38.8,37.8,36.7,34.8,33.1,29.7,27.3,24.0,20.7,17.6,13.7,9.6,6.1,3.5,1.4,45.5,47.6,48.8,13.1,0.6,75.7,18.0,22.0,80.8,,,OBAnorm,,LD831_01996v2.403,,,,0,0
GLBALSTL,2024-05-24 01:25:07.000,26.6,27.0,32.1,30.2,28.4,27.4,31.4,31.8,27.8,35.1,33.6,29.4,31.3,33.4,35.5,36.4,38.0,39.4,39.2,38.1,36.8,36.1,34.4,31.2,28.9,25.9,21.8,18.1,14.2,10.5,6.6,3.4,1.4,46.1,47.9,48.3,13.1,0.7,75.6,18.0,22.0,80.8,,,OBAnorm,,LD831_01996v2.403,,,,0,0
GLBALSTL,2024-05-24 01:25:08.000,31.2,27.0,31.3,27.6,26.7,30.0,32.0,32.7,31.0,33.0,31.8,35.2,32.6,33.8,33.9,36.1,36.1,37.5,36.8,36.9,35.6,34.6,32.6,29.8,26.7,24.6,21.1,18.4,15.0,11.5,7.0,3.9,1.4,44.6,47.2,48.7,13.1,0.8,75.7,18.0,22.0,80.8,,,OBAnorm,,LD831_01996v2.403,,,,0,0
GLBALSTL,2024-05-24 01:25:09.000,27.8,28.7,30.5,31.2,29.4,30.2,29.4,31.9,29.3,32.7,33.0,28.8,30.5,32.0,33.7,36.8,37.8,38.2,39.0,38.1,36.5,35.8,34.3,31.0,28.6,26.1,23.0,20.3,17.9,12.6,9.3,4.8,2.1,46.0,47.7,48.6,13.1,0.8,75.7,18.0,22.0,80.8,,,OBAnorm,,LD831_01996v2.403,,,,0,0
GLBALSTL,2024-05-24 01:25:10.000,24.7,27.4,30.9,27.5,28.4,27.7,29.6,31.5,30.3,31.8,35.1,38.4,37.7,35.7,37.2,38.3,41.0,40.2,39.3,39.2,37.7,37.4,35.7,32.0,29.7,26.7,24.0,20.9,17.4,13.5,9.1,4.9,1.8,47.5,49.9,50.5,13.1,0.8,75.7,18.0,22.0,80.8,,,OBAnorm,,LD831_01996v2.403,,,,0,0
GLBALSTL,2024-05-24 01:25:11.000,28.2,28.9,30.5,30.7,26.5,28.6,31.3,29.8,30.8,32.5,34.5,30.1,30.9,33.6,34.6,36.8,36.5,37.3,36.6,37.0,35.7,34.4,32.3,29.9,28.0,25.4,22.4,18.8,15.3,11.6,7.2,3.9,1.7,44.7,46.7,47.9,13.1,0.8,75.7,18.0,22.0,80.8,,,OBAnorm,,LD831_01996v2.403,,,,0,0
GLBALSTL,2024-05-24 01:25:12.000,29.3,29.6,32.4,22.7,28.9,29.0,31.6,30.3,27.7,31.9,33.1,27.2,31.4,33.1,34.4,35.9,37.4,38.3,38.4,38.2,37.2,35.9,34.2,31.9,29.2,26.3,23.7,21.5,17.4,12.0,7.3,3.8,1.5,46.2,47.8,48.5,13.1,0.8,75.7,18.0,22.0,80.8,,,OBAnorm,,LD831_01996v2.403,,,,0,0
GLBALSTL,2024-05-24 01:25:13.000,24.5,26.4,29.9,27.6,30.4,32.1,32.0,29.8,28.8,33.1,32.5,34.7,33.7,34.8,36.4,37.2,39.1,39.2,38.8,39.3,37.7,36.1,34.6,32.0,29.2,26.4,23.3,20.5,16.1,12.5,7.6,4.4,1.6,46.7,48.7,49.2,13.1,0.8,75.6,17.9,22.0,80.8,,,OBAnorm,,LD831_01996v2.403,,,,0,0
GLBALSTL,2024-05-24 01:25:14.000,25.9,27.6,25.6,27.7,27.7,30.7,31.2,27.5,28.1,33.3,33.6,33.4,35.1,34.7,34.9,35.1,37.3,37.9,37.6,37.2,36.3,35.3,33.5,30.5,27.7,25.2,22.0,19.1,15.2,11.5,7.5,4.2,1.5,45.3,47.5,48.2,13.1,0.8,75.7,18.0,22.0,80.8,,,OBAnorm,,LD831_01996v2.403,,,,0,0
GLBALSTL,2024-05-24 01:25:15.000,24.1,23.6,28.1,29.8,28.5,27.6,29.5,32.2,29.8,32.0,32.2,30.1,33.4,33.7,34.0,36.2,38.6,38.1,38.6,38.1,37.6,36.2,34.2,31.1,29.0,26.2,23.6,20.5,16.8,12.4,8.2,4.5,2.1,46.2,47.9,48.6,13.1,0.8,75.7,17.9,22.0,80.8,,,OBAnorm,,LD831_01996v2.403,,,,0,0
GLBALSTL,2024-05-24 01:25:16.000,21.5,29.9,29.8,29.4,29.2,27.7,29.2,27.9,29.8,32.7,34.3,32.2,34.2,34.5,35.0,37.8,37.8,38.3,37.6,38.7,37.8,35.5,34.0,30.4,27.6,24.9,22.6,20.2,16.1,11.8,7.9,4.4,1.8,46.1,48.2,48.7,13.1,0.8,75.7,18.0,22.0,80.8,,,OBAnorm,,LD831_01996v2.403,,,,0,0
GLBALSTL,2024-05-24 01:25:17.000,21.3,27.9,30.4,28.8,27.1,28.4,26.1,29.9,28.2,33.1,36.8,41.3,34.0,34.2,35.1,36.7,37.8,39.2,38.3,37.5,37.3,35.6,33.8,31.5,28.0,24.7,22.0,19.2,15.2,10.7,6.5,3.8,1.6,46.1,48.8,49.4,13.1,0.8,75.7,18.0,22.0,80.8,,,OBAnorm,,LD831_01996v2.403,,,,0,0
GLBALSTL,2024-05-24 01:25:18.000,20.6,27.8,28.7,26.8,27.9,30.3,28.3,28.7,30.9,31.9,32.3,29.9,33.5,34.3,34.8,36.9,38.8,39.5,38.8,38.3,38.3,37.2,35.6,32.9,29.7,27.0,24.5,21.3,18.6,14.4,10.0,5.5,2.5,47.0,48.4,49.2,13.1,0.9,75.7,18.0,22.0,80.8,,,OBAnorm,,LD831_01996v2.403,,,,0,0
GLBALSTL,2024-05-24 01:25:19.000,21.2,27.7,31.4,26.7,27.9,27.4,28.3,29.2,30.0,32.5,30.9,27.6,33.1,35.5,34.8,35.8,37.1,36.8,36.3,36.4,35.4,34.4,32.5,30.7,27.1,23.8,20.6,18.3,14.7,10.6,6.7,3.8,1.6,44.5,46.7,47.4,13.1,0.9,75.6,18.0,22.0,80.8,,,OBAnorm,,LD831_01996v2.403,,,,0,0
GLBALSTL,2024-05-24 01:25:20.000,26.5,27.7,32.9,29.8,28.2,30.5,29.4,30.1,31.2,31.6,30.9,27.0,28.9,33.2,33.0,35.5,37.3,36.7,37.4,36.9,35.7,34.9,32.9,29.9,26.8,23.4,20.4,17.7,14.8,11.1,7.2,4.4,1.7,44.8,46.7,47.8,13.1,0.9,75.7,18.0,22.0,80.8,,,OBAnorm,,LD831_01996v2.403,,,,0,0
GLBALSTL,2024-05-24 01:25:21.000,23.7,29.8,25.0,28.3,29.6,33.1,29.6,29.9,31.3,31.5,30.5,27.3,31.3,33.2,34.3,35.9,36.8,37.0,36.7,36.3,35.5,34.1,32.7,29.2,26.4,23.4,19.8,17.0,13.4,9.6,6.6,3.7,1.5,44.4,46.7,49.3,13.1,0.8,75.7,18.0,22.0,80.8,,,OBAnorm,,LD831_01996v2.403,,,,0,0
GLBALSTL,2024-05-24 01:25:22.000,29.4,22.5,31.8,28.7,28.0,30.8,29.6,30.4,28.6,31.6,30.6,26.3,29.7,33.3,33.7,34.9,36.2,36.7,36.8,36.6,36.2,35.0,32.9,30.4,27.8,25.3,23.4,20.9,17.0,13.7,9.3,5.1,1.9,44.8,46.5,47.5,13.1,0.8,75.7,18.0,18.3,73.3,,,OBAnorm,,LD831_01996v2.403,,,,0,0
GLBALSTL,2024-05-24 01:25:23.000,29.6,28.7,27.6,29.2,29.3,29.0,29.5,28.4,30.4,31.2,30.9,28.3,30.9,33.7,34.1,36.0,36.7,37.3,38.3,37.4,36.9,35.0,33.3,30.4,26.9,24.1,25.1,20.8,15.4,11.3,7.6,4.7,2.0,45.5,47.4,48.1,13.1,0.7,75.7,18.0,18.4,73.3,,,OBAnorm,,LD831_01996v2.403,,,,0,0
GLBALSTL,2024-05-24 01:25:24.000,26.1,27.2,24.0,30.1,30.4,31.5,30.4,30.1,28.4,30.9,30.7,27.4,31.0,35.9,35.9,37.7,40.4,40.2,40.0,39.2,38.2,37.4,36.3,33.0,29.9,25.9,22.8,19.2,15.3,11.1,6.8,3.8,1.4,47.6,49.1,51.0,13.1,0.6,75.6,18.0,22.0,80.8,,,OBAnorm,,LD831_01996v2.403,,,,0,0
GLBALSTL,2024-05-24 01:25:25.000,27.5,30.6,32.1,29.5,29.2,29.9,28.2,29.5,28.8,29.5,28.1,27.9,30.2,34.5,36.9,38.4,40.9,40.7,40.0,39.6,38.9,38.0,36.4,33.2,30.6,27.9,23.8,19.8,16.4,12.3,7.6,4.1,1.6,47.9,49.2,51.2,13.1,0.6,75.7,18.0,22.1,80.8,,,OBAnorm,,LD831_01996v2.403,,,,0,0
GLBALSTL,2024-05-24 01:25:26.000,21.4,25.4,27.1,27.7,26.4,29.8,29.9,29.9,29.2,30.8,28.8,28.0,30.9,34.3,34.0,37.0,37.8,39.0,39.0,38.7,37.6,36.3,34.3,31.4,28.3,25.0,21.7,18.0,14.7,11.0,7.0,3.9,1.6,46.5,48.1,48.6,13.1,0.6,75.7,18.0,22.1,80.8,,,OBAnorm,,LD831_01996v2.403,,,,0,0
GLBALSTL,2024-05-24 01:25:27.000,26.0,28.8,32.9,32.9,27.5,29.5,28.9,28.3,26.6,31.4,30.9,32.5,33.7,35.3,36.9,38.7,40.6,41.3,41.8,40.4,38.7,38.6,36.8,33.5,29.8,26.3,22.9,18.9,15.1,10.8,6.5,3.6,1.5,48.6,50.1,50.4,13.1,0.5,75.7,17.9,22.1,80.8,,,OBAnorm,,LD831_01996v2.403,,,,0,0
GLBALSTL,2024-05-24 01:25:28.000,27.0,28.9,30.1,29.1,31.0,31.1,30.1,28.1,27.9,30.1,28.6,26.8,31.9,35.7,35.2,38.4,40.1,41.0,40.2,39.5,38.8,38.1,36.2,32.8,30.1,26.8,23.9,19.8,15.8,11.6,7.5,4.2,1.9,47.7,49.1,49.5,13.1,0.5,75.7,18.0,22.0,80.8,,,OBAnorm,,LD831_01996v2.403,,,,0,0
GLBALSTL,2024-05-24 01:25:29.000,21.7,28.9,31.7,27.4,28.1,30.0,28.1,27.8,27.5,29.0,31.4,28.7,33.8,35.8,35.1,35.8,36.8,36.7,36.7,36.5,35.9,34.8,33.0,30.2,27.1,23.9,21.8,19.1,15.7,12.2,8.1,4.4,1.8,44.7,46.8,47.4,13.1,0.5,75.7,17.9,22.1,80.8,,,OBAnorm,,LD831_01996v2.403,,,,0,0
GLBALSTL,2024-05-24 01:25:30.000,23.7,29.8,28.0,27.6,26.2,28.6,29.2,27.7,30.2,32.5,30.7,27.4,30.9,32.5,33.5,35.5,37.5,38.4,38.4,37.4,37.2,35.6,33.6,32.1,28.5,25.7,21.9,19.3,15.7,10.1,6.5,3.5,1.5,45.8,47.4,47.9,13.1,0.6,75.7,18.0,22.1,80.8,,,OBAnorm,,LD831_01996v2.403,,,,0,0
GLBALSTL,2024-05-24 01:25:31.000,24.5,26.3,28.7,29.5,29.3,29.9,30.6,29.4,28.8,32.3,29.7,30.4,31.0,33.8,33.8,36.8,37.6,38.9,38.9,37.8,36.9,35.6,34.1,30.8,28.4,25.6,22.1,18.7,14.9,11.0,6.9,3.8,1.6,46.0,47.5,48.2,13.1,0.6,75.7,18.0,22.1,80.8,,,OBAnorm,,LD831_01996v2.403,,,,0,0
GLBALSTL,2024-05-24 01:25:32.000,24.4,25.5,29.6,27.5,27.1,27.8,28.6,27.9,27.8,31.1,28.7,26.5,29.5,32.1,33.6,35.4,36.7,36.8,37.2,36.7,36.4,33.9,32.5,30.4,27.1,24.0,21.1,17.6,14.2,10.3,6.6,3.5,1.4,44.7,46.5,47.4,13.1,0.6,75.7,18.0,22.0,80.8,,,OBAnorm,,LD831_01996v2.403,,,,0,0
GLBALSTL,2024-05-24 01:25:33.000,23.6,29.2,29.1,25.1,28.1,30.3,28.8,28.2,28.9,29.6,30.4,28.7,32.3,33.5,34.8,37.4,39.4,38.9,38.9,37.7,37.1,35.7,34.5,31.5,28.2,26.1,22.7,19.8,16.8,11.9,8.0,4.1,1.7,46.5,48.2,48.9,13.1,0.6,75.7,18.0,22.0,80.2,,,OBAnorm,,LD831_01996v2.403,,,,0,0
GLBALSTL,2024-05-24 01:25:34.000,26.4,24.1,31.8,30.1,29.6,28.7,28.7,28.2,27.4,29.1,29.7,27.7,31.7,34.6,35.6,39.6,41.4,41.9,41.7,40.5,39.2,38.1,36.4,32.5,29.7,26.6,23.4,19.4,15.6,11.5,7.2,3.8,1.5,48.4,49.8,50.3,13.1,0.6,75.7,18.0,22.0,80.2,,,OBAnorm,,LD831_01996v2.403,,,,0,0
GLBALSTL,2024-05-24 01:25:35.000,26.9,29.7,24.8,27.7,25.0,28.2,27.6,30.9,28.2,30.9,30.8,27.9,29.3,32.4,33.4,36.2,37.4,37.9,37.4,37.3,37.0,35.2,34.0,30.6,28.5,26.3,23.2,20.4,17.9,12.8,8.3,4.8,1.6,45.4,47.0,47.8,13.1,0.6,75.7,18.0,22.0,80.2,,,OBAnorm,,LD831_01996v2.403,,,,0,0
GLBALSTL,2024-05-24 01:25:36.000,19.2,27.4,30.4,28.2,29.9,28.2,27.8,28.0,26.7,31.4,32.3,28.8,33.1,33.1,33.6,36.5,36.8,36.7,38.0,37.5,36.8,35.3,33.4,31.4,29.2,26.0,23.2,20.4,17.4,13.6,8.6,5.3,1.9,45.4,47.1,47.8,13.1,0.5,75.7,18.0,22.0,80.2,,,OBAnorm,,LD831_01996v2.403,,,,0,0
GLBALSTL,2024-05-24 01:25:37.000,24.4,27.2,31.6,27.7,26.2,28.0,28.3,27.9,27.1,30.4,29.8,27.3,30.2,32.5,34.9,36.7,37.8,38.2,38.2,38.1,37.2,35.0,34.1,30.9,28.8,25.2,22.5,19.4,15.7,11.6,6.6,4.0,1.4,45.9,47.4,48.1,13.1,0.5,75.7,18.0,22.1,80.3,,,OBAnorm,,LD831_01996v2.403,,,,0,0
GLBALSTL,2024-05-24 01:25:38.000,26.3,28.2,30.2,28.5,27.8,28.6,29.8,26.2,26.8,30.0,30.1,28.7,31.7,33.9,36.9,37.7,39.1,38.6,38.7,37.8,36.9,36.4,34.8,31.9,28.8,26.0,23.3,19.9,16.1,11.6,7.5,4.2,1.6,46.3,48.0,48.5,13.1,0.5,75.7,18.0,21.6,77.8,,,OBAnorm,,LD831_01996v2.403,,,,0,0
GLBALSTL,2024-05-24 01:25:39.000,26.1,31.1,30.5,27.4,28.6,30.2,29.8,28.8,27.4,29.9,29.6,29.9,32.2,33.1,33.8,35.3,37.3,38.0,37.5,37.1,36.6,34.4,33.3,30.4,27.7,24.8,21.9,19.6,15.3,9.9,6.1,3.5,1.3,45.1,46.9,47.4,13.1,0.5,75.7,17.9,21.6,77.8,,,OBAnorm,,LD831_01996v2.403,,,,0,0
GLBALSTL,2024-05-24 01:25:40.000,23.1,30.0,30.3,23.0,27.2,28.7,30.7,31.3,27.4,32.3,30.3,28.3,29.7,32.6,33.7,36.3,37.8,37.4,37.1,37.4,36.6,35.1,33.5,30.3,27.2,23.9,21.4,18.7,15.5,11.7,7.6,4.2,1.4,45.3,47.0,47.8,13.1,0.5,75.7,18.0,22.0,80.2,,,OBAnorm,,LD831_01996v2.403,,,,0,0
GLBALSTL,2024-05-24 01:25:41.000,26.8,27.7,29.8,30.6,26.0,28.0,29.7,30.6,31.3,31.0,29.4,29.2,30.3,34.5,33.7,35.4,37.2,37.6,37.0,37.4,36.3,34.9,32.4,29.7,27.0,24.0,21.7,19.4,14.9,10.9,6.7,3.8,1.7,44.9,46.8,49.5,13.1,0.5,75.7,18.0,22.0,80.2,,,OBAnorm,,LD831_01996v2.403,,,,0,0
GLBALSTL,2024-05-24 01:25:42.000,21.4,26.7,27.0,28.8,25.8,27.2,28.1,29.0,28.4,30.2,30.9,28.1,33.1,34.9,34.5,35.8,38.1,37.7,38.1,37.6,36.8,35.4,34.0,31.4,28.9,26.5,24.1,21.4,17.7,13.4,8.9,5.1,1.8,45.8,47.6,48.2,13.1,0.5,75.7,18.0,22.1,80.3,,,OBAnorm,,LD831_01996v2.403,,,,0,0
GLBALSTL,2024-05-24 01:25:43.000,22.6,25.2,28.0,26.4,27.8,27.3,28.5,30.1,28.8,31.2,30.8,27.9,32.0,33.3,35.0,36.4,37.2,37.5,38.3,37.6,37.4,36.1,34.6,32.2,28.5,25.3,22.7,20.0,17.4,13.2,8.8,4.6,1.9,45.9,47.4,48.0,13.1,0.5,75.7,18.0,22.1,80.3,,,OBAnorm,,LD831_01996v2.403,,,,0,0
GLBALSTL,2024-05-24 01:25:44.000,26.3,28.1,30.9,29.9,26.7,25.5,27.7,28.2,30.2,29.9,30.9,27.8,29.6,33.3,33.6,34.7,36.5,37.6,37.5,36.3,35.6,34.4,32.5,29.5,26.9,24.0,21.5,19.2,16.4,11.0,8.2,3.9,1.7,44.7,46.7,47.6,13.1,0.5,75.7,18.0,22.0,80.2,,,OBAnorm,,LD831_01996v2.403,,,,0,0
GLBALSTL,2024-05-24 01:25:45.000,28.8,28.1,29.2,30.2,29.7,30.3,30.6,30.9,29.5,29.6,29.7,32.3,34.1,32.9,33.7,35.1,35.4,37.3,36.0,36.5,36.0,34.1,32.6,29.3,26.7,23.9,20.5,18.2,15.0,10.6,6.7,3.7,1.5,44.4,46.4,48.5,13.1,0.4,75.7,18.0,22.1,80.3,,,OBAnorm,,LD831_01996v2.403,,,,0,0
GLBALSTL,2024-05-24 01:25:46.000,20.5,29.0,30.7,31.0,27.6,28.4,29.0,30.2,30.3,29.9,29.1,26.9,29.0,31.3,33.7,34.2,36.2,36.5,36.6,36.2,34.8,33.8,32.3,29.3,26.0,23.7,20.6,18.0,13.9,9.4,5.5,3.2,1.3,44.2,46.1,47.6,13.1,0.5,75.7,18.0,22.1,80.3,,,OBAnorm,,LD831_01996v2.403,,,,0,0
GLBALSTL,2024-05-24 01:25:47.000,27.1,26.5,29.7,30.8,30.3,26.8,30.8,28.7,28.6,30.5,33.3,30.4,29.8,33.3,34.0,36.1,37.5,37.4,37.6,36.7,36.8,35.2,33.8,30.8,28.1,26.0,23.0,19.8,16.5,12.5,8.0,4.4,1.7,45.4,47.3,48.0,13.1,0.5,75.7,18.0,22.1,80.3,,,OBAnorm,,LD831_01996v2.403,,,,0,0
GLBALSTL,2024-05-24 01:25:48.000,29.0,28.5,30.4,26.8,25.8,27.0,30.3,30.5,29.0,29.4,29.8,27.1,29.8,32.2,32.7,35.8,36.0,36.7,37.7,37.4,35.4,35.6,33.3,30.5,27.3,23.8,20.9,17.2,13.4,9.2,6.0,3.4,1.3,44.9,46.4,47.2,13.1,0.5,75.7,18.0,22.1,80.3,,,OBAnorm,,LD831_01996v2.403,,,,0,0
GLBALSTL,2024-05-24 01:25:49.000,24.8,27.3,26.2,28.4,26.7,26.8,31.8,29.1,28.1,28.5,28.6,27.3,29.5,32.2,32.9,34.2,35.8,36.7,37.4,36.6,36.3,35.1,33.1,30.6,27.7,25.2,22.7,19.7,16.3,12.5,8.0,4.4,1.8,44.9,46.5,47.4,13.1,0.5,75.7,18.0,22.1,80.3,,,OBAnorm,,LD831_01996v2.403,,,,0,0
GLBALSTL,2024-05-24 01:25:50.000,23.8,29.0,27.9,28.4,27.3,28.4,29.7,30.4,29.3,29.9,31.9,30.4,33.4,34.4,34.8,35.7,36.8,37.5,37.6,37.6,37.4,35.2,34.0,31.1,28.1,25.0,22.2,20.3,17.5,12.6,9.1,5.1,2.3,45.5,47.2,48.9,13.1,0.5,75.7,18.0,22.1,80.3,,,OBAnorm,,LD831_01996v2.403,,,,0,0
GLBALSTL,2024-05-24 01:25:51.000,27.6,26.8,28.5,27.3,26.1,29.8,30.3,29.4,26.4,30.6,29.8,27.6,30.4,32.3,33.6,36.1,36.8,37.9,37.4,37.6,36.8,36.3,33.8,31.3,28.3,24.7,21.7,18.4,13.8,10.2,6.7,3.8,1.5,45.6,47.1,48.6,13.1,0.5,75.7,18.0,22.1,80.3,,,OBAnorm,,LD831_01996v2.403,,,,0,0
GLBALSTL,2024-05-24 01:25:52.000,26.4,26.5,31.0,26.4,27.1,29.4,31.1,28.1,29.5,29.5,30.1,25.9,29.3,32.2,34.7,37.2,37.9,39.2,39.6,38.7,38.2,36.7,35.2,33.0,29.8,26.9,24.3,21.4,18.3,13.9,9.6,5.3,2.2,46.8,48.2,50.2,13.1,0.6,75.6,18.0,22.1,80.3,,,OBAnorm,,LD831_01996v2.403,,,,0,0
GLBALSTL,2024-05-24 01:25:53.000,23.9,27.3,29.0,29.8,28.1,30.0,30.7,29.6,28.5,30.3,30.5,29.4,31.5,35.3,35.7,36.6,37.9,38.6,37.5,37.0,36.2,35.8,33.8,31.0,28.5,25.3,22.5,19.6,16.0,12.0,8.7,4.5,1.8,45.6,47.4,49.9,13.1,0.7,75.7,18.0,22.0,80.2,,,OBAnorm,,LD831_01996v2.403,,,,0,0
GLBALSTL,2024-05-24 01:25:54.000,24.4,30.4,29.6,30.0,29.5,29.9,30.4,29.6,28.1,29.0,29.1,27.3,29.6,32.9,33.8,35.5,35.3,37.2,36.6,36.1,35.7,34.5,32.2,29.4,26.8,23.7,20.6,18.5,14.4,10.4,6.3,3.6,1.3,44.3,46.1,46.9,13.1,0.8,75.7,18.0,22.0,80.2,,,OBAnorm,,LD831_01996v2.403,,,,0,0
GLBALSTL,2024-05-24 01:25:55.000,24.8,29.2,27.6,28.9,27.2,27.8,29.1,30.3,29.4,30.3,29.9,36.7,34.4,33.7,35.3,37.2,37.6,36.6,37.2,36.9,36.1,34.8,32.6,31.0,28.2,24.6,21.8,19.2,16.2,11.4,7.5,4.2,1.7,45.2,47.6,48.1,13.1,0.8,75.7,18.0,22.0,80.8,,,OBAnorm,,LD831_01996v2.403,,,,0,0
GLBALSTL,2024-05-24 01:25:56.000,25.3,30.9,29.4,27.5,27.8,28.6,28.3,29.7,28.7,30.2,29.0,25.6,30.8,35.6,35.3,36.6,37.9,37.9,38.2,37.4,36.6,35.1,34.0,31.4,27.8,24.3,21.3,18.0,14.1,10.5,6.3,3.4,1.4,45.7,47.4,47.9,13.1,0.8,75.7,18.1,22.0,80.8,,,OBAnorm,,LD831_01996v2.403,,,,0,0
GLBALSTL,2024-05-24 01:25:57.000,25.2,27.9,28.9,29.0,24.8,30.9,29.0,30.4,30.0,30.2,29.3,31.0,32.2,35.4,35.4,37.1,37.2,37.8,37.0,36.9,36.4,35.9,34.1,31.3,29.2,26.4,23.8,20.4,17.2,13.4,9.6,6.0,2.4,45.5,47.4,50.4,13.1,0.8,75.7,17.9,22.0,80.8,,,OBAnorm,,LD831_01996v2.403,,,,0,0
GLBALSTL,2024-05-24 01:25:58.000,26.3,32.2,28.9,29.0,28.2,28.6,29.0,30.5,28.9,32.0,31.8,33.6,36.8,35.0,34.5,37.0,38.2,38.3,38.0,38.4,38.4,36.1,34.8,32.8,29.9,27.8,25.6,22.3,19.9,15.3,11.6,6.7,3.0,46.5,48.4,52.4,13.1,0.8,75.7,17.9,22.0,80.8,,,OBAnorm,,LD831_01996v2.403,,,,0,0
GLBALSTL,2024-05-24 01:25:59.000,25.5,26.2,28.5,26.9,27.3,27.6,30.7,29.1,29.7,29.9,28.8,27.8,32.0,34.4,35.1,36.4,36.7,38.0,38.3,38.4,37.5,36.3,34.5,32.5,29.2,26.7,24.2,21.3,18.2,14.1,9.8,5.7,2.4,46.1,47.6,49.7,13.1,0.8,75.6,18.0,22.0,80.8,,,OBAnorm,,LD831_01996v2.403,,,,0,0
GLBALSTL,2024-05-24 01:26:00.000,28.3,29.1,29.5,29.2,29.0,28.4,29.7,30.2,29.9,30.8,31.2,33.2,34.0,33.9,34.5,37.0,36.7,37.1,37.1,37.4,36.7,35.5,33.3,31.1,28.4,25.5,24.5,21.8,19.0,14.4,9.8,5.6,2.3,45.5,47.5,48.2,13.1,0.7,75.7,18.0,22.0,80.8,,,OBAnorm,,LD831_01996v2.403,,,,0,0
GLBALSTL,2024-05-24 01:26:01.000,23.0,28.6,25.1,31.3,28.7,28.2,29.6,29.5,29.2,30.5,28.4,29.9,30.1,33.8,33.9,35.5,37.5,37.0,37.2,37.4,36.9,35.3,34.7,31.4,27.9,25.3,22.9,19.5,16.8,13.4,8.3,5.0,2.1,45.4,46.9,47.7,13.1,0.7,75.7,18.0,22.0,80.8,,,OBAnorm,,LD831_01996v2.403,,,,0,0
GLBALSTL,2024-05-24 01:26:02.000,20.3,27.6,29.6,27.1,28.2,27.0,28.9,31.3,30.7,31.3,30.0,27.3,30.8,32.5,32.7,35.3,36.8,37.8,37.9,37.7,36.5,35.8,33.5,30.9,28.4,25.5,23.2,19.4,16.9,13.4,8.8,4.4,2.0,45.4,47.0,47.7,13.1,0.6,75.7,18.0,22.0,80.2,,,OBAnorm,,LD831_01996v2.403,,,,0,0
GLBALSTL,2024-05-24 01:26:03.000,25.8,26.9,27.9,27.9,27.0,26.8,28.8,28.4,30.3,32.1,30.6,33.5,34.1,35.8,36.2,36.4,37.3,38.1,37.0,36.7,36.2,34.9,33.7,31.1,28.3,25.4,22.9,20.7,17.7,13.4,9.4,5.0,2.3,45.4,47.6,48.5,13.1,0.6,75.7,18.0,22.0,80.2,,,OBAnorm,,LD831_01996v2.403,,,,0,0
GLBALSTL,2024-05-24 01:26:04.000,27.5,30.0,26.6,28.9,26.3,29.6,27.7,29.5,29.2,30.5,29.4,28.3,31.5,33.3,33.4,35.1,35.2,36.5,36.3,36.3,35.4,34.1,32.1,30.1,26.7,23.4,20.7,17.9,14.2,10.0,6.7,3.9,1.6,44.1,46.0,47.1,13.1,0.5,75.7,18.0,22.0,80.2,,,OBAnorm,,LD831_01996v2.403,,,,0,0
GLBALSTL,2024-05-24 01:26:05.000,28.9,28.9,28.5,30.6,28.4,28.5,31.3,30.4,29.3,33.0,33.2,35.6,32.9,34.9,33.1,35.9,36.1,37.9,37.7,37.0,36.2,35.4,33.8,31.4,28.1,25.5,22.2,20.1,18.1,15.8,9.5,5.5,2.4,45.4,47.8,48.3,13.1,0.5,75.7,18.0,22.0,80.2,,,OBAnorm,,LD831_01996v2.403,,,,0,0
GLBALSTL,2024-05-24 01:26:06.000,28.1,24.9,27.1,31.2,26.1,30.3,31.8,30.5,30.0,31.9,32.2,31.9,32.2,36.4,35.8,36.6,37.6,38.6,38.2,37.8,37.0,36.2,34.1,31.6,29.1,25.8,23.4,20.1,17.2,13.1,8.8,4.6,1.8,46.1,47.9,48.4,13.1,0.5,75.7,18.0,22.0,80.2,,,OBAnorm,,LD831_01996v2.403,,,,0,0
GLBALSTL,2024-05-24 01:26:07.000,20.7,26.8,28.7,28.7,28.9,30.1,30.3,29.2,28.8,32.1,31.5,31.2,36.1,36.0,35.0,36.4,37.7,38.6,38.6,39.0,37.1,35.9,34.0,31.6,28.7,26.9,24.9,20.8,17.5,13.5,9.2,5.3,2.3,46.4,48.2,48.7,13.1,0.5,75.7,18.0,22.0,80.2,,,OBAnorm,,LD831_01996v2.403,,,,0,0
GLBALSTL,2024-05-24 01:26:08.000,24.3,27.8,26.5,27.8,29.5,30.6,28.9,28.9,28.2,30.2,31.2,29.8,28.8,34.5,35.0,37.5,40.5,40.5,39.3,39.2,38.1,37.4,35.1,32.6,30.0,26.4,23.7,19.7,16.6,13.2,9.3,4.9,1.9,47.3,48.8,49.2,13.1,0.5,75.7,17.9,22.0,80.2,,,OBAnorm,,LD831_01996v2.403,,,,0,0
GLBALSTL,2024-05-24 01:26:09.000,27.5,28.2,28.4,28.3,25.4,26.9,29.6,30.2,31.4,30.3,33.4,34.9,34.0,37.5,36.9,37.1,37.5,37.8,37.3,37.5,37.7,36.0,34.3,31.8,29.1,26.8,24.4,21.5,18.7,14.3,10.1,5.4,2.3,46.1,48.3,48.7,13.1,0.5,75.7,18.0,22.0,80.2,,,OBAnorm,,LD831_01996v2.403,,,,0,0
GLBALSTL,2024-05-24 01:26:10.000,25.3,30.6,27.6,27.4,26.4,29.7,30.1,27.1,28.1,32.7,31.3,28.1,29.6,33.4,35.0,35.8,37.6,37.5,37.1,37.3,36.4,35.3,33.6,31.0,28.0,25.6,22.8,20.1,17.1,12.9,9.2,5.2,2.1,45.3,47.1,47.7,13.1,0.5,75.7,18.0,22.0,80.2,,,OBAnorm,,LD831_01996v2.403,,,,0,0
GLBALSTL,2024-05-24 01:26:11.000,18.1,23.9,29.6,26.5,29.4,29.3,29.0,30.8,29.6,32.9,30.6,30.7,31.0,32.9,34.0,36.8,38.2,38.5,37.6,37.8,37.1,36.3,34.3,31.1,28.4,25.5,22.3,19.2,16.4,12.4,7.5,4.2,1.5,45.9,47.6,48.8,13.1,0.5,75.7,18.0,22.0,80.2,,,OBAnorm,,LD831_01996v2.403,,,,0,0
GLBALSTL,2024-05-24 01:26:12.000,25.6,24.7,28.3,29.4,27.1,30.7,29.0,30.3,30.3,29.8,30.8,29.7,31.8,33.8,35.0,36.6,37.1,37.2,37.4,37.0,36.4,35.1,33.2,30.4,27.7,25.2,23.3,19.0,15.6,12.4,7.9,4.2,1.7,45.2,47.1,49.6,13.1,0.5,75.7,18.0,22.1,80.3,,,OBAnorm,,LD831_01996v2.403,,,,0,0
GLBALSTL,2024-05-24 01:26:13.000,21.6,28.0,30.8,30.0,27.1,28.2,29.8,30.4,29.5,31.4,32.5,27.9,30.1,32.2,32.5,34.3,36.1,37.2,36.8,36.8,36.0,34.9,33.2,30.4,27.0,24.3,22.1,18.8,15.8,11.7,7.4,4.0,1.5,44.5,46.4,53.3,13.1,0.4,75.7,18.0,22.1,80.3,,,OBAnorm,,LD831_01996v2.403,,,,0,0
GLBALSTL,2024-05-24 01:26:14.000,24.6,27.4,26.7,31.0,25.3,28.3,27.8,31.0,29.5,31.5,30.2,26.8,28.8,32.6,32.9,34.6,35.3,36.1,37.1,36.5,36.6,35.1,33.1,30.4,27.8,25.2,22.4,19.3,16.4,13.5,9.5,5.3,2.2,44.7,46.4,52.0,13.1,0.4,75.7,18.0,22.0,80.2,,,OBAnorm,,LD831_01996v2.403,,,,0,0
GLBALSTL,2024-05-24 01:26:15.000,24.5,28.1,30.4,28.4,25.6,31.0,31.2,30.1,29.0,31.6,31.8,30.8,32.5,33.6,35.4,36.9,38.2,38.8,38.5,38.2,37.5,36.6,35.0,31.5,28.7,25.4,22.4,19.9,16.5,12.3,7.9,4.4,1.9,46.6,48.2,51.9,13.1,0.4,75.6,18.0,22.1,80.3,,,OBAnorm,,LD831_01996v2.403,,,,0,0
GLBALSTL,2024-05-24 01:26:16.000,25.4,29.2,31.9,24.9,30.3,28.4,26.4,27.4,28.9,30.8,32.1,26.0,28.3,33.5,34.2,38.4,39.5,38.7,38.5,38.1,36.4,35.7,34.1,30.8,28.6,26.1,22.3,19.3,15.5,11.3,7.5,4.4,1.7,45.9,47.6,49.9,13.1,0.3,75.7,18.0,22.1,80.3,,,OBAnorm,,LD831_01996v2.403,,,,0,0
GLBALSTL,2024-05-24 01:26:17.000,27.9,28.5,29.6,28.3,26.8,27.1,29.7,29.5,26.9,30.5,27.5,27.3,28.6,32.5,33.0,35.5,37.2,38.7,37.7,37.6,35.7,34.8,33.2,30.5,27.3,24.2,20.8,18.3,14.4,10.7,6.7,3.7,1.5,45.4,47.0,49.5,13.1,0.3,75.7,18.0,22.0,80.2,,,OBAnorm,,LD831_01996v2.403,,,,0,0
GLBALSTL,2024-05-24 01:26:18.000,27.4,27.8,26.5,27.6,25.9,28.3,30.0,27.7,29.4,31.1,32.1,35.5,37.5,35.9,36.7,39.1,40.4,40.4,40.0,39.8,39.0,38.2,36.7,33.0,30.3,27.1,24.1,20.5,17.1,12.9,9.3,5.2,2.1,48.1,50.0,51.8,13.1,0.3,75.7,18.0,22.0,80.2,,,OBAnorm,,LD831_01996v2.403,,,,0,0
GLBALSTL,2024-05-24 01:26:19.000,23.1,27.5,28.8,27.4,25.9,27.6,30.9,28.6,28.0,31.9,32.9,35.9,36.2,34.2,33.6,36.0,37.5,38.1,37.7,37.7,36.5,34.9,33.1,30.5,27.5,25.0,21.6,18.7,15.3,11.5,7.5,3.9,1.5,45.4,47.3,51.5,13.1,0.3,75.7,17.9,22.0,80.2,,,OBAnorm,,LD831_01996v2.403,,,,0,0
GLBALSTL,2024-05-24 01:26:20.000,27.8,29.5,30.4,26.7,26.9,28.7,29.6,27.5,24.4,30.1,29.9,25.9,28.5,32.4,34.1,35.7,37.9,39.4,38.8,38.0,36.4,36.0,34.1,31.1,28.3,24.8,21.4,18.2,14.6,9.7,6.2,3.5,1.5,46.1,47.5,50.3,13.1,0.3,75.7,18.0,22.1,80.3,,,OBAnorm,,LD831_01996v2.403,,,,0,0
GLBALSTL,2024-05-24 01:26:21.000,26.6,25.1,25.6,24.4,27.7,31.2,29.0,26.5,27.1,30.2,28.3,28.4,32.4,34.3,35.2,37.1,37.6,39.4,38.9,38.2,37.6,35.8,34.1,30.7,28.1,25.2,22.2,19.7,16.1,11.4,7.3,4.2,1.8,46.2,47.7,51.1,13.1,0.3,75.7,18.0,22.1,80.3,,,OBAnorm,,LD831_01996v2.403,,,,0,0
GLBALSTL,2024-05-24 01:26:22.000,25.1,19.8,27.4,28.7,28.2,26.9,29.4,28.5,27.0,27.8,29.9,30.3,31.3,33.1,33.7,35.0,37.4,37.2,37.4,36.7,35.3,34.4,32.6,29.1,27.1,24.1,21.2,18.4,15.0,11.5,7.4,4.0,1.5,44.6,46.4,48.3,13.1,0.3,75.7,18.0,22.1,80.3,,,OBAnorm,,LD831_01996v2.403,,,,0,0
GLBALSTL,2024-05-24 01:26:23.000,25.3,25.2,28.7,26.1,30.3,29.0,31.1,28.9,26.4,33.0,33.5,30.3,30.6,31.2,33.8,35.9,37.2,38.7,37.9,37.6,35.9,34.7,33.0,30.0,27.3,24.3,21.5,18.4,14.2,10.2,6.1,3.5,1.4,45.3,47.4,52.1,13.1,0.3,75.7,18.0,22.1,80.3,,,OBAnorm,,LD831_01996v2.403,,,,0,0
GLBALSTL,2024-05-24 01:26:24.000,24.3,27.8,27.8,26.2,28.1,28.4,30.5,28.4,28.0,32.1,30.1,27.8,28.3,31.6,34.1,37.2,37.6,38.0,37.9,38.4,37.5,36.2,34.6,31.3,28.6,26.3,22.7,19.2,16.0,12.4,7.5,4.3,1.7,46.1,47.4,51.0,13.1,0.2,75.7,17.9,22.1,80.3,,,OBAnorm,,LD831_01996v2.403,,,,0,0
GLBALSTL,2024-05-24 01:26:25.000,23.8,27.3,30.5,28.7,29.4,27.3,27.5,30.3,27.5,29.5,26.8,28.3,30.5,32.8,32.7,35.0,36.2,36.7,36.6,36.7,35.9,34.9,33.2,30.1,27.1,24.7,22.7,20.1,16.9,13.3,8.2,4.7,1.8,44.7,46.4,49.4,13.1,0.2,75.7,18.0,22.1,80.3,,,OBAnorm,,LD831_01996v2.403,,,,0,0
GLBALSTL,2024-05-24 01:26:26.000,25.3,29.7,32.7,28.0,26.2,29.6,30.2,29.2,28.3,31.9,28.7,26.2,27.8,32.7,33.2,35.4,37.0,37.0,36.9,36.5,35.2,33.7,32.7,29.4,26.6,24.1,21.2,17.9,14.1,10.5,6.7,3.6,1.5,44.4,46.3,51.2,13.1,0.2,75.6,18.0,22.1,80.3,,,OBAnorm,,LD831_01996v2.403,,,,0,0
GLBALSTL,2024-05-24 01:26:27.000,23.0,32.0,30.1,31.7,25.9,26.6,28.3,29.6,28.0,30.7,29.4,25.1,29.3,32.9,34.0,36.4,37.6,38.4,38.4,37.7,37.1,35.6,33.8,31.5,28.6,26.1,23.3,20.2,17.2,13.1,8.4,5.0,1.9,45.9,47.4,48.3,13.1,0.2,75.7,18.1,22.1,80.3,,,OBAnorm,,LD831_01996v2.403,,,,0,0
GLBALSTL,2024-05-24 01:26:28.000,28.6,26.8,29.0,27.7,24.7,29.9,31.0,29.7,29.6,31.6,31.6,30.0,31.3,34.3,35.5,36.0,38.1,38.0,38.7,38.0,37.1,35.9,35.1,31.6,29.0,25.9,22.6,19.5,15.8,11.4,7.5,4.3,1.6,46.1,47.7,48.5,13.1,0.2,75.7,17.9,22.1,80.3,,,OBAnorm,,LD831_01996v2.403,,,,0,0
GLBALSTL,2024-05-24 01:26:29.000,23.5,28.1,29.2,28.1,30.4,28.4,29.2,28.7,26.9,31.4,29.5,28.7,29.9,33.8,33.4,34.7,36.6,37.0,37.1,37.0,36.0,35.1,32.9,30.0,27.2,24.4,22.5,19.9,16.7,12.4,7.9,4.4,1.7,44.9,46.7,48.4,13.1,0.2,75.7,18.0,22.1,80.3,,,OBAnorm,,LD831_01996v2.403,,,,0,0
GLBALSTL,2024-05-24 01:26:30.000,25.2,25.2,30.0,26.8,24.7,28.3,28.8,29.8,28.2,30.3,30.1,29.4,33.2,33.7,34.5,36.5,39.5,40.3,39.5,38.9,38.0,37.0,35.8,32.9,30.6,27.6,24.9,21.6,18.5,14.6,10.9,5.5,2.3,47.3,48.8,49.9,13.1,0.2,75.7,18.0,22.1,80.3,,,OBAnorm,,LD831_01996v2.403,,,,0,0
GLBALSTL,2024-05-24 01:26:31.000,23.5,25.5,29.1,27.5,28.3,28.5,29.0,28.6,28.5,30.9,31.9,31.9,32.9,33.4,34.8,37.5,39.0,38.4,37.9,38.5,37.5,36.2,34.6,32.2,29.0,26.3,24.0,20.8,17.8,13.4,9.4,5.1,2.1,46.2,47.8,48.4,13.1,0.2,75.7,18.0,22.1,80.3,,,OBAnorm,,LD831_01996v2.403,,,,0,0
GLBALSTL,2024-05-24 01:26:32.000,23.0,27.6,31.0,30.3,27.5,28.3,27.9,28.7,29.5,31.1,30.1,28.7,31.4,32.4,33.5,35.8,36.0,36.4,37.5,36.6,36.6,35.5,33.9,31.0,28.4,26.2,23.9,20.8,17.8,13.8,9.6,5.3,2.0,45.2,46.7,47.2,13.1,0.3,75.7,18.0,22.1,80.3,,,OBAnorm,,LD831_01996v2.403,,,,0,0
GLBALSTL,2024-05-24 01:26:33.000,26.6,30.1,28.7,25.9,26.2,26.0,30.8,29.8,28.5,32.3,30.5,27.0,31.0,32.7,35.0,36.6,39.3,40.9,39.7,38.6,38.0,38.0,36.3,33.2,30.1,27.4,25.3,20.6,16.8,13.6,10.6,5.1,1.8,47.6,48.9,49.2,13.1,0.3,75.7,18.0,22.1,80.3,,,OBAnorm,,LD831_01996v2.403,,,,0,0
GLBALSTL,2024-05-24 01:26:34.000,23.4,26.1,28.7,27.0,28.1,28.5,31.1,29.3,28.8,31.0,32.1,34.2,36.2,34.9,36.2,36.7,38.7,39.5,38.8,38.4,37.2,36.7,34.4,31.3,28.3,25.4,22.9,19.5,16.2,11.9,7.7,4.5,1.8,46.3,48.3,49.0,13.1,0.3,75.6,18.0,22.1,80.3,,,OBAnorm,,LD831_01996v2.403,,,,0,0
GLBALSTL,2024-05-24 01:26:35.000,29.6,29.5,27.6,25.3,30.1,28.7,30.8,30.1,29.3,30.1,31.7,28.9,29.9,32.2,32.5,35.9,36.4,37.0,37.2,35.9,34.8,34.4,32.0,29.3,26.5,24.0,20.9,17.7,14.5,10.8,6.8,3.6,1.6,44.3,46.3,49.7,13.1,0.3,75.7,18.0,22.1,80.3,,,OBAnorm,,LD831_01996v2.403,,,,0,0
GLBALSTL,2024-05-24 01:26:36.000,24.2,25.2,28.5,28.4,26.4,28.1,30.7,29.2,29.3,30.6,30.0,28.8,29.1,32.0,32.9,36.6,37.4,37.8,37.9,37.2,36.1,34.7,32.9,30.0,26.8,24.4,21.6,18.4,14.7,11.1,7.1,3.6,1.6,45.1,46.9,49.5,13.1,0.3,75.7,18.0,22.1,80.3,,,OBAnorm,,LD831_01996v2.403,,,,0,0
GLBALSTL,2024-05-24 01:26:37.000,22.8,28.6,29.3,29.2,25.9,26.0,28.1,29.8,27.8,31.2,30.6,28.3,30.2,31.7,33.1,35.1,37.1,37.3,37.6,37.1,35.7,34.5,32.5,29.5,26.9,24.0,21.2,17.8,13.8,9.8,6.0,3.6,1.5,44.7,46.5,49.3,13.1,0.3,75.7,18.0,22.1,80.3,,,OBAnorm,,LD831_01996v2.403,,,,0,0
GLBALSTL,2024-05-24 01:26:38.000,27.1,20.4,30.9,25.6,29.4,30.6,29.8,30.7,28.3,31.8,32.0,28.0,28.1,31.4,32.9,35.3,36.9,37.7,37.8,36.1,35.2,33.6,32.1,29.4,26.5,24.4,21.0,18.8,16.4,11.7,6.2,3.3,1.3,44.5,46.5,49.2,13.1,0.3,75.7,18.2,22.1,80.3,,,OBAnorm,,LD831_01996v2.403,,,,0,0
GLBALSTL,2024-05-24 01:26:39.000,27.2,25.7,27.0,28.7,28.1,29.4,30.6,28.6,29.1,29.8,30.8,27.1,32.3,35.2,34.4,36.5,38.1,38.6,39.6,38.0,37.1,36.0,34.7,31.4,28.2,25.5,22.6,19.4,16.0,11.4,7.4,4.0,1.5,46.3,47.9,50.3,13.1,0.3,75.7,18.0,22.1,80.3,,,OBAnorm,,LD831_01996v2.403,,,,0,0
GLBALSTL,2024-05-24 01:26:40.000,25.5,27.4,28.9,29.0,28.5,28.4,30.6,29.3,29.2,29.2,30.5,31.8,33.6,33.5,34.8,36.4,37.2,38.0,38.3,37.8,36.6,35.2,33.9,31.6,28.2,26.4,25.6,21.1,17.9,14.4,9.8,6.4,2.3,45.7,47.5,51.4,13.1,0.2,75.7,18.0,22.1,80.3,,,OBAnorm,,LD831_01996v2.403,,,,0,0
GLBALSTL,2024-05-24 01:26:41.000,25.7,28.4,30.2,25.8,26.7,31.0,30.4,28.6,29.1,30.6,32.7,30.2,28.5,32.3,34.2,36.2,38.7,39.3,38.6,37.8,37.1,36.1,35.0,31.4,28.4,24.5,21.5,18.5,14.8,10.6,7.5,4.3,1.4,46.3,47.8,49.6,13.1,0.2,75.7,18.0,22.1,80.3,,,OBAnorm,,LD831_01996v2.403,,,,0,0
GLBALSTL,2024-05-24 01:26:42.000,30.8,27.1,29.2,28.8,27.8,29.9,27.8,28.7,27.8,29.8,31.3,29.0,30.9,31.7,35.3,36.4,38.2,39.8,38.6,38.8,37.9,36.5,35.4,33.5,29.6,27.0,24.2,21.0,17.2,13.1,8.3,5.0,2.0,46.8,48.2,49.5,13.1,0.2,75.7,17.9,22.1,80.3,,,OBAnorm,,LD831_01996v2.403,,,,0,0
GLBALSTL,2024-05-24 01:26:43.000,21.6,29.6,31.4,29.7,27.0,29.2,31.7,29.1,30.8,30.9,31.1,33.1,31.9,33.5,34.3,35.1,36.3,37.1,37.8,36.2,36.5,35.2,34.4,31.3,28.5,25.3,23.6,21.1,18.0,13.7,9.8,5.6,2.2,45.4,47.2,48.9,13.1,0.2,75.7,18.0,22.1,80.3,,,OBAnorm,,LD831_01996v2.403,,,,0,0
GLBALSTL,2024-05-24 01:26:44.000,24.8,28.0,29.7,30.2,26.3,28.3,28.2,28.0,29.8,32.2,30.5,28.7,30.6,33.3,33.2,35.9,36.4,38.0,38.2,38.0,37.9,36.2,34.7,31.9,29.3,27.0,25.1,22.0,19.7,15.1,10.6,6.2,3.1,46.0,47.3,48.5,13.1,0.2,75.7,18.0,22.1,80.3,,,OBAnorm,,LD831_01996v2.403,,,,0,0
GLBALSTL,2024-05-24 01:26:45.000,23.7,27.6,28.0,29.9,28.1,27.1,29.5,31.0,30.7,31.1,34.9,30.4,35.7,36.4,34.3,36.5,36.8,37.7,37.9,38.8,37.9,36.7,35.3,32.6,29.6,27.3,25.9,22.2,19.8,15.9,12.0,7.3,3.5,46.4,48.2,48.9,13.1,0.2,75.7,18.0,22.1,80.3,,,OBAnorm,,LD831_01996v2.403,,,,0,0
GLBALSTL,2024-05-24 01:26:46.000,25.9,26.2,26.9,29.4,28.5,29.4,27.6,28.8,29.4,30.7,31.5,33.0,34.3,35.5,36.1,36.7,37.0,38.2,38.2,37.7,38.3,37.3,35.3,33.2,30.1,27.8,25.3,22.4,19.0,15.7,11.0,6.1,2.7,46.7,48.3,49.7,13.1,0.2,75.7,17.9,22.1,80.3,,,OBAnorm,,LD831_01996v2.403,,,,0,0
GLBALSTL,2024-05-24 01:26:47.000,25.7,25.5,31.0,24.5,27.6,27.1,31.3,31.0,30.3,30.9,31.3,30.4,35.2,33.9,36.1,36.8,36.9,38.3,38.5,38.2,37.2,36.4,34.8,32.8,30.0,27.9,25.7,23.6,20.2,16.1,11.7,6.4,2.8,46.3,48.6,49.7,13.1,0.2,75.7,18.0,22.1,80.3,,,OBAnorm,,LD831_01996v2.403,,,,0,0
GLBALSTL,2024-05-24 01:26:48.000,21.4,30.5,26.9,27.8,29.1,25.5,29.5,31.7,29.1,31.8,33.8,38.5,40.2,39.5,35.8,38.1,36.9,37.2,37.6,36.6,35.9,34.9,33.7,31.1,28.4,26.3,24.2,21.6,18.9,14.9,11.3,6.6,2.9,45.5,48.4,49.6,13.1,0.2,75.7,17.9,22.1,80.3,,,OBAnorm,,LD831_01996v2.403,,,,0,0
GLBALSTL,2024-05-24 01:26:49.000,25.5,25.2,29.4,27.3,28.7,28.7,28.9,29.8,28.5,30.0,31.3,28.6,32.9,35.5,36.8,38.1,38.2,39.3,38.3,38.0,36.5,34.8,33.5,31.3,28.3,24.8,22.3,19.8,15.9,12.0,7.6,4.4,1.7,46.0,47.9,48.5,13.1,0.3,75.7,17.9,22.1,80.3,,,OBAnorm,,LD831_01996v2.403,,,,0,0
GLBALSTL,2024-05-24 01:26:50.000,20.9,29.1,32.3,26.2,26.6,28.7,29.6,26.1,29.6,31.8,32.1,29.6,29.3,30.7,33.4,36.5,37.2,38.3,37.9,37.2,36.0,35.5,33.6,31.0,28.5,25.1,21.7,18.4,14.9,10.6,6.6,3.7,1.6,45.2,46.9,48.1,13.1,0.3,75.7,18.0,22.1,80.3,,,OBAnorm,,LD831_01996v2.403,,,,0,0
GLBALSTL,2024-05-24 01:26:51.000,28.2,27.2,29.6,27.6,26.7,28.1,29.3,30.3,27.8,31.4,29.8,27.3,30.7,31.6,32.4,34.3,35.8,37.4,37.7,36.5,35.7,34.1,32.7,29.9,27.0,24.3,21.6,19.3,14.5,10.8,6.9,3.9,1.6,44.8,46.7,52.3,13.1,0.3,75.7,18.0,22.1,80.3,,,OBAnorm,,LD831_01996v2.403,,,,0,0
GLBALSTL,2024-05-24 01:26:52.000,21.5,26.5,30.6,29.8,26.2,27.1,28.7,30.7,29.8,32.2,30.9,30.0,32.6,33.3,34.2,35.0,37.3,37.4,36.3,36.7,35.8,34.5,32.4,30.1,27.1,24.6,22.1,18.7,15.2,10.9,6.7,3.6,1.5,44.5,46.4,51.6,13.1,0.3,75.7,18.0,22.1,80.3,,,OBAnorm,,LD831_01996v2.403,,,,0,0
GLBALSTL,2024-05-24 01:26:53.000,25.4,26.4,25.8,28.5,27.3,25.8,29.5,28.6,29.1,31.0,30.9,28.0,31.5,32.7,32.3,33.6,36.2,36.9,36.8,37.5,36.5,34.9,33.3,30.8,27.9,25.5,23.9,20.9,18.5,12.9,8.7,4.7,2.0,45.0,46.6,49.9,13.1,0.3,75.7,17.9,22.1,80.3,,,OBAnorm,,LD831_01996v2.403,,,,0,0
GLBALSTL,2024-05-24 01:26:54.000,28.4,23.7,31.4,26.5,30.5,28.7,28.5,28.6,28.5,29.4,31.4,29.2,31.8,33.1,32.8,35.8,36.4,37.7,37.5,36.9,36.9,35.1,32.9,30.2,27.1,24.3,21.0,18.7,14.8,10.5,6.6,3.8,1.4,45.1,46.8,53.9,13.1,0.3,75.6,17.9,22.1,80.3,,,OBAnorm,,LD831_01996v2.403,,,,0,0
GLBALSTL,2024-05-24 01:26:55.000,20.2,25.7,30.9,31.3,24.0,25.6,29.3,25.9,26.3,30.9,30.9,28.5,33.2,31.9,33.5,34.3,37.4,38.0,38.0,37.6,36.4,34.9,34.0,31.2,27.8,25.1,22.3,19.1,15.3,10.3,6.5,3.5,1.5,45.5,47.0,51.7,13.1,0.3,75.7,18.0,22.1,80.3,,,OBAnorm,,LD831_01996v2.403,,,,0,0
GLBALSTL,2024-05-24 01:26:56.000,24.5,30.2,23.2,28.5,28.8,27.9,27.9,28.6,27.7,30.4,29.7,26.2,29.2,33.5,33.7,36.4,36.4,36.2,36.2,36.8,36.3,34.5,32.4,30.1,27.4,25.3,23.0,20.2,16.8,12.3,8.8,5.0,2.0,44.7,46.5,49.5,13.1,0.3,75.7,18.0,22.1,80.3,,,OBAnorm,,LD831_01996v2.403,,,,0,0
GLBALSTL,2024-05-24 01:26:57.000,28.8,28.7,29.6,29.0,26.6,27.4,30.0,30.1,28.8,28.8,30.3,27.2,29.1,31.7,34.1,34.4,36.3,36.7,37.3,36.6,35.9,34.9,32.7,30.4,27.5,24.1,21.7,18.3,15.0,11.0,7.0,3.8,1.5,44.8,46.3,47.7,13.1,0.2,75.7,18.0,22.1,80.3,,,OBAnorm,,LD831_01996v2.403,,,,0,0
GLBALSTL,2024-05-24 01:26:58.000,28.9,29.8,30.1,27.6,27.1,27.0,26.3,29.9,29.0,30.0,30.4,26.4,29.0,33.5,34.4,36.2,37.1,37.5,37.4,36.7,36.5,34.8,33.6,30.4,28.0,25.4,22.0,18.5,15.5,11.7,8.8,4.7,1.8,45.2,46.9,48.4,13.1,0.2,75.7,18.0,22.1,80.3,,,OBAnorm,,LD831_01996v2.403,,,,0,0
GLBALSTL,2024-05-24 01:26:59.000,24.2,28.8,26.5,28.5,25.5,27.5,30.2,28.9,28.5,31.4,33.1,30.5,33.5,33.4,35.8,36.4,37.7,38.7,38.0,37.5,37.2,35.9,33.4,30.9,27.8,25.2,22.4,19.3,15.4,10.9,7.7,4.3,1.7,45.8,47.6,50.4,13.1,0.2,75.7,18.0,22.1,80.3,,,OBAnorm,,LD831_01996v2.403,,,,0,0
GLBALSTL,2024-05-24 01:27:00.000,26.1,28.5,29.7,27.0,29.0,27.6,28.7,27.5,29.6,30.3,31.3,31.9,30.2,31.9,33.7,35.4,37.3,38.3,38.2,37.5,35.9,35.1,33.3,30.7,27.6,24.5,21.5,18.5,15.4,10.8,6.7,3.8,1.7,45.4,47.1,48.7,13.1,0.2,75.7,18.0,22.1,80.3,,,OBAnorm,,LD831_01996v2.403,,,,0,0
GLBALSTL,2024-05-24 01:27:01.000,24.4,27.8,28.0,26.6,24.7,26.0,30.4,31.0,29.3,29.9,28.9,28.6,35.1,35.0,37.4,38.4,40.9,40.5,40.8,40.5,39.1,38.3,37.2,33.6,30.8,27.2,24.5,20.5,17.4,13.0,8.8,5.3,2.2,48.4,49.8,53.1,13.1,0.2,75.7,18.0,22.1,80.3,,,OBAnorm,,LD831_01996v2.403,,,,0,0
GLBALSTL,2024-05-24 01:27:02.000,26.4,29.6,32.2,25.7,27.8,29.2,29.2,26.7,29.2,30.8,32.2,31.2,34.4,34.5,36.4,39.2,41.6,41.8,40.6,40.2,39.6,38.6,36.7,33.5,31.1,28.1,24.9,20.9,17.8,14.0,9.5,5.6,2.3,48.4,49.9,50.5,13.1,0.2,75.7,18.0,22.1,80.3,,,OBAnorm,,LD831_01996v2.403,,,,0,0
GLBALSTL,2024-05-24 01:27:03.000,24.4,28.2,29.3,27.9,28.3,28.7,29.6,30.1,28.3,30.3,29.4,28.9,29.9,32.8,33.8,36.0,38.2,38.0,37.6,38.2,37.5,36.0,34.1,32.0,28.6,25.7,23.1,20.5,17.7,13.4,9.3,5.1,2.2,45.9,47.3,48.2,13.1,0.2,75.7,17.9,22.1,80.3,,,OBAnorm,,LD831_01996v2.403,,,,0,0
GLBALSTL,2024-05-24 01:27:04.000,28.6,28.7,26.4,29.4,26.6,27.4,30.4,28.7,27.3,29.0,30.9,27.8,33.6,33.4,34.0,36.5,37.2,38.0,37.3,37.4,36.7,35.4,33.8,30.5,27.4,24.8,22.0,19.0,15.9,11.7,7.8,4.1,1.7,45.3,47.1,47.9,13.1,0.3,75.7,17.9,22.1,80.3,,,OBAnorm,,LD831_01996v2.403,,,,0,0
GLBALSTL,2024-05-24 01:27:05.000,26.8,23.1,28.6,29.3,26.7,27.9,29.4,28.7,27.9,28.2,29.4,29.0,30.2,31.4,34.3,36.1,38.7,38.6,38.3,37.8,36.2,36.1,34.3,31.4,28.0,24.8,22.5,19.2,15.5,11.5,8.2,4.4,1.8,46.0,47.6,48.2,13.1,0.4,75.7,18.0,22.1,80.3,,,OBAnorm,,LD831_01996v2.403,,,,0,0
GLBALSTL,2024-05-24 01:27:06.000,26.9,29.7,30.5,29.5,27.8,26.0,27.1,27.0,29.5,28.9,28.1,26.5,31.1,31.2,32.5,35.2,36.4,37.1,36.9,36.9,36.3,35.3,33.1,31.1,27.6,24.8,22.1,20.5,16.1,11.6,8.4,6.0,2.0,45.0,46.4,47.1,13.1,0.5,75.6,18.0,22.1,80.3,,,OBAnorm,,LD831_01996v2.403,,,,0,0
GLBALSTL,2024-05-24 01:27:07.000,20.6,28.1,32.2,26.3,27.3,28.9,27.5,27.5,26.4,30.0,31.4,34.9,34.5,33.8,33.7,35.6,37.2,37.7,38.6,37.6,37.5,35.5,33.9,31.1,28.0,25.3,22.9,19.6,16.6,12.8,8.9,4.7,1.9,45.8,47.7,48.9,13.1,0.5,75.7,18.0,22.1,80.3,,,OBAnorm,,LD831_01996v2.403,,,,0,0
GLBALSTL,2024-05-24 01:27:08.000,26.1,25.7,30.2,29.8,27.7,27.3,30.1,30.6,29.1,31.1,29.2,26.6,29.3,32.9,34.8,37.1,39.3,39.8,39.3,38.8,37.4,37.2,35.3,32.5,29.4,25.9,22.8,19.2,14.9,10.5,6.5,3.8,1.6,46.9,48.2,49.4,13.1,0.5,75.7,18.0,22.1,80.3,,,OBAnorm,,LD831_01996v2.403,,,,0,0
GLBALSTL,2024-05-24 01:27:09.000,19.5,28.4,27.9,29.2,27.7,26.5,29.4,28.0,27.0,29.0,30.2,26.6,30.3,31.8,32.2,34.7,36.0,36.6,36.6,37.0,36.1,34.6,32.3,29.6,27.1,24.4,21.3,18.1,15.1,10.3,6.7,3.5,1.6,44.4,46.1,48.5,13.1,0.5,75.7,18.0,22.1,80.3,,,OBAnorm,,LD831_01996v2.403,,,,0,0
GLBALSTL,2024-05-24 01:27:10.000,23.1,28.4,31.0,27.6,30.1,28.9,31.8,30.0,27.0,31.0,30.1,28.0,31.5,34.6,35.2,36.9,39.0,39.3,39.8,38.5,37.8,37.8,35.8,32.6,29.5,26.4,23.3,20.6,16.5,12.3,8.3,4.5,1.8,47.1,48.6,51.4,13.1,0.5,75.7,18.0,22.1,80.3,,,OBAnorm,,LD831_01996v2.403,,,,0,0
GLBALSTL,2024-05-24 01:27:11.000,26.6,28.9,29.5,26.7,29.4,28.7,29.7,27.7,27.8,30.7,29.5,27.7,29.1,31.9,35.7,36.6,38.4,38.6,37.8,37.6,37.3,36.4,34.3,31.7,29.2,26.2,22.4,19.4,16.9,12.0,7.9,4.1,1.5,46.1,47.6,51.2,13.1,0.5,75.7,18.0,22.1,80.3,,,OBAnorm,,LD831_01996v2.403,,,,0,0
GLBALSTL,2024-05-24 01:27:12.000,27.9,28.5,26.8,28.5,27.0,24.8,28.8,26.9,28.6,30.7,30.3,29.7,29.9,33.2,34.1,35.3,36.6,38.0,37.8,37.3,36.3,35.3,33.6,30.6,27.8,25.1,22.7,20.1,16.4,11.2,6.9,3.9,1.8,45.4,47.2,53.4,13.1,0.5,75.7,18.0,22.1,80.3,,,OBAnorm,,LD831_01996v2.403,,,,0,0
GLBALSTL,2024-05-24 01:27:13.000,27.7,26.7,30.8,26.7,28.2,28.1,28.2,31.2,28.1,30.1,32.1,30.8,32.6,34.5,34.8,36.5,38.3,38.9,38.6,38.7,37.4,37.0,35.6,32.9,28.9,27.0,25.2,22.0,19.5,15.5,11.2,6.3,2.8,46.7,48.1,49.1,13.1,0.4,75.7,18.0,22.1,80.3,,,OBAnorm,,LD831_01996v2.403,,,,0,0
GLBALSTL,2024-05-24 01:27:14.000,27.7,24.9,30.8,29.7,24.3,30.0,25.9,26.0,27.3,30.0,30.5,27.0,28.6,32.2,33.6,34.4,36.0,37.4,37.7,36.6,35.8,34.8,33.2,30.1,27.6,24.7,22.5,18.7,16.1,13.0,8.3,4.7,2.0,44.7,46.2,46.8,13.1,0.4,75.7,18.0,22.1,80.3,,,OBAnorm,,LD831_01996v2.403,,,,0,0
GLBALSTL,2024-05-24 01:27:15.000,23.7,29.9,26.5,24.2,26.8,28.3,30.1,28.6,28.4,30.9,29.8,29.2,29.8,32.3,34.1,35.8,37.3,37.2,36.8,36.7,36.5,36.1,34.2,31.3,27.9,25.2,22.7,19.8,17.4,13.0,8.4,5.1,1.9,45.4,47.0,47.6,13.1,0.4,75.7,18.0,22.1,80.3,,,OBAnorm,,LD831_01996v2.403,,,,0,0
GLBALSTL,2024-05-24 01:27:16.000,27.7,24.0,27.5,23.6,25.9,27.9,27.6,28.0,29.4,30.0,32.1,29.8,32.3,33.7,33.3,35.1,36.9,37.5,35.9,35.7,34.6,33.8,31.7,28.8,26.1,23.7,20.5,17.7,14.1,10.3,6.3,3.9,1.9,44.2,46.2,46.8,13.1,0.3,75.7,17.9,22.1,80.3,,,OBAnorm,,LD831_01996v2.403,,,,0,0
GLBALSTL,2024-05-24 01:27:17.000,23.3,25.5,24.6,27.5,25.8,28.2,28.4,28.6,27.1,30.2,30.1,27.7,29.0,31.3,32.7,35.0,36.5,36.6,36.2,35.9,35.5,33.6,32.0,29.1,26.8,23.8,21.4,18.9,15.9,11.1,7.0,4.1,1.6,44.1,46.0,46.8,13.1,0.3,75.7,18.0,22.1,80.3,,,OBAnorm,,LD831_01996v2.403,,,,0,0
GLBALSTL,2024-05-24 01:27:18.000,22.3,28.9,30.4,26.2,24.9,28.8,29.8,29.2,28.3,30.9,31.1,29.1,29.7,31.6,33.5,34.7,36.9,37.0,36.3,35.9,35.8,34.1,31.8,29.5,27.1,24.6,21.6,18.9,16.3,11.3,7.2,3.9,1.6,44.3,46.1,48.0,13.1,0.3,75.7,18.0,22.1,80.3,,,OBAnorm,,LD831_01996v2.403,,,,0,0
GLBALSTL,2024-05-24 01:27:19.000,24.0,28.8,30.4,30.1,27.3,29.8,28.4,28.6,28.4,29.2,29.1,26.5,29.3,32.4,34.4,35.9,36.4,36.1,36.3,35.0,34.5,33.7,31.8,28.5,25.8,23.0,20.3,19.7,18.3,11.7,7.2,3.9,1.7,43.7,45.7,46.7,13.1,0.3,75.7,17.9,22.1,80.3,,,OBAnorm,,LD831_01996v2.403,,,,0,0
GLBALSTL,2024-05-24 01:27:20.000,27.8,27.5,28.1,28.0,27.2,28.3,28.6,27.3,29.0,30.0,29.3,26.0,30.6,33.3,33.5,35.2,36.9,36.6,37.2,37.0,36.6,35.3,33.6,31.2,27.8,25.8,23.4,20.5,17.7,12.8,8.3,5.6,2.2,45.1,46.6,47.5,13.1,0.3,75.7,18.0,22.1,80.3,,,OBAnorm,,LD831_01996v2.403,,,,0,0
GLBALSTL,2024-05-24 01:27:21.000,26.4,27.9,30.5,27.2,29.7,30.4,27.0,28.5,28.2,30.9,32.5,34.8,35.4,36.4,35.3,36.2,37.7,39.3,38.1,36.7,36.3,35.7,34.2,30.6,28.4,25.7,23.3,20.6,17.5,13.8,8.9,5.0,2.0,45.8,48.0,48.3,13.1,0.3,75.7,18.0,22.1,80.3,,,OBAnorm,,LD831_01996v2.403,,,,0,0
GLBALSTL,2024-05-24 01:27:22.000,28.1,26.4,29.0,27.8,27.3,26.5,27.7,30.2,27.4,30.6,31.8,27.1,30.4,33.3,34.1,35.3,35.9,37.1,36.6,37.0,36.5,36.1,33.6,31.1,28.1,25.7,23.1,20.1,16.5,12.0,7.4,4.1,1.7,45.2,46.7,47.2,13.1,0.3,75.7,18.0,22.1,80.3,,,OBAnorm,,LD831_01996v2.403,,,,0,0
GLBALSTL,2024-05-24 01:27:23.000,25.1,24.2,29.1,27.3,24.7,28.6,29.8,28.8,28.5,29.4,29.8,26.5,32.4,31.5,33.0,35.5,35.2,37.3,36.7,36.7,36.4,34.4,32.5,30.3,27.5,25.2,22.4,19.9,16.0,11.4,7.2,4.2,1.7,44.7,46.3,47.9,13.1,0.2,75.7,18.0,22.1,80.3,,,OBAnorm,,LD831_01996v2.403,,,,0,0
GLBALSTL,2024-05-24 01:27:24.000,18.3,26.5,28.6,27.0,28.6,26.6,28.8,26.1,28.5,29.5,30.4,31.6,30.7,32.9,33.5,34.8,36.4,36.7,35.7,36.6,36.4,35.1,33.2,31.0,28.0,25.2,23.2,20.7,17.3,12.6,8.7,4.9,2.1,44.8,46.5,47.5,13.1,0.2,75.7,18.0,22.1,80.3,,,OBAnorm,,LD831_01996v2.403,,,,0,0
GLBALSTL,2024-05-24 01:27:25.000,27.6,24.2,31.3,28.0,24.6,25.6,29.1,29.5,29.5,30.6,27.2,28.1,31.7,32.2,32.8,34.7,36.1,38.8,37.4,37.0,36.5,36.1,34.2,31.9,29.5,28.4,26.3,21.7,18.6,16.0,11.5,6.8,2.9,45.5,46.8,47.7,13.1,0.2,75.7,18.0,22.1,80.3,,,OBAnorm,,LD831_01996v2.403,,,,0,0
GLBALSTL,2024-05-24 01:27:26.000,23.8,29.2,26.8,29.6,26.3,28.4,28.1,27.6,27.6,31.1,29.6,32.7,30.8,32.5,31.1,35.5,37.1,36.9,36.5,36.8,36.1,34.9,33.9,31.7,29.4,27.0,24.6,21.5,18.6,14.9,10.3,6.0,2.7,45.1,46.8,49.2,13.1,0.2,75.7,18.0,22.1,80.3,,,OBAnorm,,LD831_01996v2.403,,,,0,0
GLBALSTL,2024-05-24 01:27:27.000,19.2,24.8,28.7,30.7,28.4,28.4,30.2,29.1,28.1,30.4,32.1,32.8,35.5,36.3,33.9,36.0,36.8,37.5,38.2,37.2,36.2,35.3,33.7,31.6,28.5,26.2,23.4,20.5,17.5,13.6,9.9,5.6,2.5,45.6,47.6,50.1,13.1,0.2,75.7,18.0,22.1,80.3,,,OBAnorm,,LD831_01996v2.403,,,,0,0
GLBALSTL,2024-05-24 01:27:28.000,20.3,27.4,31.2,30.8,26.4,29.4,29.4,28.3,24.7,29.7,30.9,30.1,31.7,33.7,35.6,35.8,36.8,37.9,38.5,38.2,37.0,35.6,33.8,30.8,28.1,24.9,22.0,18.9,15.8,12.0,7.9,4.4,1.9,45.7,47.2,49.3,13.1,0.2,75.7,18.0,22.1,80.3,,,OBAnorm,,LD831_01996v2.403,,,,0,0
GLBALSTL,2024-05-24 01:27:29.000,21.3,28.8,27.4,30.4,25.3,30.4,27.8,28.5,27.7,31.0,29.8,28.7,31.3,33.7,33.7,35.3,36.2,37.1,36.3,36.5,35.3,34.4,33.2,30.4,27.3,24.8,22.5,19.3,15.9,11.5,8.1,4.3,1.9,44.5,46.3,49.1,13.1,0.2,75.7,18.0,22.1,80.3,,,OBAnorm,,LD831_01996v2.403,,,,0,0
GLBALSTL,2024-05-24 01:27:30.000,25.9,25.3,29.8,27.4,25.8,25.7,28.6,27.9,27.4,30.0,29.6,27.7,32.8,31.8,32.0,34.7,36.7,36.7,37.1,36.5,35.6,34.3,33.0,29.5,26.3,24.1,21.1,18.1,14.9,10.9,7.5,4.4,1.6,44.5,46.2,49.5,13.1,0.2,75.7,18.0,22.1,80.3,,,OBAnorm,,LD831_01996v2.403,,,,0,0
GLBALSTL,2024-05-24 01:27:31.000,24.3,25.0,29.2,25.5,24.5,26.3,28.0,27.3,29.0,30.0,30.3,27.0,28.9,30.9,32.0,33.8,35.2,36.5,35.9,36.1,35.1,33.3,32.4,29.8,26.3,24.2,20.9,18.3,14.9,10.0,6.6,3.5,1.6,43.9,45.5,48.3,13.1,0.2,75.7,18.0,22.1,80.3,,,OBAnorm,,LD831_01996v2.403,,,,0,0
GLBALSTL,2024-05-24 01:27:32.000,24.8,27.7,27.9,27.5,26.3,28.6,27.3,26.3,26.6,28.5,31.1,31.8,33.3,34.5,34.5,36.5,36.0,37.4,36.7,36.5,35.2,34.3,32.3,29.8,26.5,23.7,22.3,19.9,16.9,11.5,8.1,4.1,1.7,44.5,46.5,47.8,13.1,0.2,75.7,18.0,22.1,80.3,,,OBAnorm,,LD831_01996v2.403,,,,0,0
GLBALSTL,2024-05-24 01:27:33.000,25.1,27.1,26.6,27.8,26.5,27.0,29.7,29.7,28.0,31.0,31.6,31.3,29.9,31.6,33.2,34.7,36.2,37.5,36.5,37.2,37.0,36.1,34.6,31.7,28.3,26.0,23.5,20.5,17.9,13.8,9.6,5.1,2.1,45.4,46.8,48.3,13.1,0.2,75.7,18.0,22.1,80.3,,,OBAnorm,,LD831_01996v2.403,,,,0,0
GLBALSTL,2024-05-24 01:27:34.000,21.5,28.7,29.4,25.2,25.4,28.2,28.7,27.3,28.2,29.2,29.2,28.4,32.3,33.2,33.6,35.8,37.2,37.7,37.8,36.5,35.9,35.1,33.1,30.3,27.5,24.7,21.8,18.9,15.4,11.3,7.6,4.4,1.7,45.0,46.8,50.8,13.1,0.2,75.7,17.9,22.1,80.3,,,OBAnorm,,LD831_01996v2.403,,,,0,0
GLBALSTL,2024-05-24 01:27:35.000,27.5,28.4,27.9,29.6,28.7,29.7,30.2,29.9,27.0,29.6,29.8,27.2,31.4,33.2,33.9,34.7,35.3,36.6,36.0,35.7,35.1,34.0,31.8,28.9,26.1,23.5,20.6,17.8,13.8,9.2,5.9,3.5,1.5,44.0,45.9,49.4,13.1,0.2,75.7,18.0,22.1,80.3,,,OBAnorm,,LD831_01996v2.403,,,,0,0
GLBALSTL,2024-05-24 01:27:36.000,19.5,27.2,29.6,26.9,27.4,29.3,28.8,27.7,27.9,29.2,29.2,29.3,31.5,33.8,33.1,36.5,38.1,38.3,38.0,37.3,37.0,35.6,34.2,31.0,28.7,25.8,23.6,20.4,17.8,13.2,9.1,4.9,2.2,45.7,47.2,50.1,13.1,0.2,75.7,18.0,22.1,80.3,,,OBAnorm,,LD831_01996v2.403,,,,0,0
GLBALSTL,2024-05-24 01:27:37.000,26.9,25.0,29.2,28.8,27.1,27.4,27.9,24.8,28.1,28.2,28.5,26.2,29.7,32.4,33.4,35.2,36.3,36.4,36.2,36.3,35.2,33.2,32.6,29.3,26.8,23.8,20.9,18.7,13.8,9.5,6.1,3.3,1.3,44.0,45.7,49.9,13.1,0.2,75.7,18.0,22.1,80.3,,,OBAnorm,,LD831_01996v2.403,,,,0,0
GLBALSTL,2024-05-24 01:27:38.000,27.5,25.2,26.5,26.5,27.6,27.0,27.7,28.5,27.6,30.7,28.5,29.4,31.5,31.8,32.1,35.0,34.5,36.4,36.2,36.0,35.6,34.1,32.4,29.3,26.5,23.6,20.7,17.9,14.5,10.8,7.0,3.8,1.6,44.3,46.7,48.3,13.1,0.2,75.7,17.9,22.2,80.3,,,OBAnorm,,LD831_01996v2.403,,,,0,0
GLBALSTL,2024-05-24 01:27:39.000,26.0,26.4,27.4,30.7,25.1,29.4,29.5,27.7,27.9,28.5,29.1,29.5,38.4,36.2,34.5,35.8,38.1,38.2,38.8,37.8,37.5,36.9,34.9,32.0,29.1,26.9,24.5,21.0,17.6,13.7,9.1,5.3,2.3,46.3,47.8,50.7,13.1,0.2,75.0,18.0,22.0,80.2,,,OBAnorm,,LD831_01996v2.403,,,,0,0
GLBALSTL,2024-05-24 01:27:40.000,23.0,29.3,30.7,29.1,27.0,28.3,27.9,27.6,27.2,30.0,28.9,36.8,35.0,36.6,33.7,35.0,35.4,37.2,37.6,37.5,37.5,35.6,33.9,31.5,29.0,26.8,24.7,22.2,19.7,14.9,10.6,6.2,2.6,45.6,47.7,49.4,13.1,0.2,75.7,18.0,22.0,80.2,,,OBAnorm,,LD831_01996v2.403,,,,0,0
GLBALSTL,2024-05-24 01:27:41.000,24.2,28.8,24.7,27.9,31.3,28.6,30.4,26.3,26.8,30.0,28.7,28.2,34.9,33.6,34.8,36.1,36.4,37.2,37.3,36.8,36.4,35.1,34.7,31.3,27.9,25.4,22.8,20.0,17.0,12.9,8.4,4.8,2.0,45.3,47.2,48.4,13.1,0.2,75.7,18.0,22.1,80.3,,,OBAnorm,,LD831_01996v2.403,,,,0,0
GLBALSTL,2024-05-24 01:27:42.000,23.5,25.5,33.2,30.0,26.2,26.7,26.9,27.5,29.0,29.7,32.6,36.2,34.5,32.9,35.2,36.9,37.6,38.7,37.3,37.3,36.4,36.3,34.9,31.6,28.6,25.6,23.4,20.2,17.6,13.6,9.6,5.2,2.3,45.9,47.9,48.5,13.1,0.3,75.7,18.0,22.1,80.3,,,OBAnorm,,LD831_01996v2.403,,,,0,0
GLBALSTL,2024-05-24 01:27:43.000,25.3,29.6,26.6,25.7,25.9,28.1,29.3,27.6,29.1,29.6,29.1,31.6,34.3,35.5,34.0,36.8,36.8,38.0,38.2,37.5,36.5,35.5,33.6,30.8,28.1,25.5,23.0,19.6,16.4,12.6,8.1,4.5,1.9,45.4,47.0,49.5,13.1,0.3,75.7,18.0,22.1,80.3,,,OBAnorm,,LD831_01996v2.403,,,,0,0
GLBALSTL,2024-05-24 01:27:44.000,23.7,24.0,25.0,30.4,29.3,30.4,29.7,27.5,28.2,30.1,29.4,29.7,32.6,34.7,33.9,35.7,37.2,37.7,38.4,38.1,36.9,35.0,33.9,30.6,27.9,25.4,21.9,19.1,15.4,10.8,7.1,3.9,1.6,45.6,47.3,48.2,13.1,0.3,75.7,18.0,22.1,80.3,,,OBAnorm,,LD831_01996v2.403,,,,0,0
GLBALSTL,2024-05-24 01:27:45.000,23.3,26.4,29.7,30.8,25.0,30.0,29.9,29.1,28.9,28.0,28.1,26.0,28.1,30.4,32.6,36.0,36.6,37.7,37.3,36.9,35.8,34.9,34.1,31.3,27.6,25.1,21.7,19.4,15.5,11.7,7.7,4.6,1.7,45.0,46.4,48.7,13.1,0.3,75.7,17.9,22.1,80.3,,,OBAnorm,,LD831_01996v2.403,,,,0,0
GLBALSTL,2024-05-24 01:27:46.000,21.5,28.3,27.0,25.2,27.6,28.0,28.4,27.4,26.2,29.8,29.8,26.5,30.1,31.9,33.0,35.7,36.5,36.9,36.8,37.0,36.1,34.9,32.6,30.2,27.8,24.5,22.9,20.0,15.8,12.1,7.8,4.2,1.6,44.9,46.5,49.5,13.1,0.3,75.7,18.0,22.1,80.3,,,OBAnorm,,LD831_01996v2.403,,,,0,0
GLBALSTL,2024-05-24 01:27:47.000,19.2,26.8,30.8,26.1,27.0,30.0,29.6,28.4,27.4,28.9,29.9,27.7,32.1,34.0,33.0,35.3,36.6,37.4,36.8,36.5,35.7,34.5,32.5,30.1,27.1,24.6,22.0,19.7,15.9,11.2,7.6,3.9,1.6,44.6,46.4,50.3,13.1,0.3,75.7,18.0,22.1,80.3,,,OBAnorm,,LD831_01996v2.403,,,,0,0
GLBALSTL,2024-05-24 01:27:48.000,25.0,25.0,26.8,27.7,24.2,28.3,28.5,29.8,28.6,30.2,29.3,29.3,32.7,33.0,32.6,35.7,37.0,36.6,36.8,36.4,35.4,35.0,33.4,30.5,27.7,24.9,22.4,20.3,16.9,12.8,8.3,4.4,1.7,44.7,46.4,49.6,13.1,0.3,75.6,18.0,22.1,80.3,,,OBAnorm,,LD831_01996v2.403,,,,0,0
GLBALSTL,2024-05-24 01:27:49.000,28.0,26.0,26.9,25.6,27.7,25.7,29.0,29.1,29.2,29.7,30.2,28.7,32.9,33.4,33.8,35.4,36.2,37.0,36.5,36.4,35.9,35.1,34.6,30.9,27.5,25.7,22.5,19.8,16.5,12.5,8.7,4.6,1.8,45.0,46.8,49.5,13.1,0.3,75.7,18.0,22.1,80.3,,,OBAnorm,,LD831_01996v2.403,,,,0,0
GLBALSTL,2024-05-24 01:27:50.000,27.6,23.4,28.9,29.8,27.7,27.5,30.5,30.3,29.0,30.2,29.6,28.5,32.7,32.9,34.1,36.6,37.2,37.8,38.3,37.9,36.0,35.4,33.6,31.2,28.1,25.9,23.0,20.1,17.9,12.6,8.2,4.4,1.7,45.8,47.4,48.9,13.1,0.3,75.7,18.0,22.1,80.3,,,OBAnorm,,LD831_01996v2.403,,,,0,0
GLBALSTL,2024-05-24 01:27:51.000,28.2,26.3,32.5,31.4,26.0,28.7,27.8,30.0,28.6,30.5,29.0,25.5,30.1,32.7,32.9,35.0,36.8,38.0,38.6,37.0,37.1,35.9,33.6,31.0,27.8,25.8,23.4,20.5,17.1,13.2,8.4,4.9,2.0,45.6,46.9,50.1,13.1,0.3,75.7,18.0,22.1,80.3,,,OBAnorm,,LD831_01996v2.403,,,,0,0
GLBALSTL,2024-05-24 01:27:52.000,29.6,25.3,27.1,27.5,27.3,26.9,28.1,30.2,28.7,31.2,28.8,26.9,30.4,33.7,35.4,37.1,37.8,39.3,39.2,38.6,37.7,36.1,34.6,31.3,27.5,24.8,21.4,18.6,14.6,10.6,6.8,3.8,1.4,46.4,48.0,51.7,13.1,0.3,75.7,18.0,22.1,80.3,,,OBAnorm,,LD831_01996v2.403,,,,0,0
GLBALSTL,2024-05-24 01:27:53.000,23.8,29.4,30.0,27.4,28.0,29.0,28.0,28.7,27.9,30.1,29.1,31.0,32.3,32.7,33.3,35.9,37.8,38.1,37.6,38.0,37.4,36.1,34.8,31.3,28.9,26.2,23.2,20.0,16.4,12.0,7.5,4.2,1.7,45.9,47.4,50.0,13.1,0.3,75.7,18.0,22.1,80.3,,,OBAnorm,,LD831_01996v2.403,,,,0,0
GLBALSTL,2024-05-24 01:27:54.000,30.7,29.7,31.6,26.3,26.8,26.8,28.1,27.4,28.9,30.9,28.8,30.9,30.9,32.3,34.7,35.6,36.7,37.6,37.7,37.5,37.2,35.5,34.0,31.5,28.5,25.4,22.6,20.0,16.7,12.2,7.6,4.2,1.8,45.6,47.1,47.8,13.1,0.2,75.7,17.9,22.1,80.3,,,OBAnorm,,LD831_01996v2.403,,,,0,0
GLBALSTL,2024-05-24 01:27:55.000,28.9,29.4,27.9,26.6,26.1,28.0,29.0,28.3,28.7,28.7,29.8,28.8,31.6,34.4,36.1,37.5,39.8,40.4,40.0,39.7,38.9,37.9,36.8,33.3,30.1,26.6,22.7,19.6,15.8,11.7,7.1,4.0,1.7,47.8,49.2,49.8,13.1,0.3,75.7,17.9,22.1,80.3,,,OBAnorm,,LD831_01996v2.403,,,,0,0
GLBALSTL,2024-05-24 01:27:56.000,30.4,28.7,30.3,27.0,26.4,29.2,30.6,27.5,28.9,29.5,29.4,28.3,32.8,34.6,35.2,36.8,37.3,39.4,38.1,38.2,38.1,36.8,35.5,32.1,28.9,26.5,23.9,20.8,16.9,13.0,8.9,5.1,2.1,46.4,47.8,53.2,13.1,0.4,75.7,17.9,22.1,80.3,,,OBAnorm,,LD831_01996v2.403,,,,0,0
GLBALSTL,2024-05-24 01:27:57.000,25.1,30.4,29.4,30.0,27.9,27.4,28.9,29.5,28.6,30.6,28.2,30.8,32.5,34.1,33.5,35.4,36.5,37.3,37.6,36.5,35.7,34.5,32.6,30.1,26.9,24.0,21.6,18.9,15.7,11.7,8.0,4.8,1.8,44.8,46.8,48.6,13.1,0.5,75.7,18.0,22.1,80.3,,,OBAnorm,,LD831_01996v2.403,,,,0,0
GLBALSTL,2024-05-24 01:27:58.000,24.9,24.7,30.3,29.3,27.8,28.4,29.5,29.5,29.7,31.5,31.1,32.3,32.8,32.0,33.0,36.0,37.9,38.6,37.8,37.7,37.2,35.4,34.0,30.8,27.4,25.4,22.2,19.0,16.0,11.8,8.2,4.2,1.8,45.7,47.4,51.0,13.1,0.5,75.7,18.0,22.1,80.3,,,OBAnorm,,LD831_01996v2.403,,,,0,0
GLBALSTL,2024-05-24 01:27:59.000,27.3,26.8,30.0,25.2,28.8,28.3,29.2,25.3,28.5,29.5,29.2,26.8,30.7,32.6,32.6,34.9,35.5,36.8,36.8,36.7,35.6,35.4,33.1,30.9,27.6,26.0,22.8,19.6,16.2,12.9,8.8,5.0,2.3,44.8,46.4,48.5,13.1,0.6,75.7,17.9,22.2,80.3,,,OBAnorm,,LD831_01996v2.403,,,,0,0
GLBALSTL,2024-05-24 01:28:00.000,22.1,29.5,26.9,27.4,26.1,28.9,28.4,27.1,26.9,30.4,28.7,28.8,34.3,34.7,33.7,37.0,37.0,37.3,37.1,36.2,36.0,35.1,33.5,30.5,27.9,25.3,23.2,19.8,17.1,13.0,9.0,4.7,2.1,45.1,46.8,48.2,13.1,0.6,75.6,18.0,22.2,80.3,,,OBAnorm,,LD831_01996v2.403,,,,0,0
GLBALSTL,2024-05-24 01:28:01.000,21.9,24.3,27.5,27.2,28.2,28.2,29.7,28.6,28.1,28.8,29.1,28.1,31.6,32.9,34.2,35.9,37.9,38.9,38.4,38.6,37.2,36.0,34.7,31.4,28.8,25.6,23.7,20.7,17.8,14.5,10.1,6.2,2.8,46.3,48.4,53.4,13.1,0.6,75.6,18.0,22.1,80.3,,,OBAnorm,,LD831_01996v2.403,,,,0,0
GLBALSTL,2024-05-24 01:28:02.000,23.7,26.8,28.9,26.6,26.0,28.5,29.5,25.3,26.7,30.6,37.6,37.9,38.0,37.8,38.4,37.6,38.2,38.9,39.1,38.4,36.9,36.4,34.7,32.1,28.7,26.5,24.0,21.8,18.2,14.3,10.1,5.8,2.6,46.6,49.0,59.2,13.1,0.5,75.7,18.0,22.1,80.3,,,OBAnorm,,LD831_01996v2.403,,,,0,0
GLBALSTL,2024-05-24 01:28:03.000,25.3,27.9,27.3,31.3,26.3,29.6,28.9,28.2,30.4,29.5,34.4,31.2,33.3,34.6,33.4,36.0,36.9,37.8,37.1,36.8,36.6,35.8,33.9,31.3,28.0,25.5,23.5,19.7,16.8,12.2,7.9,4.3,1.8,45.3,46.9,54.0,13.1,0.5,75.6,18.0,22.1,80.3,,,OBAnorm,,LD831_01996v2.403,,,,0,0
GLBALSTL,2024-05-24 01:28:04.000,31.0,29.9,30.5,29.2,28.1,30.3,28.6,27.7,28.2,29.6,30.2,27.8,30.8,34.3,33.5,35.1,35.6,37.0,36.6,36.7,35.7,34.8,33.0,30.2,27.4,25.5,23.0,19.2,16.2,12.7,8.5,4.3,1.8,44.7,46.4,52.0,13.1,0.5,75.7,18.0,22.1,80.3,,,OBAnorm,,LD831_01996v2.403,,,,0,0
GLBALSTL,2024-05-24 01:28:05.000,33.3,30.5,27.7,28.8,25.8,25.6,28.3,27.5,27.2,29.8,28.2,26.5,29.4,33.3,34.8,36.6,36.9,36.9,36.6,36.3,36.3,35.9,33.4,30.9,28.1,25.7,23.2,19.8,16.8,14.9,8.5,4.7,1.8,45.0,46.7,52.0,13.1,0.5,75.7,17.9,22.2,80.3,,,OBAnorm,,LD831_01996v2.403,,,,0,0
GLBALSTL,2024-05-24 01:28:06.000,29.3,28.2,31.5,27.4,27.2,26.4,28.6,29.5,27.0,31.1,28.8,25.5,28.5,31.7,32.8,34.1,35.2,36.1,36.5,36.2,35.5,34.0,32.2,29.7,26.9,23.4,21.0,18.4,14.3,10.1,6.6,3.8,1.5,44.1,45.8,55.1,13.1,0.4,75.7,17.9,22.2,80.3,,,OBAnorm,,LD831_01996v2.403,,,,0,0
GLBALSTL,2024-05-24 01:28:07.000,25.5,26.9,27.4,24.6,24.8,28.1,27.2,28.7,26.6,30.4,29.7,29.9,29.8,32.8,32.6,36.1,37.6,38.2,37.3,37.4,36.5,35.5,32.9,31.0,28.4,25.4,23.0,20.1,16.6,11.6,7.6,4.4,1.6,45.3,46.8,53.6,13.1,0.4,75.6,18.0,22.2,80.3,,,OBAnorm,,LD831_01996v2.403,,,,0,0
GLBALSTL,2024-05-24 01:28:08.000,24.4,27.6,32.1,26.5,24.3,27.8,28.6,27.1,26.5,28.3,28.1,26.6,28.8,32.2,32.6,35.3,36.5,36.2,37.1,36.6,37.0,35.2,32.7,30.5,27.6,24.0,21.8,18.6,14.9,11.2,7.0,4.0,1.8,44.8,46.3,51.7,13.1,0.4,75.7,18.0,22.2,80.3,,,OBAnorm,,LD831_01996v2.403,,,,0,0
GLBALSTL,2024-05-24 01:28:09.000,30.0,26.1,30.0,27.3,25.5,29.9,25.2,27.8,28.2,27.6,27.3,26.3,30.7,30.8,32.7,35.3,37.0,36.8,37.8,37.0,36.8,35.1,32.8,30.7,27.9,24.8,21.6,18.8,14.7,10.3,6.2,3.7,1.4,45.1,46.5,51.5,13.1,0.3,75.7,18.0,22.2,80.3,,,OBAnorm,,LD831_01996v2.403,,,,0,0
GLBALSTL,2024-05-24 01:28:10.000,21.4,24.8,29.7,30.0,27.9,26.0,26.0,26.9,27.3,30.1,27.4,25.8,27.2,29.8,32.4,33.7,35.9,36.3,36.4,36.2,35.7,34.4,33.1,30.2,27.2,24.0,21.5,18.8,15.7,11.1,7.5,4.3,1.5,44.2,45.7,51.9,13.1,0.3,75.7,18.0,22.2,80.3,,,OBAnorm,,LD831_01996v2.403,,,,0,0
GLBALSTL,2024-05-24 01:28:11.000,27.9,26.1,31.3,29.4,28.8,26.2,26.9,26.7,28.7,29.1,29.2,31.1,31.2,32.1,33.2,35.2,37.2,38.0,37.2,37.0,36.2,35.0,32.8,30.1,27.5,24.7,22.0,19.4,15.2,10.5,6.6,3.9,1.5,45.0,46.7,47.9,13.1,0.3,75.7,18.0,22.2,80.3,,,OBAnorm,,LD831_01996v2.403,,,,0,0
GLBALSTL,2024-05-24 01:28:12.000,24.9,26.6,31.1,28.6,26.4,28.4,29.8,29.2,29.3,28.0,27.1,28.1,29.7,32.8,33.0,35.7,37.0,37.1,37.4,37.3,36.2,34.9,32.8,30.5,27.0,23.7,20.4,16.8,13.8,9.7,5.8,3.3,1.4,45.0,46.6,48.1,13.1,0.3,75.6,17.9,22.2,80.3,,,OBAnorm,,LD831_01996v2.403,,,,0,0
GLBALSTL,2024-05-24 01:28:13.000,26.1,28.1,29.7,26.2,24.7,28.7,29.1,28.2,27.6,29.3,28.7,25.7,29.2,30.6,33.0,35.9,37.8,38.5,37.2,37.4,36.8,35.8,34.0,31.3,28.2,25.1,22.3,18.1,13.7,9.7,5.9,3.3,1.5,45.6,47.0,47.7,13.1,0.3,75.7,18.0,22.2,80.3,,,OBAnorm,,LD831_01996v2.403,,,,0,0
GLBALSTL,2024-05-24 01:28:14.000,25.3,29.1,28.5,27.5,27.3,29.9,29.5,27.5,27.8,29.2,29.8,26.6,28.0,31.8,34.5,35.1,34.9,36.9,36.5,36.3,35.4,34.3,32.3,29.5,26.2,23.8,20.6,17.7,13.8,9.3,5.7,3.4,1.3,44.3,46.0,46.6,13.1,0.3,75.7,18.0,22.2,80.3,,,OBAnorm,,LD831_01996v2.403,,,,0,0
GLBALSTL,2024-05-24 01:28:15.000,24.7,25.9,31.6,28.6,25.9,27.6,28.9,29.2,28.8,29.8,30.2,31.8,33.5,33.0,34.2,36.8,38.4,38.1,38.6,37.8,37.0,36.2,33.7,31.5,29.0,25.7,22.7,18.7,15.3,10.9,7.5,4.2,1.5,46.1,47.8,48.5,13.1,0.4,75.6,18.0,22.2,80.3,,,OBAnorm,,LD831_01996v2.403,,,,0,0
GLBALSTL,2024-05-24 01:28:16.000,25.1,26.8,30.9,28.1,29.0,27.2,29.3,27.9,28.8,28.9,28.7,28.8,33.0,33.0,34.6,36.1,37.0,38.1,38.3,37.4,36.5,36.0,34.0,31.5,28.0,25.4,22.4,19.5,15.6,10.9,7.0,3.6,1.5,45.5,47.0,47.8,13.1,0.4,75.7,18.0,22.2,80.3,,,OBAnorm,,LD831_01996v2.403,,,,0,0
GLBALSTL,2024-05-24 01:28:17.000,26.9,22.7,28.0,27.1,29.2,28.9,29.2,25.8,26.8,30.4,28.8,28.9,31.1,32.9,33.5,36.5,38.2,38.6,38.8,38.2,37.0,36.4,34.2,30.9,27.8,24.8,22.1,18.6,15.3,11.2,6.9,3.8,1.4,46.2,47.6,49.1,13.1,0.4,75.7,17.9,22.2,80.3,,,OBAnorm,,LD831_01996v2.403,,,,0,0
GLBALSTL,2024-05-24 01:28:18.000,29.3,26.9,29.5,29.1,25.7,27.6,25.8,28.5,28.1,29.1,28.1,25.1,30.9,34.0,36.6,37.8,39.8,40.4,40.9,39.2,38.2,37.9,35.7,33.0,30.2,26.3,22.6,18.5,14.1,10.7,6.0,3.7,1.5,47.7,49.0,49.8,13.1,0.4,75.6,18.0,22.2,80.3,,,OBAnorm,,LD831_01996v2.403,,,,0,0
GLBALSTL,2024-05-24 01:28:19.000,27.8,30.7,29.7,27.2,27.7,28.0,27.5,27.7,27.9,29.3,26.2,29.9,30.7,33.5,34.0,36.2,36.9,38.2,38.3,36.7,36.5,35.2,32.7,30.6,27.4,24.0,20.9,18.2,14.4,10.6,6.7,4.1,1.3,45.1,46.8,47.8,13.1,0.4,75.7,17.9,22.2,80.3,,,OBAnorm,,LD831_01996v2.403,,,,0,0
GLBALSTL,2024-05-24 01:28:20.000,26.0,29.5,28.2,26.0,27.2,23.6,28.3,29.4,25.6,30.2,28.4,28.0,28.9,33.1,33.4,36.5,37.6,38.9,38.3,37.7,36.6,35.7,34.3,31.4,27.9,25.1,22.1,19.4,16.6,13.8,8.7,4.5,2.0,46.1,47.7,48.9,13.1,0.4,75.6,18.0,22.1,80.3,,,OBAnorm,,LD831_01996v2.403,,,,0,0
GLBALSTL,2024-05-24 01:28:21.000,20.6,28.5,31.1,27.9,25.9,27.9,30.4,28.4,26.6,30.1,29.9,28.9,31.3,34.0,34.7,36.4,39.0,39.1,38.1,37.2,37.2,36.2,34.0,31.3,28.0,25.6,22.6,19.3,15.4,11.3,7.2,3.8,1.5,45.9,47.3,48.8,13.1,0.5,75.7,18.0,22.2,80.3,,,OBAnorm,,LD831_01996v2.403,,,,0,0
GLBALSTL,2024-05-24 01:28:22.000,26.4,26.9,25.4,31.9,25.8,29.2,28.9,26.6,25.4,30.8,28.3,26.5,29.0,32.8,31.7,35.1,35.2,36.4,36.9,36.2,35.6,33.9,32.3,30.0,26.3,23.2,20.1,17.6,13.8,10.0,6.3,3.6,1.3,44.1,45.8,47.4,13.1,0.5,75.6,18.0,22.2,80.3,,,OBAnorm,,LD831_01996v2.403,,,,0,0
GLBALSTL,2024-05-24 01:28:23.000,24.1,26.7,30.8,26.9,26.5,28.5,29.8,28.3,28.2,30.8,30.0,29.4,31.7,35.3,34.9,35.9,36.5,38.2,37.7,38.0,37.7,35.6,33.9,31.7,28.8,26.4,23.8,20.4,17.2,13.9,9.8,5.9,2.3,45.9,47.5,49.8,13.1,0.6,75.7,18.0,22.2,80.3,,,OBAnorm,,LD831_01996v2.403,,,,0,0
GLBALSTL,2024-05-24 01:28:24.000,20.4,29.0,29.8,27.9,26.9,29.5,28.6,27.2,27.9,29.7,29.0,27.0,30.4,32.4,33.7,35.1,36.8,37.1,37.3,37.2,35.7,34.5,32.4,29.9,26.8,24.2,21.2,18.1,15.3,11.1,7.9,4.0,1.7,44.6,46.2,49.4,13.1,0.7,75.5,17.8,22.2,80.3,,,OBAnorm,,LD831_01996v2.403,,,,0,0
GLBALSTL,2024-05-24 01:28:25.000,25.0,29.0,31.2,27.5,26.4,28.3,29.0,29.2,26.9,28.8,29.0,27.0,28.4,31.5,31.6,33.3,35.2,36.1,36.2,35.9,34.3,33.5,31.2,28.7,25.8,22.5,20.2,18.0,13.6,9.4,6.1,3.4,1.4,43.6,45.6,48.8,13.1,0.9,75.6,18.3,22.2,80.3,,,OBAnorm,,LD831_01996v2.403,,,,0,0
GLBALSTL,2024-05-24 01:28:26.000,27.2,26.8,28.9,26.0,26.3,28.9,29.1,28.0,27.3,30.2,29.6,25.3,32.2,34.8,34.4,33.8,35.5,36.6,36.0,35.2,35.1,33.4,31.6,28.6,26.5,23.1,20.2,17.8,15.0,10.7,6.3,3.7,1.6,43.7,45.9,55.6,13.1,1.0,75.5,18.0,22.2,80.3,,,OBAnorm,,LD831_01996v2.403,,,,0,0
GLBALSTL,2024-05-24 01:28:27.000,27.0,27.8,29.3,31.7,28.5,26.8,29.4,28.9,28.3,29.0,32.7,33.8,33.7,33.3,33.4,35.9,37.0,36.9,36.8,37.0,35.9,34.8,32.7,30.5,27.6,24.6,22.0,18.8,16.7,12.2,8.9,4.7,1.9,44.9,46.8,51.5,13.1,1.1,75.6,18.0,22.1,80.3,,,OBAnorm,,LD831_01996v2.403,,,,0,0
GLBALSTL,2024-05-24 01:28:28.000,30.4,31.8,29.7,27.2,29.2,26.0,28.0,29.4,27.5,29.7,29.4,27.0,31.2,32.2,34.4,34.4,36.4,36.5,35.7,36.2,35.5,33.9,31.8,30.1,27.2,24.7,22.1,19.0,16.7,13.4,8.1,4.6,1.8,44.2,46.1,48.1,13.1,1.1,75.6,18.0,22.1,80.3,,,OBAnorm,,LD831_01996v2.403,,,,0,0
GLBALSTL,2024-05-24 01:28:29.000,37.4,28.8,31.0,27.3,27.3,28.6,28.9,27.9,27.7,28.2,29.5,33.2,35.5,34.0,33.3,35.1,36.5,37.0,36.4,36.0,35.5,33.8,32.4,29.2,26.6,23.6,21.4,18.2,14.6,10.7,6.7,3.9,1.6,44.2,46.4,47.8,13.1,1.1,75.6,18.0,22.2,80.3,,,OBAnorm,,LD831_01996v2.403,,,,0,0
GLBALSTL,2024-05-24 01:28:30.000,28.7,24.8,27.0,28.2,26.6,29.4,27.2,28.2,27.9,29.4,30.9,31.2,32.6,34.2,34.1,35.3,36.2,37.3,37.2,36.9,36.1,35.6,33.7,32.1,27.9,25.1,23.2,20.6,17.6,13.1,8.9,4.9,1.9,45.2,46.8,49.4,13.1,1.0,75.6,17.9,22.2,80.3,,,OBAnorm,,LD831_01996v2.403,,,,0,0
GLBALSTL,2024-05-24 01:28:31.000,22.3,27.7,29.5,26.2,27.4,29.3,28.9,29.9,26.9,28.2,27.8,29.1,32.0,32.3,32.8,35.3,36.5,37.8,36.3,36.2,35.2,33.7,31.6,29.4,25.7,22.1,19.4,16.6,13.3,9.2,5.8,3.4,1.3,44.2,46.2,51.6,13.1,0.8,75.6,18.0,22.2,80.3,,,OBAnorm,,LD831_01996v2.403,,,,0,0
GLBALSTL,2024-05-24 01:28:32.000,22.9,23.1,29.7,24.7,28.0,27.1,30.1,30.9,30.1,30.8,29.9,34.1,34.5,34.6,35.7,36.7,36.8,38.1,38.3,37.6,36.7,35.3,33.0,30.3,26.9,25.0,22.6,19.8,16.6,12.5,8.2,4.7,1.7,45.5,47.8,49.1,13.1,0.8,75.6,17.9,22.2,80.3,,,OBAnorm,,LD831_01996v2.403,,,,0,0
GLBALSTL,2024-05-24 01:28:33.000,27.1,28.9,29.1,29.4,25.2,26.1,28.4,29.9,27.6,31.9,31.9,36.3,36.6,36.1,37.1,37.0,37.1,37.7,37.4,36.8,35.8,34.2,32.3,29.9,27.4,24.2,20.8,18.3,15.4,11.2,7.6,4.2,1.7,45.1,47.6,48.6,13.1,0.7,75.6,17.9,22.2,80.3,,,OBAnorm,,LD831_01996v2.403,,,,0,0
GLBALSTL,2024-05-24 01:28:34.000,35.3,27.3,29.9,28.2,26.4,27.0,28.6,28.9,28.1,30.2,28.9,29.1,33.7,32.8,33.7,35.3,36.3,37.9,37.3,37.5,36.5,34.9,33.5,30.2,27.8,25.5,22.7,20.1,16.9,12.6,8.2,4.6,1.8,45.3,47.0,48.0,13.1,0.6,75.6,18.0,22.2,80.3,,,OBAnorm,,LD831_01996v2.403,,,,0,0
GLBALSTL,2024-05-24 01:28:35.000,26.6,28.2,26.7,28.8,27.2,30.0,28.8,29.5,28.4,30.7,31.3,34.8,35.2,34.3,35.4,37.3,37.3,37.7,37.7,36.9,35.7,34.4,32.7,30.1,27.0,25.4,22.7,20.9,17.5,12.9,8.4,4.7,1.8,45.1,47.3,48.4,13.1,0.6,75.6,17.9,22.2,80.3,,,OBAnorm,,LD831_01996v2.403,,,,0,0
GLBALSTL,2024-05-24 01:28:36.000,20.0,27.6,29.1,26.6,26.0,28.9,27.7,27.5,28.2,31.0,30.6,27.9,27.6,31.8,35.5,35.5,35.7,36.6,36.8,37.1,35.6,34.6,32.4,29.8,27.1,23.8,20.7,18.1,15.1,10.6,7.4,4.2,1.5,44.6,46.4,50.3,13.1,0.5,75.6,18.0,22.2,80.3,,,OBAnorm,,LD831_01996v2.403,,,,0,0
GLBALSTL,2024-05-24 01:28:37.000,24.5,26.6,28.5,29.4,28.6,26.5,28.0,30.6,27.7,30.8,29.3,26.1,30.5,32.2,35.6,36.7,37.8,38.3,39.1,37.7,36.6,35.3,33.5,30.0,26.8,24.4,21.5,19.0,16.6,12.0,8.1,4.2,1.7,45.6,47.3,51.2,13.1,0.5,75.6,18.0,22.2,80.3,,,OBAnorm,,LD831_01996v2.403,,,,0,0
GLBALSTL,2024-05-24 01:28:38.000,22.7,29.0,29.3,26.8,30.2,27.2,29.6,28.8,27.3,30.5,29.0,29.6,32.5,34.5,36.0,36.7,36.8,38.0,37.2,36.8,36.2,34.7,32.5,29.8,26.9,24.2,21.1,18.4,14.9,10.9,7.0,4.2,1.7,45.1,47.2,48.4,13.1,0.4,75.6,18.0,22.2,80.3,,,OBAnorm,,LD831_01996v2.403,,,,0,0
GLBALSTL,2024-05-24 01:28:39.000,24.6,27.1,27.1,27.7,26.3,26.6,29.4,30.3,29.9,31.5,29.2,30.4,33.3,33.0,33.6,36.0,36.5,36.7,37.0,36.7,36.1,34.8,32.3,29.4,26.2,23.5,20.5,18.0,14.0,9.5,6.0,3.4,1.4,44.6,46.5,47.5,13.1,0.4,75.6,18.0,22.2,80.3,,,OBAnorm,,LD831_01996v2.403,,,,0,0
GLBALSTL,2024-05-24 01:28:40.000,27.2,29.9,29.5,28.8,26.4,28.3,27.2,27.1,31.5,27.6,29.5,30.5,32.6,34.3,34.5,36.3,37.9,38.4,37.4,37.3,36.6,35.3,33.5,30.1,27.5,24.7,21.1,18.4,14.3,10.3,6.6,3.9,1.5,45.4,47.3,47.9,13.1,0.5,75.6,17.9,22.2,80.3,,,OBAnorm,,LD831_01996v2.403,,,,0,0
GLBALSTL,2024-05-24 01:28:41.000,25.1,25.1,28.7,29.3,29.5,30.6,29.1,28.2,30.3,31.3,30.2,28.0,29.6,33.3,34.1,35.7,36.8,37.9,36.7,37.2,36.3,35.1,32.9,30.2,27.7,24.3,22.2,19.8,17.7,13.2,8.8,4.5,2.0,45.1,46.8,47.5,13.1,0.5,75.6,17.9,22.2,80.3,,,OBAnorm,,LD831_01996v2.403,,,,0,0
GLBALSTL,2024-05-24 01:28:42.000,26.3,27.4,29.1,30.7,25.9,29.8,30.9,27.2,28.8,30.1,30.5,27.7,29.4,32.1,34.1,35.9,36.9,36.7,35.5,36.3,35.6,34.0,32.3,29.5,26.9,23.9,21.8,18.9,16.3,13.7,8.3,4.4,1.9,44.2,46.0,46.7,13.1,0.5,75.6,18.0,22.2,80.3,,,OBAnorm,,LD831_01996v2.403,,,,0,0
GLBALSTL,2024-05-24 01:28:43.000,26.8,26.7,26.1,25.1,27.1,26.2,30.1,28.4,27.7,30.7,28.8,28.3,31.2,33.6,32.9,34.5,36.6,37.4,36.8,36.1,35.8,34.2,32.1,29.1,26.2,23.2,20.8,17.4,14.7,10.4,6.4,3.6,1.5,44.4,46.3,47.0,13.1,0.5,75.6,17.9,22.2,80.3,,,OBAnorm,,LD831_01996v2.403,,,,0,0
GLBALSTL,2024-05-24 01:28:44.000,23.2,26.2,29.5,28.1,27.4,28.3,27.0,28.6,28.4,28.6,29.6,28.1,31.8,34.7,34.5,36.2,36.1,36.8,36.0,35.6,35.9,34.9,32.7,29.5,26.2,23.4,21.1,18.1,14.8,10.5,7.1,3.9,1.5,44.4,46.2,46.8,13.1,0.5,75.6,17.9,22.2,80.3,,,OBAnorm,,LD831_01996v2.403,,,,0,0
GLBALSTL,2024-05-24 01:28:45.000,23.1,26.1,28.8,23.7,24.5,27.8,27.8,28.6,28.9,28.3,27.9,29.4,32.8,32.9,33.0,35.6,36.6,36.7,37.1,37.2,37.3,35.2,33.4,30.4,28.4,26.5,24.0,20.6,18.0,14.0,9.8,6.1,2.2,45.2,47.0,47.6,13.1,0.5,75.6,18.0,22.2,80.3,,,OBAnorm,,LD831_01996v2.403,,,,0,0
GLBALSTL,2024-05-24 01:28:46.000,24.2,28.5,30.3,29.6,28.6,26.9,30.4,29.6,27.7,29.2,28.4,29.7,34.5,34.2,33.0,36.3,36.1,36.3,36.1,36.4,35.8,35.5,33.0,30.9,27.9,25.2,22.6,20.1,16.7,11.9,7.7,4.5,1.9,44.8,46.5,47.1,13.1,0.6,75.6,17.9,22.2,80.3,,,OBAnorm,,LD831_01996v2.403,,,,0,0
GLBALSTL,2024-05-24 01:28:47.000,20.0,24.3,28.6,30.2,25.8,27.0,25.9,27.3,28.0,28.9,28.3,27.9,27.9,33.5,34.4,35.9,37.0,37.1,37.2,37.1,36.3,35.4,33.8,31.6,28.7,25.7,23.7,20.5,17.5,13.8,9.9,5.4,2.2,45.2,46.7,47.7,13.1,0.6,75.6,18.0,22.2,80.3,,,OBAnorm,,LD831_01996v2.403,,,,0,0
GLBALSTL,2024-05-24 01:28:48.000,25.1,29.2,27.2,30.3,29.0,27.8,30.1,27.3,27.7,29.6,29.2,30.4,33.9,35.0,35.1,35.8,37.1,38.0,37.0,37.6,37.2,35.4,34.1,31.4,28.6,26.5,24.3,20.5,17.7,14.2,9.9,5.7,2.4,45.7,47.4,48.0,13.1,0.6,75.6,17.9,22.2,80.3,,,OBAnorm,,LD831_01996v2.403,,,,0,0
GLBALSTL,2024-05-24 01:28:49.000,24.9,25.1,30.6,30.4,25.4,27.0,30.4,28.7,28.4,28.2,29.0,25.6,29.2,31.7,32.1,35.0,35.0,36.0,36.1,35.8,35.8,34.8,32.7,29.9,27.2,24.3,20.9,18.0,15.0,11.0,7.1,4.2,1.7,44.2,45.8,46.6,13.1,0.6,75.6,18.0,22.2,80.3,,,OBAnorm,,LD831_01996v2.403,,,,0,0
GLBALSTL,2024-05-24 01:28:50.000,26.4,27.2,32.2,27.5,26.0,29.4,31.2,29.1,26.4,29.3,29.8,28.3,27.1,32.1,33.0,34.2,37.3,36.7,36.7,36.9,35.8,34.6,33.3,30.2,27.6,25.3,23.1,20.2,17.3,13.2,8.9,5.1,2.2,45.0,46.6,47.1,13.1,0.6,75.6,18.0,22.2,80.3,,,OBAnorm,,LD831_01996v2.403,,,,0,0
GLBALSTL,2024-05-24 01:28:51.000,25.6,26.8,26.9,27.2,27.4,27.8,27.7,28.7,28.2,30.0,30.5,29.1,31.6,35.6,35.3,36.0,37.0,38.5,38.2,37.5,37.6,35.7,34.0,31.3,29.5,26.3,23.2,20.6,17.7,13.3,9.0,5.2,1.9,45.8,47.3,47.8,13.1,0.7,75.6,18.0,22.2,80.3,,,OBAnorm,,LD831_01996v2.403,,,,0,0
GLBALSTL,2024-05-24 01:28:52.000,24.7,28.6,31.9,26.5,27.1,25.8,27.7,27.8,26.2,29.2,28.7,25.7,29.7,30.7,32.0,34.3,36.0,36.9,36.3,36.5,35.8,33.8,32.0,30.1,26.5,24.2,21.8,19.5,16.8,12.1,8.4,4.6,1.8,44.3,45.8,46.5,13.1,0.6,75.6,18.0,22.2,80.3,,,OBAnorm,,LD831_01996v2.403,,,,0,0
GLBALSTL,2024-05-24 01:28:53.000,24.6,27.6,29.0,24.0,27.3,28.0,29.0,27.3,27.3,28.8,29.9,27.4,29.4,31.4,33.6,36.4,36.5,37.8,37.7,36.9,37.0,34.8,33.3,30.6,27.9,25.0,22.6,20.2,16.6,12.2,8.0,4.8,2.0,45.3,47.0,47.6,13.1,0.6,75.7,17.9,22.2,79.7,,,OBAnorm,,LD831_01996v2.403,,,,0,0
GLBALSTL,2024-05-24 01:28:54.000,23.7,28.2,28.8,28.4,28.7,28.9,29.2,27.0,26.4,28.1,30.0,29.7,33.4,33.4,35.2,35.4,37.2,37.7,37.3,37.6,36.8,35.9,35.1,31.6,28.3,26.2,24.2,21.6,18.9,14.7,10.1,5.6,2.3,45.8,47.6,48.2,13.1,0.6,75.6,18.0,22.2,79.7,,,OBAnorm,,LD831_01996v2.403,,,,0,0
GLBALSTL,2024-05-24 01:28:55.000,22.8,29.4,27.9,29.3,27.4,29.4,28.3,28.5,28.0,29.3,29.2,36.0,30.1,31.3,31.9,34.2,36.0,36.2,35.8,35.2,35.0,34.6,32.6,30.0,26.9,24.6,22.3,20.1,16.4,12.4,8.4,4.5,1.8,43.8,45.3,46.0,13.1,0.6,75.6,17.9,22.2,79.7,,,OBAnorm,,LD831_01996v2.403,,,,0,0
GLBALSTL,2024-05-24 01:28:56.000,25.6,23.7,26.9,28.5,27.0,27.8,27.2,29.3,27.3,28.9,27.4,25.6,26.2,30.2,32.4,36.0,35.7,36.4,36.1,36.9,35.2,33.8,32.0,29.0,26.4,23.3,20.9,17.4,14.7,11.1,6.8,4.2,1.4,44.2,45.9,46.5,13.1,0.6,75.6,17.9,22.2,79.7,,,OBAnorm,,LD831_01996v2.403,,,,0,0
GLBALSTL,2024-05-24 01:28:57.000,23.9,25.3,30.8,28.1,27.4,28.3,28.4,28.7,29.1,29.6,29.4,27.0,28.1,30.5,32.6,35.2,35.8,37.0,35.7,35.8,35.7,34.7,32.8,29.8,26.7,24.9,22.0,18.7,15.5,11.7,7.6,4.1,1.5,44.3,46.1,46.7,13.1,0.6,75.6,18.0,22.2,79.7,,,OBAnorm,,LD831_01996v2.403,,,,0,0
GLBALSTL,2024-05-24 01:28:58.000,24.0,27.6,29.1,28.6,28.1,28.3,28.0,27.5,27.9,29.5,30.8,35.5,34.3,34.6,35.6,35.6,36.9,37.0,37.0,36.5,36.0,35.1,33.2,30.4,27.8,25.2,22.6,20.5,17.9,15.4,9.9,5.7,2.5,45.0,47.0,47.5,13.1,0.6,75.6,18.0,22.2,79.7,,,OBAnorm,,LD831_01996v2.403,,,,0,0
GLBALSTL,2024-05-24 01:28:59.000,28.1,23.3,28.3,26.9,27.7,29.0,29.5,26.8,30.2,30.5,30.7,27.2,27.1,31.0,32.7,34.2,35.2,36.0,35.8,36.3,35.9,35.5,34.2,31.0,27.3,24.8,22.0,19.3,16.6,12.9,8.7,4.9,2.2,44.6,45.9,46.7,13.1,0.6,75.6,18.0,22.3,79.7,,,OBAnorm,,LD831_01996v2.403,,,,0,0
GLBALSTL,2024-05-24 01:29:00.000,23.3,28.2,30.1,26.9,30.3,29.0,28.8,27.1,26.6,29.8,30.0,28.0,30.4,34.0,33.4,36.1,36.6,36.6,37.2,36.5,36.0,34.9,33.8,31.5,27.9,25.8,24.4,21.5,19.0,14.1,10.1,5.5,2.2,45.0,46.7,47.2,13.1,0.5,75.6,18.0,22.3,79.7,,,OBAnorm,,LD831_01996v2.403,,,,0,0
GLBALSTL,2024-05-24 01:29:01.000,22.2,25.9,29.0,24.7,28.1,26.1,26.9,29.8,27.1,29.3,30.6,31.9,35.2,34.0,34.4,35.4,36.4,36.1,36.1,35.5,34.8,33.8,32.1,28.7,25.8,23.5,20.3,17.6,13.7,11.3,7.7,4.0,1.5,44.0,46.3,46.9,13.1,0.5,75.6,18.0,22.3,79.7,,,OBAnorm,,LD831_01996v2.403,,,,0,0
GLBALSTL,2024-05-24 01:29:02.000,23.5,28.7,29.0,31.3,24.5,27.3,28.0,27.3,27.1,28.2,29.9,29.9,29.3,30.7,32.9,33.6,34.9,35.6,35.7,35.7,35.0,33.5,31.8,29.6,25.9,23.9,20.5,18.0,14.6,11.3,6.5,3.5,1.3,43.5,45.2,45.8,13.1,0.5,75.6,18.0,22.2,79.7,,,OBAnorm,,LD831_01996v2.403,,,,0,0
GLBALSTL,2024-05-24 01:29:03.000,21.7,26.2,28.4,28.6,24.4,28.8,25.6,28.7,27.6,30.2,27.9,28.7,30.0,32.0,33.2,34.6,36.7,36.1,36.3,36.0,35.1,33.5,31.9,29.3,26.6,24.0,20.8,18.5,14.7,10.7,7.1,3.9,1.6,44.1,46.0,46.4,13.1,0.5,11.3,18.0,17.6,71.4,,,OBAnorm,,LD831_01996v2.403,,,,0,0
GLBALSTL,2024-05-24 01:29:04.000,27.3,25.8,30.0,27.0,26.6,23.9,27.2,28.4,29.3,30.6,30.5,32.7,35.3,34.3,34.7,35.4,36.4,37.1,37.1,36.6,36.4,34.8,33.2,30.3,27.8,24.7,22.4,20.3,16.6,12.4,8.6,4.2,1.8,44.9,47.0,47.4,13.1,0.5,75.6,18.0,17.6,71.4,,,OBAnorm,,LD831_01996v2.403,,,,0,0
GLBALSTL,2024-05-24 01:29:05.000,24.5,25.9,26.0,27.0,25.6,25.6,29.6,28.4,28.2,29.7,30.1,26.6,28.9,31.9,32.6,33.8,36.1,37.0,36.4,35.2,35.4,34.2,32.3,29.4,26.2,23.2,20.7,17.8,14.7,10.1,6.3,3.6,1.3,44.1,45.7,46.2,13.1,0.5,75.6,18.0,22.3,79.7,,,OBAnorm,,LD831_01996v2.403,,,,0,0
GLBALSTL,2024-05-24 01:29:06.000,24.5,22.8,30.0,27.6,25.9,27.6,27.0,28.9,28.4,30.6,30.9,28.0,29.5,32.1,31.5,34.2,35.5,35.8,36.5,36.3,35.4,33.8,32.4,29.2,26.4,24.3,21.4,18.7,15.0,11.1,7.4,4.1,1.5,44.0,45.7,46.3,13.1,0.5,75.6,18.0,22.2,79.7,,,OBAnorm,,LD831_01996v2.403,,,,0,0
GLBALSTL,2024-05-24 01:29:07.000,23.5,22.4,25.1,26.6,27.5,27.0,29.8,27.3,26.4,30.2,29.7,29.1,29.0,31.3,32.1,35.3,36.3,36.4,36.4,36.1,35.0,33.8,32.2,29.5,26.1,24.5,22.7,21.1,16.0,10.8,7.0,3.8,1.5,44.1,45.9,46.4,13.1,0.4,75.6,18.0,22.2,79.7,,,OBAnorm,,LD831_01996v2.403,,,,0,0
GLBALSTL,2024-05-24 01:29:08.000,26.9,25.4,31.7,27.9,26.6,28.7,27.7,28.2,27.4,28.4,30.1,25.4,26.8,31.2,31.9,33.6,35.6,35.5,36.2,35.5,34.9,33.8,32.2,29.2,26.3,23.2,19.6,16.3,12.8,8.8,5.7,3.4,1.4,43.6,45.2,45.9,13.1,0.4,75.6,18.0,22.2,79.7,,,OBAnorm,,LD831_01996v2.403,,,,0,0
GLBALSTL,2024-05-24 01:29:09.000,19.3,24.8,28.4,28.1,28.3,28.2,27.9,26.5,26.2,31.8,32.6,36.6,31.8,30.6,31.3,35.0,36.9,36.3,36.5,36.0,35.3,34.7,32.3,30.2,26.9,23.9,21.0,18.3,14.8,10.8,7.4,4.0,1.6,44.4,46.8,47.3,13.1,0.4,75.6,18.0,22.2,79.7,,,OBAnorm,,LD831_01996v2.403,,,,0,0
GLBALSTL,2024-05-24 01:29:10.000,22.5,27.5,28.3,30.3,27.5,28.1,30.1,28.6,28.6,27.5,30.3,32.8,31.4,32.3,33.4,35.2,36.0,37.1,36.4,36.5,35.5,34.6,32.4,29.4,26.3,23.3,20.2,17.2,12.5,8.5,5.4,3.2,1.2,44.3,46.2,46.8,13.1,0.4,75.6,18.0,22.2,79.7,,,OBAnorm,,LD831_01996v2.403,,,,0,0
GLBALSTL,2024-05-24 01:29:11.000,29.5,28.0,30.6,26.2,26.8,27.6,28.6,27.6,27.9,29.7,31.9,31.7,30.6,32.8,33.8,34.9,36.5,36.8,36.9,35.7,35.7,33.6,32.5,29.9,26.8,24.0,21.0,18.2,14.9,10.4,6.5,3.7,1.5,44.4,46.4,47.5,13.1,0.3,75.6,17.9,22.2,79.7,,,OBAnorm,,LD831_01996v2.403,,,,0,0
GLBALSTL,2024-05-24 01:29:12.000,23.8,23.4,28.5,30.6,27.7,28.8,27.0,27.9,29.1,32.1,31.2,32.8,31.1,33.4,33.7,36.9,38.8,36.7,36.8,36.5,36.8,36.0,34.1,31.5,29.1,25.5,23.7,21.7,19.3,15.8,12.1,6.8,3.0,45.6,47.4,48.0,13.1,0.3,75.6,17.9,22.2,79.7,,,OBAnorm,,LD831_01996v2.403,,,,0,0
GLBALSTL,2024-05-24 01:29:13.000,23.1,26.1,34.7,29.7,28.8,25.6,26.3,29.0,29.2,33.4,40.0,32.4,30.9,32.8,34.2,36.6,36.6,37.5,37.1,36.6,36.5,35.8,33.9,30.8,27.9,25.4,22.5,18.8,16.6,12.3,8.4,4.5,1.8,45.2,47.6,48.0,13.1,0.3,75.6,17.9,22.2,80.3,,,OBAnorm,,LD831_01996v2.403,,,,0,0
GLBALSTL,2024-05-24 01:29:14.000,20.2,27.6,29.8,30.2,26.2,29.2,28.4,28.0,28.8,30.2,30.0,27.4,28.3,30.9,32.7,35.1,34.9,36.2,36.3,35.8,35.4,34.5,33.0,29.9,27.0,24.3,21.2,18.6,15.5,11.8,7.7,4.0,1.6,44.0,45.6,46.4,13.1,0.3,75.6,18.0,22.2,80.3,,,OBAnorm,,LD831_01996v2.403,,,,0,0
GLBALSTL,2024-05-24 01:29:15.000,23.6,25.0,29.3,26.8,28.1,30.3,27.6,25.0,27.4,29.9,31.5,27.3,29.4,31.7,31.8,35.7,36.8,37.8,38.0,37.4,36.9,35.9,33.9,31.1,27.9,25.0,22.5,19.0,16.1,11.4,7.9,4.3,1.7,45.6,47.0,47.5,13.1,0.3,75.6,18.0,22.3,80.3,,,OBAnorm,,LD831_01996v2.403,,,,0,0
GLBALSTL,2024-05-24 01:29:16.000,25.0,26.3,27.1,27.1,25.0,29.7,26.3,29.0,27.7,31.0,30.4,25.9,32.9,32.0,33.3,35.7,37.2,38.4,37.4,38.6,38.1,36.7,35.8,32.6,29.2,27.6,24.7,21.0,18.8,14.5,9.8,5.5,2.6,46.3,47.5,47.9,13.1,0.4,75.6,18.0,22.3,80.3,,,OBAnorm,,LD831_01996v2.403,,,,0,0
GLBALSTL,2024-05-24 01:29:17.000,25.4,20.3,28.2,30.2,29.5,27.9,29.4,28.7,30.3,30.6,29.7,26.4,27.0,31.3,31.8,34.2,36.0,36.8,36.3,36.3,35.5,34.5,33.3,30.9,27.4,24.8,21.8,18.7,15.2,11.5,7.1,4.5,1.7,44.4,46.0,46.5,13.1,0.4,75.6,17.9,22.2,80.3,,,OBAnorm,,LD831_01996v2.403,,,,0,0
GLBALSTL,2024-05-24 01:29:18.000,24.8,26.4,26.1,29.3,27.6,28.0,30.3,29.8,27.2,30.1,31.8,24.6,29.6,31.3,31.8,34.9,35.7,36.8,36.1,35.9,35.2,34.2,32.6,29.4,26.5,23.8,21.4,18.2,15.2,11.2,7.4,4.1,1.6,44.1,45.7,46.5,13.1,0.4,75.6,18.0,22.2,80.3,,,OBAnorm,,LD831_01996v2.403,,,,0,0
GLBALSTL,2024-05-24 01:29:19.000,25.0,26.2,29.1,24.2,27.3,28.9,28.5,27.2,26.2,30.2,30.4,28.2,27.7,31.5,32.7,34.7,35.8,36.6,36.6,36.3,35.4,34.5,33.0,29.9,27.1,24.5,22.4,19.7,17.3,13.4,8.8,5.0,2.3,44.4,46.1,46.6,13.1,0.4,75.6,18.0,22.2,80.3,,,OBAnorm,,LD831_01996v2.403,,,,0,0
GLBALSTL,2024-05-24 01:29:20.000,22.8,28.0,29.9,30.5,28.2,29.2,28.4,30.1,25.5,31.0,31.1,28.8,28.4,29.9,32.1,35.2,36.1,36.7,36.2,35.8,34.6,34.5,32.7,29.5,26.6,24.8,20.8,17.1,13.9,10.5,6.9,3.7,1.7,44.0,45.8,46.9,13.1,0.5,75.6,18.0,22.2,80.3,,,OBAnorm,,LD831_01996v2.403,,,,0,0
GLBALSTL,2024-05-24 01:29:21.000,22.9,24.8,29.7,28.7,25.9,28.1,30.3,27.1,29.7,29.7,31.1,28.3,26.6,30.1,31.0,34.0,36.0,35.7,35.8,35.1,34.9,33.9,32.3,29.6,26.2,23.1,20.7,17.6,15.1,11.0,6.9,3.8,1.5,43.7,45.4,46.5,13.1,0.6,75.6,17.9,22.2,80.3,,,OBAnorm,,LD831_01996v2.403,,,,0,0
GLBALSTL,2024-05-24 01:29:22.000,24.9,30.8,26.5,25.5,29.4,29.5,27.7,29.1,27.0,29.9,29.0,25.8,26.9,32.2,31.9,35.3,35.2,36.4,35.6,35.8,35.1,34.6,32.5,29.7,26.2,24.3,21.8,19.4,15.2,11.4,6.6,3.5,1.5,44.0,45.7,49.1,13.1,0.7,75.6,18.0,22.3,80.3,,,OBAnorm,,LD831_01996v2.403,,,,0,0
GLBALSTL,2024-05-24 01:29:23.000,21.7,27.1,22.7,29.3,28.3,28.6,28.8,28.5,25.4,31.4,31.9,29.0,29.6,32.7,32.4,33.6,36.0,35.4,35.5,35.8,35.0,33.6,32.5,28.9,26.2,23.2,20.6,17.9,14.5,10.6,7.9,3.7,1.6,43.7,45.7,47.2,13.1,0.7,75.6,17.9,22.3,80.3,,,OBAnorm,,LD831_01996v2.403,,,,0,0
GLBALSTL,2024-05-24 01:29:24.000,23.1,24.9,30.0,26.6,27.5,29.5,31.3,28.7,28.7,32.7,31.4,27.5,28.3,31.1,31.5,35.2,36.5,37.1,37.4,36.8,36.3,35.3,33.3,30.5,27.8,25.1,23.4,20.1,17.1,13.2,9.4,5.6,2.3,45.0,46.6,47.5,13.1,0.9,75.6,18.0,22.3,80.3,,,OBAnorm,,LD831_01996v2.403,,,,0,0
GLBALSTL,2024-05-24 01:29:25.000,23.2,28.2,24.8,29.4,28.9,29.8,30.0,29.4,27.6,33.0,31.3,29.1,31.0,33.0,33.5,34.6,35.1,36.5,36.0,36.1,35.4,34.3,32.4,30.2,26.7,24.6,21.6,18.9,15.1,11.1,7.2,4.0,1.6,44.2,46.0,46.7,13.1,1.0,75.6,18.0,22.3,80.3,,,OBAnorm,,LD831_01996v2.403,,,,0,0
GLBALSTL,2024-05-24 01:29:26.000,24.4,26.7,28.4,29.9,28.2,28.0,28.9,29.2,27.8,31.0,31.6,29.2,28.4,32.1,32.2,34.5,35.9,36.6,37.6,36.9,35.4,34.5,33.0,30.2,27.3,25.3,22.5,20.1,16.6,12.5,8.0,4.4,2.0,44.6,46.3,46.9,13.1,1.0,75.6,17.9,22.3,80.3,,,OBAnorm,,LD831_01996v2.403,,,,0,0
GLBALSTL,2024-05-24 01:29:27.000,24.6,27.2,31.3,27.5,27.4,31.5,29.5,28.6,27.8,31.6,32.2,28.2,28.1,30.8,33.5,35.0,37.0,37.2,36.3,36.4,35.8,35.0,32.9,29.9,27.4,24.5,21.9,18.8,15.8,12.4,8.1,4.9,2.2,44.6,46.4,47.0,13.1,0.9,75.6,17.9,22.3,80.3,,,OBAnorm,,LD831_01996v2.403,,,,0,0
GLBALSTL,2024-05-24 01:29:28.000,24.4,28.4,30.7,28.0,28.6,29.5,28.8,30.0,27.4,31.7,30.9,32.2,31.6,32.8,32.7,33.9,36.6,36.2,35.8,36.4,36.4,35.1,33.2,30.9,27.7,24.9,23.3,19.3,16.1,11.6,7.6,4.3,1.7,44.6,46.4,47.3,13.1,0.8,75.6,17.9,22.2,80.3,,,OBAnorm,,LD831_01996v2.403,,,,0,0
GLBALSTL,2024-05-24 01:29:29.000,29.5,28.3,30.1,27.5,27.5,28.7,30.3,28.1,29.3,31.6,32.6,28.7,28.3,31.5,32.0,34.7,35.1,36.6,36.8,37.1,35.9,34.4,33.4,30.3,26.9,24.7,22.4,19.4,16.2,12.4,7.8,4.4,1.9,44.7,46.4,47.6,13.1,0.8,75.6,17.9,22.2,80.3,,,OBAnorm,,LD831_01996v2.403,,,,0,0
GLBALSTL,2024-05-24 01:29:30.000,25.5,23.7,29.9,26.9,28.1,29.4,30.2,27.1,28.0,29.0,30.5,28.0,31.0,32.1,34.0,35.2,37.3,37.6,36.9,36.6,35.4,35.0,33.3,30.8,27.1,24.9,22.3,19.8,17.1,13.2,8.2,4.2,1.8,44.9,46.7,47.8,13.1,0.7,75.6,18.0,22.3,80.3,,,OBAnorm,,LD831_01996v2.403,,,,0,0
GLBALSTL,2024-05-24 01:29:31.000,25.3,29.1,29.5,25.6,28.3,29.6,29.0,28.7,27.2,31.2,31.1,28.2,29.7,32.0,34.4,36.6,38.4,39.3,38.1,37.4,37.7,37.1,34.7,32.0,28.9,26.2,22.7,19.2,16.0,11.8,7.7,4.3,1.8,46.3,47.8,48.3,13.1,0.7,75.6,18.0,22.2,80.3,,,OBAnorm,,LD831_01996v2.403,,,,0,0
GLBALSTL,2024-05-24 01:29:32.000,26.1,26.3,31.8,29.6,28.4,31.5,30.1,27.8,28.6,31.5,30.5,29.4,27.3,30.0,31.5,34.2,35.4,36.8,36.6,35.6,36.1,34.6,32.3,29.9,26.5,24.0,22.4,18.5,15.1,11.4,7.7,4.2,1.7,44.2,45.7,46.9,13.1,0.6,75.6,18.0,22.2,80.3,,,OBAnorm,,LD831_01996v2.403,,,,0,0
GLBALSTL,2024-05-24 01:29:33.000,24.0,28.0,29.3,29.8,25.4,29.2,29.8,26.5,28.7,30.2,30.5,27.9,31.8,33.8,33.2,35.2,36.7,36.2,36.4,35.9,35.4,33.9,33.0,30.1,27.0,24.2,21.5,18.0,14.6,11.1,7.4,3.9,1.6,44.3,46.3,47.0,13.1,0.6,75.6,17.9,22.2,80.3,,,OBAnorm,,LD831_01996v2.403,,,,0,0
GLBALSTL,2024-05-24 01:29:34.000,23.7,23.1,23.3,26.7,28.5,30.3,29.3,28.6,28.7,31.5,29.7,26.8,25.3,30.0,31.5,35.6,37.1,37.5,37.3,36.6,36.1,35.2,33.2,30.5,27.9,24.6,21.6,17.9,16.3,12.1,8.8,4.7,2.0,45.0,46.5,46.9,13.1,0.5,75.6,17.9,22.2,80.3,,,OBAnorm,,LD831_01996v2.403,,,,0,0
GLBALSTL,2024-05-24 01:29:35.000,24.5,28.0,29.8,29.3,29.8,27.8,29.1,29.1,27.8,31.5,31.4,26.3,28.2,31.1,31.6,34.4,35.7,36.8,36.2,36.4,35.7,34.2,32.7,29.1,26.4,23.4,20.4,18.0,13.9,9.6,6.2,3.5,1.5,44.2,45.9,46.4,13.1,0.5,75.6,17.9,22.2,80.3,,,OBAnorm,,LD831_01996v2.403,,,,0,0
GLBALSTL,2024-05-24 01:29:36.000,23.6,26.6,26.9,28.5,30.0,27.9,27.9,30.5,30.0,30.1,29.1,27.0,26.9,30.5,32.3,34.6,35.6,36.0,36.8,36.1,35.9,34.3,32.9,29.2,26.4,23.0,20.0,17.3,13.9,9.8,5.7,3.4,1.4,44.2,45.9,46.4,13.1,0.5,75.6,17.9,22.2,80.3,,,OBAnorm,,LD831_01996v2.403,,,,0,0
GLBALSTL,2024-05-24 01:29:37.000,24.2,26.3,28.0,25.9,25.6,28.8,27.9,29.6,28.4,30.2,30.2,28.4,33.6,33.4,33.3,35.7,35.3,36.8,37.6,37.3,36.5,34.9,33.3,30.0,27.5,24.1,21.2,18.4,15.0,12.3,7.6,4.2,1.9,44.9,46.6,47.3,13.1,0.5,75.6,18.0,22.3,80.3,,,OBAnorm,,LD831_01996v2.403,,,,0,0
GLBALSTL,2024-05-24 01:29:38.000,25.5,28.0,26.6,28.4,28.0,29.5,27.9,30.3,28.4,31.2,28.1,27.3,29.3,33.2,33.9,35.2,36.2,37.5,37.1,37.1,36.4,35.4,33.3,30.4,27.2,24.0,21.0,17.3,13.9,10.4,6.5,3.7,1.5,45.0,46.6,47.2,13.1,0.4,75.6,18.0,22.3,80.3,,,OBAnorm,,LD831_01996v2.403,,,,0,0
GLBALSTL,2024-05-24 01:29:39.000,23.6,25.9,29.6,29.6,27.5,25.9,29.6,29.7,26.4,28.6,31.3,30.3,32.6,33.3,33.3,33.6,35.0,36.0,36.2,35.8,34.7,33.1,31.5,28.7,26.1,23.0,19.3,16.0,12.3,8.9,6.0,3.2,1.3,43.6,46.0,46.8,13.1,0.4,75.6,17.9,22.3,80.3,,,OBAnorm,,LD831_01996v2.403,,,,0,0
GLBALSTL,2024-05-24 01:29:40.000,21.4,28.9,30.2,29.8,28.1,29.6,30.5,29.2,28.3,29.1,30.4,28.1,29.3,31.2,32.5,34.9,35.8,37.2,36.8,35.7,35.0,34.7,32.3,29.1,26.5,23.8,20.8,17.2,14.3,10.5,6.6,3.5,1.5,44.2,45.9,46.4,13.1,0.4,60.6,18.2,21.2,74.9,,,OBAnorm,,LD831_01996v2.403,,,,0,0
GLBALSTL,2024-05-24 01:29:41.000,21.8,27.2,29.1,30.0,29.9,26.4,29.6,28.3,26.9,30.0,31.0,26.4,33.0,31.0,31.5,34.9,35.2,35.6,36.0,35.1,35.1,34.4,32.4,29.0,26.2,23.6,20.7,18.3,15.1,11.1,7.8,4.3,1.7,43.9,45.9,46.9,13.1,0.4,75.6,18.0,21.2,74.9,,,OBAnorm,,LD831_01996v2.403,,,,0,0
GLBALSTL,2024-05-24 01:29:42.000,27.2,29.6,30.7,30.0,28.7,27.5,27.9,28.2,28.2,29.2,30.2,30.3,27.9,32.8,34.9,36.6,36.6,36.8,35.9,35.4,35.6,34.6,32.6,29.8,26.8,24.3,21.6,17.9,15.7,11.6,7.8,4.2,1.8,44.2,46.0,47.4,13.1,0.5,75.6,17.9,22.3,80.3,,,OBAnorm,,LD831_01996v2.403,,,,0,0
GLBALSTL,2024-05-24 01:29:43.000,24.9,26.2,28.9,28.4,27.1,27.0,28.5,30.5,26.3,29.8,29.1,29.2,28.6,32.9,33.9,35.3,35.4,37.7,36.4,37.0,36.3,35.3,32.7,29.6,26.6,24.6,21.9,18.9,16.0,11.7,7.6,4.3,1.6,44.8,46.4,48.2,13.1,0.6,75.6,17.9,22.3,80.3,,,OBAnorm,,LD831_01996v2.403,,,,0,0
GLBALSTL,2024-05-24 01:29:44.000,26.2,28.7,27.6,24.1,29.5,28.4,28.1,26.6,25.8,28.8,30.0,26.9,27.9,30.7,33.6,35.6,36.0,37.1,36.4,37.2,36.5,35.4,33.9,31.3,28.1,26.1,23.5,19.9,17.0,12.6,8.0,4.6,1.9,45.1,46.3,47.0,13.1,0.7,75.6,18.0,22.3,80.3,,,OBAnorm,,LD831_01996v2.403,,,,0,0
GLBALSTL,2024-05-24 01:29:45.000,27.0,28.3,27.9,27.5,26.6,29.0,28.6,29.0,27.7,28.3,28.6,26.4,26.0,28.1,30.7,33.6,35.4,35.4,36.1,34.5,34.7,33.0,31.0,28.5,25.2,22.7,19.8,16.9,13.5,9.6,5.9,3.3,1.4,43.1,44.9,46.1,13.1,0.7,75.6,18.0,22.3,80.3,,,OBAnorm,,LD831_01996v2.403,,,,0,0
GLBALSTL,2024-05-24 01:29:46.000,26.1,29.4,23.5,28.3,27.7,27.6,27.7,29.7,26.3,29.4,27.4,25.9,30.6,30.6,31.5,33.3,35.1,34.9,35.1,34.9,34.0,32.7,31.0,27.8,24.5,21.7,19.1,16.3,12.3,8.1,5.1,2.9,1.2,42.8,44.6,45.7,13.1,0.7,75.6,18.0,22.3,80.3,,,OBAnorm,,LD831_01996v2.403,,,,0,0
GLBALSTL,2024-05-24 01:29:47.000,23.2,28.6,31.1,25.9,25.3,27.1,27.6,29.2,28.1,29.8,28.4,28.3,30.3,30.4,31.4,34.6,35.5,36.1,36.9,35.9,35.3,34.3,31.6,28.9,25.6,23.2,19.8,17.8,13.5,10.0,6.0,3.6,1.3,44.0,45.7,46.4,13.1,0.7,75.7,17.9,22.3,80.3,,,OBAnorm,,LD831_01996v2.403,,,,0,0
GLBALSTL,2024-05-24 01:29:48.000,24.6,28.3,30.8,29.0,24.8,26.2,28.4,25.5,26.6,29.2,29.3,26.7,28.5,30.8,31.4,34.4,37.0,36.3,37.1,35.8,35.6,35.0,32.6,29.6,26.4,23.5,20.9,17.8,14.9,10.3,6.9,3.8,1.6,44.3,45.8,46.4,13.1,0.7,75.6,17.9,22.3,80.3,,,OBAnorm,,LD831_01996v2.403,,,,0,0
GLBALSTL,2024-05-24 01:29:49.000,22.6,26.9,25.4,28.7,23.9,28.5,27.2,27.5,28.2,29.8,33.4,36.7,32.6,32.7,33.7,34.3,35.9,36.5,36.1,35.8,34.7,34.3,32.2,29.4,27.2,24.2,20.5,18.1,14.2,10.1,6.4,3.5,1.4,44.2,46.7,47.5,13.1,0.8,75.6,17.9,22.3,80.3,,,OBAnorm,,LD831_01996v2.403,,,,0,0
GLBALSTL,2024-05-24 01:29:50.000,21.5,23.9,28.5,29.7,31.7,28.1,26.6,27.6,28.0,29.7,30.5,28.2,29.8,32.4,34.5,34.6,36.0,37.3,36.3,36.2,35.7,34.3,33.0,30.5,27.0,24.0,20.9,18.3,15.1,10.7,6.9,3.7,1.4,44.4,46.1,46.8,13.1,0.8,75.6,17.9,22.3,80.3,,,OBAnorm,,LD831_01996v2.403,,,,0,0
GLBALSTL,2024-05-24 01:29:51.000,19.2,28.0,28.3,29.1,28.9,28.9,28.0,25.6,27.6,29.9,30.5,28.4,29.5,31.6,32.2,34.3,36.1,35.9,36.1,36.0,36.4,34.1,32.0,29.3,26.3,22.9,20.0,17.5,13.5,9.1,6.0,3.4,1.5,44.1,45.8,46.6,13.1,0.8,75.6,18.0,22.3,80.3,,,OBAnorm,,LD831_01996v2.403,,,,0,0
GLBALSTL,2024-05-24 01:29:52.000,26.7,23.3,29.2,29.9,27.7,27.7,28.1,29.2,30.2,28.3,29.4,29.3,30.9,32.9,33.4,34.9,36.5,37.3,37.1,36.6,35.3,34.4,32.1,29.4,26.4,23.8,20.3,18.1,14.3,9.8,7.3,3.6,1.3,44.4,46.4,46.9,13.1,0.8,75.6,17.9,22.3,80.3,,,OBAnorm,,LD831_01996v2.403,,,,0,0
GLBALSTL,2024-05-24 01:29:53.000,27.1,25.1,24.9,26.8,26.0,27.0,27.9,26.7,29.0,30.3,30.3,29.3,35.1,32.6,32.3,35.6,35.0,35.7,35.4,34.7,34.4,33.0,31.4,27.7,25.1,22.1,19.3,16.1,12.8,9.0,5.9,3.3,1.4,43.1,45.2,47.1,13.1,0.8,75.6,18.0,22.3,80.3,,,OBAnorm,,LD831_01996v2.403,,,,0,0
GLBALSTL,2024-05-24 01:29:54.000,20.1,26.0,29.7,30.9,28.6,25.4,30.9,27.8,26.0,29.6,29.4,26.0,26.9,30.1,32.8,34.1,34.6,36.2,35.1,35.8,34.9,34.2,32.1,29.6,26.0,24.3,21.9,18.2,15.8,11.5,7.9,4.0,1.6,43.7,45.4,47.7,13.1,0.8,75.5,18.0,22.3,80.3,,,OBAnorm,,LD831_01996v2.403,,,,0,0
GLBALSTL,2024-05-24 01:29:55.000,23.5,23.3,29.5,26.2,24.5,26.6,29.5,28.2,24.0,29.1,31.6,28.7,30.3,32.7,34.0,33.9,36.6,35.3,36.0,35.9,35.2,33.5,30.9,28.4,25.0,21.8,18.4,16.2,12.5,8.8,7.0,3.4,1.3,43.6,45.6,46.4,13.1,0.8,75.6,18.0,22.3,80.3,,,OBAnorm,,LD831_01996v2.403,,,,0,0
GLBALSTL,2024-05-24 01:29:56.000,22.6,27.0,27.8,27.9,26.5,23.9,27.1,26.8,29.5,30.9,31.5,27.5,29.0,31.2,32.0,34.4,35.2,35.2,35.2,35.3,34.5,33.4,31.6,28.8,25.7,22.7,19.8,16.8,13.2,8.9,5.6,3.2,1.4,43.2,45.1,46.0,13.1,0.8,75.6,18.0,22.3,80.3,,,OBAnorm,,LD831_01996v2.403,,,,0,0
GLBALSTL,2024-05-24 01:29:57.000,28.6,30.5,28.9,29.7,27.4,26.6,31.0,27.2,28.2,28.3,29.9,27.8,27.8,31.3,32.5,34.1,35.1,36.6,35.8,36.0,34.8,33.6,31.8,28.4,25.2,22.5,19.1,16.2,12.5,8.7,5.2,3.1,1.2,43.7,45.5,46.1,13.1,0.8,75.6,18.0,22.3,80.3,,,OBAnorm,,LD831_01996v2.403,,,,0,0
GLBALSTL,2024-05-24 01:29:58.000,24.4,29.7,30.9,27.5,25.8,25.8,30.8,27.4,28.5,31.2,30.9,27.3,29.2,30.8,31.2,34.4,34.3,35.9,35.3,34.1,34.4,33.3,31.3,28.7,25.0,22.3,19.3,17.2,13.1,9.1,5.8,3.5,1.5,43.0,45.1,46.1,13.1,0.8,75.6,18.0,22.3,80.3,,,OBAnorm,,LD831_01996v2.403,,,,0,0
GLBALSTL,2024-05-24 01:29:59.000,23.7,27.9,28.1,27.4,27.1,26.7,26.6,28.0,27.3,30.8,31.1,27.0,29.0,32.6,32.6,37.2,35.7,35.1,35.5,35.0,35.1,33.4,32.2,28.3,25.3,22.7,19.6,17.0,14.2,10.0,6.1,3.3,1.5,43.6,45.7,46.7,13.1,0.8,75.6,18.0,22.3,80.3,,,OBAnorm,,LD831_01996v2.403,,,,0,0
GLBALSTL,2024-05-24 01:30:00.000,21.3,27.3,29.1,28.7,26.0,25.7,28.4,27.3,30.5,29.5,30.4,33.6,35.1,31.6,32.9,34.9,35.3,35.6,35.7,35.5,35.2,34.1,32.3,28.6,25.0,22.0,18.8,15.9,12.4,8.5,5.2,3.1,1.4,43.8,46.2,48.9,13.1,0.8,75.6,18.0,22.3,80.3,,,OBAnorm,,LD831_01996v2.403,,,,0,0
GLBALSTL,2024-05-24 01:30:01.000,21.6,27.2,28.4,27.4,29.3,28.8,29.1,28.2,28.7,29.6,30.2,30.3,30.0,32.5,31.9,35.4,36.4,36.6,36.6,36.4,35.0,33.9,32.5,29.8,27.1,24.0,21.1,18.1,14.9,11.9,6.9,4.3,1.5,44.1,46.0,47.8,13.1,0.8,75.6,17.9,22.3,80.3,,,OBAnorm,,LD831_01996v2.403,,,,0,0
GLBALSTL,2024-05-24 01:30:02.000,25.4,24.8,29.3,27.5,28.0,28.6,29.4,28.3,28.6,31.4,31.7,27.6,29.3,32.7,32.8,35.2,36.3,36.5,36.1,36.6,35.3,34.9,33.8,30.4,26.7,24.0,22.3,19.1,15.8,12.0,8.1,4.3,2.0,44.6,46.2,47.2,13.1,0.8,75.6,18.0,22.3,80.9,,,OBAnorm,,LD831_01996v2.403,,,,0,0
GLBALSTL,2024-05-24 01:30:03.000,27.5,27.7,27.7,25.2,28.3,28.6,27.1,26.8,26.7,30.3,30.7,27.7,29.3,32.5,31.6,34.3,36.1,37.0,36.2,36.9,36.0,34.6,32.9,29.6,26.8,24.2,21.8,18.2,14.5,10.8,8.1,4.0,1.6,44.6,46.1,46.7,13.1,0.8,75.6,18.0,22.3,80.3,,,OBAnorm,,LD831_01996v2.403,,,,0,0
GLBALSTL,2024-05-24 01:30:04.000,25.1,25.8,26.6,27.3,26.2,27.9,26.4,30.7,27.5,28.8,29.6,26.8,26.8,31.3,32.1,34.0,35.5,36.4,35.2,35.1,34.3,33.0,32.0,28.8,25.4,22.7,21.0,18.1,15.1,10.4,6.8,4.1,1.9,43.4,45.2,46.2,13.1,0.8,75.6,18.0,22.3,80.3,,,OBAnorm,,LD831_01996v2.403,,,,0,0
GLBALSTL,2024-05-24 01:30:05.000,25.3,26.7,29.3,29.7,25.3,25.8,28.6,26.9,27.1,27.4,29.8,27.0,28.1,30.2,31.7,34.2,34.8,35.4,35.7,36.4,35.2,34.2,32.7,30.0,27.0,25.0,22.1,19.0,16.4,11.4,7.6,4.3,1.9,44.0,45.5,47.2,13.1,0.7,75.6,18.0,22.3,80.3,,,OBAnorm,,LD831_01996v2.403,,,,0,0
GLBALSTL,2024-05-24 01:30:06.000,27.3,24.8,30.6,28.1,26.1,26.9,26.7,27.7,27.2,30.4,29.3,28.0,30.3,32.6,32.3,35.6,36.2,36.4,36.5,36.2,36.0,34.9,33.3,30.7,27.4,24.9,22.2,19.3,16.4,12.6,8.6,4.8,2.0,44.6,46.1,46.7,13.1,0.7,75.6,18.0,22.3,80.3,,,OBAnorm,,LD831_01996v2.403,,,,0,0
GLBALSTL,2024-05-24 01:30:07.000,23.0,26.2,29.3,30.5,26.0,28.8,28.0,28.9,26.5,28.8,29.9,26.8,28.3,31.0,32.5,34.4,36.0,36.1,36.2,35.4,34.6,33.7,32.1,28.9,25.8,23.0,20.0,16.9,13.6,8.4,5.4,3.0,1.2,43.8,45.5,46.2,13.1,0.7,75.6,18.0,22.3,80.3,,,OBAnorm,,LD831_01996v2.403,,,,0,0
GLBALSTL,2024-05-24 01:30:08.000,24.6,22.8,26.6,30.5,28.8,27.2,28.2,27.6,27.4,30.0,30.4,26.4,28.4,30.1,31.2,33.8,35.1,35.6,35.2,36.1,35.1,33.5,31.9,29.1,25.4,23.0,19.4,17.4,13.2,8.8,5.4,3.0,1.3,43.5,45.2,45.9,13.1,0.6,75.6,18.0,22.3,80.3,,,OBAnorm,,LD831_01996v2.403,,,,0,0
GLBALSTL,2024-05-24 01:30:09.000,20.1,24.1,28.8,30.1,27.9,28.4,29.4,28.6,28.4,29.8,29.4,27.3,27.3,29.1,31.2,33.9,35.1,35.9,36.2,36.0,35.3,34.1,32.5,29.2,25.9,24.0,20.7,17.0,13.9,9.9,6.1,3.6,1.4,43.9,45.5,46.2,13.1,0.6,75.6,17.9,22.3,80.3,,,OBAnorm,,LD831_01996v2.403,,,,0,0
GLBALSTL,2024-05-24 01:30:10.000,27.2,28.2,28.9,29.5,27.0,24.0,26.1,24.9,29.4,30.2,30.8,28.3,30.0,32.4,34.8,35.1,36.8,36.7,37.4,36.7,36.2,34.1,31.8,29.4,25.9,23.3,20.3,17.7,14.1,9.5,6.1,3.5,1.3,44.6,46.4,46.9,13.1,0.5,75.6,17.9,22.3,80.3,,,OBAnorm,,LD831_01996v2.403,,,,0,0
GLBALSTL,2024-05-24 01:30:11.000,24.1,27.9,27.6,30.4,26.1,28.0,24.9,29.0,26.2,30.4,30.8,28.1,27.7,32.3,32.5,33.9,35.3,35.6,35.5,35.0,35.0,33.2,31.2,27.8,24.8,21.9,18.8,16.6,13.2,8.8,5.9,3.2,1.2,43.3,45.2,45.8,13.1,0.5,75.6,17.9,22.3,80.3,,,OBAnorm,,LD831_01996v2.403,,,,0,0
GLBALSTL,2024-05-24 01:30:12.000,24.5,25.5,27.9,26.7,26.0,28.4,28.7,28.1,26.8,30.9,30.9,26.6,27.7,30.7,33.1,34.9,35.3,36.1,36.5,36.3,35.1,33.8,32.4,29.2,27.0,23.1,19.7,16.6,12.7,8.2,5.1,3.0,1.2,44.0,45.8,46.8,13.1,0.4,75.6,18.0,22.3,80.3,,,OBAnorm,,LD831_01996v2.403,,,,0,0
GLBALSTL,2024-05-24 01:30:13.000,20.1,26.1,30.5,27.0,26.3,27.8,28.9,29.2,30.3,30.0,31.5,29.7,30.6,32.7,34.7,34.9,36.4,37.7,37.9,36.4,36.0,34.8,32.9,29.9,26.9,24.3,21.1,18.3,14.7,10.3,6.5,3.5,1.4,44.8,46.5,47.3,13.1,0.4,75.6,17.9,22.3,80.3,,,OBAnorm,,LD831_01996v2.403,,,,0,0
GLBALSTL,2024-05-24 01:30:14.000,25.1,24.4,29.4,26.7,29.0,25.5,29.2,29.8,29.8,31.0,29.8,28.3,31.0,32.5,32.5,34.6,36.2,36.9,36.2,37.1,36.2,34.7,33.5,29.9,27.9,25.3,22.9,19.1,16.8,12.0,7.8,4.4,1.7,44.7,46.4,47.5,13.1,0.4,75.6,17.9,22.3,80.3,,,OBAnorm,,LD831_01996v2.403,,,,0,0
GLBALSTL,2024-05-24 01:30:15.000,26.8,26.1,26.7,27.8,26.0,26.5,28.1,28.1,28.9,31.2,29.8,27.9,27.8,30.8,31.8,33.5,35.0,36.3,35.2,35.1,35.1,33.5,31.7,29.4,26.3,23.7,20.8,17.4,14.4,11.0,7.0,3.6,1.6,43.6,45.2,46.1,13.1,0.3,75.6,18.0,22.3,80.3,,,OBAnorm,,LD831_01996v2.403,,,,0,0
GLBALSTL,2024-05-24 01:30:16.000,24.9,26.8,28.8,27.5,24.4,27.5,25.9,28.6,30.3,29.4,30.0,31.7,30.7,31.4,32.4,33.8,36.6,35.7,35.6,36.3,35.3,33.6,31.7,28.4,25.8,23.2,20.3,17.3,13.7,10.4,6.9,3.6,1.3,43.8,45.9,46.6,13.1,0.3,75.6,17.9,22.3,80.3,,,OBAnorm,,LD831_01996v2.403,,,,0,0
GLBALSTL,2024-05-24 01:30:17.000,23.4,30.3,28.4,28.7,26.6,26.2,28.4,27.3,28.9,31.1,31.0,30.4,31.5,31.9,30.7,34.4,35.5,36.2,35.9,35.4,35.2,34.9,32.3,29.4,26.5,24.4,23.2,19.0,15.6,12.0,7.9,4.5,1.8,44.1,45.8,46.7,13.1,0.3,75.6,17.9,22.3,80.3,,,OBAnorm,,LD831_01996v2.403,,,,0,0
GLBALSTL,2024-05-24 01:30:18.000,24.6,25.6,28.8,26.4,27.4,25.6,29.0,27.9,27.6,29.7,29.9,27.4,31.2,31.6,32.3,33.8,34.4,36.1,36.2,35.9,35.3,34.8,32.4,29.3,26.6,24.1,22.1,18.6,15.5,11.7,7.4,4.5,1.7,44.0,45.7,46.7,13.1,0.3,75.6,18.0,22.3,80.3,,,OBAnorm,,LD831_01996v2.403,,,,0,0
GLBALSTL,2024-05-24 01:30:19.000,24.1,26.8,28.9,25.7,23.3,27.2,27.2,27.2,28.6,30.6,29.7,30.3,31.1,32.5,32.9,34.2,36.7,36.2,36.7,35.9,35.7,34.2,32.6,29.6,26.4,23.0,20.0,16.3,13.0,9.6,5.9,3.4,1.2,44.1,45.8,47.7,13.1,0.3,75.6,18.0,22.3,80.3,,,OBAnorm,,LD831_01996v2.403,,,,0,0
GLBALSTL,2024-05-24 01:30:20.000,25.1,23.3,28.1,28.7,23.3,26.4,26.2,27.8,29.4,30.9,30.4,26.4,26.5,30.1,31.4,33.6,35.3,35.5,34.7,34.9,34.6,33.6,31.4,28.1,25.0,22.2,19.1,15.9,12.3,9.0,5.3,3.1,1.2,43.0,44.8,45.5,13.1,0.3,75.6,17.9,22.3,80.3,,,OBAnorm,,LD831_01996v2.403,,,,0,0
GLBALSTL,2024-05-24 01:30:21.000,25.1,26.8,26.2,30.0,26.2,27.1,26.7,29.1,26.8,31.2,29.5,25.8,27.4,29.0,31.6,34.5,35.5,36.3,35.8,35.7,35.4,34.0,31.9,29.2,26.2,22.7,19.5,17.0,13.6,9.4,6.2,3.7,1.4,43.7,45.4,47.7,13.1,0.3,75.6,18.0,22.3,80.3,,,OBAnorm,,LD831_01996v2.403,,,,0,0
GLBALSTL,2024-05-24 01:30:22.000,26.4,27.7,27.3,26.8,25.8,26.3,27.8,27.0,29.1,30.2,29.0,25.7,30.1,31.8,32.8,35.0,35.6,36.5,36.3,35.8,34.8,33.6,32.5,29.2,25.7,23.3,20.7,18.1,13.8,10.1,5.9,3.4,1.5,43.9,45.7,50.4,13.1,0.3,75.6,17.9,22.3,80.3,,,OBAnorm,,LD831_01996v2.403,,,,0,0
GLBALSTL,2024-05-24 01:30:23.000,26.1,29.0,32.1,27.4,28.7,27.6,29.2,28.6,26.0,28.8,30.6,27.2,27.6,29.5,31.9,34.3,35.4,35.9,35.6,35.3,35.0,33.5,31.6,29.1,25.7,22.4,19.3,17.0,12.9,8.9,5.8,3.3,1.4,43.4,45.2,46.5,13.1,0.3,75.6,18.0,22.3,80.3,,,OBAnorm,,LD831_01996v2.403,,,,0,0
GLBALSTL,2024-05-24 01:30:24.000,26.1,27.5,27.4,27.7,27.4,24.0,26.6,30.1,25.7,29.8,29.8,26.8,28.0,30.9,31.9,34.0,35.6,36.2,35.4,34.9,34.6,33.5,31.7,28.4,25.7,22.3,18.5,15.5,11.6,7.6,4.8,2.9,1.2,43.4,45.3,46.7,13.1,0.3,75.6,18.0,22.3,80.3,,,OBAnorm,,LD831_01996v2.403,,,,0,0
GLBALSTL,2024-05-24 01:30:25.000,22.3,25.0,32.3,27.2,25.2,26.3,28.6,27.0,29.7,29.8,30.1,28.1,28.2,30.4,32.1,34.1,35.7,36.2,35.8,34.8,34.9,33.6,31.9,28.8,25.3,21.9,19.4,17.0,13.1,8.9,5.5,2.9,1.2,43.6,45.4,46.9,13.1,0.1,75.6,17.9,22.3,80.3,,,OBAnorm,,LD831_01996v2.403,,,,0,0
GLBALSTL,2024-05-24 01:30:26.000,27.6,28.5,30.9,27.2,26.4,28.7,29.5,26.4,29.2,31.4,28.2,31.0,32.0,33.9,33.6,33.9,35.9,36.4,35.8,35.7,35.5,34.0,32.6,29.0,25.7,22.6,19.8,16.8,12.7,8.9,6.0,3.3,1.5,44.0,46.0,46.6,13.1,0.0,75.6,18.0,22.3,80.3,,,OBAnorm,,LD831_01996v2.403,,,,0,0
GLBALSTL,2024-05-24 01:30:27.000,27.7,25.5,24.3,26.4,25.6,26.1,27.9,29.5,29.4,30.0,30.3,26.8,29.9,33.8,34.0,35.2,36.3,36.4,36.7,36.1,35.3,34.0,32.5,30.0,26.1,23.8,20.4,17.7,13.9,9.0,5.5,3.1,1.2,44.3,46.2,46.7,13.1,0.0,75.6,17.9,22.4,80.3,,,OBAnorm,,LD831_01996v2.403,,,,0,0
GLBALSTL,2024-05-24 01:30:28.000,24.4,26.0,28.6,29.3,26.6,26.0,29.7,28.9,28.2,28.9,30.5,28.6,31.1,32.4,33.2,35.0,35.8,36.6,36.0,35.7,35.1,34.5,32.3,29.2,26.4,23.4,20.7,18.2,14.8,10.8,7.3,4.9,1.8,44.0,45.9,46.4,13.1,0.0,75.6,17.9,22.3,80.3,,,OBAnorm,,LD831_01996v2.403,,,,0,0
GLBALSTL,2024-05-24 01:30:29.000,24.9,25.1,25.7,28.9,24.2,29.0,28.2,30.2,28.7,30.5,30.8,26.8,29.5,31.2,31.3,33.9,35.2,35.4,35.2,36.0,35.0,33.6,31.9,29.8,26.0,22.8,19.8,17.2,14.4,10.6,7.8,3.9,1.4,43.6,45.4,46.1,13.1,0.0,75.6,17.9,22.3,80.3,,,OBAnorm,,LD831_01996v2.403,,,,0,0
GLBALSTL,2024-05-24 01:30:30.000,23.9,24.8,28.1,29.3,24.4,27.8,27.7,29.0,28.5,30.5,32.1,28.2,28.9,32.1,33.8,34.8,35.9,36.9,35.7,35.9,35.1,33.4,32.4,29.4,26.6,23.7,20.6,17.9,14.0,9.8,6.2,3.5,1.3,44.0,45.8,46.4,13.1,0.0,75.6,17.9,22.3,80.3,,,OBAnorm,,LD831_01996v2.403,,,,0,0
GLBALSTL,2024-05-24 01:30:31.000,22.0,26.1,28.8,27.0,26.6,28.0,27.7,27.2,29.4,30.4,30.7,27.8,28.5,32.6,31.6,34.2,35.9,37.3,36.2,36.2,35.9,34.3,32.9,29.2,26.1,23.1,20.0,16.6,12.3,8.4,5.3,3.1,1.1,44.3,46.0,46.6,13.1,0.0,75.6,17.9,22.3,80.3,,,OBAnorm,,LD831_01996v2.403,,,,0,0
GLBALSTL,2024-05-24 01:30:32.000,21.0,24.8,30.1,27.8,28.2,28.0,27.1,29.3,28.8,30.1,29.6,28.2,29.7,31.8,34.0,35.3,36.1,36.8,37.4,37.3,36.4,34.6,32.9,30.5,27.2,24.8,21.9,19.9,16.5,12.2,7.5,4.3,1.8,45.0,46.6,48.6,13.1,0.0,75.6,18.0,22.3,80.3,,,OBAnorm,,LD831_01996v2.403,,,,0,0
GLBALSTL,2024-05-24 01:30:33.000,23.1,29.3,28.8,27.8,29.6,28.4,27.2,28.3,29.4,29.8,30.7,30.4,31.4,33.0,33.0,35.2,36.4,36.1,36.3,35.8,35.2,34.3,32.8,30.1,26.7,24.3,21.6,18.1,15.1,11.0,6.8,3.8,1.5,44.2,46.0,47.7,13.1,0.0,75.6,17.9,22.3,80.3,,,OBAnorm,,LD831_01996v2.403,,,,0,0
GLBALSTL,2024-05-24 01:30:34.000,24.3,30.0,31.1,27.8,22.9,25.7,25.9,28.1,27.5,29.9,29.9,27.3,29.7,32.3,34.0,36.2,36.4,35.8,35.7,36.6,36.4,35.0,33.7,31.5,27.9,25.3,23.3,20.8,18.6,14.1,10.4,6.0,2.5,44.9,46.4,47.6,13.1,0.0,75.6,17.9,22.3,80.3,,,OBAnorm,,LD831_01996v2.403,,,,0,0
GLBALSTL,2024-05-24 01:30:35.000,20.5,28.4,31.8,25.8,25.2,24.0,28.1,28.2,29.4,30.6,29.8,28.7,31.7,32.5,34.5,35.1,35.4,36.5,36.7,36.4,36.9,35.6,33.3,30.9,27.9,25.5,23.2,20.4,17.2,13.4,9.2,5.0,2.2,45.1,46.7,47.2,13.1,0.0,75.6,17.9,22.3,80.3,,,OBAnorm,,LD831_01996v2.403,,,,0,0
GLBALSTL,2024-05-24 01:30:36.000,29.0,25.9,29.2,29.1,26.1,25.7,28.3,29.0,29.1,30.4,31.0,32.6,32.8,34.7,34.2,35.8,36.8,37.3,37.3,36.7,36.2,34.8,34.0,32.1,28.2,25.9,23.9,21.3,18.4,14.2,10.5,6.0,2.9,45.1,46.9,48.1,13.1,0.0,75.6,18.0,22.3,80.3,,,OBAnorm,,LD831_01996v2.403,,,,0,0
GLBALSTL,2024-05-24 01:30:37.000,21.1,26.5,26.8,23.5,22.8,26.9,26.3,28.8,28.6,29.9,29.6,28.0,30.5,32.0,33.6,35.1,35.5,36.1,36.4,35.7,34.7,34.4,32.2,29.2,26.0,22.8,19.6,17.0,13.7,9.3,6.3,3.7,1.5,43.9,45.8,50.1,13.1,0.0,75.6,17.9,22.3,80.3,,,OBAnorm,,LD831_01996v2.403,,,,0,0
GLBALSTL,2024-05-24 01:30:38.000,24.2,27.2,27.0,26.3,27.9,26.3,28.2,27.9,28.3,30.5,30.1,27.8,29.4,33.8,34.6,35.0,36.3,37.0,37.1,36.2,36.0,34.7,32.4,30.0,26.6,24.0,20.7,17.6,13.5,9.6,6.1,3.4,1.5,44.6,46.3,50.5,13.1,0.0,75.6,18.0,22.3,80.3,,,OBAnorm,,LD831_01996v2.403,,,,0,0
GLBALSTL,2024-05-24 01:30:39.000,26.8,24.7,30.9,29.6,25.1,23.2,30.3,28.3,27.7,29.3,29.9,28.2,28.4,29.9,31.8,33.6,35.8,36.2,36.4,36.4,35.1,33.8,31.8,28.7,25.5,22.9,19.4,17.2,12.9,8.3,5.3,3.0,1.3,43.8,45.5,46.9,13.1,0.0,75.6,17.9,22.3,80.3,,,OBAnorm,,LD831_01996v2.403,,,,0,0
GLBALSTL,2024-05-24 01:30:40.000,23.0,25.8,25.3,26.2,26.1,26.8,28.5,27.6,26.9,29.0,30.6,29.7,28.6,31.4,31.2,32.9,34.1,35.1,35.6,35.2,34.4,32.4,30.7,28.3,24.8,21.9,19.1,16.6,12.3,8.2,5.2,3.0,1.3,42.9,44.8,45.4,13.1,0.0,75.6,18.0,22.3,80.3,,,OBAnorm,,LD831_01996v2.403,,,,0,0
GLBALSTL,2024-05-24 01:30:41.000,22.6,28.0,27.8,27.2,24.6,26.6,27.8,27.6,27.0,29.7,29.7,27.7,28.6,31.1,32.0,34.3,36.2,37.1,37.3,36.7,35.6,33.9,32.1,30.5,26.9,24.0,21.1,18.9,15.3,9.4,5.9,3.4,1.4,44.5,46.1,46.6,13.1,0.0,75.6,18.0,22.3,80.3,,,OBAnorm,,LD831_01996v2.403,,,,0,0
GLBALSTL,2024-05-24 01:30:42.000,21.9,24.2,28.3,27.8,26.2,28.4,29.1,29.7,27.6,29.3,28.7,29.1,31.3,32.5,32.3,34.2,34.8,35.9,35.9,35.4,35.4,33.7,31.8,28.6,25.5,22.8,19.8,17.2,14.2,10.1,6.6,3.3,1.7,43.6,45.4,46.0,13.1,0.0,75.7,17.9,22.3,80.3,,,OBAnorm,,LD831_01996v2.403,,,,0,0
GLBALSTL,2024-05-24 01:30:43.000,22.4,27.8,28.3,30.5,23.6,25.8,27.9,27.5,28.4,29.1,30.4,26.8,27.4,31.3,32.7,33.7,35.6,35.9,36.2,35.6,34.6,32.4,31.3,28.5,25.6,22.8,20.0,17.9,13.5,9.3,6.1,3.2,1.2,43.4,45.2,45.9,13.1,0.0,75.6,17.9,22.3,80.3,,,OBAnorm,,LD831_01996v2.403,,,,0,0
GLBALSTL,2024-05-24 01:30:44.000,21.8,26.7,29.6,29.0,26.5,28.4,25.7,27.8,26.8,28.8,30.4,27.3,26.5,31.5,33.6,32.9,35.3,35.8,36.0,35.4,34.3,32.7,31.1,27.9,25.5,22.2,19.1,17.2,13.2,8.7,5.5,3.3,1.4,43.3,45.2,45.9,13.1,0.0,75.6,18.0,22.3,80.3,,,OBAnorm,,LD831_01996v2.403,,,,0,0
GLBALSTL,2024-05-24 01:30:45.000,24.9,29.9,29.4,27.9,23.9,26.5,30.9,25.7,28.2,30.6,30.6,27.6,29.6,33.8,33.6,35.4,35.9,36.0,36.2,36.0,34.7,33.3,31.7,28.4,25.8,22.7,20.4,17.7,13.5,8.8,5.4,3.1,1.3,43.8,45.9,47.1,13.1,0.0,75.6,18.0,22.3,80.3,,,OBAnorm,,LD831_01996v2.403,,,,0,0
GLBALSTL,2024-05-24 01:30:46.000,25.2,25.4,29.8,28.4,26.5,26.1,29.8,28.5,28.2,29.4,29.5,32.6,29.4,31.6,33.4,35.6,36.8,37.3,36.7,36.2,35.0,33.4,31.3,28.8,25.5,22.4,19.5,17.5,12.8,8.3,5.2,3.2,1.1,44.0,46.0,47.1,13.1,0.0,75.6,17.8,22.4,80.3,,,OBAnorm,,LD831_01996v2.403,,,,0,0
GLBALSTL,2024-05-24 01:30:47.000,24.4,28.0,32.1,28.1,24.3,25.8,28.2,28.1,27.7,30.7,29.8,27.6,27.9,30.2,32.8,33.7,35.2,35.8,35.2,36.2,35.0,33.9,31.6,29.0,25.7,23.0,20.2,18.1,13.5,9.0,5.8,3.3,1.3,43.7,45.4,46.4,13.1,0.0,75.6,17.8,22.4,80.3,,,OBAnorm,,LD831_01996v2.403,,,,0,0
GLBALSTL,2024-05-24 01:30:48.000,25.7,26.4,30.9,26.0,26.9,26.7,25.9,28.5,29.0,30.2,30.3,27.2,32.3,33.2,33.8,36.8,36.6,37.7,36.9,37.0,35.8,34.8,32.4,29.8,27.1,24.4,21.2,18.6,15.2,10.3,6.6,3.6,1.5,44.8,46.6,47.5,13.1,0.1,75.6,17.9,22.4,80.3,,,OBAnorm,,LD831_01996v2.403,,,,0,0
GLBALSTL,2024-05-24 01:30:49.000,26.6,27.1,25.5,29.7,28.3,27.0,26.8,26.0,26.2,29.0,29.6,28.0,26.7,31.3,32.8,34.3,35.9,37.1,37.6,36.5,36.7,35.1,33.3,31.1,27.7,25.5,22.3,19.7,16.0,12.4,7.9,4.4,1.7,45.0,46.3,46.8,13.1,0.2,75.6,18.0,22.4,80.3,,,OBAnorm,,LD831_01996v2.403,,,,0,0
GLBALSTL,2024-05-24 01:30:50.000,23.3,26.8,26.5,28.5,25.1,27.1,27.8,28.9,27.8,30.8,28.8,28.7,28.3,30.7,31.6,34.2,35.9,35.9,36.0,35.8,35.3,34.4,32.4,29.7,26.5,23.7,21.1,17.6,13.7,9.5,6.0,3.4,1.3,43.9,45.6,46.3,13.1,0.2,75.6,17.9,22.4,80.3,,,OBAnorm,,LD831_01996v2.403,,,,0,0
GLBALSTL,2024-05-24 01:30:51.000,27.8,25.5,27.5,26.1,28.2,27.1,28.8,28.8,28.1,31.6,32.7,29.6,32.6,33.3,35.0,36.5,37.6,37.7,37.4,36.8,36.5,35.0,34.3,31.2,27.8,25.3,22.7,19.7,17.0,13.5,9.3,5.3,2.4,45.4,47.2,47.8,13.1,0.3,75.6,17.9,22.4,80.3,,,OBAnorm,,LD831_01996v2.403,,,,0,0
GLBALSTL,2024-05-24 01:30:52.000,25.9,26.4,25.7,30.1,26.1,28.4,25.8,29.5,27.2,27.5,29.7,29.1,31.4,31.6,34.7,35.4,37.6,38.4,37.5,38.2,37.0,35.9,34.7,31.3,28.8,25.7,22.8,19.2,16.3,12.1,8.5,4.4,1.8,45.9,47.3,47.6,13.1,0.3,75.6,17.9,22.4,80.3,,,OBAnorm,,LD831_01996v2.403,,,,0,0
GLBALSTL,2024-05-24 01:30:53.000,25.7,31.5,29.1,26.0,25.0,25.6,28.0,29.3,26.7,29.4,29.8,28.8,29.7,31.0,34.5,34.2,34.5,36.0,36.0,36.9,35.1,34.4,32.3,30.3,27.4,24.6,21.9,19.5,15.5,10.7,7.7,3.9,1.6,44.1,45.7,46.9,13.1,0.3,75.6,17.9,22.3,80.3,,,OBAnorm,,LD831_01996v2.403,,,,0,0
GLBALSTL,2024-05-24 01:30:54.000,29.1,20.4,30.2,27.9,24.0,28.2,27.7,27.6,27.2,31.0,29.6,26.2,27.1,31.0,32.0,35.0,35.3,36.6,35.9,35.7,34.4,33.9,31.8,29.3,26.2,22.6,20.3,17.4,13.9,10.1,6.5,3.7,1.3,43.7,45.4,46.4,13.1,0.3,75.6,18.0,22.3,80.3,,,OBAnorm,,LD831_01996v2.403,,,,0,0
GLBALSTL,2024-05-24 01:30:55.000,23.9,21.5,24.7,27.5,26.3,27.1,26.1,28.9,27.5,28.8,28.8,26.8,28.0,33.6,33.6,35.8,38.5,38.3,38.0,38.0,38.0,36.4,35.1,32.4,28.8,26.0,23.3,20.3,17.8,14.0,9.1,4.7,1.9,46.4,47.6,48.1,13.1,0.3,75.6,17.9,22.3,80.3,,,OBAnorm,,LD831_01996v2.403,,,,0,0
GLBALSTL,2024-05-24 01:30:56.000,24.2,27.5,28.5,28.4,25.3,26.1,27.5,28.1,28.9,29.8,29.1,30.4,29.5,32.4,32.9,35.0,35.9,36.1,36.0,35.6,35.0,34.1,31.5,28.5,25.6,22.9,20.6,18.2,14.5,10.0,6.6,3.3,1.4,43.6,45.5,46.0,13.1,0.3,75.6,18.0,22.3,80.3,,,OBAnorm,,LD831_01996v2.403,,,,0,0
GLBALSTL,2024-05-24 01:30:57.000,22.8,24.1,30.0,23.4,24.1,28.2,29.7,27.2,26.4,29.6,28.2,28.1,29.4,30.5,32.2,34.2,34.5,34.3,35.3,34.7,34.2,33.2,31.0,28.8,25.3,22.0,19.7,17.4,13.5,9.6,6.0,3.5,1.5,43.0,44.9,45.9,13.1,0.3,75.6,18.0,22.3,80.3,,,OBAnorm,,LD831_01996v2.403,,,,0,0
GLBALSTL,2024-05-24 01:30:58.000,16.8,26.6,24.9,29.7,27.1,27.9,28.1,29.6,25.3,30.1,28.8,26.7,27.8,29.5,33.0,35.5,37.7,38.2,38.0,37.2,37.5,35.4,33.2,30.8,27.7,24.9,21.4,18.3,15.0,10.7,7.1,3.8,1.4,45.5,47.0,48.3,13.1,0.3,75.7,17.9,22.3,80.3,,,OBAnorm,,LD831_01996v2.403,,,,0,0
GLBALSTL,2024-05-24 01:30:59.000,26.7,23.7,28.7,27.5,25.0,27.6,27.8,27.7,27.3,27.9,30.3,28.2,29.4,31.3,32.5,34.9,36.2,36.2,36.0,35.6,35.5,35.4,32.9,30.0,26.4,23.2,20.0,17.2,13.6,10.0,6.3,3.3,1.4,44.2,45.7,46.8,13.1,0.3,75.6,18.0,22.3,80.3,,,OBAnorm,,LD831_01996v2.403,,,,0,0
GLBALSTL,2024-05-24 01:31:00.000,25.9,28.3,26.5,29.1,24.0,27.4,27.3,29.3,27.2,30.2,27.7,25.4,26.8,31.5,34.4,36.1,36.4,38.0,36.2,36.9,35.7,35.1,32.9,30.6,27.9,24.4,21.9,19.1,15.8,11.1,7.3,4.2,1.8,45.0,46.5,47.2,13.1,0.3,75.6,18.0,22.3,80.3,,,OBAnorm,,LD831_01996v2.403,,,,0,0
GLBALSTL,2024-05-24 01:31:01.000,26.9,25.7,28.5,28.5,28.3,25.7,26.6,27.9,28.4,28.8,27.1,27.8,28.4,32.9,34.2,36.0,38.4,38.4,39.1,38.3,37.3,36.5,34.0,31.5,28.0,24.9,21.3,17.5,14.1,9.6,6.2,3.2,1.3,46.1,47.4,47.9,13.1,0.3,75.6,18.0,22.3,80.3,,,OBAnorm,,LD831_01996v2.403,,,,0,0
GLBALSTL,2024-05-24 01:31:02.000,22.2,28.0,28.0,26.4,28.5,28.1,26.6,25.1,25.9,28.0,27.3,28.3,28.9,31.7,33.8,35.1,36.7,37.3,37.8,36.8,36.0,35.1,33.9,30.7,28.0,25.2,22.9,19.7,17.1,12.5,8.4,5.0,1.8,45.1,46.5,47.2,13.1,0.3,75.6,18.0,22.3,80.3,,,OBAnorm,,LD831_01996v2.403,,,,0,0
GLBALSTL,2024-05-24 01:31:03.000,21.4,26.6,26.2,29.2,24.3,25.3,28.0,26.4,27.1,29.6,29.8,26.7,29.6,29.9,31.7,34.7,35.3,35.5,35.8,35.2,34.2,33.4,30.9,28.5,25.5,22.6,20.8,18.0,14.6,10.3,6.8,4.0,1.7,43.2,45.0,45.8,13.1,0.2,75.6,17.9,22.3,80.3,,,OBAnorm,,LD831_01996v2.403,,,,0,0
GLBALSTL,2024-05-24 01:31:04.000,21.9,26.0,30.4,28.1,28.4,29.5,28.3,26.7,27.2,28.8,31.4,29.9,31.7,31.8,33.2,35.8,37.0,37.6,37.7,36.7,36.9,35.5,33.8,31.5,28.3,25.2,21.9,18.9,15.9,11.7,8.1,4.7,1.9,45.3,47.1,48.6,13.1,0.2,75.6,17.9,22.3,80.3,,,OBAnorm,,LD831_01996v2.403,,,,0,0
GLBALSTL,2024-05-24 01:31:05.000,24.6,21.9,31.8,30.0,25.8,28.1,29.3,27.4,26.8,30.9,30.5,33.4,34.0,37.2,36.1,36.7,38.3,38.2,38.1,37.8,37.8,37.0,34.8,33.4,29.5,28.0,26.2,23.7,21.4,17.6,13.6,8.2,3.9,46.6,48.2,48.7,13.1,0.2,75.6,17.9,22.3,80.3,,,OBAnorm,,LD831_01996v2.403,,,,0,0
GLBALSTL,2024-05-24 01:31:06.000,24.9,26.7,27.9,28.0,25.4,27.6,28.5,27.7,26.9,28.0,28.1,29.7,30.2,32.2,32.5,34.3,35.9,36.5,36.6,37.0,36.9,36.5,34.2,31.6,27.8,25.5,23.9,21.0,18.3,15.0,9.6,5.8,2.6,45.2,46.3,47.1,13.1,0.2,75.6,17.9,22.3,80.3,,,OBAnorm,,LD831_01996v2.403,,,,0,0
GLBALSTL,2024-05-24 01:31:07.000,25.8,27.7,26.4,27.3,26.9,29.5,24.4,26.7,26.2,28.0,28.2,30.8,31.7,33.4,33.7,34.7,36.6,37.6,36.0,36.7,36.1,34.7,33.0,30.7,27.0,24.8,22.3,19.1,16.5,12.9,8.5,4.7,2.0,44.8,46.5,47.0,13.1,0.2,75.6,17.9,22.3,80.3,,,OBAnorm,,LD831_01996v2.403,,,,0,0
GLBALSTL,2024-05-24 01:31:08.000,25.1,28.1,29.8,27.2,27.0,29.5,28.4,25.6,26.5,28.3,29.6,31.0,30.7,31.6,33.3,35.6,37.1,37.7,37.0,36.3,35.5,34.7,33.0,29.3,26.5,23.5,20.5,18.6,14.4,9.4,5.8,3.4,1.3,44.7,46.4,46.9,13.1,0.2,75.6,18.0,22.3,80.3,,,OBAnorm,,LD831_01996v2.403,,,,0,0
GLBALSTL,2024-05-24 01:31:09.000,25.3,27.6,28.7,27.6,25.6,28.8,28.4,27.8,26.6,28.6,28.3,28.1,30.4,31.5,33.3,34.8,35.4,37.0,36.3,35.5,34.3,33.6,31.5,28.5,25.5,22.7,19.5,17.2,12.9,8.9,5.8,3.2,1.3,43.7,45.4,45.8,13.1,0.2,75.6,18.0,22.3,80.3,,,OBAnorm,,LD831_01996v2.403,,,,0,0
GLBALSTL,2024-05-24 01:31:10.000,22.9,22.8,25.1,27.9,27.1,25.6,26.3,25.8,26.7,26.4,27.4,26.5,28.1,30.8,31.3,33.6,35.2,36.8,36.0,35.6,35.0,33.9,31.4,29.1,25.9,22.7,19.3,16.7,13.2,9.2,6.1,3.3,1.5,43.7,45.2,45.8,13.1,0.3,75.6,17.9,22.3,80.3,,,OBAnorm,,LD831_01996v2.403,,,,0,0
GLBALSTL,2024-05-24 01:31:11.000,21.6,24.3,29.6,27.8,29.2,24.5,27.1,28.7,27.9,29.3,29.7,28.2,27.7,29.8,32.5,35.0,35.7,37.1,36.3,36.2,35.0,33.7,31.5,29.0,25.9,22.7,19.1,16.6,12.3,8.4,5.1,2.9,1.3,43.9,45.7,46.1,13.1,0.3,75.6,17.9,22.3,80.3,,,OBAnorm,,LD831_01996v2.403,,,,0,0
GLBALSTL,2024-05-24 01:31:12.000,18.9,20.7,28.0,26.8,29.5,27.1,27.9,24.9,27.7,28.7,33.2,31.3,32.0,33.2,34.0,34.1,36.0,36.0,35.5,35.2,34.5,32.9,31.8,28.6,25.9,24.0,20.7,19.8,15.9,10.5,6.6,3.7,1.4,43.6,46.6,47.1,13.1,0.4,75.6,18.0,22.3,80.3,,,OBAnorm,,LD831_01996v2.403,,,,0,0
GLBALSTL,2024-05-24 01:31:13.000,20.8,28.5,28.3,27.2,26.0,27.2,29.9,27.1,29.9,30.1,38.2,33.0,33.4,33.0,34.1,35.3,35.3,36.4,36.7,36.6,35.0,33.3,31.6,28.1,25.3,22.7,19.2,17.2,13.8,8.6,5.8,3.1,1.2,44.0,46.0,46.6,13.1,0.6,75.6,17.9,22.3,80.3,,,OBAnorm,,LD831_01996v2.403,,,,0,0
GLBALSTL,2024-05-24 01:31:14.000,18.7,20.2,26.6,26.9,26.6,27.8,29.6,26.9,27.1,28.5,28.3,28.1,32.3,32.5,33.3,35.8,36.2,36.9,36.1,35.4,34.4,34.0,31.5,29.3,25.7,22.9,19.6,16.5,12.5,8.0,4.9,3.2,1.3,43.9,45.8,46.3,13.1,0.7,75.6,17.9,22.3,80.3,,,OBAnorm,,LD831_01996v2.403,,,,0,0
GLBALSTL,2024-05-24 01:31:15.000,22.3,27.4,25.7,26.9,26.7,27.5,29.3,28.4,26.9,28.2,26.1,27.6,29.3,31.6,33.9,35.2,36.2,36.3,36.5,36.1,35.7,34.4,32.4,29.6,26.9,23.7,20.4,17.6,14.4,10.2,6.3,3.4,1.5,44.2,45.9,46.4,13.1,0.7,75.6,18.0,22.3,80.3,,,OBAnorm,,LD831_01996v2.403,,,,0,0
GLBALSTL,2024-05-24 01:31:16.000,21.2,27.0,27.8,28.1,27.8,28.3,29.3,26.6,26.7,29.0,27.7,28.1,28.1,32.3,33.9,35.6,36.5,36.2,37.1,36.7,35.7,34.0,32.2,30.1,26.4,22.9,20.0,17.2,13.8,9.3,6.0,3.2,1.4,44.3,46.0,46.4,13.1,0.7,75.6,17.9,22.3,80.3,,,OBAnorm,,LD831_01996v2.403,,,,0,0
GLBALSTL,2024-05-24 01:31:17.000,25.1,26.7,25.7,27.3,26.4,28.3,27.7,26.4,27.4,27.8,26.7,25.7,31.2,31.6,32.2,33.7,35.2,34.7,35.2,35.0,34.5,33.6,32.3,29.1,25.9,22.7,21.1,18.3,14.0,9.6,6.1,3.3,1.3,43.4,45.2,45.8,13.1,0.7,75.6,17.9,22.4,80.3,,,OBAnorm,,LD831_01996v2.403,,,,0,0
GLBALSTL,2024-05-24 01:31:18.000,25.9,26.8,31.8,25.0,27.8,27.6,27.4,27.4,26.6,28.1,28.3,24.0,25.5,29.6,32.0,34.7,35.9,35.9,35.6,35.7,34.7,34.3,31.8,29.0,25.6,22.9,20.4,18.0,14.5,9.3,5.8,3.1,1.3,43.6,45.2,45.6,13.1,0.6,75.6,17.9,22.4,80.3,,,OBAnorm,,LD831_01996v2.403,,,,0,0
GLBALSTL,2024-05-24 01:31:19.000,23.7,28.7,30.6,30.3,28.0,26.3,27.5,28.5,26.9,26.6,27.7,24.6,29.2,31.4,32.7,34.0,34.6,36.3,35.9,36.3,35.6,33.6,32.8,29.8,26.8,23.7,21.6,19.0,14.5,9.7,6.2,3.4,1.3,44.0,45.6,46.3,13.1,0.6,75.6,17.9,22.4,80.3,,,OBAnorm,,LD831_01996v2.403,,,,0,0
GLBALSTL,2024-05-24 01:31:20.000,23.4,23.7,28.2,27.5,27.3,28.5,30.7,28.7,27.9,27.1,27.9,31.3,29.8,32.2,30.6,33.8,35.2,36.0,36.1,36.3,34.9,33.9,32.3,29.7,26.8,23.9,21.6,18.6,16.2,10.5,6.6,3.7,1.6,44.0,45.6,46.4,13.1,0.5,75.6,18.0,22.4,80.3,,,OBAnorm,,LD831_01996v2.403,,,,0,0
GLBALSTL,2024-05-24 01:31:21.000,26.3,26.6,26.7,26.2,29.1,28.7,28.1,25.5,27.8,27.4,28.9,26.5,29.0,32.9,34.6,36.7,36.7,37.6,37.3,37.0,36.0,35.0,33.6,30.6,26.9,24.6,21.4,18.7,14.7,10.2,6.8,3.5,1.3,45.1,46.7,47.1,13.1,0.5,75.6,17.9,22.4,80.3,,,OBAnorm,,LD831_01996v2.403,,,,0,0
GLBALSTL,2024-05-24 01:31:22.000,26.6,27.2,28.0,28.5,27.2,29.8,28.6,28.2,28.2,28.3,28.6,26.5,27.6,30.9,31.7,35.4,35.5,37.2,36.7,36.3,36.1,34.5,33.0,30.0,26.6,23.6,21.3,18.9,14.3,9.7,6.4,3.3,1.5,44.5,46.0,46.6,13.1,0.5,75.6,17.9,22.4,80.3,,,OBAnorm,,LD831_01996v2.403,,,,0,0
GLBALSTL,2024-05-24 01:31:23.000,23.4,28.4,29.3,29.3,27.5,28.1,30.0,28.8,26.7,27.8,28.2,25.4,26.7,30.6,33.1,34.6,36.1,36.6,37.4,36.0,35.7,34.7,32.3,30.0,26.5,25.0,23.3,22.1,19.1,15.6,6.8,3.6,1.4,44.5,46.0,46.5,13.1,0.4,75.6,18.0,22.4,80.3,,,OBAnorm,,LD831_01996v2.403,,,,0,0
GLBALSTL,2024-05-24 01:31:24.000,21.1,23.8,27.6,28.5,28.7,27.8,30.5,28.9,27.8,29.0,29.0,26.9,27.5,31.1,31.5,34.2,36.2,37.4,36.8,36.2,36.0,34.2,32.8,29.8,26.9,23.9,20.5,18.5,13.9,8.6,5.6,3.1,1.3,44.4,46.0,46.6,13.1,0.5,75.6,17.9,22.4,80.3,,,OBAnorm,,LD831_01996v2.403,,,,0,0
GLBALSTL,2024-05-24 01:31:25.000,24.6,24.9,26.5,27.9,26.7,27.4,30.7,28.7,27.7,29.1,29.3,26.5,27.7,30.6,31.7,34.8,35.8,36.5,36.5,36.3,35.4,34.8,33.1,30.0,27.2,24.3,22.2,25.0,14.5,10.2,6.4,3.7,1.4,44.4,45.9,46.4,13.1,0.5,75.6,17.9,22.4,80.3,,,OBAnorm,,LD831_01996v2.403,,,,0,0
GLBALSTL,2024-05-24 01:31:26.000,20.8,29.2,27.1,25.9,27.9,26.0,27.7,30.3,26.4,29.0,28.8,26.4,27.9,31.5,32.7,33.9,34.8,35.5,35.9,34.7,34.1,33.1,30.6,27.3,25.3,24.0,25.7,24.1,14.9,10.3,5.0,2.8,1.1,43.4,45.3,46.0,13.1,0.6,75.6,17.9,22.4,80.3,,,OBAnorm,,LD831_01996v2.403,,,,0,0
GLBALSTL,2024-05-24 01:31:27.000,22.6,27.8,30.1,26.8,25.9,25.7,30.9,28.6,26.7,31.1,29.8,25.9,28.9,32.1,33.9,36.0,36.5,37.1,38.6,37.8,36.8,34.9,33.5,31.0,27.1,24.4,22.2,20.2,16.4,12.3,8.6,4.6,1.8,45.5,47.0,47.5,13.1,0.8,75.6,17.9,22.4,80.3,,,OBAnorm,,LD831_01996v2.403,,,,0,0
GLBALSTL,2024-05-24 01:31:28.000,27.1,28.3,29.7,28.8,28.1,28.6,28.6,26.8,26.6,28.1,29.2,25.8,29.7,33.9,33.6,34.3,35.3,36.7,36.0,35.6,35.2,34.4,31.9,29.7,26.6,24.6,21.7,19.4,14.1,9.5,6.2,3.3,1.3,43.9,45.7,46.2,13.1,1.0,75.6,17.9,22.4,80.3,,,OBAnorm,,LD831_01996v2.403,,,,0,0
GLBALSTL,2024-05-24 01:31:29.000,27.5,28.6,30.8,26.6,28.6,29.4,30.1,25.4,27.8,29.4,29.1,26.3,31.0,32.3,33.1,35.1,36.4,36.8,36.8,36.9,35.9,34.8,32.9,29.6,26.7,24.3,21.6,19.0,15.2,11.1,6.8,3.9,1.6,44.7,46.7,47.3,13.1,1.1,75.6,17.9,22.4,80.3,,,OBAnorm,,LD831_01996v2.403,,,,0,0
GLBALSTL,2024-05-24 01:31:30.000,24.1,26.8,29.3,28.7,27.2,29.9,29.0,29.6,30.2,28.8,31.1,34.4,31.8,32.7,33.5,34.1,35.5,35.8,36.0,36.0,35.8,34.5,32.6,29.8,27.0,23.7,21.4,18.7,15.4,11.3,7.3,4.1,1.7,44.1,45.7,46.2,13.1,1.1,75.6,17.9,22.4,80.3,,,OBAnorm,,LD831_01996v2.403,,,,0,0
GLBALSTL,2024-05-24 01:31:31.000,24.9,28.0,26.9,29.3,27.7,26.8,29.4,27.2,27.4,29.1,31.5,27.9,28.5,30.7,34.0,34.8,36.0,36.9,36.3,35.7,35.9,34.3,32.5,29.9,26.8,24.4,22.3,19.5,15.7,11.2,7.6,4.2,1.8,44.5,46.3,46.6,13.1,1.2,75.6,18.2,22.4,80.3,,,OBAnorm,,LD831_01996v2.403,,,,0,0
GLBALSTL,2024-05-24 01:31:32.000,20.4,23.8,29.8,25.1,26.0,28.8,29.5,29.3,26.3,30.1,28.9,29.8,33.1,34.3,34.2,35.0,37.2,37.2,37.2,37.2,36.0,34.9,33.6,30.4,27.3,24.6,21.4,19.1,15.1,10.7,7.4,3.9,1.5,44.9,46.7,47.1,13.1,1.2,75.6,17.9,22.4,80.3,,,OBAnorm,,LD831_01996v2.403,,,,0,0
GLBALSTL,2024-05-24 01:31:33.000,23.4,25.1,28.3,26.4,26.8,28.1,29.9,29.5,27.5,29.8,30.4,27.9,29.4,32.2,31.1,33.6,34.1,35.2,35.9,34.7,34.8,33.6,31.8,28.5,25.4,23.3,20.3,17.9,15.0,10.8,6.8,3.7,1.7,43.3,45.1,45.7,13.1,1.3,75.6,18.0,22.4,80.3,,,OBAnorm,,LD831_01996v2.403,,,,0,0
GLBALSTL,2024-05-24 01:31:34.000,21.3,25.3,28.0,27.6,24.6,27.8,27.7,29.7,26.8,26.1,30.7,32.4,30.9,33.9,35.1,35.6,36.4,37.2,37.2,36.8,35.6,34.2,32.7,29.3,26.5,24.0,21.3,19.5,15.3,10.4,6.7,3.8,1.5,44.6,46.9,48.3,13.1,1.4,75.6,18.0,22.4,80.3,,,OBAnorm,,LD831_01996v2.403,,,,0,0
GLBALSTL,2024-05-24 01:31:35.000,21.2,26.0,25.5,27.1,28.0,28.1,30.8,29.2,29.2,30.2,31.2,34.0,34.7,35.2,34.9,35.4,35.8,37.5,36.9,36.3,35.7,34.3,32.5,29.2,26.0,23.2,19.9,17.4,13.0,8.8,5.6,3.1,1.4,44.5,46.6,51.1,13.1,1.4,75.6,18.0,22.4,80.3,,,OBAnorm,,LD831_01996v2.403,,,,0,0
GLBALSTL,2024-05-24 01:31:36.000,22.3,29.0,26.7,28.4,28.4,27.8,28.7,28.2,27.1,29.4,30.6,29.6,30.0,31.4,32.4,35.4,35.5,36.8,36.1,35.1,34.8,33.7,31.7,29.0,25.7,22.9,19.4,17.5,13.1,8.3,5.1,3.1,1.2,43.7,45.6,47.0,13.1,1.5,75.6,17.9,22.4,80.3,,,OBAnorm,,LD831_01996v2.403,,,,0,0
GLBALSTL,2024-05-24 01:31:37.000,26.9,24.4,28.4,25.4,25.0,25.0,29.8,26.7,29.9,31.3,32.0,31.0,31.2,33.1,34.6,36.5,37.1,37.1,37.5,37.0,35.8,34.8,33.4,30.3,26.5,23.5,21.6,19.5,15.1,9.9,5.9,3.6,1.3,44.9,46.9,48.4,13.1,1.5,75.6,17.9,22.4,80.3,,,OBAnorm,,LD831_01996v2.403,,,,0,0
GLBALSTL,2024-05-24 01:31:38.000,25.1,28.0,25.9,30.4,26.7,26.9,25.8,28.2,30.3,29.8,31.2,30.6,28.0,30.8,31.2,35.2,35.4,36.1,36.3,35.5,35.1,33.6,31.2,29.0,25.5,22.2,18.9,16.0,11.9,7.8,4.8,2.8,1.1,43.5,45.5,46.5,13.1,1.5,75.6,18.0,22.4,80.3,,,OBAnorm,,LD831_01996v2.403,,,,0,0
GLBALSTL,2024-05-24 01:31:39.000,26.8,23.6,26.6,31.1,29.1,27.3,27.1,28.9,29.6,31.8,31.0,29.7,28.3,31.5,33.1,35.1,35.6,37.3,36.3,36.5,35.6,33.9,32.2,29.4,26.0,23.3,20.5,17.9,13.6,8.5,5.4,3.0,1.2,44.2,46.2,47.3,13.1,1.4,75.6,17.9,22.4,80.3,,,OBAnorm,,LD831_01996v2.403,,,,0,0
GLBALSTL,2024-05-24 01:31:40.000,27.4,26.6,28.6,26.9,27.8,28.7,25.7,26.3,29.3,31.1,32.6,28.3,29.4,29.4,33.1,35.0,36.0,36.0,35.5,35.6,34.8,33.7,31.6,28.7,25.4,22.2,19.0,15.5,11.7,8.0,4.6,2.8,1.3,43.5,45.5,53.5,13.1,1.3,75.6,18.0,22.4,80.3,,,OBAnorm,,LD831_01996v2.403,,,,0,0
GLBALSTL,2024-05-24 01:31:41.000,23.0,27.9,25.8,25.2,25.4,26.3,28.2,27.3,28.6,32.5,32.4,27.5,28.0,30.2,33.1,34.0,34.8,35.2,35.4,35.1,34.0,33.2,31.2,28.1,25.1,21.9,19.3,16.7,13.1,8.4,5.5,3.0,1.2,43.1,45.3,54.6,13.1,1.3,75.6,17.9,18.0,72.1,,,OBAnorm,,LD831_01996v2.403,,,,0,0
GLBALSTL,2024-05-24 01:31:42.000,24.9,28.1,27.9,29.1,25.7,28.4,29.8,28.4,31.5,31.9,31.7,30.3,29.4,29.6,32.6,34.2,35.1,36.7,36.3,36.2,35.2,34.2,32.7,29.4,26.2,23.7,20.8,18.0,13.8,10.0,6.1,3.4,1.4,44.0,46.0,49.4,13.1,1.3,75.6,17.9,18.0,72.1,,,OBAnorm,,LD831_01996v2.403,,,,0,0
GLBALSTL,2024-05-24 01:31:43.000,26.4,27.3,21.1,25.7,28.1,27.9,28.8,29.2,30.6,32.2,32.0,29.9,28.4,30.8,33.1,34.2,34.8,35.8,35.6,35.9,34.2,33.3,31.8,29.1,25.9,22.7,20.0,18.1,13.8,10.0,6.1,3.0,1.3,43.5,45.5,47.6,13.1,1.3,75.6,18.2,22.4,80.3,,,OBAnorm,,LD831_01996v2.403,,,,0,0
GLBALSTL,2024-05-24 01:31:44.000,28.9,25.3,27.4,25.1,28.4,27.1,29.1,29.9,29.2,32.9,30.3,28.4,27.0,31.6,32.8,34.4,35.1,35.4,35.2,35.9,34.7,32.8,31.1,28.3,25.4,22.5,20.0,17.5,13.2,8.7,5.6,3.1,1.2,43.2,45.2,46.0,13.1,1.4,75.6,17.9,22.3,80.3,,,OBAnorm,,LD831_01996v2.403,,,,0,0
GLBALSTL,2024-05-24 01:31:45.000,23.3,29.0,29.6,26.9,24.0,27.6,27.4,28.7,30.3,33.7,33.0,29.1,28.5,32.1,33.2,35.2,35.0,36.1,35.9,36.3,36.0,34.0,32.0,29.5,26.4,23.9,20.6,17.9,13.5,10.0,6.3,3.6,1.3,44.0,46.1,47.0,13.1,1.4,75.6,18.0,22.3,80.3,,,OBAnorm,,LD831_01996v2.403,,,,0,0
GLBALSTL,2024-05-24 01:31:46.000,25.4,29.5,26.9,26.4,27.3,28.0,30.2,32.2,28.6,30.9,31.7,30.3,27.4,30.0,32.2,33.7,34.2,35.3,35.7,35.7,34.4,33.2,31.2,29.0,25.7,23.5,20.9,17.8,13.5,9.7,5.8,3.6,1.3,43.2,45.2,48.5,13.1,1.3,75.6,18.0,22.3,80.3,,,OBAnorm,,LD831_01996v2.403,,,,0,0
GLBALSTL,2024-05-24 01:31:47.000,24.5,27.7,29.1,23.2,25.0,26.2,31.0,29.9,28.6,31.9,31.9,29.5,29.1,31.9,31.8,34.1,33.9,35.8,36.2,36.7,35.5,34.4,33.0,30.7,27.1,24.2,21.3,19.1,14.5,9.6,6.0,3.2,1.2,44.2,46.0,53.9,13.1,1.3,75.7,17.9,22.3,80.3,,,OBAnorm,,LD831_01996v2.403,,,,0,0
GLBALSTL,2024-05-24 01:31:48.000,20.3,27.9,29.6,28.8,30.1,28.7,30.7,29.4,29.6,30.8,31.1,30.4,31.1,32.7,33.2,33.6,34.2,35.9,34.8,35.8,34.2,33.1,31.4,28.3,25.1,22.2,19.6,17.3,13.5,8.9,5.5,3.1,1.3,43.0,45.4,49.0,13.1,1.3,75.6,17.9,22.3,80.3,,,OBAnorm,,LD831_01996v2.403,,,,0,0
GLBALSTL,2024-05-24 01:31:49.000,27.6,28.4,25.7,28.3,28.7,29.1,31.0,28.8,30.4,33.8,33.3,27.5,26.1,29.4,31.4,33.9,34.1,34.7,35.5,34.9,34.9,33.1,31.3,28.2,25.6,23.1,20.5,17.4,14.0,9.2,6.1,3.3,1.2,43.2,45.3,47.2,13.1,1.4,75.6,17.9,22.4,80.3,,,OBAnorm,,LD831_01996v2.403,,,,0,0
GLBALSTL,2024-05-24 01:31:50.000,25.7,26.9,26.1,26.7,29.2,28.3,30.4,30.2,28.7,32.5,33.4,30.5,29.1,30.4,32.1,34.1,35.1,35.7,36.1,36.1,35.2,33.9,31.9,29.2,26.4,23.7,20.6,18.0,14.0,9.5,5.9,3.5,1.3,43.8,46.0,47.3,13.1,1.6,75.6,17.9,22.4,80.3,,,OBAnorm,,LD831_01996v2.403,,,,0,0
GLBALSTL,2024-05-24 01:31:51.000,22.3,22.5,24.1,27.9,25.7,26.6,29.2,29.9,31.1,32.6,33.3,31.3,33.4,34.3,34.8,35.7,35.9,36.1,36.8,36.8,36.5,35.4,33.9,31.7,29.1,25.9,23.9,20.6,17.2,13.1,8.6,4.6,1.9,45.1,46.9,50.4,13.1,1.7,75.6,18.0,22.4,80.3,,,OBAnorm,,LD831_01996v2.403,,,,0,0
GLBALSTL,2024-05-24 01:31:52.000,20.0,25.3,27.3,31.2,27.5,29.9,29.0,27.5,30.3,33.2,31.3,29.0,26.8,29.9,31.8,35.2,35.6,37.0,36.8,36.7,35.7,34.5,32.6,29.8,27.0,24.5,22.4,20.0,17.0,15.0,8.7,5.6,2.4,44.3,46.0,47.1,13.1,1.6,75.6,17.9,22.4,80.3,,,OBAnorm,,LD831_01996v2.403,,,,0,0
GLBALSTL,2024-05-24 01:31:53.000,26.5,27.2,28.6,26.4,25.5,28.1,30.5,28.2,30.1,31.4,33.3,29.4,27.6,30.1,32.1,34.4,35.4,36.1,35.2,35.0,34.6,33.6,32.0,29.2,25.6,22.7,20.1,17.0,14.3,9.6,5.8,3.3,1.3,43.4,45.6,48.0,13.1,1.6,75.6,17.9,22.4,80.3,,,OBAnorm,,LD831_01996v2.403,,,,0,0
GLBALSTL,2024-05-24 01:31:54.000,25.8,26.2,27.4,27.9,29.9,27.2,28.9,28.8,31.3,34.7,36.4,32.2,33.1,31.9,34.4,34.5,36.8,36.9,36.4,36.0,35.6,34.2,32.9,29.9,26.5,23.5,20.5,18.5,14.1,9.4,5.9,3.3,1.2,44.5,46.9,48.3,13.1,1.5,75.6,17.9,22.4,80.3,,,OBAnorm,,LD831_01996v2.403,,,,0,0
GLBALSTL,2024-05-24 01:31:55.000,24.4,29.5,27.4,26.4,29.0,29.1,30.1,29.3,28.2,30.4,32.9,30.2,28.0,31.8,33.2,34.4,34.9,36.7,36.3,36.5,35.2,34.0,32.2,29.8,26.9,22.9,20.1,17.0,14.4,10.5,6.1,3.8,1.5,44.0,46.0,46.6,13.1,1.4,75.6,18.0,22.4,80.3,,,OBAnorm,,LD831_01996v2.403,,,,0,0
GLBALSTL,2024-05-24 01:31:56.000,24.6,26.3,29.8,24.0,26.3,30.5,28.2,30.6,30.5,31.2,32.7,29.9,27.0,30.2,33.2,34.6,34.5,36.3,35.8,35.5,35.3,33.7,31.6,28.9,26.2,23.2,21.2,18.3,14.4,10.3,6.3,3.5,1.4,43.7,45.7,46.6,13.1,1.3,75.6,18.0,22.4,80.3,,,OBAnorm,,LD831_01996v2.403,,,,0,0
GLBALSTL,2024-05-24 01:31:57.000,25.0,28.0,27.0,27.0,29.0,27.1,30.0,29.4,30.0,32.2,33.2,34.2,30.8,31.3,32.9,34.6,36.2,35.8,36.2,35.0,34.6,33.8,32.6,29.9,26.8,24.8,22.7,19.8,15.6,11.9,8.0,4.3,1.7,43.8,46.1,46.7,13.1,1.2,75.6,17.9,22.5,80.3,,,OBAnorm,,LD831_01996v2.403,,,,0,0
GLBALSTL,2024-05-24 01:31:58.000,22.7,29.0,31.4,27.1,26.5,27.6,30.3,30.4,29.2,33.1,32.8,29.8,29.1,29.2,32.6,33.9,34.6,36.0,35.8,35.2,35.4,34.2,32.4,29.6,26.4,24.1,21.7,18.9,16.4,13.2,8.0,4.6,1.8,43.8,45.9,46.6,13.1,1.1,75.6,17.9,22.5,80.3,,,OBAnorm,,LD831_01996v2.403,,,,0,0
GLBALSTL,2024-05-24 01:31:59.000,27.5,25.7,30.4,28.3,28.4,28.1,31.3,30.7,29.8,34.0,32.8,30.5,31.1,33.0,34.4,34.9,34.7,36.0,35.2,35.3,34.6,33.4,32.0,29.1,26.1,23.3,21.5,18.5,14.7,12.5,7.5,4.0,1.7,43.5,46.1,47.2,13.1,1.0,62.0,17.9,21.5,74.9,,,OBAnorm,,LD831_01996v2.403,,,,0,0
GLBALSTL,2024-05-24 01:32:00.000,19.7,23.6,30.0,25.5,28.6,28.0,28.6,27.5,30.0,31.2,32.6,34.6,29.1,31.5,32.8,35.2,35.1,35.9,35.5,36.2,35.2,34.3,32.3,29.8,28.1,25.9,23.1,20.5,18.3,13.7,10.0,5.2,2.2,44.1,46.1,46.7,13.1,0.9,75.6,18.0,21.5,74.9,,,OBAnorm,,LD831_01996v2.403,,,,0,0
GLBALSTL,2024-05-24 01:32:01.000,28.0,26.7,29.4,24.9,26.1,25.1,27.5,30.0,31.7,31.7,33.2,30.6,30.5,33.4,33.5,35.5,35.5,37.4,36.8,35.7,35.6,34.9,33.2,30.2,27.5,25.5,23.4,20.6,18.3,14.7,10.4,5.6,2.2,44.6,46.5,47.4,13.1,0.8,75.6,17.9,22.4,80.3,,,OBAnorm,,LD831_01996v2.403,,,,0,0
GLBALSTL,2024-05-24 01:32:02.000,22.7,28.1,28.3,25.9,26.2,29.4,29.0,29.7,27.5,32.5,33.0,31.0,29.4,32.2,33.3,34.9,35.2,35.9,36.1,35.9,35.4,34.0,32.5,29.8,26.2,24.4,21.9,19.1,16.1,13.1,9.6,5.2,2.1,44.0,46.0,47.2,13.1,0.9,75.6,17.9,22.4,80.3,,,OBAnorm,,LD831_01996v2.403,,,,0,0
GLBALSTL,2024-05-24 01:32:03.000,22.3,26.7,26.7,28.3,25.5,26.0,28.9,29.8,30.4,31.8,33.3,31.0,31.2,31.8,33.7,35.3,35.2,36.2,36.0,35.7,35.4,33.3,32.2,29.4,26.6,24.3,22.3,19.1,16.2,13.0,8.9,5.4,2.1,43.9,46.2,47.2,13.1,1.0,75.6,18.0,22.4,80.3,,,OBAnorm,,LD831_01996v2.403,,,,0,0
GLBALSTL,2024-05-24 01:32:04.000,22.5,28.4,29.8,29.3,28.6,27.7,28.5,29.2,28.2,32.6,34.5,33.0,29.5,30.6,31.9,34.3,35.6,36.0,35.9,34.9,34.1,33.1,31.8,29.6,26.1,23.8,22.3,18.6,15.8,12.5,9.1,4.9,2.0,43.4,45.8,48.1,13.1,1.0,75.6,17.9,22.4,80.3,,,OBAnorm,,LD831_01996v2.403,,,,0,0
GLBALSTL,2024-05-24 01:32:05.000,21.3,30.3,28.4,31.0,26.3,28.7,29.3,29.8,31.6,32.5,31.8,34.1,32.7,34.0,34.6,35.9,36.7,36.3,36.6,37.9,37.8,36.6,35.0,33.1,29.9,28.0,26.0,22.7,20.1,16.4,12.1,7.4,3.8,46.0,47.7,55.2,13.1,1.1,75.6,17.9,22.4,80.3,,,OBAnorm,,LD831_01996v2.403,,,,0,0
GLBALSTL,2024-05-24 01:32:06.000,27.2,29.7,32.0,27.1,28.0,28.8,29.4,30.6,28.0,32.3,31.2,28.6,30.1,32.3,35.0,36.0,36.5,37.0,37.5,37.6,37.4,35.1,33.1,31.0,28.4,26.5,24.9,22.1,19.6,15.0,10.7,6.3,2.9,45.4,47.0,50.9,13.1,1.2,75.6,17.9,22.4,80.3,,,OBAnorm,,LD831_01996v2.403,,,,0,0
GLBALSTL,2024-05-24 01:32:07.000,28.7,29.2,29.8,27.4,28.9,28.1,29.5,29.9,28.8,32.2,31.4,28.8,27.0,31.2,33.4,35.0,37.2,36.2,36.1,35.3,35.4,34.3,32.3,29.7,27.3,24.2,22.0,19.9,16.9,11.6,8.0,4.1,1.6,44.1,46.1,51.9,13.1,1.1,75.5,18.0,22.5,80.3,,,OBAnorm,,LD831_01996v2.403,,,,0,0
GLBALSTL,2024-05-24 01:32:08.000,27.8,29.6,29.0,28.5,28.6,28.0,27.9,30.9,31.0,32.2,30.2,28.5,29.4,31.3,32.3,34.0,35.1,35.4,35.8,35.1,35.1,33.4,31.4,28.5,26.6,24.0,21.4,18.4,15.1,11.9,8.1,4.2,1.7,43.5,45.5,49.6,13.1,1.1,75.6,17.9,22.4,80.3,,,OBAnorm,,LD831_01996v2.403,,,,0,0
GLBALSTL,2024-05-24 01:32:09.000,26.0,27.5,29.5,27.1,28.5,29.1,28.8,29.1,29.9,32.5,32.3,29.2,29.0,31.2,34.1,33.9,35.3,36.2,36.1,35.8,35.0,34.1,31.9,28.9,26.0,22.9,20.6,18.3,14.2,10.3,6.7,3.9,1.5,43.9,45.9,46.8,13.1,1.1,75.6,17.9,22.4,80.3,,,OBAnorm,,LD831_01996v2.403,,,,0,0
GLBALSTL,2024-05-24 01:32:10.000,27.7,28.2,27.9,25.4,28.9,29.9,30.6,27.2,28.7,31.2,30.8,28.7,28.5,34.7,34.7,34.2,34.9,35.3,35.4,34.9,34.7,32.9,30.7,27.8,24.8,22.2,19.1,16.3,12.7,8.9,6.0,3.4,1.4,43.2,45.9,46.3,13.1,0.9,75.6,17.9,22.4,80.3,,,OBAnorm,,LD831_01996v2.403,,,,0,0
GLBALSTL,2024-05-24 01:32:11.000,24.1,24.6,25.6,28.4,29.1,28.1,27.9,28.4,30.4,31.9,31.7,31.0,31.2,32.9,33.8,36.1,35.0,35.9,35.3,35.5,35.8,33.8,32.1,29.6,26.4,23.9,21.3,18.7,15.0,10.8,6.9,4.3,1.6,43.8,45.8,46.5,13.1,0.8,75.6,18.0,22.4,80.3,,,OBAnorm,,LD831_01996v2.403,,,,0,0
GLBALSTL,2024-05-24 01:32:12.000,25.2,25.1,26.4,29.2,28.0,31.3,29.5,28.7,30.5,32.1,32.6,29.4,29.9,31.9,31.3,33.4,34.7,35.0,35.2,34.6,34.2,33.8,30.8,28.1,24.8,21.8,18.9,16.1,13.0,8.7,5.7,3.3,1.3,42.9,45.2,46.0,13.1,0.8,75.6,18.0,22.4,80.3,,,OBAnorm,,LD831_01996v2.403,,,,0,0
GLBALSTL,2024-05-24 01:32:13.000,26.7,20.9,26.7,28.5,25.6,26.0,29.6,30.7,29.7,30.8,33.2,27.6,27.6,31.5,32.9,33.9,35.0,35.0,35.3,34.9,34.2,33.9,31.2,28.4,25.2,22.6,19.7,17.1,12.6,8.4,5.3,3.2,1.3,43.2,45.3,46.4,13.1,0.7,75.6,17.9,22.5,80.3,,,OBAnorm,,LD831_01996v2.403,,,,0,0
GLBALSTL,2024-05-24 01:32:14.000,25.8,23.1,23.5,28.1,23.9,25.7,30.1,29.4,30.1,30.8,31.3,29.1,26.5,30.6,32.3,34.8,35.6,36.6,35.8,35.1,34.9,33.8,32.2,29.1,26.3,23.2,20.6,17.5,14.4,11.0,7.7,3.8,1.6,43.7,45.8,46.4,13.1,0.7,75.6,17.9,22.5,80.3,,,OBAnorm,,LD831_01996v2.403,,,,0,0
GLBALSTL,2024-05-24 01:32:15.000,23.2,26.7,31.1,28.5,28.5,30.8,30.4,29.6,29.5,31.7,30.3,30.4,30.1,32.9,31.9,34.1,35.3,35.7,35.5,35.3,35.1,33.8,32.3,29.1,26.2,23.2,20.5,17.2,13.6,10.0,6.2,3.7,1.4,43.7,45.7,46.6,13.1,0.7,75.6,17.9,22.5,80.3,,,OBAnorm,,LD831_01996v2.403,,,,0,0
GLBALSTL,2024-05-24 01:32:16.000,25.2,28.8,28.1,28.6,27.2,27.6,30.9,29.1,28.9,29.6,31.2,27.4,27.6,28.6,32.7,35.9,36.9,37.4,37.1,36.5,36.0,34.8,33.5,29.4,26.8,23.7,20.2,17.3,13.7,8.7,6.1,4.9,1.4,44.7,46.3,46.7,13.1,0.6,75.6,17.9,22.4,80.3,,,OBAnorm,,LD831_01996v2.403,,,,0,0
GLBALSTL,2024-05-24 01:32:17.000,19.7,28.7,29.8,27.4,26.3,29.8,29.9,27.3,28.4,30.6,30.4,26.9,27.7,30.6,31.3,33.4,34.6,36.0,35.2,35.1,34.6,33.6,31.5,28.9,25.4,22.1,19.6,16.7,13.6,10.6,7.2,4.2,1.7,43.2,45.1,45.8,13.1,0.6,75.6,17.8,22.1,79.7,,,OBAnorm,,LD831_01996v2.403,,,,0,0
GLBALSTL,2024-05-24 01:32:18.000,25.4,28.3,26.2,26.7,28.1,28.3,30.7,27.4,27.8,29.7,31.3,27.0,30.1,31.8,33.3,34.9,37.0,36.4,37.3,36.8,36.0,34.5,33.6,30.8,28.1,25.4,24.4,21.1,17.6,12.7,9.5,5.2,2.0,44.9,46.5,46.9,13.1,0.5,75.6,18.0,22.1,79.7,,,OBAnorm,,LD831_01996v2.403,,,,0,0
GLBALSTL,2024-05-24 01:32:19.000,18.1,25.1,29.7,28.7,24.8,26.5,30.4,28.3,27.9,31.8,29.8,28.6,28.2,30.1,32.9,34.9,35.3,36.7,36.1,35.5,34.9,34.0,32.6,29.2,26.2,23.1,20.7,17.7,14.4,10.5,6.5,3.9,1.4,43.9,45.7,46.3,13.1,0.5,75.6,18.0,22.5,80.3,,,OBAnorm,,LD831_01996v2.403,,,,0,0
GLBALSTL,2024-05-24 01:32:20.000,25.2,27.1,27.4,28.7,26.2,27.2,31.0,27.7,27.0,28.7,32.1,33.0,31.7,32.5,32.5,34.6,36.4,37.4,36.7,36.1,35.3,34.2,32.6,30.1,27.1,24.1,20.9,18.3,14.4,10.2,6.9,3.8,1.5,44.4,46.5,46.9,13.1,0.5,75.6,17.9,22.5,80.3,,,OBAnorm,,LD831_01996v2.403,,,,0,0
GLBALSTL,2024-05-24 01:32:21.000,25.2,27.0,26.6,28.0,27.0,29.9,28.9,28.5,27.3,31.0,29.6,27.8,28.4,32.9,33.6,36.2,37.1,38.4,37.9,38.0,36.4,34.8,33.2,30.0,27.4,24.6,21.0,18.3,15.3,10.9,7.3,4.0,1.5,45.4,46.9,47.4,13.1,0.4,75.6,17.9,22.4,80.3,,,OBAnorm,,LD831_01996v2.403,,,,0,0
GLBALSTL,2024-05-24 01:32:22.000,23.6,26.9,27.3,29.4,27.7,28.3,29.1,25.9,29.2,30.3,28.5,26.8,26.2,30.5,31.3,33.1,34.2,35.2,35.3,34.9,34.1,33.3,31.8,28.8,25.2,22.4,19.3,17.0,14.0,10.4,7.0,3.7,1.6,43.0,44.7,45.3,13.1,0.4,75.6,17.9,22.4,80.3,,,OBAnorm,,LD831_01996v2.403,,,,0,0
GLBALSTL,2024-05-24 01:32:23.000,22.5,24.6,30.0,25.9,28.0,26.5,28.2,28.0,26.9,29.2,30.5,27.0,27.2,29.9,32.2,34.4,35.9,36.1,36.5,36.0,34.8,33.7,32.1,29.7,26.8,24.1,21.8,18.1,15.8,12.0,8.0,4.5,1.9,44.0,45.7,46.4,13.1,0.4,75.6,17.9,22.4,80.3,,,OBAnorm,,LD831_01996v2.403,,,,0,0
GLBALSTL,2024-05-24 01:32:24.000,23.7,24.4,30.3,27.3,27.6,27.6,29.5,28.0,26.9,29.3,29.2,29.3,29.4,31.3,33.8,35.3,36.3,36.7,35.8,35.9,35.3,34.7,32.7,29.7,26.6,23.6,20.3,16.6,13.4,9.2,6.4,3.3,1.4,44.2,45.8,46.3,13.1,0.4,75.6,17.9,22.4,80.3,,,OBAnorm,,LD831_01996v2.403,,,,0,0
GLBALSTL,2024-05-24 01:32:25.000,27.0,26.9,28.3,26.3,25.4,30.1,26.9,27.1,26.3,26.7,28.6,26.8,26.9,30.1,32.3,34.4,35.3,34.8,34.9,34.5,34.2,33.6,31.5,28.8,25.1,22.1,18.8,16.2,13.1,9.7,6.3,3.7,1.4,43.0,44.8,45.4,13.1,0.4,75.6,18.0,22.5,80.3,,,OBAnorm,,LD831_01996v2.403,,,,0,0
GLBALSTL,2024-05-24 01:32:26.000,23.6,27.6,21.9,27.2,26.8,28.2,30.5,25.7,27.1,27.3,30.0,27.8,26.4,29.2,31.3,33.1,34.3,35.9,35.4,34.6,33.8,31.9,30.4,27.9,24.8,21.5,18.1,15.8,12.1,7.9,5.4,3.0,1.3,42.7,44.7,45.4,13.1,0.4,75.6,18.0,22.5,80.3,,,OBAnorm,,LD831_01996v2.403,,,,0,0
GLBALSTL,2024-05-24 01:32:27.000,24.5,27.0,30.9,24.4,29.1,27.4,30.3,26.3,26.3,28.0,30.6,28.0,29.3,30.1,31.3,33.9,34.5,34.6,35.1,35.0,34.1,32.8,30.7,27.5,25.0,21.5,18.1,15.0,11.0,7.0,4.6,2.8,1.1,42.7,44.4,45.2,13.1,0.4,75.6,17.9,22.5,80.3,,,OBAnorm,,LD831_01996v2.403,,,,0,0
GLBALSTL,2024-05-24 01:32:28.000,19.1,25.7,29.6,24.7,26.7,27.7,27.5,25.3,26.8,27.4,29.4,28.8,32.1,31.4,32.4,33.1,34.3,35.0,35.6,34.8,33.9,32.7,31.1,28.7,25.8,22.4,19.7,16.2,12.1,8.5,6.0,2.9,1.0,43.0,44.9,45.6,13.1,0.4,75.6,17.9,22.4,80.3,,,OBAnorm,,LD831_01996v2.403,,,,0,0
GLBALSTL,2024-05-24 01:32:29.000,22.8,28.1,27.8,24.5,28.4,26.2,28.5,26.2,26.2,30.1,29.4,27.3,28.0,30.9,32.8,34.4,34.1,35.5,35.8,35.4,33.8,32.7,30.8,28.1,24.9,22.0,19.6,17.7,12.9,8.5,5.6,3.3,1.4,43.0,44.8,45.6,13.1,0.4,75.6,17.9,22.4,80.3,,,OBAnorm,,LD831_01996v2.403,,,,0,0
GLBALSTL,2024-05-24 01:32:30.000,23.2,23.9,25.8,25.1,26.0,29.2,28.5,26.6,24.4,28.8,29.4,26.2,28.1,30.1,31.8,34.9,35.3,35.7,34.7,34.4,34.2,33.5,30.6,28.7,25.3,22.5,19.9,17.4,13.0,9.5,6.1,3.4,1.5,43.0,44.7,45.4,13.1,0.4,75.6,18.0,22.4,80.3,,,OBAnorm,,LD831_01996v2.403,,,,0,0
GLBALSTL,2024-05-24 01:32:31.000,22.1,27.4,28.2,26.2,26.5,25.0,27.4,26.1,26.5,27.4,28.5,25.6,26.8,30.6,32.0,34.7,35.1,36.2,36.6,35.7,35.3,33.6,32.6,29.7,26.8,23.0,20.2,17.2,13.4,10.0,6.3,3.8,1.6,43.9,45.4,46.1,13.1,0.4,75.6,17.9,22.4,80.3,,,OBAnorm,,LD831_01996v2.403,,,,0,0
GLBALSTL,2024-05-24 01:32:32.000,26.7,25.3,27.1,26.4,28.5,25.2,28.7,25.9,24.7,27.1,30.0,26.6,26.7,30.5,32.1,35.6,36.5,36.7,35.9,35.4,34.9,33.6,32.1,29.9,26.1,23.5,20.1,17.3,13.1,8.5,4.8,2.9,1.2,43.9,45.6,46.0,13.1,0.3,75.6,17.9,22.4,80.3,,,OBAnorm,,LD831_01996v2.403,,,,0,0
GLBALSTL,2024-05-24 01:32:33.000,23.8,25.7,26.1,28.5,25.5,27.4,28.1,26.9,27.0,28.5,28.8,26.5,29.0,30.7,32.4,34.8,35.6,36.5,35.7,34.8,34.5,32.7,31.0,28.4,25.2,21.5,19.1,15.6,12.0,8.4,5.3,3.2,1.3,43.4,45.3,46.1,13.1,0.3,75.6,17.9,22.4,80.3,,,OBAnorm,,LD831_01996v2.403,,,,0,0
GLBALSTL,2024-05-24 01:32:34.000,21.6,25.1,30.5,28.3,26.4,28.3,28.0,27.1,25.8,30.7,29.3,28.0,28.5,33.1,34.2,35.5,36.7,37.5,37.6,36.3,36.2,34.7,33.2,29.8,27.0,24.4,22.3,18.9,16.1,12.2,8.9,4.2,1.8,44.8,46.5,47.0,13.1,0.3,75.6,17.9,22.4,80.3,,,OBAnorm,,LD831_01996v2.403,,,,0,0
GLBALSTL,2024-05-24 01:32:35.000,25.8,27.5,27.4,30.9,23.9,26.3,27.3,26.0,27.6,28.8,29.2,26.9,28.8,31.8,32.7,35.7,36.6,36.6,37.3,36.0,35.0,33.7,32.2,29.4,26.2,23.6,20.7,18.7,14.4,10.1,6.4,3.6,1.5,44.1,45.8,46.3,13.1,0.3,75.6,17.9,22.4,80.3,,,OBAnorm,,LD831_01996v2.403,,,,0,0
GLBALSTL,2024-05-24 01:32:36.000,28.7,25.1,30.0,26.2,25.4,27.5,27.9,26.6,25.6,31.0,29.5,25.6,28.8,31.4,32.6,33.6,35.1,35.1,36.4,35.6,35.1,34.1,32.2,30.2,27.5,24.4,21.8,18.1,14.7,10.9,6.9,3.8,1.7,43.9,45.4,46.0,13.1,0.3,75.6,17.9,22.4,80.3,,,OBAnorm,,LD831_01996v2.403,,,,0,0
GLBALSTL,2024-05-24 01:32:37.000,24.7,28.1,29.1,28.2,27.6,28.9,27.7,26.1,27.0,29.6,35.8,34.6,31.0,30.8,33.3,34.4,35.4,36.8,35.4,35.8,35.1,33.9,32.4,29.9,26.6,23.3,21.3,18.2,15.8,12.0,8.1,4.7,1.8,43.9,46.2,46.9,13.1,0.3,75.6,17.9,22.4,80.9,,,OBAnorm,,LD831_01996v2.403,,,,0,0
GLBALSTL,2024-05-24 01:32:38.000,24.6,25.5,25.8,26.2,26.1,25.5,26.0,27.5,27.7,28.8,30.4,27.5,27.8,30.6,31.6,34.4,36.1,37.4,36.5,36.6,36.7,34.8,33.5,31.0,27.9,25.0,21.9,18.2,15.6,11.8,7.5,4.1,1.7,44.7,46.0,46.6,13.1,0.4,75.6,17.9,22.4,80.9,,,OBAnorm,,LD831_01996v2.403,,,,0,0
GLBALSTL,2024-05-24 01:32:39.000,22.2,29.1,23.7,28.8,28.7,27.8,26.9,28.1,26.9,28.3,28.8,27.6,27.0,31.2,31.4,33.8,35.1,34.7,35.7,35.7,35.0,33.1,32.0,29.3,25.9,23.5,20.5,17.4,14.5,10.4,6.9,3.9,1.5,43.4,45.1,45.7,13.1,0.4,75.6,17.9,22.4,80.9,,,OBAnorm,,LD831_01996v2.403,,,,0,0
GLBALSTL,2024-05-24 01:32:40.000,23.3,27.0,29.2,26.8,25.4,26.4,27.0,25.9,28.0,30.0,29.8,26.7,28.4,32.0,32.5,34.2,35.8,36.9,35.8,35.7,34.4,33.3,31.3,28.3,25.2,22.8,21.5,17.8,13.1,8.7,5.6,3.1,1.3,43.6,45.3,46.1,13.1,0.4,75.6,18.0,22.4,80.9,,,OBAnorm,,LD831_01996v2.403,,,,0,0
GLBALSTL,2024-05-24 01:32:41.000,25.4,28.2,30.7,23.8,28.0,27.2,26.6,25.8,27.8,29.8,29.7,27.1,27.1,30.0,31.3,33.9,34.4,35.4,36.1,35.6,34.7,33.7,31.6,28.8,26.3,23.5,20.5,18.0,15.4,10.8,7.1,4.0,1.6,43.4,45.1,45.9,13.1,0.4,75.6,17.9,22.5,80.9,,,OBAnorm,,LD831_01996v2.403,,,,0,0
GLBALSTL,2024-05-24 01:32:42.000,19.8,26.3,32.0,27.8,28.1,25.4,27.7,27.9,29.1,29.8,29.6,27.3,28.6,32.1,34.1,34.4,35.4,36.9,35.9,35.6,34.9,33.0,31.3,27.3,25.7,22.3,19.4,17.0,12.7,8.6,5.2,3.1,1.3,43.6,45.4,45.9,13.1,0.4,75.7,17.9,22.5,80.9,,,OBAnorm,,LD831_01996v2.403,,,,0,0
GLBALSTL,2024-05-24 01:32:43.000,21.2,28.2,30.9,25.5,24.1,24.7,23.7,25.7,28.1,30.7,30.0,25.9,31.3,32.9,33.6,33.9,34.6,36.1,35.9,34.8,34.7,33.2,31.5,28.2,25.4,22.4,19.4,16.8,13.0,9.4,5.3,3.2,1.3,43.5,45.4,46.0,13.1,0.4,75.6,17.9,22.4,80.9,,,OBAnorm,,LD831_01996v2.403,,,,0,0
GLBALSTL,2024-05-24 01:32:44.000,27.0,25.7,26.7,26.9,27.5,25.8,26.3,26.7,27.1,34.0,32.8,25.9,31.1,32.4,32.3,35.4,37.2,36.9,36.6,36.8,35.8,33.8,32.5,29.9,27.2,24.6,22.5,19.5,17.2,12.7,9.1,4.9,2.0,44.4,46.4,48.0,13.1,0.4,75.6,17.9,22.4,80.9,,,OBAnorm,,LD831_01996v2.403,,,,0,0
GLBALSTL,2024-05-24 01:32:45.000,24.2,28.7,25.5,28.2,24.7,26.3,26.5,28.3,26.7,30.1,27.5,28.2,29.9,32.0,32.9,34.5,36.9,36.7,36.5,36.4,35.1,34.7,32.7,29.7,27.3,24.1,21.0,18.3,15.8,11.1,7.4,4.1,1.6,44.4,45.9,46.4,13.1,0.4,75.6,17.9,22.4,80.9,,,OBAnorm,,LD831_01996v2.403,,,,0,0
GLBALSTL,2024-05-24 01:32:46.000,26.8,28.7,27.7,26.5,24.6,27.2,28.9,26.2,27.2,27.1,29.8,25.4,26.5,29.7,31.1,34.5,35.0,35.5,34.9,34.6,34.3,32.8,30.9,28.1,25.2,22.7,18.6,15.7,13.1,9.4,5.7,3.1,1.3,42.8,44.5,45.5,13.1,0.5,75.6,17.9,22.4,80.9,,,OBAnorm,,LD831_01996v2.403,,,,0,0
GLBALSTL,2024-05-24 01:32:47.000,22.2,25.6,27.9,28.4,25.2,23.1,28.3,27.8,25.3,29.2,28.4,26.3,27.1,30.8,31.1,33.0,34.3,35.9,35.5,34.4,34.0,33.1,31.1,27.9,24.5,21.5,18.3,15.5,13.0,9.6,5.4,3.0,1.2,42.9,44.6,45.3,13.1,0.5,75.4,17.9,22.4,80.9,,,OBAnorm,,LD831_01996v2.403,,,,0,0
GLBALSTL,2024-05-24 01:32:48.000,26.4,26.9,30.1,26.4,26.7,26.6,28.2,27.5,26.8,29.0,27.5,26.5,27.7,29.2,31.7,34.8,35.4,36.1,35.3,35.7,34.7,33.5,31.5,28.3,25.2,22.1,18.8,16.2,12.9,9.1,5.5,3.0,1.3,43.6,45.3,46.3,13.1,0.5,75.6,17.9,22.4,80.9,,,OBAnorm,,LD831_01996v2.403,,,,0,0
GLBALSTL,2024-05-24 01:32:49.000,27.2,27.2,30.7,28.9,26.4,27.9,28.9,27.6,25.5,29.1,30.5,29.0,29.3,29.1,32.4,35.1,36.2,36.9,36.2,35.8,35.8,35.0,33.2,30.4,27.0,24.3,21.2,17.3,14.2,10.4,6.8,3.6,1.5,44.3,45.8,46.4,13.1,0.6,75.6,17.9,22.4,80.3,,,OBAnorm,,LD831_01996v2.403,,,,0,0
GLBALSTL,2024-05-24 01:32:50.000,24.0,22.2,29.4,26.9,25.2,26.7,28.3,28.5,28.2,28.4,31.7,27.2,28.4,32.2,33.0,34.1,35.1,35.7,35.9,35.6,34.8,33.6,31.7,28.5,26.3,23.7,20.8,18.5,15.4,11.4,7.1,3.9,1.5,43.6,45.4,45.9,13.1,0.7,75.6,17.9,22.5,80.9,,,OBAnorm,,LD831_01996v2.403,,,,0,0
GLBALSTL,2024-05-24 01:32:51.000,24.6,25.6,28.3,27.5,28.0,26.3,28.8,27.1,28.0,28.4,30.9,33.4,32.5,31.4,32.7,34.6,35.1,34.9,35.3,34.6,34.3,33.4,31.0,28.1,25.3,22.2,19.1,16.6,12.8,9.3,5.8,3.4,1.4,43.0,45.3,45.9,13.1,0.7,75.6,17.9,22.5,80.3,,,OBAnorm,,LD831_01996v2.403,,,,0,0
GLBALSTL,2024-05-24 01:32:52.000,23.1,27.9,28.2,27.9,25.9,25.6,27.8,25.8,28.2,28.8,28.0,30.4,29.5,31.2,32.7,34.8,36.2,36.8,36.3,36.1,36.0,34.9,33.3,30.7,28.0,25.1,22.2,19.3,15.7,11.8,8.0,4.7,1.7,44.8,46.3,47.0,13.1,0.7,75.6,17.9,22.5,80.3,,,OBAnorm,,LD831_01996v2.403,,,,0,0
GLBALSTL,2024-05-24 01:32:53.000,22.3,24.0,32.5,29.7,21.7,27.7,29.0,27.7,27.1,28.9,29.4,27.2,30.3,31.3,32.2,34.7,35.1,35.8,35.4,35.5,35.2,34.2,31.8,29.1,25.8,23.3,20.1,16.1,12.7,10.5,6.2,3.4,1.4,43.6,45.3,46.0,13.1,0.7,75.6,17.9,22.5,80.3,,,OBAnorm,,LD831_01996v2.403,,,,0,0
GLBALSTL,2024-05-24 01:32:54.000,26.6,28.2,28.1,27.2,27.8,26.2,29.0,26.8,27.8,27.5,28.7,31.6,30.6,31.0,32.7,33.7,35.2,35.7,36.0,35.6,34.8,33.4,31.8,28.9,25.5,22.4,19.7,16.8,13.1,9.6,5.6,3.2,1.3,43.5,45.4,46.3,13.1,0.7,75.6,17.9,22.5,80.3,,,OBAnorm,,LD831_01996v2.403,,,,0,0
GLBALSTL,2024-05-24 01:32:55.000,25.9,24.4,23.1,27.1,27.2,29.0,25.8,28.6,28.6,28.3,29.2,24.4,27.8,30.4,31.9,34.4,34.9,35.7,36.5,35.9,35.3,33.5,31.0,28.7,25.5,22.6,19.5,16.4,12.6,8.7,5.4,3.0,1.3,43.7,45.3,48.6,13.1,0.8,75.6,18.0,22.4,80.3,,,OBAnorm,,LD831_01996v2.403,,,,0,0
GLBALSTL,2024-05-24 01:32:56.000,21.6,24.1,28.0,28.7,27.4,27.4,29.0,27.1,28.7,30.0,27.4,26.2,31.0,31.4,33.8,36.5,37.4,38.3,37.6,36.9,35.8,34.9,33.5,30.9,27.7,25.4,24.4,21.2,19.1,15.6,11.9,6.4,3.0,45.5,47.6,51.0,13.1,1.1,75.6,17.9,22.4,80.3,,,OBAnorm,,LD831_01996v2.403,,,,0,0
GLBALSTL,2024-05-24 01:32:57.000,23.8,22.5,28.7,28.0,26.4,29.3,29.6,27.8,28.4,29.7,30.3,37.2,34.6,33.6,34.2,35.8,36.5,35.8,36.7,36.5,35.6,35.5,33.5,30.6,27.9,26.9,25.0,21.0,18.6,13.9,10.5,6.1,2.2,44.6,46.1,47.8,13.1,1.4,75.6,17.9,22.4,80.3,,,OBAnorm,,LD831_01996v2.403,,,,0,0
GLBALSTL,2024-05-24 01:32:58.000,23.6,28.6,26.6,29.3,27.1,27.2,26.8,27.1,30.2,28.9,29.3,26.3,30.5,31.0,32.2,34.2,35.8,36.7,36.7,36.3,36.0,35.0,33.7,30.6,27.9,25.1,23.0,19.9,17.6,13.3,8.7,4.6,2.0,44.7,46.2,52.7,13.1,1.5,75.6,18.0,22.4,80.3,,,OBAnorm,,LD831_01996v2.403,,,,0,0
GLBALSTL,2024-05-24 01:32:59.000,23.9,27.5,23.3,26.1,27.8,26.3,29.2,25.7,27.0,29.6,28.4,26.7,29.5,32.9,34.5,37.8,38.7,39.1,39.2,38.0,37.7,37.0,34.8,31.5,28.8,26.1,23.6,20.2,18.2,12.8,9.3,5.6,2.4,46.7,48.4,54.3,13.1,1.7,75.6,17.9,22.4,80.3,,,OBAnorm,,LD831_01996v2.403,,,,0,0
GLBALSTL,2024-05-24 01:33:00.000,23.1,28.6,29.4,28.4,24.3,27.6,29.0,27.4,28.0,28.7,30.0,33.9,34.6,34.9,34.9,35.7,37.0,36.9,36.7,36.0,35.3,34.1,32.2,29.2,26.0,23.8,20.3,17.8,15.3,10.8,6.7,3.8,1.7,44.2,46.2,53.8,13.1,1.7,75.6,17.9,22.3,80.9,,,OBAnorm,,LD831_01996v2.403,,,,0,0
GLBALSTL,2024-05-24 01:33:01.000,31.6,30.7,32.6,27.6,26.7,28.3,28.4,28.3,30.3,28.7,28.8,24.6,27.0,30.4,33.3,34.4,35.3,36.3,35.2,34.3,34.2,33.0,31.2,28.4,24.8,21.8,18.7,16.3,13.9,10.6,7.6,3.9,1.5,43.0,45.0,47.8,13.1,1.6,75.6,17.9,22.4,80.9,,,OBAnorm,,LD831_01996v2.403,,,,0,0
GLBALSTL,2024-05-24 01:33:02.000,24.2,28.0,31.1,27.4,27.9,27.4,29.1,28.2,27.5,31.0,29.6,26.3,25.9,29.8,31.6,33.9,35.9,36.6,36.3,36.5,35.3,34.8,31.7,28.7,25.7,23.1,20.4,16.3,13.3,8.9,5.6,3.3,1.3,44.1,45.6,47.2,13.1,1.6,75.7,17.9,22.4,80.9,,,OBAnorm,,LD831_01996v2.403,,,,0,0
GLBALSTL,2024-05-24 01:33:03.000,29.8,23.8,29.5,27.3,27.2,28.1,26.7,26.2,29.4,28.4,29.6,32.0,29.6,31.6,32.3,34.4,35.5,36.2,35.7,34.9,34.4,33.2,31.6,28.2,25.0,22.4,19.7,15.8,13.4,8.7,5.7,3.2,1.2,43.2,45.3,46.7,13.1,1.5,75.6,17.9,22.4,80.9,,,OBAnorm,,LD831_01996v2.403,,,,0,0
GLBALSTL,2024-05-24 01:33:04.000,22.1,28.1,29.3,27.4,27.0,26.8,29.9,28.6,28.7,28.8,27.4,26.0,25.9,30.3,31.5,33.9,34.3,34.8,35.3,34.8,34.3,33.1,31.8,28.8,25.6,22.5,19.5,16.3,13.4,9.9,7.0,4.3,2.3,43.1,44.9,47.5,13.1,1.4,75.6,17.9,22.5,80.9,,,OBAnorm,,LD831_01996v2.403,,,,0,0
GLBALSTL,2024-05-24 01:33:05.000,24.6,24.1,27.0,26.1,28.1,29.8,28.4,28.9,27.1,27.3,28.5,26.6,27.7,30.2,32.5,34.7,35.3,36.5,36.4,36.0,35.2,34.1,31.9,29.9,26.3,22.7,20.4,17.9,14.7,11.6,6.9,3.6,1.5,44.1,45.7,50.9,13.1,1.4,75.6,17.9,22.5,80.9,,,OBAnorm,,LD831_01996v2.403,,,,0,0
GLBALSTL,2024-05-24 01:33:06.000,27.4,29.2,28.6,28.2,28.9,27.8,28.4,28.2,27.1,28.1,29.8,28.4,30.7,31.8,32.9,34.9,36.1,36.4,36.2,35.7,34.7,33.8,32.2,29.1,26.7,23.8,20.4,17.0,13.4,9.3,6.1,3.5,1.4,43.8,45.8,51.6,13.1,1.4,75.6,18.0,22.5,80.9,,,OBAnorm,,LD831_01996v2.403,,,,0,0
GLBALSTL,2024-05-24 01:33:07.000,31.3,29.9,28.1,26.0,30.8,25.2,27.8,30.8,26.0,30.6,27.9,27.7,27.3,31.1,31.8,34.8,35.2,35.7,36.0,36.1,35.2,34.2,32.8,30.5,27.4,25.1,23.1,20.2,16.9,12.3,8.5,4.8,1.9,44.0,45.6,50.4,13.1,1.3,75.6,17.9,22.5,80.9,,,OBAnorm,,LD831_01996v2.403,,,,0,0
GLBALSTL,2024-05-24 01:33:08.000,31.5,29.0,29.1,31.3,26.4,28.9,28.2,26.0,26.7,29.7,29.6,31.1,30.6,30.3,31.9,34.6,35.6,35.5,36.3,35.1,35.1,34.2,31.9,28.8,25.6,22.6,20.6,17.1,12.9,8.9,5.4,3.0,1.3,43.6,45.5,47.3,13.1,1.2,75.6,17.9,22.5,80.9,,,OBAnorm,,LD831_01996v2.403,,,,0,0
GLBALSTL,2024-05-24 01:33:09.000,28.9,27.6,29.3,27.3,28.5,26.1,29.0,27.2,26.7,29.6,28.0,27.8,29.5,32.3,31.7,34.5,34.6,35.7,36.2,35.5,34.2,33.7,32.1,29.7,26.3,23.4,20.6,17.6,14.4,10.7,6.9,3.6,1.5,43.7,45.4,46.9,13.1,1.2,75.6,17.9,22.5,80.9,,,OBAnorm,,LD831_01996v2.403,,,,0,0
GLBALSTL,2024-05-24 01:33:10.000,24.8,28.4,26.6,25.6,26.9,27.7,29.7,28.5,26.9,26.6,27.5,32.6,31.2,31.1,32.9,34.5,34.9,36.0,35.7,35.6,34.7,33.8,31.9,29.0,25.4,23.4,20.4,17.0,14.2,10.6,6.3,3.4,1.5,43.6,45.5,47.6,13.1,1.1,75.6,17.9,22.5,80.9,,,OBAnorm,,LD831_01996v2.403,,,,0,0
GLBALSTL,2024-05-24 01:33:11.000,23.1,27.2,25.3,26.7,30.3,28.2,28.6,26.5,25.0,26.1,28.5,27.6,27.0,30.1,32.0,34.5,34.8,34.9,35.3,35.3,34.5,33.5,31.4,28.2,25.8,22.7,19.5,16.1,12.7,8.8,5.9,3.8,1.6,43.2,44.9,46.5,13.1,1.1,75.6,17.9,22.5,80.9,,,OBAnorm,,LD831_01996v2.403,,,,0,0
GLBALSTL,2024-05-24 01:33:12.000,25.3,23.8,29.8,29.3,24.6,27.8,29.0,29.4,24.1,28.4,28.9,28.1,28.1,30.8,33.0,36.1,37.2,38.2,37.5,36.4,36.0,34.8,32.7,29.6,27.1,25.4,23.4,19.5,16.3,12.1,8.4,4.5,1.8,45.1,46.6,52.7,13.1,1.1,75.6,17.9,22.5,80.9,,,OBAnorm,,LD831_01996v2.403,,,,0,0
GLBALSTL,2024-05-24 01:33:13.000,26.7,28.5,29.0,27.4,25.0,28.3,28.1,27.6,24.5,27.9,28.3,26.6,27.9,30.3,32.3,33.4,37.3,37.2,36.2,36.7,35.8,35.7,33.0,29.9,26.8,23.3,20.3,16.7,13.2,9.5,5.9,3.4,1.5,44.7,46.0,48.6,13.1,1.1,75.6,17.9,22.5,80.9,,,OBAnorm,,LD831_01996v2.403,,,,0,0
GLBALSTL,2024-05-24 01:33:14.000,25.6,25.0,25.4,25.7,27.2,25.2,28.9,28.2,27.2,26.9,28.2,26.9,27.6,30.5,32.5,34.0,35.7,35.9,34.9,34.8,34.9,33.6,32.5,29.2,26.3,23.6,20.9,17.7,15.2,11.8,8.4,4.3,1.9,43.5,45.2,51.1,13.1,1.1,75.6,17.9,22.5,80.9,,,OBAnorm,,LD831_01996v2.403,,,,0,0
GLBALSTL,2024-05-24 01:33:15.000,25.8,28.2,25.6,27.0,28.8,27.4,27.4,27.1,26.9,28.2,28.2,25.8,26.7,30.5,31.1,34.6,36.2,35.9,37.0,36.4,35.8,35.0,32.5,29.0,26.0,22.7,19.1,15.6,12.1,8.0,5.2,3.0,1.4,44.3,45.8,47.8,13.1,1.2,75.6,17.9,22.5,80.9,,,OBAnorm,,LD831_01996v2.403,,,,0,0
GLBALSTL,2024-05-24 01:33:16.000,32.3,28.3,30.9,29.1,26.4,28.1,27.1,26.1,25.6,27.0,27.5,24.9,26.2,30.6,32.6,35.1,35.7,36.6,36.9,35.5,35.5,34.9,32.7,30.2,27.1,24.6,20.8,17.1,14.4,10.2,6.6,3.7,1.5,44.3,45.7,48.0,13.1,1.2,75.6,17.9,22.4,80.3,,,OBAnorm,,LD831_01996v2.403,,,,0,0
GLBALSTL,2024-05-24 01:33:17.000,29.1,26.1,28.3,27.4,29.7,27.5,26.1,29.3,25.7,28.8,27.3,24.6,27.8,29.3,31.8,34.5,35.4,37.6,36.9,36.1,35.9,34.2,32.6,29.5,26.3,22.6,19.3,15.9,12.6,8.7,5.2,3.1,1.3,44.4,45.8,47.0,13.1,1.2,75.6,17.9,22.5,80.3,,,OBAnorm,,LD831_01996v2.403,,,,0,0
GLBALSTL,2024-05-24 01:33:18.000,29.2,27.5,27.7,26.0,25.0,25.9,28.0,28.1,27.4,26.4,30.4,25.0,27.6,30.9,31.1,34.2,36.0,37.0,36.3,36.3,35.8,35.0,32.9,29.9,26.7,24.0,20.3,16.3,12.4,8.8,5.6,3.2,1.4,44.4,45.8,47.6,13.1,1.1,75.6,17.9,22.5,80.3,,,OBAnorm,,LD831_01996v2.403,,,,0,0
GLBALSTL,2024-05-24 01:33:19.000,24.8,27.8,28.7,27.5,29.2,29.5,27.6,27.6,26.9,27.4,28.3,25.4,28.6,31.3,32.3,33.6,35.4,35.2,36.2,35.0,34.9,33.9,32.0,28.5,25.7,21.9,19.1,16.3,13.8,9.7,6.0,3.3,1.3,43.6,45.2,46.6,13.1,1.2,75.6,17.9,22.5,80.9,,,OBAnorm,,LD831_01996v2.403,,,,0,0
GLBALSTL,2024-05-24 01:33:20.000,22.8,22.1,28.7,27.7,27.7,25.3,26.9,26.1,26.4,26.3,29.3,27.8,33.4,33.6,33.1,35.5,36.9,37.5,36.3,35.9,35.2,34.4,32.9,29.8,27.0,24.0,21.8,18.5,15.0,11.3,7.6,4.1,1.9,44.4,46.2,46.7,13.1,1.2,75.6,17.9,22.5,80.3,,,OBAnorm,,LD831_01996v2.403,,,,0,0
GLBALSTL,2024-05-24 01:33:21.000,24.6,23.5,27.2,29.6,22.7,26.3,29.3,28.2,27.1,28.5,27.5,26.2,26.8,31.8,32.6,33.6,35.1,36.2,35.6,35.7,35.2,35.0,33.5,30.5,27.4,25.3,23.4,19.8,18.5,14.3,10.0,5.3,2.5,44.3,45.7,46.6,13.1,1.1,75.6,18.0,22.5,80.3,,,OBAnorm,,LD831_01996v2.403,,,,0,0
GLBALSTL,2024-05-24 01:33:22.000,24.8,22.6,28.1,25.7,25.8,28.3,30.0,28.7,27.0,27.2,29.2,30.0,29.8,33.0,36.4,37.1,37.3,38.1,36.3,36.0,35.8,34.5,32.8,30.1,27.0,24.1,21.7,18.1,15.2,11.3,7.7,4.3,1.7,44.9,46.9,47.8,13.1,1.0,75.6,17.8,22.5,80.3,,,OBAnorm,,LD831_01996v2.403,,,,0,0
GLBALSTL,2024-05-24 01:33:23.000,21.7,29.4,27.1,26.9,27.5,29.4,29.8,28.8,26.8,25.8,29.9,27.7,31.2,31.0,31.5,34.7,36.0,37.1,35.9,36.0,35.0,34.2,32.1,29.1,26.8,23.0,20.2,17.1,13.6,10.0,6.7,3.9,1.7,43.9,45.7,47.0,13.1,0.9,75.6,17.9,22.5,80.3,,,OBAnorm,,LD831_01996v2.403,,,,0,0
GLBALSTL,2024-05-24 01:33:24.000,23.3,29.4,27.6,27.4,24.8,31.1,29.8,28.6,28.5,28.8,28.3,28.7,30.8,31.7,33.3,35.3,35.3,36.0,35.8,34.5,34.1,33.4,31.2,28.1,25.2,22.1,19.3,16.9,14.0,10.0,6.0,3.4,1.3,43.4,45.6,49.6,13.1,0.8,75.6,17.9,22.5,80.3,,,OBAnorm,,LD831_01996v2.403,,,,0,0
GLBALSTL,2024-05-24 01:33:25.000,24.7,26.8,28.1,30.0,26.1,28.1,29.4,28.0,27.4,27.2,28.5,28.0,31.0,31.4,33.1,36.3,37.4,38.1,38.0,37.3,36.5,35.1,33.0,30.7,26.7,23.7,19.8,16.6,12.7,8.8,5.5,3.3,1.3,45.2,46.7,48.0,13.1,0.7,75.6,18.0,22.5,80.3,,,OBAnorm,,LD831_01996v2.403,,,,0,0
GLBALSTL,2024-05-24 01:33:26.000,28.0,22.9,28.7,27.8,28.8,27.8,28.6,27.2,26.9,28.9,28.4,26.7,29.4,32.1,33.8,35.7,36.0,36.5,36.6,36.2,35.9,34.5,32.4,29.9,26.5,23.4,20.2,17.5,12.7,8.8,5.5,3.1,1.3,44.3,45.9,47.3,13.1,0.6,75.6,18.0,22.4,80.3,,,OBAnorm,,LD831_01996v2.403,,,,0,0
GLBALSTL,2024-05-24 01:33:27.000,26.5,29.3,28.4,28.8,26.3,26.9,29.2,28.8,25.7,28.0,26.9,25.7,27.8,31.0,32.6,34.8,35.7,35.9,35.6,35.2,34.6,33.6,31.5,28.3,25.2,22.0,18.6,16.1,12.0,8.2,5.3,3.1,1.2,43.4,45.1,48.8,13.1,0.6,75.6,18.0,22.4,80.3,,,OBAnorm,,LD831_01996v2.403,,,,0,0
GLBALSTL,2024-05-24 01:33:28.000,22.1,23.2,28.4,28.8,27.8,27.1,27.8,29.0,27.8,30.1,28.5,26.3,27.0,30.0,30.9,34.3,35.0,36.0,35.5,34.5,34.4,33.1,31.5,28.4,24.7,21.5,18.7,15.3,12.3,7.8,5.3,3.2,1.3,43.1,44.9,46.5,13.1,0.5,75.6,17.9,22.4,80.3,,,OBAnorm,,LD831_01996v2.403,,,,0,0
GLBALSTL,2024-05-24 01:33:29.000,23.7,28.6,27.4,25.4,25.3,27.2,26.2,28.5,28.3,29.7,29.8,28.0,27.8,30.9,32.5,33.1,34.6,36.0,35.7,35.6,34.4,32.8,32.2,29.3,25.9,23.3,21.3,17.9,14.2,11.1,8.3,4.3,1.8,43.4,45.2,48.6,13.1,0.4,75.6,17.9,22.4,80.3,,,OBAnorm,,LD831_01996v2.403,,,,0,0
GLBALSTL,2024-05-24 01:33:30.000,22.9,25.0,27.5,29.9,27.4,26.7,28.0,29.7,27.8,30.0,30.3,25.9,28.2,30.9,31.7,33.9,35.3,36.2,35.3,35.3,35.0,34.5,32.6,30.0,27.2,24.5,22.2,18.7,16.6,13.1,9.3,5.5,2.1,43.8,45.5,47.8,13.1,0.4,75.6,17.9,22.4,80.3,,,OBAnorm,,LD831_01996v2.403,,,,0,0
GLBALSTL,2024-05-24 01:33:31.000,23.2,26.9,30.9,28.7,28.1,28.4,27.8,28.2,29.3,31.0,30.1,28.2,28.8,32.4,32.8,33.9,35.4,36.1,35.4,33.6,33.8,32.7,31.9,28.9,25.8,23.9,20.8,17.6,14.1,10.5,7.0,3.8,1.4,43.0,45.1,47.7,13.1,0.4,75.6,17.9,22.5,80.3,,,OBAnorm,,LD831_01996v2.403,,,,0,0
GLBALSTL,2024-05-24 01:33:32.000,27.1,26.5,30.3,29.2,28.7,27.4,29.9,29.0,28.1,29.6,28.4,26.2,26.9,30.3,32.5,34.6,35.1,35.7,36.2,35.4,34.6,33.8,32.1,29.0,26.1,23.1,20.4,16.6,13.9,10.5,7.0,3.8,1.9,43.6,45.4,48.4,13.1,0.3,75.6,17.9,22.5,80.3,,,OBAnorm,,LD831_01996v2.403,,,,0,0
GLBALSTL,2024-05-24 01:33:33.000,27.9,24.5,29.1,22.2,25.3,26.6,30.1,25.6,27.7,31.9,30.3,31.5,31.8,33.1,33.2,35.2,36.1,36.5,35.7,35.2,35.5,33.8,32.2,28.8,26.0,23.2,20.0,17.0,14.7,10.1,6.4,3.6,1.6,44.0,46.1,47.9,13.1,0.3,75.6,18.0,22.5,80.3,,,OBAnorm,,LD831_01996v2.403,,,,0,0
GLBALSTL,2024-05-24 01:33:34.000,25.7,26.8,24.2,28.9,27.6,26.6,28.1,29.2,29.8,30.6,31.3,27.0,28.0,31.6,31.9,33.7,35.5,36.5,35.7,36.5,35.3,33.9,32.1,29.3,26.3,23.3,19.0,15.6,11.7,7.5,4.9,2.8,1.1,43.8,45.5,48.0,13.1,0.3,75.6,18.0,22.4,80.3,,,OBAnorm,,LD831_01996v2.403,,,,0,0
GLBALSTL,2024-05-24 01:33:35.000,22.8,28.2,28.0,30.2,28.1,27.9,29.8,27.9,26.8,30.7,31.4,27.7,29.4,32.4,34.0,35.8,37.1,37.1,37.1,35.8,35.0,34.4,32.8,29.1,26.4,23.7,21.5,19.5,14.7,10.7,7.4,3.8,1.5,44.6,46.5,48.5,13.1,0.3,75.6,17.9,22.4,80.3,,,OBAnorm,,LD831_01996v2.403,,,,0,0
GLBALSTL,2024-05-24 01:33:36.000,26.5,24.2,29.0,28.8,24.0,25.9,27.7,29.6,30.1,31.2,35.8,31.9,34.1,35.1,34.2,35.0,37.0,37.2,36.2,36.4,35.9,34.2,32.3,29.5,26.1,23.7,20.6,17.1,14.0,10.7,7.2,3.9,1.6,44.4,46.8,47.5,13.1,0.2,75.6,17.9,22.4,80.3,,,OBAnorm,,LD831_01996v2.403,,,,0,0
GLBALSTL,2024-05-24 01:33:37.000,26.6,24.1,24.2,28.5,26.2,28.0,28.3,29.8,28.6,29.2,31.1,27.6,29.1,30.0,32.7,33.7,35.5,35.9,36.6,35.1,34.6,33.3,31.8,29.0,27.0,23.0,20.2,16.4,13.9,10.0,6.2,3.6,1.5,43.5,45.4,48.5,13.1,0.2,75.6,17.9,22.5,80.3,,,OBAnorm,,LD831_01996v2.403,,,,0,0
GLBALSTL,2024-05-24 01:33:38.000,24.8,26.5,30.3,27.9,25.8,29.4,29.3,28.3,28.7,33.0,31.7,28.7,28.8,30.6,32.8,34.2,35.9,37.5,36.9,36.3,35.8,34.4,32.4,29.3,26.1,23.2,20.8,17.6,15.2,10.9,7.9,4.3,1.7,44.5,46.3,47.8,13.1,0.2,75.6,17.9,22.5,80.3,,,OBAnorm,,LD831_01996v2.403,,,,0,0
GLBALSTL,2024-05-24 01:33:39.000,23.0,27.1,31.9,29.0,27.3,26.6,29.8,28.8,28.7,33.1,31.5,27.6,26.9,30.1,33.3,35.0,35.8,35.8,36.5,34.9,35.3,33.8,32.0,29.2,26.3,23.2,20.7,16.8,13.6,10.6,6.5,4.0,1.6,43.8,45.7,50.9,13.1,0.2,75.6,17.9,22.5,80.3,,,OBAnorm,,LD831_01996v2.403,,,,0,0
GLBALSTL,2024-05-24 01:33:40.000,26.2,28.8,29.4,29.2,26.5,27.0,29.2,27.8,28.8,32.3,29.4,29.2,28.2,32.0,33.3,34.9,36.4,36.5,36.2,35.9,35.6,33.9,32.1,29.6,25.9,24.3,22.2,18.4,14.7,10.4,7.0,4.2,1.6,44.1,45.9,52.3,13.1,0.2,75.6,17.9,22.5,80.3,,,OBAnorm,,LD831_01996v2.403,,,,0,0
GLBALSTL,2024-05-24 01:33:41.000,23.4,27.8,28.2,27.1,26.9,27.0,27.9,29.0,29.0,31.4,31.8,28.0,33.5,31.9,33.5,35.1,35.7,36.3,36.4,35.0,34.4,33.0,31.6,28.0,25.1,22.4,19.2,16.9,13.7,9.8,6.2,3.3,1.4,43.6,46.1,48.7,13.1,0.2,75.6,17.9,22.5,80.3,,,OBAnorm,,LD831_01996v2.403,,,,0,0
GLBALSTL,2024-05-24 01:33:42.000,27.6,27.0,25.8,26.4,25.7,27.2,30.5,27.3,28.5,32.9,32.4,30.0,32.2,33.7,35.2,36.6,36.9,36.9,36.4,36.7,35.2,33.8,31.9,29.1,26.0,22.9,19.9,16.8,14.5,10.1,6.7,3.5,1.5,44.4,46.6,50.6,13.1,0.2,75.6,17.9,22.4,80.3,,,OBAnorm,,LD831_01996v2.403,,,,0,0
GLBALSTL,2024-05-24 01:33:43.000,24.6,25.3,31.3,29.2,27.3,29.4,30.2,27.9,29.5,31.9,30.0,29.2,29.5,32.8,33.4,35.2,35.8,36.7,35.4,36.2,36.0,33.9,32.5,29.7,26.3,24.1,21.8,18.1,14.4,9.7,6.2,3.5,1.3,44.2,46.1,48.0,13.1,0.2,75.6,17.9,22.4,80.3,,,OBAnorm,,LD831_01996v2.403,,,,0,0
GLBALSTL,2024-05-24 01:33:44.000,23.3,27.0,32.1,27.2,24.0,27.2,29.3,31.2,28.7,29.3,31.3,28.3,27.8,32.3,32.0,35.1,35.9,37.4,35.9,36.2,35.5,34.1,32.1,29.0,25.7,23.8,20.5,17.7,15.8,11.4,6.8,3.9,1.4,44.1,45.9,47.2,13.1,0.2,75.6,17.9,22.5,80.3,,,OBAnorm,,LD831_01996v2.403,,,,0,0
GLBALSTL,2024-05-24 01:33:45.000,26.7,29.1,28.6,31.4,26.1,27.1,27.8,28.3,27.1,31.2,32.7,28.8,29.3,33.2,33.7,36.1,36.0,36.5,36.9,35.8,35.9,34.7,32.8,30.3,27.2,24.8,22.4,19.6,16.8,12.2,7.9,4.3,1.7,44.6,46.5,49.5,13.1,0.1,75.6,17.9,22.5,80.3,,,OBAnorm,,LD831_01996v2.403,,,,0,0
GLBALSTL,2024-05-24 01:33:46.000,27.1,27.3,27.2,27.2,21.9,27.6,30.8,28.0,30.6,31.6,31.3,30.6,33.3,33.0,33.9,35.5,36.9,36.9,35.5,35.4,35.4,34.2,32.1,28.7,26.0,23.3,20.6,17.5,14.4,10.2,6.6,3.7,1.4,43.9,46.1,48.9,13.1,0.0,75.6,18.0,22.4,80.3,,,OBAnorm,,LD831_01996v2.403,,,,0,0
GLBALSTL,2024-05-24 01:33:47.000,26.6,23.3,27.7,25.9,24.8,25.9,28.1,28.1,28.7,30.8,30.5,30.6,30.1,33.7,34.3,35.6,35.4,36.7,37.2,35.7,34.9,34.0,31.6,28.7,26.1,23.1,20.1,17.9,14.4,10.4,6.6,3.9,1.4,44.2,46.3,47.6,13.1,0.0,75.6,17.9,22.4,80.3,,,OBAnorm,,LD831_01996v2.403,,,,0,0
GLBALSTL,2024-05-24 01:33:48.000,26.3,29.3,28.4,29.6,25.2,27.2,27.4,28.0,28.1,31.0,31.1,29.7,32.5,34.9,33.4,35.0,36.7,37.4,36.3,35.9,35.9,34.8,32.8,29.8,27.1,24.5,21.2,18.0,14.7,10.8,6.7,3.6,1.4,44.5,46.5,50.1,13.1,0.0,75.6,17.9,22.4,80.3,,,OBAnorm,,LD831_01996v2.403,,,,0,0
GLBALSTL,2024-05-24 01:33:49.000,23.2,29.9,27.9,28.0,26.1,27.6,30.2,28.7,28.0,30.2,30.5,29.2,29.4,32.2,33.3,34.1,34.9,36.1,35.1,35.0,34.5,33.0,31.2,28.1,25.0,22.4,19.0,16.5,12.6,8.8,5.7,3.3,1.4,43.3,45.3,48.8,13.1,0.0,75.6,17.9,22.5,80.3,,,OBAnorm,,LD831_01996v2.403,,,,0,0
GLBALSTL,2024-05-24 01:33:50.000,23.7,26.3,28.6,27.4,27.5,28.7,27.8,28.8,28.5,29.8,29.7,29.0,30.6,31.3,32.8,35.3,36.6,37.4,36.6,37.1,36.3,35.4,32.9,29.9,27.3,24.7,22.1,19.1,16.9,13.4,8.4,4.4,1.7,44.9,46.6,48.0,13.1,0.0,75.6,17.9,22.5,80.3,,,OBAnorm,,LD831_01996v2.403,,,,0,0
GLBALSTL,2024-05-24 01:33:51.000,30.8,26.1,29.6,25.9,26.3,28.0,29.9,30.8,28.4,29.0,30.9,27.9,29.7,32.6,33.4,34.6,36.3,37.6,36.8,36.4,35.8,34.8,33.2,29.9,27.2,24.5,20.7,17.0,13.7,9.3,6.3,3.9,1.5,44.6,46.3,48.0,13.1,0.0,75.7,17.9,22.5,80.3,,,OBAnorm,,LD831_01996v2.403,,,,0,0
GLBALSTL,2024-05-24 01:33:52.000,29.9,28.2,31.6,29.4,28.4,27.6,29.1,28.6,26.8,30.4,30.1,31.7,31.0,33.4,32.6,35.1,35.3,35.7,36.1,35.5,35.5,33.8,31.8,29.1,26.1,23.2,20.8,18.4,15.0,10.5,6.4,3.6,1.4,43.9,46.0,48.9,13.1,0.0,75.6,17.9,22.5,80.3,,,OBAnorm,,LD831_01996v2.403,,,,0,0
GLBALSTL,2024-05-24 01:33:53.000,24.9,30.0,25.7,29.3,26.3,29.4,30.2,27.3,28.0,28.6,30.5,28.0,30.0,33.1,33.4,34.7,35.8,36.0,36.6,35.9,35.8,33.3,31.6,28.3,25.5,23.2,20.4,16.9,15.5,10.5,5.7,3.4,1.4,43.9,45.8,49.8,13.1,0.0,75.6,17.9,22.5,80.3,,,OBAnorm,,LD831_01996v2.403,,,,0,0
GLBALSTL,2024-05-24 01:33:54.000,27.2,28.3,30.1,26.2,25.9,27.3,30.0,28.3,26.8,30.2,29.8,26.6,29.5,31.7,33.9,34.3,34.6,36.0,35.2,34.9,34.4,32.7,31.2,28.2,25.2,21.7,18.4,15.6,11.9,9.1,5.3,3.1,1.2,43.0,45.0,51.2,13.1,0.0,75.6,17.9,22.4,80.3,,,OBAnorm,,LD831_01996v2.403,,,,0,0
GLBALSTL,2024-05-24 01:33:55.000,22.3,26.5,28.9,27.2,26.0,29.3,25.6,27.6,26.9,26.7,29.6,26.7,30.5,31.4,30.9,34.4,35.2,36.1,35.0,35.1,34.7,33.4,31.6,29.1,25.4,22.0,18.2,15.3,11.7,8.1,5.5,3.0,1.3,43.4,45.4,50.4,13.1,0.0,75.6,17.9,22.4,80.3,,,OBAnorm,,LD831_01996v2.403,,,,0,0
GLBALSTL,2024-05-24 01:33:56.000,25.7,28.9,26.3,28.3,28.4,27.2,29.3,30.2,27.5,30.7,31.1,30.6,38.7,35.1,33.2,34.2,34.7,35.6,35.4,35.3,34.1,32.9,31.2,27.8,25.1,21.9,18.1,15.4,11.6,8.0,5.0,3.1,1.2,43.2,46.0,50.9,13.1,0.0,75.6,17.9,22.5,80.9,,,OBAnorm,,LD831_01996v2.403,,,,0,0
GLBALSTL,2024-05-24 01:33:57.000,24.1,30.4,25.9,26.2,27.3,28.6,28.0,26.8,28.4,28.0,29.8,27.4,30.1,32.9,30.5,33.7,35.0,35.3,35.9,34.6,34.1,32.9,30.9,28.4,24.9,22.0,18.0,15.8,12.8,11.2,8.7,4.0,1.4,43.1,45.0,48.6,13.1,0.0,75.6,17.9,22.5,80.9,,,OBAnorm,,LD831_01996v2.403,,,,0,0
GLBALSTL,2024-05-24 01:33:58.000,26.9,27.1,29.4,28.9,28.2,27.2,27.4,28.1,26.9,26.9,27.9,24.4,30.2,33.2,32.8,34.6,34.7,36.3,36.0,35.7,34.7,33.6,31.7,29.1,26.1,23.7,20.6,18.0,14.9,10.8,7.2,4.5,1.7,43.7,45.6,52.9,13.1,0.0,75.6,17.9,22.5,80.9,,,OBAnorm,,LD831_01996v2.403,,,,0,0
GLBALSTL,2024-05-24 01:33:59.000,20.6,22.1,29.2,29.9,27.5,28.1,27.6,25.7,25.7,29.2,29.2,27.0,30.2,32.7,33.3,34.5,36.5,35.2,35.4,35.0,34.7,33.0,31.4,28.1,25.6,22.5,19.5,16.5,12.2,8.5,5.5,3.0,1.3,43.4,45.4,52.5,13.1,0.0,75.6,17.9,22.5,80.9,,,OBAnorm,,LD831_01996v2.403,,,,0,0
GLBALSTL,2024-05-24 01:34:00.000,25.1,30.0,29.2,27.3,26.0,27.4,29.3,27.8,26.4,28.3,29.1,27.8,27.9,31.9,31.3,34.2,35.7,37.1,35.7,35.4,35.4,33.8,32.2,29.3,26.0,22.9,20.2,17.1,14.1,10.9,6.4,3.5,1.3,43.8,45.5,48.9,13.1,0.0,75.6,17.9,22.5,80.9,,,OBAnorm,,LD831_01996v2.403,,,,0,0
GLBALSTL,2024-05-24 01:34:01.000,19.4,23.5,31.4,29.6,26.1,27.6,29.6,28.8,26.8,29.2,29.5,25.8,30.6,32.6,31.1,34.4,35.1,37.2,36.9,36.7,36.6,35.7,33.1,30.3,27.3,25.2,22.5,20.1,17.8,13.3,9.8,5.9,2.3,44.9,46.3,49.0,13.1,0.0,75.6,17.9,22.5,80.9,,,OBAnorm,,LD831_01996v2.403,,,,0,0
GLBALSTL,2024-05-24 01:34:02.000,25.8,30.4,30.3,30.5,27.7,27.6,28.3,26.2,29.8,28.8,29.6,26.8,30.5,31.4,32.0,34.2,35.8,35.5,36.3,35.6,34.9,34.4,32.7,30.4,26.7,23.9,21.7,18.8,15.2,11.2,7.7,4.3,1.6,43.9,45.6,47.6,13.1,0.0,75.6,18.0,22.5,80.9,,,OBAnorm,,LD831_01996v2.403,,,,0,0
GLBALSTL,2024-05-24 01:34:03.000,21.7,28.5,29.5,27.8,26.8,28.6,29.7,25.6,26.7,28.5,29.7,27.9,29.1,31.0,34.1,35.1,36.3,37.4,37.3,36.4,35.8,34.7,33.0,29.7,26.6,23.7,21.1,18.1,15.4,11.1,7.7,4.1,1.7,44.7,46.3,49.6,13.1,0.0,75.6,17.9,22.5,80.9,,,OBAnorm,,LD831_01996v2.403,,,,0,0
GLBALSTL,2024-05-24 01:34:04.000,23.4,27.8,26.8,25.7,26.5,26.2,29.1,28.6,28.1,29.7,30.0,26.2,28.5,31.5,32.7,34.9,36.3,37.5,37.3,36.4,36.3,34.7,33.3,30.4,27.3,24.8,22.2,19.2,15.2,10.4,6.7,3.7,1.6,44.9,46.4,47.7,13.1,0.0,75.6,17.9,22.5,80.9,,,OBAnorm,,LD831_01996v2.403,,,,0,0
GLBALSTL,2024-05-24 01:34:05.000,24.5,28.0,29.6,28.4,26.6,26.2,27.8,29.2,27.9,28.7,30.3,28.8,28.4,32.3,33.4,34.8,36.3,35.9,35.4,35.6,35.1,33.2,31.5,29.2,26.1,23.0,20.2,17.3,14.4,11.6,7.9,4.2,1.8,43.6,45.6,47.7,13.1,0.0,75.6,17.9,22.5,80.9,,,OBAnorm,,LD831_01996v2.403,,,,0,0
GLBALSTL,2024-05-24 01:34:06.000,24.8,25.2,25.7,31.5,29.0,29.9,28.4,28.2,27.0,28.5,31.5,26.4,30.0,32.3,33.6,36.4,35.5,37.2,37.1,37.7,36.4,35.3,33.2,30.5,27.0,23.6,20.6,17.4,14.8,11.0,7.4,3.8,1.5,45.2,46.8,48.5,13.1,0.0,75.7,17.9,22.5,80.9,,,OBAnorm,,LD831_01996v2.403,,,,0,0
GLBALSTL,2024-05-24 01:34:07.000,23.0,23.7,27.4,29.0,27.4,27.5,30.8,29.5,27.4,31.1,30.6,27.3,27.5,32.8,33.7,37.7,39.0,38.9,38.4,38.3,38.0,36.9,35.3,32.6,29.6,26.3,23.7,19.4,16.0,12.0,8.4,4.7,1.9,46.7,48.0,49.7,13.1,0.0,75.6,17.9,22.5,80.9,,,OBAnorm,,LD831_01996v2.403,,,,0,0
GLBALSTL,2024-05-24 01:34:08.000,17.0,20.4,27.5,30.7,28.6,26.0,28.0,29.4,29.1,29.8,29.7,26.2,28.3,30.6,30.4,33.6,36.2,36.2,36.1,35.4,34.8,33.8,31.8,28.6,26.4,24.0,21.9,16.6,13.7,10.1,6.6,3.5,1.6,43.5,45.3,48.4,13.1,0.0,75.6,17.9,22.5,80.9,,,OBAnorm,,LD831_01996v2.403,,,,0,0
GLBALSTL,2024-05-24 01:34:09.000,27.3,29.5,28.4,29.5,27.1,27.7,28.6,28.6,28.1,29.0,30.3,27.4,29.5,31.1,31.6,34.6,36.3,37.4,37.3,36.4,35.6,34.2,32.4,29.5,26.7,23.9,21.4,18.5,15.7,12.0,8.2,4.7,1.8,44.6,46.2,47.1,13.1,0.1,75.6,17.9,22.5,80.9,,,OBAnorm,,LD831_01996v2.403,,,,0,0
GLBALSTL,2024-05-24 01:34:10.000,24.3,30.1,30.1,28.8,26.0,28.7,28.4,27.0,28.1,30.3,30.0,28.0,29.7,31.3,32.5,35.2,36.4,36.6,36.9,36.6,36.0,34.6,32.9,29.9,26.7,23.5,21.3,17.5,14.0,10.6,6.8,3.8,1.5,44.5,46.1,48.6,13.1,0.3,75.6,17.9,22.5,80.9,,,OBAnorm,,LD831_01996v2.403,,,,0,0
GLBALSTL,2024-05-24 01:34:11.000,25.1,26.0,25.2,25.5,24.4,28.8,28.9,26.3,29.7,30.6,30.7,32.2,31.9,32.6,33.7,36.7,37.2,37.0,37.6,37.3,37.1,36.0,34.7,33.0,29.7,27.4,25.2,22.5,19.9,16.0,11.5,6.4,2.5,45.9,47.5,50.4,13.1,0.3,75.6,17.9,22.5,80.9,,,OBAnorm,,LD831_01996v2.403,,,,0,0
GLBALSTL,2024-05-24 01:34:12.000,25.9,27.7,31.4,27.9,28.3,28.2,28.9,28.9,29.6,33.2,32.8,33.0,33.1,33.3,34.7,38.0,38.6,38.3,37.5,38.3,37.6,35.6,33.7,31.0,28.0,25.5,22.7,19.7,16.9,13.0,8.3,4.8,2.0,45.9,47.8,48.6,13.1,0.3,75.6,17.9,22.5,80.9,,,OBAnorm,,LD831_01996v2.403,,,,0,0
GLBALSTL,2024-05-24 01:34:13.000,28.0,29.3,31.2,26.8,28.2,26.8,28.6,28.6,28.4,30.8,32.5,30.5,31.0,32.3,32.5,34.7,36.3,36.4,36.9,36.5,36.3,35.3,32.7,30.0,26.9,24.9,22.7,19.7,17.1,12.6,8.7,4.6,1.8,44.7,46.4,49.0,13.1,0.4,75.7,17.9,22.5,80.9,,,OBAnorm,,LD831_01996v2.403,,,,0,0
GLBALSTL,2024-05-24 01:34:14.000,25.5,26.2,30.1,26.0,28.1,29.3,29.5,30.2,27.8,28.1,31.9,29.6,30.4,33.6,32.9,35.8,37.3,36.7,37.1,35.9,35.9,34.4,32.0,29.7,26.5,23.8,21.2,17.9,14.5,10.8,7.0,3.9,1.5,44.4,46.3,52.6,13.1,0.4,75.6,17.9,22.5,80.9,,,OBAnorm,,LD831_01996v2.403,,,,0,0
GLBALSTL,2024-05-24 01:34:15.000,24.1,31.5,30.5,26.1,27.0,26.7,28.3,28.9,27.8,29.7,33.4,35.6,34.1,34.1,33.7,35.6,36.5,36.4,36.1,36.2,35.7,33.6,31.8,28.7,26.1,23.6,20.7,17.5,13.9,10.2,6.2,3.6,1.7,44.1,46.7,49.8,13.1,0.4,75.6,17.9,22.5,80.9,,,OBAnorm,,LD831_01996v2.403,,,,0,0
GLBALSTL,2024-05-24 01:34:16.000,27.1,29.6,30.2,28.8,29.9,29.7,30.6,28.6,30.1,32.3,33.3,30.5,31.4,32.9,33.5,35.4,36.0,35.4,35.8,35.5,34.6,33.9,31.6,29.2,25.7,22.9,19.6,16.4,12.7,8.9,5.8,3.2,1.3,43.7,46.0,48.1,13.1,0.4,75.6,17.9,22.5,80.9,,,OBAnorm,,LD831_01996v2.403,,,,0,0
GLBALSTL,2024-05-24 01:34:17.000,27.3,29.1,31.7,29.5,26.3,26.3,30.3,27.9,29.6,32.0,31.5,30.3,30.7,32.3,34.6,36.6,37.1,37.5,36.3,37.2,36.4,35.0,33.2,30.5,27.5,25.5,22.1,18.9,14.7,10.5,7.2,3.6,1.4,45.1,46.9,48.9,13.1,0.4,75.6,17.9,22.5,80.9,,,OBAnorm,,LD831_01996v2.403,,,,0,0
GLBALSTL,2024-05-24 01:34:18.000,20.9,25.8,30.5,29.1,21.8,27.1,29.4,28.8,29.6,31.7,31.6,30.1,31.0,32.7,32.9,35.1,35.3,36.1,35.6,35.5,34.8,33.3,31.2,28.6,25.3,22.8,19.8,17.2,13.9,9.9,6.8,3.4,1.5,43.6,45.7,55.2,13.1,0.4,75.6,17.9,22.5,80.9,,,OBAnorm,,LD831_01996v2.403,,,,0,0
GLBALSTL,2024-05-24 01:34:19.000,25.7,27.8,29.0,29.4,27.4,26.9,26.9,29.8,28.0,30.5,31.4,28.2,30.8,34.1,34.4,36.0,37.2,36.5,36.4,36.3,35.5,34.1,32.2,29.3,26.0,23.0,19.8,16.6,12.7,8.8,5.5,3.1,1.2,44.3,46.6,55.6,13.1,0.4,75.6,17.9,22.5,80.9,,,OBAnorm,,LD831_01996v2.403,,,,0,0
GLBALSTL,2024-05-24 01:34:20.000,28.1,25.2,29.3,31.9,28.4,26.9,27.8,30.2,31.4,30.5,31.4,26.8,28.8,32.6,32.8,34.8,37.0,36.8,37.3,35.7,36.3,34.4,32.6,29.5,26.7,22.9,19.2,15.5,11.5,8.1,4.9,3.0,1.3,44.5,46.4,52.5,13.1,0.4,75.6,17.9,22.5,80.9,,,OBAnorm,,LD831_01996v2.403,,,,0,0
GLBALSTL,2024-05-24 01:34:21.000,26.3,28.5,30.6,28.6,25.4,30.7,29.1,26.4,27.2,29.6,31.2,27.7,29.5,32.3,33.2,35.5,36.3,36.9,36.7,36.8,35.8,34.4,32.2,29.7,26.4,23.4,20.4,16.8,13.2,9.0,5.4,3.1,1.3,44.4,46.3,56.7,13.1,0.3,75.6,17.9,22.5,80.9,,,OBAnorm,,LD831_01996v2.403,,,,0,0
GLBALSTL,2024-05-24 01:34:22.000,27.0,30.9,29.4,29.3,26.6,28.0,28.2,29.5,27.9,31.1,30.7,28.1,30.9,33.2,32.5,35.0,36.2,36.3,35.8,36.0,35.2,34.5,32.2,30.0,26.2,23.7,21.2,19.0,15.6,11.3,7.6,4.2,1.6,44.2,46.0,56.8,13.1,0.3,75.6,17.9,22.5,80.9,,,OBAnorm,,LD831_01996v2.403,,,,0,0
GLBALSTL,2024-05-24 01:34:23.000,29.2,31.0,29.8,27.6,24.7,24.7,30.5,28.5,29.3,31.8,31.9,26.5,28.4,30.4,33.8,36.3,38.3,38.0,38.5,36.9,36.7,36.0,33.5,30.6,27.1,23.9,21.4,17.9,14.1,10.7,6.7,4.0,1.7,45.6,47.2,52.9,13.1,0.3,75.6,17.9,22.5,80.9,,,OBAnorm,,LD831_01996v2.403,,,,0,0
GLBALSTL,2024-05-24 01:34:24.000,29.1,28.5,27.6,27.4,24.8,25.4,27.3,29.1,27.2,30.5,31.6,27.2,28.6,32.1,33.2,35.2,37.6,37.0,36.6,36.8,36.6,35.2,33.3,30.7,27.6,24.8,22.3,19.3,17.2,13.9,9.5,5.2,2.0,45.0,46.6,49.0,13.1,0.3,75.6,17.9,22.5,80.9,,,OBAnorm,,LD831_01996v2.403,,,,0,0
GLBALSTL,2024-05-24 01:34:25.000,28.0,28.6,28.6,29.5,26.9,27.3,29.9,28.5,30.0,32.1,32.0,35.9,32.3,32.7,32.5,35.4,36.4,35.8,36.4,36.6,36.3,34.7,32.7,30.2,27.3,25.0,23.2,20.2,18.1,13.2,8.6,4.8,2.1,44.5,46.7,48.1,13.1,0.3,75.6,17.9,22.5,80.9,,,OBAnorm,,LD831_01996v2.403,,,,0,0
GLBALSTL,2024-05-24 01:34:26.000,27.6,25.6,29.2,27.0,25.7,29.2,27.7,27.9,29.2,32.2,32.8,27.9,31.1,32.0,33.8,36.0,36.2,37.5,36.9,37.2,37.1,36.2,34.4,31.6,28.2,26.3,23.5,20.1,17.2,13.5,9.4,5.2,1.9,45.4,46.9,47.8,13.1,0.3,75.6,17.9,22.5,80.9,,,OBAnorm,,LD831_01996v2.403,,,,0,0
GLBALSTL,2024-05-24 01:34:27.000,25.8,30.7,32.1,27.4,25.7,28.7,29.0,27.0,30.8,30.5,36.1,33.2,32.2,34.4,34.3,36.1,37.8,38.9,37.8,37.8,37.6,37.1,35.2,32.2,29.6,27.6,25.5,22.3,19.2,15.5,11.4,6.7,2.9,46.4,48.2,48.7,13.1,0.4,75.6,18.0,22.5,80.9,,,OBAnorm,,LD831_01996v2.403,,,,0,0
GLBALSTL,2024-05-24 01:34:28.000,25.3,26.8,28.4,24.1,28.4,27.5,30.0,28.8,27.4,32.3,32.1,28.0,29.3,34.5,34.5,35.7,37.2,36.7,36.2,35.4,36.3,35.3,33.5,31.1,27.3,25.2,23.0,19.7,15.9,11.5,7.5,4.5,2.0,44.8,46.6,47.6,13.1,0.4,75.6,17.9,22.5,80.9,,,OBAnorm,,LD831_01996v2.403,,,,0,0
GLBALSTL,2024-05-24 01:34:29.000,23.5,26.8,30.2,31.2,24.0,28.4,29.4,28.8,30.7,32.7,31.5,27.1,29.0,33.4,33.9,35.8,37.6,37.0,36.4,36.7,36.2,34.8,33.2,31.0,27.7,25.3,22.2,19.4,16.7,12.7,8.8,4.9,2.0,45.2,47.0,47.8,13.1,0.4,75.6,18.0,22.5,80.9,,,OBAnorm,,LD831_01996v2.403,,,,0,0
GLBALSTL,2024-05-24 01:34:30.000,19.9,24.9,28.9,30.6,27.4,25.8,27.8,30.0,30.3,31.4,30.1,30.5,30.1,34.0,35.0,37.0,38.9,39.4,39.4,38.8,38.3,36.7,35.1,31.6,28.6,25.2,23.3,19.8,17.1,13.7,9.3,5.4,2.6,46.8,48.2,52.4,13.1,0.4,75.7,17.9,22.5,80.9,,,OBAnorm,,LD831_01996v2.403,,,,0,0
GLBALSTL,2024-05-24 01:34:31.000,19.5,28.0,27.6,29.9,25.1,26.0,28.1,28.7,28.8,32.5,30.9,26.5,27.6,31.0,32.2,36.2,36.2,36.1,36.0,36.0,35.4,34.4,33.0,30.0,26.9,24.7,21.3,18.5,15.4,12.0,7.7,4.1,1.7,44.0,45.8,52.5,13.1,0.4,75.6,17.9,22.5,80.9,,,OBAnorm,,LD831_01996v2.403,,,,0,0
GLBALSTL,2024-05-24 01:34:32.000,23.7,27.4,27.6,26.1,25.0,28.2,31.5,27.5,28.1,32.7,31.4,28.1,28.0,29.4,31.8,34.9,35.7,36.3,36.0,35.8,35.4,33.6,32.4,28.7,25.8,23.0,19.7,17.1,14.6,11.1,6.2,3.7,1.4,43.8,45.7,50.3,13.1,0.4,75.6,17.9,22.5,80.9,,,OBAnorm,,LD831_01996v2.403,,,,0,0
GLBALSTL,2024-05-24 01:34:33.000,22.6,26.2,29.2,27.5,28.3,26.9,27.7,28.3,28.6,31.1,32.3,27.9,29.8,31.7,34.2,35.2,35.7,36.1,35.4,35.0,35.2,33.8,31.9,29.1,25.6,22.6,20.4,17.6,13.9,10.5,7.3,4.0,1.6,43.7,45.8,48.7,13.1,0.4,75.6,17.9,22.5,80.9,,,OBAnorm,,LD831_01996v2.403,,,,0,0
GLBALSTL,2024-05-24 01:34:34.000,20.6,29.8,30.1,27.9,26.1,27.0,29.6,28.2,29.6,32.2,31.2,30.1,31.8,32.9,34.9,35.8,36.8,36.9,36.9,36.9,36.3,35.6,33.5,30.6,27.8,24.8,22.1,18.9,16.3,11.9,8.0,4.4,1.8,45.1,47.0,48.2,13.1,0.4,75.6,17.9,22.5,80.9,,,OBAnorm,,LD831_01996v2.403,,,,0,0
GLBALSTL,2024-05-24 01:34:35.000,24.8,26.7,29.8,27.9,26.2,27.7,27.4,30.7,28.2,31.0,31.5,32.6,32.8,33.6,35.5,35.8,36.3,36.6,36.8,36.1,35.8,33.8,31.9,29.4,26.4,24.7,21.1,18.6,15.4,11.7,8.6,4.5,1.6,44.4,46.6,47.9,13.1,0.4,75.6,17.9,22.5,80.9,,,OBAnorm,,LD831_01996v2.403,,,,0,0
GLBALSTL,2024-05-24 01:34:36.000,23.9,28.7,29.3,30.5,28.3,27.4,28.9,32.0,28.0,32.4,31.1,29.9,31.8,32.5,34.5,35.4,36.1,36.7,36.4,35.6,35.5,34.6,32.4,29.1,27.6,31.0,21.8,19.2,17.2,12.9,8.6,5.1,2.0,44.6,46.3,47.1,13.1,0.5,75.6,17.9,22.5,80.9,,,OBAnorm,,LD831_01996v2.403,,,,0,0
GLBALSTL,2024-05-24 01:34:37.000,23.1,26.6,28.5,29.2,23.3,21.6,28.1,28.3,27.5,30.6,30.2,30.9,30.9,32.7,34.0,36.0,35.7,36.4,36.3,36.1,35.3,34.0,31.9,29.1,27.3,30.6,20.0,17.1,13.9,10.3,6.7,3.9,1.6,44.4,46.4,49.2,13.1,0.5,75.6,17.9,22.5,80.9,,,OBAnorm,,LD831_01996v2.403,,,,0,0
GLBALSTL,2024-05-24 01:34:38.000,22.9,28.2,29.7,31.3,29.1,29.5,30.4,30.4,27.8,29.7,30.8,29.6,30.3,32.5,33.8,36.2,35.6,35.9,35.6,35.0,34.5,33.3,31.6,28.6,27.1,30.6,19.0,16.6,13.5,9.7,6.5,3.6,1.4,43.8,45.9,53.0,13.1,0.4,75.6,17.9,22.5,80.9,,,OBAnorm,,LD831_01996v2.403,,,,0,0
GLBALSTL,2024-05-24 01:34:39.000,25.6,28.8,28.0,26.1,26.9,29.1,30.1,29.6,28.2,30.5,30.9,28.6,29.1,29.5,32.5,33.7,35.6,35.6,34.7,34.7,34.6,33.5,31.5,28.9,25.0,22.0,19.8,17.0,13.2,9.4,5.7,3.3,1.3,43.1,45.0,48.4,13.1,0.4,75.6,17.9,22.5,80.9,,,OBAnorm,,LD831_01996v2.403,,,,0,0
GLBALSTL,2024-05-24 01:34:40.000,26.0,25.0,28.0,27.8,26.9,28.0,27.1,30.0,27.5,29.8,29.6,28.3,29.4,31.4,32.3,35.8,35.5,35.9,36.1,35.5,35.4,34.2,32.1,29.2,26.4,23.3,20.9,18.0,15.3,10.7,6.8,3.8,1.7,44.0,45.8,47.6,13.1,0.4,75.6,17.9,22.5,80.9,,,OBAnorm,,LD831_01996v2.403,,,,0,0
GLBALSTL,2024-05-24 01:34:41.000,27.6,30.3,27.9,28.6,28.3,26.3,30.1,30.0,29.5,30.7,32.3,28.6,31.9,32.9,34.7,35.8,37.0,37.6,36.9,36.6,36.3,35.0,32.7,30.0,27.0,24.2,21.3,18.7,15.3,10.8,7.1,3.9,1.6,44.9,46.8,49.9,13.1,0.4,75.6,17.9,22.5,80.9,,,OBAnorm,,LD831_01996v2.403,,,,0,0
GLBALSTL,2024-05-24 01:34:42.000,25.7,26.6,29.5,31.7,26.8,28.7,28.9,28.7,30.1,30.6,30.9,28.0,30.7,33.1,32.4,35.4,35.8,35.7,35.2,35.7,34.7,32.9,31.4,29.1,25.6,23.0,20.1,17.5,13.5,9.3,6.0,3.5,1.4,43.4,45.7,50.5,13.1,0.4,75.6,17.9,22.5,80.9,,,OBAnorm,,LD831_01996v2.403,,,,0,0
GLBALSTL,2024-05-24 01:34:43.000,23.3,28.3,29.6,27.1,29.8,28.2,30.0,30.7,27.7,30.9,31.1,28.4,28.7,31.7,32.1,34.7,36.1,36.2,35.5,35.8,35.4,33.2,31.9,29.1,25.5,23.1,20.6,17.4,14.2,10.1,6.9,3.8,1.5,43.8,45.6,47.6,13.1,0.4,75.6,17.9,22.5,80.9,,,OBAnorm,,LD831_01996v2.403,,,,0,0
GLBALSTL,2024-05-24 01:34:44.000,27.9,30.6,30.5,29.4,28.1,27.4,29.6,28.9,27.8,29.8,29.7,26.0,28.4,31.5,33.5,34.9,36.6,36.0,37.0,36.7,36.0,33.9,32.0,29.8,26.1,23.1,20.7,17.4,14.1,9.8,6.4,3.6,1.4,44.4,46.2,47.2,13.1,0.3,75.6,17.9,22.5,80.9,,,OBAnorm,,LD831_01996v2.403,,,,0,0
GLBALSTL,2024-05-24 01:34:45.000,26.5,27.7,27.8,26.8,27.9,28.7,32.7,30.3,28.4,31.6,31.2,27.8,28.2,31.0,32.9,34.8,36.1,37.2,36.7,36.2,35.7,33.7,32.2,29.4,26.9,24.3,21.7,18.7,14.9,11.1,7.6,3.9,1.6,44.3,46.1,47.1,13.1,0.3,75.6,17.9,22.5,80.9,,,OBAnorm,,LD831_01996v2.403,,,,0,0
GLBALSTL,2024-05-24 01:34:46.000,25.8,23.6,28.7,29.0,29.1,27.7,29.4,30.1,28.7,30.3,28.5,28.5,30.2,32.2,33.2,35.4,34.9,35.8,35.9,35.7,34.4,33.5,31.6,28.8,25.6,22.6,19.3,16.5,13.7,9.9,6.5,3.3,1.5,43.7,45.7,46.9,13.1,0.3,75.6,17.9,22.5,80.9,,,OBAnorm,,LD831_01996v2.403,,,,0,0
GLBALSTL,2024-05-24 01:34:47.000,23.0,29.0,28.9,29.2,28.5,30.1,28.5,29.2,28.5,29.5,31.1,27.8,28.0,31.5,31.3,35.1,36.6,36.5,35.7,35.1,35.4,33.8,31.0,28.5,25.0,21.7,19.1,16.0,12.4,9.2,5.5,3.2,1.2,43.6,45.6,46.8,13.1,0.3,75.6,17.9,22.5,80.9,,,OBAnorm,,LD831_01996v2.403,,,,0,0
GLBALSTL,2024-05-24 01:34:48.000,26.3,28.7,31.4,28.9,28.6,26.1,26.9,30.5,28.4,30.7,28.9,28.2,28.0,30.5,32.6,34.7,36.2,36.9,36.5,35.7,34.9,33.6,32.4,29.5,26.8,23.5,20.5,17.6,14.5,11.1,6.6,3.7,1.5,44.2,46.0,46.6,13.1,0.3,75.6,17.9,22.5,80.9,,,OBAnorm,,LD831_01996v2.403,,,,0,0
GLBALSTL,2024-05-24 01:34:49.000,26.6,24.3,28.6,28.3,26.8,28.8,28.6,28.1,29.8,30.7,33.4,38.6,32.8,34.8,33.1,35.2,36.1,38.2,36.5,37.2,36.1,35.8,33.0,30.6,27.6,24.8,22.4,18.0,15.4,11.8,7.9,4.4,1.8,45.1,47.4,48.2,13.1,0.3,75.6,17.9,22.5,80.9,,,OBAnorm,,LD831_01996v2.403,,,,0,0
GLBALSTL,2024-05-24 01:34:50.000,19.6,27.3,30.3,28.1,26.5,27.7,28.8,28.6,28.2,30.8,30.3,28.9,30.0,30.7,31.6,34.5,35.4,36.1,35.9,35.3,35.2,33.2,31.1,28.1,25.3,21.8,19.6,16.7,12.0,9.2,5.7,3.1,1.3,43.3,45.4,46.2,13.1,0.3,75.6,17.9,22.5,80.9,,,OBAnorm,,LD831_01996v2.403,,,,0,0
GLBALSTL,2024-05-24 01:34:51.000,24.2,27.4,28.1,26.7,28.8,28.9,28.8,30.4,28.1,31.1,29.6,27.9,30.6,32.6,32.6,35.5,36.2,36.1,35.9,35.1,34.4,33.0,32.0,28.9,25.4,22.5,20.9,17.9,15.7,11.6,7.0,4.0,1.6,43.6,45.6,46.7,13.1,0.3,75.6,17.9,22.5,80.9,,,OBAnorm,,LD831_01996v2.403,,,,0,0
GLBALSTL,2024-05-24 01:34:52.000,19.9,28.3,33.0,28.5,28.6,28.2,29.4,28.1,29.9,31.5,31.6,28.6,34.3,34.1,32.8,35.8,35.6,36.5,35.4,35.5,35.5,33.9,32.0,28.9,25.9,23.2,21.0,19.3,16.3,12.4,8.2,4.8,1.7,43.9,46.2,47.4,13.1,0.3,75.6,17.9,22.5,80.9,,,OBAnorm,,LD831_01996v2.403,,,,0,0
GLBALSTL,2024-05-24 01:34:53.000,25.4,28.1,31.1,29.0,29.8,27.2,29.8,30.9,29.9,31.4,32.3,27.2,29.3,31.8,31.7,34.3,34.9,36.0,35.2,35.3,34.5,33.8,31.3,29.9,26.6,23.8,21.0,18.8,15.4,11.7,7.7,4.4,1.9,43.4,45.5,47.9,13.1,0.3,75.6,17.9,22.5,80.9,,,OBAnorm,,LD831_01996v2.403,,,,0,0
GLBALSTL,2024-05-24 01:34:54.000,26.1,23.9,28.7,27.6,25.4,27.6,28.7,31.5,28.7,31.4,31.3,27.6,27.7,32.0,33.1,34.8,35.8,36.5,35.5,35.7,35.4,34.2,32.9,30.6,26.7,24.3,21.7,19.8,17.5,14.4,9.0,5.2,2.2,44.1,45.9,53.8,13.1,0.3,75.6,17.9,22.5,80.9,,,OBAnorm,,LD831_01996v2.403,,,,0,0
GLBALSTL,2024-05-24 01:34:55.000,25.9,28.5,31.1,29.8,28.7,26.0,27.9,28.6,29.0,31.9,32.1,27.6,29.6,32.7,33.4,35.3,36.1,36.3,36.4,36.3,36.0,35.5,33.8,31.0,27.7,25.3,23.3,20.7,17.6,13.7,9.2,4.7,1.9,44.7,46.5,47.6,13.1,0.3,75.6,17.9,22.5,80.9,,,OBAnorm,,LD831_01996v2.403,,,,0,0
GLBALSTL,2024-05-24 01:34:56.000,20.4,25.3,32.6,30.1,27.9,25.9,29.9,28.4,29.4,32.0,30.8,28.2,31.3,32.2,33.4,34.8,36.3,36.4,35.8,35.4,33.4,33.3,31.3,28.7,26.1,23.4,19.9,16.5,13.9,10.5,7.3,4.4,1.8,43.4,45.7,47.1,13.1,0.3,75.6,17.9,22.5,80.9,,,OBAnorm,,LD831_01996v2.403,,,,0,0
GLBALSTL,2024-05-24 01:34:57.000,26.8,24.8,30.1,28.1,27.1,29.3,28.4,29.2,29.9,31.3,32.1,27.6,30.7,32.5,32.8,34.5,36.2,35.6,35.3,34.7,34.0,32.5,30.3,27.7,24.5,21.6,18.9,15.9,12.7,8.6,5.5,3.3,1.3,43.0,45.4,46.5,13.1,0.3,75.6,18.0,22.5,80.9,,,OBAnorm,,LD831_01996v2.403,,,,0,0
GLBALSTL,2024-05-24 01:34:58.000,25.9,22.9,28.8,27.1,26.5,28.8,30.3,26.8,30.0,32.3,32.3,29.7,30.8,32.4,33.6,34.7,35.4,36.0,35.5,34.0,33.6,32.2,30.5,27.8,24.7,22.3,19.7,16.7,14.0,10.2,6.8,4.0,1.7,42.9,45.5,46.1,13.1,0.3,75.6,17.9,22.5,80.9,,,OBAnorm,,LD831_01996v2.403,,,,0,0
GLBALSTL,2024-05-24 01:34:59.000,23.0,27.2,27.4,25.9,26.8,29.2,31.4,27.3,28.8,32.1,33.2,28.6,30.4,31.9,33.9,36.0,35.9,36.3,35.9,35.2,34.7,33.6,31.6,28.3,25.9,23.2,20.9,17.4,14.8,11.5,7.4,4.1,1.6,43.7,46.0,46.9,13.1,0.3,75.6,17.9,22.5,80.9,,,OBAnorm,,LD831_01996v2.403,,,,0,0
GLBALSTL,2024-05-24 01:35:00.000,22.4,22.5,31.9,28.1,27.4,28.2,27.6,28.5,29.0,30.7,31.7,29.2,31.4,33.2,32.0,34.0,35.6,35.2,35.9,34.3,34.6,33.6,30.6,28.5,25.2,23.8,20.5,16.9,13.5,10.2,6.5,3.9,1.4,43.2,45.4,46.0,13.1,0.3,75.6,17.9,22.5,80.9,,,OBAnorm,,LD831_01996v2.403,,,,0,0
GLBALSTL,2024-05-24 01:35:01.000,18.0,25.6,25.6,30.9,29.7,28.2,27.9,30.3,28.7,31.2,31.3,28.8,31.1,32.7,33.5,35.5,36.1,37.1,36.4,36.7,35.0,32.9,31.1,27.8,25.2,22.2,20.1,17.5,15.2,11.6,8.5,4.0,1.7,43.9,46.2,46.9,13.1,0.3,75.6,17.9,22.5,80.9,,,OBAnorm,,LD831_01996v2.403,,,,0,0
GLBALSTL,2024-05-24 01:35:02.000,21.8,30.3,31.0,28.9,27.4,30.0,30.6,28.6,28.0,30.2,31.4,29.0,33.9,33.8,34.3,36.2,36.8,36.7,37.2,36.0,35.9,34.2,32.4,29.0,25.9,23.1,20.1,16.9,13.2,9.3,6.1,3.5,1.3,44.6,46.7,49.0,13.1,0.3,75.6,17.9,22.5,80.9,,,OBAnorm,,LD831_01996v2.403,,,,0,0
GLBALSTL,2024-05-24 01:35:03.000,27.6,25.1,32.0,28.3,30.7,29.9,29.8,27.9,30.6,29.5,30.4,28.9,30.6,33.3,32.2,34.8,35.5,35.9,35.8,35.4,34.6,33.9,32.2,29.5,26.6,23.9,21.2,18.6,15.5,11.4,7.5,4.2,1.8,43.7,45.7,47.7,13.1,0.3,75.6,17.9,22.5,80.9,,,OBAnorm,,LD831_01996v2.403,,,,0,0
GLBALSTL,2024-05-24 01:35:04.000,25.4,27.1,32.1,23.0,27.7,29.1,28.3,28.9,29.7,31.0,32.2,30.3,32.0,32.7,33.1,34.8,35.2,35.4,35.2,34.7,34.5,32.3,30.3,27.6,24.6,21.2,18.1,15.1,11.8,7.6,5.0,3.1,1.2,43.0,45.5,46.6,13.1,0.3,75.6,17.9,22.5,80.9,,,OBAnorm,,LD831_01996v2.403,,,,0,0
GLBALSTL,2024-05-24 01:35:05.000,23.5,25.6,30.5,29.4,26.1,24.7,26.2,26.0,29.6,30.6,31.3,27.7,30.6,33.0,33.9,36.5,36.4,36.9,35.6,35.1,35.6,33.2,31.7,28.9,26.1,22.7,20.0,16.9,13.8,9.7,6.0,3.6,1.3,43.9,46.1,46.6,13.1,0.3,75.6,17.9,22.5,80.9,,,OBAnorm,,LD831_01996v2.403,,,,0,0
GLBALSTL,2024-05-24 01:35:06.000,21.4,26.5,27.9,30.7,26.7,29.9,31.7,27.8,27.4,30.8,31.6,27.8,31.4,33.6,33.1,34.7,35.3,35.5,35.5,34.7,34.5,33.4,31.9,28.6,25.5,23.0,20.7,17.3,14.8,10.9,7.3,3.7,1.6,43.3,45.5,46.1,13.1,0.3,75.7,17.9,22.5,80.9,,,OBAnorm,,LD831_01996v2.403,,,,0,0
GLBALSTL,2024-05-24 01:35:07.000,25.7,26.0,31.5,30.0,26.6,29.0,29.3,28.2,27.1,31.4,30.9,27.4,30.9,32.1,32.2,35.0,35.5,35.9,34.9,35.5,34.8,33.8,31.9,28.4,25.5,22.5,19.7,17.6,13.6,9.0,7.0,3.4,1.4,43.5,45.5,46.4,13.1,0.3,75.6,17.9,22.5,80.9,,,OBAnorm,,LD831_01996v2.403,,,,0,0
GLBALSTL,2024-05-24 01:35:08.000,27.0,24.5,29.4,26.1,25.7,29.7,27.6,28.3,27.6,28.7,28.8,28.7,30.9,34.2,32.7,35.1,36.2,36.7,37.0,36.2,36.2,34.5,33.0,29.4,26.2,23.0,20.2,17.4,13.3,9.6,5.9,3.2,1.4,44.6,46.4,47.2,13.1,0.3,75.6,17.9,22.5,80.9,,,OBAnorm,,LD831_01996v2.403,,,,0,0
GLBALSTL,2024-05-24 01:35:09.000,28.1,27.0,29.3,27.4,27.7,26.2,30.7,26.9,27.9,29.4,31.5,30.5,31.2,33.4,33.1,34.9,36.3,37.4,36.9,36.7,36.5,34.7,33.6,30.7,27.4,25.0,23.5,20.5,18.2,14.4,9.7,5.1,2.2,45.0,46.8,47.4,13.1,0.3,75.6,17.9,22.5,80.9,,,OBAnorm,,LD831_01996v2.403,,,,0,0
GLBALSTL,2024-05-24 01:35:10.000,25.0,26.2,34.2,26.0,26.0,28.1,28.9,28.4,27.8,32.0,31.0,27.8,31.9,33.8,34.0,37.0,36.7,36.5,35.9,36.3,35.8,34.7,32.9,30.2,27.3,24.9,22.7,19.4,17.4,13.8,9.3,5.3,2.0,44.5,46.4,47.1,13.1,0.3,75.6,17.9,22.6,80.9,,,OBAnorm,,LD831_01996v2.403,,,,0,0
GLBALSTL,2024-05-24 01:35:11.000,25.5,30.5,29.2,28.6,28.4,28.0,28.2,29.0,30.3,31.7,29.0,26.5,29.7,32.3,32.5,34.9,36.0,35.2,35.2,34.7,34.3,32.9,31.2,27.8,25.5,22.3,19.6,17.0,14.4,11.3,7.0,3.9,1.5,43.2,45.4,46.1,13.1,0.3,75.6,17.9,22.5,80.9,,,OBAnorm,,LD831_01996v2.403,,,,0,0
GLBALSTL,2024-05-24 01:35:12.000,23.4,29.4,27.8,28.5,27.5,31.2,28.3,28.5,28.1,30.6,28.7,26.8,30.0,33.9,34.3,35.1,36.1,37.0,36.3,36.1,36.1,35.4,33.1,30.1,27.2,25.7,23.4,21.7,18.8,15.1,11.3,6.4,2.6,44.7,46.5,47.0,13.1,0.3,75.6,17.9,22.5,80.9,,,OBAnorm,,LD831_01996v2.403,,,,0,0
GLBALSTL,2024-05-24 01:35:13.000,23.3,23.7,29.6,27.0,29.0,30.3,30.0,29.8,26.5,30.4,29.5,29.8,31.4,33.3,35.1,35.2,36.6,36.9,36.4,36.3,35.6,34.4,33.0,30.0,26.8,24.2,21.9,18.9,15.9,12.4,8.5,5.0,2.0,44.5,46.5,47.0,13.1,0.3,75.6,17.9,22.5,80.9,,,OBAnorm,,LD831_01996v2.403,,,,0,0
GLBALSTL,2024-05-24 01:35:14.000,19.7,24.7,26.5,30.5,27.8,26.5,30.1,31.0,28.6,28.6,29.4,30.2,29.8,32.6,34.5,34.7,36.6,37.0,37.2,37.2,36.2,35.0,33.4,30.7,27.0,24.3,23.0,18.7,16.5,12.1,8.3,4.2,1.5,45.0,46.6,47.2,13.1,0.3,75.6,17.9,22.5,80.9,,,OBAnorm,,LD831_01996v2.403,,,,0,0
GLBALSTL,2024-05-24 01:35:15.000,24.6,26.6,29.3,24.0,28.0,27.7,31.5,29.4,29.4,30.6,29.5,26.6,28.6,31.6,32.9,33.0,35.5,36.3,35.6,35.1,34.5,33.7,31.6,28.7,25.4,22.6,19.3,16.1,12.3,8.6,5.7,3.3,1.4,43.5,45.3,46.0,13.1,0.3,75.6,17.9,22.5,80.9,,,OBAnorm,,LD831_01996v2.403,,,,0,0
GLBALSTL,2024-05-24 01:35:16.000,22.8,24.9,31.9,26.1,25.7,28.8,29.3,30.0,27.2,30.6,29.4,28.9,31.3,34.8,33.2,34.9,35.4,35.9,36.3,35.9,35.5,34.3,32.8,30.1,26.5,23.6,22.0,18.6,15.5,11.4,7.5,4.0,1.4,44.2,46.1,46.7,13.1,0.2,75.6,17.9,22.6,80.9,,,OBAnorm,,LD831_01996v2.403,,,,0,0
GLBALSTL,2024-05-24 01:35:17.000,26.1,27.0,29.8,29.6,25.6,27.2,30.4,26.4,27.0,29.5,29.3,26.6,28.5,32.3,31.6,34.2,35.0,36.9,36.3,35.8,36.2,35.1,32.8,29.7,26.0,24.7,22.2,18.6,16.7,13.0,9.7,5.2,2.1,44.4,46.0,46.9,13.1,0.2,75.6,17.8,22.6,80.9,,,OBAnorm,,LD831_01996v2.403,,,,0,0
GLBALSTL,2024-05-24 01:35:18.000,27.8,30.2,29.7,28.9,26.6,29.2,29.6,27.1,27.4,29.7,28.7,27.7,30.3,33.1,33.1,33.8,35.1,36.4,36.0,35.7,35.2,33.6,32.0,29.2,26.2,22.9,20.3,17.2,14.4,11.6,8.8,4.0,1.6,43.7,45.6,46.2,13.1,0.2,75.6,17.9,22.6,80.9,,,OBAnorm,,LD831_01996v2.403,,,,0,0
GLBALSTL,2024-05-24 01:35:19.000,23.6,28.5,29.6,27.5,28.7,28.1,28.5,29.1,28.5,27.9,28.8,30.2,33.7,32.5,33.3,34.4,36.1,36.9,36.1,36.5,35.8,34.7,33.4,30.8,27.8,25.4,23.0,19.5,16.6,13.0,8.5,4.9,2.0,44.6,46.4,46.9,13.1,0.2,75.6,17.9,22.6,80.9,,,OBAnorm,,LD831_01996v2.403,,,,0,0
GLBALSTL,2024-05-24 01:35:20.000,26.9,25.1,30.5,30.0,28.7,30.4,27.9,27.3,28.8,30.4,29.0,27.2,28.3,31.2,31.1,33.5,34.2,35.1,35.4,35.3,34.6,33.4,31.7,28.9,25.9,24.0,20.9,18.0,15.0,11.4,7.4,4.3,1.8,43.2,44.9,45.5,13.1,0.2,75.6,17.9,22.5,80.9,,,OBAnorm,,LD831_01996v2.403,,,,0,0
GLBALSTL,2024-05-24 01:35:21.000,22.6,26.9,31.3,28.4,27.1,28.4,29.5,27.9,27.3,28.9,30.3,26.7,29.8,31.6,33.5,34.3,35.8,36.4,36.2,36.2,35.3,34.6,32.2,29.5,26.4,23.8,21.4,18.1,16.0,11.3,7.7,4.5,1.9,44.2,45.9,46.6,13.1,0.2,75.6,18.2,22.5,80.9,,,OBAnorm,,LD831_01996v2.403,,,,0,0
GLBALSTL,2024-05-24 01:35:22.000,26.3,29.3,25.9,30.2,26.4,28.2,29.7,28.8,26.6,28.6,29.0,26.0,29.4,31.0,30.1,33.6,35.1,35.6,35.9,36.5,35.5,35.0,33.0,29.8,27.0,24.9,22.3,19.1,16.7,12.4,8.5,4.8,2.1,44.1,45.7,47.1,13.1,0.2,75.6,17.9,22.5,80.9,,,OBAnorm,,LD831_01996v2.403,,,,0,0
GLBALSTL,2024-05-24 01:35:23.000,21.7,24.0,29.6,32.8,27.2,29.9,30.9,26.1,30.3,30.3,30.5,28.3,33.7,31.7,33.2,34.4,36.2,36.5,36.5,36.4,35.9,34.8,33.1,30.8,27.1,24.6,23.2,19.4,16.8,12.7,8.7,5.1,2.0,44.5,46.2,47.2,13.1,0.2,75.6,17.9,22.6,80.9,,,OBAnorm,,LD831_01996v2.403,,,,0,0
GLBALSTL,2024-05-24 01:35:24.000,25.1,25.6,29.8,26.2,27.9,29.2,29.7,28.9,27.0,29.2,30.3,27.1,29.3,32.1,32.3,34.8,34.9,36.0,35.8,35.2,35.4,34.4,31.9,29.8,26.7,23.7,21.0,17.7,14.1,10.2,6.6,3.8,1.6,43.8,45.6,46.3,13.1,0.2,75.6,17.9,22.6,80.3,,,OBAnorm,,LD831_01996v2.403,,,,0,0
GLBALSTL,2024-05-24 01:35:25.000,20.6,27.5,25.1,25.6,27.1,27.1,30.5,29.5,28.5,30.2,29.4,27.7,32.4,32.6,31.7,33.6,36.5,36.7,36.9,36.5,36.9,36.7,34.2,31.2,28.9,25.7,23.2,19.8,17.3,13.8,9.6,5.1,2.5,45.3,46.6,47.2,13.1,0.2,75.6,17.9,22.6,80.3,,,OBAnorm,,LD831_01996v2.403,,,,0,0
GLBALSTL,2024-05-24 01:35:26.000,26.9,22.1,32.9,29.7,28.0,27.6,28.8,29.0,27.7,31.4,31.2,34.2,37.5,36.6,36.1,36.9,37.2,37.4,37.3,37.2,37.2,36.1,34.1,31.4,29.1,26.7,24.8,21.4,18.8,15.1,11.3,6.6,2.9,45.8,48.2,48.5,13.1,0.2,75.6,17.9,22.6,80.9,,,OBAnorm,,LD831_01996v2.403,,,,0,0
GLBALSTL,2024-05-24 01:35:27.000,23.9,25.6,31.0,28.1,28.2,29.1,27.7,30.3,28.4,29.9,29.1,33.4,32.5,33.4,33.5,35.4,36.8,36.2,36.2,35.9,36.1,35.5,33.9,30.8,28.5,24.8,22.6,19.9,17.1,13.9,9.6,5.6,2.5,44.8,46.6,47.1,13.1,0.3,75.6,17.9,22.6,80.9,,,OBAnorm,,LD831_01996v2.403,,,,0,0
GLBALSTL,2024-05-24 01:35:28.000,23.0,28.2,27.5,29.3,29.7,28.3,29.7,28.7,30.1,31.8,30.3,31.5,34.8,34.0,33.5,35.8,36.0,37.0,36.7,37.1,36.7,36.3,34.4,31.5,28.2,25.9,24.4,21.1,19.0,15.2,10.5,6.2,2.5,45.3,47.1,47.7,13.1,0.3,75.6,17.9,22.6,80.3,,,OBAnorm,,LD831_01996v2.403,,,,0,0
GLBALSTL,2024-05-24 01:35:29.000,25.8,28.4,25.7,27.6,27.4,28.7,28.7,24.7,27.3,30.1,29.7,27.5,32.6,34.5,35.1,35.3,36.3,36.5,36.8,36.2,35.4,34.5,32.3,29.5,26.5,22.6,19.6,17.0,13.0,9.3,6.0,3.4,1.4,44.3,46.4,48.3,13.1,0.3,75.6,17.9,22.6,80.3,,,OBAnorm,,LD831_01996v2.403,,,,0,0
GLBALSTL,2024-05-24 01:35:30.000,23.4,26.0,30.9,28.7,24.9,26.4,29.5,27.0,28.4,30.7,30.1,30.2,35.0,34.6,34.3,35.5,36.3,37.2,37.2,35.1,35.0,32.9,31.4,28.7,25.9,22.7,20.3,17.0,13.8,10.1,6.8,3.9,1.5,44.1,46.7,51.4,13.1,0.3,75.6,17.9,22.6,80.3,,,OBAnorm,,LD831_01996v2.403,,,,0,0
GLBALSTL,2024-05-24 01:35:31.000,25.4,28.3,26.0,25.5,23.1,28.4,28.9,29.8,27.8,30.8,31.5,36.3,29.9,31.8,33.4,35.8,36.8,36.7,36.5,36.0,35.0,34.2,32.1,29.5,26.4,23.5,20.6,17.9,14.9,10.1,6.5,4.6,2.6,44.3,46.2,54.3,13.1,0.3,75.6,17.9,22.6,80.3,,,OBAnorm,,LD831_01996v2.403,,,,0,0
GLBALSTL,2024-05-24 01:35:32.000,21.9,30.9,29.5,28.9,25.6,28.3,31.1,30.9,28.8,31.1,29.9,29.4,29.9,32.6,32.8,34.9,35.3,36.3,36.3,36.3,35.5,34.0,32.1,28.9,26.0,23.2,20.2,17.2,13.8,9.4,6.1,3.4,1.3,44.0,45.9,47.1,13.1,0.3,75.6,17.9,22.6,80.3,,,OBAnorm,,LD831_01996v2.403,,,,0,0
GLBALSTL,2024-05-24 01:35:33.000,27.7,26.7,28.9,27.7,27.2,28.6,29.6,29.3,28.8,29.9,31.3,29.5,32.0,33.6,33.8,35.6,36.0,36.8,36.3,36.1,36.0,34.8,32.5,28.8,26.0,23.3,21.0,19.4,15.7,11.6,7.7,4.5,1.8,44.4,46.7,48.1,13.1,0.3,75.6,17.9,22.6,80.3,,,OBAnorm,,LD831_01996v2.403,,,,0,0
GLBALSTL,2024-05-24 01:35:34.000,24.0,26.8,28.7,29.5,26.9,29.0,28.6,29.9,30.3,31.1,31.2,29.8,33.4,34.1,33.2,35.6,36.1,37.1,36.8,36.2,35.1,34.3,32.5,29.1,26.0,24.0,21.0,18.4,16.3,11.2,7.1,4.1,1.7,44.2,46.5,47.1,13.1,0.3,75.6,17.9,22.6,80.3,,,OBAnorm,,LD831_01996v2.403,,,,0,0
GLBALSTL,2024-05-24 01:35:35.000,24.0,29.0,30.2,30.4,29.1,28.4,32.0,30.5,31.4,31.8,31.8,29.1,31.7,33.3,35.2,35.5,36.6,36.8,36.9,36.8,36.5,35.6,33.6,30.8,28.1,25.3,22.3,19.5,16.0,12.2,8.0,4.3,1.7,45.1,46.9,47.6,13.1,0.3,75.6,17.9,22.6,80.3,,,OBAnorm,,LD831_01996v2.403,,,,0,0
GLBALSTL,2024-05-24 01:35:36.000,27.8,26.4,30.3,28.3,28.4,26.9,30.6,29.0,29.0,29.7,31.2,26.8,31.1,32.2,32.0,35.1,35.2,36.3,35.9,36.1,35.5,34.2,32.1,29.2,26.1,23.1,20.6,17.8,15.1,11.2,7.1,3.8,1.4,43.9,45.9,46.8,13.1,0.2,75.6,17.9,22.6,80.3,,,OBAnorm,,LD831_01996v2.403,,,,0,0
GLBALSTL,2024-05-24 01:35:37.000,23.2,26.1,28.2,30.5,26.1,29.6,29.2,29.7,28.0,30.9,30.7,31.4,30.5,32.3,33.2,35.1,36.6,35.7,36.3,35.9,35.9,34.7,32.6,30.0,26.8,24.8,20.8,18.3,15.2,11.1,7.2,4.0,1.6,44.5,46.7,47.3,13.1,0.2,75.6,17.9,22.6,80.3,,,OBAnorm,,LD831_01996v2.403,,,,0,0
GLBALSTL,2024-05-24 01:35:38.000,19.5,26.4,30.0,30.0,29.4,29.4,30.4,29.7,28.4,31.9,31.8,32.6,33.1,34.0,33.4,35.5,37.3,37.6,36.6,36.2,35.8,34.9,33.5,30.9,27.2,24.5,22.1,18.9,17.2,13.7,9.0,4.9,2.1,44.7,46.5,48.2,13.1,0.2,75.6,17.9,22.6,80.9,,,OBAnorm,,LD831_01996v2.403,,,,0,0
GLBALSTL,2024-05-24 01:35:39.000,25.0,28.2,31.3,27.6,29.7,27.5,29.8,28.2,30.2,31.1,32.2,31.2,32.1,32.3,33.1,34.9,36.1,36.3,37.6,37.5,37.2,36.0,34.4,32.0,28.9,26.3,24.3,21.5,18.7,14.4,10.3,6.0,2.4,45.6,47.1,48.0,13.1,0.3,75.6,17.9,22.6,80.3,,,OBAnorm,,LD831_01996v2.403,,,,0,0
GLBALSTL,2024-05-24 01:35:40.000,24.9,28.5,25.7,28.8,30.0,27.9,30.8,27.3,29.5,31.5,30.8,26.8,29.2,31.1,33.4,35.0,36.3,36.3,35.3,36.8,36.6,35.8,33.5,31.0,27.6,25.8,24.8,21.6,20.2,15.3,12.0,7.3,3.1,44.7,46.4,48.3,13.1,0.3,75.6,17.9,22.6,80.3,,,OBAnorm,,LD831_01996v2.403,,,,0,0
GLBALSTL,2024-05-24 01:35:41.000,22.4,25.6,29.8,25.7,28.6,29.5,28.7,26.8,28.9,30.9,31.5,27.4,31.6,32.1,33.3,35.5,35.9,35.6,36.0,35.8,36.3,35.4,33.4,30.3,27.4,25.4,23.0,19.9,17.0,13.4,9.3,5.3,2.3,44.6,46.2,47.2,13.1,0.3,75.6,17.9,22.6,80.3,,,OBAnorm,,LD831_01996v2.403,,,,0,0
GLBALSTL,2024-05-24 01:35:42.000,26.2,28.4,31.9,25.2,30.7,30.3,29.4,30.8,29.0,31.0,30.9,26.9,29.9,31.5,32.2,34.2,35.8,36.6,36.3,36.2,36.6,35.1,32.9,30.9,26.9,25.3,22.6,20.2,17.3,13.6,9.1,5.1,2.0,44.5,46.2,46.9,13.1,0.3,55.1,17.9,21.2,74.3,,,OBAnorm,,LD831_01996v2.403,,,,0,0
GLBALSTL,2024-05-24 01:35:43.000,25.8,29.1,28.1,28.0,26.2,30.2,30.6,29.7,28.6,32.0,31.4,27.9,33.1,32.0,32.7,35.0,35.2,35.0,34.3,35.7,35.9,34.8,33.1,30.4,27.1,24.6,22.4,19.4,15.6,12.0,8.3,4.4,1.8,44.0,46.0,46.8,13.1,0.4,75.7,17.9,21.2,74.3,,,OBAnorm,,LD831_01996v2.403,,,,0,0
GLBALSTL,2024-05-24 01:35:44.000,27.5,25.2,26.7,27.0,28.0,27.5,30.2,32.9,29.4,31.5,30.5,28.4,28.1,31.7,31.9,34.1,36.7,37.0,35.8,36.3,35.4,33.9,32.1,29.7,26.1,24.2,21.7,18.9,15.8,11.8,8.1,4.6,2.0,44.2,46.1,47.1,13.1,0.4,74.5,17.9,22.4,80.3,,,OBAnorm,,LD831_01996v2.403,,,,0,0
GLBALSTL,2024-05-24 01:35:45.000,25.4,31.0,32.1,28.5,28.2,32.1,27.8,26.8,29.6,31.5,30.7,28.9,32.6,33.2,35.3,35.6,37.0,37.2,36.7,36.3,35.9,34.1,32.0,29.6,26.6,24.1,21.8,19.2,16.5,11.0,7.3,4.1,1.7,44.5,46.7,47.5,13.1,0.6,75.6,17.9,22.4,80.9,,,OBAnorm,,LD831_01996v2.403,,,,0,0
GLBALSTL,2024-05-24 01:35:46.000,22.5,30.6,32.4,30.5,29.0,28.3,28.9,29.8,28.9,30.6,32.8,30.7,30.0,31.9,33.4,35.9,33.7,36.4,35.8,35.7,34.7,33.7,30.9,28.6,25.0,22.4,19.2,16.6,13.3,9.4,6.0,3.5,1.5,43.5,45.5,46.0,13.1,0.6,75.6,17.9,22.7,80.9,,,OBAnorm,,LD831_01996v2.403,,,,0,0
GLBALSTL,2024-05-24 01:35:47.000,24.1,22.4,28.8,24.9,26.5,26.6,28.5,28.8,31.1,31.3,31.4,28.3,30.5,30.9,33.0,36.1,36.1,36.0,35.7,35.9,35.5,34.5,32.7,29.6,26.9,25.1,22.7,21.2,16.2,11.9,7.8,4.3,1.8,44.2,46.2,47.0,13.1,0.7,75.6,17.9,22.6,80.9,,,OBAnorm,,LD831_01996v2.403,,,,0,0
GLBALSTL,2024-05-24 01:35:48.000,27.4,25.3,29.0,24.7,28.4,29.9,28.5,29.5,29.4,32.0,31.4,29.4,32.0,31.8,33.7,35.6,36.6,36.9,37.5,37.7,37.1,36.4,34.2,31.6,29.5,27.1,25.1,22.8,19.9,15.8,10.9,6.5,2.9,45.7,47.2,47.7,13.1,0.8,75.6,17.9,22.6,80.9,,,OBAnorm,,LD831_01996v2.403,,,,0,0
GLBALSTL,2024-05-24 01:35:49.000,21.2,24.4,32.7,27.7,27.2,25.6,29.5,31.9,29.8,32.1,32.3,29.9,35.0,32.8,33.6,36.8,36.6,37.6,36.8,36.7,36.3,34.9,33.6,30.6,27.4,24.4,22.8,20.2,17.5,13.4,9.5,5.2,2.2,45.0,47.1,47.5,13.1,0.7,75.6,17.9,22.7,80.9,,,OBAnorm,,LD831_01996v2.403,,,,0,0
GLBALSTL,2024-05-24 01:35:50.000,23.1,26.8,30.2,27.5,28.2,27.1,28.1,31.1,31.3,31.1,30.1,27.6,30.2,32.2,34.5,35.6,38.3,38.0,37.8,37.8,37.5,36.4,34.9,32.8,29.3,27.1,24.7,21.6,19.0,14.5,10.5,6.1,2.5,46.1,47.6,48.0,13.1,0.7,55.5,17.9,21.3,74.9,,,OBAnorm,,LD831_01996v2.403,,,,0,0
GLBALSTL,2024-05-24 01:35:51.000,25.1,28.4,26.5,29.5,25.6,27.8,29.7,26.6,29.7,32.9,33.3,34.1,37.9,36.2,35.5,37.6,36.6,37.4,35.9,36.9,37.2,35.7,33.9,30.6,28.1,25.8,24.5,21.3,19.8,15.2,11.1,6.9,3.3,45.5,48.1,49.8,13.1,0.6,75.6,17.9,21.3,74.9,,,OBAnorm,,LD831_01996v2.403,,,,0,0
GLBALSTL,2024-05-24 01:35:52.000,24.8,28.6,28.8,27.2,27.0,28.1,29.8,29.4,29.1,32.4,33.7,30.7,30.7,33.1,33.4,36.1,36.4,37.0,36.3,36.9,36.1,35.3,33.4,30.5,27.6,25.6,23.5,20.6,18.6,14.5,10.8,5.7,2.5,45.0,46.8,51.9,13.1,0.6,75.6,17.9,22.8,81.0,,,OBAnorm,,LD831_01996v2.403,,,,0,0
GLBALSTL,2024-05-24 01:35:53.000,22.1,26.4,30.2,24.0,24.6,28.4,28.9,28.8,31.6,33.2,33.2,30.1,33.7,33.4,34.1,36.4,37.8,37.8,37.4,36.6,36.7,36.0,33.8,31.3,28.7,26.2,23.6,20.2,17.5,13.5,10.0,5.6,2.3,45.5,47.4,51.4,13.1,0.5,75.6,17.9,22.8,81.0,,,OBAnorm,,LD831_01996v2.403,,,,0,0
GLBALSTL,2024-05-24 01:35:54.000,28.5,25.0,26.9,27.9,28.9,30.1,29.4,27.4,31.1,31.8,31.9,32.6,33.9,32.3,34.1,36.6,37.3,36.2,36.4,36.9,36.5,35.4,33.1,30.3,27.2,24.5,21.5,19.0,16.0,12.6,8.2,4.9,2.2,44.8,46.8,49.9,13.1,0.5,75.6,17.9,22.8,81.0,,,OBAnorm,,LD831_01996v2.403,,,,0,0
GLBALSTL,2024-05-24 01:35:55.000,25.5,23.3,29.3,29.6,26.9,26.2,30.6,28.8,30.1,33.2,33.2,30.3,30.1,34.4,34.7,36.4,35.9,36.9,36.6,36.8,36.6,35.3,33.1,31.2,28.4,24.6,22.1,19.2,16.9,13.0,8.7,4.9,1.8,45.2,47.3,49.1,13.1,0.5,75.6,17.9,22.8,81.0,,,OBAnorm,,LD831_01996v2.403,,,,0,0
GLBALSTL,2024-05-24 01:35:56.000,26.6,30.2,28.8,29.0,30.8,30.5,31.5,29.8,30.4,31.9,33.3,32.5,32.5,32.4,35.2,36.1,37.4,37.2,37.2,37.2,36.6,35.3,34.0,31.1,28.0,24.9,22.4,19.9,16.8,12.6,8.4,4.9,2.1,45.3,47.2,48.1,13.1,0.5,75.6,17.9,22.8,81.0,,,OBAnorm,,LD831_01996v2.403,,,,0,0
GLBALSTL,2024-05-24 01:35:57.000,24.9,27.3,27.9,29.1,28.4,30.9,28.8,29.7,29.7,33.9,34.6,32.8,32.3,34.1,34.9,36.7,37.7,37.5,37.1,36.5,36.4,35.2,33.6,30.2,27.3,24.8,23.0,19.6,18.0,14.5,11.1,5.7,2.3,45.3,47.4,47.9,13.1,0.4,75.6,17.9,22.8,81.0,,,OBAnorm,,LD831_01996v2.403,,,,0,0
GLBALSTL,2024-05-24 01:35:58.000,24.0,30.1,28.7,25.9,27.9,29.7,29.7,29.7,29.2,31.7,32.4,29.6,30.2,32.0,32.9,36.2,36.3,37.0,37.6,36.7,35.8,35.2,33.2,30.1,27.1,24.4,21.6,19.3,15.7,12.0,7.7,4.6,2.0,44.8,46.7,47.4,13.1,0.4,75.6,17.9,22.7,80.9,,,OBAnorm,,LD831_01996v2.403,,,,0,0
GLBALSTL,2024-05-24 01:35:59.000,27.8,25.0,29.4,28.7,25.3,25.8,29.4,30.3,30.6,34.0,33.7,28.2,29.8,32.2,33.5,35.3,34.7,36.1,36.1,36.1,35.4,33.5,31.6,28.4,25.4,23.4,20.0,17.7,14.4,10.3,6.8,3.8,1.6,43.8,46.0,46.7,13.1,0.4,75.6,17.9,22.7,80.9,,,OBAnorm,,LD831_01996v2.403,,,,0,0
GLBALSTL,2024-05-24 01:36:00.000,22.2,28.3,33.0,27.2,29.2,27.6,29.8,30.6,31.4,32.7,32.7,30.6,29.5,32.6,33.0,35.9,35.8,36.1,35.9,35.4,34.5,33.4,31.8,28.9,25.4,22.4,20.0,16.8,13.9,10.1,6.6,3.4,1.5,43.6,45.9,46.6,13.1,0.3,75.6,17.9,22.7,80.9,,,OBAnorm,,LD831_01996v2.403,,,,0,0
GLBALSTL,2024-05-24 01:36:01.000,22.1,26.1,28.6,26.3,28.1,30.4,27.6,30.7,29.4,31.9,31.0,28.9,28.0,32.0,34.3,35.2,34.4,36.5,35.8,34.6,34.2,33.6,31.8,28.9,25.6,22.6,19.7,16.5,13.3,8.9,5.8,3.2,1.5,43.5,45.9,46.5,13.1,0.3,75.6,17.9,22.8,80.4,,,OBAnorm,,LD831_01996v2.403,,,,0,0
GLBALSTL,2024-05-24 01:36:02.000,24.1,26.1,29.5,26.7,26.0,28.5,29.5,31.9,30.0,30.7,31.9,29.9,32.7,32.8,34.0,35.3,36.2,36.3,36.3,35.6,35.3,34.2,32.3,29.3,26.4,23.5,21.2,17.6,14.5,10.5,6.9,3.7,1.8,44.1,46.4,46.9,13.1,0.3,75.6,17.9,22.8,80.4,,,OBAnorm,,LD831_01996v2.403,,,,0,0
GLBALSTL,2024-05-24 01:36:03.000,24.1,27.1,28.6,25.3,27.9,29.8,28.5,29.6,29.5,31.9,32.1,30.1,32.7,31.7,32.5,35.1,35.7,35.8,35.8,34.8,34.8,34.0,31.7,28.4,25.5,22.4,20.2,17.3,14.4,10.7,7.0,3.8,1.6,43.5,45.8,46.7,13.1,0.3,75.6,17.9,22.7,80.4,,,OBAnorm,,LD831_01996v2.403,,,,0,0
GLBALSTL,2024-05-24 01:36:04.000,21.1,28.2,28.8,29.3,27.8,25.9,28.9,29.1,29.4,31.2,32.4,30.0,31.6,32.7,33.8,36.1,36.9,36.3,37.3,36.2,36.2,34.9,33.4,30.3,27.1,24.5,21.4,19.1,15.1,11.1,7.3,4.1,1.6,44.9,46.8,47.3,13.1,0.3,75.7,18.0,22.7,80.4,,,OBAnorm,,LD831_01996v2.403,,,,0,0
GLBALSTL,2024-05-24 01:36:05.000,25.9,24.6,26.7,26.6,27.7,29.0,27.1,30.7,29.1,32.2,33.0,29.2,30.8,33.4,36.0,36.4,36.9,36.4,36.7,37.0,36.4,35.6,33.7,30.8,27.0,25.1,22.9,20.5,19.1,15.5,10.0,5.6,2.5,45.1,47.0,47.4,13.1,0.3,75.6,17.9,22.7,80.4,,,OBAnorm,,LD831_01996v2.403,,,,0,0
GLBALSTL,2024-05-24 01:36:06.000,25.3,28.6,30.6,27.8,26.5,28.8,30.8,30.6,28.7,33.4,32.4,27.2,29.9,30.6,33.0,34.4,36.1,35.8,35.8,36.2,35.5,34.9,33.6,30.9,27.9,24.7,22.5,19.7,15.8,11.8,8.0,4.5,1.9,44.4,46.2,46.7,13.1,0.3,75.7,17.9,22.7,80.4,,,OBAnorm,,LD831_01996v2.403,,,,0,0
GLBALSTL,2024-05-24 01:36:07.000,23.0,26.8,27.8,27.7,27.3,29.3,31.9,27.7,31.3,31.6,30.6,29.1,32.1,34.0,35.0,36.1,36.3,37.0,36.7,36.8,36.8,35.1,33.6,31.3,27.7,26.0,23.9,21.5,18.9,15.5,10.6,6.3,2.7,45.1,47.0,47.4,13.1,0.2,75.6,17.9,22.7,80.4,,,OBAnorm,,LD831_01996v2.403,,,,0,0
GLBALSTL,2024-05-24 01:36:08.000,26.1,28.5,28.3,24.8,29.3,27.3,29.9,30.6,29.4,30.3,32.5,31.0,32.0,33.0,33.2,35.6,35.6,36.5,35.9,35.7,36.1,33.9,32.5,29.2,26.3,23.7,23.2,20.0,15.2,11.8,7.4,4.2,1.7,44.3,46.2,46.6,13.1,0.2,75.6,17.9,22.7,80.4,,,OBAnorm,,LD831_01996v2.403,,,,0,0
GLBALSTL,2024-05-24 01:36:09.000,27.0,26.9,30.8,25.7,26.3,28.1,29.4,28.9,29.2,31.9,31.2,26.8,27.3,32.2,33.3,35.1,36.0,36.7,36.8,36.7,36.2,35.1,33.6,30.7,27.6,25.0,22.6,18.8,16.2,12.0,8.4,4.8,1.8,44.7,46.3,46.7,13.1,0.2,75.7,17.9,22.7,80.4,,,OBAnorm,,LD831_01996v2.403,,,,0,0
GLBALSTL,2024-05-24 01:36:10.000,26.7,22.0,27.6,29.7,26.9,28.4,29.0,27.9,27.8,30.0,31.7,27.4,29.5,31.7,33.2,34.9,35.4,35.7,36.4,35.9,35.1,33.8,32.3,28.8,25.4,22.8,20.5,18.2,16.2,11.2,7.9,4.5,1.8,43.7,45.7,46.5,13.1,0.2,75.6,17.9,22.7,80.4,,,OBAnorm,,LD831_01996v2.403,,,,0,0
GLBALSTL,2024-05-24 01:36:11.000,18.0,25.5,31.9,28.8,24.7,30.7,30.2,29.7,30.0,29.9,31.3,29.5,30.8,32.4,32.2,36.4,35.7,36.5,36.4,36.9,36.0,34.2,32.3,29.2,26.3,22.9,20.0,18.3,14.2,10.3,6.5,3.6,1.4,44.4,46.4,46.8,13.1,0.2,75.6,17.9,22.7,80.4,,,OBAnorm,,LD831_01996v2.403,,,,0,0
GLBALSTL,2024-05-24 01:36:12.000,23.2,24.6,31.1,27.7,27.0,30.9,30.3,30.2,29.2,29.4,30.1,26.6,29.6,32.1,33.0,34.5,36.9,37.4,36.9,36.5,35.5,34.2,32.6,29.6,26.3,24.1,20.6,17.7,14.3,10.6,7.1,4.0,1.5,44.4,46.2,46.6,13.1,0.2,75.6,17.9,22.7,80.4,,,OBAnorm,,LD831_01996v2.403,,,,0,0
GLBALSTL,2024-05-24 01:36:13.000,25.7,29.8,28.4,28.6,27.1,28.2,29.8,28.6,30.7,31.2,30.6,26.9,29.6,32.6,33.3,35.3,36.6,37.4,36.5,36.3,35.5,34.7,32.7,29.9,26.8,23.5,20.3,17.0,13.2,9.4,5.7,3.4,1.4,44.5,46.4,46.9,13.1,0.2,75.7,17.9,22.7,80.4,,,OBAnorm,,LD831_01996v2.403,,,,0,0
GLBALSTL,2024-05-24 01:36:14.000,26.1,27.2,27.3,29.4,26.6,27.3,29.2,29.1,28.3,30.6,30.5,27.4,30.1,33.2,33.4,35.1,36.3,36.7,36.6,35.6,35.4,33.6,31.7,28.4,26.4,23.1,19.7,16.6,13.0,8.8,5.5,3.3,1.3,43.9,46.0,46.7,13.1,0.2,75.6,17.9,22.7,80.4,,,OBAnorm,,LD831_01996v2.403,,,,0,0
GLBALSTL,2024-05-24 01:36:15.000,23.3,24.6,29.8,26.7,29.0,28.4,30.0,31.9,29.6,31.4,31.5,25.8,30.1,32.3,33.1,35.2,36.8,36.2,36.1,36.1,35.9,34.6,32.8,30.0,28.1,25.4,22.5,20.2,16.5,12.3,8.3,4.9,1.9,44.6,46.4,46.7,13.1,0.2,75.6,17.9,22.7,80.4,,,OBAnorm,,LD831_01996v2.403,,,,0,0
GLBALSTL,2024-05-24 01:36:16.000,21.6,28.4,27.6,26.1,25.5,25.8,29.6,27.3,28.0,31.4,31.1,27.5,30.8,32.5,33.5,34.9,36.7,37.5,36.6,36.6,36.5,34.6,33.1,30.1,27.3,24.6,21.6,18.2,15.4,11.4,8.1,4.4,1.7,44.8,46.7,47.1,13.1,0.2,75.6,17.9,22.7,80.4,,,OBAnorm,,LD831_01996v2.403,,,,0,0
GLBALSTL,2024-05-24 01:36:17.000,24.9,26.0,28.7,27.0,24.4,27.6,29.4,29.9,29.6,30.6,31.6,28.7,31.5,33.1,33.3,34.8,35.8,36.2,36.0,35.7,35.3,34.4,32.7,30.3,26.2,23.5,22.7,19.3,16.8,13.3,9.0,4.8,2.0,44.1,45.9,46.7,13.1,0.2,75.6,17.9,22.7,80.4,,,OBAnorm,,LD831_01996v2.403,,,,0,0
GLBALSTL,2024-05-24 01:36:18.000,27.9,24.4,26.3,28.0,27.8,27.5,29.7,27.6,29.5,32.3,31.7,28.4,29.9,32.6,31.8,34.8,35.5,36.5,36.7,35.0,34.8,34.4,32.7,29.1,26.0,22.9,20.7,17.5,14.2,10.7,8.1,5.3,2.5,44.0,46.0,49.0,13.1,0.2,75.6,17.9,22.7,80.4,,,OBAnorm,,LD831_01996v2.403,,,,0,0
GLBALSTL,2024-05-24 01:36:19.000,27.1,26.9,29.8,26.3,27.2,29.3,29.4,27.7,29.2,32.5,30.6,33.1,32.0,31.8,33.9,35.2,34.8,35.0,35.5,35.4,35.7,34.3,32.9,29.5,26.5,24.8,22.6,19.9,16.7,12.2,8.8,4.9,2.1,43.8,45.8,47.4,13.1,0.2,75.6,17.8,22.7,80.4,,,OBAnorm,,LD831_01996v2.403,,,,0,0
GLBALSTL,2024-05-24 01:36:20.000,25.9,27.5,30.6,28.9,27.3,26.3,28.6,29.5,29.0,31.8,30.3,27.4,29.1,32.0,33.5,36.2,36.1,36.1,36.2,35.4,35.6,33.7,32.6,29.4,26.4,23.0,20.8,18.4,14.0,9.3,6.0,3.5,1.3,44.1,46.0,46.6,13.1,0.2,75.6,17.9,22.8,80.4,,,OBAnorm,,LD831_01996v2.403,,,,0,0
GLBALSTL,2024-05-24 01:36:21.000,20.7,29.3,31.0,31.0,25.0,26.6,27.2,30.6,29.3,31.1,30.2,27.1,30.3,29.7,32.3,33.8,34.6,35.8,36.2,36.4,35.7,33.8,32.1,29.8,26.6,23.9,20.6,18.0,15.2,11.9,7.5,3.6,1.6,43.9,45.7,46.3,13.1,0.3,75.6,17.9,22.8,80.4,,,OBAnorm,,LD831_01996v2.403,,,,0,0
GLBALSTL,2024-05-24 01:36:22.000,23.7,26.6,27.5,26.2,27.1,28.6,30.0,30.0,29.0,31.3,32.8,29.0,31.4,32.4,32.9,35.2,36.2,36.5,35.7,35.9,35.6,33.5,32.2,29.3,25.5,23.0,19.9,16.7,13.3,10.1,6.0,3.3,1.4,44.0,46.1,46.6,13.1,0.3,75.6,17.9,22.8,80.4,,,OBAnorm,,LD831_01996v2.403,,,,0,0
GLBALSTL,2024-05-24 01:36:23.000,21.1,29.5,29.3,28.8,26.6,29.4,29.4,27.6,27.8,29.5,28.5,28.0,31.6,32.8,33.3,36.0,35.7,36.3,36.5,35.8,35.0,33.7,32.0,29.1,25.2,22.8,20.4,18.0,14.4,10.3,6.8,4.0,1.6,44.1,46.1,46.8,13.1,0.3,75.6,17.9,22.8,80.4,,,OBAnorm,,LD831_01996v2.403,,,,0,0
GLBALSTL,2024-05-24 01:36:24.000,25.0,28.3,28.1,28.5,26.4,27.6,27.9,30.4,26.5,30.6,30.3,26.8,30.2,32.7,33.1,35.3,35.7,36.8,36.5,35.9,35.4,33.8,31.6,28.8,26.1,24.2,21.5,18.0,14.9,11.7,7.5,4.5,1.8,44.0,46.0,46.6,13.1,0.3,75.6,17.9,22.8,80.4,,,OBAnorm,,LD831_01996v2.403,,,,0,0
GLBALSTL,2024-05-24 01:36:25.000,19.0,22.8,26.7,29.7,28.4,31.0,29.8,26.7,30.2,30.1,29.1,28.0,31.3,33.5,34.0,36.7,37.3,37.0,37.1,37.3,37.0,36.8,34.2,31.6,28.7,25.9,23.7,20.6,17.9,14.7,10.2,5.5,2.2,45.8,47.3,48.5,13.1,0.3,75.6,17.9,22.8,80.4,,,OBAnorm,,LD831_01996v2.403,,,,0,0
GLBALSTL,2024-05-24 01:36:26.000,21.0,26.3,28.7,26.1,29.4,27.5,31.3,28.8,28.8,30.1,30.8,27.7,32.0,33.9,32.5,35.9,37.8,38.2,37.7,36.9,37.0,36.7,34.3,31.2,30.1,26.2,23.0,19.4,16.9,12.1,8.4,4.1,1.7,45.7,47.2,47.8,13.1,0.3,75.6,17.9,22.8,80.4,,,OBAnorm,,LD831_01996v2.403,,,,0,0
GLBALSTL,2024-05-24 01:36:27.000,23.3,27.4,29.9,29.5,28.9,28.4,27.3,29.6,27.9,29.2,28.3,27.0,31.0,33.0,33.5,35.1,35.9,35.4,35.9,35.8,35.9,34.3,33.0,29.7,26.1,23.3,20.7,17.7,14.5,10.6,7.1,4.0,1.5,44.2,45.9,46.5,13.1,0.3,75.6,17.9,22.8,80.4,,,OBAnorm,,LD831_01996v2.403,,,,0,0
GLBALSTL,2024-05-24 01:36:28.000,24.5,26.1,31.0,30.1,29.3,27.5,30.1,27.5,26.7,29.9,28.9,27.3,29.7,32.4,32.2,34.2,36.6,36.3,37.2,36.0,35.5,35.0,33.8,30.4,27.0,23.5,21.0,17.9,16.2,11.7,7.7,4.3,1.5,44.6,46.2,46.7,13.1,0.3,75.6,17.9,22.8,80.4,,,OBAnorm,,LD831_01996v2.403,,,,0,0
GLBALSTL,2024-05-24 01:36:29.000,24.2,27.9,30.0,27.7,28.0,29.1,28.9,26.7,27.7,29.5,31.0,28.2,31.7,32.8,34.5,36.4,37.4,38.4,37.7,36.8,36.7,35.9,33.9,31.2,28.3,25.3,22.6,19.1,16.5,11.8,8.1,4.4,2.1,45.5,47.1,47.7,13.1,0.4,75.6,17.9,22.8,80.4,,,OBAnorm,,LD831_01996v2.403,,,,0,0
GLBALSTL,2024-05-24 01:36:30.000,22.0,28.3,28.9,27.2,27.0,29.0,32.1,26.7,27.8,28.2,29.6,26.3,32.6,33.7,34.7,35.6,36.3,36.6,36.9,37.6,36.6,34.7,33.1,30.7,27.6,25.0,22.3,20.3,16.1,11.7,7.5,4.2,1.6,45.1,46.8,47.5,13.1,0.4,75.6,17.9,22.8,80.4,,,OBAnorm,,LD831_01996v2.403,,,,0,0
GLBALSTL,2024-05-24 01:36:31.000,23.3,26.8,26.3,28.8,26.9,30.0,28.5,30.1,27.0,28.8,29.0,27.5,33.1,33.0,33.3,34.5,36.2,37.0,36.1,36.0,35.5,34.4,32.5,29.7,26.5,23.3,21.2,17.8,15.4,11.6,7.5,4.1,1.7,44.2,46.0,46.6,13.1,0.4,75.6,17.9,22.8,80.4,,,OBAnorm,,LD831_01996v2.403,,,,0,0
GLBALSTL,2024-05-24 01:36:32.000,22.3,29.0,31.9,26.6,27.7,28.5,30.2,27.8,25.5,29.6,29.9,26.0,31.2,33.4,33.9,36.2,37.7,37.4,38.3,37.5,37.0,36.3,34.1,30.9,28.0,24.8,21.1,18.7,14.8,10.5,6.5,3.5,1.5,45.8,47.4,47.9,13.1,0.3,75.6,17.9,22.8,80.4,,,OBAnorm,,LD831_01996v2.403,,,,0,0
GLBALSTL,2024-05-24 01:36:33.000,24.4,27.4,28.0,26.3,26.7,29.6,30.7,29.7,33.3,33.3,31.0,32.8,31.5,34.4,34.4,36.8,37.7,37.1,36.5,36.8,36.3,35.2,33.4,30.5,27.7,24.8,22.1,19.3,16.2,13.0,8.5,4.6,1.9,44.9,47.1,47.5,13.1,0.3,75.6,17.9,22.8,80.4,,,OBAnorm,,LD831_01996v2.403,,,,0,0
GLBALSTL,2024-05-24 01:36:34.000,24.9,30.2,27.5,28.7,25.8,29.9,28.9,29.6,27.8,30.2,29.6,26.1,31.2,32.9,33.3,34.9,35.8,36.0,37.2,36.9,35.8,34.2,32.1,29.6,26.6,23.8,22.4,19.1,15.5,11.6,8.1,4.4,1.8,44.6,46.3,46.9,13.1,0.3,75.6,17.9,22.8,80.4,,,OBAnorm,,LD831_01996v2.403,,,,0,0
GLBALSTL,2024-05-24 01:36:35.000,23.1,25.1,31.3,30.0,26.1,27.7,28.9,27.0,28.4,30.1,30.5,28.0,32.6,34.4,34.0,35.4,35.9,37.2,37.4,37.0,36.4,35.3,33.3,30.6,27.8,25.8,23.2,20.2,16.9,12.1,7.4,4.1,1.6,45.0,46.9,47.5,13.1,0.4,75.6,17.9,22.7,80.4,,,OBAnorm,,LD831_01996v2.403,,,,0,0
GLBALSTL,2024-05-24 01:36:36.000,22.6,31.4,31.7,28.5,27.3,30.0,26.2,27.8,28.4,31.6,29.8,28.7,30.3,32.9,33.3,36.3,36.8,37.1,36.6,36.5,36.0,36.4,32.8,29.6,27.3,24.6,22.6,20.1,17.1,13.3,8.8,4.7,2.0,45.0,46.6,47.0,13.1,0.4,75.6,17.9,22.7,80.4,,,OBAnorm,,LD831_01996v2.403,,,,0,0
GLBALSTL,2024-05-24 01:36:37.000,27.9,26.7,29.7,27.8,27.0,29.4,28.8,30.2,28.7,30.4,30.1,27.2,31.6,31.4,34.1,35.8,36.8,37.6,37.3,37.2,36.6,35.4,33.8,30.5,27.6,25.3,22.8,20.5,16.9,12.9,10.1,5.4,2.2,45.3,46.9,47.4,13.1,0.4,75.6,17.9,22.7,80.4,,,OBAnorm,,LD831_01996v2.403,,,,0,0
GLBALSTL,2024-05-24 01:36:38.000,25.1,26.2,30.5,29.1,28.5,28.8,30.4,29.6,29.8,30.8,29.9,28.5,30.5,33.6,33.6,34.3,35.8,35.7,35.9,36.3,35.9,33.5,31.9,29.2,26.3,23.7,20.6,18.0,14.4,9.6,6.3,3.5,1.5,43.9,45.9,46.4,13.1,0.5,75.6,18.0,22.7,80.9,,,OBAnorm,,LD831_01996v2.403,,,,0,0
GLBALSTL,2024-05-24 01:36:39.000,20.3,27.4,31.2,28.7,28.8,28.3,29.6,27.7,30.0,31.2,31.0,28.1,31.8,33.5,33.9,35.8,35.6,36.4,36.1,35.8,35.1,33.5,31.8,28.6,25.4,22.5,19.6,17.3,13.0,9.2,5.6,3.5,1.3,43.9,46.1,46.8,13.1,0.5,75.6,17.9,22.7,80.9,,,OBAnorm,,LD831_01996v2.403,,,,0,0
GLBALSTL,2024-05-24 01:36:40.000,22.3,27.0,30.7,26.8,26.8,29.5,29.6,26.1,26.8,29.3,30.9,28.2,32.7,33.5,34.8,36.7,37.6,37.9,37.5,37.8,37.5,36.0,34.7,32.2,29.1,26.3,24.6,21.2,18.2,14.7,10.8,6.1,2.8,46.1,47.8,48.3,13.1,0.5,75.6,17.9,22.8,81.0,,,OBAnorm,,LD831_01996v2.403,,,,0,0
GLBALSTL,2024-05-24 01:36:41.000,21.9,26.6,30.7,28.6,28.1,28.7,29.1,28.8,29.0,31.4,31.7,32.3,36.6,35.7,33.8,36.5,37.7,37.8,37.7,38.3,38.0,37.5,35.5,33.3,30.4,28.3,25.7,23.3,20.4,16.0,11.6,6.2,2.6,46.5,47.9,48.2,13.1,0.4,75.6,17.9,22.8,81.0,,,OBAnorm,,LD831_01996v2.403,,,,0,0
GLBALSTL,2024-05-24 01:36:42.000,22.9,29.1,32.3,29.0,28.2,26.0,28.8,28.0,25.9,31.0,28.1,27.6,30.0,33.0,33.6,35.0,36.5,35.5,35.9,37.3,37.9,36.5,34.5,32.2,29.5,27.5,25.6,22.0,19.3,15.5,11.4,6.7,2.8,45.7,46.8,47.3,13.1,0.4,75.6,17.9,22.7,80.9,,,OBAnorm,,LD831_01996v2.403,,,,0,0
GLBALSTL,2024-05-24 01:36:43.000,24.4,28.8,27.9,28.6,27.5,27.7,30.3,28.8,28.9,29.4,29.7,29.0,33.6,33.7,35.9,35.8,37.4,38.6,38.1,38.6,38.2,38.0,36.3,33.2,31.0,28.5,26.4,23.9,21.7,17.1,12.5,7.6,3.3,47.0,48.3,48.7,13.1,0.4,75.6,17.9,22.7,80.9,,,OBAnorm,,LD831_01996v2.403,,,,0,0
GLBALSTL,2024-05-24 01:36:44.000,18.9,29.1,30.0,26.1,27.0,29.9,30.4,31.4,26.7,30.0,29.7,28.3,33.6,35.1,35.2,36.7,38.2,39.2,39.3,38.6,39.0,37.1,35.5,32.8,29.7,26.9,24.7,21.4,19.0,15.6,10.4,6.3,2.7,46.8,48.2,48.6,13.1,0.4,75.6,17.9,22.8,81.0,,,OBAnorm,,LD831_01996v2.403,,,,0,0
GLBALSTL,2024-05-24 01:36:45.000,20.4,27.0,29.3,27.5,26.2,29.0,29.9,28.0,29.5,30.3,30.8,30.2,31.6,33.7,33.7,34.8,36.3,36.5,36.7,36.9,36.3,35.7,33.5,29.9,26.9,25.2,22.3,18.9,17.1,13.0,8.6,5.0,2.0,44.9,46.5,47.0,13.1,0.4,75.6,17.9,22.8,81.0,,,OBAnorm,,LD831_01996v2.403,,,,0,0
GLBALSTL,2024-05-24 01:36:46.000,23.7,28.1,30.5,28.9,22.0,25.4,27.1,27.5,29.2,28.5,28.3,26.9,29.2,35.1,33.9,36.0,35.5,36.4,36.3,36.1,36.0,35.2,31.7,29.4,26.3,24.0,21.2,18.3,15.2,11.9,7.8,4.5,1.7,44.5,46.5,47.1,13.1,0.4,75.6,17.9,22.8,81.0,,,OBAnorm,,LD831_01996v2.403,,,,0,0
GLBALSTL,2024-05-24 01:36:47.000,25.3,27.2,32.4,28.5,25.5,29.7,30.6,28.3,29.1,31.3,28.0,29.9,32.6,34.7,33.8,34.6,36.4,36.6,36.4,35.9,35.6,34.0,31.9,28.8,26.3,24.7,21.5,21.8,17.0,12.4,8.6,4.3,1.8,44.1,46.0,46.4,13.1,0.4,75.6,17.9,22.7,80.9,,,OBAnorm,,LD831_01996v2.403,,,,0,0
GLBALSTL,2024-05-24 01:36:48.000,24.6,27.2,29.0,27.1,27.1,28.0,28.0,28.3,28.2,30.9,29.8,26.6,30.2,32.3,32.5,34.7,35.4,35.5,35.5,35.9,35.2,33.3,31.4,28.7,26.0,23.1,20.3,17.5,13.8,10.3,6.6,4.0,1.6,43.6,45.6,46.1,13.1,0.4,75.6,17.9,22.7,80.9,,,OBAnorm,,LD831_01996v2.403,,,,0,0
GLBALSTL,2024-05-24 01:36:49.000,25.1,29.3,28.4,26.4,25.3,28.3,28.9,29.3,28.2,29.3,30.8,25.6,29.8,33.4,31.7,35.3,35.3,36.3,36.1,35.0,35.3,33.9,32.1,29.2,25.7,23.1,21.6,19.2,15.7,11.7,8.6,4.5,1.6,43.9,45.8,46.4,13.1,0.4,75.6,17.9,22.7,80.9,,,OBAnorm,,LD831_01996v2.403,,,,0,0
GLBALSTL,2024-05-24 01:36:50.000,17.6,26.7,26.2,29.0,28.4,27.6,26.9,28.7,30.2,32.5,30.4,26.5,31.4,32.6,33.1,35.4,36.1,36.8,37.1,36.4,35.2,34.9,33.2,29.3,26.9,24.0,21.4,18.2,15.0,11.0,6.9,3.7,1.5,44.5,46.4,47.0,13.1,0.4,75.6,17.9,22.7,80.9,,,OBAnorm,,LD831_01996v2.403,,,,0,0
GLBALSTL,2024-05-24 01:36:51.000,24.4,30.3,29.0,27.0,30.2,29.6,31.4,29.8,27.6,30.6,31.2,30.8,32.0,33.6,32.2,35.3,36.6,37.2,36.2,36.4,35.7,34.6,32.8,29.4,26.4,23.1,20.6,18.3,14.3,9.9,6.5,3.6,1.4,44.4,46.4,46.8,13.1,0.3,75.6,17.9,22.7,80.9,,,OBAnorm,,LD831_01996v2.403,,,,0,0
GLBALSTL,2024-05-24 01:36:52.000,21.4,30.6,28.1,29.4,25.8,29.5,29.0,29.7,30.4,29.6,30.3,27.9,30.7,33.0,33.1,36.1,36.3,37.2,37.1,36.1,35.8,34.6,32.9,30.6,27.0,24.6,22.4,19.3,16.8,13.6,8.7,4.8,1.8,44.7,46.5,47.1,13.1,0.3,75.6,17.9,22.7,80.9,,,OBAnorm,,LD831_01996v2.403,,,,0,0
GLBALSTL,2024-05-24 01:36:53.000,24.8,24.9,27.7,27.3,27.8,29.1,26.0,31.6,28.2,30.0,30.5,26.9,29.1,33.6,32.5,35.6,36.2,36.8,36.4,35.8,35.0,34.0,32.3,29.4,26.1,24.2,21.1,18.4,16.0,12.1,8.2,4.6,1.9,44.1,46.0,46.7,13.1,0.3,75.6,17.9,22.8,81.0,,,OBAnorm,,LD831_01996v2.403,,,,0,0
GLBALSTL,2024-05-24 01:36:54.000,24.9,31.0,31.8,28.5,27.0,27.2,28.0,27.4,27.4,31.6,31.6,29.7,30.2,34.4,34.0,35.5,36.4,36.5,36.0,36.6,36.1,34.9,33.0,29.7,27.0,24.4,21.7,19.4,16.0,12.0,8.3,4.9,1.7,44.7,46.6,47.1,13.1,0.3,75.6,17.9,22.8,81.0,,,OBAnorm,,LD831_01996v2.403,,,,0,0
GLBALSTL,2024-05-24 01:36:55.000,24.5,28.7,30.8,26.0,27.4,30.3,29.8,28.4,30.1,29.3,31.6,28.1,28.6,33.0,33.5,36.0,36.7,37.1,36.0,36.5,35.7,34.5,32.7,30.6,27.1,24.6,21.8,18.8,15.4,11.6,7.3,3.9,1.4,44.5,46.3,46.8,13.1,0.3,75.6,17.9,22.8,81.0,,,OBAnorm,,LD831_01996v2.403,,,,0,0
GLBALSTL,2024-05-24 01:36:56.000,26.1,28.5,31.0,23.4,25.0,28.5,28.9,28.9,29.3,30.5,30.1,27.7,30.9,33.2,34.2,36.1,36.6,36.6,36.5,36.0,35.4,34.4,32.2,29.5,26.9,23.4,21.2,17.6,14.4,11.7,7.8,4.7,1.6,44.3,46.3,46.9,13.1,0.3,75.6,17.9,22.8,81.0,,,OBAnorm,,LD831_01996v2.403,,,,0,0
GLBALSTL,2024-05-24 01:36:57.000,23.6,29.2,30.6,27.6,26.4,27.1,30.6,29.1,27.2,28.9,32.4,29.4,32.3,33.9,34.0,35.4,36.4,37.4,36.4,36.7,36.1,35.8,33.0,30.4,27.7,24.7,21.6,18.7,14.8,10.5,7.0,3.9,1.5,44.9,46.8,47.4,13.1,0.3,75.6,17.9,22.8,80.4,,,OBAnorm,,LD831_01996v2.403,,,,0,0
GLBALSTL,2024-05-24 01:36:58.000,21.2,27.9,30.8,29.9,29.8,28.3,29.2,29.4,29.0,31.9,30.3,29.6,33.0,35.0,34.1,35.5,36.5,36.1,36.9,36.3,36.2,35.7,34.2,32.1,28.9,26.1,24.3,20.8,18.8,15.1,10.4,6.4,2.4,45.4,47.0,47.4,13.1,0.4,75.7,17.9,22.8,80.4,,,OBAnorm,,LD831_01996v2.403,,,,0,0
GLBALSTL,2024-05-24 01:36:59.000,26.0,24.6,27.9,30.4,29.3,28.3,28.1,26.8,28.7,30.9,32.4,28.8,32.6,33.9,34.6,36.2,36.9,37.4,37.6,36.9,36.1,35.2,32.9,30.6,27.9,25.5,23.6,20.2,17.8,14.1,9.8,5.6,2.3,45.0,47.0,47.5,13.1,0.5,75.7,17.9,22.9,80.4,,,OBAnorm,,LD831_01996v2.403,,,,0,0
GLBALSTL,2024-05-24 01:37:00.000,22.7,27.6,29.0,28.8,29.1,28.4,29.2,28.0,30.9,30.2,33.9,35.8,31.5,34.7,33.9,35.8,36.5,37.0,37.6,37.4,36.6,36.3,34.5,32.0,28.6,25.9,23.9,20.7,17.6,13.7,9.5,5.3,2.3,45.6,47.5,47.9,13.1,0.5,75.6,17.9,22.9,80.4,,,OBAnorm,,LD831_01996v2.403,,,,0,0
GLBALSTL,2024-05-24 01:37:01.000,24.3,26.5,32.4,27.2,26.1,28.8,29.6,27.5,27.4,31.6,31.4,28.2,33.4,34.3,34.8,36.4,37.5,37.4,37.6,38.0,37.5,37.1,35.3,32.3,30.0,28.3,26.7,23.3,21.6,17.2,12.9,7.6,3.4,46.4,47.8,48.3,13.1,0.5,39.9,17.9,20.2,73.0,,,OBAnorm,,LD831_01996v2.403,,,,0,0
GLBALSTL,2024-05-24 01:37:02.000,28.4,31.2,28.3,25.9,29.7,27.3,29.8,27.9,28.6,31.1,31.2,31.2,31.4,33.2,34.5,35.5,37.2,37.4,37.2,37.4,36.5,35.4,33.9,31.0,27.9,25.5,23.7,20.2,18.3,14.2,9.2,5.6,2.1,45.5,47.1,47.6,13.1,0.5,75.6,17.9,20.2,73.0,,,OBAnorm,,LD831_01996v2.403,,,,0,0
GLBALSTL,2024-05-24 01:37:03.000,25.6,29.0,30.6,28.0,28.2,29.0,28.1,27.5,29.3,29.5,31.1,26.9,33.9,34.6,35.0,37.4,38.4,37.8,38.0,37.8,36.8,36.2,34.8,32.4,29.2,27.1,24.7,21.2,17.8,13.5,9.7,5.6,2.3,46.2,47.8,48.2,13.1,0.5,75.6,17.9,22.9,80.4,,,OBAnorm,,LD831_01996v2.403,,,,0,0
GLBALSTL,2024-05-24 01:37:04.000,25.4,27.4,30.3,25.0,25.9,28.1,30.9,30.0,29.5,31.3,28.5,28.4,32.6,34.4,34.9,36.2,37.7,38.5,39.1,38.5,37.9,36.6,34.6,32.3,28.9,26.2,23.8,21.0,17.7,13.4,8.9,5.2,2.2,46.4,47.9,48.3,13.1,0.5,75.6,17.9,22.9,80.4,,,OBAnorm,,LD831_01996v2.403,,,,0,0
GLBALSTL,2024-05-24 01:37:05.000,20.4,25.4,26.8,27.0,26.4,30.2,28.9,29.4,28.3,32.3,29.9,29.5,33.6,34.4,35.6,36.7,37.5,37.9,37.7,37.7,36.9,35.5,33.7,30.8,28.0,24.8,22.4,19.5,16.8,12.4,8.1,4.5,1.8,45.7,47.6,47.9,13.1,0.5,75.6,17.9,22.9,80.4,,,OBAnorm,,LD831_01996v2.403,,,,0,0
GLBALSTL,2024-05-24 01:37:06.000,24.8,25.7,29.2,26.4,27.3,28.3,30.3,30.8,27.1,30.2,30.8,29.4,32.5,33.7,34.6,36.9,37.7,38.0,38.4,37.8,37.5,35.2,33.8,30.8,27.6,24.8,21.8,19.1,15.1,10.6,6.7,3.8,1.5,45.7,47.4,48.0,13.1,0.5,75.6,17.9,22.9,80.4,,,OBAnorm,,LD831_01996v2.403,,,,0,0
GLBALSTL,2024-05-24 01:37:07.000,27.0,26.4,30.3,27.5,28.8,28.5,29.5,26.0,29.1,30.3,30.6,26.9,30.8,33.3,33.1,36.4,36.5,37.3,36.4,36.9,36.1,34.4,32.2,29.8,26.7,24.3,22.3,18.9,15.4,12.3,7.5,4.2,1.8,44.7,46.6,47.2,13.1,0.5,75.6,18.1,22.9,80.4,,,OBAnorm,,LD831_01996v2.403,,,,0,0
GLBALSTL,2024-05-24 01:37:08.000,19.3,30.4,31.7,28.9,30.2,30.1,30.7,30.2,30.0,31.5,30.9,27.6,33.5,34.4,35.0,35.7,37.7,37.7,37.8,37.8,36.7,35.2,33.5,30.7,28.4,26.0,23.3,20.0,18.2,15.3,10.4,5.3,2.2,45.5,47.3,47.9,13.1,0.5,75.6,17.9,22.9,80.4,,,OBAnorm,,LD831_01996v2.403,,,,0,0
GLBALSTL,2024-05-24 01:37:09.000,23.9,30.0,29.9,29.0,26.1,27.9,26.5,27.3,30.2,31.2,30.7,27.7,30.5,31.8,33.5,35.9,37.8,37.2,37.3,37.0,36.5,35.2,33.5,30.9,28.1,25.0,22.8,19.5,16.6,12.4,7.8,4.5,1.9,45.2,47.0,47.4,13.1,0.5,75.6,17.9,22.9,80.4,,,OBAnorm,,LD831_01996v2.403,,,,0,0
GLBALSTL,2024-05-24 01:37:10.000,24.1,27.9,31.0,29.1,26.3,27.9,27.8,30.0,30.3,31.3,31.7,27.7,31.8,34.4,34.6,36.2,37.3,38.1,38.0,37.2,36.9,36.0,33.7,31.4,28.3,25.2,22.9,19.4,16.0,12.5,7.8,4.5,1.8,45.6,47.3,47.8,13.1,0.5,75.6,17.8,22.9,80.4,,,OBAnorm,,LD831_01996v2.403,,,,0,0
GLBALSTL,2024-05-24 01:37:11.000,23.2,30.1,26.9,28.7,28.6,25.9,27.2,28.6,29.9,32.0,31.2,31.8,30.1,31.7,33.1,35.6,36.8,35.9,35.9,36.8,36.3,34.7,32.9,30.1,26.7,24.3,21.0,18.3,14.6,11.0,6.7,4.0,1.5,44.3,46.3,47.0,13.1,0.5,75.6,17.9,22.9,80.4,,,OBAnorm,,LD831_01996v2.403,,,,0,0
GLBALSTL,2024-05-24 01:37:12.000,23.4,28.5,31.8,30.7,28.4,29.0,26.3,28.6,29.2,32.3,30.6,27.4,29.7,33.4,32.6,34.8,35.5,37.1,36.0,35.9,35.4,34.4,32.5,29.7,26.5,25.5,23.8,20.3,18.8,13.6,9.0,4.9,1.9,44.2,46.1,46.7,13.1,0.5,75.6,17.9,22.9,80.4,,,OBAnorm,,LD831_01996v2.403,,,,0,0
GLBALSTL,2024-05-24 01:37:13.000,23.3,29.1,28.8,29.2,24.0,25.9,29.5,30.8,30.5,28.9,31.7,27.4,30.9,32.2,32.7,35.6,36.5,38.1,37.6,36.4,37.0,36.0,33.4,30.8,27.4,24.7,22.7,19.7,16.0,12.3,8.2,4.1,1.6,45.2,46.9,47.3,13.1,0.5,75.6,17.9,22.9,80.4,,,OBAnorm,,LD831_01996v2.403,,,,0,0
GLBALSTL,2024-05-24 01:37:14.000,18.4,30.1,29.8,29.6,25.2,28.9,29.1,28.2,27.3,30.1,30.8,27.6,30.7,33.1,33.3,35.8,36.1,37.0,37.1,37.4,37.8,36.6,33.3,30.7,27.6,25.7,23.2,20.8,18.7,13.7,9.1,5.1,2.0,45.6,47.0,47.5,13.1,0.5,75.6,17.9,22.9,80.4,,,OBAnorm,,LD831_01996v2.403,,,,0,0
GLBALSTL,2024-05-24 01:37:15.000,21.9,27.8,32.5,27.4,28.9,25.5,29.4,28.1,28.7,30.2,31.1,26.6,30.8,32.8,34.7,36.5,36.6,37.5,37.4,37.2,36.4,35.0,33.2,30.7,27.7,25.0,21.8,19.8,16.0,11.2,6.8,3.9,1.5,45.3,47.0,47.7,13.1,0.6,75.6,17.9,22.9,80.4,,,OBAnorm,,LD831_01996v2.403,,,,0,0
GLBALSTL,2024-05-24 01:37:16.000,25.7,21.6,27.1,29.7,28.8,28.3,27.7,29.1,28.4,29.9,28.9,27.4,31.6,34.7,33.2,35.2,36.5,37.3,37.4,37.3,36.8,35.4,34.1,31.5,29.4,27.3,24.8,21.0,18.5,15.1,10.7,6.4,2.9,45.4,46.9,47.4,13.1,0.6,75.6,17.9,22.9,80.4,,,OBAnorm,,LD831_01996v2.403,,,,0,0
GLBALSTL,2024-05-24 01:37:17.000,27.4,29.5,28.7,32.4,28.9,28.1,27.0,30.0,29.5,30.5,29.4,26.7,31.1,33.7,32.8,35.2,36.1,36.1,36.6,37.2,36.3,35.5,33.8,31.6,28.8,26.3,23.6,21.1,17.9,14.2,9.2,5.4,2.2,45.2,46.6,47.2,13.1,0.5,75.6,17.9,22.9,80.4,,,OBAnorm,,LD831_01996v2.403,,,,0,0
GLBALSTL,2024-05-24 01:37:18.000,28.9,28.6,30.2,28.5,27.4,25.9,29.5,29.3,28.5,28.8,29.3,27.8,31.0,33.6,34.0,35.1,36.5,37.1,36.7,36.5,35.5,34.1,32.6,30.2,27.2,24.8,21.5,18.8,15.6,12.3,8.5,4.5,1.7,44.5,46.3,48.4,13.1,0.5,75.6,17.9,22.9,80.4,,,OBAnorm,,LD831_01996v2.403,,,,0,0
GLBALSTL,2024-05-24 01:37:19.000,23.2,27.0,30.8,25.6,25.5,29.2,28.9,30.2,26.8,28.7,28.8,30.2,33.1,34.9,34.8,36.1,37.7,37.3,37.7,38.2,37.1,35.7,33.9,30.9,28.0,26.4,24.0,20.4,17.9,13.8,9.3,5.2,2.3,45.9,47.7,49.9,13.1,0.5,75.6,17.9,22.9,80.4,,,OBAnorm,,LD831_01996v2.403,,,,0,0
GLBALSTL,2024-05-24 01:37:20.000,24.5,29.9,31.5,26.3,27.0,28.6,29.9,30.7,29.9,30.7,28.8,31.7,32.5,34.2,32.8,36.4,37.2,37.9,38.3,36.7,36.4,35.3,34.1,31.2,27.9,24.8,21.6,19.0,15.1,10.8,6.9,4.0,1.5,45.3,47.0,48.3,13.1,0.5,75.6,18.0,22.9,80.4,,,OBAnorm,,LD831_01996v2.403,,,,0,0
GLBALSTL,2024-05-24 01:37:21.000,24.8,31.8,30.8,30.9,29.9,26.9,30.7,29.1,28.1,29.2,28.9,31.9,31.1,31.7,32.6,34.4,35.9,36.3,36.4,36.1,35.2,35.1,32.7,29.7,27.4,25.1,23.1,20.8,17.0,13.2,9.1,5.1,2.1,44.5,46.2,47.4,13.1,0.5,75.6,17.9,23.0,80.4,,,OBAnorm,,LD831_01996v2.403,,,,0,0
GLBALSTL,2024-05-24 01:37:22.000,27.3,30.9,31.3,30.1,28.9,29.5,28.7,28.5,28.9,30.5,30.2,30.0,31.2,32.9,34.4,35.2,36.2,37.3,36.7,36.8,35.7,35.0,32.8,29.7,27.2,24.1,22.0,19.1,15.5,11.9,7.8,4.3,1.7,44.7,46.6,48.1,13.1,0.4,75.6,17.9,23.0,80.4,,,OBAnorm,,LD831_01996v2.403,,,,0,0
GLBALSTL,2024-05-24 01:37:23.000,23.1,27.6,30.2,30.7,26.9,27.6,29.9,31.1,29.6,29.6,29.2,27.8,31.0,35.1,33.6,36.0,37.5,38.0,38.0,37.3,36.0,35.3,34.2,31.7,28.5,25.0,22.5,19.5,16.8,12.8,9.2,5.2,1.9,45.6,47.4,48.5,13.1,0.4,75.6,17.9,23.0,80.4,,,OBAnorm,,LD831_01996v2.403,,,,0,0
GLBALSTL,2024-05-24 01:37:24.000,26.7,26.6,32.1,27.9,29.1,27.9,31.3,28.2,28.6,28.6,30.0,30.9,33.1,35.2,36.2,36.6,38.9,39.8,39.7,38.4,38.2,37.9,35.5,32.8,29.7,26.7,23.8,20.9,18.3,14.4,9.3,5.7,2.2,47.1,48.4,49.0,13.1,0.4,75.6,17.9,23.0,80.4,,,OBAnorm,,LD831_01996v2.403,,,,0,0
GLBALSTL,2024-05-24 01:37:25.000,23.3,28.2,27.7,29.8,27.7,28.5,28.1,30.4,29.7,30.7,31.9,27.6,33.0,35.3,33.7,35.1,36.1,36.4,37.5,37.5,35.9,34.9,33.3,30.9,28.3,25.2,22.6,19.9,16.0,11.8,7.8,4.5,1.8,45.0,47.1,47.7,13.1,0.4,75.6,17.9,23.0,80.4,,,OBAnorm,,LD831_01996v2.403,,,,0,0
GLBALSTL,2024-05-24 01:37:26.000,24.2,26.8,29.6,31.2,28.7,28.7,29.3,29.7,27.0,31.1,30.5,31.7,32.0,33.0,33.1,35.5,36.1,37.0,36.9,36.9,36.8,36.0,33.5,30.6,28.0,25.6,23.5,19.9,17.6,14.3,9.0,5.4,2.0,45.2,46.6,47.0,13.1,0.4,75.6,17.9,23.1,81.0,,,OBAnorm,,LD831_01996v2.403,,,,0,0
GLBALSTL,2024-05-24 01:37:27.000,25.1,29.6,30.9,27.1,28.4,29.6,27.2,28.7,29.3,31.0,31.6,27.1,30.9,33.9,34.1,36.0,36.2,38.8,38.7,37.7,37.9,36.4,34.6,32.4,30.1,27.6,25.5,22.3,20.7,17.6,12.4,8.0,3.2,46.2,47.7,48.5,13.1,0.4,75.6,17.9,23.1,81.0,,,OBAnorm,,LD831_01996v2.403,,,,0,0
GLBALSTL,2024-05-24 01:37:28.000,20.8,27.5,23.8,30.0,30.2,28.3,29.0,31.7,29.3,29.5,30.6,27.9,32.9,34.1,34.0,35.9,37.9,38.2,37.1,37.0,36.9,36.0,33.5,31.7,28.1,25.1,23.3,19.9,16.9,12.2,8.2,4.6,1.9,45.6,47.1,47.7,13.1,0.4,75.6,17.9,23.2,81.0,,,OBAnorm,,LD831_01996v2.403,,,,0,0
GLBALSTL,2024-05-24 01:37:29.000,27.7,27.2,34.3,28.3,28.6,29.8,27.8,26.5,27.2,29.8,31.1,26.6,32.2,34.6,33.7,35.2,37.2,38.0,38.4,37.3,37.5,36.9,34.6,31.9,28.4,26.5,23.6,20.0,18.1,13.9,9.4,5.5,2.1,46.2,47.7,48.3,13.1,0.4,75.6,17.9,23.2,81.0,,,OBAnorm,,LD831_01996v2.403,,,,0,0
GLBALSTL,2024-05-24 01:37:30.000,22.2,28.4,31.4,30.7,28.7,28.3,28.2,29.4,28.7,30.6,30.6,29.4,36.3,36.2,35.8,39.2,40.4,40.6,39.6,38.8,38.8,38.5,36.1,33.0,30.5,27.8,24.9,21.7,19.0,16.0,11.0,6.8,2.9,47.8,49.4,50.2,13.1,0.4,75.6,17.9,23.3,81.0,,,OBAnorm,,LD831_01996v2.403,,,,0,0
GLBALSTL,2024-05-24 01:37:31.000,20.2,21.8,30.8,26.0,28.9,29.2,28.8,30.2,28.5,32.6,31.0,29.8,31.2,34.5,34.0,35.4,35.5,36.4,35.9,36.1,35.8,34.2,32.0,29.7,26.3,23.5,21.1,17.6,15.4,12.0,7.8,4.3,1.7,44.0,46.0,47.9,13.1,0.4,75.6,17.9,23.6,81.1,,,OBAnorm,,LD831_01996v2.403,,,,0,0
GLBALSTL,2024-05-24 01:37:32.000,21.9,26.0,32.8,28.1,30.1,27.9,29.9,29.5,29.5,30.2,30.0,27.7,30.2,33.2,33.5,36.1,37.1,37.9,36.8,36.5,35.8,34.4,32.7,30.3,27.4,24.3,22.1,19.2,17.2,12.6,8.1,4.6,1.9,44.9,46.9,50.6,13.1,0.4,75.6,17.9,23.8,81.1,,,OBAnorm,,LD831_01996v2.403,,,,0,0
GLBALSTL,2024-05-24 01:37:33.000,25.5,24.2,32.2,25.2,27.9,27.4,30.3,28.5,31.3,31.6,31.5,29.1,31.2,34.9,33.9,36.5,37.9,38.0,36.9,36.3,36.5,35.3,33.8,30.7,28.1,25.9,23.5,20.4,17.1,14.3,9.0,4.9,2.0,45.3,47.3,51.2,13.1,0.3,75.6,17.9,24.0,81.2,,,OBAnorm,,LD831_01996v2.403,,,,0,0
GLBALSTL,2024-05-24 01:37:34.000,27.4,24.6,26.5,26.5,27.4,31.5,31.5,30.9,29.2,31.3,31.4,28.3,32.9,35.2,33.9,35.8,36.4,36.9,36.5,35.9,36.4,35.0,34.1,30.8,27.6,25.7,22.9,19.4,17.9,13.4,10.0,5.2,2.2,44.8,46.7,51.8,13.1,0.3,75.6,17.9,24.4,81.2,,,OBAnorm,,LD831_01996v2.403,,,,0,0
GLBALSTL,2024-05-24 01:37:35.000,29.3,29.1,29.3,25.7,25.7,26.2,29.0,30.4,29.1,29.7,33.3,29.0,30.2,35.1,34.9,35.5,37.2,36.3,36.6,36.2,36.1,35.3,33.8,30.4,27.7,25.8,24.2,20.7,18.5,16.2,10.1,5.5,2.4,44.9,46.9,54.4,13.1,0.3,75.6,17.9,25.1,81.4,,,OBAnorm,,LD831_01996v2.403,,,,0,0
GLBALSTL,2024-05-24 01:37:36.000,28.7,28.6,26.3,25.4,26.7,28.1,28.7,28.5,30.3,33.0,31.8,29.7,30.9,34.4,33.2,35.1,35.9,36.6,35.7,35.4,34.9,33.7,32.4,29.2,26.7,23.4,20.5,18.0,15.2,11.8,7.8,4.2,1.8,44.0,46.7,49.7,13.1,0.3,75.7,17.9,24.0,81.2,,,OBAnorm,,LD831_01996v2.403,,,,0,0
GLBALSTL,2024-05-24 01:37:37.000,27.9,27.4,32.9,28.6,24.8,30.7,31.8,28.8,28.0,32.4,33.2,34.0,36.1,34.5,35.1,35.1,36.6,36.2,35.9,35.4,34.7,33.9,32.3,29.6,26.3,23.6,20.7,17.9,14.3,10.3,7.4,4.1,1.4,44.0,46.4,50.7,13.1,0.3,75.6,17.9,22.5,80.3,,,OBAnorm,,LD831_01996v2.403,,,,0,0
GLBALSTL,2024-05-24 01:37:38.000,25.8,30.7,30.8,26.1,26.4,28.4,30.4,29.3,30.9,31.6,32.6,28.7,32.9,34.4,34.4,35.5,36.5,36.1,36.8,36.3,35.9,35.0,34.1,31.0,27.4,24.5,22.7,19.9,16.9,13.5,9.6,5.2,2.4,44.9,46.8,50.3,13.1,0.3,75.6,17.9,22.5,80.3,,,OBAnorm,,LD831_01996v2.403,,,,0,0
GLBALSTL,2024-05-24 01:37:39.000,22.5,29.5,29.0,26.6,28.6,26.4,28.8,30.2,30.3,32.2,32.8,27.2,30.9,32.9,33.5,36.2,36.6,37.0,36.8,36.8,36.9,36.1,33.8,29.9,27.5,24.8,22.4,19.3,17.6,14.0,9.0,4.9,2.3,45.3,47.1,48.8,13.1,0.3,75.6,17.9,22.5,80.3,,,OBAnorm,,LD831_01996v2.403,,,,0,0
GLBALSTL,2024-05-24 01:37:40.000,29.1,25.8,28.4,27.1,28.6,29.3,30.2,29.1,31.1,33.3,32.9,28.2,32.1,34.5,34.7,34.9,37.5,37.0,37.6,36.6,37.5,35.5,34.2,31.8,29.0,26.2,23.7,21.0,18.4,14.8,10.8,6.1,2.5,45.5,47.4,48.0,13.1,0.3,75.6,17.9,22.6,80.3,,,OBAnorm,,LD831_01996v2.403,,,,0,0
GLBALSTL,2024-05-24 01:37:41.000,23.8,25.6,29.4,28.7,31.3,30.4,31.6,27.3,31.5,33.8,33.6,29.3,31.4,34.4,32.6,35.5,35.7,36.3,35.4,35.3,35.0,34.0,31.6,29.4,26.3,23.6,21.4,18.4,15.2,12.1,8.2,4.7,1.8,43.8,46.1,46.9,13.1,0.2,75.6,17.9,22.6,80.3,,,OBAnorm,,LD831_01996v2.403,,,,0,0
GLBALSTL,2024-05-24 01:37:42.000,27.3,28.1,30.3,27.0,26.5,29.9,29.4,29.9,31.4,31.6,30.1,28.6,32.4,33.1,33.8,36.5,37.0,37.6,37.9,37.6,37.0,36.6,34.6,32.8,30.0,27.8,25.4,22.6,20.8,17.0,12.2,7.2,3.0,46.2,47.7,48.5,13.1,0.1,75.6,17.9,22.6,80.3,,,OBAnorm,,LD831_01996v2.403,,,,0,0
GLBALSTL,2024-05-24 01:37:43.000,26.7,28.7,25.9,28.3,27.5,28.7,28.1,28.3,28.9,32.9,32.0,30.7,32.5,33.5,33.8,35.7,37.1,37.6,37.4,37.6,36.9,36.3,34.3,32.0,29.0,26.6,24.6,21.0,18.8,14.4,10.2,5.8,2.3,45.7,47.4,48.4,13.1,0.1,75.6,17.9,22.6,80.9,,,OBAnorm,,LD831_01996v2.403,,,,0,0
GLBALSTL,2024-05-24 01:37:44.000,25.3,28.8,28.9,29.0,25.2,26.9,30.5,29.9,30.9,31.8,31.3,28.8,34.4,33.7,33.9,35.5,36.1,36.2,37.2,37.7,37.5,37.7,35.5,32.8,29.5,27.8,26.5,23.5,20.2,15.9,11.4,7.0,3.1,46.1,47.6,48.1,13.1,0.1,75.6,17.9,22.6,80.9,,,OBAnorm,,LD831_01996v2.403,,,,0,0
GLBALSTL,2024-05-24 01:37:45.000,23.9,28.2,29.1,31.2,28.8,27.7,28.3,30.1,29.9,33.3,31.1,30.9,34.1,34.7,34.3,35.9,37.4,37.5,37.9,38.3,38.3,37.2,35.6,33.3,30.6,28.3,26.3,22.9,21.1,17.5,12.6,7.9,3.6,46.7,48.0,48.5,13.1,0.2,75.6,18.0,22.7,80.9,,,OBAnorm,,LD831_01996v2.403,,,,0,0
GLBALSTL,2024-05-24 01:37:46.000,24.9,24.3,32.6,25.4,25.9,28.6,29.3,30.0,29.9,31.9,32.3,28.5,32.7,33.4,33.8,35.9,37.5,37.5,37.1,36.8,37.0,36.4,34.1,31.8,28.2,25.2,22.5,19.5,15.8,11.9,7.9,4.7,1.9,45.5,47.2,47.7,13.1,0.3,75.6,17.9,22.7,80.9,,,OBAnorm,,LD831_01996v2.403,,,,0,0
GLBALSTL,2024-05-24 01:37:47.000,24.9,27.9,28.3,23.5,27.5,26.7,28.3,30.4,28.9,31.3,32.5,28.9,31.1,33.3,34.1,36.5,36.6,37.6,37.8,38.0,37.8,36.2,34.6,31.9,29.0,26.7,25.1,21.6,19.2,15.7,11.8,6.7,3.1,46.1,47.7,51.5,13.1,0.3,75.7,18.0,22.7,80.9,,,OBAnorm,,LD831_01996v2.403,,,,0,0
GLBALSTL,2024-05-24 01:37:48.000,27.7,29.7,32.2,28.4,29.0,27.3,28.7,28.1,29.7,33.0,31.9,31.1,34.5,34.1,35.1,36.9,38.2,37.8,38.5,38.2,37.6,36.7,34.8,31.7,28.2,25.8,23.0,19.0,16.8,12.9,8.6,5.3,2.4,46.2,47.9,51.5,13.1,0.3,75.6,17.9,22.8,81.0,,,OBAnorm,,LD831_01996v2.403,,,,0,0
GLBALSTL,2024-05-24 01:37:49.000,26.3,26.6,30.3,31.3,27.9,27.0,29.2,30.8,29.6,30.7,31.8,29.9,31.6,33.0,34.6,35.4,35.8,36.2,36.3,36.6,36.1,35.6,33.6,31.1,27.6,26.2,23.0,20.0,16.5,12.7,9.0,5.1,2.2,44.8,46.6,48.5,13.1,0.3,75.6,17.9,22.9,81.0,,,OBAnorm,,LD831_01996v2.403,,,,0,0
GLBALSTL,2024-05-24 01:37:50.000,26.5,27.8,28.0,25.9,28.7,26.4,29.7,29.5,29.7,29.6,31.9,27.8,29.5,33.4,33.5,34.8,36.5,35.8,36.7,36.6,36.2,34.9,33.0,30.6,27.7,25.1,22.5,19.9,16.8,13.5,9.6,4.9,2.2,44.7,46.4,49.1,13.1,0.3,75.6,17.9,22.9,80.4,,,OBAnorm,,LD831_01996v2.403,,,,0,0
GLBALSTL,2024-05-24 01:37:51.000,24.9,26.9,30.3,28.7,25.3,26.9,28.7,26.0,28.4,31.9,31.1,28.6,29.8,34.9,33.7,35.2,36.4,36.6,36.4,36.4,35.9,34.8,33.1,30.4,27.3,24.3,22.5,19.5,16.3,12.6,9.1,5.1,2.1,44.6,46.4,49.3,13.1,0.3,75.6,17.9,22.9,81.0,,,OBAnorm,,LD831_01996v2.403,,,,0,0
GLBALSTL,2024-05-24 01:37:52.000,26.0,27.3,30.5,29.9,26.6,28.1,29.1,25.6,28.5,30.7,31.7,29.4,30.1,33.9,33.1,34.3,35.9,36.0,36.6,36.3,36.0,35.2,33.6,30.0,27.5,25.2,23.0,20.2,16.8,13.1,9.2,5.5,2.3,44.6,46.2,49.8,13.1,0.3,75.6,17.9,22.9,80.4,,,OBAnorm,,LD831_01996v2.403,,,,0,0
GLBALSTL,2024-05-24 01:37:53.000,23.7,23.5,26.3,28.1,26.5,26.0,28.3,28.1,29.0,31.5,30.9,29.4,30.8,33.8,34.4,36.0,36.9,37.8,37.4,37.3,37.9,37.0,35.6,33.1,30.6,28.9,27.1,25.1,22.9,19.1,14.1,8.6,3.8,46.4,47.7,49.8,13.1,0.3,75.6,17.9,23.0,80.4,,,OBAnorm,,LD831_01996v2.403,,,,0,0
GLBALSTL,2024-05-24 01:37:54.000,23.0,27.2,30.6,25.6,28.1,29.4,30.3,31.3,28.2,30.7,31.9,28.7,28.9,32.1,32.4,34.8,36.2,37.0,36.3,35.9,36.0,34.5,33.2,30.5,27.6,24.7,22.5,19.5,17.1,12.9,8.9,4.9,2.1,44.6,46.2,48.7,13.1,0.3,75.6,17.9,23.1,80.4,,,OBAnorm,,LD831_01996v2.403,,,,0,0
GLBALSTL,2024-05-24 01:37:55.000,24.5,29.7,31.4,28.6,28.0,29.0,28.0,30.9,27.6,32.0,31.1,28.3,28.4,32.3,34.1,35.6,35.8,37.6,37.1,36.9,36.8,36.2,34.1,32.6,28.8,26.8,24.2,21.3,19.3,16.1,10.8,6.1,2.7,45.5,47.0,48.0,13.1,0.3,75.6,17.9,23.3,80.5,,,OBAnorm,,LD831_01996v2.403,,,,0,0
GLBALSTL,2024-05-24 01:37:56.000,23.6,26.4,28.1,28.6,29.6,30.6,29.2,28.4,29.3,31.1,31.0,26.7,28.7,32.0,34.4,36.3,36.9,37.8,37.9,38.0,37.6,36.6,34.5,32.1,28.6,25.9,23.5,20.0,18.7,14.3,9.7,6.1,2.6,46.0,47.4,47.9,13.1,0.3,75.6,17.9,23.4,80.5,,,OBAnorm,,LD831_01996v2.403,,,,0,0
GLBALSTL,2024-05-24 01:37:57.000,24.6,27.4,26.1,31.3,27.5,27.6,29.3,29.8,28.5,29.6,29.4,27.3,27.9,32.3,32.4,34.3,34.8,35.7,36.6,36.3,36.0,35.3,34.1,31.5,29.1,26.7,25.2,21.1,18.6,14.8,11.2,6.2,2.6,44.6,46.0,46.7,13.1,0.3,75.6,17.9,23.4,80.5,,,OBAnorm,,LD831_01996v2.403,,,,0,0
GLBALSTL,2024-05-24 01:37:58.000,22.1,28.1,32.8,30.1,29.4,29.0,29.1,30.0,28.2,30.4,30.0,27.3,29.4,33.4,32.4,35.1,37.3,37.3,37.6,37.9,36.9,35.3,33.8,31.3,27.5,24.9,22.4,19.4,16.6,12.6,8.2,4.5,1.9,45.4,46.9,47.8,13.1,0.3,75.6,17.9,23.4,80.5,,,OBAnorm,,LD831_01996v2.403,,,,0,0
GLBALSTL,2024-05-24 01:37:59.000,24.4,29.0,29.2,29.9,27.5,30.4,25.9,28.2,28.7,30.8,31.5,28.9,33.0,31.2,32.7,37.0,37.4,38.2,38.1,37.9,36.9,37.0,34.6,32.0,28.4,25.6,22.4,18.5,15.1,11.3,7.5,4.3,1.7,46.1,47.6,48.2,13.1,0.3,75.6,17.9,23.5,80.5,,,OBAnorm,,LD831_01996v2.403,,,,0,0
GLBALSTL,2024-05-24 01:38:00.000,26.0,27.4,31.2,27.8,26.4,27.7,28.2,26.4,27.8,31.6,31.9,26.1,27.8,29.8,32.1,34.8,35.9,35.5,36.3,35.9,36.0,34.8,32.7,30.1,27.2,24.4,21.1,17.9,17.1,11.3,7.3,4.2,1.7,44.1,45.6,47.0,13.1,0.3,75.6,17.9,23.5,80.5,,,OBAnorm,,LD831_01996v2.403,,,,0,0
GLBALSTL,2024-05-24 01:38:01.000,27.5,26.7,28.6,29.2,27.4,26.3,28.8,26.8,28.7,29.8,30.8,28.5,30.5,32.0,33.1,35.4,36.2,36.2,36.7,36.1,35.8,34.8,32.8,30.6,27.0,24.9,22.5,19.5,16.2,12.5,8.4,4.6,2.1,44.5,46.2,47.6,13.1,0.3,75.6,17.9,23.5,80.5,,,OBAnorm,,LD831_01996v2.403,,,,0,0
GLBALSTL,2024-05-24 01:38:02.000,25.5,27.6,28.0,29.9,26.7,26.9,28.6,26.2,25.7,30.9,30.7,28.4,31.2,32.7,33.4,35.4,37.4,38.3,38.1,37.8,37.7,37.2,35.3,32.7,30.3,27.9,25.5,21.8,19.4,15.8,12.1,7.7,3.2,46.4,47.7,48.8,13.1,0.3,75.6,17.8,23.6,81.1,,,OBAnorm,,LD831_01996v2.403,,,,0,0
GLBALSTL,2024-05-24 01:38:03.000,25.8,28.0,30.0,28.5,26.8,29.6,29.9,27.4,28.0,29.3,29.9,27.0,28.0,32.2,32.5,35.0,36.0,36.4,36.1,35.7,35.2,34.4,32.8,30.5,27.0,23.8,21.6,18.7,15.3,11.6,7.3,4.2,1.8,44.0,45.7,46.7,13.1,0.3,75.7,17.9,23.8,81.1,,,OBAnorm,,LD831_01996v2.403,,,,0,0
GLBALSTL,2024-05-24 01:38:04.000,26.9,28.2,30.4,29.6,25.9,26.5,28.2,29.4,27.8,30.5,30.2,27.0,29.2,31.1,33.2,35.4,35.9,35.7,36.2,35.0,35.0,34.0,31.1,28.3,25.5,23.0,20.8,17.7,14.5,11.4,7.6,4.4,1.6,43.7,45.7,46.5,13.1,0.4,75.7,17.9,24.0,81.2,,,OBAnorm,,LD831_01996v2.403,,,,0,0
GLBALSTL,2024-05-24 01:38:05.000,25.3,27.5,28.2,28.3,25.1,27.4,29.3,28.7,26.9,32.1,31.5,28.4,29.7,31.7,33.9,34.9,36.4,37.0,36.6,36.2,36.2,34.5,32.8,30.4,27.3,23.9,20.9,17.8,14.2,10.4,7.0,4.2,1.5,44.5,46.3,50.0,13.1,0.4,75.6,17.9,24.1,81.2,,,OBAnorm,,LD831_01996v2.403,,,,0,0
GLBALSTL,2024-05-24 01:38:06.000,25.6,22.6,27.5,29.5,25.4,28.8,28.9,28.4,28.6,30.4,28.9,29.8,30.8,32.2,33.7,35.4,36.6,37.0,36.5,36.0,35.2,34.6,33.0,30.1,26.9,23.9,21.0,17.8,14.0,9.8,6.2,3.4,1.6,44.4,46.2,52.0,13.1,0.4,75.7,17.8,25.0,81.3,,,OBAnorm,,LD831_01996v2.403,,,,0,0
GLBALSTL,2024-05-24 01:38:07.000,25.5,29.5,27.7,30.8,26.4,26.6,28.1,28.3,28.4,30.6,29.3,28.2,28.6,30.8,33.2,34.2,35.5,35.4,35.8,35.7,34.7,33.9,31.9,29.2,26.1,23.6,21.5,17.7,15.7,11.9,8.1,4.4,1.8,43.5,45.4,50.7,13.1,0.4,75.6,17.9,24.4,81.2,,,OBAnorm,,LD831_01996v2.403,,,,0,0
GLBALSTL,2024-05-24 01:38:08.000,29.6,30.9,29.5,28.7,27.8,26.9,28.2,30.4,26.4,30.6,30.6,28.0,30.1,33.1,33.8,35.8,37.4,37.7,37.1,36.7,36.8,35.9,33.7,31.0,28.3,25.1,22.5,19.3,15.8,12.3,8.0,4.6,1.9,45.3,46.9,48.7,13.1,0.4,75.6,17.9,22.9,81.0,,,OBAnorm,,LD831_01996v2.403,,,,0,0
GLBALSTL,2024-05-24 01:38:09.000,32.1,24.7,26.2,26.3,25.2,25.2,27.1,28.1,29.0,30.4,29.6,31.0,32.7,34.4,36.1,35.2,36.5,37.0,37.3,38.1,36.8,35.6,33.8,31.3,28.7,25.5,23.2,20.9,18.0,13.5,9.8,5.5,2.3,45.6,47.4,48.3,13.1,0.4,75.6,17.9,22.9,81.0,,,OBAnorm,,LD831_01996v2.403,,,,0,0
GLBALSTL,2024-05-24 01:38:10.000,28.7,28.1,30.9,27.1,26.3,29.6,28.6,28.1,28.2,27.2,30.2,29.9,31.6,32.2,32.5,35.0,35.7,36.7,37.2,36.6,35.8,34.9,32.9,30.2,27.4,24.3,21.7,18.5,15.7,12.6,7.8,4.7,1.9,44.7,46.4,46.9,13.1,0.4,75.6,17.9,22.9,81.0,,,OBAnorm,,LD831_01996v2.403,,,,0,0
GLBALSTL,2024-05-24 01:38:11.000,25.7,26.4,28.9,29.8,28.4,28.1,29.7,29.8,28.3,29.6,30.4,29.0,29.4,31.0,35.1,35.3,36.3,36.7,38.5,35.9,35.8,35.0,32.6,30.3,26.8,24.2,21.2,18.4,15.9,11.9,7.5,4.1,1.6,44.8,46.5,47.5,13.1,0.4,75.6,17.9,22.9,81.0,,,OBAnorm,,LD831_01996v2.403,,,,0,0
GLBALSTL,2024-05-24 01:38:12.000,24.4,27.2,26.5,29.5,28.2,28.9,29.4,27.3,27.5,29.3,31.5,28.2,28.5,30.8,32.9,35.0,36.2,35.9,36.6,36.6,36.3,34.5,33.3,30.7,28.5,26.4,23.9,21.3,19.5,14.5,10.8,6.2,2.3,44.7,46.1,49.8,13.1,0.4,75.6,17.9,22.9,81.0,,,OBAnorm,,LD831_01996v2.403,,,,0,0
GLBALSTL,2024-05-24 01:38:13.000,22.4,27.1,30.0,28.7,26.3,23.8,29.6,28.2,27.4,29.4,32.2,29.6,31.5,32.6,32.7,34.8,36.7,37.0,36.6,36.2,36.4,34.9,33.3,30.9,27.2,26.6,23.2,19.2,16.7,13.1,9.4,4.9,2.2,44.8,46.6,52.0,13.1,0.4,75.6,17.9,23.0,80.4,,,OBAnorm,,LD831_01996v2.403,,,,0,0
GLBALSTL,2024-05-24 01:38:14.000,22.7,28.5,28.3,29.5,28.5,28.5,29.7,28.2,28.3,30.1,31.0,29.3,29.4,33.9,33.4,34.4,36.9,37.0,37.6,37.1,36.3,35.8,33.4,30.8,28.0,25.2,22.6,18.7,15.6,12.3,8.3,4.7,1.7,45.1,46.6,49.8,13.1,0.4,75.6,17.8,23.0,80.4,,,OBAnorm,,LD831_01996v2.403,,,,0,0
GLBALSTL,2024-05-24 01:38:15.000,27.2,29.5,31.4,26.8,27.6,27.2,30.1,28.5,24.9,28.6,31.1,29.0,28.6,32.3,31.7,34.6,34.5,35.9,34.8,35.2,35.7,34.5,32.3,29.7,27.0,24.0,21.3,18.2,15.2,11.9,7.9,4.7,1.8,43.8,45.5,48.1,13.1,0.4,75.6,17.9,23.0,80.4,,,OBAnorm,,LD831_01996v2.403,,,,0,0
GLBALSTL,2024-05-24 01:38:16.000,25.5,26.3,28.1,29.0,28.7,26.7,27.4,29.5,26.4,29.7,28.3,27.9,28.7,31.8,33.1,34.5,36.4,36.9,36.8,36.6,35.5,34.4,32.7,29.6,26.9,23.4,20.3,17.8,14.2,10.4,6.6,3.8,1.5,44.4,46.1,51.1,13.1,0.4,75.6,17.8,23.1,80.4,,,OBAnorm,,LD831_01996v2.403,,,,0,0
GLBALSTL,2024-05-24 01:38:17.000,19.4,27.3,27.0,29.9,27.3,27.5,28.9,27.0,27.4,28.8,30.5,27.2,28.1,30.4,32.4,34.9,35.3,36.4,36.4,36.0,35.6,35.3,33.5,31.3,27.7,25.5,22.8,19.9,17.4,13.9,9.4,5.6,2.3,44.6,46.0,49.9,13.1,0.4,75.6,17.9,23.0,80.4,,,OBAnorm,,LD831_01996v2.403,,,,0,0
GLBALSTL,2024-05-24 01:38:18.000,19.6,30.4,31.2,26.8,23.9,26.4,28.4,27.6,27.8,29.6,29.6,27.6,29.6,31.8,34.0,34.8,35.3,36.0,36.3,36.1,35.5,34.8,32.9,30.5,27.1,23.9,21.5,19.2,16.4,12.9,9.5,5.0,2.1,44.2,45.8,53.2,13.1,0.3,75.6,17.9,23.0,80.4,,,OBAnorm,,LD831_01996v2.403,,,,0,0
GLBALSTL,2024-05-24 01:38:19.000,24.4,30.7,31.4,29.5,26.6,27.2,26.2,29.0,26.7,29.8,30.7,30.4,31.7,32.5,34.0,34.5,35.8,37.5,37.0,37.2,35.3,34.6,33.3,30.6,27.4,24.0,21.5,18.4,15.8,11.9,7.9,4.5,1.8,44.7,46.5,48.1,13.1,0.3,75.6,17.9,23.0,80.4,,,OBAnorm,,LD831_01996v2.403,,,,0,0
GLBALSTL,2024-05-24 01:38:20.000,23.8,29.9,30.7,28.7,23.2,27.0,31.2,29.0,29.5,29.7,30.3,27.1,30.0,32.0,31.5,33.4,34.5,36.0,35.7,36.0,35.8,34.6,32.2,29.8,26.9,23.6,21.0,18.2,15.1,11.2,8.3,4.5,1.8,44.0,45.6,47.5,13.1,0.3,75.7,17.9,23.0,81.0,,,OBAnorm,,LD831_01996v2.403,,,,0,0
GLBALSTL,2024-05-24 01:38:21.000,27.5,25.8,24.1,27.0,25.3,26.7,28.5,27.4,26.9,30.4,29.1,26.6,29.3,31.8,33.4,34.2,35.6,36.2,36.5,35.8,35.3,34.3,32.6,29.6,26.9,24.1,21.5,18.8,15.0,11.3,7.0,3.9,1.4,44.2,45.8,47.6,13.1,0.5,75.7,17.9,23.0,81.0,,,OBAnorm,,LD831_01996v2.403,,,,0,0
GLBALSTL,2024-05-24 01:38:22.000,23.1,23.3,28.6,27.4,26.2,28.8,28.5,27.1,26.3,29.9,30.6,27.8,29.8,31.6,34.2,35.9,36.3,36.9,37.2,36.3,35.2,34.3,32.5,29.6,26.5,23.4,20.9,18.0,15.7,12.0,7.9,4.2,1.7,44.4,46.3,52.7,13.1,0.6,75.6,17.9,23.1,81.0,,,OBAnorm,,LD831_01996v2.403,,,,0,0
GLBALSTL,2024-05-24 01:38:23.000,26.8,24.4,30.1,31.4,27.8,29.2,28.2,27.8,28.5,29.2,29.1,28.1,33.4,31.8,32.3,34.8,34.9,36.3,37.5,36.6,35.4,34.9,33.3,30.0,27.2,24.7,22.6,19.4,16.9,12.9,8.7,4.7,1.9,44.5,46.3,53.0,13.1,0.7,75.6,17.9,23.2,81.0,,,OBAnorm,,LD831_01996v2.403,,,,0,0
GLBALSTL,2024-05-24 01:38:24.000,26.8,27.9,30.9,28.3,29.7,27.6,28.9,28.5,27.7,30.6,28.3,25.9,29.9,32.2,33.5,35.7,36.0,36.9,37.1,36.8,36.2,35.4,33.0,30.0,27.4,25.3,22.4,18.9,16.4,11.6,8.4,4.3,1.7,45.0,46.6,56.8,13.1,1.0,75.6,17.9,23.3,81.0,,,OBAnorm,,LD831_01996v2.403,,,,0,0
GLBALSTL,2024-05-24 01:38:25.000,37.9,34.7,31.2,30.6,28.7,27.9,26.0,28.7,28.2,29.8,30.3,29.4,29.1,31.8,35.3,35.9,36.5,37.8,38.7,38.3,37.5,36.9,35.1,33.1,29.7,27.5,25.4,22.2,19.0,15.4,10.3,6.5,2.7,46.4,47.7,52.4,13.1,1.3,75.6,17.9,23.4,81.1,,,OBAnorm,,LD831_01996v2.403,,,,0,0
GLBALSTL,2024-05-24 01:38:26.000,26.2,32.3,31.0,27.5,27.7,27.2,26.4,28.0,29.0,29.0,29.0,26.6,28.7,32.8,33.6,36.1,37.8,38.0,38.2,38.2,37.6,36.5,34.4,31.7,28.8,25.9,22.6,19.8,16.2,12.0,7.2,4.2,1.7,46.1,47.4,48.6,13.1,1.5,75.6,17.9,23.5,81.1,,,OBAnorm,,LD831_01996v2.403,,,,0,0
GLBALSTL,2024-05-24 01:38:27.000,34.0,33.2,30.8,25.8,26.6,29.6,27.5,29.1,28.4,28.7,29.9,29.6,30.7,32.3,35.0,36.0,36.2,37.1,37.5,37.1,37.0,34.6,33.3,30.3,27.8,23.9,21.7,18.9,15.1,10.9,6.6,3.8,1.4,45.2,46.8,49.4,13.1,1.5,75.6,17.9,23.4,79.3,,,OBAnorm,,LD831_01996v2.403,,,,0,0
GLBALSTL,2024-05-24 01:38:28.000,28.5,29.3,26.0,27.6,28.1,26.7,27.7,27.5,25.6,28.2,28.9,26.7,30.2,36.1,35.2,37.8,39.0,39.7,38.3,39.3,38.3,38.2,36.0,33.5,31.2,28.4,25.8,22.9,19.6,15.9,10.6,6.6,2.4,47.4,48.7,49.8,13.1,1.4,75.6,17.9,23.5,79.3,,,OBAnorm,,LD831_01996v2.403,,,,0,0
GLBALSTL,2024-05-24 01:38:29.000,21.5,26.1,28.9,29.8,27.6,29.3,28.0,27.8,28.4,29.8,31.0,27.7,30.8,34.4,33.9,36.2,37.7,38.3,37.9,38.0,37.8,36.4,34.5,32.1,29.4,26.7,25.3,22.1,19.0,15.4,10.8,6.4,2.5,46.3,47.8,49.8,13.1,1.2,75.6,17.9,23.9,81.1,,,OBAnorm,,LD831_01996v2.403,,,,0,0
GLBALSTL,2024-05-24 01:38:30.000,29.9,26.3,29.3,28.2,27.7,28.6,29.1,27.6,27.4,32.0,35.4,33.2,35.6,37.0,35.7,35.5,37.5,37.7,38.4,37.8,37.4,36.9,34.3,31.5,28.0,25.1,22.9,20.4,17.1,13.3,8.5,5.1,2.1,46.3,48.1,48.8,13.1,1.1,75.6,17.9,24.0,81.2,,,OBAnorm,,LD831_01996v2.403,,,,0,0
GLBALSTL,2024-05-24 01:38:31.000,25.2,25.7,33.0,27.9,27.3,28.5,30.5,29.2,29.6,29.7,28.9,27.0,30.2,33.4,34.5,37.6,39.3,40.5,40.3,39.9,39.6,39.0,36.9,33.8,31.0,27.7,25.2,22.0,19.7,17.7,13.3,7.2,3.4,48.2,49.2,49.6,13.1,1.1,75.4,17.9,24.1,81.2,,,OBAnorm,,LD831_01996v2.403,,,,0,0
GLBALSTL,2024-05-24 01:38:32.000,22.8,27.7,30.8,30.9,26.9,27.7,31.3,28.2,28.1,29.6,29.3,28.0,30.5,34.3,34.2,36.5,37.9,39.0,37.9,38.2,37.6,37.0,34.9,31.7,29.6,26.6,23.8,19.9,16.6,12.9,8.3,4.7,1.9,46.2,47.5,48.0,13.1,1.0,62.5,17.9,23.3,75.8,,,OBAnorm,,LD831_01996v2.403,,,,0,0
GLBALSTL,2024-05-24 01:38:33.000,23.8,27.3,28.5,27.3,29.3,29.3,28.1,29.0,28.7,29.7,28.6,26.7,28.9,32.8,32.9,35.1,35.9,36.1,37.2,36.4,35.7,34.7,33.0,30.3,27.9,25.5,22.9,20.5,19.2,13.0,9.0,5.1,2.0,44.6,46.1,47.1,13.1,1.0,75.6,17.9,23.3,75.8,,,OBAnorm,,LD831_01996v2.403,,,,0,0
GLBALSTL,2024-05-24 01:38:34.000,25.5,25.2,26.1,29.6,29.6,26.5,28.8,27.0,28.7,30.5,29.0,26.9,33.5,33.7,36.3,37.1,37.8,38.6,38.4,38.5,38.1,37.2,35.7,32.5,30.3,27.6,24.6,21.9,18.8,15.3,10.5,6.3,2.5,46.8,48.2,50.7,13.1,1.0,75.6,17.9,24.2,81.2,,,OBAnorm,,LD831_01996v2.403,,,,0,0
GLBALSTL,2024-05-24 01:38:35.000,25.9,28.2,30.4,27.6,28.1,26.2,28.1,28.8,27.5,30.4,29.1,28.6,31.0,33.2,35.5,35.8,38.5,38.3,38.1,37.7,36.5,35.8,33.5,31.0,27.8,24.7,21.6,18.6,15.9,11.3,7.5,4.6,1.8,45.7,47.3,48.1,13.1,1.0,75.6,17.9,24.4,81.2,,,OBAnorm,,LD831_01996v2.403,,,,0,0
GLBALSTL,2024-05-24 01:38:36.000,23.2,26.9,30.6,27.7,28.0,27.4,27.7,28.4,28.4,29.0,28.1,24.5,28.3,31.2,32.5,33.6,36.0,36.6,35.7,36.2,36.1,34.5,33.2,30.3,27.6,25.1,23.1,21.3,16.9,13.0,9.1,5.2,2.2,44.4,45.7,46.5,13.1,0.9,75.6,17.9,24.5,81.3,,,OBAnorm,,LD831_01996v2.403,,,,0,0
GLBALSTL,2024-05-24 01:38:37.000,25.0,28.6,30.1,24.5,26.7,26.4,25.6,26.1,26.9,30.8,27.6,28.4,29.0,33.1,32.6,34.5,36.7,36.9,37.1,36.3,35.9,34.6,32.7,29.8,26.1,23.2,20.6,19.0,15.4,11.4,8.0,4.5,1.7,44.7,46.4,47.1,13.1,0.8,75.6,17.9,24.5,81.3,,,OBAnorm,,LD831_01996v2.403,,,,0,0
GLBALSTL,2024-05-24 01:38:38.000,24.5,29.9,28.6,27.3,28.2,29.8,30.0,29.7,27.1,28.6,28.4,26.4,28.5,32.9,33.6,36.1,37.6,38.5,38.0,37.2,37.6,36.2,34.1,31.7,28.8,25.2,21.7,18.1,15.0,11.1,7.0,4.0,1.6,45.8,47.1,49.1,13.1,0.8,75.6,17.8,24.5,81.3,,,OBAnorm,,LD831_01996v2.403,,,,0,0
GLBALSTL,2024-05-24 01:38:39.000,26.3,31.6,28.4,27.7,26.0,28.0,30.1,28.4,25.1,29.2,29.0,25.9,28.5,30.1,33.2,33.8,34.8,35.4,36.1,36.0,35.8,34.9,32.6,29.9,26.5,23.8,21.3,18.2,15.1,10.9,7.4,4.2,1.7,44.1,45.6,46.5,13.1,0.9,75.6,17.9,24.6,81.3,,,OBAnorm,,LD831_01996v2.403,,,,0,0
GLBALSTL,2024-05-24 01:38:40.000,25.9,30.9,27.3,25.8,29.0,28.1,27.9,27.0,27.3,28.6,30.3,26.3,28.0,28.8,31.1,34.2,35.5,35.6,35.8,35.2,35.1,33.7,31.9,29.3,26.6,23.3,20.7,17.8,15.4,11.6,8.7,4.9,1.9,43.6,45.2,46.7,13.1,1.0,75.6,17.9,24.7,81.3,,,OBAnorm,,LD831_01996v2.403,,,,0,0
GLBALSTL,2024-05-24 01:38:41.000,26.7,26.3,29.1,28.8,23.8,27.8,29.4,28.1,26.9,29.8,30.1,26.4,29.6,34.5,34.6,36.8,38.4,38.2,38.2,37.2,37.1,36.5,34.4,31.9,28.6,25.9,23.4,19.8,17.0,12.1,8.5,4.9,2.1,46.1,47.7,49.5,13.1,1.0,75.6,17.9,25.1,81.4,,,OBAnorm,,LD831_01996v2.403,,,,0,0
GLBALSTL,2024-05-24 01:38:42.000,24.3,27.0,30.5,26.4,26.4,26.9,30.3,30.9,29.2,30.3,29.4,31.5,34.5,34.3,35.4,36.7,36.3,37.0,37.0,36.6,37.1,36.0,33.9,32.0,28.6,27.3,24.3,20.5,18.1,13.7,9.9,5.7,2.2,45.4,47.1,49.0,13.1,1.1,75.6,17.9,25.5,81.4,,,OBAnorm,,LD831_01996v2.403,,,,0,0
GLBALSTL,2024-05-24 01:38:43.000,25.7,27.6,30.5,25.0,28.4,30.4,29.3,26.8,28.6,30.3,31.0,30.6,30.6,30.3,33.1,34.2,35.6,35.9,36.3,36.0,35.7,34.0,32.4,29.0,25.8,23.1,20.4,18.1,15.2,11.4,7.2,4.0,1.6,44.1,45.9,47.1,13.1,1.1,75.6,17.9,26.8,81.7,,,OBAnorm,,LD831_01996v2.403,,,,0,0
GLBALSTL,2024-05-24 01:38:44.000,27.1,30.7,29.5,28.0,26.9,28.3,28.7,29.2,30.2,31.0,29.1,27.3,28.7,32.0,33.3,36.4,37.3,37.9,37.5,37.4,36.9,35.9,34.1,31.1,28.1,25.2,24.3,24.6,14.6,9.3,6.3,3.3,1.4,45.7,47.1,47.7,13.1,1.0,75.6,17.9,26.0,81.5,,,OBAnorm,,LD831_01996v2.403,,,,0,0
GLBALSTL,2024-05-24 01:38:45.000,25.7,24.1,30.8,28.5,26.7,28.2,29.5,29.1,29.0,29.9,28.3,27.1,28.4,31.8,34.3,35.4,38.1,38.2,38.8,37.5,37.2,36.2,34.4,31.1,27.8,24.8,21.9,18.5,15.5,11.3,6.8,3.9,1.6,45.8,47.2,48.1,13.1,0.9,75.6,17.9,24.6,81.3,,,OBAnorm,,LD831_01996v2.403,,,,0,0
GLBALSTL,2024-05-24 01:38:46.000,20.0,28.7,31.2,30.2,26.6,28.3,28.3,27.7,28.4,30.9,28.8,28.8,30.2,32.3,33.6,34.7,34.8,36.0,35.7,35.2,34.4,33.4,32.1,29.6,26.6,23.3,20.2,17.1,13.7,10.5,6.7,4.0,1.7,43.6,45.6,46.9,13.1,0.9,75.6,17.9,24.3,81.2,,,OBAnorm,,LD831_01996v2.403,,,,0,0
GLBALSTL,2024-05-24 01:38:47.000,23.0,25.1,28.5,29.4,29.2,29.3,27.5,27.8,29.0,29.9,29.5,25.8,28.4,30.3,31.4,35.7,35.3,37.3,36.3,36.2,35.6,34.9,32.7,31.1,27.2,24.3,21.9,19.0,15.8,11.1,7.4,3.9,1.5,44.5,46.0,46.9,13.1,0.8,75.6,17.8,23.6,81.1,,,OBAnorm,,LD831_01996v2.403,,,,0,0
GLBALSTL,2024-05-24 01:38:48.000,26.8,28.3,27.5,26.5,28.1,25.7,29.2,27.1,27.2,29.4,29.4,26.4,28.8,31.8,33.5,36.1,37.4,38.0,37.1,36.4,35.8,35.3,33.6,30.0,27.9,25.7,21.7,17.7,14.4,10.9,7.2,4.1,1.6,45.2,46.8,50.1,13.1,0.8,75.6,17.9,23.6,81.1,,,OBAnorm,,LD831_01996v2.403,,,,0,0
GLBALSTL,2024-05-24 01:38:49.000,21.7,25.2,28.2,30.0,27.5,29.2,27.6,27.3,29.1,29.2,30.2,30.4,34.4,36.2,35.1,36.4,37.1,37.8,36.1,36.5,35.7,34.8,32.9,31.0,27.5,24.1,21.3,18.8,14.4,10.6,6.9,3.9,1.6,44.8,47.0,48.6,13.1,0.8,75.6,17.9,23.6,81.1,,,OBAnorm,,LD831_01996v2.403,,,,0,0
GLBALSTL,2024-05-24 01:38:50.000,25.7,27.2,28.7,26.3,28.0,27.3,30.6,27.6,28.3,30.6,30.3,30.6,31.7,33.4,33.3,35.6,35.6,36.3,36.1,36.0,36.5,35.1,33.4,31.2,27.8,24.9,23.5,20.0,17.9,13.9,9.0,4.7,2.0,44.8,46.5,47.2,13.1,0.8,75.6,17.8,23.7,81.1,,,OBAnorm,,LD831_01996v2.403,,,,0,0
GLBALSTL,2024-05-24 01:38:51.000,25.9,27.8,30.8,28.0,29.1,25.5,29.9,26.4,28.0,30.9,29.2,29.3,29.2,32.0,33.8,37.1,37.0,37.3,37.3,35.8,35.9,34.6,32.1,29.9,26.6,23.3,20.1,17.4,13.3,9.4,5.8,3.3,1.4,44.6,46.5,47.1,13.1,0.8,75.6,17.9,24.0,81.2,,,OBAnorm,,LD831_01996v2.403,,,,0,0
GLBALSTL,2024-05-24 01:38:52.000,27.2,26.0,30.9,30.0,26.6,29.1,29.5,25.5,28.7,30.7,29.4,29.7,28.7,30.2,34.8,36.9,37.6,37.9,36.5,35.0,35.8,34.3,32.1,29.4,26.7,23.4,20.4,17.1,13.9,9.9,6.4,3.5,1.4,44.6,46.6,47.4,13.1,0.8,75.6,17.9,24.5,81.3,,,OBAnorm,,LD831_01996v2.403,,,,0,0
GLBALSTL,2024-05-24 01:38:53.000,22.3,27.7,30.9,28.5,25.2,29.9,29.5,26.6,28.0,31.0,31.6,28.0,32.0,32.8,34.3,35.8,36.7,37.2,37.5,36.6,35.7,35.3,33.1,30.8,27.4,26.8,23.6,20.1,17.2,14.2,9.4,5.1,2.0,45.0,46.8,48.2,13.1,0.8,75.5,17.9,24.0,81.2,,,OBAnorm,,LD831_01996v2.403,,,,0,0
GLBALSTL,2024-05-24 01:38:54.000,27.2,27.1,29.1,30.1,27.2,27.3,26.4,29.7,29.4,29.6,29.2,28.7,30.1,31.3,34.1,36.6,38.0,36.6,35.9,35.8,36.2,35.1,33.1,30.5,27.2,24.0,21.3,17.8,15.0,11.0,7.2,4.0,1.7,44.6,46.3,47.2,13.1,0.9,75.6,17.9,23.3,81.0,,,OBAnorm,,LD831_01996v2.403,,,,0,0
GLBALSTL,2024-05-24 01:38:55.000,24.1,31.1,32.1,28.0,27.6,27.0,29.4,28.0,26.5,28.4,30.0,26.5,28.1,30.7,31.1,34.8,36.2,36.6,35.1,35.5,35.2,34.3,31.7,29.3,26.9,24.1,21.8,18.0,13.7,10.0,6.8,3.9,1.5,43.8,45.6,52.3,13.1,1.0,75.6,17.9,23.3,81.0,,,OBAnorm,,LD831_01996v2.403,,,,0,0
GLBALSTL,2024-05-24 01:38:56.000,25.5,30.5,33.3,29.3,27.3,26.8,26.5,28.5,28.4,30.8,30.7,27.5,28.7,32.8,33.0,34.6,35.5,35.8,35.4,35.6,34.6,33.5,31.7,28.6,25.5,22.6,20.4,17.3,14.1,10.4,6.8,3.5,1.5,43.6,45.5,50.4,13.1,1.3,75.8,17.9,23.3,81.0,,,OBAnorm,,LD831_01996v2.403,,,,0,0
GLBALSTL,2024-05-24 01:38:57.000,26.2,31.2,29.3,28.4,26.5,30.0,29.5,29.8,27.8,31.2,30.9,27.5,27.8,29.8,32.3,33.9,35.7,35.9,35.8,35.6,34.7,33.6,31.5,28.8,25.8,23.6,20.0,17.6,13.7,9.2,5.8,3.3,1.4,43.6,45.5,50.4,13.1,1.4,75.8,17.9,23.5,81.1,,,OBAnorm,,LD831_01996v2.403,,,,0,0
GLBALSTL,2024-05-24 01:38:58.000,30.7,28.4,28.8,25.5,27.4,29.1,29.3,27.4,30.1,29.9,30.0,26.5,28.5,30.2,32.4,35.5,36.3,36.8,36.9,36.6,35.8,35.0,33.2,30.7,27.1,24.2,20.7,17.5,13.6,8.3,5.4,3.1,1.3,44.8,46.4,51.7,13.1,1.4,75.8,17.9,23.6,81.1,,,OBAnorm,,LD831_01996v2.403,,,,0,0
GLBALSTL,2024-05-24 01:38:59.000,25.0,31.2,30.2,27.4,26.4,27.4,28.0,29.4,29.9,29.8,31.6,29.9,33.4,31.6,32.4,35.2,36.5,37.0,37.3,36.6,35.6,34.9,32.6,30.0,27.9,24.9,22.1,18.8,16.1,12.0,7.9,4.4,1.8,44.6,46.4,48.1,13.1,1.4,75.8,17.9,23.7,81.1,,,OBAnorm,,LD831_01996v2.403,,,,0,0
GLBALSTL,2024-05-24 01:39:00.000,23.1,24.7,29.7,29.8,27.2,28.3,29.1,28.4,26.4,28.8,30.6,28.0,29.2,30.5,32.1,33.7,35.3,36.2,35.7,35.6,34.4,33.5,31.3,28.5,26.1,23.5,19.8,17.1,13.6,9.4,5.5,3.2,1.4,43.5,45.2,46.2,13.1,1.3,75.8,17.9,23.6,80.5,,,OBAnorm,,LD831_01996v2.403,,,,0,0
GLBALSTL,2024-05-24 01:39:01.000,23.2,26.7,26.7,25.5,26.3,28.4,28.6,29.0,24.5,29.9,30.6,28.6,29.1,31.0,35.2,36.4,37.5,37.8,37.8,38.1,37.3,35.6,33.6,30.8,27.9,25.1,21.8,18.8,14.8,10.9,6.5,3.6,1.4,45.7,47.3,50.8,13.1,1.3,75.8,17.9,23.6,80.5,,,OBAnorm,,LD831_01996v2.403,,,,0,0
GLBALSTL,2024-05-24 01:39:02.000,24.0,26.4,27.1,26.1,27.9,29.8,28.4,25.7,28.3,31.0,31.0,26.9,27.6,30.5,32.7,35.8,35.8,36.0,36.9,36.3,35.7,34.5,32.4,29.4,26.4,23.5,20.1,17.5,14.5,9.7,6.1,3.5,1.4,44.3,46.0,48.6,13.1,1.2,75.8,17.9,23.7,80.5,,,OBAnorm,,LD831_01996v2.403,,,,0,0
GLBALSTL,2024-05-24 01:39:03.000,24.6,28.1,32.0,29.4,26.5,26.9,28.7,29.6,27.9,28.6,30.8,27.8,28.4,32.1,32.4,35.2,36.1,36.3,37.2,35.6,36.2,34.6,32.2,29.6,26.4,23.6,21.1,18.3,14.6,11.0,6.4,3.9,1.4,44.5,46.2,55.5,13.1,1.4,75.8,17.8,23.0,76.3,,,OBAnorm,,LD831_01996v2.403,,,,0,0
GLBALSTL,2024-05-24 01:39:04.000,20.7,29.8,29.2,28.3,27.6,26.4,29.4,28.2,28.0,31.1,31.8,29.3,31.8,33.8,34.6,37.9,40.5,40.0,39.3,39.0,37.7,37.2,35.8,32.3,29.4,26.1,22.9,19.0,15.6,10.9,7.1,4.0,1.9,47.3,48.8,54.0,13.1,1.8,75.7,17.9,23.0,76.3,,,OBAnorm,,LD831_01996v2.403,,,,0,0
GLBALSTL,2024-05-24 01:39:05.000,25.3,24.1,31.9,28.4,27.4,27.1,27.9,27.4,26.8,29.6,30.3,29.1,29.3,31.8,34.0,36.7,38.3,38.8,37.7,37.8,37.9,37.0,33.9,31.5,28.1,24.7,21.8,18.0,14.0,10.4,6.7,3.7,1.5,46.0,47.4,50.8,13.1,1.9,75.7,17.9,23.6,80.5,,,OBAnorm,,LD831_01996v2.403,,,,0,0
GLBALSTL,2024-05-24 01:39:06.000,27.8,33.3,31.7,26.4,28.7,29.7,28.3,29.9,30.1,30.9,31.9,28.1,29.7,31.7,33.0,35.4,37.0,37.3,37.3,36.4,36.1,35.4,33.8,30.2,27.2,24.6,22.9,19.3,17.0,12.9,9.2,5.4,2.2,45.2,46.9,50.1,13.1,1.8,75.3,17.9,23.6,80.5,,,OBAnorm,,LD831_01996v2.403,,,,0,0
GLBALSTL,2024-05-24 01:39:07.000,33.5,29.6,28.5,27.4,24.5,28.9,28.3,29.4,30.5,29.9,30.4,29.6,31.7,32.8,35.7,38.2,40.0,40.9,40.4,39.2,39.3,37.8,36.3,33.0,29.6,26.3,22.9,19.5,15.2,11.4,7.6,4.3,1.8,47.9,49.3,51.1,13.1,1.7,74.2,17.9,23.6,80.5,,,OBAnorm,,LD831_01996v2.403,,,,0,0
GLBALSTL,2024-05-24 01:39:08.000,26.3,29.1,31.7,25.7,23.4,28.6,30.2,29.3,28.0,30.6,30.4,29.3,26.2,32.3,32.4,34.6,36.5,36.5,36.7,36.1,36.6,34.7,32.7,30.1,26.4,23.4,20.1,18.9,14.9,8.7,5.4,3.2,1.4,44.3,45.9,47.7,13.1,1.5,74.2,17.9,23.6,80.5,,,OBAnorm,,LD831_01996v2.403,,,,0,0
GLBALSTL,2024-05-24 01:39:09.000,28.3,27.0,27.5,29.9,26.3,27.3,27.6,29.4,29.5,31.5,32.2,28.2,27.5,29.7,31.7,33.7,34.8,35.0,34.7,35.0,34.3,33.5,30.7,27.7,24.9,22.0,19.3,15.6,12.5,9.0,5.8,3.4,1.4,42.9,44.9,46.3,13.1,1.4,74.2,18.3,23.6,80.5,,,OBAnorm,,LD831_01996v2.403,,,,0,0
GLBALSTL,2024-05-24 01:39:10.000,25.9,28.6,30.0,25.2,28.7,27.5,30.1,28.0,30.2,30.5,32.6,35.7,30.1,30.9,34.1,36.2,36.4,36.4,35.6,35.3,35.3,33.7,31.9,29.4,26.2,22.5,19.5,16.3,13.1,9.3,5.8,3.3,1.3,43.9,46.5,47.4,13.1,1.3,74.2,17.9,23.6,80.5,,,OBAnorm,,LD831_01996v2.403,,,,0,0
GLBALSTL,2024-05-24 01:39:11.000,28.2,27.8,28.7,26.4,23.1,28.3,26.2,28.4,30.0,31.1,31.8,29.6,27.5,30.3,32.3,35.5,37.3,37.3,36.9,36.4,36.2,35.7,33.7,30.9,27.8,25.0,21.7,18.4,14.8,10.6,7.0,4.1,1.7,45.1,46.8,48.3,13.1,1.2,74.2,17.9,20.0,73.5,,,OBAnorm,,LD831_01996v2.403,,,,0,0
GLBALSTL,2024-05-24 01:39:12.000,22.2,25.2,32.9,28.6,29.4,29.5,30.1,28.2,32.6,30.6,31.6,28.1,27.8,32.7,34.2,35.8,36.9,37.1,36.9,36.6,35.8,35.0,32.7,29.8,26.4,23.2,20.4,16.9,13.4,9.4,5.7,3.3,1.3,44.7,46.5,47.5,13.1,1.0,74.2,17.9,20.0,73.5,,,OBAnorm,,LD831_01996v2.403,,,,0,0
GLBALSTL,2024-05-24 01:39:13.000,25.5,30.0,29.5,28.1,26.7,27.2,27.8,29.7,30.2,32.5,30.9,28.7,30.7,31.4,33.9,36.4,38.2,37.5,38.1,37.7,37.3,36.3,34.0,31.4,28.2,24.1,21.4,18.6,16.2,10.4,6.2,3.4,1.3,45.9,47.5,49.5,13.1,0.9,74.2,17.9,23.6,80.5,,,OBAnorm,,LD831_01996v2.403,,,,0,0
GLBALSTL,2024-05-24 01:39:14.000,24.5,24.6,27.3,27.3,26.8,28.4,29.3,30.3,28.7,33.2,31.7,30.0,32.3,34.5,34.7,35.9,37.7,37.9,37.6,36.8,36.4,35.3,33.4,30.4,27.5,24.1,21.0,18.1,14.0,10.9,7.1,3.9,1.5,45.1,47.0,48.1,13.1,0.8,74.2,17.8,23.6,80.5,,,OBAnorm,,LD831_01996v2.403,,,,0,0
GLBALSTL,2024-05-24 01:39:15.000,22.0,24.8,31.5,28.6,26.7,28.1,29.1,30.1,29.5,31.0,30.9,27.9,29.9,34.2,34.6,35.4,37.6,36.6,36.9,36.2,35.9,35.3,33.5,30.8,28.4,25.9,23.0,20.0,18.4,14.1,10.2,5.9,2.6,44.9,46.7,47.3,13.1,0.8,74.2,17.9,23.7,80.5,,,OBAnorm,,LD831_01996v2.403,,,,0,0
GLBALSTL,2024-05-24 01:39:16.000,19.9,27.1,26.9,28.9,27.0,30.1,29.6,28.0,29.6,30.9,30.0,28.0,28.6,32.2,33.3,35.3,36.7,36.1,35.9,35.1,34.2,33.7,31.6,28.9,26.2,24.0,21.4,18.7,16.0,12.9,7.9,5.1,2.3,43.7,45.7,47.1,13.1,0.7,74.3,17.9,23.7,80.5,,,OBAnorm,,LD831_01996v2.403,,,,0,0
GLBALSTL,2024-05-24 01:39:17.000,21.7,25.7,29.2,28.1,27.3,26.9,26.7,29.4,29.2,30.7,32.7,28.7,32.1,34.9,34.4,37.0,37.4,37.5,36.7,36.2,36.0,33.8,32.0,29.7,26.0,23.4,20.1,17.9,14.8,10.6,6.8,3.8,1.6,44.6,46.9,50.9,13.1,0.7,74.2,17.9,23.8,80.5,,,OBAnorm,,LD831_01996v2.403,,,,0,0
GLBALSTL,2024-05-24 01:39:18.000,22.4,26.2,27.6,27.9,27.0,26.1,27.6,27.1,27.9,30.5,30.3,29.6,30.0,31.7,33.0,36.4,37.4,38.3,36.4,36.7,36.6,34.8,32.9,30.2,27.2,24.1,21.2,18.4,15.9,12.2,7.4,4.3,1.6,44.9,46.7,49.6,13.1,0.7,74.2,17.9,23.8,80.5,,,OBAnorm,,LD831_01996v2.403,,,,0,0
GLBALSTL,2024-05-24 01:39:19.000,27.7,31.2,27.6,26.1,27.1,28.8,28.5,29.1,28.9,31.2,30.7,26.8,29.4,33.0,34.2,35.8,36.9,36.8,36.2,35.9,34.9,34.1,32.1,30.1,26.4,23.4,19.5,16.5,13.1,9.5,6.0,3.8,1.6,44.2,46.2,47.6,13.1,0.7,74.2,17.9,23.8,80.5,,,OBAnorm,,LD831_01996v2.403,,,,0,0
GLBALSTL,2024-05-24 01:39:20.000,30.0,30.4,27.7,29.0,28.7,27.1,30.1,28.7,27.8,31.8,30.8,29.4,31.1,32.8,35.6,36.7,38.5,38.3,37.1,36.4,35.7,35.2,32.9,30.5,27.3,23.3,19.7,17.0,13.3,9.2,5.8,3.4,1.4,45.2,47.4,50.0,13.1,0.7,74.2,17.8,23.7,80.5,,,OBAnorm,,LD831_01996v2.403,,,,0,0
GLBALSTL,2024-05-24 01:39:21.000,28.4,26.9,27.6,26.4,25.6,27.8,28.4,28.1,28.0,32.8,31.6,35.0,32.3,33.5,34.4,36.4,37.0,37.6,36.4,35.6,35.3,34.2,32.2,29.5,26.6,23.3,19.5,16.1,11.8,8.4,5.2,3.0,1.3,44.4,46.6,52.9,13.1,0.7,74.2,17.9,23.7,80.5,,,OBAnorm,,LD831_01996v2.403,,,,0,0
GLBALSTL,2024-05-24 01:39:22.000,23.0,24.7,27.1,28.6,28.2,28.8,28.5,27.7,29.2,29.9,29.3,27.9,28.5,31.5,33.1,35.0,36.7,36.7,36.3,34.8,34.5,33.2,31.0,28.6,25.7,22.7,19.4,16.9,13.0,9.1,5.8,3.4,1.4,43.5,45.9,57.7,13.1,0.7,74.2,17.9,23.7,80.5,,,OBAnorm,,LD831_01996v2.403,,,,0,0
GLBALSTL,2024-05-24 01:39:23.000,25.8,28.2,30.4,33.0,26.7,27.4,28.5,28.6,27.4,30.1,30.3,29.2,27.5,30.9,33.4,35.3,36.7,37.1,36.0,35.6,35.8,34.6,33.1,30.3,26.8,23.6,20.3,17.3,14.1,10.0,6.5,3.6,1.3,44.5,46.2,54.8,13.1,0.6,74.2,17.9,23.7,80.5,,,OBAnorm,,LD831_01996v2.403,,,,0,0
GLBALSTL,2024-05-24 01:39:24.000,31.2,31.3,32.3,25.8,25.9,27.1,29.9,31.5,29.8,30.6,30.6,28.2,29.0,30.1,33.7,35.7,36.3,37.1,37.0,36.0,36.6,35.7,33.4,30.8,27.6,25.9,23.4,19.6,18.5,13.9,9.4,5.2,2.4,44.9,46.6,51.2,13.1,0.6,74.2,17.9,23.7,80.5,,,OBAnorm,,LD831_01996v2.403,,,,0,0
GLBALSTL,2024-05-24 01:39:25.000,31.3,31.9,26.6,28.5,29.1,26.3,29.2,26.4,28.2,28.9,30.9,29.1,28.7,28.7,32.3,34.9,36.4,36.8,37.1,36.2,34.9,34.1,32.1,29.5,26.1,22.9,19.9,16.6,13.3,9.5,6.0,3.2,1.4,44.2,46.1,58.5,13.1,0.6,74.2,17.8,23.8,80.5,,,OBAnorm,,LD831_01996v2.403,,,,0,0
GLBALSTL,2024-05-24 01:39:26.000,29.4,26.7,28.9,29.3,29.7,26.8,28.3,28.7,28.8,30.4,30.3,32.7,35.0,31.0,33.4,35.3,36.0,36.9,35.5,36.4,36.0,34.2,32.7,30.0,26.9,24.1,21.6,19.3,14.9,10.9,7.4,4.4,1.7,44.4,47.2,64.5,13.1,0.5,74.2,17.8,23.8,80.5,,,OBAnorm,,LD831_01996v2.403,,,,0,0
GLBALSTL,2024-05-24 01:39:27.000,25.9,27.7,24.0,27.8,31.3,27.9,27.5,27.4,30.8,29.9,31.8,33.5,29.6,31.0,31.8,33.7,36.1,36.7,35.8,35.0,34.7,33.9,31.7,29.4,26.5,23.7,21.1,17.5,14.6,10.9,6.8,3.9,1.5,43.7,45.8,58.2,13.1,0.5,74.2,17.9,23.8,80.5,,,OBAnorm,,LD831_01996v2.403,,,,0,0
GLBALSTL,2024-05-24 01:39:28.000,30.9,34.7,29.1,28.7,28.9,28.1,29.4,28.5,30.6,29.7,30.3,32.3,28.2,30.4,31.9,35.0,36.2,36.0,35.7,35.7,35.0,33.7,31.3,28.9,25.4,22.2,18.5,15.2,11.2,7.6,4.7,2.9,1.1,43.7,45.6,50.1,13.1,0.5,74.2,18.2,23.7,80.5,,,OBAnorm,,LD831_01996v2.403,,,,0,0
GLBALSTL,2024-05-24 01:39:29.000,25.3,30.9,29.2,27.7,28.0,27.4,27.8,30.0,28.7,29.8,29.2,28.5,29.7,29.8,32.1,34.4,35.2,35.8,35.6,35.4,35.3,33.4,31.6,29.6,26.7,23.7,20.1,16.8,13.6,9.4,5.7,3.1,1.2,43.7,45.4,51.1,13.1,0.6,74.1,17.8,23.7,80.5,,,OBAnorm,,LD831_01996v2.403,,,,0,0
GLBALSTL,2024-05-24 01:39:30.000,26.3,23.7,28.7,27.6,26.9,27.6,28.7,28.0,29.2,30.6,28.9,28.3,27.5,31.8,32.1,33.9,35.4,35.9,35.3,36.2,35.8,35.6,32.9,30.2,27.0,24.7,22.3,19.9,17.3,12.6,9.6,5.1,2.0,44.3,45.9,47.7,13.1,0.7,74.2,17.9,23.6,80.5,,,OBAnorm,,LD831_01996v2.403,,,,0,0
GLBALSTL,2024-05-24 01:39:31.000,26.3,28.6,29.2,30.5,28.8,30.1,28.5,28.9,28.4,30.7,29.9,27.6,31.2,31.0,32.4,33.8,36.1,37.1,36.4,36.4,36.5,34.9,33.0,29.8,26.9,23.2,19.6,15.9,12.9,9.3,6.3,3.3,1.3,44.6,46.2,48.0,13.1,0.8,74.2,17.9,23.6,80.5,,,OBAnorm,,LD831_01996v2.403,,,,0,0
GLBALSTL,2024-05-24 01:39:32.000,28.8,25.5,24.7,29.5,28.6,27.4,28.7,27.4,27.4,30.8,30.7,27.4,28.4,31.8,31.1,35.0,35.7,36.5,36.4,36.6,36.0,34.7,33.1,29.9,27.2,23.5,21.0,17.7,16.1,11.1,7.4,4.4,1.5,44.5,46.1,46.6,13.1,0.8,74.2,17.9,23.5,80.5,,,OBAnorm,,LD831_01996v2.403,,,,0,0
GLBALSTL,2024-05-24 01:39:33.000,24.8,30.0,24.4,24.7,28.0,30.4,28.1,29.0,27.0,29.8,30.2,29.4,28.2,31.0,32.6,34.3,35.3,36.8,36.9,36.0,35.5,33.7,32.2,29.0,26.4,23.1,19.9,16.9,12.8,8.7,5.6,3.3,1.4,44.1,45.8,46.6,13.1,0.8,74.2,17.8,23.5,80.5,,,OBAnorm,,LD831_01996v2.403,,,,0,0
GLBALSTL,2024-05-24 01:39:34.000,25.3,28.9,28.3,24.4,24.5,26.9,28.3,29.6,28.3,31.4,30.3,27.7,28.5,30.4,33.6,35.6,37.0,38.1,37.1,36.4,37.1,35.8,33.9,30.9,28.1,24.4,20.5,17.0,13.2,10.5,6.8,3.6,1.4,45.4,46.8,47.6,13.1,0.9,74.2,17.9,23.5,80.5,,,OBAnorm,,LD831_01996v2.403,,,,0,0
GLBALSTL,2024-05-24 01:39:35.000,23.2,23.6,26.7,27.2,27.7,28.0,27.9,30.6,29.3,30.4,30.4,28.4,27.3,29.7,31.8,33.8,35.0,35.4,34.8,35.3,34.1,33.3,31.6,28.4,25.2,22.4,19.5,16.7,14.5,10.5,7.5,3.6,1.8,43.1,45.0,45.9,13.1,0.9,74.2,17.9,23.5,80.5,,,OBAnorm,,LD831_01996v2.403,,,,0,0
GLBALSTL,2024-05-24 01:39:36.000,23.0,26.0,28.8,28.3,26.4,25.9,28.7,27.3,28.6,30.6,30.6,27.2,28.5,29.7,33.2,35.4,36.5,37.3,36.8,36.8,35.8,34.8,33.3,30.3,27.2,24.9,21.9,17.8,15.3,11.1,7.7,3.9,1.6,44.8,46.4,48.0,13.1,0.9,19.9,17.9,23.5,80.5,,,OBAnorm,,LD831_01996v2.403,,,,0,0
GLBALSTL,2024-05-24 01:39:37.000,22.3,28.9,24.8,28.8,27.4,25.8,28.6,27.1,29.4,30.3,28.9,28.1,31.3,32.2,32.7,34.6,35.7,35.8,35.3,35.5,34.6,34.2,32.3,29.6,26.6,23.4,20.2,16.7,13.8,10.2,6.7,3.8,1.2,43.7,45.6,46.6,13.1,0.9,74.2,17.8,20.3,73.6,,,OBAnorm,,LD831_01996v2.403,,,,0,0
GLBALSTL,2024-05-24 01:39:38.000,24.8,25.6,25.7,28.2,29.3,30.0,28.9,27.2,29.3,29.3,30.7,29.8,31.6,31.9,33.7,35.7,36.7,36.7,37.0,36.3,35.5,34.3,32.8,29.7,27.3,24.2,21.8,18.7,15.3,11.6,7.4,4.3,1.8,44.6,46.5,47.8,13.1,0.9,42.5,17.8,20.3,73.6,,,OBAnorm,,LD831_01996v2.403,,,,0,0
GLBALSTL,2024-05-24 01:39:39.000,23.9,28.3,32.8,30.1,26.3,27.2,30.7,29.4,30.0,30.4,29.6,25.4,29.3,32.2,34.5,36.8,37.8,38.9,37.7,37.8,37.0,35.6,33.9,30.7,28.0,24.2,20.6,16.7,12.3,8.2,4.8,3.0,1.2,45.6,47.1,47.7,13.1,0.9,42.5,17.9,22.0,76.2,,,OBAnorm,,LD831_01996v2.403,,,,0,0
GLBALSTL,2024-05-24 01:39:40.000,22.6,29.3,26.9,26.8,25.9,28.5,28.9,27.1,28.6,30.5,30.7,26.9,29.0,29.1,31.3,35.7,35.5,37.3,35.9,36.2,35.4,33.2,32.1,29.6,26.3,23.2,19.7,16.0,13.2,9.6,5.5,3.3,1.5,44.0,45.8,46.5,13.1,0.9,74.2,17.9,22.0,76.2,,,OBAnorm,,LD831_01996v2.403,,,,0,0
GLBALSTL,2024-05-24 01:39:41.000,24.8,27.2,27.3,28.4,28.6,28.9,28.6,30.9,29.4,30.3,30.4,27.5,30.2,32.3,33.9,35.9,38.0,38.2,38.1,37.9,37.0,35.5,35.5,30.8,27.5,24.7,22.1,18.2,15.1,11.5,8.0,4.4,1.5,45.9,47.4,48.1,13.1,0.8,74.2,17.9,23.5,80.5,,,OBAnorm,,LD831_01996v2.403,,,,0,0
GLBALSTL,2024-05-24 01:39:42.000,25.2,26.8,29.4,27.2,26.1,27.4,30.4,28.1,28.3,31.7,30.3,28.7,28.6,30.4,32.2,35.7,36.1,36.8,36.5,36.0,36.2,34.9,33.2,30.1,27.7,24.1,20.8,17.6,14.3,8.9,5.4,3.2,1.2,44.5,46.1,46.6,13.1,0.8,74.2,17.8,23.5,80.5,,,OBAnorm,,LD831_01996v2.403,,,,0,0
GLBALSTL,2024-05-24 01:39:43.000,24.5,31.2,28.2,31.8,26.7,29.1,28.8,28.5,29.2,31.6,30.5,28.1,27.9,30.2,32.3,34.7,35.7,36.0,36.3,35.6,35.4,34.5,32.3,30.4,27.1,23.5,20.9,18.2,15.0,10.8,6.9,4.0,1.4,44.0,45.8,46.3,13.1,0.7,74.2,17.9,23.5,80.5,,,OBAnorm,,LD831_01996v2.403,,,,0,0
GLBALSTL,2024-05-24 01:39:44.000,29.5,28.1,28.4,29.2,27.4,28.4,28.0,27.8,28.5,31.0,31.2,25.2,30.8,31.9,32.2,34.0,35.2,35.3,35.8,36.0,35.0,34.1,32.0,29.4,26.3,23.0,19.7,16.3,13.9,9.5,5.8,3.8,1.7,43.7,45.6,46.3,13.1,0.7,74.2,17.8,23.5,80.5,,,OBAnorm,,LD831_01996v2.403,,,,0,0
GLBALSTL,2024-05-24 01:39:45.000,24.3,29.5,29.0,29.3,27.4,26.2,29.5,28.0,29.0,32.0,31.7,27.4,30.0,30.6,33.0,35.5,36.8,36.2,36.0,34.9,35.2,34.5,32.6,29.7,27.0,24.3,21.6,18.6,14.6,10.1,6.8,3.8,1.6,44.2,46.3,48.3,13.1,0.6,74.2,17.9,23.5,80.5,,,OBAnorm,,LD831_01996v2.403,,,,0,0
GLBALSTL,2024-05-24 01:39:46.000,25.8,26.9,26.9,30.8,27.5,27.7,29.6,28.9,29.5,31.9,30.9,27.9,31.5,33.6,34.6,36.5,37.3,38.7,37.0,36.5,36.4,35.5,33.2,31.1,27.8,24.7,22.0,18.1,15.1,11.6,7.2,4.0,1.5,45.3,46.9,49.5,13.1,0.5,74.2,17.9,23.5,80.5,,,OBAnorm,,LD831_01996v2.403,,,,0,0
GLBALSTL,2024-05-24 01:39:47.000,19.1,28.8,31.5,30.2,28.0,27.5,27.3,27.7,29.4,30.1,29.4,25.5,27.6,30.2,31.1,34.5,35.1,35.3,35.3,36.8,34.7,33.7,31.8,28.6,25.7,21.8,18.6,15.7,11.9,8.5,5.1,3.0,1.3,43.6,45.3,50.2,13.1,0.4,74.2,17.9,23.5,80.5,,,OBAnorm,,LD831_01996v2.403,,,,0,0
GLBALSTL,2024-05-24 01:39:48.000,23.5,24.5,31.8,27.3,27.4,29.6,28.0,29.4,31.0,31.1,30.1,27.9,27.8,31.2,33.3,35.5,36.1,37.2,36.1,35.9,35.7,34.6,32.1,29.6,26.6,23.4,20.5,18.9,14.4,9.6,6.5,3.4,1.3,44.4,46.3,50.1,13.1,0.4,74.2,17.9,23.5,80.5,,,OBAnorm,,LD831_01996v2.403,,,,0,0
GLBALSTL,2024-05-24 01:39:49.000,21.7,26.5,28.2,29.3,27.6,29.6,30.0,28.1,28.3,30.5,29.5,30.2,33.3,31.9,31.9,35.5,36.3,36.9,36.9,36.2,36.7,35.1,32.2,30.5,27.7,24.3,21.5,18.3,14.6,10.9,8.2,4.3,1.6,44.8,46.6,51.7,13.1,0.4,74.2,17.6,23.5,80.5,,,OBAnorm,,LD831_01996v2.403,,,,0,0
GLBALSTL,2024-05-24 01:39:50.000,25.0,24.9,29.7,26.9,30.5,30.1,29.6,30.0,27.8,31.8,30.2,28.8,29.0,32.1,32.4,35.3,37.3,38.1,37.3,36.7,36.2,35.8,33.6,31.5,28.1,25.2,23.3,19.7,16.9,12.7,8.8,4.7,1.9,45.3,46.8,50.3,13.1,0.3,74.2,17.9,23.6,80.5,,,OBAnorm,,LD831_01996v2.403,,,,0,0
GLBALSTL,2024-05-24 01:39:51.000,24.5,27.2,30.0,27.9,28.0,28.3,29.5,28.7,29.2,30.6,29.5,26.7,29.9,33.0,34.0,34.9,36.3,37.4,36.4,36.1,35.1,34.0,31.8,29.5,27.1,23.8,21.3,18.2,15.2,11.0,8.0,4.6,1.5,44.2,46.2,50.6,13.1,0.3,74.3,18.1,23.6,80.5,,,OBAnorm,,LD831_01996v2.403,,,,0,0
GLBALSTL,2024-05-24 01:39:52.000,24.2,26.5,28.9,30.3,26.9,27.4,27.7,29.8,28.6,31.0,30.7,28.5,33.3,31.8,32.0,34.2,36.1,36.5,36.3,36.0,36.6,35.4,33.6,31.0,26.8,24.2,21.8,19.1,17.4,13.1,8.8,4.8,2.1,44.7,46.3,48.9,13.1,0.3,74.2,17.8,23.5,80.5,,,OBAnorm,,LD831_01996v2.403,,,,0,0
GLBALSTL,2024-05-24 01:39:53.000,26.4,31.7,28.0,29.6,27.3,30.1,30.3,28.1,27.9,32.2,31.7,29.1,28.9,32.3,34.5,34.1,36.5,37.4,37.2,36.4,36.8,35.5,33.6,30.8,27.9,24.3,21.4,18.6,15.7,10.8,7.0,4.1,1.6,45.1,46.8,49.4,13.1,0.3,74.2,17.9,23.5,80.5,,,OBAnorm,,LD831_01996v2.403,,,,0,0
GLBALSTL,2024-05-24 01:39:54.000,25.4,27.1,28.2,27.9,25.7,29.6,29.7,31.2,31.1,29.5,28.8,25.6,28.9,31.6,32.6,35.5,36.3,37.7,36.8,36.5,36.5,36.0,34.7,31.6,27.6,24.9,21.4,17.8,13.4,9.4,6.3,3.4,1.3,45.3,46.6,47.9,13.1,0.3,74.2,17.9,23.5,80.5,,,OBAnorm,,LD831_01996v2.403,,,,0,0
GLBALSTL,2024-05-24 01:39:55.000,24.6,27.4,29.6,28.1,25.6,29.9,26.7,29.8,28.8,29.8,29.0,29.3,30.4,32.7,31.6,34.6,36.4,36.1,36.4,35.7,35.5,34.0,31.7,29.3,25.9,22.8,19.8,17.0,12.5,9.0,5.9,3.3,1.4,43.9,45.8,48.0,13.1,0.3,74.2,17.9,23.5,80.5,,,OBAnorm,,LD831_01996v2.403,,,,0,0
GLBALSTL,2024-05-24 01:39:56.000,22.5,28.9,28.0,29.8,23.2,28.2,30.6,31.3,28.4,31.1,31.3,28.7,28.5,32.4,32.7,35.3,36.6,38.4,38.8,37.9,36.7,35.9,33.1,31.3,28.1,25.9,24.0,21.5,17.9,12.7,7.8,4.2,1.6,45.8,47.4,49.4,13.1,0.3,74.2,17.9,23.5,80.5,,,OBAnorm,,LD831_01996v2.403,,,,0,0
GLBALSTL,2024-05-24 01:39:57.000,26.1,25.8,30.0,27.8,27.7,30.5,28.7,28.4,29.5,29.1,29.9,29.7,34.3,33.5,35.1,36.5,38.7,38.5,38.9,38.6,38.3,36.6,34.6,32.3,28.8,26.1,23.0,20.4,16.2,11.9,7.5,4.0,1.6,46.6,48.3,49.1,13.1,0.3,74.2,17.9,23.5,80.5,,,OBAnorm,,LD831_01996v2.403,,,,0,0
GLBALSTL,2024-05-24 01:39:58.000,27.7,25.4,28.6,26.9,28.1,27.7,29.8,28.2,28.3,32.6,34.6,35.7,35.9,36.4,35.4,37.1,37.8,38.4,37.6,36.7,36.2,35.0,32.8,30.5,27.0,24.6,21.7,18.6,15.7,12.7,8.6,4.7,2.1,45.3,47.8,49.7,13.1,0.3,74.2,17.9,23.5,80.5,,,OBAnorm,,LD831_01996v2.403,,,,0,0
GLBALSTL,2024-05-24 01:39:59.000,20.2,28.2,31.1,23.7,29.3,30.3,29.2,30.3,27.9,30.2,32.5,31.8,30.3,34.0,33.5,35.9,36.8,37.6,37.4,36.4,36.6,35.3,33.4,30.1,27.3,25.1,22.4,18.8,15.7,11.3,7.3,4.3,1.7,45.1,46.7,48.9,13.1,0.3,74.2,17.9,23.5,80.5,,,OBAnorm,,LD831_01996v2.403,,,,0,0
GLBALSTL,2024-05-24 01:40:00.000,24.5,24.9,25.8,27.6,26.1,27.9,28.7,30.3,29.2,29.8,30.7,28.5,33.0,33.3,35.2,36.3,37.3,38.6,37.5,37.4,36.4,36.0,34.2,31.0,28.4,25.5,22.5,19.3,16.6,12.4,7.9,4.4,1.9,45.6,47.5,49.3,13.1,0.1,74.2,17.9,23.5,80.5,,,OBAnorm,,LD831_01996v2.403,,,,0,0
GLBALSTL,2024-05-24 01:40:01.000,28.5,27.7,28.4,27.1,32.1,30.2,26.1,28.6,29.1,31.8,32.2,32.6,33.3,33.2,33.5,35.0,35.3,36.0,36.0,36.5,36.1,34.8,32.7,30.1,27.5,24.8,22.6,19.6,16.0,12.4,8.1,4.4,2.0,44.4,46.3,47.7,13.1,0.0,74.2,17.9,23.5,80.5,,,OBAnorm,,LD831_01996v2.403,,,,0,0
GLBALSTL,2024-05-24 01:40:02.000,28.5,30.8,29.1,27.6,27.5,29.8,31.0,30.4,29.6,31.1,31.0,28.1,29.4,31.4,32.9,34.4,37.0,36.6,36.3,36.2,35.5,34.0,32.2,29.3,26.6,24.0,21.9,18.4,14.3,10.8,6.8,3.8,1.6,44.2,46.1,47.4,13.1,0.0,74.2,17.9,23.4,80.5,,,OBAnorm,,LD831_01996v2.403,,,,0,0
GLBALSTL,2024-05-24 01:40:03.000,23.1,27.2,27.2,28.2,26.8,27.9,27.7,26.9,27.5,29.6,32.7,26.3,27.5,32.2,33.7,35.0,35.3,35.5,35.9,35.3,34.7,33.8,31.7,28.7,25.4,23.0,20.2,16.7,13.6,9.3,5.9,3.3,1.4,43.5,45.5,47.9,13.1,0.0,74.2,17.9,23.4,80.5,,,OBAnorm,,LD831_01996v2.403,,,,0,0
GLBALSTL,2024-05-24 01:40:04.000,21.2,22.2,30.8,23.7,28.7,30.0,28.8,27.9,27.6,30.3,35.3,34.2,34.1,34.4,33.7,35.0,35.4,35.3,35.5,35.6,34.8,33.5,32.3,29.6,27.0,23.8,22.5,19.1,15.7,12.0,8.3,4.3,1.8,43.7,46.3,51.1,13.1,0.0,74.2,17.9,23.4,80.5,,,OBAnorm,,LD831_01996v2.403,,,,0,0
GLBALSTL,2024-05-24 01:40:05.000,24.6,25.3,26.2,25.6,27.8,31.3,29.5,30.4,29.8,29.8,30.6,27.7,28.7,31.5,31.8,34.4,35.8,35.8,35.6,35.8,34.7,33.4,31.8,28.7,25.8,22.7,20.4,16.5,14.2,9.5,6.3,3.5,1.5,43.5,45.5,47.5,13.1,0.0,74.2,17.9,23.4,80.5,,,OBAnorm,,LD831_01996v2.403,,,,0,0
GLBALSTL,2024-05-24 01:40:06.000,20.7,23.5,31.1,28.9,29.2,30.7,30.5,27.8,27.9,29.0,29.2,28.6,33.9,32.0,31.4,34.0,34.1,34.7,35.5,35.2,35.1,33.2,31.6,28.3,25.3,22.0,19.9,16.1,13.1,9.2,6.1,3.8,1.6,43.3,45.4,48.4,13.1,0.0,74.2,17.9,23.4,80.5,,,OBAnorm,,LD831_01996v2.403,,,,0,0
GLBALSTL,2024-05-24 01:40:07.000,26.9,29.1,29.4,30.1,31.0,29.2,27.5,30.1,28.6,30.4,28.9,26.3,29.8,31.4,32.5,34.8,35.4,36.6,35.7,35.3,34.3,33.7,31.7,29.0,25.8,22.8,19.6,16.7,13.1,9.6,6.4,3.5,1.6,43.5,45.6,47.8,13.1,0.0,74.2,17.9,23.4,80.5,,,OBAnorm,,LD831_01996v2.403,,,,0,0
GLBALSTL,2024-05-24 01:40:08.000,27.4,25.9,29.7,28.0,25.2,31.4,28.4,30.1,26.9,31.1,30.1,26.6,29.9,30.6,31.2,34.4,34.2,35.7,35.3,35.7,34.8,33.9,32.0,28.6,26.1,23.0,20.9,17.7,15.6,12.4,8.6,4.5,2.2,43.6,45.6,49.2,13.1,0.0,74.2,17.9,23.4,80.5,,,OBAnorm,,LD831_01996v2.403,,,,0,0
GLBALSTL,2024-05-24 01:40:09.000,27.0,20.0,30.1,27.3,27.6,31.3,30.1,31.6,30.5,32.4,29.6,26.1,27.6,32.1,33.0,35.1,36.5,38.1,37.9,37.3,36.2,35.4,32.8,30.1,26.9,24.4,21.5,17.3,14.3,11.9,8.4,3.9,1.9,45.1,46.8,49.2,13.1,0.0,74.2,17.8,23.5,80.5,,,OBAnorm,,LD831_01996v2.403,,,,0,0
GLBALSTL,2024-05-24 01:40:10.000,29.4,26.8,30.1,27.7,29.0,29.4,29.7,29.5,27.1,31.4,29.9,31.2,29.8,32.0,33.2,36.7,37.8,38.2,37.8,37.7,37.4,35.7,33.5,31.7,28.0,25.5,22.7,18.7,14.9,11.2,7.3,3.9,1.4,45.8,47.4,49.3,13.1,0.0,74.2,17.9,23.5,80.5,,,OBAnorm,,LD831_01996v2.403,,,,0,0
GLBALSTL,2024-05-24 01:40:11.000,22.2,27.1,26.1,30.1,29.1,29.9,29.4,31.5,29.3,29.8,27.8,29.4,27.7,31.0,34.2,34.6,37.0,37.8,37.6,38.1,37.3,36.4,34.4,32.2,28.8,26.1,23.3,20.3,18.3,14.7,10.9,5.7,2.4,45.8,47.2,50.2,13.1,0.0,74.2,17.9,23.5,80.5,,,OBAnorm,,LD831_01996v2.403,,,,0,0
GLBALSTL,2024-05-24 01:40:12.000,25.3,22.3,30.3,28.9,29.6,27.0,27.5,27.9,28.6,30.9,31.1,27.1,32.3,33.1,34.2,35.6,37.5,37.9,39.0,38.4,38.0,36.1,35.4,32.1,29.9,26.7,23.8,21.0,17.9,14.4,9.0,5.3,1.9,46.4,47.7,50.0,13.1,0.0,74.2,17.9,23.5,80.5,,,OBAnorm,,LD831_01996v2.403,,,,0,0
GLBALSTL,2024-05-24 01:40:13.000,19.9,22.6,27.5,26.4,26.4,30.3,27.9,28.7,27.2,28.8,30.2,29.7,31.7,34.2,34.6,38.1,39.8,40.5,39.9,38.7,38.3,38.1,35.7,32.6,29.6,26.4,23.0,19.2,16.4,11.3,7.5,4.3,1.6,47.4,48.8,51.3,13.1,0.0,74.2,17.9,23.5,80.5,,,OBAnorm,,LD831_01996v2.403,,,,0,0
GLBALSTL,2024-05-24 01:40:14.000,25.5,25.3,27.7,29.9,28.8,27.9,29.6,32.0,32.0,30.6,30.2,26.9,27.4,30.9,32.4,35.8,36.0,38.2,36.6,36.5,35.8,34.4,32.3,29.8,26.5,23.6,20.5,16.9,13.6,9.7,6.5,3.7,1.5,44.3,46.2,47.7,13.1,0.0,74.2,17.9,23.5,80.5,,,OBAnorm,,LD831_01996v2.403,,,,0,0
GLBALSTL,2024-05-24 01:40:15.000,26.7,23.1,30.7,32.3,30.2,27.2,28.7,28.1,27.1,30.8,30.9,26.8,28.6,29.7,31.6,33.2,35.1,36.9,36.4,36.3,35.6,34.3,31.9,29.2,26.5,23.2,20.5,17.0,14.1,10.4,6.0,3.4,1.4,44.3,45.9,48.7,13.1,0.0,74.2,17.8,23.5,80.5,,,OBAnorm,,LD831_01996v2.403,,,,0,0
GLBALSTL,2024-05-24 01:40:16.000,22.5,25.2,29.2,32.3,25.0,27.6,27.0,28.1,29.6,29.4,30.2,28.0,29.5,32.2,35.0,37.7,38.5,39.0,39.1,38.2,37.3,36.0,34.2,31.4,27.6,24.8,21.9,18.3,14.5,10.6,6.3,3.7,1.5,46.3,47.9,48.8,13.1,0.0,74.2,17.9,23.5,80.5,,,OBAnorm,,LD831_01996v2.403,,,,0,0
GLBALSTL,2024-05-24 01:40:17.000,23.1,25.1,30.7,27.8,27.8,27.0,31.2,32.3,28.8,30.1,29.5,28.5,29.7,32.9,35.0,37.4,38.3,38.4,39.0,38.0,38.3,37.1,35.1,32.4,28.7,25.6,22.1,18.2,14.0,9.6,6.3,3.5,1.3,46.6,48.0,48.5,13.1,0.0,74.2,17.9,23.5,80.5,,,OBAnorm,,LD831_01996v2.403,,,,0,0
GLBALSTL,2024-05-24 01:40:18.000,24.6,26.4,27.7,28.5,28.9,29.2,29.6,28.3,30.4,31.2,28.1,29.3,28.2,31.8,33.8,34.8,36.3,37.0,37.3,37.1,35.7,34.1,32.1,29.2,26.1,23.2,20.3,18.4,14.9,11.5,8.0,4.3,1.7,44.7,46.5,47.3,13.1,0.0,74.2,17.9,23.5,80.5,,,OBAnorm,,LD831_01996v2.403,,,,0,0
GLBALSTL,2024-05-24 01:40:19.000,24.7,27.3,30.6,31.4,27.2,28.7,29.8,29.3,29.2,32.3,32.1,35.3,33.3,34.3,36.0,37.2,38.5,39.5,38.8,39.0,39.1,37.7,36.1,33.7,30.8,28.1,26.1,22.8,19.8,16.0,11.4,6.5,2.7,47.4,48.9,49.2,13.1,0.0,74.2,17.9,23.6,80.5,,,OBAnorm,,LD831_01996v2.403,,,,0,0
GLBALSTL,2024-05-24 01:40:20.000,22.4,28.1,31.8,26.9,26.2,27.8,26.8,29.3,29.9,30.5,31.7,31.2,33.1,33.9,35.9,37.3,38.8,39.9,39.2,39.5,39.1,37.6,35.2,31.9,28.8,26.1,22.9,20.4,16.2,12.5,7.7,4.3,1.7,47.2,48.7,49.3,13.1,0.0,74.2,17.9,23.6,80.5,,,OBAnorm,,LD831_01996v2.403,,,,0,0
GLBALSTL,2024-05-24 01:40:21.000,23.2,24.5,27.9,27.0,28.1,27.3,28.6,27.7,29.4,30.3,30.3,34.1,32.5,33.7,32.9,35.3,36.0,37.3,37.3,37.0,36.9,35.4,33.8,30.9,28.3,26.2,24.5,21.5,18.6,15.3,10.4,5.4,2.3,45.2,46.9,47.8,13.1,0.0,74.2,17.9,23.7,80.5,,,OBAnorm,,LD831_01996v2.403,,,,0,0
GLBALSTL,2024-05-24 01:40:22.000,23.3,28.9,28.3,29.7,28.1,29.7,28.6,28.5,28.8,29.2,31.7,27.8,30.4,31.0,33.5,35.2,36.4,36.5,36.5,36.5,36.7,35.4,32.9,30.6,27.3,24.4,22.1,19.4,15.6,12.0,8.1,4.2,1.7,44.7,46.4,50.8,13.1,0.0,74.2,17.9,23.7,80.5,,,OBAnorm,,LD831_01996v2.403,,,,0,0
GLBALSTL,2024-05-24 01:40:23.000,20.2,27.3,27.0,26.9,23.9,29.9,28.8,29.5,26.3,29.8,29.8,27.2,30.2,30.5,32.8,33.5,35.8,36.3,36.3,35.6,34.6,33.5,31.5,28.4,26.0,23.1,19.6,17.3,13.7,10.1,6.2,3.6,1.4,43.7,45.6,47.2,13.1,0.0,74.2,17.8,23.7,80.5,,,OBAnorm,,LD831_01996v2.403,,,,0,0
GLBALSTL,2024-05-24 01:40:24.000,26.6,25.0,28.8,29.0,28.1,30.7,28.0,28.3,28.3,30.5,32.7,31.1,29.9,34.1,33.3,35.5,35.9,36.7,35.9,35.7,35.8,34.6,31.7,29.1,26.8,24.5,22.5,19.6,17.3,12.9,9.3,5.1,2.0,44.3,46.3,48.2,13.1,0.0,74.3,17.9,23.8,80.5,,,OBAnorm,,LD831_01996v2.403,,,,0,0
GLBALSTL,2024-05-24 01:40:25.000,23.6,25.8,30.4,28.4,26.2,28.2,27.7,26.8,28.2,29.6,31.4,26.8,30.2,32.6,33.3,35.4,35.8,36.5,36.8,36.4,35.4,33.6,31.4,29.2,25.9,22.8,20.4,17.3,12.8,9.2,5.9,3.4,1.3,44.1,46.1,46.7,13.1,0.0,74.2,17.9,23.8,80.5,,,OBAnorm,,LD831_01996v2.403,,,,0,0
GLBALSTL,2024-05-24 01:40:26.000,24.4,26.9,30.4,27.8,27.5,29.0,27.9,28.8,24.7,30.2,28.0,28.0,28.4,31.8,33.7,34.2,34.8,36.5,35.0,35.3,34.4,32.7,31.2,27.9,24.9,22.3,19.6,16.4,12.8,8.6,5.4,3.1,1.3,43.3,45.2,46.1,13.1,0.0,74.3,17.9,23.8,80.5,,,OBAnorm,,LD831_01996v2.403,,,,0,0
GLBALSTL,2024-05-24 01:40:27.000,21.8,25.5,29.2,26.6,25.1,30.0,28.2,25.4,28.0,30.5,30.8,28.7,29.2,33.8,34.7,35.4,35.4,36.3,36.3,35.9,35.9,34.0,32.1,28.9,25.4,22.8,20.2,17.2,13.9,10.2,6.6,3.7,1.5,44.2,46.1,47.5,13.1,0.0,74.2,17.9,23.8,80.5,,,OBAnorm,,LD831_01996v2.403,,,,0,0
GLBALSTL,2024-05-24 01:40:28.000,21.6,24.9,30.0,26.8,23.6,27.8,29.7,25.1,27.3,28.7,28.6,27.5,28.2,31.2,33.0,34.5,36.0,36.5,36.1,35.5,35.0,33.9,31.8,29.1,25.8,22.5,19.9,17.5,13.3,9.4,5.8,3.4,1.5,43.8,45.6,46.6,13.1,0.0,74.2,17.9,23.8,80.5,,,OBAnorm,,LD831_01996v2.403,,,,0,0
GLBALSTL,2024-05-24 01:40:29.000,18.8,25.9,28.2,31.2,29.2,27.9,30.4,27.2,28.4,31.5,32.0,27.9,30.7,32.4,32.9,35.0,36.6,36.9,36.3,36.1,35.6,34.7,32.6,29.4,26.7,24.1,21.4,18.8,14.4,10.5,6.4,3.8,1.4,44.4,46.2,46.6,13.1,0.0,74.2,17.9,23.8,80.5,,,OBAnorm,,LD831_01996v2.403,,,,0,0
GLBALSTL,2024-05-24 01:40:30.000,23.9,26.9,30.5,28.7,28.6,27.8,27.5,27.4,26.8,30.3,30.7,29.5,29.5,33.2,34.5,34.4,35.5,36.3,36.9,35.3,35.3,33.7,32.4,29.6,26.7,23.3,22.7,19.5,15.4,11.3,7.7,4.2,1.5,44.1,46.0,46.6,13.1,0.2,74.3,17.9,23.8,80.5,,,OBAnorm,,LD831_01996v2.403,,,,0,0
GLBALSTL,2024-05-24 01:40:31.000,26.5,27.2,24.4,25.7,28.2,28.7,27.8,27.2,26.5,31.1,30.6,28.1,29.5,32.0,33.4,34.3,35.5,35.8,35.8,35.8,34.6,33.9,31.7,28.1,25.3,22.1,19.2,17.1,13.4,9.2,5.8,3.3,1.4,43.5,45.5,46.1,13.1,0.4,74.3,17.9,23.8,80.5,,,OBAnorm,,LD831_01996v2.403,,,,0,0
GLBALSTL,2024-05-24 01:40:32.000,23.5,26.3,29.9,27.9,28.7,29.9,31.0,28.1,26.4,28.5,31.0,28.2,30.9,33.2,33.9,35.0,35.9,36.5,36.3,36.6,35.3,34.7,32.7,29.8,26.9,24.6,22.8,18.3,17.3,14.9,10.7,5.3,2.1,44.5,46.3,47.0,13.1,0.5,74.2,17.9,23.8,80.5,,,OBAnorm,,LD831_01996v2.403,,,,0,0
GLBALSTL,2024-05-24 01:40:33.000,23.3,27.6,27.7,29.1,26.7,26.1,29.2,28.5,26.6,29.9,30.5,27.3,29.0,31.1,34.3,34.9,36.7,38.0,37.3,36.9,35.9,35.3,33.2,30.8,27.3,24.3,22.3,18.8,17.7,11.6,7.5,4.3,1.8,44.9,46.5,47.3,13.1,0.5,74.2,17.8,23.9,80.6,,,OBAnorm,,LD831_01996v2.403,,,,0,0
GLBALSTL,2024-05-24 01:40:34.000,22.5,29.2,27.8,30.9,28.9,27.5,28.9,28.3,25.8,29.4,29.0,29.2,29.7,31.6,34.1,35.0,36.3,37.2,37.4,37.0,36.7,35.0,33.1,30.0,27.3,24.6,22.1,19.3,16.5,12.0,8.3,4.6,1.9,45.0,46.6,47.0,13.1,0.6,74.2,17.7,23.9,80.6,,,OBAnorm,,LD831_01996v2.403,,,,0,0
GLBALSTL,2024-05-24 01:40:35.000,27.4,29.0,28.7,29.6,28.2,28.8,28.5,28.0,27.6,31.2,32.1,30.5,31.4,32.6,33.3,35.5,37.3,37.3,37.7,36.5,36.1,34.6,32.7,30.0,27.3,24.5,21.9,19.1,17.0,12.6,8.3,4.6,1.8,45.1,47.1,49.5,13.1,0.6,74.2,17.9,23.9,80.6,,,OBAnorm,,LD831_01996v2.403,,,,0,0
GLBALSTL,2024-05-24 01:40:36.000,27.7,28.5,27.3,27.3,28.8,28.0,27.7,27.5,27.9,31.7,32.0,33.0,33.2,36.7,35.5,38.0,40.2,40.2,39.5,38.9,39.1,38.0,36.0,33.9,30.4,26.9,25.2,21.5,19.1,16.2,11.1,6.7,2.9,47.7,49.1,49.4,13.1,0.7,74.2,17.9,23.9,80.6,,,OBAnorm,,LD831_01996v2.403,,,,0,0
GLBALSTL,2024-05-24 01:40:37.000,23.4,25.1,26.4,23.7,28.0,27.0,30.1,26.7,27.0,28.9,28.8,27.3,29.2,32.0,31.9,34.7,36.9,36.3,37.0,36.7,36.2,35.7,32.9,30.3,27.1,24.0,21.2,17.9,14.5,10.5,6.9,3.7,1.5,44.8,46.1,47.1,13.1,0.6,74.2,17.9,23.9,80.6,,,OBAnorm,,LD831_01996v2.403,,,,0,0
GLBALSTL,2024-05-24 01:40:38.000,23.4,26.5,30.5,24.8,26.0,28.3,27.3,27.4,27.3,29.1,27.4,26.0,27.7,32.4,33.2,35.2,37.5,38.1,38.2,36.7,37.0,35.6,33.5,31.2,27.5,24.7,22.0,18.7,16.5,12.7,8.7,4.5,2.2,45.5,47.0,47.9,13.1,0.5,74.2,17.9,23.9,80.6,,,OBAnorm,,LD831_01996v2.403,,,,0,0
GLBALSTL,2024-05-24 01:40:39.000,26.0,24.7,29.6,27.5,26.8,25.4,28.7,27.9,26.1,30.6,28.2,25.2,29.3,32.3,33.8,37.6,38.0,38.5,38.4,38.2,38.4,36.9,35.4,32.2,29.3,27.0,23.9,20.7,18.5,15.1,10.5,5.7,2.4,46.5,47.7,48.2,13.1,0.5,74.2,17.9,23.9,80.6,,,OBAnorm,,LD831_01996v2.403,,,,0,0
GLBALSTL,2024-05-24 01:40:40.000,25.3,26.3,29.1,30.3,28.2,27.5,27.5,28.1,27.6,27.9,28.4,24.9,28.8,32.8,33.7,35.1,35.9,37.5,37.3,37.2,36.7,36.3,34.4,31.8,28.5,25.7,23.2,19.9,17.7,13.1,8.6,4.9,2.0,45.5,46.8,48.7,13.1,0.4,74.2,17.9,23.9,80.6,,,OBAnorm,,LD831_01996v2.403,,,,0,0
GLBALSTL,2024-05-24 01:40:41.000,24.0,23.8,27.2,27.6,27.7,27.6,27.6,29.5,27.8,28.1,28.6,28.0,31.3,33.0,32.9,36.5,36.8,37.4,38.3,37.7,38.0,36.0,34.8,32.7,29.4,27.0,24.7,22.1,19.8,16.0,11.7,7.1,3.0,46.1,47.4,48.3,13.1,0.3,74.2,17.8,23.9,80.6,,,OBAnorm,,LD831_01996v2.403,,,,0,0
GLBALSTL,2024-05-24 01:40:42.000,20.8,28.8,28.6,27.4,27.3,26.8,29.3,27.9,26.5,29.8,29.5,29.5,30.8,33.1,33.4,35.1,36.2,37.3,36.9,36.0,36.2,34.7,32.9,30.1,26.9,24.0,22.0,18.9,15.2,11.1,6.7,3.7,1.6,44.6,46.3,47.0,13.1,0.3,74.2,17.9,23.9,80.6,,,OBAnorm,,LD831_01996v2.403,,,,0,0
GLBALSTL,2024-05-24 01:40:43.000,27.3,23.8,29.4,29.1,24.5,28.4,29.2,26.7,28.7,28.7,29.9,26.6,28.2,32.0,32.2,34.0,35.4,36.4,35.7,36.4,35.7,34.8,32.9,29.5,26.4,23.8,22.2,18.9,17.1,13.7,8.8,4.4,1.8,44.2,45.7,46.4,13.1,0.3,74.2,17.9,23.9,80.6,,,OBAnorm,,LD831_01996v2.403,,,,0,0
GLBALSTL,2024-05-24 01:40:44.000,25.5,27.0,29.7,30.9,27.9,28.5,25.7,25.6,27.7,27.2,30.2,28.4,31.8,32.9,35.1,35.5,36.3,37.4,37.5,37.2,36.6,35.3,33.4,30.5,27.4,24.4,24.0,18.4,15.3,11.7,8.0,4.9,2.0,45.3,46.8,47.4,13.1,0.3,74.2,17.9,23.9,80.6,,,OBAnorm,,LD831_01996v2.403,,,,0,0
GLBALSTL,2024-05-24 01:40:45.000,25.7,29.4,27.9,30.2,26.6,28.2,30.2,29.1,26.9,30.0,30.0,27.9,29.7,31.7,32.1,34.4,36.5,37.5,36.5,36.0,35.1,34.6,32.6,29.5,26.3,23.0,19.9,16.4,12.3,8.2,5.1,3.0,1.2,44.2,45.9,47.1,13.1,0.3,74.2,17.9,23.9,80.6,,,OBAnorm,,LD831_01996v2.403,,,,0,0
GLBALSTL,2024-05-24 01:40:46.000,21.2,23.8,29.4,28.8,27.5,26.2,28.4,25.6,29.2,27.6,27.5,27.7,29.8,32.0,32.9,34.1,35.0,35.0,35.7,35.2,34.6,33.4,31.7,29.3,25.9,22.8,20.1,18.2,14.7,11.3,8.1,4.5,1.5,43.5,45.3,47.9,13.1,0.3,74.2,17.9,23.9,80.6,,,OBAnorm,,LD831_01996v2.403,,,,0,0
GLBALSTL,2024-05-24 01:40:47.000,25.0,24.2,30.1,27.4,27.0,26.1,28.5,27.9,26.3,28.8,28.7,26.9,30.1,32.1,33.7,35.2,34.9,36.1,36.6,35.8,34.7,33.4,31.5,27.9,24.8,21.5,18.9,16.6,11.7,8.6,5.4,3.2,1.3,43.6,45.6,48.9,13.1,0.3,74.2,17.9,24.1,80.6,,,OBAnorm,,LD831_01996v2.403,,,,0,0
GLBALSTL,2024-05-24 01:40:48.000,22.7,24.8,31.7,29.0,28.9,27.3,29.5,29.9,27.1,28.8,29.1,27.1,28.8,32.0,32.6,34.5,34.8,36.0,35.2,35.5,35.8,34.3,32.3,28.9,26.1,23.4,20.9,18.2,13.1,9.1,6.1,3.4,1.2,43.9,45.5,46.5,13.1,0.3,74.3,17.8,26.6,81.0,,,OBAnorm,,LD831_01996v2.403,,,,0,0
GLBALSTL,2024-05-24 01:40:49.000,20.2,30.5,30.4,26.9,27.9,27.9,27.8,27.0,25.2,28.2,29.2,27.7,29.2,31.8,33.1,34.5,35.9,35.8,36.5,36.3,36.5,34.4,32.6,29.7,26.5,23.8,21.1,21.4,15.3,8.9,5.2,3.1,1.2,44.4,45.9,46.7,13.1,0.3,74.2,17.9,27.9,81.3,,,OBAnorm,,LD831_01996v2.403,,,,0,0
GLBALSTL,2024-05-24 01:40:50.000,23.8,27.7,23.7,30.7,26.2,26.3,28.0,28.2,27.0,28.6,28.6,27.0,30.8,32.6,33.5,34.4,36.3,37.3,36.9,36.5,36.7,35.1,33.3,30.1,26.9,23.6,21.1,19.1,14.6,9.7,6.2,3.5,1.3,44.8,46.3,48.5,13.1,0.2,74.2,17.7,25.1,80.8,,,OBAnorm,,LD831_01996v2.403,,,,0,0
GLBALSTL,2024-05-24 01:40:51.000,27.5,22.4,29.1,29.0,23.5,26.3,29.4,27.5,27.5,29.0,27.6,27.3,31.5,34.1,33.7,35.9,36.4,37.0,36.6,35.9,35.9,34.7,33.1,30.1,27.4,23.7,20.6,17.8,14.2,10.2,6.6,3.7,1.5,44.5,46.4,48.0,13.1,0.0,74.2,17.9,23.4,80.5,,,OBAnorm,,LD831_01996v2.403,,,,0,0
GLBALSTL,2024-05-24 01:40:52.000,22.7,27.0,28.2,28.0,29.8,26.5,28.6,26.3,28.0,29.1,29.4,28.4,31.3,35.0,34.2,35.0,35.8,35.8,36.1,36.0,35.7,33.9,32.4,29.9,27.2,24.3,21.7,19.1,17.0,12.3,7.9,4.3,1.6,44.1,45.9,46.6,13.1,0.0,74.2,17.8,23.1,80.4,,,OBAnorm,,LD831_01996v2.403,,,,0,0
GLBALSTL,2024-05-24 01:40:53.000,19.5,25.5,26.5,26.3,27.0,25.7,29.7,28.6,25.7,27.4,29.0,27.5,29.2,32.6,32.7,34.6,36.0,35.4,35.7,35.4,35.5,34.7,33.0,29.8,26.5,24.4,21.8,18.1,15.9,11.4,8.1,4.5,1.7,44.0,45.6,46.3,13.1,0.0,74.2,17.9,23.0,80.4,,,OBAnorm,,LD831_01996v2.403,,,,0,0
GLBALSTL,2024-05-24 01:40:54.000,25.8,29.5,26.8,28.0,25.0,28.0,28.1,30.9,26.5,27.9,29.1,27.0,26.8,31.3,32.6,34.3,34.9,35.3,35.3,35.5,34.3,33.1,31.5,28.6,25.5,22.7,20.6,17.8,14.8,9.4,6.1,3.3,1.3,43.2,44.9,45.6,13.1,0.0,74.2,17.9,23.1,80.4,,,OBAnorm,,LD831_01996v2.403,,,,0,0
GLBALSTL,2024-05-24 01:40:55.000,24.8,28.5,29.3,26.1,26.8,27.4,29.3,28.8,27.1,26.0,28.6,25.7,28.5,31.4,31.9,34.2,35.3,36.1,35.9,35.0,34.7,33.6,31.8,29.0,26.4,23.0,20.1,17.0,14.9,11.2,7.4,4.3,1.7,43.5,45.4,46.0,13.1,0.0,74.2,17.9,23.1,80.4,,,OBAnorm,,LD831_01996v2.403,,,,0,0
GLBALSTL,2024-05-24 01:40:56.000,23.9,26.2,27.4,27.6,26.6,29.9,28.6,28.8,28.8,28.7,28.4,25.6,27.9,32.2,32.0,35.1,36.9,36.5,36.2,35.8,35.5,33.8,32.0,29.2,26.3,23.2,20.2,17.6,14.2,9.5,6.1,3.3,1.3,44.1,45.7,46.3,13.1,0.0,74.2,17.8,23.1,80.4,,,OBAnorm,,LD831_01996v2.403,,,,0,0
GLBALSTL,2024-05-24 01:40:57.000,25.3,29.0,27.0,28.7,27.5,27.8,30.1,26.4,29.0,27.8,29.1,26.1,27.5,31.8,33.1,33.3,35.0,35.0,34.9,34.4,35.0,33.1,31.3,28.3,25.5,22.1,19.9,16.2,12.9,8.5,5.5,3.1,1.2,42.9,44.8,45.7,13.1,0.1,74.3,17.8,23.2,80.4,,,OBAnorm,,LD831_01996v2.403,,,,0,0
GLBALSTL,2024-05-24 01:40:58.000,23.6,26.7,28.5,29.6,25.2,27.2,29.4,26.2,28.2,26.9,29.7,26.2,30.9,31.4,32.0,33.9,34.5,35.9,35.4,35.3,35.3,33.7,32.0,28.8,25.7,22.1,18.9,15.9,12.2,8.8,5.3,3.2,1.2,43.6,45.3,45.8,13.1,0.2,74.3,17.9,23.2,80.4,,,OBAnorm,,LD831_01996v2.403,,,,0,0
GLBALSTL,2024-05-24 01:40:59.000,24.8,26.7,26.7,28.6,27.0,27.8,29.1,28.9,27.5,26.8,26.5,25.4,29.7,30.8,33.6,34.3,37.2,37.9,37.1,35.6,36.0,35.6,33.2,30.1,27.2,23.9,20.9,18.3,13.4,8.4,5.0,2.9,1.3,44.9,46.3,47.0,13.1,0.2,74.2,17.9,23.3,80.5,,,OBAnorm,,LD831_01996v2.403,,,,0,0
GLBALSTL,2024-05-24 01:41:00.000,25.2,25.6,27.9,29.6,28.1,26.5,27.4,26.5,26.0,27.1,26.8,28.0,26.9,31.7,31.9,34.4,35.2,36.3,36.5,36.0,36.2,34.2,32.2,30.2,26.4,24.1,21.6,18.2,14.7,10.2,6.7,3.9,1.5,44.1,45.5,46.1,13.1,0.2,74.2,17.9,23.4,80.5,,,OBAnorm,,LD831_01996v2.403,,,,0,0
GLBALSTL,2024-05-24 01:41:01.000,24.8,27.3,28.9,23.8,24.4,26.2,29.5,28.3,27.1,27.3,28.1,25.3,27.5,32.4,33.8,36.1,36.3,37.9,37.5,36.7,36.5,35.6,33.9,30.6,28.0,25.2,22.2,19.0,15.3,10.6,6.8,3.6,1.3,45.4,46.9,47.4,13.1,0.3,74.2,17.9,23.5,80.5,,,OBAnorm,,LD831_01996v2.403,,,,0,0
GLBALSTL,2024-05-24 01:41:02.000,27.5,30.5,28.5,28.4,27.8,28.2,29.7,26.7,26.4,27.7,28.3,28.5,28.1,32.2,33.0,35.4,36.8,36.9,36.4,37.0,36.4,35.3,33.9,30.9,28.4,25.4,22.8,19.3,15.9,12.3,8.7,4.9,1.9,45.0,46.4,47.0,13.1,0.3,74.2,17.8,23.7,80.5,,,OBAnorm,,LD831_01996v2.403,,,,0,0
GLBALSTL,2024-05-24 01:41:03.000,21.9,26.5,29.8,28.8,28.3,30.7,29.4,27.1,27.2,26.5,26.4,27.3,30.4,32.5,33.0,35.8,37.4,37.6,38.4,36.6,36.4,35.7,33.8,30.6,27.7,24.6,21.9,19.0,15.0,10.5,7.1,4.0,1.5,45.5,47.0,49.1,13.1,0.4,74.2,17.9,23.8,80.5,,,OBAnorm,,LD831_01996v2.403,,,,0,0
GLBALSTL,2024-05-24 01:41:04.000,22.9,23.9,32.5,27.6,27.4,27.2,28.9,29.4,26.4,27.1,28.0,29.8,33.3,33.4,34.1,37.5,36.9,37.2,37.0,36.3,35.7,34.6,32.4,29.7,26.7,23.4,20.5,17.2,13.0,9.5,6.0,3.3,1.2,44.5,46.5,53.0,13.1,0.7,74.3,17.9,23.9,80.6,,,OBAnorm,,LD831_01996v2.403,,,,0,0
GLBALSTL,2024-05-24 01:41:05.000,23.4,32.0,28.5,29.0,27.8,25.9,30.5,27.8,27.1,26.2,27.6,26.2,29.3,32.6,33.1,36.8,36.7,36.4,36.5,35.6,35.4,33.8,32.3,29.5,26.5,23.6,20.6,17.7,15.0,10.7,7.6,4.0,1.5,44.3,46.2,54.1,13.1,0.9,74.3,17.8,24.0,80.6,,,OBAnorm,,LD831_01996v2.403,,,,0,0
GLBALSTL,2024-05-24 01:41:06.000,24.0,28.5,30.0,27.9,29.8,26.0,26.6,27.8,27.3,28.8,26.5,30.7,30.3,34.0,33.9,36.1,37.2,38.0,37.4,36.7,36.1,36.1,33.2,30.8,27.6,24.6,21.1,18.9,15.1,11.1,6.8,3.7,1.5,45.3,47.0,49.8,13.1,0.9,74.2,17.9,23.9,80.6,,,OBAnorm,,LD831_01996v2.403,,,,0,0
GLBALSTL,2024-05-24 01:41:07.000,33.0,25.3,27.2,29.6,28.3,26.8,27.2,28.3,26.7,31.5,29.8,34.2,31.8,30.8,33.1,34.4,35.6,35.9,35.8,35.4,35.2,33.2,31.3,28.3,25.4,22.2,20.0,17.3,13.3,9.9,6.6,3.5,1.3,43.4,45.5,46.0,13.1,0.9,74.2,17.9,24.0,80.6,,,OBAnorm,,LD831_01996v2.403,,,,0,0
GLBALSTL,2024-05-24 01:41:08.000,23.5,27.9,26.6,27.7,28.4,30.0,27.6,28.0,28.6,27.3,26.9,27.3,29.2,31.6,32.7,35.0,36.7,37.3,37.1,36.6,35.7,35.4,33.1,30.5,27.3,24.5,21.9,19.3,15.0,10.3,6.9,3.8,1.4,45.0,46.5,47.2,13.1,0.9,74.2,17.9,24.2,80.6,,,OBAnorm,,LD831_01996v2.403,,,,0,0
GLBALSTL,2024-05-24 01:41:09.000,21.9,22.8,27.9,27.1,25.4,29.4,30.3,27.1,26.8,27.8,28.5,32.0,33.0,33.7,33.6,36.8,38.5,37.6,37.4,37.4,36.6,36.6,34.5,31.6,28.0,25.2,22.0,18.9,16.2,12.0,8.1,4.2,1.6,45.6,47.2,47.5,13.1,0.8,74.2,17.9,24.4,80.7,,,OBAnorm,,LD831_01996v2.403,,,,0,0
GLBALSTL,2024-05-24 01:41:10.000,22.8,27.5,29.7,24.6,26.9,27.7,28.3,27.3,26.2,27.3,26.4,27.2,30.2,31.9,33.4,35.4,35.3,36.8,35.9,35.8,35.1,34.6,32.4,29.8,26.7,24.4,23.3,19.7,16.9,12.7,8.8,5.0,2.1,44.1,45.8,46.3,13.1,0.8,74.2,17.9,24.4,80.7,,,OBAnorm,,LD831_01996v2.403,,,,0,0
GLBALSTL,2024-05-24 01:41:11.000,23.3,27.4,27.2,29.8,29.5,28.3,28.2,29.3,28.1,26.7,27.7,28.0,27.9,31.7,33.5,34.7,36.2,36.3,37.0,36.2,35.8,34.6,32.8,29.7,26.9,24.3,22.3,19.3,15.7,11.9,7.7,4.6,1.6,44.5,46.0,46.6,13.1,0.8,74.2,17.9,24.5,80.7,,,OBAnorm,,LD831_01996v2.403,,,,0,0
GLBALSTL,2024-05-24 01:41:12.000,21.9,26.6,27.7,28.2,26.3,29.4,28.1,27.0,30.3,27.8,25.8,31.1,32.7,33.8,33.9,35.1,36.2,36.3,35.7,36.4,35.7,34.8,32.3,28.7,26.3,23.5,20.7,18.4,14.8,10.3,6.6,3.7,1.5,44.2,46.1,46.6,13.1,0.8,74.2,17.8,24.7,80.7,,,OBAnorm,,LD831_01996v2.403,,,,0,0
GLBALSTL,2024-05-24 01:41:13.000,24.0,26.6,27.7,26.5,26.1,27.8,28.0,25.4,28.8,27.5,26.8,27.1,30.2,31.6,33.6,35.4,36.3,36.5,37.0,36.6,36.1,34.2,33.0,30.0,27.0,24.7,22.2,19.5,16.8,13.2,8.5,4.8,2.0,44.6,46.3,46.7,13.1,0.7,74.3,17.9,25.2,80.8,,,OBAnorm,,LD831_01996v2.403,,,,0,0
GLBALSTL,2024-05-24 01:41:14.000,24.2,22.9,26.0,25.5,25.0,28.8,30.7,28.1,29.1,27.8,29.9,29.2,29.7,33.9,33.5,34.4,35.7,36.5,37.8,38.0,36.5,36.0,33.8,31.3,29.4,26.7,24.6,21.8,19.0,14.8,10.6,6.7,2.8,45.5,46.8,47.4,13.1,0.7,74.3,17.9,25.3,80.8,,,OBAnorm,,LD831_01996v2.403,,,,0,0
GLBALSTL,2024-05-24 01:41:15.000,25.8,28.7,27.2,29.1,24.9,30.1,27.6,26.6,27.9,29.7,27.3,28.3,33.3,32.0,34.3,36.2,36.7,37.3,37.3,36.7,36.4,35.1,33.0,30.1,27.3,24.8,22.7,20.2,17.3,13.0,9.0,4.7,1.9,45.0,46.8,47.3,13.1,0.8,74.2,17.9,24.6,80.7,,,OBAnorm,,LD831_01996v2.403,,,,0,0
GLBALSTL,2024-05-24 01:41:16.000,20.7,27.4,30.5,27.4,25.8,28.1,28.1,27.7,27.3,29.2,31.6,33.4,28.9,32.5,33.6,36.0,36.0,36.4,36.8,36.8,36.0,35.3,33.5,30.5,28.3,25.8,22.7,20.2,16.4,12.3,8.0,4.8,2.0,44.8,46.3,46.7,13.1,0.8,74.2,17.9,24.2,80.6,,,OBAnorm,,LD831_01996v2.403,,,,0,0
GLBALSTL,2024-05-24 01:41:17.000,23.8,29.1,27.4,29.9,28.6,24.5,27.7,28.5,27.6,29.8,28.8,26.2,28.7,32.1,33.2,35.2,35.4,36.7,36.5,35.5,36.1,34.1,32.2,29.8,27.5,24.8,21.4,18.6,14.7,10.7,7.4,3.9,1.5,44.2,45.9,46.3,13.1,0.8,74.2,17.9,24.2,80.6,,,OBAnorm,,LD831_01996v2.403,,,,0,0
GLBALSTL,2024-05-24 01:41:18.000,22.2,26.7,28.4,26.7,24.8,27.5,29.3,27.9,26.9,28.2,29.9,29.4,30.7,33.0,33.7,34.7,35.2,36.1,36.3,36.3,35.2,34.8,33.2,30.7,27.4,24.6,22.4,20.1,19.0,14.2,8.8,4.9,1.7,44.4,46.0,46.6,13.1,0.8,74.2,17.9,24.2,80.6,,,OBAnorm,,LD831_01996v2.403,,,,0,0
GLBALSTL,2024-05-24 01:41:19.000,25.4,24.6,27.1,26.2,29.9,26.0,30.4,26.7,28.2,30.5,30.0,25.2,28.3,32.0,33.2,34.9,36.0,35.9,36.3,36.8,34.9,34.1,32.2,28.9,26.5,23.8,21.1,18.7,14.7,10.1,6.6,3.3,1.3,44.1,45.9,46.5,13.1,0.8,74.2,17.9,24.2,80.6,,,OBAnorm,,LD831_01996v2.403,,,,0,0
GLBALSTL,2024-05-24 01:41:20.000,21.4,27.4,25.7,28.2,26.9,26.3,28.3,27.3,27.1,30.5,30.6,27.0,26.8,29.8,33.0,34.8,35.8,36.4,36.1,35.7,35.6,34.9,32.2,29.4,27.5,26.0,24.2,20.4,18.1,13.4,9.8,5.4,2.1,44.2,45.7,46.3,13.1,0.8,74.3,17.9,24.2,80.0,,,OBAnorm,,LD831_01996v2.403,,,,0,0
GLBALSTL,2024-05-24 01:41:21.000,21.6,29.1,27.0,26.1,26.3,30.3,29.4,26.9,27.0,28.4,30.5,25.7,29.4,32.5,34.2,35.0,36.1,36.8,36.6,36.9,36.6,35.5,34.0,30.9,27.6,25.3,23.7,20.9,19.0,13.8,9.8,5.5,2.2,45.3,46.7,47.0,13.1,0.8,74.2,17.9,24.2,80.0,,,OBAnorm,,LD831_01996v2.403,,,,0,0
GLBALSTL,2024-05-24 01:41:22.000,18.6,27.7,29.6,29.5,26.6,29.6,26.8,27.2,29.4,32.2,34.3,31.3,34.2,33.1,34.2,35.4,37.4,37.1,38.4,39.2,38.2,37.2,35.8,33.1,30.5,28.9,27.1,23.5,21.1,17.0,12.5,7.5,3.5,46.8,48.1,48.5,13.1,0.7,74.2,17.8,24.2,80.0,,,OBAnorm,,LD831_01996v2.403,,,,0,0
GLBALSTL,2024-05-24 01:41:23.000,20.3,23.1,28.1,26.2,25.1,25.7,29.6,27.8,28.9,30.5,30.9,29.3,33.3,33.1,34.8,35.1,36.0,36.6,37.1,35.9,35.9,35.4,33.1,30.9,27.8,25.3,23.2,20.5,18.1,13.9,9.7,5.5,2.4,44.6,46.5,46.9,13.1,0.7,74.2,17.9,24.2,80.0,,,OBAnorm,,LD831_01996v2.403,,,,0,0
GLBALSTL,2024-05-24 01:41:24.000,22.5,25.7,33.1,30.0,30.0,23.7,29.8,29.4,30.2,30.6,31.9,28.8,28.6,31.7,33.7,35.1,36.2,36.9,37.1,36.6,36.4,34.9,33.5,30.9,28.2,25.4,23.7,22.3,18.2,14.7,10.1,5.5,2.0,45.0,46.6,47.0,13.1,0.6,74.2,17.8,24.2,80.0,,,OBAnorm,,LD831_01996v2.403,,,,0,0
GLBALSTL,2024-05-24 01:41:25.000,25.3,23.3,29.4,28.7,25.9,26.8,29.8,31.3,29.4,31.4,31.8,27.5,30.1,31.8,33.0,35.6,37.0,37.5,37.3,37.8,35.4,35.2,33.4,31.1,28.0,25.4,23.1,20.7,17.2,13.7,8.9,4.9,2.1,45.1,46.8,47.1,13.1,0.6,74.2,17.8,24.2,80.0,,,OBAnorm,,LD831_01996v2.403,,,,0,0
GLBALSTL,2024-05-24 01:41:26.000,22.4,26.8,26.0,28.9,25.4,29.7,29.2,30.2,30.7,31.3,30.7,27.7,28.3,31.6,32.2,34.6,35.6,37.0,35.8,35.9,35.7,34.4,32.1,29.1,26.4,23.1,20.7,18.2,15.2,11.4,7.0,4.5,1.7,44.1,45.9,46.4,13.1,0.5,74.2,17.8,24.2,80.0,,,OBAnorm,,LD831_01996v2.403,,,,0,0
GLBALSTL,2024-05-24 01:41:27.000,25.5,27.5,27.8,28.1,27.1,23.6,28.3,29.5,28.9,30.8,30.2,29.4,30.1,31.8,34.7,35.1,36.1,37.3,36.6,36.5,36.0,34.9,32.6,29.7,27.1,23.7,20.8,18.3,14.0,9.6,6.0,3.6,1.4,44.7,46.5,46.9,13.1,0.5,74.2,17.9,24.2,80.0,,,OBAnorm,,LD831_01996v2.403,,,,0,0
GLBALSTL,2024-05-24 01:41:28.000,20.9,27.1,30.3,27.8,28.0,26.2,26.2,29.6,28.1,31.6,30.5,32.4,30.7,32.3,33.0,34.6,36.3,37.4,37.0,36.8,35.9,34.6,32.8,30.6,27.2,24.5,22.4,19.9,16.0,12.4,7.9,4.3,1.6,44.8,46.7,47.2,13.1,0.5,74.3,17.9,24.2,80.0,,,OBAnorm,,LD831_01996v2.403,,,,0,0
GLBALSTL,2024-05-24 01:41:29.000,26.5,23.7,26.7,27.7,27.2,29.7,29.4,30.2,27.1,31.0,30.8,32.9,29.4,31.8,34.4,34.5,35.7,37.0,36.4,36.5,36.1,33.3,32.9,31.5,28.8,24.8,21.8,19.2,17.1,12.0,8.5,4.5,1.9,44.6,46.4,47.0,13.1,0.5,74.2,17.9,24.3,80.1,,,OBAnorm,,LD831_01996v2.403,,,,0,0
GLBALSTL,2024-05-24 01:41:30.000,23.9,29.4,30.5,28.2,28.7,29.6,28.7,28.1,30.9,32.0,31.9,30.1,29.2,30.9,33.9,36.7,38.8,38.9,38.9,37.7,37.2,36.6,34.8,32.0,28.6,25.7,22.6,20.3,17.1,13.1,8.9,4.5,1.8,46.4,48.0,48.5,13.1,0.4,74.2,17.8,24.3,80.1,,,OBAnorm,,LD831_01996v2.403,,,,0,0
GLBALSTL,2024-05-24 01:41:31.000,20.0,25.5,28.5,26.3,28.2,29.8,31.4,30.2,28.9,30.3,31.6,29.9,31.1,33.7,32.4,35.9,36.2,37.7,36.9,37.6,37.1,35.9,33.4,30.7,28.1,25.0,22.8,20.4,15.4,11.1,7.3,3.9,1.6,45.2,46.8,47.4,13.1,0.4,74.2,17.9,24.2,80.0,,,OBAnorm,,LD831_01996v2.403,,,,0,0
GLBALSTL,2024-05-24 01:41:32.000,28.7,31.2,29.5,29.1,23.6,28.7,29.6,32.1,31.4,31.9,32.4,29.4,30.6,33.1,32.1,35.3,37.4,38.4,37.9,37.8,36.1,35.4,33.6,30.2,27.7,24.8,22.7,19.2,15.2,13.1,9.7,5.3,1.9,45.5,47.2,47.6,13.1,0.4,74.2,17.9,24.3,80.1,,,OBAnorm,,LD831_01996v2.403,,,,0,0
GLBALSTL,2024-05-24 01:41:33.000,26.9,27.7,31.1,26.4,25.5,29.6,29.5,29.9,29.2,31.4,30.3,29.0,29.8,33.0,34.7,37.0,38.6,39.1,38.3,38.0,37.0,36.1,34.8,31.4,27.9,24.7,22.1,19.6,16.5,11.5,6.9,4.0,1.7,46.2,47.8,48.1,13.1,0.3,74.3,17.8,24.3,80.1,,,OBAnorm,,LD831_01996v2.403,,,,0,0
GLBALSTL,2024-05-24 01:41:34.000,25.5,27.3,29.6,27.3,24.5,27.0,31.3,30.5,30.0,32.8,31.1,27.8,28.9,31.1,33.7,35.7,37.0,37.7,36.7,36.1,35.5,35.4,32.6,30.2,27.2,23.9,20.7,17.1,12.5,9.2,5.5,3.1,1.3,44.7,46.6,47.2,13.1,0.3,74.3,17.9,24.3,80.1,,,OBAnorm,,LD831_01996v2.403,,,,0,0
GLBALSTL,2024-05-24 01:41:35.000,24.0,27.2,30.6,26.8,26.3,29.6,31.2,29.6,30.7,32.3,32.0,29.0,30.3,32.1,34.3,36.5,37.3,37.4,36.9,36.2,35.4,34.5,32.6,29.0,26.3,23.6,21.4,18.5,14.9,10.3,6.4,3.5,1.5,44.6,46.7,47.4,13.1,0.3,74.3,17.8,24.1,80.6,,,OBAnorm,,LD831_01996v2.403,,,,0,0
GLBALSTL,2024-05-24 01:41:36.000,27.8,29.1,25.2,28.0,28.7,29.9,29.5,29.2,28.8,32.1,31.3,26.9,29.6,31.6,33.8,37.5,37.7,38.7,38.2,37.5,36.6,35.5,34.1,31.0,28.4,25.7,23.9,21.7,17.6,13.2,8.6,4.7,2.0,45.8,47.4,48.2,13.1,0.3,74.2,17.9,24.1,80.6,,,OBAnorm,,LD831_01996v2.403,,,,0,0
GLBALSTL,2024-05-24 01:41:37.000,23.6,29.0,28.0,27.7,27.5,29.2,29.0,30.3,29.1,30.8,31.6,29.6,30.0,31.9,33.3,35.4,37.2,37.4,36.9,37.2,37.7,35.7,34.4,31.7,29.2,27.2,25.2,21.4,19.6,15.3,10.6,5.9,2.6,45.6,47.1,47.6,13.1,0.3,74.2,17.8,24.2,80.6,,,OBAnorm,,LD831_01996v2.403,,,,0,0
GLBALSTL,2024-05-24 01:41:38.000,26.0,30.0,27.5,29.0,27.6,29.7,29.4,30.7,30.6,31.8,33.0,26.9,28.6,31.1,32.5,35.1,36.1,36.2,35.9,35.8,35.2,34.0,32.7,29.7,26.1,23.5,20.5,18.1,14.3,10.1,6.3,3.8,1.4,44.1,46.1,46.6,13.1,0.3,74.2,17.8,24.2,80.6,,,OBAnorm,,LD831_01996v2.403,,,,0,0
GLBALSTL,2024-05-24 01:41:39.000,21.6,24.2,28.7,29.6,27.8,30.0,29.4,31.1,32.0,33.3,31.7,29.0,30.0,34.0,33.1,36.5,36.2,36.7,36.9,37.1,36.6,35.9,34.1,31.3,27.6,25.1,22.4,20.1,16.3,12.1,8.4,4.6,1.8,45.2,47.0,47.3,13.1,0.3,74.3,17.9,24.2,80.6,,,OBAnorm,,LD831_01996v2.403,,,,0,0
GLBALSTL,2024-05-24 01:41:40.000,22.5,29.8,28.3,28.1,26.2,27.9,29.9,28.2,28.6,31.8,32.7,27.7,31.0,34.2,35.3,36.0,35.6,36.9,36.4,36.4,36.0,35.9,34.0,31.4,28.0,25.7,24.4,22.0,19.2,15.3,11.0,5.8,2.4,45.0,46.9,47.4,13.1,0.2,74.2,17.9,24.2,80.6,,,OBAnorm,,LD831_01996v2.403,,,,0,0
GLBALSTL,2024-05-24 01:41:41.000,24.3,27.1,30.1,28.1,29.5,29.5,30.4,29.5,29.0,30.7,31.8,28.1,29.5,30.9,33.7,35.9,36.1,36.3,36.9,36.9,35.8,34.8,33.1,30.1,26.9,24.2,22.5,20.4,15.4,11.5,7.3,4.2,1.6,44.7,46.5,46.9,13.1,0.2,74.2,17.9,24.2,80.6,,,OBAnorm,,LD831_01996v2.403,,,,0,0
GLBALSTL,2024-05-24 01:41:42.000,19.9,28.4,26.0,28.6,28.6,28.9,30.0,29.9,30.7,32.5,32.3,29.8,30.8,32.5,33.6,36.7,37.7,37.6,38.0,37.6,36.9,36.4,33.8,31.3,28.6,25.8,22.8,18.6,15.1,11.4,7.5,4.2,1.7,45.7,47.4,47.7,13.1,0.2,74.2,17.9,24.2,80.6,,,OBAnorm,,LD831_01996v2.403,,,,0,0
GLBALSTL,2024-05-24 01:41:43.000,23.3,24.3,26.6,29.6,27.3,26.9,28.7,29.5,29.0,32.3,33.4,28.3,29.8,32.2,35.3,36.1,37.4,37.5,37.4,36.8,36.8,35.9,33.9,31.4,27.9,25.5,22.9,19.8,16.3,12.2,7.5,4.4,1.6,45.4,47.3,47.8,13.1,0.2,74.2,17.9,24.2,80.6,,,OBAnorm,,LD831_01996v2.403,,,,0,0
GLBALSTL,2024-05-24 01:41:44.000,24.1,26.4,28.0,28.5,27.5,29.4,28.6,29.1,31.7,31.6,33.1,29.6,30.8,32.0,33.4,36.3,36.6,38.1,37.9,38.4,37.3,35.4,34.5,31.5,28.7,26.4,22.7,20.4,17.0,12.5,7.9,4.4,1.6,45.9,47.3,47.8,13.1,0.2,74.2,17.9,24.2,80.6,,,OBAnorm,,LD831_01996v2.403,,,,0,0
GLBALSTL,2024-05-24 01:41:45.000,25.4,27.2,27.2,28.3,25.8,28.7,28.4,29.7,30.4,31.4,30.6,28.2,31.6,32.7,34.1,36.4,37.9,39.0,38.6,37.8,37.7,37.2,35.1,32.0,29.2,27.0,24.1,21.3,18.7,15.2,9.7,5.3,2.0,46.6,47.9,48.4,13.1,0.2,74.2,17.9,24.2,80.6,,,OBAnorm,,LD831_01996v2.403,,,,0,0
GLBALSTL,2024-05-24 01:41:46.000,23.7,29.9,28.6,26.6,27.8,28.2,28.6,27.9,28.2,31.5,31.0,29.3,32.3,31.6,35.2,35.6,37.0,37.3,37.0,37.3,36.9,36.3,34.6,31.6,28.6,26.0,23.9,20.2,17.7,13.6,8.9,5.4,2.3,45.5,47.1,47.6,13.1,0.2,74.2,17.8,24.2,80.6,,,OBAnorm,,LD831_01996v2.403,,,,0,0
GLBALSTL,2024-05-24 01:41:47.000,22.2,25.2,29.5,32.1,25.5,28.8,30.5,29.6,28.7,30.4,30.9,26.8,27.7,32.9,33.9,36.1,36.8,37.3,37.7,37.2,37.2,36.0,33.5,30.9,27.2,24.7,21.8,18.8,15.5,11.2,7.5,4.3,1.5,45.4,47.0,47.4,13.1,0.2,74.2,17.9,24.2,80.6,,,OBAnorm,,LD831_01996v2.403,,,,0,0
GLBALSTL,2024-05-24 01:41:48.000,24.9,25.3,27.2,28.2,28.8,30.2,28.6,26.6,30.2,28.9,29.8,28.0,31.4,33.3,34.8,37.2,38.0,39.3,39.0,38.2,37.7,37.0,34.7,32.1,29.1,26.8,24.3,20.8,18.8,14.9,10.3,5.8,2.3,46.7,48.1,48.6,13.1,0.2,74.2,17.9,24.3,80.6,,,OBAnorm,,LD831_01996v2.403,,,,0,0
GLBALSTL,2024-05-24 01:41:49.000,23.0,26.7,26.6,30.0,27.0,26.5,27.0,26.8,27.1,29.9,30.4,27.3,29.8,31.4,33.3,35.0,36.1,37.0,37.3,36.7,36.4,35.9,33.5,30.9,28.0,25.5,23.3,20.0,17.2,13.5,9.1,4.8,1.9,45.1,46.4,46.8,13.1,0.2,74.2,17.9,24.3,80.6,,,OBAnorm,,LD831_01996v2.403,,,,0,0
GLBALSTL,2024-05-24 01:41:50.000,23.5,26.9,30.7,30.6,27.9,28.7,31.4,28.4,25.8,29.1,28.1,26.2,26.8,28.5,30.9,34.0,36.4,36.2,36.7,35.0,35.4,34.5,32.1,29.6,27.1,24.4,21.9,18.5,15.6,11.9,9.1,4.8,2.3,44.0,45.5,46.2,13.1,0.2,74.2,17.9,24.3,80.6,,,OBAnorm,,LD831_01996v2.403,,,,0,0
GLBALSTL,2024-05-24 01:41:51.000,21.2,24.5,30.4,25.9,25.4,26.8,28.2,28.3,28.8,29.6,29.6,31.7,33.4,36.0,35.2,36.1,37.4,37.0,36.6,36.6,35.8,35.5,34.8,31.5,28.1,25.2,23.5,20.5,17.9,14.2,10.0,5.9,2.4,45.3,47.2,47.6,13.1,0.2,74.2,17.9,24.3,80.6,,,OBAnorm,,LD831_01996v2.403,,,,0,0
GLBALSTL,2024-05-24 01:41:52.000,21.4,25.2,30.0,27.6,27.4,26.4,30.7,29.4,24.9,29.1,27.0,29.4,31.8,33.2,33.6,35.4,37.5,37.0,36.4,36.0,35.7,34.5,33.0,30.4,27.2,24.7,22.5,20.1,16.4,11.8,7.7,4.1,1.7,44.7,46.4,46.9,13.1,0.2,74.2,17.9,24.3,80.6,,,OBAnorm,,LD831_01996v2.403,,,,0,0
GLBALSTL,2024-05-24 01:41:53.000,20.2,25.9,27.6,29.4,24.3,27.0,29.8,28.5,26.7,28.7,28.0,25.8,29.5,34.0,32.8,34.6,35.7,37.2,36.5,36.4,36.5,35.8,34.7,32.0,29.8,26.9,25.1,21.8,19.6,15.8,11.3,6.5,3.1,45.2,46.5,47.1,13.1,0.2,74.3,17.9,24.3,80.6,,,OBAnorm,,LD831_01996v2.403,,,,0,0
GLBALSTL,2024-05-24 01:41:54.000,28.0,28.4,31.1,26.3,26.2,30.1,28.3,28.8,26.5,28.4,27.7,26.8,28.2,30.4,32.5,35.0,35.2,35.3,36.1,36.0,35.5,34.1,32.5,29.4,26.9,24.5,23.0,20.4,18.1,12.9,8.6,4.6,1.9,44.0,45.5,47.3,13.1,0.3,74.3,17.9,24.3,80.6,,,OBAnorm,,LD831_01996v2.403,,,,0,0
GLBALSTL,2024-05-24 01:41:55.000,24.4,29.2,23.2,29.1,24.3,28.5,28.6,30.4,27.8,27.1,27.3,23.7,29.3,30.8,32.3,34.1,35.1,36.1,36.1,35.8,35.7,34.2,32.3,29.8,27.2,24.0,22.3,19.7,16.4,12.1,7.6,4.2,1.7,44.1,45.6,46.8,13.1,0.3,74.2,17.8,24.3,80.6,,,OBAnorm,,LD831_01996v2.403,,,,0,0
GLBALSTL,2024-05-24 01:41:56.000,21.8,25.5,29.3,28.9,26.4,28.1,26.6,27.5,25.5,28.1,27.5,25.9,32.0,35.0,35.6,36.3,36.6,37.5,37.7,37.7,37.9,36.8,35.3,33.0,29.6,27.9,26.2,23.3,21.6,17.4,13.1,7.7,3.5,46.3,47.6,48.0,13.1,0.3,74.3,17.9,24.3,80.6,,,OBAnorm,,LD831_01996v2.403,,,,0,0
GLBALSTL,2024-05-24 01:41:57.000,24.1,26.1,26.6,27.8,24.7,28.1,27.4,26.0,27.6,29.0,28.6,27.8,30.7,32.8,33.4,35.2,36.1,36.5,36.8,36.5,36.7,35.2,33.6,31.7,29.1,26.7,24.0,22.1,19.1,14.4,10.0,5.5,2.2,45.0,46.4,46.9,13.1,0.4,74.3,17.8,24.4,80.7,,,OBAnorm,,LD831_01996v2.403,,,,0,0
GLBALSTL,2024-05-24 01:41:58.000,26.1,30.6,27.4,30.8,26.9,26.6,30.3,29.1,25.1,27.2,26.9,24.0,30.8,33.3,34.1,35.7,36.4,36.9,36.2,36.8,36.7,35.2,33.5,31.1,27.6,25.4,23.5,20.1,17.3,14.0,9.5,5.2,2.1,45.0,46.6,47.2,13.1,0.4,74.2,17.9,24.4,80.7,,,OBAnorm,,LD831_01996v2.403,,,,0,0
GLBALSTL,2024-05-24 01:41:59.000,25.7,28.0,29.8,27.9,25.4,28.7,28.1,30.1,26.5,30.5,28.0,31.8,32.7,32.4,33.2,35.6,36.2,36.8,37.6,36.5,35.7,34.7,33.0,30.3,27.5,24.8,22.0,19.5,15.9,11.8,8.0,4.3,1.8,44.7,46.5,47.8,13.1,0.5,74.2,17.9,24.4,80.7,,,OBAnorm,,LD831_01996v2.403,,,,0,0
GLBALSTL,2024-05-24 01:42:00.000,22.1,25.4,26.2,29.5,26.5,27.6,28.5,28.4,29.7,29.2,27.9,25.6,29.1,32.9,35.4,35.1,37.2,37.0,37.4,36.1,36.3,35.7,34.1,30.9,28.4,29.1,26.6,21.2,19.1,14.9,10.7,6.1,2.8,45.3,46.7,48.0,13.1,0.5,74.2,17.9,24.4,80.7,,,OBAnorm,,LD831_01996v2.403,,,,0,0
GLBALSTL,2024-05-24 01:42:01.000,23.6,26.4,29.0,29.7,23.9,29.0,27.7,29.5,27.0,28.7,27.0,30.7,30.9,32.6,31.7,35.6,36.3,37.0,37.8,36.5,35.9,35.8,33.2,30.9,28.0,25.0,22.0,19.4,15.6,11.4,7.3,4.0,1.6,44.9,46.6,47.0,13.1,0.5,74.2,17.9,24.4,80.7,,,OBAnorm,,LD831_01996v2.403,,,,0,0
GLBALSTL,2024-05-24 01:42:02.000,25.2,22.4,27.8,29.8,28.3,29.8,26.9,27.9,27.8,28.7,30.3,32.5,28.6,30.7,32.8,35.7,37.1,38.1,37.0,36.4,35.7,34.6,32.3,29.9,26.1,23.5,20.7,17.7,13.8,10.3,7.7,3.7,1.4,44.7,46.5,47.6,13.1,0.5,74.2,17.9,24.4,80.7,,,OBAnorm,,LD831_01996v2.403,,,,0,0
GLBALSTL,2024-05-24 01:42:03.000,28.4,28.4,29.8,26.2,28.0,29.7,29.3,27.5,25.4,27.9,29.7,29.0,34.9,33.7,35.1,37.1,38.5,37.5,37.8,38.2,37.1,35.4,33.2,30.6,27.5,24.9,22.5,19.6,16.5,13.1,8.6,4.8,1.7,45.8,47.7,50.0,13.1,0.5,74.2,17.9,24.4,80.7,,,OBAnorm,,LD831_01996v2.403,,,,0,0
GLBALSTL,2024-05-24 01:42:04.000,26.7,25.1,28.3,29.3,26.2,30.4,27.2,28.1,28.9,28.8,29.6,32.8,34.9,34.4,36.3,37.9,38.2,38.7,37.7,37.8,37.2,36.4,34.1,31.7,28.8,26.5,23.2,18.2,15.0,11.2,8.0,4.5,1.6,46.1,47.6,48.5,13.1,0.5,74.2,17.8,24.4,80.7,,,OBAnorm,,LD831_01996v2.403,,,,0,0
GLBALSTL,2024-05-24 01:42:05.000,26.3,22.6,25.8,28.2,28.1,26.7,29.3,28.6,28.7,31.3,28.9,27.0,31.1,31.6,33.0,34.0,36.7,36.9,36.6,35.9,36.0,34.4,32.1,30.3,27.6,25.4,22.6,20.0,16.7,12.7,9.1,5.1,2.0,44.5,46.3,47.0,13.1,0.4,74.3,17.9,24.4,80.7,,,OBAnorm,,LD831_01996v2.403,,,,0,0
GLBALSTL,2024-05-24 01:42:06.000,28.2,29.2,28.5,29.5,28.2,27.3,28.5,30.2,28.9,30.3,34.2,33.7,35.9,34.0,34.9,35.9,36.1,37.6,38.2,37.7,37.3,35.7,34.5,32.5,28.9,25.7,23.7,20.8,18.1,15.0,10.9,5.9,2.4,45.8,47.6,48.0,13.1,0.4,74.3,17.8,24.4,80.7,,,OBAnorm,,LD831_01996v2.403,,,,0,0
GLBALSTL,2024-05-24 01:42:07.000,25.0,27.6,29.3,28.1,26.5,25.9,27.5,27.6,27.8,28.7,29.8,26.3,28.7,33.4,34.6,36.3,37.9,39.1,38.1,37.8,37.7,36.6,35.5,32.3,29.9,27.1,24.3,20.7,17.7,13.3,9.1,5.1,1.9,46.5,47.9,48.7,13.1,0.4,74.3,17.9,24.4,80.7,,,OBAnorm,,LD831_01996v2.403,,,,0,0
GLBALSTL,2024-05-24 01:42:08.000,24.6,26.9,30.5,26.3,27.0,29.2,30.9,30.2,28.3,30.4,29.7,30.6,30.0,32.3,33.1,35.7,38.7,37.8,38.1,38.4,37.8,36.4,34.5,31.8,28.8,25.9,23.2,19.4,15.6,12.0,7.9,4.5,2.0,46.2,47.7,48.1,13.1,0.4,74.3,17.8,24.4,80.7,,,OBAnorm,,LD831_01996v2.403,,,,0,0
GLBALSTL,2024-05-24 01:42:09.000,25.7,24.2,29.9,29.0,29.4,26.9,31.5,31.7,33.3,29.7,29.6,26.0,28.2,35.0,34.2,35.6,35.7,36.4,36.2,35.2,35.7,34.6,32.5,29.3,25.9,23.2,20.0,17.7,13.6,9.5,6.0,3.6,1.4,44.3,46.3,46.8,13.1,0.4,74.3,17.8,24.4,80.7,,,OBAnorm,,LD831_01996v2.403,,,,0,0
GLBALSTL,2024-05-24 01:42:10.000,24.2,27.8,30.1,27.6,28.0,27.8,31.3,30.9,28.5,30.3,28.3,26.7,31.0,33.0,34.8,37.9,39.1,39.2,38.7,38.2,37.2,36.2,34.4,31.9,29.3,26.4,23.2,18.5,14.7,10.6,6.8,3.8,1.5,46.6,48.0,48.5,13.1,0.4,74.2,17.9,24.5,80.7,,,OBAnorm,,LD831_01996v2.403,,,,0,0
GLBALSTL,2024-05-24 01:42:11.000,24.6,28.4,27.3,28.2,27.0,29.6,29.2,27.1,25.4,29.9,30.4,27.8,30.8,33.0,32.4,36.1,36.7,37.2,36.7,36.5,36.1,34.8,33.2,30.0,26.8,24.7,21.3,19.3,15.7,10.8,6.7,3.7,1.4,44.6,46.4,46.7,13.1,0.4,74.2,17.9,24.6,80.7,,,OBAnorm,,LD831_01996v2.403,,,,0,0
GLBALSTL,2024-05-24 01:42:12.000,26.8,27.9,30.2,27.2,28.6,28.9,29.8,28.4,28.5,29.2,27.9,27.7,29.0,32.8,33.8,36.4,36.4,37.1,36.8,36.1,36.2,34.5,33.3,30.3,27.4,24.8,22.7,20.1,18.5,12.5,8.9,5.2,1.9,44.8,46.5,47.1,13.1,0.4,74.3,17.9,24.6,80.7,,,OBAnorm,,LD831_01996v2.403,,,,0,0
GLBALSTL,2024-05-24 01:42:13.000,26.4,24.6,28.7,29.8,25.0,27.5,30.6,28.8,29.8,29.9,30.9,31.7,32.5,33.4,34.5,35.7,36.4,36.8,36.9,37.2,37.5,36.8,34.8,32.2,29.8,28.1,25.3,22.5,20.6,17.3,11.9,7.0,3.0,45.8,47.3,47.7,13.1,0.4,74.3,17.9,24.7,80.7,,,OBAnorm,,LD831_01996v2.403,,,,0,0
GLBALSTL,2024-05-24 01:42:14.000,25.4,27.1,29.6,28.1,28.6,29.5,27.5,30.0,29.8,29.2,29.9,29.3,31.8,32.9,33.5,35.8,36.7,37.9,37.2,37.3,37.0,36.2,34.3,31.7,28.1,25.1,23.0,20.0,16.4,12.8,8.2,4.7,1.9,45.6,47.1,47.7,13.1,0.4,74.3,17.9,24.7,80.7,,,OBAnorm,,LD831_01996v2.403,,,,0,0
GLBALSTL,2024-05-24 01:42:15.000,26.0,26.9,25.4,31.1,26.8,27.6,29.1,30.6,28.7,30.4,28.5,25.4,27.8,33.4,33.4,34.9,36.9,36.5,36.0,35.8,36.7,35.9,33.3,30.5,26.9,25.7,23.7,20.2,18.6,14.4,10.4,5.7,2.8,44.7,46.2,46.9,13.1,0.4,74.2,17.9,24.7,80.7,,,OBAnorm,,LD831_01996v2.403,,,,0,0
GLBALSTL,2024-05-24 01:42:16.000,21.3,27.9,22.8,27.2,28.7,26.7,29.1,29.9,30.1,29.4,28.2,24.9,26.8,29.7,34.2,36.2,36.0,37.9,37.1,36.4,36.3,35.0,33.1,30.4,27.2,24.6,23.2,20.5,16.8,12.3,8.3,4.7,1.8,44.9,46.5,47.0,13.1,0.4,74.3,17.9,24.8,80.7,,,OBAnorm,,LD831_01996v2.403,,,,0,0
GLBALSTL,2024-05-24 01:42:17.000,27.3,26.6,29.1,25.1,27.5,29.8,29.7,28.7,28.3,30.5,30.0,26.7,30.7,32.6,34.0,35.6,36.3,37.5,36.4,36.4,35.6,35.0,32.8,29.7,26.8,24.6,22.5,20.2,16.7,11.7,7.7,4.4,1.7,44.6,46.4,46.9,13.1,0.4,74.2,17.9,25.0,80.8,,,OBAnorm,,LD831_01996v2.403,,,,0,0
GLBALSTL,2024-05-24 01:42:18.000,24.9,26.6,31.1,26.7,25.9,27.9,29.2,29.9,29.2,28.9,27.1,24.6,30.9,30.7,32.2,34.7,36.1,36.3,36.6,35.5,35.1,34.3,32.0,28.9,26.2,23.5,20.5,18.5,15.1,11.1,7.0,4.0,1.6,44.0,45.7,46.3,13.1,0.3,74.3,17.9,25.1,80.8,,,OBAnorm,,LD831_01996v2.403,,,,0,0
GLBALSTL,2024-05-24 01:42:19.000,26.0,27.3,29.4,28.9,30.8,26.6,30.0,29.8,30.8,30.1,29.5,26.9,28.2,30.8,33.6,35.2,36.9,37.0,38.6,36.9,37.1,35.4,33.4,31.1,27.6,25.7,22.6,20.0,16.4,11.8,8.0,4.4,1.5,45.4,46.9,47.5,13.1,0.3,74.3,17.9,25.1,80.8,,,OBAnorm,,LD831_01996v2.403,,,,0,0
GLBALSTL,2024-05-24 01:42:20.000,25.5,27.9,28.0,27.8,30.0,29.3,28.6,29.6,29.1,29.7,28.5,27.7,29.4,32.7,33.2,34.4,36.0,35.8,35.8,34.9,34.7,33.8,31.6,28.6,26.3,23.8,20.6,18.0,14.3,11.1,7.0,3.8,1.5,43.6,45.6,46.4,13.1,0.3,74.3,17.9,25.2,80.8,,,OBAnorm,,LD831_01996v2.403,,,,0,0
GLBALSTL,2024-05-24 01:42:21.000,20.6,29.2,27.8,31.2,25.7,27.7,31.3,29.4,27.8,29.2,28.1,27.9,33.2,32.8,34.2,34.7,35.7,36.4,36.5,37.2,35.8,35.7,33.5,31.1,27.2,24.9,23.1,19.9,18.6,13.6,9.4,5.5,2.2,44.9,46.5,47.7,13.1,0.3,74.2,17.9,25.5,80.8,,,OBAnorm,,LD831_01996v2.403,,,,0,0
GLBALSTL,2024-05-24 01:42:22.000,20.4,23.7,31.6,29.3,26.3,28.5,28.3,28.9,29.3,29.1,28.7,25.2,28.3,31.4,32.8,35.9,36.2,36.7,37.0,35.6,35.6,34.3,32.2,29.9,26.6,24.2,22.0,19.4,15.7,11.9,7.0,4.3,1.6,44.3,46.0,47.6,13.1,0.3,74.3,17.9,25.8,80.9,,,OBAnorm,,LD831_01996v2.403,,,,0,0
GLBALSTL,2024-05-24 01:42:23.000,22.0,30.0,28.4,28.7,27.3,26.4,28.4,29.2,29.9,29.7,28.9,28.4,30.6,33.9,33.4,36.3,36.2,36.3,36.4,35.7,35.9,34.3,32.3,29.8,27.7,24.9,22.6,19.2,16.9,13.1,8.3,5.2,2.2,44.4,46.2,46.7,13.1,0.3,74.3,17.9,26.6,81.0,,,OBAnorm,,LD831_01996v2.403,,,,0,0
GLBALSTL,2024-05-24 01:42:24.000,24.8,25.1,29.6,26.9,29.3,30.0,26.8,27.6,27.2,29.2,31.8,39.2,36.4,33.9,33.7,37.4,37.0,39.0,38.2,37.3,37.4,36.5,33.7,31.5,28.2,25.7,23.0,20.1,17.2,13.5,7.7,4.3,1.6,46.0,48.3,48.7,13.1,0.4,74.3,17.9,28.7,81.4,,,OBAnorm,,LD831_01996v2.403,,,,0,0
GLBALSTL,2024-05-24 01:42:25.000,22.7,23.8,29.6,30.7,27.3,27.4,29.8,27.0,27.3,30.1,31.3,31.0,30.5,35.4,35.5,37.3,37.4,37.3,37.8,37.8,36.4,35.3,33.3,31.4,28.4,26.0,24.1,21.5,18.5,13.0,8.4,4.8,2.0,45.5,47.3,47.9,13.1,0.4,74.3,17.9,29.4,81.5,,,OBAnorm,,LD831_01996v2.403,,,,0,0
GLBALSTL,2024-05-24 01:42:26.000,20.3,29.0,30.0,26.4,27.2,25.7,29.7,29.5,28.7,29.6,34.2,31.3,30.8,33.4,33.8,34.7,36.4,37.0,37.2,37.0,36.6,34.6,33.2,30.8,28.1,25.1,22.3,19.6,15.8,12.0,7.5,4.2,1.6,45.2,47.0,47.4,13.1,0.3,74.3,17.8,28.4,81.4,,,OBAnorm,,LD831_01996v2.403,,,,0,0
GLBALSTL,2024-05-24 01:42:27.000,26.5,29.6,26.8,26.4,25.7,27.7,27.4,26.4,27.7,31.3,30.9,28.8,33.3,33.6,34.5,36.6,37.6,39.0,38.4,37.8,37.1,36.5,34.9,31.6,29.0,26.1,22.5,18.3,14.4,10.0,6.1,3.5,1.5,46.1,47.5,47.9,13.1,0.3,74.3,17.8,27.9,81.3,,,OBAnorm,,LD831_01996v2.403,,,,0,0
GLBALSTL,2024-05-24 01:42:28.000,27.7,28.0,27.2,27.0,27.2,25.3,28.3,28.2,27.9,30.0,31.5,30.2,28.7,32.5,34.2,35.9,36.8,38.0,38.0,38.0,37.1,35.6,33.1,30.8,27.3,25.7,22.2,19.6,16.1,12.1,7.4,4.3,1.7,45.6,47.2,48.1,13.1,0.3,74.3,17.9,27.8,81.2,,,OBAnorm,,LD831_01996v2.403,,,,0,0
GLBALSTL,2024-05-24 01:42:29.000,27.8,28.0,28.4,29.3,26.5,25.9,28.7,28.6,26.8,32.3,30.3,30.6,32.0,32.9,33.7,36.2,36.9,38.3,37.7,37.1,36.6,36.1,33.6,31.0,27.8,25.4,23.2,20.2,16.6,12.2,8.0,4.6,1.8,45.4,47.0,47.9,13.1,0.4,74.3,17.9,28.0,81.3,,,OBAnorm,,LD831_01996v2.403,,,,0,0
GLBALSTL,2024-05-24 01:42:30.000,27.8,24.5,29.2,24.4,26.2,27.4,29.4,29.3,28.8,31.5,30.5,29.2,30.2,31.9,34.3,35.9,36.5,37.2,37.9,38.0,37.3,35.8,33.0,31.1,27.7,25.3,22.2,20.0,16.6,11.7,8.1,4.4,1.8,45.6,47.1,47.8,13.1,0.4,74.3,17.8,29.1,81.5,,,OBAnorm,,LD831_01996v2.403,,,,0,0
GLBALSTL,2024-05-24 01:42:31.000,26.7,27.3,33.3,28.7,27.5,29.3,27.5,27.7,27.0,29.1,29.4,25.9,26.0,30.9,30.5,34.5,35.5,36.0,36.6,36.4,35.6,34.5,32.8,29.0,26.3,23.6,21.4,18.5,14.7,11.2,7.4,4.1,1.9,44.2,45.7,46.5,13.1,0.4,74.4,17.9,29.7,81.6,,,OBAnorm,,LD831_01996v2.403,,,,0,0
GLBALSTL,2024-05-24 01:42:32.000,26.0,28.5,30.0,28.7,27.3,28.0,28.7,28.4,29.2,29.9,30.9,28.8,29.4,32.9,35.1,36.0,36.6,36.5,36.7,36.4,36.6,35.1,33.2,30.2,27.7,24.6,22.5,19.2,16.7,12.8,8.2,4.9,1.8,44.8,46.5,47.4,13.1,0.4,74.3,17.8,28.9,81.4,,,OBAnorm,,LD831_01996v2.403,,,,0,0
GLBALSTL,2024-05-24 01:42:33.000,25.6,29.5,30.5,28.8,28.6,26.5,29.3,27.9,30.8,30.3,31.8,28.4,29.7,31.7,32.5,35.2,36.2,36.2,36.3,36.8,36.3,35.2,32.7,29.8,27.7,24.5,22.0,19.4,15.7,12.8,7.5,4.4,1.5,44.7,46.4,50.9,13.1,0.4,74.3,17.9,26.7,81.1,,,OBAnorm,,LD831_01996v2.403,,,,0,0
GLBALSTL,2024-05-24 01:42:34.000,24.0,27.1,30.5,27.9,29.3,28.6,28.7,28.1,29.2,29.8,28.7,26.3,30.9,31.6,33.7,35.8,37.2,38.0,36.8,36.0,36.0,35.2,33.3,30.3,27.1,24.4,22.5,19.5,17.1,13.9,10.7,4.8,2.2,44.8,46.5,48.5,13.1,0.4,74.2,17.9,25.4,80.8,,,OBAnorm,,LD831_01996v2.403,,,,0,0
GLBALSTL,2024-05-24 01:42:35.000,27.9,30.3,28.7,26.5,30.2,27.9,28.1,30.2,27.7,31.2,30.3,27.6,29.5,31.7,32.0,34.0,35.4,36.4,35.5,35.0,34.9,33.0,31.1,28.6,25.6,22.3,19.4,16.6,12.8,9.3,5.9,3.3,1.3,43.4,45.4,46.5,13.1,0.4,74.2,17.8,24.4,80.7,,,OBAnorm,,LD831_01996v2.403,,,,0,0
GLBALSTL,2024-05-24 01:42:36.000,26.8,23.4,28.3,25.9,28.5,29.5,28.1,27.6,27.7,28.5,29.2,30.6,30.6,31.5,32.9,35.8,36.8,37.2,36.1,36.0,35.0,33.9,32.4,29.4,27.1,24.3,22.2,19.4,16.8,13.0,8.8,4.8,2.0,44.3,46.0,46.6,13.1,0.4,74.2,17.9,22.9,80.4,,,OBAnorm,,LD831_01996v2.403,,,,0,0
GLBALSTL,2024-05-24 01:42:37.000,28.0,26.3,31.1,27.0,26.5,26.9,29.5,28.9,25.6,27.8,29.5,30.0,34.6,34.7,34.7,35.4,37.4,38.7,37.9,37.3,37.2,35.6,33.9,31.2,27.9,25.2,21.9,19.6,15.8,11.6,7.7,4.4,1.5,45.9,47.8,48.2,13.1,0.5,74.2,17.9,23.0,80.4,,,OBAnorm,,LD831_01996v2.403,,,,0,0
GLBALSTL,2024-05-24 01:42:38.000,23.3,28.1,30.6,28.6,26.9,24.7,29.8,28.1,27.6,27.9,27.3,28.3,30.3,33.7,35.4,37.2,37.8,38.5,38.5,37.8,37.7,36.6,34.1,31.1,28.3,25.7,22.5,19.8,17.1,11.5,8.0,4.2,1.5,46.1,47.4,47.9,13.1,0.5,74.2,17.9,23.0,80.4,,,OBAnorm,,LD831_01996v2.403,,,,0,0
GLBALSTL,2024-05-24 01:42:39.000,26.6,28.6,29.6,28.1,26.9,25.5,29.4,27.4,25.5,28.2,29.3,28.5,30.6,33.5,34.7,35.5,36.3,37.0,37.1,37.0,36.9,34.8,32.8,30.2,27.5,25.3,22.3,19.6,15.7,11.7,8.1,4.2,1.5,45.0,46.7,47.5,13.1,0.5,74.2,17.9,23.1,80.4,,,OBAnorm,,LD831_01996v2.403,,,,0,0
GLBALSTL,2024-05-24 01:42:40.000,24.4,28.8,29.3,28.8,26.8,28.2,27.6,26.1,27.7,29.0,29.2,28.6,31.5,31.8,33.0,35.3,36.4,37.3,38.4,37.0,36.3,35.2,33.6,30.2,28.3,24.9,22.5,18.4,15.3,11.5,7.3,4.1,1.7,45.2,46.6,53.8,13.1,0.5,74.2,17.8,23.1,80.4,,,OBAnorm,,LD831_01996v2.403,,,,0,0
GLBALSTL,2024-05-24 01:42:41.000,22.0,31.6,29.5,30.7,28.1,29.5,28.0,27.7,26.7,27.2,28.4,26.0,30.0,29.7,31.5,35.6,35.8,36.9,36.2,36.3,36.2,34.1,31.7,28.9,26.7,23.9,20.8,18.1,15.5,12.1,7.9,4.1,1.5,44.3,46.0,47.5,13.1,0.5,42.2,17.9,20.7,73.1,,,OBAnorm,,LD831_01996v2.403,,,,0,0
GLBALSTL,2024-05-24 01:42:42.000,21.0,25.5,29.4,27.0,26.0,27.0,27.2,26.8,26.3,28.2,27.1,28.5,30.7,33.7,33.3,35.4,37.5,36.9,37.3,37.1,35.9,35.4,33.1,30.8,27.2,24.8,21.7,19.4,15.8,11.4,7.4,3.9,1.6,44.9,46.6,47.5,13.1,0.5,74.2,17.9,20.7,73.1,,,OBAnorm,,LD831_01996v2.403,,,,0,0
GLBALSTL,2024-05-24 01:42:43.000,24.8,23.6,31.1,26.1,26.9,29.0,28.7,28.1,26.5,29.1,30.8,32.2,35.3,35.0,34.8,35.7,36.4,36.8,36.6,36.7,36.1,34.7,32.8,30.1,26.8,25.0,23.3,20.5,18.0,14.1,9.1,5.4,2.0,44.9,47.0,47.6,13.1,0.5,74.3,17.8,23.1,80.4,,,OBAnorm,,LD831_01996v2.403,,,,0,0
GLBALSTL,2024-05-24 01:42:44.000,25.9,26.6,31.8,26.3,28.9,27.5,29.0,27.9,26.7,30.2,29.2,29.1,32.4,33.8,35.0,37.2,38.0,37.7,37.6,37.1,37.2,35.6,33.3,30.6,28.1,24.9,22.8,19.1,15.5,11.5,7.1,4.2,1.5,45.5,47.2,48.4,13.1,0.5,74.2,17.9,23.2,80.4,,,OBAnorm,,LD831_01996v2.403,,,,0,0
GLBALSTL,2024-05-24 01:42:45.000,24.5,26.3,29.5,28.9,28.1,27.5,28.4,28.5,25.3,29.4,28.8,27.4,30.8,32.6,33.2,34.5,36.6,36.8,36.7,36.5,36.0,34.2,32.6,29.7,27.1,24.1,21.5,18.6,15.8,11.7,8.2,4.3,1.7,44.5,46.2,53.4,13.1,0.4,74.2,17.9,23.2,80.4,,,OBAnorm,,LD831_01996v2.403,,,,0,0
GLBALSTL,2024-05-24 01:42:46.000,19.8,28.8,28.9,26.4,29.3,29.0,30.3,27.4,27.5,27.9,29.8,28.3,31.3,33.5,34.0,35.8,37.7,37.0,37.2,36.7,36.5,36.0,33.5,30.9,27.7,25.3,23.0,20.0,17.0,13.0,8.7,5.0,2.6,45.4,47.1,49.5,13.1,0.4,74.2,17.8,23.1,80.4,,,OBAnorm,,LD831_01996v2.403,,,,0,0
GLBALSTL,2024-05-24 01:42:47.000,23.5,27.4,33.6,29.2,28.7,26.6,28.4,27.9,26.6,28.1,28.0,26.9,30.0,31.8,34.5,36.2,38.6,39.1,38.4,37.6,37.0,36.7,34.1,31.5,29.0,26.3,23.6,21.1,17.6,13.5,9.2,5.5,2.3,46.1,47.5,49.9,13.1,0.4,74.2,17.9,23.2,80.4,,,OBAnorm,,LD831_01996v2.403,,,,0,0
GLBALSTL,2024-05-24 01:42:48.000,21.4,27.5,29.2,26.8,27.9,28.6,31.5,28.6,28.4,29.1,31.3,25.0,32.8,30.6,33.2,34.5,36.1,36.1,36.4,36.0,35.6,34.8,32.4,30.0,27.4,24.0,21.8,18.8,16.2,12.0,8.9,5.3,1.8,44.3,46.0,47.0,13.1,0.4,74.3,17.9,23.1,80.4,,,OBAnorm,,LD831_01996v2.403,,,,0,0
GLBALSTL,2024-05-24 01:42:49.000,28.6,26.5,30.4,30.1,26.1,25.4,28.7,27.5,25.7,28.7,28.2,28.2,30.0,32.5,34.8,35.8,37.8,38.4,37.8,37.3,37.7,37.7,34.9,32.3,29.5,27.6,25.9,21.9,19.8,16.3,11.7,7.3,3.4,46.3,47.5,48.9,13.1,0.4,74.3,17.9,23.1,80.4,,,OBAnorm,,LD831_01996v2.403,,,,0,0
GLBALSTL,2024-05-24 01:42:50.000,25.6,30.7,31.2,30.4,27.5,27.6,28.1,27.4,27.0,29.2,28.3,28.7,32.2,33.2,33.3,36.7,37.5,38.5,38.2,39.0,38.0,37.0,34.6,32.5,29.7,26.8,23.9,20.9,17.5,13.0,8.5,4.6,1.7,46.7,47.9,48.8,13.1,0.4,74.2,17.9,23.1,80.4,,,OBAnorm,,LD831_01996v2.403,,,,0,0
GLBALSTL,2024-05-24 01:42:51.000,23.1,26.9,31.7,28.5,28.8,29.4,27.1,27.4,26.9,27.6,29.5,27.1,32.1,32.4,33.6,36.5,37.3,38.3,38.3,37.7,37.1,36.3,34.1,31.6,27.9,24.9,22.7,19.4,17.3,13.0,8.2,4.5,1.8,45.8,47.2,48.2,13.1,0.4,74.3,17.9,23.2,80.4,,,OBAnorm,,LD831_01996v2.403,,,,0,0
GLBALSTL,2024-05-24 01:42:52.000,19.1,30.3,29.1,26.1,26.9,26.5,28.3,27.4,27.5,29.1,29.7,26.2,31.3,33.2,35.3,36.6,37.0,37.6,37.5,36.6,37.0,36.0,33.6,31.1,28.1,24.8,22.1,19.1,15.9,12.0,8.0,4.5,1.8,45.5,47.1,51.5,13.1,0.4,74.3,17.9,23.2,80.4,,,OBAnorm,,LD831_01996v2.403,,,,0,0
GLBALSTL,2024-05-24 01:42:53.000,26.1,31.0,28.9,27.9,27.6,25.7,26.6,27.9,26.4,28.0,28.9,27.5,31.4,31.3,35.3,36.5,37.4,38.0,38.6,38.2,37.3,36.6,35.3,33.6,29.8,27.4,25.2,22.4,20.3,15.2,10.8,6.2,2.6,46.5,47.6,50.1,13.1,0.4,74.2,17.9,23.2,80.4,,,OBAnorm,,LD831_01996v2.403,,,,0,0
GLBALSTL,2024-05-24 01:42:54.000,26.3,31.5,29.7,27.8,27.5,28.3,28.3,28.1,26.8,27.0,29.1,27.5,33.4,34.1,34.2,35.9,37.1,38.3,37.7,37.6,38.0,37.6,35.4,32.4,29.2,26.4,23.8,21.2,18.1,14.2,8.9,5.3,2.1,46.3,47.6,50.3,13.1,0.4,74.2,17.9,23.2,80.4,,,OBAnorm,,LD831_01996v2.403,,,,0,0
GLBALSTL,2024-05-24 01:42:55.000,21.9,27.5,30.6,28.1,27.8,26.3,27.4,26.5,27.0,29.0,27.0,26.3,30.9,31.8,33.5,34.5,35.0,35.6,36.6,36.1,35.7,34.6,33.1,30.5,27.1,24.6,22.1,19.7,16.9,13.2,8.8,4.9,2.0,44.2,45.8,53.3,13.1,0.4,74.3,17.8,23.2,80.4,,,OBAnorm,,LD831_01996v2.403,,,,0,0
GLBALSTL,2024-05-24 01:42:56.000,27.5,30.7,29.5,29.2,28.5,26.8,29.5,27.9,26.7,27.2,28.5,25.8,31.9,32.7,33.3,34.5,36.5,36.6,37.4,38.3,38.3,36.8,35.1,32.2,29.5,27.0,24.7,22.0,18.7,15.4,9.9,6.2,2.5,46.2,47.3,49.1,13.1,0.4,74.2,17.9,23.2,80.4,,,OBAnorm,,LD831_01996v2.403,,,,0,0
GLBALSTL,2024-05-24 01:42:57.000,27.2,26.9,25.9,27.2,27.8,27.0,27.4,25.8,24.1,27.0,27.8,27.1,32.4,34.9,35.2,36.6,37.5,39.1,37.5,37.7,37.3,36.0,34.0,31.3,28.8,26.6,24.2,21.1,17.5,13.7,9.5,5.5,2.1,45.7,47.2,48.6,13.1,0.5,74.2,17.8,23.2,80.4,,,OBAnorm,,LD831_01996v2.403,,,,0,0
GLBALSTL,2024-05-24 01:42:58.000,30.3,26.3,30.8,25.2,29.3,27.2,25.4,28.9,26.2,27.6,27.8,25.7,28.5,32.0,34.0,35.0,36.3,36.7,35.7,36.5,35.4,34.1,33.0,30.1,26.6,24.3,21.7,18.7,15.6,12.2,7.7,4.2,1.6,44.4,46.0,47.5,13.1,0.6,74.2,17.9,23.2,80.4,,,OBAnorm,,LD831_01996v2.403,,,,0,0
GLBALSTL,2024-05-24 01:42:59.000,23.8,27.7,25.0,29.6,29.3,27.3,27.5,26.0,24.9,26.4,26.6,27.3,29.8,33.8,33.6,35.0,36.2,37.0,36.1,36.1,36.1,35.2,33.0,29.9,27.4,24.7,22.3,19.8,18.0,14.1,10.2,5.5,2.1,44.6,46.3,48.2,13.1,0.7,74.2,17.9,23.2,80.4,,,OBAnorm,,LD831_01996v2.403,,,,0,0
GLBALSTL,2024-05-24 01:43:00.000,26.4,28.9,30.2,29.0,27.0,25.9,27.2,30.4,26.9,27.6,30.3,29.6,32.3,33.5,33.9,35.0,35.9,36.1,35.9,35.7,35.0,34.1,32.0,29.4,26.8,23.9,21.6,19.2,16.4,12.3,8.2,4.8,1.7,44.0,46.0,51.0,13.1,0.9,74.1,17.9,23.2,80.4,,,OBAnorm,,LD831_01996v2.403,,,,0,0
GLBALSTL,2024-05-24 01:43:01.000,25.4,27.0,28.5,28.6,25.2,28.0,32.1,28.7,27.3,27.2,31.1,29.5,33.1,35.1,36.3,36.2,36.9,37.5,37.5,37.3,36.7,35.9,33.9,31.2,28.0,26.3,24.3,22.2,18.6,13.7,9.0,5.5,2.0,45.6,47.4,51.1,13.1,1.1,74.1,17.9,23.2,80.4,,,OBAnorm,,LD831_01996v2.403,,,,0,0
GLBALSTL,2024-05-24 01:43:02.000,24.6,28.8,31.6,29.6,26.5,28.6,29.9,28.0,27.2,28.2,29.2,28.4,30.5,34.4,34.4,36.0,36.3,37.1,37.1,37.0,36.3,34.9,33.1,31.3,28.1,25.8,23.4,21.2,17.7,14.1,9.5,5.4,2.1,45.1,46.8,51.0,13.1,1.2,74.2,17.6,23.2,80.4,,,OBAnorm,,LD831_01996v2.403,,,,0,0
GLBALSTL,2024-05-24 01:43:03.000,27.1,27.8,27.8,30.5,28.1,29.9,29.6,26.9,25.7,27.0,26.7,30.9,34.1,33.7,35.4,36.7,36.6,37.3,36.3,35.9,35.6,34.7,32.6,29.9,27.0,24.7,22.8,20.8,17.4,13.0,9.5,5.3,2.1,44.7,46.7,47.8,13.1,1.2,74.1,17.9,23.2,80.4,,,OBAnorm,,LD831_01996v2.403,,,,0,0
GLBALSTL,2024-05-24 01:43:04.000,28.2,28.0,30.4,28.2,26.8,28.5,28.4,26.9,26.2,28.8,30.4,29.7,33.6,35.0,36.4,37.8,39.5,40.1,39.4,38.2,37.6,36.7,34.4,31.6,28.8,25.5,22.7,19.9,16.7,12.6,8.4,4.6,2.0,46.8,48.5,49.1,13.1,1.1,74.2,17.9,23.3,80.5,,,OBAnorm,,LD831_01996v2.403,,,,0,0
GLBALSTL,2024-05-24 01:43:05.000,20.5,27.6,32.5,30.3,27.9,26.5,28.6,27.7,26.2,28.5,28.2,27.7,30.3,33.1,33.3,35.8,36.5,36.8,36.6,36.4,36.5,35.2,33.3,31.4,28.8,25.1,22.4,19.9,15.8,12.8,8.5,5.0,2.4,44.9,46.4,47.3,13.1,1.1,74.1,17.8,23.3,80.5,,,OBAnorm,,LD831_01996v2.403,,,,0,0
GLBALSTL,2024-05-24 01:43:06.000,27.0,26.5,27.3,28.0,23.9,28.1,29.0,26.1,26.5,27.8,28.6,29.0,35.8,34.3,33.8,36.5,37.0,36.6,37.1,36.6,36.3,35.5,34.0,31.3,28.2,26.1,24.1,20.9,19.2,15.3,10.6,6.4,3.3,45.3,47.0,47.7,13.1,1.0,74.1,17.9,23.3,80.5,,,OBAnorm,,LD831_01996v2.403,,,,0,0
GLBALSTL,2024-05-24 01:43:07.000,30.7,25.4,30.2,31.3,26.0,28.5,27.1,27.1,26.3,28.1,28.8,27.1,31.3,33.2,36.3,35.9,38.4,39.0,38.4,37.9,37.7,36.5,34.6,32.0,29.3,27.0,24.2,21.3,17.9,14.0,9.3,6.3,2.5,46.4,47.9,48.4,13.1,1.0,74.1,17.9,23.3,80.5,,,OBAnorm,,LD831_01996v2.403,,,,0,0
GLBALSTL,2024-05-24 01:43:08.000,24.6,27.4,28.2,29.3,27.1,27.8,26.7,25.8,25.1,29.6,30.6,27.4,34.8,34.3,33.6,36.6,36.8,37.1,37.3,36.3,35.9,35.6,33.1,30.8,27.4,25.2,21.9,18.1,14.9,10.8,7.2,4.1,1.6,44.9,46.8,48.3,13.1,0.9,74.1,17.8,23.3,80.5,,,OBAnorm,,LD831_01996v2.403,,,,0,0
GLBALSTL,2024-05-24 01:43:09.000,17.2,26.8,32.1,27.7,28.3,29.3,27.6,27.4,27.0,28.6,27.9,26.9,32.7,33.8,33.9,34.9,36.3,36.5,36.3,36.9,35.6,34.4,32.2,30.3,27.0,25.4,22.6,20.1,17.2,13.4,9.1,5.0,1.9,44.5,46.2,47.6,13.1,0.9,68.8,17.9,23.3,80.5,,,OBAnorm,,LD831_01996v2.403,,,,0,0
GLBALSTL,2024-05-24 01:43:10.000,22.2,28.4,33.1,28.0,26.0,27.6,29.1,27.8,24.6,27.7,29.5,26.7,30.9,33.9,34.4,35.8,36.9,37.1,37.3,36.3,36.7,35.8,34.1,31.7,29.1,26.7,24.5,21.0,18.6,14.1,9.7,5.9,2.2,45.4,46.9,52.4,13.1,1.1,74.8,17.9,23.3,80.5,,,OBAnorm,,LD831_01996v2.403,,,,0,0
GLBALSTL,2024-05-24 01:43:11.000,26.0,26.4,30.9,28.1,28.7,30.2,29.4,29.5,27.2,28.4,27.9,25.3,29.7,32.9,33.5,35.2,37.0,37.5,37.0,36.5,36.8,36.0,33.3,31.1,27.8,25.9,23.4,19.9,17.6,13.0,9.3,5.2,2.1,45.2,46.6,53.9,13.1,1.3,74.8,17.9,23.4,80.5,,,OBAnorm,,LD831_01996v2.403,,,,0,0
GLBALSTL,2024-05-24 01:43:12.000,22.7,28.6,30.0,27.4,25.7,29.6,28.9,27.1,24.7,25.8,27.5,26.6,31.4,33.7,35.5,35.8,38.4,37.8,37.2,36.3,36.4,35.9,33.6,31.7,28.5,26.1,23.7,20.8,18.7,14.2,10.0,6.0,2.7,45.4,47.0,50.6,13.1,1.4,74.8,18.0,23.4,80.5,,,OBAnorm,,LD831_01996v2.403,,,,0,0
GLBALSTL,2024-05-24 01:43:13.000,30.3,33.4,29.5,27.2,26.8,27.3,29.0,25.5,25.7,28.1,27.2,25.4,30.2,31.1,31.8,34.3,35.0,36.6,35.8,35.1,34.9,34.1,31.8,29.2,26.1,23.2,20.5,17.2,16.4,11.6,8.0,4.4,1.6,43.6,45.3,51.3,13.1,1.4,74.8,17.9,23.4,80.5,,,OBAnorm,,LD831_01996v2.403,,,,0,0
GLBALSTL,2024-05-24 01:43:14.000,30.8,27.3,31.2,32.5,26.5,29.5,29.5,27.2,27.8,28.0,28.3,25.6,30.4,33.8,34.4,34.9,36.4,36.3,35.9,35.4,35.5,34.1,32.0,29.4,27.1,24.9,22.5,19.7,16.2,12.2,8.3,4.7,1.9,44.2,46.1,50.0,13.1,1.3,74.8,17.9,23.4,80.5,,,OBAnorm,,LD831_01996v2.403,,,,0,0
GLBALSTL,2024-05-24 01:43:15.000,29.4,27.5,32.9,28.5,28.4,29.5,29.8,28.2,26.1,26.1,27.8,29.7,31.3,32.1,33.3,36.5,36.3,36.5,36.3,36.2,35.2,34.3,32.0,28.6,25.6,23.2,20.4,17.2,13.5,10.5,6.3,3.6,1.5,44.1,46.0,47.3,13.1,1.3,74.8,17.9,23.5,80.5,,,OBAnorm,,LD831_01996v2.403,,,,0,0
GLBALSTL,2024-05-24 01:43:16.000,29.3,27.3,29.4,29.8,26.7,28.1,29.1,29.5,26.4,29.2,27.9,27.5,29.2,33.0,33.1,34.7,35.6,36.3,35.8,35.7,36.4,35.1,33.1,30.1,27.6,25.0,23.0,19.5,17.0,12.1,8.4,4.5,1.8,44.5,46.0,47.1,13.1,1.3,74.8,17.9,23.5,80.5,,,OBAnorm,,LD831_01996v2.403,,,,0,0
GLBALSTL,2024-05-24 01:43:17.000,26.2,26.5,29.4,30.3,25.8,29.5,28.2,29.1,26.7,27.1,27.7,25.7,28.6,31.3,32.5,34.6,35.4,35.6,35.7,36.4,34.9,34.1,32.5,29.8,26.6,23.7,22.2,18.4,15.5,11.3,7.0,4.1,1.5,44.0,45.6,46.2,13.1,1.2,74.8,17.9,23.5,80.5,,,OBAnorm,,LD831_01996v2.403,,,,0,0
GLBALSTL,2024-05-24 01:43:18.000,28.1,30.0,32.4,30.4,23.4,29.1,28.9,29.1,26.1,29.5,29.3,26.8,30.6,33.0,34.4,36.5,37.2,38.5,38.3,38.1,37.5,36.6,34.8,32.2,29.2,26.8,24.8,22.3,19.5,14.9,9.9,5.8,2.5,46.2,47.5,48.0,13.1,1.1,74.8,17.8,23.5,80.5,,,OBAnorm,,LD831_01996v2.403,,,,0,0
GLBALSTL,2024-05-24 01:43:19.000,24.8,26.5,31.1,27.9,26.4,24.5,28.0,27.3,26.5,27.8,27.5,27.3,30.0,32.6,33.0,35.5,35.9,37.0,37.5,36.7,36.1,36.0,33.2,30.9,27.6,24.9,22.4,22.2,16.9,12.4,8.1,4.4,1.7,45.1,46.5,47.8,13.1,1.0,74.8,17.8,23.5,80.5,,,OBAnorm,,LD831_01996v2.403,,,,0,0
GLBALSTL,2024-05-24 01:43:20.000,26.0,25.5,33.0,28.8,25.3,28.8,28.9,31.1,27.0,28.5,28.0,28.2,27.9,33.0,32.3,33.6,34.8,36.1,35.8,35.7,36.0,34.6,32.2,29.7,26.9,24.9,22.9,19.0,16.6,13.0,9.6,5.0,2.1,44.1,45.6,46.7,13.1,0.9,74.8,17.9,23.5,80.5,,,OBAnorm,,LD831_01996v2.403,,,,0,0
GLBALSTL,2024-05-24 01:43:21.000,25.5,24.7,32.1,30.7,26.5,29.0,28.5,26.5,25.4,28.4,29.9,26.2,29.8,33.0,34.7,36.1,36.4,36.8,36.9,35.6,35.8,35.0,33.3,30.3,27.1,24.9,22.6,19.6,16.7,12.2,9.0,5.0,1.9,44.7,46.6,47.3,13.1,0.8,74.8,17.9,23.5,80.5,,,OBAnorm,,LD831_01996v2.403,,,,0,0
GLBALSTL,2024-05-24 01:43:22.000,23.8,25.4,30.8,31.4,27.2,28.6,29.5,28.8,28.3,27.8,29.2,29.3,32.4,34.7,34.5,35.1,36.6,37.7,36.4,36.2,36.3,35.3,33.3,30.1,27.7,24.3,23.0,20.0,16.9,14.2,8.6,4.8,2.0,44.8,46.5,47.2,13.1,0.7,74.8,17.8,23.5,80.5,,,OBAnorm,,LD831_01996v2.403,,,,0,0
GLBALSTL,2024-05-24 01:43:23.000,23.3,27.8,32.2,31.4,26.7,27.4,27.1,29.0,28.1,29.6,28.1,27.9,28.4,30.1,34.4,35.8,36.7,37.4,36.3,36.4,36.6,35.4,33.7,31.0,27.9,25.9,24.0,20.3,17.5,13.9,10.0,5.6,2.4,45.1,46.5,47.9,13.1,0.6,74.8,17.9,23.5,80.5,,,OBAnorm,,LD831_01996v2.403,,,,0,0
GLBALSTL,2024-05-24 01:43:24.000,25.2,28.5,29.6,30.7,25.7,29.3,29.0,27.7,28.3,29.7,28.7,28.4,32.4,33.8,34.0,34.8,36.8,36.8,36.0,35.7,36.8,35.8,33.6,30.3,27.6,25.0,24.0,21.1,17.8,13.6,10.2,5.5,2.5,45.0,46.7,48.5,13.1,0.6,74.8,17.9,23.5,80.5,,,OBAnorm,,LD831_01996v2.403,,,,0,0
GLBALSTL,2024-05-24 01:43:25.000,20.1,26.4,33.7,27.3,24.6,26.9,29.7,29.6,27.4,29.1,29.4,30.5,34.4,35.1,34.8,37.1,37.0,37.7,37.3,37.3,37.1,35.4,33.1,30.6,28.2,25.4,22.5,20.4,17.7,12.0,7.9,4.6,1.6,45.3,47.2,50.0,13.1,0.5,74.8,17.9,23.5,80.5,,,OBAnorm,,LD831_01996v2.403,,,,0,0
GLBALSTL,2024-05-24 01:43:26.000,26.4,28.1,30.4,28.4,26.2,29.5,28.5,29.8,26.5,28.2,28.7,26.3,27.5,30.8,33.4,35.6,35.4,36.5,36.3,36.2,36.6,36.2,34.0,31.0,28.4,26.4,24.0,20.4,17.5,14.0,9.8,5.6,2.3,45.1,46.3,51.0,13.1,0.4,74.7,17.8,23.5,80.5,,,OBAnorm,,LD831_01996v2.403,,,,0,0
GLBALSTL,2024-05-24 01:43:27.000,24.1,29.5,30.3,29.9,27.5,27.8,29.2,30.6,27.8,28.1,28.5,27.3,32.4,34.1,35.9,38.1,38.1,38.3,38.2,37.3,37.9,37.0,34.9,32.3,29.3,26.9,24.6,21.9,18.5,14.9,10.7,6.4,2.3,46.4,47.9,48.9,13.1,0.4,74.8,17.9,23.6,80.5,,,OBAnorm,,LD831_01996v2.403,,,,0,0
GLBALSTL,2024-05-24 01:43:28.000,26.0,28.5,30.8,27.8,24.4,27.7,29.6,28.1,27.2,29.0,28.6,26.4,28.4,33.4,33.3,35.5,36.5,37.3,36.6,35.9,35.5,34.6,32.5,29.4,26.8,24.5,21.5,18.2,14.8,11.7,7.7,4.1,1.6,44.3,46.1,47.4,13.1,0.4,74.8,17.9,23.6,80.5,,,OBAnorm,,LD831_01996v2.403,,,,0,0
GLBALSTL,2024-05-24 01:43:29.000,28.6,28.1,32.1,27.9,27.0,28.1,29.4,30.3,27.8,28.5,29.2,26.9,31.1,34.5,33.3,35.3,35.8,36.7,35.9,36.0,36.5,35.3,33.5,30.9,27.4,26.5,24.1,20.9,18.0,13.2,9.2,5.8,2.4,44.8,46.5,48.3,13.1,0.4,74.8,17.9,23.5,80.5,,,OBAnorm,,LD831_01996v2.403,,,,0,0
GLBALSTL,2024-05-24 01:43:30.000,22.0,26.3,29.3,29.4,27.1,29.4,29.0,28.5,27.2,29.3,29.8,26.8,31.6,32.2,34.4,36.8,37.2,38.0,37.7,37.4,37.0,35.5,34.2,30.6,28.0,25.0,23.3,19.3,16.1,12.2,8.0,4.6,1.8,45.6,47.1,48.4,13.1,0.3,74.8,17.9,23.5,80.5,,,OBAnorm,,LD831_01996v2.403,,,,0,0
GLBALSTL,2024-05-24 01:43:31.000,26.9,27.5,28.3,30.0,29.2,25.6,28.8,30.3,27.0,28.3,29.3,26.5,27.2,30.8,34.3,36.0,36.4,37.4,37.5,37.0,37.0,34.9,33.6,30.8,27.3,24.9,22.6,20.0,17.0,13.7,8.7,5.5,2.0,45.1,46.7,47.8,13.1,0.3,74.8,17.8,23.5,80.5,,,OBAnorm,,LD831_01996v2.403,,,,0,0
GLBALSTL,2024-05-24 01:43:32.000,21.3,27.3,32.3,28.3,28.0,29.7,26.8,29.4,26.6,28.2,28.1,28.4,31.8,32.2,32.7,35.3,36.2,36.5,36.6,36.9,35.9,34.8,33.3,30.6,27.7,25.3,22.4,19.6,16.4,12.5,8.3,4.8,2.1,44.8,46.3,47.6,13.1,0.3,74.7,17.8,23.5,80.5,,,OBAnorm,,LD831_01996v2.403,,,,0,0
GLBALSTL,2024-05-24 01:43:33.000,24.6,31.4,28.4,29.5,28.8,28.3,30.3,29.3,27.6,29.7,29.1,29.4,33.3,34.2,36.0,36.3,38.8,38.5,40.0,38.5,37.3,37.8,35.3,33.4,30.5,28.1,26.1,23.2,20.6,17.2,13.2,8.7,4.5,47.2,48.8,49.6,13.1,0.3,74.8,17.8,23.5,80.5,,,OBAnorm,,LD831_01996v2.403,,,,0,0
GLBALSTL,2024-05-24 01:43:34.000,21.6,31.1,27.9,29.4,28.7,28.1,30.9,27.7,28.5,28.4,32.9,34.7,32.7,35.7,36.2,38.1,38.9,39.4,38.4,38.3,37.8,37.2,35.7,32.3,29.4,26.6,24.3,20.7,17.5,13.5,8.7,4.9,1.8,46.8,48.5,48.9,13.1,0.3,74.8,17.8,23.5,80.5,,,OBAnorm,,LD831_01996v2.403,,,,0,0
GLBALSTL,2024-05-24 01:43:35.000,24.8,27.3,32.0,30.2,28.0,29.5,31.6,27.5,27.0,28.6,29.4,30.4,31.9,32.6,35.1,35.7,36.8,36.6,37.9,37.5,36.8,37.3,34.8,31.5,29.4,26.4,24.8,22.2,20.5,16.7,12.1,7.4,3.1,45.9,47.2,47.9,13.1,0.2,74.8,17.9,23.6,80.5,,,OBAnorm,,LD831_01996v2.403,,,,0,0
GLBALSTL,2024-05-24 01:43:36.000,23.9,26.4,22.6,29.0,29.3,30.5,27.9,29.3,28.7,30.0,30.1,30.1,30.7,33.7,34.7,36.0,37.3,38.1,37.7,37.0,37.1,36.2,33.8,31.5,28.6,25.7,23.2,20.3,17.8,13.6,8.9,5.2,2.1,45.8,47.4,48.7,13.1,0.2,74.8,17.9,23.6,80.5,,,OBAnorm,,LD831_01996v2.403,,,,0,0
GLBALSTL,2024-05-24 01:43:37.000,26.2,26.4,27.7,29.0,25.9,29.6,28.5,30.2,28.7,29.0,29.6,29.6,32.9,35.8,36.0,37.5,37.2,37.5,37.8,38.2,37.8,37.3,35.6,32.9,29.9,27.9,26.0,22.4,20.7,17.8,13.6,8.3,3.8,46.5,47.9,48.4,13.1,0.2,74.8,17.9,23.6,80.5,,,OBAnorm,,LD831_01996v2.403,,,,0,0
GLBALSTL,2024-05-24 01:43:38.000,24.8,27.9,28.3,30.9,23.3,29.2,28.2,29.7,29.6,28.9,29.3,28.1,30.6,32.8,33.5,36.3,36.1,36.4,36.9,36.3,36.0,35.6,33.1,30.7,28.5,25.4,23.4,20.4,19.4,15.5,10.4,5.9,2.3,44.7,46.3,47.3,13.1,0.2,74.8,17.9,23.6,80.5,,,OBAnorm,,LD831_01996v2.403,,,,0,0
GLBALSTL,2024-05-24 01:43:39.000,29.5,27.3,29.3,31.2,27.4,29.2,27.6,30.1,26.9,28.6,30.2,28.6,28.6,31.8,34.5,35.1,35.7,37.4,36.4,36.1,36.5,35.5,33.3,30.7,27.5,25.4,22.4,19.4,16.6,12.6,8.5,5.0,2.0,45.0,46.6,47.9,13.1,0.2,74.8,17.9,23.5,80.5,,,OBAnorm,,LD831_01996v2.403,,,,0,0
GLBALSTL,2024-05-24 01:43:40.000,24.1,31.2,32.9,30.0,28.4,27.9,27.2,31.5,27.2,28.9,30.6,29.0,29.7,32.6,35.1,36.5,37.6,38.6,37.6,37.5,36.8,36.0,33.7,30.8,27.9,25.3,23.6,20.5,17.5,13.0,9.1,5.2,2.1,45.6,47.3,49.7,13.1,0.2,74.8,17.9,23.5,80.5,,,OBAnorm,,LD831_01996v2.403,,,,0,0
GLBALSTL,2024-05-24 01:43:41.000,25.2,28.4,29.4,27.6,29.7,29.0,29.2,27.6,27.1,28.6,30.6,28.2,30.7,31.9,33.2,36.3,37.0,37.8,37.7,36.2,36.1,35.3,33.6,30.7,27.9,25.3,22.5,19.9,15.9,11.9,7.8,4.2,1.5,45.1,46.7,48.9,13.1,0.2,74.8,17.9,23.5,80.5,,,OBAnorm,,LD831_01996v2.403,,,,0,0
GLBALSTL,2024-05-24 01:43:42.000,23.2,20.8,30.0,28.9,29.8,29.7,30.6,27.5,27.2,28.8,30.4,26.8,30.3,31.8,34.9,36.5,37.9,36.8,36.9,37.1,36.8,35.6,33.9,31.0,27.7,25.1,23.1,20.0,17.5,13.4,8.6,5.0,1.9,45.5,47.3,47.9,13.1,0.2,74.8,17.9,23.5,80.5,,,OBAnorm,,LD831_01996v2.403,,,,0,0
GLBALSTL,2024-05-24 01:43:43.000,24.2,30.2,28.5,28.4,27.3,27.2,27.8,29.1,26.8,30.1,33.7,35.9,35.8,35.7,35.5,36.9,38.1,38.3,38.5,37.6,37.6,36.6,34.9,31.4,29.4,26.8,24.9,21.2,19.0,15.9,10.6,6.3,2.7,46.4,48.2,48.6,13.1,0.2,74.8,17.8,23.5,80.5,,,OBAnorm,,LD831_01996v2.403,,,,0,0
GLBALSTL,2024-05-24 01:43:44.000,22.1,25.3,28.3,27.1,27.1,30.3,30.5,30.4,27.2,27.4,28.7,28.7,30.0,35.1,35.1,37.2,37.5,38.2,38.7,38.1,37.2,36.1,34.2,31.2,28.3,25.8,23.2,20.2,16.9,12.7,7.8,4.5,1.6,46.1,47.6,48.2,13.1,0.2,74.8,17.9,23.6,80.5,,,OBAnorm,,LD831_01996v2.403,,,,0,0
GLBALSTL,2024-05-24 01:43:45.000,22.1,27.3,29.6,30.2,29.3,26.6,28.3,29.1,27.8,30.4,39.0,34.9,33.8,33.2,34.8,36.0,36.3,37.8,37.4,36.1,36.2,35.6,33.4,30.0,27.2,24.3,22.2,19.6,16.7,13.5,9.2,5.7,2.1,45.0,47.7,48.3,13.1,0.2,74.8,17.8,23.6,80.5,,,OBAnorm,,LD831_01996v2.403,,,,0,0
GLBALSTL,2024-05-24 01:43:46.000,24.6,26.9,28.1,27.3,27.5,29.0,31.1,28.7,28.7,29.8,32.4,29.6,32.3,33.7,34.7,35.7,36.2,38.0,37.3,36.5,36.5,35.7,33.2,30.8,27.4,25.2,23.3,19.4,15.7,12.0,7.7,4.4,1.7,45.2,46.9,47.4,13.1,0.2,74.8,17.9,23.6,80.5,,,OBAnorm,,LD831_01996v2.403,,,,0,0
GLBALSTL,2024-05-24 01:43:47.000,17.6,27.3,30.2,29.7,24.3,29.0,30.4,27.7,29.5,28.1,30.3,30.8,32.4,34.4,34.6,36.2,38.4,38.3,37.1,37.4,37.5,36.2,35.2,32.2,30.1,28.2,26.8,24.1,22.4,17.7,13.7,8.3,3.9,46.2,48.3,48.6,13.1,0.2,74.8,17.9,23.6,80.5,,,OBAnorm,,LD831_01996v2.403,,,,0,0
GLBALSTL,2024-05-24 01:43:48.000,22.5,27.5,28.0,28.7,29.6,29.0,29.2,28.2,29.4,31.1,36.4,32.9,35.8,33.7,33.4,35.1,36.2,37.6,37.5,36.9,36.2,36.0,34.0,30.7,28.6,26.5,24.9,21.9,19.0,15.7,10.6,6.0,2.4,45.3,46.9,47.5,13.1,0.1,74.8,17.8,23.6,80.5,,,OBAnorm,,LD831_01996v2.403,,,,0,0
GLBALSTL,2024-05-24 01:43:49.000,21.6,27.2,27.3,31.3,30.3,26.9,28.8,28.1,31.0,29.6,27.7,29.3,32.8,34.2,35.5,36.0,38.2,38.3,37.9,39.6,39.5,39.0,37.0,34.6,31.6,29.8,27.6,24.6,22.6,18.4,14.0,8.9,4.3,47.8,48.8,49.7,13.1,0.0,74.8,17.9,23.6,80.5,,,OBAnorm,,LD831_01996v2.403,,,,0,0
GLBALSTL,2024-05-24 01:43:50.000,20.1,29.3,24.6,27.7,27.9,28.3,29.2,28.5,29.7,30.1,31.3,29.7,30.3,33.2,34.7,35.4,36.8,37.8,38.0,37.9,38.0,36.7,34.5,32.4,28.9,27.2,25.6,22.9,20.5,17.9,12.9,7.3,2.9,46.2,47.7,49.7,13.1,0.0,74.8,17.8,23.6,80.5,,,OBAnorm,,LD831_01996v2.403,,,,0,0
GLBALSTL,2024-05-24 01:43:51.000,24.9,27.4,30.4,25.6,26.3,29.5,29.0,29.4,29.8,28.6,30.9,29.4,32.5,34.8,35.2,37.5,38.4,38.0,37.8,37.8,37.1,35.8,34.1,31.0,28.2,25.9,23.3,21.9,17.3,13.6,8.5,4.9,2.0,45.9,47.6,48.4,13.1,0.0,74.8,17.8,23.6,80.5,,,OBAnorm,,LD831_01996v2.403,,,,0,0
GLBALSTL,2024-05-24 01:43:52.000,23.9,28.2,29.4,25.6,27.3,27.4,27.7,30.4,28.0,30.0,31.8,28.9,28.7,32.0,33.3,35.6,35.8,37.7,37.0,36.3,36.0,35.6,33.2,30.1,26.7,24.8,21.8,19.1,16.3,12.4,7.9,5.0,1.8,44.7,46.3,46.9,13.1,0.0,74.8,17.8,23.6,80.5,,,OBAnorm,,LD831_01996v2.403,,,,0,0
GLBALSTL,2024-05-24 01:43:53.000,27.2,26.3,29.6,27.6,28.7,26.9,28.7,26.7,29.0,31.7,30.6,29.1,28.4,31.7,32.6,35.0,36.2,37.2,37.0,35.8,36.5,35.0,33.1,30.4,26.9,24.8,22.9,20.0,17.5,13.9,9.3,5.8,2.1,44.9,46.6,47.2,13.1,0.0,74.8,17.8,23.6,80.5,,,OBAnorm,,LD831_01996v2.403,,,,0,0
GLBALSTL,2024-05-24 01:43:54.000,21.9,25.3,29.3,27.6,25.2,30.6,28.3,28.9,29.3,31.3,32.9,32.9,33.1,33.0,34.7,37.1,36.6,38.6,38.2,37.8,37.4,35.9,34.6,32.0,28.2,25.7,23.8,20.1,17.6,13.8,8.7,5.0,1.9,46.0,47.7,48.0,13.1,0.0,74.8,17.8,23.6,80.5,,,OBAnorm,,LD831_01996v2.403,,,,0,0
GLBALSTL,2024-05-24 01:43:55.000,27.8,26.9,28.4,29.2,29.1,28.1,28.9,27.7,29.3,32.0,31.2,29.9,31.5,33.5,34.0,36.3,37.3,37.9,36.8,37.0,35.9,34.9,33.1,30.3,26.9,24.7,21.9,18.9,15.0,11.0,7.0,4.1,1.6,45.0,46.9,47.3,13.1,0.0,74.8,17.9,23.6,80.5,,,OBAnorm,,LD831_01996v2.403,,,,0,0
GLBALSTL,2024-05-24 01:43:56.000,25.3,22.1,26.9,30.3,23.9,27.8,28.4,27.2,30.8,31.5,31.1,26.9,30.5,31.3,33.6,36.4,36.8,37.8,37.8,38.5,38.0,37.5,35.8,32.9,29.7,28.0,26.0,23.0,20.9,17.0,12.7,7.8,3.5,46.6,47.6,48.4,13.1,0.0,74.8,17.9,23.6,80.5,,,OBAnorm,,LD831_01996v2.403,,,,0,0
GLBALSTL,2024-05-24 01:43:57.000,26.5,22.4,29.0,30.9,27.1,27.7,28.7,30.2,28.6,30.7,32.5,29.6,28.8,31.3,32.9,35.5,37.7,37.9,37.6,36.7,37.2,35.3,33.4,30.2,27.3,25.1,21.9,19.2,16.1,12.1,7.7,4.3,1.7,45.3,47.1,50.8,13.1,0.0,74.8,17.8,23.7,80.5,,,OBAnorm,,LD831_01996v2.403,,,,0,0
GLBALSTL,2024-05-24 01:43:58.000,22.6,23.7,29.4,26.7,26.9,29.7,29.1,29.9,30.0,30.1,30.5,28.8,28.9,32.9,35.1,37.2,38.9,39.3,39.5,39.2,38.9,38.8,36.8,34.0,30.2,27.5,24.6,21.2,17.5,14.0,9.4,5.5,2.2,47.6,48.7,49.3,13.1,0.0,74.8,17.9,23.7,80.5,,,OBAnorm,,LD831_01996v2.403,,,,0,0
GLBALSTL,2024-05-24 01:43:59.000,24.8,27.3,32.3,29.5,26.8,27.8,28.6,27.9,29.6,31.6,30.3,29.4,31.2,32.5,33.9,36.4,37.1,37.4,37.2,37.9,37.4,36.8,34.5,31.5,28.4,26.1,23.8,21.1,17.8,14.3,9.3,5.5,2.2,45.9,47.3,47.9,13.1,0.0,74.8,17.9,23.7,80.5,,,OBAnorm,,LD831_01996v2.403,,,,0,0
GLBALSTL,2024-05-24 01:44:00.000,22.0,25.8,29.8,25.5,25.5,27.8,27.9,27.0,28.3,31.1,30.3,29.7,29.2,33.2,34.5,38.8,38.8,39.7,39.3,38.5,38.4,36.8,35.0,31.8,28.7,25.5,22.9,20.0,16.2,11.7,7.8,4.3,1.6,47.0,48.5,49.0,13.1,0.0,74.8,17.9,23.7,80.5,,,OBAnorm,,LD831_01996v2.403,,,,0,0
GLBALSTL,2024-05-24 01:44:01.000,26.6,26.3,29.8,27.5,26.2,25.5,29.4,29.5,29.8,29.9,29.6,27.4,32.1,34.0,35.5,37.7,39.5,39.3,39.2,39.0,39.1,37.8,36.6,33.7,30.5,28.1,25.1,22.0,19.0,15.8,11.3,6.7,2.7,47.5,48.8,49.3,13.1,0.0,74.8,17.9,23.8,80.5,,,OBAnorm,,LD831_01996v2.403,,,,0,0
GLBALSTL,2024-05-24 01:44:02.000,22.7,26.2,26.2,30.7,25.8,26.6,29.1,28.4,29.7,29.5,31.0,30.3,33.9,34.8,34.6,36.9,37.6,36.8,38.4,37.8,37.7,35.5,34.0,31.3,28.0,26.5,23.8,21.6,18.3,14.5,9.8,5.4,2.1,46.0,47.5,48.8,13.1,0.0,74.8,17.9,23.8,80.5,,,OBAnorm,,LD831_01996v2.403,,,,0,0
GLBALSTL,2024-05-24 01:44:03.000,21.3,25.4,28.8,29.7,27.2,27.9,27.6,27.8,29.9,30.9,31.0,31.0,33.1,34.0,34.6,37.5,39.6,41.2,40.6,40.6,40.0,38.3,37.0,33.7,31.2,29.2,26.4,23.1,20.5,16.8,11.5,7.0,3.1,48.5,49.6,50.0,13.1,0.0,74.8,17.9,23.8,80.5,,,OBAnorm,,LD831_01996v2.403,,,,0,0
GLBALSTL,2024-05-24 01:44:04.000,23.2,30.0,28.3,28.5,29.6,28.9,30.2,29.6,26.4,30.3,31.7,28.2,32.2,33.9,34.6,36.6,38.9,39.8,39.0,39.3,38.9,37.6,36.2,33.5,30.0,27.7,25.8,22.0,19.1,15.2,10.9,6.2,2.8,47.3,48.5,49.3,13.1,0.0,74.7,17.8,23.8,80.5,,,OBAnorm,,LD831_01996v2.403,,,,0,0
GLBALSTL,2024-05-24 01:44:05.000,18.7,29.2,29.1,29.1,30.2,28.4,28.7,28.5,31.4,32.5,30.6,30.0,31.1,32.1,35.1,37.1,37.3,37.2,37.3,37.1,39.4,37.9,34.2,31.5,28.9,26.2,24.2,21.9,18.5,14.8,10.1,5.8,2.4,46.3,47.7,48.6,13.1,0.0,74.8,17.9,23.8,80.5,,,OBAnorm,,LD831_01996v2.403,,,,0,0
GLBALSTL,2024-05-24 01:44:06.000,19.6,29.9,26.3,27.5,28.4,28.6,27.9,29.5,28.4,30.0,29.7,28.3,29.6,32.1,35.2,37.0,38.7,39.4,39.1,37.9,37.7,36.7,34.9,31.6,28.8,25.7,23.3,19.6,16.1,12.5,8.3,5.1,2.3,46.5,48.0,48.7,13.1,0.0,74.7,17.9,23.8,80.5,,,OBAnorm,,LD831_01996v2.403,,,,0,0
GLBALSTL,2024-05-24 01:44:07.000,23.5,29.9,31.4,26.6,27.2,25.9,32.1,31.2,29.5,31.4,31.9,32.6,33.0,33.6,35.7,37.5,38.4,37.8,37.2,37.5,37.1,36.1,35.1,31.7,29.5,25.9,22.8,19.6,16.0,12.4,8.9,4.6,1.8,46.0,47.9,48.4,13.1,0.0,74.8,17.8,23.8,80.5,,,OBAnorm,,LD831_01996v2.403,,,,0,0
GLBALSTL,2024-05-24 01:44:08.000,21.1,31.4,30.3,29.4,28.5,30.4,27.7,29.1,29.5,31.7,32.7,30.6,33.2,33.8,33.8,36.5,36.9,37.2,37.0,36.5,36.5,35.3,33.2,30.3,27.4,24.6,21.5,18.4,15.3,12.0,7.9,4.3,1.7,45.1,47.1,47.7,13.1,0.0,74.8,17.9,23.8,80.5,,,OBAnorm,,LD831_01996v2.403,,,,0,0
GLBALSTL,2024-05-24 01:44:09.000,26.9,30.1,29.8,27.1,26.9,28.1,28.6,30.3,29.4,31.9,31.4,33.2,31.0,32.4,33.3,36.5,36.5,37.4,37.0,36.7,36.3,34.5,33.8,32.0,28.2,24.9,22.4,20.1,16.1,12.3,8.1,4.7,2.0,45.1,47.1,47.7,13.1,0.0,74.8,17.9,23.9,80.6,,,OBAnorm,,LD831_01996v2.403,,,,0,0
GLBALSTL,2024-05-24 01:44:10.000,26.4,26.5,28.9,28.1,26.7,29.3,29.1,30.2,29.9,30.6,32.8,32.1,33.4,34.6,33.7,35.8,36.5,36.1,36.7,36.4,36.0,36.2,33.4,30.4,27.9,25.5,22.8,20.0,18.1,14.4,10.7,6.4,3.1,45.0,46.9,47.4,13.1,0.0,74.8,17.9,23.9,80.6,,,OBAnorm,,LD831_01996v2.403,,,,0,0
GLBALSTL,2024-05-24 01:44:11.000,23.3,25.1,32.1,24.1,28.0,27.0,29.5,30.5,32.0,31.9,31.6,30.0,31.4,32.4,34.0,36.1,37.3,38.3,37.7,38.2,37.5,37.0,34.0,32.0,29.3,26.6,23.0,19.5,15.2,10.8,7.2,4.3,1.7,46.1,47.7,48.2,13.1,0.0,74.8,17.9,23.9,80.6,,,OBAnorm,,LD831_01996v2.403,,,,0,0
GLBALSTL,2024-05-24 01:44:12.000,24.6,27.6,32.4,29.1,29.4,29.8,29.8,29.4,29.2,32.6,33.9,29.8,28.8,32.6,33.2,35.7,36.3,36.0,36.1,35.4,35.2,34.4,32.7,30.6,27.0,23.9,21.3,18.4,16.3,12.4,8.5,4.6,2.0,44.2,46.3,48.6,13.1,0.0,74.8,17.8,23.9,80.6,,,OBAnorm,,LD831_01996v2.403,,,,0,0
GLBALSTL,2024-05-24 01:44:13.000,22.6,28.9,27.4,26.9,24.7,28.1,30.2,30.9,30.1,32.8,32.9,30.5,28.1,31.1,34.0,35.4,36.5,36.8,37.2,37.1,36.7,36.0,34.6,31.7,28.9,26.3,24.4,20.3,17.8,14.0,11.1,7.3,2.8,45.5,47.2,51.7,13.1,0.0,74.8,17.8,24.0,80.6,,,OBAnorm,,LD831_01996v2.403,,,,0,0
GLBALSTL,2024-05-24 01:44:14.000,24.8,18.7,27.5,30.0,25.8,30.8,30.2,29.4,30.1,32.6,32.8,31.6,35.4,36.4,37.5,39.2,40.7,40.6,40.1,38.8,38.8,38.8,36.1,33.7,30.7,27.7,23.7,19.7,15.2,11.6,7.3,4.1,1.6,48.0,49.8,51.0,13.1,0.0,74.8,17.9,24.0,80.6,,,OBAnorm,,LD831_01996v2.403,,,,0,0
GLBALSTL,2024-05-24 01:44:15.000,26.4,32.8,30.9,30.5,25.9,28.9,29.8,30.2,31.4,31.9,32.9,28.5,29.7,32.9,34.5,35.3,37.2,37.5,36.6,36.5,36.2,34.2,32.7,30.4,26.9,24.3,21.9,19.1,15.3,10.6,7.1,4.2,1.7,44.6,46.6,49.0,13.1,0.0,74.8,17.8,24.0,80.6,,,OBAnorm,,LD831_01996v2.403,,,,0,0
GLBALSTL,2024-05-24 01:44:16.000,27.7,27.9,29.9,30.7,28.6,27.4,27.6,29.2,30.7,34.8,34.1,31.7,31.6,33.8,35.1,36.4,38.5,37.7,37.8,36.9,36.6,35.4,33.0,30.7,28.0,25.9,23.6,20.7,17.2,12.8,9.5,5.5,2.0,45.6,47.9,50.3,13.1,0.0,74.8,17.9,24.0,80.6,,,OBAnorm,,LD831_01996v2.403,,,,0,0
GLBALSTL,2024-05-24 01:44:17.000,27.3,28.7,30.9,26.0,29.2,27.9,29.7,26.9,28.9,32.5,33.2,31.0,34.5,34.6,34.5,35.3,35.6,37.5,37.0,36.8,36.4,35.3,33.5,30.6,27.6,24.3,21.8,19.6,16.1,12.1,7.4,4.2,1.7,45.0,47.1,49.3,13.1,0.0,74.8,17.9,24.0,80.6,,,OBAnorm,,LD831_01996v2.403,,,,0,0
GLBALSTL,2024-05-24 01:44:18.000,28.8,29.3,27.1,27.5,27.9,28.6,30.4,30.7,31.1,33.2,34.3,33.8,30.1,32.1,33.5,36.2,36.7,37.7,37.3,37.2,36.7,35.4,34.7,32.0,29.2,27.4,25.7,21.7,19.1,15.8,11.4,6.5,2.7,45.7,47.3,50.5,13.1,0.0,74.8,17.9,24.0,80.6,,,OBAnorm,,LD831_01996v2.403,,,,0,0
GLBALSTL,2024-05-24 01:44:19.000,26.7,30.1,28.0,28.6,25.4,28.2,28.8,28.3,30.7,33.6,33.4,29.6,30.8,32.3,33.9,35.4,36.8,36.1,35.6,35.6,35.7,34.2,32.4,29.1,26.8,24.2,21.5,18.5,15.7,10.9,7.4,4.0,1.8,44.1,46.3,51.1,13.1,0.0,74.8,17.8,24.0,80.6,,,OBAnorm,,LD831_01996v2.403,,,,0,0
GLBALSTL,2024-05-24 01:44:20.000,24.8,28.2,26.7,28.7,26.9,25.6,28.7,30.3,29.6,31.6,33.2,30.7,32.0,34.6,33.8,35.1,35.9,37.1,36.4,36.7,37.8,36.8,34.5,32.0,29.4,27.4,25.5,21.8,19.9,15.8,11.4,6.4,2.8,45.8,47.5,50.4,13.1,0.0,74.8,17.9,24.0,80.6,,,OBAnorm,,LD831_01996v2.403,,,,0,0
GLBALSTL,2024-05-24 01:44:21.000,26.7,27.3,31.0,30.4,28.1,30.4,31.2,29.1,31.8,31.7,33.4,32.5,32.9,34.5,35.1,36.1,38.0,38.0,38.8,39.2,38.5,37.3,35.3,33.2,30.0,27.0,24.9,22.3,19.6,15.8,10.5,6.7,2.8,46.9,48.3,49.9,13.1,0.0,74.8,17.8,24.0,80.6,,,OBAnorm,,LD831_01996v2.403,,,,0,0
GLBALSTL,2024-05-24 01:44:22.000,27.4,29.5,32.8,25.8,26.6,29.0,30.0,28.3,30.0,32.5,33.2,28.4,28.9,33.5,34.1,35.3,37.2,36.8,38.2,37.9,37.2,36.1,34.1,31.8,28.9,26.5,24.5,22.5,19.4,16.0,11.2,6.5,2.8,45.8,47.3,48.6,13.1,0.0,74.8,17.9,24.1,80.6,,,OBAnorm,,LD831_01996v2.403,,,,0,0
GLBALSTL,2024-05-24 01:44:23.000,26.5,29.7,28.8,25.7,23.9,27.5,27.1,29.8,29.7,31.7,33.4,30.0,32.4,33.3,34.5,35.6,37.5,38.5,37.9,38.8,38.9,37.6,35.9,33.0,29.8,27.6,25.7,21.8,19.4,15.8,11.1,6.5,2.7,47.0,48.1,48.9,13.1,0.0,74.8,17.7,24.1,80.6,,,OBAnorm,,LD831_01996v2.403,,,,0,0
GLBALSTL,2024-05-24 01:44:24.000,20.9,27.4,31.5,28.2,22.3,28.3,28.3,30.1,29.5,32.8,31.8,28.9,31.6,33.2,33.9,35.1,36.4,37.1,37.5,37.0,36.5,35.1,34.0,30.9,28.3,25.6,23.4,20.2,17.6,14.6,10.4,6.0,2.5,45.1,46.9,48.2,13.1,0.0,74.8,17.9,24.1,80.6,,,OBAnorm,,LD831_01996v2.403,,,,0,0
GLBALSTL,2024-05-24 01:44:25.000,30.3,27.2,28.2,29.2,27.8,29.3,28.2,29.0,28.6,32.1,32.2,28.9,29.4,32.4,32.9,35.6,36.5,38.5,36.4,36.6,36.0,34.2,32.5,30.0,27.2,23.6,21.8,17.9,14.5,10.7,7.0,4.0,1.5,44.8,46.7,47.2,13.1,0.0,74.8,17.9,24.1,80.6,,,OBAnorm,,LD831_01996v2.403,,,,0,0
GLBALSTL,2024-05-24 01:44:26.000,26.4,28.6,30.9,27.7,25.5,29.5,29.5,30.8,27.6,34.0,33.5,30.1,29.9,31.5,32.9,35.8,36.6,36.7,37.9,36.9,36.5,36.0,34.0,30.5,27.3,24.7,22.1,19.9,17.4,12.5,8.3,4.7,2.0,45.1,46.9,50.1,13.1,0.0,74.8,17.8,24.1,80.6,,,OBAnorm,,LD831_01996v2.403,,,,0,0
GLBALSTL,2024-05-24 01:44:27.000,27.7,27.5,26.9,25.0,27.9,27.3,28.2,29.8,27.7,32.9,31.3,30.7,30.5,33.7,33.1,36.0,36.6,36.9,36.8,36.8,36.5,35.5,33.5,31.2,28.4,25.5,24.7,20.3,17.0,13.7,9.2,5.6,2.2,45.2,46.9,49.2,13.1,0.0,74.8,17.9,24.2,80.6,,,OBAnorm,,LD831_01996v2.403,,,,0,0
GLBALSTL,2024-05-24 01:44:28.000,21.9,25.1,26.0,28.5,27.6,26.6,29.9,27.9,28.2,31.4,31.3,28.5,30.8,31.3,32.7,34.4,35.1,36.8,36.1,36.0,36.0,34.5,32.0,29.3,26.6,23.8,21.0,18.6,15.1,11.2,7.1,4.0,1.7,44.2,45.9,47.6,13.1,0.0,74.8,17.8,24.1,80.6,,,OBAnorm,,LD831_01996v2.403,,,,0,0
GLBALSTL,2024-05-24 01:44:29.000,22.3,30.2,27.1,25.7,27.0,27.7,29.5,30.0,28.9,32.4,32.0,28.0,28.8,30.7,32.7,35.8,36.0,36.8,36.4,36.3,35.9,34.8,32.6,30.1,27.2,24.8,22.7,19.8,15.9,12.2,8.2,4.4,1.8,44.5,46.2,47.3,13.1,0.0,74.8,17.9,24.1,80.6,,,OBAnorm,,LD831_01996v2.403,,,,0,0
GLBALSTL,2024-05-24 01:44:30.000,22.3,27.4,28.9,29.9,26.6,28.9,29.4,29.1,27.5,31.2,29.6,27.5,28.6,31.7,33.2,36.5,37.5,37.1,36.5,36.3,36.0,34.7,32.9,30.2,27.6,24.8,21.8,18.5,15.5,11.0,7.2,4.6,1.7,44.8,46.5,47.6,13.1,0.0,74.8,17.9,24.0,80.6,,,OBAnorm,,LD831_01996v2.403,,,,0,0
GLBALSTL,2024-05-24 01:44:31.000,22.2,28.9,27.7,25.7,27.2,29.3,26.3,28.7,31.0,32.9,32.0,28.2,30.3,32.5,34.0,36.8,38.2,38.9,37.8,36.8,36.2,35.9,33.9,31.4,28.3,25.6,22.4,19.3,14.9,10.3,6.6,3.7,1.4,45.7,47.5,49.2,13.1,0.0,74.8,17.8,24.0,80.6,,,OBAnorm,,LD831_01996v2.403,,,,0,0
GLBALSTL,2024-05-24 01:44:32.000,25.4,26.6,30.6,28.0,27.5,28.2,28.1,28.5,30.7,30.8,32.9,28.2,29.7,32.9,33.0,36.0,37.6,37.6,37.0,36.5,35.9,35.0,32.8,30.1,27.1,24.8,21.8,19.9,15.9,12.2,7.9,4.8,2.0,44.7,46.5,47.2,13.1,0.0,74.8,17.8,24.0,80.6,,,OBAnorm,,LD831_01996v2.403,,,,0,0
GLBALSTL,2024-05-24 01:44:33.000,23.9,27.2,31.4,26.5,27.0,26.3,29.0,29.8,27.7,32.8,32.4,32.1,34.4,33.2,34.7,34.4,35.9,37.1,36.4,37.0,36.3,34.7,33.1,30.1,27.1,24.2,22.0,19.8,16.2,13.0,9.2,5.2,2.0,44.8,46.8,47.5,13.1,0.0,74.8,17.9,24.0,80.6,,,OBAnorm,,LD831_01996v2.403,,,,0,0
GLBALSTL,2024-05-24 01:44:34.000,24.8,30.1,26.1,30.7,25.6,26.4,28.0,29.6,28.9,30.7,29.7,27.3,29.3,32.0,33.7,35.5,36.3,36.9,37.1,36.8,35.7,35.2,33.7,30.2,27.6,25.1,22.0,18.0,14.5,10.7,6.7,3.9,1.5,44.8,46.5,47.4,13.1,0.0,74.8,17.8,24.1,80.6,,,OBAnorm,,LD831_01996v2.403,,,,0,0
GLBALSTL,2024-05-24 01:44:35.000,27.8,24.3,26.8,29.9,27.6,26.9,29.7,30.4,29.5,29.2,30.2,27.2,30.5,31.1,31.4,34.7,36.8,37.2,36.6,37.6,37.8,37.5,35.2,32.5,28.6,26.5,25.1,21.9,19.4,16.1,12.1,7.1,3.2,45.9,46.9,47.4,13.1,0.0,74.8,17.8,24.1,80.6,,,OBAnorm,,LD831_01996v2.403,,,,0,0
GLBALSTL,2024-05-24 01:44:36.000,24.6,26.1,27.5,24.0,25.8,27.0,29.5,28.5,29.1,32.6,33.1,31.3,34.9,33.7,33.3,36.0,36.4,37.1,36.5,36.8,37.3,36.4,35.1,32.2,30.1,27.9,26.2,23.6,21.8,18.0,13.5,7.9,3.5,45.9,47.4,48.4,13.1,0.0,74.8,17.9,24.2,80.6,,,OBAnorm,,LD831_01996v2.403,,,,0,0
GLBALSTL,2024-05-24 01:44:37.000,24.2,28.9,27.1,28.5,27.7,26.7,27.9,29.3,27.9,31.0,31.0,27.6,30.0,32.1,33.1,35.1,36.4,36.3,37.0,36.9,35.8,34.7,32.3,30.3,26.8,23.9,21.3,18.5,15.2,11.9,7.8,4.4,1.9,44.5,46.2,52.5,13.1,0.0,74.8,17.8,24.2,80.6,,,OBAnorm,,LD831_01996v2.403,,,,0,0
GLBALSTL,2024-05-24 01:44:38.000,22.2,24.8,28.0,24.3,27.4,26.6,28.6,28.7,30.1,30.7,31.4,29.2,32.2,32.5,32.7,34.8,38.0,37.8,37.4,37.1,37.1,35.9,34.8,31.5,28.9,25.7,24.5,20.5,18.5,14.9,11.0,6.1,2.6,45.6,47.2,49.9,13.1,0.0,74.8,17.8,24.2,80.6,,,OBAnorm,,LD831_01996v2.403,,,,0,0
GLBALSTL,2024-05-24 01:44:39.000,23.7,27.4,29.5,28.3,28.5,27.1,29.6,30.1,29.1,31.7,30.6,28.0,29.9,31.3,33.4,35.6,36.2,36.9,36.7,36.5,36.5,35.0,33.0,30.1,27.4,24.8,21.4,18.6,15.4,11.2,7.2,4.2,1.7,44.8,46.5,48.4,13.1,0.0,74.8,17.7,24.2,80.6,,,OBAnorm,,LD831_01996v2.403,,,,0,0
GLBALSTL,2024-05-24 01:44:40.000,25.7,28.8,30.4,29.7,29.0,29.2,30.0,28.5,30.1,30.8,32.3,28.3,31.8,32.7,33.9,35.3,37.2,36.7,36.3,36.1,36.5,35.0,33.1,29.9,26.3,23.5,20.9,18.6,15.4,11.7,7.4,4.0,1.5,44.6,46.7,49.7,13.1,0.0,74.8,17.9,24.3,80.6,,,OBAnorm,,LD831_01996v2.403,,,,0,0
GLBALSTL,2024-05-24 01:44:41.000,26.0,28.4,27.7,30.2,26.8,27.6,29.6,31.9,30.7,31.2,30.5,32.0,35.0,35.6,35.6,36.7,37.6,38.7,38.4,37.1,37.1,36.6,34.0,31.3,28.8,26.6,25.2,22.2,20.4,16.4,12.3,7.1,3.2,46.0,48.0,49.7,13.1,0.0,74.8,17.8,24.3,80.6,,,OBAnorm,,LD831_01996v2.403,,,,0,0
GLBALSTL,2024-05-24 01:44:42.000,27.3,24.7,28.6,29.4,28.2,29.9,29.0,30.0,30.0,30.8,30.5,30.1,29.8,33.0,34.4,35.5,37.8,37.2,36.6,36.6,36.1,35.0,32.8,29.8,26.9,24.9,22.2,19.1,15.6,11.5,7.1,4.1,1.6,45.0,46.7,48.0,13.1,0.0,74.8,17.9,24.3,80.6,,,OBAnorm,,LD831_01996v2.403,,,,0,0
GLBALSTL,2024-05-24 01:44:43.000,26.9,27.1,32.6,26.3,29.8,28.2,31.2,28.8,29.9,30.1,31.2,27.5,28.1,31.2,33.7,35.9,37.5,37.9,37.7,36.6,36.1,35.9,34.1,30.9,27.6,25.3,22.7,19.9,17.1,12.8,8.7,5.1,2.1,45.3,46.9,47.7,13.1,0.0,74.8,17.9,24.3,80.6,,,OBAnorm,,LD831_01996v2.403,,,,0,0
GLBALSTL,2024-05-24 01:44:44.000,21.5,24.6,31.6,31.7,24.9,26.1,28.2,30.5,26.6,30.6,30.2,26.5,30.1,32.8,33.9,36.0,36.9,37.2,36.7,36.8,36.7,35.8,33.7,31.3,28.2,26.5,24.7,21.0,18.8,15.0,9.5,5.6,2.6,45.3,46.9,48.4,13.1,0.0,74.8,17.9,24.3,80.6,,,OBAnorm,,LD831_01996v2.403,,,,0,0
GLBALSTL,2024-05-24 01:44:45.000,26.2,24.3,30.6,29.9,29.8,27.0,30.1,29.1,30.4,31.0,31.4,27.3,30.6,33.0,34.3,36.0,36.8,37.7,36.7,37.5,36.6,35.0,33.2,30.5,27.7,25.6,22.9,20.0,17.1,14.1,8.7,4.9,1.9,45.2,47.0,49.4,13.1,0.0,74.8,17.8,24.3,80.6,,,OBAnorm,,LD831_01996v2.403,,,,0,0
GLBALSTL,2024-05-24 01:44:46.000,29.6,22.7,28.2,30.2,25.3,27.3,31.8,28.7,28.7,32.2,34.7,28.5,27.4,30.7,31.2,34.9,36.3,36.0,36.8,35.8,35.6,34.6,31.7,29.6,26.7,23.9,21.2,17.8,15.0,11.2,7.2,4.2,1.8,44.1,46.0,46.8,13.1,0.0,74.8,17.9,24.3,80.6,,,OBAnorm,,LD831_01996v2.403,,,,0,0
GLBALSTL,2024-05-24 01:44:47.000,25.8,26.7,27.2,27.5,30.0,30.8,28.3,28.8,29.9,30.0,31.2,27.6,29.2,32.6,32.9,34.9,35.9,36.5,36.2,36.0,35.5,34.8,32.1,29.2,26.1,23.1,20.4,17.2,14.1,11.0,7.1,3.9,1.6,44.2,46.1,46.8,13.1,0.0,74.8,17.9,24.3,80.6,,,OBAnorm,,LD831_01996v2.403,,,,0,0
GLBALSTL,2024-05-24 01:44:48.000,27.6,26.3,29.9,26.5,28.3,27.6,28.2,30.3,30.7,30.5,31.7,29.1,31.5,33.4,34.2,36.2,37.3,37.5,38.6,37.1,36.1,35.1,32.6,30.7,28.1,25.6,23.0,21.6,17.4,13.2,8.5,5.1,2.1,45.4,47.3,48.3,13.1,0.0,74.8,17.9,24.3,80.6,,,OBAnorm,,LD831_01996v2.403,,,,0,0
GLBALSTL,2024-05-24 01:44:49.000,27.7,30.1,30.7,29.7,29.5,29.9,28.8,29.0,28.8,29.2,31.3,31.2,34.7,37.6,36.4,37.0,37.7,38.5,38.3,37.9,36.4,35.5,33.9,31.1,28.3,25.7,23.3,20.5,17.7,14.2,10.4,5.8,2.6,45.8,47.9,53.1,13.1,0.2,74.8,17.9,24.3,80.6,,,OBAnorm,,LD831_01996v2.403,,,,0,0
GLBALSTL,2024-05-24 01:44:50.000,25.1,24.2,27.5,27.2,28.0,31.2,31.0,29.7,29.6,30.2,30.4,29.1,32.9,34.4,34.2,36.2,36.8,36.8,36.5,37.0,36.6,34.6,32.4,30.3,27.7,25.1,22.3,20.4,16.4,13.3,8.1,4.5,1.6,44.9,46.8,50.3,13.1,0.4,74.8,17.9,24.3,80.6,,,OBAnorm,,LD831_01996v2.403,,,,0,0
GLBALSTL,2024-05-24 01:44:51.000,25.9,26.1,24.8,30.7,29.2,29.3,29.4,30.0,29.8,30.3,29.3,30.7,33.3,33.5,33.6,34.5,36.2,35.4,36.7,36.6,36.1,35.0,32.8,30.0,27.3,24.3,22.5,19.6,16.7,13.1,8.7,4.9,2.0,44.5,46.4,49.5,13.1,0.5,74.8,17.9,24.3,80.6,,,OBAnorm,,LD831_01996v2.403,,,,0,0
GLBALSTL,2024-05-24 01:44:52.000,29.8,29.3,31.8,28.4,28.3,30.4,28.8,29.6,27.7,30.1,29.4,27.6,33.2,35.5,33.8,36.1,36.8,37.1,36.7,36.3,36.0,34.3,32.6,30.7,27.2,24.5,22.8,20.2,17.2,13.3,8.8,4.8,1.8,44.8,47.1,49.1,13.1,0.7,74.8,17.8,24.3,80.6,,,OBAnorm,,LD831_01996v2.403,,,,0,0
GLBALSTL,2024-05-24 01:44:53.000,26.2,31.4,26.0,29.2,27.9,30.1,31.7,28.1,28.3,30.1,32.0,33.8,34.7,35.5,35.4,37.0,38.0,38.1,37.8,37.0,36.9,36.0,34.3,32.1,29.6,27.2,24.8,21.0,18.3,14.1,9.4,5.7,2.3,45.9,47.6,48.4,13.1,0.8,74.8,17.9,24.4,80.7,,,OBAnorm,,LD831_01996v2.403,,,,0,0
GLBALSTL,2024-05-24 01:44:54.000,29.1,25.6,27.6,27.3,28.2,26.8,28.8,27.4,28.4,30.5,30.2,27.3,31.0,32.4,34.1,36.4,37.1,37.9,37.5,37.4,36.8,35.6,32.8,30.7,28.0,25.4,22.1,19.0,15.5,11.6,7.4,4.2,1.8,45.5,47.2,47.8,13.1,0.9,74.8,17.8,24.4,80.7,,,OBAnorm,,LD831_01996v2.403,,,,0,0
GLBALSTL,2024-05-24 01:44:55.000,22.8,28.8,23.5,30.6,27.9,29.2,29.1,27.3,29.0,30.0,29.8,28.8,30.8,33.4,35.7,36.4,37.9,38.5,38.5,37.7,37.4,37.4,34.9,32.7,30.1,27.0,24.3,20.8,18.5,14.7,10.5,5.7,2.3,46.4,47.7,48.6,13.1,1.0,74.8,17.8,24.4,80.7,,,OBAnorm,,LD831_01996v2.403,,,,0,0
GLBALSTL,2024-05-24 01:44:56.000,27.7,26.9,31.7,29.3,29.0,27.6,26.2,30.8,27.1,28.5,31.2,26.3,28.6,31.5,32.4,35.9,36.9,37.4,37.6,36.8,37.2,36.2,34.8,30.7,28.3,26.6,23.6,19.3,16.2,12.5,8.5,4.7,1.9,45.7,47.2,50.7,13.1,1.0,74.8,17.9,24.4,80.7,,,OBAnorm,,LD831_01996v2.403,,,,0,0
GLBALSTL,2024-05-24 01:44:57.000,24.2,31.4,30.6,27.8,30.4,30.3,31.0,30.7,29.2,31.2,31.4,28.5,32.3,34.5,34.3,36.2,37.6,37.9,38.6,37.4,36.4,35.0,33.6,31.0,28.2,25.8,22.5,19.6,16.2,12.2,8.5,4.4,1.7,45.7,47.5,50.1,13.1,1.0,74.8,17.9,24.4,80.7,,,OBAnorm,,LD831_01996v2.403,,,,0,0
GLBALSTL,2024-05-24 01:44:58.000,30.3,30.2,31.5,24.2,28.1,29.1,28.0,28.2,31.0,33.0,31.7,29.7,31.9,35.5,36.2,37.2,38.0,38.5,37.9,37.0,36.4,34.9,33.1,30.4,28.3,25.5,22.7,20.6,16.8,12.7,8.1,4.7,1.9,45.5,47.5,53.3,13.1,1.1,74.8,17.9,24.4,80.7,,,OBAnorm,,LD831_01996v2.403,,,,0,0
GLBALSTL,2024-05-24 01:44:59.000,27.8,28.4,28.7,29.0,26.2,27.9,29.1,28.5,28.6,30.1,30.2,29.3,32.4,34.5,35.3,37.1,37.5,37.9,38.2,37.8,37.2,35.7,34.1,31.0,28.4,26.4,23.7,21.4,17.4,13.0,9.0,5.4,2.4,46.0,47.8,51.2,13.1,1.2,74.8,17.8,24.4,81.2,,,OBAnorm,,LD831_01996v2.403,,,,0,0
GLBALSTL,2024-05-24 01:45:00.000,25.5,25.5,31.0,27.1,26.9,29.1,30.2,28.4,28.8,31.0,32.0,36.9,34.5,33.8,35.5,36.9,37.8,38.0,38.1,37.6,37.8,36.6,34.9,32.0,29.1,26.8,24.0,21.5,18.3,15.0,10.3,6.0,2.4,46.2,48.2,49.2,13.1,1.3,74.8,17.8,24.4,81.2,,,OBAnorm,,LD831_01996v2.403,,,,0,0
GLBALSTL,2024-05-24 01:45:01.000,28.0,26.9,27.7,28.6,29.5,28.6,29.8,28.6,28.1,32.9,32.5,33.4,36.7,36.8,37.1,38.7,38.9,38.3,38.8,39.1,38.5,37.3,35.8,33.0,30.7,29.2,27.3,23.9,21.6,18.1,13.0,7.1,3.3,47.3,49.2,50.5,13.1,1.3,74.6,17.8,24.4,81.2,,,OBAnorm,,LD831_01996v2.403,,,,0,0
GLBALSTL,2024-05-24 01:45:02.000,26.9,30.8,31.6,26.3,29.3,27.7,31.2,29.9,30.4,30.1,32.8,33.1,32.2,33.4,33.2,35.6,36.1,36.0,36.8,37.6,36.3,35.2,33.3,30.9,28.7,25.9,23.5,20.8,17.5,13.8,9.5,5.4,2.3,45.0,46.6,48.1,13.1,1.3,74.6,17.8,24.4,81.2,,,OBAnorm,,LD831_01996v2.403,,,,0,0
GLBALSTL,2024-05-24 01:45:03.000,27.8,27.6,28.9,28.8,27.7,27.1,30.6,27.8,28.6,30.8,32.3,33.2,32.7,33.9,35.5,37.6,37.8,39.0,39.0,37.4,37.8,36.6,34.3,32.1,29.8,27.2,25.5,22.3,19.3,14.3,10.1,5.7,2.3,46.5,48.5,49.2,13.1,1.3,74.6,17.8,24.4,81.2,,,OBAnorm,,LD831_01996v2.403,,,,0,0
GLBALSTL,2024-05-24 01:45:04.000,28.1,29.5,27.9,27.6,24.7,27.8,29.2,27.1,30.5,35.1,33.4,32.7,35.1,37.3,37.4,37.5,38.4,38.9,38.5,37.9,37.9,36.7,34.9,32.5,29.7,27.1,24.7,21.9,19.9,15.1,10.4,6.1,2.4,46.6,48.5,49.2,13.1,1.2,74.6,17.9,24.4,81.2,,,OBAnorm,,LD831_01996v2.403,,,,0,0
GLBALSTL,2024-05-24 01:45:05.000,21.8,30.4,29.8,27.8,30.2,29.1,30.2,30.2,29.4,29.8,33.1,29.8,31.5,34.8,34.0,35.6,36.1,37.9,37.8,37.4,36.8,35.9,34.5,31.3,28.0,26.1,23.9,20.1,17.2,13.3,9.1,5.2,1.9,45.5,47.2,47.7,13.1,1.1,74.5,17.9,24.4,81.2,,,OBAnorm,,LD831_01996v2.403,,,,0,0
GLBALSTL,2024-05-24 01:45:06.000,24.9,29.4,27.4,27.8,27.8,29.8,30.9,30.1,29.7,29.2,32.6,27.5,31.8,34.6,34.8,37.3,37.6,37.3,36.8,37.3,37.6,36.5,34.4,31.3,28.5,26.2,23.7,20.7,18.3,13.3,9.3,5.3,2.2,45.9,47.6,48.4,13.1,1.1,74.6,17.8,24.5,81.3,,,OBAnorm,,LD831_01996v2.403,,,,0,0
GLBALSTL,2024-05-24 01:45:07.000,24.6,26.8,27.1,25.1,26.9,26.9,31.0,29.8,28.2,30.0,31.2,28.4,30.7,34.3,33.6,36.2,36.8,36.7,36.9,36.8,36.3,34.7,32.8,29.9,27.0,24.5,21.3,18.0,14.7,10.8,6.7,3.9,1.6,44.7,46.5,47.8,13.1,1.0,74.5,17.8,24.5,81.3,,,OBAnorm,,LD831_01996v2.403,,,,0,0
GLBALSTL,2024-05-24 01:45:08.000,22.5,23.8,28.4,26.2,26.9,28.3,27.3,27.8,26.2,30.3,32.5,29.7,32.4,33.8,33.9,35.7,36.1,37.0,36.3,36.4,35.8,34.9,33.0,29.7,27.0,24.4,21.8,18.7,17.1,14.0,9.6,5.0,2.0,44.7,46.6,47.5,13.1,1.0,74.5,17.8,24.5,81.3,,,OBAnorm,,LD831_01996v2.403,,,,0,0
GLBALSTL,2024-05-24 01:45:09.000,24.6,29.3,28.3,28.2,27.8,28.0,29.0,29.9,28.6,32.4,30.5,30.0,31.8,35.1,34.4,37.6,37.2,37.4,37.7,37.0,36.2,34.5,32.8,30.4,26.9,23.7,20.4,17.3,15.1,11.1,6.6,3.8,1.5,45.1,47.2,48.6,13.1,0.9,74.5,17.8,24.5,81.3,,,OBAnorm,,LD831_01996v2.403,,,,0,0
GLBALSTL,2024-05-24 01:45:10.000,24.3,28.5,27.0,30.6,27.1,26.9,27.5,31.1,26.6,31.4,31.9,29.1,31.5,32.9,34.3,37.2,38.4,38.6,37.3,37.4,37.0,35.6,33.6,30.9,27.7,25.0,22.6,19.7,18.2,13.5,8.8,5.3,1.6,45.6,47.5,48.1,13.1,0.9,74.5,17.9,24.5,81.3,,,OBAnorm,,LD831_01996v2.403,,,,0,0
GLBALSTL,2024-05-24 01:45:11.000,23.2,24.6,29.7,27.9,28.4,29.3,30.8,29.5,28.5,30.3,33.4,31.8,30.7,34.5,34.7,35.8,37.3,37.4,37.1,37.0,36.8,35.3,33.9,31.5,28.2,26.4,24.0,19.7,16.9,13.6,9.5,5.3,2.0,45.4,47.2,48.1,13.1,0.8,74.5,17.8,24.5,81.3,,,OBAnorm,,LD831_01996v2.403,,,,0,0
GLBALSTL,2024-05-24 01:45:12.000,24.8,27.7,28.4,29.8,27.9,28.7,27.8,28.7,29.5,30.3,31.8,31.0,32.5,34.8,35.4,37.0,38.5,39.5,38.3,38.4,38.3,36.8,35.2,32.4,29.8,27.3,25.0,22.5,19.5,15.6,10.8,6.5,2.6,46.8,48.4,49.6,13.1,0.7,74.6,17.9,24.5,81.3,,,OBAnorm,,LD831_01996v2.403,,,,0,0
GLBALSTL,2024-05-24 01:45:13.000,27.0,27.1,29.8,27.6,26.5,23.7,27.4,27.9,25.7,31.2,34.2,32.6,35.3,36.3,36.3,38.6,40.5,40.0,39.5,39.0,38.3,38.0,36.0,32.4,30.1,27.0,25.4,22.2,19.6,14.9,10.3,6.2,2.2,47.5,49.2,50.4,13.1,0.7,74.5,17.8,24.5,81.3,,,OBAnorm,,LD831_01996v2.403,,,,0,0
GLBALSTL,2024-05-24 01:45:14.000,25.3,26.6,26.9,25.4,27.0,27.3,29.0,26.8,29.5,32.0,31.2,31.6,33.8,33.8,36.2,38.3,39.1,38.4,37.8,37.8,37.0,36.2,34.0,31.2,28.5,25.9,23.8,21.2,17.0,12.7,8.0,4.5,1.7,46.1,48.0,48.6,13.1,0.6,74.6,17.8,24.5,81.3,,,OBAnorm,,LD831_01996v2.403,,,,0,0
GLBALSTL,2024-05-24 01:45:15.000,21.2,25.7,28.9,29.0,30.7,29.4,27.3,28.8,29.2,29.0,31.2,28.2,35.6,35.7,37.8,38.1,38.7,39.0,38.9,38.4,38.0,37.1,35.0,32.6,29.7,27.1,26.5,23.3,21.2,17.2,13.0,7.7,3.9,47.1,48.7,49.2,13.1,0.6,74.5,17.8,24.5,81.3,,,OBAnorm,,LD831_01996v2.403,,,,0,0
GLBALSTL,2024-05-24 01:45:16.000,25.8,26.3,30.7,26.0,24.1,25.7,29.3,26.4,28.0,31.5,30.7,32.1,34.7,36.4,36.0,38.8,39.6,40.3,39.2,38.8,38.3,36.8,34.9,32.2,29.5,26.6,23.9,21.8,16.9,12.8,8.1,4.8,1.6,47.1,48.9,49.3,13.1,0.6,74.5,17.9,24.6,81.3,,,OBAnorm,,LD831_01996v2.403,,,,0,0
GLBALSTL,2024-05-24 01:45:17.000,23.8,26.3,29.6,29.8,27.3,29.5,26.9,28.4,27.1,30.9,32.6,29.9,30.0,33.4,35.7,37.4,38.3,38.9,38.9,38.8,37.7,37.3,35.5,32.7,30.1,27.5,24.9,22.3,20.4,15.8,11.8,6.9,3.0,46.9,48.3,48.6,13.1,0.5,74.5,17.8,24.6,81.3,,,OBAnorm,,LD831_01996v2.403,,,,0,0
GLBALSTL,2024-05-24 01:45:18.000,25.0,26.2,30.2,25.5,27.5,23.2,30.6,28.4,27.1,31.1,32.7,29.4,32.0,34.1,35.2,38.8,39.4,40.0,40.5,39.2,38.8,38.8,36.3,34.1,30.7,28.2,26.1,22.9,20.6,16.2,11.5,6.9,2.7,48.0,49.4,49.8,13.1,0.5,74.5,17.8,24.6,81.3,,,OBAnorm,,LD831_01996v2.403,,,,0,0
GLBALSTL,2024-05-24 01:45:19.000,25.4,25.2,27.4,24.8,28.1,28.7,27.6,28.4,29.0,29.7,32.6,30.5,34.6,35.3,37.0,38.1,38.8,40.0,39.8,40.2,39.9,39.1,36.3,33.6,30.9,28.2,26.2,22.5,20.7,15.8,10.9,6.7,2.8,48.1,49.3,49.6,13.1,0.5,74.5,17.9,24.6,81.3,,,OBAnorm,,LD831_01996v2.403,,,,0,0
GLBALSTL,2024-05-24 01:45:20.000,24.9,26.5,32.4,30.4,28.3,28.3,29.0,28.3,28.5,30.6,31.6,29.2,30.7,34.1,36.4,37.7,38.5,40.0,39.5,39.3,39.0,37.7,35.8,33.3,31.0,28.1,26.2,22.8,19.8,15.7,10.5,6.7,3.0,47.5,48.8,49.1,13.1,0.5,74.5,17.9,24.6,81.3,,,OBAnorm,,LD831_01996v2.403,,,,0,0
GLBALSTL,2024-05-24 01:45:21.000,20.7,26.4,29.2,29.3,25.0,28.0,27.4,29.1,27.0,30.4,32.1,32.0,32.2,34.5,36.2,37.5,38.8,39.0,39.1,38.1,37.5,36.5,34.2,31.8,28.6,25.8,23.1,19.7,16.3,12.3,8.3,4.6,1.9,46.5,48.3,48.6,13.1,0.5,74.5,17.8,24.5,81.3,,,OBAnorm,,LD831_01996v2.403,,,,0,0
GLBALSTL,2024-05-24 01:45:22.000,19.2,25.7,28.5,29.3,27.3,28.3,27.1,29.8,28.1,31.4,32.6,29.0,30.6,32.7,35.8,37.5,38.3,38.2,38.6,37.8,37.0,35.3,34.4,31.4,28.7,25.6,22.9,19.7,15.9,11.8,7.3,4.2,1.6,46.1,47.7,48.3,13.1,0.4,74.5,17.8,24.5,81.3,,,OBAnorm,,LD831_01996v2.403,,,,0,0
GLBALSTL,2024-05-24 01:45:23.000,21.8,28.0,30.9,28.6,26.9,28.9,26.6,31.0,31.2,33.4,32.3,36.5,31.0,32.9,34.5,36.3,38.3,38.9,38.6,37.8,37.5,36.3,34.4,32.0,29.0,26.1,23.0,20.1,17.3,13.7,9.0,5.1,2.1,46.4,48.2,48.5,13.1,0.3,74.6,17.9,24.5,81.3,,,OBAnorm,,LD831_01996v2.403,,,,0,0
GLBALSTL,2024-05-24 01:45:24.000,25.5,29.2,25.9,27.1,25.6,27.6,26.6,29.5,29.2,30.6,32.5,29.8,34.0,35.1,34.1,38.1,38.3,38.6,37.8,37.6,36.7,36.0,34.2,31.2,28.4,25.6,23.3,20.2,16.7,12.6,9.0,4.7,1.8,45.9,47.8,48.0,13.1,0.3,74.5,17.8,24.5,81.3,,,OBAnorm,,LD831_01996v2.403,,,,0,0
GLBALSTL,2024-05-24 01:45:25.000,24.1,28.5,23.4,27.7,24.6,25.6,30.9,31.2,27.8,31.7,31.6,27.3,29.7,32.7,34.5,35.9,37.9,37.0,36.6,36.9,35.6,34.8,32.7,30.1,28.1,24.9,22.7,19.7,15.3,11.9,7.6,4.4,1.7,44.8,46.7,47.3,13.1,0.3,74.5,17.8,24.5,81.3,,,OBAnorm,,LD831_01996v2.403,,,,0,0
GLBALSTL,2024-05-24 01:45:26.000,22.9,25.3,30.3,27.2,26.3,27.8,28.6,28.2,28.2,31.6,32.1,31.0,31.9,33.7,33.4,36.5,37.6,38.6,38.5,37.9,36.5,36.3,34.9,32.1,28.5,25.8,23.1,20.2,16.4,12.4,8.0,4.6,1.8,46.1,47.7,48.0,13.1,0.3,74.6,17.8,24.5,81.3,,,OBAnorm,,LD831_01996v2.403,,,,0,0
GLBALSTL,2024-05-24 01:45:27.000,17.0,25.6,31.0,30.2,28.4,27.9,27.9,30.8,27.0,31.5,32.1,29.6,31.2,34.8,35.4,37.3,37.4,38.1,38.1,37.4,37.2,36.1,34.2,31.3,29.0,26.2,24.3,21.7,19.1,14.4,10.0,5.9,2.3,46.0,47.7,48.4,13.1,0.3,74.6,17.8,24.3,79.5,,,OBAnorm,,LD831_01996v2.403,,,,0,0
GLBALSTL,2024-05-24 01:45:28.000,21.7,25.6,25.8,21.5,25.1,27.6,29.6,29.3,27.8,30.6,30.9,28.5,29.6,32.3,33.1,35.3,36.3,37.5,37.6,36.5,36.7,35.3,33.5,31.0,28.5,25.4,23.1,19.4,16.0,12.4,8.0,4.6,1.7,45.0,46.5,47.3,13.1,0.2,74.5,17.8,24.4,79.5,,,OBAnorm,,LD831_01996v2.403,,,,0,0
GLBALSTL,2024-05-24 01:45:29.000,22.4,24.8,28.2,25.7,26.9,28.3,28.3,28.6,29.9,31.7,32.4,29.7,30.6,32.5,33.6,36.7,37.1,37.5,37.8,37.6,37.3,36.1,34.0,31.4,28.3,26.0,23.4,20.2,18.0,14.2,9.9,5.1,2.2,45.7,47.4,49.1,13.1,0.2,74.5,17.8,24.7,80.7,,,OBAnorm,,LD831_01996v2.403,,,,0,0
GLBALSTL,2024-05-24 01:45:30.000,23.8,27.9,28.3,26.9,28.9,30.1,29.5,29.5,30.4,31.3,31.8,29.3,31.1,32.7,34.8,35.5,36.7,37.7,37.2,37.7,36.5,34.9,33.4,31.1,28.3,25.9,22.5,20.2,17.0,14.5,9.5,4.9,1.9,45.3,47.0,49.4,13.1,0.2,74.5,17.8,24.7,80.7,,,OBAnorm,,LD831_01996v2.403,,,,0,0
GLBALSTL,2024-05-24 01:45:31.000,25.5,22.7,26.5,30.2,27.5,28.3,25.3,29.0,28.4,31.1,30.6,29.9,28.8,31.3,33.5,36.0,37.2,38.1,38.1,37.0,35.4,35.0,33.7,30.6,27.8,24.5,21.6,18.3,14.7,10.4,6.9,3.8,1.6,45.3,47.0,48.4,13.1,0.2,74.6,17.8,24.8,80.7,,,OBAnorm,,LD831_01996v2.403,,,,0,0
GLBALSTL,2024-05-24 01:45:32.000,25.2,27.7,27.6,30.5,26.1,28.2,28.0,26.8,30.6,29.7,30.4,28.5,30.8,34.0,34.1,36.2,36.6,37.8,37.6,37.7,36.6,35.1,33.3,31.2,28.1,24.6,21.5,19.3,15.3,10.6,7.1,4.2,1.6,45.4,47.0,47.9,13.1,0.2,74.6,17.8,24.8,80.7,,,OBAnorm,,LD831_01996v2.403,,,,0,0
GLBALSTL,2024-05-24 01:45:33.000,23.3,30.0,31.0,27.8,27.2,27.2,29.2,28.5,28.0,31.7,32.3,31.0,32.1,34.1,32.1,36.5,36.3,37.3,37.6,37.2,36.0,35.3,33.3,30.9,27.4,24.8,21.3,18.2,15.0,10.5,6.6,3.7,1.5,45.2,47.0,48.6,13.1,0.2,74.5,17.8,24.8,80.7,,,OBAnorm,,LD831_01996v2.403,,,,0,0
GLBALSTL,2024-05-24 01:45:34.000,26.6,27.0,29.3,26.8,26.0,29.9,28.8,27.1,28.1,31.3,31.7,27.9,31.7,34.2,35.1,36.9,37.8,38.2,37.6,37.3,37.7,36.3,34.6,31.4,28.6,25.3,22.6,19.2,15.1,11.6,7.3,4.3,1.7,45.9,47.5,50.0,13.1,0.2,74.5,17.8,24.8,80.7,,,OBAnorm,,LD831_01996v2.403,,,,0,0
GLBALSTL,2024-05-24 01:45:35.000,23.5,29.2,29.9,27.2,28.0,28.0,29.0,29.5,29.5,30.5,32.1,28.9,29.8,32.8,33.1,36.4,36.6,37.0,37.8,37.0,36.3,34.8,32.5,30.5,27.3,24.4,21.4,18.9,15.6,11.0,6.9,4.1,1.4,44.9,46.7,50.2,13.1,0.2,74.5,17.8,24.8,80.7,,,OBAnorm,,LD831_01996v2.403,,,,0,0
GLBALSTL,2024-05-24 01:45:36.000,24.7,27.7,30.4,26.3,27.6,30.6,27.8,29.2,28.6,31.4,32.3,30.9,33.1,35.2,36.0,38.2,38.8,39.5,39.3,37.8,37.0,36.5,34.3,31.9,29.2,26.2,23.4,19.3,17.0,13.3,8.5,5.0,2.0,46.6,48.4,49.4,13.1,0.2,74.5,17.8,24.8,80.7,,,OBAnorm,,LD831_01996v2.403,,,,0,0
GLBALSTL,2024-05-24 01:45:37.000,27.5,26.8,29.5,24.1,26.5,26.6,27.2,29.7,26.9,30.8,30.0,28.4,29.8,32.8,34.8,36.8,37.1,38.8,38.5,37.6,37.4,36.5,34.3,31.5,28.4,25.7,22.5,19.9,15.9,11.5,7.0,3.9,1.5,46.0,47.5,48.3,13.1,0.1,74.5,17.8,24.8,80.7,,,OBAnorm,,LD831_01996v2.403,,,,0,0
GLBALSTL,2024-05-24 01:45:38.000,25.6,25.5,26.6,29.2,27.2,25.6,28.9,28.5,28.8,33.5,30.8,28.2,26.8,31.1,33.6,34.8,35.9,36.7,36.6,35.5,35.2,33.9,31.8,29.2,26.2,23.1,21.5,17.7,14.7,10.0,6.2,3.6,1.6,44.1,46.0,46.9,13.1,0.0,74.5,17.9,24.8,80.7,,,OBAnorm,,LD831_01996v2.403,,,,0,0
GLBALSTL,2024-05-24 01:45:39.000,23.8,26.3,29.7,27.8,28.2,28.8,26.8,29.2,30.0,30.4,31.2,30.9,30.9,34.3,35.7,36.7,37.4,38.4,37.1,37.2,36.5,35.2,32.9,30.5,27.3,24.9,21.8,19.9,16.1,13.6,8.2,4.5,1.5,45.4,47.4,48.4,13.1,0.0,74.5,17.8,24.9,80.7,,,OBAnorm,,LD831_01996v2.403,,,,0,0
GLBALSTL,2024-05-24 01:45:40.000,24.4,23.9,27.7,28.7,29.8,27.6,31.2,29.2,30.1,32.4,32.3,34.7,36.3,35.4,36.0,37.3,38.1,38.6,38.7,38.5,38.0,37.2,35.4,32.2,29.3,27.1,25.0,21.7,18.4,15.1,10.9,7.0,2.7,46.7,48.5,49.2,13.1,0.0,74.5,17.8,24.9,80.7,,,OBAnorm,,LD831_01996v2.403,,,,0,0
GLBALSTL,2024-05-24 01:45:41.000,21.7,28.0,30.7,28.6,26.2,27.9,31.0,30.2,27.6,31.5,33.9,31.5,30.1,34.1,34.6,35.7,36.6,37.3,36.6,36.7,36.4,35.3,33.6,30.8,27.1,24.8,22.3,20.3,16.2,11.6,7.7,4.1,1.5,45.2,47.1,48.1,13.1,0.0,74.5,17.8,25.0,80.8,,,OBAnorm,,LD831_01996v2.403,,,,0,0
GLBALSTL,2024-05-24 01:45:42.000,25.7,27.6,26.3,28.1,28.5,28.2,27.0,28.3,29.4,32.9,32.5,32.5,33.4,35.0,37.1,38.6,37.2,39.6,39.5,39.0,38.4,37.1,35.2,32.7,30.4,28.5,26.0,23.4,20.2,15.7,11.1,6.5,2.7,47.1,48.8,51.4,13.1,0.0,74.5,17.8,25.1,80.8,,,OBAnorm,,LD831_01996v2.403,,,,0,0
GLBALSTL,2024-05-24 01:45:43.000,24.8,24.5,28.4,29.2,30.3,31.4,27.9,28.5,28.5,33.3,32.3,31.7,34.5,35.3,35.6,36.9,38.1,38.1,38.9,38.2,37.7,36.2,34.4,31.7,29.4,26.8,24.1,21.0,17.9,13.9,9.5,5.6,2.4,46.3,48.1,50.4,13.1,0.0,74.5,17.9,25.3,80.8,,,OBAnorm,,LD831_01996v2.403,,,,0,0
GLBALSTL,2024-05-24 01:45:44.000,22.7,26.4,27.6,30.2,26.8,26.9,28.6,27.3,30.0,32.8,32.9,30.0,30.3,33.1,35.5,35.3,36.6,38.4,37.5,37.6,36.3,35.4,33.1,30.6,27.4,24.7,21.8,19.0,14.6,10.1,6.7,3.7,1.5,45.4,47.2,48.0,13.1,0.0,74.5,17.9,25.4,80.8,,,OBAnorm,,LD831_01996v2.403,,,,0,0
GLBALSTL,2024-05-24 01:45:45.000,21.1,27.6,25.0,26.9,28.6,26.1,29.2,27.8,28.6,32.9,32.1,31.2,36.1,34.7,36.0,36.7,38.5,38.2,38.0,38.0,37.0,36.0,34.3,32.7,29.2,27.0,25.0,22.2,19.3,15.1,10.5,6.0,2.6,46.1,48.2,49.7,13.1,0.0,74.5,17.8,25.5,80.8,,,OBAnorm,,LD831_01996v2.403,,,,0,0
GLBALSTL,2024-05-24 01:45:46.000,26.6,26.5,26.2,29.3,25.2,27.4,29.5,29.3,31.1,33.0,34.7,35.8,35.2,35.0,35.0,37.3,37.0,38.1,37.6,37.2,36.8,35.0,32.7,29.9,27.0,24.3,21.8,19.1,14.8,11.0,6.9,4.1,1.5,45.3,47.7,48.5,13.1,0.0,74.5,17.8,25.5,80.8,,,OBAnorm,,LD831_01996v2.403,,,,0,0
GLBALSTL,2024-05-24 01:45:47.000,21.4,23.9,25.7,29.4,27.8,28.1,29.2,28.3,27.2,31.6,33.7,29.7,29.9,33.0,34.3,35.7,37.1,37.1,37.7,37.6,37.6,36.1,34.9,32.7,29.4,27.4,25.1,21.9,19.7,17.0,11.8,6.6,3.0,46.1,47.4,48.2,13.1,0.0,74.5,17.9,25.5,80.8,,,OBAnorm,,LD831_01996v2.403,,,,0,0
GLBALSTL,2024-05-24 01:45:48.000,28.3,27.5,27.6,29.3,24.8,26.8,28.8,28.2,29.2,32.1,32.4,34.4,33.1,35.2,35.0,35.8,37.6,38.7,39.3,39.0,38.4,37.7,35.8,33.6,31.0,28.7,26.8,23.5,20.6,16.9,11.8,7.2,3.4,47.1,48.5,49.1,13.1,0.0,74.6,17.9,25.6,80.9,,,OBAnorm,,LD831_01996v2.403,,,,0,0
GLBALSTL,2024-05-24 01:45:49.000,28.7,29.8,31.6,28.4,28.3,27.7,26.2,28.0,27.6,30.6,33.7,29.9,33.6,33.9,33.4,36.5,36.8,37.5,36.2,36.4,36.1,34.8,32.5,30.3,27.4,24.3,21.9,19.7,16.0,12.2,7.8,4.4,1.8,44.8,46.9,47.6,13.1,0.0,74.6,17.8,25.6,80.9,,,OBAnorm,,LD831_01996v2.403,,,,0,0
GLBALSTL,2024-05-24 01:45:50.000,26.7,30.3,27.1,31.4,26.7,30.0,26.8,27.0,29.7,31.1,31.4,30.2,30.7,33.7,34.8,37.5,38.6,38.5,38.7,39.7,39.4,38.4,36.5,33.9,31.0,28.8,26.2,23.7,20.7,17.3,11.8,7.6,3.2,47.7,48.8,49.3,13.1,0.0,74.5,17.9,25.6,80.9,,,OBAnorm,,LD831_01996v2.403,,,,0,0
GLBALSTL,2024-05-24 01:45:51.000,24.8,29.1,27.1,29.9,27.4,27.0,28.7,29.7,29.3,31.9,32.1,33.7,34.1,34.6,34.7,36.3,37.9,38.2,39.4,38.1,38.0,37.0,35.1,32.3,29.3,26.9,24.8,22.6,19.0,14.9,10.2,6.4,2.6,46.5,48.1,49.1,13.1,0.0,74.5,17.8,25.7,80.9,,,OBAnorm,,LD831_01996v2.403,,,,0,0
GLBALSTL,2024-05-24 01:45:52.000,26.1,25.7,30.6,27.8,28.6,30.5,29.0,27.5,28.0,32.5,33.2,28.6,31.7,33.8,34.1,36.4,36.9,38.2,38.4,38.5,37.8,36.6,34.6,31.9,29.0,26.9,24.9,21.7,18.8,15.0,10.1,6.1,2.5,46.3,47.8,50.1,13.1,0.0,74.5,17.8,25.9,80.9,,,OBAnorm,,LD831_01996v2.403,,,,0,0
GLBALSTL,2024-05-24 01:45:53.000,23.8,27.1,26.8,28.4,25.7,28.4,29.2,28.4,28.0,29.0,30.9,32.1,34.3,35.1,35.9,36.7,37.5,38.0,39.1,39.1,39.4,38.7,36.8,35.1,32.4,30.1,28.8,25.8,24.2,20.7,16.1,10.3,5.3,47.8,48.7,51.1,13.1,0.0,74.5,17.8,26.0,80.9,,,OBAnorm,,LD831_01996v2.403,,,,0,0
GLBALSTL,2024-05-24 01:45:54.000,19.8,27.8,30.4,31.8,26.2,31.8,27.3,30.1,26.8,28.1,31.3,30.5,30.7,33.1,34.1,36.6,38.3,38.5,37.5,37.5,36.8,36.0,34.1,31.8,28.3,26.0,23.0,20.1,16.9,12.7,8.4,4.8,1.9,45.9,47.5,51.0,13.1,0.0,74.6,17.9,26.2,81.0,,,OBAnorm,,LD831_01996v2.403,,,,0,0
GLBALSTL,2024-05-24 01:45:55.000,23.9,23.2,26.3,25.9,25.6,28.2,27.5,25.5,28.4,31.0,31.5,30.4,31.7,33.1,35.5,37.6,38.7,38.1,38.0,39.1,40.2,40.2,37.9,34.5,32.3,30.5,29.4,26.4,25.1,20.8,16.0,10.6,5.5,48.2,48.9,50.3,13.1,0.0,74.5,17.9,26.3,81.0,,,OBAnorm,,LD831_01996v2.403,,,,0,0
GLBALSTL,2024-05-24 01:45:56.000,27.7,26.2,29.0,25.0,26.8,27.7,28.6,28.7,28.3,30.4,30.2,30.1,32.1,32.8,35.4,37.1,37.1,37.9,38.0,38.6,38.0,37.0,35.2,32.6,29.5,27.0,25.0,22.2,19.0,15.5,10.3,6.5,2.8,46.6,48.2,49.2,13.1,0.0,74.6,17.8,26.9,81.1,,,OBAnorm,,LD831_01996v2.403,,,,0,0
GLBALSTL,2024-05-24 01:45:57.000,21.8,24.7,29.3,29.4,27.4,26.4,29.6,29.9,27.1,29.7,31.2,31.1,35.4,34.3,35.1,37.2,38.3,39.4,38.7,38.0,37.6,35.5,33.8,31.0,27.5,24.7,21.8,19.3,15.7,12.2,8.0,4.7,1.9,46.3,47.9,48.5,13.1,0.0,74.6,17.8,28.4,81.4,,,OBAnorm,,LD831_01996v2.403,,,,0,0
GLBALSTL,2024-05-24 01:45:58.000,24.5,28.3,25.4,25.8,24.4,28.4,30.2,28.7,26.3,30.1,31.4,28.6,31.5,34.0,34.6,36.2,38.3,39.1,39.4,38.9,38.0,37.5,35.9,33.4,31.0,30.2,27.0,24.0,21.1,17.2,12.2,7.4,3.4,47.1,48.3,48.8,13.1,0.0,74.5,18.0,27.8,81.2,,,OBAnorm,,LD831_01996v2.403,,,,0,0
GLBALSTL,2024-05-24 01:45:59.000,23.9,27.5,25.1,24.3,25.8,28.3,28.3,27.7,25.8,29.5,29.2,28.6,32.3,33.2,34.8,36.4,38.1,38.2,37.8,37.2,36.9,35.5,33.7,31.5,28.2,25.4,23.6,20.8,17.2,13.4,9.1,5.2,2.3,45.6,47.3,47.9,13.1,0.0,74.5,17.9,26.5,81.0,,,OBAnorm,,LD831_01996v2.403,,,,0,0
GLBALSTL,2024-05-24 01:46:00.000,26.2,29.0,28.3,28.4,24.4,28.8,29.7,29.8,26.8,30.6,31.5,27.4,31.7,33.7,35.0,35.4,36.7,37.4,37.5,37.4,37.2,36.6,34.3,31.9,29.1,26.8,24.6,21.0,18.9,14.6,10.2,6.4,2.7,45.7,47.2,47.9,13.1,0.0,74.5,17.9,27.1,81.1,,,OBAnorm,,LD831_01996v2.403,,,,0,0
GLBALSTL,2024-05-24 01:46:01.000,25.1,28.7,27.3,29.4,28.6,26.4,27.9,27.1,28.6,29.9,29.9,29.7,31.6,34.6,35.0,36.8,37.4,38.2,38.3,37.7,37.3,35.5,34.0,31.5,28.2,26.0,23.4,20.0,16.5,12.6,8.2,4.9,2.1,45.9,47.4,48.7,13.1,0.0,74.6,17.8,27.4,81.2,,,OBAnorm,,LD831_01996v2.403,,,,0,0
GLBALSTL,2024-05-24 01:46:02.000,26.3,26.2,28.8,24.7,28.5,28.0,28.1,26.5,29.5,28.8,29.9,28.6,28.7,31.9,33.0,36.5,37.6,38.5,38.0,37.8,36.9,35.4,33.6,31.7,27.8,25.3,22.1,18.9,16.1,11.9,8.0,4.6,1.8,45.5,46.9,47.6,13.1,0.0,74.6,17.8,27.4,81.2,,,OBAnorm,,LD831_01996v2.403,,,,0,0
GLBALSTL,2024-05-24 01:46:03.000,25.2,27.8,26.4,26.6,25.3,27.3,29.8,29.0,27.9,28.0,29.8,25.8,29.2,31.4,33.3,35.8,36.8,37.4,37.2,36.6,35.9,34.7,32.8,30.1,27.2,24.4,22.1,18.8,16.3,11.7,8.7,4.1,1.6,45.0,46.6,47.1,13.1,0.0,74.6,17.8,27.3,81.2,,,OBAnorm,,LD831_01996v2.403,,,,0,0
GLBALSTL,2024-05-24 01:46:04.000,26.4,25.3,26.2,27.6,24.1,26.6,29.7,28.0,28.7,27.8,29.6,27.2,28.5,31.8,33.6,33.6,37.5,37.6,38.1,36.8,36.7,35.5,33.5,30.8,27.9,25.4,21.9,19.4,15.6,10.9,6.9,3.8,1.5,45.3,46.7,47.1,13.1,0.0,74.6,17.9,27.6,81.2,,,OBAnorm,,LD831_01996v2.403,,,,0,0
GLBALSTL,2024-05-24 01:46:05.000,18.3,28.5,27.6,26.6,25.6,28.0,28.7,27.7,27.5,29.4,30.2,28.3,32.9,34.7,34.5,35.7,36.8,37.5,38.0,37.2,36.9,35.9,33.8,31.0,28.0,25.5,22.6,20.5,16.4,12.2,8.4,5.7,1.6,45.5,47.1,47.6,13.1,0.0,74.6,17.9,29.5,81.5,,,OBAnorm,,LD831_01996v2.403,,,,0,0
GLBALSTL,2024-05-24 01:46:06.000,21.6,28.7,28.4,25.9,26.6,27.1,29.0,28.8,27.6,27.8,28.7,28.2,29.4,32.0,34.8,35.9,38.1,38.0,37.9,37.1,36.3,34.4,32.6,30.0,27.3,24.3,21.7,18.8,15.9,10.4,6.5,3.6,1.4,45.1,46.7,47.4,13.1,0.0,74.6,17.9,31.1,81.8,,,OBAnorm,,LD831_01996v2.403,,,,0,0
GLBALSTL,2024-05-24 01:46:07.000,24.9,27.0,28.8,27.0,25.0,27.5,28.7,27.5,26.3,28.6,30.3,29.0,30.0,34.0,35.3,36.2,37.6,39.0,38.8,38.2,37.5,36.4,34.6,32.7,29.6,27.6,25.3,22.7,19.1,14.5,9.4,5.4,2.0,46.6,47.9,48.2,13.1,0.0,74.6,17.9,31.0,81.8,,,OBAnorm,,LD831_01996v2.403,,,,0,0
GLBALSTL,2024-05-24 01:46:08.000,19.1,25.0,25.0,27.3,24.3,25.9,28.7,29.4,29.2,29.5,29.3,30.3,32.9,33.5,33.0,35.0,35.9,38.1,37.1,37.2,36.5,34.8,32.7,30.1,27.6,25.3,22.5,20.0,17.1,12.8,7.8,4.3,1.7,45.0,46.7,47.0,13.1,0.0,74.6,17.8,30.9,81.8,,,OBAnorm,,LD831_01996v2.403,,,,0,0
GLBALSTL,2024-05-24 01:46:09.000,29.6,25.9,27.3,24.2,25.6,27.8,28.1,25.6,27.3,28.6,31.0,31.5,34.8,33.6,35.6,37.4,37.8,38.7,38.7,38.4,37.4,36.3,34.8,31.8,29.0,26.0,23.6,21.0,17.4,12.6,8.0,4.9,2.1,46.4,48.1,48.5,13.1,0.1,74.6,17.8,30.7,81.8,,,OBAnorm,,LD831_01996v2.403,,,,0,0
GLBALSTL,2024-05-24 01:46:10.000,23.4,22.9,26.7,28.2,26.5,27.8,29.7,25.7,25.9,29.8,30.6,29.9,31.4,32.3,34.9,35.6,37.8,38.3,38.2,38.1,38.0,36.4,35.2,32.6,29.3,27.1,24.8,21.6,19.3,15.5,12.0,6.3,2.5,46.3,47.6,48.0,13.1,0.3,74.6,17.9,30.8,81.8,,,OBAnorm,,LD831_01996v2.403,,,,0,0
GLBALSTL,2024-05-24 01:46:11.000,23.2,25.6,28.1,30.1,26.6,28.1,28.9,26.3,28.8,30.6,31.4,31.7,32.9,34.7,34.3,35.5,36.9,38.2,36.5,36.9,36.3,35.3,33.7,30.8,28.0,25.4,23.0,19.8,16.9,12.1,8.8,5.0,2.0,45.2,46.9,47.4,13.1,0.4,74.6,17.9,30.9,81.8,,,OBAnorm,,LD831_01996v2.403,,,,0,0
GLBALSTL,2024-05-24 01:46:12.000,21.6,27.6,26.8,27.8,24.5,27.6,28.4,28.4,25.5,32.2,29.6,31.0,32.4,31.3,33.5,34.6,36.5,38.3,37.7,37.3,37.0,36.5,35.6,31.6,29.4,26.7,24.5,21.2,18.6,14.2,9.9,5.9,2.3,45.9,47.2,47.8,13.1,0.5,74.6,17.8,30.7,81.8,,,OBAnorm,,LD831_01996v2.403,,,,0,0
GLBALSTL,2024-05-24 01:46:13.000,26.0,27.7,29.0,23.0,26.3,26.3,26.0,28.3,27.6,28.9,30.3,27.2,30.8,33.6,34.9,35.4,38.1,37.4,39.0,37.9,37.9,36.9,35.5,33.4,29.5,27.2,25.1,22.6,19.7,15.0,10.9,6.5,2.8,46.6,47.8,48.2,13.1,0.5,74.6,17.8,30.5,81.7,,,OBAnorm,,LD831_01996v2.403,,,,0,0
GLBALSTL,2024-05-24 01:46:14.000,22.6,29.8,26.6,28.0,26.1,27.4,28.0,28.4,28.7,28.4,30.2,29.9,33.8,34.7,35.7,37.7,38.8,39.4,38.4,38.9,38.0,37.2,35.5,32.3,29.6,27.0,24.9,21.7,17.7,13.7,9.5,5.6,2.1,46.9,48.4,48.6,13.1,0.5,74.6,17.8,30.6,81.7,,,OBAnorm,,LD831_01996v2.403,,,,0,0
GLBALSTL,2024-05-24 01:46:15.000,25.3,28.7,30.4,28.9,24.2,24.9,26.3,27.6,28.5,30.2,31.7,29.3,31.4,33.3,33.8,36.0,37.9,39.2,39.0,38.8,38.6,37.1,35.9,33.6,30.0,27.5,25.6,22.8,19.5,16.4,10.8,6.7,2.8,47.0,48.1,48.4,13.1,0.5,74.6,17.8,30.5,81.7,,,OBAnorm,,LD831_01996v2.403,,,,0,0
GLBALSTL,2024-05-24 01:46:16.000,25.7,26.1,26.9,26.6,27.6,26.4,28.9,27.7,27.0,29.2,30.6,30.5,34.2,35.5,36.4,38.9,39.7,41.4,40.0,39.6,39.3,38.6,36.5,34.2,31.2,27.5,25.0,21.4,18.8,14.9,10.7,6.3,2.6,48.3,49.7,49.9,13.1,0.5,74.6,17.8,30.3,81.7,,,OBAnorm,,LD831_01996v2.403,,,,0,0
GLBALSTL,2024-05-24 01:46:17.000,23.5,27.8,25.6,24.9,26.4,28.0,27.7,28.2,27.3,30.0,30.6,26.8,31.7,34.0,34.7,37.9,39.9,40.7,38.7,39.0,38.2,37.8,35.3,32.5,29.5,26.4,23.4,20.1,16.1,12.3,7.3,4.4,1.9,47.2,48.7,48.9,13.1,0.4,74.6,17.8,30.4,81.7,,,OBAnorm,,LD831_01996v2.403,,,,0,0
GLBALSTL,2024-05-24 01:46:18.000,23.6,23.6,25.2,27.7,27.1,26.5,27.7,26.5,27.9,29.7,29.7,31.9,32.4,34.3,34.5,35.8,36.4,37.1,38.0,37.7,37.3,36.2,34.9,31.4,28.1,25.7,23.8,20.4,18.3,14.6,10.4,5.4,2.2,45.8,47.2,47.6,13.1,0.4,74.6,17.8,30.2,81.7,,,OBAnorm,,LD831_01996v2.403,,,,0,0
GLBALSTL,2024-05-24 01:46:19.000,24.7,22.7,26.8,22.5,25.3,29.6,28.5,25.9,28.8,28.3,30.0,27.1,27.6,31.1,33.4,35.5,37.5,39.3,39.0,37.3,37.5,36.7,34.2,31.0,28.5,26.3,23.0,20.0,16.5,12.3,8.0,4.7,1.9,46.3,47.6,47.9,13.1,0.5,74.6,17.8,30.1,81.7,,,OBAnorm,,LD831_01996v2.403,,,,0,0
GLBALSTL,2024-05-24 01:46:20.000,22.8,27.4,28.3,28.4,27.3,27.7,26.4,27.4,27.7,28.3,31.6,28.0,34.2,34.7,37.4,38.4,40.4,41.0,40.8,39.7,39.0,38.9,36.0,33.4,30.1,27.5,24.1,20.5,17.0,11.9,8.0,4.5,1.6,48.1,49.5,49.7,13.1,0.4,74.6,17.8,30.3,81.7,,,OBAnorm,,LD831_01996v2.403,,,,0,0
GLBALSTL,2024-05-24 01:46:21.000,25.5,29.8,29.8,26.8,26.9,27.5,29.7,28.2,26.8,29.6,34.7,33.7,35.3,36.1,35.3,36.1,36.6,37.6,38.0,37.1,36.6,34.7,32.9,29.4,27.0,24.4,21.6,19.6,15.4,11.8,7.3,4.1,1.5,45.1,47.6,48.0,13.1,0.4,74.6,17.8,30.1,81.7,,,OBAnorm,,LD831_01996v2.403,,,,0,0
GLBALSTL,2024-05-24 01:46:22.000,21.2,26.7,27.3,22.3,29.9,28.2,29.0,28.6,27.9,28.9,34.2,33.5,34.2,32.9,34.2,35.8,36.8,36.5,37.2,36.5,36.2,35.6,33.8,30.4,27.1,25.4,22.6,19.6,16.4,12.5,8.6,5.0,1.9,44.9,46.7,47.2,13.1,0.4,74.6,17.8,29.8,81.6,,,OBAnorm,,LD831_01996v2.403,,,,0,0
GLBALSTL,2024-05-24 01:46:23.000,25.3,24.2,24.6,24.2,27.9,26.0,26.4,26.7,28.1,29.8,29.2,27.2,29.4,33.0,34.2,36.8,37.9,38.2,38.0,37.8,37.3,36.1,33.9,31.3,28.7,25.9,22.6,19.3,15.0,11.2,7.0,4.1,1.5,45.9,47.4,47.8,13.1,0.4,74.6,17.9,29.7,81.6,,,OBAnorm,,LD831_01996v2.403,,,,0,0
GLBALSTL,2024-05-24 01:46:24.000,25.7,24.3,28.6,23.5,25.3,27.5,29.3,27.9,29.9,31.5,31.0,30.2,34.9,36.2,34.1,35.6,37.3,38.4,36.6,36.6,37.0,35.9,33.1,30.4,27.7,24.9,22.4,19.9,17.3,13.1,8.5,4.5,1.9,45.5,47.4,47.8,13.1,0.6,74.5,17.8,29.6,81.6,,,OBAnorm,,LD831_01996v2.403,,,,0,0
GLBALSTL,2024-05-24 01:46:25.000,21.5,27.3,26.2,26.8,28.8,24.4,29.1,28.7,26.7,28.9,30.9,30.2,32.2,32.8,34.3,35.1,36.5,37.3,37.8,36.7,36.8,35.9,33.6,31.7,28.5,26.4,24.5,20.8,17.5,13.5,9.6,5.2,2.1,45.3,46.7,47.3,13.1,0.8,74.6,17.8,29.6,81.6,,,OBAnorm,,LD831_01996v2.403,,,,0,0
GLBALSTL,2024-05-24 01:46:26.000,23.3,28.3,26.8,24.0,25.3,26.4,28.1,27.3,26.0,27.4,30.5,28.5,30.8,31.9,31.4,35.9,36.5,37.5,36.4,36.6,35.1,33.9,32.2,29.0,26.8,23.5,21.1,18.6,14.9,10.6,6.7,3.9,1.5,44.4,46.2,46.6,13.1,0.9,74.5,17.8,29.4,81.5,,,OBAnorm,,LD831_01996v2.403,,,,0,0
GLBALSTL,2024-05-24 01:46:27.000,26.2,27.2,28.5,27.5,26.8,27.6,26.9,26.5,24.8,29.5,28.7,27.7,31.1,30.9,33.7,35.9,37.2,38.4,37.4,37.2,37.5,37.3,34.5,32.1,29.2,27.1,24.8,21.9,18.5,14.4,10.9,6.7,2.8,46.1,47.3,48.0,13.1,0.9,74.6,17.9,29.4,81.5,,,OBAnorm,,LD831_01996v2.403,,,,0,0
GLBALSTL,2024-05-24 01:46:28.000,21.9,27.5,27.3,28.7,26.7,25.5,27.7,27.2,27.1,27.5,28.8,27.6,30.1,32.7,34.5,35.3,36.4,36.7,36.6,36.9,36.9,34.7,33.7,30.7,28.3,26.6,23.6,21.0,17.8,13.6,8.2,4.8,1.8,45.2,46.5,47.1,13.1,0.9,74.6,17.9,29.4,81.5,,,OBAnorm,,LD831_01996v2.403,,,,0,0
GLBALSTL,2024-05-24 01:46:29.000,26.2,23.1,28.1,25.0,28.2,27.8,26.5,25.9,25.8,28.1,28.6,28.3,30.9,32.0,33.7,36.2,37.8,38.0,38.2,38.5,38.5,36.8,35.0,32.0,29.7,27.3,24.7,21.4,18.2,13.7,9.2,4.8,1.8,46.4,47.6,47.9,13.1,0.9,74.6,17.8,29.4,81.5,,,OBAnorm,,LD831_01996v2.403,,,,0,0
GLBALSTL,2024-05-24 01:46:30.000,19.5,28.8,26.4,27.9,26.1,24.6,29.1,25.1,27.3,28.9,31.1,31.7,31.7,33.0,34.5,36.7,36.5,37.6,37.8,37.4,37.0,35.7,33.3,30.8,28.2,25.5,22.4,19.5,15.6,11.9,7.3,4.2,1.6,45.4,47.1,47.6,13.1,0.9,74.6,17.9,29.4,81.5,,,OBAnorm,,LD831_01996v2.403,,,,0,0
GLBALSTL,2024-05-24 01:46:31.000,17.8,27.1,26.7,25.0,24.1,27.4,30.8,26.1,28.1,28.6,29.4,32.1,34.4,35.8,35.7,36.0,37.5,38.6,38.4,38.1,37.7,37.0,34.9,32.6,29.6,27.7,25.2,21.6,18.8,15.5,10.5,6.2,2.5,46.6,48.3,48.8,13.1,0.9,74.6,17.8,29.3,81.5,,,OBAnorm,,LD831_01996v2.403,,,,0,0
GLBALSTL,2024-05-24 01:46:32.000,24.0,23.3,23.5,26.2,29.0,29.0,28.9,29.0,26.4,30.2,32.5,32.0,32.4,35.1,36.6,38.3,38.1,38.5,38.8,37.4,37.0,35.7,35.0,32.1,29.1,26.7,24.9,21.9,19.4,16.2,11.9,7.3,3.2,46.2,47.9,48.5,13.1,0.8,74.6,17.8,27.1,76.4,,,OBAnorm,,LD831_01996v2.403,,,,0,0
GLBALSTL,2024-05-24 01:46:33.000,24.0,24.3,25.6,26.8,27.3,28.0,28.5,30.4,25.5,30.1,32.1,29.6,31.7,33.9,36.3,35.4,37.8,38.9,38.4,37.6,38.2,36.4,34.9,31.8,29.1,26.9,23.6,20.7,17.3,13.8,9.1,5.2,2.2,46.3,47.7,48.4,13.1,0.8,74.5,17.9,27.0,76.4,,,OBAnorm,,LD831_01996v2.403,,,,0,0
GLBALSTL,2024-05-24 01:46:34.000,24.9,26.6,22.7,29.6,25.7,26.7,28.2,25.9,26.6,27.8,29.5,31.5,37.4,35.6,36.2,37.4,38.0,39.0,38.9,39.3,39.1,37.2,35.6,33.9,31.6,29.1,27.8,25.5,23.2,19.5,14.8,9.6,4.1,47.5,49.3,49.6,13.1,0.7,74.6,17.9,29.2,81.5,,,OBAnorm,,LD831_01996v2.403,,,,0,0
GLBALSTL,2024-05-24 01:46:35.000,24.0,29.9,28.4,28.9,27.0,27.1,27.4,29.1,27.9,28.9,36.3,38.1,36.5,36.8,35.0,36.6,39.8,38.8,39.0,38.6,37.6,37.1,34.8,32.5,29.6,27.5,25.9,22.3,19.0,14.7,9.6,6.1,2.5,46.7,48.6,48.9,13.1,0.7,74.6,17.8,29.2,81.5,,,OBAnorm,,LD831_01996v2.403,,,,0,0
GLBALSTL,2024-05-24 01:46:36.000,27.2,26.6,32.5,29.1,27.7,26.2,28.4,28.0,26.2,28.9,29.4,32.7,31.9,34.5,36.5,38.7,39.0,40.5,40.5,40.1,39.8,39.9,38.1,35.5,32.5,30.0,28.4,25.0,23.0,19.1,14.7,9.3,4.7,48.9,49.9,50.1,13.1,0.6,74.6,17.8,29.3,81.5,,,OBAnorm,,LD831_01996v2.403,,,,0,0
GLBALSTL,2024-05-24 01:46:37.000,20.6,27.9,28.0,28.7,25.4,30.0,28.7,28.4,28.0,31.5,31.9,32.7,36.2,37.3,36.5,36.7,38.7,38.0,38.3,38.2,38.3,36.9,35.0,32.5,29.6,28.0,26.1,23.4,20.2,16.1,11.3,6.9,3.0,46.6,48.5,49.0,13.1,0.6,74.6,17.9,29.3,81.5,,,OBAnorm,,LD831_01996v2.403,,,,0,0
GLBALSTL,2024-05-24 01:46:38.000,24.1,27.3,29.5,25.5,25.0,26.8,27.2,24.8,26.6,29.2,30.5,29.4,29.1,34.9,35.0,37.5,37.6,38.4,38.3,37.7,37.5,35.6,34.8,31.5,28.2,26.2,23.8,20.6,18.1,13.8,10.0,5.8,2.5,46.1,47.4,47.8,13.1,0.6,74.6,17.8,29.4,81.5,,,OBAnorm,,LD831_01996v2.403,,,,0,0
GLBALSTL,2024-05-24 01:46:39.000,24.0,24.6,31.8,27.0,26.1,26.8,27.5,25.7,26.7,29.2,30.2,32.6,34.7,32.3,36.6,38.3,41.1,40.7,40.7,40.1,40.4,39.6,37.3,34.7,32.0,29.8,28.4,25.1,22.5,18.4,14.0,8.8,4.2,48.8,50.0,50.2,13.1,0.5,74.6,17.9,29.4,81.5,,,OBAnorm,,LD831_01996v2.403,,,,0,0
GLBALSTL,2024-05-24 01:46:40.000,24.5,28.5,26.2,28.4,27.1,24.3,26.2,25.9,28.5,29.6,31.7,32.5,33.3,33.9,34.6,37.2,39.1,39.7,39.0,39.6,39.5,38.1,36.3,33.5,30.3,28.2,25.0,22.5,19.1,15.0,10.1,6.1,2.5,47.7,48.8,49.2,13.1,0.5,74.6,17.8,29.5,81.5,,,OBAnorm,,LD831_01996v2.403,,,,0,0
GLBALSTL,2024-05-24 01:46:41.000,22.6,24.4,29.2,26.7,25.3,26.6,28.5,27.5,25.8,29.5,31.0,26.9,27.6,32.4,35.3,36.0,37.8,39.0,39.0,39.2,37.7,36.3,34.3,31.4,28.1,25.6,23.1,20.3,17.0,13.0,8.7,5.3,2.1,46.5,47.8,48.1,13.1,0.5,74.6,17.8,29.6,81.6,,,OBAnorm,,LD831_01996v2.403,,,,0,0
GLBALSTL,2024-05-24 01:46:42.000,26.0,29.2,26.3,27.8,24.9,28.6,29.0,27.4,26.5,30.3,30.9,26.3,29.5,35.3,35.6,37.1,38.8,39.2,39.3,37.9,38.1,36.8,34.1,31.3,28.1,26.3,23.5,20.6,17.3,12.8,8.9,5.2,2.0,46.5,48.0,48.3,13.1,0.5,74.6,17.8,29.6,81.6,,,OBAnorm,,LD831_01996v2.403,,,,0,0
GLBALSTL,2024-05-24 01:46:43.000,25.0,25.8,29.2,25.9,25.5,27.8,27.4,28.0,25.1,29.0,29.6,27.8,29.7,31.9,33.7,36.1,37.9,37.9,38.7,38.4,37.9,36.4,34.9,31.9,29.4,26.7,24.9,21.8,18.8,14.0,9.4,5.4,2.0,46.3,47.4,47.8,13.1,0.6,74.6,17.8,29.8,81.6,,,OBAnorm,,LD831_01996v2.403,,,,0,0
GLBALSTL,2024-05-24 01:46:44.000,22.9,27.4,29.9,27.9,28.0,27.4,28.5,29.1,26.3,29.1,28.2,27.8,30.0,34.8,36.2,36.1,37.2,37.8,38.8,37.8,37.7,35.7,34.5,32.2,29.1,26.5,24.0,22.0,18.8,14.6,10.0,6.2,2.4,46.2,47.7,48.1,13.1,0.9,74.6,17.8,30.0,81.6,,,OBAnorm,,LD831_01996v2.403,,,,0,0
GLBALSTL,2024-05-24 01:46:45.000,25.4,28.0,26.6,25.8,27.3,26.4,26.9,28.6,24.4,29.7,29.5,28.4,29.5,32.4,34.1,37.3,37.7,39.6,38.2,38.2,37.5,36.6,34.2,31.4,29.1,26.5,23.3,19.8,18.2,13.9,9.7,5.7,2.3,46.2,47.6,48.4,13.1,1.1,74.5,17.8,30.0,81.6,,,OBAnorm,,LD831_01996v2.403,,,,0,0
GLBALSTL,2024-05-24 01:46:46.000,25.4,27.6,28.3,30.4,25.9,25.8,28.6,26.3,27.2,29.0,28.4,26.3,29.2,32.5,32.7,35.9,37.0,37.9,36.6,37.2,36.5,35.8,33.7,31.7,29.0,27.0,25.0,21.6,20.1,15.8,10.6,6.2,2.5,45.4,46.8,47.3,13.1,1.2,74.6,17.8,30.1,81.7,,,OBAnorm,,LD831_01996v2.403,,,,0,0
GLBALSTL,2024-05-24 01:46:47.000,18.2,27.4,26.3,27.6,26.0,26.3,29.0,27.9,27.9,29.2,34.1,33.3,37.1,36.5,35.6,38.2,40.0,39.9,39.1,38.6,37.9,36.9,35.1,32.4,29.2,26.3,23.0,20.0,16.2,12.3,7.7,4.4,1.7,47.0,48.9,49.4,13.1,1.2,74.6,17.9,30.0,81.6,,,OBAnorm,,LD831_01996v2.403,,,,0,0
GLBALSTL,2024-05-24 01:46:48.000,22.9,27.3,28.9,26.3,23.5,28.4,26.7,27.1,24.5,27.8,29.9,25.4,30.9,33.0,36.8,35.8,37.1,38.3,38.5,37.7,37.1,35.8,34.5,32.1,29.1,26.9,25.1,21.7,20.2,15.5,11.2,6.7,2.7,46.1,47.4,47.8,13.1,1.2,74.6,17.8,28.0,81.3,,,OBAnorm,,LD831_01996v2.403,,,,0,0
GLBALSTL,2024-05-24 01:46:49.000,25.5,29.5,26.3,27.3,23.2,27.2,25.5,27.0,26.5,29.0,29.7,29.4,29.8,33.3,34.3,36.9,38.1,39.9,38.9,37.6,37.4,35.9,33.6,30.7,28.7,25.9,22.9,20.3,17.2,16.4,11.1,5.0,1.8,46.2,47.7,48.0,13.1,1.1,74.6,17.8,26.1,80.9,,,OBAnorm,,LD831_01996v2.403,,,,0,0
GLBALSTL,2024-05-24 01:46:50.000,22.4,27.7,27.9,26.2,27.1,28.4,26.5,24.4,24.7,28.9,28.8,29.6,31.4,33.0,35.3,37.3,39.1,39.5,38.6,39.0,38.7,37.4,35.1,32.6,29.3,26.3,22.7,19.2,15.4,11.2,7.1,4.2,1.7,47.1,48.4,51.2,13.1,1.1,74.6,17.8,26.2,81.0,,,OBAnorm,,LD831_01996v2.403,,,,0,0
GLBALSTL,2024-05-24 01:46:51.000,22.4,23.9,25.1,27.9,24.5,26.2,29.7,27.2,25.7,29.2,29.7,29.3,32.9,32.7,33.3,36.1,37.2,37.3,37.7,38.3,37.4,35.7,34.1,31.1,28.4,25.8,23.7,21.0,17.8,13.6,8.4,4.9,1.9,45.9,47.2,55.2,13.1,1.1,74.6,17.8,26.2,81.0,,,OBAnorm,,LD831_01996v2.403,,,,0,0
GLBALSTL,2024-05-24 01:46:52.000,22.0,25.9,29.5,28.8,26.0,26.6,28.5,27.0,29.0,28.7,33.8,30.8,35.3,35.5,37.5,39.3,39.6,39.9,39.3,39.1,38.9,37.7,36.0,33.3,31.3,28.9,26.9,24.1,21.5,18.0,13.9,8.6,3.7,47.8,49.6,49.9,13.1,1.1,74.6,17.8,26.1,80.9,,,OBAnorm,,LD831_01996v2.403,,,,0,0
GLBALSTL,2024-05-24 01:46:53.000,32.9,30.7,28.3,26.3,27.4,28.3,25.6,30.0,27.6,27.9,30.1,30.1,32.3,34.5,35.8,35.9,38.2,39.4,38.4,39.5,38.6,37.2,35.7,32.9,29.9,27.6,25.4,22.6,19.2,14.8,9.5,5.9,2.2,46.9,48.0,48.7,13.1,1.1,74.5,17.8,26.1,80.9,,,OBAnorm,,LD831_01996v2.403,,,,0,0
GLBALSTL,2024-05-24 01:46:54.000,25.0,28.1,24.5,27.5,26.1,26.5,27.7,28.2,26.2,29.1,29.4,30.5,31.5,33.3,34.7,37.4,37.9,37.7,37.9,37.5,37.3,37.1,34.4,31.7,29.0,26.1,23.4,21.1,19.1,14.9,10.8,6.1,2.6,46.1,47.6,48.1,13.1,1.2,74.6,17.8,26.3,81.0,,,OBAnorm,,LD831_01996v2.403,,,,0,0
GLBALSTL,2024-05-24 01:46:55.000,23.8,26.4,27.0,29.0,24.0,29.2,28.4,28.5,26.8,28.9,28.7,28.2,31.3,34.5,36.4,39.7,41.6,41.4,40.7,39.6,39.2,39.2,37.1,33.8,30.7,28.1,24.8,21.2,17.8,13.8,10.1,5.9,2.3,48.6,49.9,50.2,13.1,1.2,74.6,17.8,26.4,81.0,,,OBAnorm,,LD831_01996v2.403,,,,0,0
GLBALSTL,2024-05-24 01:46:56.000,25.4,23.5,27.6,25.3,26.4,28.0,29.5,29.1,25.5,27.7,30.0,30.0,30.3,33.9,35.3,36.5,37.4,38.2,37.3,37.4,37.3,36.2,34.9,32.2,29.4,27.0,25.1,21.9,19.3,17.8,11.9,6.9,2.8,45.9,47.2,47.7,13.1,1.3,74.6,17.8,26.4,81.0,,,OBAnorm,,LD831_01996v2.403,,,,0,0
GLBALSTL,2024-05-24 01:46:57.000,22.6,25.6,27.8,27.0,25.7,28.0,26.4,26.5,26.7,29.3,29.7,27.8,28.3,31.1,33.3,35.2,36.8,37.3,37.6,36.5,36.5,34.9,33.6,30.9,27.9,24.2,21.2,17.9,14.1,10.8,7.2,4.3,1.6,45.2,46.5,47.0,13.1,1.3,74.6,17.8,26.4,81.0,,,OBAnorm,,LD831_01996v2.403,,,,0,0
GLBALSTL,2024-05-24 01:46:58.000,26.1,26.7,28.6,27.5,28.2,30.2,29.1,26.0,27.0,27.3,29.1,29.4,30.9,33.6,34.4,37.6,38.2,38.8,39.7,39.1,38.5,38.3,35.9,33.3,30.7,28.3,26.0,23.3,20.8,16.4,12.2,7.5,3.0,47.5,48.6,49.0,13.1,1.3,74.6,17.8,26.6,81.0,,,OBAnorm,,LD831_01996v2.403,,,,0,0
GLBALSTL,2024-05-24 01:46:59.000,26.4,24.1,29.4,30.2,28.7,27.5,27.8,27.6,26.8,29.1,31.2,29.7,30.3,33.3,33.0,35.8,36.6,37.1,37.3,37.1,36.5,36.3,34.5,31.4,28.2,25.3,22.8,20.0,16.2,12.6,8.3,4.7,1.8,45.4,46.7,47.1,13.1,1.3,74.6,17.8,28.2,81.3,,,OBAnorm,,LD831_01996v2.403,,,,0,0
GLBALSTL,2024-05-24 01:47:00.000,22.2,25.3,27.2,25.6,25.8,26.9,28.6,27.2,26.3,28.0,29.4,28.0,29.1,31.9,33.5,36.2,38.1,38.3,37.9,37.1,37.3,36.3,34.4,31.4,28.6,25.4,23.2,19.8,16.0,12.4,7.9,4.5,1.7,45.9,47.3,48.0,13.1,1.2,74.6,17.8,29.9,81.6,,,OBAnorm,,LD831_01996v2.403,,,,0,0
GLBALSTL,2024-05-24 01:47:01.000,18.3,26.2,27.2,29.0,26.6,28.0,27.1,28.0,27.5,27.9,29.4,28.4,30.4,32.6,34.2,37.5,39.9,39.7,38.7,37.4,36.4,35.5,33.4,30.6,27.7,25.3,22.3,19.5,16.2,12.6,8.4,4.7,1.9,46.0,47.7,48.3,13.1,1.2,74.6,17.8,30.1,81.7,,,OBAnorm,,LD831_01996v2.403,,,,0,0
GLBALSTL,2024-05-24 01:47:02.000,23.1,26.5,31.8,27.8,27.8,28.0,28.5,28.9,28.0,29.1,27.1,25.5,31.7,34.1,35.9,37.8,38.5,38.7,38.9,39.6,39.1,38.3,36.8,33.7,31.0,28.9,26.8,23.8,22.0,18.0,13.7,8.9,4.2,47.7,49.0,49.5,13.1,1.3,74.7,17.8,30.2,81.7,,,OBAnorm,,LD831_01996v2.403,,,,0,0
GLBALSTL,2024-05-24 01:47:03.000,24.0,27.1,29.2,28.0,28.8,29.2,28.3,28.3,30.2,30.3,37.5,36.6,37.4,35.4,35.3,37.9,37.9,39.0,38.4,37.8,38.1,36.8,34.8,32.2,29.7,27.0,25.3,21.7,20.0,16.9,10.9,6.6,2.7,46.5,48.4,49.0,13.1,1.4,74.6,17.8,30.2,81.7,,,OBAnorm,,LD831_01996v2.403,,,,0,0
GLBALSTL,2024-05-24 01:47:04.000,25.2,26.0,30.7,27.2,25.7,26.1,28.6,29.2,25.7,29.1,28.6,29.1,32.4,33.8,35.3,37.2,38.8,39.1,38.9,39.3,39.5,39.6,37.6,34.5,31.3,29.6,27.9,25.1,23.1,19.7,14.6,9.3,4.6,48.1,49.1,49.6,13.1,1.6,74.6,17.8,30.2,81.7,,,OBAnorm,,LD831_01996v2.403,,,,0,0
GLBALSTL,2024-05-24 01:47:05.000,20.6,27.9,27.0,27.8,26.4,25.8,26.4,26.8,26.0,28.2,31.1,30.4,33.8,32.2,33.9,36.2,37.7,39.0,38.7,38.4,38.4,37.3,35.6,32.8,30.0,27.6,25.2,22.0,20.0,14.8,11.0,6.5,2.7,46.8,47.8,48.2,13.1,1.6,74.6,17.9,30.3,81.7,,,OBAnorm,,LD831_01996v2.403,,,,0,0
GLBALSTL,2024-05-24 01:47:06.000,24.7,27.0,26.3,25.9,23.5,27.3,27.8,27.1,26.9,28.8,29.4,27.3,27.4,31.3,32.7,33.4,35.6,37.2,37.1,37.2,36.3,35.0,32.9,29.9,27.6,26.2,22.1,18.9,16.5,12.7,8.6,4.9,2.0,44.8,46.1,46.6,13.1,1.6,74.6,17.9,30.4,81.7,,,OBAnorm,,LD831_01996v2.403,,,,0,0
GLBALSTL,2024-05-24 01:47:07.000,25.2,28.4,28.9,25.9,23.0,26.8,28.1,26.7,26.8,26.7,28.3,27.7,31.4,32.4,34.6,36.9,38.8,39.8,38.7,39.1,38.1,37.1,35.4,32.1,29.3,26.4,23.5,20.4,17.6,14.0,9.2,5.3,2.3,47.1,48.5,50.2,13.1,1.5,74.6,17.8,30.4,81.7,,,OBAnorm,,LD831_01996v2.403,,,,0,0
GLBALSTL,2024-05-24 01:47:08.000,27.2,27.0,24.5,27.6,26.2,28.8,28.3,29.2,28.2,28.3,29.6,28.9,31.4,35.1,35.2,37.8,38.3,39.9,39.2,38.8,37.3,36.8,34.4,32.0,29.1,25.4,22.9,20.2,15.5,11.1,7.4,4.3,1.7,46.6,48.0,48.9,13.1,1.4,74.6,17.8,30.3,81.7,,,OBAnorm,,LD831_01996v2.403,,,,0,0
GLBALSTL,2024-05-24 01:47:09.000,24.6,26.6,28.2,26.4,24.4,29.0,29.0,28.7,26.3,28.0,27.9,25.1,27.8,32.3,33.7,35.1,36.4,37.8,36.5,37.0,36.5,35.7,33.6,31.1,28.7,26.6,24.1,21.4,19.0,15.4,11.0,5.8,2.3,45.3,46.7,48.0,13.1,1.4,74.7,17.9,30.3,81.7,,,OBAnorm,,LD831_01996v2.403,,,,0,0
GLBALSTL,2024-05-24 01:47:10.000,23.6,26.7,29.6,25.8,26.3,28.0,27.4,28.0,26.2,27.8,28.8,27.7,30.4,32.4,35.4,37.6,37.6,39.0,38.0,37.4,37.3,35.7,33.7,31.3,28.8,26.0,23.4,20.6,17.3,13.0,8.2,4.6,1.9,46.0,47.5,49.7,13.1,1.4,74.7,17.9,30.4,81.7,,,OBAnorm,,LD831_01996v2.403,,,,0,0
GLBALSTL,2024-05-24 01:47:11.000,22.6,28.9,26.7,29.9,26.3,27.8,28.2,25.7,26.7,28.2,27.1,29.0,30.5,33.4,36.5,37.9,40.5,40.2,40.5,39.1,38.9,38.2,35.5,32.7,29.6,26.4,23.3,19.5,15.8,11.2,6.9,4.1,1.6,47.6,48.9,51.9,13.1,1.5,74.7,17.8,30.5,81.7,,,OBAnorm,,LD831_01996v2.403,,,,0,0
GLBALSTL,2024-05-24 01:47:12.000,23.6,29.1,26.6,28.4,26.0,27.3,29.4,29.3,26.9,29.4,29.6,27.1,28.4,31.6,33.2,34.9,37.4,37.6,37.5,36.5,35.7,34.5,32.4,29.9,26.9,23.7,20.4,16.8,13.0,9.0,5.7,3.4,1.3,44.7,46.5,49.3,13.1,1.5,74.7,17.8,30.5,81.7,,,OBAnorm,,LD831_01996v2.403,,,,0,0
GLBALSTL,2024-05-24 01:47:13.000,28.9,26.8,32.9,29.9,27.0,28.1,28.9,28.5,27.5,29.0,28.2,27.3,28.3,31.1,33.3,36.2,37.5,39.0,38.5,37.8,37.7,35.8,33.5,31.0,27.9,24.5,21.3,18.3,15.1,10.9,6.7,3.9,1.6,45.9,47.2,47.9,13.1,1.3,74.6,17.8,30.3,81.7,,,OBAnorm,,LD831_01996v2.403,,,,0,0
GLBALSTL,2024-05-24 01:47:14.000,27.5,24.3,29.4,28.7,26.9,26.8,25.2,28.7,27.3,28.7,27.1,25.9,27.0,31.6,32.8,35.5,37.1,38.1,38.2,37.4,37.4,35.3,33.4,30.5,27.6,25.0,22.1,19.7,14.9,10.4,6.5,3.6,1.5,45.4,46.8,47.5,13.1,1.2,74.6,17.8,31.3,81.9,,,OBAnorm,,LD831_01996v2.403,,,,0,0
GLBALSTL,2024-05-24 01:47:15.000,25.9,21.8,29.0,27.1,26.4,27.6,28.1,27.6,25.1,30.4,29.6,29.6,33.0,34.6,35.8,36.2,38.0,38.3,37.5,37.5,37.9,36.4,35.2,32.0,29.6,27.7,26.7,23.3,21.6,17.1,12.6,7.5,3.5,46.4,48.0,48.7,13.1,1.2,74.6,17.8,31.3,81.9,,,OBAnorm,,LD831_01996v2.403,,,,0,0
GLBALSTL,2024-05-24 01:47:16.000,23.3,28.3,28.9,26.5,28.0,25.9,28.4,28.0,26.3,29.0,29.1,29.7,33.2,34.0,34.9,38.1,39.8,38.1,38.5,38.5,37.6,37.3,35.5,31.9,29.4,27.2,24.3,21.5,18.4,14.2,9.3,5.4,2.2,46.7,48.2,48.6,13.1,1.3,74.7,17.9,30.0,81.6,,,OBAnorm,,LD831_01996v2.403,,,,0,0
GLBALSTL,2024-05-24 01:47:17.000,19.3,22.7,29.5,28.8,27.3,27.9,27.2,25.6,26.0,26.7,29.3,32.5,33.6,36.1,36.6,37.1,37.9,39.3,37.4,38.1,37.5,36.1,34.3,31.1,28.7,26.6,24.3,21.4,18.3,13.9,9.5,5.2,2.1,46.1,47.8,48.7,13.1,1.4,74.7,17.8,29.8,81.6,,,OBAnorm,,LD831_01996v2.403,,,,0,0
GLBALSTL,2024-05-24 01:47:18.000,25.7,27.3,28.8,28.5,24.5,27.2,28.5,26.6,29.1,29.3,30.7,36.8,35.1,34.7,35.8,36.3,37.7,38.0,37.6,37.8,36.9,35.7,34.3,30.9,27.9,25.5,23.2,20.9,17.5,13.4,8.8,5.0,2.0,45.9,47.9,50.1,13.1,1.4,74.1,17.8,29.2,82.1,,,OBAnorm,,LD831_01996v2.403,,,,0,0
GLBALSTL,2024-05-24 01:47:19.000,21.9,25.9,27.7,27.8,26.6,27.3,27.2,28.6,28.7,28.6,28.3,32.0,32.7,34.0,35.2,38.5,39.0,40.2,39.6,38.8,38.8,37.2,35.7,32.3,29.9,27.1,23.7,20.6,15.9,11.4,6.8,3.9,1.6,47.3,48.7,51.5,13.1,1.5,74.6,17.8,28.6,82.0,,,OBAnorm,,LD831_01996v2.403,,,,0,0
GLBALSTL,2024-05-24 01:47:20.000,25.7,21.6,28.6,25.4,27.3,25.0,28.5,28.7,26.9,28.5,28.5,29.9,30.0,31.9,33.1,35.4,35.7,37.5,36.5,36.8,36.3,35.5,33.7,30.3,28.2,25.7,23.4,20.7,17.8,12.9,8.1,5.0,2.1,44.9,46.5,49.6,13.1,1.6,74.6,17.8,28.4,81.4,,,OBAnorm,,LD831_01996v2.403,,,,0,0
GLBALSTL,2024-05-24 01:47:21.000,24.2,26.7,25.2,30.2,28.7,27.8,28.6,27.1,28.2,29.2,30.2,27.2,29.0,30.5,33.8,36.1,35.6,37.5,37.9,36.8,37.1,34.7,33.2,30.8,27.1,24.0,21.2,18.7,15.0,10.2,6.8,4.0,1.6,45.1,46.5,47.4,13.1,1.6,74.7,17.9,28.2,81.3,,,OBAnorm,,LD831_01996v2.403,,,,0,0
GLBALSTL,2024-05-24 01:47:22.000,23.8,29.5,28.0,25.3,25.8,26.9,28.2,27.6,30.0,28.2,29.1,26.8,30.4,32.9,33.6,36.4,37.3,39.4,38.1,37.8,37.4,36.4,34.0,31.5,28.9,26.0,22.9,20.3,16.6,11.8,7.7,4.6,1.7,46.1,47.5,55.4,13.1,1.6,74.7,17.8,28.2,81.3,,,OBAnorm,,LD831_01996v2.403,,,,0,0
GLBALSTL,2024-05-24 01:47:23.000,26.2,28.8,30.6,27.0,25.4,28.5,29.9,26.8,27.8,29.5,33.5,32.2,34.7,32.6,35.3,35.3,36.3,37.5,37.1,36.4,36.0,35.3,33.3,30.7,27.6,25.0,22.1,19.9,15.8,11.1,6.9,4.1,1.4,44.8,47.0,61.8,13.1,1.5,74.6,17.8,28.1,81.3,,,OBAnorm,,LD831_01996v2.403,,,,0,0
GLBALSTL,2024-05-24 01:47:24.000,26.4,25.4,31.9,27.5,30.7,31.8,29.1,27.7,28.2,29.9,30.2,26.5,29.0,32.0,33.7,34.7,35.9,36.5,36.2,36.0,35.5,34.4,32.4,29.3,26.3,23.8,21.2,18.8,14.6,10.2,6.5,3.8,1.5,44.2,45.9,55.2,13.1,1.4,74.6,17.8,28.1,81.3,,,OBAnorm,,LD831_01996v2.403,,,,0,0
GLBALSTL,2024-05-24 01:47:25.000,28.9,31.1,30.4,27.0,28.7,28.2,28.3,27.4,27.9,28.6,30.0,29.5,32.3,34.0,34.3,35.9,36.7,38.3,38.3,38.7,36.7,35.2,33.4,31.2,28.6,26.6,23.9,21.7,17.4,12.8,7.6,4.6,1.6,45.9,47.8,60.6,13.1,1.4,74.6,17.8,28.1,81.9,,,OBAnorm,,LD831_01996v2.403,,,,0,0
GLBALSTL,2024-05-24 01:47:26.000,30.5,31.1,27.3,28.2,28.7,26.7,28.2,27.3,28.3,30.0,30.8,32.2,33.8,32.8,34.3,36.6,37.4,38.5,39.2,38.9,38.1,36.7,34.7,32.3,29.8,27.8,25.1,22.3,17.9,13.8,8.9,5.9,2.1,46.7,48.2,61.3,13.1,1.3,74.6,17.8,28.2,81.9,,,OBAnorm,,LD831_01996v2.403,,,,0,0
GLBALSTL,2024-05-24 01:47:27.000,30.7,33.4,32.7,25.7,29.6,24.0,26.7,29.9,29.4,30.8,30.0,26.5,29.1,33.5,34.2,36.1,36.1,37.5,37.8,37.4,36.8,35.7,33.4,31.0,28.3,26.2,23.8,22.3,19.5,13.9,8.4,4.4,1.6,45.4,46.9,51.2,13.1,1.3,74.6,17.9,28.5,82.0,,,OBAnorm,,LD831_01996v2.403,,,,0,0
GLBALSTL,2024-05-24 01:47:28.000,35.1,33.6,32.9,29.9,25.4,28.0,29.9,29.1,28.5,29.8,29.1,26.7,30.5,32.5,35.7,36.5,37.4,38.6,38.2,38.3,36.9,35.3,34.1,31.0,28.7,26.4,23.8,21.1,17.8,13.6,8.5,5.1,1.9,45.9,47.4,48.4,13.1,1.2,74.6,17.8,28.7,82.0,,,OBAnorm,,LD831_01996v2.403,,,,0,0
GLBALSTL,2024-05-24 01:47:29.000,32.8,29.0,27.8,24.4,26.3,29.5,25.1,27.0,26.4,29.8,29.0,30.8,34.3,32.6,35.4,36.7,38.4,38.8,38.7,38.8,38.2,36.2,35.2,32.8,29.4,27.0,25.2,23.1,18.5,14.2,9.6,5.5,2.1,46.7,48.1,48.5,13.1,1.2,74.6,17.9,28.6,81.4,,,OBAnorm,,LD831_01996v2.403,,,,0,0
GLBALSTL,2024-05-24 01:47:30.000,25.9,28.6,30.1,24.9,25.4,27.0,29.1,29.4,28.7,31.2,29.9,29.0,30.5,33.0,34.5,36.1,37.6,38.2,38.2,37.7,37.1,37.3,35.1,32.1,29.0,25.7,22.4,19.5,15.7,11.4,7.0,4.0,1.5,46.2,47.5,48.0,13.1,1.2,74.6,17.9,28.2,81.3,,,OBAnorm,,LD831_01996v2.403,,,,0,0
GLBALSTL,2024-05-24 01:47:31.000,25.4,25.4,23.4,26.5,27.6,26.3,29.8,29.1,27.6,30.5,31.6,26.6,30.1,31.4,34.1,36.0,37.6,37.9,36.9,36.6,35.7,34.9,33.0,30.0,26.9,24.3,22.0,19.6,15.0,11.1,6.9,4.2,1.5,44.9,46.8,47.9,13.1,1.2,74.6,17.9,28.0,81.3,,,OBAnorm,,LD831_01996v2.403,,,,0,0
GLBALSTL,2024-05-24 01:47:32.000,23.1,26.8,25.6,24.2,25.9,29.6,28.7,27.5,27.0,29.1,30.3,32.1,31.3,33.3,35.9,36.6,38.4,40.0,39.5,39.5,39.1,37.8,35.7,33.0,29.5,26.9,24.2,21.1,17.5,14.0,9.6,5.9,2.0,47.5,48.7,49.2,13.1,1.2,74.7,17.8,28.2,81.3,,,OBAnorm,,LD831_01996v2.403,,,,0,0
GLBALSTL,2024-05-24 01:47:33.000,24.4,24.8,29.5,25.5,28.0,27.0,27.4,27.9,27.7,29.8,30.5,30.1,31.2,33.9,34.1,36.7,37.8,37.8,37.8,37.8,36.9,35.8,34.0,30.8,27.9,24.8,21.7,19.5,15.4,11.1,7.1,3.9,1.4,45.6,47.1,48.1,13.1,1.2,74.6,17.8,28.5,81.4,,,OBAnorm,,LD831_01996v2.403,,,,0,0
GLBALSTL,2024-05-24 01:47:34.000,24.3,28.2,28.6,26.6,29.4,28.3,30.6,27.9,28.7,29.2,30.3,28.9,32.2,35.3,35.4,35.5,36.4,36.7,36.9,37.2,36.6,35.5,33.4,30.6,28.2,25.7,23.5,21.5,18.3,13.1,8.2,4.7,2.0,45.2,47.0,48.0,13.1,1.3,74.6,17.8,28.8,81.4,,,OBAnorm,,LD831_01996v2.403,,,,0,0
GLBALSTL,2024-05-24 01:47:35.000,26.1,27.6,31.2,26.5,22.9,27.4,28.8,29.2,28.1,30.0,32.4,32.4,32.6,34.0,35.7,37.3,38.5,38.5,37.9,37.8,37.0,35.4,34.2,30.4,28.1,25.8,22.9,19.7,15.8,12.1,7.6,4.4,1.7,45.8,47.8,50.7,13.1,1.4,74.6,17.9,29.0,81.5,,,OBAnorm,,LD831_01996v2.403,,,,0,0
GLBALSTL,2024-05-24 01:47:36.000,27.4,27.4,31.1,31.3,29.5,26.6,30.5,29.3,28.9,32.2,30.1,27.5,28.4,30.7,33.5,35.1,35.1,36.4,36.9,35.9,35.4,34.5,32.6,30.0,27.1,24.8,21.8,19.2,15.3,10.8,7.1,4.0,1.5,44.3,46.0,51.7,13.1,1.7,74.7,17.9,29.3,82.1,,,OBAnorm,,LD831_01996v2.403,,,,0,0
GLBALSTL,2024-05-24 01:47:37.000,27.8,32.5,28.1,28.9,28.0,25.2,29.3,28.0,28.5,30.3,30.5,28.6,28.3,32.5,33.8,35.3,37.2,37.6,37.6,37.4,36.5,35.8,33.5,31.0,28.8,27.2,24.5,20.4,17.5,14.1,8.8,5.3,2.2,45.3,46.8,54.5,13.1,1.9,74.7,17.8,30.4,82.3,,,OBAnorm,,LD831_01996v2.403,,,,0,0
GLBALSTL,2024-05-24 01:47:38.000,19.6,26.5,32.6,29.6,28.7,28.7,26.3,29.2,27.8,32.5,30.5,26.9,33.6,34.1,35.4,36.9,38.4,38.8,38.5,37.9,37.6,36.7,34.8,31.4,28.8,26.2,23.6,19.8,16.8,12.2,7.7,4.9,1.9,46.4,48.1,55.3,13.1,1.9,74.7,17.8,30.8,82.4,,,OBAnorm,,LD831_01996v2.403,,,,0,0
GLBALSTL,2024-05-24 01:47:39.000,21.9,28.0,27.2,29.5,28.1,28.0,30.2,29.3,26.1,30.0,31.5,27.3,32.0,35.3,34.9,36.5,37.5,37.8,37.5,36.8,37.6,36.8,35.0,31.7,28.0,25.7,23.2,20.2,17.6,12.8,8.2,5.0,1.7,46.1,47.6,53.8,13.1,1.8,74.7,17.9,30.2,82.3,,,OBAnorm,,LD831_01996v2.403,,,,0,0
GLBALSTL,2024-05-24 01:47:40.000,29.2,30.6,29.2,27.3,26.9,27.7,26.4,27.8,28.5,29.9,31.1,28.0,30.2,31.9,35.9,37.5,38.2,38.7,39.5,38.7,38.4,37.4,35.4,33.2,30.5,28.4,25.9,22.9,20.2,16.1,11.2,6.5,2.8,47.1,48.5,55.1,13.1,1.7,74.7,17.8,29.2,82.1,,,OBAnorm,,LD831_01996v2.403,,,,0,0
GLBALSTL,2024-05-24 01:47:41.000,34.7,30.6,29.2,24.4,25.9,31.0,28.1,29.8,28.5,31.5,31.2,32.0,35.5,35.9,37.0,36.9,38.0,38.7,39.1,38.9,38.3,37.3,35.5,33.0,29.8,27.7,25.1,23.1,19.9,15.1,10.3,6.1,2.2,46.8,48.5,55.8,13.1,1.7,74.6,17.8,28.3,81.9,,,OBAnorm,,LD831_01996v2.403,,,,0,0
GLBALSTL,2024-05-24 01:47:42.000,33.3,27.6,26.2,27.9,25.7,26.5,27.7,27.0,29.0,30.5,32.0,31.8,31.3,32.9,34.5,35.6,36.8,37.5,37.6,37.9,37.6,36.1,34.0,31.5,28.4,25.6,23.1,20.4,17.0,12.8,8.4,4.8,2.0,45.7,47.2,51.2,13.1,1.7,74.7,17.9,28.4,81.9,,,OBAnorm,,LD831_01996v2.403,,,,0,0
GLBALSTL,2024-05-24 01:47:43.000,27.4,29.0,30.7,30.2,26.3,29.3,28.9,28.3,28.4,31.6,32.3,29.9,35.4,35.8,36.0,37.6,38.4,39.5,39.1,39.7,38.6,37.9,36.1,33.5,31.2,29.1,27.7,25.0,22.8,18.0,14.1,9.2,4.4,47.7,49.1,50.9,13.1,1.8,74.6,17.8,28.7,82.0,,,OBAnorm,,LD831_01996v2.403,,,,0,0
GLBALSTL,2024-05-24 01:47:44.000,23.0,28.2,29.7,28.4,25.3,24.6,27.4,28.3,28.7,30.0,32.6,32.1,35.1,33.8,34.4,37.5,38.2,38.7,38.5,37.8,37.4,36.3,34.8,31.4,28.9,26.4,24.3,21.4,18.3,14.6,9.5,5.7,2.3,46.4,48.1,49.2,13.1,1.9,74.6,17.9,28.6,82.0,,,OBAnorm,,LD831_01996v2.403,,,,0,0
GLBALSTL,2024-05-24 01:47:45.000,26.5,29.9,27.6,28.4,23.5,30.0,27.0,27.5,29.0,31.6,33.2,31.5,31.9,33.4,35.0,36.4,36.9,38.1,37.9,39.1,39.2,37.7,36.6,33.6,30.5,28.5,26.5,23.2,21.0,17.4,13.3,8.0,3.9,47.0,48.2,49.0,13.1,1.9,74.6,17.9,27.3,81.7,,,OBAnorm,,LD831_01996v2.403,,,,0,0
GLBALSTL,2024-05-24 01:47:46.000,26.0,25.9,30.8,28.5,28.3,27.6,27.2,29.1,28.5,34.4,36.0,37.1,33.4,36.2,36.8,38.5,38.7,40.4,39.6,39.1,38.8,37.6,35.6,33.0,30.1,27.6,25.8,22.9,20.6,16.5,11.9,7.4,3.3,47.7,49.8,50.6,13.1,1.8,74.6,17.8,25.7,81.5,,,OBAnorm,,LD831_01996v2.403,,,,0,0
GLBALSTL,2024-05-24 01:47:47.000,26.7,29.8,28.4,30.9,26.0,30.3,31.0,30.3,28.8,31.3,30.8,29.8,29.0,33.7,35.8,38.6,40.4,39.9,39.8,39.1,38.3,38.1,35.8,33.7,30.2,27.6,24.3,20.6,17.3,13.5,9.2,6.2,2.4,47.4,48.8,49.2,13.1,1.7,74.6,17.9,25.4,81.4,,,OBAnorm,,LD831_01996v2.403,,,,0,0
GLBALSTL,2024-05-24 01:47:48.000,26.8,23.3,30.5,27.9,27.5,28.3,27.7,29.5,29.4,30.8,32.4,30.8,31.7,34.5,36.6,37.0,37.6,38.6,38.2,38.5,37.9,36.5,34.2,32.0,28.7,26.1,24.1,21.5,20.0,16.1,10.9,6.8,2.9,46.4,48.0,48.4,13.1,1.7,74.6,17.8,25.7,81.5,,,OBAnorm,,LD831_01996v2.403,,,,0,0
GLBALSTL,2024-05-24 01:47:49.000,20.8,24.0,27.2,29.3,26.4,27.8,27.5,28.6,28.8,30.2,31.9,32.2,34.1,33.2,34.2,34.1,36.0,37.1,36.9,36.7,35.8,34.5,32.9,30.3,27.5,24.8,22.0,18.6,15.9,11.5,7.7,4.5,1.9,44.7,46.6,47.2,13.1,1.6,74.5,17.9,25.8,81.5,,,OBAnorm,,LD831_01996v2.403,,,,0,0
GLBALSTL,2024-05-24 01:47:50.000,28.9,24.5,26.8,27.2,29.9,28.3,30.8,28.8,29.1,32.2,32.2,28.9,29.2,32.0,33.6,36.2,37.2,37.4,37.5,37.4,36.5,35.9,34.0,30.5,28.4,26.1,23.0,20.2,15.7,11.8,7.7,4.5,1.8,45.5,47.1,48.0,13.1,1.5,74.6,17.9,25.7,81.5,,,OBAnorm,,LD831_01996v2.403,,,,0,0
GLBALSTL,2024-05-24 01:47:51.000,23.5,29.3,29.1,28.3,28.0,25.6,28.4,29.0,30.0,33.8,33.5,35.0,36.0,35.8,36.3,36.6,37.8,37.5,37.3,38.1,38.4,37.6,35.9,33.6,30.4,29.2,26.6,23.8,21.7,17.8,13.6,8.0,3.9,46.8,48.5,49.7,13.1,1.3,74.6,17.8,25.8,81.5,,,OBAnorm,,LD831_01996v2.403,,,,0,0
GLBALSTL,2024-05-24 01:47:52.000,25.8,27.3,31.8,25.9,28.7,28.2,28.5,30.2,29.1,30.1,32.2,27.3,28.6,33.4,34.5,35.2,36.6,36.7,36.8,36.3,36.4,35.8,33.7,31.0,28.2,25.7,23.6,20.2,18.3,14.1,9.4,5.6,2.2,44.9,46.5,47.2,13.1,1.2,74.6,17.8,25.7,81.5,,,OBAnorm,,LD831_01996v2.403,,,,0,0
GLBALSTL,2024-05-24 01:47:53.000,26.5,29.3,28.4,24.3,25.9,28.5,30.3,28.1,28.0,30.6,29.8,30.9,31.9,34.5,35.8,36.7,37.7,37.6,37.1,37.6,37.8,36.8,34.6,32.1,29.2,27.0,25.5,22.3,20.0,16.5,12.6,7.7,3.4,46.1,47.7,48.3,13.1,1.1,74.6,17.8,25.7,80.9,,,OBAnorm,,LD831_01996v2.403,,,,0,0
GLBALSTL,2024-05-24 01:47:54.000,28.5,27.6,31.1,29.2,25.3,27.6,29.5,28.1,27.2,32.3,29.5,28.3,27.5,30.5,31.4,35.6,35.5,36.5,36.3,36.4,37.1,35.7,33.4,31.0,27.8,25.2,22.9,19.9,16.4,12.7,8.5,4.9,2.0,44.9,46.2,47.0,13.1,1.0,74.6,17.9,25.7,80.9,,,OBAnorm,,LD831_01996v2.403,,,,0,0
GLBALSTL,2024-05-24 01:47:55.000,21.5,26.7,31.1,30.7,26.7,25.9,27.4,27.5,27.8,32.7,31.2,31.5,33.2,35.0,35.7,36.1,36.4,37.2,37.3,36.8,36.9,35.7,33.1,30.5,28.3,25.7,23.4,20.9,18.2,15.2,9.6,5.9,2.2,45.3,47.2,47.6,13.1,0.9,74.6,17.8,25.6,80.9,,,OBAnorm,,LD831_01996v2.403,,,,0,0
GLBALSTL,2024-05-24 01:47:56.000,20.1,25.8,25.8,26.8,25.7,29.1,29.4,28.0,27.0,29.2,30.7,29.1,31.2,35.3,35.4,36.7,37.4,39.4,38.6,38.7,38.6,38.2,36.1,33.6,30.8,28.3,26.6,24.1,22.5,18.6,13.6,8.7,3.6,47.4,48.7,48.9,13.1,0.8,74.6,17.9,25.7,80.9,,,OBAnorm,,LD831_01996v2.403,,,,0,0
GLBALSTL,2024-05-24 01:47:57.000,24.1,30.9,28.6,26.2,25.4,27.7,28.4,27.9,28.6,30.6,32.0,34.6,35.7,37.7,37.0,37.6,37.3,39.0,39.0,38.8,38.9,36.6,34.7,32.4,30.3,27.8,26.4,23.3,21.0,16.6,11.8,6.7,2.7,46.9,48.7,49.1,13.1,0.7,74.6,17.8,25.8,80.9,,,OBAnorm,,LD831_01996v2.403,,,,0,0
GLBALSTL,2024-05-24 01:47:58.000,19.0,24.6,25.0,28.7,27.0,28.5,28.3,25.1,29.0,31.7,30.8,28.6,29.5,33.3,34.6,36.8,37.8,37.7,38.1,37.7,36.8,36.0,33.4,31.4,28.6,26.2,24.2,21.3,18.6,14.4,10.4,5.8,3.0,45.8,47.5,49.2,13.1,0.6,74.6,17.8,25.7,80.9,,,OBAnorm,,LD831_01996v2.403,,,,0,0
GLBALSTL,2024-05-24 01:47:59.000,23.8,27.3,30.8,28.8,30.0,25.9,29.1,29.0,28.8,31.6,31.8,29.6,32.4,33.8,34.6,36.7,37.0,38.6,38.7,38.3,37.5,36.3,34.7,31.4,28.9,26.7,24.9,21.5,19.0,15.0,10.7,6.3,2.6,46.3,47.9,48.4,13.1,0.6,74.6,17.8,25.9,80.9,,,OBAnorm,,LD831_01996v2.403,,,,0,0
GLBALSTL,2024-05-24 01:48:00.000,24.7,23.8,29.8,31.1,27.9,27.9,27.6,27.3,27.9,31.0,31.0,29.4,31.6,33.9,33.9,35.9,37.1,37.7,37.4,37.4,37.4,36.2,34.4,31.3,28.7,26.5,24.1,20.9,18.0,14.1,9.4,5.8,2.3,45.6,47.0,47.4,13.1,0.6,74.6,17.9,26.0,81.5,,,OBAnorm,,LD831_01996v2.403,,,,0,0
GLBALSTL,2024-05-24 01:48:01.000,27.5,27.8,30.3,26.8,27.3,29.4,27.5,28.2,28.8,30.4,31.7,27.0,30.0,31.9,34.4,36.6,37.4,36.8,37.6,37.5,37.2,35.7,33.4,30.2,27.3,24.7,22.9,20.1,16.8,12.8,9.0,5.3,2.1,45.3,46.9,47.4,13.1,0.6,74.6,17.8,25.7,81.5,,,OBAnorm,,LD831_01996v2.403,,,,0,0
GLBALSTL,2024-05-24 01:48:02.000,26.7,28.0,26.8,30.1,29.0,27.8,27.5,29.9,28.6,29.9,31.0,28.4,34.8,32.6,34.3,35.5,37.2,37.2,37.6,37.4,37.2,35.6,33.6,31.2,28.6,26.3,24.1,20.2,17.5,13.7,9.7,5.7,2.3,45.5,47.3,47.8,13.1,0.6,74.6,17.8,25.5,81.4,,,OBAnorm,,LD831_01996v2.403,,,,0,0
GLBALSTL,2024-05-24 01:48:03.000,23.4,26.4,28.8,26.9,28.0,27.4,30.4,29.3,28.4,30.7,30.1,29.0,31.2,33.6,34.5,35.8,37.5,37.6,38.1,37.8,37.1,36.5,34.8,31.6,29.0,26.7,24.2,20.6,17.7,13.8,9.1,5.4,2.2,45.9,47.4,48.4,13.1,0.6,74.6,17.8,25.5,81.4,,,OBAnorm,,LD831_01996v2.403,,,,0,0
GLBALSTL,2024-05-24 01:48:04.000,23.5,29.4,28.1,28.3,27.7,29.7,28.7,27.2,28.3,32.2,30.6,27.7,28.6,32.1,33.4,36.3,37.3,37.6,37.8,37.9,37.6,36.4,34.7,32.4,29.7,27.5,24.2,21.1,17.8,13.6,8.9,5.7,2.2,46.0,47.3,48.0,13.1,0.6,74.6,17.8,25.5,81.4,,,OBAnorm,,LD831_01996v2.403,,,,0,0
GLBALSTL,2024-05-24 01:48:05.000,26.6,24.7,26.7,27.4,26.5,28.2,28.2,27.5,29.4,29.8,30.8,28.3,31.0,32.3,34.3,36.9,36.6,38.4,37.3,37.8,36.5,35.6,33.9,31.1,27.3,24.8,22.7,20.0,16.7,12.7,8.5,5.3,2.2,45.5,47.1,48.2,13.1,0.5,74.6,17.9,25.5,81.4,,,OBAnorm,,LD831_01996v2.403,,,,0,0
GLBALSTL,2024-05-24 01:48:06.000,23.6,26.6,30.2,27.5,28.5,26.9,29.4,27.7,26.9,29.1,30.0,31.0,30.3,32.1,33.1,35.5,36.1,37.7,37.6,37.3,37.6,36.4,34.7,32.4,29.5,27.6,24.7,21.8,19.0,15.0,9.9,6.1,2.6,46.0,47.2,48.9,13.1,0.5,74.6,17.8,25.5,81.4,,,OBAnorm,,LD831_01996v2.403,,,,0,0
GLBALSTL,2024-05-24 01:48:07.000,25.0,26.7,26.8,27.4,30.6,28.4,29.3,29.1,28.2,29.3,31.2,27.9,34.1,35.7,36.3,36.8,39.4,38.2,39.4,39.8,38.7,37.4,35.0,32.7,30.1,27.3,25.2,23.1,20.7,16.5,11.7,6.8,2.8,47.2,48.6,49.3,13.1,0.5,74.6,17.8,25.6,81.4,,,OBAnorm,,LD831_01996v2.403,,,,0,0
GLBALSTL,2024-05-24 01:48:08.000,25.5,29.0,30.3,26.1,27.4,28.3,28.0,29.0,28.6,29.4,28.8,27.7,29.5,29.6,33.3,35.7,36.5,38.1,37.7,37.4,38.0,36.3,34.6,32.3,30.1,28.3,25.4,22.6,18.5,14.4,9.8,5.8,2.5,45.9,47.0,48.3,13.1,0.5,74.6,17.8,25.6,81.4,,,OBAnorm,,LD831_01996v2.403,,,,0,0
GLBALSTL,2024-05-24 01:48:09.000,26.0,25.1,27.0,25.8,26.2,26.4,30.6,30.2,27.0,29.1,30.2,28.4,32.1,31.9,34.7,36.7,37.8,38.9,39.0,38.4,38.7,36.6,34.7,31.6,28.8,27.0,24.8,21.5,19.3,15.5,11.2,6.7,2.8,46.6,47.9,48.6,13.1,0.5,74.5,17.9,25.6,81.4,,,OBAnorm,,LD831_01996v2.403,,,,0,0
GLBALSTL,2024-05-24 01:48:10.000,26.3,31.8,27.0,27.3,23.0,28.8,27.4,27.5,27.8,28.9,28.8,31.2,32.1,33.8,35.2,37.0,36.9,37.9,37.6,36.9,36.5,35.0,33.4,30.2,27.5,25.0,22.8,20.0,16.8,13.1,9.0,5.3,2.1,45.3,47.1,47.7,13.1,0.5,74.6,17.9,25.6,81.4,,,OBAnorm,,LD831_01996v2.403,,,,0,0
GLBALSTL,2024-05-24 01:48:11.000,25.2,27.8,29.8,29.0,26.6,30.2,28.6,26.9,27.8,30.1,29.6,25.9,29.5,31.3,34.0,35.6,36.7,38.7,38.3,37.6,37.6,36.3,34.0,31.2,27.9,26.1,24.3,21.7,18.1,13.1,9.3,5.5,2.0,46.0,47.4,48.0,13.1,0.5,74.6,17.8,25.6,81.4,,,OBAnorm,,LD831_01996v2.403,,,,0,0
GLBALSTL,2024-05-24 01:48:12.000,24.5,28.8,29.4,27.6,26.4,28.3,29.8,29.8,26.3,29.2,30.7,28.5,33.2,35.0,35.7,37.5,37.0,38.5,38.5,38.3,37.3,36.0,34.0,31.2,28.5,26.4,24.1,21.4,18.3,14.2,9.2,5.2,1.9,46.1,47.7,48.1,13.1,0.5,74.6,17.8,25.6,81.4,,,OBAnorm,,LD831_01996v2.403,,,,0,0
GLBALSTL,2024-05-24 01:48:13.000,24.5,27.7,30.1,28.7,25.6,22.8,28.6,28.1,26.9,31.5,33.0,34.0,31.3,33.0,34.1,36.9,37.6,38.1,38.6,38.4,37.3,36.0,34.1,31.1,28.7,27.0,25.0,21.5,18.8,14.7,9.5,5.8,2.4,46.2,47.8,48.3,13.1,0.5,74.5,17.8,25.6,81.4,,,OBAnorm,,LD831_01996v2.403,,,,0,0
GLBALSTL,2024-05-24 01:48:14.000,23.6,29.2,26.0,28.3,26.4,27.4,30.0,25.5,27.7,30.1,30.4,29.8,33.0,33.4,34.3,35.8,37.6,38.6,38.2,37.9,37.3,36.5,34.6,31.7,28.4,27.1,25.0,21.5,18.0,14.0,10.6,5.8,2.4,46.2,47.7,48.0,13.1,0.6,74.6,17.8,25.6,81.4,,,OBAnorm,,LD831_01996v2.403,,,,0,0
GLBALSTL,2024-05-24 01:48:15.000,16.9,29.5,29.4,27.8,25.5,26.2,31.1,25.9,27.3,29.2,29.7,30.6,30.2,31.8,33.6,36.3,36.9,38.1,38.2,37.5,37.7,36.3,35.0,32.2,29.9,26.7,23.7,20.7,17.3,13.7,8.9,5.2,2.0,46.2,47.5,48.1,13.1,0.6,74.6,17.9,25.5,81.4,,,OBAnorm,,LD831_01996v2.403,,,,0,0
GLBALSTL,2024-05-24 01:48:16.000,24.6,27.2,29.2,28.8,27.8,29.7,30.7,28.9,28.2,30.9,28.7,31.8,32.9,33.0,34.7,36.5,37.4,38.6,38.2,39.2,37.9,36.7,35.6,32.7,29.7,27.3,25.7,22.7,19.2,15.5,10.8,6.2,2.5,46.6,47.9,48.4,13.1,0.6,74.6,17.8,25.5,81.4,,,OBAnorm,,LD831_01996v2.403,,,,0,0
GLBALSTL,2024-05-24 01:48:17.000,24.2,25.2,25.9,27.7,27.3,27.9,29.3,28.3,28.5,32.3,30.9,29.8,34.8,32.8,35.3,35.6,37.3,37.6,38.2,38.4,38.0,36.6,35.5,32.7,30.5,29.2,26.7,22.9,20.4,16.4,12.4,7.5,3.1,46.6,47.9,48.3,13.1,0.5,74.6,17.8,25.5,81.4,,,OBAnorm,,LD831_01996v2.403,,,,0,0
GLBALSTL,2024-05-24 01:48:18.000,24.8,23.7,30.4,28.3,27.6,26.0,29.0,25.8,28.3,29.7,30.8,31.0,33.3,34.7,35.4,36.2,36.4,38.2,38.3,37.3,36.8,35.5,34.4,31.5,28.5,27.0,23.8,21.1,17.9,13.6,9.2,5.5,1.9,45.7,47.3,47.7,13.1,0.5,74.6,17.8,25.5,81.4,,,OBAnorm,,LD831_01996v2.403,,,,0,0
GLBALSTL,2024-05-24 01:48:19.000,24.9,24.2,29.0,27.8,27.5,27.2,27.1,28.2,27.9,30.5,30.5,33.9,32.9,34.5,35.2,37.5,38.9,39.2,38.5,37.7,37.3,35.8,33.6,31.7,28.8,26.8,23.4,21.9,18.1,13.3,9.0,5.8,2.1,46.3,48.3,48.6,13.1,0.5,74.6,17.8,25.5,81.4,,,OBAnorm,,LD831_01996v2.403,,,,0,0
GLBALSTL,2024-05-24 01:48:20.000,23.8,23.4,25.9,29.5,25.7,30.9,29.1,31.9,28.8,30.6,32.0,33.3,34.5,35.6,35.9,36.0,37.5,38.0,37.9,37.9,37.2,36.8,34.9,32.5,28.7,26.6,24.1,21.7,18.3,14.3,9.9,5.8,2.4,46.2,47.7,48.6,13.1,0.5,74.6,17.9,25.5,81.4,,,OBAnorm,,LD831_01996v2.403,,,,0,0
GLBALSTL,2024-05-24 01:48:21.000,24.8,24.8,28.8,28.8,24.6,25.9,29.4,28.0,27.3,29.6,31.0,27.7,31.2,31.7,33.4,36.2,37.4,38.3,38.6,38.0,37.1,35.7,34.8,32.2,29.6,27.3,24.6,22.1,19.2,14.8,10.1,5.8,2.3,46.2,47.6,48.3,13.1,0.5,74.6,17.8,25.4,81.4,,,OBAnorm,,LD831_01996v2.403,,,,0,0
GLBALSTL,2024-05-24 01:48:22.000,24.8,27.4,28.6,26.5,24.7,28.3,26.5,30.0,30.2,31.2,31.8,29.5,31.9,33.2,35.4,37.1,38.8,40.6,40.2,39.0,38.4,37.1,35.3,32.7,29.3,26.4,23.5,20.8,16.5,11.9,7.5,4.5,1.8,47.3,48.7,49.1,13.1,0.5,74.6,17.8,25.4,81.4,,,OBAnorm,,LD831_01996v2.403,,,,0,0
GLBALSTL,2024-05-24 01:48:23.000,24.2,26.8,31.9,26.7,26.3,27.4,28.1,29.3,29.5,30.5,31.2,30.8,33.3,32.0,33.9,35.5,37.0,36.8,37.0,37.2,36.4,35.8,34.7,31.4,28.6,26.0,23.9,20.6,18.4,14.6,11.2,6.1,2.4,45.5,47.1,47.6,13.1,0.5,74.6,17.9,25.4,81.4,,,OBAnorm,,LD831_01996v2.403,,,,0,0
GLBALSTL,2024-05-24 01:48:24.000,25.0,26.9,29.3,26.6,27.2,26.9,29.6,30.2,27.9,30.8,30.0,31.9,32.6,35.1,35.4,36.6,37.2,38.4,38.4,37.6,37.1,35.8,33.8,30.8,27.9,26.0,23.4,21.9,19.3,14.1,9.1,5.3,2.1,45.7,47.5,47.8,13.1,0.5,74.6,17.8,25.4,81.4,,,OBAnorm,,LD831_01996v2.403,,,,0,0
GLBALSTL,2024-05-24 01:48:25.000,21.9,29.0,27.9,28.7,26.9,25.9,26.0,28.3,29.7,30.3,31.3,31.0,33.4,35.2,33.9,35.9,37.5,37.8,38.4,38.4,37.6,36.3,34.4,31.7,29.1,26.9,24.9,22.0,19.4,14.8,9.8,6.5,2.9,46.2,47.7,48.1,13.1,0.5,74.6,17.8,25.4,81.4,,,OBAnorm,,LD831_01996v2.403,,,,0,0
GLBALSTL,2024-05-24 01:48:26.000,25.8,27.8,29.2,24.7,24.9,28.7,29.3,29.1,27.6,32.0,30.0,30.9,35.7,36.6,35.2,36.6,38.2,38.8,37.6,37.5,37.6,37.2,35.4,32.6,30.4,27.6,25.8,22.8,19.9,15.4,11.0,6.5,2.7,46.4,48.1,48.5,13.1,0.5,74.6,17.8,25.4,81.4,,,OBAnorm,,LD831_01996v2.403,,,,0,0
GLBALSTL,2024-05-24 01:48:27.000,23.7,26.5,31.6,27.0,29.2,28.3,28.4,29.4,28.9,31.6,31.7,29.0,28.8,32.3,34.1,35.4,36.3,37.8,37.7,39.0,38.5,36.8,35.9,33.4,30.3,28.0,26.2,23.1,20.4,16.8,11.1,7.0,2.9,46.6,47.8,48.1,13.1,0.5,74.6,17.8,25.4,81.4,,,OBAnorm,,LD831_01996v2.403,,,,0,0
GLBALSTL,2024-05-24 01:48:28.000,22.1,24.3,26.9,28.2,28.2,31.2,28.6,28.4,26.6,31.5,33.0,35.1,35.1,35.2,34.9,36.1,37.8,37.9,38.0,38.3,37.4,36.3,34.6,31.6,29.0,26.5,23.9,21.7,18.8,15.0,10.6,6.7,2.7,46.2,47.9,48.5,13.1,0.5,74.6,17.8,25.3,81.4,,,OBAnorm,,LD831_01996v2.403,,,,0,0
GLBALSTL,2024-05-24 01:48:29.000,23.5,25.5,30.4,30.1,27.9,26.3,28.6,26.7,27.2,30.5,31.5,30.7,32.1,33.6,35.8,36.6,37.3,38.5,39.0,39.0,38.1,36.8,35.2,32.3,29.3,27.0,24.4,21.8,18.9,14.4,9.6,5.3,2.2,46.7,48.2,48.8,13.1,0.5,74.6,17.8,25.3,81.4,,,OBAnorm,,LD831_01996v2.403,,,,0,0
GLBALSTL,2024-05-24 01:48:30.000,23.3,25.1,32.4,28.8,27.5,27.1,27.2,27.2,28.1,31.5,33.5,31.0,35.7,33.3,36.2,37.8,38.0,39.5,38.9,39.4,39.1,37.9,36.2,33.0,30.5,28.6,26.7,24.6,21.7,17.9,13.4,8.2,3.4,47.5,48.9,49.9,13.1,0.5,74.6,17.8,25.4,81.4,,,OBAnorm,,LD831_01996v2.403,,,,0,0
GLBALSTL,2024-05-24 01:48:31.000,25.8,27.1,31.5,28.8,27.1,27.4,30.3,29.8,29.4,30.0,30.5,33.0,33.1,35.3,37.5,37.1,38.5,39.5,39.7,39.8,39.5,37.4,36.2,33.3,30.4,29.2,27.5,24.1,21.0,17.5,12.5,8.0,3.4,47.7,49.1,49.8,13.1,0.5,74.6,17.8,25.5,81.4,,,OBAnorm,,LD831_01996v2.403,,,,0,0
GLBALSTL,2024-05-24 01:48:32.000,23.4,30.5,30.3,27.9,27.2,29.0,29.0,29.2,31.9,35.6,35.6,36.6,37.3,37.3,38.3,39.1,39.5,39.7,39.7,39.3,38.5,37.3,35.2,33.0,29.9,27.2,24.5,21.7,18.6,14.7,10.0,6.2,2.4,47.5,49.8,50.1,13.1,0.4,74.6,17.8,25.5,81.4,,,OBAnorm,,LD831_01996v2.403,,,,0,0
GLBALSTL,2024-05-24 01:48:33.000,23.6,27.3,28.2,25.6,27.4,27.6,29.9,29.8,28.3,30.3,29.4,28.6,28.5,31.5,35.2,37.7,39.5,38.3,38.9,37.9,38.5,37.8,35.5,33.4,31.0,27.8,25.9,23.8,21.0,16.3,12.0,7.2,3.1,47.1,48.4,48.9,13.1,0.4,10.5,17.8,20.6,73.1,,,OBAnorm,,LD831_01996v2.403,,,,0,0
GLBALSTL,2024-05-24 01:48:34.000,26.9,24.4,30.0,26.5,26.8,28.0,27.4,29.1,28.7,29.6,36.0,36.8,35.7,34.2,36.6,36.4,37.4,38.3,38.7,38.2,38.0,37.0,35.5,33.0,30.4,28.5,26.4,23.0,20.8,15.7,11.5,7.3,2.9,46.7,48.5,48.8,13.1,0.4,74.6,17.8,20.5,73.0,,,OBAnorm,,LD831_01996v2.403,,,,0,0
GLBALSTL,2024-05-24 01:48:35.000,22.5,26.0,27.3,21.1,26.8,28.0,29.7,29.0,27.0,28.3,28.6,28.3,29.3,33.2,36.7,38.6,39.7,40.6,40.3,40.4,40.1,39.7,37.1,34.4,31.1,28.9,26.6,24.1,22.4,19.2,14.0,9.1,4.7,48.9,50.0,50.2,13.1,0.4,74.6,17.9,25.4,81.4,,,OBAnorm,,LD831_01996v2.403,,,,0,0
GLBALSTL,2024-05-24 01:48:36.000,26.0,26.8,31.2,29.4,26.7,26.2,31.0,28.5,30.0,31.0,33.2,33.5,37.2,37.1,38.4,38.0,39.9,39.7,39.5,39.0,38.3,37.4,35.9,33.1,30.1,27.6,25.4,22.7,20.4,16.7,12.2,7.9,3.4,47.2,49.1,49.4,13.1,0.4,74.6,17.8,25.4,81.4,,,OBAnorm,,LD831_01996v2.403,,,,0,0
GLBALSTL,2024-05-24 01:48:37.000,24.5,27.4,31.9,26.8,26.2,27.6,27.1,28.1,27.9,30.7,29.8,30.1,32.4,33.9,35.3,35.9,37.0,38.1,37.4,36.7,36.3,35.4,33.1,30.2,27.3,24.6,21.8,19.4,15.7,12.4,8.1,4.9,1.9,45.1,46.9,47.3,13.1,0.4,74.6,17.8,25.3,81.4,,,OBAnorm,,LD831_01996v2.403,,,,0,0
GLBALSTL,2024-05-24 01:48:38.000,16.7,24.9,30.5,26.5,27.4,26.9,28.5,28.1,29.3,30.3,31.0,28.8,32.3,34.3,36.5,36.0,38.1,38.6,38.7,38.4,38.1,36.7,34.8,32.8,29.9,27.7,25.2,22.5,18.7,14.4,9.9,5.8,2.4,46.7,48.2,48.5,13.1,0.3,74.6,17.8,25.4,81.4,,,OBAnorm,,LD831_01996v2.403,,,,0,0
GLBALSTL,2024-05-24 01:48:39.000,20.9,28.2,28.1,24.4,29.8,27.7,27.8,28.9,28.3,30.8,30.9,33.3,34.4,35.9,36.4,38.0,38.9,38.6,38.3,38.5,37.3,36.1,34.2,31.2,29.0,27.4,23.7,21.4,18.4,13.8,9.4,5.5,2.2,46.3,48.3,48.6,13.1,0.3,74.6,17.8,25.4,81.4,,,OBAnorm,,LD831_01996v2.403,,,,0,0
GLBALSTL,2024-05-24 01:48:40.000,23.1,25.8,28.4,29.2,27.6,27.7,28.1,28.0,28.7,30.8,30.5,31.3,33.0,35.6,37.2,38.4,38.3,40.0,38.9,38.9,38.3,37.4,36.2,34.1,31.2,28.8,27.1,24.3,20.4,16.2,11.3,6.6,3.0,47.6,48.9,49.2,13.1,0.3,74.6,17.8,25.4,81.4,,,OBAnorm,,LD831_01996v2.403,,,,0,0
GLBALSTL,2024-05-24 01:48:41.000,23.8,22.1,27.7,27.0,24.2,26.1,29.3,28.0,28.3,31.3,31.4,30.2,32.4,37.1,36.8,38.2,38.7,40.4,40.8,40.7,40.4,38.6,37.5,34.8,31.4,28.9,26.7,24.1,20.4,15.8,11.0,7.1,2.8,48.6,49.9,50.2,13.1,0.3,74.6,17.8,25.4,81.4,,,OBAnorm,,LD831_01996v2.403,,,,0,0
GLBALSTL,2024-05-24 01:48:42.000,22.8,25.2,27.0,29.4,25.3,31.5,28.5,30.1,30.8,30.4,33.1,33.9,35.2,35.5,36.6,36.7,38.6,39.1,38.5,40.3,39.2,38.7,36.9,34.2,31.5,29.7,28.1,24.7,22.3,18.0,13.5,8.4,4.2,47.9,49.2,49.5,13.1,0.3,74.6,17.8,25.4,81.4,,,OBAnorm,,LD831_01996v2.403,,,,0,0
GLBALSTL,2024-05-24 01:48:43.000,26.4,27.2,27.8,28.9,25.3,28.4,28.4,27.6,28.2,29.8,31.2,32.5,35.9,36.7,37.6,40.3,41.7,41.5,41.9,41.4,41.1,40.2,38.2,35.4,33.0,30.2,27.2,23.9,20.1,15.8,10.7,6.9,2.9,49.7,51.0,51.2,13.1,0.3,74.6,17.8,25.4,81.4,,,OBAnorm,,LD831_01996v2.403,,,,0,0
GLBALSTL,2024-05-24 01:48:44.000,26.4,25.0,31.3,29.5,26.0,28.6,27.0,28.8,28.7,30.0,29.8,29.3,33.4,34.4,35.5,36.4,38.3,39.6,38.5,38.0,37.9,37.7,35.7,32.9,30.2,28.5,26.2,23.3,20.4,16.6,12.1,7.3,3.6,46.8,48.2,48.6,13.1,0.4,74.6,17.8,25.3,81.4,,,OBAnorm,,LD831_01996v2.403,,,,0,0
GLBALSTL,2024-05-24 01:48:45.000,21.9,25.3,31.3,27.3,28.7,27.6,28.5,28.5,26.7,28.9,33.1,36.4,35.8,34.9,36.1,37.2,37.6,38.5,38.1,38.1,37.3,36.8,34.3,31.6,29.0,26.7,24.2,21.0,18.3,13.9,9.5,5.7,2.3,46.3,48.3,48.8,13.1,0.6,74.7,17.8,25.3,81.4,,,OBAnorm,,LD831_01996v2.403,,,,0,0
GLBALSTL,2024-05-24 01:48:46.000,21.3,29.0,31.8,27.0,27.6,28.3,30.5,27.5,27.5,30.7,30.1,31.4,33.2,34.5,35.4,37.2,37.7,38.4,38.5,37.7,37.3,36.3,34.5,32.0,29.1,26.2,23.9,21.2,17.7,13.6,9.0,5.5,2.1,46.3,48.0,48.4,13.1,0.8,74.6,17.9,25.4,81.4,,,OBAnorm,,LD831_01996v2.403,,,,0,0
GLBALSTL,2024-05-24 01:48:47.000,22.5,28.1,30.4,28.8,27.6,29.5,27.0,29.5,29.6,29.3,29.3,33.4,36.6,35.1,35.7,37.3,39.2,39.9,39.2,39.3,38.1,37.9,35.4,32.5,29.9,27.9,25.2,22.1,19.2,14.5,10.8,6.4,2.6,47.4,49.0,49.5,13.1,1.0,74.6,17.8,25.4,81.4,,,OBAnorm,,LD831_01996v2.403,,,,0,0
GLBALSTL,2024-05-24 01:48:48.000,18.7,29.1,29.1,27.4,26.5,28.9,31.9,28.2,28.4,30.2,29.8,31.8,32.7,33.9,35.3,35.5,37.6,38.4,38.0,38.5,38.2,36.6,34.4,32.0,29.9,27.3,25.3,22.2,19.0,14.2,10.1,5.8,2.4,46.4,47.9,51.0,13.1,1.1,74.6,17.8,25.5,80.8,,,OBAnorm,,LD831_01996v2.403,,,,0,0
GLBALSTL,2024-05-24 01:48:49.000,25.6,26.3,28.4,30.4,25.8,27.1,30.5,28.5,27.0,30.2,31.1,29.0,32.7,33.1,35.1,36.6,37.5,38.1,39.5,39.5,38.4,37.6,35.3,32.9,29.8,27.5,24.4,22.0,18.8,14.8,9.9,6.4,2.5,47.1,48.4,49.2,13.1,1.1,74.6,17.8,25.5,80.8,,,OBAnorm,,LD831_01996v2.403,,,,0,0
GLBALSTL,2024-05-24 01:48:50.000,26.3,26.8,33.2,27.5,27.6,28.7,28.3,28.2,27.0,31.0,31.4,31.2,33.0,34.1,37.2,38.4,39.7,39.8,39.2,39.4,38.8,38.4,36.0,33.5,30.8,28.2,25.8,22.1,19.0,14.9,10.9,6.1,2.5,47.7,49.1,50.6,13.1,1.1,74.5,17.8,25.5,81.4,,,OBAnorm,,LD831_01996v2.403,,,,0,0
GLBALSTL,2024-05-24 01:48:51.000,25.6,26.4,31.8,25.9,27.3,27.2,29.9,30.3,28.7,30.1,31.3,28.5,29.5,33.5,35.2,35.5,35.8,37.0,37.4,37.9,37.4,35.9,34.4,31.8,29.2,27.3,25.1,22.0,18.0,14.6,9.1,5.7,2.3,45.7,47.2,48.8,13.1,1.1,74.5,17.8,25.5,81.4,,,OBAnorm,,LD831_01996v2.403,,,,0,0
GLBALSTL,2024-05-24 01:48:52.000,26.9,29.0,28.9,26.8,28.3,27.8,30.1,27.0,26.9,29.5,30.5,31.1,33.6,36.1,34.8,37.5,36.9,38.5,39.1,38.1,38.2,36.8,35.3,32.7,29.9,27.9,25.2,21.9,18.8,14.0,9.3,5.5,2.2,46.7,48.2,49.1,13.1,1.0,74.4,17.8,25.5,80.8,,,OBAnorm,,LD831_01996v2.403,,,,0,0
GLBALSTL,2024-05-24 01:48:53.000,24.4,27.3,27.1,24.3,28.2,28.3,29.8,29.0,29.2,29.8,32.1,32.4,37.1,35.7,36.6,36.1,37.9,39.6,38.4,38.3,38.2,37.1,35.0,31.7,29.0,26.2,23.3,20.6,17.7,13.8,9.3,5.3,2.1,46.7,48.7,54.2,13.1,1.0,74.5,17.8,25.5,80.8,,,OBAnorm,,LD831_01996v2.403,,,,0,0
GLBALSTL,2024-05-24 01:48:54.000,27.0,27.9,27.6,26.7,26.1,26.7,27.1,28.9,29.0,30.0,31.0,34.6,33.4,35.3,37.0,36.9,39.1,38.8,38.9,39.6,38.8,37.9,36.0,33.5,30.7,28.4,26.5,23.8,19.8,15.6,10.9,6.4,2.6,47.5,48.8,51.5,13.1,1.1,74.4,17.8,25.5,81.4,,,OBAnorm,,LD831_01996v2.403,,,,0,0
GLBALSTL,2024-05-24 01:48:55.000,27.9,30.2,28.0,30.5,29.1,28.3,27.3,26.6,27.5,30.0,30.6,28.4,32.7,32.7,35.6,36.5,37.7,38.8,38.3,38.2,38.0,36.2,35.0,31.6,29.3,27.3,24.9,22.3,19.6,15.2,10.6,6.2,2.5,46.2,47.7,50.8,13.1,1.3,74.5,17.8,25.6,81.4,,,OBAnorm,,LD831_01996v2.403,,,,0,0
GLBALSTL,2024-05-24 01:48:56.000,27.1,27.9,27.0,29.5,27.0,27.4,28.7,28.5,28.5,30.3,32.6,29.4,33.3,34.3,35.1,36.4,37.2,38.1,38.4,38.1,38.0,36.3,34.8,31.8,29.3,27.0,24.8,21.7,18.4,14.6,9.7,5.9,2.3,46.3,47.8,50.3,13.1,1.4,74.5,17.8,25.6,81.4,,,OBAnorm,,LD831_01996v2.403,,,,0,0
GLBALSTL,2024-05-24 01:48:57.000,27.1,29.0,31.3,30.3,26.5,26.3,28.5,26.7,30.8,30.7,34.7,30.8,33.0,35.0,33.9,37.1,38.7,39.2,40.0,39.9,39.3,39.1,36.1,34.1,30.7,28.5,26.4,23.6,21.9,18.4,13.9,8.2,3.9,47.9,49.1,50.7,13.1,1.4,74.5,17.8,25.7,81.5,,,OBAnorm,,LD831_01996v2.403,,,,0,0
GLBALSTL,2024-05-24 01:48:58.000,26.1,29.2,30.7,25.8,26.1,24.3,28.9,29.1,28.6,32.4,31.9,32.9,35.3,37.6,37.6,38.2,38.9,39.4,39.2,38.8,38.3,37.4,36.0,33.9,30.9,28.9,26.3,23.4,20.6,16.9,12.2,7.4,3.1,47.4,49.1,50.3,13.1,1.4,74.5,17.9,25.7,81.5,,,OBAnorm,,LD831_01996v2.403,,,,0,0
GLBALSTL,2024-05-24 01:48:59.000,19.2,22.5,31.1,30.8,27.9,28.7,27.7,28.9,29.0,31.1,32.8,32.1,34.1,34.4,36.4,35.7,37.8,38.8,38.1,38.4,38.2,37.0,34.9,32.9,30.4,28.2,25.3,23.1,19.5,15.3,10.4,6.5,2.5,46.6,48.1,50.7,13.1,1.4,74.5,17.8,25.8,81.5,,,OBAnorm,,LD831_01996v2.403,,,,0,0
GLBALSTL,2024-05-24 01:49:00.000,26.2,26.0,29.3,28.1,26.5,27.1,26.6,25.8,26.7,30.5,30.9,30.2,34.7,37.2,35.9,38.0,38.9,39.0,38.8,39.2,38.6,37.4,35.7,32.9,30.1,28.7,26.9,23.9,20.9,16.5,12.3,7.4,3.1,47.3,49.0,49.7,13.1,1.4,74.4,17.8,25.8,81.5,,,OBAnorm,,LD831_01996v2.403,,,,0,0
GLBALSTL,2024-05-24 01:49:01.000,26.8,24.7,29.4,28.7,25.8,27.7,28.7,26.1,28.3,32.9,33.0,34.2,36.6,35.2,35.6,37.3,37.6,38.8,38.7,38.2,37.5,36.4,34.8,32.3,28.9,26.4,23.7,21.0,17.1,13.3,9.0,5.1,2.2,46.4,48.2,49.0,13.1,1.4,74.4,17.8,25.8,81.5,,,OBAnorm,,LD831_01996v2.403,,,,0,0
GLBALSTL,2024-05-24 01:49:02.000,26.0,25.0,28.9,29.8,28.9,28.9,27.0,25.9,26.7,28.4,30.9,29.2,31.9,35.6,36.3,36.6,37.5,39.5,38.9,38.1,37.4,35.9,34.1,31.7,28.4,25.9,23.7,21.2,17.0,12.9,8.3,5.1,1.9,46.3,47.9,48.5,13.1,1.3,74.4,17.8,25.6,80.9,,,OBAnorm,,LD831_01996v2.403,,,,0,0
GLBALSTL,2024-05-24 01:49:03.000,21.8,27.1,31.3,27.2,27.9,25.4,25.5,29.5,27.3,32.1,30.5,29.6,32.6,34.1,36.1,36.9,38.6,38.9,39.0,39.4,39.0,36.8,35.0,32.6,29.3,26.8,25.4,23.0,19.4,14.4,10.2,5.5,2.4,47.1,48.5,49.0,13.1,1.2,74.4,17.8,25.5,80.8,,,OBAnorm,,LD831_01996v2.403,,,,0,0
GLBALSTL,2024-05-24 01:49:04.000,25.1,25.8,27.5,29.8,25.9,27.1,27.4,26.4,28.6,31.2,31.5,33.6,37.5,35.9,36.4,37.8,38.4,39.6,37.8,37.5,37.0,35.7,33.5,30.6,28.8,26.1,23.3,21.2,17.2,13.6,9.0,5.6,2.1,46.2,48.5,48.9,13.1,1.1,74.4,17.9,25.6,80.9,,,OBAnorm,,LD831_01996v2.403,,,,0,0
GLBALSTL,2024-05-24 01:49:05.000,20.8,24.7,30.7,29.9,28.3,28.8,27.7,27.3,27.3,29.5,31.3,31.9,32.3,35.3,35.5,36.9,37.9,38.5,39.0,37.9,37.2,35.8,33.6,31.3,28.1,25.5,22.6,19.9,17.1,13.0,8.2,5.0,1.7,45.9,47.6,48.7,13.1,1.0,74.4,17.8,25.8,81.5,,,OBAnorm,,LD831_01996v2.403,,,,0,0
GLBALSTL,2024-05-24 01:49:06.000,23.9,27.6,29.3,27.6,24.6,27.5,29.5,30.7,27.8,30.4,31.3,27.0,31.1,33.7,35.9,37.0,37.5,38.5,38.7,37.8,38.1,36.8,34.6,32.2,29.8,27.9,25.1,22.8,19.9,16.0,11.1,6.4,3.0,46.5,48.0,48.9,13.1,0.9,74.4,17.8,24.2,77.1,,,OBAnorm,,LD831_01996v2.403,,,,0,0
GLBALSTL,2024-05-24 01:49:07.000,19.9,29.4,26.4,27.3,30.8,28.3,30.8,29.2,28.5,30.9,32.7,35.1,37.1,37.8,37.4,37.7,38.0,38.5,38.5,38.1,37.4,36.2,33.4,31.5,28.5,26.4,24.0,22.2,19.5,14.9,10.2,6.0,2.4,46.2,48.7,49.3,13.1,0.9,74.4,17.8,24.3,77.1,,,OBAnorm,,LD831_01996v2.403,,,,0,0
GLBALSTL,2024-05-24 01:49:08.000,26.4,26.6,30.6,27.6,29.9,29.1,30.7,26.5,29.1,29.9,32.8,35.4,36.7,36.5,36.3,37.9,38.7,39.3,37.9,38.3,37.1,36.3,34.5,31.8,29.1,26.5,24.3,20.9,17.8,13.4,9.3,5.3,2.0,46.4,48.5,51.1,13.1,0.8,74.4,17.8,25.8,81.5,,,OBAnorm,,LD831_01996v2.403,,,,0,0
GLBALSTL,2024-05-24 01:49:09.000,18.0,28.7,30.4,28.6,24.4,30.3,31.8,28.5,27.2,30.2,28.4,29.8,32.2,35.0,34.7,37.2,38.0,38.1,38.0,38.1,37.3,36.3,34.2,32.9,29.2,26.8,24.1,21.5,18.1,13.9,9.4,5.4,2.2,46.3,47.9,50.0,13.1,0.7,74.3,17.8,25.8,81.5,,,OBAnorm,,LD831_01996v2.403,,,,0,0
GLBALSTL,2024-05-24 01:49:10.000,22.9,24.1,27.7,29.8,28.6,28.1,28.0,28.0,26.5,29.4,30.7,30.4,32.3,36.9,37.3,37.7,39.0,39.8,38.8,37.9,37.3,37.0,34.5,32.8,29.9,27.2,25.1,22.6,19.4,15.2,11.2,6.5,2.4,46.8,48.6,49.8,13.1,0.7,74.3,17.8,25.0,80.8,,,OBAnorm,,LD831_01996v2.403,,,,0,0
GLBALSTL,2024-05-24 01:49:11.000,23.7,23.7,31.4,29.0,27.6,31.9,28.6,29.7,27.8,29.6,30.8,29.9,33.2,35.2,37.0,37.4,38.4,38.4,38.7,38.0,38.3,36.7,34.3,31.7,28.6,26.3,23.2,20.4,17.1,13.1,8.5,4.9,1.8,46.5,48.3,48.8,13.1,0.7,74.3,17.8,24.2,80.6,,,OBAnorm,,LD831_01996v2.403,,,,0,0
GLBALSTL,2024-05-24 01:49:12.000,25.3,30.9,31.2,28.6,25.6,31.5,30.3,28.2,27.9,29.9,29.8,28.2,31.5,32.7,33.8,37.8,37.2,37.9,37.7,37.8,37.8,36.1,34.7,32.8,29.4,27.3,25.1,22.1,19.6,15.8,10.6,6.1,2.6,46.2,47.5,48.6,13.1,0.7,74.3,17.9,24.1,80.6,,,OBAnorm,,LD831_01996v2.403,,,,0,0
GLBALSTL,2024-05-24 01:49:13.000,25.8,28.4,24.5,27.6,29.5,28.8,28.5,27.1,26.5,30.3,30.3,32.9,33.5,34.0,35.1,36.9,38.2,38.5,39.3,39.4,38.8,38.0,35.8,33.7,31.0,29.1,26.9,23.9,21.6,17.2,12.1,7.6,3.4,47.3,48.6,50.8,13.1,0.7,74.3,17.8,24.1,80.6,,,OBAnorm,,LD831_01996v2.403,,,,0,0
GLBALSTL,2024-05-24 01:49:14.000,24.8,30.4,31.0,30.0,26.2,29.6,29.1,29.7,29.1,29.4,29.9,28.1,30.7,34.5,34.2,35.7,37.9,37.8,37.9,37.6,37.4,36.2,34.6,31.9,28.4,26.1,23.6,20.3,17.3,13.2,8.4,5.2,1.9,45.9,47.5,48.7,13.1,0.7,74.3,17.8,24.1,80.6,,,OBAnorm,,LD831_01996v2.403,,,,0,0
GLBALSTL,2024-05-24 01:49:15.000,28.0,28.0,26.1,28.7,26.2,28.3,31.4,28.6,27.6,29.9,30.9,28.9,33.6,34.2,37.2,37.8,38.5,38.7,39.0,38.8,38.3,37.7,35.7,33.4,30.6,28.2,27.1,23.5,21.7,18.0,13.1,8.2,3.5,47.2,48.5,49.6,13.1,0.7,74.3,17.8,24.3,80.6,,,OBAnorm,,LD831_01996v2.403,,,,0,0
GLBALSTL,2024-05-24 01:49:16.000,24.9,27.6,29.6,29.4,27.1,26.9,27.9,28.1,29.3,29.5,29.4,27.4,31.2,33.7,34.6,36.6,38.3,38.5,39.0,38.6,38.0,36.7,34.2,31.6,28.8,26.9,23.4,20.8,17.6,13.9,9.4,5.5,2.2,46.4,47.8,49.9,13.1,0.7,74.3,17.8,24.4,80.7,,,OBAnorm,,LD831_01996v2.403,,,,0,0
GLBALSTL,2024-05-24 01:49:17.000,28.1,29.4,29.2,25.3,28.4,29.7,29.5,28.9,29.5,29.5,29.9,28.3,30.3,33.3,34.2,36.5,39.0,38.3,37.7,38.5,36.9,35.9,34.5,31.5,28.4,26.1,24.5,20.3,16.5,12.6,7.9,4.7,1.9,46.1,47.6,48.6,13.1,0.7,74.3,17.8,24.5,80.7,,,OBAnorm,,LD831_01996v2.403,,,,0,0
GLBALSTL,2024-05-24 01:49:18.000,26.0,26.9,27.8,29.0,27.5,28.2,28.9,30.8,28.3,28.8,28.5,29.4,30.7,35.5,36.4,38.4,39.8,39.4,39.5,39.2,38.5,37.5,35.6,32.7,29.8,26.9,25.0,22.9,19.9,15.6,11.1,6.8,2.8,47.3,48.8,50.5,13.1,0.7,74.3,17.8,24.6,80.7,,,OBAnorm,,LD831_01996v2.403,,,,0,0
GLBALSTL,2024-05-24 01:49:19.000,24.6,24.9,29.2,27.7,24.6,29.0,29.1,29.6,27.1,29.7,31.2,32.4,33.9,34.5,36.0,38.1,40.0,39.6,39.3,37.6,38.1,36.6,34.7,32.4,29.1,26.6,25.4,23.2,17.1,12.7,8.4,5.0,2.0,46.9,48.7,53.2,13.1,0.7,74.3,17.8,24.7,80.7,,,OBAnorm,,LD831_01996v2.403,,,,0,0
GLBALSTL,2024-05-24 01:49:20.000,28.2,24.8,30.1,33.0,29.6,29.5,31.0,31.0,29.4,29.1,31.6,27.6,31.2,34.7,36.5,38.3,39.4,39.9,40.1,39.6,38.9,37.4,35.8,32.7,29.7,27.6,25.7,23.4,19.2,14.7,9.4,5.6,2.1,47.7,49.1,51.0,13.1,0.7,74.4,17.8,24.8,80.7,,,OBAnorm,,LD831_01996v2.403,,,,0,0
GLBALSTL,2024-05-24 01:49:21.000,27.3,28.7,29.7,28.9,27.8,29.7,30.0,29.3,27.8,29.4,31.0,31.6,34.8,34.3,37.2,39.3,39.8,39.7,39.4,39.2,38.7,36.7,34.7,32.8,29.8,28.1,26.1,23.8,20.8,16.6,12.0,6.8,2.8,47.2,49.0,49.8,13.1,0.7,74.4,17.8,25.3,81.4,,,OBAnorm,,LD831_01996v2.403,,,,0,0
GLBALSTL,2024-05-24 01:49:22.000,26.4,26.5,29.3,27.9,30.6,25.7,30.6,30.8,29.5,29.8,34.0,36.3,32.1,34.3,35.3,36.7,38.7,38.8,38.6,37.8,37.6,36.5,34.0,31.6,28.8,26.7,24.0,21.0,18.9,14.6,9.0,5.2,2.2,46.3,48.2,50.0,13.1,0.6,74.3,17.9,25.8,81.5,,,OBAnorm,,LD831_01996v2.403,,,,0,0
GLBALSTL,2024-05-24 01:49:23.000,24.1,27.0,26.9,30.1,28.6,29.6,28.1,29.6,28.8,30.5,31.2,28.8,31.1,33.2,36.1,37.8,39.5,39.5,39.3,39.6,39.9,38.4,36.1,33.4,30.0,28.2,25.4,22.6,20.3,16.8,12.2,7.3,3.4,47.9,49.2,51.0,13.1,0.6,74.4,17.8,25.7,81.5,,,OBAnorm,,LD831_01996v2.403,,,,0,0
GLBALSTL,2024-05-24 01:49:24.000,22.3,28.2,29.2,28.2,26.0,30.7,28.0,29.7,28.6,31.3,33.9,34.5,35.4,36.0,35.4,35.7,37.3,38.4,39.1,38.7,38.1,37.5,35.4,32.4,30.2,28.1,25.1,22.7,19.6,15.6,10.5,6.5,2.8,46.7,48.5,50.7,13.1,0.6,74.3,17.8,25.2,80.8,,,OBAnorm,,LD831_01996v2.403,,,,0,0
GLBALSTL,2024-05-24 01:49:25.000,22.7,25.4,30.2,29.4,26.6,30.1,24.9,27.0,29.7,32.8,32.7,29.6,33.5,35.8,35.7,38.1,38.1,39.1,39.1,38.4,37.6,36.1,34.6,31.9,29.5,26.5,23.6,21.6,18.5,13.8,9.3,5.2,2.3,46.4,48.2,49.4,13.1,0.6,74.4,17.8,25.3,80.8,,,OBAnorm,,LD831_01996v2.403,,,,0,0
GLBALSTL,2024-05-24 01:49:26.000,23.4,24.4,26.3,27.7,25.0,28.2,27.6,28.4,29.6,31.9,30.5,31.2,33.1,36.3,37.4,38.9,39.2,39.7,39.7,40.4,39.1,38.1,36.3,33.9,31.0,28.8,26.1,24.1,20.9,16.5,11.9,7.3,3.2,48.0,49.5,50.2,13.1,0.5,74.3,17.8,25.7,81.5,,,OBAnorm,,LD831_01996v2.403,,,,0,0
GLBALSTL,2024-05-24 01:49:27.000,25.1,18.9,26.1,25.6,29.4,28.3,30.9,27.7,29.2,31.0,32.1,32.7,37.2,37.2,37.2,36.6,38.4,38.6,39.0,39.5,37.6,36.4,34.8,33.0,30.7,28.7,26.1,22.8,20.2,15.3,11.0,7.4,3.3,47.0,49.0,50.0,13.1,0.5,74.3,17.8,25.7,81.5,,,OBAnorm,,LD831_01996v2.403,,,,0,0
GLBALSTL,2024-05-24 01:49:28.000,22.4,23.7,30.5,28.6,28.8,30.1,30.2,32.4,29.5,32.7,36.6,37.9,36.1,36.4,36.8,37.7,39.0,39.6,39.6,38.8,38.6,38.1,36.0,33.3,30.8,28.3,25.9,22.5,19.4,15.6,11.1,7.3,2.8,47.5,49.5,50.4,13.1,0.5,62.8,17.8,24.9,76.1,,,OBAnorm,,LD831_01996v2.403,,,,0,0
GLBALSTL,2024-05-24 01:49:29.000,26.1,24.4,29.2,27.3,25.5,28.7,30.0,29.7,29.6,34.0,32.6,32.6,32.5,35.2,36.5,37.8,39.0,40.2,39.4,40.0,39.4,37.8,35.7,33.0,30.9,27.7,26.2,23.4,19.5,17.2,9.9,7.4,3.0,47.6,49.1,49.9,13.1,0.5,74.3,17.8,24.8,76.1,,,OBAnorm,,LD831_01996v2.403,,,,0,0
GLBALSTL,2024-05-24 01:49:30.000,27.5,29.0,30.5,27.7,27.3,28.7,27.6,28.9,29.7,31.1,36.9,32.2,33.7,34.0,34.7,36.4,38.6,37.7,37.3,37.0,36.8,35.5,33.6,31.4,28.6,27.0,26.2,21.8,19.8,15.2,10.6,6.5,3.0,45.7,47.9,49.0,13.1,0.5,74.3,17.8,25.5,81.4,,,OBAnorm,,LD831_01996v2.403,,,,0,0
GLBALSTL,2024-05-24 01:49:31.000,26.0,27.1,27.2,26.6,29.5,30.1,31.2,31.2,30.8,31.5,30.6,29.2,28.8,32.4,35.0,36.3,38.2,37.2,38.6,37.5,36.8,36.3,34.5,31.8,28.8,26.2,23.7,20.8,18.2,14.2,9.6,5.5,2.2,45.9,47.5,49.1,13.1,0.5,74.3,17.8,25.5,81.4,,,OBAnorm,,LD831_01996v2.403,,,,0,0
GLBALSTL,2024-05-24 01:49:32.000,15.8,27.4,25.9,26.5,25.4,29.3,28.4,29.5,29.6,31.8,32.2,30.3,31.1,32.8,33.8,36.1,37.4,38.3,38.6,36.5,37.2,36.3,34.7,32.1,28.8,26.7,24.8,21.8,18.7,15.3,10.5,6.0,2.5,45.9,47.4,48.5,13.1,0.5,74.3,17.8,25.6,81.4,,,OBAnorm,,LD831_01996v2.403,,,,0,0
GLBALSTL,2024-05-24 01:49:33.000,26.0,26.1,30.6,27.9,28.4,29.1,29.8,30.1,30.3,32.2,35.6,31.3,33.1,36.3,37.3,38.5,38.3,39.2,40.0,39.0,38.3,36.2,34.2,31.7,29.1,26.2,24.2,22.5,19.0,15.0,9.7,5.9,2.4,47.0,49.1,49.5,13.1,0.5,74.3,17.8,25.5,81.4,,,OBAnorm,,LD831_01996v2.403,,,,0,0
GLBALSTL,2024-05-24 01:49:34.000,21.9,29.1,32.4,29.6,26.9,28.7,27.0,29.4,29.4,31.8,33.1,31.5,36.9,36.9,37.0,36.5,37.6,37.6,37.9,37.3,37.7,36.4,33.5,31.6,29.5,27.2,25.3,21.2,18.5,14.1,9.9,6.0,2.4,46.0,47.9,48.4,13.1,0.5,74.3,17.8,25.5,81.4,,,OBAnorm,,LD831_01996v2.403,,,,0,0
GLBALSTL,2024-05-24 01:49:35.000,24.7,26.5,25.0,28.5,26.7,26.5,30.2,29.6,28.8,29.8,30.9,29.4,29.8,33.2,34.5,36.8,37.4,38.7,38.0,38.4,38.1,36.3,34.1,31.4,28.7,26.4,24.0,20.6,17.4,13.7,9.0,5.2,2.0,46.2,47.8,48.7,13.1,0.5,74.4,17.8,25.6,81.4,,,OBAnorm,,LD831_01996v2.403,,,,0,0
GLBALSTL,2024-05-24 01:49:36.000,22.9,26.8,29.0,28.2,27.0,27.4,28.9,28.8,28.9,31.4,31.3,31.9,33.0,35.3,36.1,37.7,39.0,39.4,37.7,38.1,37.3,36.1,35.1,31.4,28.8,26.4,24.5,20.5,16.8,12.1,7.8,4.8,1.9,46.5,48.3,48.7,13.1,0.5,74.4,17.8,25.6,81.4,,,OBAnorm,,LD831_01996v2.403,,,,0,0
GLBALSTL,2024-05-24 01:49:37.000,19.7,28.7,29.7,24.6,24.1,28.2,30.2,28.9,26.8,31.7,30.9,29.6,31.7,35.1,35.6,35.5,37.5,38.3,38.2,37.6,36.7,35.8,33.8,32.0,29.1,26.5,24.3,21.6,18.2,13.3,9.2,5.5,2.2,45.8,47.4,47.8,13.1,0.5,74.3,17.9,25.6,80.9,,,OBAnorm,,LD831_01996v2.403,,,,0,0
GLBALSTL,2024-05-24 01:49:38.000,19.3,24.5,26.0,27.1,27.0,27.6,28.9,29.8,28.2,31.4,29.8,27.2,30.4,34.2,34.3,36.1,38.2,39.0,38.8,38.5,37.5,36.8,35.2,33.4,30.3,27.5,25.4,23.3,21.5,16.2,12.0,6.7,3.3,46.8,48.2,48.7,13.1,0.5,74.3,17.8,25.5,80.8,,,OBAnorm,,LD831_01996v2.403,,,,0,0
GLBALSTL,2024-05-24 01:49:39.000,25.1,22.5,26.8,27.5,27.5,29.4,27.7,28.5,29.9,32.9,36.3,37.7,35.6,34.3,37.3,38.7,39.6,40.6,40.0,39.6,39.2,38.4,36.7,34.4,31.6,29.4,28.1,25.4,21.2,16.8,12.2,7.4,3.1,48.2,49.9,50.7,13.1,0.5,74.3,17.8,25.5,81.4,,,OBAnorm,,LD831_01996v2.403,,,,0,0
GLBALSTL,2024-05-24 01:49:40.000,27.0,28.9,28.7,28.1,29.4,28.5,28.7,29.0,28.7,28.8,31.3,29.2,33.9,36.3,35.7,37.9,38.2,39.1,39.6,39.8,39.4,38.2,36.7,33.6,30.5,28.8,26.8,23.5,21.7,17.7,12.6,7.8,3.5,47.7,49.0,51.4,13.1,0.5,74.3,17.8,25.5,80.8,,,OBAnorm,,LD831_01996v2.403,,,,0,0
GLBALSTL,2024-05-24 01:49:41.000,26.0,26.8,31.5,29.5,27.8,27.1,29.6,28.6,29.2,30.3,32.0,29.1,33.1,36.2,35.3,37.5,37.2,37.5,38.2,37.7,37.6,35.9,34.2,31.2,28.6,25.4,24.1,20.8,17.6,14.6,12.2,6.2,2.2,45.8,47.6,49.3,13.1,0.4,74.3,17.8,25.5,80.8,,,OBAnorm,,LD831_01996v2.403,,,,0,0
GLBALSTL,2024-05-24 01:49:42.000,25.0,27.8,30.1,28.3,29.1,27.0,26.9,29.1,29.1,30.2,28.8,27.7,29.1,32.6,33.8,36.4,37.1,38.3,38.0,37.3,37.1,36.3,34.1,31.4,28.2,25.3,22.5,19.3,15.9,12.0,8.3,4.4,1.8,45.8,47.2,50.6,13.1,0.4,74.4,17.8,25.5,80.8,,,OBAnorm,,LD831_01996v2.403,,,,0,0
GLBALSTL,2024-05-24 01:49:43.000,22.3,28.9,30.0,28.6,26.1,26.9,28.8,28.1,29.5,31.7,30.9,29.1,32.2,34.9,36.0,37.4,38.6,38.9,38.3,38.1,38.0,36.7,34.6,32.1,29.1,27.0,24.6,22.8,19.1,15.5,10.2,6.3,2.5,46.6,48.4,51.5,13.1,0.4,74.3,17.8,25.5,80.8,,,OBAnorm,,LD831_01996v2.403,,,,0,0
GLBALSTL,2024-05-24 01:49:44.000,31.1,28.9,30.5,29.3,24.7,27.2,28.7,28.0,30.4,33.2,37.7,35.9,36.5,35.9,34.4,37.1,37.7,37.8,38.0,38.0,37.0,35.3,33.2,30.1,27.2,24.5,22.1,20.5,17.3,13.1,8.6,5.1,1.9,45.7,48.3,53.8,13.1,0.3,74.3,17.8,25.6,80.9,,,OBAnorm,,LD831_01996v2.403,,,,0,0
GLBALSTL,2024-05-24 01:49:45.000,28.8,28.9,28.7,27.9,25.5,28.5,29.2,27.8,28.9,29.2,30.5,29.0,29.6,32.4,34.0,36.1,37.5,37.9,37.0,36.5,36.6,35.1,33.3,30.7,28.0,25.2,22.6,20.2,16.3,12.2,8.9,4.9,2.2,45.1,46.8,47.6,13.1,0.3,74.4,17.8,25.6,80.9,,,OBAnorm,,LD831_01996v2.403,,,,0,0
GLBALSTL,2024-05-24 01:49:46.000,29.4,29.9,30.0,29.7,26.6,27.3,28.5,28.6,29.6,31.3,30.9,30.0,30.6,32.6,34.4,36.8,36.7,37.8,37.6,37.1,37.8,36.1,33.6,30.8,28.6,25.9,23.2,20.6,16.8,12.6,8.4,4.8,1.9,45.7,47.3,47.8,13.1,0.3,74.3,17.8,25.6,80.9,,,OBAnorm,,LD831_01996v2.403,,,,0,0
GLBALSTL,2024-05-24 01:49:47.000,20.0,27.4,29.4,27.0,27.6,27.8,29.4,28.2,28.3,29.4,30.7,28.6,31.7,33.1,33.6,35.4,36.5,36.6,37.0,37.3,36.5,36.0,33.9,31.8,29.1,27.8,25.8,21.1,19.2,14.7,10.9,6.5,2.4,45.5,46.9,47.5,13.1,0.3,74.3,17.8,25.6,80.9,,,OBAnorm,,LD831_01996v2.403,,,,0,0
GLBALSTL,2024-05-24 01:49:48.000,23.3,30.2,24.2,30.3,28.0,27.9,27.3,26.8,27.7,29.6,31.9,31.1,32.9,35.1,36.4,37.0,36.8,37.3,36.9,37.2,36.1,35.2,32.8,30.2,28.3,24.8,22.4,20.0,16.7,12.7,8.1,4.7,1.8,45.2,47.3,49.8,13.1,0.3,74.4,17.8,25.6,80.9,,,OBAnorm,,LD831_01996v2.403,,,,0,0
GLBALSTL,2024-05-24 01:49:49.000,22.9,24.0,28.8,29.8,26.4,29.7,29.3,29.0,29.1,30.3,31.1,32.5,34.2,33.6,34.7,36.8,37.3,37.4,37.5,37.1,36.9,36.1,33.8,31.5,28.5,26.2,24.1,21.5,18.2,14.1,10.0,6.6,2.7,45.6,47.3,48.7,13.1,0.3,74.3,17.8,25.6,80.9,,,OBAnorm,,LD831_01996v2.403,,,,0,0
GLBALSTL,2024-05-24 01:49:50.000,23.9,24.4,29.8,26.8,25.8,29.1,29.0,26.3,27.0,30.5,30.3,32.8,36.3,35.4,36.3,37.5,38.4,38.3,38.1,38.3,36.9,35.4,33.6,31.3,28.6,26.9,24.0,22.3,18.2,14.0,9.4,5.7,2.0,46.0,48.2,48.9,13.1,0.4,74.3,17.8,25.6,81.4,,,OBAnorm,,LD831_01996v2.403,,,,0,0
GLBALSTL,2024-05-24 01:49:51.000,22.0,27.5,30.9,27.1,29.3,28.0,29.5,28.5,29.0,31.5,35.5,35.6,34.6,36.7,37.2,38.3,38.1,39.0,38.6,38.6,38.5,37.6,35.2,33.3,30.0,27.5,25.7,22.4,20.1,16.3,11.4,6.8,2.8,47.1,48.9,49.7,13.1,0.5,74.3,17.8,25.6,81.4,,,OBAnorm,,LD831_01996v2.403,,,,0,0
GLBALSTL,2024-05-24 01:49:52.000,24.5,28.3,27.9,29.1,26.7,28.2,29.2,28.3,28.8,31.5,32.5,33.3,33.3,34.3,36.8,37.2,38.2,38.5,37.7,38.1,37.6,36.1,34.1,31.8,29.7,27.0,24.2,22.4,20.3,15.0,9.3,5.3,2.2,46.3,48.2,49.3,13.1,0.7,74.3,17.9,25.6,81.4,,,OBAnorm,,LD831_01996v2.403,,,,0,0
GLBALSTL,2024-05-24 01:49:53.000,24.5,23.8,27.7,28.1,26.5,30.0,29.3,28.7,29.6,31.6,33.1,32.0,34.0,35.4,36.3,37.6,37.5,39.1,38.6,37.6,36.9,35.9,34.4,30.7,28.8,26.3,23.3,20.8,17.0,13.1,8.5,5.7,1.9,46.2,48.3,49.5,13.1,0.8,74.4,17.8,25.5,81.4,,,OBAnorm,,LD831_01996v2.403,,,,0,0
GLBALSTL,2024-05-24 01:49:54.000,26.6,26.1,27.4,25.5,26.5,27.8,29.3,27.6,30.0,34.3,34.5,37.5,36.9,35.8,37.2,38.5,37.9,38.6,37.2,37.7,37.1,35.9,34.0,31.2,28.6,26.5,23.6,22.0,19.2,14.6,10.3,7.5,2.8,46.0,48.4,49.5,13.1,0.9,74.3,17.8,25.5,81.4,,,OBAnorm,,LD831_01996v2.403,,,,0,0
GLBALSTL,2024-05-24 01:49:55.000,22.8,24.5,27.5,29.6,27.5,25.7,29.3,27.7,27.7,31.0,31.3,33.6,32.0,35.3,35.8,37.5,37.7,38.1,38.0,37.9,37.2,35.4,33.6,31.5,28.3,25.8,22.7,21.3,18.7,13.8,8.7,5.2,1.8,46.0,47.9,48.9,13.1,0.9,74.4,17.8,25.5,81.4,,,OBAnorm,,LD831_01996v2.403,,,,0,0
GLBALSTL,2024-05-24 01:49:56.000,20.7,24.3,25.8,26.2,24.7,27.8,29.9,27.5,29.0,30.4,31.5,30.5,33.4,34.6,35.3,37.4,37.6,38.3,37.7,37.5,37.8,36.9,35.3,32.4,29.3,27.0,24.1,21.8,19.1,15.6,9.9,6.2,2.5,46.3,48.1,48.6,13.1,0.9,74.3,17.8,25.5,81.4,,,OBAnorm,,LD831_01996v2.403,,,,0,0
GLBALSTL,2024-05-24 01:49:57.000,22.5,28.0,31.2,27.9,27.2,28.5,26.7,28.0,28.2,37.4,40.6,38.6,39.0,39.4,38.7,36.7,38.9,38.8,38.2,37.4,36.6,34.6,33.0,30.5,27.5,24.9,22.7,20.3,16.9,13.5,8.8,5.4,2.1,46.0,49.6,49.9,13.1,0.8,74.3,17.8,25.5,81.4,,,OBAnorm,,LD831_01996v2.403,,,,0,0
GLBALSTL,2024-05-24 01:49:58.000,23.7,22.8,30.3,24.4,27.2,26.6,29.2,29.4,28.0,29.3,30.1,30.5,37.0,36.2,36.2,37.4,37.1,38.4,38.4,38.2,37.5,35.9,34.1,32.0,28.7,27.0,24.6,21.8,18.4,14.8,10.6,5.9,2.7,46.3,48.5,49.1,13.1,0.7,74.3,17.8,25.4,81.4,,,OBAnorm,,LD831_01996v2.403,,,,0,0
GLBALSTL,2024-05-24 01:49:59.000,17.1,26.6,31.3,29.2,26.7,25.5,29.0,29.3,26.0,36.1,32.3,34.3,34.5,35.7,36.6,37.3,37.3,39.2,38.8,38.1,37.7,36.4,34.2,31.9,29.6,26.7,24.7,22.2,19.4,15.4,11.1,6.2,2.6,46.6,48.4,52.4,13.1,0.7,74.3,17.8,25.4,81.4,,,OBAnorm,,LD831_01996v2.403,,,,0,0
GLBALSTL,2024-05-24 01:50:00.000,29.4,23.1,30.6,27.6,26.1,27.9,31.0,27.9,27.4,29.3,34.1,31.5,34.1,34.2,34.9,36.6,38.0,38.1,38.4,38.1,37.7,36.9,34.7,32.6,29.7,27.4,24.6,22.1,19.7,15.5,11.5,6.9,2.9,46.4,48.0,55.1,13.1,0.6,74.4,17.8,25.4,81.4,,,OBAnorm,,LD831_01996v2.403,,,,0,0
GLBALSTL,2024-05-24 01:50:01.000,26.9,31.6,31.0,27.3,22.3,26.8,28.9,28.5,27.3,30.2,31.1,31.0,34.4,35.2,36.2,36.6,38.5,38.5,39.7,40.0,39.7,38.0,36.6,34.2,31.8,29.6,27.5,24.4,21.9,17.8,12.5,8.3,3.6,47.8,49.0,50.4,13.1,0.6,74.3,17.8,25.4,81.4,,,OBAnorm,,LD831_01996v2.403,,,,0,0
GLBALSTL,2024-05-24 01:50:02.000,25.3,27.7,30.4,28.4,27.7,26.6,27.8,29.2,29.1,30.4,30.9,32.2,33.3,35.5,36.6,38.6,39.9,40.2,40.3,39.5,38.5,38.3,36.9,33.5,31.2,28.9,26.3,23.8,20.4,16.1,10.7,6.1,2.4,48.0,49.5,50.1,13.1,0.5,74.3,17.7,25.5,81.4,,,OBAnorm,,LD831_01996v2.403,,,,0,0
GLBALSTL,2024-05-24 01:50:03.000,21.6,25.6,28.5,28.3,26.5,26.4,30.6,29.2,27.9,30.9,30.8,31.5,33.9,35.8,35.7,37.2,38.1,38.0,39.0,38.8,38.8,37.3,36.1,33.6,31.4,29.4,27.4,25.1,22.3,19.6,14.0,8.0,3.4,47.2,48.5,49.0,13.1,0.5,74.4,17.8,25.6,81.4,,,OBAnorm,,LD831_01996v2.403,,,,0,0
GLBALSTL,2024-05-24 01:50:04.000,25.5,22.7,27.4,29.6,25.7,28.9,29.3,27.7,27.2,29.9,30.9,29.3,32.6,34.2,35.1,37.1,37.1,38.4,38.4,38.5,37.3,36.7,34.9,32.2,29.3,26.9,25.1,22.0,19.1,14.8,9.8,6.0,2.7,46.3,47.6,48.3,13.1,0.5,74.3,17.8,25.6,81.4,,,OBAnorm,,LD831_01996v2.403,,,,0,0
GLBALSTL,2024-05-24 01:50:05.000,24.8,27.8,30.3,27.5,28.2,24.3,29.9,25.1,25.5,29.7,30.5,30.8,32.4,35.1,33.5,36.8,37.8,38.2,38.7,38.5,37.4,36.8,35.2,33.0,30.0,27.9,25.3,22.2,19.7,16.2,11.9,7.1,2.9,46.6,47.9,48.2,13.1,0.5,74.3,17.8,25.6,81.4,,,OBAnorm,,LD831_01996v2.403,,,,0,0
GLBALSTL,2024-05-24 01:50:06.000,26.8,25.8,27.4,27.3,24.8,27.4,27.2,29.5,26.5,28.8,30.2,28.1,32.5,33.8,34.5,36.3,37.6,37.4,38.2,37.8,36.8,36.0,34.0,31.7,29.1,27.0,24.2,21.9,18.3,13.5,9.3,5.6,2.2,45.9,47.4,47.8,13.1,0.6,74.3,17.8,25.6,81.4,,,OBAnorm,,LD831_01996v2.403,,,,0,0
GLBALSTL,2024-05-24 01:50:07.000,26.3,23.5,26.8,25.3,26.8,27.5,29.4,27.7,29.6,27.8,30.1,27.8,31.0,34.8,35.7,36.8,37.4,38.4,38.6,38.4,37.8,36.4,35.9,32.3,29.3,26.7,23.9,20.9,17.3,13.6,9.5,5.8,2.1,46.5,47.8,48.2,13.1,0.7,74.3,17.8,25.6,81.4,,,OBAnorm,,LD831_01996v2.403,,,,0,0
GLBALSTL,2024-05-24 01:50:08.000,24.1,30.8,31.5,28.6,27.2,28.8,28.4,28.5,28.2,30.4,28.7,28.5,31.8,34.0,36.1,37.7,38.5,38.2,38.7,38.5,37.7,36.9,35.1,31.9,28.9,26.3,23.6,21.7,17.9,13.8,9.0,5.4,2.0,46.5,48.1,48.4,13.1,0.7,74.3,17.8,25.6,81.4,,,OBAnorm,,LD831_01996v2.403,,,,0,0
GLBALSTL,2024-05-24 01:50:09.000,25.5,22.7,30.1,27.6,24.7,28.6,27.6,28.9,28.7,30.4,32.7,32.5,33.5,33.9,35.1,36.7,37.9,39.3,38.6,38.2,38.5,37.3,35.2,32.5,29.5,27.3,24.9,22.1,18.9,14.5,10.0,5.7,2.2,46.9,48.3,48.7,13.1,0.7,74.3,17.8,25.6,81.4,,,OBAnorm,,LD831_01996v2.403,,,,0,0
GLBALSTL,2024-05-24 01:50:10.000,20.7,26.7,29.0,26.8,27.7,26.1,26.9,27.8,26.2,30.9,32.6,35.5,37.3,37.3,37.3,37.9,37.6,38.8,38.5,39.1,38.8,38.3,36.3,34.2,31.9,29.6,27.9,25.3,22.1,18.0,13.3,8.4,3.8,47.5,49.3,49.6,13.1,0.7,74.3,17.8,25.6,81.4,,,OBAnorm,,LD831_01996v2.403,,,,0,0
GLBALSTL,2024-05-24 01:50:11.000,23.8,25.3,29.9,30.2,26.4,27.5,27.6,27.4,29.9,29.7,31.6,28.4,32.0,33.5,34.8,37.9,38.6,38.5,38.3,38.2,37.4,36.6,35.4,32.0,30.1,26.9,24.6,21.9,19.4,14.9,10.2,5.9,2.4,46.5,47.9,48.4,13.1,0.7,74.3,17.8,25.6,81.4,,,OBAnorm,,LD831_01996v2.403,,,,0,0
GLBALSTL,2024-05-24 01:50:12.000,22.4,27.3,27.4,28.0,27.2,29.2,28.1,28.5,26.5,29.2,32.5,29.8,33.8,36.3,36.7,38.2,40.1,40.9,41.4,40.6,39.6,39.0,37.1,34.8,31.8,29.5,27.0,24.4,21.5,16.8,11.5,6.8,2.8,48.9,50.1,50.6,13.1,0.6,74.3,17.8,25.6,81.4,,,OBAnorm,,LD831_01996v2.403,,,,0,0
GLBALSTL,2024-05-24 01:50:13.000,22.9,23.2,25.3,26.8,28.2,29.6,27.6,28.1,25.9,28.3,30.4,31.9,33.6,34.9,36.0,36.2,38.1,38.2,38.1,39.6,38.3,37.0,35.1,32.8,30.1,27.4,26.5,23.5,21.3,17.0,13.0,8.2,3.5,46.7,48.2,48.6,13.1,0.6,74.4,17.8,25.6,81.4,,,OBAnorm,,LD831_01996v2.403,,,,0,0
GLBALSTL,2024-05-24 01:50:14.000,26.1,27.7,27.1,29.5,26.3,29.0,28.0,27.3,27.7,27.7,30.1,31.1,34.7,36.6,35.1,36.3,36.8,38.6,38.6,37.9,37.0,36.1,34.5,31.5,28.8,26.9,24.4,21.6,17.8,14.6,9.2,5.1,2.1,46.1,47.6,48.1,13.1,0.6,74.3,17.8,25.7,81.5,,,OBAnorm,,LD831_01996v2.403,,,,0,0
GLBALSTL,2024-05-24 01:50:15.000,25.7,27.8,26.3,26.9,25.5,23.8,28.7,28.0,27.3,27.4,28.9,29.7,31.7,32.6,34.8,36.4,38.0,38.6,38.3,38.2,37.5,36.9,34.7,31.8,28.9,26.2,23.3,20.9,16.2,12.9,7.5,4.6,1.8,46.4,47.8,48.1,13.1,0.6,74.3,17.8,25.7,81.5,,,OBAnorm,,LD831_01996v2.403,,,,0,0
GLBALSTL,2024-05-24 01:50:16.000,25.8,26.0,27.9,26.0,25.3,27.2,28.5,28.2,27.7,29.7,30.6,35.6,38.2,36.7,36.4,37.2,36.9,37.6,37.5,38.4,37.2,35.6,33.4,31.2,29.1,26.8,23.9,22.2,18.3,14.5,9.3,5.4,2.1,45.9,48.3,48.8,13.1,0.6,74.3,17.9,25.7,81.5,,,OBAnorm,,LD831_01996v2.403,,,,0,0
GLBALSTL,2024-05-24 01:50:17.000,23.3,26.9,28.8,27.7,27.0,26.5,26.7,27.7,26.2,29.1,35.2,32.8,34.4,33.2,34.5,35.3,35.6,36.8,37.6,37.5,37.0,35.8,33.4,30.8,28.6,26.0,23.6,20.8,17.6,13.2,8.9,5.5,2.1,45.3,46.8,47.5,13.1,0.6,74.4,17.8,25.8,81.5,,,OBAnorm,,LD831_01996v2.403,,,,0,0
GLBALSTL,2024-05-24 01:50:18.000,23.6,25.5,25.9,27.0,28.3,26.9,29.4,25.6,24.9,28.8,27.9,26.9,32.5,33.8,34.0,35.7,37.1,37.7,37.3,37.7,37.0,35.9,34.5,32.1,29.3,27.8,25.8,23.0,19.5,15.2,10.6,6.6,2.8,45.9,47.2,47.9,13.1,0.6,74.4,17.8,25.8,81.5,,,OBAnorm,,LD831_01996v2.403,,,,0,0
GLBALSTL,2024-05-24 01:50:19.000,22.3,30.5,27.3,28.1,23.6,28.0,29.2,26.3,25.3,27.6,28.4,27.1,30.7,33.3,34.9,35.6,37.4,37.5,38.0,37.6,36.7,35.2,33.4,31.2,27.9,25.7,23.0,20.6,16.5,12.6,8.2,4.7,1.8,45.6,47.1,47.7,13.1,0.6,74.4,17.8,25.8,81.5,,,OBAnorm,,LD831_01996v2.403,,,,0,0
GLBALSTL,2024-05-24 01:50:20.000,19.4,28.5,28.4,29.0,26.9,25.5,28.2,26.2,25.6,28.9,29.2,26.7,30.9,34.1,35.1,36.0,36.7,37.3,37.7,37.6,37.4,35.9,33.3,30.9,28.9,26.5,23.9,21.1,18.0,13.6,9.0,5.3,2.1,45.5,47.0,48.7,13.1,0.6,74.4,17.8,25.7,81.5,,,OBAnorm,,LD831_01996v2.403,,,,0,0
GLBALSTL,2024-05-24 01:50:21.000,24.9,28.7,26.4,26.5,28.3,27.2,26.1,26.5,27.5,30.6,29.5,28.6,31.0,32.6,35.2,34.8,36.1,37.3,37.3,36.6,35.4,34.8,32.3,29.6,26.9,24.8,21.7,19.6,16.2,11.7,7.6,4.2,1.5,44.7,46.4,47.5,13.1,0.6,74.4,17.8,25.7,81.5,,,OBAnorm,,LD831_01996v2.403,,,,0,0
GLBALSTL,2024-05-24 01:50:22.000,24.6,27.1,31.0,25.2,26.3,27.2,26.8,27.5,26.6,27.0,30.8,30.1,33.3,34.1,35.2,37.2,39.0,39.8,39.2,39.3,39.5,38.1,35.9,33.7,30.7,27.6,25.2,21.8,18.4,14.2,9.5,6.1,2.5,47.6,48.8,49.8,13.1,0.6,74.4,17.8,25.7,81.5,,,OBAnorm,,LD831_01996v2.403,,,,0,0
GLBALSTL,2024-05-24 01:50:23.000,26.7,28.8,24.7,29.4,27.9,27.0,28.5,26.1,26.0,28.5,30.3,31.2,31.6,34.1,34.3,35.8,36.2,37.3,36.4,37.2,36.5,34.9,32.6,30.1,27.7,24.9,22.4,20.3,16.5,11.9,7.7,4.4,1.6,44.8,46.5,47.2,13.1,0.6,74.3,17.8,25.7,81.5,,,OBAnorm,,LD831_01996v2.403,,,,0,0
GLBALSTL,2024-05-24 01:50:24.000,27.4,25.3,28.4,26.3,26.1,26.3,26.0,28.1,25.7,28.4,29.5,28.5,30.0,31.9,33.7,35.7,36.8,37.6,36.9,37.2,36.6,35.1,33.3,30.5,27.6,24.8,21.8,19.6,15.4,11.1,6.8,3.9,1.5,45.1,46.5,47.2,13.1,0.6,74.4,17.8,25.7,81.5,,,OBAnorm,,LD831_01996v2.403,,,,0,0
GLBALSTL,2024-05-24 01:50:25.000,25.9,30.6,25.6,22.9,27.4,27.4,26.3,27.9,24.8,28.2,30.0,29.9,31.2,34.1,35.1,36.6,37.1,38.8,39.1,38.3,37.5,35.5,33.3,31.0,28.1,25.4,22.5,20.0,15.2,10.5,6.5,3.7,1.5,46.1,47.6,48.3,13.1,0.6,74.3,17.8,24.9,75.5,,,OBAnorm,,LD831_01996v2.403,,,,0,0
GLBALSTL,2024-05-24 01:50:26.000,27.7,27.0,29.6,28.1,24.6,28.2,29.8,30.2,26.1,27.8,30.1,28.7,30.9,32.8,33.7,36.3,37.2,37.2,37.3,37.2,36.5,35.2,33.3,30.7,27.4,25.7,23.3,20.4,16.6,12.6,8.6,4.8,2.2,45.2,46.8,47.3,13.1,0.6,74.4,17.8,25.2,75.5,,,OBAnorm,,LD831_01996v2.403,,,,0,0
GLBALSTL,2024-05-24 01:50:27.000,24.0,30.7,29.4,26.3,25.6,27.7,25.9,26.6,26.0,27.1,29.2,29.2,31.3,33.8,33.4,36.2,37.2,37.8,38.1,38.0,37.2,36.1,33.8,31.4,28.3,25.7,23.2,20.2,16.6,12.1,7.9,4.6,1.7,45.8,47.2,47.8,13.1,0.7,74.4,17.8,26.3,81.6,,,OBAnorm,,LD831_01996v2.403,,,,0,0
GLBALSTL,2024-05-24 01:50:28.000,26.2,25.7,26.5,25.0,24.8,27.8,29.0,24.9,27.5,28.0,27.9,30.9,34.3,33.3,34.9,35.6,37.9,37.8,37.2,37.4,37.3,35.8,33.7,31.4,28.6,25.8,23.6,21.1,17.9,13.7,9.5,5.7,2.2,45.6,47.3,47.8,13.1,0.7,68.8,17.8,25.9,78.0,,,OBAnorm,,LD831_01996v2.403,,,,0,0
GLBALSTL,2024-05-24 01:50:29.000,24.1,26.3,31.0,23.1,25.0,27.5,26.0,29.0,28.7,30.3,30.1,30.1,32.9,33.8,34.9,35.6,37.0,37.7,38.3,37.7,36.9,34.7,32.9,30.0,27.2,25.5,22.7,19.5,15.8,12.3,7.8,4.3,1.8,45.4,47.1,48.2,13.1,0.7,74.4,17.8,25.9,78.0,,,OBAnorm,,LD831_01996v2.403,,,,0,0
GLBALSTL,2024-05-24 01:50:30.000,23.0,28.9,28.4,25.3,24.2,23.0,24.2,27.9,28.8,29.0,29.9,29.9,33.1,35.2,34.9,37.6,39.0,39.4,39.6,38.1,37.9,36.7,34.4,31.0,28.3,25.9,23.2,20.9,18.0,13.9,8.6,5.0,2.1,46.6,48.3,49.1,13.1,0.9,74.3,17.8,26.2,81.6,,,OBAnorm,,LD831_01996v2.403,,,,0,0
GLBALSTL,2024-05-24 01:50:31.000,22.9,26.1,30.5,25.0,24.7,27.3,27.5,27.1,28.1,29.8,30.3,29.7,34.4,35.0,35.0,36.4,37.0,37.8,37.5,37.0,36.2,35.2,32.8,30.1,27.2,24.4,21.6,19.2,15.3,10.6,7.4,4.2,1.8,45.4,47.3,52.4,13.1,0.9,74.4,17.8,26.1,81.5,,,OBAnorm,,LD831_01996v2.403,,,,0,0
GLBALSTL,2024-05-24 01:50:32.000,23.8,23.7,28.8,26.4,25.8,28.2,28.1,28.7,28.5,31.9,30.0,28.7,32.1,33.5,34.3,36.0,37.4,38.8,39.6,39.2,36.9,35.1,33.4,30.7,28.1,26.1,22.8,20.9,16.6,12.1,7.6,4.4,2.6,45.9,47.6,55.5,13.1,1.1,74.3,17.8,26.0,81.5,,,OBAnorm,,LD831_01996v2.403,,,,0,0
GLBALSTL,2024-05-24 01:50:33.000,29.6,26.9,27.5,32.3,24.3,28.4,29.1,27.7,28.0,29.2,31.0,28.0,30.7,33.6,32.5,36.4,37.3,38.2,38.2,36.7,36.2,35.4,33.1,30.7,27.9,25.1,23.2,19.9,17.1,12.8,8.5,4.7,2.0,45.4,47.1,56.5,13.1,1.1,74.4,17.8,25.9,81.5,,,OBAnorm,,LD831_01996v2.403,,,,0,0
GLBALSTL,2024-05-24 01:50:34.000,33.6,30.3,26.8,27.7,24.7,27.4,27.6,26.0,27.2,30.0,31.0,31.2,34.1,34.1,36.3,36.9,38.8,40.1,39.5,38.6,37.2,36.7,34.2,31.7,29.0,26.4,22.9,20.7,16.9,12.2,7.5,4.4,1.8,46.7,48.4,52.9,13.1,1.2,74.4,17.8,25.8,81.5,,,OBAnorm,,LD831_01996v2.403,,,,0,0
GLBALSTL,2024-05-24 01:50:35.000,34.6,28.6,30.2,26.4,26.0,26.3,28.4,29.2,26.6,31.0,30.3,31.3,30.4,32.6,32.5,35.2,36.7,37.8,37.1,36.1,36.4,35.1,33.2,30.0,27.6,25.8,23.0,19.4,16.3,12.1,8.0,4.5,1.8,44.9,46.5,48.9,13.1,1.2,74.4,17.8,25.8,81.5,,,OBAnorm,,LD831_01996v2.403,,,,0,0
GLBALSTL,2024-05-24 01:50:36.000,29.4,31.5,31.0,28.1,27.2,25.5,26.1,28.0,27.6,28.9,29.3,27.6,31.5,32.2,33.7,35.8,36.8,37.8,37.3,36.8,36.2,35.3,33.4,31.0,28.0,25.6,22.9,20.9,18.2,13.7,8.7,5.0,1.9,45.3,46.9,48.4,13.1,1.2,74.4,17.8,25.8,81.5,,,OBAnorm,,LD831_01996v2.403,,,,0,0
GLBALSTL,2024-05-24 01:50:37.000,32.7,27.9,30.5,27.7,26.2,28.8,28.7,29.8,27.6,28.5,31.7,31.5,32.7,35.2,36.4,38.3,39.7,40.6,39.3,38.4,37.8,37.2,35.1,32.3,28.9,26.3,23.3,20.3,16.7,12.7,8.0,4.4,1.7,47.2,48.9,52.6,13.1,1.2,74.3,17.8,25.7,81.5,,,OBAnorm,,LD831_01996v2.403,,,,0,0
GLBALSTL,2024-05-24 01:50:38.000,27.5,28.3,29.8,27.9,25.1,26.8,29.8,28.9,28.7,30.3,30.9,29.0,34.7,32.8,35.1,36.9,38.0,38.0,38.0,37.7,37.2,36.8,34.8,32.4,29.1,26.4,23.2,19.9,16.6,12.6,8.6,5.3,1.9,46.1,47.6,50.1,13.1,1.1,74.4,17.8,25.8,81.5,,,OBAnorm,,LD831_01996v2.403,,,,0,0
GLBALSTL,2024-05-24 01:50:39.000,22.0,28.7,27.6,26.1,23.7,26.9,29.2,28.8,27.9,29.8,29.5,27.0,30.4,31.9,34.6,35.3,37.2,38.1,37.2,37.0,36.3,35.0,32.7,30.1,27.6,25.5,23.2,20.5,17.4,13.4,8.8,5.1,2.1,45.0,46.8,49.0,13.1,1.0,74.4,17.8,25.7,81.5,,,OBAnorm,,LD831_01996v2.403,,,,0,0
GLBALSTL,2024-05-24 01:50:40.000,22.9,25.9,29.2,27.8,24.9,28.3,28.6,28.6,29.0,28.4,30.4,26.5,28.9,32.6,35.6,38.8,37.6,37.2,37.2,37.2,36.3,35.5,33.3,30.4,27.6,25.6,22.4,20.4,16.5,13.6,7.9,4.4,1.6,45.5,47.4,49.2,13.1,1.0,74.4,17.9,25.6,81.4,,,OBAnorm,,LD831_01996v2.403,,,,0,0
GLBALSTL,2024-05-24 01:50:41.000,19.7,22.2,27.0,29.4,27.7,29.3,29.5,28.1,28.4,29.9,30.0,29.0,32.3,33.4,35.7,38.4,38.7,39.7,39.0,39.2,38.9,38.1,35.8,33.5,30.3,28.1,25.5,22.1,18.9,14.2,9.1,5.7,2.2,47.4,48.7,49.4,13.1,1.0,74.3,17.8,25.7,81.5,,,OBAnorm,,LD831_01996v2.403,,,,0,0
GLBALSTL,2024-05-24 01:50:42.000,23.9,26.8,22.6,29.7,27.3,29.3,27.1,28.5,27.2,30.5,29.5,27.7,29.3,31.5,32.8,35.5,36.5,37.3,37.2,37.3,36.5,34.9,33.1,30.2,27.7,25.7,22.7,20.8,16.6,12.6,8.4,5.0,1.9,45.0,46.5,49.0,13.1,1.0,74.4,17.8,25.8,81.5,,,OBAnorm,,LD831_01996v2.403,,,,0,0
GLBALSTL,2024-05-24 01:50:43.000,22.9,28.0,28.7,27.2,25.3,25.7,29.5,27.9,27.4,31.5,30.3,27.6,29.4,33.3,35.5,35.9,37.7,37.6,38.4,38.8,37.1,35.7,33.7,31.7,28.9,27.2,24.8,22.2,19.6,14.8,10.0,5.9,2.2,46.0,47.5,49.0,13.1,1.0,74.4,17.8,25.9,81.5,,,OBAnorm,,LD831_01996v2.403,,,,0,0
GLBALSTL,2024-05-24 01:50:44.000,24.5,25.9,25.9,27.0,25.7,25.7,28.4,28.1,28.5,29.2,29.8,31.5,33.0,34.0,35.3,35.9,37.3,37.8,37.4,37.5,36.7,35.7,33.9,31.1,28.2,26.2,23.8,21.4,17.5,13.9,8.7,4.9,1.8,45.6,47.4,49.1,13.1,1.1,74.3,17.8,26.0,81.5,,,OBAnorm,,LD831_01996v2.403,,,,0,0
GLBALSTL,2024-05-24 01:50:45.000,23.4,26.0,25.6,27.5,24.8,30.1,28.5,26.8,27.2,28.5,29.6,27.2,29.3,34.3,34.2,36.1,37.8,37.6,37.8,37.1,37.0,35.8,34.2,31.8,29.2,26.5,23.4,20.6,16.6,12.9,8.2,4.6,1.6,45.8,47.2,49.4,13.1,1.1,74.4,17.8,25.9,81.5,,,OBAnorm,,LD831_01996v2.403,,,,0,0
GLBALSTL,2024-05-24 01:50:46.000,24.8,24.3,31.1,27.8,27.6,26.7,29.2,28.2,27.0,27.8,30.2,29.3,31.2,33.6,35.2,36.8,38.6,38.8,37.9,37.1,37.6,36.1,34.3,32.2,29.7,27.6,25.0,22.1,19.1,14.8,10.3,6.3,2.2,46.0,47.5,51.5,13.1,1.1,74.4,17.8,20.9,73.1,,,OBAnorm,,LD831_01996v2.403,,,,0,0
GLBALSTL,2024-05-24 01:50:47.000,26.8,27.2,29.3,27.9,26.7,27.5,26.8,29.2,28.2,31.1,32.1,29.6,31.7,32.9,35.4,37.1,37.4,38.3,37.7,37.8,37.8,35.6,34.2,31.8,28.3,26.0,22.8,21.0,17.0,12.4,7.8,4.7,1.7,46.1,47.8,53.3,13.1,1.1,74.4,17.8,20.9,73.1,,,OBAnorm,,LD831_01996v2.403,,,,0,0
GLBALSTL,2024-05-24 01:50:48.000,27.2,27.3,31.2,26.5,27.5,30.5,29.3,28.3,27.1,29.5,30.6,28.6,28.0,31.8,35.8,38.3,38.7,39.8,40.2,39.4,38.1,37.5,34.9,32.5,29.4,26.7,23.4,20.3,16.5,12.2,7.5,4.5,1.8,47.1,48.5,59.2,13.1,1.1,74.3,18.1,25.8,81.5,,,OBAnorm,,LD831_01996v2.403,,,,0,0
GLBALSTL,2024-05-24 01:50:49.000,29.2,30.4,32.4,29.1,26.0,27.7,26.5,27.8,27.2,30.0,30.2,31.3,33.6,37.4,36.9,37.6,37.5,38.6,38.0,38.3,38.2,37.4,36.0,34.3,31.1,29.8,28.0,25.0,22.4,18.9,15.1,10.1,4.4,47.0,48.6,58.5,13.1,1.2,74.3,17.8,26.0,81.5,,,OBAnorm,,LD831_01996v2.403,,,,0,0
GLBALSTL,2024-05-24 01:50:50.000,32.9,26.6,28.6,29.3,29.4,28.8,28.2,27.2,29.6,29.5,30.5,28.2,31.5,32.7,33.8,34.9,36.4,37.5,38.0,38.1,37.8,35.6,33.6,30.8,28.0,25.3,22.6,19.8,16.4,11.7,7.5,4.5,1.7,45.6,47.5,62.8,13.1,1.4,74.4,17.8,26.0,81.5,,,OBAnorm,,LD831_01996v2.403,,,,0,0
GLBALSTL,2024-05-24 01:50:51.000,34.6,31.4,29.7,32.4,28.3,30.1,30.0,29.0,28.5,29.4,29.7,30.4,33.7,33.1,34.3,36.6,37.9,38.7,37.8,38.3,37.8,35.4,33.9,31.3,28.8,26.9,24.1,21.8,19.2,15.5,10.6,6.1,2.5,46.2,48.0,56.3,13.1,1.7,74.2,17.8,25.8,81.5,,,OBAnorm,,LD831_01996v2.403,,,,0,0
GLBALSTL,2024-05-24 01:50:52.000,40.6,37.3,35.1,29.7,30.4,26.9,29.4,27.4,25.4,29.8,33.5,33.4,34.6,37.3,36.0,37.1,38.6,40.1,39.2,38.7,37.6,36.1,34.7,31.6,28.4,25.6,22.5,20.3,16.5,12.5,8.3,4.9,1.8,46.6,48.4,50.1,13.1,1.7,74.2,17.8,25.8,81.5,,,OBAnorm,,LD831_01996v2.403,,,,0,0
GLBALSTL,2024-05-24 01:50:53.000,37.3,32.5,29.7,29.1,27.7,26.9,28.1,25.4,26.4,27.8,29.7,28.2,30.0,34.3,35.3,35.6,37.2,37.2,37.1,37.5,36.5,35.1,33.0,30.2,27.6,24.9,21.7,20.0,15.8,11.7,7.2,4.3,1.7,45.2,46.8,50.1,13.1,1.6,74.2,17.8,26.0,81.5,,,OBAnorm,,LD831_01996v2.403,,,,0,0
GLBALSTL,2024-05-24 01:50:54.000,32.9,29.9,29.3,28.9,25.4,25.3,29.6,28.8,25.7,29.1,30.1,31.5,31.4,32.9,34.6,35.5,37.7,37.6,38.3,38.1,38.0,36.2,34.9,31.9,29.9,27.6,25.0,22.1,20.2,17.1,13.3,7.2,3.8,46.2,47.6,51.9,13.1,1.5,74.2,17.8,26.1,81.5,,,OBAnorm,,LD831_01996v2.403,,,,0,0
GLBALSTL,2024-05-24 01:50:55.000,26.0,25.0,33.0,26.3,28.7,26.1,29.8,30.0,28.0,26.7,30.4,27.4,31.1,33.6,36.4,37.8,38.0,39.2,39.1,38.4,38.2,37.3,34.6,31.7,29.3,27.4,25.2,21.9,18.7,14.6,10.2,5.7,2.3,46.9,48.2,49.6,13.1,1.4,74.2,17.8,26.1,81.5,,,OBAnorm,,LD831_01996v2.403,,,,0,0
GLBALSTL,2024-05-24 01:50:56.000,26.3,26.9,29.4,28.0,24.9,28.7,25.2,25.5,26.1,28.9,33.1,37.5,37.2,38.0,35.8,37.0,38.2,38.6,39.7,38.8,39.8,39.6,36.7,35.0,32.5,30.6,28.6,25.9,23.1,19.5,14.8,9.9,4.9,48.1,49.7,51.2,13.1,1.4,74.2,17.8,26.1,81.5,,,OBAnorm,,LD831_01996v2.403,,,,0,0
GLBALSTL,2024-05-24 01:50:57.000,27.7,22.9,28.2,25.8,28.5,26.8,28.5,27.6,27.3,28.6,33.1,33.7,34.1,34.1,35.5,36.9,37.4,37.5,38.4,39.0,38.2,36.9,34.6,32.1,29.4,27.5,25.3,22.9,20.1,15.7,10.6,6.4,2.6,46.5,47.9,49.1,13.1,1.5,74.2,17.8,26.2,81.6,,,OBAnorm,,LD831_01996v2.403,,,,0,0
GLBALSTL,2024-05-24 01:50:58.000,26.8,27.1,30.2,23.6,27.2,27.5,26.0,26.5,30.2,30.2,30.0,28.7,34.5,34.6,36.3,37.6,39.4,39.3,38.9,39.6,38.7,37.9,35.8,33.0,30.0,28.6,25.5,23.0,19.9,16.0,11.2,6.9,2.8,47.4,49.0,50.0,13.1,1.5,74.2,17.8,26.1,80.9,,,OBAnorm,,LD831_01996v2.403,,,,0,0
GLBALSTL,2024-05-24 01:50:59.000,29.5,28.3,29.0,28.4,24.4,29.9,27.0,27.8,29.9,29.4,35.2,35.9,34.0,33.5,35.9,37.1,37.4,38.6,38.8,37.8,37.0,36.2,34.1,31.6,28.8,26.3,23.9,22.3,19.2,15.0,10.4,6.1,2.5,46.2,48.0,50.2,13.1,1.6,74.2,17.8,26.0,80.9,,,OBAnorm,,LD831_01996v2.403,,,,0,0
GLBALSTL,2024-05-24 01:51:00.000,21.0,27.8,32.0,29.0,27.1,24.9,28.0,27.9,28.3,27.4,30.0,29.5,32.9,34.4,37.5,37.5,38.2,39.0,40.6,39.1,37.7,36.9,34.6,32.4,31.4,27.9,27.0,24.1,21.1,16.7,12.9,8.1,3.4,47.2,48.7,55.6,13.1,1.9,74.2,17.8,26.0,80.9,,,OBAnorm,,LD831_01996v2.403,,,,0,0
GLBALSTL,2024-05-24 01:51:01.000,24.9,24.2,32.3,32.9,27.6,28.4,28.8,28.2,28.9,27.2,29.7,30.6,31.8,34.2,34.8,36.9,37.3,37.9,38.1,37.9,37.4,36.7,34.5,31.3,29.5,26.7,24.9,22.1,18.9,14.5,10.1,6.2,2.3,46.1,47.6,51.4,13.1,2.1,74.2,17.8,25.9,80.9,,,OBAnorm,,LD831_01996v2.403,,,,0,0
GLBALSTL,2024-05-24 01:51:02.000,31.3,28.0,31.8,26.8,29.0,28.6,27.5,29.0,28.1,29.7,33.2,31.5,32.5,34.5,35.2,36.7,39.1,38.8,39.2,38.5,38.2,36.6,34.8,32.7,30.1,27.7,24.8,22.2,19.0,15.9,10.9,6.7,2.6,46.7,48.4,49.9,13.1,2.0,74.2,17.8,25.9,80.9,,,OBAnorm,,LD831_01996v2.403,,,,0,0
GLBALSTL,2024-05-24 01:51:03.000,35.2,29.6,28.9,25.5,28.9,28.2,28.0,29.6,28.0,30.4,33.9,35.5,34.8,34.6,36.7,37.7,38.4,39.4,39.2,38.9,37.9,36.9,35.2,32.5,29.6,27.3,24.8,21.9,18.6,14.5,10.1,5.4,2.1,47.0,48.7,53.0,13.1,1.8,74.2,17.8,25.9,80.9,,,OBAnorm,,LD831_01996v2.403,,,,0,0
GLBALSTL,2024-05-24 01:51:04.000,30.1,31.7,29.6,25.5,27.8,28.9,30.2,28.5,27.9,26.9,30.5,32.3,33.7,35.3,36.6,38.2,37.9,38.2,39.0,38.0,37.5,36.6,35.0,33.4,30.0,28.1,25.1,23.4,19.7,16.0,10.8,6.4,2.8,46.6,48.2,51.7,13.1,1.8,74.2,17.8,25.9,81.5,,,OBAnorm,,LD831_01996v2.403,,,,0,0
GLBALSTL,2024-05-24 01:51:05.000,31.4,30.7,29.0,28.0,24.0,26.8,27.9,27.4,27.7,28.7,28.1,32.1,31.8,33.4,34.3,35.5,36.4,36.9,36.5,37.2,36.3,35.2,33.5,30.9,27.9,25.4,22.4,20.8,16.7,12.7,8.4,4.9,1.8,45.0,46.6,49.8,13.1,1.8,74.4,17.8,25.9,81.5,,,OBAnorm,,LD831_01996v2.403,,,,0,0
GLBALSTL,2024-05-24 01:51:06.000,29.7,26.8,30.8,30.1,25.5,25.3,28.8,29.8,25.2,26.4,29.7,29.5,34.5,32.9,35.0,38.0,38.7,39.2,38.0,38.0,38.4,38.0,36.0,33.2,30.5,28.1,25.9,22.4,20.0,15.6,11.7,7.3,2.9,47.1,48.5,57.3,13.1,1.8,74.4,17.8,25.8,81.5,,,OBAnorm,,LD831_01996v2.403,,,,0,0
GLBALSTL,2024-05-24 01:51:07.000,24.9,29.5,30.0,28.1,24.9,28.6,28.2,28.1,28.1,30.1,28.7,26.5,28.3,33.0,34.9,36.2,36.5,36.9,37.5,37.5,37.0,35.6,33.8,31.2,28.7,26.4,24.0,20.7,17.6,12.7,8.9,5.1,2.1,45.4,47.4,65.5,13.1,1.8,74.5,17.8,25.8,81.5,,,OBAnorm,,LD831_01996v2.403,,,,0,0
GLBALSTL,2024-05-24 01:51:08.000,24.5,28.7,34.8,33.8,28.4,29.1,29.9,27.5,27.6,28.5,30.4,30.9,32.0,33.5,34.8,36.5,37.2,38.3,37.6,37.7,37.4,36.5,34.4,31.9,29.3,26.7,24.7,22.4,19.5,15.2,10.9,6.3,2.5,46.0,47.8,63.0,13.1,1.9,74.5,17.8,25.8,81.5,,,OBAnorm,,LD831_01996v2.403,,,,0,0
GLBALSTL,2024-05-24 01:51:09.000,32.7,38.6,34.0,31.8,27.5,27.8,28.1,27.8,27.7,27.7,30.7,30.5,32.3,33.4,34.2,36.6,37.7,38.4,37.8,37.9,37.8,36.7,34.7,31.7,29.1,27.2,24.4,21.6,18.1,14.6,9.4,5.6,2.1,46.3,47.6,50.4,13.1,1.8,74.5,17.8,25.8,81.5,,,OBAnorm,,LD831_01996v2.403,,,,0,0
GLBALSTL,2024-05-24 01:51:10.000,38.5,31.8,28.1,30.0,27.0,26.2,25.4,26.9,28.4,27.9,30.0,30.6,33.6,34.1,36.3,38.0,39.3,39.6,40.3,40.6,39.1,37.8,35.6,33.3,30.7,28.5,25.3,23.6,20.1,15.6,10.4,6.2,2.4,48.0,49.3,50.0,13.1,1.6,74.5,17.8,25.8,81.5,,,OBAnorm,,LD831_01996v2.403,,,,0,0
GLBALSTL,2024-05-24 01:51:11.000,33.4,32.5,28.0,26.9,27.5,25.9,27.8,27.5,29.2,29.6,30.8,32.9,35.9,36.2,36.5,37.6,39.1,39.1,39.5,38.9,38.3,37.5,36.0,33.4,30.9,29.2,26.3,23.6,21.0,16.8,11.7,7.3,2.9,47.3,49.4,49.7,13.1,1.4,74.5,17.8,25.8,81.5,,,OBAnorm,,LD831_01996v2.403,,,,0,0
GLBALSTL,2024-05-24 01:51:12.000,26.2,28.5,29.1,27.2,26.9,26.9,26.7,26.4,26.7,29.7,32.0,40.7,33.3,35.1,35.4,37.8,37.8,37.8,39.2,38.9,37.8,36.9,35.2,32.3,29.8,28.0,26.6,22.9,20.2,15.8,11.2,6.7,2.7,46.9,48.2,48.8,13.1,1.3,74.5,17.8,25.8,81.5,,,OBAnorm,,LD831_01996v2.403,,,,0,0
GLBALSTL,2024-05-24 01:51:13.000,26.2,25.5,28.5,26.4,27.2,27.5,28.4,27.9,26.7,30.6,30.7,29.5,30.4,34.3,36.8,38.4,40.2,40.7,41.5,39.9,39.3,38.4,35.7,33.3,30.8,27.8,24.7,21.8,18.6,14.3,9.6,5.8,2.1,48.3,49.7,51.0,13.1,1.4,74.5,17.8,25.8,81.5,,,OBAnorm,,LD831_01996v2.403,,,,0,0
GLBALSTL,2024-05-24 01:51:14.000,23.8,28.9,31.1,26.3,26.2,22.5,28.7,28.3,27.7,32.1,31.3,32.6,35.8,35.4,38.3,39.2,39.6,41.1,40.5,40.2,39.8,39.1,36.8,34.4,31.4,30.3,27.9,24.5,21.1,17.6,12.4,7.7,3.0,48.5,49.8,51.2,13.1,1.6,74.5,17.8,25.8,81.5,,,OBAnorm,,LD831_01996v2.403,,,,0,0
GLBALSTL,2024-05-24 01:51:15.000,25.0,26.5,28.8,27.9,26.3,26.5,26.6,28.6,26.7,29.6,32.0,32.6,33.1,34.9,36.7,37.9,39.4,39.1,39.7,39.6,39.2,37.0,34.9,32.3,29.4,27.3,25.3,23.4,19.6,14.9,10.3,6.3,2.3,47.5,49.0,59.5,13.1,1.8,74.5,17.8,25.8,81.5,,,OBAnorm,,LD831_01996v2.403,,,,0,0
GLBALSTL,2024-05-24 01:51:16.000,24.2,27.3,30.4,29.8,27.5,25.4,27.6,28.2,28.3,28.8,30.5,32.0,33.1,34.7,36.5,38.5,40.1,40.5,40.2,40.4,38.4,36.3,35.0,32.5,29.3,26.8,24.3,21.5,17.4,12.6,8.4,4.8,1.8,47.6,49.2,53.5,13.1,1.8,74.5,17.8,25.8,81.5,,,OBAnorm,,LD831_01996v2.403,,,,0,0
GLBALSTL,2024-05-24 01:51:17.000,29.5,28.5,27.9,27.4,24.8,26.2,26.5,29.6,28.9,29.8,30.5,28.8,32.9,35.3,37.0,39.3,41.1,42.4,41.2,40.3,38.6,38.9,36.7,34.0,30.3,28.2,25.3,22.6,20.0,15.9,10.9,6.6,2.8,48.7,50.2,52.8,13.1,1.8,74.5,17.8,25.8,81.5,,,OBAnorm,,LD831_01996v2.403,,,,0,0
GLBALSTL,2024-05-24 01:51:18.000,26.8,27.2,27.1,25.8,26.2,27.4,27.8,29.4,29.2,29.5,30.9,30.0,30.7,34.0,34.8,37.0,38.3,39.5,39.5,38.5,37.8,37.4,34.7,32.1,29.5,26.7,24.0,21.3,17.5,12.9,8.1,4.5,2.0,46.8,48.2,48.6,13.1,1.6,74.5,17.8,25.8,81.5,,,OBAnorm,,LD831_01996v2.403,,,,0,0
GLBALSTL,2024-05-24 01:51:19.000,25.3,26.4,29.6,24.1,27.4,28.7,29.8,26.4,28.5,29.5,28.0,31.9,33.6,32.5,34.5,36.1,37.7,39.2,38.8,39.3,38.8,37.2,35.7,33.7,30.8,28.9,26.9,24.0,21.2,16.6,12.5,7.2,3.2,47.0,48.1,49.1,13.1,1.5,74.5,17.8,25.8,81.5,,,OBAnorm,,LD831_01996v2.403,,,,0,0
GLBALSTL,2024-05-24 01:51:20.000,28.8,26.3,25.6,26.8,26.3,29.1,28.5,26.8,27.0,28.9,29.5,27.5,30.7,32.4,34.7,37.3,38.8,39.2,38.5,38.6,38.5,37.3,35.1,32.4,29.7,26.6,23.7,20.9,16.7,12.4,8.1,4.4,1.8,47.0,48.3,49.4,13.1,1.5,74.5,17.8,25.8,80.9,,,OBAnorm,,LD831_01996v2.403,,,,0,0
GLBALSTL,2024-05-24 01:51:21.000,22.2,25.1,29.1,28.7,25.7,27.3,27.8,29.0,28.1,30.3,29.5,31.1,33.5,34.4,35.1,38.0,39.1,40.5,40.4,39.6,38.8,37.9,35.6,33.2,30.1,27.2,24.4,21.4,16.9,12.0,7.6,4.5,1.7,47.7,49.1,50.3,13.1,1.5,74.5,17.8,25.8,80.9,,,OBAnorm,,LD831_01996v2.403,,,,0,0
GLBALSTL,2024-05-24 01:51:22.000,28.4,27.4,22.3,30.0,28.5,28.9,27.3,26.0,25.8,29.3,29.6,27.6,30.3,31.9,32.8,35.5,36.4,37.7,38.1,37.4,36.9,35.2,33.6,30.6,27.4,24.9,22.1,19.1,15.6,11.6,7.2,4.1,1.4,45.2,46.6,47.6,13.1,1.4,74.5,17.8,25.8,80.9,,,OBAnorm,,LD831_01996v2.403,,,,0,0
GLBALSTL,2024-05-24 01:51:23.000,26.4,26.5,27.6,27.9,27.7,29.3,28.0,27.4,27.3,28.9,29.5,29.4,29.7,33.7,34.6,36.9,37.1,39.0,38.0,38.1,36.9,35.8,34.2,31.6,28.8,26.7,23.7,21.1,18.2,14.7,9.9,5.4,2.0,46.1,47.8,48.2,13.1,1.3,74.5,17.8,25.8,80.9,,,OBAnorm,,LD831_01996v2.403,,,,0,0
GLBALSTL,2024-05-24 01:51:24.000,22.2,27.7,29.0,27.8,25.8,24.7,26.0,28.9,28.0,33.4,31.6,30.2,33.0,33.7,35.3,36.8,38.3,39.4,38.7,38.1,37.9,37.5,34.9,32.0,29.7,27.2,24.4,22.8,18.2,14.6,9.6,5.3,2.2,46.7,48.0,48.9,13.1,1.1,74.5,17.8,25.8,80.9,,,OBAnorm,,LD831_01996v2.403,,,,0,0
GLBALSTL,2024-05-24 01:51:25.000,23.4,25.1,28.7,26.1,21.0,28.1,28.7,28.1,28.4,29.8,29.8,26.9,29.6,31.8,34.3,36.1,37.5,37.9,38.5,38.2,37.5,35.9,34.2,31.6,28.5,26.5,24.1,20.5,17.6,13.1,8.9,5.0,2.0,46.0,47.4,47.9,13.1,1.0,74.5,17.8,25.8,80.9,,,OBAnorm,,LD831_01996v2.403,,,,0,0
GLBALSTL,2024-05-24 01:51:26.000,21.0,29.2,30.5,28.5,25.8,27.1,28.9,26.1,26.5,29.9,31.3,31.3,33.8,34.8,35.4,37.6,37.8,39.0,38.6,37.6,36.9,34.9,33.6,30.7,28.5,26.0,23.6,21.4,17.8,13.4,8.5,4.9,2.2,45.7,47.6,48.4,13.1,0.9,74.5,17.8,25.8,80.9,,,OBAnorm,,LD831_01996v2.403,,,,0,0
GLBALSTL,2024-05-24 01:51:27.000,23.7,29.9,29.0,28.0,26.1,26.4,27.4,28.5,28.5,30.7,31.5,28.9,31.9,32.6,35.2,36.7,37.6,38.6,38.1,38.4,37.6,36.4,34.5,31.7,29.3,26.8,24.4,21.5,18.4,14.4,9.6,5.4,1.9,46.3,47.6,48.3,13.1,0.8,74.5,17.8,25.8,80.9,,,OBAnorm,,LD831_01996v2.403,,,,0,0
GLBALSTL,2024-05-24 01:51:28.000,21.3,24.8,31.2,29.3,24.4,26.2,28.9,28.8,27.1,31.0,30.9,31.2,31.1,33.9,36.0,36.5,38.4,39.0,39.3,38.3,37.4,36.6,34.8,32.7,29.7,27.3,24.8,21.5,18.1,14.3,9.9,7.5,2.4,46.7,48.3,48.8,13.1,0.7,74.5,17.8,25.8,80.9,,,OBAnorm,,LD831_01996v2.403,,,,0,0
GLBALSTL,2024-05-24 01:51:29.000,22.5,27.0,28.2,28.9,25.6,26.2,27.9,28.4,27.7,31.1,33.3,31.5,31.6,33.5,36.9,38.2,40.5,41.6,40.1,39.2,38.7,38.0,35.8,33.2,30.6,27.8,25.5,21.9,17.9,14.1,9.6,5.9,2.4,47.9,49.3,49.7,13.1,0.7,74.5,17.9,25.8,80.9,,,OBAnorm,,LD831_01996v2.403,,,,0,0
GLBALSTL,2024-05-24 01:51:30.000,22.7,27.9,29.4,29.8,27.2,27.5,26.0,27.1,28.9,29.2,30.1,26.1,32.5,33.2,34.1,37.0,37.7,38.8,39.1,38.5,38.2,36.4,34.5,32.7,30.1,27.7,25.6,23.2,20.4,16.1,10.7,6.4,2.9,46.6,47.9,49.6,13.1,0.6,74.5,17.9,25.8,80.9,,,OBAnorm,,LD831_01996v2.403,,,,0,0
GLBALSTL,2024-05-24 01:51:31.000,26.7,26.9,27.4,27.7,26.1,25.7,28.8,26.4,28.2,29.3,30.8,28.6,29.1,32.1,34.0,35.8,37.1,38.3,38.7,37.6,36.6,35.2,33.0,31.1,28.4,26.0,23.5,21.3,17.2,12.9,8.7,4.8,1.8,45.6,47.2,55.0,13.1,0.5,74.5,17.8,25.8,80.9,,,OBAnorm,,LD831_01996v2.403,,,,0,0
GLBALSTL,2024-05-24 01:51:32.000,24.6,28.3,32.0,30.9,26.0,24.7,25.5,26.2,28.0,27.0,30.9,28.1,31.7,32.5,33.7,37.5,38.2,38.9,38.8,39.2,38.1,37.0,35.2,32.9,29.7,27.4,25.3,22.3,18.7,15.3,10.7,6.7,2.9,46.9,48.2,54.2,13.1,0.5,74.5,17.8,25.8,80.9,,,OBAnorm,,LD831_01996v2.403,,,,0,0
GLBALSTL,2024-05-24 01:51:33.000,25.5,30.8,29.0,27.2,29.3,27.8,29.0,29.0,28.0,29.0,28.6,28.7,28.8,32.6,35.6,36.6,38.1,38.2,37.5,37.7,36.0,35.1,32.9,30.9,27.7,25.4,22.9,20.3,17.4,12.9,8.1,4.9,1.9,45.4,47.1,49.6,13.1,0.4,74.5,17.8,25.8,80.9,,,OBAnorm,,LD831_01996v2.403,,,,0,0
GLBALSTL,2024-05-24 01:51:34.000,25.3,29.2,31.0,29.0,27.4,24.8,28.6,29.8,27.8,28.3,27.5,25.5,31.8,33.3,32.5,36.0,36.1,37.0,38.4,38.2,36.9,35.5,34.6,32.8,29.1,27.1,24.0,21.6,18.8,14.7,9.5,5.3,2.3,45.8,47.1,48.6,13.1,0.3,74.5,17.9,25.8,80.9,,,OBAnorm,,LD831_01996v2.403,,,,0,0
GLBALSTL,2024-05-24 01:51:35.000,27.4,33.2,30.2,28.2,27.9,26.6,29.0,28.3,27.2,27.3,30.1,28.8,33.9,33.6,34.7,36.0,36.6,36.5,38.6,37.3,36.8,36.1,34.0,31.6,30.3,26.7,23.7,21.4,18.2,14.4,9.6,5.9,2.3,45.6,47.1,48.9,13.1,0.3,74.5,17.8,25.8,80.9,,,OBAnorm,,LD831_01996v2.403,,,,0,0
GLBALSTL,2024-05-24 01:51:36.000,24.7,25.8,27.1,27.7,24.3,28.5,27.3,29.7,27.0,29.0,28.0,27.7,32.3,35.6,36.8,37.5,38.5,39.5,37.1,38.4,38.0,37.4,35.0,33.4,31.1,29.2,26.8,23.6,21.3,17.9,12.7,8.3,4.3,47.1,48.5,49.0,13.1,0.3,74.4,17.8,25.8,80.9,,,OBAnorm,,LD831_01996v2.403,,,,0,0
GLBALSTL,2024-05-24 01:51:37.000,24.7,26.8,29.2,29.3,28.4,28.4,28.1,28.7,28.0,29.9,29.6,27.8,30.1,31.9,34.7,36.7,38.3,39.0,38.6,38.7,38.5,37.0,34.8,32.4,30.5,28.1,25.8,22.4,19.7,16.1,11.3,6.9,3.0,46.6,47.8,48.7,13.1,0.3,74.4,17.8,25.7,80.9,,,OBAnorm,,LD831_01996v2.403,,,,0,0
GLBALSTL,2024-05-24 01:51:38.000,20.7,26.4,32.0,28.6,28.5,29.1,30.6,28.7,26.4,28.2,27.3,26.5,27.9,30.6,33.6,35.6,36.6,37.5,37.6,37.7,36.1,34.8,32.7,30.0,27.2,24.8,21.9,19.3,16.3,11.9,8.1,4.8,1.9,45.1,46.5,47.1,13.1,0.3,74.5,17.8,25.8,80.9,,,OBAnorm,,LD831_01996v2.403,,,,0,0
GLBALSTL,2024-05-24 01:51:39.000,26.3,25.8,24.8,27.8,27.1,26.4,27.9,28.1,28.7,27.5,27.9,26.3,29.3,31.0,34.1,36.2,37.9,38.1,37.7,38.3,37.6,36.9,34.4,31.2,28.5,26.2,24.0,20.8,17.6,14.2,10.4,6.2,2.4,46.2,47.5,50.0,13.1,0.3,74.5,17.8,25.8,80.9,,,OBAnorm,,LD831_01996v2.403,,,,0,0
GLBALSTL,2024-05-24 01:51:40.000,24.5,22.5,30.5,29.5,24.3,28.7,28.9,28.9,29.3,32.3,32.4,34.4,34.6,34.3,37.4,37.3,37.2,38.2,38.2,37.4,37.1,36.2,33.5,31.5,29.3,26.9,25.1,22.2,18.9,15.8,10.6,6.0,2.4,45.9,48.0,49.5,13.1,0.3,74.5,17.8,25.8,80.9,,,OBAnorm,,LD831_01996v2.403,,,,0,0
GLBALSTL,2024-05-24 01:51:41.000,25.2,21.0,28.6,26.7,25.3,28.2,28.0,28.5,30.1,28.9,28.6,29.4,31.4,33.5,34.3,36.5,37.6,37.4,37.7,37.5,36.6,34.9,33.0,30.7,28.1,25.3,23.6,21.6,17.8,13.9,8.9,5.2,2.1,45.3,47.1,48.1,13.1,0.3,74.5,17.8,25.8,80.9,,,OBAnorm,,LD831_01996v2.403,,,,0,0
GLBALSTL,2024-05-24 01:51:42.000,23.7,28.3,26.4,26.5,24.7,25.5,28.7,28.0,27.4,29.0,32.9,28.9,34.3,34.0,36.2,36.9,37.2,38.2,37.7,37.8,37.0,35.1,33.4,30.5,28.1,25.8,22.9,20.6,17.0,13.4,8.8,4.7,1.9,45.7,47.6,48.1,13.1,0.2,74.5,17.9,25.8,80.9,,,OBAnorm,,LD831_01996v2.403,,,,0,0
GLBALSTL,2024-05-24 01:51:43.000,26.3,26.9,30.8,27.3,25.2,28.2,27.4,30.4,29.6,30.3,31.1,29.2,33.5,35.9,34.6,36.6,37.2,37.9,38.2,37.6,36.9,35.0,33.8,30.9,28.4,26.2,24.5,21.8,19.4,15.0,10.2,6.7,2.6,45.6,47.5,48.1,13.1,0.1,74.5,17.8,25.8,81.5,,,OBAnorm,,LD831_01996v2.403,,,,0,0
GLBALSTL,2024-05-24 01:51:44.000,23.9,28.8,30.3,29.8,26.7,26.5,27.1,28.7,28.8,30.1,30.5,33.2,31.4,31.9,33.6,35.6,37.3,38.6,37.6,38.4,38.4,37.3,35.4,33.7,29.5,27.5,25.1,22.2,19.0,14.8,10.6,6.1,2.3,46.9,48.2,50.3,13.1,0.1,74.5,17.8,25.8,81.5,,,OBAnorm,,LD831_01996v2.403,,,,0,0
GLBALSTL,2024-05-24 01:51:45.000,23.6,25.1,30.2,28.7,26.2,28.6,29.6,27.7,27.1,30.7,29.1,30.8,34.1,36.8,34.7,35.6,37.6,38.0,38.2,38.6,38.4,36.9,35.0,32.5,30.3,27.4,25.6,22.7,19.9,15.9,11.8,7.4,3.0,46.3,47.5,49.7,13.1,0.1,74.5,17.8,25.8,81.5,,,OBAnorm,,LD831_01996v2.403,,,,0,0
GLBALSTL,2024-05-24 01:51:46.000,25.4,25.5,29.3,26.6,22.1,28.6,27.2,28.0,26.5,29.2,28.6,26.3,30.5,32.0,34.4,35.2,37.3,38.1,38.5,38.2,37.7,36.3,34.8,31.7,29.4,26.9,24.5,21.9,18.4,13.8,9.3,5.5,2.2,46.2,47.5,58.1,13.1,0.1,74.5,17.8,25.8,81.5,,,OBAnorm,,LD831_01996v2.403,,,,0,0
GLBALSTL,2024-05-24 01:51:47.000,29.9,25.9,29.1,28.0,26.7,27.6,30.3,27.9,28.4,29.1,31.4,30.2,32.1,33.3,34.9,37.5,37.7,39.5,38.8,38.9,37.7,37.2,35.6,32.9,30.3,27.6,25.2,22.8,18.9,14.1,9.2,5.3,2.0,46.9,48.3,52.5,13.1,0.1,74.5,17.9,25.7,81.5,,,OBAnorm,,LD831_01996v2.403,,,,0,0
GLBALSTL,2024-05-24 01:51:48.000,30.5,29.7,29.5,30.0,28.1,29.0,29.9,29.7,27.8,29.0,28.6,29.4,31.1,33.7,34.2,36.4,37.3,38.7,39.0,38.8,38.2,36.8,35.1,32.3,30.2,28.2,26.0,23.3,20.6,17.2,11.6,6.9,2.9,46.6,47.9,50.3,13.1,0.1,74.5,18.1,25.7,81.5,,,OBAnorm,,LD831_01996v2.403,,,,0,0
GLBALSTL,2024-05-24 01:51:49.000,28.7,28.3,29.7,27.8,29.3,27.7,29.8,27.7,25.9,28.7,30.8,34.2,31.9,33.2,35.8,37.7,39.6,39.6,39.1,38.5,38.2,37.5,35.3,32.8,29.6,27.8,24.9,22.2,18.3,16.1,9.8,5.7,2.5,47.1,48.5,57.9,13.1,0.1,74.5,17.8,25.8,81.5,,,OBAnorm,,LD831_01996v2.403,,,,0,0
GLBALSTL,2024-05-24 01:51:50.000,25.1,24.4,30.4,25.1,25.5,27.3,27.3,26.5,28.0,27.9,30.8,26.5,29.0,31.2,33.5,36.5,37.0,38.3,37.8,38.0,36.6,36.5,34.4,31.9,29.3,27.2,24.1,21.5,18.9,15.1,10.3,6.1,2.4,46.0,47.4,55.0,13.1,0.1,74.5,17.8,25.8,81.5,,,OBAnorm,,LD831_01996v2.403,,,,0,0
GLBALSTL,2024-05-24 01:51:51.000,27.9,27.1,31.2,30.4,27.0,29.4,27.4,28.6,28.2,30.3,30.1,28.0,31.7,33.7,34.8,36.9,37.5,39.6,39.4,38.5,37.9,37.8,36.5,33.7,31.0,29.0,27.8,24.8,22.1,17.7,12.9,8.1,3.6,47.2,48.4,51.2,13.1,0.1,74.5,17.8,25.8,81.5,,,OBAnorm,,LD831_01996v2.403,,,,0,0
GLBALSTL,2024-05-24 01:51:52.000,30.0,30.0,30.8,26.7,25.8,29.2,27.5,26.1,28.9,30.7,28.8,24.6,30.6,32.6,35.0,37.1,38.9,39.2,39.8,38.4,37.3,37.5,35.3,32.4,29.8,27.1,24.3,21.1,17.7,13.6,9.3,5.2,2.2,46.9,48.2,49.6,13.1,0.1,74.5,17.8,25.8,81.5,,,OBAnorm,,LD831_01996v2.403,,,,0,0
GLBALSTL,2024-05-24 01:51:53.000,30.3,30.3,30.6,27.9,27.5,27.0,29.8,27.7,29.9,30.1,26.9,26.1,29.9,33.1,34.5,36.2,38.0,38.9,38.8,38.5,37.3,36.5,35.2,32.6,30.2,27.7,25.7,22.5,20.0,16.0,11.1,6.9,2.9,46.6,47.8,50.2,13.1,0.0,74.5,17.8,26.1,81.5,,,OBAnorm,,LD831_01996v2.403,,,,0,0
GLBALSTL,2024-05-24 01:51:54.000,25.0,30.2,31.3,29.3,27.8,26.5,30.1,27.0,29.3,30.9,28.3,28.4,32.6,31.7,34.3,35.5,37.3,39.1,38.2,38.5,37.6,36.0,34.1,31.6,28.8,26.6,24.2,21.5,18.1,15.2,9.2,5.9,2.3,46.1,47.6,57.3,13.1,0.0,74.5,17.8,26.3,81.6,,,OBAnorm,,LD831_01996v2.403,,,,0,0
GLBALSTL,2024-05-24 01:51:55.000,20.4,27.4,29.4,27.4,27.7,28.6,29.6,28.9,27.8,30.9,28.2,27.4,31.9,33.0,33.7,37.3,38.3,40.0,39.4,38.1,37.0,36.2,33.6,31.5,29.0,26.4,24.4,22.1,18.3,13.6,9.1,5.3,2.3,46.4,48.1,59.6,13.1,0.0,74.5,17.8,26.1,81.5,,,OBAnorm,,LD831_01996v2.403,,,,0,0
GLBALSTL,2024-05-24 01:51:56.000,25.1,23.4,31.4,30.3,27.0,27.3,29.4,30.4,30.6,31.6,31.9,31.7,36.2,35.4,35.9,36.5,38.2,38.4,38.9,39.3,38.6,37.1,35.6,32.7,29.8,27.8,26.0,23.4,20.9,16.4,12.0,7.4,3.1,47.1,48.9,58.0,13.1,0.0,74.5,17.8,26.0,81.5,,,OBAnorm,,LD831_01996v2.403,,,,0,0
GLBALSTL,2024-05-24 01:51:57.000,30.8,29.9,32.2,32.6,29.2,29.1,29.4,27.9,29.3,28.7,29.7,37.1,36.5,33.9,34.3,36.1,37.5,37.8,38.8,39.6,37.7,36.3,35.4,32.4,29.5,27.2,24.7,22.7,19.6,15.6,10.9,6.6,2.7,46.5,48.1,54.9,13.1,0.0,74.5,17.8,25.9,81.5,,,OBAnorm,,LD831_01996v2.403,,,,0,0
GLBALSTL,2024-05-24 01:51:58.000,33.2,30.8,31.6,30.6,27.7,30.8,29.6,29.2,27.9,32.9,36.5,32.8,33.2,34.3,34.4,36.3,36.5,37.9,37.5,38.0,36.8,36.5,34.4,31.9,28.8,26.5,24.4,22.1,18.3,14.8,9.7,5.8,2.2,45.8,48.0,53.3,13.1,0.0,74.5,17.8,25.9,81.5,,,OBAnorm,,LD831_01996v2.403,,,,0,0
GLBALSTL,2024-05-24 01:51:59.000,31.0,34.2,29.9,26.6,28.0,28.1,29.5,30.1,28.8,28.3,30.2,35.3,33.8,32.9,35.6,36.2,36.5,37.6,38.7,38.6,37.9,36.2,34.0,31.6,29.0,26.9,25.3,22.3,19.1,15.1,10.9,6.5,2.3,46.2,47.6,55.6,13.1,0.0,74.5,17.8,25.9,81.5,,,OBAnorm,,LD831_01996v2.403,,,,0,0
GLBALSTL,2024-05-24 01:52:00.000,26.8,25.1,28.3,28.3,26.8,28.4,29.6,28.9,26.2,27.8,27.8,31.3,31.3,32.0,33.9,35.8,37.2,39.0,38.8,38.4,38.3,36.7,34.7,32.0,28.7,26.6,24.7,21.3,18.2,14.1,10.4,5.8,2.5,46.5,47.8,54.9,13.1,0.0,74.5,17.8,25.9,81.5,,,OBAnorm,,LD831_01996v2.403,,,,0,0
GLBALSTL,2024-05-24 01:52:01.000,28.8,32.2,26.9,28.2,28.2,28.6,29.0,30.4,26.7,26.5,29.5,32.3,34.0,33.2,35.1,36.6,36.8,37.8,37.7,38.0,37.4,36.2,34.6,32.4,29.7,27.4,25.1,22.6,19.6,15.7,11.2,6.7,2.7,46.1,47.6,53.3,13.1,0.0,74.5,17.8,25.9,81.5,,,OBAnorm,,LD831_01996v2.403,,,,0,0
GLBALSTL,2024-05-24 01:52:02.000,33.0,29.4,28.8,27.6,29.3,28.8,30.6,27.4,26.3,26.4,30.7,31.8,33.2,36.6,35.5,36.6,38.5,38.9,38.7,38.1,38.4,38.6,34.7,31.7,29.3,27.0,24.7,22.2,18.6,14.1,9.2,5.5,2.5,47.0,48.6,51.0,13.1,0.0,74.5,17.8,26.0,81.5,,,OBAnorm,,LD831_01996v2.403,,,,0,0
GLBALSTL,2024-05-24 01:52:03.000,25.9,27.7,26.6,27.9,24.1,27.9,29.5,28.0,27.4,28.7,29.9,29.8,35.9,35.2,35.9,37.3,38.3,39.6,40.0,38.9,38.4,38.1,36.0,33.5,30.6,28.1,25.7,22.6,20.3,16.7,12.4,8.2,3.6,47.3,48.8,50.2,13.1,0.0,74.4,17.8,26.1,81.5,,,OBAnorm,,LD831_01996v2.403,,,,0,0
GLBALSTL,2024-05-24 01:52:04.000,27.7,28.4,28.3,30.8,28.0,28.8,29.5,30.4,27.4,34.6,32.3,31.4,32.7,33.1,34.5,36.9,37.8,38.2,38.9,38.6,38.1,36.6,35.0,32.2,29.5,26.7,24.8,22.0,17.7,13.9,8.9,5.0,2.1,46.7,48.2,49.5,13.1,0.0,74.5,17.8,25.9,81.5,,,OBAnorm,,LD831_01996v2.403,,,,0,0
GLBALSTL,2024-05-24 01:52:05.000,22.1,26.8,31.5,28.0,27.5,27.8,30.0,25.9,27.6,29.8,30.2,32.5,35.7,35.4,37.7,39.1,40.2,40.3,40.4,39.7,39.5,38.0,35.9,32.9,30.2,27.6,25.5,23.5,19.1,14.6,9.7,5.7,2.4,48.2,50.0,51.3,13.1,0.0,74.5,17.8,25.6,81.4,,,OBAnorm,,LD831_01996v2.403,,,,0,0
GLBALSTL,2024-05-24 01:52:06.000,29.5,29.6,28.6,26.6,29.2,28.9,28.6,29.8,29.6,35.7,36.9,35.7,36.3,35.9,37.9,39.2,39.4,39.7,39.3,39.1,38.8,36.7,35.1,32.7,29.7,26.8,24.4,21.6,18.7,14.4,9.6,5.5,2.2,47.2,49.1,50.3,13.1,0.0,74.5,17.8,25.6,81.4,,,OBAnorm,,LD831_01996v2.403,,,,0,0
GLBALSTL,2024-05-24 01:52:07.000,26.0,28.8,29.0,29.0,29.5,27.2,29.0,27.6,27.7,27.3,29.8,31.6,34.3,35.4,35.8,37.0,37.4,38.6,39.0,39.5,38.7,37.4,35.2,32.7,30.2,29.1,27.0,23.3,20.4,16.4,11.0,6.9,2.8,47.2,48.5,49.1,13.1,0.3,74.5,17.8,25.6,81.4,,,OBAnorm,,LD831_01996v2.403,,,,0,0
GLBALSTL,2024-05-24 01:52:08.000,23.6,29.0,25.2,30.1,25.6,27.1,29.4,27.7,27.1,28.4,28.8,27.9,31.3,32.8,35.7,36.6,38.5,39.6,38.4,38.4,37.6,36.0,33.6,31.5,28.5,26.1,23.2,21.4,17.0,12.8,8.5,4.7,1.8,46.2,47.8,50.0,13.1,0.7,74.5,17.8,25.6,81.4,,,OBAnorm,,LD831_01996v2.403,,,,0,0
GLBALSTL,2024-05-24 01:52:09.000,25.5,24.1,31.3,30.1,27.8,30.2,28.2,26.7,25.0,28.6,29.2,29.3,32.5,34.7,34.1,37.0,36.6,38.1,38.9,37.5,37.1,35.8,34.2,31.1,29.0,27.0,24.3,20.7,16.9,13.1,8.5,4.8,2.0,45.9,47.4,50.4,13.1,0.7,74.5,17.8,25.7,81.5,,,OBAnorm,,LD831_01996v2.403,,,,0,0
GLBALSTL,2024-05-24 01:52:10.000,24.5,28.4,29.1,30.1,27.6,27.7,27.8,29.7,26.7,30.0,28.8,26.4,29.6,33.7,34.2,36.3,36.9,38.5,38.7,37.7,36.8,35.4,33.6,30.8,28.0,26.3,23.7,21.0,17.7,13.4,8.9,5.3,2.3,45.9,47.4,49.0,13.1,0.7,74.5,17.8,25.7,81.5,,,OBAnorm,,LD831_01996v2.403,,,,0,0
GLBALSTL,2024-05-24 01:52:11.000,26.3,27.5,28.1,27.8,26.1,29.0,29.1,28.5,26.0,30.1,31.4,30.0,32.7,33.8,34.8,37.1,37.7,38.9,38.6,37.9,37.8,36.3,34.5,32.9,29.5,26.6,24.6,21.8,18.5,13.6,9.3,5.4,2.1,46.3,47.8,49.6,13.1,0.6,74.5,17.8,25.8,81.5,,,OBAnorm,,LD831_01996v2.403,,,,0,0
GLBALSTL,2024-05-24 01:52:12.000,24.5,27.5,28.6,27.8,27.0,26.7,28.0,27.3,27.1,29.7,33.4,30.0,32.5,32.5,34.6,35.7,36.7,38.3,38.3,38.3,37.2,36.3,35.2,31.9,29.3,26.7,23.4,20.6,16.6,12.5,7.8,4.4,1.6,46.1,47.6,50.3,13.1,0.6,74.5,17.8,25.8,81.5,,,OBAnorm,,LD831_01996v2.403,,,,0,0
GLBALSTL,2024-05-24 01:52:13.000,22.3,29.8,30.8,27.8,28.0,28.7,27.8,25.7,26.9,28.8,30.4,28.1,29.9,33.3,35.8,36.8,37.8,38.9,38.3,38.6,37.8,36.2,34.5,32.6,29.9,28.2,26.0,23.1,20.1,16.3,11.2,6.7,2.9,46.5,47.9,49.0,13.1,0.6,74.5,17.9,24.3,74.8,,,OBAnorm,,LD831_01996v2.403,,,,0,0
GLBALSTL,2024-05-24 01:52:14.000,26.0,27.5,33.7,29.3,28.6,30.3,27.5,26.4,27.3,28.3,30.8,31.8,36.9,36.4,36.8,38.2,40.0,40.4,39.8,39.7,38.8,37.7,35.5,33.3,30.7,29.0,25.9,23.8,19.8,15.2,10.3,5.9,2.3,47.8,50.2,51.0,13.1,0.6,74.5,17.8,24.3,74.8,,,OBAnorm,,LD831_01996v2.403,,,,0,0
GLBALSTL,2024-05-24 01:52:15.000,30.0,30.2,30.5,31.5,24.9,27.6,27.2,27.3,29.5,31.9,40.0,39.5,36.3,36.0,35.6,36.6,38.4,38.6,38.9,39.0,38.8,36.9,34.9,32.4,29.9,28.1,25.3,22.3,18.9,14.7,9.3,5.4,2.0,47.1,48.7,49.7,13.1,0.6,74.5,17.9,25.6,81.4,,,OBAnorm,,LD831_01996v2.403,,,,0,0
GLBALSTL,2024-05-24 01:52:16.000,23.2,29.7,29.7,28.4,28.4,28.3,29.6,29.2,25.8,28.5,29.8,27.9,32.8,33.0,34.2,38.3,38.9,39.3,39.4,39.3,38.2,36.8,35.7,32.6,29.6,27.7,26.1,22.5,19.1,14.4,9.3,5.6,2.1,47.0,48.4,49.9,13.1,0.6,74.5,17.8,25.6,81.4,,,OBAnorm,,LD831_01996v2.403,,,,0,0
GLBALSTL,2024-05-24 01:52:17.000,24.8,31.2,29.0,27.8,26.9,27.0,27.4,28.8,26.7,29.0,29.7,32.4,32.5,37.0,35.7,37.3,39.2,39.0,38.8,39.0,37.8,36.3,34.7,31.7,29.1,26.9,24.1,22.3,18.1,14.0,9.1,5.0,1.9,46.8,48.5,49.6,13.1,0.6,74.5,17.8,25.6,81.4,,,OBAnorm,,LD831_01996v2.403,,,,0,0
GLBALSTL,2024-05-24 01:52:18.000,24.9,22.5,28.5,31.6,28.8,26.3,27.7,26.8,26.6,28.1,30.1,31.2,34.3,36.2,35.8,37.2,39.1,39.7,38.2,38.4,37.8,37.4,35.2,32.1,30.1,28.8,26.0,22.9,19.3,14.4,10.4,6.2,2.4,46.8,48.2,48.8,13.1,0.7,74.5,17.8,25.7,81.5,,,OBAnorm,,LD831_01996v2.403,,,,0,0
GLBALSTL,2024-05-24 01:52:19.000,24.7,28.0,31.7,27.5,27.0,27.5,29.0,23.9,24.5,28.9,27.6,27.2,31.8,34.5,35.1,37.8,38.1,39.3,38.7,39.8,37.9,36.2,35.0,32.0,29.2,27.5,26.1,23.1,19.9,17.7,12.5,7.4,3.1,46.8,48.2,48.8,13.1,0.8,74.4,17.8,25.7,81.5,,,OBAnorm,,LD831_01996v2.403,,,,0,0
GLBALSTL,2024-05-24 01:52:20.000,25.5,27.9,28.2,29.2,26.7,29.4,27.8,27.8,26.5,30.3,33.4,33.6,37.9,35.5,35.7,37.0,39.1,39.5,39.0,38.4,37.9,36.9,34.2,31.2,28.4,26.1,24.4,21.8,18.5,13.3,8.7,5.1,1.9,46.9,49.0,50.1,13.1,1.0,74.5,17.8,25.7,81.5,,,OBAnorm,,LD831_01996v2.403,,,,0,0
GLBALSTL,2024-05-24 01:52:21.000,22.6,28.0,31.6,29.2,28.4,28.8,30.6,28.1,28.8,27.2,30.8,32.0,32.9,36.0,36.2,36.9,38.6,40.6,39.5,39.5,37.9,36.1,35.1,32.5,30.2,27.0,24.1,21.2,17.7,13.7,8.9,5.2,2.1,47.1,48.5,50.4,13.1,1.2,74.5,17.8,25.6,81.4,,,OBAnorm,,LD831_01996v2.403,,,,0,0
GLBALSTL,2024-05-24 01:52:22.000,22.1,26.5,28.5,32.4,30.1,28.3,29.0,27.0,26.5,29.8,30.4,32.6,36.4,35.7,36.6,36.0,38.0,39.5,38.6,38.7,37.9,37.1,35.2,32.6,29.8,27.6,26.8,23.6,22.6,17.1,10.9,6.6,2.5,46.7,48.5,55.0,13.1,1.3,74.5,17.8,25.6,81.4,,,OBAnorm,,LD831_01996v2.403,,,,0,0
GLBALSTL,2024-05-24 01:52:23.000,23.4,28.8,26.6,25.5,29.7,29.3,29.1,29.5,27.5,28.2,27.8,28.7,30.7,33.8,34.9,36.8,37.5,38.7,38.2,38.2,37.8,36.7,34.8,32.0,28.7,26.9,23.8,21.7,19.6,14.7,10.9,6.7,2.9,46.4,47.9,50.3,13.1,1.3,74.3,17.8,25.6,81.4,,,OBAnorm,,LD831_01996v2.403,,,,0,0
GLBALSTL,2024-05-24 01:52:24.000,29.6,31.1,30.5,32.4,31.1,28.9,29.6,27.7,28.4,29.3,30.4,31.7,35.0,37.4,36.9,37.0,37.4,38.9,38.8,38.4,37.6,37.0,35.4,32.7,30.4,28.6,26.5,23.1,20.9,16.5,11.7,7.6,3.1,46.6,48.2,49.4,13.1,1.3,74.4,17.8,25.6,81.4,,,OBAnorm,,LD831_01996v2.403,,,,0,0
GLBALSTL,2024-05-24 01:52:25.000,32.7,30.6,31.3,29.9,26.8,28.6,30.1,28.4,28.1,28.9,28.8,29.6,32.1,32.9,34.5,36.5,37.2,38.4,37.5,37.6,36.6,35.7,33.2,31.0,28.5,26.0,23.5,21.9,17.5,12.8,8.3,5.0,2.0,45.7,47.4,47.9,13.1,1.3,74.3,17.8,25.6,81.4,,,OBAnorm,,LD831_01996v2.403,,,,0,0
GLBALSTL,2024-05-24 01:52:26.000,26.0,28.9,29.4,25.9,28.7,28.3,28.9,28.9,27.3,29.6,28.2,28.5,32.1,33.5,33.9,36.7,36.9,38.0,37.1,37.1,36.6,35.3,33.8,32.0,29.1,27.0,24.1,20.7,17.1,12.6,8.4,5.1,1.8,45.5,47.0,48.0,13.1,1.2,74.3,17.8,24.7,81.3,,,OBAnorm,,LD831_01996v2.403,,,,0,0
GLBALSTL,2024-05-24 01:52:27.000,25.4,24.5,28.2,29.4,25.9,28.0,29.8,28.1,27.6,29.0,28.1,28.6,31.5,36.6,37.0,38.1,39.4,39.9,39.5,39.2,38.5,36.9,35.3,33.6,30.9,28.6,26.6,23.4,20.5,15.5,10.7,6.9,2.6,47.3,49.0,50.5,13.1,1.2,74.3,17.8,24.2,81.2,,,OBAnorm,,LD831_01996v2.403,,,,0,0
GLBALSTL,2024-05-24 01:52:28.000,22.2,25.3,29.1,29.8,27.1,30.3,30.6,28.1,27.9,29.1,29.4,32.1,34.3,35.7,36.0,36.6,37.9,39.6,39.3,38.2,38.2,36.3,34.0,31.8,28.7,26.7,23.7,22.1,18.1,13.4,8.9,5.2,1.9,46.7,48.2,51.3,13.1,1.2,74.2,17.8,24.5,81.3,,,OBAnorm,,LD831_01996v2.403,,,,0,0
GLBALSTL,2024-05-24 01:52:29.000,25.5,25.0,30.8,29.7,27.8,28.7,29.0,28.0,25.6,28.4,30.5,27.9,30.6,34.9,34.8,37.6,38.0,37.7,39.0,39.2,39.1,37.5,35.7,33.3,30.7,28.0,26.1,23.0,20.7,16.5,11.6,7.2,3.2,47.2,48.3,49.4,13.1,1.2,72.0,17.9,24.7,81.3,,,OBAnorm,,LD831_01996v2.403,,,,0,0
GLBALSTL,2024-05-24 01:52:30.000,23.9,22.6,28.2,27.4,28.4,28.2,29.2,27.6,28.5,27.9,27.8,29.5,32.4,34.8,35.5,37.3,37.4,38.1,39.0,38.3,38.3,37.1,35.8,32.9,30.1,28.2,25.7,23.0,20.1,15.9,11.3,7.0,2.9,46.9,48.2,49.2,13.1,1.2,72.1,17.8,24.7,81.3,,,OBAnorm,,LD831_01996v2.403,,,,0,0
GLBALSTL,2024-05-24 01:52:31.000,23.8,30.4,26.1,27.2,30.9,30.2,30.1,28.2,28.3,27.4,28.9,31.4,34.5,35.0,34.1,37.4,37.6,37.5,38.5,39.0,37.5,36.2,34.3,31.5,28.2,25.9,23.1,20.7,16.8,12.6,8.3,4.5,1.8,46.1,47.8,48.6,13.1,1.2,72.0,17.8,24.7,81.3,,,OBAnorm,,LD831_01996v2.403,,,,0,0
GLBALSTL,2024-05-24 01:52:32.000,26.0,27.8,26.9,29.1,28.2,27.3,29.9,28.6,27.4,28.9,27.9,27.7,31.9,34.6,35.8,36.9,38.2,38.4,38.9,38.2,37.4,37.4,34.6,31.7,29.5,26.6,23.5,20.3,16.0,12.0,8.2,4.7,1.6,46.6,48.1,48.6,13.1,1.1,72.1,17.8,24.8,81.3,,,OBAnorm,,LD831_01996v2.403,,,,0,0
GLBALSTL,2024-05-24 01:52:33.000,28.0,27.7,28.5,29.9,29.0,28.3,28.5,28.2,27.7,27.4,28.6,28.3,34.6,36.2,35.4,37.8,38.8,38.9,39.6,39.0,38.6,37.1,35.2,32.8,30.1,27.7,24.3,20.7,16.5,12.5,8.1,4.8,1.9,47.2,48.6,49.8,13.1,1.1,72.1,17.8,24.9,81.3,,,OBAnorm,,LD831_01996v2.403,,,,0,0
GLBALSTL,2024-05-24 01:52:34.000,25.7,29.1,31.5,28.4,26.9,28.8,27.4,25.9,26.4,28.2,27.0,28.8,32.0,32.5,35.6,37.0,37.2,37.8,37.9,37.5,37.5,35.7,33.5,30.6,28.0,25.5,23.4,20.7,16.9,12.8,8.1,4.7,1.9,45.6,47.1,50.2,13.1,1.1,72.1,17.8,25.0,81.3,,,OBAnorm,,LD831_01996v2.403,,,,0,0
GLBALSTL,2024-05-24 01:52:35.000,30.4,28.8,30.5,28.1,25.6,27.4,31.4,29.2,29.2,28.9,27.0,25.1,30.2,30.3,33.0,36.2,37.3,37.0,37.8,37.9,37.1,36.7,34.1,31.4,28.5,26.1,23.5,20.7,17.7,13.5,9.4,5.4,2.1,45.9,47.2,52.0,13.1,1.2,72.1,17.8,25.4,81.4,,,OBAnorm,,LD831_01996v2.403,,,,0,0
GLBALSTL,2024-05-24 01:52:36.000,28.2,26.2,28.6,28.9,28.0,28.4,29.1,26.7,27.1,27.8,27.9,28.7,29.7,33.0,34.4,36.8,38.3,38.5,38.9,38.0,38.1,37.4,35.8,33.2,30.4,28.3,26.3,23.2,19.8,16.6,11.3,7.4,2.8,46.8,47.9,50.5,13.1,1.2,71.4,17.8,25.8,81.5,,,OBAnorm,,LD831_01996v2.403,,,,0,0
GLBALSTL,2024-05-24 01:52:37.000,30.6,27.9,32.6,29.1,30.7,28.7,29.3,26.2,27.5,27.2,28.9,26.8,31.6,32.6,34.8,35.7,35.7,36.4,36.5,35.9,36.0,34.5,32.8,30.4,27.1,24.5,21.8,19.7,16.0,12.0,8.3,4.6,1.7,44.4,46.1,52.5,13.1,1.2,71.3,17.8,25.7,81.5,,,OBAnorm,,LD831_01996v2.403,,,,0,0
GLBALSTL,2024-05-24 01:52:38.000,29.1,29.9,30.9,28.7,28.5,26.7,28.6,28.1,26.8,28.8,28.3,25.4,32.4,34.6,35.3,36.0,36.6,37.7,37.4,37.4,37.6,36.1,34.9,32.2,28.8,26.3,24.0,21.3,18.7,15.4,11.6,6.8,2.9,46.1,47.5,50.2,13.1,1.3,71.2,17.8,25.5,81.4,,,OBAnorm,,LD831_01996v2.403,,,,0,0
GLBALSTL,2024-05-24 01:52:39.000,31.7,28.8,29.5,25.0,28.0,28.5,29.1,29.3,28.2,30.4,29.6,31.6,34.4,36.3,36.0,36.5,38.3,39.0,39.3,39.5,39.2,37.9,36.3,34.4,33.2,31.3,28.9,25.9,23.8,20.1,15.7,10.9,5.9,47.8,49.2,52.7,13.1,1.3,71.3,17.8,25.4,81.4,,,OBAnorm,,LD831_01996v2.403,,,,0,0
GLBALSTL,2024-05-24 01:52:40.000,30.6,26.9,27.3,28.3,26.9,28.9,29.0,25.7,28.4,27.7,29.1,34.1,38.1,34.1,35.5,36.8,37.7,37.9,37.9,38.1,37.3,36.2,34.8,32.1,29.7,27.4,25.6,22.4,19.2,15.4,11.0,6.9,2.8,46.2,47.8,51.0,13.1,1.2,71.3,17.8,25.5,81.4,,,OBAnorm,,LD831_01996v2.403,,,,0,0
GLBALSTL,2024-05-24 01:52:41.000,30.2,29.1,30.7,29.8,27.5,27.5,26.4,28.1,27.4,29.5,28.2,27.8,31.9,34.5,35.1,36.8,38.0,38.0,39.3,39.3,38.7,37.5,35.9,33.6,30.8,28.6,26.7,24.0,21.0,17.5,12.6,7.9,3.5,47.5,48.7,54.9,13.1,1.1,71.3,17.9,25.6,81.4,,,OBAnorm,,LD831_01996v2.403,,,,0,0
GLBALSTL,2024-05-24 01:52:42.000,29.5,28.6,30.8,29.6,29.4,30.0,27.7,28.4,28.1,29.3,33.4,35.5,37.8,37.3,36.3,37.0,37.5,38.9,38.4,39.1,38.2,37.5,35.9,32.9,30.4,29.1,27.6,24.5,22.5,18.7,14.4,10.0,4.5,47.0,48.8,55.4,13.1,1.1,71.3,17.8,25.6,81.4,,,OBAnorm,,LD831_01996v2.403,,,,0,0
GLBALSTL,2024-05-24 01:52:43.000,33.7,32.0,30.3,28.7,29.2,27.2,27.9,29.7,27.0,28.0,27.1,32.0,31.9,31.4,33.4,35.7,37.2,38.1,38.2,37.8,37.7,36.4,34.8,32.2,28.8,26.9,24.6,21.8,17.8,14.0,9.4,5.9,2.2,46.1,47.5,52.7,13.1,1.1,71.2,17.8,25.6,81.4,,,OBAnorm,,LD831_01996v2.403,,,,0,0
GLBALSTL,2024-05-24 01:52:44.000,25.0,33.9,27.9,29.4,26.0,28.8,28.9,27.7,26.8,30.5,34.8,33.4,34.6,36.8,36.8,38.2,39.3,39.0,38.7,39.4,38.5,36.9,35.6,33.3,29.6,27.6,25.8,23.1,20.3,16.1,11.4,7.1,2.9,47.3,49.7,51.1,13.1,1.1,71.3,17.8,25.6,81.4,,,OBAnorm,,LD831_01996v2.403,,,,0,0
GLBALSTL,2024-05-24 01:52:45.000,30.8,30.9,28.5,26.8,28.6,29.7,30.0,28.9,31.5,34.3,39.6,38.7,37.9,37.4,37.1,38.3,38.9,39.0,39.5,38.7,38.8,38.1,35.8,34.5,31.2,28.7,26.6,24.5,21.4,17.3,12.0,7.6,3.4,47.7,49.7,51.2,13.1,1.1,71.3,17.8,25.6,81.4,,,OBAnorm,,LD831_01996v2.403,,,,0,0
GLBALSTL,2024-05-24 01:52:46.000,30.2,27.6,29.1,30.6,29.0,28.9,28.4,27.1,28.6,29.3,28.7,32.0,33.6,33.1,34.7,37.7,38.8,39.7,39.6,38.7,38.9,37.7,35.6,33.4,30.6,27.9,25.6,22.5,19.8,14.7,9.9,5.8,2.2,47.3,48.5,49.9,13.1,1.1,71.3,17.8,23.9,74.7,,,OBAnorm,,LD831_01996v2.403,,,,0,0
GLBALSTL,2024-05-24 01:52:47.000,31.3,29.4,28.5,27.1,28.4,28.5,29.2,28.4,27.7,28.6,29.6,28.4,33.3,32.9,36.0,37.2,38.2,37.9,38.4,38.2,38.2,37.2,35.6,32.8,29.7,27.1,25.9,23.1,20.7,16.7,12.7,7.7,3.4,46.7,48.1,49.9,13.1,1.1,71.3,17.8,23.9,74.7,,,OBAnorm,,LD831_01996v2.403,,,,0,0
GLBALSTL,2024-05-24 01:52:48.000,31.5,28.8,28.8,27.5,27.0,28.1,27.6,27.2,27.7,30.0,30.3,30.0,32.1,35.3,36.5,38.2,37.8,38.7,38.8,38.1,37.4,36.2,34.9,32.3,29.3,26.7,23.6,21.2,17.9,12.7,9.6,5.5,2.1,46.5,48.2,57.4,13.1,1.0,71.3,17.8,25.6,81.4,,,OBAnorm,,LD831_01996v2.403,,,,0,0
GLBALSTL,2024-05-24 01:52:49.000,25.1,29.1,31.0,29.8,28.6,30.8,28.0,28.0,25.9,26.0,27.9,28.1,33.1,33.1,34.3,35.5,37.7,37.9,37.7,38.5,37.7,35.9,33.8,30.9,28.3,25.8,23.5,22.4,18.1,13.6,9.2,5.0,2.0,45.9,47.4,52.3,13.1,1.1,71.3,17.8,25.7,81.5,,,OBAnorm,,LD831_01996v2.403,,,,0,0
GLBALSTL,2024-05-24 01:52:50.000,29.8,24.5,28.8,30.6,28.0,31.8,27.7,28.4,28.4,30.6,30.6,33.8,36.0,37.1,33.9,36.0,36.1,37.3,37.8,37.7,37.6,35.4,33.8,30.9,28.6,26.6,24.4,23.0,19.0,14.5,9.4,5.5,2.2,45.7,47.8,52.0,13.1,1.0,71.3,17.8,25.7,81.5,,,OBAnorm,,LD831_01996v2.403,,,,0,0
GLBALSTL,2024-05-24 01:52:51.000,36.2,26.3,27.1,28.8,26.7,28.8,29.3,27.6,28.7,28.7,32.1,31.3,32.9,35.7,36.1,36.3,37.2,37.7,38.2,38.5,37.5,35.7,33.2,31.4,28.2,27.0,23.8,21.7,17.9,13.2,8.8,5.0,2.1,46.0,47.6,48.8,13.1,1.0,71.3,17.8,25.7,81.5,,,OBAnorm,,LD831_01996v2.403,,,,0,0
GLBALSTL,2024-05-24 01:52:52.000,31.1,29.5,27.2,26.0,26.8,27.1,28.5,26.8,25.3,28.0,26.8,27.2,31.6,33.8,34.4,36.2,37.5,38.8,37.4,38.2,37.6,36.2,34.9,31.8,28.9,27.0,24.2,21.3,17.4,13.4,8.6,5.1,1.9,46.2,47.6,48.3,13.1,0.9,71.2,17.8,25.6,81.4,,,OBAnorm,,LD831_01996v2.403,,,,0,0
GLBALSTL,2024-05-24 01:52:53.000,25.0,26.6,26.3,28.6,27.8,30.1,28.4,28.4,28.1,29.4,27.7,28.6,34.1,33.6,35.6,37.1,38.3,38.3,38.3,37.5,36.9,35.6,33.9,31.5,28.7,26.2,24.0,21.6,18.3,14.8,10.4,5.9,2.4,46.0,47.8,49.9,13.1,0.8,71.3,17.8,25.6,81.4,,,OBAnorm,,LD831_01996v2.403,,,,0,0
GLBALSTL,2024-05-24 01:52:54.000,24.5,28.5,30.9,30.7,29.2,28.4,30.1,27.9,25.5,28.6,33.7,34.1,34.0,35.3,34.8,36.8,37.9,38.4,38.4,37.8,38.0,37.0,34.7,32.4,30.1,27.8,25.8,22.6,19.3,15.5,10.8,6.3,2.4,46.5,48.2,53.1,13.1,0.7,71.3,17.8,25.6,81.4,,,OBAnorm,,LD831_01996v2.403,,,,0,0
GLBALSTL,2024-05-24 01:52:55.000,21.9,29.6,30.6,28.0,25.7,25.4,27.4,26.7,26.1,28.6,29.9,33.6,37.5,36.3,36.9,37.5,38.5,39.6,38.5,38.5,37.5,36.4,33.9,31.6,29.3,26.4,24.2,21.2,16.9,12.7,8.2,4.8,2.0,46.5,48.5,51.2,13.1,0.7,71.3,17.8,25.6,81.4,,,OBAnorm,,LD831_01996v2.403,,,,0,0
GLBALSTL,2024-05-24 01:52:56.000,24.2,26.6,26.0,26.5,28.5,28.1,29.0,28.4,25.9,27.9,27.4,26.9,30.5,33.8,35.9,36.1,38.0,38.5,37.9,38.3,38.1,36.4,34.8,33.3,30.0,27.3,25.7,22.3,20.0,15.6,11.2,6.8,2.8,46.4,47.6,50.5,13.1,0.6,71.3,17.8,25.6,81.4,,,OBAnorm,,LD831_01996v2.403,,,,0,0
GLBALSTL,2024-05-24 01:52:57.000,27.3,25.6,28.6,29.1,29.2,29.0,26.4,25.3,26.9,28.2,27.4,26.8,30.9,33.9,34.7,36.1,36.8,37.7,38.0,38.1,37.3,35.8,33.8,31.5,28.2,25.7,22.9,20.1,17.2,12.9,8.6,5.1,2.2,45.8,47.1,48.4,13.1,0.6,71.2,17.8,25.6,81.4,,,OBAnorm,,LD831_01996v2.403,,,,0,0
GLBALSTL,2024-05-24 01:52:58.000,23.8,26.2,30.2,26.8,28.2,25.1,27.0,26.6,28.2,27.6,28.5,27.8,32.5,33.1,35.0,36.8,38.0,38.8,38.6,38.5,37.9,37.1,34.1,31.7,29.3,26.6,24.2,21.9,17.7,13.4,8.7,5.0,2.1,46.6,48.2,48.9,13.1,0.5,71.3,17.8,25.7,81.5,,,OBAnorm,,LD831_01996v2.403,,,,0,0
GLBALSTL,2024-05-24 01:52:59.000,26.2,23.8,31.0,27.8,23.9,29.5,29.0,28.5,28.5,29.0,31.1,34.7,36.8,36.2,36.5,37.6,38.4,38.5,38.3,39.0,38.0,36.5,34.2,32.1,29.1,26.5,23.6,21.4,17.4,13.7,9.3,5.2,2.3,46.5,48.3,50.4,13.1,0.5,71.3,17.8,25.6,81.4,,,OBAnorm,,LD831_01996v2.403,,,,0,0
GLBALSTL,2024-05-24 01:53:00.000,22.2,20.3,30.6,31.3,27.3,27.1,27.0,27.2,26.4,29.6,29.2,26.2,31.8,34.1,34.3,36.3,37.3,37.9,37.8,38.3,37.6,36.5,34.7,32.0,29.6,26.8,24.7,22.3,19.9,15.0,10.3,7.3,3.1,46.2,47.7,53.6,13.1,0.4,71.3,17.8,25.6,81.4,,,OBAnorm,,LD831_01996v2.403,,,,0,0
GLBALSTL,2024-05-24 01:53:01.000,26.5,28.4,26.3,27.6,25.5,28.1,28.7,27.6,25.6,28.3,30.9,28.7,31.5,33.2,35.1,35.8,36.6,37.5,37.7,37.5,36.1,35.7,34.0,31.5,28.3,25.7,23.6,20.4,17.4,13.0,8.9,4.9,2.1,45.4,46.8,50.2,13.1,0.4,71.3,17.8,25.6,81.4,,,OBAnorm,,LD831_01996v2.403,,,,0,0
GLBALSTL,2024-05-24 01:53:02.000,24.4,27.7,31.7,29.9,29.3,25.7,27.3,27.4,27.3,27.7,31.4,33.7,34.1,34.5,34.7,37.5,38.0,38.6,39.2,38.7,37.5,36.9,35.3,34.6,32.2,28.1,25.6,23.0,19.4,15.3,10.7,6.2,2.5,47.0,48.4,50.4,13.1,0.4,71.3,17.8,25.7,81.5,,,OBAnorm,,LD831_01996v2.403,,,,0,0
GLBALSTL,2024-05-24 01:53:03.000,24.4,27.6,30.5,28.4,27.2,26.3,25.8,24.7,27.1,27.4,30.0,31.4,34.5,34.9,35.6,36.8,38.1,40.2,40.4,39.2,38.7,36.5,35.2,32.8,29.8,27.7,25.0,22.5,19.6,15.0,9.1,5.7,2.2,47.3,48.7,49.6,13.1,0.4,71.3,17.8,25.7,81.5,,,OBAnorm,,LD831_01996v2.403,,,,0,0
GLBALSTL,2024-05-24 01:53:04.000,26.1,27.7,28.1,27.7,27.1,27.3,29.5,28.5,23.8,28.0,29.9,27.4,30.9,35.2,38.0,36.6,37.8,38.9,39.1,39.9,39.0,37.4,35.0,32.8,30.3,28.1,26.1,23.5,21.4,16.8,11.4,7.4,3.0,47.3,48.7,49.3,13.1,0.4,71.3,17.8,25.7,81.5,,,OBAnorm,,LD831_01996v2.403,,,,0,0
GLBALSTL,2024-05-24 01:53:05.000,24.4,30.0,31.5,27.4,27.8,28.0,30.1,27.3,25.8,27.1,29.6,27.9,33.4,34.2,34.8,37.0,38.2,39.1,39.1,38.5,38.0,37.0,34.7,32.3,29.3,27.0,25.5,21.7,18.2,14.0,9.3,5.2,2.1,46.8,48.0,48.5,13.1,0.4,71.2,17.8,25.7,81.5,,,OBAnorm,,LD831_01996v2.403,,,,0,0
GLBALSTL,2024-05-24 01:53:06.000,25.5,26.2,30.0,26.6,30.6,26.5,28.2,27.6,27.2,27.4,30.2,27.0,29.1,33.3,36.0,37.4,39.1,39.4,39.0,39.4,38.6,37.9,36.4,33.0,30.5,28.3,25.7,22.0,19.2,14.5,9.8,5.9,2.5,47.4,48.5,49.0,13.1,0.4,71.3,17.8,25.9,81.5,,,OBAnorm,,LD831_01996v2.403,,,,0,0
GLBALSTL,2024-05-24 01:53:07.000,24.8,27.6,28.9,27.2,27.3,28.3,27.1,27.7,25.8,28.2,28.3,28.0,31.2,33.4,35.4,36.5,37.7,37.8,38.4,37.8,37.7,36.0,34.5,31.9,29.5,26.9,24.6,21.6,18.9,14.6,10.1,5.8,2.3,46.2,47.6,48.0,13.1,0.4,71.3,17.8,26.0,81.5,,,OBAnorm,,LD831_01996v2.403,,,,0,0
GLBALSTL,2024-05-24 01:53:08.000,27.2,24.6,22.4,24.7,26.5,28.4,28.1,26.1,25.2,28.3,28.6,27.6,34.1,33.1,35.8,36.9,37.9,39.0,38.7,39.1,38.2,36.2,34.7,32.1,29.4,27.0,24.3,22.0,18.6,13.9,9.9,5.9,2.3,46.7,48.2,48.5,13.1,0.4,71.3,17.8,26.1,81.5,,,OBAnorm,,LD831_01996v2.403,,,,0,0
GLBALSTL,2024-05-24 01:53:09.000,21.5,23.7,31.5,29.4,29.9,27.6,28.3,28.5,27.6,27.7,29.5,28.5,30.6,33.9,36.7,37.9,38.9,39.2,38.9,38.2,38.2,37.7,35.1,32.6,30.5,27.7,25.4,22.5,20.1,15.9,10.7,6.9,2.6,47.0,48.4,48.8,13.1,0.4,71.3,17.8,26.1,81.5,,,OBAnorm,,LD831_01996v2.403,,,,0,0
GLBALSTL,2024-05-24 01:53:10.000,22.1,28.7,29.2,29.0,29.7,27.2,30.1,28.0,26.4,28.7,29.8,32.2,34.1,35.9,36.2,37.2,38.0,38.9,39.3,39.2,38.5,37.5,35.9,32.7,30.3,27.8,25.9,23.2,20.2,15.6,11.2,6.5,2.7,47.2,48.5,49.5,13.1,0.4,71.3,17.8,26.0,81.5,,,OBAnorm,,LD831_01996v2.403,,,,0,0
GLBALSTL,2024-05-24 01:53:11.000,25.8,27.3,30.1,27.3,28.5,27.3,27.6,26.6,25.3,29.6,28.1,28.5,32.0,33.1,34.4,35.3,37.5,37.9,37.9,37.8,37.0,35.8,34.3,31.6,29.0,25.8,23.7,20.2,18.1,14.0,9.4,5.6,2.4,45.7,47.1,48.4,13.1,0.4,71.3,17.8,25.9,81.5,,,OBAnorm,,LD831_01996v2.403,,,,0,0
GLBALSTL,2024-05-24 01:53:12.000,27.3,27.1,25.7,25.2,25.8,29.3,26.5,26.8,26.6,27.6,27.4,27.5,31.9,34.0,35.5,36.5,39.2,39.6,39.3,38.2,38.8,37.4,35.8,33.2,30.2,27.7,25.6,22.6,19.6,15.4,11.4,6.4,2.7,47.2,48.4,49.6,13.1,0.3,71.3,17.8,25.8,81.5,,,OBAnorm,,LD831_01996v2.403,,,,0,0
GLBALSTL,2024-05-24 01:53:13.000,20.6,25.3,29.5,25.7,27.8,26.9,28.0,27.8,27.8,27.9,29.7,28.4,31.8,32.7,33.4,36.7,37.7,38.7,38.8,38.3,37.5,36.0,34.9,31.9,28.7,25.5,22.9,20.5,16.6,12.4,8.0,4.7,1.9,46.2,47.6,48.9,13.1,0.3,71.2,17.8,25.8,81.5,,,OBAnorm,,LD831_01996v2.403,,,,0,0
GLBALSTL,2024-05-24 01:53:14.000,24.0,27.8,26.1,25.7,28.5,27.4,27.0,28.3,26.1,30.4,28.6,28.2,30.2,33.5,33.8,36.1,37.8,37.4,37.0,37.6,38.0,36.4,34.9,32.2,29.2,26.7,25.2,22.0,19.9,16.0,12.2,8.1,3.7,46.2,47.6,48.4,13.1,0.3,71.3,17.8,25.8,81.5,,,OBAnorm,,LD831_01996v2.403,,,,0,0
GLBALSTL,2024-05-24 01:53:15.000,24.8,29.0,28.2,24.0,25.3,26.8,29.5,27.6,28.0,28.3,30.6,32.0,34.9,36.1,35.9,37.7,39.0,39.9,39.7,39.6,39.1,38.5,36.8,34.2,31.3,30.0,28.0,25.0,22.8,18.4,13.8,9.1,4.8,47.8,49.0,49.6,13.1,0.3,71.3,17.8,25.8,81.5,,,OBAnorm,,LD831_01996v2.403,,,,0,0
GLBALSTL,2024-05-24 01:53:16.000,29.7,26.7,29.7,25.9,25.9,27.4,26.6,25.9,29.5,30.4,29.4,28.6,30.3,30.3,33.8,36.9,37.7,38.1,38.3,38.2,36.7,35.2,33.6,31.1,28.2,25.6,23.1,20.0,16.7,12.5,8.4,4.6,1.8,45.9,47.4,48.1,13.1,0.3,71.3,17.8,25.8,81.5,,,OBAnorm,,LD831_01996v2.403,,,,0,0
GLBALSTL,2024-05-24 01:53:17.000,18.1,27.0,27.1,27.3,23.1,28.1,28.8,27.8,26.5,27.9,29.2,27.8,30.6,33.8,34.5,38.5,39.5,40.5,40.1,39.6,38.9,38.3,35.5,33.3,30.7,28.0,25.2,22.1,18.3,14.2,10.0,6.0,2.3,47.7,49.0,49.6,13.1,0.3,71.3,17.8,25.9,81.5,,,OBAnorm,,LD831_01996v2.403,,,,0,0
GLBALSTL,2024-05-24 01:53:18.000,24.2,29.1,30.4,27.4,28.0,31.1,29.7,27.5,27.5,27.0,30.5,28.4,29.5,33.9,34.0,36.5,37.8,38.6,38.9,38.8,38.3,36.6,33.8,31.8,28.3,25.2,22.7,20.1,15.9,11.7,7.7,4.4,1.6,46.4,47.8,49.7,13.1,0.3,71.3,17.8,25.8,80.9,,,OBAnorm,,LD831_01996v2.403,,,,0,0
GLBALSTL,2024-05-24 01:53:19.000,23.9,25.2,26.8,30.2,28.9,28.7,27.8,29.0,28.2,28.1,28.5,26.8,29.8,32.9,34.3,35.2,36.9,37.5,38.0,38.2,36.8,35.8,34.0,31.1,28.6,25.9,24.2,21.3,17.7,13.9,9.4,5.7,2.1,45.8,47.1,47.9,13.1,0.3,71.3,17.8,25.9,80.9,,,OBAnorm,,LD831_01996v2.403,,,,0,0
GLBALSTL,2024-05-24 01:53:20.000,23.7,28.8,31.6,26.1,27.9,27.5,29.7,28.3,29.2,28.3,28.7,28.2,32.3,35.2,36.0,38.8,38.7,39.2,38.3,38.4,37.6,35.8,34.0,31.7,28.9,25.8,23.3,20.3,16.4,11.9,7.9,4.5,1.9,46.5,48.2,48.7,13.1,0.2,71.3,17.8,25.9,80.9,,,OBAnorm,,LD831_01996v2.403,,,,0,0
GLBALSTL,2024-05-24 01:53:21.000,25.6,27.2,30.0,26.4,26.8,25.1,29.2,27.5,27.3,29.9,29.9,28.3,28.4,35.0,35.4,37.6,39.4,39.6,40.0,38.7,38.7,37.4,35.4,32.5,30.0,27.5,25.1,22.6,18.9,15.0,9.6,5.8,2.2,47.3,48.8,49.3,13.1,0.2,71.2,17.8,25.9,80.9,,,OBAnorm,,LD831_01996v2.403,,,,0,0
GLBALSTL,2024-05-24 01:53:22.000,24.7,28.5,31.5,29.6,28.6,27.1,29.3,29.4,27.7,27.4,29.7,30.9,34.0,35.3,37.2,38.2,37.7,37.9,38.5,37.9,37.2,36.0,34.3,31.6,28.8,26.9,24.2,21.7,19.1,15.2,10.0,6.4,2.3,46.1,47.9,49.0,13.1,0.2,71.3,17.8,25.9,80.9,,,OBAnorm,,LD831_01996v2.403,,,,0,0
GLBALSTL,2024-05-24 01:53:23.000,23.0,26.1,31.5,28.2,23.4,26.4,29.2,27.6,29.7,29.9,30.4,31.8,33.1,36.1,36.8,38.2,39.3,39.1,39.2,38.7,38.3,37.7,34.7,32.5,30.0,28.1,27.0,23.7,20.3,15.6,11.3,6.9,2.7,47.2,48.8,49.2,13.1,0.2,71.3,17.8,25.9,80.9,,,OBAnorm,,LD831_01996v2.403,,,,0,0
GLBALSTL,2024-05-24 01:53:24.000,25.2,24.5,30.8,30.1,27.7,28.9,29.7,28.8,27.7,29.3,31.0,29.0,33.2,35.5,36.8,38.0,39.1,40.4,39.9,38.7,37.7,37.6,35.2,32.8,29.4,27.5,24.9,21.7,18.0,13.4,9.2,5.2,2.0,47.2,48.9,49.2,13.1,0.2,71.2,17.8,25.9,80.9,,,OBAnorm,,LD831_01996v2.403,,,,0,0
GLBALSTL,2024-05-24 01:53:25.000,23.9,25.0,29.5,29.0,29.4,29.7,29.2,28.8,26.3,30.0,32.3,33.6,39.5,34.1,36.2,36.8,39.0,38.6,37.8,38.7,37.9,36.6,34.9,32.9,30.1,27.3,25.0,21.9,19.0,14.4,10.0,5.7,2.2,46.9,48.8,49.2,13.1,0.2,71.3,17.8,25.8,80.9,,,OBAnorm,,LD831_01996v2.403,,,,0,0
GLBALSTL,2024-05-24 01:53:26.000,22.2,27.0,27.2,28.6,26.5,28.6,27.2,29.4,27.8,31.5,30.9,31.6,32.6,34.2,37.0,37.2,37.9,38.4,37.3,37.6,37.7,35.4,34.1,32.5,29.6,27.2,25.4,22.4,19.8,15.1,10.9,6.9,2.6,45.9,47.7,48.2,13.1,0.2,71.3,17.8,25.8,80.9,,,OBAnorm,,LD831_01996v2.403,,,,0,0
GLBALSTL,2024-05-24 01:53:27.000,26.1,27.2,30.0,24.7,27.0,29.8,31.2,30.1,27.4,29.6,31.9,30.1,31.2,34.6,35.6,37.7,38.9,39.3,39.7,39.3,38.3,36.3,35.2,32.5,29.7,27.0,24.6,22.1,18.1,13.1,8.1,4.6,1.8,47.0,48.6,49.0,13.1,0.3,71.3,17.8,25.8,80.9,,,OBAnorm,,LD831_01996v2.403,,,,0,0
GLBALSTL,2024-05-24 01:53:28.000,22.6,31.0,23.6,29.7,28.1,28.4,29.7,27.4,26.9,32.5,32.5,33.2,34.4,35.8,37.1,38.0,38.4,38.6,39.1,40.3,39.0,37.8,36.7,34.2,31.4,28.9,27.0,24.2,21.1,16.5,12.6,7.7,3.3,47.8,49.2,49.6,13.1,0.5,71.3,17.8,25.8,80.9,,,OBAnorm,,LD831_01996v2.403,,,,0,0
GLBALSTL,2024-05-24 01:53:29.000,23.7,27.5,31.2,26.0,26.7,31.0,30.8,28.0,29.5,29.7,30.3,31.0,32.7,33.8,38.8,38.5,38.4,39.6,38.8,38.4,38.4,36.7,35.0,32.2,29.6,27.8,26.2,23.6,20.3,15.7,10.9,6.7,2.4,46.9,48.7,49.0,13.1,0.8,71.3,17.9,25.8,80.9,,,OBAnorm,,LD831_01996v2.403,,,,0,0
GLBALSTL,2024-05-24 01:53:30.000,25.5,26.8,26.9,25.8,26.6,27.9,29.0,28.4,28.9,28.7,31.0,31.4,33.5,35.7,36.7,36.6,37.4,37.7,37.8,38.4,37.7,37.0,35.2,32.6,29.5,26.9,24.9,22.5,18.6,14.6,9.9,5.8,2.3,46.5,48.1,48.6,13.1,0.8,71.3,17.8,25.8,80.9,,,OBAnorm,,LD831_01996v2.403,,,,0,0
GLBALSTL,2024-05-24 01:53:31.000,26.0,29.6,25.6,26.0,25.0,26.5,31.4,30.2,28.2,31.5,32.0,29.9,32.6,34.8,37.0,36.6,37.3,39.2,38.4,37.7,37.8,36.6,34.4,32.1,29.0,27.0,24.6,21.5,19.0,15.1,11.1,6.5,2.7,46.3,48.0,52.0,13.1,0.8,71.3,17.8,25.8,80.9,,,OBAnorm,,LD831_01996v2.403,,,,0,0
GLBALSTL,2024-05-24 01:53:32.000,25.5,27.8,26.1,28.2,29.1,30.8,29.6,29.2,29.3,30.3,29.8,28.9,31.4,34.2,34.9,37.5,37.0,38.1,38.9,39.1,37.5,35.9,34.1,32.2,29.5,27.0,24.3,22.0,18.1,13.8,9.2,5.3,2.2,46.4,48.0,51.8,13.1,0.7,71.3,17.8,25.7,80.9,,,OBAnorm,,LD831_01996v2.403,,,,0,0
GLBALSTL,2024-05-24 01:53:33.000,19.7,27.7,30.8,28.6,29.4,30.3,31.6,29.7,25.6,30.5,31.5,34.0,34.0,34.5,36.6,38.0,38.8,39.7,40.2,39.2,39.2,38.4,35.9,34.4,31.3,28.7,26.8,24.0,20.6,16.3,11.5,7.1,3.2,47.9,49.3,53.6,13.1,0.6,71.3,17.8,25.7,80.9,,,OBAnorm,,LD831_01996v2.403,,,,0,0
GLBALSTL,2024-05-24 01:53:34.000,27.2,30.5,29.7,28.3,26.1,28.4,28.9,26.8,28.8,28.9,30.8,31.7,32.2,33.2,35.7,37.0,37.6,38.6,38.6,37.2,36.8,35.8,33.7,30.8,28.5,26.0,23.2,20.7,17.3,12.5,8.1,4.3,1.7,45.7,47.5,49.4,13.1,0.6,71.3,17.8,25.7,80.9,,,OBAnorm,,LD831_01996v2.403,,,,0,0
GLBALSTL,2024-05-24 01:53:35.000,28.0,30.0,27.9,28.7,29.5,25.3,28.8,28.5,30.4,30.3,30.8,29.9,29.8,32.5,34.5,37.0,37.1,38.0,38.4,38.8,37.3,35.6,33.9,31.7,29.1,27.3,24.3,21.5,18.1,13.5,8.9,5.1,2.1,46.1,47.7,50.0,13.1,0.5,58.0,17.8,24.7,75.5,,,OBAnorm,,LD831_01996v2.403,,,,0,0
GLBALSTL,2024-05-24 01:53:36.000,27.2,29.4,29.7,27.0,26.3,28.2,28.6,30.4,30.0,30.5,29.8,29.0,31.1,35.3,35.9,37.6,38.5,39.8,39.5,38.1,37.7,36.8,34.5,32.2,29.4,27.4,24.0,21.5,17.4,13.2,9.1,4.6,1.7,46.8,48.3,49.2,13.1,0.5,71.3,17.8,24.9,75.5,,,OBAnorm,,LD831_01996v2.403,,,,0,0
GLBALSTL,2024-05-24 01:53:37.000,24.5,28.5,27.5,30.6,25.5,26.8,28.8,27.5,26.1,29.3,29.8,32.3,34.1,34.8,35.8,35.9,36.2,38.4,37.4,37.3,36.4,35.4,33.3,30.6,28.0,24.9,22.4,19.8,16.1,12.0,8.0,4.5,1.8,45.4,47.3,47.8,13.1,0.5,71.2,17.8,25.9,80.9,,,OBAnorm,,LD831_01996v2.403,,,,0,0
GLBALSTL,2024-05-24 01:53:38.000,25.5,29.2,31.3,27.3,26.3,28.3,27.7,28.3,27.7,28.6,31.7,31.4,34.9,35.2,35.1,37.0,38.3,38.7,39.3,38.5,38.3,37.2,36.0,33.5,30.7,28.5,26.0,23.4,20.8,16.5,11.7,7.4,3.2,47.2,48.6,49.2,13.1,0.4,71.3,17.8,25.9,80.9,,,OBAnorm,,LD831_01996v2.403,,,,0,0
GLBALSTL,2024-05-24 01:53:39.000,24.7,31.2,30.9,30.3,27.4,30.8,29.0,28.5,26.6,27.8,28.2,30.3,31.9,33.3,35.1,37.2,38.1,38.6,39.0,38.4,38.3,37.2,35.1,32.6,29.8,26.5,23.9,20.7,16.9,13.2,8.9,4.9,1.9,46.7,48.0,48.8,13.1,0.4,71.3,17.8,25.9,80.9,,,OBAnorm,,LD831_01996v2.403,,,,0,0
GLBALSTL,2024-05-24 01:53:40.000,24.7,29.5,28.8,29.8,27.1,28.5,30.7,28.2,27.7,28.8,33.3,33.0,34.7,35.5,36.6,38.0,38.5,39.0,39.3,38.7,38.6,37.2,35.4,32.7,29.9,27.8,25.6,22.5,19.5,15.8,11.6,6.6,3.1,47.1,48.8,49.4,13.1,0.4,71.3,17.8,25.5,77.9,,,OBAnorm,,LD831_01996v2.403,,,,0,0
GLBALSTL,2024-05-24 01:53:41.000,25.6,30.6,31.3,30.2,27.3,27.6,31.0,26.8,27.6,29.3,31.2,32.0,32.5,35.0,37.0,38.1,39.1,39.3,38.5,38.0,38.1,36.7,35.2,33.0,29.4,27.5,25.6,23.3,20.0,16.0,11.9,7.4,2.9,46.9,48.4,48.9,13.1,0.3,71.3,17.8,25.5,77.9,,,OBAnorm,,LD831_01996v2.403,,,,0,0
GLBALSTL,2024-05-24 01:53:42.000,20.8,27.5,31.7,29.6,27.2,28.0,29.5,31.3,26.8,29.2,28.4,29.3,31.3,33.6,36.5,37.5,38.3,38.9,39.2,39.1,37.8,36.3,35.1,32.1,29.3,27.6,24.7,23.2,19.2,15.5,9.6,5.6,2.2,46.8,48.5,48.9,13.1,0.3,71.3,17.8,25.9,80.9,,,OBAnorm,,LD831_01996v2.403,,,,0,0
GLBALSTL,2024-05-24 01:53:43.000,21.0,23.8,28.7,28.2,27.9,29.7,31.0,26.7,27.0,29.2,30.6,33.9,33.9,35.0,36.3,36.9,38.6,38.8,37.6,38.6,37.2,35.9,34.5,32.3,29.4,27.2,25.2,22.5,18.2,14.5,9.5,5.6,2.3,46.2,47.9,48.4,13.1,0.3,71.3,17.8,25.8,80.9,,,OBAnorm,,LD831_01996v2.403,,,,0,0
GLBALSTL,2024-05-24 01:53:44.000,22.8,24.5,28.7,28.3,24.7,28.9,27.5,28.3,28.6,28.4,28.6,28.0,30.6,34.1,35.6,36.7,38.0,38.6,37.6,37.8,37.3,35.7,33.3,31.7,28.3,25.7,23.1,21.0,16.9,12.6,8.1,4.8,1.8,45.9,47.5,48.1,13.1,0.3,71.3,17.8,25.8,80.9,,,OBAnorm,,LD831_01996v2.403,,,,0,0
GLBALSTL,2024-05-24 01:53:45.000,23.1,28.7,29.0,26.1,25.2,27.0,24.8,26.4,24.7,29.0,34.1,36.4,36.1,37.2,37.2,38.3,38.8,40.1,39.9,39.0,39.9,38.1,35.7,33.1,30.4,28.7,26.4,24.2,20.9,16.2,11.1,6.5,2.7,47.7,49.5,49.9,13.1,0.4,71.3,17.8,25.8,80.9,,,OBAnorm,,LD831_01996v2.403,,,,0,0
GLBALSTL,2024-05-24 01:53:46.000,27.7,27.6,29.3,29.1,26.5,27.2,27.9,30.0,26.6,29.8,30.4,31.6,33.7,34.8,34.8,36.5,37.7,38.4,38.2,37.7,37.3,35.6,34.3,31.0,28.6,26.2,23.6,20.4,17.1,12.4,8.2,4.6,1.9,45.9,47.6,48.2,13.1,0.5,71.3,17.8,25.8,80.9,,,OBAnorm,,LD831_01996v2.403,,,,0,0
GLBALSTL,2024-05-24 01:53:47.000,25.1,24.4,32.0,28.1,25.9,27.4,30.5,30.6,28.9,29.6,29.8,32.9,32.7,35.5,35.5,36.6,38.4,39.4,39.9,38.8,38.5,38.2,36.3,33.2,30.0,28.2,25.6,22.9,19.1,15.7,10.4,6.3,2.5,47.4,48.8,50.8,13.1,0.5,71.3,17.8,25.9,80.9,,,OBAnorm,,LD831_01996v2.403,,,,0,0
GLBALSTL,2024-05-24 01:53:48.000,22.1,28.9,30.6,25.7,29.5,25.5,29.5,28.1,29.6,29.4,31.9,32.5,34.1,35.0,34.9,37.3,39.1,38.5,38.2,38.0,38.0,36.8,36.0,33.5,30.7,28.4,25.8,22.9,19.9,15.7,11.4,7.9,3.4,46.8,48.4,51.3,13.1,0.5,71.3,17.8,25.9,80.9,,,OBAnorm,,LD831_01996v2.403,,,,0,0
GLBALSTL,2024-05-24 01:53:49.000,23.8,27.5,29.7,28.3,26.3,26.9,29.0,27.8,27.8,28.7,29.5,33.4,33.9,35.7,35.3,36.5,37.8,39.3,40.0,39.8,38.8,37.9,35.8,33.2,30.6,28.3,26.9,24.1,21.2,16.6,11.7,7.2,3.2,47.6,48.9,50.9,13.1,0.5,71.3,18.0,25.9,80.9,,,OBAnorm,,LD831_01996v2.403,,,,0,0
GLBALSTL,2024-05-24 01:53:50.000,24.7,30.2,30.9,30.9,28.0,28.9,29.2,28.4,29.4,29.8,30.6,30.6,33.4,35.4,35.6,37.4,38.5,39.4,39.5,40.0,38.3,37.0,35.2,32.8,30.4,27.9,25.3,23.0,18.8,14.7,10.2,6.0,2.4,47.4,48.8,49.8,13.1,0.4,71.3,17.8,25.9,80.9,,,OBAnorm,,LD831_01996v2.403,,,,0,0
GLBALSTL,2024-05-24 01:53:51.000,30.8,28.2,31.8,28.2,21.9,27.0,28.7,27.8,25.7,28.8,28.9,29.8,34.2,36.2,35.6,37.5,39.7,39.0,38.5,38.2,37.7,36.9,35.0,33.0,29.7,27.6,25.6,22.3,19.7,15.7,11.3,6.7,3.0,46.8,48.6,49.2,13.1,0.4,71.3,17.8,25.9,80.9,,,OBAnorm,,LD831_01996v2.403,,,,0,0
GLBALSTL,2024-05-24 01:53:52.000,26.3,27.9,33.0,29.2,26.0,26.0,29.6,28.6,25.5,27.9,30.7,30.0,35.0,36.4,38.1,37.5,38.9,39.7,39.8,40.1,39.4,38.0,36.1,33.4,30.4,28.2,25.3,22.9,19.2,14.8,10.2,6.1,2.8,47.8,49.1,49.6,13.1,0.4,71.3,17.8,25.9,80.9,,,OBAnorm,,LD831_01996v2.403,,,,0,0
GLBALSTL,2024-05-24 01:53:53.000,20.8,24.5,26.4,27.6,29.4,29.7,29.9,29.2,28.5,31.1,33.2,33.3,36.2,36.0,37.4,37.5,38.3,40.4,41.5,41.0,39.7,38.1,36.3,34.0,31.0,28.6,26.8,23.9,21.1,16.6,11.6,7.0,3.0,48.5,49.9,50.4,13.1,0.4,71.2,18.1,25.9,80.9,,,OBAnorm,,LD831_01996v2.403,,,,0,0
GLBALSTL,2024-05-24 01:53:54.000,22.8,27.1,32.7,28.5,26.8,28.9,29.7,29.0,27.9,28.1,29.7,32.5,35.0,35.8,36.9,38.6,38.1,39.8,39.8,39.6,38.8,37.9,36.1,33.5,30.7,28.4,26.7,23.5,20.6,16.4,12.6,7.4,3.1,47.7,49.1,49.4,13.1,0.4,71.3,17.8,25.9,80.9,,,OBAnorm,,LD831_01996v2.403,,,,0,0
GLBALSTL,2024-05-24 01:53:55.000,18.6,23.8,25.8,27.9,28.2,30.0,29.0,28.3,26.4,29.3,28.4,29.5,30.7,34.3,34.0,37.2,38.9,40.1,39.7,39.3,39.2,38.8,36.3,32.9,30.8,27.6,25.1,21.9,18.3,14.3,9.4,5.6,2.3,47.7,48.8,49.1,13.1,0.5,71.3,17.8,25.9,80.9,,,OBAnorm,,LD831_01996v2.403,,,,0,0
GLBALSTL,2024-05-24 01:53:56.000,22.1,22.7,32.5,30.3,28.1,25.9,28.5,29.2,28.9,27.5,30.4,31.6,33.2,34.8,36.2,37.6,39.6,39.8,40.0,39.8,39.4,37.3,35.6,33.1,30.6,27.6,25.8,22.8,20.9,16.8,12.2,7.6,3.2,47.7,49.1,49.4,13.1,0.5,71.3,17.8,25.9,80.9,,,OBAnorm,,LD831_01996v2.403,,,,0,0
GLBALSTL,2024-05-24 01:53:57.000,26.5,25.5,28.9,28.5,28.8,26.6,27.7,26.2,27.0,31.1,34.3,40.2,40.5,39.2,40.0,38.9,40.5,40.9,41.5,40.0,39.2,38.2,36.1,34.0,31.1,29.4,27.1,24.1,21.7,17.1,12.7,8.5,4.2,48.5,50.8,51.1,13.1,0.5,71.3,17.8,25.9,80.9,,,OBAnorm,,LD831_01996v2.403,,,,0,0
GLBALSTL,2024-05-24 01:53:58.000,25.1,25.3,29.3,30.3,25.6,27.7,27.1,27.9,27.2,28.7,29.0,33.2,33.1,33.9,35.4,37.4,39.2,39.5,38.3,38.5,37.8,37.2,35.6,33.0,30.5,28.3,25.5,22.7,20.2,15.9,11.3,6.4,2.7,47.0,48.5,48.9,13.1,0.5,71.3,17.8,25.8,80.9,,,OBAnorm,,LD831_01996v2.403,,,,0,0
GLBALSTL,2024-05-24 01:53:59.000,20.5,28.1,30.4,29.3,27.6,26.7,29.8,27.1,27.8,28.4,30.2,30.1,34.7,34.3,35.2,37.3,37.6,38.6,39.1,39.5,38.1,36.6,34.9,32.3,29.2,27.0,24.8,23.0,19.6,14.0,9.3,5.3,2.0,46.9,48.4,48.8,13.1,0.6,71.3,17.8,25.8,80.9,,,OBAnorm,,LD831_01996v2.403,,,,0,0
GLBALSTL,2024-05-24 01:54:00.000,20.1,26.9,26.8,25.9,29.0,27.2,27.4,28.6,28.7,29.5,28.9,31.6,33.8,35.8,35.4,38.3,39.0,40.4,40.4,40.3,39.2,38.0,35.6,33.2,30.4,27.3,25.0,21.5,18.3,13.9,9.2,5.4,2.3,47.9,49.2,49.8,13.1,0.6,71.3,17.8,25.9,80.9,,,OBAnorm,,LD831_01996v2.403,,,,0,0
GLBALSTL,2024-05-24 01:54:01.000,23.1,27.0,33.1,27.1,28.4,26.7,28.4,29.4,30.0,30.5,32.3,35.1,39.2,36.6,35.8,38.5,40.1,41.1,40.7,40.2,40.1,39.1,37.6,35.5,33.2,31.1,29.9,26.7,24.5,20.6,16.1,10.2,5.3,48.9,50.3,50.8,13.1,0.6,71.3,17.8,25.9,80.9,,,OBAnorm,,LD831_01996v2.403,,,,0,0
GLBALSTL,2024-05-24 01:54:02.000,23.3,27.5,28.7,30.1,28.7,27.0,27.2,29.0,27.9,28.8,28.1,27.5,32.1,35.2,35.4,37.7,39.6,40.5,40.3,39.6,38.8,38.6,36.3,33.5,30.5,28.0,25.6,22.8,19.2,15.1,9.7,5.6,2.3,48.0,49.4,50.2,13.1,0.6,12.8,17.8,20.8,72.5,,,OBAnorm,,LD831_01996v2.403,,,,0,0
GLBALSTL,2024-05-24 01:54:03.000,24.6,27.7,29.6,29.6,27.2,29.6,29.0,30.4,26.8,29.9,35.4,33.5,36.3,36.6,39.2,38.9,40.9,41.1,41.0,41.4,41.4,41.0,38.8,36.6,33.4,31.7,30.1,27.1,24.7,21.1,16.0,10.5,5.6,50.0,51.1,51.3,13.1,0.6,71.3,17.8,20.7,72.5,,,OBAnorm,,LD831_01996v2.403,,,,0,0
GLBALSTL,2024-05-24 01:54:04.000,22.6,28.6,31.2,28.9,29.0,27.2,29.3,28.3,28.2,27.5,28.8,29.3,31.7,35.2,36.8,37.9,38.9,39.2,38.9,38.6,38.5,36.7,35.4,32.5,29.8,28.0,25.6,23.3,19.6,15.3,10.7,6.5,2.6,46.9,48.3,48.8,13.1,0.7,71.3,17.8,25.8,80.9,,,OBAnorm,,LD831_01996v2.403,,,,0,0
GLBALSTL,2024-05-24 01:54:05.000,26.3,31.2,30.1,29.1,29.2,28.4,28.7,28.3,25.5,28.4,29.0,28.9,35.9,35.3,36.0,37.9,39.6,38.6,38.4,37.7,37.6,37.3,35.1,32.3,29.4,27.1,25.2,22.2,18.6,14.7,10.3,6.0,2.5,46.7,48.4,48.8,13.1,0.7,71.3,17.8,25.7,80.9,,,OBAnorm,,LD831_01996v2.403,,,,0,0
GLBALSTL,2024-05-24 01:54:06.000,27.5,29.6,27.4,27.8,28.5,25.9,28.4,29.2,29.9,28.9,30.7,30.9,33.9,34.7,35.7,38.7,40.4,40.4,40.5,40.8,39.8,38.3,37.0,34.7,31.9,29.8,27.2,24.5,21.3,17.1,11.2,7.1,2.9,48.6,49.9,50.2,13.1,0.7,71.3,17.8,25.7,80.9,,,OBAnorm,,LD831_01996v2.403,,,,0,0
GLBALSTL,2024-05-24 01:54:07.000,22.7,25.8,26.0,27.4,29.3,25.7,28.6,28.9,29.0,30.4,30.0,33.6,32.0,33.6,35.6,37.6,38.4,39.5,39.3,39.1,37.6,36.4,33.9,31.4,28.1,25.5,23.7,21.3,17.2,12.9,8.7,5.3,2.0,46.5,47.9,48.4,13.1,0.8,71.2,17.8,25.7,80.9,,,OBAnorm,,LD831_01996v2.403,,,,0,0
GLBALSTL,2024-05-24 01:54:08.000,26.5,25.3,28.2,28.1,25.8,28.2,28.4,26.4,27.3,28.8,29.5,29.5,31.2,34.4,36.6,38.1,38.0,38.5,39.5,38.8,37.4,36.4,35.5,33.0,30.3,27.9,25.5,22.9,20.2,15.3,11.0,6.9,3.0,46.9,48.6,49.3,13.1,0.9,71.3,18.1,25.7,80.9,,,OBAnorm,,LD831_01996v2.403,,,,0,0
GLBALSTL,2024-05-24 01:54:09.000,26.7,26.0,30.6,29.1,28.1,26.3,28.4,30.6,28.2,31.1,31.5,32.9,35.0,34.4,36.0,38.0,38.1,39.1,39.2,38.2,37.4,36.7,35.1,31.9,29.3,26.8,24.8,21.7,18.2,14.2,9.4,5.5,2.2,47.1,48.6,49.2,13.1,0.9,71.3,17.8,25.7,80.9,,,OBAnorm,,LD831_01996v2.403,,,,0,0
GLBALSTL,2024-05-24 01:54:10.000,24.9,22.3,32.1,26.6,26.5,27.2,27.1,29.7,27.4,29.4,32.3,30.9,33.6,34.8,36.0,36.9,39.4,41.1,39.0,38.2,37.6,36.7,35.0,32.1,29.0,26.6,23.7,21.1,17.9,12.8,9.0,5.1,2.1,46.6,48.3,49.1,13.1,1.0,71.2,17.8,25.7,80.9,,,OBAnorm,,LD831_01996v2.403,,,,0,0
GLBALSTL,2024-05-24 01:54:11.000,27.2,28.0,30.7,30.2,29.3,28.9,30.1,28.9,29.3,29.8,28.1,30.2,33.2,34.0,34.6,35.6,37.5,38.8,38.0,37.7,37.7,37.4,35.4,32.7,30.0,27.5,25.5,22.5,19.8,15.4,11.4,6.7,2.7,46.4,47.9,48.9,13.1,0.9,71.3,17.9,25.7,81.5,,,OBAnorm,,LD831_01996v2.403,,,,0,0
GLBALSTL,2024-05-24 01:54:12.000,24.3,27.3,28.3,30.4,27.4,28.3,28.2,31.9,29.1,30.1,30.0,29.2,31.3,33.4,35.4,36.9,39.2,39.3,38.5,38.4,36.8,36.4,34.7,31.6,28.7,25.5,22.5,20.3,16.4,11.9,7.5,4.4,1.8,46.5,48.1,48.5,13.1,0.9,71.2,17.8,25.7,81.5,,,OBAnorm,,LD831_01996v2.403,,,,0,0
GLBALSTL,2024-05-24 01:54:13.000,27.4,25.9,28.2,24.9,26.6,27.9,27.7,30.7,30.3,31.5,32.6,33.9,36.0,35.8,36.8,38.9,39.8,41.2,39.5,39.1,39.3,39.0,36.3,33.3,30.3,27.6,24.9,22.4,19.3,15.0,10.2,6.1,2.4,48.1,49.7,50.2,13.1,0.9,71.3,17.8,25.8,81.5,,,OBAnorm,,LD831_01996v2.403,,,,0,0
GLBALSTL,2024-05-24 01:54:14.000,22.5,24.6,28.6,27.0,29.3,28.6,27.6,27.9,28.2,31.2,30.3,29.7,37.9,35.5,35.2,37.7,38.9,38.9,38.8,38.7,37.9,36.5,34.5,32.1,30.1,27.6,25.0,22.1,19.2,14.7,10.0,6.1,2.5,46.6,48.5,48.9,13.1,0.9,71.3,17.8,26.0,81.5,,,OBAnorm,,LD831_01996v2.403,,,,0,0
GLBALSTL,2024-05-24 01:54:15.000,24.7,27.9,32.9,29.8,29.3,29.1,27.7,28.0,29.1,30.1,30.8,31.0,33.9,35.3,35.9,38.2,39.1,38.8,39.4,39.3,38.6,36.7,34.7,32.6,29.2,27.3,24.9,22.5,18.2,14.1,9.1,5.4,2.1,47.2,48.9,49.3,13.1,0.9,71.2,17.8,22.7,74.5,,,OBAnorm,,LD831_01996v2.403,,,,0,0
GLBALSTL,2024-05-24 01:54:16.000,22.6,27.4,30.4,27.6,30.4,26.7,27.5,27.3,28.4,30.0,32.2,35.2,34.8,35.5,36.6,37.7,38.8,39.4,39.3,38.8,37.7,35.9,34.5,32.0,28.9,26.0,22.6,20.5,16.3,12.7,8.2,4.4,1.7,46.7,48.5,48.9,13.1,0.8,71.3,17.8,22.6,74.5,,,OBAnorm,,LD831_01996v2.403,,,,0,0
GLBALSTL,2024-05-24 01:54:17.000,24.2,29.2,29.6,29.6,26.7,27.5,29.3,29.2,29.2,30.4,31.8,31.8,33.6,33.9,34.7,36.8,37.2,37.9,38.0,37.8,37.0,36.1,34.3,31.8,28.4,26.3,23.9,21.6,17.4,13.4,9.1,5.2,1.8,45.9,47.7,48.4,13.1,0.9,71.2,17.8,25.9,80.9,,,OBAnorm,,LD831_01996v2.403,,,,0,0
GLBALSTL,2024-05-24 01:54:18.000,26.0,26.1,31.8,30.7,28.5,28.9,29.3,29.8,29.9,32.6,33.2,31.8,35.2,36.0,36.6,37.8,39.2,38.9,39.0,39.2,38.0,36.6,35.0,32.4,29.8,27.5,25.0,22.3,19.1,15.2,10.5,6.6,2.4,46.9,48.7,49.4,13.1,1.0,71.2,17.8,25.8,80.9,,,OBAnorm,,LD831_01996v2.403,,,,0,0
GLBALSTL,2024-05-24 01:54:19.000,25.7,24.3,30.6,26.7,25.9,27.5,27.7,29.1,27.9,29.8,30.1,32.0,31.8,34.4,35.7,38.2,37.6,38.2,39.0,38.6,37.6,36.4,34.4,31.4,28.8,26.5,23.5,20.6,17.3,12.4,7.8,4.4,1.7,46.3,48.0,53.1,13.1,1.0,71.3,17.8,25.9,81.5,,,OBAnorm,,LD831_01996v2.403,,,,0,0
GLBALSTL,2024-05-24 01:54:20.000,24.3,24.0,29.2,28.2,27.9,29.3,30.1,29.1,28.9,29.7,30.4,28.9,33.1,35.3,34.7,38.3,38.0,37.5,38.0,37.5,37.1,36.1,34.0,31.3,28.8,26.1,23.8,21.2,16.7,12.6,8.1,4.9,1.8,46.0,48.0,50.7,13.1,0.9,71.3,17.8,25.9,81.5,,,OBAnorm,,LD831_01996v2.403,,,,0,0
GLBALSTL,2024-05-24 01:54:21.000,21.2,30.4,30.1,31.4,29.0,31.4,28.6,30.3,28.6,32.8,34.1,32.5,34.8,36.4,36.1,37.1,37.8,38.7,38.8,37.8,37.2,36.0,34.6,31.4,28.9,25.9,23.3,21.0,16.9,13.4,8.6,4.9,1.8,46.4,48.3,51.1,13.1,0.8,71.3,17.8,25.8,81.5,,,OBAnorm,,LD831_01996v2.403,,,,0,0
GLBALSTL,2024-05-24 01:54:22.000,29.3,27.4,29.2,26.9,24.0,28.0,28.3,29.7,27.1,30.1,31.3,29.2,31.6,36.0,36.1,37.6,39.9,40.4,39.3,39.9,39.4,38.4,35.8,33.6,30.8,28.0,25.6,22.1,19.0,14.0,10.0,5.7,2.1,47.9,49.3,50.7,13.1,0.8,71.2,17.8,25.8,81.5,,,OBAnorm,,LD831_01996v2.403,,,,0,0
GLBALSTL,2024-05-24 01:54:23.000,28.2,25.1,25.7,26.9,28.8,28.8,29.3,27.1,29.2,33.4,31.7,33.6,35.8,35.7,36.5,37.8,38.8,39.4,39.2,38.8,37.9,36.8,35.0,31.9,29.5,27.4,24.4,22.2,18.1,13.6,9.0,5.1,2.1,47.0,49.0,50.5,13.1,0.7,71.3,17.8,25.8,81.5,,,OBAnorm,,LD831_01996v2.403,,,,0,0
GLBALSTL,2024-05-24 01:54:24.000,21.6,27.8,29.3,29.6,26.7,28.0,31.0,28.5,28.7,33.2,31.8,35.5,36.6,36.4,38.1,38.9,39.7,39.5,39.0,39.0,39.6,38.6,36.6,33.8,30.9,29.0,27.1,23.9,21.2,16.8,12.7,8.0,3.4,47.9,49.7,51.3,13.1,0.6,71.2,17.8,25.8,81.5,,,OBAnorm,,LD831_01996v2.403,,,,0,0
GLBALSTL,2024-05-24 01:54:25.000,24.5,27.2,29.7,28.0,26.1,29.6,28.2,28.4,28.7,31.1,30.1,31.3,33.7,37.1,37.3,38.3,38.4,39.4,39.1,38.5,37.5,36.8,34.2,31.7,28.8,26.7,23.3,21.3,17.6,13.6,8.7,5.3,1.9,46.7,48.7,56.1,13.1,0.6,71.2,17.8,25.8,80.9,,,OBAnorm,,LD831_01996v2.403,,,,0,0
GLBALSTL,2024-05-24 01:54:26.000,25.4,29.5,29.8,29.4,28.0,29.0,31.1,30.0,28.8,32.1,34.9,35.2,34.4,35.1,36.1,38.5,40.1,41.3,40.8,41.0,40.3,39.6,37.3,35.6,32.8,30.9,28.5,25.6,23.8,19.0,14.2,9.4,4.1,49.0,50.3,51.9,13.1,0.5,71.3,17.8,25.8,80.9,,,OBAnorm,,LD831_01996v2.403,,,,0,0
GLBALSTL,2024-05-24 01:54:27.000,25.6,25.2,25.1,29.9,28.7,26.4,27.9,29.6,28.9,30.4,33.6,34.9,35.7,36.0,36.6,36.7,38.1,39.5,39.6,38.5,38.6,38.1,35.9,33.3,31.3,29.3,27.3,23.7,21.7,17.4,13.5,8.4,4.1,47.5,49.1,53.7,13.1,0.5,71.2,17.8,25.8,80.9,,,OBAnorm,,LD831_01996v2.403,,,,0,0
GLBALSTL,2024-05-24 01:54:28.000,26.6,29.4,29.0,28.1,24.6,29.6,31.9,28.1,29.8,31.3,30.6,30.5,33.8,35.9,35.0,38.0,38.5,39.7,39.2,39.0,38.9,37.6,36.0,33.6,30.4,27.8,26.3,23.0,19.9,15.9,10.6,7.3,3.0,47.3,48.7,53.3,13.1,0.5,71.3,17.8,25.9,80.9,,,OBAnorm,,LD831_01996v2.403,,,,0,0
GLBALSTL,2024-05-24 01:54:29.000,28.8,27.4,29.1,25.2,26.4,29.8,27.2,28.0,30.6,32.0,30.2,28.8,35.8,35.1,36.2,37.3,39.1,38.8,38.8,38.5,38.0,36.4,34.9,32.6,28.9,26.4,24.0,21.3,18.4,14.5,10.2,6.1,2.7,46.7,48.8,55.1,13.1,0.4,71.3,17.8,25.9,80.9,,,OBAnorm,,LD831_01996v2.403,,,,0,0
GLBALSTL,2024-05-24 01:54:30.000,26.7,28.6,32.6,25.7,26.3,28.2,27.7,30.0,29.2,33.1,40.8,39.1,39.7,37.4,36.5,37.5,39.4,39.5,39.7,39.4,38.8,38.3,36.3,33.5,30.6,28.5,26.6,23.6,21.9,18.4,13.2,8.3,3.7,47.9,50.2,54.7,13.1,0.4,71.3,17.8,25.8,80.9,,,OBAnorm,,LD831_01996v2.403,,,,0,0
GLBALSTL,2024-05-24 01:54:31.000,29.1,27.4,33.5,30.8,32.9,27.3,28.7,28.4,29.8,31.3,31.9,33.3,34.8,35.0,37.2,37.9,38.1,39.0,39.0,39.5,38.2,37.2,35.4,32.8,30.0,27.9,25.4,23.2,19.8,16.1,10.9,6.8,2.9,47.2,49.0,49.5,13.1,0.4,71.2,17.8,25.8,80.9,,,OBAnorm,,LD831_01996v2.403,,,,0,0
GLBALSTL,2024-05-24 01:54:32.000,25.8,28.1,30.2,31.4,29.4,28.9,30.1,31.0,30.6,33.9,35.9,38.5,40.3,39.1,40.1,41.5,42.4,43.0,42.6,40.8,40.7,39.2,37.6,34.8,31.3,29.4,26.7,24.3,21.7,17.5,12.6,8.2,3.5,49.8,52.0,52.3,13.1,0.3,71.3,17.8,25.8,80.9,,,OBAnorm,,LD831_01996v2.403,,,,0,0
GLBALSTL,2024-05-24 01:54:33.000,26.7,28.8,27.5,30.6,25.5,25.3,28.4,28.6,29.4,30.6,31.2,31.7,33.6,36.4,37.0,38.0,38.5,39.5,39.1,38.5,39.0,37.9,36.4,33.6,30.9,28.3,25.5,22.7,20.4,16.0,11.5,6.9,2.9,47.4,48.9,49.8,13.1,0.3,71.3,17.8,25.8,80.9,,,OBAnorm,,LD831_01996v2.403,,,,0,0
GLBALSTL,2024-05-24 01:54:34.000,22.9,26.4,29.5,28.4,29.6,29.8,27.8,28.9,27.5,31.7,34.1,34.7,36.9,35.0,37.3,37.6,39.0,40.3,39.6,39.8,39.7,38.4,36.7,34.7,32.0,29.7,27.3,25.2,22.0,18.2,12.9,8.5,3.8,48.2,49.7,55.0,13.1,0.3,71.3,17.8,25.8,80.9,,,OBAnorm,,LD831_01996v2.403,,,,0,0
GLBALSTL,2024-05-24 01:54:35.000,24.0,28.4,32.6,29.0,28.2,27.9,28.6,29.3,28.3,31.8,32.8,32.1,32.8,35.9,37.4,38.4,39.8,40.1,40.4,40.1,40.4,38.8,37.2,34.5,32.1,29.6,27.4,23.9,21.1,17.1,12.0,7.5,3.5,48.6,50.0,54.4,13.1,0.3,71.3,17.8,25.9,81.5,,,OBAnorm,,LD831_01996v2.403,,,,0,0
GLBALSTL,2024-05-24 01:54:36.000,24.6,31.8,32.6,29.0,27.3,28.9,27.9,31.0,29.1,29.1,32.5,29.7,32.5,35.6,37.0,39.0,39.9,41.0,40.9,40.8,40.3,39.5,36.9,34.2,31.2,28.4,26.2,23.3,19.9,16.2,10.8,7.1,3.0,48.6,49.8,52.9,13.1,0.3,71.2,17.8,25.9,81.5,,,OBAnorm,,LD831_01996v2.403,,,,0,0
GLBALSTL,2024-05-24 01:54:37.000,30.9,30.1,29.8,28.6,26.7,27.9,29.4,26.9,29.1,29.7,31.1,32.4,33.5,35.6,36.3,38.0,39.3,39.7,38.9,39.0,38.3,36.5,34.8,32.2,29.8,27.6,24.7,22.3,18.7,14.7,10.3,6.2,2.8,47.1,48.8,49.5,13.1,0.3,71.3,17.8,25.8,81.5,,,OBAnorm,,LD831_01996v2.403,,,,0,0
GLBALSTL,2024-05-24 01:54:38.000,30.4,28.0,29.4,29.6,26.2,28.6,29.6,27.5,27.2,29.0,31.9,33.3,33.3,36.0,36.1,39.6,39.6,40.3,41.6,40.3,39.6,39.3,37.0,34.9,32.6,30.4,27.5,24.0,21.6,17.4,12.3,7.6,3.4,48.8,50.0,50.8,13.1,0.4,71.3,17.8,25.9,81.5,,,OBAnorm,,LD831_01996v2.403,,,,0,0
GLBALSTL,2024-05-24 01:54:39.000,28.2,29.5,28.6,30.3,27.6,28.4,30.3,28.5,27.7,32.7,32.9,34.6,36.2,36.8,37.1,36.9,39.6,39.6,39.5,39.5,38.4,37.5,36.0,32.8,29.8,27.5,25.0,22.3,18.9,14.4,9.7,6.1,2.3,47.4,49.2,49.6,13.1,0.4,71.2,17.8,25.9,81.5,,,OBAnorm,,LD831_01996v2.403,,,,0,0
GLBALSTL,2024-05-24 01:54:40.000,24.1,26.7,29.7,28.9,27.3,26.7,29.6,28.8,28.9,30.6,32.1,32.6,33.9,34.6,36.1,37.6,40.9,40.4,39.1,38.9,38.4,37.1,35.0,32.8,29.7,26.9,24.6,22.4,19.0,15.0,9.7,6.0,2.4,47.4,49.2,49.6,13.1,0.4,71.2,17.8,26.0,81.5,,,OBAnorm,,LD831_01996v2.403,,,,0,0
GLBALSTL,2024-05-24 01:54:41.000,24.4,27.8,31.6,28.9,28.3,28.1,30.0,28.2,29.9,31.1,31.4,31.5,31.3,34.2,36.5,37.3,38.0,38.4,38.4,38.5,38.5,36.7,34.6,31.8,30.0,28.0,25.1,21.4,18.5,14.9,10.4,5.9,2.5,46.5,48.0,50.5,13.1,0.5,71.2,17.8,26.0,81.5,,,OBAnorm,,LD831_01996v2.403,,,,0,0
GLBALSTL,2024-05-24 01:54:42.000,27.0,31.6,30.9,29.7,29.3,27.6,30.0,29.7,28.1,29.8,30.8,32.1,33.1,36.9,37.0,37.2,38.8,39.1,39.9,38.8,38.3,36.7,35.0,32.5,29.3,26.9,24.4,22.8,19.6,15.2,10.7,6.4,2.6,47.1,49.0,54.8,13.1,0.5,71.2,17.8,25.9,81.5,,,OBAnorm,,LD831_01996v2.403,,,,0,0
GLBALSTL,2024-05-24 01:54:43.000,28.1,32.8,27.8,28.0,26.8,26.9,29.0,31.5,31.2,35.7,37.9,35.6,34.7,36.3,37.1,39.6,39.2,40.5,39.3,39.3,38.3,37.1,35.6,32.7,29.2,26.9,24.8,21.2,18.4,14.3,9.1,5.4,2.0,47.5,49.6,51.0,13.1,0.6,71.3,17.8,25.8,81.5,,,OBAnorm,,LD831_01996v2.403,,,,0,0
GLBALSTL,2024-05-24 01:54:44.000,25.8,27.8,29.1,28.2,30.1,30.1,28.7,29.0,28.7,29.5,30.5,29.2,32.4,35.4,35.5,37.7,37.6,38.5,39.0,38.9,39.2,37.1,35.3,33.1,30.7,29.1,27.0,23.7,20.9,17.1,12.3,7.2,3.0,47.1,48.5,53.7,13.1,0.7,71.3,17.8,25.8,81.5,,,OBAnorm,,LD831_01996v2.403,,,,0,0
GLBALSTL,2024-05-24 01:54:45.000,28.3,27.8,29.1,30.8,29.6,29.4,28.9,29.6,28.3,30.1,31.2,29.9,31.3,34.0,35.3,37.0,39.0,39.5,39.0,39.0,37.4,36.3,34.2,31.8,28.6,26.2,24.2,21.9,17.9,14.5,9.8,6.0,2.3,46.5,48.1,50.3,13.1,0.6,71.3,17.8,25.9,81.5,,,OBAnorm,,LD831_01996v2.403,,,,0,0
GLBALSTL,2024-05-24 01:54:46.000,28.3,29.8,30.9,29.4,29.4,29.2,28.8,28.2,27.7,30.1,31.7,34.2,36.8,38.5,37.8,40.1,41.0,41.1,40.6,41.0,40.0,39.2,36.7,34.2,31.3,29.7,27.8,24.8,21.8,17.3,12.3,7.3,3.3,49.0,50.9,51.2,13.1,0.6,71.3,17.8,25.9,81.5,,,OBAnorm,,LD831_01996v2.403,,,,0,0
GLBALSTL,2024-05-24 01:54:47.000,30.2,34.5,28.9,28.9,27.8,28.7,28.4,29.3,28.9,30.2,34.4,37.8,36.5,34.9,36.7,38.0,38.7,38.7,38.5,38.9,38.1,36.4,36.0,33.3,29.7,26.9,24.4,21.8,19.4,15.2,10.1,6.3,2.5,46.7,48.4,50.1,13.1,0.5,71.2,17.8,25.8,81.5,,,OBAnorm,,LD831_01996v2.403,,,,0,0
GLBALSTL,2024-05-24 01:54:48.000,25.1,29.8,28.6,28.0,27.5,29.1,28.8,27.5,28.4,29.0,30.4,29.2,31.1,34.1,35.5,37.7,37.7,38.0,38.7,38.2,37.4,35.8,34.8,31.3,28.2,25.7,23.5,20.1,16.4,13.1,8.6,4.8,1.9,46.3,48.0,49.4,13.1,0.5,71.3,17.8,25.9,81.5,,,OBAnorm,,LD831_01996v2.403,,,,0,0
GLBALSTL,2024-05-24 01:54:49.000,27.5,32.0,30.0,29.2,28.9,26.9,27.7,28.6,27.9,30.6,31.8,32.0,34.4,36.0,37.3,39.2,41.1,41.3,41.0,40.1,39.3,38.0,36.0,33.6,30.1,28.0,25.5,22.0,19.7,15.0,10.3,6.4,2.8,48.3,49.9,52.3,13.1,0.4,71.2,17.8,26.0,81.5,,,OBAnorm,,LD831_01996v2.403,,,,0,0
GLBALSTL,2024-05-24 01:54:50.000,27.4,29.5,31.0,31.0,27.0,28.1,28.0,29.2,26.9,27.8,31.4,31.5,33.7,35.9,35.8,37.5,38.2,39.2,38.8,39.3,38.7,37.3,34.9,32.5,30.2,26.6,24.5,21.1,17.7,13.4,8.8,5.1,2.2,46.9,48.5,54.5,13.1,0.4,71.3,17.8,26.0,81.5,,,OBAnorm,,LD831_01996v2.403,,,,0,0
GLBALSTL,2024-05-24 01:54:51.000,24.6,25.5,28.1,28.9,29.5,28.1,27.5,27.7,26.8,29.5,31.1,31.4,34.5,35.4,37.0,37.2,39.2,39.6,39.6,38.6,38.2,36.8,35.1,33.0,29.8,27.9,25.7,22.1,19.0,15.4,10.6,6.3,2.6,47.2,48.8,52.8,13.1,0.4,71.2,17.7,26.0,80.9,,,OBAnorm,,LD831_01996v2.403,,,,0,0
GLBALSTL,2024-05-24 01:54:52.000,31.1,32.8,31.5,30.0,26.9,27.5,27.7,29.5,26.5,27.9,32.4,29.5,32.2,34.4,35.7,37.5,39.8,39.8,39.0,38.2,37.6,37.0,35.2,32.8,29.9,27.3,24.5,21.8,18.1,13.9,8.9,5.7,2.2,47.0,48.6,50.1,13.1,0.4,71.3,17.8,26.0,80.9,,,OBAnorm,,LD831_01996v2.403,,,,0,0
GLBALSTL,2024-05-24 01:54:53.000,29.5,29.4,28.9,30.3,25.0,26.7,29.7,30.1,26.6,28.5,29.4,29.8,32.3,34.7,35.1,37.2,38.7,38.7,37.5,37.2,38.2,36.2,34.6,32.5,29.0,27.4,24.9,20.7,19.9,14.7,11.0,6.3,2.5,46.3,47.9,55.3,13.1,0.3,71.3,17.8,26.0,80.9,,,OBAnorm,,LD831_01996v2.403,,,,0,0
GLBALSTL,2024-05-24 01:54:54.000,27.2,31.5,30.3,29.4,26.4,26.1,28.6,27.9,28.4,27.5,28.1,28.9,33.9,32.9,34.7,35.5,37.8,37.9,38.5,37.4,36.7,35.6,33.6,30.6,28.2,26.2,24.0,20.5,17.6,13.9,9.4,5.5,2.4,45.7,47.2,56.1,13.1,0.3,71.3,17.8,26.0,80.9,,,OBAnorm,,LD831_01996v2.403,,,,0,0
GLBALSTL,2024-05-24 01:54:55.000,29.7,29.2,27.3,28.8,26.4,25.6,26.9,30.3,24.9,28.7,30.1,28.6,31.4,33.7,36.1,36.6,38.6,38.9,37.9,38.1,37.6,36.7,35.1,32.7,29.5,26.9,24.0,21.4,18.2,14.1,9.7,5.8,2.4,46.4,47.8,54.2,13.1,0.3,71.3,17.8,26.0,80.9,,,OBAnorm,,LD831_01996v2.403,,,,0,0
GLBALSTL,2024-05-24 01:54:56.000,29.9,30.0,29.9,24.6,24.0,25.7,24.7,25.8,28.5,28.7,31.5,31.3,33.8,35.6,36.7,37.9,37.9,39.0,39.3,39.3,39.1,37.1,35.2,33.0,30.9,28.7,26.7,23.4,21.4,17.0,12.2,7.7,3.1,47.3,48.7,54.6,13.1,0.3,71.3,17.8,26.0,80.9,,,OBAnorm,,LD831_01996v2.403,,,,0,0
GLBALSTL,2024-05-24 01:54:57.000,31.0,30.5,24.9,26.7,26.1,27.5,28.0,27.8,29.3,27.7,30.8,27.5,31.3,33.8,35.1,37.7,39.5,39.2,39.6,37.6,37.4,36.3,34.4,32.6,29.7,26.1,24.3,21.7,17.2,13.3,8.7,4.6,1.7,46.6,48.1,53.0,13.1,0.3,71.3,17.8,26.0,80.9,,,OBAnorm,,LD831_01996v2.403,,,,0,0
GLBALSTL,2024-05-24 01:54:58.000,26.2,31.0,28.7,29.7,25.9,27.4,28.5,28.9,26.5,28.2,32.7,33.2,35.9,37.1,36.1,37.6,39.0,39.0,39.5,39.6,39.9,38.9,37.2,34.7,31.7,29.4,28.1,24.9,22.3,17.8,13.9,9.0,4.0,48.2,49.6,50.2,13.1,0.3,71.2,17.8,26.0,80.9,,,OBAnorm,,LD831_01996v2.403,,,,0,0
GLBALSTL,2024-05-24 01:54:59.000,24.5,31.3,25.2,31.2,26.8,26.7,26.5,28.5,28.7,28.3,29.1,33.3,35.7,35.8,36.9,38.7,38.7,39.6,38.8,38.6,37.8,37.5,35.5,32.7,29.4,30.4,25.8,23.5,18.4,13.2,9.1,5.6,2.1,47.0,48.6,49.3,13.1,0.4,71.2,17.8,26.0,81.5,,,OBAnorm,,LD831_01996v2.403,,,,0,0
GLBALSTL,2024-05-24 01:55:00.000,25.5,27.2,29.8,29.2,28.4,26.5,29.9,28.1,25.2,28.4,27.3,26.8,30.6,33.2,35.6,37.4,37.2,38.5,37.8,37.6,36.6,35.8,33.1,30.9,27.5,25.2,22.4,19.8,16.4,12.8,8.2,4.6,2.0,45.6,47.1,48.3,13.1,0.5,71.2,17.8,26.0,81.5,,,OBAnorm,,LD831_01996v2.403,,,,0,0
GLBALSTL,2024-05-24 01:55:01.000,24.0,28.6,30.0,27.8,27.3,28.2,26.0,28.4,27.1,27.7,29.8,27.4,28.8,32.7,35.4,37.4,38.5,38.8,39.0,38.3,38.0,36.7,34.6,32.6,29.7,27.5,24.8,21.3,18.0,14.2,10.1,5.5,2.3,46.7,48.1,50.1,13.1,0.5,71.2,17.8,26.0,81.5,,,OBAnorm,,LD831_01996v2.403,,,,0,0
GLBALSTL,2024-05-24 01:55:02.000,20.8,25.8,28.5,26.4,23.6,27.8,29.2,28.2,25.3,28.6,28.2,28.9,32.9,37.2,36.3,38.0,39.1,38.9,39.0,38.5,38.4,36.9,35.0,32.1,28.8,26.0,23.1,20.2,16.5,12.9,8.2,4.6,1.8,46.9,48.7,57.4,13.1,0.5,71.2,17.8,26.0,81.5,,,OBAnorm,,LD831_01996v2.403,,,,0,0
GLBALSTL,2024-05-24 01:55:03.000,26.4,25.9,26.5,30.5,27.9,28.0,27.8,27.9,27.1,28.2,28.7,30.6,32.4,34.6,37.2,36.5,38.9,38.8,38.9,39.3,38.9,37.1,35.3,32.6,30.0,26.9,24.9,21.6,17.6,14.0,9.0,5.6,2.1,47.0,48.4,54.3,13.1,0.4,71.2,17.8,26.0,81.5,,,OBAnorm,,LD831_01996v2.403,,,,0,0
GLBALSTL,2024-05-24 01:55:04.000,33.6,32.9,28.2,29.9,27.3,26.5,27.4,27.8,25.6,29.7,31.9,30.7,32.1,35.4,35.2,37.5,37.6,38.7,38.3,38.4,38.7,37.2,34.7,32.4,30.3,27.3,25.3,22.5,19.7,16.2,11.4,7.0,3.0,46.7,48.1,53.6,13.1,0.4,71.2,17.8,25.9,81.5,,,OBAnorm,,LD831_01996v2.403,,,,0,0
GLBALSTL,2024-05-24 01:55:05.000,32.5,31.0,25.1,30.4,24.5,25.7,28.0,29.1,27.6,28.1,28.8,30.1,31.0,32.7,36.0,35.9,37.9,39.5,39.1,38.9,38.8,37.1,35.2,32.5,29.7,27.1,24.6,21.5,18.2,14.0,8.7,5.4,2.0,47.0,48.2,54.5,13.1,0.4,71.2,17.8,25.9,81.5,,,OBAnorm,,LD831_01996v2.403,,,,0,0
GLBALSTL,2024-05-24 01:55:06.000,28.3,30.9,30.1,27.9,28.4,28.9,26.5,26.6,26.8,26.6,29.5,31.3,33.6,35.3,36.4,38.5,39.2,39.9,39.6,39.1,38.9,38.5,36.2,33.9,31.1,28.6,27.1,23.2,21.8,17.5,12.5,7.7,3.4,47.7,49.1,50.7,13.1,0.4,71.2,17.8,25.9,81.5,,,OBAnorm,,LD831_01996v2.403,,,,0,0
GLBALSTL,2024-05-24 01:55:07.000,29.8,29.6,29.6,30.8,28.8,27.8,29.4,26.6,27.4,28.4,28.3,28.6,32.8,31.6,34.9,36.3,37.0,37.7,38.0,37.3,36.3,35.2,33.3,30.2,27.8,25.4,22.2,19.3,15.7,11.6,7.4,4.3,1.7,45.3,47.0,52.7,13.1,0.4,71.2,17.8,25.9,80.9,,,OBAnorm,,LD831_01996v2.403,,,,0,0
GLBALSTL,2024-05-24 01:55:08.000,23.3,28.6,32.2,27.7,28.7,29.3,27.3,28.2,24.7,28.9,30.2,30.2,34.4,32.5,34.0,36.6,37.4,39.2,39.5,38.5,36.6,35.4,33.8,30.8,28.2,25.8,22.9,19.7,15.9,12.9,8.8,5.0,2.0,46.1,47.8,57.5,13.1,0.4,71.2,17.8,25.9,80.9,,,OBAnorm,,LD831_01996v2.403,,,,0,0
GLBALSTL,2024-05-24 01:55:09.000,26.3,26.0,32.3,30.8,27.5,27.5,29.8,29.5,24.2,26.3,27.9,29.1,32.9,34.4,35.8,37.8,39.1,40.1,40.2,39.2,38.7,38.4,36.0,33.3,30.7,27.6,24.9,22.0,19.3,15.8,10.8,6.4,2.4,47.7,49.0,55.0,13.1,0.3,71.2,17.8,25.9,80.9,,,OBAnorm,,LD831_01996v2.403,,,,0,0
GLBALSTL,2024-05-24 01:55:10.000,33.5,31.4,27.6,26.8,26.5,25.1,27.3,27.3,24.2,29.1,29.0,30.4,30.3,32.9,34.3,36.6,36.9,38.3,38.1,37.0,36.6,35.5,33.4,30.2,28.0,24.9,22.7,20.2,15.8,11.5,7.7,4.4,1.8,45.4,47.0,49.0,13.1,0.3,71.2,17.8,25.9,80.9,,,OBAnorm,,LD831_01996v2.403,,,,0,0
GLBALSTL,2024-05-24 01:55:11.000,37.3,27.3,33.9,29.1,28.4,27.7,28.9,28.7,26.4,26.4,28.5,27.4,30.1,32.3,34.2,35.8,37.4,38.9,37.9,37.6,37.8,36.2,33.7,30.9,28.5,26.3,23.6,20.4,16.8,12.3,8.4,4.8,1.8,46.0,47.3,49.2,13.1,0.3,71.2,17.8,26.0,81.5,,,OBAnorm,,LD831_01996v2.403,,,,0,0
GLBALSTL,2024-05-24 01:55:12.000,28.4,31.8,29.9,27.3,27.2,27.1,28.4,26.4,24.7,25.9,28.9,33.9,31.3,33.7,34.9,36.2,37.1,37.3,38.1,37.8,37.8,36.4,34.3,32.1,28.7,26.4,24.3,21.3,18.3,14.6,10.3,6.3,2.6,46.0,47.4,48.3,13.1,0.3,71.2,17.8,25.9,81.5,,,OBAnorm,,LD831_01996v2.403,,,,0,0
GLBALSTL,2024-05-24 01:55:13.000,27.3,30.4,30.9,27.3,27.2,27.4,27.3,27.6,26.9,27.2,28.2,27.4,29.2,31.9,35.0,36.9,37.7,38.1,38.0,37.0,35.8,34.9,32.8,30.1,27.0,24.3,22.3,20.0,15.4,10.7,7.1,4.1,1.7,45.2,46.8,47.5,13.1,0.2,71.2,17.8,25.9,81.5,,,OBAnorm,,LD831_01996v2.403,,,,0,0
GLBALSTL,2024-05-24 01:55:14.000,21.8,27.2,31.1,26.4,25.3,24.5,25.8,24.7,28.1,27.4,29.3,29.1,33.2,34.7,35.2,37.0,37.8,38.0,37.7,37.5,36.7,35.8,33.9,30.9,28.9,25.6,23.5,20.3,17.0,13.2,8.6,4.8,1.8,45.8,47.5,48.0,13.1,0.3,71.2,17.8,25.9,81.5,,,OBAnorm,,LD831_01996v2.403,,,,0,0
GLBALSTL,2024-05-24 01:55:15.000,21.6,27.6,30.5,28.7,24.3,28.6,27.8,27.9,27.7,28.5,30.1,32.7,34.3,34.5,36.0,36.6,37.2,38.1,38.3,36.7,36.8,35.6,34.4,30.9,28.3,26.4,23.6,21.2,17.2,12.9,8.9,5.3,1.9,45.7,47.5,47.9,13.1,0.4,71.2,17.8,25.9,81.5,,,OBAnorm,,LD831_01996v2.403,,,,0,0
GLBALSTL,2024-05-24 01:55:16.000,22.1,25.2,29.4,31.8,23.9,27.7,27.3,26.7,25.2,27.6,29.0,31.2,28.6,32.1,34.2,37.1,36.5,37.0,37.8,37.2,36.6,35.1,33.6,30.3,27.7,25.2,22.8,20.0,15.9,11.8,7.3,4.4,1.6,45.3,46.8,48.1,13.1,0.5,71.2,17.8,26.0,81.5,,,OBAnorm,,LD831_01996v2.403,,,,0,0
GLBALSTL,2024-05-24 01:55:17.000,22.8,26.7,26.1,27.5,26.7,25.3,27.3,24.3,27.0,27.4,27.2,30.7,32.6,35.1,36.9,38.9,39.6,39.8,40.6,39.0,38.0,37.0,34.9,32.5,30.2,27.2,24.7,22.0,19.4,15.6,10.9,6.5,2.8,47.4,49.0,50.6,13.1,0.5,71.1,17.8,26.0,81.5,,,OBAnorm,,LD831_01996v2.403,,,,0,0
GLBALSTL,2024-05-24 01:55:18.000,23.4,29.7,32.9,29.3,28.5,27.1,27.6,27.0,27.6,27.6,30.8,31.3,34.9,37.5,36.1,37.0,38.1,38.7,38.3,37.7,37.1,35.8,34.1,31.4,29.0,27.1,25.1,22.4,18.2,14.2,10.4,5.8,2.2,46.1,48.0,49.0,13.1,0.5,71.2,17.8,26.0,81.5,,,OBAnorm,,LD831_01996v2.403,,,,0,0
GLBALSTL,2024-05-24 01:55:19.000,23.8,24.3,28.5,27.4,29.3,26.8,27.2,27.7,25.3,24.3,26.6,27.2,31.0,33.0,34.1,37.1,38.4,38.7,38.4,38.6,38.7,37.4,35.9,33.6,30.7,28.3,26.5,23.0,21.1,17.3,13.2,8.4,4.0,47.3,49.3,50.9,13.1,0.5,71.0,17.8,26.0,81.5,,,OBAnorm,,LD831_01996v2.403,,,,0,0
GLBALSTL,2024-05-24 01:55:20.000,24.5,29.3,31.1,28.0,25.1,27.9,28.0,28.0,27.4,30.1,38.7,38.2,40.1,36.5,36.8,37.0,37.8,39.2,37.9,38.3,37.8,37.3,35.3,32.8,31.0,28.4,27.0,23.9,20.9,17.1,12.9,8.0,3.6,46.7,48.4,53.6,13.1,0.5,71.2,17.9,26.1,80.9,,,OBAnorm,,LD831_01996v2.403,,,,0,0
GLBALSTL,2024-05-24 01:55:21.000,27.7,27.3,31.6,28.6,27.0,30.6,30.1,27.1,28.4,31.2,34.0,38.0,37.4,37.0,36.7,38.8,39.1,39.6,39.4,38.6,38.6,38.2,35.5,32.4,28.5,26.8,24.1,21.5,18.5,14.5,10.1,5.9,2.4,47.3,49.5,52.0,13.1,0.4,71.2,17.8,26.1,81.5,,,OBAnorm,,LD831_01996v2.403,,,,0,0
GLBALSTL,2024-05-24 01:55:22.000,27.0,27.7,32.1,29.5,28.0,28.1,28.6,26.7,27.6,28.3,29.5,33.9,35.0,35.4,34.5,36.6,37.4,38.9,38.9,37.7,37.5,36.7,35.0,32.7,29.6,27.0,25.0,22.3,19.6,15.6,11.5,6.9,3.0,46.6,48.3,49.4,13.1,0.3,71.2,17.8,26.1,80.9,,,OBAnorm,,LD831_01996v2.403,,,,0,0
GLBALSTL,2024-05-24 01:55:23.000,29.5,26.2,29.4,26.5,26.8,27.8,28.3,28.4,26.9,26.8,26.8,30.8,37.3,34.9,34.5,36.8,37.4,39.1,38.8,38.5,38.3,37.0,34.3,31.9,29.1,26.3,23.4,20.2,17.3,13.1,9.2,5.5,2.0,46.5,47.9,48.4,13.1,0.3,71.2,17.8,26.1,80.9,,,OBAnorm,,LD831_01996v2.403,,,,0,0
GLBALSTL,2024-05-24 01:55:24.000,28.4,26.3,25.2,28.5,28.0,27.8,29.2,29.1,26.5,26.3,26.0,26.8,31.0,33.8,34.8,36.5,37.7,38.9,38.9,37.9,37.9,36.7,34.4,31.9,28.5,25.5,23.0,20.0,16.6,13.2,9.0,4.8,1.8,46.4,47.8,48.2,13.1,0.3,71.2,17.8,26.1,80.9,,,OBAnorm,,LD831_01996v2.403,,,,0,0
GLBALSTL,2024-05-24 01:55:25.000,19.0,27.5,29.4,29.5,25.2,26.3,28.2,26.2,24.5,27.3,29.9,30.2,35.1,36.7,35.8,37.4,36.8,37.9,37.9,36.6,37.1,36.1,34.1,32.2,29.1,26.9,25.7,22.3,19.9,16.9,12.1,7.1,3.1,45.7,47.4,48.4,13.1,0.3,71.2,17.8,26.2,81.0,,,OBAnorm,,LD831_01996v2.403,,,,0,0
GLBALSTL,2024-05-24 01:55:26.000,25.1,29.8,29.5,29.1,25.0,26.6,25.4,26.7,25.8,26.8,27.3,27.1,31.8,33.3,35.7,37.5,39.7,39.3,39.5,38.1,38.4,37.5,34.8,32.5,29.0,26.0,23.0,20.2,16.2,12.4,8.1,4.6,1.9,47.4,49.0,49.4,13.1,0.3,71.2,17.8,26.3,81.0,,,OBAnorm,,LD831_01996v2.403,,,,0,0
GLBALSTL,2024-05-24 01:55:27.000,21.3,29.0,31.0,26.7,23.4,28.5,27.9,29.2,27.8,28.2,33.4,31.8,34.0,35.4,36.3,38.6,39.4,40.1,39.3,39.4,39.0,38.4,36.1,34.1,30.2,28.0,26.5,25.9,19.2,15.7,10.7,6.3,2.4,47.8,49.0,49.3,13.1,0.3,71.2,17.8,26.4,81.0,,,OBAnorm,,LD831_01996v2.403,,,,0,0
GLBALSTL,2024-05-24 01:55:28.000,23.3,27.7,27.5,28.3,26.6,27.8,28.1,27.5,27.3,27.7,28.7,29.4,36.0,37.6,35.1,36.6,37.0,38.0,38.2,38.3,37.2,35.6,33.8,31.1,27.9,25.6,24.0,20.2,18.3,13.6,8.3,5.3,1.9,45.8,47.6,48.2,13.1,0.3,71.2,17.8,26.4,81.0,,,OBAnorm,,LD831_01996v2.403,,,,0,0
GLBALSTL,2024-05-24 01:55:29.000,25.8,25.9,29.9,30.4,26.8,28.0,27.3,28.6,27.4,25.7,27.2,24.8,31.4,32.0,33.7,35.6,37.1,38.0,37.0,36.8,36.4,35.5,33.5,31.1,27.5,24.7,22.0,19.4,15.4,11.2,7.2,4.4,1.6,45.3,46.8,47.3,13.1,0.3,71.2,17.8,26.4,81.0,,,OBAnorm,,LD831_01996v2.403,,,,0,0
GLBALSTL,2024-05-24 01:55:30.000,21.1,29.6,29.4,27.4,27.5,26.3,28.6,24.9,27.5,24.8,27.3,27.0,33.2,33.4,34.6,37.1,39.2,39.3,38.7,38.6,38.3,37.6,35.9,33.1,30.2,27.4,25.7,22.5,19.6,16.0,11.5,6.3,2.5,47.1,48.4,49.8,13.1,0.3,71.2,17.8,26.4,81.0,,,OBAnorm,,LD831_01996v2.403,,,,0,0
GLBALSTL,2024-05-24 01:55:31.000,24.8,21.1,26.6,29.1,28.3,28.4,25.9,26.3,23.8,27.0,27.9,28.4,32.8,34.0,35.5,35.5,37.0,38.0,37.1,37.1,37.1,36.8,34.7,31.9,29.5,26.6,25.6,22.6,20.0,15.7,10.9,6.2,2.8,45.8,47.2,50.4,13.1,0.3,71.2,17.8,26.5,81.0,,,OBAnorm,,LD831_01996v2.403,,,,0,0
GLBALSTL,2024-05-24 01:55:32.000,23.8,24.3,29.2,29.0,27.6,28.9,28.7,29.2,24.8,27.1,27.5,24.5,31.1,33.4,34.4,35.9,37.0,38.1,37.6,36.6,36.0,35.4,32.5,30.4,28.0,25.5,24.1,20.0,16.5,12.3,8.3,4.9,2.0,45.2,46.9,50.9,13.1,0.3,71.2,17.8,26.5,81.0,,,OBAnorm,,LD831_01996v2.403,,,,0,0
GLBALSTL,2024-05-24 01:55:33.000,23.5,29.8,27.1,24.2,25.5,25.6,29.8,28.5,26.9,27.0,28.1,27.5,32.2,33.6,34.0,37.5,38.5,39.0,38.1,37.7,38.1,37.8,34.5,32.3,29.3,26.6,24.5,21.7,18.8,14.8,9.9,6.2,2.5,46.7,48.0,49.4,13.1,0.3,71.2,17.8,26.5,81.0,,,OBAnorm,,LD831_01996v2.403,,,,0,0
GLBALSTL,2024-05-24 01:55:34.000,28.1,28.1,30.2,26.2,27.2,26.9,30.3,29.5,28.2,28.0,27.8,31.0,33.4,35.2,34.9,37.9,38.5,38.3,38.2,38.6,37.6,36.8,34.8,32.2,29.8,28.2,26.0,22.6,20.4,16.5,11.3,6.9,3.2,46.6,48.1,49.9,13.1,0.3,71.2,17.8,26.6,81.0,,,OBAnorm,,LD831_01996v2.403,,,,0,0
GLBALSTL,2024-05-24 01:55:35.000,25.5,24.1,27.6,28.9,27.4,26.6,28.5,26.8,27.6,26.6,29.2,27.3,33.7,35.2,35.2,37.7,38.3,38.9,38.7,38.6,38.5,37.7,35.4,32.7,29.9,27.4,25.3,22.4,18.6,14.8,9.8,5.9,2.4,47.0,48.2,50.5,13.1,0.3,71.2,17.8,26.6,81.0,,,OBAnorm,,LD831_01996v2.403,,,,0,0
GLBALSTL,2024-05-24 01:55:36.000,24.1,27.2,28.9,26.2,25.9,26.2,27.8,29.5,26.8,28.2,27.0,27.9,30.8,34.0,34.9,38.3,39.1,40.2,38.9,40.2,40.4,40.5,38.0,35.3,32.4,30.2,28.9,25.2,23.5,19.8,15.2,10.2,5.0,48.8,50.3,55.9,13.1,0.3,71.2,17.8,26.6,81.0,,,OBAnorm,,LD831_01996v2.403,,,,0,0
GLBALSTL,2024-05-24 01:55:37.000,23.9,23.4,30.8,27.9,29.6,25.9,28.1,28.5,28.5,33.0,40.8,38.3,38.9,36.7,35.0,39.7,39.3,39.3,39.1,39.5,39.4,38.7,36.1,33.4,31.1,29.3,27.6,24.5,21.5,17.7,13.1,8.3,3.5,47.9,49.6,52.5,13.1,0.3,71.2,17.8,26.6,81.0,,,OBAnorm,,LD831_01996v2.403,,,,0,0
GLBALSTL,2024-05-24 01:55:38.000,25.5,29.1,29.5,28.8,23.0,28.7,29.4,27.7,28.8,29.4,29.3,30.8,32.7,34.3,35.1,36.8,38.5,38.0,38.2,38.5,38.9,37.8,36.2,32.9,30.6,29.0,27.5,24.0,22.0,18.1,14.0,8.5,4.1,47.1,48.3,50.6,13.1,0.3,71.2,17.8,26.7,81.1,,,OBAnorm,,LD831_01996v2.403,,,,0,0
GLBALSTL,2024-05-24 01:55:39.000,29.4,29.1,30.6,28.4,29.0,26.0,30.7,27.3,25.3,29.7,32.2,32.5,34.7,36.4,36.9,38.0,39.2,39.2,39.3,38.5,38.7,37.7,35.9,33.9,31.2,28.9,26.7,23.3,21.3,17.4,13.0,8.3,3.5,47.5,49.5,50.8,13.1,0.1,71.2,17.8,26.8,81.1,,,OBAnorm,,LD831_01996v2.403,,,,0,0
GLBALSTL,2024-05-24 01:55:40.000,27.7,30.1,28.7,27.7,25.9,26.9,28.9,29.5,28.0,31.7,37.3,37.2,34.5,34.3,35.7,36.0,37.0,37.9,38.2,37.5,37.1,35.7,34.1,31.5,29.1,28.2,33.9,23.8,18.8,16.5,10.2,5.9,2.4,46.0,47.5,48.5,13.1,0.0,71.2,17.8,26.7,81.1,,,OBAnorm,,LD831_01996v2.403,,,,0,0
GLBALSTL,2024-05-24 01:55:41.000,28.3,24.5,29.4,28.6,27.5,29.9,27.3,27.2,28.2,31.3,28.7,26.9,32.4,33.8,33.8,36.7,37.9,38.4,37.6,36.8,36.1,35.0,32.5,30.9,27.8,25.5,23.7,20.6,18.0,15.1,10.2,5.5,2.6,45.3,47.2,50.3,13.1,0.0,71.2,17.8,25.8,80.9,,,OBAnorm,,LD831_01996v2.403,,,,0,0
GLBALSTL,2024-05-24 01:55:42.000,25.4,29.8,29.9,27.1,25.8,29.5,28.0,27.0,27.7,30.4,30.8,30.1,31.7,33.3,34.0,35.3,36.3,37.5,38.0,37.6,38.0,36.3,33.5,30.8,28.0,31.5,36.6,32.7,16.6,13.5,8.4,4.8,1.9,46.6,47.6,53.4,13.1,0.0,71.2,17.8,25.6,80.9,,,OBAnorm,,LD831_01996v2.403,,,,0,0
GLBALSTL,2024-05-24 01:55:43.000,25.3,27.9,26.9,28.4,28.3,28.3,27.7,27.7,29.4,35.6,37.0,37.1,40.6,38.3,38.0,39.5,39.1,39.6,39.6,39.6,38.6,37.6,36.3,34.3,32.5,30.5,28.8,26.1,23.5,19.5,14.2,9.5,4.3,48.2,50.7,52.7,13.1,0.0,71.2,17.8,26.4,81.0,,,OBAnorm,,LD831_01996v2.403,,,,0,0
GLBALSTL,2024-05-24 01:55:44.000,26.4,30.1,27.0,26.9,25.7,28.1,28.1,30.2,32.8,36.7,38.4,37.7,38.9,37.4,36.3,37.0,37.8,39.1,38.3,38.7,38.2,36.9,35.0,32.4,29.8,27.8,26.2,22.5,20.0,15.4,11.0,6.6,2.8,46.9,49.3,52.9,13.1,0.0,71.2,17.8,27.2,81.1,,,OBAnorm,,LD831_01996v2.403,,,,0,0
GLBALSTL,2024-05-24 01:55:45.000,29.2,28.7,29.7,27.0,29.7,27.9,28.5,29.5,27.6,30.5,31.8,31.6,33.4,34.4,34.8,36.5,37.6,38.0,38.2,37.9,37.6,36.7,34.5,32.7,29.8,27.7,25.0,22.3,20.0,15.9,10.8,6.6,2.8,46.3,47.9,51.6,13.1,0.0,71.2,17.8,27.9,81.3,,,OBAnorm,,LD831_01996v2.403,,,,0,0
GLBALSTL,2024-05-24 01:55:46.000,27.9,28.1,30.8,27.0,26.0,26.0,27.8,30.0,28.2,29.2,32.0,30.6,35.1,34.7,36.2,36.8,39.6,39.4,38.9,37.8,37.9,35.7,34.1,31.6,28.3,26.0,23.3,20.6,16.5,12.6,7.7,4.4,1.7,46.4,48.4,49.7,13.1,0.0,71.2,17.8,28.2,81.9,,,OBAnorm,,LD831_01996v2.403,,,,0,0
GLBALSTL,2024-05-24 01:55:47.000,25.7,22.3,30.0,25.9,24.9,25.9,30.9,27.4,27.4,31.4,31.9,30.7,34.5,34.8,35.4,37.6,39.1,40.1,38.6,38.2,37.8,37.1,34.9,33.5,29.8,27.9,26.2,22.2,19.6,15.2,10.8,6.1,2.5,46.9,48.4,54.2,13.1,0.0,71.2,17.8,28.2,81.9,,,OBAnorm,,LD831_01996v2.403,,,,0,0
GLBALSTL,2024-05-24 01:55:48.000,25.2,23.6,29.5,27.9,28.3,27.6,28.1,29.8,28.7,29.5,30.9,28.5,33.3,34.5,35.8,37.2,38.3,39.6,39.1,38.4,37.8,36.5,34.7,31.5,28.8,26.6,23.3,20.5,17.4,13.0,8.7,5.2,2.0,46.5,48.4,51.8,13.1,0.0,71.2,17.8,28.1,81.9,,,OBAnorm,,LD831_01996v2.403,,,,0,0
GLBALSTL,2024-05-24 01:55:49.000,24.6,25.5,31.9,26.7,27.2,28.0,31.9,28.2,30.0,31.4,29.9,33.8,30.7,33.9,34.0,35.3,37.0,37.6,37.6,37.5,36.7,36.0,33.7,31.4,28.5,26.3,23.9,21.0,17.9,14.5,10.1,6.2,2.8,45.5,47.0,52.8,13.1,0.0,71.2,17.8,27.9,81.9,,,OBAnorm,,LD831_01996v2.403,,,,0,0
GLBALSTL,2024-05-24 01:55:50.000,27.8,27.1,27.9,30.4,26.3,25.2,29.7,25.1,29.4,29.1,31.0,27.0,31.7,33.8,34.4,36.2,37.2,38.1,38.1,36.8,36.7,35.6,33.4,30.9,28.2,25.1,22.9,19.8,16.3,12.5,8.1,4.7,1.8,45.6,47.2,48.5,13.1,0.0,71.2,17.8,28.3,81.9,,,OBAnorm,,LD831_01996v2.403,,,,0,0
GLBALSTL,2024-05-24 01:55:51.000,27.7,24.8,30.5,29.0,27.5,28.2,28.9,28.9,25.6,30.9,36.4,32.7,35.2,36.3,36.1,38.4,38.2,38.3,37.7,38.3,37.3,36.4,34.5,31.3,28.3,26.2,23.8,21.2,17.9,14.2,9.5,5.4,2.4,46.4,48.8,49.6,13.1,0.0,71.2,17.8,28.8,82.0,,,OBAnorm,,LD831_01996v2.403,,,,0,0
GLBALSTL,2024-05-24 01:55:52.000,18.6,30.0,29.1,26.4,25.6,27.1,28.6,29.7,27.9,31.2,33.5,37.0,34.1,34.7,33.7,36.1,38.0,38.9,37.9,38.1,37.5,36.4,33.7,31.4,28.9,26.5,23.8,21.3,18.1,13.0,9.2,5.4,1.9,46.0,47.5,48.9,13.1,0.0,71.2,17.8,28.7,82.0,,,OBAnorm,,LD831_01996v2.403,,,,0,0
GLBALSTL,2024-05-24 01:55:53.000,24.8,23.6,29.5,23.4,27.1,27.6,27.9,28.0,26.4,28.9,30.4,27.4,29.9,32.2,33.6,35.6,36.6,37.6,37.4,37.4,36.9,35.1,33.0,30.3,27.2,24.5,21.2,18.4,15.5,11.9,8.2,4.6,1.6,45.1,46.8,50.8,13.1,0.0,71.2,17.8,28.5,82.0,,,OBAnorm,,LD831_01996v2.403,,,,0,0
GLBALSTL,2024-05-24 01:55:54.000,23.6,23.4,28.4,25.2,25.0,27.8,25.5,28.1,29.2,33.6,33.8,32.2,34.2,34.6,34.4,36.6,37.4,38.3,38.3,37.1,37.1,36.2,34.4,31.8,29.7,27.6,26.2,23.6,20.8,16.1,12.7,8.1,3.3,46.0,47.7,53.7,13.1,0.0,71.2,17.8,28.8,82.0,,,OBAnorm,,LD831_01996v2.403,,,,0,0
GLBALSTL,2024-05-24 01:55:55.000,23.1,27.0,28.7,30.0,25.4,26.9,27.8,29.0,30.1,31.5,29.8,28.8,28.7,32.2,34.4,34.8,36.1,37.5,36.8,37.3,36.8,34.8,32.6,29.9,27.1,24.9,22.6,19.2,15.9,11.7,7.3,4.0,1.7,45.0,46.7,51.8,13.1,0.0,71.2,17.8,29.3,82.1,,,OBAnorm,,LD831_01996v2.403,,,,0,0
GLBALSTL,2024-05-24 01:55:56.000,28.8,28.2,29.9,27.5,25.2,27.8,29.1,28.4,31.0,30.6,30.6,27.9,32.7,33.7,35.2,35.4,35.6,36.5,36.4,36.1,35.8,34.9,32.4,29.4,27.5,25.2,22.6,19.7,16.4,12.5,8.6,5.1,2.1,44.3,46.2,52.6,13.1,0.0,71.2,17.8,29.5,82.1,,,OBAnorm,,LD831_01996v2.403,,,,0,0
GLBALSTL,2024-05-24 01:55:57.000,27.5,28.4,28.4,29.2,27.0,29.6,29.9,28.4,26.6,30.7,30.3,27.5,28.6,31.3,34.1,36.0,37.2,36.7,36.9,36.0,36.3,34.3,32.6,29.8,26.4,23.2,20.5,17.1,13.6,9.9,6.0,3.6,1.4,44.5,46.4,49.8,13.1,0.0,71.2,17.8,29.2,82.1,,,OBAnorm,,LD831_01996v2.403,,,,0,0
GLBALSTL,2024-05-24 01:55:58.000,26.6,28.4,28.4,26.2,27.7,29.7,30.5,28.5,28.5,28.6,30.5,27.8,29.9,32.9,35.5,37.4,38.3,40.6,41.2,38.2,36.9,37.7,34.6,31.6,28.7,25.8,23.4,20.8,16.7,12.7,8.6,5.2,2.0,47.2,48.7,51.8,13.1,0.0,71.2,17.8,28.9,82.0,,,OBAnorm,,LD831_01996v2.403,,,,0,0
GLBALSTL,2024-05-24 01:55:59.000,29.4,30.0,28.2,27.2,28.8,30.5,28.6,29.8,29.0,30.8,32.1,34.6,32.9,34.1,35.9,37.0,37.5,38.8,38.1,37.9,36.9,35.9,33.8,31.6,29.0,26.6,24.4,22.2,23.1,15.7,10.4,6.1,2.6,46.0,47.8,53.7,13.1,0.0,71.2,17.8,30.3,82.3,,,OBAnorm,,LD831_01996v2.403,,,,0,0
GLBALSTL,2024-05-24 01:56:00.000,25.2,29.0,28.3,26.8,26.8,21.1,28.2,26.6,28.0,30.9,30.2,28.4,31.0,32.3,33.9,35.4,35.7,37.0,36.6,37.8,37.2,35.9,34.1,32.0,29.3,27.1,24.5,21.3,18.7,13.9,9.5,5.8,2.4,45.5,47.0,51.7,13.1,0.0,71.2,17.8,29.3,82.1,,,OBAnorm,,LD831_01996v2.403,,,,0,0
GLBALSTL,2024-05-24 01:56:01.000,25.4,25.2,30.4,25.6,29.2,27.6,28.9,28.0,27.6,31.2,31.0,29.3,30.6,33.1,35.3,36.6,38.0,38.2,38.4,37.5,37.4,36.0,34.1,30.9,27.7,25.0,22.7,19.8,15.9,11.5,7.9,4.2,1.7,45.9,47.5,50.2,13.1,0.0,71.2,17.8,26.2,81.6,,,OBAnorm,,LD831_01996v2.403,,,,0,0
GLBALSTL,2024-05-24 01:56:02.000,24.5,30.3,31.7,25.5,25.2,27.9,27.5,28.1,30.4,30.6,31.4,27.3,29.9,31.3,33.4,35.0,36.7,37.3,36.9,36.9,36.8,35.7,33.6,31.0,28.0,25.3,22.9,20.5,18.1,12.6,8.0,4.5,1.9,45.1,46.6,50.6,13.1,0.0,71.2,17.8,25.8,81.5,,,OBAnorm,,LD831_01996v2.403,,,,0,0
GLBALSTL,2024-05-24 01:56:03.000,21.3,26.6,26.3,28.2,27.1,27.3,29.9,28.6,28.6,30.6,31.2,28.5,30.5,33.9,35.4,36.0,36.8,38.3,36.9,37.1,36.6,35.0,33.6,31.2,28.4,26.6,24.3,21.6,19.7,15.9,12.4,7.9,3.1,45.4,47.2,50.0,13.1,0.0,71.1,17.8,25.7,81.5,,,OBAnorm,,LD831_01996v2.403,,,,0,0
GLBALSTL,2024-05-24 01:56:04.000,27.9,28.7,28.6,25.7,27.0,26.8,29.3,30.1,27.8,29.5,30.6,30.5,31.7,32.9,33.8,35.6,37.1,38.2,37.3,37.1,36.6,35.9,33.7,31.0,28.2,25.7,23.8,20.8,18.2,14.2,10.0,5.8,2.2,45.4,46.9,49.5,13.1,0.0,71.2,17.8,25.6,81.4,,,OBAnorm,,LD831_01996v2.403,,,,0,0
GLBALSTL,2024-05-24 01:56:05.000,24.5,25.9,30.9,27.2,27.7,26.6,30.9,30.6,26.7,31.7,31.6,30.6,31.7,32.7,32.8,36.9,38.3,37.6,37.8,38.0,37.1,35.8,34.3,31.1,28.6,26.2,23.9,20.6,16.6,12.9,8.2,4.8,1.8,45.9,47.5,48.0,13.1,0.0,71.2,17.8,25.6,81.4,,,OBAnorm,,LD831_01996v2.403,,,,0,0
GLBALSTL,2024-05-24 01:56:06.000,27.6,28.9,28.7,28.4,28.5,28.6,30.5,27.8,28.1,29.2,29.7,29.0,29.1,32.0,34.0,34.9,35.9,37.7,37.4,36.7,35.6,34.5,32.4,29.2,26.9,24.7,22.4,19.2,14.8,11.1,7.0,4.1,1.5,44.7,46.5,47.5,13.1,0.0,71.2,17.8,25.6,81.4,,,OBAnorm,,LD831_01996v2.403,,,,0,0
GLBALSTL,2024-05-24 01:56:07.000,24.4,27.2,29.6,25.3,26.7,28.5,29.8,29.8,29.9,30.6,30.1,27.9,31.1,34.9,34.8,36.5,37.7,38.5,38.4,38.0,38.1,37.0,35.1,33.5,30.3,29.4,26.0,23.7,20.9,16.3,12.0,8.1,3.2,46.7,47.9,48.6,13.1,0.0,71.2,17.8,25.6,81.4,,,OBAnorm,,LD831_01996v2.403,,,,0,0
GLBALSTL,2024-05-24 01:56:08.000,24.9,28.6,31.5,25.6,25.4,27.4,28.3,26.8,27.6,28.4,30.5,30.1,33.1,33.8,34.2,35.5,37.1,37.8,37.2,37.0,36.2,35.1,32.5,30.0,27.1,24.3,21.6,18.7,16.5,12.7,8.3,4.5,1.8,45.0,46.9,47.6,13.1,0.0,71.2,17.8,25.6,81.4,,,OBAnorm,,LD831_01996v2.403,,,,0,0
GLBALSTL,2024-05-24 01:56:09.000,26.2,28.1,24.2,28.9,27.6,27.0,30.6,30.0,28.2,29.6,30.6,32.6,31.5,32.9,35.1,37.4,38.0,38.6,37.3,37.9,36.8,35.5,33.9,30.4,28.3,25.3,22.9,20.8,16.8,12.8,8.6,5.3,1.9,45.7,47.6,50.0,13.1,0.0,71.2,17.8,25.6,81.4,,,OBAnorm,,LD831_01996v2.403,,,,0,0
GLBALSTL,2024-05-24 01:56:10.000,23.0,27.1,31.3,24.8,23.7,26.9,30.5,28.0,29.5,31.8,35.3,36.3,37.3,36.6,36.6,38.6,38.1,37.5,37.6,37.0,36.7,35.0,32.8,30.3,27.2,24.8,22.3,20.4,16.6,12.5,8.4,5.3,2.0,45.4,48.1,51.5,13.1,0.0,71.2,17.8,25.6,81.4,,,OBAnorm,,LD831_01996v2.403,,,,0,0
GLBALSTL,2024-05-24 01:56:11.000,26.8,25.8,28.1,25.7,24.5,30.3,28.6,27.8,28.9,30.9,30.3,29.8,35.5,34.6,34.4,36.7,38.5,37.8,37.7,38.4,37.2,35.9,34.8,31.8,29.6,28.0,26.9,23.6,20.4,16.3,12.3,7.6,3.3,46.3,49.0,53.4,13.1,0.0,71.2,17.8,25.6,81.4,,,OBAnorm,,LD831_01996v2.403,,,,0,0
GLBALSTL,2024-05-24 01:56:12.000,24.5,29.7,28.7,29.6,27.0,28.5,29.5,27.7,29.3,31.3,39.2,40.7,33.5,32.6,34.4,36.5,37.4,37.7,38.1,37.3,36.7,34.9,33.3,31.2,28.5,25.6,23.9,21.2,17.5,13.7,9.3,5.6,2.3,45.4,47.1,49.1,13.1,0.0,71.2,17.8,25.6,81.4,,,OBAnorm,,LD831_01996v2.403,,,,0,0
GLBALSTL,2024-05-24 01:56:13.000,26.5,29.6,28.8,26.1,28.4,26.1,27.0,27.9,26.8,30.7,31.6,29.6,30.9,33.4,33.8,36.6,36.6,37.5,37.5,37.4,37.0,35.6,33.4,31.1,28.9,26.5,25.7,23.0,18.7,14.5,9.8,5.6,2.1,45.7,47.7,50.2,13.1,0.0,71.2,17.8,25.7,81.5,,,OBAnorm,,LD831_01996v2.403,,,,0,0
GLBALSTL,2024-05-24 01:56:14.000,28.0,27.2,28.9,29.5,28.7,27.8,27.7,25.0,31.3,31.2,36.4,37.7,36.3,36.2,37.8,38.5,38.4,39.3,38.4,37.5,36.9,35.5,34.2,31.3,28.7,26.7,24.6,22.5,19.8,15.2,10.1,6.3,2.5,46.2,48.5,50.7,13.1,0.0,71.2,17.8,25.7,81.5,,,OBAnorm,,LD831_01996v2.403,,,,0,0
GLBALSTL,2024-05-24 01:56:15.000,27.8,27.3,28.2,27.1,28.5,26.7,27.2,30.8,26.8,30.7,30.1,31.1,33.0,34.1,35.3,38.2,37.5,37.8,37.9,38.2,38.1,36.1,34.3,31.7,28.9,26.5,24.2,22.4,18.8,14.4,10.0,6.0,2.3,46.4,48.0,53.3,13.1,0.0,71.2,17.8,25.6,81.4,,,OBAnorm,,LD831_01996v2.403,,,,0,0
GLBALSTL,2024-05-24 01:56:16.000,27.9,25.1,27.8,27.9,28.3,28.4,28.9,29.2,29.1,34.5,36.9,39.0,37.2,35.7,37.6,38.6,39.5,39.5,38.8,37.9,37.3,35.9,34.3,31.0,29.3,27.2,24.6,22.5,19.1,14.9,10.8,6.5,2.5,46.4,49.4,53.8,13.1,0.0,71.2,17.8,25.6,81.4,,,OBAnorm,,LD831_01996v2.403,,,,0,0
GLBALSTL,2024-05-24 01:56:17.000,23.8,27.4,27.9,29.6,25.9,26.8,30.2,27.5,27.1,31.3,30.9,33.3,34.9,36.0,35.6,36.1,37.6,36.2,37.1,37.2,37.0,35.8,33.0,30.0,28.3,25.0,23.3,20.3,16.4,12.6,8.4,5.1,1.7,45.3,47.1,53.0,13.1,0.0,71.2,17.8,25.6,81.4,,,OBAnorm,,LD831_01996v2.403,,,,0,0
GLBALSTL,2024-05-24 01:56:18.000,27.3,30.9,29.4,26.4,27.7,26.9,29.4,28.7,28.0,28.9,28.5,28.8,30.8,33.0,34.2,36.9,37.5,37.4,37.1,37.1,37.2,35.5,33.2,30.3,28.7,25.8,23.1,20.5,17.1,13.0,8.0,4.7,1.8,45.4,47.1,49.4,13.1,0.0,71.2,17.8,25.6,81.4,,,OBAnorm,,LD831_01996v2.403,,,,0,0
GLBALSTL,2024-05-24 01:56:19.000,24.7,26.4,27.2,26.2,25.9,27.8,29.1,29.3,26.8,30.0,30.0,34.7,34.4,35.8,35.0,36.6,37.4,37.9,39.2,38.0,36.4,35.8,33.3,30.4,28.3,26.0,23.7,20.7,17.4,14.0,9.3,6.0,2.1,45.8,47.8,48.9,13.1,0.0,71.2,17.8,25.6,81.4,,,OBAnorm,,LD831_01996v2.403,,,,0,0
GLBALSTL,2024-05-24 01:56:20.000,24.3,23.2,29.1,27.6,25.6,28.4,27.8,26.9,26.7,30.3,31.7,30.8,30.4,33.6,36.0,36.1,37.6,37.4,38.0,38.1,37.1,35.5,33.4,31.1,28.3,25.8,23.2,20.4,17.2,12.7,8.3,4.9,1.8,45.8,47.3,49.5,13.1,0.0,71.2,17.8,25.6,81.4,,,OBAnorm,,LD831_01996v2.403,,,,0,0
GLBALSTL,2024-05-24 01:56:21.000,22.7,27.0,29.5,28.8,26.5,27.6,27.7,25.9,26.4,28.6,30.3,33.0,33.4,34.1,35.3,36.5,37.0,38.1,38.6,37.7,36.7,36.2,34.3,31.6,28.9,26.8,24.9,21.8,20.3,15.2,10.8,5.9,2.5,46.0,47.6,48.6,13.1,0.0,71.2,17.8,25.6,81.4,,,OBAnorm,,LD831_01996v2.403,,,,0,0
GLBALSTL,2024-05-24 01:56:22.000,26.5,27.0,25.0,28.7,22.2,26.9,28.2,28.7,28.5,29.1,30.6,31.1,33.2,34.2,35.1,36.8,37.1,37.9,37.1,37.5,36.5,34.9,33.4,30.7,28.3,25.5,23.1,20.4,17.9,13.4,9.6,5.5,2.4,45.4,47.2,49.6,13.1,0.0,71.2,17.8,25.6,81.4,,,OBAnorm,,LD831_01996v2.403,,,,0,0
GLBALSTL,2024-05-24 01:56:23.000,22.2,27.9,30.0,30.2,28.5,27.4,25.2,28.9,26.6,29.1,29.7,30.0,32.0,34.8,34.4,36.2,37.4,37.4,37.3,37.0,37.0,36.1,34.2,31.0,28.5,26.1,23.9,21.1,18.1,14.0,9.7,5.8,2.1,45.5,47.1,48.2,13.1,0.0,71.2,17.8,25.6,81.4,,,OBAnorm,,LD831_01996v2.403,,,,0,0
GLBALSTL,2024-05-24 01:56:24.000,27.1,27.6,28.8,27.8,27.8,27.1,27.9,30.8,29.4,29.5,30.7,33.7,31.2,33.7,34.9,36.9,37.4,38.5,38.0,37.8,37.4,35.5,34.6,31.7,28.9,26.7,24.5,22.4,18.7,14.2,9.2,5.4,2.0,46.0,47.7,48.3,13.1,0.0,71.2,17.8,25.6,81.4,,,OBAnorm,,LD831_01996v2.403,,,,0,0
GLBALSTL,2024-05-24 01:56:25.000,23.4,30.9,32.4,29.4,29.0,29.1,27.3,25.5,27.4,28.6,29.8,30.0,32.6,34.6,36.3,37.1,37.5,37.3,38.3,36.9,36.7,34.9,33.1,30.3,27.7,25.3,22.6,19.5,16.1,12.3,8.3,4.9,1.9,45.4,47.2,48.4,13.1,0.0,71.2,17.8,25.6,81.4,,,OBAnorm,,LD831_01996v2.403,,,,0,0
GLBALSTL,2024-05-24 01:56:26.000,24.5,26.9,29.4,28.3,26.3,26.6,26.8,29.1,26.7,27.5,30.6,32.3,33.8,32.3,35.0,36.4,37.1,37.0,36.5,36.8,36.7,34.9,33.1,30.3,27.9,25.5,22.6,20.0,15.3,11.7,8.0,4.6,1.7,45.0,47.0,48.2,13.1,0.0,71.2,17.8,25.6,81.4,,,OBAnorm,,LD831_01996v2.403,,,,0,0
GLBALSTL,2024-05-24 01:56:27.000,24.5,25.8,27.7,27.2,26.6,27.3,27.5,30.0,26.3,30.3,31.4,34.7,33.9,33.1,36.0,36.7,37.5,37.9,38.4,38.2,36.9,36.0,34.1,30.9,28.2,26.2,23.2,20.7,17.1,13.1,8.2,4.7,1.8,45.9,47.8,48.6,13.1,0.0,71.2,17.8,25.6,81.4,,,OBAnorm,,LD831_01996v2.403,,,,0,0
GLBALSTL,2024-05-24 01:56:28.000,25.9,25.5,32.4,28.5,27.3,27.6,29.3,28.1,28.3,31.0,31.6,31.5,36.6,35.9,36.4,36.7,36.2,37.4,36.9,37.3,36.1,34.3,32.3,29.7,27.1,25.2,22.5,21.0,16.7,13.4,8.4,5.1,1.8,44.9,47.4,48.1,13.1,0.0,71.2,17.8,25.6,81.4,,,OBAnorm,,LD831_01996v2.403,,,,0,0
GLBALSTL,2024-05-24 01:56:29.000,25.6,27.1,25.9,26.5,29.6,28.0,27.5,29.5,31.3,27.7,31.2,30.0,32.0,33.1,34.3,35.9,37.1,36.8,37.2,37.1,36.2,35.3,34.0,31.4,28.7,26.3,24.0,21.4,17.4,13.6,8.7,4.8,2.0,45.4,46.9,47.6,13.1,0.0,71.2,17.8,25.7,81.5,,,OBAnorm,,LD831_01996v2.403,,,,0,0
GLBALSTL,2024-05-24 01:56:30.000,28.0,23.1,30.8,27.0,27.8,28.4,27.8,27.4,27.8,28.1,30.5,29.6,31.9,32.7,35.2,36.4,37.0,37.9,37.5,38.3,37.3,36.3,35.0,32.7,29.6,27.0,24.3,21.8,18.0,14.3,9.6,5.5,2.1,46.0,47.4,48.2,13.1,0.0,71.2,17.8,25.6,81.4,,,OBAnorm,,LD831_01996v2.403,,,,0,0
GLBALSTL,2024-05-24 01:56:31.000,21.8,28.7,26.4,28.5,27.8,27.9,27.2,27.0,26.4,29.2,30.7,28.3,31.8,32.6,34.4,35.2,36.6,37.3,36.9,36.8,36.1,35.3,33.4,30.6,27.4,25.1,22.8,19.8,16.4,12.2,8.0,4.4,1.9,45.0,46.7,47.2,13.1,0.0,71.2,17.8,25.6,81.4,,,OBAnorm,,LD831_01996v2.403,,,,0,0
GLBALSTL,2024-05-24 01:56:32.000,21.1,29.3,30.5,29.7,29.0,27.4,29.6,26.7,27.8,28.2,30.0,29.9,33.9,34.4,34.8,36.5,37.7,38.0,37.5,37.2,37.8,36.9,34.6,31.9,29.6,28.0,25.6,22.3,19.8,15.9,10.8,6.3,2.4,46.1,47.7,48.1,13.1,0.0,71.2,17.8,25.6,81.4,,,OBAnorm,,LD831_01996v2.403,,,,0,0
GLBALSTL,2024-05-24 01:56:33.000,27.0,26.3,28.6,28.3,25.1,27.4,28.8,27.9,29.2,29.9,30.1,33.2,34.2,35.9,34.1,37.1,37.5,37.0,35.6,36.1,36.2,35.2,33.2,30.2,27.4,24.4,21.7,19.3,15.8,12.1,7.9,4.5,1.7,44.6,46.8,47.3,13.1,0.0,71.2,17.8,25.6,81.4,,,OBAnorm,,LD831_01996v2.403,,,,0,0
GLBALSTL,2024-05-24 01:56:34.000,22.7,29.6,25.1,29.3,24.0,29.8,29.5,28.9,27.7,31.8,33.0,34.0,32.5,33.1,35.8,35.9,37.5,37.6,37.3,36.8,36.0,35.1,32.9,29.8,27.8,25.7,22.7,20.4,17.0,13.2,8.6,5.3,1.9,45.2,47.3,47.9,13.1,0.0,71.2,17.8,25.6,81.4,,,OBAnorm,,LD831_01996v2.403,,,,0,0
GLBALSTL,2024-05-24 01:56:35.000,26.1,28.2,28.9,26.9,27.0,27.7,27.1,28.3,27.3,31.5,32.8,34.4,35.0,35.2,35.9,36.5,37.3,37.6,37.7,37.0,36.8,35.6,33.7,30.8,29.0,26.6,24.5,20.8,17.7,13.9,9.6,5.4,2.3,45.5,47.6,48.1,13.1,0.0,71.2,17.8,25.7,81.5,,,OBAnorm,,LD831_01996v2.403,,,,0,0
GLBALSTL,2024-05-24 01:56:36.000,26.8,28.8,31.0,29.4,27.4,25.3,27.2,26.6,29.8,31.4,31.3,29.8,31.6,33.4,34.4,35.0,36.5,37.3,35.9,36.3,36.1,35.3,32.8,29.7,27.6,25.6,23.8,20.2,16.9,12.9,8.8,5.1,2.0,44.6,46.4,47.2,13.1,0.0,71.2,17.8,25.7,81.5,,,OBAnorm,,LD831_01996v2.403,,,,0,0
GLBALSTL,2024-05-24 01:56:37.000,26.3,25.3,29.8,28.9,25.1,28.0,30.4,30.3,28.2,30.9,33.4,33.3,32.4,32.8,33.4,36.5,37.5,37.9,37.7,37.8,38.0,36.6,34.6,32.0,29.0,26.7,24.6,21.6,18.0,14.2,9.2,5.6,2.0,46.4,48.0,48.7,13.1,0.0,71.2,17.8,25.7,81.5,,,OBAnorm,,LD831_01996v2.403,,,,0,0
GLBALSTL,2024-05-24 01:56:38.000,26.5,28.5,31.0,28.1,26.1,27.5,29.6,30.7,28.0,31.1,32.4,33.0,33.1,33.6,35.4,36.6,37.8,38.4,37.8,37.4,37.1,35.6,34.8,31.6,30.5,27.2,25.3,22.2,19.4,15.0,10.8,6.3,2.6,46.0,47.7,48.6,13.1,0.0,71.2,17.8,25.7,81.5,,,OBAnorm,,LD831_01996v2.403,,,,0,0
GLBALSTL,2024-05-24 01:56:39.000,26.4,26.7,28.0,26.1,24.2,28.3,28.9,30.2,28.5,29.8,31.2,30.5,32.1,32.8,34.5,36.5,37.5,39.1,38.7,38.5,38.6,37.2,36.3,32.9,29.2,26.9,24.3,21.1,18.0,14.2,8.8,5.2,1.9,46.9,48.1,51.2,13.1,0.0,71.2,17.8,25.7,81.5,,,OBAnorm,,LD831_01996v2.403,,,,0,0
GLBALSTL,2024-05-24 01:56:40.000,27.9,25.9,28.9,29.3,28.5,27.6,27.5,29.7,29.0,29.2,30.4,30.2,29.2,32.4,34.2,35.2,38.3,37.9,38.0,38.4,38.4,37.7,36.2,33.3,30.1,28.5,26.7,22.9,20.8,16.6,12.0,7.6,3.2,47.0,48.1,49.3,13.1,0.0,71.2,17.8,25.8,81.5,,,OBAnorm,,LD831_01996v2.403,,,,0,0
GLBALSTL,2024-05-24 01:56:41.000,25.3,28.4,26.3,28.5,26.7,29.2,29.3,29.1,29.7,30.8,30.8,32.3,34.7,34.7,35.6,37.6,38.2,38.3,39.3,39.9,39.4,38.4,37.2,34.1,31.5,29.4,27.2,24.9,21.8,18.1,12.7,8.2,3.7,47.7,49.0,49.5,13.1,0.0,71.2,17.8,25.8,81.5,,,OBAnorm,,LD831_01996v2.403,,,,0,0
GLBALSTL,2024-05-24 01:56:42.000,27.0,23.1,29.2,28.3,25.9,30.3,29.2,30.9,30.0,35.3,36.5,35.9,37.2,35.6,36.2,37.8,38.5,39.7,38.9,38.2,37.2,36.7,34.9,32.4,29.6,27.0,25.0,21.9,18.7,14.6,9.7,5.8,2.2,46.7,49.0,49.5,13.1,0.0,71.1,17.8,25.7,81.5,,,OBAnorm,,LD831_01996v2.403,,,,0,0
GLBALSTL,2024-05-24 01:56:43.000,24.3,22.0,28.6,30.1,26.7,27.8,27.0,28.1,30.3,30.9,31.5,30.2,31.6,33.6,36.0,37.5,39.0,39.8,39.6,39.9,38.5,37.5,35.9,33.0,30.0,27.9,25.3,22.8,19.0,14.9,9.9,6.3,2.7,47.4,48.7,49.2,13.1,0.0,71.2,17.8,25.7,81.5,,,OBAnorm,,LD831_01996v2.403,,,,0,0
GLBALSTL,2024-05-24 01:56:44.000,28.8,27.1,27.5,25.5,26.9,27.1,27.5,27.3,27.7,29.8,31.3,34.9,33.5,34.7,34.2,36.5,37.2,38.1,38.5,38.0,37.4,36.7,34.8,31.8,29.0,27.0,25.4,22.7,19.5,15.9,10.6,6.7,2.8,46.2,47.8,48.4,13.1,0.0,71.2,17.8,25.7,81.5,,,OBAnorm,,LD831_01996v2.403,,,,0,0
GLBALSTL,2024-05-24 01:56:45.000,26.1,27.4,28.4,28.7,28.5,27.4,29.5,28.9,28.8,28.9,29.6,29.1,32.8,34.4,35.4,37.1,37.1,38.8,38.9,38.2,37.6,36.6,34.4,31.9,28.9,27.0,24.8,21.8,18.6,15.0,9.9,6.1,2.4,46.4,47.9,48.3,13.1,0.0,71.2,17.8,25.7,80.9,,,OBAnorm,,LD831_01996v2.403,,,,0,0
GLBALSTL,2024-05-24 01:56:46.000,25.9,27.7,30.5,26.4,25.8,26.5,28.9,28.7,27.8,30.4,30.6,30.7,30.2,33.3,33.9,36.8,37.1,38.2,38.4,38.1,37.3,36.6,35.0,32.3,29.2,27.0,24.5,21.6,18.8,14.4,10.1,6.1,2.3,46.4,47.7,48.4,13.1,0.0,71.2,17.8,25.7,80.9,,,OBAnorm,,LD831_01996v2.403,,,,0,0
GLBALSTL,2024-05-24 01:56:47.000,25.5,25.5,28.1,28.1,28.3,25.1,28.0,30.5,30.3,29.4,29.4,28.6,30.7,33.0,34.3,36.9,37.8,38.0,38.0,38.1,38.2,36.6,34.8,32.4,29.9,27.9,25.0,22.3,19.0,15.0,12.3,8.1,2.7,46.3,47.6,48.5,13.1,0.0,71.2,17.8,25.7,80.9,,,OBAnorm,,LD831_01996v2.403,,,,0,0
GLBALSTL,2024-05-24 01:56:48.000,26.8,25.4,29.4,25.7,27.3,26.5,27.6,29.8,29.0,29.5,31.5,31.8,30.8,34.4,35.7,37.5,38.7,37.4,38.6,38.1,36.6,35.7,33.8,31.2,28.3,25.9,23.9,21.4,18.6,14.9,9.8,5.8,2.4,46.0,47.9,48.3,13.1,0.0,71.2,17.8,25.7,80.9,,,OBAnorm,,LD831_01996v2.403,,,,0,0
GLBALSTL,2024-05-24 01:56:49.000,25.7,27.9,29.3,25.6,28.8,26.8,27.8,28.5,28.7,28.9,32.2,29.9,31.9,35.0,36.2,37.4,38.3,39.4,39.1,38.5,37.8,36.5,34.8,31.9,29.0,26.7,24.2,21.7,18.4,14.7,9.0,5.2,2.1,46.8,48.4,49.0,13.1,0.0,71.2,17.8,25.6,80.9,,,OBAnorm,,LD831_01996v2.403,,,,0,0
GLBALSTL,2024-05-24 01:56:50.000,22.8,25.0,31.1,29.0,27.1,27.6,26.8,29.7,30.7,29.6,28.4,30.5,33.1,36.1,36.6,38.6,40.7,40.5,39.7,39.6,38.6,38.0,35.4,32.7,29.8,27.2,24.6,21.4,18.5,13.8,9.0,5.7,2.1,47.6,49.2,49.5,13.1,0.0,71.2,17.8,25.6,80.9,,,OBAnorm,,LD831_01996v2.403,,,,0,0
GLBALSTL,2024-05-24 01:56:51.000,24.5,29.2,30.8,28.6,25.8,25.9,29.2,28.9,27.7,30.9,31.7,31.3,31.8,35.2,34.4,36.6,37.5,38.1,37.7,37.7,37.4,36.4,34.7,31.5,28.8,26.5,24.4,22.0,18.5,14.3,9.9,5.9,2.1,46.0,47.7,48.1,13.1,0.3,71.2,17.8,25.6,80.9,,,OBAnorm,,LD831_01996v2.403,,,,0,0
GLBALSTL,2024-05-24 01:56:52.000,29.8,23.3,29.5,24.2,24.7,27.1,30.2,28.8,28.9,30.2,30.3,30.1,36.0,36.5,35.7,37.1,37.8,38.8,37.8,37.8,37.1,36.0,34.3,31.4,28.8,26.3,23.7,20.8,17.7,14.2,9.2,5.9,2.2,46.2,48.1,48.5,13.1,0.6,71.2,17.8,25.7,80.9,,,OBAnorm,,LD831_01996v2.403,,,,0,0
GLBALSTL,2024-05-24 01:56:53.000,22.0,27.5,30.3,28.8,25.5,28.4,27.4,26.6,28.9,29.9,30.0,27.1,29.3,32.8,35.7,37.2,37.4,38.5,38.5,37.3,36.7,36.2,34.2,31.1,28.5,25.6,22.6,19.6,16.2,12.2,7.9,4.4,1.7,45.9,47.5,48.1,13.1,0.8,12.1,17.8,20.3,72.4,,,OBAnorm,,LD831_01996v2.403,,,,0,0
GLBALSTL,2024-05-24 01:56:54.000,24.4,22.4,30.2,29.5,24.0,28.8,28.6,26.3,29.1,32.8,31.0,28.6,32.8,34.5,36.2,36.8,36.3,37.0,37.0,36.7,35.8,34.1,31.9,29.2,26.6,23.9,21.4,19.9,16.2,11.8,7.7,4.4,1.7,44.7,46.9,48.6,13.1,1.0,71.2,17.8,20.3,72.4,,,OBAnorm,,LD831_01996v2.403,,,,0,0
GLBALSTL,2024-05-24 01:56:55.000,22.9,26.8,26.7,28.6,28.5,26.9,27.9,30.1,29.9,29.9,32.2,34.0,37.2,34.2,35.4,37.0,38.2,39.0,37.4,38.3,37.1,36.6,34.5,31.8,29.6,27.8,25.3,22.7,20.3,16.2,11.4,7.4,2.9,46.4,48.4,49.7,13.1,1.2,71.2,17.8,25.7,80.9,,,OBAnorm,,LD831_01996v2.403,,,,0,0
GLBALSTL,2024-05-24 01:56:56.000,29.8,27.9,28.5,28.8,26.1,27.5,28.8,26.0,29.5,28.6,32.7,34.1,32.1,33.0,34.5,36.4,38.0,38.0,38.3,36.9,36.7,35.6,33.3,31.7,28.6,26.6,24.5,21.9,18.3,14.6,9.8,6.1,2.2,45.6,47.3,55.6,13.1,1.5,77.9,17.8,25.7,80.9,,,OBAnorm,,LD831_01996v2.403,,,,0,0
GLBALSTL,2024-05-24 01:56:57.000,29.0,24.9,29.7,28.5,29.3,28.1,29.4,29.4,30.4,35.2,36.7,34.9,37.5,39.2,38.6,38.6,40.7,40.8,39.8,40.0,39.1,38.4,37.0,34.3,31.8,30.3,28.9,25.6,23.6,19.3,14.3,9.6,4.9,48.5,51.2,71.8,13.1,1.9,77.8,17.8,25.7,80.9,,,OBAnorm,,LD831_01996v2.403,,,,0,0
GLBALSTL,2024-05-24 01:56:58.000,29.0,27.3,36.5,35.9,31.6,32.8,31.7,28.0,29.5,31.5,30.7,31.6,34.0,35.3,33.7,35.7,36.8,38.0,37.7,37.5,37.7,37.0,34.5,31.9,29.5,27.3,25.6,22.9,19.6,15.7,10.3,6.6,2.7,46.1,47.7,57.7,13.1,1.9,77.8,17.8,25.8,80.9,,,OBAnorm,,LD831_01996v2.403,,,,0,0
GLBALSTL,2024-05-24 01:56:59.000,37.1,39.7,31.2,28.2,28.9,26.3,28.5,27.5,28.5,31.1,29.3,26.3,29.7,33.1,35.8,37.0,38.6,39.5,38.0,37.9,37.4,36.6,34.9,32.0,29.3,26.3,23.6,21.1,17.3,13.9,9.2,5.2,2.0,46.3,47.9,57.3,13.1,1.8,77.8,17.8,25.8,80.9,,,OBAnorm,,LD831_01996v2.403,,,,0,0
GLBALSTL,2024-05-24 01:57:00.000,35.6,34.0,25.7,27.3,28.3,28.7,29.2,29.2,27.3,30.4,33.1,31.7,34.5,33.5,34.9,36.7,36.3,37.7,37.4,37.6,36.8,35.9,33.6,31.0,28.8,26.6,24.6,21.8,19.6,14.9,10.9,6.7,3.0,45.6,47.6,58.4,13.1,1.7,77.8,17.8,25.2,76.7,,,OBAnorm,,LD831_01996v2.403,,,,0,0
GLBALSTL,2024-05-24 01:57:01.000,31.2,27.5,30.8,28.6,31.2,32.0,28.0,28.0,29.9,28.3,29.2,29.0,29.6,32.0,33.2,35.5,36.5,37.7,38.0,37.8,37.3,35.2,33.1,30.0,27.6,25.9,23.6,20.7,17.6,13.5,9.0,5.3,2.1,45.5,47.0,51.5,13.1,1.7,77.7,17.8,25.2,76.7,,,OBAnorm,,LD831_01996v2.403,,,,0,0
GLBALSTL,2024-05-24 01:57:02.000,31.3,37.3,28.9,22.6,26.1,26.9,28.8,27.3,28.7,32.3,31.4,32.5,33.7,33.6,33.7,36.1,37.5,37.4,38.1,37.6,37.1,35.3,33.5,30.5,28.7,26.9,23.6,20.1,17.3,14.1,9.9,6.4,2.8,45.5,48.2,66.0,13.1,1.9,77.7,17.8,25.8,80.9,,,OBAnorm,,LD831_01996v2.403,,,,0,0
GLBALSTL,2024-05-24 01:57:03.000,34.8,29.4,25.9,27.3,29.2,28.4,32.1,30.2,30.5,31.6,31.0,31.7,30.6,33.7,37.2,38.9,39.6,38.7,39.1,37.8,37.4,35.9,33.7,30.6,27.8,25.6,22.9,19.7,16.3,12.7,7.9,5.0,3.2,46.4,52.0,74.4,13.1,2.0,77.3,17.8,25.8,80.9,,,OBAnorm,,LD831_01996v2.403,,,,0,0
GLBALSTL,2024-05-24 01:57:04.000,25.8,28.0,37.9,40.4,39.8,31.4,29.9,31.6,30.1,31.6,31.5,28.6,30.3,33.0,35.0,36.8,37.5,38.9,38.8,37.9,37.5,36.6,34.6,32.7,30.1,27.9,25.8,22.6,19.7,15.7,10.4,6.7,3.2,46.6,49.5,71.3,13.1,2.0,79.7,17.8,25.8,80.9,,,OBAnorm,,LD831_01996v2.403,,,,0,0
GLBALSTL,2024-05-24 01:57:05.000,51.7,43.3,39.5,39.6,34.4,31.4,32.4,30.2,28.9,31.5,31.2,34.5,32.8,34.6,35.2,36.7,36.9,38.2,38.4,37.9,36.8,36.0,33.8,31.2,28.8,26.6,23.6,21.2,18.5,13.7,9.4,5.8,2.3,45.8,48.4,63.6,13.1,1.8,80.7,17.8,25.8,80.9,,,OBAnorm,,LD831_01996v2.403,,,,0,0
GLBALSTL,2024-05-24 01:57:06.000,48.6,43.9,33.3,35.5,35.7,32.8,31.1,28.6,29.9,30.3,30.5,28.5,31.5,33.7,35.6,36.9,37.9,38.9,38.5,37.7,37.0,36.0,34.5,31.8,28.7,26.6,24.5,22.0,18.0,13.7,8.9,5.4,2.1,46.2,48.6,65.3,13.1,1.7,80.8,17.8,25.8,80.9,,,OBAnorm,,LD831_01996v2.403,,,,0,0
GLBALSTL,2024-05-24 01:57:07.000,43.9,37.7,39.0,37.1,31.9,31.9,31.1,28.2,28.8,31.4,30.1,27.0,28.8,32.3,34.4,35.2,37.1,37.7,38.1,38.0,37.1,36.3,34.6,31.4,29.3,27.0,24.2,21.1,17.9,13.7,9.1,5.3,2.1,45.9,47.5,57.8,13.1,1.6,80.8,17.8,25.8,80.9,,,OBAnorm,,LD831_01996v2.403,,,,0,0
GLBALSTL,2024-05-24 01:57:08.000,46.2,40.3,35.2,30.8,29.7,29.3,28.1,28.4,26.8,31.6,30.8,28.3,28.8,31.8,34.5,36.3,37.1,37.1,37.7,37.5,36.7,35.7,33.7,31.1,28.1,26.1,23.7,21.5,18.2,13.5,8.7,5.5,1.9,45.5,47.2,56.0,13.1,1.5,80.8,17.8,25.8,81.5,,,OBAnorm,,LD831_01996v2.403,,,,0,0
GLBALSTL,2024-05-24 01:57:09.000,30.9,35.4,32.0,34.1,29.2,29.0,27.8,26.1,28.6,30.7,30.0,30.5,35.7,35.3,35.2,36.4,38.5,38.7,38.4,39.4,38.8,37.7,35.8,34.0,31.6,29.3,27.4,24.3,22.0,17.2,12.2,7.5,3.2,47.4,49.3,61.4,13.1,1.4,80.8,17.8,25.8,81.5,,,OBAnorm,,LD831_01996v2.403,,,,0,0
GLBALSTL,2024-05-24 01:57:10.000,34.2,34.5,31.9,32.1,29.8,31.6,32.8,31.4,30.3,33.4,35.5,35.8,34.8,34.7,37.2,37.8,38.0,38.0,38.4,38.5,39.1,36.3,34.6,32.4,29.9,27.8,24.9,23.4,21.1,17.4,12.0,7.3,3.4,46.7,50.2,67.3,13.1,1.5,80.7,17.8,25.8,81.5,,,OBAnorm,,LD831_01996v2.403,,,,0,0
GLBALSTL,2024-05-24 01:57:11.000,35.4,34.2,41.0,42.0,37.1,34.0,31.4,31.7,29.8,30.9,29.3,29.7,33.6,31.9,34.5,35.8,37.2,37.1,37.1,36.8,36.4,35.1,33.1,31.0,28.3,27.0,25.0,22.0,19.1,15.0,10.9,6.2,2.8,45.1,48.1,63.7,13.1,1.7,80.6,17.8,25.8,81.5,,,OBAnorm,,LD831_01996v2.403,,,,0,0
GLBALSTL,2024-05-24 01:57:12.000,47.1,44.3,36.9,30.6,32.1,33.7,30.1,29.1,29.7,28.9,31.2,29.7,30.8,34.0,35.5,36.8,37.4,37.6,37.7,37.5,36.6,35.1,34.0,31.0,28.0,26.4,23.7,21.4,17.9,14.5,9.3,5.3,2.4,45.6,47.7,61.9,13.1,1.8,80.7,18.0,25.8,81.5,,,OBAnorm,,LD831_01996v2.403,,,,0,0
GLBALSTL,2024-05-24 01:57:13.000,44.3,42.9,34.8,29.7,25.8,27.9,30.2,28.5,28.8,30.2,30.8,28.2,34.6,32.9,34.8,36.5,38.2,38.2,38.3,37.2,37.1,36.4,34.6,32.4,30.0,27.3,25.5,22.1,20.7,15.4,10.5,6.7,3.0,46.2,48.1,64.9,13.1,1.7,80.6,17.8,25.8,80.9,,,OBAnorm,,LD831_01996v2.403,,,,0,0
GLBALSTL,2024-05-24 01:57:14.000,41.3,33.4,29.9,29.0,27.7,27.5,28.6,29.8,28.7,30.2,31.2,33.2,35.6,33.4,35.1,36.6,37.1,38.1,37.1,37.2,37.1,36.2,34.3,31.6,29.1,27.4,24.8,22.5,19.6,15.0,10.7,6.9,2.6,45.8,47.5,57.6,13.1,1.6,80.7,17.8,25.8,80.9,,,OBAnorm,,LD831_01996v2.403,,,,0,0
GLBALSTL,2024-05-24 01:57:15.000,33.6,26.4,29.8,31.5,29.8,29.3,29.1,28.7,26.1,29.3,32.6,33.5,33.2,34.4,35.1,37.1,37.7,39.5,38.1,38.5,38.3,37.7,35.0,32.3,30.4,28.2,26.7,23.0,20.1,16.3,11.4,7.1,2.9,46.9,48.6,53.4,13.1,1.5,80.8,17.8,25.8,81.5,,,OBAnorm,,LD831_01996v2.403,,,,0,0
GLBALSTL,2024-05-24 01:57:16.000,29.2,27.2,31.8,28.6,26.7,29.0,28.4,29.7,28.9,33.4,33.5,33.4,34.6,34.6,35.4,36.6,36.8,38.7,38.1,37.7,36.9,35.9,33.5,30.8,28.5,26.7,23.6,20.5,17.2,13.4,8.8,5.6,2.3,45.7,47.6,53.9,13.1,1.4,80.8,17.7,25.8,80.9,,,OBAnorm,,LD831_01996v2.403,,,,0,0
GLBALSTL,2024-05-24 01:57:17.000,31.2,23.8,29.7,28.4,27.1,29.5,29.4,28.6,28.4,30.0,32.4,30.9,33.0,33.7,34.9,35.4,36.8,36.9,37.4,37.9,36.2,34.9,33.4,30.8,28.4,26.5,24.0,21.8,18.4,15.3,10.4,6.5,2.5,45.3,47.3,56.4,13.1,1.3,80.8,17.8,25.8,80.9,,,OBAnorm,,LD831_01996v2.403,,,,0,0
GLBALSTL,2024-05-24 01:57:18.000,31.7,26.7,26.0,28.4,30.8,29.6,26.5,29.2,30.3,33.0,36.3,38.4,38.0,37.8,37.5,38.5,41.3,40.8,40.1,37.9,37.9,37.2,35.1,33.0,30.2,28.3,25.7,23.9,20.8,16.7,11.8,7.3,3.1,47.7,50.7,58.7,13.1,1.2,80.8,17.8,25.8,80.9,,,OBAnorm,,LD831_01996v2.403,,,,0,0
GLBALSTL,2024-05-24 01:57:19.000,27.9,26.1,34.2,31.2,29.7,31.6,29.6,31.0,35.4,37.0,38.2,36.1,37.4,38.6,39.2,38.4,39.0,39.2,38.7,38.3,37.5,36.5,34.3,31.9,28.8,27.1,24.2,22.7,19.6,15.6,11.2,6.8,2.6,46.6,49.3,57.9,13.1,1.1,80.8,17.8,25.9,80.9,,,OBAnorm,,LD831_01996v2.403,,,,0,0
GLBALSTL,2024-05-24 01:57:20.000,40.6,34.8,32.6,31.7,30.2,30.6,29.1,28.8,30.5,33.8,33.0,32.8,32.1,33.1,35.9,37.4,38.1,39.0,38.3,38.3,37.9,36.0,34.2,32.3,29.4,27.5,25.0,23.0,18.7,14.9,9.8,6.1,2.4,46.6,48.7,60.0,13.1,0.9,80.8,17.8,25.8,80.9,,,OBAnorm,,LD831_01996v2.403,,,,0,0
GLBALSTL,2024-05-24 01:57:21.000,39.2,30.8,29.4,27.8,28.8,27.9,28.7,31.0,29.7,33.9,35.7,33.4,35.9,36.6,36.4,36.9,38.1,38.3,39.1,38.9,38.3,37.0,35.1,32.2,29.8,27.3,25.1,23.2,19.2,15.3,10.2,6.2,2.3,46.8,48.8,56.1,13.1,0.8,80.8,17.8,25.8,80.9,,,OBAnorm,,LD831_01996v2.403,,,,0,0
GLBALSTL,2024-05-24 01:57:22.000,33.4,34.1,31.2,26.4,28.6,26.5,26.8,29.0,30.6,31.3,34.7,33.9,34.1,34.6,35.5,36.2,38.0,38.4,38.5,37.7,37.1,35.2,33.8,31.0,28.8,27.0,23.5,21.5,17.1,12.8,8.4,4.8,1.8,45.9,48.1,57.7,13.1,0.8,80.8,17.8,25.8,80.9,,,OBAnorm,,LD831_01996v2.403,,,,0,0
GLBALSTL,2024-05-24 01:57:23.000,36.1,31.3,33.4,30.5,31.7,29.3,28.8,30.3,30.5,32.3,34.6,35.9,35.0,36.1,36.4,37.8,38.0,39.0,38.6,38.3,37.5,35.8,34.3,31.7,29.4,27.2,24.3,21.7,17.5,14.2,9.5,5.4,2.1,46.5,48.8,55.6,13.1,0.8,80.8,17.8,25.8,80.9,,,OBAnorm,,LD831_01996v2.403,,,,0,0
GLBALSTL,2024-05-24 01:57:24.000,38.7,34.4,31.1,29.0,31.1,29.8,29.5,29.4,33.6,33.9,35.3,37.6,37.4,38.7,37.2,38.0,39.3,39.1,38.9,39.3,38.4,37.7,35.5,32.4,30.1,28.1,24.7,22.0,18.5,14.1,9.0,5.1,2.0,47.3,49.6,52.0,13.1,0.8,80.7,17.8,25.8,80.9,,,OBAnorm,,LD831_01996v2.403,,,,0,0
GLBALSTL,2024-05-24 01:57:25.000,31.7,32.4,29.9,30.3,28.2,26.7,25.7,30.0,31.8,33.0,33.3,34.9,34.2,33.5,33.8,36.1,37.6,37.1,37.8,37.5,37.0,35.1,33.6,30.8,28.2,25.9,23.9,21.3,18.1,14.1,9.1,5.6,2.1,45.5,47.5,54.7,13.1,1.0,78.9,17.8,25.9,80.9,,,OBAnorm,,LD831_01996v2.403,,,,0,0
GLBALSTL,2024-05-24 01:57:26.000,30.9,28.2,27.0,30.2,26.8,27.2,28.4,29.9,29.1,31.7,32.4,30.2,30.6,32.9,34.8,36.7,38.6,38.9,38.6,38.4,38.1,37.3,35.0,32.4,30.8,28.7,27.0,23.3,21.0,16.5,11.4,7.4,2.8,46.9,48.3,53.7,13.1,1.1,77.2,17.8,25.7,80.9,,,OBAnorm,,LD831_01996v2.403,,,,0,0
GLBALSTL,2024-05-24 01:57:27.000,29.7,27.7,27.5,28.3,26.8,29.7,30.6,27.9,31.6,31.2,31.1,29.5,34.9,35.2,34.9,37.0,37.9,38.7,38.8,38.1,37.7,36.2,34.6,31.6,28.6,26.5,23.5,21.6,18.4,14.2,8.9,5.4,2.3,46.3,48.2,57.5,13.1,1.2,71.5,17.8,25.7,80.9,,,OBAnorm,,LD831_01996v2.403,,,,0,0
GLBALSTL,2024-05-24 01:57:28.000,30.9,24.8,29.1,28.7,25.2,29.7,30.0,29.7,30.9,34.3,34.1,32.5,38.8,35.6,34.7,37.1,37.5,39.1,39.5,39.4,38.1,37.2,35.0,32.5,29.1,27.3,24.8,22.1,19.7,16.0,11.4,7.1,3.1,47.0,49.2,58.3,13.1,1.3,71.6,17.8,25.8,80.9,,,OBAnorm,,LD831_01996v2.403,,,,0,0
GLBALSTL,2024-05-24 01:57:29.000,36.1,36.5,28.3,30.2,27.4,29.8,28.7,28.7,26.3,30.6,34.0,37.5,35.1,36.4,37.2,39.0,39.7,40.4,39.3,38.2,38.7,38.4,35.8,33.2,30.8,28.9,26.7,23.4,20.9,16.9,12.9,8.0,3.5,47.7,49.4,58.6,13.1,1.5,71.5,17.8,25.9,80.9,,,OBAnorm,,LD831_01996v2.403,,,,0,0
GLBALSTL,2024-05-24 01:57:30.000,35.3,32.6,31.3,26.6,27.6,29.5,28.2,29.1,29.5,32.7,30.6,29.7,31.2,34.3,35.9,37.5,38.8,39.4,39.0,38.0,37.9,37.9,35.9,33.3,30.6,28.5,26.0,22.7,19.0,15.0,10.7,6.4,2.8,47.1,48.6,55.3,13.1,1.9,74.1,17.8,25.9,80.9,,,OBAnorm,,LD831_01996v2.403,,,,0,0
GLBALSTL,2024-05-24 01:57:31.000,32.4,28.6,32.4,27.9,26.0,27.8,25.9,28.0,31.6,31.5,31.8,28.2,32.2,31.3,35.5,37.4,37.7,38.2,38.3,38.3,38.3,37.0,35.9,32.8,30.5,28.5,26.0,23.5,20.7,16.3,12.6,7.5,3.1,46.7,48.2,57.7,13.1,2.4,74.9,17.8,26.0,80.9,,,OBAnorm,,LD831_01996v2.403,,,,0,0
GLBALSTL,2024-05-24 01:57:32.000,32.0,28.7,31.3,29.0,28.5,28.8,31.9,29.8,28.5,32.3,31.5,33.2,35.2,33.9,35.8,36.7,37.9,38.7,39.3,38.7,38.5,36.5,34.5,32.2,28.6,26.5,23.6,24.2,19.3,14.2,9.3,5.8,2.5,46.8,48.6,65.8,13.1,2.6,74.5,17.8,26.0,80.9,,,OBAnorm,,LD831_01996v2.403,,,,0,0
GLBALSTL,2024-05-24 01:57:33.000,31.6,30.1,31.9,30.1,30.1,28.0,29.1,28.5,31.4,32.2,32.0,30.6,32.3,34.1,35.5,37.5,38.9,38.9,38.8,38.5,37.6,36.4,35.1,32.4,30.2,27.6,25.2,22.9,19.2,15.3,10.6,6.5,2.9,46.7,48.9,65.1,13.1,2.6,74.5,17.8,25.9,80.9,,,OBAnorm,,LD831_01996v2.403,,,,0,0
GLBALSTL,2024-05-24 01:57:34.000,29.1,27.9,30.6,32.2,30.6,28.2,29.7,29.1,30.4,32.7,33.2,36.4,32.9,36.7,35.7,38.1,38.6,37.9,38.2,38.5,38.0,36.4,34.6,32.0,28.7,26.7,24.5,21.5,18.3,14.2,9.7,5.9,2.5,46.5,48.4,66.4,13.1,2.7,77.3,17.8,25.9,81.5,,,OBAnorm,,LD831_01996v2.403,,,,0,0
GLBALSTL,2024-05-24 01:57:35.000,33.6,33.8,32.6,29.8,27.6,28.4,30.4,30.4,30.4,32.6,30.6,28.4,28.6,32.0,33.3,37.0,37.9,39.1,39.0,39.0,38.4,36.3,34.4,32.3,29.6,27.3,24.2,22.0,18.4,14.2,9.8,5.6,2.1,46.7,48.1,61.2,13.1,2.7,77.3,17.8,21.2,73.1,,,OBAnorm,,LD831_01996v2.403,,,,0,0
GLBALSTL,2024-05-24 01:57:36.000,40.6,34.4,28.3,28.0,27.3,30.1,30.3,30.4,28.6,31.2,30.9,29.1,34.2,33.8,36.4,40.0,39.9,41.2,40.5,39.4,39.8,39.4,37.1,33.4,31.7,29.1,26.2,22.9,20.1,15.9,11.6,7.1,2.9,48.6,50.1,60.7,13.1,2.7,74.0,17.8,20.9,70.8,,,OBAnorm,,LD831_01996v2.403,,,,0,0
GLBALSTL,2024-05-24 01:57:37.000,33.2,29.5,33.2,28.8,30.1,28.4,28.2,30.4,31.8,30.9,33.6,32.6,33.0,35.0,35.6,36.3,37.9,38.4,38.9,39.1,37.6,36.3,34.2,32.0,29.2,27.2,25.2,22.6,20.2,16.1,11.4,7.4,3.1,46.3,48.0,53.2,13.1,2.6,77.2,17.8,25.6,79.1,,,OBAnorm,,LD831_01996v2.403,,,,0,0
GLBALSTL,2024-05-24 01:57:38.000,33.3,30.9,32.7,29.9,27.7,30.6,30.4,30.3,28.9,28.4,30.3,28.0,31.0,34.0,35.2,37.4,37.1,37.9,38.7,37.6,37.3,35.8,33.7,30.7,27.9,25.4,22.8,21.0,16.9,12.8,8.5,4.9,2.0,46.0,48.0,60.4,13.1,2.6,77.2,17.8,25.9,81.5,,,OBAnorm,,LD831_01996v2.403,,,,0,0
GLBALSTL,2024-05-24 01:57:39.000,34.3,31.9,28.1,29.2,27.1,29.0,30.1,31.3,31.4,31.7,31.3,31.4,35.6,36.2,38.1,39.0,41.3,41.1,39.7,39.9,38.7,38.2,36.2,33.3,30.2,27.6,24.5,21.2,17.6,13.7,9.3,5.6,2.3,48.1,49.8,57.4,13.1,2.5,77.1,17.8,26.0,81.5,,,OBAnorm,,LD831_01996v2.403,,,,0,0
GLBALSTL,2024-05-24 01:57:40.000,36.7,32.2,27.8,25.6,27.6,28.0,30.9,30.5,28.1,30.9,30.4,31.7,35.0,36.5,35.2,37.4,37.6,38.4,39.2,38.1,37.7,36.4,34.6,32.0,28.2,26.0,23.5,20.9,17.4,14.7,9.6,5.1,2.0,46.3,48.4,64.4,13.1,2.5,76.8,17.8,26.0,81.5,,,OBAnorm,,LD831_01996v2.403,,,,0,0
GLBALSTL,2024-05-24 01:57:41.000,31.9,28.5,31.6,35.1,31.7,29.0,28.2,29.9,29.3,29.8,29.4,29.6,33.9,35.2,37.0,37.7,38.5,39.0,38.5,38.7,37.9,37.1,34.6,31.7,29.4,27.3,25.1,22.8,19.0,15.3,9.9,5.6,2.2,47.0,49.0,64.4,13.1,2.4,76.8,17.8,26.0,81.5,,,OBAnorm,,LD831_01996v2.403,,,,0,0
GLBALSTL,2024-05-24 01:57:42.000,35.9,37.0,31.4,29.1,28.9,28.1,30.0,31.0,29.5,31.0,33.3,36.7,37.7,37.9,37.6,38.4,38.2,38.4,38.3,37.7,37.8,36.8,34.7,32.1,28.8,26.6,24.5,21.8,18.9,14.3,9.1,5.4,2.2,46.4,48.6,51.2,13.1,2.2,76.6,17.8,25.9,81.5,,,OBAnorm,,LD831_01996v2.403,,,,0,0
GLBALSTL,2024-05-24 01:57:43.000,34.7,29.9,27.3,27.7,30.0,29.6,29.7,29.2,28.3,30.1,29.6,29.4,29.9,33.2,36.2,37.1,37.7,38.7,38.5,38.0,37.7,35.2,33.8,31.8,28.8,26.1,23.4,22.0,17.5,12.8,8.1,4.6,1.8,46.1,47.8,50.7,13.1,2.1,76.6,17.8,25.9,81.5,,,OBAnorm,,LD831_01996v2.403,,,,0,0
GLBALSTL,2024-05-24 01:57:44.000,27.5,24.9,27.2,25.0,29.4,27.6,27.8,27.9,26.4,28.8,31.6,32.9,33.6,33.9,35.6,37.0,38.5,38.3,38.7,38.9,38.5,36.9,34.9,32.9,30.5,29.3,26.5,23.3,19.4,15.0,10.1,5.9,2.2,46.8,48.3,52.5,13.1,2.1,76.7,17.8,25.8,81.5,,,OBAnorm,,LD831_01996v2.403,,,,0,0
GLBALSTL,2024-05-24 01:57:45.000,25.4,28.2,27.6,27.9,26.6,31.1,30.4,28.7,29.0,29.1,31.2,31.1,36.2,35.8,35.2,35.8,37.7,38.0,38.5,38.3,37.3,36.6,34.7,32.3,29.9,27.8,25.9,23.4,20.6,16.9,12.3,7.5,3.0,46.4,48.1,53.9,13.1,1.9,76.7,17.8,25.8,81.5,,,OBAnorm,,LD831_01996v2.403,,,,0,0
GLBALSTL,2024-05-24 01:57:46.000,29.6,25.6,31.5,28.3,29.1,26.2,30.0,30.3,28.9,29.7,28.8,26.6,30.4,34.0,36.7,36.3,36.2,37.4,37.3,37.0,36.6,36.1,34.4,31.8,29.8,27.6,26.1,22.6,18.4,14.1,9.8,6.1,2.7,45.8,47.2,48.7,13.1,1.8,76.7,17.8,25.7,81.5,,,OBAnorm,,LD831_01996v2.403,,,,0,0
GLBALSTL,2024-05-24 01:57:47.000,24.0,27.9,25.2,27.1,24.5,27.4,30.0,29.5,29.1,29.3,29.8,31.7,33.8,35.7,34.3,36.2,37.4,37.5,38.1,38.2,37.8,36.3,34.6,32.0,29.7,27.9,24.8,22.5,19.3,15.3,10.5,6.2,2.5,46.3,47.9,51.3,13.1,1.7,76.7,17.8,25.7,81.5,,,OBAnorm,,LD831_01996v2.403,,,,0,0
GLBALSTL,2024-05-24 01:57:48.000,25.5,28.4,28.5,25.9,25.9,28.5,28.1,31.5,28.8,30.5,29.9,31.0,33.6,33.6,35.2,36.3,37.1,37.0,37.9,37.0,36.9,35.6,34.3,31.0,27.9,25.7,23.0,20.6,17.7,14.1,9.3,5.0,1.9,45.4,47.1,47.8,13.1,1.5,76.5,17.8,25.7,81.5,,,OBAnorm,,LD831_01996v2.403,,,,0,0
GLBALSTL,2024-05-24 01:57:49.000,25.6,25.1,25.8,26.6,24.8,27.8,29.1,28.2,29.9,30.2,32.0,33.6,32.6,33.7,35.9,36.4,37.4,38.0,38.3,37.8,37.4,36.7,35.0,32.7,29.6,27.8,25.6,22.8,19.9,15.7,11.2,6.6,2.7,46.4,47.9,48.4,13.1,1.4,76.5,17.8,25.7,81.5,,,OBAnorm,,LD831_01996v2.403,,,,0,0
GLBALSTL,2024-05-24 01:57:50.000,24.9,28.8,30.8,27.7,29.2,27.3,27.0,27.9,29.3,28.2,28.5,28.1,31.7,33.8,35.3,37.0,37.9,39.2,39.7,38.3,37.9,36.8,35.8,32.3,29.7,26.8,25.4,22.0,19.1,14.7,9.5,6.1,2.4,46.9,48.3,48.7,13.1,1.4,76.5,17.8,25.7,81.5,,,OBAnorm,,LD831_01996v2.403,,,,0,0
GLBALSTL,2024-05-24 01:57:51.000,19.9,25.0,27.0,28.9,26.4,30.9,31.5,29.7,28.4,31.7,30.1,29.5,34.1,33.8,35.4,37.3,39.1,39.0,38.3,39.0,38.0,36.7,34.8,32.3,29.8,28.0,26.4,23.6,21.2,16.9,12.2,7.3,3.2,46.8,48.4,49.7,13.1,1.5,76.5,17.8,25.8,81.5,,,OBAnorm,,LD831_01996v2.403,,,,0,0
GLBALSTL,2024-05-24 01:57:52.000,21.1,27.0,25.5,26.6,26.1,29.9,26.8,28.6,30.0,31.4,34.8,35.2,36.4,35.8,38.1,39.0,38.6,39.1,38.5,38.7,37.6,36.4,34.0,32.0,29.5,26.9,24.5,21.8,18.3,14.3,9.8,6.0,2.6,46.7,49.0,54.6,13.1,1.5,76.5,17.8,25.7,81.5,,,OBAnorm,,LD831_01996v2.403,,,,0,0
GLBALSTL,2024-05-24 01:57:53.000,27.4,26.7,30.1,26.6,28.2,29.3,30.1,30.3,29.4,30.9,32.0,34.3,39.4,40.7,38.1,38.1,40.0,40.1,39.7,40.3,38.9,38.5,37.1,35.1,31.9,31.1,28.9,26.2,25.0,22.8,16.5,11.2,5.8,48.5,50.8,54.9,13.1,1.5,76.5,17.8,25.7,81.5,,,OBAnorm,,LD831_01996v2.403,,,,0,0
GLBALSTL,2024-05-24 01:57:54.000,21.6,23.6,29.2,24.8,25.7,28.7,29.4,31.1,31.6,33.0,38.6,40.0,38.2,36.9,36.9,38.0,38.9,39.3,39.7,39.3,38.4,37.3,35.2,33.0,31.1,29.1,27.5,24.6,21.8,18.2,12.9,8.4,3.9,47.4,49.8,50.8,13.1,1.6,76.5,17.8,25.7,81.5,,,OBAnorm,,LD831_01996v2.403,,,,0,0
GLBALSTL,2024-05-24 01:57:55.000,20.5,29.9,25.4,28.4,30.1,28.9,29.8,30.7,31.2,34.8,38.2,37.8,39.2,38.1,36.7,37.5,39.4,39.9,39.6,39.9,39.4,37.5,36.0,33.8,31.1,29.5,27.8,24.9,22.0,17.2,11.9,7.5,3.1,47.8,49.8,55.2,13.1,1.7,76.6,17.8,25.8,81.5,,,OBAnorm,,LD831_01996v2.403,,,,0,0
GLBALSTL,2024-05-24 01:57:56.000,26.4,26.4,29.2,27.2,25.0,26.2,28.4,29.6,30.6,30.4,31.4,32.4,33.8,34.2,36.1,37.1,38.8,39.1,39.5,39.4,39.1,37.5,35.9,33.1,30.1,28.4,25.5,22.7,19.5,15.4,10.6,6.5,2.7,47.6,49.0,49.9,13.1,1.7,76.5,17.8,25.7,81.5,,,OBAnorm,,LD831_01996v2.403,,,,0,0
GLBALSTL,2024-05-24 01:57:57.000,26.9,28.4,30.7,28.1,25.7,27.7,27.8,30.1,27.9,31.4,32.8,31.0,33.3,35.3,35.1,37.0,39.5,39.4,39.5,39.6,39.1,38.8,36.5,34.0,31.5,29.7,27.2,24.5,21.7,17.0,12.2,7.7,3.6,47.8,49.1,51.7,13.1,1.8,76.5,17.8,25.7,81.5,,,OBAnorm,,LD831_01996v2.403,,,,0,0
GLBALSTL,2024-05-24 01:57:58.000,23.8,29.5,30.9,29.9,24.9,27.2,29.5,30.9,25.9,33.2,31.8,33.3,35.0,36.1,37.4,38.5,38.9,40.0,40.2,39.6,38.4,37.2,35.5,33.0,30.6,28.1,25.8,24.1,20.7,16.5,11.3,6.8,2.8,47.6,49.4,54.0,13.1,1.9,76.5,17.8,25.7,81.5,,,OBAnorm,,LD831_01996v2.403,,,,0,0
GLBALSTL,2024-05-24 01:57:59.000,26.0,27.9,27.7,29.7,28.0,27.8,28.2,26.4,28.3,30.9,34.4,34.6,34.9,37.2,37.3,37.4,39.1,39.4,39.6,39.5,39.1,38.1,36.4,33.7,31.7,29.5,26.8,23.4,21.1,16.4,12.3,8.2,3.3,47.8,49.3,50.2,13.1,1.9,76.5,17.8,25.7,81.5,,,OBAnorm,,LD831_01996v2.403,,,,0,0
GLBALSTL,2024-05-24 01:58:00.000,29.8,27.8,27.0,26.0,29.6,29.6,26.3,26.6,28.2,31.1,31.9,31.7,31.7,33.8,36.3,36.3,38.6,39.6,39.2,39.5,38.7,37.2,35.6,33.1,30.9,28.7,26.4,23.2,20.6,16.2,11.5,7.0,3.0,47.3,48.6,49.2,13.1,1.8,76.5,17.8,25.7,81.5,,,OBAnorm,,LD831_01996v2.403,,,,0,0
GLBALSTL,2024-05-24 01:58:01.000,28.6,28.9,27.2,26.8,25.3,26.7,30.0,27.2,30.0,32.1,32.7,30.4,33.9,35.9,36.3,37.2,38.5,38.6,39.3,39.5,37.9,36.8,34.5,32.6,29.1,27.1,24.3,21.8,18.5,14.3,9.2,5.7,2.3,46.9,48.5,49.7,13.1,1.7,76.5,17.8,25.7,81.5,,,OBAnorm,,LD831_01996v2.403,,,,0,0
GLBALSTL,2024-05-24 01:58:02.000,25.1,27.9,27.3,28.2,27.6,28.3,30.3,29.1,28.4,30.3,32.2,28.1,30.4,33.9,35.6,36.0,36.9,37.2,37.6,37.6,36.8,36.1,34.1,32.2,29.5,27.6,24.9,23.0,18.5,14.5,9.8,6.1,2.6,45.8,47.4,48.4,13.1,1.5,76.5,17.8,25.7,81.5,,,OBAnorm,,LD831_01996v2.403,,,,0,0
GLBALSTL,2024-05-24 01:58:03.000,20.8,25.5,28.4,28.0,27.1,25.2,31.8,29.6,29.7,30.1,33.8,37.4,35.5,35.1,35.2,36.4,38.4,39.1,39.5,39.1,38.2,36.6,35.3,32.5,30.2,27.4,25.2,22.4,19.1,15.3,9.9,5.9,2.4,47.0,48.9,49.9,13.1,1.4,76.5,17.8,25.7,81.5,,,OBAnorm,,LD831_01996v2.403,,,,0,0
GLBALSTL,2024-05-24 01:58:04.000,26.0,28.9,28.0,28.3,26.4,28.0,28.2,30.0,30.2,31.1,32.5,33.0,35.0,35.1,35.9,37.4,38.2,39.7,39.2,37.6,37.5,35.9,33.8,31.6,28.9,27.0,24.6,21.7,18.9,15.4,9.9,6.0,2.4,46.4,48.3,49.8,13.1,1.4,76.5,17.8,25.5,81.4,,,OBAnorm,,LD831_01996v2.403,,,,0,0
GLBALSTL,2024-05-24 01:58:05.000,26.1,29.3,29.0,28.8,27.8,27.9,28.2,30.2,29.9,31.1,33.1,32.2,31.8,33.5,34.0,36.4,37.4,37.6,37.8,38.4,37.6,38.2,35.4,32.4,30.6,28.4,26.4,22.8,20.3,16.0,11.4,6.8,2.8,46.7,47.9,48.4,13.1,1.4,76.5,17.8,25.5,81.4,,,OBAnorm,,LD831_01996v2.403,,,,0,0
GLBALSTL,2024-05-24 01:58:06.000,26.4,27.6,28.5,26.4,28.1,29.6,28.3,29.8,30.2,32.4,31.3,31.6,33.0,35.0,36.2,38.1,39.4,39.5,40.1,39.5,38.1,37.3,35.5,33.2,30.9,27.9,25.5,21.9,18.6,14.9,9.3,5.7,2.4,47.6,49.2,49.9,13.1,1.5,76.5,17.8,25.7,81.5,,,OBAnorm,,LD831_01996v2.403,,,,0,0
GLBALSTL,2024-05-24 01:58:07.000,20.7,24.5,30.7,26.9,27.0,29.0,28.4,31.3,31.3,33.1,33.7,30.5,31.8,34.0,36.2,38.1,38.3,39.5,39.3,39.1,39.4,37.7,36.0,32.7,30.2,28.0,25.7,22.2,18.3,14.9,9.5,5.6,2.3,47.4,48.8,49.6,13.1,1.6,76.5,17.8,25.7,81.5,,,OBAnorm,,LD831_01996v2.403,,,,0,0
GLBALSTL,2024-05-24 01:58:08.000,25.5,25.6,30.4,28.6,26.8,28.5,29.0,26.3,31.0,31.0,30.5,30.1,30.0,33.3,35.2,36.3,37.4,37.7,37.8,37.8,37.0,35.5,33.2,30.6,28.2,25.8,23.3,20.1,17.8,14.1,9.8,6.4,2.3,45.5,47.2,48.7,13.1,1.5,76.5,17.7,25.7,81.5,,,OBAnorm,,LD831_01996v2.403,,,,0,0
GLBALSTL,2024-05-24 01:58:09.000,20.3,28.4,28.4,30.4,27.0,26.7,29.2,30.7,28.5,33.1,33.6,29.2,32.6,35.5,36.8,39.4,39.6,41.2,40.1,39.8,39.1,37.8,36.0,33.8,30.4,27.9,24.9,22.0,18.5,13.6,9.2,5.2,1.9,48.1,49.6,50.4,13.1,1.3,76.5,17.7,25.7,81.5,,,OBAnorm,,LD831_01996v2.403,,,,0,0
GLBALSTL,2024-05-24 01:58:10.000,23.4,24.6,30.4,30.8,27.8,27.7,30.3,30.5,30.4,32.8,33.6,30.4,29.6,32.7,35.3,38.0,39.2,39.1,40.2,39.4,39.6,37.7,35.9,33.7,30.7,28.4,26.6,23.0,21.0,16.7,12.2,7.5,3.2,47.8,49.0,51.0,13.1,1.3,76.5,17.8,25.5,81.4,,,OBAnorm,,LD831_01996v2.403,,,,0,0
GLBALSTL,2024-05-24 01:58:11.000,24.7,26.8,26.3,28.7,25.3,27.1,29.3,29.8,31.6,34.0,35.8,35.2,35.1,35.5,36.1,37.9,40.7,39.5,39.5,39.9,39.3,37.8,35.0,32.5,29.9,27.7,25.6,24.0,20.8,17.1,11.7,7.3,3.3,47.7,49.5,51.4,13.1,1.3,76.4,17.8,24.6,80.7,,,OBAnorm,,LD831_01996v2.403,,,,0,0
GLBALSTL,2024-05-24 01:58:12.000,24.6,27.8,28.1,29.1,30.4,29.2,30.8,27.0,28.1,33.3,32.1,35.3,31.8,34.4,35.4,37.1,38.2,38.4,39.2,38.6,38.1,37.7,35.1,32.1,29.6,28.1,24.8,22.9,20.1,15.7,10.6,6.2,2.5,47.0,48.7,50.7,13.1,1.3,75.8,17.8,24.0,80.6,,,OBAnorm,,LD831_01996v2.403,,,,0,0
GLBALSTL,2024-05-24 01:58:13.000,25.1,25.5,27.5,27.6,27.8,29.4,30.2,30.4,30.9,32.2,33.0,33.6,36.5,36.4,37.4,38.8,39.8,40.1,39.7,39.0,39.2,37.8,35.5,33.6,31.6,29.1,26.7,24.2,21.3,17.6,11.8,7.0,2.8,47.9,49.7,53.8,13.1,1.5,75.8,17.8,23.9,81.1,,,OBAnorm,,LD831_01996v2.403,,,,0,0
GLBALSTL,2024-05-24 01:58:14.000,29.8,28.8,31.7,30.8,26.9,28.7,31.6,28.8,29.8,33.3,33.8,34.8,35.8,33.6,36.3,37.0,37.9,38.8,38.9,38.2,37.7,35.8,34.3,31.4,28.6,26.5,24.1,22.1,18.4,14.4,9.2,5.6,2.3,46.2,48.2,55.2,13.1,1.5,63.5,17.8,23.9,81.1,,,OBAnorm,,LD831_01996v2.403,,,,0,0
GLBALSTL,2024-05-24 01:58:15.000,28.9,32.0,25.9,26.9,26.9,26.7,28.2,30.8,28.2,32.9,33.0,31.3,29.9,32.8,35.2,36.9,38.3,38.6,38.5,37.8,37.4,36.8,34.6,32.0,29.2,26.6,23.7,21.9,18.6,14.4,9.1,5.3,2.1,46.3,47.9,52.2,13.1,1.5,63.3,17.8,24.0,81.2,,,OBAnorm,,LD831_01996v2.403,,,,0,0
GLBALSTL,2024-05-24 01:58:16.000,24.5,25.5,27.1,25.8,27.0,28.4,29.0,32.1,28.6,33.6,33.5,31.0,31.5,34.7,36.6,37.7,37.2,39.0,37.8,38.2,38.1,36.7,34.6,31.5,29.4,27.3,24.4,22.1,18.1,15.1,9.7,5.4,2.2,46.5,48.3,52.7,13.1,1.4,72.9,17.8,20.9,74.3,,,OBAnorm,,LD831_01996v2.403,,,,0,0
GLBALSTL,2024-05-24 01:58:17.000,23.7,27.9,30.5,28.2,27.8,27.8,29.0,28.6,28.6,32.7,34.5,35.3,35.3,35.4,36.5,37.4,37.9,38.8,38.1,37.7,36.9,35.7,33.7,30.7,27.9,25.4,22.6,20.6,17.5,14.1,10.4,5.5,2.0,46.0,48.6,51.0,13.1,1.5,35.3,17.8,18.0,66.3,,,OBAnorm,,LD831_01996v2.403,,,,0,0
GLBALSTL,2024-05-24 01:58:18.000,26.7,29.0,26.7,28.6,27.1,29.5,29.2,29.8,28.2,35.2,35.6,34.3,34.5,33.8,35.6,37.4,38.7,39.7,38.9,38.6,37.7,36.7,34.3,31.8,29.5,27.5,24.8,21.4,18.3,13.7,9.5,5.1,2.0,46.7,48.4,49.8,13.1,1.6,72.9,17.8,21.0,71.4,,,OBAnorm,,LD831_01996v2.403,,,,0,0
GLBALSTL,2024-05-24 01:58:19.000,29.9,27.4,28.4,26.5,28.5,27.6,30.5,29.3,28.8,31.6,33.3,29.8,32.8,37.3,37.5,38.4,38.8,39.4,38.9,38.7,37.9,37.1,34.9,32.4,30.0,28.1,25.1,22.4,19.3,14.5,9.7,5.6,2.2,47.1,49.1,50.1,13.1,1.6,72.9,17.8,24.8,79.6,,,OBAnorm,,LD831_01996v2.403,,,,0,0
GLBALSTL,2024-05-24 01:58:20.000,28.0,24.6,30.6,28.7,29.6,28.0,31.8,28.5,29.3,32.7,33.2,31.2,34.6,35.9,37.4,38.0,39.4,39.2,39.2,38.4,38.1,36.5,34.7,32.1,29.3,27.1,24.9,21.9,19.0,15.0,9.3,5.9,2.4,46.7,48.4,49.9,13.1,1.5,72.9,17.8,25.8,81.5,,,OBAnorm,,LD831_01996v2.403,,,,0,0
GLBALSTL,2024-05-24 01:58:21.000,23.6,25.1,29.0,28.1,27.0,30.4,29.3,30.5,29.0,31.8,31.1,30.6,30.5,32.5,36.4,37.2,38.0,38.7,39.0,39.2,37.7,37.4,34.4,31.8,29.2,27.0,24.8,22.1,18.1,14.3,9.6,5.7,2.4,46.8,48.4,55.6,13.1,1.4,72.9,17.8,25.9,81.5,,,OBAnorm,,LD831_01996v2.403,,,,0,0
GLBALSTL,2024-05-24 01:58:22.000,24.5,26.6,32.8,28.6,26.3,29.0,28.1,28.5,30.3,31.5,32.5,35.1,32.8,35.1,36.8,37.6,38.2,39.4,39.0,39.8,38.5,37.7,35.7,33.1,30.3,27.9,24.8,22.3,19.2,14.7,10.1,5.8,2.2,47.4,48.9,54.8,13.1,1.3,72.9,17.8,25.9,81.5,,,OBAnorm,,LD831_01996v2.403,,,,0,0
GLBALSTL,2024-05-24 01:58:23.000,27.1,26.2,27.3,28.2,24.2,30.1,28.9,29.8,30.5,32.1,33.4,33.4,35.8,35.0,36.9,37.0,39.2,38.9,39.0,39.2,38.5,37.5,35.7,33.8,31.1,30.1,28.3,25.1,21.3,16.8,12.5,7.6,3.4,47.5,49.1,53.1,13.1,1.2,72.9,17.8,25.8,81.5,,,OBAnorm,,LD831_01996v2.403,,,,0,0
GLBALSTL,2024-05-24 01:58:24.000,21.3,26.7,28.2,29.2,28.2,27.6,27.0,28.8,31.0,32.4,33.3,32.2,33.6,35.9,37.4,38.4,37.9,40.0,40.4,39.7,39.6,39.1,36.9,34.2,31.6,29.7,27.4,24.7,21.6,18.1,13.2,8.7,3.6,48.2,49.6,50.2,13.1,1.2,72.9,17.8,25.7,81.5,,,OBAnorm,,LD831_01996v2.403,,,,0,0
GLBALSTL,2024-05-24 01:58:25.000,25.2,28.7,27.3,26.0,26.1,28.0,29.5,29.4,30.0,32.0,31.0,31.1,32.7,35.1,35.1,36.8,37.3,38.3,38.7,38.4,37.5,36.9,35.3,32.7,29.8,27.8,25.7,22.6,19.9,16.0,11.3,7.1,3.0,46.6,48.1,48.8,13.1,1.1,72.9,17.8,25.8,81.5,,,OBAnorm,,LD831_01996v2.403,,,,0,0
GLBALSTL,2024-05-24 01:58:26.000,29.8,28.8,28.8,27.8,25.9,27.8,29.7,29.1,27.7,31.7,32.0,33.7,34.8,35.4,36.9,38.1,39.2,39.0,39.4,39.8,39.0,37.9,36.1,32.9,30.5,27.3,25.1,22.2,18.7,15.2,10.2,6.5,2.4,47.5,49.3,49.9,13.1,1.1,72.9,17.8,25.8,81.5,,,OBAnorm,,LD831_01996v2.403,,,,0,0
GLBALSTL,2024-05-24 01:58:27.000,27.1,24.5,29.5,25.6,27.4,29.7,30.0,30.0,30.8,32.4,32.3,30.0,31.5,35.4,37.1,36.2,36.4,37.5,37.8,38.1,38.4,37.1,34.9,32.5,29.9,28.5,25.5,22.7,19.7,16.0,11.0,6.8,3.0,46.3,47.9,48.8,13.1,1.1,72.9,17.8,25.8,81.5,,,OBAnorm,,LD831_01996v2.403,,,,0,0
GLBALSTL,2024-05-24 01:58:28.000,29.7,28.7,27.2,29.5,29.0,28.2,31.2,30.7,29.4,34.0,34.3,34.4,35.2,36.3,35.9,37.8,39.4,39.9,39.4,39.6,38.6,37.8,35.5,33.1,30.4,28.6,25.8,23.7,20.4,16.3,11.2,6.6,2.5,47.5,49.2,50.0,13.1,1.1,72.9,17.8,25.8,81.5,,,OBAnorm,,LD831_01996v2.403,,,,0,0
GLBALSTL,2024-05-24 01:58:29.000,26.4,26.9,30.5,29.5,28.0,29.0,28.4,29.0,29.4,33.1,34.3,36.5,36.7,36.7,37.5,39.5,39.3,39.3,38.6,38.1,37.7,36.9,35.0,32.3,29.8,28.0,26.2,23.7,21.3,17.6,14.3,11.7,7.2,46.9,49.3,50.3,13.1,1.1,72.9,17.8,25.8,81.5,,,OBAnorm,,LD831_01996v2.403,,,,0,0
GLBALSTL,2024-05-24 01:58:30.000,20.1,27.9,29.2,25.6,26.7,27.6,29.6,30.1,30.1,31.5,35.3,37.8,37.2,36.1,35.7,37.7,37.9,39.1,38.4,37.8,37.4,36.7,34.5,31.8,27.8,26.2,23.1,20.7,17.1,12.3,8.4,5.2,1.9,46.3,48.6,49.2,13.1,1.1,72.9,17.8,25.7,81.5,,,OBAnorm,,LD831_01996v2.403,,,,0,0
GLBALSTL,2024-05-24 01:58:31.000,18.7,31.1,27.2,31.3,25.4,28.6,29.0,30.5,30.8,31.7,32.3,31.2,33.0,34.9,36.3,36.1,35.9,37.8,37.0,37.5,36.4,34.5,32.7,30.3,27.6,25.3,23.2,20.9,17.9,13.8,9.6,5.5,2.2,45.2,47.4,48.3,13.1,1.1,72.9,17.8,25.6,81.4,,,OBAnorm,,LD831_01996v2.403,,,,0,0
GLBALSTL,2024-05-24 01:58:32.000,24.6,26.0,26.9,29.5,28.1,29.9,29.3,29.3,29.9,32.5,32.0,30.3,33.1,34.2,36.3,37.6,38.7,39.0,38.6,37.6,37.7,36.3,34.9,32.3,29.7,27.6,25.2,22.4,20.7,16.1,11.0,6.9,3.0,46.6,48.3,49.1,13.1,1.0,72.9,17.8,25.7,81.5,,,OBAnorm,,LD831_01996v2.403,,,,0,0
GLBALSTL,2024-05-24 01:58:33.000,26.1,26.0,28.7,29.1,26.6,29.7,29.3,28.2,30.6,33.2,31.0,31.8,33.0,34.4,36.2,37.4,37.8,39.2,38.6,39.4,38.6,37.6,36.4,33.0,30.9,29.1,27.2,24.1,21.6,17.4,12.5,8.0,3.3,47.4,49.1,49.9,13.1,1.0,72.9,17.8,25.8,81.5,,,OBAnorm,,LD831_01996v2.403,,,,0,0
GLBALSTL,2024-05-24 01:58:34.000,24.2,29.6,27.0,26.2,25.8,25.7,30.0,28.3,28.8,31.5,35.7,37.0,37.9,37.3,36.4,37.8,39.3,39.1,39.4,39.0,38.8,37.9,35.7,33.8,31.1,28.9,27.0,24.3,21.7,18.1,12.5,8.1,3.1,47.6,49.4,50.3,13.1,1.1,72.9,17.8,25.8,81.5,,,OBAnorm,,LD831_01996v2.403,,,,0,0
GLBALSTL,2024-05-24 01:58:35.000,27.4,29.3,29.4,27.3,27.2,27.5,30.5,29.8,31.2,31.6,32.9,34.8,36.8,36.6,38.3,38.7,39.3,41.0,40.9,40.5,40.4,39.2,37.6,35.4,32.0,29.9,27.8,24.7,21.8,17.2,12.3,8.0,3.2,48.9,50.3,51.0,13.1,1.0,72.9,17.8,25.8,81.5,,,OBAnorm,,LD831_01996v2.403,,,,0,0
GLBALSTL,2024-05-24 01:58:36.000,26.0,24.7,29.1,28.2,26.4,28.6,28.9,28.4,28.7,31.5,33.6,32.4,35.1,34.6,36.3,37.1,37.6,38.9,39.7,38.6,38.1,36.5,34.8,32.3,29.5,27.1,24.1,22.3,18.5,14.7,9.9,5.9,2.4,46.8,48.5,48.9,13.1,1.0,72.9,17.8,25.8,81.5,,,OBAnorm,,LD831_01996v2.403,,,,0,0
GLBALSTL,2024-05-24 01:58:37.000,22.1,28.2,27.7,29.7,29.1,26.4,27.4,27.6,28.9,30.2,31.3,30.9,32.7,34.5,35.9,37.5,37.5,38.0,38.6,37.3,38.2,36.8,33.9,32.0,28.8,26.7,23.8,21.0,17.8,14.2,9.3,5.8,2.3,46.3,47.8,49.4,13.1,1.0,72.8,17.8,25.8,81.5,,,OBAnorm,,LD831_01996v2.403,,,,0,0
GLBALSTL,2024-05-24 01:58:38.000,27.7,29.2,27.6,28.6,28.4,29.4,29.1,28.6,29.7,31.7,30.5,30.5,33.0,35.4,35.1,37.2,38.0,39.2,38.9,39.1,39.2,38.2,36.0,34.2,31.3,29.3,27.1,24.8,21.9,17.9,12.4,7.8,3.3,47.4,48.8,49.4,13.1,1.0,72.8,17.8,25.8,81.5,,,OBAnorm,,LD831_01996v2.403,,,,0,0
GLBALSTL,2024-05-24 01:58:39.000,22.0,26.4,27.3,29.6,26.2,28.2,27.2,28.1,30.0,31.5,33.9,32.1,34.1,36.6,37.1,37.8,38.6,39.2,39.1,39.3,38.7,37.1,34.9,33.4,29.7,27.7,25.8,24.1,20.6,16.3,11.5,6.8,2.8,47.2,49.0,49.3,13.1,1.0,72.9,17.8,25.8,81.5,,,OBAnorm,,LD831_01996v2.403,,,,0,0
GLBALSTL,2024-05-24 01:58:40.000,24.4,28.8,29.4,30.3,28.8,26.0,28.6,27.4,30.6,31.7,31.5,31.3,33.7,35.9,37.4,39.0,40.4,41.4,41.2,40.1,39.7,39.3,37.1,34.5,31.6,29.1,25.8,22.5,19.6,15.8,10.7,6.3,2.6,48.8,50.1,50.5,13.1,1.0,72.9,17.8,25.8,81.5,,,OBAnorm,,LD831_01996v2.403,,,,0,0
GLBALSTL,2024-05-24 01:58:41.000,27.1,28.8,27.3,26.9,25.7,29.1,29.9,28.6,28.4,36.8,39.0,38.5,39.4,38.2,38.0,40.2,41.1,40.9,41.1,41.4,41.1,40.0,39.1,36.8,34.0,32.1,30.1,27.2,25.5,21.5,17.0,11.5,6.0,49.8,51.7,51.9,13.1,1.0,72.9,17.8,25.8,81.5,,,OBAnorm,,LD831_01996v2.403,,,,0,0
GLBALSTL,2024-05-24 01:58:42.000,27.4,28.2,27.0,23.6,28.2,24.6,27.9,29.2,27.6,32.5,37.7,36.9,33.9,34.1,34.6,37.3,38.7,39.6,39.3,39.3,38.7,37.8,35.7,33.5,31.2,28.7,26.7,23.8,21.0,17.3,12.1,8.1,3.3,47.5,49.3,49.6,13.1,1.1,72.9,17.8,25.8,81.5,,,OBAnorm,,LD831_01996v2.403,,,,0,0
GLBALSTL,2024-05-24 01:58:43.000,19.6,23.1,29.6,26.9,29.0,28.5,29.8,29.5,29.2,32.1,32.7,33.2,34.0,36.9,37.4,38.4,40.6,40.8,40.0,40.4,39.1,38.6,36.7,34.0,31.9,29.3,27.1,24.2,21.5,17.3,12.6,7.7,3.6,48.3,49.8,50.6,13.1,1.1,72.9,17.8,25.8,81.5,,,OBAnorm,,LD831_01996v2.403,,,,0,0
GLBALSTL,2024-05-24 01:58:44.000,26.3,26.9,28.8,26.4,28.0,28.9,29.5,29.9,29.7,31.2,33.7,34.8,33.1,36.6,36.7,39.3,39.4,39.1,39.8,39.1,39.7,39.0,37.1,34.8,31.8,30.0,28.5,25.3,23.2,19.4,15.2,9.8,4.8,48.2,49.7,50.2,13.1,1.1,72.9,17.8,25.8,81.5,,,OBAnorm,,LD831_01996v2.403,,,,0,0
GLBALSTL,2024-05-24 01:58:45.000,27.6,28.2,23.1,23.2,24.6,28.6,30.0,28.3,29.5,32.1,32.3,30.9,32.3,35.7,35.4,37.9,38.3,40.1,40.0,39.5,38.9,37.1,35.4,33.5,31.3,28.9,26.4,23.6,21.1,17.2,12.1,7.5,3.3,47.6,49.3,49.8,13.1,1.0,72.9,17.8,25.8,81.5,,,OBAnorm,,LD831_01996v2.403,,,,0,0
GLBALSTL,2024-05-24 01:58:46.000,26.1,30.4,30.6,29.1,26.6,29.0,28.9,28.6,29.2,30.7,32.1,37.6,37.8,35.2,37.2,39.2,38.8,40.4,39.9,40.2,39.1,38.0,36.4,33.7,30.9,28.8,26.0,22.8,20.5,16.5,11.5,7.4,3.1,48.0,49.8,50.3,13.1,0.9,72.9,17.8,25.8,81.5,,,OBAnorm,,LD831_01996v2.403,,,,0,0
GLBALSTL,2024-05-24 01:58:47.000,20.7,26.8,27.6,26.3,25.7,27.8,28.1,28.4,31.6,37.3,35.1,32.2,33.8,36.5,38.2,37.9,38.9,40.3,39.8,40.3,39.4,38.8,36.7,34.0,30.9,28.0,25.5,22.8,19.6,16.0,10.9,6.6,2.7,48.2,49.6,50.0,13.1,0.9,72.9,17.8,25.8,81.5,,,OBAnorm,,LD831_01996v2.403,,,,0,0
GLBALSTL,2024-05-24 01:58:48.000,25.4,24.4,30.7,28.8,26.9,27.4,29.6,29.1,31.5,32.2,33.2,32.8,34.6,36.2,37.2,37.5,39.1,40.0,39.7,39.7,40.2,38.8,37.4,35.0,32.0,29.7,28.6,25.8,22.6,18.5,14.2,9.7,4.5,48.4,49.8,50.2,13.1,0.9,72.9,17.8,25.8,81.5,,,OBAnorm,,LD831_01996v2.403,,,,0,0
GLBALSTL,2024-05-24 01:58:49.000,26.8,30.0,27.9,31.0,26.1,28.3,26.8,28.9,30.5,33.2,35.9,38.0,37.0,36.7,37.4,39.2,39.1,40.1,40.8,40.4,39.2,38.5,36.6,34.2,31.1,29.8,28.3,24.7,22.2,18.5,12.9,8.7,3.7,48.3,50.2,51.7,13.1,0.8,72.9,17.8,25.9,81.5,,,OBAnorm,,LD831_01996v2.403,,,,0,0
GLBALSTL,2024-05-24 01:58:50.000,24.0,25.2,27.5,31.1,28.3,27.2,27.0,29.4,30.0,30.9,33.8,33.9,35.8,34.6,36.2,36.7,37.4,39.0,39.6,39.6,39.1,37.8,36.0,33.4,30.9,29.0,26.5,23.7,20.6,16.5,11.6,7.5,3.1,47.7,49.1,50.2,13.1,0.8,72.9,17.8,25.9,81.5,,,OBAnorm,,LD831_01996v2.403,,,,0,0
GLBALSTL,2024-05-24 01:58:51.000,28.6,25.6,27.1,31.5,26.8,29.7,28.8,28.6,29.0,33.1,31.8,33.8,37.4,37.0,37.8,39.1,40.2,39.9,40.7,41.5,39.9,39.2,37.0,35.0,32.3,30.3,28.9,25.3,22.4,18.6,13.6,8.6,3.9,48.9,50.4,51.0,13.1,0.7,72.9,17.8,25.9,81.5,,,OBAnorm,,LD831_01996v2.403,,,,0,0
GLBALSTL,2024-05-24 01:58:52.000,25.2,23.6,28.4,25.7,29.4,26.2,29.5,28.6,31.4,35.4,34.5,35.1,35.2,36.2,34.8,36.3,38.1,39.4,39.7,39.3,39.1,38.5,36.4,33.8,31.4,29.3,27.8,25.3,22.6,19.0,14.2,9.0,4.3,47.8,49.3,49.8,13.1,0.7,72.9,17.8,26.0,81.5,,,OBAnorm,,LD831_01996v2.403,,,,0,0
GLBALSTL,2024-05-24 01:58:53.000,25.9,26.3,28.7,27.5,25.9,30.1,27.7,29.6,32.2,31.7,34.3,34.9,38.6,37.7,37.0,38.3,38.8,40.2,40.4,40.7,41.3,39.5,38.3,36.1,33.1,31.4,29.8,26.4,24.5,20.2,15.4,10.7,5.6,49.2,50.5,50.8,13.1,0.6,72.9,17.8,26.0,81.5,,,OBAnorm,,LD831_01996v2.403,,,,0,0
GLBALSTL,2024-05-24 01:58:54.000,23.7,29.9,29.6,27.2,26.7,28.8,29.9,29.2,29.2,32.1,32.1,33.2,35.7,35.7,37.0,37.4,39.1,40.9,40.1,40.1,39.4,39.0,37.0,34.1,31.7,29.5,27.6,24.6,21.7,18.7,12.8,8.4,3.7,48.3,49.7,50.0,13.1,0.6,72.9,17.8,25.9,81.5,,,OBAnorm,,LD831_01996v2.403,,,,0,0
GLBALSTL,2024-05-24 01:58:55.000,27.1,28.9,25.7,29.0,27.4,29.2,31.7,28.6,27.8,32.3,36.7,34.8,35.5,34.8,37.0,37.6,39.4,39.7,39.3,39.2,39.3,38.0,36.3,33.9,31.6,29.8,27.7,24.7,22.6,18.5,14.3,9.2,4.7,47.9,49.6,50.0,13.1,0.6,72.9,17.8,25.8,81.5,,,OBAnorm,,LD831_01996v2.403,,,,0,0
GLBALSTL,2024-05-24 01:58:56.000,24.6,27.8,29.8,24.5,29.4,30.5,30.1,27.2,29.9,29.2,32.2,28.3,32.3,33.4,33.7,36.7,38.7,39.1,39.0,39.2,38.6,38.1,36.3,33.2,30.3,28.9,26.1,23.3,20.1,16.5,11.7,7.3,3.1,47.3,48.5,50.5,13.1,0.7,72.9,17.8,25.7,81.5,,,OBAnorm,,LD831_01996v2.403,,,,0,0
GLBALSTL,2024-05-24 01:58:57.000,27.3,25.4,31.2,27.9,27.0,29.4,27.6,29.6,29.4,31.6,31.0,28.7,31.1,34.4,36.5,38.0,38.1,39.3,39.4,39.6,38.8,37.9,35.8,33.3,30.9,28.8,26.7,23.9,21.0,17.6,12.0,7.7,3.3,47.5,48.7,50.7,13.1,0.9,72.9,17.8,25.8,81.5,,,OBAnorm,,LD831_01996v2.403,,,,0,0
GLBALSTL,2024-05-24 01:58:58.000,24.3,27.1,30.9,28.5,28.3,24.5,28.3,29.4,27.6,31.3,31.4,29.0,30.7,33.7,34.8,37.5,37.7,38.2,38.1,38.9,38.0,36.9,34.6,32.2,28.7,26.1,24.0,22.5,18.8,14.6,9.4,5.9,2.3,46.4,48.1,56.4,13.1,1.1,72.9,17.8,25.9,81.5,,,OBAnorm,,LD831_01996v2.403,,,,0,0
GLBALSTL,2024-05-24 01:58:59.000,27.4,30.2,29.3,34.0,30.3,29.6,30.0,30.6,28.3,30.8,31.3,29.2,30.2,32.6,35.4,36.4,37.3,37.6,38.0,37.9,37.6,36.8,34.6,33.2,30.3,27.1,24.9,22.6,19.9,15.1,10.2,6.1,2.5,46.4,47.9,51.5,13.1,1.0,72.9,17.8,25.9,81.5,,,OBAnorm,,LD831_01996v2.403,,,,0,0
GLBALSTL,2024-05-24 01:59:00.000,32.6,33.1,34.6,28.6,31.2,30.4,30.6,27.4,27.6,29.7,33.1,31.8,34.9,33.4,37.0,38.8,38.3,39.0,39.6,40.4,39.3,37.5,36.0,33.2,30.1,27.4,25.5,22.7,19.3,15.4,10.4,6.3,2.5,47.8,49.2,56.4,13.1,1.0,72.9,17.8,25.9,81.5,,,OBAnorm,,LD831_01996v2.403,,,,0,0
GLBALSTL,2024-05-24 01:59:01.000,36.5,31.3,31.4,26.2,28.7,30.2,29.4,28.4,29.3,27.8,30.8,29.2,34.3,35.7,38.4,38.8,39.4,39.2,39.5,39.6,39.3,37.8,36.7,34.0,32.2,30.3,27.8,26.0,23.1,18.3,13.5,9.1,3.9,48.0,49.6,54.8,13.1,1.0,18.5,17.8,22.4,74.5,,,OBAnorm,,LD831_01996v2.403,,,,0,0
GLBALSTL,2024-05-24 01:59:02.000,30.5,28.1,29.9,30.3,27.4,29.8,29.4,29.5,31.2,35.0,35.9,41.0,40.6,38.0,39.7,40.3,40.9,40.8,40.0,40.5,39.6,37.9,36.2,33.5,31.1,29.3,27.5,24.9,22.4,18.2,12.8,8.4,3.4,48.6,51.3,52.1,13.1,0.9,72.9,17.7,22.5,74.5,,,OBAnorm,,LD831_01996v2.403,,,,0,0
GLBALSTL,2024-05-24 01:59:03.000,34.4,27.8,26.2,29.1,31.0,28.6,28.5,29.9,32.2,33.7,33.9,35.2,35.4,35.5,37.1,39.5,39.6,40.2,40.4,39.6,39.0,37.9,35.5,33.5,30.3,28.4,25.9,23.2,19.6,15.3,10.3,6.1,2.3,47.8,49.4,54.6,13.1,0.9,72.9,17.8,25.9,81.5,,,OBAnorm,,LD831_01996v2.403,,,,0,0
GLBALSTL,2024-05-24 01:59:04.000,28.8,25.7,31.1,30.2,27.5,25.8,27.3,29.0,34.6,32.4,32.8,32.8,36.8,36.4,36.0,38.9,39.5,41.0,41.4,40.5,40.8,39.7,38.2,35.6,32.8,31.2,28.6,25.8,22.8,18.5,13.2,8.2,3.4,49.3,50.6,57.1,13.1,0.9,72.8,17.8,25.8,81.5,,,OBAnorm,,LD831_01996v2.403,,,,0,0
GLBALSTL,2024-05-24 01:59:05.000,28.5,29.1,32.5,27.9,31.2,29.4,26.6,30.4,31.2,30.0,31.6,30.4,33.4,33.9,35.6,37.0,38.2,38.7,39.1,39.3,38.2,36.5,35.1,32.5,29.5,27.2,25.3,23.5,20.0,15.7,10.3,6.2,2.7,46.9,48.4,52.0,13.1,0.9,72.9,17.8,25.8,81.5,,,OBAnorm,,LD831_01996v2.403,,,,0,0
GLBALSTL,2024-05-24 01:59:06.000,28.5,27.1,31.4,26.9,29.3,29.0,30.5,28.4,28.5,30.4,32.8,33.5,34.4,36.2,35.9,37.7,38.9,39.0,39.4,39.3,38.7,38.1,35.9,32.7,30.0,27.9,25.2,22.2,19.0,14.7,10.9,6.3,2.6,47.3,48.8,54.4,13.1,0.8,72.9,17.8,25.7,82.1,,,OBAnorm,,LD831_01996v2.403,,,,0,0
GLBALSTL,2024-05-24 01:59:07.000,24.3,25.3,29.8,29.9,27.7,29.6,26.7,28.7,28.4,28.6,30.3,30.2,32.0,32.9,35.0,37.5,37.9,38.1,38.6,38.4,38.8,37.0,35.0,32.2,29.6,27.1,24.3,21.4,17.9,13.6,8.8,5.2,2.1,46.6,48.2,59.8,13.1,0.7,72.9,17.8,25.6,82.0,,,OBAnorm,,LD831_01996v2.403,,,,0,0
GLBALSTL,2024-05-24 01:59:08.000,27.2,29.6,31.5,31.5,28.2,27.6,28.5,28.7,29.5,30.2,29.8,29.3,31.2,34.1,35.7,36.8,36.4,37.1,38.3,37.5,37.8,35.1,33.6,30.7,27.9,25.7,22.8,20.9,17.7,13.9,9.3,5.4,2.0,45.7,47.4,52.5,13.1,0.7,72.9,17.8,25.6,82.0,,,OBAnorm,,LD831_01996v2.403,,,,0,0
GLBALSTL,2024-05-24 01:59:09.000,36.5,35.4,29.3,27.6,27.1,27.9,27.6,31.2,29.3,28.8,31.0,30.1,34.3,34.6,35.4,37.6,38.5,39.3,38.5,38.1,37.2,36.2,33.9,30.6,28.4,26.1,23.6,21.0,17.9,14.1,9.2,5.6,1.9,46.3,48.0,51.4,13.1,0.7,72.9,17.8,25.7,82.1,,,OBAnorm,,LD831_01996v2.403,,,,0,0
GLBALSTL,2024-05-24 01:59:10.000,32.7,28.6,28.5,26.3,25.8,28.4,28.6,29.0,29.3,29.0,28.5,28.2,33.2,33.7,34.5,37.3,39.5,39.7,39.1,39.3,38.7,37.8,35.7,33.2,31.7,29.5,27.6,24.6,22.3,17.9,13.0,8.4,3.8,47.6,49.0,52.8,13.1,0.7,72.9,17.8,25.7,82.1,,,OBAnorm,,LD831_01996v2.403,,,,0,0
GLBALSTL,2024-05-24 01:59:11.000,24.8,27.4,29.6,28.9,26.5,29.7,30.9,32.1,30.9,35.2,30.4,30.3,31.8,35.0,35.8,37.1,37.4,37.6,38.7,37.8,37.6,36.6,35.6,32.3,29.5,27.3,24.9,22.7,20.0,16.1,10.7,6.6,2.5,46.4,47.9,48.5,13.1,0.7,72.9,17.8,25.7,82.1,,,OBAnorm,,LD831_01996v2.403,,,,0,0
GLBALSTL,2024-05-24 01:59:12.000,26.8,26.3,25.8,28.6,24.6,28.8,30.6,27.3,27.6,29.7,29.8,32.4,34.5,34.6,36.8,36.3,37.5,38.2,38.9,40.0,38.4,37.2,35.7,33.3,30.7,28.9,27.1,23.7,21.6,17.3,12.3,7.7,3.1,47.2,48.7,49.3,13.1,0.7,72.9,17.8,25.6,82.0,,,OBAnorm,,LD831_01996v2.403,,,,0,0
GLBALSTL,2024-05-24 01:59:13.000,19.9,28.0,28.0,31.4,28.1,29.3,31.1,28.6,28.2,28.6,30.7,32.8,34.8,34.9,36.2,39.8,39.8,40.9,41.5,40.8,39.8,39.0,37.2,34.3,31.8,29.4,27.3,25.2,21.3,18.0,12.6,8.2,3.6,48.9,50.3,52.3,13.1,0.8,72.9,17.8,25.7,82.1,,,OBAnorm,,LD831_01996v2.403,,,,0,0
GLBALSTL,2024-05-24 01:59:14.000,23.9,28.4,29.3,26.8,24.8,27.5,29.9,29.1,27.8,30.9,34.3,35.2,35.6,36.9,38.5,39.0,37.9,39.5,39.1,38.7,38.1,37.3,35.7,33.0,30.6,29.1,27.3,24.4,21.7,17.8,12.3,8.0,3.3,47.1,48.9,55.9,13.1,0.9,72.9,17.8,25.8,81.5,,,OBAnorm,,LD831_01996v2.403,,,,0,0
GLBALSTL,2024-05-24 01:59:15.000,25.3,27.2,29.4,26.1,25.8,28.8,28.6,27.8,28.2,27.8,29.7,28.2,31.6,34.2,34.7,36.3,38.0,39.1,39.7,39.6,38.8,37.1,35.4,33.1,30.8,28.7,26.9,23.9,21.1,17.1,12.2,7.8,3.4,47.3,48.7,56.8,13.1,1.1,73.1,17.8,25.7,81.5,,,OBAnorm,,LD831_01996v2.403,,,,0,0
GLBALSTL,2024-05-24 01:59:16.000,26.3,25.1,29.6,26.4,28.9,30.7,29.1,28.4,30.0,30.2,29.5,28.9,35.4,35.4,35.5,36.9,38.2,39.1,38.9,39.0,38.4,37.6,35.0,32.5,30.6,28.2,25.7,23.4,20.5,17.1,11.4,6.9,3.0,47.1,49.0,62.0,13.1,1.2,73.1,17.8,25.8,82.1,,,OBAnorm,,LD831_01996v2.403,,,,0,0
GLBALSTL,2024-05-24 01:59:17.000,33.4,30.1,33.9,35.3,32.2,33.9,29.0,30.3,29.3,30.1,31.7,34.7,34.8,35.5,35.8,36.4,38.3,39.3,38.5,39.3,40.2,38.4,37.2,33.9,32.1,30.2,28.2,25.8,23.2,19.4,15.0,9.5,4.3,48.1,49.3,54.5,13.1,1.3,73.0,17.8,25.9,82.1,,,OBAnorm,,LD831_01996v2.403,,,,0,0
GLBALSTL,2024-05-24 01:59:18.000,40.2,35.3,34.7,34.0,28.2,26.5,27.0,27.5,28.2,31.2,30.1,29.6,34.8,35.3,36.0,36.4,37.5,39.5,40.2,40.3,40.1,39.4,37.1,34.8,31.9,30.1,28.6,25.8,23.0,18.8,14.2,9.5,4.2,48.3,49.3,50.5,13.1,1.3,70.5,17.8,25.6,79.7,,,OBAnorm,,LD831_01996v2.403,,,,0,0
GLBALSTL,2024-05-24 01:59:19.000,38.1,34.7,28.2,28.4,27.3,27.1,29.5,29.0,29.9,29.6,30.1,30.5,34.2,35.0,36.0,37.3,38.1,38.8,38.9,39.5,39.1,37.6,36.0,32.7,30.0,28.6,25.7,23.0,20.0,16.9,11.8,7.6,3.1,47.4,48.7,50.0,13.1,1.2,73.0,17.8,25.6,79.7,,,OBAnorm,,LD831_01996v2.403,,,,0,0
GLBALSTL,2024-05-24 01:59:20.000,30.6,25.3,29.4,28.2,27.5,27.7,27.9,28.1,29.2,30.0,29.9,29.9,32.6,34.6,36.2,38.1,40.3,39.8,40.6,40.8,40.6,39.8,38.2,35.3,33.3,32.0,30.0,26.8,24.5,20.4,16.3,10.7,5.5,49.2,50.2,52.3,13.1,1.0,73.0,17.8,26.0,81.5,,,OBAnorm,,LD831_01996v2.403,,,,0,0
GLBALSTL,2024-05-24 01:59:21.000,28.4,21.5,29.7,29.9,24.7,28.3,27.1,30.0,28.8,31.1,34.8,37.6,36.3,36.5,38.1,38.8,39.6,40.6,40.6,41.4,40.1,38.9,37.4,35.0,32.3,30.2,27.6,25.6,23.0,19.0,13.7,8.6,3.9,48.9,50.4,52.2,13.1,0.9,73.0,17.8,26.0,81.5,,,OBAnorm,,LD831_01996v2.403,,,,0,0
GLBALSTL,2024-05-24 01:59:22.000,26.8,29.7,28.1,27.6,27.2,27.6,29.8,30.2,29.6,29.8,31.0,29.9,35.5,34.8,36.2,37.6,39.0,39.7,39.6,39.9,39.3,38.4,36.0,33.1,30.3,28.6,26.1,23.5,20.7,17.3,11.5,7.1,3.1,47.9,49.2,51.2,13.1,0.8,73.0,17.8,26.0,81.5,,,OBAnorm,,LD831_01996v2.403,,,,0,0
GLBALSTL,2024-05-24 01:59:23.000,26.0,28.5,31.4,27.0,26.7,25.7,28.4,26.2,30.0,30.9,33.2,32.2,34.1,36.6,38.4,39.7,40.3,40.6,40.3,40.8,39.8,38.5,36.5,34.1,31.6,28.9,27.0,24.5,21.8,17.7,12.7,9.0,5.7,48.6,50.1,50.7,13.1,0.7,73.0,17.8,26.0,81.5,,,OBAnorm,,LD831_01996v2.403,,,,0,0
GLBALSTL,2024-05-24 01:59:24.000,29.6,30.1,28.1,28.4,28.0,28.4,27.2,29.2,29.5,30.7,35.4,35.0,36.4,36.1,37.6,38.7,39.9,40.5,40.7,40.5,39.2,38.7,36.5,34.0,31.3,29.2,26.7,23.7,21.0,17.4,12.3,7.9,3.2,48.3,49.8,50.7,13.1,0.7,73.0,17.7,26.1,81.5,,,OBAnorm,,LD831_01996v2.403,,,,0,0
GLBALSTL,2024-05-24 01:59:25.000,28.4,31.1,26.2,25.5,29.2,28.4,30.2,28.8,29.0,29.7,30.7,34.1,33.7,35.3,36.6,37.3,37.7,39.8,39.0,37.9,37.9,36.1,34.5,32.6,29.9,28.5,26.0,23.4,19.0,15.5,9.9,6.0,2.5,46.7,48.4,49.0,13.1,0.7,73.0,17.8,26.0,81.5,,,OBAnorm,,LD831_01996v2.403,,,,0,0
GLBALSTL,2024-05-24 01:59:26.000,25.9,24.3,27.4,27.9,26.9,27.6,28.6,28.3,29.0,31.6,32.8,33.5,36.4,36.5,37.6,38.0,39.8,40.9,40.4,39.7,39.4,38.9,36.3,33.9,31.2,29.0,26.4,24.2,20.4,16.3,11.2,6.7,2.6,48.4,50.0,50.5,13.1,0.7,73.0,17.8,26.0,81.5,,,OBAnorm,,LD831_01996v2.403,,,,0,0
GLBALSTL,2024-05-24 01:59:27.000,28.1,25.1,30.7,27.9,26.6,28.0,29.8,28.7,30.7,30.5,31.3,31.3,32.2,36.1,35.2,37.8,38.2,39.6,39.2,38.9,38.7,38.1,36.0,33.8,31.1,29.2,27.1,23.6,21.2,17.7,13.4,8.0,3.8,47.5,48.7,49.1,13.1,0.7,73.0,17.8,25.9,81.5,,,OBAnorm,,LD831_01996v2.403,,,,0,0
GLBALSTL,2024-05-24 01:59:28.000,22.7,29.3,27.2,27.4,26.0,27.7,29.2,30.3,29.6,29.8,29.3,31.0,33.4,33.3,35.0,37.4,39.2,39.1,39.3,38.8,38.3,37.0,34.9,32.5,29.9,27.4,25.2,22.6,19.8,15.9,10.7,6.7,2.8,47.0,48.5,49.2,13.1,0.7,15.9,17.8,22.2,73.9,,,OBAnorm,,LD831_01996v2.403,,,,0,0
GLBALSTL,2024-05-24 01:59:29.000,25.8,25.7,28.8,25.4,27.4,29.8,24.6,28.6,28.1,30.3,31.4,32.4,33.5,35.6,36.4,37.9,39.5,41.4,40.7,40.5,40.3,40.3,38.1,35.5,33.0,31.1,28.6,25.3,23.0,19.7,14.9,9.4,4.2,49.4,50.5,51.2,13.1,0.7,73.0,17.8,22.2,73.9,,,OBAnorm,,LD831_01996v2.403,,,,0,0
GLBALSTL,2024-05-24 01:59:30.000,26.5,28.9,27.4,28.8,28.1,28.6,28.0,29.2,28.2,31.1,33.1,35.2,38.0,36.9,36.1,38.5,39.0,40.0,40.0,40.8,40.0,38.1,36.1,34.6,32.2,29.9,27.8,25.5,22.3,18.2,13.2,8.7,3.7,48.0,49.4,50.1,13.1,0.7,73.0,17.8,26.1,81.5,,,OBAnorm,,LD831_01996v2.403,,,,0,0
GLBALSTL,2024-05-24 01:59:31.000,24.7,28.9,27.9,31.6,27.3,27.3,29.9,28.1,27.7,28.9,29.9,29.5,33.7,34.4,34.3,37.1,38.2,38.8,39.7,38.6,38.2,35.9,34.4,31.7,29.2,26.7,23.8,22.4,18.7,14.4,10.0,6.1,2.4,46.6,48.2,48.8,13.1,0.7,73.0,17.8,26.2,81.6,,,OBAnorm,,LD831_01996v2.403,,,,0,0
GLBALSTL,2024-05-24 01:59:32.000,24.5,28.8,31.9,27.9,27.2,28.0,29.9,29.8,30.0,29.6,32.0,31.2,33.1,34.6,36.0,37.3,38.4,39.6,39.3,39.5,38.6,37.8,35.4,32.5,30.4,29.1,26.9,23.8,20.3,16.0,11.3,7.3,3.2,47.5,49.0,49.8,13.1,0.7,73.0,17.8,26.1,81.5,,,OBAnorm,,LD831_01996v2.403,,,,0,0
GLBALSTL,2024-05-24 01:59:33.000,22.9,28.1,32.6,29.5,28.5,26.7,29.9,29.5,26.7,31.0,31.6,32.8,34.1,36.6,36.6,39.1,40.9,40.8,40.4,40.4,39.3,38.3,36.6,33.4,31.1,29.6,27.1,23.8,20.8,17.2,12.1,7.5,3.4,48.3,49.8,50.9,13.1,0.7,73.0,17.8,26.1,81.5,,,OBAnorm,,LD831_01996v2.403,,,,0,0
GLBALSTL,2024-05-24 01:59:34.000,22.7,29.9,30.1,28.6,28.8,28.4,31.4,30.0,29.5,31.0,30.3,31.3,36.6,35.5,35.8,36.7,38.1,38.2,39.8,38.6,37.8,37.0,35.2,32.6,30.8,28.3,26.3,23.5,19.7,16.0,10.9,6.3,2.7,46.9,48.5,49.0,13.1,0.7,73.0,17.8,26.0,82.1,,,OBAnorm,,LD831_01996v2.403,,,,0,0
GLBALSTL,2024-05-24 01:59:35.000,22.6,28.6,28.9,27.8,27.8,29.1,30.5,28.7,28.9,30.3,32.2,31.0,32.5,34.3,36.1,36.8,38.4,39.4,39.1,39.2,38.5,37.2,35.7,32.7,30.0,27.7,25.8,23.8,20.2,16.7,11.5,6.4,2.6,47.2,48.7,49.4,13.1,0.7,73.0,17.8,25.9,82.1,,,OBAnorm,,LD831_01996v2.403,,,,0,0
GLBALSTL,2024-05-24 01:59:36.000,23.0,29.3,29.1,27.4,27.2,28.3,29.3,27.8,27.5,28.5,31.9,31.7,37.1,36.0,36.3,38.3,39.4,39.8,40.6,40.1,39.4,38.4,36.3,34.1,31.6,29.6,27.9,24.0,21.6,17.6,12.9,8.2,3.6,48.2,49.6,50.1,13.1,0.8,73.0,17.8,25.9,82.1,,,OBAnorm,,LD831_01996v2.403,,,,0,0
GLBALSTL,2024-05-24 01:59:37.000,22.4,27.8,30.9,30.1,27.4,27.4,27.3,29.6,27.6,31.0,29.0,30.3,32.4,35.6,35.7,36.8,38.7,39.0,39.0,38.6,38.0,36.4,34.7,31.9,29.1,27.3,24.4,22.9,19.0,14.9,10.1,5.7,2.2,46.7,48.2,48.9,13.1,0.9,73.0,17.8,25.9,82.1,,,OBAnorm,,LD831_01996v2.403,,,,0,0
GLBALSTL,2024-05-24 01:59:38.000,23.1,24.8,26.9,25.8,27.4,28.3,28.3,27.2,28.2,30.9,32.7,33.0,32.1,34.4,36.4,36.2,38.3,39.0,39.3,39.3,38.5,37.5,35.0,32.4,30.1,28.3,25.9,23.5,19.1,14.7,10.0,5.8,2.2,47.2,48.5,49.2,13.1,1.0,73.0,17.8,25.9,82.1,,,OBAnorm,,LD831_01996v2.403,,,,0,0
GLBALSTL,2024-05-24 01:59:39.000,29.1,23.2,27.7,23.6,25.8,25.0,29.5,27.6,28.4,29.6,33.0,31.4,34.4,34.9,37.0,37.2,38.8,40.5,40.4,39.8,39.7,38.2,36.7,34.7,31.9,30.3,27.6,25.3,22.7,18.5,13.7,9.1,4.2,48.3,49.6,50.4,13.1,1.2,73.0,17.8,24.8,76.1,,,OBAnorm,,LD831_01996v2.403,,,,0,0
GLBALSTL,2024-05-24 01:59:40.000,25.5,23.7,28.1,27.7,26.6,27.0,28.7,28.8,27.2,30.2,29.7,31.3,34.5,35.6,36.9,38.0,39.3,40.6,39.2,39.6,38.7,37.2,35.7,33.0,30.7,28.4,25.4,23.0,19.9,16.3,11.9,6.4,2.6,47.6,49.1,53.7,13.1,1.3,73.0,17.8,24.8,76.1,,,OBAnorm,,LD831_01996v2.403,,,,0,0
GLBALSTL,2024-05-24 01:59:41.000,23.8,26.2,28.3,27.3,29.3,26.3,28.1,27.9,28.4,31.6,31.5,30.0,32.4,35.0,36.0,38.1,37.9,38.5,39.2,38.8,38.9,37.5,35.6,33.7,31.3,29.4,28.0,25.0,21.8,17.3,12.3,7.4,3.1,47.3,48.7,49.8,13.1,1.4,73.0,17.8,25.9,81.5,,,OBAnorm,,LD831_01996v2.403,,,,0,0
GLBALSTL,2024-05-24 01:59:42.000,28.6,31.1,28.8,29.7,27.8,28.0,28.5,27.8,29.1,29.4,29.9,31.1,34.0,36.8,37.1,39.1,40.1,41.4,40.7,40.8,40.5,39.0,37.6,35.2,32.2,30.1,27.6,24.5,21.1,17.0,11.7,7.0,2.8,49.1,50.2,50.8,13.1,1.4,73.0,17.8,25.9,81.5,,,OBAnorm,,LD831_01996v2.403,,,,0,0
GLBALSTL,2024-05-24 01:59:43.000,26.0,27.6,28.2,27.9,26.4,27.8,27.5,27.1,28.2,31.9,36.9,34.9,36.3,36.1,36.9,38.5,38.7,40.3,40.4,41.2,40.5,38.5,37.2,33.9,31.4,29.9,27.9,24.6,22.1,18.0,12.4,7.7,3.4,48.7,50.4,50.7,13.1,1.4,73.0,17.8,25.9,81.5,,,OBAnorm,,LD831_01996v2.403,,,,0,0
GLBALSTL,2024-05-24 01:59:44.000,26.4,29.1,26.6,30.2,28.7,28.3,28.6,29.0,30.1,29.1,30.4,33.3,33.7,36.8,37.2,38.6,39.1,39.0,40.1,39.6,39.3,38.2,36.2,33.5,30.7,28.7,26.5,24.0,20.5,16.6,11.1,6.9,2.8,47.7,49.1,49.6,13.1,1.3,73.0,17.8,25.5,79.1,,,OBAnorm,,LD831_01996v2.403,,,,0,0
GLBALSTL,2024-05-24 01:59:45.000,26.9,25.0,30.0,31.4,28.1,27.2,28.4,27.0,27.8,28.4,30.9,31.3,33.9,34.8,36.9,37.5,39.0,39.6,38.8,38.8,38.2,36.0,34.4,31.1,29.3,27.3,25.8,22.5,19.2,14.7,9.6,5.7,2.2,46.8,48.5,49.1,13.1,1.2,73.0,17.8,25.7,79.1,,,OBAnorm,,LD831_01996v2.403,,,,0,0
GLBALSTL,2024-05-24 01:59:46.000,23.5,29.4,24.9,25.2,24.7,27.1,26.8,29.1,28.0,29.9,28.8,31.8,33.7,33.8,36.8,38.2,39.3,40.5,40.8,39.2,38.6,37.9,35.4,32.6,30.3,27.9,25.5,23.1,20.0,15.4,11.4,7.1,2.8,47.6,49.0,49.7,13.1,1.2,73.0,17.8,26.1,81.5,,,OBAnorm,,LD831_01996v2.403,,,,0,0
GLBALSTL,2024-05-24 01:59:47.000,28.1,29.8,30.6,27.0,27.0,26.4,27.8,28.1,25.4,29.0,29.3,27.6,32.6,33.5,37.0,37.1,38.2,38.9,38.5,38.4,37.9,36.2,34.5,32.3,29.5,28.3,25.9,23.1,19.5,16.0,10.8,6.3,2.3,46.6,48.0,49.0,13.1,1.2,73.0,17.8,26.1,81.5,,,OBAnorm,,LD831_01996v2.403,,,,0,0
GLBALSTL,2024-05-24 01:59:48.000,22.7,27.9,29.1,30.2,26.7,27.4,29.1,28.0,27.8,28.4,29.9,33.2,35.8,35.2,36.1,36.9,38.2,38.7,38.9,38.4,37.3,36.0,34.4,31.6,28.9,26.9,24.7,23.4,20.3,15.7,11.2,6.4,2.4,46.4,48.5,50.1,13.1,1.2,73.0,17.8,26.1,81.5,,,OBAnorm,,LD831_01996v2.403,,,,0,0
GLBALSTL,2024-05-24 01:59:49.000,22.1,25.0,28.9,29.1,29.4,27.5,30.1,27.9,29.2,33.9,36.7,37.4,38.8,38.7,37.6,38.7,39.1,40.2,39.4,38.8,38.2,37.3,34.7,32.2,29.5,27.7,25.1,22.9,19.7,15.8,11.4,7.2,2.7,47.4,49.9,50.7,13.1,1.2,73.0,17.8,26.1,81.5,,,OBAnorm,,LD831_01996v2.403,,,,0,0
GLBALSTL,2024-05-24 01:59:50.000,29.1,26.0,27.9,28.1,26.4,25.6,30.7,27.8,27.6,29.9,30.7,33.8,37.3,38.9,36.6,38.2,38.9,39.8,38.8,39.5,39.0,37.5,36.0,33.2,31.2,28.9,27.4,24.5,21.3,17.0,12.9,7.7,3.4,47.5,49.2,49.6,13.1,1.2,73.0,17.7,26.1,81.5,,,OBAnorm,,LD831_01996v2.403,,,,0,0
GLBALSTL,2024-05-24 01:59:51.000,29.3,25.6,27.3,27.4,25.3,26.9,28.3,27.2,25.5,29.9,31.8,32.1,33.3,35.7,36.8,37.5,38.3,39.2,38.6,38.9,37.7,36.6,35.2,32.4,30.1,28.0,25.1,22.6,19.8,15.7,10.9,6.4,2.6,46.9,48.5,49.0,13.1,1.1,73.0,17.8,26.1,81.5,,,OBAnorm,,LD831_01996v2.403,,,,0,0
GLBALSTL,2024-05-24 01:59:52.000,21.6,22.7,29.2,26.0,26.8,28.6,28.6,29.6,28.0,29.1,31.0,33.7,34.8,35.3,35.4,38.0,39.3,40.4,40.1,39.8,38.5,37.6,34.9,32.2,30.2,27.9,25.7,23.1,19.5,15.3,11.4,6.7,2.5,47.6,49.2,50.4,13.1,1.1,73.0,17.8,26.0,81.5,,,OBAnorm,,LD831_01996v2.403,,,,0,0
GLBALSTL,2024-05-24 01:59:53.000,23.6,19.9,31.1,29.5,25.7,28.5,28.6,28.3,28.4,29.8,29.8,32.6,33.1,35.1,35.7,37.3,38.8,39.0,39.2,38.6,38.0,37.2,35.0,31.8,29.4,27.9,25.9,22.9,19.9,16.4,10.7,6.3,2.4,46.9,48.4,49.8,13.1,1.1,73.0,17.8,26.2,81.6,,,OBAnorm,,LD831_01996v2.403,,,,0,0
GLBALSTL,2024-05-24 01:59:54.000,25.1,27.3,28.2,27.7,26.7,27.6,28.0,27.5,28.7,29.5,29.2,31.9,34.4,35.6,36.0,38.7,39.1,39.3,39.2,39.7,39.2,38.3,36.3,34.1,31.7,29.8,27.2,25.4,21.2,17.2,12.0,7.3,3.1,47.9,49.2,50.3,13.1,1.3,73.0,17.7,26.2,81.6,,,OBAnorm,,LD831_01996v2.403,,,,0,0
GLBALSTL,2024-05-24 01:59:55.000,25.0,22.5,30.9,31.2,30.0,27.0,27.4,25.2,28.0,31.1,32.0,33.9,34.9,35.5,38.4,39.5,38.2,40.2,39.2,38.8,37.7,37.4,35.0,32.3,30.9,29.6,26.9,24.9,21.7,16.8,12.0,7.0,3.0,47.4,49.3,50.0,13.1,1.4,73.0,17.7,26.1,81.5,,,OBAnorm,,LD831_01996v2.403,,,,0,0
GLBALSTL,2024-05-24 01:59:56.000,26.7,25.2,26.6,29.3,23.8,26.0,29.7,30.1,26.0,29.1,31.5,31.2,33.6,37.1,35.6,37.0,39.2,40.5,39.7,39.6,38.4,37.7,35.3,33.1,30.8,28.8,26.0,23.5,20.2,15.3,10.7,7.4,2.9,47.6,49.1,54.2,13.1,1.5,73.0,17.8,26.0,81.5,,,OBAnorm,,LD831_01996v2.403,,,,0,0
GLBALSTL,2024-05-24 01:59:57.000,26.3,27.3,30.5,27.9,24.2,27.7,28.5,26.3,27.6,29.2,33.1,36.5,33.3,35.4,36.8,38.3,39.8,39.2,39.9,40.0,39.5,38.2,36.4,34.5,31.6,29.7,26.5,24.1,20.7,16.6,11.9,6.9,3.2,48.2,49.8,50.8,13.1,1.4,73.0,17.8,25.9,81.5,,,OBAnorm,,LD831_01996v2.403,,,,0,0
GLBALSTL,2024-05-24 01:59:58.000,27.4,31.4,31.4,29.9,28.9,26.0,28.1,29.3,26.9,31.7,35.5,36.9,34.4,35.7,36.7,38.4,39.5,39.8,39.9,40.0,39.4,38.4,36.1,34.1,31.8,29.4,26.3,25.1,23.1,17.2,11.8,7.7,3.2,47.9,49.4,49.7,13.1,1.4,73.0,17.8,26.0,81.5,,,OBAnorm,,LD831_01996v2.403,,,,0,0
GLBALSTL,2024-05-24 01:59:59.000,29.3,29.0,28.4,26.9,27.3,27.2,28.1,26.5,26.0,28.2,30.4,32.3,35.0,36.0,36.1,37.3,38.2,39.0,39.6,39.0,38.4,36.9,35.4,32.6,30.7,28.6,26.2,23.5,20.6,16.8,11.6,7.1,3.0,47.2,48.7,49.4,13.1,1.4,73.0,17.7,26.1,81.5,,,OBAnorm,,LD831_01996v2.403,,,,0,0