bs_ts,mmsi,callsign,imo,name,nav_status,lat,lon,cog,sog,destination,eta,shiptype,draught,length,width
2025-01-07 04:58:04,368018710,WDJ8677,9173501,ANNA T,Under way using engine,58.40340333,-134.97689333,194.1,9.9,SKAGWAY,2025-12-20 02:00:00,Tug,6,32,11
2025-01-07 04:58:13,368018710,WDJ8677,9173501,ANNA T,Under way using engine,58.40301000,-134.97705000,190.5,9.9,SKAGWAY,2025-12-20 02:00:00,Tug,6,32,11
2025-01-07 04:58:21,368018710,WDJ8677,9173501,ANNA T,Under way using engine,58.40264667,-134.97716000,188.5,9.9,SKAGWAY,2025-12-20 02:00:00,Tug,6,32,11
2025-01-07 04:59:37,368018710,WDJ8677,9173501,ANNA T,Under way using engine,58.39916667,-134.97788000,186.5,10.0,SKAGWAY,2025-12-20 02:00:00,Tug,6,32,11
2025-01-07 05:04:37,368018710,WDJ8677,9173501,ANNA T,Under way using engine,58.38554333,-134.98068500,186.1,9.7,SKAGWAY,2025-12-20 02:00:00,Tug,6,32,11
2025-01-07 05:09:38,368018710,WDJ8677,9173501,ANNA T,Under way using engine,58.37225500,-134.98336667,186.8,9.5,SKAGWAY,2025-12-20 02:00:00,Tug,6,32,11
2025-01-07 05:14:47,368018710,WDJ8677,9173501,ANNA T,Under way using engine,58.35853167,-134.98671000,187.8,9.8,SKAGWAY,2025-12-20 02:00:00,Tug,6,32,11
2025-01-07 05:19:57,368018710,WDJ8677,9173501,ANNA T,Under way using engine,58.34470667,-134.99046833,188.4,9.7,SKAGWAY,2025-12-20 02:00:00,Tug,6,32,11
2025-01-07 05:22:28,368018710,WDJ8677,9173501,ANNA T,Under way using engine,58.33810167,-134.99218167,186.0,9.5,SKAGWAY,2025-12-20 02:00:00,Tug,6,32,11
2025-01-07 05:25:37,368018710,WDJ8677,9173501,ANNA T,Under way using engine,58.32969333,-134.99364167,184.0,9.7,SKAGWAY,2025-12-20 02:00:00,Tug,6,32,11
2025-01-07 05:30:37,368018710,WDJ8677,9173501,ANNA T,Under way using engine,58.31618667,-134.99511000,183.4,9.8,SKAGWAY,2025-12-20 02:00:00,Tug,6,32,11
2025-01-07 05:35:37,368018710,WDJ8677,9173501,ANNA T,Under way using engine,58.30236167,-134.99641167,182.6,10.1,SKAGWAY,2025-12-20 02:00:00,Tug,6,32,11
2025-01-07 05:40:37,368018710,WDJ8677,9173501,ANNA T,Under way using engine,58.28856500,-134.99784333,183.5,10.0,SKAGWAY,2025-12-20 02:00:00,Tug,6,32,11
2025-01-07 05:41:41,368018710,WDJ8677,9173501,ANNA T,Under way using engine,58.28556833,-134.99824000,185.7,10.0,SKAGWAY,2025-12-20 02:00:00,Tug,6,32,11
2025-01-07 05:46:41,368018710,WDJ8677,9173501,ANNA T,Under way using engine,58.27196000,-135.00094000,185.9,9.8,SKAGWAY,2025-12-20 02:00:00,Tug,6,32,11
2025-01-07 05:51:46,368018710,WDJ8677,9173501,ANNA T,Under way using engine,58.25805500,-135.00382500,186.3,10.0,SKAGWAY,2025-12-20 02:00:00,Tug,6,32,11
2025-01-07 05:56:46,368018710,WDJ8677,9173501,ANNA T,Under way using engine,58.24437833,-135.00691333,187.4,10.1,SKAGWAY,2025-12-20 02:00:00,Tug,6,32,11
2025-01-07 06:01:46,368018710,WDJ8677,9173501,ANNA T,Under way using engine,58.23030500,-135.01030167,187.1,10.3,SKAGWAY,2025-12-20 02:00:00,Tug,6,32,11
2025-01-07 06:06:48,368018710,WDJ8677,9173501,ANNA T,Under way using engine,58.21594667,-135.01351833,187.1,10.6,SKAGWAY,2025-12-20 02:00:00,Tug,6,32,11
2025-01-07 06:11:56,368018710,WDJ8677,9173501,ANNA T,Under way using engine,58.20087667,-135.01676167,186.3,10.7,SKAGWAY,2025-12-20 02:00:00,Tug,6,32,11
2025-01-07 06:16:58,368018710,WDJ8677,9173501,ANNA T,Under way using engine,58.18611167,-135.02001833,186.5,10.6,SKAGWAY,2025-12-20 02:00:00,Tug,6,32,11
2025-01-07 06:19:31,368018710,WDJ8677,9173501,ANNA T,Under way using engine,58.17880000,-135.02164167,187.9,10.1,SKAGWAY,2025-12-20 02:00:00,Tug,6,32,11
2025-01-07 06:19:47,368018710,WDJ8677,9173501,ANNA T,Under way using engine,58.17801000,-135.02188333,190.5,10.1,SKAGWAY,2025-12-20 02:00:00,Tug,6,32,11
2025-01-07 06:20:50,368018710,WDJ8677,9173501,ANNA T,Under way using engine,58.17521333,-135.02297667,194.7,10.0,SKAGWAY,2025-12-20 02:00:00,Tug,6,32,11
2025-01-07 06:20:58,368018710,WDJ8677,9173501,ANNA T,Under way using engine,58.17487500,-135.02318833,199.5,9.9,SKAGWAY,2025-12-20 02:00:00,Tug,6,32,11
2025-01-07 06:21:04,368018710,WDJ8677,9173501,ANNA T,Under way using engine,58.17462167,-135.02338667,202.2,9.9,SKAGWAY,2025-12-20 02:00:00,Tug,6,32,11
2025-01-07 06:21:17,368018710,WDJ8677,9173501,ANNA T,Under way using engine,58.17408500,-135.02387333,207.4,9.9,SKAGWAY,2025-12-20 02:00:00,Tug,6,32,11
2025-01-07 06:21:27,368018710,WDJ8677,9173501,ANNA T,Under way using engine,58.17369000,-135.02429667,210.0,9.9,SKAGWAY,2025-12-20 02:00:00,Tug,6,32,11
2025-01-07 06:21:49,368018710,WDJ8677,9173501,ANNA T,Under way using engine,58.17278167,-135.02531167,212.1,10.0,SKAGWAY,2025-12-20 02:00:00,Tug,6,32,11
2025-01-07 06:21:58,368018710,WDJ8677,9173501,ANNA T,Under way using engine,58.17246833,-135.02569833,214.9,10.0,SKAGWAY,2025-12-20 02:00:00,Tug,6,32,11
2025-01-07 06:22:31,368018710,WDJ8677,9173501,ANNA T,Under way using engine,58.17124000,-135.02737667,217.0,9.9,SKAGWAY,2025-12-20 02:00:00,Tug,6,32,11
2025-01-07 06:23:06,368018710,WDJ8677,9173501,ANNA T,Under way using engine,58.16994500,-135.02936500,219.1,9.9,SKAGWAY,2025-12-20 02:00:00,Tug,6,32,11
2025-01-07 06:23:32,368018710,WDJ8677,9173501,ANNA T,Under way using engine,58.16903333,-135.03076833,221.9,9.9,SKAGWAY,2025-12-20 02:00:00,Tug,6,32,11
2025-01-07 06:24:25,368018710,WDJ8677,9173501,ANNA T,Under way using engine,58.16734000,-135.03382500,224.8,9.7,SKAGWAY,2025-12-20 02:00:00,Tug,6,32,11
2025-01-07 06:25:56,368018710,WDJ8677,9173501,ANNA T,Under way using engine,58.16444500,-135.03937333,229.1,9.8,SKAGWAY,2025-12-20 02:00:00,Tug,6,32,11
2025-01-07 06:26:00,368018710,WDJ8677,9173501,ANNA T,Under way using engine,58.16435000,-135.03956500,232.1,9.8,SKAGWAY,2025-12-20 02:00:00,Tug,6,32,11
2025-01-07 06:26:07,368018710,WDJ8677,9173501,ANNA T,Under way using engine,58.16416500,-135.04004667,236.9,9.8,SKAGWAY,2025-12-20 02:00:00,Tug,6,32,11
2025-01-07 06:26:15,368018710,WDJ8677,9173501,ANNA T,Under way using engine,58.16397167,-135.04065167,239.1,9.9,SKAGWAY,2025-12-20 02:00:00,Tug,6,32,11
2025-01-07 06:26:35,368018710,WDJ8677,9173501,ANNA T,Under way using engine,58.16359000,-135.04219000,241.2,10.0,SKAGWAY,2025-12-20 02:00:00,Tug,6,32,11
2025-01-07 06:26:41,368018710,WDJ8677,9173501,ANNA T,Under way using engine,58.16350500,-135.04249333,244.1,10.1,SKAGWAY,2025-12-20 02:00:00,Tug,6,32,11
2025-01-07 06:26:46,368018710,WDJ8677,9173501,ANNA T,Under way using engine,58.16332333,-135.04316500,247.6,10.1,SKAGWAY,2025-12-20 02:00:00,Tug,6,32,11
2025-01-07 06:26:54,368018710,WDJ8677,9173501,ANNA T,Under way using engine,58.16318667,-135.04381500,250.3,10.1,SKAGWAY,2025-12-20 02:00:00,Tug,6,32,11
2025-01-07 06:27:05,368018710,WDJ8677,9173501,ANNA T,Under way using engine,58.16304500,-135.04466333,253.2,10.2,SKAGWAY,2025-12-20 02:00:00,Tug,6,32,11
2025-01-07 06:27:25,368018710,WDJ8677,9173501,ANNA T,Under way using engine,58.16280167,-135.04638667,257.0,10.3,SKAGWAY,2025-12-20 02:00:00,Tug,6,32,11
2025-01-07 06:28:00,368018710,WDJ8677,9173501,ANNA T,Under way using engine,58.16244000,-135.04961000,260.3,10.7,SKAGWAY,2025-12-20 02:00:00,Tug,6,32,11
2025-01-07 06:28:10,368018710,WDJ8677,9173501,ANNA T,Under way using engine,58.16237833,-135.05043833,264.3,10.9,SKAGWAY,2025-12-20 02:00:00,Tug,6,32,11
2025-01-07 06:28:14,368018710,WDJ8677,9173501,ANNA T,Under way using engine,58.16235667,-135.05082000,267.1,10.9,SKAGWAY,2025-12-20 02:00:00,Tug,6,32,11
2025-01-07 06:28:24,368018710,WDJ8677,9173501,ANNA T,Under way using engine,58.16235833,-135.05180500,269.8,11.1,SKAGWAY,2025-12-20 02:00:00,Tug,6,32,11
2025-01-07 06:28:38,368018710,WDJ8677,9173501,ANNA T,Under way using engine,58.16236500,-135.05322500,272.4,11.4,SKAGWAY,2025-12-20 02:00:00,Tug,6,32,11
2025-01-07 06:30:25,368018710,WDJ8677,9173501,ANNA T,Under way using engine,58.16256000,-135.06392500,270.3,11.5,SKAGWAY,2025-12-20 02:00:00,Tug,6,32,11
2025-01-07 06:31:38,368018710,WDJ8677,9173501,ANNA T,Under way using engine,58.16264667,-135.07142667,272.1,12.0,SKAGWAY,2025-12-20 02:00:00,Tug,6,32,11
2025-01-07 06:31:43,368018710,WDJ8677,9173501,ANNA T,Under way using engine,58.16263500,-135.07207000,270.0,11.9,SKAGWAY,2025-12-20 02:00:00,Tug,6,32,11
2025-01-07 06:32:51,368018710,WDJ8677,9173501,ANNA T,Under way using engine,58.16273667,-135.07911833,273.6,12.1,SKAGWAY,2025-12-20 02:00:00,Tug,6,32,11
2025-01-07 06:33:03,368018710,WDJ8677,9173501,ANNA T,Under way using engine,58.16283833,-135.08050500,277.9,12.0,SKAGWAY,2025-12-20 02:00:00,Tug,6,32,11
2025-01-07 06:34:28,368018710,WDJ8677,9173501,ANNA T,Under way using engine,58.16354833,-135.08911500,280.4,11.9,SKAGWAY,2025-12-20 02:00:00,Tug,6,32,11
2025-01-07 06:34:55,368018710,WDJ8677,9173501,ANNA T,Under way using engine,58.16376667,-135.09193167,277.6,11.4,SKAGWAY,2025-12-20 02:00:00,Tug,6,32,11
2025-01-07 06:35:10,368018710,WDJ8677,9173501,ANNA T,Under way using engine,58.16385667,-135.09336833,280.0,11.3,SKAGWAY,2025-12-20 02:00:00,Tug,6,32,11
2025-01-07 06:35:28,368018710,WDJ8677,9173501,ANNA T,Under way using engine,58.16404500,-135.09514167,282.8,11.3,SKAGWAY,2025-12-20 02:00:00,Tug,6,32,11
2025-01-07 06:36:08,368018710,WDJ8677,9173501,ANNA T,Under way using engine,58.16453167,-135.09900833,285.0,11.1,SKAGWAY,2025-12-20 02:00:00,Tug,6,32,11
2025-01-07 06:37:37,368018710,WDJ8677,9173501,ANNA T,Under way using engine,58.16565167,-135.10738833,281.6,10.9,SKAGWAY,2025-12-20 02:00:00,Tug,6,32,11
2025-01-07 06:39:12,368018710,WDJ8677,9173501,ANNA T,Under way using engine,58.16670667,-135.11622833,284.2,11.0,SKAGWAY,2025-12-20 02:00:00,Tug,6,32,11
2025-01-07 06:39:26,368018710,WDJ8677,9173501,ANNA T,Under way using engine,58.16690500,-135.11752667,287.2,11.1,SKAGWAY,2025-12-20 02:00:00,Tug,6,32,11
2025-01-07 06:40:40,368018710,WDJ8677,9173501,ANNA T,Under way using engine,58.16802333,-135.12426667,289.3,11.0,SKAGWAY,2025-12-20 02:00:00,Tug,6,32,11
2025-01-07 06:42:00,368018710,WDJ8677,9173501,ANNA T,Under way using engine,58.16932500,-135.13157167,286.9,11.0,SKAGWAY,2025-12-20 02:00:00,Tug,6,32,11
2025-01-07 06:42:08,368018710,WDJ8677,9173501,ANNA T,Under way using engine,58.16948000,-135.13236833,289.6,10.9,SKAGWAY,2025-12-20 02:00:00,Tug,6,32,11
2025-01-07 06:42:43,368018710,WDJ8677,9173501,ANNA T,Under way using engine,58.17002333,-135.13553833,287.2,10.9,SKAGWAY,2025-12-20 02:00:00,Tug,6,32,11
2025-01-07 06:42:55,368018710,WDJ8677,9173501,ANNA T,Under way using engine,58.17019000,-135.13653500,289.5,11.0,SKAGWAY,2025-12-20 02:00:00,Tug,6,32,11
2025-01-07 06:43:47,368018710,WDJ8677,9173501,ANNA T,Under way using engine,58.17110500,-135.14118167,291.7,10.9,SKAGWAY,2025-12-20 02:00:00,Tug,6,32,11
2025-01-07 06:44:04,368018710,WDJ8677,9173501,ANNA T,Under way using engine,58.17142500,-135.14270833,294.1,11.0,SKAGWAY,2025-12-20 02:00:00,Tug,6,32,11
2025-01-07 06:44:26,368018710,WDJ8677,9173501,ANNA T,Under way using engine,58.17186667,-135.14471000,291.2,10.7,SKAGWAY,2025-12-20 02:00:00,Tug,6,32,11
2025-01-07 06:45:44,368018710,WDJ8677,9173501,ANNA T,Under way using engine,58.17330667,-135.15152667,293.5,10.9,SKAGWAY,2025-12-20 02:00:00,Tug,6,32,11
2025-01-07 06:45:51,368018710,WDJ8677,9173501,ANNA T,Under way using engine,58.17344167,-135.15216167,291.4,11.0,SKAGWAY,2025-12-20 02:00:00,Tug,6,32,11
2025-01-07 06:46:38,368018710,WDJ8677,9173501,ANNA T,Under way using engine,58.17435333,-135.15634500,295.0,11.1,SKAGWAY,2025-12-20 02:00:00,Tug,6,32,11
2025-01-07 06:46:50,368018710,WDJ8677,9173501,ANNA T,Under way using engine,58.17461167,-135.15749000,292.5,11.1,SKAGWAY,2025-12-20 02:00:00,Tug,6,32,11
2025-01-07 06:48:28,368018710,WDJ8677,9173501,ANNA T,Under way using engine,58.17652333,-135.16610833,294.9,11.0,SKAGWAY,2025-12-20 02:00:00,Tug,6,32,11
2025-01-07 06:48:41,368018710,WDJ8677,9173501,ANNA T,Under way using engine,58.17677500,-135.16729333,292.9,11.0,SKAGWAY,2025-12-20 02:00:00,Tug,6,32,11
2025-01-07 06:49:40,368018710,WDJ8677,9173501,ANNA T,Under way using engine,58.17790500,-135.17272167,290.9,11.2,SKAGWAY,2025-12-20 02:00:00,Tug,6,32,11
2025-01-07 06:49:56,368018710,WDJ8677,9173501,ANNA T,Under way using engine,58.17817333,-135.17402833,293.6,11.1,SKAGWAY,2025-12-20 02:00:00,Tug,6,32,11
2025-01-07 06:50:40,368018710,WDJ8677,9173501,ANNA T,Under way using engine,58.17907500,-135.17797833,290.9,11.0,SKAGWAY,2025-12-20 02:00:00,Tug,6,32,11
2025-01-07 06:51:00,368018710,WDJ8677,9173501,ANNA T,Under way using engine,58.17946167,-135.17984667,292.9,11.1,SKAGWAY,2025-12-20 02:00:00,Tug,6,32,11
2025-01-07 06:53:04,368018710,WDJ8677,9173501,ANNA T,Under way using engine,58.18191000,-135.19092500,290.7,11.1,SKAGWAY,2025-12-20 02:00:00,Tug,6,32,11
2025-01-07 06:54:10,368018710,WDJ8677,9173501,ANNA T,Under way using engine,58.18319000,-135.19702167,292.9,11.2,SKAGWAY,2025-12-20 02:00:00,Tug,6,32,11
2025-01-07 06:55:33,368018710,WDJ8677,9173501,ANNA T,Under way using engine,58.18484667,-135.20456333,290.9,11.2,SKAGWAY,2025-12-20 02:00:00,Tug,6,32,11
2025-01-07 06:55:43,368018710,WDJ8677,9173501,ANNA T,Under way using engine,58.18501500,-135.20536000,293.0,11.2,SKAGWAY,2025-12-20 02:00:00,Tug,6,32,11
2025-01-07 06:56:48,368018710,WDJ8677,9173501,ANNA T,Under way using engine,58.18632833,-135.21124333,289.8,11.2,SKAGWAY,2025-12-20 02:00:00,Tug,6,32,11
2025-01-07 06:57:16,368018710,WDJ8677,9173501,ANNA T,Under way using engine,58.18682833,-135.21381000,292.3,11.4,SKAGWAY,2025-12-20 02:00:00,Tug,6,32,11
2025-01-07 07:00:08,368018710,WDJ8677,9173501,ANNA T,Under way using engine,58.19018000,-135.22972000,290.1,11.4,SKAGWAY,2025-12-20 02:00:00,Tug,6,32,11
2025-01-07 07:02:05,368018710,WDJ8677,9173501,ANNA T,Under way using engine,58.19235167,-135.24069667,292.2,11.4,SKAGWAY,2025-12-20 02:00:00,Tug,6,32,11
2025-01-07 07:04:41,368018710,WDJ8677,9173501,ANNA T,Under way using engine,58.19533000,-135.25522667,290.0,11.3,SKAGWAY,2025-12-20 02:00:00,Tug,6,32,11
2025-01-07 07:07:20,368018710,WDJ8677,9173501,ANNA T,Under way using engine,58.19817833,-135.27013667,292.6,11.4,SKAGWAY,2025-12-20 02:00:00,Tug,6,32,11
2025-01-07 07:07:56,368018710,WDJ8677,9173501,ANNA T,Under way using engine,58.19886333,-135.27343833,290.4,11.4,SKAGWAY,2025-12-20 02:00:00,Tug,6,32,11
2025-01-07 07:09:02,368018710,WDJ8677,9173501,ANNA T,Under way using engine,58.20008667,-135.27956500,292.5,11.4,SKAGWAY,2025-12-20 02:00:00,Tug,6,32,11
2025-01-07 07:09:21,368018710,WDJ8677,9173501,ANNA T,Under way using engine,58.20044833,-135.28130000,290.3,11.5,SKAGWAY,2025-12-20 02:00:00,Tug,6,32,11
2025-01-07 07:10:51,368018710,WDJ8677,9173501,ANNA T,Under way using engine,58.20219167,-135.28973333,292.3,11.4,SKAGWAY,2025-12-20 02:00:00,Tug,6,32,11
2025-01-07 07:12:54,368018710,WDJ8677,9173501,ANNA T,Under way using engine,58.20446167,-135.30091500,290.0,11.4,SKAGWAY,2025-12-20 02:00:00,Tug,6,32,11
2025-01-07 07:13:27,368018710,WDJ8677,9173501,ANNA T,Under way using engine,58.20513333,-135.30428500,292.3,11.4,SKAGWAY,2025-12-20 02:00:00,Tug,6,32,11
2025-01-07 07:17:24,368018710,WDJ8677,9173501,ANNA T,Under way using engine,58.20965500,-135.32624167,290.3,11.3,SKAGWAY,2025-12-20 02:00:00,Tug,6,32,11
2025-01-07 07:22:27,368018710,WDJ8677,9173501,ANNA T,Under way using engine,58.21519000,-135.35457000,291.3,11.2,SKAGWAY,2025-12-20 02:00:00,Tug,6,32,11
2025-01-07 07:24:06,368018710,WDJ8677,9173501,ANNA T,Under way using engine,58.21698167,-135.36377667,289.1,11.2,SKAGWAY,2025-12-20 02:00:00,Tug,6,32,11
2025-01-07 07:25:27,368018710,WDJ8677,9173501,ANNA T,Under way using engine,58.21838333,-135.37115833,291.1,11.3,SKAGWAY,2025-12-20 02:00:00,Tug,6,32,11
2025-01-07 07:30:30,368018710,WDJ8677,9173501,ANNA T,Under way using engine,58.22396833,-135.39923333,289.9,11.4,SKAGWAY,2025-12-20 02:00:00,Tug,6,32,11
2025-01-07 07:35:31,368018710,WDJ8677,9173501,ANNA T,Under way using engine,58.22935500,-135.42732333,290.9,11.4,SKAGWAY,2025-12-20 02:00:00,Tug,6,32,11
2025-01-07 07:37:50,368018710,WDJ8677,9173501,ANNA T,Under way using engine,58.23196667,-135.44028833,293.3,11.4,SKAGWAY,2025-12-20 02:00:00,Tug,6,32,11
2025-01-07 07:38:23,368018710,WDJ8677,9173501,ANNA T,Under way using engine,58.23262000,-135.44347167,290.5,11.5,SKAGWAY,2025-12-20 02:00:00,Tug,6,32,11
2025-01-07 07:43:23,368018710,WDJ8677,9173501,ANNA T,Under way using engine,58.23817000,-135.47135000,291.2,11.3,SKAGWAY,2025-12-20 02:00:00,Tug,6,32,11
2025-01-07 07:45:27,368018710,WDJ8677,9173501,ANNA T,Under way using engine,58.24042667,-135.48300167,288.7,11.3,SKAGWAY,2025-12-20 02:00:00,Tug,6,32,11
2025-01-07 07:46:14,368018710,WDJ8677,9173501,ANNA T,Under way using engine,58.24128667,-135.48739000,290.7,11.4,SKAGWAY,2025-12-20 02:00:00,Tug,6,32,11
2025-01-07 07:51:14,368018710,WDJ8677,9173501,ANNA T,Under way using engine,58.24680667,-135.51515500,289.0,11.3,SKAGWAY,2025-12-20 02:00:00,Tug,6,32,11
2025-01-07 07:51:47,368018710,WDJ8677,9173501,ANNA T,Under way using engine,58.24736333,-135.51809500,291.7,11.2,SKAGWAY,2025-12-20 02:00:00,Tug,6,32,11
2025-01-07 07:55:53,368018710,WDJ8677,9173501,ANNA T,Under way using engine,58.25208667,-135.54070333,293.8,11.3,SKAGWAY,2025-12-20 02:00:00,Tug,6,32,11
2025-01-07 07:56:45,368018710,WDJ8677,9173501,ANNA T,Under way using engine,58.25308167,-135.54541833,291.8,11.4,SKAGWAY,2025-12-20 02:00:00,Tug,6,32,11
2025-01-07 07:58:18,368018710,WDJ8677,9173501,ANNA T,Under way using engine,58.25487167,-135.55410167,289.7,11.5,SKAGWAY,2025-12-20 02:00:00,Tug,6,32,11
2025-01-07 07:58:49,368018710,WDJ8677,9173501,ANNA T,Under way using engine,58.25545000,-135.55701000,291.8,11.5,SKAGWAY,2025-12-20 02:00:00,Tug,6,32,11
2025-01-07 07:59:25,368018710,WDJ8677,9173501,ANNA T,Under way using engine,58.25616000,-135.56029667,293.8,11.3,SKAGWAY,2025-12-20 02:00:00,Tug,6,32,11
2025-01-07 08:01:18,368018710,WDJ8677,9173501,ANNA T,Under way using engine,58.25850500,-135.57069000,291.6,11.6,SKAGWAY,2025-12-20 02:00:00,Tug,6,32,11
2025-01-07 08:05:23,368018710,WDJ8677,9173501,ANNA T,Under way using engine,58.26325000,-135.59318167,289.1,11.3,SKAGWAY,2025-12-20 02:00:00,Tug,6,32,11
2025-01-07 08:06:04,368018710,WDJ8677,9173501,ANNA T,Under way using engine,58.26398833,-135.59734667,291.9,11.1,SKAGWAY,2025-12-20 02:00:00,Tug,6,32,11
2025-01-07 08:08:49,368018710,WDJ8677,9173501,ANNA T,Under way using engine,58.26699333,-135.61236667,289.8,11.4,SKAGWAY,2025-12-20 02:00:00,Tug,6,32,11
2025-01-07 08:09:11,368018710,WDJ8677,9173501,ANNA T,Under way using engine,58.26742833,-135.61441000,292.1,11.5,SKAGWAY,2025-12-20 02:00:00,Tug,6,32,11
2025-01-07 08:10:44,368018710,WDJ8677,9173501,ANNA T,Under way using engine,58.26913833,-135.62304167,290.1,11.3,SKAGWAY,2025-12-20 02:00:00,Tug,6,32,11
2025-01-07 08:15:47,368018710,WDJ8677,9173501,ANNA T,Under way using engine,58.27451000,-135.65098500,289.0,11.1,SKAGWAY,2025-12-20 02:00:00,Tug,6,32,11
2025-01-07 08:17:28,368018710,WDJ8677,9173501,ANNA T,Under way using engine,58.27620667,-135.66034667,286.6,11.2,SKAGWAY,2025-12-20 02:00:00,Tug,6,32,11
2025-01-07 08:19:26,368018710,WDJ8677,9173501,ANNA T,Under way using engine,58.27808833,-135.67119333,288.8,11.0,SKAGWAY,2025-12-20 02:00:00,Tug,6,32,11
2025-01-07 08:21:22,368018710,WDJ8677,9173501,ANNA T,Under way using engine,58.28000833,-135.68179167,290.9,10.8,SKAGWAY,2025-12-20 02:00:00,Tug,6,32,11
2025-01-07 08:22:15,368018710,WDJ8677,9173501,ANNA T,Under way using engine,58.28090667,-135.68653000,288.5,11.1,SKAGWAY,2025-12-20 02:00:00,Tug,6,32,11
2025-01-07 08:22:51,368018710,WDJ8677,9173501,ANNA T,Under way using engine,58.28152667,-135.68974500,290.5,10.9,SKAGWAY,2025-12-20 02:00:00,Tug,6,32,11
2025-01-07 08:27:51,368018710,WDJ8677,9173501,ANNA T,Under way using engine,58.28682667,-135.71677167,290.4,10.9,SKAGWAY,2025-12-20 02:00:00,Tug,6,32,11
2025-01-07 08:29:19,368018710,WDJ8677,9173501,ANNA T,Under way using engine,58.28838500,-135.72469000,288.4,11.1,SKAGWAY,2025-12-20 02:00:00,Tug,6,32,11
2025-01-07 08:30:21,368018710,WDJ8677,9173501,ANNA T,Under way using engine,58.28942167,-135.73034000,290.9,11.1,SKAGWAY,2025-12-20 02:00:00,Tug,6,32,11
2025-01-07 08:31:57,368018710,WDJ8677,9173501,ANNA T,Under way using engine,58.29111167,-135.73917667,288.9,11.2,SKAGWAY,2025-12-20 02:00:00,Tug,6,32,11
2025-01-07 08:36:07,368018710,WDJ8677,9173501,ANNA T,Under way using engine,58.29540667,-135.76231667,291.1,11.0,SKAGWAY,2025-12-20 02:00:00,Tug,6,32,11
2025-01-07 08:36:41,368018710,WDJ8677,9173501,ANNA T,Under way using engine,58.29603000,-135.76548833,288.7,11.0,SKAGWAY,2025-12-20 02:00:00,Tug,6,32,11
2025-01-07 08:37:00,368018710,WDJ8677,9173501,ANNA T,Under way using engine,58.29633333,-135.76713000,291.2,11.1,SKAGWAY,2025-12-20 02:00:00,Tug,6,32,11
2025-01-07 08:37:18,368018710,WDJ8677,9173501,ANNA T,Under way using engine,58.29663667,-135.76876333,289.0,11.0,SKAGWAY,2025-12-20 02:00:00,Tug,6,32,11
2025-01-07 08:37:31,368018710,WDJ8677,9173501,ANNA T,Under way using engine,58.29689167,-135.76994333,291.5,11.1,SKAGWAY,2025-12-20 02:00:00,Tug,6,32,11
2025-01-07 08:38:03,368018710,WDJ8677,9173501,ANNA T,Under way using engine,58.29747167,-135.77297000,288.8,11.1,SKAGWAY,2025-12-20 02:00:00,Tug,6,32,11
2025-01-07 08:38:07,368018710,WDJ8677,9173501,ANNA T,Under way using engine,58.29750833,-135.77325333,285.7,11.0,SKAGWAY,2025-12-20 02:00:00,Tug,6,32,11
2025-01-07 08:38:15,368018710,WDJ8677,9173501,ANNA T,Under way using engine,58.29757667,-135.77400000,278.7,11.0,SKAGWAY,2025-12-20 02:00:00,Tug,6,32,11
2025-01-07 08:38:24,368018710,WDJ8677,9173501,ANNA T,Under way using engine,58.29764167,-135.77494667,276.5,11.1,SKAGWAY,2025-12-20 02:00:00,Tug,6,32,11
2025-01-07 08:38:48,368018710,WDJ8677,9173501,ANNA T,Under way using engine,58.29775833,-135.77726333,273.4,11.3,SKAGWAY,2025-12-20 02:00:00,Tug,6,32,11
2025-01-07 08:39:44,368018710,WDJ8677,9173501,ANNA T,Under way using engine,58.29794000,-135.78269167,275.5,11.2,SKAGWAY,2025-12-20 02:00:00,Tug,6,32,11
2025-01-07 08:40:18,368018710,WDJ8677,9173501,ANNA T,Under way using engine,58.29809333,-135.78610333,271.8,11.4,SKAGWAY,2025-12-20 02:00:00,Tug,6,32,11
2025-01-07 08:40:23,368018710,WDJ8677,9173501,ANNA T,Under way using engine,58.29810333,-135.78664500,269.0,11.3,SKAGWAY,2025-12-20 02:00:00,Tug,6,32,11
2025-01-07 08:40:34,368018710,WDJ8677,9173501,ANNA T,Under way using engine,58.29805167,-135.78782667,266.0,11.3,SKAGWAY,2025-12-20 02:00:00,Tug,6,32,11
2025-01-07 08:41:33,368018710,WDJ8677,9173501,ANNA T,Under way using engine,58.29776500,-135.79358000,263.5,11.3,SKAGWAY,2025-12-20 02:00:00,Tug,6,32,11
2025-01-07 08:41:37,368018710,WDJ8677,9173501,ANNA T,Under way using engine,58.29772833,-135.79393500,261.2,11.2,SKAGWAY,2025-12-20 02:00:00,Tug,6,32,11
2025-01-07 08:41:41,368018710,WDJ8677,9173501,ANNA T,Under way using engine,58.29761667,-135.79430667,258.1,11.2,SKAGWAY,2025-12-20 02:00:00,Tug,6,32,11
2025-01-07 08:41:47,368018710,WDJ8677,9173501,ANNA T,Under way using engine,58.29753833,-135.79475500,253.7,11.2,SKAGWAY,2025-12-20 02:00:00,Tug,6,32,11
2025-01-07 08:41:51,368018710,WDJ8677,9173501,ANNA T,Under way using engine,58.29748500,-135.79515000,251.5,11.2,SKAGWAY,2025-12-20 02:00:00,Tug,6,32,11
2025-01-07 08:42:04,368018710,WDJ8677,9173501,ANNA T,Under way using engine,58.29728500,-135.79643333,249.4,11.1,SKAGWAY,2025-12-20 02:00:00,Tug,6,32,11
2025-01-07 08:44:10,368018710,WDJ8677,9173501,ANNA T,Under way using engine,58.29497000,-135.80787167,247.1,11.0,SKAGWAY,2025-12-20 02:00:00,Tug,6,32,11
2025-01-07 08:44:47,368018710,WDJ8677,9173501,ANNA T,Under way using engine,58.29422167,-135.81095500,247.4,10.4,SKAGWAY,2025-12-20 02:00:00,Tug,6,32,11
2025-01-07 08:45:55,368018710,WDJ8677,9173501,ANNA T,Under way using engine,58.29299500,-135.81655000,249.7,10.1,SKAGWAY,2025-12-20 02:00:00,Tug,6,32,11
2025-01-07 08:46:42,368018710,WDJ8677,9173501,ANNA T,Under way using engine,58.29223667,-135.82043667,247.3,10.1,SKAGWAY,2025-12-20 02:00:00,Tug,6,32,11
2025-01-07 08:47:37,368018710,WDJ8677,9173501,ANNA T,Under way using engine,58.29128500,-135.82493000,250.7,9.9,SKAGWAY,2025-12-20 02:00:00,Tug,6,32,11
2025-01-07 08:47:56,368018710,WDJ8677,9173501,ANNA T,Under way using engine,58.29098667,-135.82650167,248.1,10.0,SKAGWAY,2025-12-20 02:00:00,Tug,6,32,11
2025-01-07 08:48:11,368018710,WDJ8677,9173501,ANNA T,Under way using engine,58.29071833,-135.82765667,250.3,10.0,SKAGWAY,2025-12-20 02:00:00,Tug,6,32,11
2025-01-07 08:48:21,368018710,WDJ8677,9173501,ANNA T,Under way using engine,58.29057167,-135.82848833,252.3,10.0,SKAGWAY,2025-12-20 02:00:00,Tug,6,32,11
2025-01-07 08:48:54,368018710,WDJ8677,9173501,ANNA T,Under way using engine,58.29011667,-135.83137333,252.5,10.5,SKAGWAY,2025-12-20 02:00:00,Tug,6,32,11
2025-01-07 08:49:57,368018710,WDJ8677,9173501,ANNA T,Under way using engine,58.28918833,-135.83691167,250.5,10.7,SKAGWAY,2025-12-20 02:00:00,Tug,6,32,11
2025-01-07 08:51:57,368018710,WDJ8677,9173501,ANNA T,Under way using engine,58.28716500,-135.84768500,248.9,11.3,SKAGWAY,2025-12-20 02:00:00,Tug,6,32,11
2025-01-07 08:56:57,368018710,WDJ8677,9173501,ANNA T,Under way using engine,58.28157500,-135.87542667,248.7,11.2,SKAGWAY,2025-12-20 02:00:00,Tug,6,32,11
2025-01-07 09:01:57,368018710,WDJ8677,9173501,ANNA T,Under way using engine,58.27595500,-135.90280667,248.8,11.1,SKAGWAY,2025-12-20 02:00:00,Tug,6,32,11
2025-01-07 09:06:57,368018710,WDJ8677,9173501,ANNA T,Under way using engine,58.27074333,-135.92983500,250.5,11.1,SKAGWAY,2025-12-20 02:00:00,Tug,6,32,11
2025-01-07 09:11:57,368018710,WDJ8677,9173501,ANNA T,Under way using engine,58.26533667,-135.95791667,250.3,11.3,SKAGWAY,2025-12-20 02:00:00,Tug,6,32,11
2025-01-07 09:16:58,368018710,WDJ8677,9173501,ANNA T,Under way using engine,58.26018333,-135.98605667,251.8,11.4,SKAGWAY,2025-12-20 02:00:00,Tug,6,32,11
2025-01-07 09:18:38,368018710,WDJ8677,9173501,ANNA T,Under way using engine,58.25848333,-135.99547167,249.6,11.3,SKAGWAY,2025-12-20 02:00:00,Tug,6,32,11
2025-01-07 09:23:41,368018710,WDJ8677,9173501,ANNA T,Under way using engine,58.25332333,-136.02284167,250.8,11.0,SKAGWAY,2025-12-20 02:00:00,Tug,6,32,11
2025-01-07 09:28:46,368018710,WDJ8677,9173501,ANNA T,Under way using engine,58.24817833,-136.05114167,250.9,11.3,SKAGWAY,2025-12-20 02:00:00,Tug,6,32,11
2025-01-07 09:30:14,368018710,WDJ8677,9173501,ANNA T,Under way using engine,58.24667667,-136.05928667,253.8,11.3,SKAGWAY,2025-12-20 02:00:00,Tug,6,32,11
2025-01-07 09:30:24,368018710,WDJ8677,9173501,ANNA T,Under way using engine,58.24660000,-136.05996500,256.4,11.4,SKAGWAY,2025-12-20 02:00:00,Tug,6,32,11
2025-01-07 09:30:34,368018710,WDJ8677,9173501,ANNA T,Under way using engine,58.24644333,-136.06132000,258.5,11.4,SKAGWAY,2025-12-20 02:00:00,Tug,6,32,11
2025-01-07 09:30:44,368018710,WDJ8677,9173501,ANNA T,Under way using engine,58.24636333,-136.06218833,261.0,11.4,SKAGWAY,2025-12-20 02:00:00,Tug,6,32,11
2025-01-07 09:30:57,368018710,WDJ8677,9173501,ANNA T,Under way using engine,58.24627667,-136.06358333,263.0,11.4,SKAGWAY,2025-12-20 02:00:00,Tug,6,32,11
2025-01-07 09:31:18,368018710,WDJ8677,9173501,ANNA T,Under way using engine,58.24616667,-136.06551667,266.0,11.4,SKAGWAY,2025-12-20 02:00:00,Tug,6,32,11
2025-01-07 09:31:38,368018710,WDJ8677,9173501,ANNA T,Under way using engine,58.24612167,-136.06754167,268.4,11.4,SKAGWAY,2025-12-20 02:00:00,Tug,6,32,11
2025-01-07 09:32:13,368018710,WDJ8677,9173501,ANNA T,Under way using engine,58.24616500,-136.07115333,273.1,11.4,SKAGWAY,2025-12-20 02:00:00,Tug,6,32,11
2025-01-07 09:32:38,368018710,WDJ8677,9173501,ANNA T,Under way using engine,58.24627167,-136.07354000,275.8,11.4,SKAGWAY,2025-12-20 02:00:00,Tug,6,32,11
2025-01-07 09:32:57,368018710,WDJ8677,9173501,ANNA T,Under way using engine,58.24640000,-136.07556667,278.1,11.4,SKAGWAY,2025-12-20 02:00:00,Tug,6,32,11
2025-01-07 09:36:07,368018710,WDJ8677,9173501,ANNA T,Under way using engine,58.24793833,-136.09407167,281.6,11.3,SKAGWAY,2025-12-20 02:00:00,Tug,6,32,11
2025-01-07 09:36:38,368018710,WDJ8677,9173501,ANNA T,Under way using engine,58.24829333,-136.09704167,283.6,11.3,SKAGWAY,2025-12-20 02:00:00,Tug,6,32,11
2025-01-07 09:40:45,368018710,WDJ8677,9173501,ANNA T,Under way using engine,58.25146167,-136.12091500,285.7,11.5,SKAGWAY,2025-12-20 02:00:00,Tug,6,32,11
2025-01-07 09:43:37,368018710,WDJ8677,9173501,ANNA T,Under way using engine,58.25397333,-136.13765167,287.9,11.7,SKAGWAY,2025-12-20 02:00:00,Tug,6,32,11
2025-01-07 09:48:37,368018710,WDJ8677,9173501,ANNA T,Under way using engine,58.25889500,-136.16692500,288.1,11.7,SKAGWAY,2025-12-20 02:00:00,Tug,6,32,11
2025-01-07 09:53:38,368018710,WDJ8677,9173501,ANNA T,Under way using engine,58.26411667,-136.19587167,289.1,11.4,SKAGWAY,2025-12-20 02:00:00,Tug,6,32,11
2025-01-07 09:58:38,368018710,WDJ8677,9173501,ANNA T,Under way using engine,58.26927833,-136.22440833,289.3,11.6,SKAGWAY,2025-12-20 02:00:00,Tug,6,32,11
2025-01-07 10:01:18,368018710,WDJ8677,9173501,ANNA T,Under way using engine,58.27204000,-136.23937333,289.8,11.1,SKAGWAY,2025-12-20 02:00:00,Tug,6,32,11
2025-01-07 10:02:25,368018710,WDJ8677,9173501,ANNA T,Under way using engine,58.27318667,-136.24566167,287.6,10.8,SKAGWAY,2025-12-20 02:00:00,Tug,6,32,11
2025-01-07 10:02:36,368018710,WDJ8677,9173501,ANNA T,Under way using engine,58.27333167,-136.24662667,286.3,10.2,SKAGWAY,2025-12-20 02:00:00,Tug,6,32,11
2025-01-07 10:02:56,368018710,WDJ8677,9173501,ANNA T,Under way using engine,58.27363500,-136.24833500,289.1,9.6,SKAGWAY,2025-12-20 02:00:00,Tug,6,32,11
2025-01-07 10:04:04,368018710,WDJ8677,9173501,ANNA T,Under way using engine,58.27457667,-136.25350167,287.1,9.4,SKAGWAY,2025-12-20 02:00:00,Tug,6,32,11
2025-01-07 10:06:23,368018710,WDJ8677,9173501,ANNA T,Under way using engine,58.27631500,-136.26446167,284.9,9.8,SKAGWAY,2025-12-20 02:00:00,Tug,6,32,11
2025-01-07 10:06:46,368018710,WDJ8677,9173501,ANNA T,Under way using engine,58.27657667,-136.26664833,280.4,10.2,SKAGWAY,2025-12-20 02:00:00,Tug,6,32,11
2025-01-07 10:07:44,368018710,WDJ8677,9173501,ANNA T,Under way using engine,58.27705333,-136.27185000,282.5,10.7,SKAGWAY,2025-12-20 02:00:00,Tug,6,32,11
2025-01-07 10:09:07,368018710,WDJ8677,9173501,ANNA T,Under way using engine,58.27800333,-136.27950333,285.1,10.6,SKAGWAY,2025-12-20 02:00:00,Tug,6,32,11
2025-01-07 10:10:28,368018710,WDJ8677,9173501,ANNA T,Under way using engine,58.27909500,-136.28673167,287.1,10.9,SKAGWAY,2025-12-20 02:00:00,Tug,6,32,11
2025-01-07 10:11:27,368018710,WDJ8677,9173501,ANNA T,Under way using engine,58.28001667,-136.29214833,289.4,10.6,SKAGWAY,2025-12-20 02:00:00,Tug,6,32,11
2025-01-07 10:14:09,368018710,WDJ8677,9173501,ANNA T,Under way using engine,58.28263167,-136.30654500,289.0,11.1,SKAGWAY,2025-12-20 02:00:00,Tug,6,32,11
2025-01-07 10:15:40,368018710,WDJ8677,9173501,ANNA T,Under way using engine,58.28406333,-136.31492667,286.8,11.2,SKAGWAY,2025-12-20 02:00:00,Tug,6,32,11
2025-01-07 10:15:51,368018710,WDJ8677,9173501,ANNA T,Under way using engine,58.28421500,-136.31600000,284.8,11.0,SKAGWAY,2025-12-20 02:00:00,Tug,6,32,11
2025-01-07 10:16:01,368018710,WDJ8677,9173501,ANNA T,Under way using engine,58.28432667,-136.31691667,281.9,11.0,SKAGWAY,2025-12-20 02:00:00,Tug,6,32,11
2025-01-07 10:16:10,368018710,WDJ8677,9173501,ANNA T,Under way using engine,58.28441333,-136.31772833,279.9,11.1,SKAGWAY,2025-12-20 02:00:00,Tug,6,32,11
2025-01-07 10:17:08,368018710,WDJ8677,9173501,ANNA T,Under way using engine,58.28487500,-136.32334667,277.2,11.3,SKAGWAY,2025-12-20 02:00:00,Tug,6,32,11
2025-01-07 10:17:19,368018710,WDJ8677,9173501,ANNA T,Under way using engine,58.28492667,-136.32443000,274.8,11.3,SKAGWAY,2025-12-20 02:00:00,Tug,6,32,11
2025-01-07 10:17:44,368018710,WDJ8677,9173501,ANNA T,Under way using engine,58.28500500,-136.32690000,272.3,11.3,SKAGWAY,2025-12-20 02:00:00,Tug,6,32,11
2025-01-07 10:18:06,368018710,WDJ8677,9173501,ANNA T,Under way using engine,58.28498500,-136.32921167,269.1,11.3,SKAGWAY,2025-12-20 02:00:00,Tug,6,32,11
2025-01-07 10:18:45,368018710,WDJ8677,9173501,ANNA T,Under way using engine,58.28497833,-136.33298667,270.5,10.8,SKAGWAY,2025-12-20 02:00:00,Tug,6,32,11
2025-01-07 10:19:31,368018710,WDJ8677,9173501,ANNA T,Under way using engine,58.28496167,-136.33714833,268.0,10.5,SKAGWAY,2025-12-20 02:00:00,Tug,6,32,11
2025-01-07 10:19:48,368018710,WDJ8677,9173501,ANNA T,Under way using engine,58.28487667,-136.33873833,265.1,10.6,SKAGWAY,2025-12-20 02:00:00,Tug,6,32,11
2025-01-07 10:20:20,368018710,WDJ8677,9173501,ANNA T,Under way using engine,58.28468333,-136.34166833,261.4,10.6,SKAGWAY,2025-12-20 02:00:00,Tug,6,32,11
2025-01-07 10:20:35,368018710,WDJ8677,9173501,ANNA T,Under way using engine,58.28456167,-136.34305333,258.8,10.5,SKAGWAY,2025-12-20 02:00:00,Tug,6,32,11
2025-01-07 10:23:38,368018710,WDJ8677,9173501,ANNA T,Under way using engine,58.28289167,-136.35951667,260.8,10.3,SKAGWAY,2025-12-20 02:00:00,Tug,6,32,11
2025-01-07 10:25:20,368018710,WDJ8677,9173501,ANNA T,Under way using engine,58.28213333,-136.36884667,260.7,10.8,SKAGWAY,2025-12-20 02:00:00,Tug,6,32,11
2025-01-07 10:26:21,368018710,WDJ8677,9173501,ANNA T,Under way using engine,58.28161000,-136.37444167,263.4,10.8,SKAGWAY,2025-12-20 02:00:00,Tug,6,32,11
2025-01-07 10:27:16,368018710,WDJ8677,9173501,ANNA T,Under way using engine,58.28124500,-136.37977167,261.8,11.3,SKAGWAY,2025-12-20 02:00:00,Tug,6,32,11
2025-01-07 10:27:47,368018710,WDJ8677,9173501,ANNA T,Under way using engine,58.28100667,-136.38273167,261.7,10.8,SKAGWAY,2025-12-20 02:00:00,Tug,6,32,11
2025-01-07 10:27:53,368018710,WDJ8677,9173501,ANNA T,Under way using engine,58.28097000,-136.38330167,258.9,10.6,SKAGWAY,2025-12-20 02:00:00,Tug,6,32,11
2025-01-07 10:28:37,368018710,WDJ8677,9173501,ANNA T,Under way using engine,58.28058833,-136.38736500,263.2,10.7,SKAGWAY,2025-12-20 02:00:00,Tug,6,32,11
2025-01-07 10:28:54,368018710,WDJ8677,9173501,ANNA T,Under way using engine,58.28051333,-136.38894167,264.5,11.2,SKAGWAY,2025-12-20 02:00:00,Tug,6,32,11
2025-01-07 10:29:39,368018710,WDJ8677,9173501,ANNA T,Under way using engine,58.28030833,-136.39341833,269.6,10.9,SKAGWAY,2025-12-20 02:00:00,Tug,6,32,11
2025-01-07 10:29:43,368018710,WDJ8677,9173501,ANNA T,Under way using engine,58.28033667,-136.39377833,271.9,10.8,SKAGWAY,2025-12-20 02:00:00,Tug,6,32,11
2025-01-07 10:29:59,368018710,WDJ8677,9173501,ANNA T,Under way using engine,58.28033333,-136.39524333,267.7,11.3,SKAGWAY,2025-12-20 02:00:00,Tug,6,32,11
2025-01-07 10:30:15,368018710,WDJ8677,9173501,ANNA T,Under way using engine,58.28026667,-136.39677500,270.7,10.9,SKAGWAY,2025-12-20 02:00:00,Tug,6,32,11
2025-01-07 10:30:20,368018710,WDJ8677,9173501,ANNA T,Under way using engine,58.28025667,-136.39720167,272.7,10.8,SKAGWAY,2025-12-20 02:00:00,Tug,6,32,11
2025-01-07 10:30:24,368018710,WDJ8677,9173501,ANNA T,Under way using engine,58.28032833,-136.39767667,278.3,10.7,SKAGWAY,2025-12-20 02:00:00,Tug,6,32,11
2025-01-07 10:30:38,368018710,WDJ8677,9173501,ANNA T,Under way using engine,58.28045500,-136.39885167,280.4,9.8,SKAGWAY,2025-12-20 02:00:00,Tug,6,32,11
2025-01-07 10:30:44,368018710,WDJ8677,9173501,ANNA T,Under way using engine,58.28046000,-136.39935000,277.5,9.6,SKAGWAY,2025-12-20 02:00:00,Tug,6,32,11
2025-01-07 10:30:54,368018710,WDJ8677,9173501,ANNA T,Under way using engine,58.28059667,-136.40026667,279.7,9.3,SKAGWAY,2025-12-20 02:00:00,Tug,6,32,11
2025-01-07 10:31:04,368018710,WDJ8677,9173501,ANNA T,Under way using engine,58.28060500,-136.40096000,276.9,8.9,SKAGWAY,2025-12-20 02:00:00,Tug,6,32,11
2025-01-07 10:31:17,368018710,WDJ8677,9173501,ANNA T,Under way using engine,58.28068000,-136.40191500,275.6,8.3,SKAGWAY,2025-12-20 02:00:00,Tug,6,32,11
2025-01-07 10:31:24,368018710,WDJ8677,9173501,ANNA T,Under way using engine,58.28066500,-136.40237000,277.7,8.5,SKAGWAY,2025-12-20 02:00:00,Tug,6,32,11
2025-01-07 10:31:34,368018710,WDJ8677,9173501,ANNA T,Under way using engine,58.28074167,-136.40321000,280.3,8.6,SKAGWAY,2025-12-20 02:00:00,Tug,6,32,11
2025-01-07 10:31:48,368018710,WDJ8677,9173501,ANNA T,Under way using engine,58.28084667,-136.40420167,277.7,8.7,SKAGWAY,2025-12-20 02:00:00,Tug,6,32,11
2025-01-07 10:32:27,368018710,WDJ8677,9173501,ANNA T,Under way using engine,58.28107833,-136.40723000,275.0,8.5,SKAGWAY,2025-12-20 02:00:00,Tug,6,32,11
2025-01-07 10:32:43,368018710,WDJ8677,9173501,ANNA T,Under way using engine,58.28107167,-136.40839000,273.0,8.3,SKAGWAY,2025-12-20 02:00:00,Tug,6,32,11
2025-01-07 10:32:55,368018710,WDJ8677,9173501,ANNA T,Under way using engine,58.28112500,-136.40928667,270.8,8.3,SKAGWAY,2025-12-20 02:00:00,Tug,6,32,11
2025-01-07 10:33:17,368018710,WDJ8677,9173501,ANNA T,Under way using engine,58.28111667,-136.41091000,267.7,8.3,SKAGWAY,2025-12-20 02:00:00,Tug,6,32,11
2025-01-07 10:33:21,368018710,WDJ8677,9173501,ANNA T,Under way using engine,58.28109333,-136.41126333,265.6,8.3,SKAGWAY,2025-12-20 02:00:00,Tug,6,32,11
2025-01-07 10:33:27,368018710,WDJ8677,9173501,ANNA T,Under way using engine,58.28107167,-136.41158667,262.4,7.9,SKAGWAY,2025-12-20 02:00:00,Tug,6,32,11
2025-01-07 10:33:31,368018710,WDJ8677,9173501,ANNA T,Under way using engine,58.28103833,-136.41187000,259.3,8.0,SKAGWAY,2025-12-20 02:00:00,Tug,6,32,11
2025-01-07 10:33:44,368018710,WDJ8677,9173501,ANNA T,Under way using engine,58.28096500,-136.41269667,254.0,7.7,SKAGWAY,2025-12-20 02:00:00,Tug,6,32,11
2025-01-07 10:33:51,368018710,WDJ8677,9173501,ANNA T,Under way using engine,58.28087333,-136.41314833,250.7,7.6,SKAGWAY,2025-12-20 02:00:00,Tug,6,32,11
2025-01-07 10:33:55,368018710,WDJ8677,9173501,ANNA T,Under way using engine,58.28080500,-136.41339500,247.8,7.6,SKAGWAY,2025-12-20 02:00:00,Tug,6,32,11
2025-01-07 10:34:01,368018710,WDJ8677,9173501,ANNA T,Under way using engine,58.28070833,-136.41376000,244.1,7.6,SKAGWAY,2025-12-20 02:00:00,Tug,6,32,11
2025-01-07 10:34:14,368018710,WDJ8677,9173501,ANNA T,Under way using engine,58.28050667,-136.41451667,241.4,7.4,SKAGWAY,2025-12-20 02:00:00,Tug,6,32,11
2025-01-07 10:34:36,368018710,WDJ8677,9173501,ANNA T,Under way using engine,58.28018667,-136.41577500,242.8,8.0,SKAGWAY,2025-12-20 02:00:00,Tug,6,32,11
2025-01-07 10:34:50,368018710,WDJ8677,9173501,ANNA T,Under way using engine,58.27993000,-136.41668333,240.1,7.8,SKAGWAY,2025-12-20 02:00:00,Tug,6,32,11
2025-01-07 10:34:57,368018710,WDJ8677,9173501,ANNA T,Under way using engine,58.27976833,-136.41715500,237.1,8.1,SKAGWAY,2025-12-20 02:00:00,Tug,6,32,11
2025-01-07 10:35:04,368018710,WDJ8677,9173501,ANNA T,Under way using engine,58.27963000,-136.41749833,234.4,8.0,SKAGWAY,2025-12-20 02:00:00,Tug,6,32,11
2025-01-07 10:35:17,368018710,WDJ8677,9173501,ANNA T,Under way using engine,58.27934167,-136.41823500,229.0,8.0,SKAGWAY,2025-12-20 02:00:00,Tug,6,32,11
2025-01-07 10:35:24,368018710,WDJ8677,9173501,ANNA T,Under way using engine,58.27915833,-136.41865333,231.2,8.1,SKAGWAY,2025-12-20 02:00:00,Tug,6,32,11
2025-01-07 10:35:41,368018710,WDJ8677,9173501,ANNA T,Under way using engine,58.27873833,-136.41955333,228.7,8.6,SKAGWAY,2025-12-20 02:00:00,Tug,6,32,11
2025-01-07 10:35:53,368018710,WDJ8677,9173501,ANNA T,Under way using engine,58.27837667,-136.42031167,225.3,9.0,SKAGWAY,2025-12-20 02:00:00,Tug,6,32,11
2025-01-07 10:36:07,368018710,WDJ8677,9173501,ANNA T,Under way using engine,58.27796667,-136.42100167,222.7,9.3,SKAGWAY,2025-12-20 02:00:00,Tug,6,32,11
2025-01-07 10:37:13,368018710,WDJ8677,9173501,ANNA T,Under way using engine,58.27579333,-136.42472333,220.6,9.8,SKAGWAY,2025-12-20 02:00:00,Tug,6,32,11
2025-01-07 10:38:25,368018710,WDJ8677,9173501,ANNA T,Under way using engine,58.27336000,-136.42877333,223.1,9.7,SKAGWAY,2025-12-20 02:00:00,Tug,6,32,11
2025-01-07 10:38:29,368018710,WDJ8677,9173501,ANNA T,Under way using engine,58.27322500,-136.42898667,220.4,10.0,SKAGWAY,2025-12-20 02:00:00,Tug,6,32,11
2025-01-07 10:38:37,368018710,WDJ8677,9173501,ANNA T,Under way using engine,58.27296833,-136.42942500,222.0,9.4,SKAGWAY,2025-12-20 02:00:00,Tug,6,32,11
2025-01-07 10:39:04,368018710,WDJ8677,9173501,ANNA T,Under way using engine,58.27206000,-136.43096333,221.6,9.9,SKAGWAY,2025-12-20 02:00:00,Tug,6,32,11
2025-01-07 10:39:41,368018710,WDJ8677,9173501,ANNA T,Under way using engine,58.27078167,-136.43305167,218.3,10.0,SKAGWAY,2025-12-20 02:00:00,Tug,6,32,11
2025-01-07 10:40:21,368018710,WDJ8677,9173501,ANNA T,Under way using engine,58.26928167,-136.43525333,216.0,10.4,SKAGWAY,2025-12-20 02:00:00,Tug,6,32,11
2025-01-07 10:40:44,368018710,WDJ8677,9173501,ANNA T,Under way using engine,58.26836167,-136.43649500,218.5,10.4,SKAGWAY,2025-12-20 02:00:00,Tug,6,32,11
2025-01-07 10:41:18,368018710,WDJ8677,9173501,ANNA T,Under way using engine,58.26704000,-136.43841500,216.2,10.6,SKAGWAY,2025-12-20 02:00:00,Tug,6,32,11
2025-01-07 10:41:45,368018710,WDJ8677,9173501,ANNA T,Under way using engine,58.26602333,-136.43998333,219.4,10.7,SKAGWAY,2025-12-20 02:00:00,Tug,6,32,11
2025-01-07 10:42:58,368018710,WDJ8677,9173501,ANNA T,Under way using engine,58.26320500,-136.44436000,220.4,11.2,SKAGWAY,2025-12-20 02:00:00,Tug,6,32,11
2025-01-07 10:43:48,368018710,WDJ8677,9173501,ANNA T,Under way using engine,58.26126833,-136.44750500,218.2,11.0,SKAGWAY,2025-12-20 02:00:00,Tug,6,32,11
2025-01-07 10:44:10,368018710,WDJ8677,9173501,ANNA T,Under way using engine,58.26033167,-136.44882833,216.1,11.5,SKAGWAY,2025-12-20 02:00:00,Tug,6,32,11
2025-01-07 10:44:34,368018710,WDJ8677,9173501,ANNA T,Under way using engine,58.25936333,-136.45016500,217.3,11.0,SKAGWAY,2025-12-20 02:00:00,Tug,6,32,11
2025-01-07 10:45:11,368018710,WDJ8677,9173501,ANNA T,Under way using engine,58.25783000,-136.45239833,219.4,10.9,SKAGWAY,2025-12-20 02:00:00,Tug,6,32,11
2025-01-07 10:45:21,368018710,WDJ8677,9173501,ANNA T,Under way using engine,58.25746500,-136.45305667,222.5,10.9,SKAGWAY,2025-12-20 02:00:00,Tug,6,32,11
2025-01-07 10:45:31,368018710,WDJ8677,9173501,ANNA T,Under way using engine,58.25712500,-136.45357333,219.3,10.6,SKAGWAY,2025-12-20 02:00:00,Tug,6,32,11
2025-01-07 10:46:24,368018710,WDJ8677,9173501,ANNA T,Under way using engine,58.25506167,-136.45686167,220.5,11.1,SKAGWAY,2025-12-20 02:00:00,Tug,6,32,11
2025-01-07 10:47:36,368018710,WDJ8677,9173501,ANNA T,Under way using engine,58.25229333,-136.46133833,221.3,10.6,SKAGWAY,2025-12-20 02:00:00,Tug,6,32,11
2025-01-07 10:47:55,368018710,WDJ8677,9173501,ANNA T,Under way using engine,58.25156667,-136.46255833,221.5,11.2,SKAGWAY,2025-12-20 02:00:00,Tug,6,32,11
2025-01-07 10:48:16,368018710,WDJ8677,9173501,ANNA T,Under way using engine,58.25070500,-136.46403667,223.0,11.7,SKAGWAY,2025-12-20 02:00:00,Tug,6,32,11
2025-01-07 10:50:41,368018710,WDJ8677,9173501,ANNA T,Under way using engine,58.24511000,-136.47388833,225.0,11.5,SKAGWAY,2025-12-20 02:00:00,Tug,6,32,11
2025-01-07 10:51:01,368018710,WDJ8677,9173501,ANNA T,Under way using engine,58.24435500,-136.47528000,223.0,11.5,SKAGWAY,2025-12-20 02:00:00,Tug,6,32,11
2025-01-07 10:51:37,368018710,WDJ8677,9173501,ANNA T,Under way using engine,58.24298667,-136.47772833,224.2,11.0,SKAGWAY,2025-12-20 02:00:00,Tug,6,32,11
2025-01-07 10:51:41,368018710,WDJ8677,9173501,ANNA T,Under way using engine,58.24283667,-136.47801500,223.1,11.7,SKAGWAY,2025-12-20 02:00:00,Tug,6,32,11
2025-01-07 10:51:45,368018710,WDJ8677,9173501,ANNA T,Under way using engine,58.24269667,-136.47830500,223.7,11.1,SKAGWAY,2025-12-20 02:00:00,Tug,6,32,11
2025-01-07 10:51:53,368018710,WDJ8677,9173501,ANNA T,Under way using engine,58.24250667,-136.47864667,223.7,11.6,SKAGWAY,2025-12-20 02:00:00,Tug,6,32,11
2025-01-07 10:56:43,368018710,WDJ8677,9173501,ANNA T,Under way using engine,58.23129167,-136.49954333,226.0,11.3,SKAGWAY,2025-12-20 02:00:00,Tug,6,32,11
2025-01-07 10:57:11,368018710,WDJ8677,9173501,ANNA T,Under way using engine,58.23027167,-136.50143000,223.6,11.3,SKAGWAY,2025-12-20 02:00:00,Tug,6,32,11
2025-01-07 10:58:31,368018710,WDJ8677,9173501,ANNA T,Under way using engine,58.22729167,-136.50698000,225.8,11.3,SKAGWAY,2025-12-20 02:00:00,Tug,6,32,11
2025-01-07 10:59:23,368018710,WDJ8677,9173501,ANNA T,Under way using engine,58.22536333,-136.51064000,223.7,11.1,SKAGWAY,2025-12-20 02:00:00,Tug,6,32,11
2025-01-07 11:00:26,368018710,WDJ8677,9173501,ANNA T,Under way using engine,58.22300167,-136.51474833,221.2,11.0,SKAGWAY,2025-12-20 02:00:00,Tug,6,32,11
2025-01-07 11:01:20,368018710,WDJ8677,9173501,ANNA T,Under way using engine,58.22099167,-136.51827333,223.4,11.1,SKAGWAY,2025-12-20 02:00:00,Tug,6,32,11
2025-01-07 11:01:44,368018710,WDJ8677,9173501,ANNA T,Under way using engine,58.22005333,-136.51984333,221.3,11.0,SKAGWAY,2025-12-20 02:00:00,Tug,6,32,11
2025-01-07 11:01:54,368018710,WDJ8677,9173501,ANNA T,Under way using engine,58.21964333,-136.52056833,223.4,11.3,SKAGWAY,2025-12-20 02:00:00,Tug,6,32,11
2025-01-07 11:02:08,368018710,WDJ8677,9173501,ANNA T,Under way using engine,58.21916167,-136.52140167,220.8,11.3,SKAGWAY,2025-12-20 02:00:00,Tug,6,32,11
2025-01-07 11:02:16,368018710,WDJ8677,9173501,ANNA T,Under way using engine,58.21886500,-136.52190667,220.9,10.8,SKAGWAY,2025-12-20 02:00:00,Tug,6,32,11
2025-01-07 11:03:00,368018710,WDJ8677,9173501,ANNA T,Under way using engine,58.21724333,-136.52467000,223.1,10.8,SKAGWAY,2025-12-20 02:00:00,Tug,6,32,11
2025-01-07 11:03:35,368018710,WDJ8677,9173501,ANNA T,Under way using engine,58.21595000,-136.52687500,220.2,11.0,SKAGWAY,2025-12-20 02:00:00,Tug,6,32,11
2025-01-07 11:04:57,368018710,WDJ8677,9173501,ANNA T,Under way using engine,58.21283833,-136.53198500,222.6,10.7,SKAGWAY,2025-12-20 02:00:00,Tug,6,32,11
2025-01-07 11:05:24,368018710,WDJ8677,9173501,ANNA T,Under way using engine,58.21181833,-136.53364833,220.1,10.6,SKAGWAY,2025-12-20 02:00:00,Tug,6,32,11
2025-01-07 11:06:01,368018710,WDJ8677,9173501,ANNA T,Under way using engine,58.21047000,-136.53589667,222.4,10.4,SKAGWAY,2025-12-20 02:00:00,Tug,6,32,11
2025-01-07 11:06:38,368018710,WDJ8677,9173501,ANNA T,Under way using engine,58.20913667,-136.53821667,225.3,10.4,SKAGWAY,2025-12-20 02:00:00,Tug,6,32,11
2025-01-07 11:06:57,368018710,WDJ8677,9173501,ANNA T,Under way using engine,58.20845000,-136.53939333,221.8,10.6,SKAGWAY,2025-12-20 02:00:00,Tug,6,32,11
2025-01-07 11:09:20,368018710,WDJ8677,9173501,ANNA T,Under way using engine,58.20327500,-136.54810000,219.8,10.9,SKAGWAY,2025-12-20 02:00:00,Tug,6,32,11
2025-01-07 11:09:25,368018710,WDJ8677,9173501,ANNA T,Under way using engine,58.20309833,-136.54839667,222.0,10.5,SKAGWAY,2025-12-20 02:00:00,Tug,6,32,11
2025-01-07 11:09:46,368018710,WDJ8677,9173501,ANNA T,Under way using engine,58.20231167,-136.54965833,217.9,10.9,SKAGWAY,2025-12-20 02:00:00,Tug,6,32,11
2025-01-07 11:09:58,368018710,WDJ8677,9173501,ANNA T,Under way using engine,58.20185667,-136.55036667,221.2,10.7,SKAGWAY,2025-12-20 02:00:00,Tug,6,32,11
2025-01-07 11:11:38,368018710,WDJ8677,9173501,ANNA T,Under way using engine,58.19817000,-136.55642333,220.3,10.1,SKAGWAY,2025-12-20 02:00:00,Tug,6,32,11
2025-01-07 11:11:47,368018710,WDJ8677,9173501,ANNA T,Under way using engine,58.19785167,-136.55696667,222.6,10.4,SKAGWAY,2025-12-20 02:00:00,Tug,6,32,11
2025-01-07 11:11:51,368018710,WDJ8677,9173501,ANNA T,Under way using engine,58.19769167,-136.55720833,220.1,10.5,SKAGWAY,2025-12-20 02:00:00,Tug,6,32,11
2025-01-07 11:15:37,368018710,WDJ8677,9173501,ANNA T,Under way using engine,58.18927833,-136.57085500,222.4,10.5,SKAGWAY,2025-12-20 02:00:00,Tug,6,32,11
2025-01-07 11:15:41,368018710,WDJ8677,9173501,ANNA T,Under way using engine,58.18916333,-136.57103000,219.5,10.7,SKAGWAY,2025-12-20 02:00:00,Tug,6,32,11
2025-01-07 11:17:00,368018710,WDJ8677,9173501,ANNA T,Under way using engine,58.18618167,-136.57588500,222.1,10.9,SKAGWAY,2025-12-20 02:00:00,Tug,6,32,11
2025-01-07 11:17:24,368018710,WDJ8677,9173501,ANNA T,Under way using engine,58.18527833,-136.57737000,220.1,10.5,SKAGWAY,2025-12-20 02:00:00,Tug,6,32,11
2025-01-07 11:19:34,368018710,WDJ8677,9173501,ANNA T,Under way using engine,58.18044667,-136.58517333,222.3,10.5,SKAGWAY,2025-12-20 02:00:00,Tug,6,32,11
2025-01-07 11:19:38,368018710,WDJ8677,9173501,ANNA T,Under way using engine,58.18027000,-136.58547667,220.0,10.5,SKAGWAY,2025-12-20 02:00:00,Tug,6,32,11
2025-01-07 11:20:01,368018710,WDJ8677,9173501,ANNA T,Under way using engine,58.17941000,-136.58677167,222.2,10.0,SKAGWAY,2025-12-20 02:00:00,Tug,6,32,11
2025-01-07 11:20:06,368018710,WDJ8677,9173501,ANNA T,Under way using engine,58.17923500,-136.58709500,222.3,10.5,SKAGWAY,2025-12-20 02:00:00,Tug,6,32,11
2025-01-07 11:20:10,368018710,WDJ8677,9173501,ANNA T,Under way using engine,58.17912833,-136.58727000,220.3,10.2,SKAGWAY,2025-12-20 02:00:00,Tug,6,32,11
2025-01-07 11:20:45,368018710,WDJ8677,9173501,ANNA T,Under way using engine,58.17791167,-136.58931333,222.7,10.4,SKAGWAY,2025-12-20 02:00:00,Tug,6,32,11
2025-01-07 11:21:33,368018710,WDJ8677,9173501,ANNA T,Under way using engine,58.17620500,-136.59225500,219.4,10.0,SKAGWAY,2025-12-20 02:00:00,Tug,6,32,11
2025-01-07 11:21:37,368018710,WDJ8677,9173501,ANNA T,Under way using engine,58.17607167,-136.59247833,224.5,10.0,SKAGWAY,2025-12-20 02:00:00,Tug,6,32,11
2025-01-07 11:21:41,368018710,WDJ8677,9173501,ANNA T,Under way using engine,58.17591000,-136.59270667,222.2,10.3,SKAGWAY,2025-12-20 02:00:00,Tug,6,32,11
2025-01-07 11:22:18,368018710,WDJ8677,9173501,ANNA T,Under way using engine,58.17460667,-136.59483333,219.6,10.1,SKAGWAY,2025-12-20 02:00:00,Tug,6,32,11
2025-01-07 11:22:58,368018710,WDJ8677,9173501,ANNA T,Under way using engine,58.17316333,-136.59719333,223.2,10.1,SKAGWAY,2025-12-20 02:00:00,Tug,6,32,11
2025-01-07 11:23:05,368018710,WDJ8677,9173501,ANNA T,Under way using engine,58.17287333,-136.59767000,220.4,10.4,SKAGWAY,2025-12-20 02:00:00,Tug,6,32,11
2025-01-07 11:23:27,368018710,WDJ8677,9173501,ANNA T,Under way using engine,58.17213333,-136.59886333,222.4,10.2,SKAGWAY,2025-12-20 02:00:00,Tug,6,32,11
2025-01-07 11:24:07,368018710,WDJ8677,9173501,ANNA T,Under way using engine,58.17073833,-136.60117667,220.2,10.4,SKAGWAY,2025-12-20 02:00:00,Tug,6,32,11
2025-01-07 11:24:20,368018710,WDJ8677,9173501,ANNA T,Under way using engine,58.17023833,-136.60205000,223.0,10.3,SKAGWAY,2025-12-20 02:00:00,Tug,6,32,11
2025-01-07 11:24:51,368018710,WDJ8677,9173501,ANNA T,Under way using engine,58.16916333,-136.60389500,220.7,10.4,SKAGWAY,2025-12-20 02:00:00,Tug,6,32,11
2025-01-07 11:25:14,368018710,WDJ8677,9173501,ANNA T,Under way using engine,58.16833833,-136.60528167,226.0,10.4,SKAGWAY,2025-12-20 02:00:00,Tug,6,32,11
2025-01-07 11:25:20,368018710,WDJ8677,9173501,ANNA T,Under way using engine,58.16810833,-136.60563500,228.2,10.6,SKAGWAY,2025-12-20 02:00:00,Tug,6,32,11
2025-01-07 11:25:24,368018710,WDJ8677,9173501,ANNA T,Under way using engine,58.16799167,-136.60593167,231.0,10.7,SKAGWAY,2025-12-20 02:00:00,Tug,6,32,11
2025-01-07 11:25:31,368018710,WDJ8677,9173501,ANNA T,Under way using engine,58.16780833,-136.60648000,233.8,10.6,SKAGWAY,2025-12-20 02:00:00,Tug,6,32,11
2025-01-07 11:25:38,368018710,WDJ8677,9173501,ANNA T,Under way using engine,58.16762500,-136.60705667,237.6,10.7,SKAGWAY,2025-12-20 02:00:00,Tug,6,32,11
2025-01-07 11:25:51,368018710,WDJ8677,9173501,ANNA T,Under way using engine,58.16728667,-136.60815333,242.9,10.5,SKAGWAY,2025-12-20 02:00:00,Tug,6,32,11
2025-01-07 11:25:55,368018710,WDJ8677,9173501,ANNA T,Under way using engine,58.16724500,-136.60832333,240.3,10.7,SKAGWAY,2025-12-20 02:00:00,Tug,6,32,11
2025-01-07 11:26:03,368018710,WDJ8677,9173501,ANNA T,Under way using engine,58.16704000,-136.60907000,243.1,10.7,SKAGWAY,2025-12-20 02:00:00,Tug,6,32,11
2025-01-07 11:26:07,368018710,WDJ8677,9173501,ANNA T,Under way using engine,58.16695000,-136.60941500,240.0,10.7,SKAGWAY,2025-12-20 02:00:00,Tug,6,32,11
2025-01-07 11:26:13,368018710,WDJ8677,9173501,ANNA T,Under way using engine,58.16681333,-136.60990500,243.8,10.5,SKAGWAY,2025-12-20 02:00:00,Tug,6,32,11
2025-01-07 11:26:21,368018710,WDJ8677,9173501,ANNA T,Under way using engine,58.16663500,-136.61056333,241.1,10.8,SKAGWAY,2025-12-20 02:00:00,Tug,6,32,11
2025-01-07 11:26:26,368018710,WDJ8677,9173501,ANNA T,Under way using engine,58.16649833,-136.61105333,243.3,10.7,SKAGWAY,2025-12-20 02:00:00,Tug,6,32,11
2025-01-07 11:26:54,368018710,WDJ8677,9173501,ANNA T,Under way using engine,58.16587833,-136.61333333,246.0,10.8,SKAGWAY,2025-12-20 02:00:00,Tug,6,32,11
2025-01-07 11:27:10,368018710,WDJ8677,9173501,ANNA T,Under way using engine,58.16562167,-136.61462833,246.9,10.2,SKAGWAY,2025-12-20 02:00:00,Tug,6,32,11
2025-01-07 11:27:36,368018710,WDJ8677,9173501,ANNA T,Under way using engine,58.16510500,-136.61681500,247.9,10.9,SKAGWAY,2025-12-20 02:00:00,Tug,6,32,11
2025-01-07 11:27:51,368018710,WDJ8677,9173501,ANNA T,Under way using engine,58.16479167,-136.61822167,246.2,10.4,SKAGWAY,2025-12-20 02:00:00,Tug,6,32,11
2025-01-07 11:28:20,368018710,WDJ8677,9173501,ANNA T,Under way using engine,58.16420667,-136.62065000,248.6,10.8,SKAGWAY,2025-12-20 02:00:00,Tug,6,32,11
2025-01-07 11:28:24,368018710,WDJ8677,9173501,ANNA T,Under way using engine,58.16413833,-136.62100333,251.3,10.6,SKAGWAY,2025-12-20 02:00:00,Tug,6,32,11
2025-01-07 11:28:28,368018710,WDJ8677,9173501,ANNA T,Under way using engine,58.16405500,-136.62136000,248.6,10.9,SKAGWAY,2025-12-20 02:00:00,Tug,6,32,11
2025-01-07 11:28:57,368018710,WDJ8677,9173501,ANNA T,Under way using engine,58.16353833,-136.62396500,246.4,10.8,SKAGWAY,2025-12-20 02:00:00,Tug,6,32,11
2025-01-07 11:29:41,368018710,WDJ8677,9173501,ANNA T,Under way using engine,58.16265333,-136.62770833,244.4,11.0,SKAGWAY,2025-12-20 02:00:00,Tug,6,32,11
2025-01-07 11:29:57,368018710,WDJ8677,9173501,ANNA T,Under way using engine,58.16233833,-136.62914167,247.4,11.1,SKAGWAY,2025-12-20 02:00:00,Tug,6,32,11
2025-01-07 11:30:26,368018710,WDJ8677,9173501,ANNA T,Under way using engine,58.16175833,-136.63157833,250.3,10.8,SKAGWAY,2025-12-20 02:00:00,Tug,6,32,11
2025-01-07 11:30:30,368018710,WDJ8677,9173501,ANNA T,Under way using engine,58.16165167,-136.63201000,245.6,11.0,SKAGWAY,2025-12-20 02:00:00,Tug,6,32,11
2025-01-07 11:30:34,368018710,WDJ8677,9173501,ANNA T,Under way using engine,58.16156000,-136.63237000,243.3,11.1,SKAGWAY,2025-12-20 02:00:00,Tug,6,32,11
2025-01-07 11:30:41,368018710,WDJ8677,9173501,ANNA T,Under way using engine,58.16143000,-136.63298167,245.7,10.9,SKAGWAY,2025-12-20 02:00:00,Tug,6,32,11
2025-01-07 11:30:52,368018710,WDJ8677,9173501,ANNA T,Under way using engine,58.16122333,-136.63393000,249.5,10.7,SKAGWAY,2025-12-20 02:00:00,Tug,6,32,11
2025-01-07 11:30:57,368018710,WDJ8677,9173501,ANNA T,Under way using engine,58.16114000,-136.63436167,247.0,10.9,SKAGWAY,2025-12-20 02:00:00,Tug,6,32,11
2025-01-07 11:31:10,368018710,WDJ8677,9173501,ANNA T,Under way using engine,58.16087833,-136.63550333,250.0,10.9,SKAGWAY,2025-12-20 02:00:00,Tug,6,32,11
2025-01-07 11:31:16,368018710,WDJ8677,9173501,ANNA T,Under way using engine,58.16074500,-136.63617167,247.5,11.2,SKAGWAY,2025-12-20 02:00:00,Tug,6,32,11
2025-01-07 11:31:44,368018710,WDJ8677,9173501,ANNA T,Under way using engine,58.16022000,-136.63855833,247.7,10.6,SKAGWAY,2025-12-20 02:00:00,Tug,6,32,11
2025-01-07 11:31:52,368018710,WDJ8677,9173501,ANNA T,Under way using engine,58.16004500,-136.63926500,245.5,11.2,SKAGWAY,2025-12-20 02:00:00,Tug,6,32,11
2025-01-07 11:31:57,368018710,WDJ8677,9173501,ANNA T,Under way using engine,58.15995333,-136.63970667,249.3,10.8,SKAGWAY,2025-12-20 02:00:00,Tug,6,32,11
2025-01-07 11:32:01,368018710,WDJ8677,9173501,ANNA T,Under way using engine,58.15988000,-136.64007333,245.7,11.0,SKAGWAY,2025-12-20 02:00:00,Tug,6,32,11
2025-01-07 11:32:21,368018710,WDJ8677,9173501,ANNA T,Under way using engine,58.15949333,-136.64184333,249.8,10.5,SKAGWAY,2025-12-20 02:00:00,Tug,6,32,11
2025-01-07 11:32:27,368018710,WDJ8677,9173501,ANNA T,Under way using engine,58.15939833,-136.64242000,246.8,10.7,SKAGWAY,2025-12-20 02:00:00,Tug,6,32,11
2025-01-07 11:32:40,368018710,WDJ8677,9173501,ANNA T,Under way using engine,58.15913000,-136.64342167,249.3,10.5,SKAGWAY,2025-12-20 02:00:00,Tug,6,32,11
2025-01-07 11:32:44,368018710,WDJ8677,9173501,ANNA T,Under way using engine,58.15906000,-136.64375333,248.3,10.0,SKAGWAY,2025-12-20 02:00:00,Tug,6,32,11
2025-01-07 11:32:48,368018710,WDJ8677,9173501,ANNA T,Under way using engine,58.15896833,-136.64409833,244.2,10.6,SKAGWAY,2025-12-20 02:00:00,Tug,6,32,11
2025-01-07 11:32:54,368018710,WDJ8677,9173501,ANNA T,Under way using engine,58.15882500,-136.64464500,248.0,10.3,SKAGWAY,2025-12-20 02:00:00,Tug,6,32,11
2025-01-07 11:33:04,368018710,WDJ8677,9173501,ANNA T,Under way using engine,58.15865833,-136.64543000,244.7,10.5,SKAGWAY,2025-12-20 02:00:00,Tug,6,32,11
2025-01-07 11:33:14,368018710,WDJ8677,9173501,ANNA T,Under way using engine,58.15843667,-136.64636333,242.7,10.6,SKAGWAY,2025-12-20 02:00:00,Tug,6,32,11
2025-01-07 11:33:20,368018710,WDJ8677,9173501,ANNA T,Under way using engine,58.15833667,-136.64683833,245.1,10.5,SKAGWAY,2025-12-20 02:00:00,Tug,6,32,11
2025-01-07 11:33:24,368018710,WDJ8677,9173501,ANNA T,Under way using engine,58.15824333,-136.64717167,248.9,10.4,SKAGWAY,2025-12-20 02:00:00,Tug,6,32,11
2025-01-07 11:33:34,368018710,WDJ8677,9173501,ANNA T,Under way using engine,58.15805833,-136.64802000,247.6,11.0,SKAGWAY,2025-12-20 02:00:00,Tug,6,32,11
2025-01-07 11:34:07,368018710,WDJ8677,9173501,ANNA T,Under way using engine,58.15748000,-136.65079833,251.9,10.5,SKAGWAY,2025-12-20 02:00:00,Tug,6,32,11
2025-01-07 11:34:11,368018710,WDJ8677,9173501,ANNA T,Under way using engine,58.15739500,-136.65113833,247.9,10.5,SKAGWAY,2025-12-20 02:00:00,Tug,6,32,11
2025-01-07 11:34:30,368018710,WDJ8677,9173501,ANNA T,Under way using engine,58.15708333,-136.65278667,248.3,10.0,SKAGWAY,2025-12-20 02:00:00,Tug,6,32,11
2025-01-07 11:34:35,368018710,WDJ8677,9173501,ANNA T,Under way using engine,58.15700500,-136.65312500,245.4,10.8,SKAGWAY,2025-12-20 02:00:00,Tug,6,32,11
2025-01-07 11:34:40,368018710,WDJ8677,9173501,ANNA T,Under way using engine,58.15690167,-136.65351667,251.4,10.3,SKAGWAY,2025-12-20 02:00:00,Tug,6,32,11
2025-01-07 11:34:53,368018710,WDJ8677,9173501,ANNA T,Under way using engine,58.15664667,-136.65466000,248.7,10.1,SKAGWAY,2025-12-20 02:00:00,Tug,6,32,11
2025-01-07 11:34:57,368018710,WDJ8677,9173501,ANNA T,Under way using engine,58.15655833,-136.65499167,245.6,10.5,SKAGWAY,2025-12-20 02:00:00,Tug,6,32,11
2025-01-07 11:35:10,368018710,WDJ8677,9173501,ANNA T,Under way using engine,58.15632833,-136.65598333,249.0,10.4,SKAGWAY,2025-12-20 02:00:00,Tug,6,32,11
2025-01-07 11:35:21,368018710,WDJ8677,9173501,ANNA T,Under way using engine,58.15611000,-136.65697333,252.2,10.0,SKAGWAY,2025-12-20 02:00:00,Tug,6,32,11
2025-01-07 11:35:26,368018710,WDJ8677,9173501,ANNA T,Under way using engine,58.15600667,-136.65729000,247.0,10.3,SKAGWAY,2025-12-20 02:00:00,Tug,6,32,11
2025-01-07 11:35:31,368018710,WDJ8677,9173501,ANNA T,Under way using engine,58.15595167,-136.65769000,251.5,9.7,SKAGWAY,2025-12-20 02:00:00,Tug,6,32,11
2025-01-07 11:35:35,368018710,WDJ8677,9173501,ANNA T,Under way using engine,58.15587500,-136.65803000,246.1,10.2,SKAGWAY,2025-12-20 02:00:00,Tug,6,32,11
2025-01-07 11:35:40,368018710,WDJ8677,9173501,ANNA T,Under way using engine,58.15578167,-136.65845333,249.2,10.3,SKAGWAY,2025-12-20 02:00:00,Tug,6,32,11
2025-01-07 11:35:51,368018710,WDJ8677,9173501,ANNA T,Under way using engine,58.15557167,-136.65943000,246.7,10.3,SKAGWAY,2025-12-20 02:00:00,Tug,6,32,11
2025-01-07 11:36:26,368018710,WDJ8677,9173501,ANNA T,Under way using engine,58.15493000,-136.66234333,252.4,10.1,SKAGWAY,2025-12-20 02:00:00,Tug,6,32,11
2025-01-07 11:36:31,368018710,WDJ8677,9173501,ANNA T,Under way using engine,58.15484167,-136.66277500,246.5,10.7,SKAGWAY,2025-12-20 02:00:00,Tug,6,32,11
2025-01-07 11:36:37,368018710,WDJ8677,9173501,ANNA T,Under way using engine,58.15473500,-136.66327500,255.1,10.0,SKAGWAY,2025-12-20 02:00:00,Tug,6,32,11
2025-01-07 11:36:41,368018710,WDJ8677,9173501,ANNA T,Under way using engine,58.15463167,-136.66371333,251.7,10.6,SKAGWAY,2025-12-20 02:00:00,Tug,6,32,11
2025-01-07 11:36:48,368018710,WDJ8677,9173501,ANNA T,Under way using engine,58.15455167,-136.66421167,253.7,10.1,SKAGWAY,2025-12-20 02:00:00,Tug,6,32,11
2025-01-07 11:36:54,368018710,WDJ8677,9173501,ANNA T,Under way using engine,58.15448167,-136.66481500,251.1,10.5,SKAGWAY,2025-12-20 02:00:00,Tug,6,32,11
2025-01-07 11:37:45,368018710,WDJ8677,9173501,ANNA T,Under way using engine,58.15369667,-136.66916167,253.1,10.8,SKAGWAY,2025-12-20 02:00:00,Tug,6,32,11
2025-01-07 11:37:51,368018710,WDJ8677,9173501,ANNA T,Under way using engine,58.15359500,-136.66977500,250.4,10.9,SKAGWAY,2025-12-20 02:00:00,Tug,6,32,11
2025-01-07 11:37:57,368018710,WDJ8677,9173501,ANNA T,Under way using engine,58.15348333,-136.67033167,253.6,10.7,SKAGWAY,2025-12-20 02:00:00,Tug,6,32,11
2025-01-07 11:38:18,368018710,WDJ8677,9173501,ANNA T,Under way using engine,58.15319167,-136.67207667,249.5,10.8,SKAGWAY,2025-12-20 02:00:00,Tug,6,32,11
2025-01-07 11:38:23,368018710,WDJ8677,9173501,ANNA T,Under way using engine,58.15305667,-136.67265167,252.4,10.4,SKAGWAY,2025-12-20 02:00:00,Tug,6,32,11
2025-01-07 11:39:01,368018710,WDJ8677,9173501,ANNA T,Under way using engine,58.15251667,-136.67579000,250.9,10.9,SKAGWAY,2025-12-20 02:00:00,Tug,6,32,11
2025-01-07 11:39:11,368018710,WDJ8677,9173501,ANNA T,Under way using engine,58.15240333,-136.67670333,254.2,10.3,SKAGWAY,2025-12-20 02:00:00,Tug,6,32,11
2025-01-07 11:39:16,368018710,WDJ8677,9173501,ANNA T,Under way using engine,58.15230667,-136.67725500,250.0,11.1,SKAGWAY,2025-12-20 02:00:00,Tug,6,32,11
2025-01-07 11:39:25,368018710,WDJ8677,9173501,ANNA T,Under way using engine,58.15215500,-136.67793000,252.5,10.7,SKAGWAY,2025-12-20 02:00:00,Tug,6,32,11
2025-01-07 11:39:35,368018710,WDJ8677,9173501,ANNA T,Under way using engine,58.15198333,-136.67880167,255.1,10.6,SKAGWAY,2025-12-20 02:00:00,Tug,6,32,11
2025-01-07 11:39:41,368018710,WDJ8677,9173501,ANNA T,Under way using engine,58.15199500,-136.67932667,248.4,11.2,SKAGWAY,2025-12-20 02:00:00,Tug,6,32,11
2025-01-07 11:39:47,368018710,WDJ8677,9173501,ANNA T,Under way using engine,58.15183833,-136.67986000,252.1,10.8,SKAGWAY,2025-12-20 02:00:00,Tug,6,32,11
2025-01-07 11:40:24,368018710,WDJ8677,9173501,ANNA T,Under way using engine,58.15122167,-136.68324000,249.2,11.3,SKAGWAY,2025-12-20 02:00:00,Tug,6,32,11
2025-01-07 11:40:40,368018710,WDJ8677,9173501,ANNA T,Under way using engine,58.15097333,-136.68471333,252.8,11.0,SKAGWAY,2025-12-20 02:00:00,Tug,6,32,11
2025-01-07 11:40:59,368018710,WDJ8677,9173501,ANNA T,Under way using engine,58.15068000,-136.68625167,250.2,11.2,SKAGWAY,2025-12-20 02:00:00,Tug,6,32,11
2025-01-07 11:41:05,368018710,WDJ8677,9173501,ANNA T,Under way using engine,58.15058000,-136.68695667,253.3,10.7,SKAGWAY,2025-12-20 02:00:00,Tug,6,32,11
2025-01-07 11:41:10,368018710,WDJ8677,9173501,ANNA T,Under way using engine,58.15058333,-136.68741667,249.5,11.2,SKAGWAY,2025-12-20 02:00:00,Tug,6,32,11
2025-01-07 11:41:17,368018710,WDJ8677,9173501,ANNA T,Under way using engine,58.15050500,-136.68814000,254.1,10.7,SKAGWAY,2025-12-20 02:00:00,Tug,6,32,11
2025-01-07 11:41:21,368018710,WDJ8677,9173501,ANNA T,Under way using engine,58.15040167,-136.68841667,256.2,11.0,SKAGWAY,2025-12-20 02:00:00,Tug,6,32,11
2025-01-07 11:41:40,368018710,WDJ8677,9173501,ANNA T,Under way using engine,58.15010000,-136.68985667,253.9,10.4,SKAGWAY,2025-12-20 02:00:00,Tug,6,32,11
2025-01-07 11:41:45,368018710,WDJ8677,9173501,ANNA T,Under way using engine,58.15000000,-136.69055500,251.9,10.8,SKAGWAY,2025-12-20 02:00:00,Tug,6,32,11
2025-01-07 11:42:10,368018710,WDJ8677,9173501,ANNA T,Under way using engine,58.14959500,-136.69279333,254.1,10.6,SKAGWAY,2025-12-20 02:00:00,Tug,6,32,11
2025-01-07 11:42:14,368018710,WDJ8677,9173501,ANNA T,Under way using engine,58.14956833,-136.69313833,250.2,11.0,SKAGWAY,2025-12-20 02:00:00,Tug,6,32,11
2025-01-07 11:42:26,368018710,WDJ8677,9173501,ANNA T,Under way using engine,58.14942000,-136.69421500,255.6,11.0,SKAGWAY,2025-12-20 02:00:00,Tug,6,32,11
2025-01-07 11:42:30,368018710,WDJ8677,9173501,ANNA T,Under way using engine,58.14933167,-136.69459333,252.6,11.3,SKAGWAY,2025-12-20 02:00:00,Tug,6,32,11
2025-01-07 11:42:42,368018710,WDJ8677,9173501,ANNA T,Under way using engine,58.14918000,-136.69575833,252.3,10.8,SKAGWAY,2025-12-20 02:00:00,Tug,6,32,11
2025-01-07 11:42:48,368018710,WDJ8677,9173501,ANNA T,Under way using engine,58.14906500,-136.69622000,254.6,10.9,SKAGWAY,2025-12-20 02:00:00,Tug,6,32,11
2025-01-07 11:42:57,368018710,WDJ8677,9173501,ANNA T,Under way using engine,58.14890833,-136.69705000,257.2,10.5,SKAGWAY,2025-12-20 02:00:00,Tug,6,32,11
2025-01-07 11:43:01,368018710,WDJ8677,9173501,ANNA T,Under way using engine,58.14883833,-136.69754167,250.5,11.0,SKAGWAY,2025-12-20 02:00:00,Tug,6,32,11
2025-01-07 11:43:10,368018710,WDJ8677,9173501,ANNA T,Under way using engine,58.14871500,-136.69830833,254.9,10.7,SKAGWAY,2025-12-20 02:00:00,Tug,6,32,11
2025-01-07 11:43:15,368018710,WDJ8677,9173501,ANNA T,Under way using engine,58.14866333,-136.69866333,251.0,10.8,SKAGWAY,2025-12-20 02:00:00,Tug,6,32,11
2025-01-07 11:44:01,368018710,WDJ8677,9173501,ANNA T,Under way using engine,58.14795500,-136.70278000,253.0,10.5,SKAGWAY,2025-12-20 02:00:00,Tug,6,32,11
2025-01-07 11:44:11,368018710,WDJ8677,9173501,ANNA T,Under way using engine,58.14782000,-136.70372667,256.7,10.5,SKAGWAY,2025-12-20 02:00:00,Tug,6,32,11
2025-01-07 11:44:17,368018710,WDJ8677,9173501,ANNA T,Under way using engine,58.14773833,-136.70416667,250.7,10.9,SKAGWAY,2025-12-20 02:00:00,Tug,6,32,11
2025-01-07 11:44:21,368018710,WDJ8677,9173501,ANNA T,Under way using engine,58.14767333,-136.70451333,252.8,10.6,SKAGWAY,2025-12-20 02:00:00,Tug,6,32,11
2025-01-07 11:44:31,368018710,WDJ8677,9173501,ANNA T,Under way using engine,58.14747500,-136.70548833,250.0,10.6,SKAGWAY,2025-12-20 02:00:00,Tug,6,32,11
2025-01-07 11:44:35,368018710,WDJ8677,9173501,ANNA T,Under way using engine,58.14742833,-136.70575667,252.1,10.7,SKAGWAY,2025-12-20 02:00:00,Tug,6,32,11
2025-01-07 11:45:08,368018710,WDJ8677,9173501,ANNA T,Under way using engine,58.14705333,-136.70848000,254.8,10.8,SKAGWAY,2025-12-20 02:00:00,Tug,6,32,11
2025-01-07 11:45:14,368018710,WDJ8677,9173501,ANNA T,Under way using engine,58.14687167,-136.70930667,252.6,10.9,SKAGWAY,2025-12-20 02:00:00,Tug,6,32,11
2025-01-07 11:45:18,368018710,WDJ8677,9173501,ANNA T,Under way using engine,58.14682000,-136.70959500,255.6,10.7,SKAGWAY,2025-12-20 02:00:00,Tug,6,32,11
2025-01-07 11:45:23,368018710,WDJ8677,9173501,ANNA T,Under way using engine,58.14674833,-136.71025000,261.5,11.0,SKAGWAY,2025-12-20 02:00:00,Tug,6,32,11
2025-01-07 11:45:27,368018710,WDJ8677,9173501,ANNA T,Under way using engine,58.14670833,-136.71053500,257.7,11.1,SKAGWAY,2025-12-20 02:00:00,Tug,6,32,11
2025-01-07 11:45:34,368018710,WDJ8677,9173501,ANNA T,Under way using engine,58.14667833,-136.71115500,263.9,10.5,SKAGWAY,2025-12-20 02:00:00,Tug,6,32,11
2025-01-07 11:45:50,368018710,WDJ8677,9173501,ANNA T,Under way using engine,58.14662500,-136.71266500,271.4,11.0,SKAGWAY,2025-12-20 02:00:00,Tug,6,32,11
2025-01-07 11:46:01,368018710,WDJ8677,9173501,ANNA T,Under way using engine,58.14664167,-136.71381500,274.0,11.3,SKAGWAY,2025-12-20 02:00:00,Tug,6,32,11
2025-01-07 11:46:05,368018710,WDJ8677,9173501,ANNA T,Under way using engine,58.14665667,-136.71410833,271.9,11.0,SKAGWAY,2025-12-20 02:00:00,Tug,6,32,11
2025-01-07 11:46:10,368018710,WDJ8677,9173501,ANNA T,Under way using engine,58.14665833,-136.71460833,277.2,11.0,SKAGWAY,2025-12-20 02:00:00,Tug,6,32,11
2025-01-07 11:46:14,368018710,WDJ8677,9173501,ANNA T,Under way using engine,58.14665833,-136.71499500,274.7,11.2,SKAGWAY,2025-12-20 02:00:00,Tug,6,32,11
2025-01-07 11:46:20,368018710,WDJ8677,9173501,ANNA T,Under way using engine,58.14674000,-136.71563667,280.9,10.8,SKAGWAY,2025-12-20 02:00:00,Tug,6,32,11
2025-01-07 11:46:38,368018710,WDJ8677,9173501,ANNA T,Under way using engine,58.14691833,-136.71719000,283.6,10.9,SKAGWAY,2025-12-20 02:00:00,Tug,6,32,11
2025-01-07 11:46:45,368018710,WDJ8677,9173501,ANNA T,Under way using engine,58.14699000,-136.71782000,285.9,10.6,SKAGWAY,2025-12-20 02:00:00,Tug,6,32,11
2025-01-07 11:46:51,368018710,WDJ8677,9173501,ANNA T,Under way using engine,58.14712000,-136.71850333,288.0,11.0,SKAGWAY,2025-12-20 02:00:00,Tug,6,32,11
2025-01-07 11:47:07,368018710,WDJ8677,9173501,ANNA T,Under way using engine,58.14742667,-136.71996500,286.0,11.0,SKAGWAY,2025-12-20 02:00:00,Tug,6,32,11
2025-01-07 11:47:21,368018710,WDJ8677,9173501,ANNA T,Under way using engine,58.14753333,-136.72103500,288.6,11.2,SKAGWAY,2025-12-20 02:00:00,Tug,6,32,11
2025-01-07 11:47:42,368018710,WDJ8677,9173501,ANNA T,Under way using engine,58.14788167,-136.72304833,285.4,10.9,SKAGWAY,2025-12-20 02:00:00,Tug,6,32,11
2025-01-07 11:47:46,368018710,WDJ8677,9173501,ANNA T,Under way using engine,58.14795833,-136.72350667,289.7,11.1,SKAGWAY,2025-12-20 02:00:00,Tug,6,32,11
2025-01-07 11:47:51,368018710,WDJ8677,9173501,ANNA T,Under way using engine,58.14800667,-136.72387500,286.7,11.0,SKAGWAY,2025-12-20 02:00:00,Tug,6,32,11
2025-01-07 11:47:58,368018710,WDJ8677,9173501,ANNA T,Under way using engine,58.14802333,-136.72415833,284.1,10.9,SKAGWAY,2025-12-20 02:00:00,Tug,6,32,11
2025-01-07 11:48:11,368018710,WDJ8677,9173501,ANNA T,Under way using engine,58.14828500,-136.72581000,287.0,11.0,SKAGWAY,2025-12-20 02:00:00,Tug,6,32,11
2025-01-07 11:48:21,368018710,WDJ8677,9173501,ANNA T,Under way using engine,58.14841667,-136.72666667,284.8,11.1,SKAGWAY,2025-12-20 02:00:00,Tug,6,32,11
2025-01-07 11:49:33,368018710,WDJ8677,9173501,ANNA T,Under way using engine,58.14942333,-136.73346167,286.8,11.1,SKAGWAY,2025-12-20 02:00:00,Tug,6,32,11
2025-01-07 11:49:37,368018710,WDJ8677,9173501,ANNA T,Under way using engine,58.14945833,-136.73381167,283.7,11.3,SKAGWAY,2025-12-20 02:00:00,Tug,6,32,11
2025-01-07 11:49:41,368018710,WDJ8677,9173501,ANNA T,Under way using engine,58.14951000,-136.73415833,286.5,10.9,SKAGWAY,2025-12-20 02:00:00,Tug,6,32,11
2025-01-07 11:50:07,368018710,WDJ8677,9173501,ANNA T,Under way using engine,58.14986000,-136.73650667,284.4,11.1,SKAGWAY,2025-12-20 02:00:00,Tug,6,32,11
2025-01-07 11:50:13,368018710,WDJ8677,9173501,ANNA T,Under way using engine,58.14996667,-136.73714000,287.9,11.0,SKAGWAY,2025-12-20 02:00:00,Tug,6,32,11
2025-01-07 11:50:28,368018710,WDJ8677,9173501,ANNA T,Under way using engine,58.15016167,-136.73843833,283.3,11.1,SKAGWAY,2025-12-20 02:00:00,Tug,6,32,11
2025-01-07 11:50:35,368018710,WDJ8677,9173501,ANNA T,Under way using engine,58.15026167,-136.73903667,286.1,10.6,SKAGWAY,2025-12-20 02:00:00,Tug,6,32,11
2025-01-07 11:50:40,368018710,WDJ8677,9173501,ANNA T,Under way using engine,58.15034667,-136.73951000,281.9,11.2,SKAGWAY,2025-12-20 02:00:00,Tug,6,32,11
2025-01-07 11:50:44,368018710,WDJ8677,9173501,ANNA T,Under way using engine,58.15039500,-136.73988000,287.9,11.0,SKAGWAY,2025-12-20 02:00:00,Tug,6,32,11
2025-01-07 11:50:50,368018710,WDJ8677,9173501,ANNA T,Under way using engine,58.15049167,-136.74048667,284.6,10.8,SKAGWAY,2025-12-20 02:00:00,Tug,6,32,11
2025-01-07 11:50:54,368018710,WDJ8677,9173501,ANNA T,Under way using engine,58.15053000,-136.74077167,281.5,10.9,SKAGWAY,2025-12-20 02:00:00,Tug,6,32,11
2025-01-07 11:50:58,368018710,WDJ8677,9173501,ANNA T,Under way using engine,58.15058500,-136.74114333,286.9,11.0,SKAGWAY,2025-12-20 02:00:00,Tug,6,32,11
2025-01-07 11:51:04,368018710,WDJ8677,9173501,ANNA T,Under way using engine,58.15064333,-136.74173333,289.6,10.8,SKAGWAY,2025-12-20 02:00:00,Tug,6,32,11
2025-01-07 11:51:08,368018710,WDJ8677,9173501,ANNA T,Under way using engine,58.15066167,-136.74202333,285.4,11.2,SKAGWAY,2025-12-20 02:00:00,Tug,6,32,11
2025-01-07 11:51:45,368018710,WDJ8677,9173501,ANNA T,Under way using engine,58.15124167,-136.74550667,287.9,11.0,SKAGWAY,2025-12-20 02:00:00,Tug,6,32,11
2025-01-07 11:51:50,368018710,WDJ8677,9173501,ANNA T,Under way using engine,58.15133833,-136.74603500,283.6,11.2,SKAGWAY,2025-12-20 02:00:00,Tug,6,32,11
2025-01-07 11:52:11,368018710,WDJ8677,9173501,ANNA T,Under way using engine,58.15165500,-136.74795500,287.1,11.4,SKAGWAY,2025-12-20 02:00:00,Tug,6,32,11
2025-01-07 11:52:16,368018710,WDJ8677,9173501,ANNA T,Under way using engine,58.15171000,-136.74845333,284.6,11.1,SKAGWAY,2025-12-20 02:00:00,Tug,6,32,11
2025-01-07 11:52:21,368018710,WDJ8677,9173501,ANNA T,Under way using engine,58.15176833,-136.74882500,288.5,11.1,SKAGWAY,2025-12-20 02:00:00,Tug,6,32,11
2025-01-07 11:52:31,368018710,WDJ8677,9173501,ANNA T,Under way using engine,58.15192000,-136.74978000,283.7,10.8,SKAGWAY,2025-12-20 02:00:00,Tug,6,32,11
2025-01-07 11:52:37,368018710,WDJ8677,9173501,ANNA T,Under way using engine,58.15199500,-136.75034000,285.8,11.2,SKAGWAY,2025-12-20 02:00:00,Tug,6,32,11
2025-01-07 11:52:51,368018710,WDJ8677,9173501,ANNA T,Under way using engine,58.15218167,-136.75161000,289.0,11.2,SKAGWAY,2025-12-20 02:00:00,Tug,6,32,11
2025-01-07 11:52:57,368018710,WDJ8677,9173501,ANNA T,Under way using engine,58.15226500,-136.75218833,282.9,11.0,SKAGWAY,2025-12-20 02:00:00,Tug,6,32,11
2025-01-07 11:53:02,368018710,WDJ8677,9173501,ANNA T,Under way using engine,58.15232667,-136.75267000,286.2,11.3,SKAGWAY,2025-12-20 02:00:00,Tug,6,32,11
2025-01-07 11:53:15,368018710,WDJ8677,9173501,ANNA T,Under way using engine,58.15248667,-136.75387333,283.5,11.1,SKAGWAY,2025-12-20 02:00:00,Tug,6,32,11
2025-01-07 11:53:31,368018710,WDJ8677,9173501,ANNA T,Under way using engine,58.15270667,-136.75544167,285.7,11.1,SKAGWAY,2025-12-20 02:00:00,Tug,6,32,11
2025-01-07 11:53:48,368018710,WDJ8677,9173501,ANNA T,Under way using engine,58.15294500,-136.75696000,288.7,11.1,SKAGWAY,2025-12-20 02:00:00,Tug,6,32,11
2025-01-07 11:53:54,368018710,WDJ8677,9173501,ANNA T,Under way using engine,58.15302167,-136.75751167,284.4,11.2,SKAGWAY,2025-12-20 02:00:00,Tug,6,32,11
2025-01-07 11:54:19,368018710,WDJ8677,9173501,ANNA T,Under way using engine,58.15334667,-136.75971833,291.2,11.5,SKAGWAY,2025-12-20 02:00:00,Tug,6,32,11
2025-01-07 11:54:24,368018710,WDJ8677,9173501,ANNA T,Under way using engine,58.15349333,-136.76036167,287.0,11.2,SKAGWAY,2025-12-20 02:00:00,Tug,6,32,11
2025-01-07 11:54:31,368018710,WDJ8677,9173501,ANNA T,Under way using engine,58.15358667,-136.76100333,293.7,11.1,SKAGWAY,2025-12-20 02:00:00,Tug,6,32,11
2025-01-07 11:54:46,368018710,WDJ8677,9173501,ANNA T,Under way using engine,58.15390167,-136.76235000,296.3,11.2,SKAGWAY,2025-12-20 02:00:00,Tug,6,32,11
2025-01-07 11:54:52,368018710,WDJ8677,9173501,ANNA T,Under way using engine,58.15403500,-136.76297500,292.4,11.2,SKAGWAY,2025-12-20 02:00:00,Tug,6,32,11
2025-01-07 11:55:04,368018710,WDJ8677,9173501,ANNA T,Under way using engine,58.15427500,-136.76397000,295.3,11.4,SKAGWAY,2025-12-20 02:00:00,Tug,6,32,11
2025-01-07 11:55:18,368018710,WDJ8677,9173501,ANNA T,Under way using engine,58.15461333,-136.76523000,297.9,11.6,SKAGWAY,2025-12-20 02:00:00,Tug,6,32,11
2025-01-07 11:55:27,368018710,WDJ8677,9173501,ANNA T,Under way using engine,58.15481833,-136.76603000,296.5,11.1,SKAGWAY,2025-12-20 02:00:00,Tug,6,32,11
2025-01-07 11:55:33,368018710,WDJ8677,9173501,ANNA T,Under way using engine,58.15498833,-136.76666000,296.6,11.7,SKAGWAY,2025-12-20 02:00:00,Tug,6,32,11
2025-01-07 11:55:41,368018710,WDJ8677,9173501,ANNA T,Under way using engine,58.15514500,-136.76729000,295.3,11.2,SKAGWAY,2025-12-20 02:00:00,Tug,6,32,11
2025-01-07 11:56:27,368018710,WDJ8677,9173501,ANNA T,Under way using engine,58.15620000,-136.77137167,297.4,11.2,SKAGWAY,2025-12-20 02:00:00,Tug,6,32,11
2025-01-07 11:56:31,368018710,WDJ8677,9173501,ANNA T,Under way using engine,58.15629500,-136.77173667,294.3,11.6,SKAGWAY,2025-12-20 02:00:00,Tug,6,32,11
2025-01-07 11:56:55,368018710,WDJ8677,9173501,ANNA T,Under way using engine,58.15686833,-136.77388167,296.8,11.2,SKAGWAY,2025-12-20 02:00:00,Tug,6,32,11
2025-01-07 11:57:12,368018710,WDJ8677,9173501,ANNA T,Under way using engine,58.15728833,-136.77535833,301.9,11.3,SKAGWAY,2025-12-20 02:00:00,Tug,6,32,11
2025-01-07 11:57:18,368018710,WDJ8677,9173501,ANNA T,Under way using engine,58.15747333,-136.77589167,298.2,11.3,SKAGWAY,2025-12-20 02:00:00,Tug,6,32,11
2025-01-07 11:57:27,368018710,WDJ8677,9173501,ANNA T,Under way using engine,58.15771500,-136.77667333,301.9,11.3,SKAGWAY,2025-12-20 02:00:00,Tug,6,32,11
2025-01-07 11:57:31,368018710,WDJ8677,9173501,ANNA T,Under way using engine,58.15783667,-136.77712500,296.9,11.6,SKAGWAY,2025-12-20 02:00:00,Tug,6,32,11
2025-01-07 11:57:37,368018710,WDJ8677,9173501,ANNA T,Under way using engine,58.15794833,-136.77757000,296.4,11.1,SKAGWAY,2025-12-20 02:00:00,Tug,6,32,11
2025-01-07 11:57:45,368018710,WDJ8677,9173501,ANNA T,Under way using engine,58.15812500,-136.77828667,296.5,11.8,SKAGWAY,2025-12-20 02:00:00,Tug,6,32,11
2025-01-07 11:57:51,368018710,WDJ8677,9173501,ANNA T,Under way using engine,58.15826667,-136.77879667,300.6,11.3,SKAGWAY,2025-12-20 02:00:00,Tug,6,32,11
2025-01-07 11:57:58,368018710,WDJ8677,9173501,ANNA T,Under way using engine,58.15842833,-136.77940667,295.8,11.5,SKAGWAY,2025-12-20 02:00:00,Tug,6,32,11
2025-01-07 11:58:05,368018710,WDJ8677,9173501,ANNA T,Under way using engine,58.15863333,-136.78002833,299.3,11.6,SKAGWAY,2025-12-20 02:00:00,Tug,6,32,11
2025-01-07 11:58:14,368018710,WDJ8677,9173501,ANNA T,Under way using engine,58.15887167,-136.78084000,294.8,11.5,SKAGWAY,2025-12-20 02:00:00,Tug,6,32,11
2025-01-07 11:58:18,368018710,WDJ8677,9173501,ANNA T,Under way using engine,58.15894833,-136.78115833,297.9,11.4,SKAGWAY,2025-12-20 02:00:00,Tug,6,32,11
2025-01-07 11:58:31,368018710,WDJ8677,9173501,ANNA T,Under way using engine,58.15929500,-136.78235833,295.1,11.5,SKAGWAY,2025-12-20 02:00:00,Tug,6,32,11
2025-01-07 11:58:37,368018710,WDJ8677,9173501,ANNA T,Under way using engine,58.15948333,-136.78282667,300.9,11.5,SKAGWAY,2025-12-20 02:00:00,Tug,6,32,11
2025-01-07 11:58:44,368018710,WDJ8677,9173501,ANNA T,Under way using engine,58.15966667,-136.78346667,297.5,11.4,SKAGWAY,2025-12-20 02:00:00,Tug,6,32,11
2025-01-07 11:58:58,368018710,WDJ8677,9173501,ANNA T,Under way using engine,58.15997500,-136.78465667,300.5,11.4,SKAGWAY,2025-12-20 02:00:00,Tug,6,32,11
2025-01-07 11:59:03,368018710,WDJ8677,9173501,ANNA T,Under way using engine,58.16010667,-136.78508333,298.1,11.2,SKAGWAY,2025-12-20 02:00:00,Tug,6,32,11
2025-01-07 11:59:07,368018710,WDJ8677,9173501,ANNA T,Under way using engine,58.16020333,-136.78544333,295.3,11.4,SKAGWAY,2025-12-20 02:00:00,Tug,6,32,11
2025-01-07 11:59:21,368018710,WDJ8677,9173501,ANNA T,Under way using engine,58.16059000,-136.78678500,297.7,11.6,SKAGWAY,2025-12-20 02:00:00,Tug,6,32,11
2025-01-07 12:00:08,368018710,WDJ8677,9173501,ANNA T,Under way using engine,58.16173500,-136.79085167,298.4,11.0,SKAGWAY,2025-12-20 02:00:00,Tug,6,32,11
2025-01-07 12:00:41,368018710,WDJ8677,9173501,ANNA T,Under way using engine,58.16253167,-136.79372000,295.9,11.3,SKAGWAY,2025-12-20 02:00:00,Tug,6,32,11
2025-01-07 12:00:48,368018710,WDJ8677,9173501,ANNA T,Under way using engine,58.16274833,-136.79443500,300.5,11.4,SKAGWAY,2025-12-20 02:00:00,Tug,6,32,11
2025-01-07 12:00:54,368018710,WDJ8677,9173501,ANNA T,Under way using engine,58.16284667,-136.79485000,298.1,11.3,SKAGWAY,2025-12-20 02:00:00,Tug,6,32,11
2025-01-07 12:00:58,368018710,WDJ8677,9173501,ANNA T,Under way using engine,58.16296333,-136.79522667,295.7,11.5,SKAGWAY,2025-12-20 02:00:00,Tug,6,32,11
2025-01-07 12:01:05,368018710,WDJ8677,9173501,ANNA T,Under way using engine,58.16315667,-136.79590833,298.6,11.3,SKAGWAY,2025-12-20 02:00:00,Tug,6,32,11
2025-01-07 12:01:10,368018710,WDJ8677,9173501,ANNA T,Under way using engine,58.16322500,-136.79625000,294.9,11.7,SKAGWAY,2025-12-20 02:00:00,Tug,6,32,11
2025-01-07 12:01:17,368018710,WDJ8677,9173501,ANNA T,Under way using engine,58.16340667,-136.79687167,298.9,11.3,SKAGWAY,2025-12-20 02:00:00,Tug,6,32,11
2025-01-07 12:01:27,368018710,WDJ8677,9173501,ANNA T,Under way using engine,58.16369167,-136.79781333,296.3,11.5,SKAGWAY,2025-12-20 02:00:00,Tug,6,32,11
2025-01-07 12:01:31,368018710,WDJ8677,9173501,ANNA T,Under way using engine,58.16377833,-136.79814500,301.4,11.5,SKAGWAY,2025-12-20 02:00:00,Tug,6,32,11
2025-01-07 12:01:44,368018710,WDJ8677,9173501,ANNA T,Under way using engine,58.16413167,-136.79929333,298.2,11.4,SKAGWAY,2025-12-20 02:00:00,Tug,6,32,11
2025-01-07 12:01:50,368018710,WDJ8677,9173501,ANNA T,Under way using engine,58.16427333,-136.79978000,300.9,11.8,SKAGWAY,2025-12-20 02:00:00,Tug,6,32,11
2025-01-07 12:02:14,368018710,WDJ8677,9173501,ANNA T,Under way using engine,58.16488667,-136.80187000,296.1,11.8,SKAGWAY,2025-12-20 02:00:00,Tug,6,32,11
2025-01-07 12:02:20,368018710,WDJ8677,9173501,ANNA T,Under way using engine,58.16501833,-136.80240500,298.6,11.3,SKAGWAY,2025-12-20 02:00:00,Tug,6,32,11
2025-01-07 12:02:47,368018710,WDJ8677,9173501,ANNA T,Under way using engine,58.16570000,-136.80479500,294.6,11.4,SKAGWAY,2025-12-20 02:00:00,Tug,6,32,11
2025-01-07 12:02:52,368018710,WDJ8677,9173501,ANNA T,Under way using engine,58.16586833,-136.80534000,298.7,11.4,SKAGWAY,2025-12-20 02:00:00,Tug,6,32,11
2025-01-07 12:02:57,368018710,WDJ8677,9173501,ANNA T,Under way using engine,58.16598167,-136.80576833,296.3,11.4,SKAGWAY,2025-12-20 02:00:00,Tug,6,32,11
2025-01-07 12:03:11,368018710,WDJ8677,9173501,ANNA T,Under way using engine,58.16631167,-136.80690833,299.7,11.1,SKAGWAY,2025-12-20 02:00:00,Tug,6,32,11
2025-01-07 12:03:17,368018710,WDJ8677,9173501,ANNA T,Under way using engine,58.16645333,-136.80743500,297.0,11.7,SKAGWAY,2025-12-20 02:00:00,Tug,6,32,11
2025-01-07 12:03:21,368018710,WDJ8677,9173501,ANNA T,Under way using engine,58.16659167,-136.80788000,300.6,11.2,SKAGWAY,2025-12-20 02:00:00,Tug,6,32,11
2025-01-07 12:03:30,368018710,WDJ8677,9173501,ANNA T,Under way using engine,58.16676833,-136.80855667,294.5,11.5,SKAGWAY,2025-12-20 02:00:00,Tug,6,32,11
2025-01-07 12:03:34,368018710,WDJ8677,9173501,ANNA T,Under way using engine,58.16690167,-136.80900833,298.0,11.4,SKAGWAY,2025-12-20 02:00:00,Tug,6,32,11
2025-01-07 12:03:39,368018710,WDJ8677,9173501,ANNA T,Under way using engine,58.16702833,-136.80937333,300.2,11.3,SKAGWAY,2025-12-20 02:00:00,Tug,6,32,11
2025-01-07 12:03:44,368018710,WDJ8677,9173501,ANNA T,Under way using engine,58.16714667,-136.80982500,296.3,11.3,SKAGWAY,2025-12-20 02:00:00,Tug,6,32,11
2025-01-07 12:04:11,368018710,WDJ8677,9173501,ANNA T,Under way using engine,58.16779500,-136.81221667,300.4,11.8,SKAGWAY,2025-12-20 02:00:00,Tug,6,32,11
2025-01-07 12:04:15,368018710,WDJ8677,9173501,ANNA T,Under way using engine,58.16789000,-136.81258500,295.2,11.6,SKAGWAY,2025-12-20 02:00:00,Tug,6,32,11
2025-01-07 12:04:20,368018710,WDJ8677,9173501,ANNA T,Under way using engine,58.16800000,-136.81303000,298.1,11.1,SKAGWAY,2025-12-20 02:00:00,Tug,6,32,11
2025-01-07 12:04:26,368018710,WDJ8677,9173501,ANNA T,Under way using engine,58.16806500,-136.81329167,295.1,11.1,SKAGWAY,2025-12-20 02:00:00,Tug,6,32,11
2025-01-07 12:04:39,368018710,WDJ8677,9173501,ANNA T,Under way using engine,58.16845000,-136.81469667,297.9,11.4,SKAGWAY,2025-12-20 02:00:00,Tug,6,32,11
2025-01-07 12:04:44,368018710,WDJ8677,9173501,ANNA T,Under way using engine,58.16860667,-136.81524667,294.0,11.2,SKAGWAY,2025-12-20 02:00:00,Tug,6,32,11
2025-01-07 12:04:48,368018710,WDJ8677,9173501,ANNA T,Under way using engine,58.16869333,-136.81554000,296.2,11.8,SKAGWAY,2025-12-20 02:00:00,Tug,6,32,11
2025-01-07 12:04:54,368018710,WDJ8677,9173501,ANNA T,Under way using engine,58.16884167,-136.81609333,294.1,11.0,SKAGWAY,2025-12-20 02:00:00,Tug,6,32,11
2025-01-07 12:05:01,368018710,WDJ8677,9173501,ANNA T,Under way using engine,58.16896833,-136.81669333,294.4,11.9,SKAGWAY,2025-12-20 02:00:00,Tug,6,32,11
2025-01-07 12:05:06,368018710,WDJ8677,9173501,ANNA T,Under way using engine,58.16908333,-136.81722333,292.4,10.9,SKAGWAY,2025-12-20 02:00:00,Tug,6,32,11
2025-01-07 12:05:11,368018710,WDJ8677,9173501,ANNA T,Under way using engine,58.16919833,-136.81765500,296.9,11.3,SKAGWAY,2025-12-20 02:00:00,Tug,6,32,11
2025-01-07 12:05:31,368018710,WDJ8677,9173501,ANNA T,Under way using engine,58.16965500,-136.81938167,294.9,11.3,SKAGWAY,2025-12-20 02:00:00,Tug,6,32,11
2025-01-07 12:06:15,368018710,WDJ8677,9173501,ANNA T,Under way using engine,58.17065333,-136.82330833,297.2,11.5,SKAGWAY,2025-12-20 02:00:00,Tug,6,32,11
2025-01-07 12:06:33,368018710,WDJ8677,9173501,ANNA T,Under way using engine,58.17108000,-136.82492833,293.5,11.6,SKAGWAY,2025-12-20 02:00:00,Tug,6,32,11
2025-01-07 12:06:37,368018710,WDJ8677,9173501,ANNA T,Under way using engine,58.17118667,-136.82537000,296.3,11.1,SKAGWAY,2025-12-20 02:00:00,Tug,6,32,11
2025-01-07 12:07:02,368018710,WDJ8677,9173501,ANNA T,Under way using engine,58.17172667,-136.82747167,293.4,11.1,SKAGWAY,2025-12-20 02:00:00,Tug,6,32,11
2025-01-07 12:07:06,368018710,WDJ8677,9173501,ANNA T,Under way using engine,58.17185667,-136.82790000,298.5,11.3,SKAGWAY,2025-12-20 02:00:00,Tug,6,32,11
2025-01-07 12:07:10,368018710,WDJ8677,9173501,ANNA T,Under way using engine,58.17194167,-136.82816833,295.9,11.4,SKAGWAY,2025-12-20 02:00:00,Tug,6,32,11
2025-01-07 12:07:14,368018710,WDJ8677,9173501,ANNA T,Under way using engine,58.17200667,-136.82850000,291.4,11.4,SKAGWAY,2025-12-20 02:00:00,Tug,6,32,11
2025-01-07 12:07:18,368018710,WDJ8677,9173501,ANNA T,Under way using engine,58.17208000,-136.82876000,295.0,11.3,SKAGWAY,2025-12-20 02:00:00,Tug,6,32,11
2025-01-07 12:07:23,368018710,WDJ8677,9173501,ANNA T,Under way using engine,58.17224833,-136.82932333,297.0,11.4,SKAGWAY,2025-12-20 02:00:00,Tug,6,32,11
2025-01-07 12:07:57,368018710,WDJ8677,9173501,ANNA T,Under way using engine,58.17312333,-136.83242000,299.9,11.3,SKAGWAY,2025-12-20 02:00:00,Tug,6,32,11
2025-01-07 12:08:06,368018710,WDJ8677,9173501,ANNA T,Under way using engine,58.17333500,-136.83323833,297.5,11.8,SKAGWAY,2025-12-20 02:00:00,Tug,6,32,11
2025-01-07 12:08:31,368018710,WDJ8677,9173501,ANNA T,Under way using engine,58.17399167,-136.83538167,302.8,12.2,SKAGWAY,2025-12-20 02:00:00,Tug,6,32,11
2025-01-07 12:08:38,368018710,WDJ8677,9173501,ANNA T,Under way using engine,58.17414833,-136.83601667,293.7,11.2,SKAGWAY,2025-12-20 02:00:00,Tug,6,32,11
2025-01-07 12:08:44,368018710,WDJ8677,9173501,ANNA T,Under way using engine,58.17430667,-136.83656167,298.4,11.9,SKAGWAY,2025-12-20 02:00:00,Tug,6,32,11
2025-01-07 12:08:50,368018710,WDJ8677,9173501,ANNA T,Under way using engine,58.17444333,-136.83706000,298.0,11.3,SKAGWAY,2025-12-20 02:00:00,Tug,6,32,11
2025-01-07 12:09:02,368018710,WDJ8677,9173501,ANNA T,Under way using engine,58.17476167,-136.83820167,302.3,11.6,SKAGWAY,2025-12-20 02:00:00,Tug,6,32,11
2025-01-07 12:09:06,368018710,WDJ8677,9173501,ANNA T,Under way using engine,58.17482167,-136.83846833,296.5,11.5,SKAGWAY,2025-12-20 02:00:00,Tug,6,32,11
2025-01-07 12:09:15,368018710,WDJ8677,9173501,ANNA T,Under way using engine,58.17508333,-136.83938333,299.0,11.7,SKAGWAY,2025-12-20 02:00:00,Tug,6,32,11
2025-01-07 12:09:24,368018710,WDJ8677,9173501,ANNA T,Under way using engine,58.17526167,-136.84010167,296.4,11.5,SKAGWAY,2025-12-20 02:00:00,Tug,6,32,11
2025-01-07 12:09:54,368018710,WDJ8677,9173501,ANNA T,Under way using engine,58.17602167,-136.84293333,301.0,12.0,SKAGWAY,2025-12-20 02:00:00,Tug,6,32,11
2025-01-07 12:09:58,368018710,WDJ8677,9173501,ANNA T,Under way using engine,58.17610333,-136.84320833,296.2,11.7,SKAGWAY,2025-12-20 02:00:00,Tug,6,32,11
2025-01-07 12:10:10,368018710,WDJ8677,9173501,ANNA T,Under way using engine,58.17641500,-136.84439167,299.5,11.7,SKAGWAY,2025-12-20 02:00:00,Tug,6,32,11
2025-01-07 12:10:15,368018710,WDJ8677,9173501,ANNA T,Under way using engine,58.17652333,-136.84473833,296.2,11.5,SKAGWAY,2025-12-20 02:00:00,Tug,6,32,11
2025-01-07 12:10:24,368018710,WDJ8677,9173501,ANNA T,Under way using engine,58.17673667,-136.84554667,299.2,11.9,SKAGWAY,2025-12-20 02:00:00,Tug,6,32,11
2025-01-07 12:10:28,368018710,WDJ8677,9173501,ANNA T,Under way using engine,58.17684167,-136.84595500,296.7,11.7,SKAGWAY,2025-12-20 02:00:00,Tug,6,32,11
2025-01-07 12:11:05,368018710,WDJ8677,9173501,ANNA T,Under way using engine,58.17775333,-136.84934500,294.7,11.6,SKAGWAY,2025-12-20 02:00:00,Tug,6,32,11
2025-01-07 12:11:11,368018710,WDJ8677,9173501,ANNA T,Under way using engine,58.17787667,-136.84986167,297.7,11.7,SKAGWAY,2025-12-20 02:00:00,Tug,6,32,11
2025-01-07 12:11:38,368018710,WDJ8677,9173501,ANNA T,Under way using engine,58.17852833,-136.85232667,293.4,11.5,SKAGWAY,2025-12-20 02:00:00,Tug,6,32,11
2025-01-07 12:11:44,368018710,WDJ8677,9173501,ANNA T,Under way using engine,58.17868667,-136.85286833,299.5,12.1,SKAGWAY,2025-12-20 02:00:00,Tug,6,32,11
2025-01-07 12:11:48,368018710,WDJ8677,9173501,ANNA T,Under way using engine,58.17878167,-136.85324000,297.3,11.9,SKAGWAY,2025-12-20 02:00:00,Tug,6,32,11
2025-01-07 12:11:57,368018710,WDJ8677,9173501,ANNA T,Under way using engine,58.17903500,-136.85413667,299.3,11.7,SKAGWAY,2025-12-20 02:00:00,Tug,6,32,11
2025-01-07 12:12:07,368018710,WDJ8677,9173501,ANNA T,Under way using engine,58.17926333,-136.85499167,296.9,11.5,SKAGWAY,2025-12-20 02:00:00,Tug,6,32,11
2025-01-07 12:12:13,368018710,WDJ8677,9173501,ANNA T,Under way using engine,58.17942833,-136.85553833,300.1,12.0,SKAGWAY,2025-12-20 02:00:00,Tug,6,32,11
2025-01-07 12:12:20,368018710,WDJ8677,9173501,ANNA T,Under way using engine,58.17961167,-136.85616000,295.9,11.3,SKAGWAY,2025-12-20 02:00:00,Tug,6,32,11
2025-01-07 12:12:28,368018710,WDJ8677,9173501,ANNA T,Under way using engine,58.17983167,-136.85684667,297.0,12.1,SKAGWAY,2025-12-20 02:00:00,Tug,6,32,11
2025-01-07 12:12:34,368018710,WDJ8677,9173501,ANNA T,Under way using engine,58.17995333,-136.85737333,296.6,11.2,SKAGWAY,2025-12-20 02:00:00,Tug,6,32,11
2025-01-07 12:12:38,368018710,WDJ8677,9173501,ANNA T,Under way using engine,58.18004667,-136.85773167,298.0,11.9,SKAGWAY,2025-12-20 02:00:00,Tug,6,32,11
2025-01-07 12:12:54,368018710,WDJ8677,9173501,ANNA T,Under way using engine,58.18041333,-136.85919667,297.7,11.4,SKAGWAY,2025-12-20 02:00:00,Tug,6,32,11
2025-01-07 12:13:08,368018710,WDJ8677,9173501,ANNA T,Under way using engine,58.18075500,-136.86048000,294.3,11.4,SKAGWAY,2025-12-20 02:00:00,Tug,6,32,11
2025-01-07 12:13:12,368018710,WDJ8677,9173501,ANNA T,Under way using engine,58.18085000,-136.86083667,297.3,11.6,SKAGWAY,2025-12-20 02:00:00,Tug,6,32,11
2025-01-07 12:13:16,368018710,WDJ8677,9173501,ANNA T,Under way using engine,58.18099333,-136.86128167,299.5,11.9,SKAGWAY,2025-12-20 02:00:00,Tug,6,32,11
2025-01-07 12:13:21,368018710,WDJ8677,9173501,ANNA T,Under way using engine,58.18109667,-136.86164333,296.2,11.8,SKAGWAY,2025-12-20 02:00:00,Tug,6,32,11
2025-01-07 12:13:25,368018710,WDJ8677,9173501,ANNA T,Under way using engine,58.18120167,-136.86199833,301.8,11.8,SKAGWAY,2025-12-20 02:00:00,Tug,6,32,11
2025-01-07 12:13:38,368018710,WDJ8677,9173501,ANNA T,Under way using engine,58.18155333,-136.86315333,298.3,11.6,SKAGWAY,2025-12-20 02:00:00,Tug,6,32,11
2025-01-07 12:13:58,368018710,WDJ8677,9173501,ANNA T,Under way using engine,58.18198000,-136.86471000,295.1,11.7,SKAGWAY,2025-12-20 02:00:00,Tug,6,32,11
2025-01-07 12:14:31,368018710,WDJ8677,9173501,ANNA T,Under way using engine,58.18283833,-136.86798833,299.3,11.1,SKAGWAY,2025-12-20 02:00:00,Tug,6,32,11
2025-01-07 12:14:51,368018710,WDJ8677,9173501,ANNA T,Under way using engine,58.18335833,-136.86972500,300.6,11.8,SKAGWAY,2025-12-20 02:00:00,Tug,6,32,11
2025-01-07 12:15:00,368018710,WDJ8677,9173501,ANNA T,Under way using engine,58.18359167,-136.87053833,296.4,11.4,SKAGWAY,2025-12-20 02:00:00,Tug,6,32,11
2025-01-07 12:15:10,368018710,WDJ8677,9173501,ANNA T,Under way using engine,58.18384167,-136.87140667,299.9,11.7,SKAGWAY,2025-12-20 02:00:00,Tug,6,32,11
2025-01-07 12:15:15,368018710,WDJ8677,9173501,ANNA T,Under way using engine,58.18396833,-136.87185500,296.2,11.5,SKAGWAY,2025-12-20 02:00:00,Tug,6,32,11
2025-01-07 12:15:24,368018710,WDJ8677,9173501,ANNA T,Under way using engine,58.18419167,-136.87265667,300.8,12.0,SKAGWAY,2025-12-20 02:00:00,Tug,6,32,11
2025-01-07 12:15:41,368018710,WDJ8677,9173501,ANNA T,Under way using engine,58.18462333,-136.87418833,296.3,11.4,SKAGWAY,2025-12-20 02:00:00,Tug,6,32,11
2025-01-07 12:15:58,368018710,WDJ8677,9173501,ANNA T,Under way using engine,58.18500500,-136.87566500,296.0,10.9,SKAGWAY,2025-12-20 02:00:00,Tug,6,32,11
2025-01-07 12:16:05,368018710,WDJ8677,9173501,ANNA T,Under way using engine,58.18518000,-136.87625333,299.0,11.6,SKAGWAY,2025-12-20 02:00:00,Tug,6,32,11
2025-01-07 12:16:20,368018710,WDJ8677,9173501,ANNA T,Under way using engine,58.18557333,-136.87763833,298.2,11.0,SKAGWAY,2025-12-20 02:00:00,Tug,6,32,11
2025-01-07 12:16:25,368018710,WDJ8677,9173501,ANNA T,Under way using engine,58.18569167,-136.87809167,298.1,11.6,SKAGWAY,2025-12-20 02:00:00,Tug,6,32,11
2025-01-07 12:16:30,368018710,WDJ8677,9173501,ANNA T,Under way using engine,58.18580167,-136.87845333,302.6,11.5,SKAGWAY,2025-12-20 02:00:00,Tug,6,32,11
2025-01-07 12:16:38,368018710,WDJ8677,9173501,ANNA T,Under way using engine,58.18601833,-136.87912833,296.6,11.3,SKAGWAY,2025-12-20 02:00:00,Tug,6,32,11
2025-01-07 12:16:43,368018710,WDJ8677,9173501,ANNA T,Under way using engine,58.18617833,-136.87964833,301.8,11.5,SKAGWAY,2025-12-20 02:00:00,Tug,6,32,11
2025-01-07 12:16:51,368018710,WDJ8677,9173501,ANNA T,Under way using engine,58.18637833,-136.88024667,299.0,11.3,SKAGWAY,2025-12-20 02:00:00,Tug,6,32,11
2025-01-07 12:17:55,368018710,WDJ8677,9173501,ANNA T,Under way using engine,58.18803667,-136.88590500,300.8,11.9,SKAGWAY,2025-12-20 02:00:00,Tug,6,32,11
2025-01-07 12:18:00,368018710,WDJ8677,9173501,ANNA T,Under way using engine,58.18817000,-136.88632833,298.0,11.2,SKAGWAY,2025-12-20 02:00:00,Tug,6,32,11
2025-01-07 12:18:04,368018710,WDJ8677,9173501,ANNA T,Under way using engine,58.18827000,-136.88668333,300.5,12.0,SKAGWAY,2025-12-20 02:00:00,Tug,6,32,11
2025-01-07 12:18:14,368018710,WDJ8677,9173501,ANNA T,Under way using engine,58.18855333,-136.88763000,298.0,10.7,SKAGWAY,2025-12-20 02:00:00,Tug,6,32,11
2025-01-07 12:18:23,368018710,WDJ8677,9173501,ANNA T,Under way using engine,58.18878500,-136.88827833,302.0,11.3,SKAGWAY,2025-12-20 02:00:00,Tug,6,32,11
2025-01-07 12:18:30,368018710,WDJ8677,9173501,ANNA T,Under way using engine,58.18894500,-136.88901667,296.4,11.2,SKAGWAY,2025-12-20 02:00:00,Tug,6,32,11
2025-01-07 12:18:35,368018710,WDJ8677,9173501,ANNA T,Under way using engine,58.18905167,-136.88937167,298.9,11.5,SKAGWAY,2025-12-20 02:00:00,Tug,6,32,11
2025-01-07 12:18:43,368018710,WDJ8677,9173501,ANNA T,Under way using engine,58.18925333,-136.89005833,294.4,11.1,SKAGWAY,2025-12-20 02:00:00,Tug,6,32,11
2025-01-07 12:18:51,368018710,WDJ8677,9173501,ANNA T,Under way using engine,58.18945167,-136.89076833,302.0,11.8,SKAGWAY,2025-12-20 02:00:00,Tug,6,32,11
2025-01-07 12:18:58,368018710,WDJ8677,9173501,ANNA T,Under way using engine,58.18962667,-136.89140667,295.2,11.2,SKAGWAY,2025-12-20 02:00:00,Tug,6,32,11
2025-01-07 12:19:04,368018710,WDJ8677,9173501,ANNA T,Under way using engine,58.18977833,-136.89194833,300.2,11.8,SKAGWAY,2025-12-20 02:00:00,Tug,6,32,11
2025-01-07 12:19:08,368018710,WDJ8677,9173501,ANNA T,Under way using engine,58.18987667,-136.89229833,298.9,11.2,SKAGWAY,2025-12-20 02:00:00,Tug,6,32,11
2025-01-07 12:19:58,368018710,WDJ8677,9173501,ANNA T,Under way using engine,58.19109000,-136.89658167,301.1,11.3,SKAGWAY,2025-12-20 02:00:00,Tug,6,32,11
2025-01-07 12:20:36,368018710,WDJ8677,9173501,ANNA T,Under way using engine,58.19211833,-136.89994333,299.0,11.5,SKAGWAY,2025-12-20 02:00:00,Tug,6,32,11
2025-01-07 12:20:40,368018710,WDJ8677,9173501,ANNA T,Under way using engine,58.19218667,-136.90021167,296.8,11.4,SKAGWAY,2025-12-20 02:00:00,Tug,6,32,11
2025-01-07 12:20:50,368018710,WDJ8677,9173501,ANNA T,Under way using engine,58.19244333,-136.90112000,299.2,11.7,SKAGWAY,2025-12-20 02:00:00,Tug,6,32,11
2025-01-07 12:21:08,368018710,WDJ8677,9173501,ANNA T,Under way using engine,58.19293333,-136.90270667,302.6,11.7,SKAGWAY,2025-12-20 02:00:00,Tug,6,32,11
2025-01-07 12:21:12,368018710,WDJ8677,9173501,ANNA T,Under way using engine,58.19304000,-136.90314333,297.2,11.4,SKAGWAY,2025-12-20 02:00:00,Tug,6,32,11
2025-01-07 12:21:23,368018710,WDJ8677,9173501,ANNA T,Under way using engine,58.19330333,-136.90401500,299.8,11.8,SKAGWAY,2025-12-20 02:00:00,Tug,6,32,11
2025-01-07 12:21:32,368018710,WDJ8677,9173501,ANNA T,Under way using engine,58.19351667,-136.90476500,301.2,11.2,SKAGWAY,2025-12-20 02:00:00,Tug,6,32,11
2025-01-07 12:21:36,368018710,WDJ8677,9173501,ANNA T,Under way using engine,58.19363333,-136.90509333,300.4,11.7,SKAGWAY,2025-12-20 02:00:00,Tug,6,32,11
2025-01-07 12:22:08,368018710,WDJ8677,9173501,ANNA T,Under way using engine,58.19449167,-136.90792667,298.3,11.5,SKAGWAY,2025-12-20 02:00:00,Tug,6,32,11
2025-01-07 12:22:12,368018710,WDJ8677,9173501,ANNA T,Under way using engine,58.19458000,-136.90831167,296.1,11.7,SKAGWAY,2025-12-20 02:00:00,Tug,6,32,11
2025-01-07 12:22:16,368018710,WDJ8677,9173501,ANNA T,Under way using engine,58.19471667,-136.90876333,299.0,11.7,SKAGWAY,2025-12-20 02:00:00,Tug,6,32,11
2025-01-07 12:22:31,368018710,WDJ8677,9173501,ANNA T,Under way using engine,58.19510167,-136.91005333,301.0,11.7,SKAGWAY,2025-12-20 02:00:00,Tug,6,32,11
2025-01-07 12:22:44,368018710,WDJ8677,9173501,ANNA T,Under way using engine,58.19542000,-136.91112333,298.4,11.5,SKAGWAY,2025-12-20 02:00:00,Tug,6,32,11
2025-01-07 12:22:55,368018710,WDJ8677,9173501,ANNA T,Under way using engine,58.19569333,-136.91210667,296.1,11.2,SKAGWAY,2025-12-20 02:00:00,Tug,6,32,11
2025-01-07 12:23:00,368018710,WDJ8677,9173501,ANNA T,Under way using engine,58.19580333,-136.91256167,297.3,11.7,SKAGWAY,2025-12-20 02:00:00,Tug,6,32,11
2025-01-07 12:23:08,368018710,WDJ8677,9173501,ANNA T,Under way using engine,58.19601333,-136.91330167,298.0,11.2,SKAGWAY,2025-12-20 02:00:00,Tug,6,32,11
2025-01-07 12:23:14,368018710,WDJ8677,9173501,ANNA T,Under way using engine,58.19614833,-136.91392500,295.6,11.8,SKAGWAY,2025-12-20 02:00:00,Tug,6,32,11
2025-01-07 12:23:44,368018710,WDJ8677,9173501,ANNA T,Under way using engine,58.19687500,-136.91646833,296.9,11.2,SKAGWAY,2025-12-20 02:00:00,Tug,6,32,11
2025-01-07 12:23:55,368018710,WDJ8677,9173501,ANNA T,Under way using engine,58.19711000,-136.91751500,298.9,11.7,SKAGWAY,2025-12-20 02:00:00,Tug,6,32,11
2025-01-07 12:24:04,368018710,WDJ8677,9173501,ANNA T,Under way using engine,58.19735000,-136.91840500,296.1,11.2,SKAGWAY,2025-12-20 02:00:00,Tug,6,32,11
2025-01-07 12:24:13,368018710,WDJ8677,9173501,ANNA T,Under way using engine,58.19754000,-136.91911833,297.9,11.7,SKAGWAY,2025-12-20 02:00:00,Tug,6,32,11
2025-01-07 12:24:24,368018710,WDJ8677,9173501,ANNA T,Under way using engine,58.19781500,-136.92007667,295.5,11.6,SKAGWAY,2025-12-20 02:00:00,Tug,6,32,11
2025-01-07 12:25:30,368018710,WDJ8677,9173501,ANNA T,Under way using engine,58.19935500,-136.92595167,293.2,11.2,SKAGWAY,2025-12-20 02:00:00,Tug,6,32,11
2025-01-07 12:25:38,368018710,WDJ8677,9173501,ANNA T,Under way using engine,58.19954333,-136.92671500,297.3,12.1,SKAGWAY,2025-12-20 02:00:00,Tug,6,32,11
2025-01-07 12:25:43,368018710,WDJ8677,9173501,ANNA T,Under way using engine,58.19964000,-136.92717500,294.5,11.1,SKAGWAY,2025-12-20 02:00:00,Tug,6,32,11
2025-01-07 12:25:48,368018710,WDJ8677,9173501,ANNA T,Under way using engine,58.19978000,-136.92759833,298.8,11.3,SKAGWAY,2025-12-20 02:00:00,Tug,6,32,11
2025-01-07 12:25:54,368018710,WDJ8677,9173501,ANNA T,Under way using engine,58.19993000,-136.92814833,295.7,11.4,SKAGWAY,2025-12-20 02:00:00,Tug,6,32,11
2025-01-07 12:26:05,368018710,WDJ8677,9173501,ANNA T,Under way using engine,58.20018000,-136.92908333,298.5,11.4,SKAGWAY,2025-12-20 02:00:00,Tug,6,32,11
2025-01-07 12:26:10,368018710,WDJ8677,9173501,ANNA T,Under way using engine,58.20024333,-136.92935333,296.0,10.7,SKAGWAY,2025-12-20 02:00:00,Tug,6,32,11
2025-01-07 12:26:14,368018710,WDJ8677,9173501,ANNA T,Under way using engine,58.20038167,-136.92984667,299.0,11.0,SKAGWAY,2025-12-20 02:00:00,Tug,6,32,11
2025-01-07 12:26:21,368018710,WDJ8677,9173501,ANNA T,Under way using engine,58.20055000,-136.93044833,294.2,10.8,SKAGWAY,2025-12-20 02:00:00,Tug,6,32,11
2025-01-07 12:26:25,368018710,WDJ8677,9173501,ANNA T,Under way using engine,58.20065333,-136.93077667,298.9,11.0,SKAGWAY,2025-12-20 02:00:00,Tug,6,32,11
2025-01-07 12:26:31,368018710,WDJ8677,9173501,ANNA T,Under way using engine,58.20078667,-136.93128167,296.1,10.9,SKAGWAY,2025-12-20 02:00:00,Tug,6,32,11
2025-01-07 12:26:37,368018710,WDJ8677,9173501,ANNA T,Under way using engine,58.20086667,-136.93163167,293.6,10.9,SKAGWAY,2025-12-20 02:00:00,Tug,6,32,11
2025-01-07 12:26:41,368018710,WDJ8677,9173501,ANNA T,Under way using engine,58.20099333,-136.93218333,297.9,11.5,SKAGWAY,2025-12-20 02:00:00,Tug,6,32,11
2025-01-07 12:26:46,368018710,WDJ8677,9173501,ANNA T,Under way using engine,58.20109833,-136.93263000,294.0,11.1,SKAGWAY,2025-12-20 02:00:00,Tug,6,32,11
2025-01-07 12:26:51,368018710,WDJ8677,9173501,ANNA T,Under way using engine,58.20121333,-136.93306833,297.7,11.6,SKAGWAY,2025-12-20 02:00:00,Tug,6,32,11
2025-01-07 12:26:57,368018710,WDJ8677,9173501,ANNA T,Under way using engine,58.20138833,-136.93368000,294.2,11.0,SKAGWAY,2025-12-20 02:00:00,Tug,6,32,11
2025-01-07 12:27:05,368018710,WDJ8677,9173501,ANNA T,Under way using engine,58.20153500,-136.93431500,295.0,11.6,SKAGWAY,2025-12-20 02:00:00,Tug,6,32,11
2025-01-07 12:27:11,368018710,WDJ8677,9173501,ANNA T,Under way using engine,58.20167000,-136.93483333,297.7,10.8,SKAGWAY,2025-12-20 02:00:00,Tug,6,32,11
2025-01-07 12:27:17,368018710,WDJ8677,9173501,ANNA T,Under way using engine,58.20183833,-136.93543667,296.8,11.6,SKAGWAY,2025-12-20 02:00:00,Tug,6,32,11
2025-01-07 12:27:24,368018710,WDJ8677,9173501,ANNA T,Under way using engine,58.20197167,-136.93596000,296.7,11.0,SKAGWAY,2025-12-20 02:00:00,Tug,6,32,11
2025-01-07 12:27:31,368018710,WDJ8677,9173501,ANNA T,Under way using engine,58.20218333,-136.93667500,294.3,11.5,SKAGWAY,2025-12-20 02:00:00,Tug,6,32,11
2025-01-07 12:27:38,368018710,WDJ8677,9173501,ANNA T,Under way using engine,58.20232333,-136.93719667,296.8,11.0,SKAGWAY,2025-12-20 02:00:00,Tug,6,32,11
2025-01-07 12:27:48,368018710,WDJ8677,9173501,ANNA T,Under way using engine,58.20254667,-136.93809000,296.7,11.5,SKAGWAY,2025-12-20 02:00:00,Tug,6,32,11
2025-01-07 12:27:57,368018710,WDJ8677,9173501,ANNA T,Under way using engine,58.20278000,-136.93896667,298.8,11.2,SKAGWAY,2025-12-20 02:00:00,Tug,6,32,11
2025-01-07 12:28:01,368018710,WDJ8677,9173501,ANNA T,Under way using engine,58.20285833,-136.93924333,297.3,11.8,SKAGWAY,2025-12-20 02:00:00,Tug,6,32,11
2025-01-07 12:28:11,368018710,WDJ8677,9173501,ANNA T,Under way using engine,58.20309667,-136.94015333,301.8,11.7,SKAGWAY,2025-12-20 02:00:00,Tug,6,32,11
2025-01-07 12:28:24,368018710,WDJ8677,9173501,ANNA T,Under way using engine,58.20343500,-136.94127500,298.8,11.4,SKAGWAY,2025-12-20 02:00:00,Tug,6,32,11
2025-01-07 12:28:38,368018710,WDJ8677,9173501,ANNA T,Under way using engine,58.20378500,-136.94250500,296.8,11.4,SKAGWAY,2025-12-20 02:00:00,Tug,6,32,11
2025-01-07 12:29:04,368018710,WDJ8677,9173501,ANNA T,Under way using engine,58.20442167,-136.94474833,299.4,11.3,SKAGWAY,2025-12-20 02:00:00,Tug,6,32,11
2025-01-07 12:29:11,368018710,WDJ8677,9173501,ANNA T,Under way using engine,58.20461833,-136.94535167,302.2,11.3,SKAGWAY,2025-12-20 02:00:00,Tug,6,32,11
2025-01-07 12:29:17,368018710,WDJ8677,9173501,ANNA T,Under way using engine,58.20479667,-136.94596000,298.3,11.4,SKAGWAY,2025-12-20 02:00:00,Tug,6,32,11
2025-01-07 12:30:05,368018710,WDJ8677,9173501,ANNA T,Under way using engine,58.20596000,-136.95008667,301.2,11.6,SKAGWAY,2025-12-20 02:00:00,Tug,6,32,11
2025-01-07 12:30:10,368018710,WDJ8677,9173501,ANNA T,Under way using engine,58.20608667,-136.95049833,298.3,11.3,SKAGWAY,2025-12-20 02:00:00,Tug,6,32,11
2025-01-07 12:30:17,368018710,WDJ8677,9173501,ANNA T,Under way using engine,58.20627333,-136.95119000,300.5,11.4,SKAGWAY,2025-12-20 02:00:00,Tug,6,32,11
2025-01-07 12:30:21,368018710,WDJ8677,9173501,ANNA T,Under way using engine,58.20635333,-136.95146333,297.3,11.6,SKAGWAY,2025-12-20 02:00:00,Tug,6,32,11
2025-01-07 12:30:27,368018710,WDJ8677,9173501,ANNA T,Under way using engine,58.20642667,-136.95171833,296.5,10.5,SKAGWAY,2025-12-20 02:00:00,Tug,6,32,11
2025-01-07 12:30:31,368018710,WDJ8677,9173501,ANNA T,Under way using engine,58.20659833,-136.95229833,299.1,11.2,SKAGWAY,2025-12-20 02:00:00,Tug,6,32,11
2025-01-07 12:30:40,368018710,WDJ8677,9173501,ANNA T,Under way using engine,58.20682167,-136.95315833,297.9,10.7,SKAGWAY,2025-12-20 02:00:00,Tug,6,32,11
2025-01-07 12:30:45,368018710,WDJ8677,9173501,ANNA T,Under way using engine,58.20692833,-136.95348833,300.6,11.1,SKAGWAY,2025-12-20 02:00:00,Tug,6,32,11
2025-01-07 12:30:57,368018710,WDJ8677,9173501,ANNA T,Under way using engine,58.20725333,-136.95447667,304.0,11.1,SKAGWAY,2025-12-20 02:00:00,Tug,6,32,11
2025-01-07 12:31:14,368018710,WDJ8677,9173501,ANNA T,Under way using engine,58.20775167,-136.95585833,306.3,11.4,SKAGWAY,2025-12-20 02:00:00,Tug,6,32,11
2025-01-07 12:31:21,368018710,WDJ8677,9173501,ANNA T,Under way using engine,58.20798167,-136.95650500,302.7,11.2,SKAGWAY,2025-12-20 02:00:00,Tug,6,32,11
2025-01-07 12:31:32,368018710,WDJ8677,9173501,ANNA T,Under way using engine,58.20827333,-136.95731667,305.4,11.1,SKAGWAY,2025-12-20 02:00:00,Tug,6,32,11
2025-01-07 12:31:39,368018710,WDJ8677,9173501,ANNA T,Under way using engine,58.20845833,-136.95791833,300.1,11.4,SKAGWAY,2025-12-20 02:00:00,Tug,6,32,11
2025-01-07 12:31:44,368018710,WDJ8677,9173501,ANNA T,Under way using engine,58.20862500,-136.95833333,306.0,11.7,SKAGWAY,2025-12-20 02:00:00,Tug,6,32,11
2025-01-07 12:31:54,368018710,WDJ8677,9173501,ANNA T,Under way using engine,58.20890667,-136.95915333,301.0,11.3,SKAGWAY,2025-12-20 02:00:00,Tug,6,32,11
2025-01-07 12:31:59,368018710,WDJ8677,9173501,ANNA T,Under way using engine,58.20908000,-136.95955500,308.8,11.9,SKAGWAY,2025-12-20 02:00:00,Tug,6,32,11
2025-01-07 12:32:07,368018710,WDJ8677,9173501,ANNA T,Under way using engine,58.20935167,-136.96024000,301.1,10.9,SKAGWAY,2025-12-20 02:00:00,Tug,6,32,11
2025-01-07 12:32:17,368018710,WDJ8677,9173501,ANNA T,Under way using engine,58.20963833,-136.96099833,304.3,11.5,SKAGWAY,2025-12-20 02:00:00,Tug,6,32,11
2025-01-07 12:32:24,368018710,WDJ8677,9173501,ANNA T,Under way using engine,58.20982000,-136.96154667,300.4,10.7,SKAGWAY,2025-12-20 02:00:00,Tug,6,32,11
2025-01-07 12:32:34,368018710,WDJ8677,9173501,ANNA T,Under way using engine,58.21011833,-136.96235500,307.8,11.5,SKAGWAY,2025-12-20 02:00:00,Tug,6,32,11
2025-01-07 12:32:41,368018710,WDJ8677,9173501,ANNA T,Under way using engine,58.21031667,-136.96292167,299.8,10.8,SKAGWAY,2025-12-20 02:00:00,Tug,6,32,11
2025-01-07 12:32:48,368018710,WDJ8677,9173501,ANNA T,Under way using engine,58.21053167,-136.96347667,307.1,11.6,SKAGWAY,2025-12-20 02:00:00,Tug,6,32,11
2025-01-07 12:33:00,368018710,WDJ8677,9173501,ANNA T,Under way using engine,58.21088833,-136.96454000,304.9,10.8,SKAGWAY,2025-12-20 02:00:00,Tug,6,32,11
2025-01-07 12:33:05,368018710,WDJ8677,9173501,ANNA T,Under way using engine,58.21102500,-136.96484500,306.5,11.3,SKAGWAY,2025-12-20 02:00:00,Tug,6,32,11
2025-01-07 12:33:09,368018710,WDJ8677,9173501,ANNA T,Under way using engine,58.21115333,-136.96527500,301.3,11.3,SKAGWAY,2025-12-20 02:00:00,Tug,6,32,11
2025-01-07 12:33:15,368018710,WDJ8677,9173501,ANNA T,Under way using engine,58.21129333,-136.96566000,305.5,11.2,SKAGWAY,2025-12-20 02:00:00,Tug,6,32,11
2025-01-07 12:33:27,368018710,WDJ8677,9173501,ANNA T,Under way using engine,58.21167167,-136.96668333,302.9,11.3,SKAGWAY,2025-12-20 02:00:00,Tug,6,32,11
2025-01-07 12:33:35,368018710,WDJ8677,9173501,ANNA T,Under way using engine,58.21191667,-136.96731500,305.7,11.3,SKAGWAY,2025-12-20 02:00:00,Tug,6,32,11
2025-01-07 12:33:44,368018710,WDJ8677,9173501,ANNA T,Under way using engine,58.21218000,-136.96806167,302.7,11.2,SKAGWAY,2025-12-20 02:00:00,Tug,6,32,11
2025-01-07 12:33:48,368018710,WDJ8677,9173501,ANNA T,Under way using engine,58.21229000,-136.96838667,306.4,11.4,SKAGWAY,2025-12-20 02:00:00,Tug,6,32,11
2025-01-07 12:33:55,368018710,WDJ8677,9173501,ANNA T,Under way using engine,58.21248167,-136.96898833,304.1,11.2,SKAGWAY,2025-12-20 02:00:00,Tug,6,32,11
2025-01-07 12:34:30,368018710,WDJ8677,9173501,ANNA T,Under way using engine,58.21348833,-136.97198333,300.4,11.3,SKAGWAY,2025-12-20 02:00:00,Tug,6,32,11
2025-01-07 12:34:37,368018710,WDJ8677,9173501,ANNA T,Under way using engine,58.21369167,-136.97248667,306.3,12.0,SKAGWAY,2025-12-20 02:00:00,Tug,6,32,11
2025-01-07 12:34:41,368018710,WDJ8677,9173501,ANNA T,Under way using engine,58.21384000,-136.97290500,302.9,11.5,SKAGWAY,2025-12-20 02:00:00,Tug,6,32,11
2025-01-07 12:34:53,368018710,WDJ8677,9173501,ANNA T,Under way using engine,58.21417500,-136.97382000,306.6,11.7,SKAGWAY,2025-12-20 02:00:00,Tug,6,32,11
2025-01-07 12:34:57,368018710,WDJ8677,9173501,ANNA T,Under way using engine,58.21425833,-136.97406333,306.0,11.0,SKAGWAY,2025-12-20 02:00:00,Tug,6,32,11
2025-01-07 12:35:01,368018710,WDJ8677,9173501,ANNA T,Under way using engine,58.21438833,-136.97446833,303.7,11.1,SKAGWAY,2025-12-20 02:00:00,Tug,6,32,11
2025-01-07 12:35:06,368018710,WDJ8677,9173501,ANNA T,Under way using engine,58.21453000,-136.97488667,303.1,11.6,SKAGWAY,2025-12-20 02:00:00,Tug,6,32,11
2025-01-07 12:35:11,368018710,WDJ8677,9173501,ANNA T,Under way using engine,58.21470333,-136.97528167,304.0,11.0,SKAGWAY,2025-12-20 02:00:00,Tug,6,32,11
2025-01-07 12:35:20,368018710,WDJ8677,9173501,ANNA T,Under way using engine,58.21495833,-136.97600167,304.7,11.5,SKAGWAY,2025-12-20 02:00:00,Tug,6,32,11
2025-01-07 12:35:28,368018710,WDJ8677,9173501,ANNA T,Under way using engine,58.21516833,-136.97665333,302.8,10.7,SKAGWAY,2025-12-20 02:00:00,Tug,6,32,11
2025-01-07 12:35:37,368018710,WDJ8677,9173501,ANNA T,Under way using engine,58.21542500,-136.97741500,302.6,11.3,SKAGWAY,2025-12-20 02:00:00,Tug,6,32,11
2025-01-07 12:35:41,368018710,WDJ8677,9173501,ANNA T,Under way using engine,58.21553833,-136.97771667,302.1,10.6,SKAGWAY,2025-12-20 02:00:00,Tug,6,32,11
2025-01-07 12:35:48,368018710,WDJ8677,9173501,ANNA T,Under way using engine,58.21573333,-136.97828833,301.2,11.2,SKAGWAY,2025-12-20 02:00:00,Tug,6,32,11
2025-01-07 12:36:08,368018710,WDJ8677,9173501,ANNA T,Under way using engine,58.21635167,-136.97979833,305.4,11.0,SKAGWAY,2025-12-20 02:00:00,Tug,6,32,11
2025-01-07 12:36:13,368018710,WDJ8677,9173501,ANNA T,Under way using engine,58.21650333,-136.98029167,301.4,10.9,SKAGWAY,2025-12-20 02:00:00,Tug,6,32,11
2025-01-07 12:36:17,368018710,WDJ8677,9173501,ANNA T,Under way using engine,58.21656667,-136.98053667,304.6,11.2,SKAGWAY,2025-12-20 02:00:00,Tug,6,32,11
2025-01-07 12:36:24,368018710,WDJ8677,9173501,ANNA T,Under way using engine,58.21674333,-136.98114333,300.7,11.0,SKAGWAY,2025-12-20 02:00:00,Tug,6,32,11
2025-01-07 12:36:48,368018710,WDJ8677,9173501,ANNA T,Under way using engine,58.21742000,-136.98310500,305.3,11.1,SKAGWAY,2025-12-20 02:00:00,Tug,6,32,11
2025-01-07 12:37:08,368018710,WDJ8677,9173501,ANNA T,Under way using engine,58.21798333,-136.98469000,302.5,11.0,SKAGWAY,2025-12-20 02:00:00,Tug,6,32,11
2025-01-07 12:37:15,368018710,WDJ8677,9173501,ANNA T,Under way using engine,58.21817000,-136.98526167,304.5,11.1,SKAGWAY,2025-12-20 02:00:00,Tug,6,32,11
2025-01-07 12:37:34,368018710,WDJ8677,9173501,ANNA T,Under way using engine,58.21869167,-136.98679667,299.9,11.4,SKAGWAY,2025-12-20 02:00:00,Tug,6,32,11
2025-01-07 12:37:53,368018710,WDJ8677,9173501,ANNA T,Under way using engine,58.21928167,-136.98844667,306.2,11.3,SKAGWAY,2025-12-20 02:00:00,Tug,6,32,11
2025-01-07 12:37:57,368018710,WDJ8677,9173501,ANNA T,Under way using engine,58.21935500,-136.98868333,303.4,11.4,SKAGWAY,2025-12-20 02:00:00,Tug,6,32,11
2025-01-07 12:38:01,368018710,WDJ8677,9173501,ANNA T,Under way using engine,58.21946000,-136.98901333,300.8,11.0,SKAGWAY,2025-12-20 02:00:00,Tug,6,32,11
2025-01-07 12:38:17,368018710,WDJ8677,9173501,ANNA T,Under way using engine,58.21990000,-136.99037667,302.9,10.6,SKAGWAY,2025-12-20 02:00:00,Tug,6,32,11
2025-01-07 12:38:28,368018710,WDJ8677,9173501,ANNA T,Under way using engine,58.22018833,-136.99128833,301.6,11.8,SKAGWAY,2025-12-20 02:00:00,Tug,6,32,11
2025-01-07 12:38:34,368018710,WDJ8677,9173501,ANNA T,Under way using engine,58.22033333,-136.99176333,302.8,10.6,SKAGWAY,2025-12-20 02:00:00,Tug,6,32,11
2025-01-07 12:38:38,368018710,WDJ8677,9173501,ANNA T,Under way using engine,58.22046667,-136.99207833,303.9,11.7,SKAGWAY,2025-12-20 02:00:00,Tug,6,32,11
2025-01-07 12:38:44,368018710,WDJ8677,9173501,ANNA T,Under way using engine,58.22064333,-136.99257333,301.5,10.8,SKAGWAY,2025-12-20 02:00:00,Tug,6,32,11
2025-01-07 12:39:08,368018710,WDJ8677,9173501,ANNA T,Under way using engine,58.22129000,-136.99447000,303.6,10.7,SKAGWAY,2025-12-20 02:00:00,Tug,6,32,11
2025-01-07 12:39:28,368018710,WDJ8677,9173501,ANNA T,Under way using engine,58.22186667,-136.99608167,306.3,11.4,SKAGWAY,2025-12-20 02:00:00,Tug,6,32,11
2025-01-07 12:39:34,368018710,WDJ8677,9173501,ANNA T,Under way using engine,58.22205333,-136.99658833,300.2,11.5,SKAGWAY,2025-12-20 02:00:00,Tug,6,32,11
2025-01-07 12:39:38,368018710,WDJ8677,9173501,ANNA T,Under way using engine,58.22215000,-136.99692500,303.4,11.0,SKAGWAY,2025-12-20 02:00:00,Tug,6,32,11
2025-01-07 12:39:44,368018710,WDJ8677,9173501,ANNA T,Under way using engine,58.22235500,-136.99743167,306.6,12.2,SKAGWAY,2025-12-20 02:00:00,Tug,6,32,11
2025-01-07 12:39:57,368018710,WDJ8677,9173501,ANNA T,Under way using engine,58.22266333,-136.99831667,305.8,11.2,SKAGWAY,2025-12-20 02:00:00,Tug,6,32,11
2025-01-07 12:40:05,368018710,WDJ8677,9173501,ANNA T,Under way using engine,58.22294500,-136.99914500,302.0,10.7,SKAGWAY,2025-12-20 02:00:00,Tug,6,32,11
2025-01-07 12:40:15,368018710,WDJ8677,9173501,ANNA T,Under way using engine,58.22321500,-136.99995667,302.6,11.4,SKAGWAY,2025-12-20 02:00:00,Tug,6,32,11
2025-01-07 12:40:38,368018710,WDJ8677,9173501,ANNA T,Under way using engine,58.22386833,-137.00183833,308.1,11.7,SKAGWAY,2025-12-20 02:00:00,Tug,6,32,11
2025-01-07 12:40:45,368018710,WDJ8677,9173501,ANNA T,Under way using engine,58.22406333,-137.00241667,300.3,10.6,SKAGWAY,2025-12-20 02:00:00,Tug,6,32,11
2025-01-07 12:41:08,368018710,WDJ8677,9173501,ANNA T,Under way using engine,58.22472500,-137.00431167,306.1,11.6,SKAGWAY,2025-12-20 02:00:00,Tug,6,32,11
2025-01-07 12:41:13,368018710,WDJ8677,9173501,ANNA T,Under way using engine,58.22484333,-137.00470667,304.1,11.0,SKAGWAY,2025-12-20 02:00:00,Tug,6,32,11
2025-01-07 12:41:17,368018710,WDJ8677,9173501,ANNA T,Under way using engine,58.22497333,-137.00502333,306.6,11.0,SKAGWAY,2025-12-20 02:00:00,Tug,6,32,11
2025-01-07 12:41:25,368018710,WDJ8677,9173501,ANNA T,Under way using engine,58.22522667,-137.00568833,304.6,11.2,SKAGWAY,2025-12-20 02:00:00,Tug,6,32,11
2025-01-07 12:42:15,368018710,WDJ8677,9173501,ANNA T,Under way using engine,58.22666167,-137.00978667,306.4,11.8,SKAGWAY,2025-12-20 02:00:00,Tug,6,32,11
2025-01-07 12:42:20,368018710,WDJ8677,9173501,ANNA T,Under way using engine,58.22681167,-137.01018500,303.6,10.9,SKAGWAY,2025-12-20 02:00:00,Tug,6,32,11
2025-01-07 12:42:28,368018710,WDJ8677,9173501,ANNA T,Under way using engine,58.22708500,-137.01087167,307.6,11.3,SKAGWAY,2025-12-20 02:00:00,Tug,6,32,11
2025-01-07 12:42:34,368018710,WDJ8677,9173501,ANNA T,Under way using engine,58.22723167,-137.01134167,302.7,11.1,SKAGWAY,2025-12-20 02:00:00,Tug,6,32,11
2025-01-07 12:42:53,368018710,WDJ8677,9173501,ANNA T,Under way using engine,58.22771333,-137.01269333,303.4,11.6,SKAGWAY,2025-12-20 02:00:00,Tug,6,32,11
2025-01-07 12:43:00,368018710,WDJ8677,9173501,ANNA T,Under way using engine,58.22793667,-137.01345333,302.6,10.8,SKAGWAY,2025-12-20 02:00:00,Tug,6,32,11
2025-01-07 12:43:10,368018710,WDJ8677,9173501,ANNA T,Under way using engine,58.22819500,-137.01428333,299.9,10.8,SKAGWAY,2025-12-20 02:00:00,Tug,6,32,11
2025-01-07 12:43:14,368018710,WDJ8677,9173501,ANNA T,Under way using engine,58.22830833,-137.01460000,303.4,10.9,SKAGWAY,2025-12-20 02:00:00,Tug,6,32,11
2025-01-07 12:43:38,368018710,WDJ8677,9173501,ANNA T,Under way using engine,58.22899833,-137.01659167,305.7,11.0,SKAGWAY,2025-12-20 02:00:00,Tug,6,32,11
2025-01-07 12:43:44,368018710,WDJ8677,9173501,ANNA T,Under way using engine,58.22917500,-137.01708500,305.4,11.5,SKAGWAY,2025-12-20 02:00:00,Tug,6,32,11
2025-01-07 12:43:55,368018710,WDJ8677,9173501,ANNA T,Under way using engine,58.22950833,-137.01796167,302.0,11.3,SKAGWAY,2025-12-20 02:00:00,Tug,6,32,11
2025-01-07 12:44:10,368018710,WDJ8677,9173501,ANNA T,Under way using engine,58.22984500,-137.01898667,301.9,10.7,SKAGWAY,2025-12-20 02:00:00,Tug,6,32,11
2025-01-07 12:44:15,368018710,WDJ8677,9173501,ANNA T,Under way using engine,58.23004167,-137.01955333,304.0,11.2,SKAGWAY,2025-12-20 02:00:00,Tug,6,32,11
2025-01-07 12:44:21,368018710,WDJ8677,9173501,ANNA T,Under way using engine,58.23022500,-137.01999667,304.9,10.6,SKAGWAY,2025-12-20 02:00:00,Tug,6,32,11
2025-01-07 12:44:30,368018710,WDJ8677,9173501,ANNA T,Under way using engine,58.23049667,-137.02080500,300.7,10.9,SKAGWAY,2025-12-20 02:00:00,Tug,6,32,11
2025-01-07 12:44:41,368018710,WDJ8677,9173501,ANNA T,Under way using engine,58.23078667,-137.02156833,307.8,10.9,SKAGWAY,2025-12-20 02:00:00,Tug,6,32,11
2025-01-07 12:44:55,368018710,WDJ8677,9173501,ANNA T,Under way using engine,58.23120333,-137.02265167,303.2,10.8,SKAGWAY,2025-12-20 02:00:00,Tug,6,32,11
2025-01-07 12:45:20,368018710,WDJ8677,9173501,ANNA T,Under way using engine,58.23181500,-137.02438333,306.8,11.0,SKAGWAY,2025-12-20 02:00:00,Tug,6,32,11
2025-01-07 12:45:24,368018710,WDJ8677,9173501,ANNA T,Under way using engine,58.23203000,-137.02493333,304.1,10.9,SKAGWAY,2025-12-20 02:00:00,Tug,6,32,11
2025-01-07 12:45:55,368018710,WDJ8677,9173501,ANNA T,Under way using engine,58.23285333,-137.02737000,300.1,10.7,SKAGWAY,2025-12-20 02:00:00,Tug,6,32,11
2025-01-07 12:46:00,368018710,WDJ8677,9173501,ANNA T,Under way using engine,58.23294500,-137.02760667,303.1,10.5,SKAGWAY,2025-12-20 02:00:00,Tug,6,32,11
2025-01-07 12:46:18,368018710,WDJ8677,9173501,ANNA T,Under way using engine,58.23352167,-137.02920833,302.2,11.4,SKAGWAY,2025-12-20 02:00:00,Tug,6,32,11
2025-01-07 12:46:28,368018710,WDJ8677,9173501,ANNA T,Under way using engine,58.23380833,-137.03000333,303.2,10.6,SKAGWAY,2025-12-20 02:00:00,Tug,6,32,11
2025-01-07 12:46:34,368018710,WDJ8677,9173501,ANNA T,Under way using engine,58.23396333,-137.03047500,304.9,11.2,SKAGWAY,2025-12-20 02:00:00,Tug,6,32,11
2025-01-07 12:46:50,368018710,WDJ8677,9173501,ANNA T,Under way using engine,58.23432833,-137.03156667,301.0,11.0,SKAGWAY,2025-12-20 02:00:00,Tug,6,32,11
2025-01-07 12:47:26,368018710,WDJ8677,9173501,ANNA T,Under way using engine,58.23540333,-137.03469167,303.6,11.2,SKAGWAY,2025-12-20 02:00:00,Tug,6,32,11
2025-01-07 12:47:31,368018710,WDJ8677,9173501,ANNA T,Under way using engine,58.23555167,-137.03510833,300.8,11.2,SKAGWAY,2025-12-20 02:00:00,Tug,6,32,11
2025-01-07 12:47:41,368018710,WDJ8677,9173501,ANNA T,Under way using engine,58.23581333,-137.03591000,303.1,11.2,SKAGWAY,2025-12-20 02:00:00,Tug,6,32,11
2025-01-07 12:47:51,368018710,WDJ8677,9173501,ANNA T,Under way using engine,58.23610000,-137.03676667,300.4,11.2,SKAGWAY,2025-12-20 02:00:00,Tug,6,32,11
2025-01-07 12:48:44,368018710,WDJ8677,9173501,ANNA T,Under way using engine,58.23757000,-137.04118000,305.1,11.0,SKAGWAY,2025-12-20 02:00:00,Tug,6,32,11
2025-01-07 12:48:57,368018710,WDJ8677,9173501,ANNA T,Under way using engine,58.23792000,-137.04225000,301.7,10.9,SKAGWAY,2025-12-20 02:00:00,Tug,6,32,11
2025-01-07 12:50:21,368018710,WDJ8677,9173501,ANNA T,Under way using engine,58.24009833,-137.04875667,303.8,10.3,SKAGWAY,2025-12-20 02:00:00,Tug,6,32,11
2025-01-07 12:50:37,368018710,WDJ8677,9173501,ANNA T,Under way using engine,58.24065167,-137.05019833,301.7,10.6,SKAGWAY,2025-12-20 02:00:00,Tug,6,32,11
2025-01-07 12:50:51,368018710,WDJ8677,9173501,ANNA T,Under way using engine,58.24100833,-137.05134833,299.0,10.7,SKAGWAY,2025-12-20 02:00:00,Tug,6,32,11
2025-01-07 12:51:13,368018710,WDJ8677,9173501,ANNA T,Under way using engine,58.24157333,-137.05320667,303.8,11.0,SKAGWAY,2025-12-20 02:00:00,Tug,6,32,11
2025-01-07 12:51:24,368018710,WDJ8677,9173501,ANNA T,Under way using engine,58.24188667,-137.05421500,300.7,10.7,SKAGWAY,2025-12-20 02:00:00,Tug,6,32,11
2025-01-07 12:51:34,368018710,WDJ8677,9173501,ANNA T,Under way using engine,58.24213000,-137.05485833,300.4,11.2,SKAGWAY,2025-12-20 02:00:00,Tug,6,32,11
2025-01-07 12:52:10,368018710,WDJ8677,9173501,ANNA T,Under way using engine,58.24310500,-137.05779333,303.0,11.1,SKAGWAY,2025-12-20 02:00:00,Tug,6,32,11
2025-01-07 12:52:27,368018710,WDJ8677,9173501,ANNA T,Under way using engine,58.24357500,-137.05928000,300.6,10.9,SKAGWAY,2025-12-20 02:00:00,Tug,6,32,11
2025-01-07 12:52:45,368018710,WDJ8677,9173501,ANNA T,Under way using engine,58.24403833,-137.06064833,303.2,10.9,SKAGWAY,2025-12-20 02:00:00,Tug,6,32,11
2025-01-07 12:52:50,368018710,WDJ8677,9173501,ANNA T,Under way using engine,58.24418333,-137.06106833,304.7,11.5,SKAGWAY,2025-12-20 02:00:00,Tug,6,32,11
2025-01-07 12:52:57,368018710,WDJ8677,9173501,ANNA T,Under way using engine,58.24434500,-137.06167333,300.0,10.6,SKAGWAY,2025-12-20 02:00:00,Tug,6,32,11
2025-01-07 12:53:05,368018710,WDJ8677,9173501,ANNA T,Under way using engine,58.24459167,-137.06229000,304.6,11.0,SKAGWAY,2025-12-20 02:00:00,Tug,6,32,11
2025-01-07 12:53:10,368018710,WDJ8677,9173501,ANNA T,Under way using engine,58.24472333,-137.06267833,301.6,10.6,SKAGWAY,2025-12-20 02:00:00,Tug,6,32,11
2025-01-07 12:53:17,368018710,WDJ8677,9173501,ANNA T,Under way using engine,58.24489000,-137.06321167,303.7,10.4,SKAGWAY,2025-12-20 02:00:00,Tug,6,32,11
2025-01-07 12:53:32,368018710,WDJ8677,9173501,ANNA T,Under way using engine,58.24530000,-137.06443833,300.5,11.0,SKAGWAY,2025-12-20 02:00:00,Tug,6,32,11
2025-01-07 12:53:48,368018710,WDJ8677,9173501,ANNA T,Under way using engine,58.24567333,-137.06577000,297.4,10.8,SKAGWAY,2025-12-20 02:00:00,Tug,6,32,11
2025-01-07 12:54:03,368018710,WDJ8677,9173501,ANNA T,Under way using engine,58.24608667,-137.06698833,300.4,11.0,SKAGWAY,2025-12-20 02:00:00,Tug,6,32,11
2025-01-07 12:54:13,368018710,WDJ8677,9173501,ANNA T,Under way using engine,58.24637000,-137.06781333,303.3,11.3,SKAGWAY,2025-12-20 02:00:00,Tug,6,32,11
2025-01-07 12:54:30,368018710,WDJ8677,9173501,ANNA T,Under way using engine,58.24682167,-137.06921333,301.1,11.1,SKAGWAY,2025-12-20 02:00:00,Tug,6,32,11
2025-01-07 12:54:50,368018710,WDJ8677,9173501,ANNA T,Under way using engine,58.24740167,-137.07084167,303.7,11.4,SKAGWAY,2025-12-20 02:00:00,Tug,6,32,11
2025-01-07 12:54:57,368018710,WDJ8677,9173501,ANNA T,Under way using engine,58.24754333,-137.07144833,298.0,11.0,SKAGWAY,2025-12-20 02:00:00,Tug,6,32,11
2025-01-07 12:55:17,368018710,WDJ8677,9173501,ANNA T,Under way using engine,58.24808500,-137.07308500,303.5,11.4,SKAGWAY,2025-12-20 02:00:00,Tug,6,32,11
2025-01-07 12:55:27,368018710,WDJ8677,9173501,ANNA T,Under way using engine,58.24833667,-137.07389333,300.4,11.1,SKAGWAY,2025-12-20 02:00:00,Tug,6,32,11
2025-01-07 12:55:31,368018710,WDJ8677,9173501,ANNA T,Under way using engine,58.24847167,-137.07433833,303.1,11.4,SKAGWAY,2025-12-20 02:00:00,Tug,6,32,11
2025-01-07 12:55:50,368018710,WDJ8677,9173501,ANNA T,Under way using engine,58.24899500,-137.07584500,300.1,11.2,SKAGWAY,2025-12-20 02:00:00,Tug,6,32,11
2025-01-07 12:56:33,368018710,WDJ8677,9173501,ANNA T,Under way using engine,58.25011833,-137.07935167,301.7,10.7,SKAGWAY,2025-12-20 02:00:00,Tug,6,32,11
2025-01-07 12:56:41,368018710,WDJ8677,9173501,ANNA T,Under way using engine,58.25037333,-137.08007500,299.3,10.7,SKAGWAY,2025-12-20 02:00:00,Tug,6,32,11
2025-01-07 12:57:09,368018710,WDJ8677,9173501,ANNA T,Under way using engine,58.25101500,-137.08214667,303.1,10.6,SKAGWAY,2025-12-20 02:00:00,Tug,6,32,11
2025-01-07 12:57:30,368018710,WDJ8677,9173501,ANNA T,Under way using engine,58.25160167,-137.08400500,300.2,10.5,SKAGWAY,2025-12-20 02:00:00,Tug,6,32,11
2025-01-07 12:57:50,368018710,WDJ8677,9173501,ANNA T,Under way using engine,58.25212500,-137.08569333,299.5,11.2,SKAGWAY,2025-12-20 02:00:00,Tug,6,32,11
2025-01-07 12:58:14,368018710,WDJ8677,9173501,ANNA T,Under way using engine,58.25277167,-137.08776167,305.1,11.1,SKAGWAY,2025-12-20 02:00:00,Tug,6,32,11
2025-01-07 12:58:25,368018710,WDJ8677,9173501,ANNA T,Under way using engine,58.25302667,-137.08868333,298.1,10.8,SKAGWAY,2025-12-20 02:00:00,Tug,6,32,11
2025-01-07 12:58:50,368018710,WDJ8677,9173501,ANNA T,Under way using engine,58.25369500,-137.09094000,301.1,11.8,SKAGWAY,2025-12-20 02:00:00,Tug,6,32,11
2025-01-07 12:59:10,368018710,WDJ8677,9173501,ANNA T,Under way using engine,58.25415833,-137.09257667,297.5,11.0,SKAGWAY,2025-12-20 02:00:00,Tug,6,32,11
2025-01-07 12:59:16,368018710,WDJ8677,9173501,ANNA T,Under way using engine,58.25427667,-137.09297500,299.9,11.0,SKAGWAY,2025-12-20 02:00:00,Tug,6,32,11
2025-01-07 12:59:23,368018710,WDJ8677,9173501,ANNA T,Under way using engine,58.25451333,-137.09372333,297.8,10.8,SKAGWAY,2025-12-20 02:00:00,Tug,6,32,11
2025-01-07 12:59:40,368018710,WDJ8677,9173501,ANNA T,Under way using engine,58.25491167,-137.09512500,295.9,11.3,SKAGWAY,2025-12-20 02:00:00,Tug,6,32,11
2025-01-07 13:00:04,368018710,WDJ8677,9173501,ANNA T,Under way using engine,58.25553667,-137.09730500,299.3,11.1,SKAGWAY,2025-12-20 02:00:00,Tug,6,32,11
2025-01-07 13:00:08,368018710,WDJ8677,9173501,ANNA T,Under way using engine,58.25564833,-137.09762667,302.8,10.9,SKAGWAY,2025-12-20 02:00:00,Tug,6,32,11
2025-01-07 13:00:12,368018710,WDJ8677,9173501,ANNA T,Under way using engine,58.25574833,-137.09797167,298.8,11.3,SKAGWAY,2025-12-20 02:00:00,Tug,6,32,11
2025-01-07 13:00:17,368018710,WDJ8677,9173501,ANNA T,Under way using engine,58.25583500,-137.09824333,293.6,11.3,SKAGWAY,2025-12-20 02:00:00,Tug,6,32,11
2025-01-07 13:00:27,368018710,WDJ8677,9173501,ANNA T,Under way using engine,58.25610500,-137.09915500,298.4,11.5,SKAGWAY,2025-12-20 02:00:00,Tug,6,32,11
2025-01-07 13:00:38,368018710,WDJ8677,9173501,ANNA T,Under way using engine,58.25635333,-137.10014167,301.0,11.3,SKAGWAY,2025-12-20 02:00:00,Tug,6,32,11
2025-01-07 13:00:44,368018710,WDJ8677,9173501,ANNA T,Under way using engine,58.25648167,-137.10068667,295.7,11.6,SKAGWAY,2025-12-20 02:00:00,Tug,6,32,11
2025-01-07 13:00:55,368018710,WDJ8677,9173501,ANNA T,Under way using engine,58.25681000,-137.10162833,302.0,11.7,SKAGWAY,2025-12-20 02:00:00,Tug,6,32,11
2025-01-07 13:01:01,368018710,WDJ8677,9173501,ANNA T,Under way using engine,58.25696167,-137.10214667,295.4,11.1,SKAGWAY,2025-12-20 02:00:00,Tug,6,32,11
2025-01-07 13:01:23,368018710,WDJ8677,9173501,ANNA T,Under way using engine,58.25749333,-137.10404500,299.2,11.6,SKAGWAY,2025-12-20 02:00:00,Tug,6,32,11
2025-01-07 13:01:33,368018710,WDJ8677,9173501,ANNA T,Under way using engine,58.25776333,-137.10486667,297.7,10.7,SKAGWAY,2025-12-20 02:00:00,Tug,6,32,11
2025-01-07 13:01:45,368018710,WDJ8677,9173501,ANNA T,Under way using engine,58.25805333,-137.10586500,301.8,10.8,SKAGWAY,2025-12-20 02:00:00,Tug,6,32,11
2025-01-07 13:01:51,368018710,WDJ8677,9173501,ANNA T,Under way using engine,58.25819833,-137.10637167,297.4,11.0,SKAGWAY,2025-12-20 02:00:00,Tug,6,32,11
2025-01-07 13:01:58,368018710,WDJ8677,9173501,ANNA T,Under way using engine,58.25835833,-137.10696667,299.5,11.0,SKAGWAY,2025-12-20 02:00:00,Tug,6,32,11
2025-01-07 13:02:33,368018710,WDJ8677,9173501,ANNA T,Under way using engine,58.25921833,-137.11005500,295.8,11.0,SKAGWAY,2025-12-20 02:00:00,Tug,6,32,11
2025-01-07 13:02:51,368018710,WDJ8677,9173501,ANNA T,Under way using engine,58.25966500,-137.11153500,298.5,11.3,SKAGWAY,2025-12-20 02:00:00,Tug,6,32,11
2025-01-07 13:03:07,368018710,WDJ8677,9173501,ANNA T,Under way using engine,58.26007667,-137.11288667,301.3,11.2,SKAGWAY,2025-12-20 02:00:00,Tug,6,32,11
2025-01-07 13:03:17,368018710,WDJ8677,9173501,ANNA T,Under way using engine,58.26032167,-137.11372667,296.8,10.9,SKAGWAY,2025-12-20 02:00:00,Tug,6,32,11
2025-01-07 13:03:31,368018710,WDJ8677,9173501,ANNA T,Under way using engine,58.26065167,-137.11492333,300.1,10.8,SKAGWAY,2025-12-20 02:00:00,Tug,6,32,11
2025-01-07 13:03:47,368018710,WDJ8677,9173501,ANNA T,Under way using engine,58.26105833,-137.11625667,300.3,11.3,SKAGWAY,2025-12-20 02:00:00,Tug,6,32,11
2025-01-07 13:04:05,368018710,WDJ8677,9173501,ANNA T,Under way using engine,58.26154167,-137.11777333,304.4,11.5,SKAGWAY,2025-12-20 02:00:00,Tug,6,32,11
2025-01-07 13:04:20,368018710,WDJ8677,9173501,ANNA T,Under way using engine,58.26191500,-137.11904000,299.9,11.4,SKAGWAY,2025-12-20 02:00:00,Tug,6,32,11
2025-01-07 13:04:50,368018710,WDJ8677,9173501,ANNA T,Under way using engine,58.26269500,-137.12169167,297.4,10.6,SKAGWAY,2025-12-20 02:00:00,Tug,6,32,11
2025-01-07 13:05:14,368018710,WDJ8677,9173501,ANNA T,Under way using engine,58.26330167,-137.12362833,298.7,11.1,SKAGWAY,2025-12-20 02:00:00,Tug,6,32,11
2025-01-07 13:05:18,368018710,WDJ8677,9173501,ANNA T,Under way using engine,58.26341000,-137.12393667,300.9,11.2,SKAGWAY,2025-12-20 02:00:00,Tug,6,32,11
2025-01-07 13:05:24,368018710,WDJ8677,9173501,ANNA T,Under way using engine,58.26355000,-137.12448167,295.9,11.3,SKAGWAY,2025-12-20 02:00:00,Tug,6,32,11
2025-01-07 13:05:28,368018710,WDJ8677,9173501,ANNA T,Under way using engine,58.26364667,-137.12483000,299.9,11.3,SKAGWAY,2025-12-20 02:00:00,Tug,6,32,11
2025-01-07 13:05:41,368018710,WDJ8677,9173501,ANNA T,Under way using engine,58.26398333,-137.12594667,297.5,11.3,SKAGWAY,2025-12-20 02:00:00,Tug,6,32,11
2025-01-07 13:06:44,368018710,WDJ8677,9173501,ANNA T,Under way using engine,58.26557833,-137.13131500,299.5,11.2,SKAGWAY,2025-12-20 02:00:00,Tug,6,32,11
2025-01-07 13:07:26,368018710,WDJ8677,9173501,ANNA T,Under way using engine,58.26668167,-137.13495500,301.6,11.5,SKAGWAY,2025-12-20 02:00:00,Tug,6,32,11
2025-01-07 13:07:55,368018710,WDJ8677,9173501,ANNA T,Under way using engine,58.26742167,-137.13730333,300.9,11.0,SKAGWAY,2025-12-20 02:00:00,Tug,6,32,11
2025-01-07 13:08:05,368018710,WDJ8677,9173501,ANNA T,Under way using engine,58.26770500,-137.13819167,298.4,10.6,SKAGWAY,2025-12-20 02:00:00,Tug,6,32,11
2025-01-07 13:08:28,368018710,WDJ8677,9173501,ANNA T,Under way using engine,58.26823333,-137.14008833,300.0,11.1,SKAGWAY,2025-12-20 02:00:00,Tug,6,32,11
2025-01-07 13:08:44,368018710,WDJ8677,9173501,ANNA T,Under way using engine,58.26866167,-137.14144167,296.3,10.8,SKAGWAY,2025-12-20 02:00:00,Tug,6,32,11
2025-01-07 13:09:27,368018710,WDJ8677,9173501,ANNA T,Under way using engine,58.26964500,-137.14478500,299.9,10.8,SKAGWAY,2025-12-20 02:00:00,Tug,6,32,11
2025-01-07 13:09:46,368018710,WDJ8677,9173501,ANNA T,Under way using engine,58.27019833,-137.14672500,297.4,11.1,SKAGWAY,2025-12-20 02:00:00,Tug,6,32,11
2025-01-07 13:10:51,368018710,WDJ8677,9173501,ANNA T,Under way using engine,58.27184667,-137.15206500,303.1,10.7,SKAGWAY,2025-12-20 02:00:00,Tug,6,32,11
2025-01-07 13:11:16,368018710,WDJ8677,9173501,ANNA T,Under way using engine,58.27239333,-137.15392833,300.2,10.9,SKAGWAY,2025-12-20 02:00:00,Tug,6,32,11
2025-01-07 13:12:50,368018710,WDJ8677,9173501,ANNA T,Under way using engine,58.27487667,-137.16210833,298.9,11.5,SKAGWAY,2025-12-20 02:00:00,Tug,6,32,11
2025-01-07 13:12:58,368018710,WDJ8677,9173501,ANNA T,Under way using engine,58.27512500,-137.16280500,301.7,11.5,SKAGWAY,2025-12-20 02:00:00,Tug,6,32,11
2025-01-07 13:13:51,368018710,WDJ8677,9173501,ANNA T,Under way using engine,58.27653500,-137.16731333,299.7,10.7,SKAGWAY,2025-12-20 02:00:00,Tug,6,32,11
2025-01-07 13:14:11,368018710,WDJ8677,9173501,ANNA T,Under way using engine,58.27701833,-137.16887333,303.2,11.7,SKAGWAY,2025-12-20 02:00:00,Tug,6,32,11
2025-01-07 13:14:28,368018710,WDJ8677,9173501,ANNA T,Under way using engine,58.27751333,-137.17037667,300.8,11.3,SKAGWAY,2025-12-20 02:00:00,Tug,6,32,11
2025-01-07 13:19:42,368018710,WDJ8677,9173501,ANNA T,Under way using engine,58.28588333,-137.19673167,301.3,10.8,SKAGWAY,2025-12-20 02:00:00,Tug,6,32,11
2025-01-07 13:20:42,368018710,WDJ8677,9173501,ANNA T,Under way using engine,58.28746833,-137.20182500,300.5,11.4,SKAGWAY,2025-12-20 02:00:00,Tug,6,32,11
2025-01-07 13:21:53,368018710,WDJ8677,9173501,ANNA T,Under way using engine,58.28929167,-137.20756833,302.5,11.3,SKAGWAY,2025-12-20 02:00:00,Tug,6,32,11
2025-01-07 13:22:50,368018710,WDJ8677,9173501,ANNA T,Under way using engine,58.29087000,-137.21248500,297.3,10.8,SKAGWAY,2025-12-20 02:00:00,Tug,6,32,11
2025-01-07 13:23:31,368018710,WDJ8677,9173501,ANNA T,Under way using engine,58.29195000,-137.21605833,301.4,11.1,SKAGWAY,2025-12-20 02:00:00,Tug,6,32,11
2025-01-07 13:24:22,368018710,WDJ8677,9173501,ANNA T,Under way using engine,58.29331333,-137.22033167,298.8,11.1,SKAGWAY,2025-12-20 02:00:00,Tug,6,32,11
2025-01-07 13:26:19,368018710,WDJ8677,9173501,ANNA T,Under way using engine,58.29640333,-137.23013500,302.6,11.2,SKAGWAY,2025-12-20 02:00:00,Tug,6,32,11
2025-01-07 13:27:03,368018710,WDJ8677,9173501,ANNA T,Under way using engine,58.29762500,-137.23380167,299.5,11.1,SKAGWAY,2025-12-20 02:00:00,Tug,6,32,11
2025-01-07 13:27:37,368018710,WDJ8677,9173501,ANNA T,Under way using engine,58.29855000,-137.23652333,302.3,10.9,SKAGWAY,2025-12-20 02:00:00,Tug,6,32,11
2025-01-07 13:28:59,368018710,WDJ8677,9173501,ANNA T,Under way using engine,58.30074833,-137.24357000,302.5,11.5,SKAGWAY,2025-12-20 02:00:00,Tug,6,32,11
2025-01-07 13:29:23,368018710,WDJ8677,9173501,ANNA T,Under way using engine,58.30138333,-137.24548333,300.0,11.2,SKAGWAY,2025-12-20 02:00:00,Tug,6,32,11
2025-01-07 13:29:27,368018710,WDJ8677,9173501,ANNA T,Under way using engine,58.30146667,-137.24581667,299.2,10.7,SKAGWAY,2025-12-20 02:00:00,Tug,6,32,11
2025-01-07 13:30:33,368018710,WDJ8677,9173501,ANNA T,Under way using engine,58.30324833,-137.25115167,301.3,11.2,SKAGWAY,2025-12-20 02:00:00,Tug,6,32,11
2025-01-07 13:31:40,368018710,WDJ8677,9173501,ANNA T,Under way using engine,58.30505333,-137.25656000,299.2,11.0,SKAGWAY,2025-12-20 02:00:00,Tug,6,32,11
2025-01-07 13:31:56,368018710,WDJ8677,9173501,ANNA T,Under way using engine,58.30543667,-137.25779667,296.6,11.0,SKAGWAY,2025-12-20 02:00:00,Tug,6,32,11
2025-01-07 13:32:26,368018710,WDJ8677,9173501,ANNA T,Under way using engine,58.30639167,-137.26058000,304.1,10.7,SKAGWAY,2025-12-20 02:00:00,Tug,6,32,11
2025-01-07 13:32:42,368018710,WDJ8677,9173501,ANNA T,Under way using engine,58.30683667,-137.26185500,301.6,10.4,SKAGWAY,2025-12-20 02:00:00,Tug,6,32,11
2025-01-07 13:33:57,368018710,WDJ8677,9173501,ANNA T,Under way using engine,58.30879833,-137.26794833,298.4,11.0,SKAGWAY,2025-12-20 02:00:00,Tug,6,32,11
2025-01-07 13:35:27,368018710,WDJ8677,9173501,ANNA T,Under way using engine,58.31134500,-137.27579333,303.0,11.4,SKAGWAY,2025-12-20 02:00:00,Tug,6,32,11
2025-01-07 13:37:57,368018710,WDJ8677,9173501,ANNA T,Under way using engine,58.31540667,-137.28822500,300.9,10.7,SKAGWAY,2025-12-20 02:00:00,Tug,6,32,11
2025-01-07 13:39:27,368018710,WDJ8677,9173501,ANNA T,Under way using engine,58.31788333,-137.29580333,299.6,11.4,SKAGWAY,2025-12-20 02:00:00,Tug,6,32,11
2025-01-07 13:40:40,368018710,WDJ8677,9173501,ANNA T,Under way using engine,58.31982000,-137.30167833,304.9,11.2,SKAGWAY,2025-12-20 02:00:00,Tug,6,32,11
2025-01-07 13:40:45,368018710,WDJ8677,9173501,ANNA T,Under way using engine,58.32000167,-137.30226000,300.8,11.2,SKAGWAY,2025-12-20 02:00:00,Tug,6,32,11
2025-01-07 13:40:49,368018710,WDJ8677,9173501,ANNA T,Under way using engine,58.32010500,-137.30259333,304.1,11.7,SKAGWAY,2025-12-20 02:00:00,Tug,6,32,11
2025-01-07 13:41:20,368018710,WDJ8677,9173501,ANNA T,Under way using engine,58.32097333,-137.30509333,305.0,11.2,SKAGWAY,2025-12-20 02:00:00,Tug,6,32,11
2025-01-07 13:44:08,368018710,WDJ8677,9173501,ANNA T,Under way using engine,58.32561833,-137.31888333,303.3,11.8,SKAGWAY,2025-12-20 02:00:00,Tug,6,32,11
2025-01-07 13:45:00,368018710,WDJ8677,9173501,ANNA T,Under way using engine,58.32710000,-137.32321500,303.9,11.2,SKAGWAY,2025-12-20 02:00:00,Tug,6,32,11
2025-01-07 13:49:59,368018710,WDJ8677,9173501,ANNA T,Under way using engine,58.33500000,-137.34666667,299.0,11.0,SKAGWAY,2025-12-20 02:00:00,Tug,6,32,11
2025-01-07 13:51:57,368018710,WDJ8677,9173501,ANNA T,Under way using engine,58.33867167,-137.35814000,301.3,11.4,SKAGWAY,2025-12-20 02:00:00,Tug,6,32,11
2025-01-07 13:52:26,368018710,WDJ8677,9173501,ANNA T,Under way using engine,58.33937833,-137.36025000,306.8,10.8,SKAGWAY,2025-12-20 02:00:00,Tug,6,32,11
2025-01-07 13:54:25,368018710,WDJ8677,9173501,ANNA T,Under way using engine,58.34269167,-137.37016833,299.5,11.5,SKAGWAY,2025-12-20 02:00:00,Tug,6,32,11
2025-01-07 13:55:04,368018710,WDJ8677,9173501,ANNA T,Under way using engine,58.34365333,-137.37313833,304.1,11.6,SKAGWAY,2025-12-20 02:00:00,Tug,6,32,11
2025-01-07 13:56:02,368018710,WDJ8677,9173501,ANNA T,Under way using engine,58.34500000,-137.37666667,304.0,11.0,SKAGWAY,2025-12-20 02:00:00,Tug,6,32,11
2025-01-07 13:58:46,368018710,WDJ8677,9173501,ANNA T,Under way using engine,58.34987667,-137.39155500,298.8,10.9,SKAGWAY,2025-12-20 02:00:00,Tug,6,32,11
2025-01-07 13:59:09,368018710,WDJ8677,9173501,ANNA T,Under way using engine,58.35049333,-137.39332333,304.4,11.1,SKAGWAY,2025-12-20 02:00:00,Tug,6,32,11
2025-01-07 13:59:33,368018710,WDJ8677,9173501,ANNA T,Under way using engine,58.35114500,-137.39525833,301.2,11.0,SKAGWAY,2025-12-20 02:00:00,Tug,6,32,11
2025-01-07 14:00:08,368018710,WDJ8677,9173501,ANNA T,Under way using engine,58.35216333,-137.39812667,306.6,11.4,SKAGWAY,2025-12-20 02:00:00,Tug,6,32,11
2025-01-07 14:01:31,368018710,WDJ8677,9173501,ANNA T,Under way using engine,58.35444167,-137.40512667,300.5,11.1,SKAGWAY,2025-12-20 02:00:00,Tug,6,32,11
2025-01-07 14:06:37,368018710,WDJ8677,9173501,ANNA T,Under way using engine,58.36254000,-137.43074667,299.7,11.3,SKAGWAY,2025-12-20 02:00:00,Tug,6,32,11
2025-01-07 14:08:36,368018710,WDJ8677,9173501,ANNA T,Under way using engine,58.36546333,-137.44024500,297.1,10.8,SKAGWAY,2025-12-20 02:00:00,Tug,6,32,11
2025-01-07 14:09:01,368018710,WDJ8677,9173501,ANNA T,Under way using engine,58.36604667,-137.44226333,301.3,11.0,SKAGWAY,2025-12-20 02:00:00,Tug,6,32,11
2025-01-07 14:09:07,368018710,WDJ8677,9173501,ANNA T,Under way using engine,58.36624667,-137.44284667,298.9,11.3,SKAGWAY,2025-12-20 02:00:00,Tug,6,32,11
2025-01-07 14:13:37,368018710,WDJ8677,9173501,ANNA T,Under way using engine,58.37308500,-137.46584000,296.3,10.4,SKAGWAY,2025-12-20 02:00:00,Tug,6,32,11
2025-01-07 14:14:33,368018710,WDJ8677,9173501,ANNA T,Under way using engine,58.37458167,-137.47098500,299.9,11.4,SKAGWAY,2025-12-20 02:00:00,Tug,6,32,11
2025-01-07 14:16:59,368018710,WDJ8677,9173501,ANNA T,Under way using engine,58.37808333,-137.48342333,296.5,11.3,SKAGWAY,2025-12-20 02:00:00,Tug,6,32,11
2025-01-07 14:19:39,368018710,WDJ8677,9173501,ANNA T,Under way using engine,58.38184333,-137.49726500,299.2,10.9,SKAGWAY,2025-12-20 02:00:00,Tug,6,32,11
2025-01-07 14:25:46,368018710,WDJ8677,9173501,ANNA T,Under way using engine,58.39014000,-137.52935333,297.1,10.9,SKAGWAY,2025-12-20 02:00:00,Tug,6,32,11
2025-01-07 14:27:56,368018710,WDJ8677,9173501,ANNA T,Under way using engine,58.39304333,-137.54070333,297.4,11.6,SKAGWAY,2025-12-20 02:00:00,Tug,6,32,11
2025-01-07 14:29:00,368018710,WDJ8677,9173501,ANNA T,Under way using engine,58.39333333,-137.54500000,293.0,11.0,SKAGWAY,2025-12-20 02:00:00,Tug,6,32,11
2025-01-07 14:30:08,368018710,WDJ8677,9173501,ANNA T,Under way using engine,58.39612000,-137.55230000,295.0,10.9,SKAGWAY,2025-12-20 02:00:00,Tug,6,32,11
2025-01-07 14:30:32,368018710,WDJ8677,9173501,ANNA T,Under way using engine,58.39660833,-137.55413167,292.7,11.6,SKAGWAY,2025-12-20 02:00:00,Tug,6,32,11
2025-01-07 14:31:35,368018710,WDJ8677,9173501,ANNA T,Under way using engine,58.39815167,-137.55987500,296.8,11.2,SKAGWAY,2025-12-20 02:00:00,Tug,6,32,11
2025-01-07 14:33:06,368018710,WDJ8677,9173501,ANNA T,Under way using engine,58.40024000,-137.56794333,299.7,11.0,SKAGWAY,2025-12-20 02:00:00,Tug,6,32,11
2025-01-07 14:33:13,368018710,WDJ8677,9173501,ANNA T,Under way using engine,58.40037000,-137.56845000,295.6,10.3,SKAGWAY,2025-12-20 02:00:00,Tug,6,32,11
2025-01-07 14:33:33,368018710,WDJ8677,9173501,ANNA T,Under way using engine,58.40080667,-137.57016000,294.5,10.9,SKAGWAY,2025-12-20 02:00:00,Tug,6,32,11
2025-01-07 14:34:44,368018710,WDJ8677,9173501,ANNA T,Under way using engine,58.40249500,-137.57660833,296.8,11.0,SKAGWAY,2025-12-20 02:00:00,Tug,6,32,11
2025-01-07 14:36:07,368018710,WDJ8677,9173501,ANNA T,Under way using engine,58.40453000,-137.58392500,300.8,11.5,SKAGWAY,2025-12-20 02:00:00,Tug,6,32,11
2025-01-07 14:37:41,368018710,WDJ8677,9173501,ANNA T,Under way using engine,58.40679667,-137.59204000,296.9,11.6,SKAGWAY,2025-12-20 02:00:00,Tug,6,32,11
2025-01-07 14:39:00,368018710,WDJ8677,9173501,ANNA T,Under way using engine,58.40877333,-137.59906500,300.7,11.6,SKAGWAY,2025-12-20 02:00:00,Tug,6,32,11
2025-01-07 14:40:30,368018710,WDJ8677,9173501,ANNA T,Under way using engine,58.41113667,-137.60716667,301.3,11.7,SKAGWAY,2025-12-20 02:00:00,Tug,6,32,11
2025-01-07 14:46:55,368018710,WDJ8677,9173501,ANNA T,Under way using engine,58.42100500,-137.64129000,296.4,11.6,SKAGWAY,2025-12-20 02:00:00,Tug,6,32,11
2025-01-07 14:47:19,368018710,WDJ8677,9173501,ANNA T,Under way using engine,58.42163167,-137.64330333,303.7,11.8,SKAGWAY,2025-12-20 02:00:00,Tug,6,32,11
2025-01-07 14:48:39,368018710,WDJ8677,9173501,ANNA T,Under way using engine,58.42372000,-137.65050000,298.9,11.2,SKAGWAY,2025-12-20 02:00:00,Tug,6,32,11
2025-01-07 14:50:20,368018710,WDJ8677,9173501,ANNA T,Under way using engine,58.42636167,-137.65922500,296.9,10.9,SKAGWAY,2025-12-20 02:00:00,Tug,6,32,11
2025-01-07 14:54:22,368018710,WDJ8677,9173501,ANNA T,Under way using engine,58.43252667,-137.67995833,302.1,11.4,SKAGWAY,2025-12-20 02:00:00,Tug,6,32,11
2025-01-07 14:56:17,368018710,WDJ8677,9173501,ANNA T,Under way using engine,58.43550000,-137.69034500,297.8,11.1,SKAGWAY,2025-12-20 02:00:00,Tug,6,32,11
2025-01-07 14:59:58,368018710,WDJ8677,9173501,ANNA T,Under way using engine,58.44113833,-137.70907333,299.9,10.8,SKAGWAY,2025-12-20 02:00:00,Tug,6,32,11
2025-01-07 15:00:27,368018710,WDJ8677,9173501,ANNA T,Under way using engine,58.44186667,-137.71143833,302.3,11.6,SKAGWAY,2025-12-20 02:00:00,Tug,6,32,11
2025-01-07 15:00:49,368018710,WDJ8677,9173501,ANNA T,Under way using engine,58.44249833,-137.71333500,297.1,11.3,SKAGWAY,2025-12-20 02:00:00,Tug,6,32,11
2025-01-07 15:01:09,368018710,WDJ8677,9173501,ANNA T,Under way using engine,58.44307167,-137.71523333,300.3,11.1,SKAGWAY,2025-12-20 02:00:00,Tug,6,32,11
2025-01-07 15:07:55,368018710,WDJ8677,9173501,ANNA T,Under way using engine,58.45389833,-137.74954000,300.6,11.2,SKAGWAY,2025-12-20 02:00:00,Tug,6,32,11
2025-01-07 15:08:56,368018710,WDJ8677,9173501,ANNA T,Under way using engine,58.45554500,-137.75441833,303.8,11.6,SKAGWAY,2025-12-20 02:00:00,Tug,6,32,11
2025-01-07 15:09:22,368018710,WDJ8677,9173501,ANNA T,Under way using engine,58.45633500,-137.75693667,304.0,11.0,SKAGWAY,2025-12-20 02:00:00,Tug,6,32,11
2025-01-07 15:11:02,368018710,WDJ8677,9173501,ANNA T,Under way using engine,58.45833333,-137.76500000,302.0,11.0,SKAGWAY,2025-12-20 02:00:00,Tug,6,32,11
2025-01-07 15:12:14,368018710,WDJ8677,9173501,ANNA T,Under way using engine,58.46090667,-137.77131833,300.6,11.5,SKAGWAY,2025-12-20 02:00:00,Tug,6,32,11
2025-01-07 15:14:00,368018710,WDJ8677,9173501,ANNA T,Under way using engine,58.46333333,-137.78000000,301.0,11.0,SKAGWAY,2025-12-20 02:00:00,Tug,6,32,11
2025-01-07 15:16:59,368018710,WDJ8677,9173501,ANNA T,Under way using engine,58.46666667,-137.79500000,297.0,11.0,SKAGWAY,2025-12-20 02:00:00,Tug,6,32,11
2025-01-07 15:19:35,368018710,WDJ8677,9173501,ANNA T,Under way using engine,58.47236667,-137.81050333,296.7,11.5,SKAGWAY,2025-12-20 02:00:00,Tug,6,32,11
2025-01-07 15:20:10,368018710,WDJ8677,9173501,ANNA T,Under way using engine,58.47324167,-137.81330167,299.1,11.5,SKAGWAY,2025-12-20 02:00:00,Tug,6,32,11
2025-01-07 15:20:53,368018710,WDJ8677,9173501,ANNA T,Under way using engine,58.47435000,-137.81712667,295.8,11.0,SKAGWAY,2025-12-20 02:00:00,Tug,6,32,11
2025-01-07 15:22:51,368018710,WDJ8677,9173501,ANNA T,Under way using engine,58.47737500,-137.82747667,300.8,11.6,SKAGWAY,2025-12-20 02:00:00,Tug,6,32,11
2025-01-07 15:26:10,368018710,WDJ8677,9173501,ANNA T,Under way using engine,58.48256833,-137.84515000,300.2,11.1,SKAGWAY,2025-12-20 02:00:00,Tug,6,32,11
2025-01-07 15:26:34,368018710,WDJ8677,9173501,ANNA T,Under way using engine,58.48308167,-137.84692667,297.6,11.9,SKAGWAY,2025-12-20 02:00:00,Tug,6,32,11
2025-01-07 15:26:56,368018710,WDJ8677,9173501,ANNA T,Under way using engine,58.48371167,-137.84907333,299.9,10.9,SKAGWAY,2025-12-20 02:00:00,Tug,6,32,11
2025-01-07 15:28:31,368018710,WDJ8677,9173501,ANNA T,Under way using engine,58.48619833,-137.85718167,302.6,11.5,SKAGWAY,2025-12-20 02:00:00,Tug,6,32,11
2025-01-07 15:29:16,368018710,WDJ8677,9173501,ANNA T,Under way using engine,58.48732167,-137.86110000,299.2,11.5,SKAGWAY,2025-12-20 02:00:00,Tug,6,32,11
2025-01-07 15:31:20,368018710,WDJ8677,9173501,ANNA T,Under way using engine,58.49064167,-137.87204333,299.9,12.1,SKAGWAY,2025-12-20 02:00:00,Tug,6,32,11
2025-01-07 15:31:28,368018710,WDJ8677,9173501,ANNA T,Under way using engine,58.49084500,-137.87264000,298.1,11.4,SKAGWAY,2025-12-20 02:00:00,Tug,6,32,11
2025-01-07 15:31:53,368018710,WDJ8677,9173501,ANNA T,Under way using engine,58.49149333,-137.87475333,301.1,11.7,SKAGWAY,2025-12-20 02:00:00,Tug,6,32,11
2025-01-07 15:32:20,368018710,WDJ8677,9173501,ANNA T,Under way using engine,58.49221667,-137.87725000,299.8,11.2,SKAGWAY,2025-12-20 02:00:00,Tug,6,32,11
2025-01-07 15:34:19,368018710,WDJ8677,9173501,ANNA T,Under way using engine,58.49536000,-137.88753833,302.5,11.2,SKAGWAY,2025-12-20 02:00:00,Tug,6,32,11
2025-01-07 15:35:09,368018710,WDJ8677,9173501,ANNA T,Under way using engine,58.49660333,-137.89172500,297.3,11.7,SKAGWAY,2025-12-20 02:00:00,Tug,6,32,11
2025-01-07 15:35:31,368018710,WDJ8677,9173501,ANNA T,Under way using engine,58.49732333,-137.89393167,304.9,11.4,SKAGWAY,2025-12-20 02:00:00,Tug,6,32,11
2025-01-07 15:35:46,368018710,WDJ8677,9173501,ANNA T,Under way using engine,58.49766833,-137.89512833,296.5,11.0,SKAGWAY,2025-12-20 02:00:00,Tug,6,32,11
2025-01-07 15:37:00,368018710,WDJ8677,9173501,ANNA T,Under way using engine,58.49952333,-137.90128833,304.8,11.7,SKAGWAY,2025-12-20 02:00:00,Tug,6,32,11
2025-01-07 15:37:33,368018710,WDJ8677,9173501,ANNA T,Under way using engine,58.50042500,-137.90418667,302.4,12.0,SKAGWAY,2025-12-20 02:00:00,Tug,6,32,11
2025-01-07 15:37:49,368018710,WDJ8677,9173501,ANNA T,Under way using engine,58.50092667,-137.90597667,296.0,11.3,SKAGWAY,2025-12-20 02:00:00,Tug,6,32,11
2025-01-07 15:38:31,368018710,WDJ8677,9173501,ANNA T,Under way using engine,58.50197333,-137.90960000,299.1,11.3,SKAGWAY,2025-12-20 02:00:00,Tug,6,32,11
2025-01-07 15:38:51,368018710,WDJ8677,9173501,ANNA T,Under way using engine,58.50249500,-137.91111500,302.3,11.4,SKAGWAY,2025-12-20 02:00:00,Tug,6,32,11
2025-01-07 15:39:33,368018710,WDJ8677,9173501,ANNA T,Under way using engine,58.50348333,-137.91455000,297.7,10.6,SKAGWAY,2025-12-20 02:00:00,Tug,6,32,11
2025-01-07 15:40:11,368018710,WDJ8677,9173501,ANNA T,Under way using engine,58.50450667,-137.91784500,304.1,11.2,SKAGWAY,2025-12-20 02:00:00,Tug,6,32,11
2025-01-07 15:40:48,368018710,WDJ8677,9173501,ANNA T,Under way using engine,58.50557000,-137.92146500,298.7,11.3,SKAGWAY,2025-12-20 02:00:00,Tug,6,32,11
2025-01-07 15:44:59,368018710,WDJ8677,9173501,ANNA T,Under way using engine,58.51201833,-137.94291667,303.0,11.1,SKAGWAY,2025-12-20 02:00:00,Tug,6,32,11
2025-01-07 15:46:59,368018710,WDJ8677,9173501,ANNA T,Under way using engine,58.51500000,-137.95166667,298.0,11.0,SKAGWAY,2025-12-20 02:00:00,Tug,6,32,11
2025-01-07 15:48:44,368018710,WDJ8677,9173501,ANNA T,Under way using engine,58.51794167,-137.96177167,300.2,11.0,SKAGWAY,2025-12-20 02:00:00,Tug,6,32,11
2025-01-07 15:49:39,368018710,WDJ8677,9173501,ANNA T,Under way using engine,58.51952167,-137.96664667,306.2,10.9,SKAGWAY,2025-12-20 02:00:00,Tug,6,32,11
2025-01-07 15:51:04,368018710,WDJ8677,9173501,ANNA T,Under way using engine,58.52165000,-137.97349167,297.7,11.4,SKAGWAY,2025-12-20 02:00:00,Tug,6,32,11
2025-01-07 15:53:50,368018710,WDJ8677,9173501,ANNA T,Under way using engine,58.52605333,-137.98786000,299.2,10.6,SKAGWAY,2025-12-20 02:00:00,Tug,6,32,11
2025-01-07 15:54:56,368018710,WDJ8677,9173501,ANNA T,Under way using engine,58.52771833,-137.99331167,302.0,11.1,SKAGWAY,2025-12-20 02:00:00,Tug,6,32,11
2025-01-07 15:57:26,368018710,WDJ8677,9173501,ANNA T,Under way using engine,58.53162167,-138.00625167,299.2,11.5,SKAGWAY,2025-12-20 02:00:00,Tug,6,32,11
2025-01-07 15:57:48,368018710,WDJ8677,9173501,ANNA T,Under way using engine,58.53220167,-138.00820667,301.2,11.1,SKAGWAY,2025-12-20 02:00:00,Tug,6,32,11
2025-01-07 16:00:38,368018710,WDJ8677,9173501,ANNA T,Under way using engine,58.53641667,-138.02235500,303.7,11.6,SKAGWAY,2025-12-20 02:00:00,Tug,6,32,11
2025-01-07 16:02:15,368018710,WDJ8677,9173501,ANNA T,Under way using engine,58.53891167,-138.03069333,296.4,10.7,SKAGWAY,2025-12-20 02:00:00,Tug,6,32,11
2025-01-07 16:03:02,368018710,WDJ8677,9173501,ANNA T,Under way using engine,58.54011833,-138.03466167,300.5,10.8,SKAGWAY,2025-12-20 02:00:00,Tug,6,32,11
2025-01-07 16:04:05,368018710,WDJ8677,9173501,ANNA T,Under way using engine,58.54174667,-138.04006667,294.4,10.8,SKAGWAY,2025-12-20 02:00:00,Tug,6,32,11
2025-01-07 16:04:36,368018710,WDJ8677,9173501,ANNA T,Under way using engine,58.54249667,-138.04278833,296.6,10.7,SKAGWAY,2025-12-20 02:00:00,Tug,6,32,11
2025-01-07 16:05:22,368018710,WDJ8677,9173501,ANNA T,Under way using engine,58.54358000,-138.04648167,298.8,11.2,SKAGWAY,2025-12-20 02:00:00,Tug,6,32,11
2025-01-07 16:05:26,368018710,WDJ8677,9173501,ANNA T,Under way using engine,58.54374333,-138.04707667,298.4,10.7,SKAGWAY,2025-12-20 02:00:00,Tug,6,32,11
2025-01-07 16:05:59,368018710,WDJ8677,9173501,ANNA T,Under way using engine,58.54455167,-138.04995167,298.0,11.3,SKAGWAY,2025-12-20 02:00:00,Tug,6,32,11
2025-01-07 16:07:03,368018710,WDJ8677,9173501,ANNA T,Under way using engine,58.54614333,-138.05544333,300.3,11.3,SKAGWAY,2025-12-20 02:00:00,Tug,6,32,11
2025-01-07 16:08:17,368018710,WDJ8677,9173501,ANNA T,Under way using engine,58.54786000,-138.06132000,297.6,10.6,SKAGWAY,2025-12-20 02:00:00,Tug,6,32,11
2025-01-07 16:08:35,368018710,WDJ8677,9173501,ANNA T,Under way using engine,58.54841833,-138.06318833,299.9,11.0,SKAGWAY,2025-12-20 02:00:00,Tug,6,32,11
2025-01-07 16:09:00,368018710,WDJ8677,9173501,ANNA T,Under way using engine,58.54905500,-138.06533333,299.6,11.5,SKAGWAY,2025-12-20 02:00:00,Tug,6,32,11
2025-01-07 16:11:00,368018710,WDJ8677,9173501,ANNA T,Under way using engine,58.55166667,-138.07500000,298.0,11.0,SKAGWAY,2025-12-20 02:00:00,Tug,6,32,11
2025-01-07 16:11:41,368018710,WDJ8677,9173501,ANNA T,Under way using engine,58.55310333,-138.07906500,300.1,10.7,SKAGWAY,2025-12-20 02:00:00,Tug,6,32,11
2025-01-07 16:12:06,368018710,WDJ8677,9173501,ANNA T,Under way using engine,58.55372167,-138.08135500,299.3,11.3,SKAGWAY,2025-12-20 02:00:00,Tug,6,32,11
2025-01-07 16:13:03,368018710,WDJ8677,9173501,ANNA T,Under way using engine,58.55500000,-138.08575000,295.3,10.2,SKAGWAY,2025-12-20 02:00:00,Tug,6,32,11
2025-01-07 16:13:50,368018710,WDJ8677,9173501,ANNA T,Under way using engine,58.55622500,-138.09011000,301.7,11.3,SKAGWAY,2025-12-20 02:00:00,Tug,6,32,11
2025-01-07 16:15:34,368018710,WDJ8677,9173501,ANNA T,Under way using engine,58.55884667,-138.09930833,296.8,10.5,SKAGWAY,2025-12-20 02:00:00,Tug,6,32,11
2025-01-07 16:16:14,368018710,WDJ8677,9173501,ANNA T,Under way using engine,58.55969167,-138.10212833,300.3,10.7,SKAGWAY,2025-12-20 02:00:00,Tug,6,32,11
2025-01-07 16:16:41,368018710,WDJ8677,9173501,ANNA T,Under way using engine,58.56041500,-138.10470833,298.6,11.2,SKAGWAY,2025-12-20 02:00:00,Tug,6,32,11
2025-01-07 16:20:00,368018710,WDJ8677,9173501,ANNA T,Under way using engine,58.56500000,-138.12166667,299.0,10.0,SKAGWAY,2025-12-20 02:00:00,Tug,6,32,11
2025-01-07 16:21:39,368018710,WDJ8677,9173501,ANNA T,Under way using engine,58.56793500,-138.13046833,293.3,11.2,SKAGWAY,2025-12-20 02:00:00,Tug,6,32,11
2025-01-07 16:22:47,368018710,WDJ8677,9173501,ANNA T,Under way using engine,58.56961667,-138.13622167,304.0,11.2,SKAGWAY,2025-12-20 02:00:00,Tug,6,32,11
2025-01-07 16:25:58,368018710,WDJ8677,9173501,ANNA T,Under way using engine,58.57333333,-138.15166667,299.0,11.0,SKAGWAY,2025-12-20 02:00:00,Tug,6,32,11
2025-01-07 16:31:35,368018710,WDJ8677,9173501,ANNA T,Under way using engine,58.58273000,-138.18154500,296.6,11.0,SKAGWAY,2025-12-20 02:00:00,Tug,6,32,11
2025-01-07 16:33:39,368018710,WDJ8677,9173501,ANNA T,Under way using engine,58.58591167,-138.19260000,300.0,11.7,SKAGWAY,2025-12-20 02:00:00,Tug,6,32,11
2025-01-07 16:33:49,368018710,WDJ8677,9173501,ANNA T,Under way using engine,58.58606500,-138.19333333,299.0,11.2,SKAGWAY,2025-12-20 02:00:00,Tug,6,32,11
2025-01-07 16:34:11,368018710,WDJ8677,9173501,ANNA T,Under way using engine,58.58664500,-138.19536833,296.5,11.2,SKAGWAY,2025-12-20 02:00:00,Tug,6,32,11
2025-01-07 16:35:10,368018710,WDJ8677,9173501,ANNA T,Under way using engine,58.58807667,-138.20028833,298.7,11.2,SKAGWAY,2025-12-20 02:00:00,Tug,6,32,11
2025-01-07 16:38:15,368018710,WDJ8677,9173501,ANNA T,Under way using engine,58.59272667,-138.21637167,301.2,11.5,SKAGWAY,2025-12-20 02:00:00,Tug,6,32,11
2025-01-07 16:40:05,368018710,WDJ8677,9173501,ANNA T,Under way using engine,58.59540500,-138.22587333,297.0,11.2,SKAGWAY,2025-12-20 02:00:00,Tug,6,32,11
2025-01-07 16:40:57,368018710,WDJ8677,9173501,ANNA T,Under way using engine,58.59669000,-138.23029333,299.7,11.0,SKAGWAY,2025-12-20 02:00:00,Tug,6,32,11
2025-01-07 16:41:27,368018710,WDJ8677,9173501,ANNA T,Under way using engine,58.59737833,-138.23286167,300.0,11.6,SKAGWAY,2025-12-20 02:00:00,Tug,6,32,11
2025-01-07 16:41:42,368018710,WDJ8677,9173501,ANNA T,Under way using engine,58.59774500,-138.23426833,297.2,11.5,SKAGWAY,2025-12-20 02:00:00,Tug,6,32,11
2025-01-07 16:41:50,368018710,WDJ8677,9173501,ANNA T,Under way using engine,58.59785333,-138.23471500,297.3,11.0,SKAGWAY,2025-12-20 02:00:00,Tug,6,32,11
2025-01-07 16:44:47,368018710,WDJ8677,9173501,ANNA T,Under way using engine,58.60212833,-138.24994667,302.4,11.5,SKAGWAY,2025-12-20 02:00:00,Tug,6,32,11
2025-01-07 16:45:29,368018710,WDJ8677,9173501,ANNA T,Under way using engine,58.60324333,-138.25357333,298.7,10.5,SKAGWAY,2025-12-20 02:00:00,Tug,6,32,11
2025-01-07 16:45:33,368018710,WDJ8677,9173501,ANNA T,Under way using engine,58.60327833,-138.25376500,302.2,11.0,SKAGWAY,2025-12-20 02:00:00,Tug,6,32,11
2025-01-07 16:51:14,368018710,WDJ8677,9173501,ANNA T,Under way using engine,58.61217333,-138.28261167,302.8,11.2,SKAGWAY,2025-12-20 02:00:00,Tug,6,32,11
2025-01-07 16:53:01,368018710,WDJ8677,9173501,ANNA T,Under way using engine,58.61333333,-138.29000000,300.0,10.0,SKAGWAY,2025-12-20 02:00:00,Tug,6,32,11
2025-01-07 16:53:40,368018710,WDJ8677,9173501,ANNA T,Under way using engine,58.61581000,-138.29456833,298.5,11.1,SKAGWAY,2025-12-20 02:00:00,Tug,6,32,11
2025-01-07 16:59:55,368018710,WDJ8677,9173501,ANNA T,Under way using engine,58.62505167,-138.32639833,299.2,11.0,SKAGWAY,2025-12-20 02:00:00,Tug,6,32,11
2025-01-07 17:00:49,368018710,WDJ8677,9173501,ANNA T,Under way using engine,58.62640333,-138.33100000,296.7,11.5,SKAGWAY,2025-12-20 02:00:00,Tug,6,32,11
2025-01-07 17:02:01,368018710,WDJ8677,9173501,ANNA T,Under way using engine,58.62666667,-138.33666667,299.0,11.0,SKAGWAY,2025-12-20 02:00:00,Tug,6,32,11
2025-01-07 17:03:31,368018710,WDJ8677,9173501,ANNA T,Under way using engine,58.63046333,-138.34502333,298.4,11.3,SKAGWAY,2025-12-20 02:00:00,Tug,6,32,11
2025-01-07 17:03:41,368018710,WDJ8677,9173501,ANNA T,Under way using engine,58.63061333,-138.34548667,303.5,10.7,SKAGWAY,2025-12-20 02:00:00,Tug,6,32,11
2025-01-07 17:05:00,368018710,WDJ8677,9173501,ANNA T,Under way using engine,58.63166667,-138.35166667,294.0,10.0,SKAGWAY,2025-12-20 02:00:00,Tug,6,32,11
2025-01-07 17:05:33,368018710,WDJ8677,9173501,ANNA T,Under way using engine,58.63326000,-138.35468333,297.7,11.0,SKAGWAY,2025-12-20 02:00:00,Tug,6,32,11
2025-01-07 17:07:27,368018710,WDJ8677,9173501,ANNA T,Under way using engine,58.63614833,-138.36490167,295.4,11.2,SKAGWAY,2025-12-20 02:00:00,Tug,6,32,11
2025-01-07 17:08:00,368018710,WDJ8677,9173501,ANNA T,Under way using engine,58.63666667,-138.36666667,297.0,10.0,SKAGWAY,2025-12-20 02:00:00,Tug,6,32,11
2025-01-07 17:08:43,368018710,WDJ8677,9173501,ANNA T,Under way using engine,58.63800667,-138.37156667,295.4,10.6,SKAGWAY,2025-12-20 02:00:00,Tug,6,32,11
2025-01-07 17:09:23,368018710,WDJ8677,9173501,ANNA T,Under way using engine,58.63905333,-138.37488833,299.2,10.8,SKAGWAY,2025-12-20 02:00:00,Tug,6,32,11
2025-01-07 17:10:42,368018710,WDJ8677,9173501,ANNA T,Under way using engine,58.64088667,-138.38182000,295.5,11.1,SKAGWAY,2025-12-20 02:00:00,Tug,6,32,11
2025-01-07 17:11:29,368018710,WDJ8677,9173501,ANNA T,Under way using engine,58.64199167,-138.38597333,298.3,11.0,SKAGWAY,2025-12-20 02:00:00,Tug,6,32,11
2025-01-07 17:12:48,368018710,WDJ8677,9173501,ANNA T,Under way using engine,58.64394333,-138.39271500,294.1,11.2,SKAGWAY,2025-12-20 02:00:00,Tug,6,32,11
2025-01-07 17:15:17,368018710,WDJ8677,9173501,ANNA T,Under way using engine,58.64775167,-138.40528500,300.5,11.6,SKAGWAY,2025-12-20 02:00:00,Tug,6,32,11
2025-01-07 17:15:41,368018710,WDJ8677,9173501,ANNA T,Under way using engine,58.64839000,-138.40727500,301.4,10.5,SKAGWAY,2025-12-20 02:00:00,Tug,6,32,11
2025-01-07 17:17:32,368018710,WDJ8677,9173501,ANNA T,Under way using engine,58.65122167,-138.41653333,299.2,10.2,SKAGWAY,2025-12-20 02:00:00,Tug,6,32,11
2025-01-07 17:17:53,368018710,WDJ8677,9173501,ANNA T,Under way using engine,58.65183000,-138.41843833,302.1,10.8,SKAGWAY,2025-12-20 02:00:00,Tug,6,32,11
2025-01-07 17:19:09,368018710,WDJ8677,9173501,ANNA T,Under way using engine,58.65375000,-138.42483333,296.8,10.9,SKAGWAY,2025-12-20 02:00:00,Tug,6,32,11
2025-01-07 17:20:26,368018710,WDJ8677,9173501,ANNA T,Under way using engine,58.65585000,-138.43158500,301.2,11.1,SKAGWAY,2025-12-20 02:00:00,Tug,6,32,11
2025-01-07 17:21:26,368018710,WDJ8677,9173501,ANNA T,Under way using engine,58.65736333,-138.43661833,299.5,11.7,SKAGWAY,2025-12-20 02:00:00,Tug,6,32,11
2025-01-07 17:22:18,368018710,WDJ8677,9173501,ANNA T,Under way using engine,58.65867167,-138.44104333,297.8,10.6,SKAGWAY,2025-12-20 02:00:00,Tug,6,32,11
2025-01-07 17:22:59,368018710,WDJ8677,9173501,ANNA T,Under way using engine,58.65833333,-138.44333333,301.0,11.0,SKAGWAY,2025-12-20 02:00:00,Tug,6,32,11
2025-01-07 17:25:16,368018710,WDJ8677,9173501,ANNA T,Under way using engine,58.66341167,-138.45597333,302.1,11.0,SKAGWAY,2025-12-20 02:00:00,Tug,6,32,11
2025-01-07 17:26:00,368018710,WDJ8677,9173501,ANNA T,Under way using engine,58.66333333,-138.45833333,302.0,11.0,SKAGWAY,2025-12-20 02:00:00,Tug,6,32,11
2025-01-07 17:26:41,368018710,WDJ8677,9173501,ANNA T,Under way using engine,58.66569500,-138.46306333,298.3,11.1,SKAGWAY,2025-12-20 02:00:00,Tug,6,32,11
2025-01-07 17:28:59,368018710,WDJ8677,9173501,ANNA T,Under way using engine,58.66833333,-138.47333333,300.0,10.0,SKAGWAY,2025-12-20 02:00:00,Tug,6,32,11
2025-01-07 17:29:42,368018710,WDJ8677,9173501,ANNA T,Under way using engine,58.67065000,-138.47832000,302.7,11.5,SKAGWAY,2025-12-20 02:00:00,Tug,6,32,11
2025-01-07 17:30:29,368018710,WDJ8677,9173501,ANNA T,Under way using engine,58.67185500,-138.48193167,303.6,11.0,SKAGWAY,2025-12-20 02:00:00,Tug,6,32,11
2025-01-07 17:31:03,368018710,WDJ8677,9173501,ANNA T,Under way using engine,58.67277500,-138.48477000,301.6,10.6,SKAGWAY,2025-12-20 02:00:00,Tug,6,32,11
2025-01-07 17:31:29,368018710,WDJ8677,9173501,ANNA T,Under way using engine,58.67353500,-138.48725667,303.5,11.3,SKAGWAY,2025-12-20 02:00:00,Tug,6,32,11
2025-01-07 17:33:58,368018710,WDJ8677,9173501,ANNA T,Under way using engine,58.67757167,-138.49986000,301.5,11.3,SKAGWAY,2025-12-20 02:00:00,Tug,6,32,11
2025-01-07 17:34:59,368018710,WDJ8677,9173501,ANNA T,Under way using engine,58.67833333,-138.50333333,305.0,11.0,SKAGWAY,2025-12-20 02:00:00,Tug,6,32,11
2025-01-07 17:35:37,368018710,WDJ8677,9173501,ANNA T,Under way using engine,58.68018000,-138.50797500,302.3,11.6,SKAGWAY,2025-12-20 02:00:00,Tug,6,32,11
2025-01-07 17:37:47,368018710,WDJ8677,9173501,ANNA T,Under way using engine,58.68374000,-138.51901500,301.5,11.0,SKAGWAY,2025-12-20 02:00:00,Tug,6,32,11
2025-01-07 17:39:53,368018710,WDJ8677,9173501,ANNA T,Under way using engine,58.68726333,-138.52984333,303.9,11.5,SKAGWAY,2025-12-20 02:00:00,Tug,6,32,11
2025-01-07 17:40:15,368018710,WDJ8677,9173501,ANNA T,Under way using engine,58.68779167,-138.53155000,300.9,11.0,SKAGWAY,2025-12-20 02:00:00,Tug,6,32,11
2025-01-07 17:45:34,368018710,WDJ8677,9173501,ANNA T,Under way using engine,58.69693667,-138.55910500,303.0,11.7,SKAGWAY,2025-12-20 02:00:00,Tug,6,32,11
2025-01-07 17:46:29,368018710,WDJ8677,9173501,ANNA T,Under way using engine,58.69852833,-138.56367500,297.5,10.9,SKAGWAY,2025-12-20 02:00:00,Tug,6,32,11
2025-01-07 17:48:03,368018710,WDJ8677,9173501,ANNA T,Under way using engine,58.70092500,-138.57158167,303.4,12.0,SKAGWAY,2025-12-20 02:00:00,Tug,6,32,11
2025-01-07 17:48:39,368018710,WDJ8677,9173501,ANNA T,Under way using engine,58.70193167,-138.57475833,301.1,11.6,SKAGWAY,2025-12-20 02:00:00,Tug,6,32,11
2025-01-07 17:49:09,368018710,WDJ8677,9173501,ANNA T,Under way using engine,58.70269667,-138.57723167,305.0,11.5,SKAGWAY,2025-12-20 02:00:00,Tug,6,32,11
2025-01-07 17:49:59,368018710,WDJ8677,9173501,ANNA T,Under way using engine,58.70403000,-138.58157667,302.1,10.7,SKAGWAY,2025-12-20 02:00:00,Tug,6,32,11
2025-01-07 17:50:48,368018710,WDJ8677,9173501,ANNA T,Under way using engine,58.70536667,-138.58580667,302.5,11.3,SKAGWAY,2025-12-20 02:00:00,Tug,6,32,11
2025-01-07 17:51:35,368018710,WDJ8677,9173501,ANNA T,Under way using engine,58.70658333,-138.58977667,300.3,11.4,SKAGWAY,2025-12-20 02:00:00,Tug,6,32,11
2025-01-07 17:55:08,368018710,WDJ8677,9173501,ANNA T,Under way using engine,58.71223833,-138.60754167,303.1,11.4,SKAGWAY,2025-12-20 02:00:00,Tug,6,32,11
2025-01-07 17:57:47,368018710,WDJ8677,9173501,ANNA T,Under way using engine,58.71647667,-138.62087833,300.4,11.7,SKAGWAY,2025-12-20 02:00:00,Tug,6,32,11
2025-01-07 18:02:23,368018710,WDJ8677,9173501,ANNA T,Under way using engine,58.72371000,-138.64438667,300.0,10.9,SKAGWAY,2025-12-20 02:00:00,Tug,6,32,11
2025-01-07 18:02:44,368018710,WDJ8677,9173501,ANNA T,Under way using engine,58.72429500,-138.64620333,303.9,11.6,SKAGWAY,2025-12-20 02:00:00,Tug,6,32,11
2025-01-07 18:06:39,368018710,WDJ8677,9173501,ANNA T,Under way using engine,58.73047167,-138.66568000,299.9,10.2,SKAGWAY,2025-12-20 02:00:00,Tug,6,32,11
2025-01-07 18:08:13,368018710,WDJ8677,9173501,ANNA T,Under way using engine,58.73280000,-138.67335000,296.6,10.7,SKAGWAY,2025-12-20 02:00:00,Tug,6,32,11
2025-01-07 18:10:49,368018710,WDJ8677,9173501,ANNA T,Under way using engine,58.73664000,-138.68660833,299.5,10.9,SKAGWAY,2025-12-20 02:00:00,Tug,6,32,11
2025-01-07 18:10:56,368018710,WDJ8677,9173501,ANNA T,Under way using engine,58.73684333,-138.68717667,306.4,11.3,SKAGWAY,2025-12-20 02:00:00,Tug,6,32,11
2025-01-07 18:11:49,368018710,WDJ8677,9173501,ANNA T,Under way using engine,58.73820000,-138.69165833,298.4,11.0,SKAGWAY,2025-12-20 02:00:00,Tug,6,32,11
2025-01-07 18:12:32,368018710,WDJ8677,9173501,ANNA T,Under way using engine,58.73921333,-138.69502167,302.2,10.8,SKAGWAY,2025-12-20 02:00:00,Tug,6,32,11
2025-01-07 18:16:34,368018710,WDJ8677,9173501,ANNA T,Under way using engine,58.74547000,-138.71605167,297.6,10.3,SKAGWAY,2025-12-20 02:00:00,Tug,6,32,11
2025-01-07 18:17:05,368018710,WDJ8677,9173501,ANNA T,Under way using engine,58.74624833,-138.71870500,300.8,10.0,SKAGWAY,2025-12-20 02:00:00,Tug,6,32,11
2025-01-07 18:17:22,368018710,WDJ8677,9173501,ANNA T,Under way using engine,58.74665500,-138.72004167,298.5,10.9,SKAGWAY,2025-12-20 02:00:00,Tug,6,32,11
2025-01-07 18:17:41,368018710,WDJ8677,9173501,ANNA T,Under way using engine,58.74706667,-138.72151167,301.8,11.4,SKAGWAY,2025-12-20 02:00:00,Tug,6,32,11
2025-01-07 18:19:25,368018710,WDJ8677,9173501,ANNA T,Under way using engine,58.74969667,-138.73042167,301.9,10.7,SKAGWAY,2025-12-20 02:00:00,Tug,6,32,11
2025-01-07 18:19:59,368018710,WDJ8677,9173501,ANNA T,Under way using engine,58.75000000,-138.73166667,299.0,11.0,SKAGWAY,2025-12-20 02:00:00,Tug,6,32,11
2025-01-07 18:25:05,368018710,WDJ8677,9173501,ANNA T,Under way using engine,58.75808333,-138.75909833,300.0,10.6,SKAGWAY,2025-12-20 02:00:00,Tug,6,32,11
2025-01-07 18:25:53,368018710,WDJ8677,9173501,ANNA T,Under way using engine,58.75941500,-138.76334500,304.5,11.1,SKAGWAY,2025-12-20 02:00:00,Tug,6,32,11
2025-01-07 18:26:35,368018710,WDJ8677,9173501,ANNA T,Under way using engine,58.76046667,-138.76691667,299.6,11.3,SKAGWAY,2025-12-20 02:00:00,Tug,6,32,11
2025-01-07 18:27:40,368018710,WDJ8677,9173501,ANNA T,Under way using engine,58.76210000,-138.77235333,298.7,10.5,SKAGWAY,2025-12-20 02:00:00,Tug,6,32,11
2025-01-07 18:28:32,368018710,WDJ8677,9173501,ANNA T,Under way using engine,58.76345000,-138.77695500,302.2,11.2,SKAGWAY,2025-12-20 02:00:00,Tug,6,32,11
2025-01-07 18:30:39,368018710,WDJ8677,9173501,ANNA T,Under way using engine,58.76663833,-138.78766167,293.3,11.6,SKAGWAY,2025-12-20 02:00:00,Tug,6,32,11
2025-01-07 18:31:59,368018710,WDJ8677,9173501,ANNA T,Under way using engine,58.76833333,-138.79333333,301.0,11.0,SKAGWAY,2025-12-20 02:00:00,Tug,6,32,11
2025-01-07 18:34:21,368018710,WDJ8677,9173501,ANNA T,Under way using engine,58.77221333,-138.80650833,301.1,10.3,SKAGWAY,2025-12-20 02:00:00,Tug,6,32,11
2025-01-07 18:35:28,368018710,WDJ8677,9173501,ANNA T,Under way using engine,58.77398500,-138.81238333,300.8,11.1,SKAGWAY,2025-12-20 02:00:00,Tug,6,32,11
2025-01-07 18:36:12,368018710,WDJ8677,9173501,ANNA T,Under way using engine,58.77503667,-138.81594500,298.2,11.3,SKAGWAY,2025-12-20 02:00:00,Tug,6,32,11
2025-01-07 18:36:32,368018710,WDJ8677,9173501,ANNA T,Under way using engine,58.77561667,-138.81781333,302.2,11.3,SKAGWAY,2025-12-20 02:00:00,Tug,6,32,11
2025-01-07 18:37:38,368018710,WDJ8677,9173501,ANNA T,Under way using engine,58.77734333,-138.82345500,299.2,11.1,SKAGWAY,2025-12-20 02:00:00,Tug,6,32,11
2025-01-07 18:39:48,368018710,WDJ8677,9173501,ANNA T,Under way using engine,58.78055000,-138.83434667,299.5,10.3,SKAGWAY,2025-12-20 02:00:00,Tug,6,32,11
2025-01-07 18:41:49,368018710,WDJ8677,9173501,ANNA T,Under way using engine,58.78356333,-138.84451667,299.8,11.1,SKAGWAY,2025-12-20 02:00:00,Tug,6,32,11
2025-01-07 18:42:46,368018710,WDJ8677,9173501,ANNA T,Under way using engine,58.78505167,-138.84939667,300.9,10.5,SKAGWAY,2025-12-20 02:00:00,Tug,6,32,11
2025-01-07 18:43:40,368018710,WDJ8677,9173501,ANNA T,Under way using engine,58.78643667,-138.85386000,301.6,11.4,SKAGWAY,2025-12-20 02:00:00,Tug,6,32,11
2025-01-07 18:44:41,368018710,WDJ8677,9173501,ANNA T,Under way using engine,58.78806833,-138.85929667,298.6,11.0,SKAGWAY,2025-12-20 02:00:00,Tug,6,32,11
2025-01-07 18:45:21,368018710,WDJ8677,9173501,ANNA T,Under way using engine,58.78900833,-138.86253833,301.6,11.2,SKAGWAY,2025-12-20 02:00:00,Tug,6,32,11
2025-01-07 18:46:59,368018710,WDJ8677,9173501,ANNA T,Under way using engine,58.79000000,-138.87000000,301.0,10.0,SKAGWAY,2025-12-20 02:00:00,Tug,6,32,11
2025-01-07 18:47:35,368018710,WDJ8677,9173501,ANNA T,Under way using engine,58.79245333,-138.87405000,297.6,11.4,SKAGWAY,2025-12-20 02:00:00,Tug,6,32,11
2025-01-07 18:48:50,368018710,WDJ8677,9173501,ANNA T,Under way using engine,58.79423833,-138.88018167,300.2,11.2,SKAGWAY,2025-12-20 02:00:00,Tug,6,32,11
2025-01-07 18:49:19,368018710,WDJ8677,9173501,ANNA T,Under way using engine,58.79504667,-138.88290000,298.6,10.8,SKAGWAY,2025-12-20 02:00:00,Tug,6,32,11
2025-01-07 18:50:01,368018710,WDJ8677,9173501,ANNA T,Under way using engine,58.79500000,-138.88500000,297.0,10.0,SKAGWAY,2025-12-20 02:00:00,Tug,6,32,11
2025-01-07 18:50:59,368018710,WDJ8677,9173501,ANNA T,Under way using engine,58.79748167,-138.89148833,301.1,11.0,SKAGWAY,2025-12-20 02:00:00,Tug,6,32,11
2025-01-07 18:51:06,368018710,WDJ8677,9173501,ANNA T,Under way using engine,58.79762667,-138.89198500,297.9,10.9,SKAGWAY,2025-12-20 02:00:00,Tug,6,32,11
2025-01-07 18:54:11,368018710,WDJ8677,9173501,ANNA T,Under way using engine,58.80201167,-138.90771500,301.7,11.3,SKAGWAY,2025-12-20 02:00:00,Tug,6,32,11
2025-01-07 18:56:00,368018710,WDJ8677,9173501,ANNA T,Under way using engine,58.80333333,-138.91666667,298.0,11.0,SKAGWAY,2025-12-20 02:00:00,Tug,6,32,11
2025-01-07 18:56:37,368018710,WDJ8677,9173501,ANNA T,Under way using engine,58.80544000,-138.92030833,296.9,10.7,SKAGWAY,2025-12-20 02:00:00,Tug,6,32,11
2025-01-07 18:58:22,368018710,WDJ8677,9173501,ANNA T,Under way using engine,58.80799333,-138.93009000,295.7,11.7,SKAGWAY,2025-12-20 02:00:00,Tug,6,32,11
2025-01-07 18:58:34,368018710,WDJ8677,9173501,ANNA T,Under way using engine,58.80827833,-138.93122333,295.4,10.9,SKAGWAY,2025-12-20 02:00:00,Tug,6,32,11
2025-01-07 18:58:38,368018710,WDJ8677,9173501,ANNA T,Under way using engine,58.80835500,-138.93148500,298.0,10.9,SKAGWAY,2025-12-20 02:00:00,Tug,6,32,11
2025-01-07 18:58:49,368018710,WDJ8677,9173501,ANNA T,Under way using engine,58.80865833,-138.93245667,295.2,11.1,SKAGWAY,2025-12-20 02:00:00,Tug,6,32,11
2025-01-07 18:59:18,368018710,WDJ8677,9173501,ANNA T,Under way using engine,58.80939167,-138.93507833,298.0,11.3,SKAGWAY,2025-12-20 02:00:00,Tug,6,32,11
2025-01-07 18:59:29,368018710,WDJ8677,9173501,ANNA T,Under way using engine,58.80963000,-138.93593667,302.3,11.4,SKAGWAY,2025-12-20 02:00:00,Tug,6,32,11
2025-01-07 18:59:33,368018710,WDJ8677,9173501,ANNA T,Under way using engine,58.80963000,-138.93593667,299.3,11.8,SKAGWAY,2025-12-20 02:00:00,Tug,6,32,11
2025-01-07 18:59:38,368018710,WDJ8677,9173501,ANNA T,Under way using engine,58.80984000,-138.93669500,295.9,10.4,SKAGWAY,2025-12-20 02:00:00,Tug,6,32,11
2025-01-07 19:00:08,368018710,WDJ8677,9173501,ANNA T,Under way using engine,58.81055167,-138.93929833,297.4,11.1,SKAGWAY,2025-12-20 02:00:00,Tug,6,32,11
2025-01-07 19:00:42,368018710,WDJ8677,9173501,ANNA T,Under way using engine,58.81129167,-138.94219000,300.3,11.3,SKAGWAY,2025-12-20 02:00:00,Tug,6,32,11
2025-01-07 19:01:25,368018710,WDJ8677,9173501,ANNA T,Under way using engine,58.81234000,-138.94593667,295.2,11.2,SKAGWAY,2025-12-20 02:00:00,Tug,6,32,11
2025-01-07 19:01:31,368018710,WDJ8677,9173501,ANNA T,Under way using engine,58.81254833,-138.94653333,300.3,11.2,SKAGWAY,2025-12-20 02:00:00,Tug,6,32,11
2025-01-07 19:01:36,368018710,WDJ8677,9173501,ANNA T,Under way using engine,58.81267000,-138.94686500,297.5,11.4,SKAGWAY,2025-12-20 02:00:00,Tug,6,32,11
2025-01-07 19:01:49,368018710,WDJ8677,9173501,ANNA T,Under way using engine,58.81301000,-138.94813500,299.5,11.9,SKAGWAY,2025-12-20 02:00:00,Tug,6,32,11
2025-01-07 19:01:53,368018710,WDJ8677,9173501,ANNA T,Under way using engine,58.81307500,-138.94841167,294.3,11.4,SKAGWAY,2025-12-20 02:00:00,Tug,6,32,11
2025-01-07 19:01:58,368018710,WDJ8677,9173501,ANNA T,Under way using engine,58.81318667,-138.94882000,297.7,11.0,SKAGWAY,2025-12-20 02:00:00,Tug,6,32,11
2025-01-07 19:02:06,368018710,WDJ8677,9173501,ANNA T,Under way using engine,58.81338833,-138.94967833,294.7,11.7,SKAGWAY,2025-12-20 02:00:00,Tug,6,32,11
2025-01-07 19:02:11,368018710,WDJ8677,9173501,ANNA T,Under way using engine,58.81343000,-138.94986667,295.1,11.1,SKAGWAY,2025-12-20 02:00:00,Tug,6,32,11
2025-01-07 19:02:25,368018710,WDJ8677,9173501,ANNA T,Under way using engine,58.81380667,-138.95129333,297.1,11.0,SKAGWAY,2025-12-20 02:00:00,Tug,6,32,11
2025-01-07 19:02:48,368018710,WDJ8677,9173501,ANNA T,Under way using engine,58.81438500,-138.95333833,299.5,11.1,SKAGWAY,2025-12-20 02:00:00,Tug,6,32,11
2025-01-07 19:02:52,368018710,WDJ8677,9173501,ANNA T,Under way using engine,58.81450667,-138.95380167,296.4,11.5,SKAGWAY,2025-12-20 02:00:00,Tug,6,32,11
2025-01-07 19:03:02,368018710,WDJ8677,9173501,ANNA T,Under way using engine,58.81473167,-138.95452667,299.0,10.6,SKAGWAY,2025-12-20 02:00:00,Tug,6,32,11
2025-01-07 19:03:09,368018710,WDJ8677,9173501,ANNA T,Under way using engine,58.81491167,-138.95524167,296.2,11.3,SKAGWAY,2025-12-20 02:00:00,Tug,6,32,11
2025-01-07 19:03:14,368018710,WDJ8677,9173501,ANNA T,Under way using engine,58.81500167,-138.95558167,297.8,10.8,SKAGWAY,2025-12-20 02:00:00,Tug,6,32,11
2025-01-07 19:03:26,368018710,WDJ8677,9173501,ANNA T,Under way using engine,58.81521167,-138.95637500,296.6,11.3,SKAGWAY,2025-12-20 02:00:00,Tug,6,32,11
2025-01-07 19:03:31,368018710,WDJ8677,9173501,ANNA T,Under way using engine,58.81543667,-138.95716167,298.6,11.2,SKAGWAY,2025-12-20 02:00:00,Tug,6,32,11
2025-01-07 19:03:38,368018710,WDJ8677,9173501,ANNA T,Under way using engine,58.81557667,-138.95770500,295.6,11.4,SKAGWAY,2025-12-20 02:00:00,Tug,6,32,11
2025-01-07 19:03:55,368018710,WDJ8677,9173501,ANNA T,Under way using engine,58.81601000,-138.95922333,297.9,11.4,SKAGWAY,2025-12-20 02:00:00,Tug,6,32,11
2025-01-07 19:04:11,368018710,WDJ8677,9173501,ANNA T,Under way using engine,58.81646333,-138.96072000,301.5,11.4,SKAGWAY,2025-12-20 02:00:00,Tug,6,32,11
2025-01-07 19:05:21,368018710,WDJ8677,9173501,ANNA T,Under way using engine,58.81810000,-138.96622667,297.2,11.1,SKAGWAY,2025-12-20 02:00:00,Tug,6,32,11
2025-01-07 19:08:08,368018710,WDJ8677,9173501,ANNA T,Under way using engine,58.82224167,-138.98079000,301.2,10.9,SKAGWAY,2025-12-20 02:00:00,Tug,6,32,11
2025-01-07 19:13:42,368018710,WDJ8677,9173501,ANNA T,Under way using engine,58.83036333,-139.00928500,297.7,10.4,SKAGWAY,2025-12-20 02:00:00,Tug,6,32,11
2025-01-07 19:14:43,368018710,WDJ8677,9173501,ANNA T,Under way using engine,58.83178167,-139.01437500,299.7,10.0,SKAGWAY,2025-12-20 02:00:00,Tug,6,32,11
2025-01-07 19:16:16,368018710,WDJ8677,9173501,ANNA T,Under way using engine,58.83412333,-139.02264000,300.9,10.7,SKAGWAY,2025-12-20 02:00:00,Tug,6,32,11
2025-01-07 19:16:21,368018710,WDJ8677,9173501,ANNA T,Under way using engine,58.83420333,-139.02290167,300.1,11.4,SKAGWAY,2025-12-20 02:00:00,Tug,6,32,11
2025-01-07 19:16:40,368018710,WDJ8677,9173501,ANNA T,Under way using engine,58.83470833,-139.02465000,300.8,10.8,SKAGWAY,2025-12-20 02:00:00,Tug,6,32,11
2025-01-07 19:19:30,368018710,WDJ8677,9173501,ANNA T,Under way using engine,58.83902167,-139.03873167,297.5,10.9,SKAGWAY,2025-12-20 02:00:00,Tug,6,32,11
2025-01-07 19:20:31,368018710,WDJ8677,9173501,ANNA T,Under way using engine,58.84055167,-139.04417833,302.4,11.2,SKAGWAY,2025-12-20 02:00:00,Tug,6,32,11
2025-01-07 19:20:36,368018710,WDJ8677,9173501,ANNA T,Under way using engine,58.84065833,-139.04453333,298.9,11.4,SKAGWAY,2025-12-20 02:00:00,Tug,6,32,11
2025-01-07 19:23:02,368018710,WDJ8677,9173501,ANNA T,Under way using engine,58.84333333,-139.05666667,296.0,10.0,SKAGWAY,2025-12-20 02:00:00,Tug,6,32,11
2025-01-07 19:24:38,368018710,WDJ8677,9173501,ANNA T,Under way using engine,58.84696000,-139.06495167,302.6,10.8,SKAGWAY,2025-12-20 02:00:00,Tug,6,32,11
2025-01-07 19:25:42,368018710,WDJ8677,9173501,ANNA T,Under way using engine,58.84861000,-139.07027000,299.5,10.8,SKAGWAY,2025-12-20 02:00:00,Tug,6,32,11
2025-01-07 19:27:59,368018710,WDJ8677,9173501,ANNA T,Under way using engine,58.85214333,-139.08159500,301.5,11.0,SKAGWAY,2025-12-20 02:00:00,Tug,6,32,11
2025-01-07 19:31:13,368018710,WDJ8677,9173501,ANNA T,Under way using engine,58.85738833,-139.09843333,298.7,10.4,SKAGWAY,2025-12-20 02:00:00,Tug,6,32,11
2025-01-07 19:32:08,368018710,WDJ8677,9173501,ANNA T,Under way using engine,58.85870167,-139.10262333,302.1,11.1,SKAGWAY,2025-12-20 02:00:00,Tug,6,32,11
2025-01-07 19:32:51,368018710,WDJ8677,9173501,ANNA T,Under way using engine,58.85982667,-139.10630167,298.9,11.4,SKAGWAY,2025-12-20 02:00:00,Tug,6,32,11
2025-01-07 19:33:22,368018710,WDJ8677,9173501,ANNA T,Under way using engine,58.86066667,-139.10890500,302.7,11.3,SKAGWAY,2025-12-20 02:00:00,Tug,6,32,11
2025-01-07 19:34:35,368018710,WDJ8677,9173501,ANNA T,Under way using engine,58.86251667,-139.11512500,298.1,11.3,SKAGWAY,2025-12-20 02:00:00,Tug,6,32,11
2025-01-07 19:36:53,368018710,WDJ8677,9173501,ANNA T,Under way using engine,58.86633667,-139.12704833,300.5,11.6,SKAGWAY,2025-12-20 02:00:00,Tug,6,32,11
2025-01-07 19:37:30,368018710,WDJ8677,9173501,ANNA T,Under way using engine,58.86734500,-139.13012000,302.5,11.0,SKAGWAY,2025-12-20 02:00:00,Tug,6,32,11
2025-01-07 19:38:52,368018710,WDJ8677,9173501,ANNA T,Under way using engine,58.86944833,-139.13703500,300.1,11.3,SKAGWAY,2025-12-20 02:00:00,Tug,6,32,11
2025-01-07 19:40:59,368018710,WDJ8677,9173501,ANNA T,Under way using engine,58.87166667,-139.14666667,305.0,11.0,SKAGWAY,2025-12-20 02:00:00,Tug,6,32,11
2025-01-07 19:43:52,368018710,WDJ8677,9173501,ANNA T,Under way using engine,58.87755167,-139.16269167,302.0,11.9,SKAGWAY,2025-12-20 02:00:00,Tug,6,32,11
2025-01-07 19:46:58,368018710,WDJ8677,9173501,ANNA T,Under way using engine,58.88166667,-139.17833333,300.0,11.0,SKAGWAY,2025-12-20 02:00:00,Tug,6,32,11
2025-01-07 19:48:20,368018710,WDJ8677,9173501,ANNA T,Under way using engine,58.88471667,-139.18547667,303.8,11.9,SKAGWAY,2025-12-20 02:00:00,Tug,6,32,11
2025-01-07 19:48:51,368018710,WDJ8677,9173501,ANNA T,Under way using engine,58.88554167,-139.18808167,302.4,11.4,SKAGWAY,2025-12-20 02:00:00,Tug,6,32,11
2025-01-07 19:51:59,368018710,WDJ8677,9173501,ANNA T,Under way using engine,58.89074667,-139.20430167,299.9,10.9,SKAGWAY,2025-12-20 02:00:00,Tug,6,32,11
2025-01-07 19:52:41,368018710,WDJ8677,9173501,ANNA T,Under way using engine,58.89182667,-139.20769500,301.1,11.4,SKAGWAY,2025-12-20 02:00:00,Tug,6,32,11
2025-01-07 19:57:59,368018710,WDJ8677,9173501,ANNA T,Under way using engine,58.90047667,-139.23489833,304.4,11.5,SKAGWAY,2025-12-20 02:00:00,Tug,6,32,11
2025-01-07 19:59:32,368018710,WDJ8677,9173501,ANNA T,Under way using engine,58.90302167,-139.24319000,298.2,11.3,SKAGWAY,2025-12-20 02:00:00,Tug,6,32,11
2025-01-07 20:00:17,368018710,WDJ8677,9173501,ANNA T,Under way using engine,58.90409500,-139.24647000,303.9,11.4,SKAGWAY,2025-12-20 02:00:00,Tug,6,32,11
2025-01-07 20:01:50,368018710,WDJ8677,9173501,ANNA T,Under way using engine,58.90670500,-139.25467333,301.7,11.4,SKAGWAY,2025-12-20 02:00:00,Tug,6,32,11
2025-01-07 20:02:29,368018710,WDJ8677,9173501,ANNA T,Under way using engine,58.90776000,-139.25793000,302.7,11.9,SKAGWAY,2025-12-20 02:00:00,Tug,6,32,11
2025-01-07 20:02:35,368018710,WDJ8677,9173501,ANNA T,Under way using engine,58.90776000,-139.25793000,299.8,11.4,SKAGWAY,2025-12-20 02:00:00,Tug,6,32,11
2025-01-07 20:02:55,368018710,WDJ8677,9173501,ANNA T,Under way using engine,58.90843500,-139.26004833,301.4,10.5,SKAGWAY,2025-12-20 02:00:00,Tug,6,32,11
2025-01-07 20:04:41,368018710,WDJ8677,9173501,ANNA T,Under way using engine,58.91134333,-139.26891500,302.4,11.3,SKAGWAY,2025-12-20 02:00:00,Tug,6,32,11
2025-01-07 20:11:00,368018710,WDJ8677,9173501,ANNA T,Under way using engine,58.92000000,-139.30000000,298.0,11.0,SKAGWAY,2025-12-20 02:00:00,Tug,6,32,11
2025-01-07 20:13:02,368018710,WDJ8677,9173501,ANNA T,Under way using engine,58.92446833,-139.31193833,298.6,11.1,SKAGWAY,2025-12-20 02:00:00,Tug,6,32,11
2025-01-07 20:13:14,368018710,WDJ8677,9173501,ANNA T,Under way using engine,58.92467500,-139.31264833,301.4,11.7,SKAGWAY,2025-12-20 02:00:00,Tug,6,32,11
2025-01-07 20:13:40,368018710,WDJ8677,9173501,ANNA T,Under way using engine,58.92540333,-139.31514500,300.4,11.1,SKAGWAY,2025-12-20 02:00:00,Tug,6,32,11
2025-01-07 20:15:41,368018710,WDJ8677,9173501,ANNA T,Under way using engine,58.92865333,-139.32584667,300.8,11.6,SKAGWAY,2025-12-20 02:00:00,Tug,6,32,11
2025-01-07 20:16:36,368018710,WDJ8677,9173501,ANNA T,Under way using engine,58.92990167,-139.32990833,302.8,10.9,SKAGWAY,2025-12-20 02:00:00,Tug,6,32,11
2025-01-07 20:20:25,368018710,WDJ8677,9173501,ANNA T,Under way using engine,58.93611833,-139.34985167,299.0,10.7,SKAGWAY,2025-12-20 02:00:00,Tug,6,32,11
2025-01-07 20:21:11,368018710,WDJ8677,9173501,ANNA T,Under way using engine,58.93732667,-139.35384500,301.1,11.0,SKAGWAY,2025-12-20 02:00:00,Tug,6,32,11
2025-01-07 20:23:03,368018710,WDJ8677,9173501,ANNA T,Under way using engine,58.94000000,-139.36166667,297.0,11.0,SKAGWAY,2025-12-20 02:00:00,Tug,6,32,11
2025-01-07 20:23:38,368018710,WDJ8677,9173501,ANNA T,Under way using engine,58.94102333,-139.36617500,300.5,11.5,SKAGWAY,2025-12-20 02:00:00,Tug,6,32,11
2025-01-07 20:25:24,368018710,WDJ8677,9173501,ANNA T,Under way using engine,58.94389167,-139.37559667,297.6,10.9,SKAGWAY,2025-12-20 02:00:00,Tug,6,32,11
2025-01-07 20:28:23,368018710,WDJ8677,9173501,ANNA T,Under way using engine,58.94855667,-139.39114333,299.8,11.4,SKAGWAY,2025-12-20 02:00:00,Tug,6,32,11
2025-01-07 20:28:27,368018710,WDJ8677,9173501,ANNA T,Under way using engine,58.94864167,-139.39140833,302.2,11.7,SKAGWAY,2025-12-20 02:00:00,Tug,6,32,11
2025-01-07 20:28:34,368018710,WDJ8677,9173501,ANNA T,Under way using engine,58.94883167,-139.39201000,297.7,11.1,SKAGWAY,2025-12-20 02:00:00,Tug,6,32,11
2025-01-07 20:28:38,368018710,WDJ8677,9173501,ANNA T,Under way using engine,58.94892667,-139.39236500,303.4,11.5,SKAGWAY,2025-12-20 02:00:00,Tug,6,32,11
2025-01-07 20:28:51,368018710,WDJ8677,9173501,ANNA T,Under way using engine,58.94925167,-139.39344667,300.8,11.4,SKAGWAY,2025-12-20 02:00:00,Tug,6,32,11
2025-01-07 20:29:01,368018710,WDJ8677,9173501,ANNA T,Under way using engine,58.94952333,-139.39433667,298.1,10.9,SKAGWAY,2025-12-20 02:00:00,Tug,6,32,11
2025-01-07 20:29:07,368018710,WDJ8677,9173501,ANNA T,Under way using engine,58.94969333,-139.39482833,304.1,11.5,SKAGWAY,2025-12-20 02:00:00,Tug,6,32,11
2025-01-07 20:29:15,368018710,WDJ8677,9173501,ANNA T,Under way using engine,58.94988000,-139.39552833,297.5,10.7,SKAGWAY,2025-12-20 02:00:00,Tug,6,32,11
2025-01-07 20:29:21,368018710,WDJ8677,9173501,ANNA T,Under way using engine,58.95002667,-139.39600833,300.0,10.8,SKAGWAY,2025-12-20 02:00:00,Tug,6,32,11
2025-01-07 13:33:19,367144000,WYR2092,7320095,COLUMBIA,Under way using engine,58.40060167,-134.98055000,195.1,14.9,HAINES,2025-01-07 00:45:00,Passenger ship,4,117,26
2025-01-07 13:38:20,367144000,WYR2092,7320095,COLUMBIA,Under way using engine,58.38021833,-134.99126833,195.7,15.0,HAINES,2025-01-07 00:45:00,Passenger ship,4,117,26
2025-01-07 13:39:32,367144000,WYR2092,7320095,COLUMBIA,Under way using engine,58.37533833,-134.99383333,192.7,15.0,HAINES,2025-01-07 00:45:00,Passenger ship,4,117,26
2025-01-07 13:39:44,367144000,WYR2092,7320095,COLUMBIA,Under way using engine,58.37459000,-134.99409667,189.6,14.9,HAINES,2025-01-07 00:45:00,Passenger ship,4,117,26
2025-01-07 13:39:50,367144000,WYR2092,7320095,COLUMBIA,Under way using engine,58.37411333,-134.99422167,187.2,14.9,HAINES,2025-01-07 00:45:00,Passenger ship,4,117,26
2025-01-07 13:40:03,367144000,WYR2092,7320095,COLUMBIA,Under way using engine,58.37329000,-134.99435167,183.3,14.8,HAINES,2025-01-07 00:45:00,Passenger ship,4,117,26
2025-01-07 13:40:14,367144000,WYR2092,7320095,COLUMBIA,Under way using engine,58.37246500,-134.99436833,179.6,14.8,HAINES,2025-01-07 00:45:00,Passenger ship,4,117,26
2025-01-07 13:40:26,367144000,WYR2092,7320095,COLUMBIA,Under way using engine,58.37164333,-134.99429333,176.7,14.8,HAINES,2025-01-07 00:45:00,Passenger ship,4,117,26
2025-01-07 13:41:08,367144000,WYR2092,7320095,COLUMBIA,Under way using engine,58.36875500,-134.99384000,174.5,14.9,HAINES,2025-01-07 00:45:00,Passenger ship,4,117,26
2025-01-07 13:46:08,367144000,WYR2092,7320095,COLUMBIA,Under way using engine,58.34805000,-134.99063333,175.6,15.1,HAINES,2025-01-07 00:45:00,Passenger ship,4,117,26
2025-01-07 13:51:09,367144000,WYR2092,7320095,COLUMBIA,Under way using engine,58.32692167,-134.98745333,175.8,15.3,HAINES,2025-01-07 00:45:00,Passenger ship,4,117,26
2025-01-07 13:56:09,367144000,WYR2092,7320095,COLUMBIA,Under way using engine,58.30568667,-134.98424667,175.2,15.4,HAINES,2025-01-07 00:45:00,Passenger ship,4,117,26
2025-01-07 14:01:09,367144000,WYR2092,7320095,COLUMBIA,Under way using engine,58.28435833,-134.98131000,175.5,15.4,HAINES,2025-01-07 00:45:00,Passenger ship,4,117,26
2025-01-07 14:04:32,367144000,WYR2092,7320095,COLUMBIA,Under way using engine,58.27025167,-134.97967000,177.0,14.9,HAINES,2025-01-07 00:45:00,Passenger ship,4,117,26
2025-01-07 14:08:02,367144000,WYR2092,7320095,COLUMBIA,Under way using engine,58.25587667,-134.97821500,173.7,14.6,HAINES,2025-01-07 00:45:00,Passenger ship,4,117,26
2025-01-07 14:08:14,367144000,WYR2092,7320095,COLUMBIA,Under way using engine,58.25501333,-134.97796667,170.3,14.5,HAINES,2025-01-07 00:45:00,Passenger ship,4,117,26
2025-01-07 14:08:26,367144000,WYR2092,7320095,COLUMBIA,Under way using engine,58.25422500,-134.97767000,168.3,14.5,HAINES,2025-01-07 00:45:00,Passenger ship,4,117,26
2025-01-07 14:09:08,367144000,WYR2092,7320095,COLUMBIA,Under way using engine,58.25154500,-134.97649833,166.3,14.5,HAINES,2025-01-07 00:45:00,Passenger ship,4,117,26
2025-01-07 14:14:08,367144000,WYR2092,7320095,COLUMBIA,Under way using engine,58.23203167,-134.96754833,166.2,14.2,HAINES,2025-01-07 00:45:00,Passenger ship,4,117,26
2025-01-07 14:19:08,367144000,WYR2092,7320095,COLUMBIA,Under way using engine,58.21274667,-134.95834500,165.6,14.6,HAINES,2025-01-07 00:45:00,Passenger ship,4,117,26
2025-01-07 14:23:03,367144000,WYR2092,7320095,COLUMBIA,Under way using engine,58.19705500,-134.95082833,164.9,15.1,HAINES,2025-01-07 00:45:00,Passenger ship,4,117,26
2025-01-07 14:28:08,367144000,WYR2092,7320095,COLUMBIA,Under way using engine,58.17599333,-134.94069167,166.2,15.5,HAINES,2025-01-07 00:45:00,Passenger ship,4,117,26
2025-01-07 14:33:08,367144000,WYR2092,7320095,COLUMBIA,Under way using engine,58.15507833,-134.93048000,165.7,15.4,HAINES,2025-01-07 00:45:00,Passenger ship,4,117,26
2025-01-07 14:36:38,367144000,WYR2092,7320095,COLUMBIA,Under way using engine,58.14089667,-134.92375667,165.7,14.9,HAINES,2025-01-07 00:45:00,Passenger ship,4,117,26
2025-01-07 14:41:38,367144000,WYR2092,7320095,COLUMBIA,Under way using engine,58.12075500,-134.91413833,165.7,14.9,HAINES,2025-01-07 00:45:00,Passenger ship,4,117,26
2025-01-07 14:46:39,367144000,WYR2092,7320095,COLUMBIA,Under way using engine,58.10052333,-134.90427667,165.0,15.1,HAINES,2025-01-07 00:45:00,Passenger ship,4,117,26
2025-01-07 14:51:39,367144000,WYR2092,7320095,COLUMBIA,Under way using engine,58.08012667,-134.89452833,166.0,15.1,HAINES,2025-01-07 00:45:00,Passenger ship,4,117,26
2025-01-07 14:56:44,367144000,WYR2092,7320095,COLUMBIA,Under way using engine,58.05957000,-134.88494833,166.4,14.9,HAINES,2025-01-07 00:45:00,Passenger ship,4,117,26
2025-01-07 14:59:32,367144000,WYR2092,7320095,COLUMBIA,Under way using engine,58.04828000,-134.87988333,169.3,14.8,HAINES,2025-01-07 00:45:00,Passenger ship,4,117,26
2025-01-07 14:59:44,367144000,WYR2092,7320095,COLUMBIA,Under way using engine,58.04746500,-134.87963500,171.7,14.8,HAINES,2025-01-07 00:45:00,Passenger ship,4,117,26
2025-01-07 14:59:57,367144000,WYR2092,7320095,COLUMBIA,Under way using engine,58.04664667,-134.87944833,173.8,14.8,HAINES,2025-01-07 00:45:00,Passenger ship,4,117,26
2025-01-07 15:02:44,367144000,WYR2092,7320095,COLUMBIA,Under way using engine,58.03513500,-134.87769333,175.9,15.0,HAINES,2025-01-07 00:45:00,Passenger ship,4,117,26
2025-01-07 15:07:44,367144000,WYR2092,7320095,COLUMBIA,Under way using engine,58.01441333,-134.87468333,174.9,15.0,HAINES,2025-01-07 00:45:00,Passenger ship,4,117,26
2025-01-07 15:08:56,367144000,WYR2092,7320095,COLUMBIA,Under way using engine,58.00939667,-134.87369167,172.9,14.9,HAINES,2025-01-07 00:45:00,Passenger ship,4,117,26
2025-01-07 15:10:26,367144000,WYR2092,7320095,COLUMBIA,Under way using engine,58.00321000,-134.87235833,175.0,15.0,HAINES,2025-01-07 00:45:00,Passenger ship,4,117,26
2025-01-07 15:14:20,367144000,WYR2092,7320095,COLUMBIA,Under way using engine,57.98709000,-134.86927000,173.0,15.0,HAINES,2025-01-07 00:45:00,Passenger ship,4,117,26
2025-01-07 19:27:53,368066070,WDK5563,,ST. THEODOSIUS,Under way using engine,58.40118000,-134.97154667,188.9,21.1,AUKE BAY,2025-01-17 18:00:00,Passenger ship,0,,
2025-01-07 19:30:05,368066070,WDK5563,,ST. THEODOSIUS,Under way using engine,58.38830667,-134.97530667,186.7,21.4,AUKE BAY,2025-01-17 18:00:00,Passenger ship,0,,
2025-01-07 19:30:53,368066070,WDK5563,,ST. THEODOSIUS,Under way using engine,58.38370667,-134.97625333,184.5,21.3,AUKE BAY,2025-01-17 18:00:00,Passenger ship,0,,
2025-01-07 19:31:17,368066070,WDK5563,,ST. THEODOSIUS,Under way using engine,58.38125333,-134.97656000,182.2,21.3,AUKE BAY,2025-01-17 18:00:00,Passenger ship,0,,
2025-01-07 19:31:29,368066070,WDK5563,,ST. THEODOSIUS,Under way using engine,58.38016000,-134.97660000,180.0,21.3,AUKE BAY,2025-01-17 18:00:00,Passenger ship,0,,
2025-01-07 19:31:59,368066070,WDK5563,,ST. THEODOSIUS,Under way using engine,58.37721333,-134.97658667,182.0,21.3,AUKE BAY,2025-01-17 18:00:00,Passenger ship,0,,
2025-01-07 19:33:11,368066070,WDK5563,,ST. THEODOSIUS,Under way using engine,58.37012667,-134.97688000,180.0,21.3,AUKE BAY,2025-01-17 18:00:00,Passenger ship,0,,
2025-01-07 19:33:47,368066070,WDK5563,,ST. THEODOSIUS,Under way using engine,58.36648667,-134.97674667,177.9,21.2,AUKE BAY,2025-01-17 18:00:00,Passenger ship,0,,
2025-01-07 19:34:05,368066070,WDK5563,,ST. THEODOSIUS,Under way using engine,58.36472000,-134.97670667,180.7,21.2,AUKE BAY,2025-01-17 18:00:00,Passenger ship,0,,
2025-01-07 19:34:34,368066070,WDK5563,,ST. THEODOSIUS,Under way using engine,58.36187333,-134.97664000,178.4,21.3,AUKE BAY,2025-01-17 18:00:00,Passenger ship,0,,
2025-01-07 19:36:41,368066070,WDK5563,,ST. THEODOSIUS,Under way using engine,58.34935333,-134.97585333,176.2,21.4,AUKE BAY,2025-01-17 18:00:00,Passenger ship,0,,
2025-01-07 19:37:59,368066070,WDK5563,,ST. THEODOSIUS,Under way using engine,58.34176000,-134.97472000,174.2,21.4,AUKE BAY,2025-01-17 18:00:00,Passenger ship,0,,
2025-01-07 19:39:59,368066070,WDK5563,,ST. THEODOSIUS,Under way using engine,58.32984667,-134.97248000,172.2,21.4,AUKE BAY,2025-01-17 18:00:00,Passenger ship,0,,
2025-01-07 19:41:10,368066070,WDK5563,,ST. THEODOSIUS,Under way using engine,58.32284000,-134.97092000,174.2,21.7,AUKE BAY,2025-01-17 18:00:00,Passenger ship,0,,
2025-01-07 19:46:10,368066070,WDK5563,,ST. THEODOSIUS,Under way using engine,58.29283333,-134.96477333,173.4,21.9,AUKE BAY,2025-01-17 18:00:00,Passenger ship,0,,
2025-01-07 19:49:10,368066070,WDK5563,,ST. THEODOSIUS,Under way using engine,58.27458000,-134.96052000,171.3,22.2,AUKE BAY,2025-01-17 18:00:00,Passenger ship,0,,
2025-01-07 19:50:29,368066070,WDK5563,,ST. THEODOSIUS,Under way using engine,58.26660000,-134.95834667,173.5,21.9,AUKE BAY,2025-01-17 18:00:00,Passenger ship,0,,
2025-01-07 19:52:59,368066070,WDK5563,,ST. THEODOSIUS,Under way using engine,58.25139333,-134.95461333,171.0,21.9,AUKE BAY,2025-01-17 18:00:00,Passenger ship,0,,
2025-01-07 19:57:52,368066070,WDK5563,,ST. THEODOSIUS,Under way using engine,58.22194000,-134.94640000,173.2,21.9,AUKE BAY,2025-01-17 18:00:00,Passenger ship,0,,
2025-01-07 19:59:29,368066070,WDK5563,,ST. THEODOSIUS,Under way using engine,58.21221333,-134.94398667,170.7,22.1,AUKE BAY,2025-01-17 18:00:00,Passenger ship,0,,
2025-01-07 19:59:52,368066070,WDK5563,,ST. THEODOSIUS,Under way using engine,58.20981333,-134.94329333,172.8,21.9,AUKE BAY,2025-01-17 18:00:00,Passenger ship,0,,
2025-01-07 20:01:11,368066070,WDK5563,,ST. THEODOSIUS,Under way using engine,58.20188000,-134.94105333,170.8,21.8,AUKE BAY,2025-01-17 18:00:00,Passenger ship,0,,
2025-01-07 20:02:11,368066070,WDK5563,,ST. THEODOSIUS,Under way using engine,58.19583333,-134.93941333,172.8,22.0,AUKE BAY,2025-01-17 18:00:00,Passenger ship,0,,
2025-01-07 20:04:59,368066070,WDK5563,,ST. THEODOSIUS,Under way using engine,58.17905333,-134.93478667,170.5,22.0,AUKE BAY,2025-01-17 18:00:00,Passenger ship,0,,
2025-01-07 20:05:05,368066070,WDK5563,,ST. THEODOSIUS,Under way using engine,58.17845333,-134.93460000,172.5,21.7,AUKE BAY,2025-01-17 18:00:00,Passenger ship,0,,
2025-01-07 20:05:09,368066070,WDK5563,,ST. THEODOSIUS,Under way using engine,58.17905333,-134.93478667,170.5,22.0,AUKE BAY,2025-01-17 18:00:00,Passenger ship,0,,
2025-01-07 20:05:17,368066070,WDK5563,,ST. THEODOSIUS,Under way using engine,58.17845333,-134.93460000,172.5,21.7,AUKE BAY,2025-01-17 18:00:00,Passenger ship,0,,
2025-01-07 20:05:29,368066070,WDK5563,,ST. THEODOSIUS,Under way using engine,58.17595333,-134.93393333,171.9,21.9,AUKE BAY,2025-01-17 18:00:00,Passenger ship,0,,
2025-01-07 20:06:52,368066070,WDK5563,,ST. THEODOSIUS,Under way using engine,58.16756000,-134.93153333,170.1,22.5,AUKE BAY,2025-01-17 18:00:00,Passenger ship,0,,
2025-01-07 20:08:23,368066070,WDK5563,,ST. THEODOSIUS,Under way using engine,58.15840000,-134.92888000,172.5,22.1,AUKE BAY,2025-01-17 18:00:00,Passenger ship,0,,
2025-01-07 20:12:29,368066070,WDK5563,,ST. THEODOSIUS,Under way using engine,58.13358000,-134.92193333,171.8,21.5,AUKE BAY,2025-01-17 18:00:00,Passenger ship,0,,
2025-01-07 20:14:05,368066070,WDK5563,,ST. THEODOSIUS,Under way using engine,58.12410000,-134.91942667,172.0,22.1,AUKE BAY,2025-01-17 18:00:00,Passenger ship,0,,
2025-01-07 20:17:52,368066070,WDK5563,,ST. THEODOSIUS,Under way using engine,58.10116000,-134.91400000,174.5,21.7,AUKE BAY,2025-01-17 18:00:00,Passenger ship,0,,
2025-01-07 20:18:35,368066070,WDK5563,,ST. THEODOSIUS,Under way using engine,58.09686000,-134.91316000,172.5,21.8,AUKE BAY,2025-01-17 18:00:00,Passenger ship,0,,
2025-01-07 20:19:59,368066070,WDK5563,,ST. THEODOSIUS,Under way using engine,58.08845333,-134.91122667,174.6,21.7,AUKE BAY,2025-01-17 18:00:00,Passenger ship,0,,
2025-01-07 20:21:11,368066070,WDK5563,,ST. THEODOSIUS,Under way using engine,58.08133333,-134.90966667,172.5,21.8,AUKE BAY,2025-01-17 18:00:00,Passenger ship,0,,
2025-01-07 20:23:40,368066070,WDK5563,,ST. THEODOSIUS,Under way using engine,58.06624000,-134.90596000,169.9,21.8,AUKE BAY,2025-01-17 18:00:00,Passenger ship,0,,
2025-01-07 20:24:22,368066070,WDK5563,,ST. THEODOSIUS,Under way using engine,58.06204000,-134.90468000,172.5,22.0,AUKE BAY,2025-01-17 18:00:00,Passenger ship,0,,
2025-01-07 20:25:52,368066070,WDK5563,,ST. THEODOSIUS,Under way using engine,58.05308000,-134.90224000,171.9,21.4,AUKE BAY,2025-01-17 18:00:00,Passenger ship,0,,
2025-01-07 20:26:59,368066070,WDK5563,,ST. THEODOSIUS,Under way using engine,58.04646000,-134.90048000,171.3,21.9,AUKE BAY,2025-01-17 18:00:00,Passenger ship,0,,
2025-01-07 20:27:11,368066070,WDK5563,,ST. THEODOSIUS,Under way using engine,58.04537333,-134.90021333,173.3,21.3,AUKE BAY,2025-01-17 18:00:00,Passenger ship,0,,
2025-01-07 20:27:28,368066070,WDK5563,,ST. THEODOSIUS,Under way using engine,58.04358667,-134.89973333,171.2,21.7,AUKE BAY,2025-01-17 18:00:00,Passenger ship,0,,
2025-01-07 20:31:59,368066070,WDK5563,,ST. THEODOSIUS,Under way using engine,58.01690667,-134.89237333,170.5,21.1,AUKE BAY,2025-01-17 18:00:00,Passenger ship,0,,
2025-01-07 20:32:59,368066070,WDK5563,,ST. THEODOSIUS,Under way using engine,58.01118000,-134.89069333,173.1,21.1,AUKE BAY,2025-01-17 18:00:00,Passenger ship,0,,
2025-01-07 20:34:35,368066070,WDK5563,,ST. THEODOSIUS,Under way using engine,58.00175333,-134.88882667,173.3,21.6,AUKE BAY,2025-01-17 18:00:00,Passenger ship,0,,
2025-01-07 20:34:40,368066070,WDK5563,,ST. THEODOSIUS,Under way using engine,58.00116000,-134.88870667,175.4,21.4,AUKE BAY,2025-01-17 18:00:00,Passenger ship,0,,
2025-01-07 20:36:58,368066070,WDK5563,,ST. THEODOSIUS,Under way using engine,57.98750000,-134.88614667,173.0,21.5,AUKE BAY,2025-01-17 18:00:00,Passenger ship,0,,
2025-01-07 20:37:35,368066070,WDK5563,,ST. THEODOSIUS,Under way using engine,57.98392000,-134.88545333,175.0,21.3,AUKE BAY,2025-01-17 18:00:00,Passenger ship,0,,
2025-01-07 20:38:22,368066070,WDK5563,,ST. THEODOSIUS,Under way using engine,57.97915333,-134.88466667,175.8,21.9,AUKE BAY,2025-01-17 18:00:00,Passenger ship,0,,
2025-01-07 00:00:06,368067220,WDK5676,9812808,HUBBARD,Under way using engine,58.12421500,-135.47568500,175.0,8.7,AUKE BAY,2025-01-04 04:30:00,Passenger ship,4,85,19
2025-01-07 00:00:17,368067220,WDK5676,9812808,HUBBARD,Under way using engine,58.12378167,-135.47556333,171.2,8.6,AUKE BAY,2025-01-04 04:30:00,Passenger ship,4,85,19
2025-01-07 00:00:27,368067220,WDK5676,9812808,HUBBARD,Under way using engine,58.12339833,-135.47540000,167.1,8.5,AUKE BAY,2025-01-04 04:30:00,Passenger ship,4,85,19
2025-01-07 00:00:33,368067220,WDK5676,9812808,HUBBARD,Under way using engine,58.12317500,-135.47527333,164.3,8.4,AUKE BAY,2025-01-04 04:30:00,Passenger ship,4,85,19
2025-01-07 00:00:39,368067220,WDK5676,9812808,HUBBARD,Under way using engine,58.12292000,-135.47509833,161.2,8.4,AUKE BAY,2025-01-04 04:30:00,Passenger ship,4,85,19
2025-01-07 00:00:45,368067220,WDK5676,9812808,HUBBARD,Under way using engine,58.12270833,-135.47492333,158.0,8.3,AUKE BAY,2025-01-04 04:30:00,Passenger ship,4,85,19
2025-01-07 00:00:56,368067220,WDK5676,9812808,HUBBARD,Under way using engine,58.12236833,-135.47459500,152.9,8.2,AUKE BAY,2025-01-04 04:30:00,Passenger ship,4,85,19
2025-01-07 00:01:03,368067220,WDK5676,9812808,HUBBARD,Under way using engine,58.12214167,-135.47433333,149.3,8.2,AUKE BAY,2025-01-04 04:30:00,Passenger ship,4,85,19
2025-01-07 00:01:09,368067220,WDK5676,9812808,HUBBARD,Under way using engine,58.12192167,-135.47404500,145.9,8.2,AUKE BAY,2025-01-04 04:30:00,Passenger ship,4,85,19
2025-01-07 00:01:17,368067220,WDK5676,9812808,HUBBARD,Under way using engine,58.12170667,-135.47374000,143.6,8.3,AUKE BAY,2025-01-04 04:30:00,Passenger ship,4,85,19
2025-01-07 00:03:06,368067220,WDK5676,9812808,HUBBARD,Under way using engine,58.11840000,-135.46888500,140.8,8.3,HAINES,2025-01-07 23:15:00,Passenger ship,4,85,19
2025-01-07 00:04:17,368067220,WDK5676,9812808,HUBBARD,Under way using engine,58.11633167,-135.46568333,140.3,7.7,HAINES,2025-01-07 23:15:00,Passenger ship,4,85,19
2025-01-07 00:05:17,368067220,WDK5676,9812808,HUBBARD,Under way using engine,58.11470333,-135.46325167,142.8,7.2,HAINES,2025-01-07 23:15:00,Passenger ship,4,85,19
2025-01-07 00:05:56,368067220,WDK5676,9812808,HUBBARD,Under way using engine,58.11369500,-135.46177000,140.5,6.9,HAINES,2025-01-07 23:15:00,Passenger ship,4,85,19
2025-01-07 00:06:17,368067220,WDK5676,9812808,HUBBARD,Under way using engine,58.11320000,-135.46092167,136.4,6.8,HAINES,2025-01-07 23:15:00,Passenger ship,4,85,19
2025-01-07 00:06:27,368067220,WDK5676,9812808,HUBBARD,Under way using engine,58.11297833,-135.46049333,134.4,6.8,HAINES,2025-01-07 23:15:00,Passenger ship,4,85,19
2025-01-07 00:06:36,368067220,WDK5676,9812808,HUBBARD,Under way using engine,58.11277000,-135.46005667,132.2,6.7,HAINES,2025-01-07 23:15:00,Passenger ship,4,85,19
2025-01-07 00:06:46,368067220,WDK5676,9812808,HUBBARD,Under way using engine,58.11259833,-135.45965167,128.7,6.6,HAINES,2025-01-07 23:15:00,Passenger ship,4,85,19
2025-01-07 00:06:52,368067220,WDK5676,9812808,HUBBARD,Under way using engine,58.11248167,-135.45932667,125.1,6.4,HAINES,2025-01-07 23:15:00,Passenger ship,4,85,19
2025-01-07 00:07:02,368067220,WDK5676,9812808,HUBBARD,Under way using engine,58.11234333,-135.45884333,118.2,6.2,HAINES,2025-01-07 23:15:00,Passenger ship,4,85,19
2025-01-07 00:07:10,368067220,WDK5676,9812808,HUBBARD,Under way using engine,58.11227167,-135.45849833,112.4,6.1,HAINES,2025-01-07 23:15:00,Passenger ship,4,85,19
2025-01-07 00:07:15,368067220,WDK5676,9812808,HUBBARD,Under way using engine,58.11223000,-135.45819833,107.7,5.9,HAINES,2025-01-07 23:15:00,Passenger ship,4,85,19
2025-01-07 00:07:19,368067220,WDK5676,9812808,HUBBARD,Under way using engine,58.11221167,-135.45800000,103.8,5.8,HAINES,2025-01-07 23:15:00,Passenger ship,4,85,19
2025-01-07 00:07:29,368067220,WDK5676,9812808,HUBBARD,Under way using engine,58.11220167,-135.45751167,92.2,5.5,HAINES,2025-01-07 23:15:00,Passenger ship,4,85,19
2025-01-07 00:07:35,368067220,WDK5676,9812808,HUBBARD,Under way using engine,58.11220833,-135.45736833,88.9,5.5,HAINES,2025-01-07 23:15:00,Passenger ship,4,85,19
2025-01-07 00:07:46,368067220,WDK5676,9812808,HUBBARD,Under way using engine,58.11228667,-135.45679333,73.2,5.1,HAINES,2025-01-07 23:15:00,Passenger ship,4,85,19
2025-01-07 00:07:53,368067220,WDK5676,9812808,HUBBARD,Under way using engine,58.11236500,-135.45652333,63.1,5.0,HAINES,2025-01-07 23:15:00,Passenger ship,4,85,19
2025-01-07 00:07:59,368067220,WDK5676,9812808,HUBBARD,Under way using engine,58.11247000,-135.45629000,52.3,4.9,HAINES,2025-01-07 23:15:00,Passenger ship,4,85,19
2025-01-07 00:08:09,368067220,WDK5676,9812808,HUBBARD,Under way using engine,58.11265500,-135.45601667,39.6,5.0,HAINES,2025-01-07 23:15:00,Passenger ship,4,85,19
2025-01-07 00:08:13,368067220,WDK5676,9812808,HUBBARD,Under way using engine,58.11271500,-135.45594500,35.4,5.1,HAINES,2025-01-07 23:15:00,Passenger ship,4,85,19
2025-01-07 00:08:17,368067220,WDK5676,9812808,HUBBARD,Under way using engine,58.11277833,-135.45588000,33.4,5.1,HAINES,2025-01-07 23:15:00,Passenger ship,4,85,19
2025-01-07 00:08:23,368067220,WDK5676,9812808,HUBBARD,Under way using engine,58.11292333,-135.45575667,25.4,4.9,HAINES,2025-01-07 23:15:00,Passenger ship,4,85,19
2025-01-07 00:08:33,368067220,WDK5676,9812808,HUBBARD,Under way using engine,58.11313333,-135.45565333,14.7,4.6,HAINES,2025-01-07 23:15:00,Passenger ship,4,85,19
2025-01-07 00:08:39,368067220,WDK5676,9812808,HUBBARD,Under way using engine,58.11327500,-135.45561833,9.5,4.4,HAINES,2025-01-07 23:15:00,Passenger ship,4,85,19
2025-01-07 00:08:49,368067220,WDK5676,9812808,HUBBARD,Under way using engine,58.11346500,-135.45561333,1.0,4.1,HAINES,2025-01-07 23:15:00,Passenger ship,4,85,19
2025-01-07 00:08:59,368067220,WDK5676,9812808,HUBBARD,Under way using engine,58.11364500,-135.45564167,355.6,3.9,HAINES,2025-01-07 23:15:00,Passenger ship,4,85,19
2025-01-07 00:09:13,368067220,WDK5676,9812808,HUBBARD,Under way using engine,58.11386667,-135.45571667,349.2,3.7,HAINES,2025-01-07 23:15:00,Passenger ship,4,85,19
2025-01-07 00:09:27,368067220,WDK5676,9812808,HUBBARD,Under way using engine,58.11408500,-135.45583500,343.3,3.5,HAINES,2025-01-07 23:15:00,Passenger ship,4,85,19
2025-01-07 00:09:49,368067220,WDK5676,9812808,HUBBARD,Under way using engine,58.11442000,-135.45608333,337.5,3.3,HAINES,2025-01-07 23:15:00,Passenger ship,4,85,19
2025-01-07 00:10:45,368067220,WDK5676,9812808,HUBBARD,Under way using engine,58.11513167,-135.45674167,333.3,2.7,HAINES,2025-01-07 23:15:00,Passenger ship,4,85,19
2025-01-07 00:11:36,368067220,WDK5676,9812808,HUBBARD,Under way using engine,58.11564833,-135.45723667,333.2,2.2,HAINES,2025-01-07 23:15:00,Passenger ship,4,85,19
2025-01-07 00:11:55,368067220,WDK5676,9812808,HUBBARD,Under way using engine,58.11578833,-135.45738667,329.7,1.7,HAINES,2025-01-07 23:15:00,Passenger ship,4,85,19
2025-01-07 00:12:15,368067220,WDK5676,9812808,HUBBARD,Under way using engine,58.11587833,-135.45750833,320.5,1.0,HAINES,2025-01-07 23:15:00,Passenger ship,4,85,19
2025-01-07 00:12:36,368067220,WDK5676,9812808,HUBBARD,Under way using engine,58.11593667,-135.45758667,326.5,0.7,HAINES,2025-01-07 23:15:00,Passenger ship,4,85,19
2025-01-07 00:13:07,368067220,WDK5676,9812808,HUBBARD,Under way using engine,58.11601500,-135.45770167,311.1,0.5,HAINES,2025-01-07 23:15:00,Passenger ship,4,85,19
2025-01-07 00:16:26,368067220,WDK5676,9812808,HUBBARD,Under way using engine,58.11628500,-135.45790333,326.8,0.0,HAINES,2025-01-07 23:15:00,Passenger ship,4,85,19
2025-01-07 00:22:45,368067220,WDK5676,9812808,HUBBARD,Under way using engine,58.11632000,-135.45798667,50.3,0.0,HAINES,2025-01-07 23:15:00,Passenger ship,4,85,19
2025-01-07 00:28:45,368067220,WDK5676,9812808,HUBBARD,Under way using engine,58.11632000,-135.45798667,66.0,0.0,HAINES,2025-01-07 23:15:00,Passenger ship,4,85,19
2025-01-07 00:34:45,368067220,WDK5676,9812808,HUBBARD,Under way using engine,58.11631500,-135.45798667,76.1,0.0,HAINES,2025-01-07 23:15:00,Passenger ship,4,85,19
2025-01-07 00:40:46,368067220,WDK5676,9812808,HUBBARD,Under way using engine,58.11631333,-135.45798667,215.1,0.0,HAINES,2025-01-07 23:15:00,Passenger ship,4,85,19
2025-01-07 00:46:45,368067220,WDK5676,9812808,HUBBARD,Under way using engine,58.11632000,-135.45798500,238.6,0.0,HAINES,2025-01-07 23:15:00,Passenger ship,4,85,19
2025-01-07 00:52:45,368067220,WDK5676,9812808,HUBBARD,Under way using engine,58.11631833,-135.45798667,282.9,0.0,HAINES,2025-01-07 23:15:00,Passenger ship,4,85,19
2025-01-07 00:56:03,368067220,WDK5676,9812808,HUBBARD,Under way using engine,58.11634167,-135.45908333,287.1,2.5,HAINES,2025-01-07 23:15:00,Passenger ship,4,85,19
2025-01-07 00:56:14,368067220,WDK5676,9812808,HUBBARD,Under way using engine,58.11639333,-135.45938500,288.0,3.0,HAINES,2025-01-07 23:15:00,Passenger ship,4,85,19
2025-01-07 00:56:34,368067220,WDK5676,9812808,HUBBARD,Under way using engine,58.11648667,-135.45991000,288.8,3.6,HAINES,2025-01-07 23:15:00,Passenger ship,4,85,19
2025-01-07 00:56:54,368067220,WDK5676,9812808,HUBBARD,Under way using engine,58.11663167,-135.46065000,291.2,4.2,HAINES,2025-01-07 23:15:00,Passenger ship,4,85,19
2025-01-07 00:57:14,368067220,WDK5676,9812808,HUBBARD,Under way using engine,58.11680000,-135.46134167,295.5,4.7,HAINES,2025-01-07 23:15:00,Passenger ship,4,85,19
2025-01-07 00:57:33,368067220,WDK5676,9812808,HUBBARD,Under way using engine,58.11700833,-135.46210000,298.1,5.3,HAINES,2025-01-07 23:15:00,Passenger ship,4,85,19
2025-01-07 00:57:54,368067220,WDK5676,9812808,HUBBARD,Under way using engine,58.11730167,-135.46307333,300.1,5.9,HAINES,2025-01-07 23:15:00,Passenger ship,4,85,19
2025-01-07 00:58:14,368067220,WDK5676,9812808,HUBBARD,Under way using engine,58.11759167,-135.46398167,301.4,6.5,HAINES,2025-01-07 23:15:00,Passenger ship,4,85,19
2025-01-07 00:58:33,368067220,WDK5676,9812808,HUBBARD,Under way using engine,58.11791833,-135.46497167,301.9,7.1,HAINES,2025-01-07 23:15:00,Passenger ship,4,85,19
2025-01-07 00:58:54,368067220,WDK5676,9812808,HUBBARD,Under way using engine,58.11833667,-135.46622333,302.4,7.8,HAINES,2025-01-07 23:15:00,Passenger ship,4,85,19
2025-01-07 00:59:14,368067220,WDK5676,9812808,HUBBARD,Under way using engine,58.11872833,-135.46738000,302.8,8.3,HAINES,2025-01-07 23:15:00,Passenger ship,4,85,19
2025-01-07 00:59:43,368067220,WDK5676,9812808,HUBBARD,Under way using engine,58.11938667,-135.46931500,302.7,8.9,HAINES,2025-01-07 23:15:00,Passenger ship,4,85,19
2025-01-07 01:00:13,368067220,WDK5676,9812808,HUBBARD,Under way using engine,58.12009333,-135.47135833,303.7,9.4,HAINES,2025-01-07 23:15:00,Passenger ship,4,85,19
2025-01-07 01:00:23,368067220,WDK5676,9812808,HUBBARD,Under way using engine,58.12035500,-135.47203667,306.0,9.6,HAINES,2025-01-07 23:15:00,Passenger ship,4,85,19
2025-01-07 01:00:33,368067220,WDK5676,9812808,HUBBARD,Under way using engine,58.12061000,-135.47262500,309.1,9.6,HAINES,2025-01-07 23:15:00,Passenger ship,4,85,19
2025-01-07 01:00:43,368067220,WDK5676,9812808,HUBBARD,Under way using engine,58.12095000,-135.47330667,313.0,9.7,HAINES,2025-01-07 23:15:00,Passenger ship,4,85,19
2025-01-07 01:00:54,368067220,WDK5676,9812808,HUBBARD,Under way using engine,58.12132000,-135.47393333,317.9,9.7,HAINES,2025-01-07 23:15:00,Passenger ship,4,85,19
2025-01-07 01:01:01,368067220,WDK5676,9812808,HUBBARD,Under way using engine,58.12153500,-135.47424833,321.1,9.8,HAINES,2025-01-07 23:15:00,Passenger ship,4,85,19
2025-01-07 01:01:07,368067220,WDK5676,9812808,HUBBARD,Under way using engine,58.12175833,-135.47454167,324.1,9.8,HAINES,2025-01-07 23:15:00,Passenger ship,4,85,19
2025-01-07 01:01:13,368067220,WDK5676,9812808,HUBBARD,Under way using engine,58.12202833,-135.47485667,327.0,9.8,HAINES,2025-01-07 23:15:00,Passenger ship,4,85,19
2025-01-07 01:01:23,368067220,WDK5676,9812808,HUBBARD,Under way using engine,58.12242667,-135.47524833,331.9,9.7,HAINES,2025-01-07 23:15:00,Passenger ship,4,85,19
2025-01-07 01:01:33,368067220,WDK5676,9812808,HUBBARD,Under way using engine,58.12279667,-135.47554500,336.6,9.6,HAINES,2025-01-07 23:15:00,Passenger ship,4,85,19
2025-01-07 01:01:37,368067220,WDK5676,9812808,HUBBARD,Under way using engine,58.12300500,-135.47568500,338.7,9.6,HAINES,2025-01-07 23:15:00,Passenger ship,4,85,19
2025-01-07 01:01:43,368067220,WDK5676,9812808,HUBBARD,Under way using engine,58.12325833,-135.47583000,341.6,9.5,HAINES,2025-01-07 23:15:00,Passenger ship,4,85,19
2025-01-07 01:01:54,368067220,WDK5676,9812808,HUBBARD,Under way using engine,58.12372667,-135.47603000,346.9,9.4,HAINES,2025-01-07 23:15:00,Passenger ship,4,85,19
2025-01-07 01:02:03,368067220,WDK5676,9812808,HUBBARD,Under way using engine,58.12407000,-135.47612500,351.1,9.3,HAINES,2025-01-07 23:15:00,Passenger ship,4,85,19
2025-01-07 01:02:13,368067220,WDK5676,9812808,HUBBARD,Under way using engine,58.12453833,-135.47619667,355.0,9.2,HAINES,2025-01-07 23:15:00,Passenger ship,4,85,19
2025-01-07 01:02:23,368067220,WDK5676,9812808,HUBBARD,Under way using engine,58.12496333,-135.47623167,357.1,9.2,HAINES,2025-01-07 23:15:00,Passenger ship,4,85,19
2025-01-07 01:02:54,368067220,WDK5676,9812808,HUBBARD,Under way using engine,58.12629167,-135.47627000,359.5,9.3,HAINES,2025-01-07 23:15:00,Passenger ship,4,85,19
2025-01-07 01:05:14,368067220,WDK5676,9812808,HUBBARD,Under way using engine,58.13242833,-135.47637167,2.2,9.8,HAINES,2025-01-07 23:15:00,Passenger ship,4,85,19
2025-01-07 01:05:24,368067220,WDK5676,9812808,HUBBARD,Under way using engine,58.13284833,-135.47629000,5.7,10.1,HAINES,2025-01-07 23:15:00,Passenger ship,4,85,19
2025-01-07 01:05:34,368067220,WDK5676,9812808,HUBBARD,Under way using engine,58.13332000,-135.47613667,9.7,10.3,HAINES,2025-01-07 23:15:00,Passenger ship,4,85,19
2025-01-07 01:05:40,368067220,WDK5676,9812808,HUBBARD,Under way using engine,58.13364833,-135.47598500,12.4,10.4,HAINES,2025-01-07 23:15:00,Passenger ship,4,85,19
2025-01-07 01:05:50,368067220,WDK5676,9812808,HUBBARD,Under way using engine,58.13411667,-135.47570167,17.2,10.5,HAINES,2025-01-07 23:15:00,Passenger ship,4,85,19
2025-01-07 01:05:54,368067220,WDK5676,9812808,HUBBARD,Under way using engine,58.13430000,-135.47556667,19.2,10.6,HAINES,2025-01-07 23:15:00,Passenger ship,4,85,19
2025-01-07 01:06:04,368067220,WDK5676,9812808,HUBBARD,Under way using engine,58.13470667,-135.47522333,23.7,10.7,HAINES,2025-01-07 23:15:00,Passenger ship,4,85,19
2025-01-07 01:06:10,368067220,WDK5676,9812808,HUBBARD,Under way using engine,58.13501500,-135.47491333,26.7,10.7,HAINES,2025-01-07 23:15:00,Passenger ship,4,85,19
2025-01-07 01:06:20,368067220,WDK5676,9812808,HUBBARD,Under way using engine,58.13543333,-135.47440833,31.8,10.7,HAINES,2025-01-07 23:15:00,Passenger ship,4,85,19
2025-01-07 01:06:24,368067220,WDK5676,9812808,HUBBARD,Under way using engine,58.13559500,-135.47418833,34.3,10.7,HAINES,2025-01-07 23:15:00,Passenger ship,4,85,19
2025-01-07 01:06:30,368067220,WDK5676,9812808,HUBBARD,Under way using engine,58.13583000,-135.47383667,36.7,10.7,HAINES,2025-01-07 23:15:00,Passenger ship,4,85,19
2025-01-07 01:06:34,368067220,WDK5676,9812808,HUBBARD,Under way using engine,58.13594500,-135.47364833,38.8,10.8,HAINES,2025-01-07 23:15:00,Passenger ship,4,85,19
2025-01-07 01:06:40,368067220,WDK5676,9812808,HUBBARD,Under way using engine,58.13620833,-135.47318500,41.8,11.0,HAINES,2025-01-07 23:15:00,Passenger ship,4,85,19
2025-01-07 01:06:50,368067220,WDK5676,9812808,HUBBARD,Under way using engine,58.13656667,-135.47245500,46.6,11.3,HAINES,2025-01-07 23:15:00,Passenger ship,4,85,19
2025-01-07 01:07:00,368067220,WDK5676,9812808,HUBBARD,Under way using engine,58.13689333,-135.47166000,51.6,11.5,HAINES,2025-01-07 23:15:00,Passenger ship,4,85,19
2025-01-07 01:07:10,368067220,WDK5676,9812808,HUBBARD,Under way using engine,58.13720833,-135.47082000,54.2,11.7,HAINES,2025-01-07 23:15:00,Passenger ship,4,85,19
2025-01-07 01:07:20,368067220,WDK5676,9812808,HUBBARD,Under way using engine,58.13754167,-135.46990500,55.3,12.6,HAINES,2025-01-07 23:15:00,Passenger ship,4,85,19
2025-01-07 01:07:30,368067220,WDK5676,9812808,HUBBARD,Under way using engine,58.13789333,-135.46892167,55.8,13.5,HAINES,2025-01-07 23:15:00,Passenger ship,4,85,19
2025-01-07 01:07:44,368067220,WDK5676,9812808,HUBBARD,Under way using engine,58.13841167,-135.46748667,55.6,14.2,HAINES,2025-01-07 23:15:00,Passenger ship,4,85,19
2025-01-07 01:08:19,368067220,WDK5676,9812808,HUBBARD,Under way using engine,58.13973167,-135.46374833,56.5,14.8,HAINES,2025-01-07 23:15:00,Passenger ship,4,85,19
2025-01-07 01:13:20,368067220,WDK5676,9812808,HUBBARD,Under way using engine,58.15080833,-135.43126833,57.9,14.9,HAINES,2025-01-07 23:15:00,Passenger ship,4,85,19
2025-01-07 01:16:44,368067220,WDK5676,9812808,HUBBARD,Under way using engine,58.15836167,-135.40852500,61.5,15.1,HAINES,2025-01-07 23:15:00,Passenger ship,4,85,19
2025-01-07 01:16:49,368067220,WDK5676,9812808,HUBBARD,Under way using engine,58.15854500,-135.40781167,63.5,15.1,HAINES,2025-01-07 23:15:00,Passenger ship,4,85,19
2025-01-07 01:16:58,368067220,WDK5676,9812808,HUBBARD,Under way using engine,58.15876000,-135.40684167,66.7,15.0,HAINES,2025-01-07 23:15:00,Passenger ship,4,85,19
2025-01-07 01:17:06,368067220,WDK5676,9812808,HUBBARD,Under way using engine,58.15894333,-135.40585000,70.3,14.9,HAINES,2025-01-07 23:15:00,Passenger ship,4,85,19
2025-01-07 01:17:15,368067220,WDK5676,9812808,HUBBARD,Under way using engine,58.15912000,-135.40458833,75.1,14.9,HAINES,2025-01-07 23:15:00,Passenger ship,4,85,19
2025-01-07 01:17:24,368067220,WDK5676,9812808,HUBBARD,Under way using engine,58.15922167,-135.40356333,78.9,14.9,HAINES,2025-01-07 23:15:00,Passenger ship,4,85,19
2025-01-07 01:17:28,368067220,WDK5676,9812808,HUBBARD,Under way using engine,58.15925833,-135.40304500,80.9,14.9,HAINES,2025-01-07 23:15:00,Passenger ship,4,85,19
2025-01-07 01:17:32,368067220,WDK5676,9812808,HUBBARD,Under way using engine,58.15928500,-135.40252667,83.0,14.9,HAINES,2025-01-07 23:15:00,Passenger ship,4,85,19
2025-01-07 01:17:36,368067220,WDK5676,9812808,HUBBARD,Under way using engine,58.15930167,-135.40200667,85.0,14.8,HAINES,2025-01-07 23:15:00,Passenger ship,4,85,19
2025-01-07 01:17:44,368067220,WDK5676,9812808,HUBBARD,Under way using engine,58.15930333,-135.40096500,89.1,14.8,HAINES,2025-01-07 23:15:00,Passenger ship,4,85,19
2025-01-07 01:17:48,368067220,WDK5676,9812808,HUBBARD,Under way using engine,58.15929000,-135.40044500,91.2,14.8,HAINES,2025-01-07 23:15:00,Passenger ship,4,85,19
2025-01-07 01:17:56,368067220,WDK5676,9812808,HUBBARD,Under way using engine,58.15924000,-135.39941333,94.6,14.8,HAINES,2025-01-07 23:15:00,Passenger ship,4,85,19
2025-01-07 01:18:10,368067220,WDK5676,9812808,HUBBARD,Under way using engine,58.15912000,-135.39748167,96.7,14.8,HAINES,2025-01-07 23:15:00,Passenger ship,4,85,19
2025-01-07 01:23:13,368067220,WDK5676,9812808,HUBBARD,Under way using engine,58.15666667,-135.35781500,95.7,15.0,HAINES,2025-01-07 23:15:00,Passenger ship,4,85,19
2025-01-07 01:28:13,368067220,WDK5676,9812808,HUBBARD,Under way using engine,58.15473167,-135.31905333,95.2,14.7,HAINES,2025-01-07 23:15:00,Passenger ship,4,85,19
2025-01-07 01:33:14,368067220,WDK5676,9812808,HUBBARD,Under way using engine,58.15304000,-135.28102333,94.8,14.4,HAINES,2025-01-07 23:15:00,Passenger ship,4,85,19
2025-01-07 01:38:14,368067220,WDK5676,9812808,HUBBARD,Under way using engine,58.15137000,-135.24305000,94.7,14.5,HAINES,2025-01-07 23:15:00,Passenger ship,4,85,19
2025-01-07 01:39:32,368067220,WDK5676,9812808,HUBBARD,Under way using engine,58.15097000,-135.23328333,91.7,14.4,HAINES,2025-01-07 23:15:00,Passenger ship,4,85,19
2025-01-07 01:39:38,368067220,WDK5676,9812808,HUBBARD,Under way using engine,58.15098000,-135.23252667,89.5,14.4,HAINES,2025-01-07 23:15:00,Passenger ship,4,85,19
2025-01-07 01:39:46,368067220,WDK5676,9812808,HUBBARD,Under way using engine,58.15101833,-135.23151333,86.3,14.5,HAINES,2025-01-07 23:15:00,Passenger ship,4,85,19
2025-01-07 01:39:56,368067220,WDK5676,9812808,HUBBARD,Under way using engine,58.15111500,-135.23011667,82.7,14.6,HAINES,2025-01-07 23:15:00,Passenger ship,4,85,19
2025-01-07 01:44:13,368067220,WDK5676,9812808,HUBBARD,Under way using engine,58.15312333,-135.19691167,85.0,14.7,HAINES,2025-01-07 23:15:00,Passenger ship,4,85,19
2025-01-07 01:46:56,368067220,WDK5676,9812808,HUBBARD,Under way using engine,58.15387667,-135.17592167,87.3,14.8,HAINES,2025-01-07 23:15:00,Passenger ship,4,85,19
2025-01-07 01:49:14,368067220,WDK5676,9812808,HUBBARD,Under way using engine,58.15447333,-135.15813500,85.1,15.0,HAINES,2025-01-07 23:15:00,Passenger ship,4,85,19
2025-01-07 01:52:08,368067220,WDK5676,9812808,HUBBARD,Under way using engine,58.15535333,-135.13526500,87.1,15.0,HAINES,2025-01-07 23:15:00,Passenger ship,4,85,19
2025-01-07 01:52:43,368067220,WDK5676,9812808,HUBBARD,Under way using engine,58.15553167,-135.13067333,85.0,15.0,HAINES,2025-01-07 23:15:00,Passenger ship,4,85,19
2025-01-07 01:57:49,368067220,WDK5676,9812808,HUBBARD,Under way using engine,58.15718500,-135.09049333,85.6,15.2,HAINES,2025-01-07 23:15:00,Passenger ship,4,85,19
2025-01-07 02:02:49,368067220,WDK5676,9812808,HUBBARD,Under way using engine,58.15875167,-135.05041667,85.0,15.4,HAINES,2025-01-07 23:15:00,Passenger ship,4,85,19
2025-01-07 02:04:01,368067220,WDK5676,9812808,HUBBARD,Under way using engine,58.15921333,-135.04079167,81.9,15.1,HAINES,2025-01-07 23:15:00,Passenger ship,4,85,19
2025-01-07 02:04:07,368067220,WDK5676,9812808,HUBBARD,Under way using engine,58.15929333,-135.04001500,79.5,15.1,HAINES,2025-01-07 23:15:00,Passenger ship,4,85,19
2025-01-07 02:04:14,368067220,WDK5676,9812808,HUBBARD,Under way using engine,58.15939333,-135.03924833,76.9,15.0,HAINES,2025-01-07 23:15:00,Passenger ship,4,85,19
2025-01-07 02:04:18,368067220,WDK5676,9812808,HUBBARD,Under way using engine,58.15947333,-135.03874500,74.9,15.0,HAINES,2025-01-07 23:15:00,Passenger ship,4,85,19
2025-01-07 02:04:26,368067220,WDK5676,9812808,HUBBARD,Under way using engine,58.15965833,-135.03775833,71.0,14.9,HAINES,2025-01-07 23:15:00,Passenger ship,4,85,19
2025-01-07 02:04:30,368067220,WDK5676,9812808,HUBBARD,Under way using engine,58.15979167,-135.03715833,68.9,14.9,HAINES,2025-01-07 23:15:00,Passenger ship,4,85,19
2025-01-07 02:04:38,368067220,WDK5676,9812808,HUBBARD,Under way using engine,58.16003500,-135.03622333,64.8,14.9,HAINES,2025-01-07 23:15:00,Passenger ship,4,85,19
2025-01-07 02:04:42,368067220,WDK5676,9812808,HUBBARD,Under way using engine,58.16016833,-135.03577000,62.7,14.8,HAINES,2025-01-07 23:15:00,Passenger ship,4,85,19
2025-01-07 02:04:50,368067220,WDK5676,9812808,HUBBARD,Under way using engine,58.16046000,-135.03489167,58.8,14.8,HAINES,2025-01-07 23:15:00,Passenger ship,4,85,19
2025-01-07 02:04:58,368067220,WDK5676,9812808,HUBBARD,Under way using engine,58.16077833,-135.03405167,55.1,14.8,HAINES,2025-01-07 23:15:00,Passenger ship,4,85,19
2025-01-07 02:05:02,368067220,WDK5676,9812808,HUBBARD,Under way using engine,58.16090500,-135.03374667,53.4,14.7,HAINES,2025-01-07 23:15:00,Passenger ship,4,85,19
2025-01-07 02:05:06,368067220,WDK5676,9812808,HUBBARD,Under way using engine,58.16038500,-135.03510833,59.6,14.8,HAINES,2025-01-07 23:15:00,Passenger ship,4,85,19
2025-01-07 02:05:14,368067220,WDK5676,9812808,HUBBARD,Under way using engine,58.16149500,-135.03250500,47.7,14.7,HAINES,2025-01-07 23:15:00,Passenger ship,4,85,19
2025-01-07 02:05:22,368067220,WDK5676,9812808,HUBBARD,Under way using engine,58.16184000,-135.03188833,43.9,14.6,HAINES,2025-01-07 23:15:00,Passenger ship,4,85,19
2025-01-07 02:05:26,368067220,WDK5676,9812808,HUBBARD,Under way using engine,58.16204667,-135.03155667,41.9,14.6,HAINES,2025-01-07 23:15:00,Passenger ship,4,85,19
2025-01-07 02:05:34,368067220,WDK5676,9812808,HUBBARD,Under way using engine,58.16247500,-135.03093500,37.8,14.6,HAINES,2025-01-07 23:15:00,Passenger ship,4,85,19
2025-01-07 02:05:43,368067220,WDK5676,9812808,HUBBARD,Under way using engine,58.16304167,-135.03024333,33.3,14.6,HAINES,2025-01-07 23:15:00,Passenger ship,4,85,19
2025-01-07 02:05:47,368067220,WDK5676,9812808,HUBBARD,Under way using engine,58.16327667,-135.02999333,30.6,14.6,HAINES,2025-01-07 23:15:00,Passenger ship,4,85,19
2025-01-07 02:05:56,368067220,WDK5676,9812808,HUBBARD,Under way using engine,58.16382167,-135.02948667,26.8,14.6,HAINES,2025-01-07 23:15:00,Passenger ship,4,85,19
2025-01-07 02:06:00,368067220,WDK5676,9812808,HUBBARD,Under way using engine,58.16400833,-135.02933833,24.7,14.6,HAINES,2025-01-07 23:15:00,Passenger ship,4,85,19
2025-01-07 02:06:08,368067220,WDK5676,9812808,HUBBARD,Under way using engine,58.16451667,-135.02897167,21.2,14.7,HAINES,2025-01-07 23:15:00,Passenger ship,4,85,19
2025-01-07 02:06:20,368067220,WDK5676,9812808,HUBBARD,Under way using engine,58.16529500,-135.02846167,19.0,14.8,HAINES,2025-01-07 23:15:00,Passenger ship,4,85,19
2025-01-07 02:09:49,368067220,WDK5676,9812808,HUBBARD,Under way using engine,58.17911833,-135.01960000,17.0,14.9,HAINES,2025-01-07 23:15:00,Passenger ship,4,85,19
2025-01-07 02:10:19,368067220,WDK5676,9812808,HUBBARD,Under way using engine,58.18113167,-135.01854333,15.0,15.1,HAINES,2025-01-07 23:15:00,Passenger ship,4,85,19
2025-01-07 02:15:19,368067220,WDK5676,9812808,HUBBARD,Under way using engine,58.20161333,-135.00834667,14.2,15.2,HAINES,2025-01-07 23:15:00,Passenger ship,4,85,19
2025-01-07 02:16:44,368067220,WDK5676,9812808,HUBBARD,Under way using engine,58.20730833,-135.00557500,12.0,15.0,HAINES,2025-01-07 23:15:00,Passenger ship,4,85,19
2025-01-07 02:16:49,368067220,WDK5676,9812808,HUBBARD,Under way using engine,58.20771833,-135.00544500,10.0,15.0,HAINES,2025-01-07 23:15:00,Passenger ship,4,85,19
2025-01-07 02:16:56,368067220,WDK5676,9812808,HUBBARD,Under way using engine,58.20813000,-135.00534333,8.0,14.9,HAINES,2025-01-07 23:15:00,Passenger ship,4,85,19
2025-01-07 02:17:02,368067220,WDK5676,9812808,HUBBARD,Under way using engine,58.20861333,-135.00526000,6.0,14.9,HAINES,2025-01-07 23:15:00,Passenger ship,4,85,19
2025-01-07 02:17:14,368067220,WDK5676,9812808,HUBBARD,Under way using engine,58.20944833,-135.00515833,3.7,15.1,HAINES,2025-01-07 23:15:00,Passenger ship,4,85,19
2025-01-07 02:21:20,368067220,WDK5676,9812808,HUBBARD,Under way using engine,58.22683000,-135.00335333,2.7,15.6,HAINES,2025-01-07 23:15:00,Passenger ship,4,85,19
2025-01-07 02:26:25,368067220,WDK5676,9812808,HUBBARD,Under way using engine,58.24890000,-135.00159167,2.5,15.6,HAINES,2025-01-07 23:15:00,Passenger ship,4,85,19
2025-01-07 02:31:26,368067220,WDK5676,9812808,HUBBARD,Under way using engine,58.27048500,-134.99991333,1.9,15.5,HAINES,2025-01-07 23:15:00,Passenger ship,4,85,19
2025-01-07 02:36:26,368067220,WDK5676,9812808,HUBBARD,Under way using engine,58.29194167,-134.99828333,2.2,15.4,HAINES,2025-01-07 23:15:00,Passenger ship,4,85,19
2025-01-07 02:36:38,368067220,WDK5676,9812808,HUBBARD,Under way using engine,58.29272500,-134.99821833,2.4,15.4,HAINES,2025-01-07 23:15:00,Passenger ship,4,85,19
2025-01-07 02:36:43,368067220,WDK5676,9812808,HUBBARD,Under way using engine,58.29194167,-134.99828333,2.2,15.4,HAINES,2025-01-07 23:15:00,Passenger ship,4,85,19
2025-01-07 02:36:56,368067220,WDK5676,9812808,HUBBARD,Under way using engine,58.29408000,-134.99810333,2.5,15.4,HAINES,2025-01-07 23:15:00,Passenger ship,4,85,19
2025-01-07 02:42:08,368067220,WDK5676,9812808,HUBBARD,Under way using engine,58.31621500,-134.99636500,2.7,15.3,HAINES,2025-01-07 23:15:00,Passenger ship,4,85,19
2025-01-07 02:45:20,368067220,WDK5676,9812808,HUBBARD,Under way using engine,58.32985833,-134.99557500,0.6,15.4,HAINES,2025-01-07 23:15:00,Passenger ship,4,85,19
2025-01-07 02:50:20,368067220,WDK5676,9812808,HUBBARD,Under way using engine,58.35138500,-134.99518000,0.7,15.2,HAINES,2025-01-07 23:15:00,Passenger ship,4,85,19
2025-01-07 02:54:26,368067220,WDK5676,9812808,HUBBARD,Under way using engine,58.36871167,-134.99432667,3.2,15.4,HAINES,2025-01-07 23:15:00,Passenger ship,4,85,19
2025-01-07 02:54:37,368067220,WDK5676,9812808,HUBBARD,Under way using engine,58.36948833,-134.99415167,6.5,15.3,HAINES,2025-01-07 23:15:00,Passenger ship,4,85,19
2025-01-07 02:54:49,368067220,WDK5676,9812808,HUBBARD,Under way using engine,58.37032500,-134.99388333,9.4,15.3,HAINES,2025-01-07 23:15:00,Passenger ship,4,85,19
2025-01-07 02:59:50,368067220,WDK5676,9812808,HUBBARD,Under way using engine,58.39140667,-134.98614167,10.7,15.5,HAINES,2025-01-07 23:15:00,Passenger ship,4,85,19
2025-01-07 00:02:33,368183080,WDL9880,,CHIKAMIN,,58.11622833,-135.45510667,234.9,0.0,,,Pleasure craft,,20,6
2025-01-07 00:08:34,368183080,WDL9880,,CHIKAMIN,,58.11620000,-135.45514500,237.6,0.0,,,Pleasure craft,,20,6
2025-01-07 00:14:33,368183080,WDL9880,,CHIKAMIN,,58.11622500,-135.45509167,234.4,0.0,,,Pleasure craft,,20,6
2025-01-07 00:20:33,368183080,WDL9880,,CHIKAMIN,,58.11619000,-135.45517000,228.8,0.0,,,Pleasure craft,,20,6
2025-01-07 00:26:33,368183080,WDL9880,,CHIKAMIN,,58.11621167,-135.45513000,228.4,0.0,,,Pleasure craft,,20,6
2025-01-07 00:32:34,368183080,WDL9880,,CHIKAMIN,,58.11623000,-135.45511500,236.2,0.0,,,Pleasure craft,,20,6
2025-01-07 00:38:34,368183080,WDL9880,,CHIKAMIN,,58.11623000,-135.45514167,265.3,0.0,,,Pleasure craft,,20,6
2025-01-07 00:44:33,368183080,WDL9880,,CHIKAMIN,,58.11624833,-135.45507167,281.4,0.0,,,Pleasure craft,,20,6
2025-01-07 00:50:33,368183080,WDL9880,,CHIKAMIN,,58.11622000,-135.45511833,277.3,0.0,,,Pleasure craft,,20,6
2025-01-07 00:56:33,368183080,WDL9880,,CHIKAMIN,,58.11621333,-135.45513333,259.6,0.0,,,Pleasure craft,,20,6
2025-01-07 01:02:35,368183080,WDL9880,,CHIKAMIN,,58.11622500,-135.45518000,267.9,0.0,,,Pleasure craft,,20,6
2025-01-07 01:08:33,368183080,WDL9880,,CHIKAMIN,,58.11622667,-135.45514333,289.6,0.0,,,Pleasure craft,,20,6
2025-01-07 01:20:35,368183080,WDL9880,,CHIKAMIN,,58.11623500,-135.45513333,277.4,0.0,,,Pleasure craft,,20,6
2025-01-07 01:26:34,368183080,WDL9880,,CHIKAMIN,,58.11623000,-135.45508833,273.3,0.0,,,Pleasure craft,,20,6
2025-01-07 01:32:33,368183080,WDL9880,,CHIKAMIN,,58.11622333,-135.45509833,266.5,0.0,,,Pleasure craft,,20,6
2025-01-07 01:44:33,368183080,WDL9880,,CHIKAMIN,,58.11618833,-135.45514333,208.0,0.0,,,Pleasure craft,,20,6
2025-01-07 01:50:32,368183080,WDL9880,,CHIKAMIN,,58.11621667,-135.45516833,148.1,0.0,,,Pleasure craft,,20,6
2025-01-07 01:53:33,368183080,WDL9880,,CHIKAMIN,,58.11621833,-135.45512833,134.2,0.0,,,Pleasure craft,,20,6
2025-01-07 02:02:32,368183080,WDL9880,,CHIKAMIN,,58.11617500,-135.45517333,71.2,0.0,,,Pleasure craft,,20,6
2025-01-07 02:08:34,368183080,WDL9880,,CHIKAMIN,,58.11618667,-135.45518333,25.5,0.0,,,Pleasure craft,,20,6
2025-01-07 02:14:32,368183080,WDL9880,,CHIKAMIN,,58.11621833,-135.45514500,276.6,0.0,,,Pleasure craft,,20,6
2025-01-07 02:20:34,368183080,WDL9880,,CHIKAMIN,,58.11621333,-135.45514667,264.5,0.0,,,Pleasure craft,,20,6
2025-01-07 02:32:33,368183080,WDL9880,,CHIKAMIN,,58.11621833,-135.45514000,225.5,0.0,,,Pleasure craft,,20,6
2025-01-07 02:38:32,368183080,WDL9880,,CHIKAMIN,,58.11625833,-135.45509167,213.9,0.0,,,Pleasure craft,,20,6
2025-01-07 02:44:37,368183080,WDL9880,,CHIKAMIN,,58.11620833,-135.45511333,207.7,0.0,,,Pleasure craft,,20,6
2025-01-07 02:56:32,368183080,WDL9880,,CHIKAMIN,,58.11622667,-135.45512833,187.3,0.0,,,Pleasure craft,,20,6
2025-01-07 03:11:37,368183080,WDL9880,,CHIKAMIN,,58.11620500,-135.45510833,25.8,0.0,,,Pleasure craft,,20,6
2025-01-07 03:14:34,368183080,WDL9880,,CHIKAMIN,,58.11615167,-135.45523667,25.5,0.0,,,Pleasure craft,,20,6
2025-01-07 03:26:32,368183080,WDL9880,,CHIKAMIN,,58.11621833,-135.45511000,12.2,0.0,,,Pleasure craft,,20,6
2025-01-07 03:32:33,368183080,WDL9880,,CHIKAMIN,,58.11620000,-135.45514667,21.5,0.0,,,Pleasure craft,,20,6
2025-01-07 03:38:33,368183080,WDL9880,,CHIKAMIN,,58.11622833,-135.45516500,15.5,0.0,,,Pleasure craft,,20,6
2025-01-07 03:56:32,368183080,WDL9880,,CHIKAMIN,,58.11620500,-135.45513167,310.3,0.0,,,Pleasure craft,,20,6
2025-01-07 04:11:38,368183080,WDL9880,,CHIKAMIN,,58.11622333,-135.45518000,314.1,0.0,,,Pleasure craft,,20,6
2025-01-07 04:32:34,368183080,WDL9880,,CHIKAMIN,,58.11619000,-135.45515333,9.2,0.0,,,Pleasure craft,,20,6
2025-01-07 04:38:33,368183080,WDL9880,,CHIKAMIN,,58.11621000,-135.45518167,5.5,0.0,,,Pleasure craft,,20,6
2025-01-07 04:44:32,368183080,WDL9880,,CHIKAMIN,,58.11618833,-135.45512500,355.1,0.0,,,Pleasure craft,,20,6
2025-01-07 04:47:34,368183080,WDL9880,,CHIKAMIN,,58.11620333,-135.45510667,346.4,0.0,,,Pleasure craft,,20,6
2025-01-07 05:14:33,368183080,WDL9880,,CHIKAMIN,,58.11621333,-135.45513167,325.6,0.0,,,Pleasure craft,,20,6
2025-01-07 05:50:37,368183080,WDL9880,,CHIKAMIN,,58.11618333,-135.45512667,238.8,0.0,,,Pleasure craft,,20,6
2025-01-07 06:11:36,368183080,WDL9880,,CHIKAMIN,,58.11620333,-135.45509167,229.1,0.0,,,Pleasure craft,,20,6
2025-01-07 06:26:34,368183080,WDL9880,,CHIKAMIN,,58.11620833,-135.45510333,225.6,0.0,,,Pleasure craft,,20,6
2025-01-07 07:14:33,368183080,WDL9880,,CHIKAMIN,,58.11621500,-135.45512667,347.0,0.0,,,Pleasure craft,,20,6
2025-01-07 07:20:33,368183080,WDL9880,,CHIKAMIN,,58.11622000,-135.45513000,338.6,0.0,,,Pleasure craft,,20,6
2025-01-07 07:53:35,368183080,WDL9880,,CHIKAMIN,,58.11620000,-135.45513833,332.9,0.0,,,Pleasure craft,,20,6
2025-01-07 08:02:33,368183080,WDL9880,,CHIKAMIN,,58.11617667,-135.45512333,331.0,0.0,,,Pleasure craft,,20,6
2025-01-07 08:08:35,368183080,WDL9880,,CHIKAMIN,,58.11619000,-135.45511833,328.6,0.0,,,Pleasure craft,,20,6
2025-01-07 08:23:33,368183080,WDL9880,,CHIKAMIN,,58.11622000,-135.45512167,246.4,0.0,,,Pleasure craft,,20,6
2025-01-07 08:47:33,368183080,WDL9880,,CHIKAMIN,,58.11618500,-135.45518500,240.0,0.0,,,Pleasure craft,,20,6
2025-01-07 09:14:33,368183080,WDL9880,,CHIKAMIN,,58.11617167,-135.45507833,303.9,0.0,,,Pleasure craft,,20,6
2025-01-07 09:41:33,368183080,WDL9880,,CHIKAMIN,,58.11619833,-135.45508667,300.6,0.0,,,Pleasure craft,,20,6
2025-01-07 10:05:33,368183080,WDL9880,,CHIKAMIN,,58.11617333,-135.45511167,300.5,0.0,,,Pleasure craft,,20,6
2025-01-07 10:29:32,368183080,WDL9880,,CHIKAMIN,,58.11618167,-135.45511000,312.6,0.0,,,Pleasure craft,,20,6
2025-01-07 10:35:33,368183080,WDL9880,,CHIKAMIN,,58.11619500,-135.45515667,323.8,0.0,,,Pleasure craft,,20,6
2025-01-07 10:38:34,368183080,WDL9880,,CHIKAMIN,,58.11618167,-135.45513000,318.1,0.0,,,Pleasure craft,,20,6
2025-01-07 10:47:32,368183080,WDL9880,,CHIKAMIN,,58.11620167,-135.45510833,245.4,0.0,,,Pleasure craft,,20,6
2025-01-07 11:05:35,368183080,WDL9880,,CHIKAMIN,,58.11620667,-135.45510667,289.4,0.0,,,Pleasure craft,,20,6
2025-01-07 11:08:33,368183080,WDL9880,,CHIKAMIN,,58.11624667,-135.45514500,293.9,0.0,,,Pleasure craft,,20,6
2025-01-07 11:26:33,368183080,WDL9880,,CHIKAMIN,,58.11622000,-135.45511167,288.4,0.0,,,Pleasure craft,,20,6
2025-01-07 11:29:33,368183080,WDL9880,,CHIKAMIN,,58.11620833,-135.45512500,278.9,0.0,,,Pleasure craft,,20,6
2025-01-07 11:50:33,368183080,WDL9880,,CHIKAMIN,,58.11619833,-135.45515333,219.6,0.0,,,Pleasure craft,,20,6
2025-01-07 12:02:32,368183080,WDL9880,,CHIKAMIN,,58.11626667,-135.45503333,198.5,0.0,,,Pleasure craft,,20,6
2025-01-07 12:05:37,368183080,WDL9880,,CHIKAMIN,,58.11618333,-135.45512833,181.9,0.0,,,Pleasure craft,,20,6
2025-01-07 12:29:34,368183080,WDL9880,,CHIKAMIN,,58.11620000,-135.45511333,219.0,0.0,,,Pleasure craft,,20,6
2025-01-07 12:35:33,368183080,WDL9880,,CHIKAMIN,,58.11620500,-135.45510833,215.5,0.0,,,Pleasure craft,,20,6
2025-01-07 13:53:34,368183080,WDL9880,,CHIKAMIN,,58.11620500,-135.45513167,271.8,0.0,,,Pleasure craft,,20,6
2025-01-07 14:08:35,368183080,WDL9880,,CHIKAMIN,,58.11620667,-135.45513167,245.4,0.0,,,Pleasure craft,,20,6
2025-01-07 14:17:33,368183080,WDL9880,,CHIKAMIN,,58.11621500,-135.45511500,263.7,0.0,,,Pleasure craft,,20,6
2025-01-07 14:23:32,368183080,WDL9880,,CHIKAMIN,,58.11623000,-135.45514667,251.5,0.0,,,Pleasure craft,,20,6
2025-01-07 14:29:33,368183080,WDL9880,,CHIKAMIN,,58.11620167,-135.45513500,190.5,0.0,,,Pleasure craft,,20,6
2025-01-07 14:41:32,368183080,WDL9880,,CHIKAMIN,,58.11619500,-135.45510167,197.0,0.0,,,Pleasure craft,,20,6
2025-01-07 14:44:35,368183080,WDL9880,,CHIKAMIN,,58.11618500,-135.45514833,204.7,0.0,,,Pleasure craft,,20,6
2025-01-07 17:32:34,368183080,WDL9880,,CHIKAMIN,,58.11621000,-135.45511000,301.3,0.0,,,Pleasure craft,,20,6
2025-01-07 18:47:34,368183080,WDL9880,,CHIKAMIN,,58.11623333,-135.45512333,299.2,0.0,,,Pleasure craft,,20,6
2025-01-07 19:11:35,368183080,WDL9880,,CHIKAMIN,,58.11620500,-135.45512500,337.7,0.0,,,Pleasure craft,,20,6
2025-01-07 19:29:32,368183080,WDL9880,,CHIKAMIN,,58.11620500,-135.45508333,358.8,0.0,,,Pleasure craft,,20,6
2025-01-07 20:17:34,368183080,WDL9880,,CHIKAMIN,,58.11619667,-135.45516000,286.5,0.0,,,Pleasure craft,,20,6
2025-01-07 20:29:33,368183080,WDL9880,,CHIKAMIN,,58.11626500,-135.45505167,334.0,0.0,,,Pleasure craft,,20,6
2025-01-07 20:35:32,368183080,WDL9880,,CHIKAMIN,,58.11623667,-135.45511167,341.8,0.0,,,Pleasure craft,,20,6
2025-01-07 20:47:34,368183080,WDL9880,,CHIKAMIN,,58.11625833,-135.45505000,280.9,0.0,,,Pleasure craft,,20,6
2025-01-07 20:53:33,368183080,WDL9880,,CHIKAMIN,,58.11625833,-135.45510667,257.4,0.0,,,Pleasure craft,,20,6
2025-01-07 21:23:34,368183080,WDL9880,,CHIKAMIN,,58.11622833,-135.45513000,255.7,0.0,,,Pleasure craft,,20,6
2025-01-07 21:29:33,368183080,WDL9880,,CHIKAMIN,,58.11620500,-135.45516667,271.0,0.0,,,Pleasure craft,,20,6
2025-01-07 21:41:33,368183080,WDL9880,,CHIKAMIN,,58.11620167,-135.45511667,264.1,0.0,,,Pleasure craft,,20,6
2025-01-07 21:53:33,368183080,WDL9880,,CHIKAMIN,,58.11621500,-135.45513333,303.7,0.0,,,Pleasure craft,,20,6
2025-01-07 22:11:33,368183080,WDL9880,,CHIKAMIN,,58.11620333,-135.45512667,320.2,0.0,,,Pleasure craft,,20,6
2025-01-07 22:20:33,368183080,WDL9880,,CHIKAMIN,,58.11620333,-135.45510500,268.6,0.0,,,Pleasure craft,,20,6
2025-01-07 22:41:34,368183080,WDL9880,,CHIKAMIN,,58.11620500,-135.45508667,285.4,0.0,,,Pleasure craft,,20,6
2025-01-07 22:59:34,368183080,WDL9880,,CHIKAMIN,,58.11624333,-135.45513500,213.3,0.0,,,Pleasure craft,,20,6
2025-01-07 00:00:02,993032034,,,MXAK CP SPENCER ASTA,,58.19880833,-136.64010333,,,,,,,,
2025-01-07 00:00:06,993032034,,,MXAK CP SPENCER ASTA,,58.19880833,-136.64010333,,,,,,,,
2025-01-07 00:05:08,993032034,,,MXAK CP SPENCER ASTA,,58.19880833,-136.64010333,,,,,,,,
2025-01-07 00:10:08,993032034,,,MXAK CP SPENCER ASTA,,58.19880833,-136.64010333,,,,,,,,
2025-01-07 00:15:10,993032034,,,MXAK CP SPENCER ASTA,,58.19880833,-136.64010333,,,,,,,,
2025-01-07 00:20:10,993032034,,,MXAK CP SPENCER ASTA,,58.19880833,-136.64010333,,,,,,,,
2025-01-07 00:25:12,993032034,,,MXAK CP SPENCER ASTA,,58.19880833,-136.64010333,,,,,,,,
2025-01-07 00:30:12,993032034,,,MXAK CP SPENCER ASTA,,58.19880833,-136.64010333,,,,,,,,
2025-01-07 00:35:13,993032034,,,MXAK CP SPENCER ASTA,,58.19880833,-136.64010333,,,,,,,,
2025-01-07 00:40:14,993032034,,,MXAK CP SPENCER ASTA,,58.19880833,-136.64010333,,,,,,,,
2025-01-07 00:45:15,993032034,,,MXAK CP SPENCER ASTA,,58.19880833,-136.64010333,,,,,,,,
2025-01-07 00:50:15,993032034,,,MXAK CP SPENCER ASTA,,58.19880833,-136.64010333,,,,,,,,
2025-01-07 00:55:16,993032034,,,MXAK CP SPENCER ASTA,,58.19880833,-136.64010333,,,,,,,,
2025-01-07 01:00:17,993032034,,,MXAK CP SPENCER ASTA,,58.19880833,-136.64010333,,,,,,,,
2025-01-07 01:05:18,993032034,,,MXAK CP SPENCER ASTA,,58.19880833,-136.64010333,,,,,,,,
2025-01-07 01:10:20,993032034,,,MXAK CP SPENCER ASTA,,58.19880833,-136.64010333,,,,,,,,
2025-01-07 01:15:22,993032034,,,MXAK CP SPENCER ASTA,,58.19880833,-136.64010333,,,,,,,,
2025-01-07 01:20:23,993032034,,,MXAK CP SPENCER ASTA,,58.19880833,-136.64010333,,,,,,,,
2025-01-07 01:25:23,993032034,,,MXAK CP SPENCER ASTA,,58.19880833,-136.64010333,,,,,,,,
2025-01-07 01:30:24,993032034,,,MXAK CP SPENCER ASTA,,58.19880833,-136.64010333,,,,,,,,
2025-01-07 01:35:24,993032034,,,MXAK CP SPENCER ASTA,,58.19880833,-136.64010333,,,,,,,,
2025-01-07 01:40:25,993032034,,,MXAK CP SPENCER ASTA,,58.19880833,-136.64010333,,,,,,,,
2025-01-07 01:45:26,993032034,,,MXAK CP SPENCER ASTA,,58.19880833,-136.64010333,,,,,,,,
2025-01-07 01:50:26,993032034,,,MXAK CP SPENCER ASTA,,58.19880833,-136.64010333,,,,,,,,
2025-01-07 01:55:26,993032034,,,MXAK CP SPENCER ASTA,,58.19880833,-136.64010333,,,,,,,,
2025-01-07 02:00:27,993032034,,,MXAK CP SPENCER ASTA,,58.19880833,-136.64010333,,,,,,,,
2025-01-07 02:05:29,993032034,,,MXAK CP SPENCER ASTA,,58.19880833,-136.64010333,,,,,,,,
2025-01-07 02:10:31,993032034,,,MXAK CP SPENCER ASTA,,58.19880833,-136.64010333,,,,,,,,
2025-01-07 02:15:34,993032034,,,MXAK CP SPENCER ASTA,,58.19880833,-136.64010333,,,,,,,,
2025-01-07 02:20:35,993032034,,,MXAK CP SPENCER ASTA,,58.19880833,-136.64010333,,,,,,,,
2025-01-07 02:25:35,993032034,,,MXAK CP SPENCER ASTA,,58.19880833,-136.64010333,,,,,,,,
2025-01-07 02:30:36,993032034,,,MXAK CP SPENCER ASTA,,58.19880833,-136.64010333,,,,,,,,
2025-01-07 02:35:36,993032034,,,MXAK CP SPENCER ASTA,,58.19880833,-136.64010333,,,,,,,,
2025-01-07 02:40:36,993032034,,,MXAK CP SPENCER ASTA,,58.19880833,-136.64010333,,,,,,,,
2025-01-07 02:45:37,993032034,,,MXAK CP SPENCER ASTA,,58.19880833,-136.64010333,,,,,,,,
2025-01-07 02:50:39,993032034,,,MXAK CP SPENCER ASTA,,58.19880833,-136.64010333,,,,,,,,
2025-01-07 02:55:39,993032034,,,MXAK CP SPENCER ASTA,,58.19880833,-136.64010333,,,,,,,,
2025-01-07 03:00:41,993032034,,,MXAK CP SPENCER ASTA,,58.19880833,-136.64010333,,,,,,,,
2025-01-07 03:05:42,993032034,,,MXAK CP SPENCER ASTA,,58.19880833,-136.64010333,,,,,,,,
2025-01-07 03:10:42,993032034,,,MXAK CP SPENCER ASTA,,58.19880833,-136.64010333,,,,,,,,
2025-01-07 03:15:44,993032034,,,MXAK CP SPENCER ASTA,,58.19880833,-136.64010333,,,,,,,,
2025-01-07 03:20:46,993032034,,,MXAK CP SPENCER ASTA,,58.19880833,-136.64010333,,,,,,,,
2025-01-07 03:25:49,993032034,,,MXAK CP SPENCER ASTA,,58.19880833,-136.64010333,,,,,,,,
2025-01-07 03:30:51,993032034,,,MXAK CP SPENCER ASTA,,58.19880833,-136.64010333,,,,,,,,
2025-01-07 03:35:52,993032034,,,MXAK CP SPENCER ASTA,,58.19880833,-136.64010333,,,,,,,,
2025-01-07 03:40:52,993032034,,,MXAK CP SPENCER ASTA,,58.19880833,-136.64010333,,,,,,,,
2025-01-07 03:45:52,993032034,,,MXAK CP SPENCER ASTA,,58.19880833,-136.64010333,,,,,,,,
2025-01-07 03:50:54,993032034,,,MXAK CP SPENCER ASTA,,58.19880833,-136.64010333,,,,,,,,
2025-01-07 03:55:55,993032034,,,MXAK CP SPENCER ASTA,,58.19880833,-136.64010333,,,,,,,,
2025-01-07 04:00:58,993032034,,,MXAK CP SPENCER ASTA,,58.19880833,-136.64010333,,,,,,,,
2025-01-07 04:05:59,993032034,,,MXAK CP SPENCER ASTA,,58.19880833,-136.64010333,,,,,,,,
2025-01-07 04:11:00,993032034,,,MXAK CP SPENCER ASTA,,58.19880833,-136.64010333,,,,,,,,
2025-01-07 04:16:01,993032034,,,MXAK CP SPENCER ASTA,,58.19880833,-136.64010333,,,,,,,,
2025-01-07 04:21:04,993032034,,,MXAK CP SPENCER ASTA,,58.19880833,-136.64010333,,,,,,,,
2025-01-07 04:26:06,993032034,,,MXAK CP SPENCER ASTA,,58.19880833,-136.64010333,,,,,,,,
2025-01-07 04:31:07,993032034,,,MXAK CP SPENCER ASTA,,58.19880833,-136.64010333,,,,,,,,
2025-01-07 04:36:09,993032034,,,MXAK CP SPENCER ASTA,,58.19880833,-136.64010333,,,,,,,,
2025-01-07 04:41:11,993032034,,,MXAK CP SPENCER ASTA,,58.19880833,-136.64010333,,,,,,,,
2025-01-07 04:46:12,993032034,,,MXAK CP SPENCER ASTA,,58.19880833,-136.64010333,,,,,,,,
2025-01-07 04:51:12,993032034,,,MXAK CP SPENCER ASTA,,58.19880833,-136.64010333,,,,,,,,
2025-01-07 04:56:12,993032034,,,MXAK CP SPENCER ASTA,,58.19880833,-136.64010333,,,,,,,,
2025-01-07 05:01:13,993032034,,,MXAK CP SPENCER ASTA,,58.19880833,-136.64010333,,,,,,,,
2025-01-07 05:06:15,993032034,,,MXAK CP SPENCER ASTA,,58.19880833,-136.64010333,,,,,,,,
2025-01-07 05:11:15,993032034,,,MXAK CP SPENCER ASTA,,58.19880833,-136.64010333,,,,,,,,
2025-01-07 05:16:16,993032034,,,MXAK CP SPENCER ASTA,,58.19880833,-136.64010333,,,,,,,,
2025-01-07 05:21:19,993032034,,,MXAK CP SPENCER ASTA,,58.19880833,-136.64010333,,,,,,,,
2025-01-07 05:26:19,993032034,,,MXAK CP SPENCER ASTA,,58.19880833,-136.64010333,,,,,,,,
2025-01-07 05:31:21,993032034,,,MXAK CP SPENCER ASTA,,58.19880833,-136.64010333,,,,,,,,
2025-01-07 05:36:22,993032034,,,MXAK CP SPENCER ASTA,,58.19880833,-136.64010333,,,,,,,,
2025-01-07 05:41:24,993032034,,,MXAK CP SPENCER ASTA,,58.19880833,-136.64010333,,,,,,,,
2025-01-07 05:46:24,993032034,,,MXAK CP SPENCER ASTA,,58.19880833,-136.64010333,,,,,,,,
2025-01-07 05:51:27,993032034,,,MXAK CP SPENCER ASTA,,58.19880833,-136.64010333,,,,,,,,
2025-01-07 05:56:28,993032034,,,MXAK CP SPENCER ASTA,,58.19880833,-136.64010333,,,,,,,,
2025-01-07 06:01:28,993032034,,,MXAK CP SPENCER ASTA,,58.19880833,-136.64010333,,,,,,,,
2025-01-07 06:06:30,993032034,,,MXAK CP SPENCER ASTA,,58.19880833,-136.64010333,,,,,,,,
2025-01-07 06:11:31,993032034,,,MXAK CP SPENCER ASTA,,58.19880833,-136.64010333,,,,,,,,
2025-01-07 06:16:32,993032034,,,MXAK CP SPENCER ASTA,,58.19880833,-136.64010333,,,,,,,,
2025-01-07 06:21:32,993032034,,,MXAK CP SPENCER ASTA,,58.19880833,-136.64010333,,,,,,,,
2025-01-07 06:26:35,993032034,,,MXAK CP SPENCER ASTA,,58.19880833,-136.64010333,,,,,,,,
2025-01-07 06:31:37,993032034,,,MXAK CP SPENCER ASTA,,58.19880833,-136.64010333,,,,,,,,
2025-01-07 06:36:38,993032034,,,MXAK CP SPENCER ASTA,,58.19880833,-136.64010333,,,,,,,,
2025-01-07 06:41:40,993032034,,,MXAK CP SPENCER ASTA,,58.19880833,-136.64010333,,,,,,,,
2025-01-07 06:46:41,993032034,,,MXAK CP SPENCER ASTA,,58.19880833,-136.64010333,,,,,,,,
2025-01-07 06:51:43,993032034,,,MXAK CP SPENCER ASTA,,58.19880833,-136.64010333,,,,,,,,
2025-01-07 06:56:43,993032034,,,MXAK CP SPENCER ASTA,,58.19880833,-136.64010333,,,,,,,,
2025-01-07 07:01:43,993032034,,,MXAK CP SPENCER ASTA,,58.19880833,-136.64010333,,,,,,,,
2025-01-07 07:06:43,993032034,,,MXAK CP SPENCER ASTA,,58.19880833,-136.64010333,,,,,,,,
2025-01-07 07:11:44,993032034,,,MXAK CP SPENCER ASTA,,58.19880833,-136.64010333,,,,,,,,
2025-01-07 07:16:45,993032034,,,MXAK CP SPENCER ASTA,,58.19880833,-136.64010333,,,,,,,,
2025-01-07 07:21:48,993032034,,,MXAK CP SPENCER ASTA,,58.19880833,-136.64010333,,,,,,,,
2025-01-07 07:26:48,993032034,,,MXAK CP SPENCER ASTA,,58.19880833,-136.64010333,,,,,,,,
2025-01-07 07:31:48,993032034,,,MXAK CP SPENCER ASTA,,58.19880833,-136.64010333,,,,,,,,
2025-01-07 07:36:48,993032034,,,MXAK CP SPENCER ASTA,,58.19880833,-136.64010333,,,,,,,,
2025-01-07 07:41:50,993032034,,,MXAK CP SPENCER ASTA,,58.19880833,-136.64010333,,,,,,,,
2025-01-07 07:46:51,993032034,,,MXAK CP SPENCER ASTA,,58.19880833,-136.64010333,,,,,,,,
2025-01-07 07:51:53,993032034,,,MXAK CP SPENCER ASTA,,58.19880833,-136.64010333,,,,,,,,
2025-01-07 07:56:54,993032034,,,MXAK CP SPENCER ASTA,,58.19880833,-136.64010333,,,,,,,,
2025-01-07 08:01:54,993032034,,,MXAK CP SPENCER ASTA,,58.19880833,-136.64010333,,,,,,,,
2025-01-07 08:06:55,993032034,,,MXAK CP SPENCER ASTA,,58.19880833,-136.64010333,,,,,,,,
2025-01-07 08:11:56,993032034,,,MXAK CP SPENCER ASTA,,58.19880833,-136.64010333,,,,,,,,
2025-01-07 08:16:58,993032034,,,MXAK CP SPENCER ASTA,,58.19880833,-136.64010333,,,,,,,,
2025-01-07 08:22:00,993032034,,,MXAK CP SPENCER ASTA,,58.19880833,-136.64010333,,,,,,,,
2025-01-07 08:27:02,993032034,,,MXAK CP SPENCER ASTA,,58.19880833,-136.64010333,,,,,,,,
2025-01-07 08:32:02,993032034,,,MXAK CP SPENCER ASTA,,58.19880833,-136.64010333,,,,,,,,
2025-01-07 08:37:02,993032034,,,MXAK CP SPENCER ASTA,,58.19880833,-136.64010333,,,,,,,,
2025-01-07 08:42:02,993032034,,,MXAK CP SPENCER ASTA,,58.19880833,-136.64010333,,,,,,,,
2025-01-07 08:47:04,993032034,,,MXAK CP SPENCER ASTA,,58.19880833,-136.64010333,,,,,,,,
2025-01-07 08:52:05,993032034,,,MXAK CP SPENCER ASTA,,58.19880833,-136.64010333,,,,,,,,
2025-01-07 08:57:06,993032034,,,MXAK CP SPENCER ASTA,,58.19880833,-136.64010333,,,,,,,,
2025-01-07 09:02:06,993032034,,,MXAK CP SPENCER ASTA,,58.19880833,-136.64010333,,,,,,,,
2025-01-07 09:07:06,993032034,,,MXAK CP SPENCER ASTA,,58.19880833,-136.64010333,,,,,,,,
2025-01-07 09:12:06,993032034,,,MXAK CP SPENCER ASTA,,58.19880833,-136.64010333,,,,,,,,
2025-01-07 09:17:07,993032034,,,MXAK CP SPENCER ASTA,,58.19880833,-136.64010333,,,,,,,,
2025-01-07 09:22:09,993032034,,,MXAK CP SPENCER ASTA,,58.19880833,-136.64010333,,,,,,,,
2025-01-07 09:27:11,993032034,,,MXAK CP SPENCER ASTA,,58.19880833,-136.64010333,,,,,,,,
2025-01-07 09:32:12,993032034,,,MXAK CP SPENCER ASTA,,58.19880833,-136.64010333,,,,,,,,
2025-01-07 09:37:12,993032034,,,MXAK CP SPENCER ASTA,,58.19880833,-136.64010333,,,,,,,,
2025-01-07 09:42:15,993032034,,,MXAK CP SPENCER ASTA,,58.19880833,-136.64010333,,,,,,,,
2025-01-07 09:47:15,993032034,,,MXAK CP SPENCER ASTA,,58.19880833,-136.64010333,,,,,,,,
2025-01-07 09:52:15,993032034,,,MXAK CP SPENCER ASTA,,58.19880833,-136.64010333,,,,,,,,
2025-01-07 09:57:16,993032034,,,MXAK CP SPENCER ASTA,,58.19880833,-136.64010333,,,,,,,,
2025-01-07 10:02:16,993032034,,,MXAK CP SPENCER ASTA,,58.19880833,-136.64010333,,,,,,,,
2025-01-07 10:07:18,993032034,,,MXAK CP SPENCER ASTA,,58.19880833,-136.64010333,,,,,,,,
2025-01-07 10:12:18,993032034,,,MXAK CP SPENCER ASTA,,58.19880833,-136.64010333,,,,,,,,
2025-01-07 10:17:18,993032034,,,MXAK CP SPENCER ASTA,,58.19880833,-136.64010333,,,,,,,,
2025-01-07 10:22:18,993032034,,,MXAK CP SPENCER ASTA,,58.19880833,-136.64010333,,,,,,,,
2025-01-07 10:27:18,993032034,,,MXAK CP SPENCER ASTA,,58.19880833,-136.64010333,,,,,,,,
2025-01-07 10:32:19,993032034,,,MXAK CP SPENCER ASTA,,58.19880833,-136.64010333,,,,,,,,
2025-01-07 10:37:19,993032034,,,MXAK CP SPENCER ASTA,,58.19880833,-136.64010333,,,,,,,,
2025-01-07 10:42:22,993032034,,,MXAK CP SPENCER ASTA,,58.19880833,-136.64010333,,,,,,,,
2025-01-07 10:47:23,993032034,,,MXAK CP SPENCER ASTA,,58.19880833,-136.64010333,,,,,,,,
2025-01-07 10:52:24,993032034,,,MXAK CP SPENCER ASTA,,58.19880833,-136.64010333,,,,,,,,
2025-01-07 10:57:24,993032034,,,MXAK CP SPENCER ASTA,,58.19880833,-136.64010333,,,,,,,,
2025-01-07 11:02:25,993032034,,,MXAK CP SPENCER ASTA,,58.19880833,-136.64010333,,,,,,,,
2025-01-07 11:07:26,993032034,,,MXAK CP SPENCER ASTA,,58.19880833,-136.64010333,,,,,,,,
2025-01-07 11:12:28,993032034,,,MXAK CP SPENCER ASTA,,58.19880833,-136.64010333,,,,,,,,
2025-01-07 11:17:29,993032034,,,MXAK CP SPENCER ASTA,,58.19880833,-136.64010333,,,,,,,,
2025-01-07 11:22:30,993032034,,,MXAK CP SPENCER ASTA,,58.19880833,-136.64010333,,,,,,,,
2025-01-07 11:27:30,993032034,,,MXAK CP SPENCER ASTA,,58.19880833,-136.64010333,,,,,,,,
2025-01-07 11:32:30,993032034,,,MXAK CP SPENCER ASTA,,58.19880833,-136.64010333,,,,,,,,
2025-01-07 11:37:30,993032034,,,MXAK CP SPENCER ASTA,,58.19880833,-136.64010333,,,,,,,,
2025-01-07 11:42:30,993032034,,,MXAK CP SPENCER ASTA,,58.19880833,-136.64010333,,,,,,,,
2025-01-07 11:47:31,993032034,,,MXAK CP SPENCER ASTA,,58.19880833,-136.64010333,,,,,,,,
2025-01-07 11:52:31,993032034,,,MXAK CP SPENCER ASTA,,58.19880833,-136.64010333,,,,,,,,
2025-01-07 11:57:31,993032034,,,MXAK CP SPENCER ASTA,,58.19880833,-136.64010333,,,,,,,,
2025-01-07 12:02:33,993032034,,,MXAK CP SPENCER ASTA,,58.19880833,-136.64010333,,,,,,,,
2025-01-07 12:07:34,993032034,,,MXAK CP SPENCER ASTA,,58.19880833,-136.64010333,,,,,,,,
2025-01-07 12:12:35,993032034,,,MXAK CP SPENCER ASTA,,58.19880833,-136.64010333,,,,,,,,
2025-01-07 12:17:35,993032034,,,MXAK CP SPENCER ASTA,,58.19880833,-136.64010333,,,,,,,,
2025-01-07 12:22:36,993032034,,,MXAK CP SPENCER ASTA,,58.19880833,-136.64010333,,,,,,,,
2025-01-07 12:27:37,993032034,,,MXAK CP SPENCER ASTA,,58.19880833,-136.64010333,,,,,,,,
2025-01-07 12:32:39,993032034,,,MXAK CP SPENCER ASTA,,58.19880833,-136.64010333,,,,,,,,
2025-01-07 12:37:39,993032034,,,MXAK CP SPENCER ASTA,,58.19880833,-136.64010333,,,,,,,,
2025-01-07 12:42:42,993032034,,,MXAK CP SPENCER ASTA,,58.19880833,-136.64010333,,,,,,,,
2025-01-07 12:47:44,993032034,,,MXAK CP SPENCER ASTA,,58.19880833,-136.64010333,,,,,,,,
2025-01-07 12:52:45,993032034,,,MXAK CP SPENCER ASTA,,58.19880833,-136.64010333,,,,,,,,
2025-01-07 12:57:47,993032034,,,MXAK CP SPENCER ASTA,,58.19880833,-136.64010333,,,,,,,,
2025-01-07 13:02:47,993032034,,,MXAK CP SPENCER ASTA,,58.19880833,-136.64010333,,,,,,,,
2025-01-07 13:07:48,993032034,,,MXAK CP SPENCER ASTA,,58.19880833,-136.64010333,,,,,,,,
2025-01-07 13:12:50,993032034,,,MXAK CP SPENCER ASTA,,58.19880833,-136.64010333,,,,,,,,
2025-01-07 13:17:51,993032034,,,MXAK CP SPENCER ASTA,,58.19880833,-136.64010333,,,,,,,,
2025-01-07 13:22:51,993032034,,,MXAK CP SPENCER ASTA,,58.19880833,-136.64010333,,,,,,,,
2025-01-07 13:27:52,993032034,,,MXAK CP SPENCER ASTA,,58.19880833,-136.64010333,,,,,,,,
2025-01-07 13:32:55,993032034,,,MXAK CP SPENCER ASTA,,58.19880833,-136.64010333,,,,,,,,
2025-01-07 13:37:57,993032034,,,MXAK CP SPENCER ASTA,,58.19880833,-136.64010333,,,,,,,,
2025-01-07 13:42:58,993032034,,,MXAK CP SPENCER ASTA,,58.19880833,-136.64010333,,,,,,,,
2025-01-07 13:47:58,993032034,,,MXAK CP SPENCER ASTA,,58.19880833,-136.64010333,,,,,,,,
2025-01-07 13:52:59,993032034,,,MXAK CP SPENCER ASTA,,58.19880833,-136.64010333,,,,,,,,
2025-01-07 13:58:00,993032034,,,MXAK CP SPENCER ASTA,,58.19880833,-136.64010333,,,,,,,,
2025-01-07 14:03:01,993032034,,,MXAK CP SPENCER ASTA,,58.19880833,-136.64010333,,,,,,,,
2025-01-07 14:08:03,993032034,,,MXAK CP SPENCER ASTA,,58.19880833,-136.64010333,,,,,,,,
2025-01-07 14:13:03,993032034,,,MXAK CP SPENCER ASTA,,58.19880833,-136.64010333,,,,,,,,
2025-01-07 14:18:04,993032034,,,MXAK CP SPENCER ASTA,,58.19880833,-136.64010333,,,,,,,,
2025-01-07 14:23:04,993032034,,,MXAK CP SPENCER ASTA,,58.19880833,-136.64010333,,,,,,,,
2025-01-07 14:28:04,993032034,,,MXAK CP SPENCER ASTA,,58.19880833,-136.64010333,,,,,,,,
2025-01-07 14:33:06,993032034,,,MXAK CP SPENCER ASTA,,58.19880833,-136.64010333,,,,,,,,
2025-01-07 14:38:06,993032034,,,MXAK CP SPENCER ASTA,,58.19880833,-136.64010333,,,,,,,,
2025-01-07 14:43:08,993032034,,,MXAK CP SPENCER ASTA,,58.19880833,-136.64010333,,,,,,,,
2025-01-07 14:48:08,993032034,,,MXAK CP SPENCER ASTA,,58.19880833,-136.64010333,,,,,,,,
2025-01-07 14:53:11,993032034,,,MXAK CP SPENCER ASTA,,58.19880833,-136.64010333,,,,,,,,
2025-01-07 14:58:11,993032034,,,MXAK CP SPENCER ASTA,,58.19880833,-136.64010333,,,,,,,,
2025-01-07 15:03:11,993032034,,,MXAK CP SPENCER ASTA,,58.19880833,-136.64010333,,,,,,,,
2025-01-07 15:08:11,993032034,,,MXAK CP SPENCER ASTA,,58.19880833,-136.64010333,,,,,,,,
2025-01-07 15:13:11,993032034,,,MXAK CP SPENCER ASTA,,58.19880833,-136.64010333,,,,,,,,
2025-01-07 15:18:11,993032034,,,MXAK CP SPENCER ASTA,,58.19880833,-136.64010333,,,,,,,,
2025-01-07 15:23:11,993032034,,,MXAK CP SPENCER ASTA,,58.19880833,-136.64010333,,,,,,,,
2025-01-07 15:28:12,993032034,,,MXAK CP SPENCER ASTA,,58.19880833,-136.64010333,,,,,,,,
2025-01-07 15:33:12,993032034,,,MXAK CP SPENCER ASTA,,58.19880833,-136.64010333,,,,,,,,
2025-01-07 15:38:13,993032034,,,MXAK CP SPENCER ASTA,,58.19880833,-136.64010333,,,,,,,,
2025-01-07 15:43:13,993032034,,,MXAK CP SPENCER ASTA,,58.19880833,-136.64010333,,,,,,,,
2025-01-07 15:48:14,993032034,,,MXAK CP SPENCER ASTA,,58.19880833,-136.64010333,,,,,,,,
2025-01-07 15:53:15,993032034,,,MXAK CP SPENCER ASTA,,58.19880833,-136.64010333,,,,,,,,
2025-01-07 15:58:15,993032034,,,MXAK CP SPENCER ASTA,,58.19880833,-136.64010333,,,,,,,,
2025-01-07 16:03:16,993032034,,,MXAK CP SPENCER ASTA,,58.19880833,-136.64010333,,,,,,,,
2025-01-07 16:08:16,993032034,,,MXAK CP SPENCER ASTA,,58.19880833,-136.64010333,,,,,,,,
2025-01-07 16:13:17,993032034,,,MXAK CP SPENCER ASTA,,58.19880833,-136.64010333,,,,,,,,
2025-01-07 16:18:18,993032034,,,MXAK CP SPENCER ASTA,,58.19880833,-136.64010333,,,,,,,,
2025-01-07 16:23:19,993032034,,,MXAK CP SPENCER ASTA,,58.19880833,-136.64010333,,,,,,,,
2025-01-07 16:28:19,993032034,,,MXAK CP SPENCER ASTA,,58.19880833,-136.64010333,,,,,,,,
2025-01-07 16:33:19,993032034,,,MXAK CP SPENCER ASTA,,58.19880833,-136.64010333,,,,,,,,
2025-01-07 16:38:19,993032034,,,MXAK CP SPENCER ASTA,,58.19880833,-136.64010333,,,,,,,,
2025-01-07 16:43:21,993032034,,,MXAK CP SPENCER ASTA,,58.19880833,-136.64010333,,,,,,,,
2025-01-07 16:48:23,993032034,,,MXAK CP SPENCER ASTA,,58.19880833,-136.64010333,,,,,,,,
2025-01-07 16:53:23,993032034,,,MXAK CP SPENCER ASTA,,58.19880833,-136.64010333,,,,,,,,
2025-01-07 16:58:25,993032034,,,MXAK CP SPENCER ASTA,,58.19880833,-136.64010333,,,,,,,,
2025-01-07 17:03:26,993032034,,,MXAK CP SPENCER ASTA,,58.19880833,-136.64010333,,,,,,,,
2025-01-07 17:08:28,993032034,,,MXAK CP SPENCER ASTA,,58.19880833,-136.64010333,,,,,,,,
2025-01-07 17:13:28,993032034,,,MXAK CP SPENCER ASTA,,58.19880833,-136.64010333,,,,,,,,
2025-01-07 17:18:29,993032034,,,MXAK CP SPENCER ASTA,,58.19880833,-136.64010333,,,,,,,,
2025-01-07 17:23:31,993032034,,,MXAK CP SPENCER ASTA,,58.19880833,-136.64010333,,,,,,,,
2025-01-07 17:28:31,993032034,,,MXAK CP SPENCER ASTA,,58.19880833,-136.64010333,,,,,,,,
2025-01-07 17:33:31,993032034,,,MXAK CP SPENCER ASTA,,58.19880833,-136.64010333,,,,,,,,
2025-01-07 17:38:33,993032034,,,MXAK CP SPENCER ASTA,,58.19880833,-136.64010333,,,,,,,,
2025-01-07 17:43:34,993032034,,,MXAK CP SPENCER ASTA,,58.19880833,-136.64010333,,,,,,,,
2025-01-07 17:48:35,993032034,,,MXAK CP SPENCER ASTA,,58.19880833,-136.64010333,,,,,,,,
2025-01-07 17:53:35,993032034,,,MXAK CP SPENCER ASTA,,58.19880833,-136.64010333,,,,,,,,
2025-01-07 17:58:36,993032034,,,MXAK CP SPENCER ASTA,,58.19880833,-136.64010333,,,,,,,,
2025-01-07 18:03:37,993032034,,,MXAK CP SPENCER ASTA,,58.19880833,-136.64010333,,,,,,,,
2025-01-07 18:08:38,993032034,,,MXAK CP SPENCER ASTA,,58.19880833,-136.64010333,,,,,,,,
2025-01-07 18:13:39,993032034,,,MXAK CP SPENCER ASTA,,58.19880833,-136.64010333,,,,,,,,
2025-01-07 18:18:42,993032034,,,MXAK CP SPENCER ASTA,,58.19880833,-136.64010333,,,,,,,,
2025-01-07 18:23:44,993032034,,,MXAK CP SPENCER ASTA,,58.19880833,-136.64010333,,,,,,,,
2025-01-07 18:28:46,993032034,,,MXAK CP SPENCER ASTA,,58.19880833,-136.64010333,,,,,,,,
2025-01-07 18:33:46,993032034,,,MXAK CP SPENCER ASTA,,58.19880833,-136.64010333,,,,,,,,
2025-01-07 18:38:49,993032034,,,MXAK CP SPENCER ASTA,,58.19880833,-136.64010333,,,,,,,,
2025-01-07 18:43:50,993032034,,,MXAK CP SPENCER ASTA,,58.19880833,-136.64010333,,,,,,,,
2025-01-07 18:48:51,993032034,,,MXAK CP SPENCER ASTA,,58.19880833,-136.64010333,,,,,,,,
2025-01-07 18:53:51,993032034,,,MXAK CP SPENCER ASTA,,58.19880833,-136.64010333,,,,,,,,
2025-01-07 18:58:53,993032034,,,MXAK CP SPENCER ASTA,,58.19880833,-136.64010333,,,,,,,,
2025-01-07 19:03:54,993032034,,,MXAK CP SPENCER ASTA,,58.19880833,-136.64010333,,,,,,,,
2025-01-07 19:08:55,993032034,,,MXAK CP SPENCER ASTA,,58.19880833,-136.64010333,,,,,,,,
2025-01-07 19:13:55,993032034,,,MXAK CP SPENCER ASTA,,58.19880833,-136.64010333,,,,,,,,
2025-01-07 19:18:55,993032034,,,MXAK CP SPENCER ASTA,,58.19880833,-136.64010333,,,,,,,,
2025-01-07 19:23:58,993032034,,,MXAK CP SPENCER ASTA,,58.19880833,-136.64010333,,,,,,,,
2025-01-07 19:28:59,993032034,,,MXAK CP SPENCER ASTA,,58.19880833,-136.64010333,,,,,,,,
2025-01-07 19:33:59,993032034,,,MXAK CP SPENCER ASTA,,58.19880833,-136.64010333,,,,,,,,
2025-01-07 19:39:00,993032034,,,MXAK CP SPENCER ASTA,,58.19880833,-136.64010333,,,,,,,,
2025-01-07 19:44:00,993032034,,,MXAK CP SPENCER ASTA,,58.19880833,-136.64010333,,,,,,,,
2025-01-07 19:49:01,993032034,,,MXAK CP SPENCER ASTA,,58.19880833,-136.64010333,,,,,,,,
2025-01-07 19:54:03,993032034,,,MXAK CP SPENCER ASTA,,58.19880833,-136.64010333,,,,,,,,
2025-01-07 19:59:04,993032034,,,MXAK CP SPENCER ASTA,,58.19880833,-136.64010333,,,,,,,,
2025-01-07 20:04:05,993032034,,,MXAK CP SPENCER ASTA,,58.19880833,-136.64010333,,,,,,,,
2025-01-07 20:09:06,993032034,,,MXAK CP SPENCER ASTA,,58.19880833,-136.64010333,,,,,,,,
2025-01-07 20:14:07,993032034,,,MXAK CP SPENCER ASTA,,58.19880833,-136.64010333,,,,,,,,
2025-01-07 20:19:08,993032034,,,MXAK CP SPENCER ASTA,,58.19880833,-136.64010333,,,,,,,,
2025-01-07 20:24:10,993032034,,,MXAK CP SPENCER ASTA,,58.19880833,-136.64010333,,,,,,,,
2025-01-07 20:29:10,993032034,,,MXAK CP SPENCER ASTA,,58.19880833,-136.64010333,,,,,,,,
2025-01-07 20:34:10,993032034,,,MXAK CP SPENCER ASTA,,58.19880833,-136.64010333,,,,,,,,
2025-01-07 20:39:11,993032034,,,MXAK CP SPENCER ASTA,,58.19880833,-136.64010333,,,,,,,,
2025-01-07 20:44:12,993032034,,,MXAK CP SPENCER ASTA,,58.19880833,-136.64010333,,,,,,,,
2025-01-07 20:49:12,993032034,,,MXAK CP SPENCER ASTA,,58.19880833,-136.64010333,,,,,,,,
2025-01-07 20:54:12,993032034,,,MXAK CP SPENCER ASTA,,58.19880833,-136.64010333,,,,,,,,
2025-01-07 20:59:12,993032034,,,MXAK CP SPENCER ASTA,,58.19880833,-136.64010333,,,,,,,,
2025-01-07 21:04:15,993032034,,,MXAK CP SPENCER ASTA,,58.19880833,-136.64010333,,,,,,,,
2025-01-07 21:09:18,993032034,,,MXAK CP SPENCER ASTA,,58.19880833,-136.64010333,,,,,,,,
2025-01-07 21:14:20,993032034,,,MXAK CP SPENCER ASTA,,58.19880833,-136.64010333,,,,,,,,
2025-01-07 21:19:22,993032034,,,MXAK CP SPENCER ASTA,,58.19880833,-136.64010333,,,,,,,,
2025-01-07 21:24:24,993032034,,,MXAK CP SPENCER ASTA,,58.19880833,-136.64010333,,,,,,,,
2025-01-07 21:29:24,993032034,,,MXAK CP SPENCER ASTA,,58.19880833,-136.64010333,,,,,,,,
2025-01-07 21:34:26,993032034,,,MXAK CP SPENCER ASTA,,58.19880833,-136.64010333,,,,,,,,
2025-01-07 21:39:27,993032034,,,MXAK CP SPENCER ASTA,,58.19880833,-136.64010333,,,,,,,,
2025-01-07 21:44:28,993032034,,,MXAK CP SPENCER ASTA,,58.19880833,-136.64010333,,,,,,,,
2025-01-07 21:49:28,993032034,,,MXAK CP SPENCER ASTA,,58.19880833,-136.64010333,,,,,,,,
2025-01-07 21:54:28,993032034,,,MXAK CP SPENCER ASTA,,58.19880833,-136.64010333,,,,,,,,
2025-01-07 21:59:29,993032034,,,MXAK CP SPENCER ASTA,,58.19880833,-136.64010333,,,,,,,,
2025-01-07 22:04:29,993032034,,,MXAK CP SPENCER ASTA,,58.19880833,-136.64010333,,,,,,,,
2025-01-07 22:09:30,993032034,,,MXAK CP SPENCER ASTA,,58.19880833,-136.64010333,,,,,,,,
2025-01-07 22:14:31,993032034,,,MXAK CP SPENCER ASTA,,58.19880833,-136.64010333,,,,,,,,
2025-01-07 22:19:33,993032034,,,MXAK CP SPENCER ASTA,,58.19880833,-136.64010333,,,,,,,,
2025-01-07 22:24:35,993032034,,,MXAK CP SPENCER ASTA,,58.19880833,-136.64010333,,,,,,,,
2025-01-07 22:29:36,993032034,,,MXAK CP SPENCER ASTA,,58.19880833,-136.64010333,,,,,,,,
2025-01-07 22:34:36,993032034,,,MXAK CP SPENCER ASTA,,58.19880833,-136.64010333,,,,,,,,
2025-01-07 22:39:36,993032034,,,MXAK CP SPENCER ASTA,,58.19880833,-136.64010333,,,,,,,,
2025-01-07 22:44:37,993032034,,,MXAK CP SPENCER ASTA,,58.19880833,-136.64010333,,,,,,,,
2025-01-07 22:49:38,993032034,,,MXAK CP SPENCER ASTA,,58.19880833,-136.64010333,,,,,,,,
2025-01-07 22:54:38,993032034,,,MXAK CP SPENCER ASTA,,58.19880833,-136.64010333,,,,,,,,
2025-01-07 22:59:39,993032034,,,MXAK CP SPENCER ASTA,,58.19880833,-136.64010333,,,,,,,,
2025-01-07 23:04:40,993032034,,,MXAK CP SPENCER ASTA,,58.19880833,-136.64010333,,,,,,,,
2025-01-07 23:09:40,993032034,,,MXAK CP SPENCER ASTA,,58.19880833,-136.64010333,,,,,,,,
2025-01-07 23:14:40,993032034,,,MXAK CP SPENCER ASTA,,58.19880833,-136.64010333,,,,,,,,
2025-01-07 23:19:40,993032034,,,MXAK CP SPENCER ASTA,,58.19880833,-136.64010333,,,,,,,,
2025-01-07 23:24:41,993032034,,,MXAK CP SPENCER ASTA,,58.19880833,-136.64010333,,,,,,,,
2025-01-07 23:29:42,993032034,,,MXAK CP SPENCER ASTA,,58.19880833,-136.64010333,,,,,,,,
2025-01-07 23:34:42,993032034,,,MXAK CP SPENCER ASTA,,58.19880833,-136.64010333,,,,,,,,
2025-01-07 23:39:42,993032034,,,MXAK CP SPENCER ASTA,,58.19880833,-136.64010333,,,,,,,,
2025-01-07 23:44:42,993032034,,,MXAK CP SPENCER ASTA,,58.19880833,-136.64010333,,,,,,,,
2025-01-07 23:49:44,993032034,,,MXAK CP SPENCER ASTA,,58.19880833,-136.64010333,,,,,,,,
2025-01-07 23:54:44,993032034,,,MXAK CP SPENCER ASTA,,58.19880833,-136.64010333,,,,,,,,
2025-01-07 23:59:44,993032034,,,MXAK CP SPENCER ASTA,,58.19880833,-136.64010333,,,,,,,,
2025-01-07 23:59:56,993032034,,,MXAK CP SPENCER ASTA,,58.19880833,-136.64010333,,,,,,,,
