SiteID,STime,H12p5,H15p8,H20,H25,H31p5,H40,H50,H63,H80,H100,H125,H160,H200,H250,H315,H400,H500,H630,H800,H1000,H1250,H1600,H2000,H2500,H3150,H4000,H5000,H6300,H8000,H10000,H12500,H16000,H20000,dbA,dbC,dbF,Voltage,WindSpeed,WindDir,TempIns,TempOut,Humidity,INVID,INSID,GChar1,GChar2,GChar3,AdjustmentsApplied,CalibrationAdjustment,GPSTimeAdjustment,GainAdjustment,Status
DENATRLA,2025-06-23 23:00:00.000,53.8,51.3,42.9,39.2,38.4,34.7,32.0,30.2,25.2,18.1,12.5,13.7,13.1,13.9,15.3,15.7,14.5,15.0,14.2,11.4,9.0,7.0,9.9,10.5,9.6,5.4,2.1,-3.2,-3.7,-3.5,-4.2,-3.1,-0.2,22.0,40.7,60.2,13.4,1.2,36.0,25.8,13.6,66.8,,,OBAnorm,,LD831_02097v2.403,,,,0,0
DENATRLA,2025-06-23 23:00:01.000,49.8,46.1,42.5,34.4,32.0,29.4,24.1,16.6,15.3,10.5,8.7,11.9,12.5,15.3,16.4,14.4,15.4,14.7,14.0,11.8,9.1,7.2,5.7,5.2,5.7,0.4,-1.8,-3.1,-2.8,-3.1,-3.8,-2.7,0.0,21.2,36.8,54.4,13.4,1.1,34.3,25.8,13.6,66.8,,,OBAnorm,,LD831_02097v2.403,,,,0,0
DENATRLA,2025-06-23 23:00:02.000,48.0,41.0,29.5,28.6,28.7,24.6,17.7,19.1,15.7,12.7,9.4,10.1,13.1,14.8,16.4,14.9,14.9,14.7,13.5,12.9,9.4,7.1,12.6,8.4,2.1,-0.4,-3.7,-3.7,-3.6,-3.7,-3.8,-1.9,0.5,21.9,38.2,61.0,13.4,0.9,32.8,25.8,13.6,66.8,,,OBAnorm,,LD831_02097v2.403,,,,0,0
DENATRLA,2025-06-23 23:00:03.000,39.1,35.1,28.7,30.2,27.9,26.1,24.2,21.0,15.6,8.1,8.2,11.7,14.9,15.1,16.5,16.0,15.8,14.7,14.5,12.3,10.1,8.8,10.9,13.2,9.1,2.3,-3.9,-3.7,-3.8,-3.8,-4.4,-3.2,-0.2,22.6,35.5,60.0,13.4,0.7,33.9,25.8,13.6,66.3,,,OBAnorm,,LD831_02097v2.403,,,,0,0
DENATRLA,2025-06-23 23:00:04.000,37.4,33.3,36.1,29.0,22.9,20.0,13.8,8.7,11.8,4.9,8.4,13.3,12.5,14.3,15.2,16.0,15.0,15.8,14.3,12.4,10.2,11.4,7.6,9.6,10.1,3.0,-3.5,-3.9,-3.8,-4.0,-4.4,-3.1,-0.2,22.4,35.4,55.6,13.4,0.6,33.9,25.8,13.6,66.3,,,OBAnorm,,LD831_02097v2.403,,,,0,0
DENATRLA,2025-06-23 23:00:05.000,40.5,31.1,28.4,25.9,27.2,21.6,15.8,13.3,9.0,7.9,9.9,12.8,14.3,14.5,15.6,16.5,15.9,15.6,15.4,12.9,10.3,9.8,12.2,11.3,11.1,4.9,-1.0,-3.5,-3.8,-3.8,-4.3,-3.1,-0.1,23.2,42.4,60.3,13.4,0.5,33.8,25.8,13.6,66.8,,,OBAnorm,,LD831_02097v2.403,,,,0,0
DENATRLA,2025-06-23 23:00:06.000,34.9,31.2,29.6,30.9,28.2,24.3,26.5,25.3,19.3,15.0,12.8,13.1,14.7,14.5,16.1,15.7,16.6,16.1,15.0,12.6,10.2,7.6,5.6,5.5,2.0,-1.2,-3.4,-3.8,-3.8,-3.8,-4.2,-3.0,0.0,22.0,43.1,62.1,13.4,0.5,32.6,25.8,13.6,66.8,,,OBAnorm,,LD831_02097v2.403,,,,0,0
DENATRLA,2025-06-23 23:00:07.000,38.9,37.3,38.6,36.7,32.9,31.1,25.3,22.1,15.4,10.4,12.0,13.3,14.3,15.8,15.7,15.9,15.7,15.4,15.5,12.7,10.4,8.4,11.4,9.9,8.0,2.9,-3.3,-3.5,-3.7,-3.6,-4.1,-2.9,-0.2,22.6,36.8,59.5,13.4,0.5,32.5,25.8,13.7,66.9,,,OBAnorm,,LD831_02097v2.403,,,,0,0
DENATRLA,2025-06-23 23:00:08.000,43.6,46.0,33.5,30.5,26.9,21.4,20.4,13.9,11.6,6.6,10.0,13.2,15.0,15.3,15.8,16.3,15.7,16.1,14.2,12.2,10.3,8.2,11.2,15.1,12.4,2.6,-3.4,-3.8,-3.7,-3.9,-4.4,-3.1,-0.2,23.3,37.0,57.4,13.4,0.5,32.5,25.8,13.7,66.3,,,OBAnorm,,LD831_02097v2.403,,,,0,0
DENATRLA,2025-06-23 23:00:09.000,37.8,36.9,30.8,29.0,24.7,23.7,20.6,17.3,12.1,8.2,9.1,12.7,13.9,15.2,16.1,16.9,15.6,15.4,14.3,12.6,9.8,7.2,7.3,7.7,2.7,-0.8,-3.1,-3.7,-3.8,-3.9,-4.3,-3.0,-0.1,21.8,36.1,55.3,13.4,0.5,32.6,25.8,13.7,66.9,,,OBAnorm,,LD831_02097v2.403,,,,0,0
DENATRLA,2025-06-23 23:00:10.000,35.4,32.4,30.4,33.3,26.2,23.0,21.5,17.7,10.4,7.1,9.8,11.3,14.8,14.4,16.2,15.9,15.3,16.1,14.0,13.2,10.2,9.8,9.9,18.7,6.7,-1.8,-3.1,-3.6,-3.8,-3.8,-4.3,-3.1,-0.3,24.3,30.8,50.3,13.4,0.4,32.6,25.8,13.7,65.7,,,OBAnorm,,LD831_02097v2.403,,,,0,0
DENATRLA,2025-06-23 23:00:11.000,43.6,35.6,31.5,23.5,18.0,16.7,13.7,9.0,9.6,4.6,9.7,12.5,14.4,15.4,16.3,16.3,16.6,16.0,14.7,13.2,10.7,9.6,9.5,11.0,16.3,9.5,4.0,-3.5,-3.7,-3.5,-4.1,-3.0,-0.1,23.8,30.4,50.9,13.4,0.4,32.5,25.8,13.7,65.7,,,OBAnorm,,LD831_02097v2.403,,,,0,0
DENATRLA,2025-06-23 23:00:12.000,36.6,33.0,20.8,18.9,16.7,16.9,11.4,8.9,9.1,6.1,7.6,12.2,14.4,15.9,17.3,15.6,15.4,15.9,14.0,12.2,10.0,7.8,9.3,11.9,2.1,1.3,-1.5,-3.8,-3.8,-3.9,-4.4,-3.1,-0.3,22.4,30.5,53.8,13.4,0.4,32.6,25.8,13.7,66.9,,,OBAnorm,,LD831_02097v2.403,,,,0,0
DENATRLA,2025-06-23 23:00:13.000,28.9,22.4,22.6,18.6,18.3,15.6,13.6,10.1,8.5,4.6,8.3,12.6,14.0,15.8,15.0,14.8,16.0,16.0,15.9,12.4,11.4,8.9,9.7,12.0,10.9,4.4,-1.2,-3.7,-3.5,-3.9,-4.3,-3.0,-0.2,23.0,34.0,52.4,13.4,0.4,32.6,25.8,13.7,66.9,,,OBAnorm,,LD831_02097v2.403,,,,0,0
DENATRLA,2025-06-23 23:00:14.000,24.7,27.7,28.1,27.1,19.0,17.4,11.3,10.9,7.5,6.9,10.3,13.4,14.1,15.1,15.7,16.1,16.0,15.6,14.0,12.9,10.1,6.8,4.3,3.8,4.8,0.6,-3.0,-3.8,-3.8,-3.8,-4.4,-3.1,0.0,21.6,28.4,45.6,13.4,0.4,32.6,25.8,13.7,66.9,,,OBAnorm,,LD831_02097v2.403,,,,0,0
DENATRLA,2025-06-23 23:00:15.000,34.2,34.1,24.2,18.5,17.2,15.5,13.6,10.1,4.4,5.3,8.2,11.1,14.0,16.4,15.9,15.4,15.6,15.1,14.8,12.7,10.4,7.9,9.1,13.6,13.5,0.5,-3.7,-3.9,-3.8,-3.8,-4.4,-3.1,-0.1,23.1,30.0,48.6,13.4,0.4,32.5,25.8,13.7,66.9,,,OBAnorm,,LD831_02097v2.403,,,,0,0
DENATRLA,2025-06-23 23:00:16.000,33.4,26.5,19.3,18.8,18.4,15.2,11.9,10.9,11.4,6.0,9.7,12.6,14.1,15.2,15.9,16.1,15.3,16.4,13.8,11.9,9.8,12.2,14.5,18.1,14.0,1.5,-3.5,-3.8,-3.8,-3.8,-4.4,-3.0,-0.1,24.8,31.3,53.1,13.4,0.3,32.5,25.8,13.7,66.9,,,OBAnorm,,LD831_02097v2.403,,,,0,0
DENATRLA,2025-06-23 23:00:17.000,24.2,19.3,25.9,20.2,20.5,16.1,13.1,10.7,12.8,6.5,8.6,10.3,12.9,14.1,15.8,15.7,16.0,15.4,13.4,11.8,8.8,8.8,9.9,11.5,7.0,8.6,5.3,-3.2,-3.7,-3.8,-4.3,-3.2,-0.2,22.3,29.5,46.9,13.4,0.1,32.6,25.8,13.7,65.1,,,OBAnorm,,LD831_02097v2.403,,,,0,0
DENATRLA,2025-06-23 23:00:18.000,33.4,29.2,25.7,21.5,17.8,14.5,11.4,9.5,10.9,8.1,8.6,12.8,13.5,15.9,15.9,14.9,14.8,15.2,13.2,11.6,9.2,7.6,7.6,11.4,12.4,6.1,-2.3,-3.6,-3.8,-3.8,-4.4,-3.1,-0.1,22.3,31.4,52.0,13.4,0.1,31.3,25.8,13.7,63.4,,,OBAnorm,,LD831_02097v2.403,,,,0,0
DENATRLA,2025-06-23 23:00:19.000,31.6,27.3,25.0,18.6,16.5,17.5,13.8,12.2,13.3,7.1,8.9,12.6,13.7,14.8,15.7,14.9,15.6,15.2,13.4,11.9,9.3,6.2,3.6,3.8,0.8,-2.3,-3.2,-3.8,-3.8,-3.9,-4.4,-3.2,-0.1,20.9,29.8,51.3,13.4,0.1,32.2,25.8,13.7,65.7,,,OBAnorm,,LD831_02097v2.403,,,,0,0
DENATRLA,2025-06-23 23:00:20.000,30.4,26.2,29.1,23.1,16.3,13.8,11.0,9.2,12.8,6.1,9.0,13.9,13.0,15.5,15.1,15.8,16.0,15.5,14.2,11.9,9.6,6.6,3.4,0.8,-0.5,-2.6,-3.9,-3.8,-3.8,-3.9,-4.4,-3.3,-0.2,21.1,29.5,50.1,13.4,0.1,32.5,25.8,13.7,67.4,,,OBAnorm,,LD831_02097v2.403,,,,0,0
DENATRLA,2025-06-23 23:00:21.000,33.5,29.5,22.9,18.4,16.0,16.2,16.0,13.8,12.0,6.7,10.0,12.6,14.2,15.1,15.4,15.4,15.3,15.5,14.9,13.0,10.4,7.6,5.5,6.9,5.3,0.9,-3.5,-3.7,-3.8,-3.8,-4.5,-3.2,-0.2,21.8,32.1,51.0,13.4,0.1,32.5,25.8,13.7,67.4,,,OBAnorm,,LD831_02097v2.403,,,,0,0
DENATRLA,2025-06-23 23:00:22.000,25.8,20.4,25.2,21.4,21.7,22.2,19.0,12.2,7.6,6.9,8.8,12.2,14.5,14.9,17.0,15.2,14.9,15.7,14.4,12.2,10.8,8.6,10.1,13.9,15.1,6.7,-3.6,-3.8,-3.8,-3.9,-4.3,-3.0,-0.1,23.7,33.3,53.0,13.4,0.1,32.5,25.8,13.7,67.4,,,OBAnorm,,LD831_02097v2.403,,,,0,0
DENATRLA,2025-06-23 23:00:23.000,31.2,29.1,29.5,27.4,25.2,19.1,17.8,16.2,11.4,8.7,9.2,12.9,14.6,16.3,15.9,15.6,16.9,16.1,14.9,13.1,10.7,8.5,6.9,6.9,15.5,3.2,-3.3,-3.8,-3.8,-4.0,-4.4,-3.1,-0.1,23.2,32.7,49.0,13.4,0.1,32.5,25.8,13.7,67.4,,,OBAnorm,,LD831_02097v2.403,,,,0,0
DENATRLA,2025-06-23 23:00:24.000,32.2,32.3,30.4,28.0,24.4,21.7,17.3,16.1,11.0,7.3,9.9,11.5,14.2,16.1,16.0,14.8,15.5,15.6,15.0,13.2,10.9,8.1,4.4,2.3,2.1,-0.3,-1.9,-3.2,-3.0,-3.8,-4.4,-3.1,-0.2,21.9,34.2,52.2,13.4,0.1,32.6,25.8,13.7,67.4,,,OBAnorm,,LD831_02097v2.403,,,,0,0
DENATRLA,2025-06-23 23:00:25.000,32.7,32.6,32.1,27.7,24.3,21.0,17.8,11.0,11.8,6.9,8.8,13.7,15.0,17.0,17.1,16.8,17.0,15.9,14.4,13.6,11.8,9.9,10.1,14.6,9.0,0.3,-3.4,-3.7,-3.7,-3.9,-4.3,-3.1,-0.1,23.7,33.4,47.7,13.4,0.1,32.6,25.8,13.7,67.4,,,OBAnorm,,LD831_02097v2.403,,,,0,0
DENATRLA,2025-06-23 23:00:26.000,33.3,28.7,30.4,26.2,23.3,18.4,14.7,9.4,10.9,6.2,10.0,12.7,14.5,16.6,16.9,16.4,16.4,17.0,15.2,13.6,11.1,9.9,9.8,17.0,11.6,9.0,-3.2,-3.9,-3.8,-3.9,-4.3,-3.1,-0.2,24.2,30.3,49.5,13.4,0.1,32.6,25.8,13.7,67.4,,,OBAnorm,,LD831_02097v2.403,,,,0,0
DENATRLA,2025-06-23 23:00:27.000,36.0,28.9,27.0,20.8,15.3,15.1,13.9,11.0,13.3,7.8,9.3,12.9,14.9,15.5,17.3,16.2,16.2,16.9,15.3,13.5,11.6,9.3,7.2,9.6,6.1,1.3,-3.3,-3.8,-3.8,-4.0,-4.4,-3.3,-0.3,22.9,29.4,45.6,13.4,0.0,32.6,25.8,13.7,67.4,,,OBAnorm,,LD831_02097v2.403,,,,0,0
DENATRLA,2025-06-23 23:00:28.000,32.4,25.8,19.2,16.0,17.7,16.1,12.4,11.3,12.2,7.9,9.5,13.4,14.3,15.5,17.6,16.3,17.2,16.7,15.3,14.1,12.1,12.4,12.8,13.1,13.0,1.6,-3.6,-3.8,-3.7,-3.8,-4.3,-3.1,-0.1,24.3,28.7,43.1,13.4,0.0,32.5,25.8,13.7,67.4,,,OBAnorm,,LD831_02097v2.403,,,,0,0
DENATRLA,2025-06-23 23:00:29.000,32.3,27.5,15.7,17.7,14.2,15.5,13.1,9.2,8.7,7.1,10.4,11.7,15.3,16.5,16.9,15.8,16.5,17.0,15.4,13.4,11.4,10.6,10.7,11.0,10.6,4.6,2.2,-3.8,-3.8,-3.9,-4.4,-3.2,-0.2,23.4,28.4,40.4,13.4,0.0,32.6,25.8,13.7,68.0,,,OBAnorm,,LD831_02097v2.403,,,,0,0
DENATRLA,2025-06-23 23:00:30.000,28.0,23.4,19.7,17.7,15.9,21.3,13.0,9.0,7.4,7.6,9.3,14.5,13.9,15.9,17.2,16.5,16.4,16.7,14.7,13.2,10.7,12.6,7.4,7.8,6.0,3.9,-3.4,-3.6,-3.6,-3.7,-4.3,-3.0,-0.1,22.9,27.8,42.4,13.4,0.0,32.6,25.8,13.7,68.0,,,OBAnorm,,LD831_02097v2.403,,,,0,0
DENATRLA,2025-06-23 23:00:31.000,26.8,20.3,18.9,16.8,14.0,16.1,13.2,10.2,4.3,6.8,9.1,12.1,15.2,15.7,17.0,16.7,16.5,16.6,14.7,13.6,11.4,7.8,6.9,7.4,5.1,2.0,-2.7,-3.7,-3.7,-3.8,-4.3,-3.1,-0.1,22.5,28.4,46.7,13.4,0.0,32.6,25.8,13.7,68.0,,,OBAnorm,,LD831_02097v2.403,,,,0,0
DENATRLA,2025-06-23 23:00:32.000,29.1,21.3,21.4,19.0,19.2,16.4,10.7,12.0,9.1,6.8,9.8,11.5,14.6,16.0,16.8,15.4,16.0,16.7,14.6,13.3,10.9,8.9,15.9,18.3,16.5,1.8,-2.8,-3.7,-3.7,-3.9,-4.4,-3.2,-0.1,25.5,29.1,46.0,13.4,0.0,32.5,25.8,13.7,68.0,,,OBAnorm,,LD831_02097v2.403,,,,0,0
DENATRLA,2025-06-23 23:00:33.000,23.7,19.6,20.5,16.9,14.5,16.8,9.8,9.1,7.3,7.1,9.6,13.8,14.1,15.5,16.7,16.4,15.3,16.7,14.3,12.6,10.3,8.2,7.4,9.5,8.5,1.9,-2.5,-3.7,-3.7,-3.9,-4.4,-3.2,-0.3,22.3,27.8,47.9,13.4,0.0,32.6,25.8,13.7,68.0,,,OBAnorm,,LD831_02097v2.403,,,,0,0
DENATRLA,2025-06-23 23:00:34.000,23.9,25.2,23.2,18.8,13.7,14.4,11.0,8.6,7.3,7.1,11.0,13.4,14.2,15.1,16.7,15.1,16.1,15.7,14.3,12.6,10.5,7.2,3.5,2.8,0.2,-2.5,-3.5,-3.7,-3.5,-3.8,-4.2,-3.1,-0.1,21.5,28.5,46.9,13.4,0.0,32.5,25.8,13.7,68.0,,,OBAnorm,,LD831_02097v2.403,,,,0,0
DENATRLA,2025-06-23 23:00:35.000,21.3,23.2,22.2,18.2,15.4,14.1,12.3,9.0,9.6,9.1,10.8,13.1,14.7,16.7,17.3,16.8,15.8,15.7,14.5,12.2,9.9,7.0,3.5,0.2,-2.1,-3.1,-3.6,-3.8,-3.8,-3.9,-4.4,-3.2,-0.2,21.5,28.9,47.8,13.4,0.0,32.5,25.8,13.7,68.0,,,OBAnorm,,LD831_02097v2.403,,,,0,0
DENATRLA,2025-06-23 23:00:36.000,23.0,19.4,21.5,18.1,15.6,13.2,12.9,9.0,7.6,9.6,13.0,11.3,14.2,15.9,16.7,16.3,15.9,15.5,14.4,12.2,10.6,11.5,17.2,20.0,13.3,5.5,-3.8,-3.9,-3.8,-4.0,-4.5,-3.2,-0.1,25.9,28.7,42.2,13.4,0.0,32.6,25.8,13.7,68.0,,,OBAnorm,,LD831_02097v2.403,,,,0,0
DENATRLA,2025-06-23 23:00:37.000,31.7,25.0,22.1,18.8,15.0,15.2,14.4,9.1,10.9,9.0,12.1,14.3,15.6,16.0,17.2,15.7,15.6,16.3,14.9,12.7,10.8,8.5,9.3,12.3,13.7,11.3,3.1,-3.7,-3.8,-4.0,-4.4,-3.2,-0.1,23.6,29.1,44.7,13.4,0.0,32.5,25.8,13.7,68.0,,,OBAnorm,,LD831_02097v2.403,,,,0,0
DENATRLA,2025-06-23 23:00:38.000,22.2,20.5,21.0,17.0,18.3,15.7,13.9,8.8,8.3,7.9,11.1,13.2,15.2,17.0,17.2,16.9,15.5,15.7,14.6,12.5,10.0,7.2,6.3,6.1,2.3,-1.8,-3.4,-3.7,-3.6,-3.7,-4.2,-3.0,-0.1,21.9,28.0,43.1,13.4,0.0,32.6,25.8,13.7,68.0,,,OBAnorm,,LD831_02097v2.403,,,,0,0
DENATRLA,2025-06-23 23:00:39.000,24.2,23.2,22.5,17.0,14.2,14.9,12.7,10.3,11.7,7.6,12.6,14.1,16.2,17.7,17.1,17.8,15.8,16.3,14.7,12.8,10.6,7.2,7.0,6.8,3.0,-2.2,-3.5,-3.8,-3.8,-3.9,-4.4,-3.3,-0.2,22.3,28.2,44.6,13.4,0.0,32.5,25.8,13.7,68.0,,,OBAnorm,,LD831_02097v2.403,,,,0,0
DENATRLA,2025-06-23 23:00:40.000,26.8,25.1,18.7,16.3,16.9,15.3,12.0,10.5,10.0,7.1,11.1,13.7,16.2,17.0,17.6,17.3,16.6,17.0,15.1,13.0,10.8,8.8,10.2,12.0,11.5,0.9,-3.2,-3.8,-3.7,-3.9,-4.4,-3.3,-0.2,23.4,28.8,46.1,13.4,0.0,32.6,25.8,13.7,68.0,,,OBAnorm,,LD831_02097v2.403,,,,0,0
DENATRLA,2025-06-23 23:00:41.000,19.1,25.2,21.3,17.0,15.6,12.8,13.2,9.9,9.4,6.9,12.0,14.1,16.2,17.3,17.5,17.5,15.5,16.7,15.3,13.2,11.2,11.6,8.8,10.0,11.1,-1.1,-3.9,-3.9,-3.8,-4.0,-4.5,-3.2,-0.2,23.3,28.5,48.4,13.4,0.0,32.5,25.8,13.7,68.0,,,OBAnorm,,LD831_02097v2.403,,,,0,0
DENATRLA,2025-06-23 23:00:42.000,26.1,22.4,21.3,15.8,14.3,14.0,12.7,8.6,9.0,8.3,11.1,15.2,16.0,17.1,17.7,16.3,16.7,16.6,15.9,13.1,10.7,12.0,12.9,17.4,13.4,7.7,-2.9,-3.8,-3.8,-4.0,-4.5,-3.3,-0.2,25.0,28.8,44.0,13.4,0.0,32.5,25.8,13.7,68.0,,,OBAnorm,,LD831_02097v2.403,,,,0,0
DENATRLA,2025-06-23 23:00:43.000,30.8,22.7,18.3,17.9,16.1,15.4,11.2,9.5,13.7,6.1,11.4,13.5,16.4,16.4,17.5,16.4,16.6,16.5,15.4,13.1,10.9,7.6,7.2,6.9,11.6,0.4,-3.2,-3.8,-3.8,-4.0,-4.4,-3.1,-0.3,22.8,28.2,42.4,13.4,0.0,32.6,25.8,13.7,68.0,,,OBAnorm,,LD831_02097v2.403,,,,0,0
DENATRLA,2025-06-23 23:00:44.000,22.5,24.8,21.7,17.2,14.1,16.1,11.5,9.1,12.8,7.2,9.9,15.2,15.3,17.0,17.0,16.6,16.3,16.1,14.4,13.2,10.6,7.5,3.9,4.5,12.5,-1.4,-3.1,-3.8,-3.8,-3.9,-4.4,-3.1,-0.2,22.6,28.9,47.1,13.4,0.0,32.6,25.7,13.7,68.0,,,OBAnorm,,LD831_02097v2.403,,,,0,0
DENATRLA,2025-06-23 23:00:45.000,23.0,19.4,19.9,18.5,17.4,13.3,13.7,10.0,10.2,7.1,12.6,15.5,16.1,17.5,17.9,16.2,16.3,16.0,14.6,12.6,10.5,7.0,5.2,4.2,3.6,-1.2,-3.5,-3.8,-3.9,-4.0,-4.5,-3.2,-0.2,22.0,27.8,41.9,13.4,0.0,32.6,25.8,13.7,68.0,,,OBAnorm,,LD831_02097v2.403,,,,0,0
DENATRLA,2025-06-23 23:00:46.000,26.0,19.0,21.0,18.0,15.1,12.6,12.8,9.5,13.4,7.4,11.5,14.7,16.1,17.0,15.9,16.8,15.3,16.4,13.9,12.3,10.2,8.9,6.6,16.2,8.4,-3.0,-3.8,-3.9,-3.8,-3.9,-4.4,-3.3,0.0,23.3,28.4,46.8,13.4,0.0,32.5,25.8,13.7,68.0,,,OBAnorm,,LD831_02097v2.403,,,,0,0
DENATRLA,2025-06-23 23:00:47.000,28.5,19.6,18.6,19.1,13.3,14.0,12.4,10.9,12.6,7.6,10.4,14.5,15.0,16.6,17.2,16.7,16.1,16.0,13.5,12.3,10.3,9.9,9.7,14.0,10.5,5.3,-2.8,-3.9,-3.8,-3.9,-4.3,-3.2,-0.1,23.3,30.7,53.0,13.4,0.0,32.5,25.8,13.7,68.0,,,OBAnorm,,LD831_02097v2.403,,,,0,0
DENATRLA,2025-06-23 23:00:48.000,27.8,23.3,20.4,17.6,15.3,17.1,12.9,10.0,13.5,7.8,10.9,18.1,15.3,16.1,16.8,15.7,15.6,16.4,14.8,13.1,10.8,8.5,6.8,8.3,6.2,2.5,-3.4,-3.8,-3.8,-3.9,-4.3,-3.0,-0.1,22.5,32.2,52.6,13.4,0.0,32.5,25.8,13.7,68.0,,,OBAnorm,,LD831_02097v2.403,,,,0,0
DENATRLA,2025-06-23 23:00:49.000,27.2,24.6,21.8,23.9,16.6,16.9,12.7,10.8,15.3,7.7,14.1,18.2,16.4,17.0,17.7,16.5,16.2,15.8,15.6,13.0,10.7,7.6,4.4,2.1,2.7,0.2,-3.8,-3.8,-3.8,-3.9,-4.4,-3.2,-0.1,22.3,29.7,45.8,13.4,0.0,32.5,25.8,13.7,68.0,,,OBAnorm,,LD831_02097v2.403,,,,0,0
DENATRLA,2025-06-23 23:00:50.000,32.2,26.6,23.7,21.0,18.6,15.0,12.2,9.2,18.2,10.2,12.8,22.0,19.4,19.3,17.5,16.9,16.2,16.6,15.2,12.9,10.2,8.6,5.1,6.3,7.3,-2.3,-3.8,-3.9,-3.9,-3.9,-4.4,-3.3,-0.2,22.9,30.0,48.5,13.4,0.0,32.5,25.8,13.7,68.0,,,OBAnorm,,LD831_02097v2.403,,,,0,0
DENATRLA,2025-06-23 23:00:51.000,30.7,28.4,22.2,19.5,15.6,11.6,10.9,11.3,18.6,11.3,11.7,26.9,20.4,19.3,17.6,16.5,15.6,16.5,14.7,12.5,11.5,10.6,10.9,16.4,14.3,10.6,2.5,-3.5,-3.9,-3.9,-4.4,-3.2,-0.2,25.0,31.4,45.9,13.4,0.0,32.6,25.8,13.7,68.0,,,OBAnorm,,LD831_02097v2.403,,,,0,0
DENATRLA,2025-06-23 23:00:52.000,26.7,24.5,19.5,16.9,14.7,14.0,11.0,11.4,17.3,13.6,10.7,16.8,17.2,19.4,17.0,16.8,15.4,16.0,14.7,12.7,10.0,7.0,7.0,10.5,8.8,4.0,-2.2,-3.7,-3.8,-3.9,-4.5,-3.2,-0.1,22.8,28.8,39.4,13.4,0.0,32.5,25.8,13.7,68.0,,,OBAnorm,,LD831_02097v2.403,,,,0,0
DENATRLA,2025-06-23 23:00:53.000,27.8,23.7,23.4,19.9,11.4,15.7,12.7,8.8,15.3,12.9,11.9,20.0,21.6,21.8,18.8,16.6,15.6,16.6,14.3,12.9,10.7,8.4,7.8,7.2,4.5,-0.5,-3.6,-3.8,-3.9,-3.9,-4.4,-3.2,-0.2,23.0,30.2,45.4,13.4,0.0,32.6,25.8,13.7,68.0,,,OBAnorm,,LD831_02097v2.403,,,,0,0
DENATRLA,2025-06-23 23:00:54.000,24.9,25.1,19.3,19.1,16.4,16.8,13.4,11.9,14.8,13.0,9.7,17.9,18.3,24.2,17.5,17.6,16.6,16.6,14.5,13.1,11.2,7.7,7.6,10.1,10.5,3.2,-3.1,-3.8,-3.8,-4.0,-4.4,-3.2,-0.2,23.7,30.7,48.4,13.4,0.0,32.5,25.8,13.7,68.0,,,OBAnorm,,LD831_02097v2.403,,,,0,0
DENATRLA,2025-06-23 23:00:55.000,23.5,25.4,22.7,18.2,16.2,14.1,13.1,10.4,13.8,10.9,9.1,18.0,19.0,24.1,18.8,17.9,16.7,15.9,15.3,13.2,11.5,9.6,9.2,12.0,7.2,3.1,-3.3,-3.8,-3.8,-4.0,-4.4,-3.2,-0.2,23.9,30.7,45.4,13.4,0.0,32.6,25.8,13.7,68.0,,,OBAnorm,,LD831_02097v2.403,,,,0,0
DENATRLA,2025-06-23 23:00:56.000,30.3,24.0,22.6,18.7,17.3,12.5,13.9,8.0,12.8,15.0,11.3,19.2,23.4,25.7,20.5,20.3,18.1,17.2,15.3,13.1,10.9,11.0,12.5,16.2,16.2,1.0,-3.5,-3.8,-3.8,-3.9,-4.5,-2.9,-0.1,26.6,33.4,46.6,13.4,0.0,32.5,25.8,13.7,68.0,,,OBAnorm,,LD831_02097v2.403,,,,0,0
DENATRLA,2025-06-23 23:00:57.000,25.4,24.6,24.0,21.0,17.9,17.5,15.2,11.1,12.7,16.2,11.4,24.5,27.3,33.8,27.1,19.6,19.6,16.5,15.2,13.4,11.4,13.7,16.4,15.9,17.6,14.7,5.7,-3.8,-3.9,-3.9,-4.5,-3.2,-0.2,29.6,36.7,46.4,13.4,0.0,32.5,25.8,13.7,68.0,,,OBAnorm,,LD831_02097v2.403,,,,0,0
DENATRLA,2025-06-23 23:00:58.000,26.9,24.4,24.7,20.9,16.0,16.6,13.1,11.4,10.7,14.3,11.1,18.1,24.7,29.3,22.4,17.9,16.8,16.9,15.0,12.7,10.6,9.2,6.8,7.5,6.4,7.2,0.7,-3.7,-3.8,-4.0,-4.5,-3.3,-0.2,24.9,32.9,49.3,13.4,0.0,32.6,25.8,13.7,68.0,,,OBAnorm,,LD831_02097v2.403,,,,0,0
DENATRLA,2025-06-23 23:00:59.000,29.9,27.1,21.6,19.0,17.4,15.5,12.9,11.4,8.6,7.7,10.5,14.8,17.2,20.2,17.3,17.3,16.6,16.2,14.3,12.9,10.6,8.5,7.2,7.2,3.5,-0.4,-3.7,-3.8,-3.8,-4.0,-4.5,-3.1,-0.1,22.5,29.9,49.8,13.4,0.0,32.5,25.8,13.7,68.0,,,OBAnorm,,LD831_02097v2.403,,,,0,0
DENATRLA,2025-06-23 23:01:00.000,24.1,20.2,25.1,19.2,15.3,13.6,13.7,12.1,9.0,8.7,9.4,16.4,16.9,17.6,17.3,17.1,16.5,15.4,14.3,12.5,10.3,10.8,11.8,14.8,11.5,4.8,-3.0,-3.8,-3.8,-4.0,-4.4,-3.3,-0.1,23.8,30.3,49.4,13.4,0.0,32.5,25.8,13.7,68.6,,,OBAnorm,,LD831_02097v2.403,,,,0,0
DENATRLA,2025-06-23 23:01:01.000,32.0,26.4,21.5,21.5,18.4,23.2,15.7,10.7,7.9,8.6,9.1,14.9,15.8,16.8,17.5,17.1,15.9,15.3,14.6,12.9,10.2,9.3,8.0,12.4,14.4,6.6,-2.6,-3.9,-3.8,-4.0,-4.4,-3.2,-0.2,23.3,30.6,47.6,13.4,0.0,32.5,25.7,13.7,68.6,,,OBAnorm,,LD831_02097v2.403,,,,0,0
DENATRLA,2025-06-23 23:01:02.000,24.2,24.7,23.2,21.5,17.9,16.2,14.2,9.8,10.2,6.9,9.5,15.4,15.4,16.3,16.1,15.4,15.8,15.7,14.7,13.3,10.8,13.3,13.3,16.3,18.9,12.4,-3.3,-3.8,-3.9,-4.0,-4.4,-3.2,-0.1,25.8,28.9,45.0,13.4,0.0,32.5,25.8,13.7,68.6,,,OBAnorm,,LD831_02097v2.403,,,,0,0
DENATRLA,2025-06-23 23:01:03.000,28.6,30.6,22.8,17.3,16.0,16.1,11.9,8.1,7.9,6.1,8.3,15.2,15.1,16.2,16.3,17.4,16.4,16.1,14.7,12.9,10.3,8.2,6.8,7.7,11.8,11.6,7.2,-3.4,-3.5,-3.7,-4.4,-3.2,0.0,23.2,28.7,44.8,13.4,0.0,32.5,25.8,13.7,68.6,,,OBAnorm,,LD831_02097v2.403,,,,0,0
DENATRLA,2025-06-23 23:01:04.000,27.5,27.3,21.0,16.3,17.5,19.3,15.5,14.2,9.5,8.3,8.9,14.8,15.1,15.7,16.9,16.5,16.3,15.8,14.5,13.2,10.8,8.9,10.3,10.7,10.8,1.5,-3.0,-3.7,-3.7,-3.9,-4.4,-3.1,-0.1,22.9,28.1,45.4,13.4,0.0,32.5,25.8,13.6,68.6,,,OBAnorm,,LD831_02097v2.403,,,,0,0
DENATRLA,2025-06-23 23:01:05.000,25.2,21.9,21.0,20.7,16.6,16.7,12.4,13.1,10.6,8.0,9.2,14.4,15.7,15.9,16.1,16.7,16.3,16.5,15.1,12.6,10.5,11.7,9.8,14.6,9.7,1.4,-3.6,-3.8,-3.5,-3.8,-4.5,-3.3,-0.1,23.5,28.7,43.0,13.4,0.0,32.5,25.8,13.6,68.6,,,OBAnorm,,LD831_02097v2.403,,,,0,0
DENATRLA,2025-06-23 23:01:06.000,23.0,22.6,22.9,21.9,16.5,14.0,11.3,8.5,9.9,8.3,10.3,15.9,14.8,16.4,16.1,16.7,16.0,14.9,14.2,12.4,9.9,7.1,6.5,10.8,9.5,6.3,-3.4,-3.9,-3.8,-4.0,-4.4,-3.3,-0.2,22.2,27.5,38.8,13.4,0.0,32.6,25.7,13.6,68.6,,,OBAnorm,,LD831_02097v2.403,,,,0,0
DENATRLA,2025-06-23 23:01:07.000,19.5,22.9,19.4,17.5,20.1,14.5,9.0,7.6,8.4,7.3,10.6,14.3,14.9,16.7,18.0,16.0,15.4,15.7,13.5,12.8,9.8,7.7,5.6,3.6,5.2,0.5,-3.9,-3.8,-3.9,-4.0,-4.4,-3.2,-0.2,21.8,28.1,41.9,13.4,0.0,32.5,25.8,13.6,68.6,,,OBAnorm,,LD831_02097v2.403,,,,0,0
DENATRLA,2025-06-23 23:01:08.000,22.2,24.5,24.3,15.3,14.0,14.5,11.6,11.4,9.2,6.4,9.9,13.9,14.8,16.1,17.3,17.0,15.6,16.4,15.0,13.0,10.6,10.7,10.3,13.9,12.0,4.0,-2.3,-3.8,-3.8,-3.9,-4.4,-3.2,-0.2,23.6,28.4,44.8,13.4,0.0,32.6,25.7,13.6,68.6,,,OBAnorm,,LD831_02097v2.403,,,,0,0
DENATRLA,2025-06-23 23:01:09.000,26.2,24.0,21.9,14.4,15.3,15.7,10.0,7.9,7.7,6.7,10.3,13.3,14.6,16.3,16.0,16.6,15.3,16.2,14.2,12.4,10.4,8.0,5.4,7.2,2.9,-0.4,-3.0,-3.8,-3.8,-4.0,-4.5,-3.2,-0.2,21.8,28.8,41.1,13.4,0.0,32.5,25.7,13.6,68.6,,,OBAnorm,,LD831_02097v2.403,,,,0,0
DENATRLA,2025-06-23 23:01:10.000,26.7,24.7,21.0,17.1,12.9,12.7,12.1,10.3,8.6,6.5,9.8,12.7,14.9,15.7,16.4,16.3,16.2,15.3,13.9,12.2,10.3,6.6,5.4,5.1,1.9,-3.4,-4.0,-3.9,-3.9,-4.0,-4.4,-3.2,-0.2,21.4,31.9,44.5,13.4,0.0,32.6,25.8,13.6,68.6,,,OBAnorm,,LD831_02097v2.403,,,,0,0
DENATRLA,2025-06-23 23:01:11.000,26.8,26.1,22.4,16.1,13.7,12.1,11.5,10.6,7.7,4.6,8.6,11.6,14.4,15.3,15.2,16.7,15.2,14.6,14.2,12.1,9.4,7.1,9.8,13.9,17.3,5.7,-3.8,-3.9,-3.9,-3.8,-4.2,-3.1,-0.2,23.9,31.2,44.8,13.4,0.0,32.5,25.7,13.6,68.6,,,OBAnorm,,LD831_02097v2.403,,,,0,0
DENATRLA,2025-06-23 23:01:12.000,35.5,34.6,27.1,13.8,14.6,10.5,10.3,8.2,8.3,4.8,9.1,12.8,12.9,15.6,16.4,15.5,15.8,14.8,12.6,11.8,9.1,6.4,6.3,6.8,3.6,2.4,-2.3,-3.9,-3.9,-4.0,-4.5,-3.2,-0.2,21.3,30.1,45.5,13.4,0.0,32.5,25.7,13.6,68.6,,,OBAnorm,,LD831_02097v2.403,,,,0,0
DENATRLA,2025-06-23 23:01:13.000,33.8,35.5,22.8,18.1,13.2,11.7,11.6,5.5,7.1,6.2,9.4,12.8,14.0,16.7,16.0,15.6,15.8,15.2,13.0,12.1,9.5,13.5,14.7,14.9,11.9,3.4,-3.9,-3.9,-3.8,-3.9,-4.3,-3.2,-0.1,23.9,28.8,40.9,13.4,0.0,32.5,25.7,13.6,68.0,,,OBAnorm,,LD831_02097v2.403,,,,0,0
DENATRLA,2025-06-23 23:01:14.000,36.6,32.8,28.3,16.2,11.6,12.5,9.3,8.9,4.5,6.1,9.4,14.4,14.0,15.8,16.1,16.8,14.6,14.5,13.5,11.4,9.2,6.1,6.9,8.0,4.9,7.7,0.8,-3.7,-3.8,-4.0,-4.5,-3.1,-0.2,21.5,27.8,43.6,13.4,0.0,32.5,25.7,13.6,68.0,,,OBAnorm,,LD831_02097v2.403,,,,0,0
DENATRLA,2025-06-23 23:01:15.000,33.1,30.3,21.4,20.0,14.4,12.6,10.8,5.7,8.5,6.1,9.9,13.5,13.6,15.3,15.4,16.2,14.7,15.4,14.0,11.3,9.0,5.8,3.2,3.4,-1.0,-1.9,-3.9,-3.8,-3.8,-4.0,-4.5,-3.3,-0.3,20.7,27.2,41.9,13.4,0.0,32.6,25.7,13.6,68.0,,,OBAnorm,,LD831_02097v2.403,,,,0,0
DENATRLA,2025-06-23 23:01:16.000,29.8,20.6,18.3,18.2,10.3,10.3,12.2,8.3,7.3,6.5,9.4,11.0,12.3,14.4,16.0,15.9,15.5,14.1,14.0,11.6,9.7,7.1,6.5,10.6,8.1,3.1,-3.9,-3.8,-3.8,-3.9,-4.4,-3.2,-0.2,21.8,27.4,41.0,13.4,0.0,32.5,25.8,13.6,68.0,,,OBAnorm,,LD831_02097v2.403,,,,0,0
DENATRLA,2025-06-23 23:01:17.000,28.3,24.4,23.0,19.1,13.8,12.5,10.8,8.9,5.9,7.5,9.0,12.3,13.9,15.1,15.8,15.9,15.3,14.7,12.7,11.5,9.2,7.4,8.4,9.5,6.5,1.6,-3.2,-3.8,-3.8,-3.8,-4.4,-3.2,-0.1,21.4,27.7,39.0,13.4,0.0,32.5,25.8,13.6,68.0,,,OBAnorm,,LD831_02097v2.403,,,,0,0
DENATRLA,2025-06-23 23:01:18.000,28.5,24.5,19.8,23.5,16.9,13.9,12.0,9.6,7.6,7.5,9.5,12.1,13.7,14.5,15.1,15.3,14.7,13.9,13.1,10.8,9.5,9.6,8.4,9.2,1.9,-0.4,-3.2,-3.8,-3.8,-3.9,-4.4,-3.0,0.0,21.3,26.8,42.0,13.4,0.0,32.5,25.7,13.6,68.0,,,OBAnorm,,LD831_02097v2.403,,,,0,0
DENATRLA,2025-06-23 23:01:19.000,29.5,26.5,21.6,17.9,14.4,13.2,10.8,11.0,8.6,5.9,7.8,12.1,13.7,15.6,15.5,15.9,14.7,14.4,12.9,11.1,10.1,9.5,11.3,13.5,15.2,11.4,5.0,-3.7,-3.8,-3.9,-4.4,-3.1,-0.2,23.5,28.6,47.7,13.4,0.0,32.6,25.7,13.6,68.0,,,OBAnorm,,LD831_02097v2.403,,,,0,0
DENATRLA,2025-06-23 23:01:20.000,24.4,23.4,18.9,20.6,16.7,14.6,9.9,9.5,9.5,7.2,9.5,12.2,13.0,14.1,15.1,14.8,15.1,13.5,13.3,11.2,8.7,6.5,6.5,11.7,9.1,6.5,-0.9,-3.8,-3.8,-4.0,-4.4,-3.1,-0.1,21.6,27.2,44.9,13.4,0.0,32.5,25.7,13.6,68.0,,,OBAnorm,,LD831_02097v2.403,,,,0,0
DENATRLA,2025-06-23 23:01:21.000,23.5,24.3,17.9,18.6,11.8,14.5,7.8,10.8,9.9,5.9,8.5,12.2,14.6,13.8,15.5,15.1,14.1,14.5,13.2,10.9,9.0,7.3,11.8,9.5,9.4,-1.2,-3.7,-3.9,-3.8,-3.9,-4.3,-3.3,-0.1,21.7,28.4,50.5,13.4,0.0,32.5,25.8,13.6,68.0,,,OBAnorm,,LD831_02097v2.403,,,,0,0
DENATRLA,2025-06-23 23:01:22.000,23.8,23.2,20.4,21.2,16.1,12.3,11.8,10.0,9.9,4.9,9.5,12.4,13.8,14.1,16.5,16.1,14.2,14.2,13.7,11.6,9.4,6.6,11.0,13.7,14.4,1.7,-3.6,-3.3,-3.5,-3.7,-4.3,-3.2,0.0,23.0,29.0,47.0,13.4,0.0,32.6,25.7,13.6,68.0,,,OBAnorm,,LD831_02097v2.403,,,,0,0
DENATRLA,2025-06-23 23:01:23.000,29.7,21.4,19.8,16.8,14.6,12.8,10.8,9.5,9.6,5.4,10.0,12.0,13.5,15.1,16.4,15.2,15.1,14.5,13.7,11.5,8.9,5.6,2.6,2.0,1.0,-2.5,-3.8,-3.9,-3.8,-4.0,-4.4,-3.2,-0.2,20.6,27.0,41.9,13.4,0.0,32.6,25.7,13.6,68.0,,,OBAnorm,,LD831_02097v2.403,,,,0,0
DENATRLA,2025-06-23 23:01:24.000,28.8,23.7,21.6,14.6,14.9,10.3,9.9,9.8,9.9,6.7,9.5,12.0,14.2,15.8,16.3,15.6,15.0,14.6,13.1,10.7,9.2,6.2,5.5,5.1,1.9,-2.9,-4.0,-3.9,-3.8,-4.0,-4.4,-3.1,0.0,20.9,29.2,47.6,13.4,0.0,32.5,25.8,13.6,68.0,,,OBAnorm,,LD831_02097v2.403,,,,0,0
DENATRLA,2025-06-23 23:01:25.000,29.2,24.5,20.7,17.6,17.4,12.7,13.3,10.3,6.5,6.2,9.0,11.5,15.0,16.2,16.8,15.2,14.7,14.6,13.6,11.2,9.3,9.6,14.5,18.9,16.5,13.0,0.8,-3.9,-3.8,-3.9,-4.4,-3.0,-0.1,25.4,30.1,46.6,13.4,0.0,32.6,25.7,13.6,68.0,,,OBAnorm,,LD831_02097v2.403,,,,0,0
DENATRLA,2025-06-23 23:01:26.000,26.4,22.4,23.1,19.7,17.0,14.9,11.8,10.1,9.5,8.3,10.1,14.8,15.2,16.8,16.8,16.0,14.6,14.7,14.3,11.9,9.2,6.7,6.0,8.7,5.9,7.4,1.5,-1.9,-3.9,-3.9,-4.4,-3.0,0.0,21.8,27.4,44.9,13.4,0.0,32.6,25.7,13.6,68.0,,,OBAnorm,,LD831_02097v2.403,,,,0,0
DENATRLA,2025-06-23 23:01:27.000,33.8,27.3,21.2,15.4,15.2,11.6,10.9,10.0,8.3,6.7,9.9,12.9,15.2,16.9,17.0,16.3,16.3,15.6,13.7,12.3,9.9,6.6,4.9,6.3,2.0,0.0,-3.7,-3.8,-3.8,-3.9,-4.4,-3.2,-0.3,21.7,28.6,44.2,13.4,0.0,32.5,25.7,13.6,68.0,,,OBAnorm,,LD831_02097v2.403,,,,0,0
DENATRLA,2025-06-23 23:01:28.000,31.9,24.0,18.3,19.3,16.2,11.3,16.4,11.1,5.9,5.8,9.0,13.1,14.7,16.5,17.7,16.8,15.6,15.7,14.3,12.1,9.0,6.7,4.0,2.3,4.9,0.8,-3.5,-3.8,-3.8,-3.9,-4.4,-3.3,-0.2,21.7,28.5,44.7,13.4,0.0,32.5,25.7,13.6,68.0,,,OBAnorm,,LD831_02097v2.403,,,,0,0
DENATRLA,2025-06-23 23:01:29.000,27.4,21.9,19.8,18.7,16.3,13.5,10.8,10.4,8.1,8.2,9.8,13.4,15.1,17.4,17.5,16.5,16.1,15.1,13.8,11.5,9.6,6.9,7.2,9.6,4.4,0.9,-2.7,-3.8,-3.8,-3.9,-4.4,-3.2,-0.2,21.9,28.2,43.8,13.4,0.0,32.5,25.7,13.6,68.0,,,OBAnorm,,LD831_02097v2.403,,,,0,0
DENATRLA,2025-06-23 23:01:30.000,25.5,26.6,19.7,16.7,14.9,13.3,9.5,9.5,8.1,6.9,10.2,13.0,15.0,16.2,17.4,15.6,15.4,15.4,13.3,12.2,9.2,8.1,9.1,12.3,9.6,3.5,-1.3,-3.6,-3.6,-3.5,-4.2,-3.0,-0.2,22.4,29.0,46.1,13.4,0.0,32.5,25.7,13.6,68.0,,,OBAnorm,,LD831_02097v2.403,,,,0,0
DENATRLA,2025-06-23 23:01:31.000,27.5,27.7,24.4,20.3,14.9,12.6,10.1,11.0,6.9,7.5,7.1,12.0,15.5,16.2,15.9,17.4,15.6,15.0,13.2,12.3,9.2,6.6,6.1,6.0,3.9,1.2,-1.3,-3.7,-3.0,-3.1,-3.7,-2.6,0.0,21.4,31.6,43.0,13.4,0.0,32.5,25.7,13.6,68.0,,,OBAnorm,,LD831_02097v2.403,,,,0,0
DENATRLA,2025-06-23 23:01:32.000,29.3,27.4,24.1,21.7,16.3,19.4,12.8,9.5,9.1,6.3,11.2,12.4,15.1,16.2,16.5,16.7,15.1,15.2,13.7,11.7,9.2,13.2,17.5,15.5,12.2,4.6,0.2,-3.2,-2.0,-1.6,-3.2,-2.6,0.0,24.7,32.6,47.0,13.4,0.0,32.5,25.7,13.6,68.0,,,OBAnorm,,LD831_02097v2.403,,,,0,0
DENATRLA,2025-06-23 23:01:33.000,33.6,33.1,30.5,21.1,15.6,10.9,14.4,10.0,7.6,7.1,9.1,12.4,13.8,16.5,17.1,16.2,15.8,15.4,13.0,12.7,9.6,6.4,5.5,6.8,3.4,4.6,1.9,-3.2,-3.5,-3.8,-4.4,-3.2,-0.2,21.5,30.2,46.2,13.4,0.0,32.5,25.7,13.6,68.0,,,OBAnorm,,LD831_02097v2.403,,,,0,0
DENATRLA,2025-06-23 23:01:34.000,36.7,34.3,31.4,18.9,14.4,14.0,10.7,10.3,6.8,6.1,10.0,11.5,15.1,15.6,17.4,15.5,16.0,15.5,13.7,11.9,9.7,7.5,7.9,7.1,7.8,2.3,0.5,-2.9,-3.5,-3.8,-4.3,-3.0,-0.1,21.9,33.1,50.5,13.4,0.0,32.5,25.7,13.6,68.0,,,OBAnorm,,LD831_02097v2.403,,,,0,0
DENATRLA,2025-06-23 23:01:35.000,31.3,31.3,29.4,16.4,14.1,12.5,9.8,7.5,4.8,7.3,10.2,13.8,15.0,16.3,17.3,16.1,15.0,15.4,14.5,12.6,9.9,6.9,3.4,1.3,0.1,0.9,-1.3,-3.6,-3.5,-3.5,-4.2,-3.1,-0.1,21.5,31.1,51.4,13.4,0.0,32.6,25.7,13.6,68.0,,,OBAnorm,,LD831_02097v2.403,,,,0,0
DENATRLA,2025-06-23 23:01:36.000,29.4,32.6,30.6,19.5,17.1,10.1,11.5,8.1,6.6,5.1,8.9,12.5,14.6,16.3,17.3,16.0,16.0,15.6,14.2,12.3,10.1,6.9,4.3,4.3,11.7,1.3,0.0,-3.2,-3.3,-3.5,-4.2,-3.0,-0.1,22.2,29.2,49.6,13.4,0.0,32.6,25.7,13.6,68.0,,,OBAnorm,,LD831_02097v2.403,,,,0,0
DENATRLA,2025-06-23 23:01:37.000,27.6,32.0,25.9,17.6,16.8,13.0,12.7,10.3,9.1,5.6,9.8,13.7,15.2,15.6,17.0,15.7,15.6,15.7,15.0,12.7,10.4,7.8,6.1,8.1,7.3,1.0,-0.1,-3.3,-3.6,-3.9,-4.4,-3.1,-0.2,22.0,27.8,43.1,13.4,0.0,32.6,25.7,13.6,68.0,,,OBAnorm,,LD831_02097v2.403,,,,0,0
DENATRLA,2025-06-23 23:01:38.000,30.5,26.9,21.8,18.0,14.7,12.9,13.4,7.3,6.4,6.1,10.2,12.7,13.4,16.2,17.3,16.3,15.6,15.8,14.6,12.6,10.1,13.0,14.5,19.8,18.4,11.0,0.5,-3.4,-3.6,-3.9,-4.5,-3.2,-0.2,26.4,32.0,52.5,13.4,0.0,32.5,25.7,13.6,68.0,,,OBAnorm,,LD831_02097v2.403,,,,0,0
DENATRLA,2025-06-23 23:01:39.000,25.4,25.0,21.1,23.6,17.6,15.7,11.5,10.9,7.4,7.7,10.4,13.4,15.7,16.3,17.0,17.0,16.1,16.7,14.3,13.3,10.9,9.2,7.2,12.9,11.1,3.6,1.6,-3.4,-3.8,-3.9,-4.4,-3.0,-0.2,23.3,28.5,46.6,13.4,0.0,32.6,25.7,13.6,68.0,,,OBAnorm,,LD831_02097v2.403,,,,0,0
DENATRLA,2025-06-23 23:01:40.000,29.0,27.2,23.6,18.7,14.3,13.7,11.6,10.1,8.5,6.6,10.4,12.6,16.1,16.0,17.2,17.2,15.4,16.4,15.3,13.1,10.4,9.9,8.9,11.8,11.7,4.1,-1.9,-3.7,-3.8,-3.9,-4.5,-3.2,-0.1,23.2,29.5,47.0,13.4,0.0,32.5,25.7,13.6,68.0,,,OBAnorm,,LD831_02097v2.403,,,,0,0
DENATRLA,2025-06-23 23:01:41.000,29.9,24.5,23.6,18.5,14.7,15.8,9.5,10.6,7.3,6.8,10.9,13.9,15.0,16.7,16.5,17.1,15.9,15.2,14.5,12.8,10.7,7.8,4.8,6.3,2.6,-0.3,-2.4,-3.7,-3.5,-3.9,-4.4,-3.1,-0.1,22.0,30.3,52.8,13.4,0.0,32.6,25.7,13.6,68.0,,,OBAnorm,,LD831_02097v2.403,,,,0,0
DENATRLA,2025-06-23 23:01:42.000,26.2,29.7,22.3,21.5,14.7,14.2,11.8,9.5,7.0,6.5,8.7,13.6,16.8,16.2,17.4,17.7,16.5,15.8,14.7,12.5,10.5,7.2,4.4,5.6,6.3,0.5,-2.3,-3.7,-3.7,-3.8,-4.4,-3.1,-0.2,22.3,31.0,50.6,13.4,0.0,32.6,25.7,13.6,68.0,,,OBAnorm,,LD831_02097v2.403,,,,0,0
DENATRLA,2025-06-23 23:01:43.000,27.4,26.6,21.9,18.3,21.1,14.0,12.4,11.9,6.8,6.5,10.0,13.2,15.1,16.3,17.9,16.4,15.3,15.7,16.1,13.8,11.0,10.8,8.2,9.5,7.8,1.2,-0.6,-3.0,-3.3,-3.8,-4.4,-3.1,-0.1,22.9,28.7,45.3,13.4,0.0,32.5,25.7,13.6,68.0,,,OBAnorm,,LD831_02097v2.403,,,,0,0
DENATRLA,2025-06-23 23:01:44.000,32.1,25.7,24.4,20.9,14.7,13.4,14.9,15.3,8.5,6.8,10.5,12.1,14.6,16.3,17.6,17.4,16.0,16.2,15.5,14.2,12.6,12.6,13.7,16.9,15.0,10.5,6.0,-1.0,-2.5,-3.9,-4.4,-3.3,-0.2,25.4,32.3,52.4,13.4,0.0,32.5,25.7,13.6,68.0,,,OBAnorm,,LD831_02097v2.403,,,,0,0
DENATRLA,2025-06-23 23:01:45.000,28.8,28.8,27.3,25.0,20.2,19.0,15.5,12.4,9.9,8.4,10.8,13.9,15.8,15.8,17.9,17.6,17.0,15.7,15.8,14.2,12.0,9.8,9.9,13.4,12.8,7.2,3.3,0.0,-1.4,-3.6,-4.4,-3.1,-0.3,24.1,32.9,49.5,13.4,0.0,32.6,25.7,13.6,68.0,,,OBAnorm,,LD831_02097v2.403,,,,0,0
DENATRLA,2025-06-23 23:01:46.000,30.0,24.5,27.7,24.7,23.9,19.1,14.3,15.7,11.5,7.8,11.3,13.5,15.9,18.3,17.8,17.7,15.7,15.7,15.4,13.4,12.3,9.3,6.3,4.7,2.0,3.4,2.2,-1.0,-1.9,-3.8,-4.4,-3.1,-0.1,22.6,33.2,51.6,13.4,0.0,32.5,25.7,13.6,68.0,,,OBAnorm,,LD831_02097v2.403,,,,0,0
DENATRLA,2025-06-23 23:01:47.000,33.5,32.2,25.9,27.5,21.0,22.3,21.9,16.4,12.6,7.4,10.5,13.3,15.1,16.2,17.4,17.9,17.0,16.0,15.3,13.2,10.7,7.6,4.4,2.2,0.6,1.1,0.6,-2.5,-3.1,-3.8,-4.4,-3.0,-0.2,22.5,33.9,53.0,13.4,0.0,32.6,25.7,13.6,68.6,,,OBAnorm,,LD831_02097v2.403,,,,0,0
DENATRLA,2025-06-23 23:01:48.000,31.2,30.8,31.0,28.2,25.1,20.3,18.7,16.7,10.2,7.8,9.4,13.3,14.9,16.1,17.9,17.5,16.3,16.4,15.7,13.6,11.3,8.8,4.8,3.8,0.6,0.6,-0.4,-3.0,-3.3,-3.7,-4.4,-3.0,-0.1,22.4,33.3,50.5,13.4,0.0,32.6,25.8,13.6,68.6,,,OBAnorm,,LD831_02097v2.403,,,,0,0
DENATRLA,2025-06-23 23:01:49.000,31.0,31.4,30.8,24.1,22.6,18.6,15.8,13.4,6.5,8.6,11.4,13.2,15.4,16.8,17.8,17.9,15.9,16.3,17.0,14.6,12.2,9.7,10.4,14.8,12.2,5.0,-1.3,-3.3,-3.4,-3.7,-4.3,-3.3,-0.2,24.3,31.9,51.4,13.4,0.0,32.6,25.7,13.6,68.6,,,OBAnorm,,LD831_02097v2.403,,,,0,0
DENATRLA,2025-06-23 23:01:50.000,31.4,32.4,25.9,25.4,19.2,15.0,19.2,13.4,7.0,10.3,9.9,14.0,14.2,17.9,16.6,16.8,16.9,16.2,15.6,14.1,11.5,10.7,6.8,4.0,4.3,3.2,-2.3,-3.5,-3.6,-3.8,-4.4,-3.2,-0.1,22.9,33.5,54.9,13.4,0.0,32.5,25.7,13.6,68.6,,,OBAnorm,,LD831_02097v2.403,,,,0,0
DENATRLA,2025-06-23 23:01:51.000,35.0,32.1,31.5,23.8,19.6,23.4,20.4,15.9,15.6,9.5,11.0,13.4,15.8,16.2,17.9,17.5,17.6,16.8,15.8,14.2,11.8,12.8,15.9,15.7,12.5,6.2,0.0,-3.8,-3.8,-4.0,-4.4,-3.1,-0.2,25.2,33.7,52.4,13.4,0.0,32.6,25.7,13.6,68.6,,,OBAnorm,,LD831_02097v2.403,,,,0,0
DENATRLA,2025-06-23 23:01:52.000,33.1,29.9,30.4,23.8,20.3,17.5,14.9,13.1,8.0,7.4,8.1,13.3,15.1,15.9,18.1,17.8,17.7,16.9,15.5,13.6,11.3,8.0,4.7,3.2,3.4,3.0,-2.4,-3.8,-3.8,-3.9,-4.4,-3.2,-0.1,22.7,32.6,52.2,13.4,0.0,32.5,25.7,13.6,68.6,,,OBAnorm,,LD831_02097v2.403,,,,0,0
DENATRLA,2025-06-23 23:01:53.000,32.2,33.0,32.5,26.6,23.4,17.6,12.6,12.6,7.5,6.2,9.7,14.0,14.7,15.3,17.0,17.9,16.6,16.1,14.9,13.5,11.0,7.5,4.1,1.3,-0.5,-2.1,-3.5,-3.6,-2.9,-3.7,-4.0,-2.5,0.0,22.4,33.8,53.8,13.4,0.0,32.5,25.7,13.6,68.6,,,OBAnorm,,LD831_02097v2.403,,,,0,0
DENATRLA,2025-06-23 23:01:54.000,36.2,30.6,28.5,27.0,17.4,16.4,13.5,10.5,8.5,6.9,10.9,13.7,14.5,16.5,17.3,17.3,16.5,16.3,15.6,13.5,10.5,7.3,4.1,1.5,-1.0,-1.3,-2.1,-3.1,-2.8,-3.4,-4.2,-3.0,-0.1,22.2,29.8,48.4,13.4,0.0,32.5,25.7,13.6,68.6,,,OBAnorm,,LD831_02097v2.403,,,,0,0
DENATRLA,2025-06-23 23:01:55.000,32.1,33.4,26.0,21.8,19.4,17.2,14.4,10.7,9.0,8.3,9.9,12.3,14.9,16.0,17.0,17.5,17.5,15.8,14.9,12.9,9.9,6.9,4.4,4.8,1.8,0.8,-3.9,-3.8,-3.7,-3.9,-4.4,-3.0,0.1,22.2,30.1,50.4,13.4,0.0,32.5,25.7,13.6,68.6,,,OBAnorm,,LD831_02097v2.403,,,,0,0
DENATRLA,2025-06-23 23:01:56.000,31.1,30.7,26.8,19.0,19.0,15.7,11.9,9.1,6.9,7.6,9.6,13.1,14.3,15.4,16.9,17.2,16.2,15.4,14.9,12.0,10.3,6.5,7.3,11.9,9.6,6.1,-3.1,-3.8,-3.7,-3.9,-4.2,-3.2,0.0,22.6,30.2,45.5,13.4,0.0,32.5,25.7,13.6,68.6,,,OBAnorm,,LD831_02097v2.403,,,,0,0
DENATRLA,2025-06-23 23:01:57.000,28.8,30.2,24.6,21.6,16.9,14.0,12.6,7.3,7.5,6.4,10.0,11.3,13.7,15.8,16.5,17.1,16.4,15.8,14.7,12.8,9.4,6.8,3.5,2.8,-0.9,-1.4,-3.9,-3.8,-3.8,-3.9,-4.5,-3.4,-0.2,21.7,32.9,53.3,13.4,0.0,32.6,25.7,13.6,68.6,,,OBAnorm,,LD831_02097v2.403,,,,0,0
DENATRLA,2025-06-23 23:01:58.000,28.1,28.6,26.8,25.3,18.6,17.6,12.1,9.8,8.9,5.9,9.1,13.5,13.8,15.9,17.1,17.6,16.4,15.3,14.2,12.1,11.5,12.6,19.2,17.7,2.9,-3.1,-3.9,-3.9,-3.8,-3.9,-4.5,-3.2,-0.2,25.6,34.3,55.7,13.4,0.0,32.5,25.6,13.6,68.6,,,OBAnorm,,LD831_02097v2.403,,,,0,0
DENATRLA,2025-06-23 23:01:59.000,34.3,32.1,29.3,21.3,15.8,15.5,14.8,11.3,8.9,7.1,10.4,13.3,14.8,14.1,17.5,17.5,17.0,15.2,13.9,12.0,10.8,9.0,9.7,15.4,17.4,15.4,6.7,-3.5,-3.1,-3.5,-4.3,-3.0,-0.2,25.0,32.1,49.1,13.4,0.0,32.5,25.7,13.6,68.6,,,OBAnorm,,LD831_02097v2.403,,,,0,0
DENATRLA,2025-06-23 23:02:00.000,35.6,34.1,30.4,24.6,20.3,16.2,14.1,10.2,8.4,7.0,9.6,13.1,14.4,15.5,16.4,16.6,16.6,15.7,13.6,11.8,8.6,5.4,2.4,-0.2,-1.5,-2.9,-3.7,-3.8,-3.3,-3.8,-4.2,-3.1,-0.1,21.1,40.1,59.2,13.4,0.0,32.5,25.7,13.6,68.6,,,OBAnorm,,LD831_02097v2.403,,,,0,0
DENATRLA,2025-06-23 23:02:01.000,36.5,33.9,30.5,26.5,21.2,21.2,20.3,16.9,14.4,12.2,10.3,13.4,16.0,14.2,16.4,16.5,15.9,15.3,13.8,11.6,8.1,5.1,3.4,3.6,-0.2,-3.1,-3.2,-3.5,-2.6,-3.2,-4.0,-2.8,-0.2,21.1,39.1,62.2,13.4,0.0,32.5,25.7,13.6,68.6,,,OBAnorm,,LD831_02097v2.403,,,,0,0
DENATRLA,2025-06-23 23:02:02.000,34.0,34.0,33.1,31.7,27.7,24.9,24.2,21.0,20.9,16.0,11.7,14.0,14.8,16.0,16.4,16.9,16.1,14.9,14.4,11.8,8.9,5.6,3.0,2.9,0.3,-2.4,-3.1,-3.2,-2.7,-3.2,-4.0,-2.7,0.0,21.2,40.7,59.1,13.4,0.0,32.5,25.7,13.6,68.6,,,OBAnorm,,LD831_02097v2.403,,,,0,0
DENATRLA,2025-06-23 23:02:03.000,46.8,42.9,37.2,35.2,27.1,27.6,23.3,20.4,14.2,13.0,12.3,12.7,14.0,15.1,17.0,16.8,16.2,15.4,14.1,12.0,8.9,6.3,3.3,1.7,-1.1,-3.2,-3.9,-3.8,-3.6,-3.9,-4.4,-3.3,-0.3,21.5,39.0,58.3,13.4,0.0,32.6,25.7,13.6,68.6,,,OBAnorm,,LD831_02097v2.403,,,,0,0
DENATRLA,2025-06-23 23:02:04.000,37.8,35.0,38.5,34.2,30.6,25.3,23.5,20.8,15.4,8.9,8.1,12.8,13.4,16.1,17.1,17.0,16.8,15.0,14.1,11.9,9.0,6.3,4.0,0.8,-0.1,-3.0,-3.9,-3.9,-3.8,-4.0,-4.5,-3.2,-0.1,21.3,37.4,57.5,13.4,0.0,32.5,25.7,13.6,68.6,,,OBAnorm,,LD831_02097v2.403,,,,0,0
DENATRLA,2025-06-23 23:02:05.000,43.6,37.0,31.3,33.2,25.1,24.0,23.4,20.7,15.1,11.2,9.8,12.1,14.1,15.1,17.2,17.5,15.9,15.5,14.2,12.0,9.5,7.9,9.0,18.1,17.2,10.7,3.2,-2.7,-3.8,-4.0,-4.4,-3.1,-0.1,25.1,36.4,50.2,13.4,0.0,32.5,25.7,13.6,68.0,,,OBAnorm,,LD831_02097v2.403,,,,0,0
DENATRLA,2025-06-23 23:02:06.000,36.9,38.4,30.7,31.4,30.2,29.1,19.7,16.2,11.3,7.8,9.2,11.7,13.7,15.9,17.0,17.6,16.5,15.0,14.0,11.7,9.1,5.8,2.9,1.7,-1.2,3.0,-1.0,-2.9,-3.8,-4.0,-4.4,-3.3,-0.2,21.5,35.2,52.2,13.4,0.0,32.5,25.7,13.6,67.4,,,OBAnorm,,LD831_02097v2.403,,,,0,0
DENATRLA,2025-06-23 23:02:07.000,38.4,34.9,29.2,28.8,26.8,19.2,18.0,14.4,11.6,7.3,10.1,12.5,14.9,16.2,17.3,17.2,15.9,15.5,13.1,10.8,8.9,5.7,2.2,1.5,-2.3,-3.7,-3.9,-3.8,-3.9,-4.0,-4.4,-3.2,-0.1,21.2,32.7,52.4,13.4,0.0,32.5,25.7,13.6,68.0,,,OBAnorm,,LD831_02097v2.403,,,,0,0
DENATRLA,2025-06-23 23:02:08.000,37.6,37.4,31.5,23.8,21.7,16.4,14.0,10.3,8.1,7.1,8.2,12.9,15.0,14.9,16.7,17.5,17.0,15.4,13.6,11.7,8.5,5.6,3.1,4.0,2.4,-3.0,-4.0,-3.9,-3.9,-4.0,-4.4,-3.1,-0.1,21.4,28.1,46.0,13.4,0.0,32.6,25.7,13.6,69.1,,,OBAnorm,,LD831_02097v2.403,,,,0,0
DENATRLA,2025-06-23 23:02:09.000,32.2,34.4,26.9,15.6,16.7,12.4,9.6,11.1,7.3,6.0,9.4,12.3,14.9,15.7,16.2,16.6,15.8,14.8,13.5,11.5,9.1,5.3,2.4,0.6,-1.6,-3.5,-4.0,-3.6,-3.8,-4.0,-4.5,-3.2,-0.2,20.9,28.8,47.3,13.4,0.1,32.6,25.6,13.6,69.1,,,OBAnorm,,LD831_02097v2.403,,,,0,0
DENATRLA,2025-06-23 23:02:10.000,29.5,27.8,20.2,19.1,17.0,16.5,11.8,10.2,6.9,7.4,7.5,12.4,14.7,15.5,17.9,17.8,16.7,14.9,13.0,11.7,9.3,5.7,2.6,1.3,-1.7,-3.1,-3.2,-3.5,-2.8,-2.8,-3.7,-2.2,0.0,21.4,28.8,44.7,13.4,0.2,31.3,25.6,13.6,68.0,,,OBAnorm,,LD831_02097v2.403,,,,0,0
DENATRLA,2025-06-23 23:02:11.000,28.4,24.2,25.7,18.6,17.5,13.0,12.8,9.1,6.9,6.4,7.6,12.2,14.6,16.8,17.4,17.4,16.4,16.2,14.3,11.9,9.3,13.6,13.5,14.6,18.5,10.2,-4.0,-3.9,-3.8,-4.0,-4.5,-3.2,-0.2,25.4,29.7,49.3,13.4,0.2,32.6,25.7,13.6,68.0,,,OBAnorm,,LD831_02097v2.403,,,,0,0
DENATRLA,2025-06-23 23:02:12.000,26.2,26.7,22.4,17.4,14.8,13.3,12.4,10.3,5.4,5.8,10.9,13.4,16.1,16.9,17.7,16.8,17.5,16.5,14.7,12.7,9.7,6.6,5.6,3.8,5.7,12.4,6.9,-3.6,-2.8,-3.2,-3.3,-2.5,-0.1,22.9,29.0,48.7,13.4,0.2,32.6,25.7,13.6,69.1,,,OBAnorm,,LD831_02097v2.403,,,,0,0
DENATRLA,2025-06-23 23:02:13.000,26.7,25.8,21.3,17.9,16.0,13.8,11.3,10.1,5.7,7.1,9.8,11.9,14.5,16.7,18.0,16.9,16.7,15.9,14.4,12.3,9.6,7.4,4.5,6.2,3.8,-1.3,-3.1,-3.7,-3.0,-3.3,-3.9,-2.7,-0.1,22.2,29.7,45.6,13.4,0.2,32.6,25.7,13.6,69.1,,,OBAnorm,,LD831_02097v2.403,,,,0,0
DENATRLA,2025-06-23 23:02:14.000,23.5,25.8,23.5,20.9,20.0,14.2,11.1,9.7,6.9,8.4,9.6,13.7,15.9,16.2,17.3,17.8,16.5,15.2,14.2,12.8,9.4,7.8,5.2,4.2,5.4,-0.2,-2.1,-2.9,1.7,-0.1,-1.9,-1.0,0.3,22.0,28.1,45.0,13.4,0.2,32.5,25.6,13.6,69.7,,,OBAnorm,,LD831_02097v2.403,,,,0,0
DENATRLA,2025-06-23 23:02:15.000,31.4,26.5,21.1,17.5,16.1,15.1,12.4,10.0,6.2,7.7,9.8,13.2,14.0,16.6,17.5,17.7,16.8,16.2,14.2,12.1,9.9,7.1,4.3,1.5,-1.6,-0.9,-1.8,-3.0,-1.5,-0.5,-2.4,-1.1,0.4,22.0,29.2,47.2,13.4,0.2,32.6,25.7,13.5,69.7,,,OBAnorm,,LD831_02097v2.403,,,,0,0
DENATRLA,2025-06-23 23:02:16.000,29.0,23.6,22.2,19.5,16.5,15.1,19.3,13.0,8.1,6.6,9.6,11.9,15.0,15.5,16.7,18.1,17.0,16.1,14.1,12.2,9.8,6.5,4.2,4.1,3.5,-1.9,-3.5,-3.7,-3.4,-3.4,-4.2,-2.9,-0.3,21.7,30.7,50.4,13.4,0.2,32.5,25.7,13.5,69.7,,,OBAnorm,,LD831_02097v2.403,,,,0,0
DENATRLA,2025-06-23 23:02:17.000,23.7,26.3,25.6,18.6,19.2,16.9,18.6,9.9,7.9,5.4,9.1,12.3,14.8,16.3,16.9,16.3,16.6,15.8,14.4,12.1,9.4,6.1,3.4,0.4,1.3,-3.0,-3.4,-3.7,-3.6,-3.9,-4.4,-3.2,-0.1,21.5,27.0,42.1,13.4,0.2,32.6,25.7,13.5,69.7,,,OBAnorm,,LD831_02097v2.403,,,,0,0
DENATRLA,2025-06-23 23:02:18.000,26.4,31.9,19.5,16.3,14.4,13.0,12.5,7.7,5.8,6.8,9.5,11.8,14.7,16.7,17.0,16.3,16.1,14.8,13.9,11.7,9.3,9.6,10.5,16.0,14.4,11.2,1.1,-2.5,-2.0,-1.5,-2.3,-0.2,0.5,24.0,28.6,42.9,13.4,0.2,32.5,25.6,13.5,69.7,,,OBAnorm,,LD831_02097v2.403,,,,0,0
DENATRLA,2025-06-23 23:02:19.000,27.3,24.6,18.7,18.7,15.8,15.1,10.1,10.7,6.6,7.7,9.7,11.8,14.7,15.5,17.9,16.5,16.5,15.3,13.4,11.8,9.3,6.8,4.5,2.8,5.2,1.5,-1.6,-3.8,-3.8,-3.9,-4.3,-3.1,-0.2,21.5,28.5,48.7,13.4,0.1,32.5,25.6,13.5,69.7,,,OBAnorm,,LD831_02097v2.403,,,,0,0
DENATRLA,2025-06-23 23:02:20.000,27.3,23.3,22.2,21.3,16.0,15.2,10.4,9.9,6.6,7.6,9.1,11.7,14.0,15.5,16.6,17.4,16.5,15.3,14.6,11.7,9.0,6.9,4.2,2.5,-0.3,-2.7,-3.8,-3.8,-3.7,-3.9,-4.3,-3.0,-0.1,21.6,28.0,45.8,13.4,0.0,32.5,25.7,13.5,69.7,,,OBAnorm,,LD831_02097v2.403,,,,0,0
DENATRLA,2025-06-23 23:02:21.000,26.7,26.4,23.7,22.2,19.1,13.8,11.3,8.1,4.3,8.2,9.7,12.7,13.4,15.2,16.9,16.8,15.7,15.3,14.1,11.9,9.0,6.7,4.2,2.5,3.8,-1.7,-4.0,-3.9,-3.8,-4.0,-4.4,-3.1,-0.1,21.3,27.0,44.9,13.4,0.0,32.6,25.6,13.5,69.7,,,OBAnorm,,LD831_02097v2.403,,,,0,0
DENATRLA,2025-06-23 23:02:22.000,23.1,23.4,20.3,18.8,12.6,10.7,12.3,9.8,7.7,6.6,9.1,11.3,14.1,15.3,17.1,17.2,16.8,15.0,13.8,10.9,8.7,6.0,3.3,1.0,-1.9,-3.7,-3.8,-3.9,-3.6,-3.6,-4.1,-2.7,-0.1,21.2,27.7,46.1,13.4,0.0,32.5,25.7,13.5,69.7,,,OBAnorm,,LD831_02097v2.403,,,,0,0
DENATRLA,2025-06-23 23:02:23.000,20.0,22.6,21.2,18.3,15.0,12.7,11.0,8.6,5.6,5.5,9.2,11.7,13.0,16.3,17.2,16.7,15.9,16.0,14.4,12.4,9.8,6.9,4.5,3.2,-1.6,-2.7,-3.4,-3.6,-3.1,-2.9,-3.6,-2.3,0.0,21.7,28.6,46.7,13.4,0.0,32.6,25.7,13.5,69.7,,,OBAnorm,,LD831_02097v2.403,,,,0,0
DENATRLA,2025-06-23 23:02:24.000,23.6,24.9,19.5,20.6,16.9,14.1,11.6,11.1,9.5,7.0,10.0,10.7,14.5,15.1,16.3,16.8,16.3,15.8,13.9,12.8,10.7,11.9,11.1,16.6,14.7,8.6,3.0,-3.3,-3.9,-3.9,-4.5,-3.2,-0.1,24.5,28.2,40.0,13.4,0.0,32.6,25.7,13.5,69.7,,,OBAnorm,,LD831_02097v2.403,,,,0,0
DENATRLA,2025-06-23 23:02:25.000,23.5,24.7,25.6,20.9,17.1,12.7,10.7,9.3,5.6,5.2,9.9,11.3,12.9,15.7,16.4,16.3,16.2,15.1,13.5,11.4,9.6,6.6,5.9,7.6,5.9,5.3,-1.4,-3.2,-3.8,-4.0,-4.4,-3.4,-0.2,21.5,27.6,45.8,13.4,0.0,32.5,25.6,13.5,70.3,,,OBAnorm,,LD831_02097v2.403,,,,0,0
DENATRLA,2025-06-23 23:02:26.000,26.2,23.9,22.9,16.0,16.8,12.4,11.3,10.9,5.9,6.1,8.8,13.5,13.2,16.4,16.3,17.3,16.7,15.4,14.7,12.0,9.0,5.9,3.4,2.3,1.3,-2.7,-4.0,-3.9,-3.8,-4.0,-4.4,-3.1,-0.1,21.6,27.9,46.0,13.4,0.0,32.6,25.6,13.5,70.3,,,OBAnorm,,LD831_02097v2.403,,,,0,0
DENATRLA,2025-06-23 23:02:27.000,18.7,23.6,18.5,17.9,18.0,13.0,11.6,8.2,4.7,6.4,10.1,13.1,15.4,15.8,16.5,16.9,16.0,15.6,13.9,11.3,8.8,6.5,3.5,2.1,-0.9,-2.7,-3.8,-3.8,-3.7,-3.8,-4.4,-2.9,-0.2,21.4,28.8,47.3,13.4,0.0,32.5,25.6,13.5,70.3,,,OBAnorm,,LD831_02097v2.403,,,,0,0
DENATRLA,2025-06-23 23:02:28.000,25.7,21.2,19.7,19.1,12.9,14.7,12.1,9.0,8.5,4.6,10.1,12.4,14.8,16.2,16.6,17.3,16.0,15.6,14.4,12.2,9.5,6.3,3.8,4.0,4.8,-0.6,-3.9,-3.8,-3.7,-3.7,-4.3,-3.0,-0.1,21.7,29.1,49.3,13.4,0.0,32.6,25.6,13.5,70.3,,,OBAnorm,,LD831_02097v2.403,,,,0,0
DENATRLA,2025-06-23 23:02:29.000,21.8,27.6,22.8,21.4,17.8,12.3,13.2,9.9,5.6,5.0,9.6,12.9,15.0,14.5,16.3,15.8,16.1,15.2,14.6,12.2,9.1,5.7,3.1,3.6,1.2,-2.1,-3.4,-3.8,-3.8,-3.7,-4.4,-3.1,-0.1,21.3,31.6,53.7,13.4,0.0,32.6,25.7,13.5,70.3,,,OBAnorm,,LD831_02097v2.403,,,,0,0
DENATRLA,2025-06-23 23:02:30.000,26.2,28.4,21.0,23.2,15.2,14.1,16.6,11.6,7.8,6.7,9.7,11.6,15.2,16.9,17.2,16.5,16.4,15.3,14.1,11.4,9.6,11.7,12.0,15.5,16.6,4.6,-2.6,-3.4,-3.0,-3.0,-3.7,-2.6,-0.2,24.4,32.8,51.2,13.4,0.0,32.5,25.6,13.5,70.3,,,OBAnorm,,LD831_02097v2.403,,,,0,0
DENATRLA,2025-06-23 23:02:31.000,30.5,29.0,27.7,21.3,23.5,21.2,17.8,14.4,9.1,6.1,8.9,12.3,14.8,15.8,15.8,16.7,16.2,15.5,14.0,12.1,9.1,7.3,8.6,9.7,8.0,9.2,4.7,-3.4,-3.5,-3.4,-3.5,-3.0,-0.2,22.4,32.8,49.8,13.4,0.0,32.6,25.6,13.5,70.8,,,OBAnorm,,LD831_02097v2.403,,,,0,0
DENATRLA,2025-06-23 23:02:32.000,32.6,33.0,30.0,27.1,21.7,17.7,14.3,12.8,7.0,6.7,7.6,10.4,13.5,15.2,16.5,15.8,16.5,15.6,15.0,12.3,10.0,7.0,8.8,8.0,6.6,0.9,-1.5,-3.2,-2.5,-2.6,-3.9,-2.9,0.0,22.2,31.3,49.9,13.4,0.0,32.5,25.6,13.5,70.8,,,OBAnorm,,LD831_02097v2.403,,,,0,0
DENATRLA,2025-06-23 23:02:33.000,32.6,31.2,25.7,22.7,21.7,20.2,16.2,11.5,7.3,6.5,8.5,11.4,14.2,15.0,16.6,17.3,16.4,15.5,15.0,12.5,10.3,7.4,5.8,9.0,6.9,0.2,-3.3,-3.8,-3.6,-3.8,-4.4,-3.2,-0.2,22.1,30.8,48.2,13.4,0.0,32.5,25.6,13.5,70.8,,,OBAnorm,,LD831_02097v2.403,,,,0,0
DENATRLA,2025-06-23 23:02:34.000,34.8,30.4,29.8,24.2,20.6,16.1,14.1,9.2,5.8,6.9,9.8,12.9,13.7,17.0,17.2,16.3,16.8,16.2,14.9,12.6,9.7,6.5,4.3,3.8,2.9,-0.5,-3.8,-3.8,-3.8,-3.8,-4.3,-3.1,-0.1,22.0,29.9,47.2,13.4,0.0,32.5,25.7,13.4,70.8,,,OBAnorm,,LD831_02097v2.403,,,,0,0
DENATRLA,2025-06-23 23:02:35.000,29.1,29.7,26.9,23.7,15.6,12.7,13.2,9.0,4.3,6.9,9.3,13.5,15.6,16.9,18.2,17.5,16.2,16.2,14.4,12.4,9.2,6.4,3.0,0.9,-1.6,-3.0,-3.8,-3.8,-3.7,-3.5,-4.2,-3.1,-0.1,21.9,28.8,43.4,13.4,0.0,32.6,25.6,13.4,70.8,,,OBAnorm,,LD831_02097v2.403,,,,0,0
DENATRLA,2025-06-23 23:02:36.000,32.7,29.4,22.0,17.7,15.2,16.0,14.8,13.6,9.1,6.0,10.0,12.5,14.5,16.2,18.1,16.9,16.4,15.3,14.4,12.4,10.6,12.3,14.0,9.9,5.6,1.9,2.1,9.9,7.9,-3.2,-3.8,-2.9,-0.1,24.0,28.5,40.5,13.4,0.0,32.6,25.6,13.4,70.8,,,OBAnorm,,LD831_02097v2.403,,,,0,0
DENATRLA,2025-06-23 23:02:37.000,27.2,23.5,18.1,19.1,19.2,19.0,13.7,11.2,7.0,7.3,10.0,12.0,14.3,15.8,17.6,17.6,16.5,15.9,14.3,12.3,11.4,13.7,13.4,16.9,13.8,9.0,3.8,0.0,1.9,-0.9,-3.1,-2.1,-0.1,24.7,29.7,42.4,13.4,0.0,32.6,25.6,13.4,70.8,,,OBAnorm,,LD831_02097v2.403,,,,0,0
DENATRLA,2025-06-23 23:02:38.000,28.0,29.1,20.6,22.2,17.3,20.7,11.8,12.1,5.3,7.1,9.5,12.4,14.1,15.4,16.9,16.3,16.4,15.0,14.8,12.1,9.7,7.0,4.2,2.0,1.3,0.1,-0.2,-1.9,-0.9,-1.7,-2.4,-0.4,0.5,21.5,28.2,45.3,13.4,0.0,32.6,25.6,13.4,70.8,,,OBAnorm,,LD831_02097v2.403,,,,0,0
DENATRLA,2025-06-23 23:02:39.000,29.4,27.8,19.4,19.9,14.3,12.9,13.2,11.1,7.4,7.3,10.6,13.0,14.9,16.9,18.1,17.4,17.0,16.0,15.0,12.0,9.8,7.5,4.9,8.2,4.4,-0.1,-3.2,-3.6,-3.0,-3.0,-3.7,-2.7,-0.1,22.3,28.6,45.7,13.4,0.0,32.6,25.6,13.4,70.8,,,OBAnorm,,LD831_02097v2.403,,,,0,0
DENATRLA,2025-06-23 23:02:40.000,29.4,28.0,25.9,19.0,15.5,16.0,11.1,10.3,7.7,7.8,10.0,12.8,15.8,15.7,17.3,16.9,16.5,15.1,14.3,12.4,9.8,6.2,4.5,3.5,4.3,-0.7,-3.3,-3.6,-2.6,-3.0,-3.8,-2.7,0.0,21.6,27.3,40.8,13.4,0.0,32.5,25.7,13.4,70.8,,,OBAnorm,,LD831_02097v2.403,,,,0,0
DENATRLA,2025-06-23 23:02:41.000,26.2,24.4,21.9,17.3,19.4,14.8,10.9,11.9,6.1,6.7,10.2,13.2,16.0,15.0,16.7,17.4,15.7,16.0,13.9,12.7,9.5,6.9,4.1,1.5,0.4,-3.2,-3.5,-3.5,-3.3,-3.5,-4.1,-2.9,-0.1,21.7,28.8,45.9,13.4,0.0,32.6,25.6,13.4,70.8,,,OBAnorm,,LD831_02097v2.403,,,,0,0
DENATRLA,2025-06-23 23:02:42.000,27.9,24.5,21.6,18.0,15.3,16.1,12.6,9.8,7.1,6.5,10.1,12.9,15.1,15.1,17.0,16.0,16.5,15.1,14.7,11.4,9.7,6.8,3.5,3.2,1.2,-2.2,-3.6,-3.8,-3.5,-3.7,-4.4,-3.0,-0.1,21.5,28.6,46.0,13.4,0.0,32.5,25.6,13.4,70.8,,,OBAnorm,,LD831_02097v2.403,,,,0,0
DENATRLA,2025-06-23 23:02:43.000,25.7,25.4,24.5,14.7,16.5,14.5,15.2,12.9,10.2,9.9,10.9,16.4,16.4,15.6,16.7,17.0,16.3,15.8,14.7,12.7,10.7,12.1,9.7,8.5,7.2,-1.0,-1.5,-0.6,0.3,-1.9,-2.8,-2.4,-0.1,22.9,30.1,44.5,13.4,0.0,32.6,25.6,13.4,70.8,,,OBAnorm,,LD831_02097v2.403,,,,0,0
DENATRLA,2025-06-23 23:02:44.000,27.5,27.6,19.8,18.3,19.5,20.1,19.6,15.5,9.9,7.4,10.1,13.9,16.1,16.5,18.0,16.9,16.4,15.9,15.4,13.5,11.1,13.1,14.9,21.7,15.4,10.9,6.4,-3.6,-3.4,-3.3,-3.8,-2.9,-0.1,26.8,29.3,41.7,13.4,0.0,32.5,25.6,13.4,70.8,,,OBAnorm,,LD831_02097v2.403,,,,0,0
DENATRLA,2025-06-23 23:02:45.000,28.9,27.5,24.3,20.2,17.2,13.8,13.0,11.2,8.0,8.1,10.7,12.6,15.5,17.3,17.9,16.6,16.5,15.7,15.2,13.1,11.1,7.9,5.2,4.5,1.1,3.1,-2.2,-3.2,-3.7,-3.7,-4.2,-2.9,-0.2,22.3,27.9,40.9,13.4,0.0,32.5,25.6,13.4,70.8,,,OBAnorm,,LD831_02097v2.403,,,,0,0
DENATRLA,2025-06-23 23:02:46.000,29.6,27.7,18.7,18.4,15.7,13.9,11.2,9.3,6.0,7.2,10.3,13.8,14.5,16.9,17.3,16.9,16.8,16.3,15.3,13.5,10.6,7.4,4.7,1.3,-1.3,-2.9,-3.9,-3.8,-3.7,-3.9,-4.4,-3.1,-0.1,22.1,27.2,35.9,13.4,0.0,32.6,25.6,13.4,70.8,,,OBAnorm,,LD831_02097v2.403,,,,0,0
DENATRLA,2025-06-23 23:02:47.000,26.4,25.2,22.2,18.3,13.3,13.8,10.7,7.9,5.5,6.6,9.3,14.1,16.2,16.9,17.1,17.8,17.0,15.4,15.0,13.5,10.5,7.6,6.7,8.2,8.0,-2.0,-3.8,-3.9,-3.8,-4.0,-4.4,-3.2,-0.1,22.7,27.5,33.7,13.4,0.0,32.5,25.6,13.4,70.8,,,OBAnorm,,LD831_02097v2.403,,,,0,0
DENATRLA,2025-06-23 23:02:48.000,26.6,22.8,18.8,13.9,15.0,13.3,12.6,11.0,8.0,8.0,11.2,13.5,15.8,15.9,17.6,17.6,16.6,16.8,15.0,13.0,11.9,8.3,7.3,5.9,5.3,-0.8,-3.9,-3.9,-3.9,-3.9,-4.4,-3.3,-0.2,22.7,28.1,37.8,13.4,0.0,32.6,25.6,13.4,70.2,,,OBAnorm,,LD831_02097v2.403,,,,0,0
DENATRLA,2025-06-23 23:02:49.000,22.9,22.1,19.0,15.8,17.5,16.6,12.2,8.7,9.3,5.7,8.6,13.9,15.8,16.8,16.7,17.7,16.4,16.0,14.8,13.8,11.3,7.8,5.3,2.9,1.6,-2.5,-3.9,-3.9,-3.7,-4.0,-4.4,-3.2,-0.2,22.3,27.9,36.9,13.4,0.0,32.5,25.6,13.4,70.2,,,OBAnorm,,LD831_02097v2.403,,,,0,0
DENATRLA,2025-06-23 23:02:50.000,28.4,24.7,20.6,18.1,12.7,13.5,14.2,10.5,7.3,6.6,10.4,13.9,14.2,16.2,16.6,17.2,16.2,16.1,14.8,12.8,10.5,9.8,11.1,12.3,9.9,-1.2,-3.8,-3.8,-3.8,-4.0,-4.5,-3.1,-0.1,23.2,27.9,39.2,13.4,0.0,32.6,25.6,13.4,70.2,,,OBAnorm,,LD831_02097v2.403,,,,0,0
DENATRLA,2025-06-23 23:02:51.000,25.1,24.8,20.2,15.3,18.1,15.8,15.2,9.2,6.2,8.6,10.9,13.4,16.7,15.6,16.4,17.5,16.3,16.2,14.5,13.3,10.6,9.5,12.8,14.2,12.6,7.1,0.7,-3.7,-3.5,-3.8,-4.2,-3.1,-0.2,23.9,28.1,39.2,13.4,0.0,32.5,25.6,13.4,70.2,,,OBAnorm,,LD831_02097v2.403,,,,0,0
DENATRLA,2025-06-23 23:02:52.000,26.5,22.8,20.8,17.3,17.7,12.8,11.4,9.6,7.1,7.6,11.4,13.3,14.2,15.7,17.3,17.2,16.3,16.1,14.2,13.1,11.1,7.7,5.5,7.7,9.5,0.2,-3.5,-3.9,-3.8,-3.9,-4.5,-3.1,-0.2,22.4,27.4,37.9,13.4,0.0,32.5,25.6,13.4,70.2,,,OBAnorm,,LD831_02097v2.403,,,,0,0
DENATRLA,2025-06-23 23:02:53.000,23.5,26.2,20.4,16.4,16.0,14.1,11.4,10.2,7.8,7.0,12.3,13.5,14.7,17.2,17.1,16.8,16.2,15.7,14.3,12.5,10.4,7.6,4.2,1.5,2.9,-1.2,-1.8,-3.2,-1.0,-2.9,-3.5,-2.6,-0.2,21.9,27.5,39.9,13.4,0.0,32.6,25.6,13.4,70.2,,,OBAnorm,,LD831_02097v2.403,,,,0,0
DENATRLA,2025-06-23 23:02:54.000,26.1,22.9,20.8,17.9,13.9,14.2,11.0,12.0,5.6,6.6,10.5,13.7,16.6,17.9,16.4,16.7,16.3,16.1,14.6,12.7,10.3,8.6,9.0,14.5,13.7,2.4,-3.1,-3.8,-3.7,-3.9,-4.4,-3.2,-0.2,23.6,27.9,36.4,13.4,0.0,32.5,25.6,13.4,70.2,,,OBAnorm,,LD831_02097v2.403,,,,0,0
DENATRLA,2025-06-23 23:02:55.000,24.8,21.6,21.3,19.7,17.5,12.5,13.1,10.0,7.3,6.5,10.3,13.6,16.0,17.2,17.6,15.9,16.2,15.9,15.1,12.8,11.0,9.0,5.3,10.6,7.4,1.8,-2.5,-3.8,-3.7,-3.9,-4.4,-3.1,-0.1,22.6,27.5,35.9,13.4,0.0,32.6,25.6,13.4,70.2,,,OBAnorm,,LD831_02097v2.403,,,,0,0
DENATRLA,2025-06-23 23:02:56.000,27.2,20.2,22.8,14.6,17.0,14.0,11.3,9.0,8.1,7.3,10.7,13.4,16.3,16.9,16.8,16.5,16.1,16.8,15.0,13.1,10.7,7.9,4.8,3.0,2.5,0.1,-2.1,-3.3,-2.6,-3.4,-4.0,-3.1,-0.1,22.2,27.7,38.0,13.4,0.0,32.6,25.6,13.4,70.2,,,OBAnorm,,LD831_02097v2.403,,,,0,0
DENATRLA,2025-06-23 23:02:57.000,18.0,23.5,23.5,17.7,15.9,13.3,12.7,9.6,8.3,6.0,10.0,14.4,15.6,16.8,16.5,16.1,16.2,15.7,15.2,12.7,10.7,12.8,12.4,16.3,15.3,6.1,-3.5,-3.7,-3.3,-3.6,-4.1,-3.1,-0.1,24.7,28.3,38.2,13.4,0.0,32.5,25.6,13.4,70.2,,,OBAnorm,,LD831_02097v2.403,,,,0,0
DENATRLA,2025-06-23 23:02:58.000,20.8,22.4,18.4,17.9,17.2,17.0,11.2,9.1,7.4,4.5,10.8,13.1,16.1,15.9,17.5,16.8,15.7,15.5,14.7,13.3,10.2,8.1,4.1,3.7,8.4,7.5,3.7,-3.3,-3.6,-4.0,-4.5,-3.3,-0.2,22.3,27.5,37.0,13.4,0.0,32.5,25.6,13.4,70.2,,,OBAnorm,,LD831_02097v2.403,,,,0,0
DENATRLA,2025-06-23 23:02:59.000,25.6,23.6,21.7,14.1,15.2,15.4,13.2,11.4,6.8,5.7,10.9,13.9,15.1,16.0,16.6,16.0,15.6,14.9,15.6,13.4,11.2,7.5,3.9,0.5,-1.6,-2.3,-3.0,-3.8,-3.8,-3.9,-4.4,-3.2,-0.1,21.9,27.6,41.4,13.4,0.0,32.5,25.6,13.4,69.7,,,OBAnorm,,LD831_02097v2.403,,,,0,0
DENATRLA,2025-06-23 23:03:00.000,24.9,25.0,22.6,16.0,14.2,12.1,12.3,12.5,7.9,5.9,10.9,12.4,14.4,16.1,17.1,15.9,15.6,15.4,15.1,13.2,11.0,7.8,4.7,0.7,-1.5,-2.4,-3.6,-3.9,-3.7,-3.8,-4.2,-3.0,-0.2,21.8,27.0,36.2,13.4,0.0,32.5,25.6,13.4,69.7,,,OBAnorm,,LD831_02097v2.403,,,,0,0
DENATRLA,2025-06-23 23:03:01.000,22.3,23.2,20.5,19.4,15.3,13.9,9.3,12.1,6.9,7.1,9.5,13.2,14.3,16.1,16.1,16.4,15.9,16.6,14.6,13.8,11.2,8.3,4.8,1.2,-1.0,-2.8,-3.5,-3.8,-3.8,-4.0,-4.5,-3.2,-0.2,21.9,27.6,42.7,13.4,0.0,32.6,25.6,13.4,69.7,,,OBAnorm,,LD831_02097v2.403,,,,0,0
DENATRLA,2025-06-23 23:03:02.000,17.3,25.4,20.0,18.1,14.9,14.9,12.8,9.9,7.9,7.5,9.3,12.0,13.5,14.8,15.7,16.1,15.5,15.8,13.9,13.6,11.3,8.0,4.3,1.5,-1.4,-2.7,-3.6,-3.9,-3.8,-4.0,-4.4,-3.2,-0.1,21.7,27.1,36.4,13.4,0.0,32.6,25.6,13.4,69.7,,,OBAnorm,,LD831_02097v2.403,,,,0,0
DENATRLA,2025-06-23 23:03:03.000,23.5,22.9,22.3,19.4,16.8,13.8,13.7,9.4,6.1,5.8,10.7,13.2,13.2,15.3,16.1,16.1,15.7,16.2,15.1,13.3,11.0,7.6,4.1,1.9,-1.4,-2.5,-3.9,-3.9,-3.8,-3.9,-4.4,-3.2,-0.3,21.9,27.8,41.4,13.4,0.0,32.5,25.6,13.4,69.7,,,OBAnorm,,LD831_02097v2.403,,,,0,0
DENATRLA,2025-06-23 23:03:04.000,23.5,20.4,19.6,15.8,14.7,15.9,12.5,9.5,8.7,5.8,10.3,13.0,14.9,15.3,16.6,17.5,15.7,15.7,15.0,13.3,10.0,7.6,5.0,10.3,4.5,2.2,-3.7,-3.9,-3.8,-3.9,-4.4,-3.2,-0.2,22.3,27.9,42.4,13.4,0.0,32.6,25.6,13.4,69.7,,,OBAnorm,,LD831_02097v2.403,,,,0,0
DENATRLA,2025-06-23 23:03:05.000,24.4,24.6,21.3,14.8,17.1,14.2,10.1,8.8,7.1,7.5,10.0,12.2,15.3,15.6,16.7,16.9,15.8,15.7,15.1,13.0,10.7,8.6,6.6,11.4,10.9,4.9,-2.9,-3.7,-3.7,-3.6,-4.2,-3.1,-0.2,22.8,28.1,44.6,13.4,0.0,32.5,25.6,13.4,69.7,,,OBAnorm,,LD831_02097v2.403,,,,0,0
DENATRLA,2025-06-23 23:03:06.000,27.2,25.3,23.5,18.9,14.5,11.6,13.0,13.6,8.6,6.9,9.8,12.9,15.1,15.6,16.1,16.3,15.5,16.1,15.2,13.2,10.9,9.2,4.3,1.8,-1.5,-3.3,-3.8,-3.9,-3.8,-3.6,-4.3,-3.1,0.0,21.9,27.4,41.7,13.4,0.0,32.5,25.6,13.4,69.7,,,OBAnorm,,LD831_02097v2.403,,,,0,0
DENATRLA,2025-06-23 23:03:07.000,24.7,22.8,22.4,16.1,14.3,14.1,12.1,11.2,4.9,8.4,9.0,12.8,15.3,15.7,17.0,15.9,15.6,16.1,14.7,13.1,11.3,7.8,4.8,3.2,0.2,-3.2,-3.8,-3.9,-3.8,-4.0,-4.3,-3.2,-0.1,22.0,27.3,40.0,13.4,0.0,32.6,25.6,13.4,69.7,,,OBAnorm,,LD831_02097v2.403,,,,0,0
DENATRLA,2025-06-23 23:03:08.000,27.2,26.4,16.5,17.4,17.1,15.0,9.7,11.5,5.1,4.7,9.5,13.2,14.9,15.9,15.9,16.9,15.7,15.7,15.6,14.2,11.7,8.5,4.6,4.1,9.3,-2.8,-3.8,-3.9,-3.8,-3.9,-4.4,-3.2,-0.2,22.5,26.9,37.0,13.4,0.0,32.5,25.6,13.4,69.7,,,OBAnorm,,LD831_02097v2.403,,,,0,0
DENATRLA,2025-06-23 23:03:09.000,24.1,24.2,20.2,13.7,15.9,10.8,11.8,9.1,6.0,6.3,9.4,12.9,15.2,15.2,17.0,16.6,16.0,16.3,15.5,13.7,12.4,9.4,6.7,7.7,8.2,-1.1,-3.7,-3.8,-3.6,-3.7,-4.3,-3.2,-0.1,22.7,27.5,37.1,13.4,0.0,32.5,25.6,13.4,69.7,,,OBAnorm,,LD831_02097v2.403,,,,0,0
DENATRLA,2025-06-23 23:03:10.000,25.1,21.3,21.0,15.5,15.4,16.0,11.7,9.8,4.6,6.4,10.5,12.3,16.4,15.8,16.8,16.0,15.6,16.1,15.4,13.6,11.5,9.1,5.6,4.3,2.1,-2.2,-3.8,-3.8,-3.8,-3.9,-4.4,-3.3,-0.1,22.2,27.1,36.7,13.4,0.0,32.5,25.6,13.4,69.7,,,OBAnorm,,LD831_02097v2.403,,,,0,0
DENATRLA,2025-06-23 23:03:11.000,24.0,19.4,20.7,15.9,13.3,13.0,13.5,11.0,7.3,7.0,8.9,13.2,15.3,16.0,17.4,17.0,15.1,16.0,15.5,13.5,11.8,8.4,4.7,1.4,-1.0,-3.1,-3.7,-3.8,-3.6,-3.8,-4.4,-3.2,-0.1,22.2,27.2,37.3,13.4,0.0,32.5,25.6,13.4,69.7,,,OBAnorm,,LD831_02097v2.403,,,,0,0
DENATRLA,2025-06-23 23:03:12.000,20.3,25.0,17.7,14.2,13.8,10.8,11.2,10.2,7.0,8.1,11.8,13.2,15.5,16.7,17.6,17.2,16.8,15.8,14.7,13.3,11.2,8.7,4.3,1.7,2.1,0.1,0.1,-1.1,2.1,-0.2,-3.7,-2.9,0.0,22.2,29.1,46.4,13.4,0.0,32.5,25.6,13.4,69.7,,,OBAnorm,,LD831_02097v2.403,,,,0,0
DENATRLA,2025-06-23 23:03:13.000,19.5,21.8,22.2,12.3,13.5,12.6,10.4,10.8,7.8,7.7,10.5,13.0,15.3,16.5,15.8,16.3,16.2,15.0,14.8,13.0,10.8,7.7,4.2,4.6,-0.1,-2.1,-2.0,-2.9,-2.4,-2.2,-3.9,-3.0,0.0,21.7,29.4,49.5,13.4,0.0,32.6,25.6,13.4,69.7,,,OBAnorm,,LD831_02097v2.403,,,,0,0
DENATRLA,2025-06-23 23:03:14.000,25.6,25.7,24.7,20.7,16.5,13.1,12.2,9.3,7.3,6.7,10.8,12.6,13.9,15.9,17.2,16.7,15.0,14.5,14.2,12.6,10.3,7.2,5.6,2.5,-1.1,-3.2,-3.7,-3.6,-3.2,-3.5,-4.4,-3.1,-0.1,21.3,28.9,48.3,13.4,0.0,32.5,25.6,13.4,69.7,,,OBAnorm,,LD831_02097v2.403,,,,0,0
DENATRLA,2025-06-23 23:03:15.000,26.6,26.2,26.3,19.4,16.5,13.5,13.0,10.4,6.5,6.0,11.1,11.9,15.6,16.2,16.2,15.3,15.4,14.6,14.5,13.0,10.6,7.2,4.1,2.3,0.4,-2.0,-3.7,-3.7,-3.4,-3.7,-4.4,-3.1,-0.1,21.4,30.1,50.5,13.4,0.0,32.5,25.6,13.4,69.7,,,OBAnorm,,LD831_02097v2.403,,,,0,0
DENATRLA,2025-06-23 23:03:16.000,30.1,24.4,26.1,19.1,16.0,15.7,10.6,7.9,5.9,6.0,10.4,12.1,15.8,16.0,16.4,16.3,14.9,16.3,15.1,13.3,10.8,7.2,4.0,0.6,-2.5,-3.7,-4.0,-3.8,-3.7,-3.9,-4.4,-3.4,-0.1,21.7,28.5,47.1,13.4,0.0,32.5,25.6,13.4,69.7,,,OBAnorm,,LD831_02097v2.403,,,,0,0
DENATRLA,2025-06-23 23:03:17.000,30.5,30.1,23.7,18.8,16.2,15.8,12.3,10.5,7.8,5.6,9.7,12.4,14.7,16.1,17.5,16.7,15.0,15.4,14.1,12.8,10.6,8.4,6.3,6.9,6.7,-1.6,-2.6,-3.1,-2.2,-3.0,-4.2,-2.9,-0.1,22.2,28.9,45.0,13.4,0.0,32.6,25.6,13.4,69.7,,,OBAnorm,,LD831_02097v2.403,,,,0,0
DENATRLA,2025-06-23 23:03:18.000,29.4,20.3,24.2,19.6,14.5,9.7,9.5,10.6,7.6,5.9,10.6,13.1,14.5,17.4,17.1,16.0,16.0,15.7,14.7,13.9,11.0,8.3,4.9,2.0,0.9,0.7,-3.0,-3.4,-2.6,-2.6,-3.9,-2.6,-0.1,22.1,29.2,47.9,13.4,0.0,32.5,25.6,13.4,69.7,,,OBAnorm,,LD831_02097v2.403,,,,0,0
DENATRLA,2025-06-23 23:03:19.000,27.7,26.1,24.4,20.1,15.9,12.8,11.4,9.5,5.1,6.6,11.5,11.7,14.2,16.7,17.0,16.9,16.1,15.9,15.0,13.4,12.1,8.9,5.8,3.3,0.6,-1.6,-2.1,-2.8,-1.9,-1.8,-3.3,-2.6,-0.2,22.3,28.3,43.0,13.4,0.0,32.6,25.6,13.4,69.7,,,OBAnorm,,LD831_02097v2.403,,,,0,0
DENATRLA,2025-06-23 23:03:20.000,27.3,25.6,21.3,18.3,18.6,12.1,8.2,8.5,6.5,8.7,11.6,13.5,15.0,17.0,17.3,16.6,16.5,16.1,14.5,14.4,12.0,9.6,6.4,4.2,1.2,0.2,-1.2,-2.0,-1.0,-1.3,-2.7,-2.1,0.1,22.5,29.2,44.0,13.4,0.0,32.6,25.6,13.4,69.7,,,OBAnorm,,LD831_02097v2.403,,,,0,0
DENATRLA,2025-06-23 23:03:21.000,28.2,28.0,22.7,18.7,12.3,16.4,14.4,18.7,9.2,8.5,11.0,11.4,14.0,15.9,17.0,15.8,16.6,15.9,14.6,13.3,11.4,8.2,5.2,3.8,-0.1,-2.2,-3.1,-2.6,-1.3,-2.3,-3.3,-2.8,0.0,22.0,30.0,45.7,13.4,0.0,32.6,25.6,13.4,69.7,,,OBAnorm,,LD831_02097v2.403,,,,0,0
DENATRLA,2025-06-23 23:03:22.000,28.1,22.9,26.4,22.9,17.0,16.4,13.9,12.7,6.5,7.0,10.2,13.5,13.6,17.8,17.2,16.4,16.1,15.1,14.7,13.9,11.6,8.4,5.4,2.9,1.4,-2.1,-3.5,-2.4,-1.6,-3.2,-3.8,-2.8,-0.1,22.1,29.8,47.7,13.4,0.0,32.5,25.6,13.4,69.7,,,OBAnorm,,LD831_02097v2.403,,,,0,0
DENATRLA,2025-06-23 23:03:23.000,31.8,29.5,24.3,20.6,19.1,17.8,14.1,11.7,8.6,6.6,11.3,13.0,14.6,17.1,16.6,17.2,15.6,16.4,14.2,13.3,11.5,8.8,5.8,6.5,3.6,-3.5,-4.0,-3.9,-3.8,-4.0,-4.4,-3.2,0.0,22.3,30.4,48.4,13.4,0.0,32.5,25.6,13.4,69.7,,,OBAnorm,,LD831_02097v2.403,,,,0,0
DENATRLA,2025-06-23 23:03:24.000,28.6,28.6,28.4,25.0,17.7,16.0,12.9,10.9,7.3,6.4,8.2,11.3,15.3,15.8,16.7,17.1,15.4,14.9,14.6,13.1,11.0,8.5,4.6,1.8,0.0,-2.4,-3.6,-3.5,-3.4,-3.5,-4.2,-3.0,-0.2,21.7,28.4,46.7,13.4,0.0,32.6,25.6,13.4,69.7,,,OBAnorm,,LD831_02097v2.403,,,,0,0
DENATRLA,2025-06-23 23:03:25.000,30.5,27.9,24.9,20.4,18.3,9.0,13.1,13.2,8.4,8.8,8.9,11.2,14.4,15.7,16.8,15.6,15.1,15.4,15.0,12.7,10.7,7.9,5.1,3.4,1.6,0.5,1.6,1.4,7.1,7.3,3.9,0.7,1.3,21.9,29.9,48.6,13.4,0.0,32.5,25.6,13.4,69.7,,,OBAnorm,,LD831_02097v2.403,,,,0,0
DENATRLA,2025-06-23 23:03:26.000,31.7,23.1,24.4,21.7,21.5,17.2,13.7,9.2,8.3,8.1,8.7,12.2,14.2,14.9,16.1,16.0,15.9,15.8,14.6,12.6,10.7,7.0,6.2,7.4,6.4,-1.2,-3.2,-3.7,-3.3,-3.5,-3.9,-2.9,-0.2,21.9,29.6,52.1,13.4,0.0,32.6,25.6,13.4,69.7,,,OBAnorm,,LD831_02097v2.403,,,,0,0
DENATRLA,2025-06-23 23:03:27.000,27.3,24.0,22.3,19.0,13.9,14.1,11.9,10.9,5.2,6.6,9.5,12.4,14.2,15.1,16.4,16.2,15.4,15.0,15.1,12.9,10.8,7.9,4.7,4.9,2.0,-0.8,-2.1,-2.0,-1.0,-2.1,-2.0,-2.2,0.0,21.8,29.2,44.6,13.4,0.0,32.6,25.6,13.4,69.7,,,OBAnorm,,LD831_02097v2.403,,,,0,0
DENATRLA,2025-06-23 23:03:28.000,33.0,27.0,23.7,17.1,17.6,16.1,15.1,9.8,8.6,6.7,7.6,12.8,14.9,16.3,18.2,15.3,15.2,14.7,14.5,12.4,10.4,6.9,3.9,1.5,-0.3,-2.6,-3.8,-3.7,-3.3,-3.6,-4.0,-3.1,-0.1,21.5,33.1,50.7,13.4,0.0,32.6,25.6,13.4,69.7,,,OBAnorm,,LD831_02097v2.403,,,,0,0
DENATRLA,2025-06-23 23:03:29.000,29.9,24.2,23.1,23.6,22.9,19.5,17.6,11.7,6.7,6.3,10.3,11.7,15.1,15.9,15.9,15.6,15.6,15.5,14.3,13.3,10.4,7.0,3.6,0.7,-1.0,-1.8,-2.8,-3.3,-2.0,-2.3,-3.2,-2.7,-0.1,21.5,32.0,53.6,13.4,0.0,32.6,25.6,13.4,69.7,,,OBAnorm,,LD831_02097v2.403,,,,0,0
DENATRLA,2025-06-23 23:03:30.000,34.5,30.7,25.9,25.5,22.8,15.7,18.9,12.3,9.8,7.9,9.7,10.9,12.9,16.0,16.9,16.9,15.4,14.5,13.6,12.6,10.3,7.6,4.0,1.0,-2.0,-2.6,-3.4,-3.5,-3.1,-3.1,-3.5,-2.8,0.0,21.3,32.1,53.4,13.4,0.0,32.5,25.6,13.4,70.2,,,OBAnorm,,LD831_02097v2.403,,,,0,0
DENATRLA,2025-06-23 23:03:31.000,33.4,31.3,26.6,24.9,21.4,17.7,15.6,12.0,9.0,9.1,8.1,13.3,14.5,16.0,17.1,15.9,14.8,15.4,14.5,13.0,10.5,8.3,4.5,3.0,0.4,-1.1,-2.9,-2.7,-1.3,-1.4,-3.0,-2.6,-0.1,21.7,28.6,48.8,13.4,0.0,32.6,25.5,13.4,70.2,,,OBAnorm,,LD831_02097v2.403,,,,0,0
DENATRLA,2025-06-23 23:03:32.000,29.5,29.0,24.6,21.8,17.2,16.3,10.2,10.0,7.6,7.3,10.1,12.6,14.9,15.6,16.7,16.8,15.9,15.0,14.6,13.2,10.8,7.9,4.5,1.8,-1.4,-2.7,-3.9,-3.8,-3.1,-3.5,-4.2,-3.1,-0.1,21.7,35.0,53.6,13.4,0.0,32.5,25.6,13.3,70.2,,,OBAnorm,,LD831_02097v2.403,,,,0,0
DENATRLA,2025-06-23 23:03:33.000,30.3,26.3,20.2,18.4,18.7,15.5,17.0,15.4,11.2,14.1,11.4,12.4,14.1,16.4,16.8,16.7,16.2,15.9,14.3,13.6,10.8,7.8,4.7,3.4,2.6,-1.6,-3.8,-3.7,-3.4,-3.8,-4.4,-3.1,-0.1,21.9,36.0,54.9,13.4,0.0,32.5,25.6,13.4,70.2,,,OBAnorm,,LD831_02097v2.403,,,,0,0
DENATRLA,2025-06-23 23:03:34.000,32.9,32.2,27.2,30.7,28.7,23.3,23.8,20.9,16.3,9.4,9.8,11.9,15.0,15.8,17.3,16.6,15.4,15.0,15.2,13.6,10.8,7.4,4.6,1.8,4.5,-3.2,-3.8,-3.8,-3.8,-3.8,-4.4,-3.2,-0.3,21.9,28.9,47.9,13.4,0.0,32.5,25.6,13.4,70.2,,,OBAnorm,,LD831_02097v2.403,,,,0,0
DENATRLA,2025-06-23 23:03:35.000,35.2,33.3,29.5,24.7,19.2,13.8,10.2,7.5,7.9,6.1,9.6,12.8,15.4,16.2,16.7,16.4,15.9,15.4,14.8,13.0,10.3,7.6,4.5,8.0,6.3,-0.5,-3.5,-3.8,-3.8,-3.9,-4.4,-3.2,-0.1,22.1,28.3,47.2,13.4,0.0,32.5,25.5,13.3,70.2,,,OBAnorm,,LD831_02097v2.403,,,,0,0
DENATRLA,2025-06-23 23:03:36.000,35.3,28.2,23.2,19.4,14.8,13.2,12.5,9.3,7.4,6.9,10.5,13.1,14.8,15.7,16.1,16.3,15.9,15.4,14.0,13.1,10.2,7.3,3.6,1.4,-1.1,-3.2,-3.9,-3.8,-3.5,-3.7,-4.3,-3.1,-0.2,21.4,28.8,49.3,13.4,0.0,32.5,25.5,13.3,70.2,,,OBAnorm,,LD831_02097v2.403,,,,0,0
DENATRLA,2025-06-23 23:03:37.000,29.0,21.9,23.5,19.9,16.6,16.4,11.8,11.0,6.0,7.6,9.1,15.3,14.8,16.1,18.4,16.1,16.4,15.3,15.3,13.8,11.3,7.8,3.7,1.4,-1.7,-2.5,-3.6,-3.7,-3.4,-3.6,-4.0,-2.9,-0.2,22.2,30.6,51.3,13.4,0.0,32.5,25.6,13.3,70.2,,,OBAnorm,,LD831_02097v2.403,,,,0,0
DENATRLA,2025-06-23 23:03:38.000,27.0,20.0,23.6,20.7,18.4,16.0,12.2,9.9,4.4,7.2,11.6,15.3,15.5,17.3,18.8,16.8,16.8,16.3,15.4,13.3,12.5,9.6,5.9,3.0,0.3,0.6,-0.4,-1.4,0.3,-0.2,-1.5,-1.5,0.3,22.8,32.9,44.0,13.4,0.0,32.5,25.6,13.3,70.2,,,OBAnorm,,LD831_02097v2.403,,,,0,0
DENATRLA,2025-06-23 23:03:39.000,30.2,27.0,22.3,22.2,19.5,20.5,21.5,17.1,11.4,9.1,11.8,13.5,14.6,17.1,17.5,16.4,16.8,15.8,14.4,12.9,10.7,8.2,5.3,3.5,2.8,-1.0,-2.8,-3.0,-2.3,-2.9,-3.9,-2.6,-0.1,22.1,31.4,50.1,13.4,0.0,32.5,25.6,13.3,70.2,,,OBAnorm,,LD831_02097v2.403,,,,0,0
DENATRLA,2025-06-23 23:03:40.000,28.6,27.0,36.3,21.9,19.9,18.1,15.0,12.8,7.8,6.7,10.4,13.7,15.8,16.6,18.2,17.7,16.0,16.5,14.5,13.1,10.6,7.9,5.0,6.0,5.7,0.0,-2.5,-3.0,-2.7,-2.8,-3.6,-2.6,-0.1,22.5,31.7,49.8,13.4,0.0,31.3,25.6,13.3,69.1,,,OBAnorm,,LD831_02097v2.403,,,,0,0
DENATRLA,2025-06-23 23:03:41.000,27.3,31.2,25.2,25.2,20.3,18.7,18.8,16.7,10.0,8.0,10.3,12.4,16.7,17.0,18.5,16.5,15.8,15.8,14.7,12.8,10.8,7.4,4.3,3.1,0.7,-3.1,-3.8,-3.9,-3.7,-3.7,-4.4,-3.1,-0.1,22.0,33.1,50.5,13.4,0.0,32.6,25.6,13.3,68.5,,,OBAnorm,,LD831_02097v2.403,,,,0,0
DENATRLA,2025-06-23 23:03:42.000,33.0,26.4,23.9,27.5,24.8,22.5,19.6,12.2,8.5,8.6,9.0,13.0,15.1,16.3,16.8,16.5,16.6,16.5,15.1,12.2,10.8,7.7,4.0,2.0,-0.6,-2.5,-3.9,-3.9,-3.8,-3.9,-4.5,-3.3,-0.1,22.1,35.0,53.0,13.4,0.0,32.5,25.6,13.3,69.7,,,OBAnorm,,LD831_02097v2.403,,,,0,0
DENATRLA,2025-06-23 23:03:43.000,34.8,29.4,27.6,30.3,24.9,21.0,18.2,17.4,12.2,7.1,10.7,11.9,14.0,16.3,17.6,17.7,16.5,16.1,14.9,13.1,11.1,7.7,3.9,2.5,1.3,-1.4,-4.0,-3.9,-3.8,-4.0,-4.4,-3.1,-0.2,22.2,33.5,55.3,13.4,0.0,32.6,25.6,13.3,70.2,,,OBAnorm,,LD831_02097v2.403,,,,0,0
DENATRLA,2025-06-23 23:03:44.000,33.7,30.7,33.7,27.3,23.3,20.3,14.8,10.8,6.6,6.9,9.8,13.3,15.8,17.0,17.3,16.8,15.5,15.6,15.5,12.4,9.5,7.9,5.9,3.4,2.1,-3.4,-3.7,-3.8,-3.8,-3.8,-4.3,-3.1,-0.1,22.0,32.2,52.4,13.4,0.1,32.5,25.5,13.3,70.2,,,OBAnorm,,LD831_02097v2.403,,,,0,0
DENATRLA,2025-06-23 23:03:45.000,39.0,29.3,25.7,23.8,22.5,20.4,15.3,9.8,5.3,5.7,8.7,12.3,15.3,17.0,18.2,17.3,16.2,16.8,14.4,13.2,10.0,7.7,7.6,4.3,2.2,-1.7,-3.9,-3.9,-3.9,-3.9,-4.4,-3.2,-0.2,22.4,31.2,50.5,13.4,0.2,31.3,25.6,13.3,69.1,,,OBAnorm,,LD831_02097v2.403,,,,0,0
DENATRLA,2025-06-23 23:03:46.000,29.3,33.0,24.2,19.0,18.4,18.1,12.4,10.0,6.8,5.2,9.2,12.0,15.4,16.7,16.5,17.4,16.3,15.6,14.5,13.4,9.7,7.3,2.9,0.2,-1.6,-3.2,-3.9,-3.9,-3.7,-4.0,-4.5,-3.2,-0.1,21.6,30.4,54.1,13.4,0.2,31.4,25.5,13.3,67.4,,,OBAnorm,,LD831_02097v2.403,,,,0,0
DENATRLA,2025-06-23 23:03:47.000,31.4,28.5,22.4,21.7,19.6,13.1,12.2,7.4,6.5,5.4,10.1,13.0,14.6,16.8,16.8,17.0,16.5,15.6,14.7,13.0,10.2,6.6,3.1,0.2,-2.8,-3.4,-4.0,-3.9,-3.7,-3.9,-4.2,-3.2,-0.2,21.8,31.2,47.9,13.4,0.2,31.3,25.6,13.3,66.2,,,OBAnorm,,LD831_02097v2.403,,,,0,0
DENATRLA,2025-06-23 23:03:48.000,32.6,24.5,23.0,19.1,20.0,14.7,11.7,9.7,8.5,5.8,8.8,12.1,13.4,15.1,16.2,16.4,15.5,15.1,13.9,12.4,9.6,6.0,2.5,0.7,-2.9,-3.4,-3.9,-3.8,-3.7,-3.8,-4.3,-3.3,-0.1,21.0,27.4,41.9,13.4,0.2,31.3,25.6,13.3,66.8,,,OBAnorm,,LD831_02097v2.403,,,,0,0
DENATRLA,2025-06-23 23:03:49.000,27.8,29.7,25.4,18.8,14.8,13.1,11.8,8.0,5.0,4.8,7.2,12.1,14.2,15.7,16.6,16.7,15.9,15.3,13.7,12.5,9.1,6.3,3.9,2.3,-0.9,-2.9,-3.9,-3.8,-3.7,-3.9,-4.4,-3.2,0.0,21.2,28.8,47.0,13.4,0.2,31.3,25.5,13.3,66.8,,,OBAnorm,,LD831_02097v2.403,,,,0,0
DENATRLA,2025-06-23 23:03:50.000,35.1,24.8,23.0,18.5,17.2,11.4,11.2,9.3,5.5,6.3,9.1,12.4,13.5,15.3,16.8,17.1,16.3,15.3,13.6,11.4,9.8,6.8,3.3,1.6,-0.4,-3.2,-3.9,-3.6,-3.3,-3.9,-4.4,-3.1,-0.1,21.2,28.0,44.4,13.4,0.2,31.3,25.6,13.3,66.8,,,OBAnorm,,LD831_02097v2.403,,,,0,0
DENATRLA,2025-06-23 23:03:51.000,29.9,21.7,20.6,21.3,17.6,12.4,13.0,11.0,4.4,6.9,7.1,12.0,13.5,14.9,16.0,16.1,16.2,14.9,13.1,11.9,8.8,6.3,5.2,4.2,2.7,-2.9,-3.9,-3.9,-3.9,-4.0,-4.5,-3.3,-0.1,21.0,29.0,45.9,13.4,0.2,31.4,25.5,13.3,66.8,,,OBAnorm,,LD831_02097v2.403,,,,0,0
DENATRLA,2025-06-23 23:03:52.000,22.9,23.7,21.0,20.7,17.0,14.3,12.9,9.8,5.7,6.1,9.2,12.7,14.9,14.9,15.3,17.3,15.7,15.3,13.5,11.7,9.7,7.7,6.4,6.5,4.8,-1.3,-3.5,-3.6,-3.3,-3.6,-4.1,-3.0,-0.2,21.5,30.4,45.9,13.4,0.2,31.4,25.5,13.3,66.8,,,OBAnorm,,LD831_02097v2.403,,,,0,0
DENATRLA,2025-06-23 23:03:53.000,26.2,25.8,21.3,19.7,18.0,14.4,22.2,11.6,9.8,6.9,9.1,12.3,13.2,14.9,16.5,16.7,15.4,15.1,14.8,12.7,10.3,7.0,7.3,6.5,5.4,-0.5,-2.8,-3.6,-2.9,-2.9,-4.1,-2.8,-0.1,21.9,27.6,47.2,13.4,0.2,31.4,25.6,13.3,66.8,,,OBAnorm,,LD831_02097v2.403,,,,0,0
DENATRLA,2025-06-23 23:03:54.000,30.3,28.3,29.3,17.1,15.3,14.0,11.1,9.4,6.0,5.4,9.3,13.0,14.7,15.4,16.5,17.2,15.6,16.0,14.8,13.3,9.8,7.9,3.9,0.5,-1.2,-1.3,-2.5,-3.4,-2.7,-2.6,-3.9,-2.8,-0.1,21.7,29.1,47.5,13.4,0.1,31.4,25.5,13.3,66.8,,,OBAnorm,,LD831_02097v2.403,,,,0,0
DENATRLA,2025-06-23 23:03:55.000,27.1,30.5,23.6,16.9,16.8,12.4,12.5,9.1,5.9,7.7,10.3,12.5,14.3,15.1,16.8,17.5,15.4,15.5,15.2,12.7,9.9,6.9,2.9,0.8,-0.9,-0.4,-2.2,-2.7,-2.3,-2.3,-3.8,-2.9,-0.2,21.8,28.8,46.2,13.4,0.0,31.4,25.5,13.3,66.8,,,OBAnorm,,LD831_02097v2.403,,,,0,0
DENATRLA,2025-06-23 23:03:56.000,24.4,24.7,26.4,20.6,14.9,15.2,11.7,12.1,5.9,6.5,10.3,11.9,13.5,15.3,16.8,16.6,16.4,14.8,13.8,12.2,9.1,6.1,3.3,3.2,1.4,1.4,-0.6,-1.0,-0.8,-2.5,-4.0,-2.6,-0.1,21.3,27.9,43.9,13.4,0.0,32.6,25.6,13.3,67.9,,,OBAnorm,,LD831_02097v2.403,,,,0,0
DENATRLA,2025-06-23 23:03:57.000,25.0,23.1,19.9,19.5,15.4,12.4,9.2,7.2,5.8,6.4,9.8,12.3,13.7,15.2,16.5,18.9,15.8,15.0,15.0,12.7,10.2,6.7,4.7,4.9,1.9,0.1,-3.1,-3.6,-3.5,-3.4,-4.2,-3.1,-0.1,22.1,28.4,41.7,13.4,0.0,32.6,25.6,13.3,70.2,,,OBAnorm,,LD831_02097v2.403,,,,0,0
DENATRLA,2025-06-23 23:03:58.000,33.5,23.6,23.7,19.7,15.7,14.7,10.4,9.1,6.6,6.9,9.0,13.8,15.5,16.5,18.7,22.1,16.1,16.2,15.1,16.5,10.7,8.4,6.0,3.9,1.8,1.0,-1.2,-1.9,-1.4,-2.3,-3.6,-2.8,-0.2,23.7,29.1,43.8,13.4,0.0,32.5,25.6,13.3,70.8,,,OBAnorm,,LD831_02097v2.403,,,,0,0
DENATRLA,2025-06-23 23:03:59.000,28.8,23.4,21.3,17.8,15.0,13.9,11.4,10.4,6.6,7.0,10.1,14.1,17.2,16.1,18.9,23.7,17.1,17.2,16.6,14.9,11.6,8.5,5.4,4.2,2.1,-0.2,-1.2,-2.1,-1.4,-2.4,-3.9,-2.7,0.0,24.2,30.0,45.8,13.4,0.0,32.5,25.5,13.3,70.8,,,OBAnorm,,LD831_02097v2.403,,,,0,0
DENATRLA,2025-06-23 23:04:00.000,28.4,24.4,22.5,21.4,17.0,12.7,10.7,10.2,6.4,7.2,9.9,15.4,23.6,17.0,19.1,28.8,18.6,18.3,19.6,17.3,14.9,12.1,8.8,6.4,4.6,3.9,3.1,2.4,2.3,0.8,-0.8,-0.9,0.5,27.8,32.7,44.3,13.4,0.0,32.5,25.5,13.3,70.8,,,OBAnorm,,LD831_02097v2.403,,,,0,0
DENATRLA,2025-06-23 23:04:01.000,28.2,23.2,22.1,15.6,14.3,17.5,13.4,7.8,6.3,5.7,10.0,20.9,25.9,15.8,22.6,28.5,20.0,18.4,19.7,16.7,14.3,11.2,7.2,5.2,2.6,1.9,1.2,-0.3,-0.1,-1.1,-2.9,-1.6,0.1,27.6,32.8,39.0,13.4,0.0,32.6,25.5,13.3,70.8,,,OBAnorm,,LD831_02097v2.403,,,,0,0
DENATRLA,2025-06-23 23:04:02.000,25.6,24.0,17.7,15.9,13.1,15.8,9.3,9.6,4.3,5.4,10.8,15.2,22.7,15.3,18.3,25.2,18.8,17.4,15.9,16.1,11.7,9.9,5.0,3.2,0.9,0.3,0.2,-1.1,-0.7,-2.2,-3.7,-2.9,0.0,24.7,30.2,38.8,13.4,0.0,32.5,25.6,13.3,70.8,,,OBAnorm,,LD831_02097v2.403,,,,0,0
DENATRLA,2025-06-23 23:04:03.000,24.8,20.1,21.1,18.6,15.9,12.9,11.8,9.5,6.2,6.9,7.6,16.4,19.8,15.9,17.5,20.3,17.8,17.5,15.8,16.8,11.9,9.3,5.4,7.0,3.3,1.2,2.7,1.0,1.6,-0.7,-2.8,-2.2,-0.1,24.0,28.9,44.0,13.4,0.0,32.5,25.5,13.3,70.8,,,OBAnorm,,LD831_02097v2.403,,,,0,0
DENATRLA,2025-06-23 23:04:04.000,23.8,22.8,22.2,15.7,16.4,13.2,12.5,9.0,7.1,5.5,10.2,14.1,16.7,16.2,17.4,19.5,17.3,16.2,15.0,13.3,10.3,7.6,7.1,7.4,4.9,0.1,-2.0,-2.3,-2.6,-3.0,-4.1,-3.1,-0.1,22.7,28.2,45.0,13.4,0.0,32.5,25.5,13.2,70.8,,,OBAnorm,,LD831_02097v2.403,,,,0,0
DENATRLA,2025-06-23 23:04:05.000,26.6,23.8,18.5,16.6,19.3,15.3,12.1,8.3,5.3,6.4,8.9,12.8,15.5,15.6,17.5,17.5,16.4,16.5,14.8,15.0,10.8,7.5,3.7,2.7,0.2,-1.6,-3.2,-3.5,-3.1,-3.6,-4.3,-3.1,-0.1,22.6,28.4,40.3,13.4,0.0,32.6,25.5,13.2,70.8,,,OBAnorm,,LD831_02097v2.403,,,,0,0
DENATRLA,2025-06-23 23:04:06.000,17.7,23.4,19.4,16.4,17.9,12.7,19.0,13.6,4.6,7.2,8.8,12.0,16.7,16.6,17.7,17.7,16.5,16.4,15.2,13.0,10.3,7.8,4.0,1.2,-0.1,0.1,-0.2,-2.5,-0.3,-2.6,-3.4,-2.2,-0.1,22.3,29.3,41.2,13.4,0.0,32.5,25.5,13.2,70.8,,,OBAnorm,,LD831_02097v2.403,,,,0,0
DENATRLA,2025-06-23 23:04:07.000,22.9,23.1,24.5,20.9,19.9,17.7,16.8,11.8,9.6,5.5,8.8,10.8,14.2,16.0,16.5,17.6,16.7,15.5,14.4,12.1,9.6,9.2,8.2,6.7,5.7,1.1,1.0,0.0,-0.1,-0.7,-3.0,-1.9,0.0,22.2,28.1,46.9,13.4,0.0,32.5,25.5,13.2,70.8,,,OBAnorm,,LD831_02097v2.403,,,,0,0
DENATRLA,2025-06-23 23:04:08.000,24.2,27.1,25.6,18.7,16.4,16.6,12.0,9.4,5.9,7.2,10.8,11.1,13.5,15.8,16.9,17.0,16.2,15.7,14.7,12.6,8.8,7.1,6.7,6.4,5.7,0.2,-2.5,-3.2,-3.2,-3.2,-4.2,-2.9,-0.2,21.9,27.3,44.7,13.4,0.0,32.5,25.5,13.2,70.8,,,OBAnorm,,LD831_02097v2.403,,,,0,0
DENATRLA,2025-06-23 23:04:09.000,22.0,26.4,21.6,16.4,15.8,13.6,11.0,8.3,6.2,6.0,10.0,12.3,15.3,16.0,16.8,17.4,16.5,15.2,13.6,13.4,9.5,7.0,3.6,2.9,0.3,-1.3,-3.2,-3.7,-3.4,-3.4,-4.3,-3.0,-0.1,21.6,28.6,46.4,13.4,0.0,32.5,25.5,13.2,70.8,,,OBAnorm,,LD831_02097v2.403,,,,0,0
DENATRLA,2025-06-23 23:04:10.000,26.2,20.7,22.1,18.9,15.7,14.1,14.3,9.6,5.5,4.8,10.4,11.6,14.5,15.7,15.5,15.9,16.4,15.4,14.7,12.9,10.2,7.5,3.9,1.7,0.6,-2.1,-3.4,-3.5,-2.8,-2.9,-3.9,-2.9,0.0,21.6,27.4,44.5,13.4,0.0,32.6,25.5,13.2,70.2,,,OBAnorm,,LD831_02097v2.403,,,,0,0
DENATRLA,2025-06-23 23:04:11.000,20.6,23.4,24.4,19.9,15.4,14.3,12.6,8.4,5.8,5.8,9.3,11.4,13.8,14.6,16.7,17.3,16.3,15.8,14.6,13.4,10.5,7.4,3.1,0.4,-0.9,0.4,-1.0,-2.0,-0.2,-1.2,-2.5,-2.3,-0.1,21.8,27.6,39.3,13.4,0.0,31.3,25.5,13.2,68.5,,,OBAnorm,,LD831_02097v2.403,,,,0,0
DENATRLA,2025-06-23 23:04:12.000,30.2,21.8,16.5,16.0,15.2,13.2,11.9,9.7,4.1,6.3,7.2,11.2,14.3,15.2,16.5,16.4,16.0,14.8,13.9,12.0,9.4,9.3,11.3,13.3,9.7,3.0,-3.6,-3.7,-3.6,-3.7,-4.1,-3.0,-0.2,22.9,27.3,40.1,13.4,0.0,31.3,25.5,13.2,67.9,,,OBAnorm,,LD831_02097v2.403,,,,0,0
DENATRLA,2025-06-23 23:04:13.000,25.7,21.7,23.8,14.9,14.0,12.9,12.7,8.6,6.0,7.2,8.3,10.9,15.2,15.2,16.5,15.6,15.7,15.4,13.8,10.8,8.9,6.6,3.2,2.5,9.3,1.6,0.1,-3.7,-3.5,-3.7,-4.0,-3.1,-0.1,21.3,26.4,37.0,13.4,0.0,32.5,25.5,13.2,69.6,,,OBAnorm,,LD831_02097v2.403,,,,0,0
DENATRLA,2025-06-23 23:04:14.000,21.6,25.0,22.8,17.4,15.1,11.9,13.9,8.4,4.8,5.7,9.3,11.3,14.4,14.5,17.1,15.9,15.8,15.4,13.3,11.9,9.0,5.8,2.2,0.0,-2.6,-3.9,-3.9,-3.9,-3.7,-4.0,-4.4,-3.2,-0.1,21.1,26.9,38.1,13.4,0.0,32.5,25.5,13.2,70.8,,,OBAnorm,,LD831_02097v2.403,,,,0,0
DENATRLA,2025-06-23 23:04:15.000,23.0,15.2,20.1,17.3,17.2,15.4,11.6,9.6,5.0,7.6,8.9,12.1,14.9,15.0,16.4,16.2,15.4,15.1,13.8,11.6,9.6,6.7,5.2,5.2,2.6,-1.8,-2.7,-3.2,-2.7,-3.3,-3.7,-2.9,-0.1,21.1,26.8,41.0,13.4,0.0,32.5,25.5,13.2,70.8,,,OBAnorm,,LD831_02097v2.403,,,,0,0
DENATRLA,2025-06-23 23:04:16.000,23.8,21.9,20.6,17.0,12.5,13.9,11.7,8.7,5.4,6.9,10.0,13.5,14.6,15.7,17.6,16.2,16.2,15.5,13.6,11.8,9.2,6.4,3.7,3.2,3.3,0.3,-3.5,-3.8,-3.5,-3.6,-4.1,-3.1,-0.2,21.4,28.0,38.6,13.4,0.0,32.6,25.5,13.2,70.8,,,OBAnorm,,LD831_02097v2.403,,,,0,0
DENATRLA,2025-06-23 23:04:17.000,24.9,21.8,18.5,20.8,18.4,15.9,17.7,13.8,11.2,8.0,10.4,12.3,14.2,15.2,16.5,16.4,15.9,15.8,13.9,11.5,9.4,6.2,2.7,1.7,0.0,-1.1,-1.5,-1.6,-1.8,-2.4,-3.5,-3.1,-0.1,21.2,26.8,43.0,13.4,0.0,32.5,25.5,13.2,70.8,,,OBAnorm,,LD831_02097v2.403,,,,0,0
DENATRLA,2025-06-23 23:04:18.000,26.3,21.1,20.6,17.9,17.8,13.3,11.8,6.9,7.0,6.5,9.2,11.6,14.1,15.2,16.8,16.2,15.8,15.4,14.0,12.2,9.9,6.4,2.7,2.5,1.8,-3.1,-2.5,-2.9,-2.4,-2.7,-2.9,-2.9,-0.1,21.3,27.6,43.1,13.4,0.0,32.5,25.5,13.2,70.8,,,OBAnorm,,LD831_02097v2.403,,,,0,0
DENATRLA,2025-06-23 23:04:19.000,24.2,22.5,21.0,16.5,17.0,11.8,10.0,8.1,7.8,6.0,9.9,11.1,13.3,15.0,16.7,16.4,16.3,15.1,13.7,11.7,9.7,7.6,5.5,8.9,7.5,0.0,-2.7,-3.2,-2.6,-1.7,-3.0,-2.5,0.1,21.7,27.3,43.8,13.4,0.0,32.5,25.5,13.2,70.8,,,OBAnorm,,LD831_02097v2.403,,,,0,0
DENATRLA,2025-06-23 23:04:20.000,25.7,21.9,18.6,19.0,12.8,15.4,12.1,9.5,6.5,6.2,9.9,12.5,14.0,16.2,16.5,16.2,15.6,14.9,13.6,11.5,9.1,6.4,3.9,6.8,6.8,7.1,-3.2,-3.4,-3.4,-3.0,-4.1,-3.1,-0.1,21.5,26.6,40.0,13.4,0.0,32.5,25.5,13.2,70.8,,,OBAnorm,,LD831_02097v2.403,,,,0,0
DENATRLA,2025-06-23 23:04:21.000,25.6,25.5,21.4,16.4,15.5,11.3,9.8,10.1,3.5,5.3,8.1,13.4,15.5,15.9,16.7,15.8,15.1,15.2,14.4,12.2,9.6,6.8,3.7,2.4,1.1,1.6,0.1,-1.3,-0.6,1.2,-2.2,-2.3,-0.2,21.3,27.5,41.0,13.4,0.0,32.6,25.5,13.2,70.8,,,OBAnorm,,LD831_02097v2.403,,,,0,0
DENATRLA,2025-06-23 23:04:22.000,23.9,22.6,17.5,18.6,15.0,14.0,10.6,9.1,2.6,5.6,9.6,12.3,13.5,15.3,16.4,16.6,16.1,15.9,14.6,12.8,10.1,7.1,3.7,1.3,-1.5,-1.8,-3.1,-3.7,-3.5,-3.2,-4.2,-3.1,-0.2,21.8,27.1,37.8,13.4,0.0,32.5,25.5,13.2,70.8,,,OBAnorm,,LD831_02097v2.403,,,,0,0
DENATRLA,2025-06-23 23:04:23.000,27.0,22.9,22.2,15.9,19.4,13.5,11.1,9.2,4.3,5.9,9.3,12.2,14.0,15.9,17.2,16.4,16.3,15.4,13.4,12.1,9.3,6.7,2.7,0.2,-1.7,-1.5,-2.0,-3.1,-2.8,-2.4,-3.7,-2.6,-0.1,21.3,26.8,41.1,13.4,0.0,32.6,25.5,13.2,70.8,,,OBAnorm,,LD831_02097v2.403,,,,0,0
DENATRLA,2025-06-23 23:04:24.000,25.4,18.9,20.5,17.5,13.9,14.3,14.1,6.8,3.6,5.8,9.1,13.0,13.0,16.0,16.5,15.1,15.7,15.1,13.4,11.8,8.5,6.0,3.9,3.2,0.7,-1.9,-2.8,-3.1,-3.0,-3.5,-4.2,-3.1,-0.2,20.9,26.6,38.1,13.4,0.0,32.6,25.5,13.2,70.8,,,OBAnorm,,LD831_02097v2.403,,,,0,0
DENATRLA,2025-06-23 23:04:25.000,20.4,22.4,18.4,19.2,14.3,13.7,12.4,8.8,5.5,5.8,9.1,11.5,14.1,14.7,16.6,16.1,14.5,14.3,12.7,11.0,8.8,5.9,2.6,-0.7,-1.8,-1.1,-3.1,-3.8,-3.7,-3.6,-4.2,-3.1,-0.1,20.3,26.4,35.0,13.4,0.0,32.5,25.5,13.2,70.8,,,OBAnorm,,LD831_02097v2.403,,,,0,0
DENATRLA,2025-06-23 23:04:26.000,25.9,19.4,18.4,18.6,13.4,14.6,11.8,7.9,5.0,7.1,9.0,12.4,12.7,15.1,16.6,15.5,14.1,14.2,13.0,11.0,8.3,6.1,5.1,4.7,5.8,-0.2,-3.5,-3.8,-3.8,-3.8,-4.3,-3.0,0.0,20.7,26.0,36.2,13.4,0.0,32.5,25.5,13.2,70.8,,,OBAnorm,,LD831_02097v2.403,,,,0,0
DENATRLA,2025-06-23 23:04:27.000,22.6,23.9,18.7,15.9,16.2,13.1,13.0,9.3,4.8,5.4,8.7,11.8,14.1,15.2,16.1,15.9,15.7,14.7,13.4,11.3,8.5,7.5,5.2,4.4,0.3,-1.5,-3.2,-3.7,-3.6,-3.8,-4.2,-2.9,-0.2,21.0,26.8,35.4,13.4,0.0,32.5,25.5,13.2,70.8,,,OBAnorm,,LD831_02097v2.403,,,,0,0
DENATRLA,2025-06-23 23:04:28.000,25.1,24.8,18.1,19.6,13.4,14.8,12.4,8.6,4.1,4.4,10.6,11.9,13.5,16.5,16.5,16.5,15.2,15.7,13.1,12.2,9.5,7.4,7.3,13.0,10.4,3.5,-3.0,-3.8,-3.8,-3.7,-4.3,-3.1,-0.1,22.5,27.4,39.8,13.4,0.0,32.5,25.5,13.2,70.8,,,OBAnorm,,LD831_02097v2.403,,,,0,0
DENATRLA,2025-06-23 23:04:29.000,24.0,19.2,20.6,16.0,18.0,14.0,12.1,12.2,3.4,5.1,8.7,12.4,14.6,14.0,17.3,17.1,15.2,15.4,13.9,12.3,9.7,6.4,3.2,1.0,-1.6,-1.1,-1.6,-2.7,-1.6,-1.2,-3.2,-2.5,0.0,21.4,29.3,50.2,13.4,0.0,32.5,25.5,13.2,70.8,,,OBAnorm,,LD831_02097v2.403,,,,0,0
DENATRLA,2025-06-23 23:04:30.000,23.9,23.5,20.3,20.7,14.5,15.0,15.9,9.3,6.4,6.4,9.2,11.7,14.2,17.0,16.6,15.4,16.1,15.1,14.4,12.1,9.6,6.4,3.5,1.6,1.8,-1.2,-2.9,-3.5,-3.3,-3.4,-4.2,-3.0,-0.2,21.3,32.8,52.0,13.4,0.0,32.5,25.5,13.2,70.8,,,OBAnorm,,LD831_02097v2.403,,,,0,0
DENATRLA,2025-06-23 23:04:31.000,27.3,25.9,25.2,20.0,19.0,18.3,13.1,11.7,6.7,7.9,9.1,12.6,14.7,14.6,15.3,16.1,15.4,15.0,13.5,12.3,9.0,6.1,2.0,-1.1,-2.0,-3.0,-3.8,-3.9,-3.8,-4.0,-4.4,-3.2,-0.2,20.8,34.1,51.9,13.4,0.0,32.5,25.5,13.2,70.8,,,OBAnorm,,LD831_02097v2.403,,,,0,0
DENATRLA,2025-06-23 23:04:32.000,27.4,28.0,29.8,26.5,24.3,21.2,17.2,17.0,11.6,7.8,11.3,13.2,13.7,15.1,15.3,16.7,14.8,14.4,13.5,11.5,8.4,5.8,2.1,0.4,-1.3,-3.4,-3.4,-3.8,-3.6,-3.6,-4.4,-3.2,-0.1,20.5,36.5,54.8,13.4,0.0,32.5,25.5,13.2,70.8,,,OBAnorm,,LD831_02097v2.403,,,,0,0
DENATRLA,2025-06-23 23:04:33.000,35.0,31.9,30.1,26.5,27.6,21.6,21.9,18.5,12.9,11.0,11.8,13.0,14.3,14.5,15.6,15.9,15.2,15.0,13.9,11.5,9.5,5.9,2.8,1.1,-1.8,-3.1,-3.2,-3.7,-3.6,-3.8,-4.2,-3.1,-0.1,20.9,39.2,60.5,13.4,0.0,32.5,25.5,13.2,70.8,,,OBAnorm,,LD831_02097v2.403,,,,0,0
DENATRLA,2025-06-23 23:04:34.000,35.3,33.1,37.6,30.3,27.3,24.9,23.6,21.4,15.5,10.7,12.0,12.7,14.8,15.1,15.8,15.8,15.8,14.1,13.8,11.2,8.7,5.4,2.3,0.9,-2.9,-2.6,-3.6,-3.5,-3.8,-3.9,-4.4,-3.2,-0.1,20.7,35.3,51.8,13.4,0.0,32.5,25.5,13.2,70.8,,,OBAnorm,,LD831_02097v2.403,,,,0,0
DENATRLA,2025-06-23 23:04:35.000,37.5,33.9,31.6,32.0,26.8,23.3,18.2,17.8,12.5,10.7,10.2,13.7,14.8,15.1,15.7,15.8,15.5,14.9,13.1,11.9,8.3,5.4,7.0,7.5,2.3,-3.0,-3.8,-3.9,-3.7,-3.9,-4.4,-3.1,-0.1,21.2,37.3,56.1,13.4,0.0,31.3,25.5,13.2,69.6,,,OBAnorm,,LD831_02097v2.403,,,,0,0
DENATRLA,2025-06-23 23:04:36.000,37.0,34.3,33.4,31.1,28.1,25.6,21.6,16.7,11.0,9.8,11.9,12.2,15.1,15.4,15.9,15.5,14.9,14.8,13.6,11.4,8.8,5.1,3.3,2.9,4.8,0.4,-3.5,-3.7,-3.2,-3.3,-4.2,-3.0,-0.2,20.9,39.8,57.2,13.4,0.2,32.5,25.5,13.2,69.6,,,OBAnorm,,LD831_02097v2.403,,,,0,0
DENATRLA,2025-06-23 23:04:37.000,40.9,35.7,36.1,30.1,28.6,27.4,18.0,16.4,11.7,10.6,11.2,12.9,14.3,15.3,15.9,16.3,16.0,14.6,14.3,11.2,8.3,5.9,2.6,0.0,-2.3,-3.0,-3.6,-3.4,-3.8,-3.9,-4.4,-3.1,-0.1,21.0,38.1,55.1,13.4,0.4,32.5,25.5,13.2,69.6,,,OBAnorm,,LD831_02097v2.403,,,,0,0
DENATRLA,2025-06-23 23:04:38.000,37.4,37.1,39.1,34.7,28.0,25.4,22.1,18.2,11.3,10.7,12.7,13.3,13.9,14.3,16.3,17.0,16.4,16.2,14.5,12.2,10.1,7.3,3.5,3.1,-0.3,-3.1,-3.9,-3.9,-3.8,-3.8,-4.4,-3.3,-0.1,21.8,37.6,58.3,13.4,0.4,32.5,25.5,13.2,69.6,,,OBAnorm,,LD831_02097v2.403,,,,0,0
DENATRLA,2025-06-23 23:04:39.000,38.4,35.3,36.4,32.3,28.0,25.0,21.9,19.5,14.7,15.4,13.1,15.7,16.0,16.3,17.1,17.6,16.5,15.7,14.0,12.0,9.4,6.2,2.3,0.7,-0.6,-1.9,-2.8,-3.8,-3.7,-3.7,-4.2,-3.0,0.0,21.9,48.1,67.3,13.4,0.4,32.5,25.5,13.2,70.8,,,OBAnorm,,LD831_02097v2.403,,,,0,0
DENATRLA,2025-06-23 23:04:40.000,42.5,33.3,39.6,42.0,39.6,38.9,34.1,31.8,25.8,21.5,15.2,14.3,13.6,16.1,16.7,16.8,15.5,15.6,14.1,12.6,8.8,8.1,5.6,3.7,1.3,-2.1,-2.6,-3.4,-3.5,-3.7,-4.4,-3.0,-0.2,21.9,49.2,66.5,13.4,0.4,31.3,25.5,13.2,69.6,,,OBAnorm,,LD831_02097v2.403,,,,0,0
DENATRLA,2025-06-23 23:04:41.000,45.4,43.0,44.5,42.2,40.9,38.5,34.5,29.1,22.5,19.6,15.0,14.7,15.6,14.6,16.9,17.6,15.4,14.7,13.6,11.8,9.0,6.9,7.7,4.8,1.5,-0.8,-3.0,-3.7,-3.7,-3.8,-4.4,-3.0,0.0,21.6,46.7,65.0,13.4,0.4,32.6,25.4,13.2,69.6,,,OBAnorm,,LD831_02097v2.403,,,,0,0
DENATRLA,2025-06-23 23:04:42.000,53.4,47.1,46.2,41.3,42.0,36.9,25.7,23.7,17.9,13.3,12.6,14.0,14.8,15.5,16.1,15.8,15.9,15.3,14.0,12.3,9.3,6.9,6.1,6.5,4.2,-1.7,-3.5,-3.7,-3.8,-3.8,-4.3,-3.0,0.0,21.7,45.6,66.6,13.4,0.3,32.4,25.5,13.2,70.8,,,OBAnorm,,LD831_02097v2.403,,,,0,0
DENATRLA,2025-06-23 23:04:43.000,50.9,45.1,42.2,41.0,35.9,29.8,27.5,24.8,18.1,13.9,11.2,12.0,13.9,15.4,16.3,16.9,16.0,15.2,14.9,12.6,10.3,6.6,3.3,1.6,-0.1,-1.9,-3.8,-3.6,-3.6,-3.6,-4.2,-2.6,0.0,21.6,42.1,59.8,13.4,0.3,28.8,25.5,13.2,69.6,,,OBAnorm,,LD831_02097v2.403,,,,0,0
DENATRLA,2025-06-23 23:04:44.000,47.8,46.3,39.8,35.9,33.8,27.9,25.8,23.5,20.7,11.7,10.8,13.4,14.3,16.4,16.7,16.3,16.5,14.7,13.9,12.9,9.7,6.6,3.0,1.6,1.6,-2.2,-3.2,-3.8,-3.3,-3.3,-4.2,-3.0,-0.1,21.5,40.4,61.3,13.4,0.3,30.0,25.5,13.2,69.1,,,OBAnorm,,LD831_02097v2.403,,,,0,0
DENATRLA,2025-06-23 23:04:45.000,47.4,40.1,38.4,33.6,30.6,24.7,17.5,13.1,8.5,8.6,10.3,13.0,15.4,15.6,16.5,16.6,15.5,15.6,13.4,11.9,9.4,6.0,5.1,5.5,2.8,0.6,-3.1,-3.9,-3.8,-3.9,-4.4,-3.2,-0.2,21.4,35.2,54.9,13.4,0.3,30.1,25.5,13.2,70.2,,,OBAnorm,,LD831_02097v2.403,,,,0,0
DENATRLA,2025-06-23 23:04:46.000,41.8,43.3,32.0,30.5,20.7,18.0,15.1,12.4,7.8,9.0,10.2,12.8,14.7,16.1,15.9,16.2,15.2,14.9,14.0,12.1,9.7,6.3,2.3,-0.7,-2.0,-2.0,-3.0,-3.7,-3.5,-3.6,-4.3,-3.2,-0.2,20.9,35.5,56.1,13.4,0.3,30.0,25.5,13.2,70.8,,,OBAnorm,,LD831_02097v2.403,,,,0,0
DENATRLA,2025-06-23 23:04:47.000,41.4,35.5,27.3,26.5,22.8,18.8,17.7,15.8,8.4,7.8,10.8,11.3,14.3,15.8,15.9,16.5,15.2,14.7,13.1,12.4,9.2,6.6,2.6,0.5,-1.6,-3.7,-3.9,-3.8,-3.7,-3.7,-4.3,-3.1,-0.3,20.8,34.6,57.1,13.4,0.3,30.0,25.5,13.2,70.8,,,OBAnorm,,LD831_02097v2.403,,,,0,0
DENATRLA,2025-06-23 23:04:48.000,35.5,33.5,31.4,27.9,22.2,20.7,16.5,10.8,5.7,5.4,9.0,12.1,15.3,14.9,16.2,16.2,15.3,15.4,13.9,12.6,10.4,8.1,7.5,6.6,4.7,-0.3,-2.5,-3.7,-3.2,-3.0,-3.8,-2.9,-0.2,21.7,31.6,52.0,13.4,0.3,30.0,25.5,13.2,70.8,,,OBAnorm,,LD831_02097v2.403,,,,0,0
DENATRLA,2025-06-23 23:04:49.000,39.5,34.0,29.0,22.7,22.1,16.9,13.8,11.5,4.2,5.8,10.2,12.1,14.3,16.6,15.4,15.8,15.3,14.8,14.5,12.9,9.8,7.9,5.8,7.5,13.7,-3.4,-3.9,-3.9,-3.8,-3.8,-4.4,-3.1,-0.1,22.4,33.8,53.2,13.4,0.3,30.0,25.5,13.2,70.8,,,OBAnorm,,LD831_02097v2.403,,,,0,0
DENATRLA,2025-06-23 23:04:50.000,37.6,28.9,27.4,25.3,21.2,17.5,17.2,13.7,9.9,6.2,9.1,13.0,14.7,16.1,15.5,16.2,15.3,15.2,14.1,13.2,10.5,9.4,8.5,11.2,16.8,2.8,-2.5,-3.4,-3.1,-3.1,-4.1,-3.1,-0.2,23.8,36.5,52.6,13.4,0.3,30.0,25.5,13.2,70.8,,,OBAnorm,,LD831_02097v2.403,,,,0,0
DENATRLA,2025-06-23 23:04:51.000,34.7,24.2,32.8,28.7,28.9,21.5,15.3,13.1,6.2,7.5,8.5,12.6,15.1,16.4,17.0,16.1,15.4,15.5,14.6,12.6,9.5,7.6,6.0,13.4,10.5,0.3,-3.6,-3.7,-3.7,-3.8,-4.3,-3.1,-0.1,22.6,33.7,54.6,13.4,0.2,30.0,25.5,13.2,69.6,,,OBAnorm,,LD831_02097v2.403,,,,0,0
DENATRLA,2025-06-23 23:04:52.000,38.6,39.1,26.6,22.7,22.1,21.7,18.2,12.3,6.3,7.1,9.7,11.9,14.2,15.9,16.7,16.4,15.8,14.7,14.0,12.4,9.8,6.2,2.0,0.0,-2.6,-2.9,-3.6,-3.5,-3.7,-3.7,-4.4,-3.2,-0.1,21.1,32.7,51.8,13.4,0.1,28.8,25.5,13.2,67.9,,,OBAnorm,,LD831_02097v2.403,,,,0,0
DENATRLA,2025-06-23 23:04:53.000,37.5,31.8,29.1,26.6,21.7,17.3,15.6,11.7,8.3,6.9,8.9,12.9,14.0,15.3,16.3,15.5,15.3,15.1,13.6,12.3,9.5,6.1,2.8,0.0,-2.4,-3.1,-3.6,-3.8,-3.8,-4.0,-4.4,-3.2,-0.2,20.9,31.7,51.2,13.4,0.1,28.9,25.5,13.2,67.4,,,OBAnorm,,LD831_02097v2.403,,,,0,0
DENATRLA,2025-06-23 23:04:54.000,37.1,32.0,28.1,20.7,18.6,17.2,14.9,12.1,9.2,7.4,9.8,10.9,12.2,15.2,16.5,16.8,15.6,15.2,13.8,12.8,9.6,6.8,3.2,-0.2,-0.6,-2.0,-3.4,-3.4,-2.6,-2.9,-4.1,-2.9,-0.2,21.2,35.6,52.2,13.4,0.1,30.4,25.5,13.2,69.6,,,OBAnorm,,LD831_02097v2.403,,,,0,0
DENATRLA,2025-06-23 23:04:55.000,35.3,31.8,28.7,24.6,23.4,23.0,22.7,14.4,12.1,8.2,9.8,12.7,15.1,15.8,17.3,16.8,16.1,14.6,14.5,12.6,9.5,7.2,4.2,4.6,1.5,-1.8,-3.5,-3.7,-3.4,-3.0,-4.0,-2.9,0.0,21.6,37.5,58.5,13.4,0.1,30.6,25.5,13.2,70.2,,,OBAnorm,,LD831_02097v2.403,,,,0,0
DENATRLA,2025-06-23 23:04:56.000,35.8,33.6,32.0,28.8,25.6,26.3,24.2,20.0,16.5,10.4,10.0,12.5,14.6,16.2,16.2,16.1,14.6,15.0,13.7,12.6,9.8,6.7,3.2,2.2,-0.9,-2.0,-3.0,-3.6,-3.1,-2.3,-4.1,-2.9,-0.2,21.1,37.8,57.0,13.4,0.1,30.6,25.5,13.2,70.8,,,OBAnorm,,LD831_02097v2.403,,,,0,0
DENATRLA,2025-06-23 23:04:57.000,42.3,37.4,35.9,29.5,28.4,25.4,23.4,20.4,14.3,11.8,10.4,11.7,14.5,16.8,17.3,16.1,15.7,15.6,14.4,13.2,10.3,7.4,6.1,7.2,6.4,-0.6,-2.5,-3.4,-3.2,-3.0,-3.9,-2.9,0.0,22.1,38.2,61.9,13.4,0.1,30.6,25.5,13.2,70.8,,,OBAnorm,,LD831_02097v2.403,,,,0,0
DENATRLA,2025-06-23 23:04:58.000,38.2,36.6,34.0,27.7,28.6,28.3,19.6,16.1,12.9,7.1,11.7,12.2,15.4,16.7,17.2,17.7,16.8,15.8,15.2,13.2,10.5,7.6,5.0,6.1,5.8,1.7,-2.4,-3.1,-3.2,-3.4,-4.2,-3.1,-0.1,22.5,33.6,54.3,13.4,0.1,30.6,25.5,13.2,70.8,,,OBAnorm,,LD831_02097v2.403,,,,0,0
DENATRLA,2025-06-23 23:04:59.000,42.5,35.7,32.9,27.8,26.3,22.5,19.2,12.5,10.0,8.5,11.6,14.2,15.9,17.6,17.6,16.4,16.9,15.2,14.6,13.1,11.0,7.5,4.2,2.3,-0.5,-1.5,-3.0,-3.4,-2.9,-3.1,-4.3,-3.1,-0.1,22.0,33.1,54.0,13.4,0.1,30.6,25.5,13.2,70.8,,,OBAnorm,,LD831_02097v2.403,,,,0,0
DENATRLA,2025-06-23 23:05:00.000,38.7,30.8,24.6,25.8,20.5,18.8,16.1,11.8,9.0,8.6,11.1,12.7,15.7,17.4,16.7,16.8,16.3,15.5,15.1,13.5,11.3,8.0,4.3,2.2,0.0,-2.7,-3.9,-3.8,-3.5,-3.8,-4.4,-3.2,-0.1,22.0,30.6,45.0,13.4,0.1,30.6,25.5,13.2,70.8,,,OBAnorm,,LD831_02097v2.403,,,,0,0
DENATRLA,2025-06-23 23:05:01.000,32.5,30.3,27.8,25.5,20.9,17.0,13.6,12.2,8.0,7.6,10.3,13.4,15.0,16.9,16.6,16.7,17.0,15.7,15.0,13.4,11.1,7.4,4.5,0.8,-1.2,-2.4,-3.9,-3.8,-3.7,-3.9,-4.4,-3.3,-0.2,22.2,28.3,43.3,13.4,0.1,30.6,25.5,13.2,70.8,,,OBAnorm,,LD831_02097v2.403,,,,0,0
DENATRLA,2025-06-23 23:05:02.000,32.3,30.7,25.1,17.5,17.3,14.6,12.8,11.0,9.2,8.9,11.7,13.7,16.0,17.3,17.2,16.8,16.3,17.1,15.6,13.4,11.2,8.2,4.3,1.7,-1.3,-2.8,-3.8,-3.9,-3.8,-4.0,-4.4,-3.3,-0.2,22.5,29.2,46.0,13.4,0.0,30.6,25.5,13.2,70.8,,,OBAnorm,,LD831_02097v2.403,,,,0,0
DENATRLA,2025-06-23 23:05:03.000,31.1,27.9,20.2,19.2,14.2,14.7,13.4,13.0,5.4,8.5,11.3,12.2,14.8,16.4,18.5,18.6,17.1,16.0,15.6,13.8,11.2,8.3,4.4,2.1,-0.2,-2.0,-3.8,-3.7,-3.5,-3.8,-4.3,-2.9,-0.1,22.7,29.1,49.5,13.4,0.0,30.6,25.4,13.2,70.8,,,OBAnorm,,LD831_02097v2.403,,,,0,0
DENATRLA,2025-06-23 23:05:04.000,27.8,26.3,21.1,18.6,15.3,13.9,12.8,11.5,8.9,6.9,11.4,12.9,14.2,16.6,17.8,18.6,16.5,16.0,15.1,13.5,10.8,7.7,5.0,1.7,0.8,-1.4,-3.5,-3.7,-3.6,-3.6,-4.2,-3.1,-0.2,22.3,27.6,39.2,13.4,0.0,30.6,25.5,13.2,70.8,,,OBAnorm,,LD831_02097v2.403,,,,0,0
DENATRLA,2025-06-23 23:05:05.000,28.5,21.6,21.6,18.8,15.0,9.5,14.3,11.5,8.7,7.2,11.7,13.5,15.7,17.2,17.5,16.6,15.9,15.6,15.5,13.6,10.6,8.1,7.8,6.7,6.2,-0.3,-3.6,-3.7,-3.0,-3.7,-4.3,-3.1,-0.2,22.4,27.9,41.4,13.4,0.0,30.6,25.4,13.2,70.8,,,OBAnorm,,LD831_02097v2.403,,,,0,0
DENATRLA,2025-06-23 23:05:06.000,28.5,23.8,18.4,17.2,15.5,13.8,12.1,9.2,7.2,6.1,10.0,13.6,15.1,15.9,17.9,16.9,16.3,15.9,14.7,13.4,11.0,8.1,5.5,7.0,8.8,-0.3,-3.4,-3.8,-3.6,-3.8,-4.4,-3.1,-0.1,22.5,28.4,45.6,13.4,0.0,30.6,25.5,13.2,71.3,,,OBAnorm,,LD831_02097v2.403,,,,0,0
DENATRLA,2025-06-23 23:05:07.000,23.0,21.8,22.0,17.8,14.7,13.4,12.7,10.9,5.9,6.3,11.8,12.8,15.3,16.2,15.5,16.3,15.8,16.0,14.5,13.1,11.5,8.1,4.7,2.6,1.2,-2.0,-3.9,-3.8,-3.8,-3.8,-4.4,-3.2,-0.1,21.9,27.9,46.1,13.4,0.0,30.6,25.5,13.2,71.3,,,OBAnorm,,LD831_02097v2.403,,,,0,0
DENATRLA,2025-06-23 23:05:08.000,27.1,25.9,20.0,19.6,15.1,14.2,13.1,10.4,9.3,7.1,9.1,14.1,15.7,16.3,17.0,16.2,15.8,15.8,15.0,13.6,11.4,7.5,4.0,0.6,-1.3,-2.7,-3.7,-3.8,-3.7,-3.8,-4.3,-3.1,-0.1,21.9,27.8,38.0,13.4,0.0,30.6,25.5,13.2,71.3,,,OBAnorm,,LD831_02097v2.403,,,,0,0
DENATRLA,2025-06-23 23:05:09.000,24.0,22.8,18.6,20.4,13.6,13.3,12.2,10.6,7.5,7.7,9.3,12.4,16.5,16.0,16.4,16.8,16.2,15.6,14.4,12.9,10.3,8.3,6.3,11.4,4.9,-2.2,-3.9,-3.8,-3.8,-3.9,-4.4,-3.2,-0.2,22.3,27.7,44.9,13.4,0.0,30.6,25.4,13.2,71.3,,,OBAnorm,,LD831_02097v2.403,,,,0,0
DENATRLA,2025-06-23 23:05:10.000,25.9,25.2,20.2,20.8,17.7,13.3,14.5,10.9,7.6,4.5,11.5,13.2,15.1,16.5,17.3,16.5,16.3,15.6,14.2,13.1,10.2,8.3,7.7,13.2,11.9,1.2,-2.5,-3.8,-3.8,-3.8,-4.4,-3.2,-0.2,23.1,28.7,43.9,13.4,0.0,30.6,25.5,13.2,71.3,,,OBAnorm,,LD831_02097v2.403,,,,0,0
DENATRLA,2025-06-23 23:05:11.000,22.6,26.0,20.4,17.4,17.4,15.2,15.1,11.0,8.7,8.1,11.6,14.0,15.0,15.2,17.5,16.9,15.5,15.5,14.2,12.6,10.5,7.3,3.8,1.2,1.3,-2.5,-3.7,-3.9,-3.8,-4.0,-4.4,-3.2,-0.2,21.6,28.1,41.7,13.4,0.0,30.6,25.4,13.2,71.3,,,OBAnorm,,LD831_02097v2.403,,,,0,0
DENATRLA,2025-06-23 23:05:12.000,24.0,25.2,20.7,17.2,18.7,13.4,13.3,11.8,6.0,9.7,9.7,12.8,15.9,15.8,16.2,16.3,16.5,16.0,14.4,12.6,10.0,7.5,4.4,2.8,-0.3,-1.5,-3.0,-3.6,-2.7,-3.1,-3.8,-2.9,-0.1,21.9,27.8,41.3,13.4,0.0,30.6,25.5,13.2,70.8,,,OBAnorm,,LD831_02097v2.403,,,,0,0
DENATRLA,2025-06-23 23:05:13.000,29.3,21.1,23.5,18.8,14.9,12.2,13.5,9.4,7.8,7.7,10.1,13.6,14.7,16.3,16.7,17.4,15.9,15.7,14.9,13.4,10.8,7.6,4.5,2.5,0.0,-1.2,-3.6,-3.9,-3.8,-3.9,-4.4,-3.2,-0.1,21.9,27.9,42.2,13.4,0.0,30.6,25.4,13.2,70.8,,,OBAnorm,,LD831_02097v2.403,,,,0,0
DENATRLA,2025-06-23 23:05:14.000,25.5,26.0,20.7,18.7,16.3,14.3,12.6,9.9,8.4,7.2,11.0,14.4,15.5,16.6,17.5,17.0,15.6,16.3,14.3,12.5,10.3,7.8,4.9,4.4,2.9,-1.3,-3.5,-3.7,-3.8,-3.8,-4.4,-3.0,-0.2,22.0,29.2,47.5,13.4,0.0,30.6,25.4,13.2,70.8,,,OBAnorm,,LD831_02097v2.403,,,,0,0
DENATRLA,2025-06-23 23:05:15.000,27.4,21.7,23.3,18.6,17.4,14.5,15.0,10.5,7.8,8.8,10.7,12.7,14.4,15.3,16.8,16.7,15.6,15.8,14.7,13.2,10.7,8.0,4.5,1.6,-0.2,-1.4,-3.3,-3.9,-3.8,-3.7,-4.4,-3.0,-0.2,21.8,29.9,48.0,13.4,0.0,30.6,25.4,13.2,70.8,,,OBAnorm,,LD831_02097v2.403,,,,0,0
DENATRLA,2025-06-23 23:05:16.000,29.2,25.6,26.5,21.0,18.7,15.4,13.8,11.0,6.2,7.1,12.3,13.8,16.5,17.1,16.4,17.3,16.3,16.1,14.1,13.4,10.9,8.6,5.6,5.9,5.8,1.3,-2.6,-3.8,-3.4,-3.7,-4.4,-3.1,-0.1,22.3,29.5,46.8,13.4,0.0,30.6,25.4,13.2,70.8,,,OBAnorm,,LD831_02097v2.403,,,,0,0
DENATRLA,2025-06-23 23:05:17.000,27.2,23.1,22.8,22.3,16.6,14.8,14.4,13.5,9.5,8.4,10.9,13.6,15.9,17.3,17.3,16.0,15.7,16.2,15.5,12.9,11.0,8.7,14.7,11.4,10.7,9.3,1.8,-3.7,-3.7,-3.8,-4.4,-2.9,0.0,23.8,33.7,49.6,13.4,0.0,30.6,25.4,13.2,70.8,,,OBAnorm,,LD831_02097v2.403,,,,0,0
DENATRLA,2025-06-23 23:05:18.000,25.4,28.3,29.6,25.2,22.9,19.6,16.4,14.3,10.8,10.2,11.9,14.4,15.7,15.9,15.9,17.7,16.3,15.3,14.1,13.2,10.6,8.0,5.5,6.3,9.7,0.9,-3.3,-3.7,-3.8,-3.9,-4.4,-3.1,-0.2,22.3,33.9,52.7,13.4,0.0,29.4,25.4,13.2,69.6,,,OBAnorm,,LD831_02097v2.403,,,,0,0
DENATRLA,2025-06-23 23:05:19.000,30.4,29.9,27.3,26.1,23.7,20.5,16.8,13.3,7.3,9.5,12.0,13.0,15.6,15.8,16.9,16.3,16.4,16.0,14.5,12.8,10.6,7.6,4.7,1.7,-0.7,-2.3,-3.7,-3.5,-3.8,-4.0,-4.4,-3.1,-0.2,21.8,33.3,52.3,13.4,0.2,29.7,25.5,13.2,69.6,,,OBAnorm,,LD831_02097v2.403,,,,0,0
DENATRLA,2025-06-23 23:05:20.000,38.1,31.1,30.1,26.0,21.2,18.4,14.1,13.6,9.1,8.8,13.5,15.0,16.0,15.6,17.8,16.9,16.6,15.5,14.9,12.7,10.2,7.6,4.0,1.5,0.2,-1.6,-2.7,-3.7,-3.8,-3.9,-4.3,-3.1,-0.1,22.0,42.0,62.4,13.4,0.5,30.8,25.4,13.2,70.2,,,OBAnorm,,LD831_02097v2.403,,,,0,0
DENATRLA,2025-06-23 23:05:21.000,34.7,31.5,32.1,28.5,31.1,28.1,28.1,27.6,21.2,17.5,14.4,15.0,14.9,16.5,17.7,16.7,16.7,15.4,14.3,13.0,9.6,10.7,11.7,16.6,10.4,5.7,-3.3,-3.5,-3.7,-3.8,-4.3,-3.3,0.0,24.1,40.7,59.4,13.4,0.6,29.7,25.4,13.2,69.6,,,OBAnorm,,LD831_02097v2.403,,,,0,0
DENATRLA,2025-06-23 23:05:22.000,38.5,36.5,37.8,34.6,27.9,26.5,19.8,20.6,14.8,10.4,11.6,13.1,14.4,17.2,15.9,16.5,15.4,15.4,14.5,12.5,10.1,7.2,4.8,5.6,9.6,5.5,2.0,-3.3,-3.8,-3.9,-4.4,-3.0,0.1,22.1,43.6,64.4,13.4,0.7,29.4,25.4,13.2,70.2,,,OBAnorm,,LD831_02097v2.403,,,,0,0
DENATRLA,2025-06-23 23:05:23.000,43.1,41.7,32.8,36.4,30.6,29.7,27.8,22.9,17.7,14.1,12.9,14.8,14.2,15.9,17.3,17.1,15.3,15.5,13.8,12.2,9.9,7.1,4.0,1.2,-0.9,-1.9,-2.8,-3.7,-3.6,-3.5,-4.1,-2.9,0.0,21.6,43.2,61.8,13.4,0.7,30.0,25.4,13.2,69.6,,,OBAnorm,,LD831_02097v2.403,,,,0,0
DENATRLA,2025-06-23 23:05:24.000,40.3,41.0,41.0,38.8,35.5,31.5,25.6,22.8,18.4,12.4,12.0,14.5,15.5,15.7,16.2,16.3,15.0,15.1,13.9,11.8,9.9,7.3,4.5,3.4,0.2,-1.1,-3.1,-3.5,-3.7,-3.6,-4.2,-2.9,-0.1,21.3,42.3,62.3,13.4,0.7,27.5,25.4,13.2,69.1,,,OBAnorm,,LD831_02097v2.403,,,,0,0
DENATRLA,2025-06-23 23:05:25.000,47.4,42.6,41.2,35.8,30.9,25.2,22.3,16.6,10.3,9.1,11.8,12.8,15.1,16.1,17.0,16.3,14.8,15.2,13.5,12.4,9.3,6.6,3.9,2.5,1.1,0.0,-3.0,-3.5,-2.8,-3.5,-4.2,-3.1,-0.1,21.2,38.3,59.1,13.4,0.6,27.5,25.4,13.2,69.6,,,OBAnorm,,LD831_02097v2.403,,,,0,0
DENATRLA,2025-06-23 23:05:26.000,42.4,44.2,35.6,28.3,25.1,23.2,21.5,18.1,14.3,10.8,12.6,12.8,15.7,15.3,17.1,16.0,15.6,15.7,14.0,12.1,9.6,9.5,7.8,10.3,11.5,1.5,-2.2,-3.4,-3.1,-3.2,-4.2,-3.0,0.0,22.6,42.8,62.9,13.4,0.6,26.5,25.4,13.2,69.1,,,OBAnorm,,LD831_02097v2.403,,,,0,0
DENATRLA,2025-06-23 23:05:27.000,45.6,37.6,35.5,34.1,30.9,26.5,26.6,23.8,20.0,12.9,13.6,13.8,15.0,15.3,16.3,17.2,16.2,15.8,14.2,12.2,10.5,7.5,5.2,8.9,4.5,4.1,0.3,-3.6,-3.7,-3.6,-4.2,-3.1,-0.2,22.1,45.7,66.5,13.4,0.6,27.5,25.4,13.2,69.1,,,OBAnorm,,LD831_02097v2.403,,,,0,0
DENATRLA,2025-06-23 23:05:28.000,40.8,41.8,41.0,38.9,35.8,35.0,26.4,22.2,17.7,10.0,13.0,14.0,14.7,16.4,16.8,15.9,15.3,15.4,14.2,12.5,9.8,7.9,6.8,9.6,6.5,-0.4,-3.0,-3.6,-3.4,-3.5,-4.2,-3.0,-0.1,22.1,43.6,61.0,13.4,0.6,27.5,25.4,13.2,70.2,,,OBAnorm,,LD831_02097v2.403,,,,0,0
DENATRLA,2025-06-23 23:05:29.000,45.6,46.1,38.3,33.2,32.3,29.1,23.2,17.5,13.7,9.8,11.1,13.6,16.9,17.1,16.8,16.1,15.7,15.2,14.6,12.5,10.4,7.2,4.1,2.2,1.4,-0.6,-2.8,-3.6,-3.4,-3.3,-4.2,-3.1,0.0,21.7,44.4,63.0,13.4,0.4,27.5,25.4,13.2,69.1,,,OBAnorm,,LD831_02097v2.403,,,,0,0
DENATRLA,2025-06-23 23:05:30.000,45.1,44.4,39.5,34.9,28.8,26.9,24.4,17.7,14.1,9.8,10.6,13.2,14.7,16.2,16.3,16.8,15.9,15.7,14.5,12.7,10.9,7.7,4.0,1.3,-1.6,-2.6,-3.5,-3.6,-3.4,-3.5,-4.2,-3.0,-0.1,21.7,38.8,59.9,13.4,0.3,26.5,25.4,13.2,66.8,,,OBAnorm,,LD831_02097v2.403,,,,0,0
DENATRLA,2025-06-23 23:05:31.000,51.2,46.5,38.3,31.1,26.6,26.2,18.8,14.6,12.0,10.6,10.8,12.1,15.9,15.4,16.4,16.7,15.5,16.0,14.7,12.5,10.3,7.5,4.3,3.4,2.1,-2.3,-3.7,-3.8,-3.8,-3.9,-4.4,-3.2,-0.2,21.7,42.9,62.6,13.4,0.3,26.5,25.4,13.2,66.2,,,OBAnorm,,LD831_02097v2.403,,,,0,0
DENATRLA,2025-06-23 23:05:32.000,43.7,40.9,36.3,32.1,30.7,27.2,20.2,14.4,10.4,7.2,9.4,13.7,15.6,16.4,16.8,16.3,16.2,16.1,15.1,13.2,10.3,10.6,13.3,10.4,8.9,-0.4,-3.4,-3.8,-3.5,-3.6,-4.3,-3.2,-0.1,23.3,37.6,57.2,13.4,0.3,26.5,25.4,13.2,65.6,,,OBAnorm,,LD831_02097v2.403,,,,0,0
DENATRLA,2025-06-23 23:05:33.000,46.4,40.2,32.7,27.2,22.9,20.8,15.9,11.7,9.9,9.1,11.1,14.4,14.7,15.9,17.5,15.6,15.5,15.2,14.2,12.7,10.1,7.5,6.5,3.5,2.8,2.0,-2.4,-3.9,-3.8,-3.9,-4.4,-3.1,-0.2,21.5,39.5,59.3,13.4,0.3,26.5,25.4,13.3,65.7,,,OBAnorm,,LD831_02097v2.403,,,,0,0
DENATRLA,2025-06-23 23:05:34.000,46.5,37.5,33.5,30.8,24.2,22.4,20.0,14.4,10.0,7.6,9.6,13.0,15.2,16.6,16.1,16.2,16.6,15.9,13.7,12.7,10.1,7.3,3.9,0.8,-0.6,-2.2,-3.6,-3.8,-3.6,-3.8,-4.3,-3.2,-0.2,21.5,36.5,54.5,13.4,0.3,26.5,25.4,13.3,65.7,,,OBAnorm,,LD831_02097v2.403,,,,0,0
DENATRLA,2025-06-23 23:05:35.000,37.9,36.6,32.8,31.1,20.6,17.3,20.2,20.1,12.9,10.2,11.0,13.1,14.4,15.9,17.6,15.2,16.1,16.6,14.6,12.6,10.2,7.0,4.3,2.7,0.6,6.1,0.5,-3.7,-3.6,-3.8,-4.3,-3.1,-0.1,21.9,40.1,56.5,13.4,0.3,26.5,25.4,13.3,65.7,,,OBAnorm,,LD831_02097v2.403,,,,0,0
DENATRLA,2025-06-23 23:05:36.000,41.8,35.4,39.0,33.7,30.4,25.1,23.1,18.3,14.7,10.5,13.0,13.4,14.7,16.4,16.1,17.5,16.2,15.6,14.1,12.9,10.7,7.0,4.6,2.7,4.5,5.9,1.5,-3.4,-3.0,-3.3,-4.1,-3.0,0.0,22.1,42.4,58.1,13.4,0.3,26.5,25.4,13.3,65.7,,,OBAnorm,,LD831_02097v2.403,,,,0,0
DENATRLA,2025-06-23 23:05:37.000,41.9,37.6,38.1,30.5,30.6,27.6,22.1,17.4,11.8,11.2,12.2,13.3,13.8,15.5,17.9,16.7,16.1,15.6,13.9,12.9,10.6,9.0,8.4,7.0,1.4,-1.7,-3.4,-3.8,-3.8,-3.9,-4.4,-3.0,-0.1,22.1,39.7,60.2,13.4,0.3,27.5,25.4,13.3,67.4,,,OBAnorm,,LD831_02097v2.403,,,,0,0
DENATRLA,2025-06-23 23:05:38.000,43.6,39.1,37.0,35.7,29.5,23.5,19.5,16.7,11.9,11.3,12.8,14.3,16.3,17.2,17.0,16.8,16.3,16.2,14.2,12.8,10.4,8.4,7.2,8.9,8.7,3.0,-1.5,-3.4,-3.4,-3.7,-4.3,-3.1,-0.2,22.5,43.4,62.5,13.4,0.2,20.0,25.4,13.3,69.1,,,OBAnorm,,LD831_02097v2.403,,,,0,0
DENATRLA,2025-06-23 23:05:39.000,45.4,41.1,35.9,33.5,29.0,30.6,23.0,23.8,16.5,14.9,13.8,15.7,14.3,16.9,17.6,16.1,16.1,15.8,14.5,12.9,10.2,7.7,4.1,2.3,2.1,-0.1,-3.2,-3.6,-3.4,-3.7,-4.4,-3.2,-0.1,22.1,43.5,61.3,13.4,0.5,28.4,25.4,13.3,68.5,,,OBAnorm,,LD831_02097v2.403,,,,0,0
DENATRLA,2025-06-23 23:05:40.000,48.7,40.2,39.8,37.7,35.8,29.7,26.7,24.7,22.2,17.8,14.6,13.9,15.9,16.7,17.4,16.0,16.3,16.2,15.0,13.4,10.6,7.9,5.1,2.6,1.6,-1.5,-3.8,-3.5,-3.8,-3.9,-4.4,-3.0,-0.1,22.2,43.3,63.4,13.4,1.0,37.5,25.4,13.3,67.9,,,OBAnorm,,LD831_02097v2.403,,,,0,0
DENATRLA,2025-06-23 23:05:41.000,48.6,34.3,41.0,39.4,34.4,29.9,25.4,19.9,19.7,13.2,12.3,14.6,16.6,16.6,16.6,16.1,16.6,15.7,14.7,13.6,10.8,7.5,4.4,1.4,-0.9,-2.4,-3.9,-3.6,-3.8,-4.0,-4.5,-3.1,-0.1,22.0,39.9,59.3,13.4,1.1,37.4,25.4,13.4,68.5,,,OBAnorm,,LD831_02097v2.403,,,,0,0
DENATRLA,2025-06-23 23:05:42.000,44.0,39.5,39.1,36.4,30.0,25.0,21.1,14.7,9.7,9.2,10.2,13.4,15.7,16.5,17.5,16.6,15.1,15.9,13.9,13.3,9.8,7.3,5.4,4.3,3.1,-2.1,-3.4,-3.6,-3.8,-3.8,-4.4,-3.1,-0.2,21.7,39.7,60.9,13.4,1.0,29.7,25.4,13.4,68.5,,,OBAnorm,,LD831_02097v2.403,,,,0,0
DENATRLA,2025-06-23 23:05:43.000,47.0,42.4,36.0,30.8,31.6,25.5,20.0,20.2,13.8,9.0,10.9,13.6,14.5,15.9,16.1,16.6,16.0,16.0,14.8,12.7,10.1,7.9,4.7,2.7,2.6,-0.7,-3.0,-3.7,-3.8,-3.9,-4.4,-3.2,-0.2,21.9,39.6,56.7,13.4,1.0,25.8,25.4,13.4,68.0,,,OBAnorm,,LD831_02097v2.403,,,,0,0
DENATRLA,2025-06-23 23:05:44.000,39.9,35.0,38.4,32.3,27.2,20.7,15.3,12.5,7.4,8.2,10.0,14.1,14.8,16.4,16.5,15.8,15.7,15.7,13.8,12.6,10.4,10.5,11.4,16.8,13.9,3.6,-3.4,-3.8,-3.8,-3.9,-4.4,-3.2,-0.2,24.2,35.8,57.7,13.4,0.9,24.9,25.4,13.4,68.0,,,OBAnorm,,LD831_02097v2.403,,,,0,0
DENATRLA,2025-06-23 23:05:45.000,41.8,40.2,29.4,27.1,23.5,19.0,14.8,11.2,7.9,8.7,11.1,12.3,14.8,16.8,16.9,15.7,15.4,16.1,14.0,13.1,10.0,7.7,5.1,4.5,0.6,0.9,-1.6,-3.4,-3.6,-3.9,-4.5,-3.1,-0.2,21.7,33.5,54.6,13.4,0.9,25.8,25.4,13.4,68.0,,,OBAnorm,,LD831_02097v2.403,,,,0,0
DENATRLA,2025-06-23 23:05:46.000,42.5,38.8,29.4,25.6,18.7,17.6,15.5,12.9,8.9,8.2,8.8,12.8,15.1,15.9,17.0,15.9,15.9,15.7,14.5,12.4,10.4,7.3,5.0,4.6,1.2,2.8,-2.5,-3.6,-3.7,-3.9,-4.3,-3.0,0.0,21.8,40.9,63.3,13.4,0.8,25.8,25.4,13.4,68.0,,,OBAnorm,,LD831_02097v2.403,,,,0,0
DENATRLA,2025-06-23 23:05:47.000,36.6,32.1,30.3,30.5,31.7,28.3,27.4,26.2,21.9,15.7,11.9,12.9,14.6,16.3,17.3,16.3,15.4,15.7,14.7,13.2,10.6,8.0,4.6,1.7,-0.2,-0.7,-2.5,-3.4,-3.7,-3.9,-4.4,-3.2,-0.1,21.9,44.7,62.4,13.4,0.8,25.8,25.4,13.4,68.0,,,OBAnorm,,LD831_02097v2.403,,,,0,0
DENATRLA,2025-06-23 23:05:48.000,38.7,38.9,39.8,37.6,36.2,30.6,27.4,25.2,19.6,14.5,11.8,13.7,13.8,15.7,16.0,16.8,16.4,15.8,15.0,13.0,10.8,8.4,5.8,5.5,3.9,0.0,-1.6,-3.6,-3.7,-4.0,-4.4,-3.2,-0.2,22.1,41.2,60.6,13.4,0.8,25.6,25.4,13.4,68.0,,,OBAnorm,,LD831_02097v2.403,,,,0,0
DENATRLA,2025-06-23 23:05:49.000,46.0,42.7,40.9,36.7,33.5,27.7,22.7,19.6,14.1,11.3,10.8,12.4,16.0,14.0,16.6,16.2,16.0,16.0,14.1,13.2,10.5,8.0,4.3,2.6,2.1,-1.0,-2.3,-3.7,-3.6,-3.7,-4.4,-3.0,-0.2,21.9,45.2,64.3,13.4,0.6,25.5,25.4,13.4,68.0,,,OBAnorm,,LD831_02097v2.403,,,,0,0
DENATRLA,2025-06-23 23:05:50.000,47.3,39.9,42.3,38.5,34.4,25.6,22.0,16.4,10.8,7.7,10.9,12.3,14.2,14.9,17.4,16.1,16.3,15.6,15.0,13.5,11.0,7.8,4.0,1.9,0.5,-1.1,-2.0,-3.6,-3.3,-3.7,-4.3,-3.0,0.0,22.0,38.9,61.4,13.4,0.5,24.6,25.4,13.4,67.4,,,OBAnorm,,LD831_02097v2.403,,,,0,0
DENATRLA,2025-06-23 23:05:51.000,46.3,46.3,37.0,31.4,26.1,25.2,24.7,21.6,18.3,13.0,12.1,11.8,14.6,15.3,16.9,16.3,16.3,16.0,14.8,13.2,10.7,7.7,4.2,1.5,-0.5,-1.9,-2.9,-3.8,-3.8,-3.9,-4.4,-3.0,-0.1,21.9,44.2,65.8,13.4,0.5,24.6,25.4,13.4,65.1,,,OBAnorm,,LD831_02097v2.403,,,,0,0
DENATRLA,2025-06-23 23:05:52.000,47.1,41.3,37.2,35.9,31.9,28.7,26.2,24.0,19.2,12.1,12.9,12.7,14.8,16.8,17.6,17.5,15.9,15.7,14.1,13.4,10.5,10.2,8.4,8.2,7.8,7.4,-2.6,-3.7,-3.4,-3.8,-4.4,-3.1,-0.2,22.8,44.1,63.9,13.4,0.5,24.6,25.3,13.4,64.5,,,OBAnorm,,LD831_02097v2.403,,,,0,0
DENATRLA,2025-06-23 23:05:53.000,42.0,43.4,42.8,36.9,37.4,34.2,27.6,20.3,16.0,11.7,12.4,12.3,15.3,16.0,16.7,16.6,16.5,17.1,15.0,13.2,10.9,8.3,6.4,6.2,4.6,6.4,-1.2,-3.7,-3.8,-3.9,-4.3,-3.1,-0.2,22.5,42.6,60.8,13.4,0.5,24.5,25.4,13.4,64.5,,,OBAnorm,,LD831_02097v2.403,,,,0,0
DENATRLA,2025-06-23 23:05:54.000,50.6,44.1,41.6,38.7,31.9,30.8,24.4,20.5,13.8,8.8,10.9,11.9,14.2,16.8,17.7,16.7,16.2,16.0,14.8,12.2,10.2,7.9,4.4,1.4,-0.5,-0.4,-2.3,-3.7,-3.7,-3.9,-4.5,-3.2,-0.1,21.9,36.0,56.4,13.4,0.5,24.6,25.4,13.4,65.1,,,OBAnorm,,LD831_02097v2.403,,,,0,0
DENATRLA,2025-06-23 23:05:55.000,40.9,46.3,36.8,30.2,26.2,24.3,15.3,13.4,8.7,7.3,10.3,14.0,15.3,16.9,17.9,16.3,16.3,16.2,14.1,13.1,11.0,7.5,4.4,2.2,0.0,0.6,-2.3,-3.7,-3.7,-3.8,-4.4,-3.2,-0.1,22.1,36.1,58.6,13.4,0.5,24.6,25.4,13.4,65.1,,,OBAnorm,,LD831_02097v2.403,,,,0,0
DENATRLA,2025-06-23 23:05:56.000,47.4,38.4,29.2,22.4,21.8,19.5,14.9,13.0,7.5,7.1,9.2,13.5,15.7,17.1,17.0,17.0,16.3,15.8,14.9,13.3,11.7,8.3,4.7,1.9,-0.5,-0.8,-2.1,-3.6,-3.7,-3.9,-4.4,-3.2,-0.2,22.2,35.6,55.4,13.4,0.5,24.5,25.4,13.4,65.1,,,OBAnorm,,LD831_02097v2.403,,,,0,0
DENATRLA,2025-06-23 23:05:57.000,35.2,34.2,31.1,26.8,24.4,18.1,19.3,11.4,10.1,7.5,10.9,12.3,14.9,16.6,17.1,16.7,16.2,16.0,14.6,13.4,10.9,8.2,4.7,4.0,3.6,1.7,-2.3,-3.7,-3.7,-3.8,-4.4,-3.1,-0.2,22.2,38.5,58.7,13.4,0.5,24.6,25.4,13.4,65.7,,,OBAnorm,,LD831_02097v2.403,,,,0,0
DENATRLA,2025-06-23 23:05:58.000,37.0,34.1,28.1,29.7,25.9,22.2,16.9,13.4,11.1,8.5,10.0,12.2,14.2,17.3,16.3,16.3,16.4,16.0,15.3,13.7,11.5,8.4,5.2,1.8,-0.6,-1.3,-2.8,-3.8,-3.7,-4.0,-4.4,-3.0,-0.1,22.3,33.9,53.2,13.4,0.5,25.5,25.4,13.4,68.0,,,OBAnorm,,LD831_02097v2.403,,,,0,0
DENATRLA,2025-06-23 23:05:59.000,39.8,36.4,33.5,26.9,24.5,19.6,20.5,18.5,10.5,7.0,11.0,11.3,15.7,16.5,17.2,17.1,15.6,16.4,15.3,13.3,11.1,9.1,4.7,7.5,8.2,5.8,-2.9,-3.8,-3.8,-3.9,-4.5,-3.2,-0.1,22.7,39.1,57.4,13.4,0.2,25.5,25.4,13.4,68.5,,,OBAnorm,,LD831_02097v2.403,,,,0,0
DENATRLA,2025-06-23 23:06:00.000,40.4,36.6,33.5,30.9,25.2,28.3,20.4,18.9,15.4,10.0,10.3,13.2,13.7,15.9,17.0,16.1,16.4,15.7,14.4,12.7,10.5,7.2,4.8,2.9,-0.7,-1.9,-3.4,-3.8,-3.8,-3.9,-4.4,-3.3,-0.3,21.7,36.1,57.1,13.4,0.0,25.7,25.4,13.4,68.5,,,OBAnorm,,LD831_02097v2.403,,,,0,0
DENATRLA,2025-06-23 23:06:01.000,33.7,32.2,35.1,30.9,29.7,20.6,18.8,16.4,12.3,9.0,9.9,12.6,14.7,16.1,16.9,17.3,16.1,15.8,14.5,12.9,10.1,8.6,6.5,10.6,0.3,-1.6,-3.7,-3.9,-3.8,-4.0,-4.3,-3.2,-0.2,22.3,35.4,56.0,13.4,0.0,28.5,25.4,13.4,68.5,,,OBAnorm,,LD831_02097v2.403,,,,0,0
DENATRLA,2025-06-23 23:06:02.000,38.4,37.3,31.5,28.4,27.9,21.9,14.3,11.0,7.3,5.1,8.1,11.6,15.2,16.7,17.0,16.9,15.9,15.4,14.1,12.6,10.0,7.7,6.6,8.2,11.5,5.0,-2.7,-3.8,-3.8,-4.0,-4.5,-3.2,-0.2,22.3,33.1,52.5,13.4,0.0,31.8,25.4,13.4,68.5,,,OBAnorm,,LD831_02097v2.403,,,,0,0
DENATRLA,2025-06-23 23:06:03.000,36.9,37.9,27.5,23.0,20.7,16.6,14.5,9.6,5.7,6.9,9.8,13.8,13.6,16.0,15.4,15.9,15.7,15.6,13.6,12.6,9.7,7.1,3.6,2.5,6.0,-2.1,-3.5,-3.8,-3.8,-3.9,-4.4,-3.2,-0.1,21.5,32.2,53.7,13.4,0.0,32.9,25.4,13.4,68.5,,,OBAnorm,,LD831_02097v2.403,,,,0,0
DENATRLA,2025-06-23 23:06:04.000,36.6,28.6,28.6,23.9,23.1,15.0,13.3,12.5,8.5,6.6,9.7,11.3,15.0,16.0,15.9,17.0,15.8,15.5,13.6,12.7,9.6,7.1,3.9,1.1,2.1,2.1,-3.6,-3.6,-3.9,-3.8,-4.4,-3.2,-0.2,21.5,31.3,49.1,13.4,0.0,31.6,25.4,13.4,66.8,,,OBAnorm,,LD831_02097v2.403,,,,0,0
DENATRLA,2025-06-23 23:06:05.000,34.7,29.6,27.6,22.4,19.6,18.0,15.6,12.3,8.7,6.8,10.7,12.1,14.3,14.6,16.0,16.5,15.1,15.3,13.9,12.6,9.6,7.0,4.0,3.0,-0.3,-2.2,-3.7,-3.8,-3.8,-4.0,-4.4,-3.2,-0.2,21.3,31.2,48.4,13.4,0.0,33.0,25.4,13.4,66.8,,,OBAnorm,,LD831_02097v2.403,,,,0,0
DENATRLA,2025-06-23 23:06:06.000,36.9,30.1,26.1,23.5,23.4,19.0,16.0,13.6,10.3,8.1,10.3,13.6,14.7,15.7,17.6,17.0,16.2,15.4,14.0,12.3,10.6,8.0,4.6,2.7,1.3,-0.6,-3.8,-3.8,-3.9,-3.9,-4.5,-3.3,-0.2,21.9,31.6,50.8,13.4,0.0,33.1,25.4,13.4,69.1,,,OBAnorm,,LD831_02097v2.403,,,,0,0
DENATRLA,2025-06-23 23:06:07.000,32.9,31.8,21.6,24.7,20.7,22.0,16.9,10.6,8.9,6.5,10.1,12.3,14.8,16.2,17.6,18.0,16.8,16.5,14.8,12.9,10.7,7.8,4.8,2.0,0.3,-2.6,-3.8,-3.9,-3.8,-4.0,-4.4,-3.2,-0.2,22.1,30.8,52.4,13.4,0.1,31.9,25.4,13.4,69.1,,,OBAnorm,,LD831_02097v2.403,,,,0,0
DENATRLA,2025-06-23 23:06:08.000,31.3,27.2,26.0,22.2,16.1,16.0,12.3,10.5,8.0,7.8,10.7,11.8,15.6,16.2,17.1,17.0,15.9,15.9,14.5,13.1,11.1,8.3,5.6,3.6,-1.1,-2.7,-3.8,-3.6,-3.8,-3.9,-4.3,-3.2,-0.1,22.0,31.7,51.7,13.4,0.2,31.9,25.4,13.4,68.0,,,OBAnorm,,LD831_02097v2.403,,,,0,0
DENATRLA,2025-06-23 23:06:09.000,34.3,27.1,23.4,23.4,19.3,16.6,13.7,12.0,9.0,6.2,10.2,13.8,14.1,16.0,16.6,16.9,17.1,16.0,14.1,12.9,10.9,9.8,11.0,16.0,8.7,3.4,-3.5,-3.7,-3.4,-3.4,-4.2,-3.0,-0.1,23.8,29.5,48.3,13.4,0.2,33.1,25.4,13.4,67.4,,,OBAnorm,,LD831_02097v2.403,,,,0,0
DENATRLA,2025-06-23 23:06:10.000,28.2,30.1,22.9,20.6,18.2,14.5,12.4,9.8,8.3,7.7,10.0,12.9,15.3,16.3,17.5,17.1,15.6,15.7,14.5,13.2,11.1,8.4,5.9,9.8,1.5,4.2,-3.5,-3.9,-3.8,-3.9,-4.4,-3.2,-0.2,22.3,28.1,46.9,13.4,0.2,33.1,25.4,13.4,69.1,,,OBAnorm,,LD831_02097v2.403,,,,0,0
DENATRLA,2025-06-23 23:06:11.000,33.8,26.4,21.8,16.7,14.4,11.6,13.7,12.1,8.8,8.1,10.2,11.5,15.2,15.5,17.2,17.0,16.1,15.6,15.2,13.7,11.0,10.7,6.8,5.1,3.2,-0.8,-3.9,-3.8,-3.8,-4.0,-4.4,-3.3,-0.1,22.3,28.6,48.9,13.4,0.2,33.1,25.3,13.4,69.1,,,OBAnorm,,LD831_02097v2.403,,,,0,0
DENATRLA,2025-06-23 23:06:12.000,27.0,25.1,20.5,17.0,12.1,16.6,11.7,9.4,6.7,7.2,9.0,13.0,14.8,16.0,16.9,16.5,15.1,15.6,14.5,12.8,11.3,7.9,6.2,5.8,2.1,-1.9,-2.4,-3.4,-1.7,-2.6,-4.0,-3.0,-0.3,22.0,29.2,49.4,13.4,0.2,33.2,25.3,13.4,69.1,,,OBAnorm,,LD831_02097v2.403,,,,0,0
DENATRLA,2025-06-23 23:06:13.000,28.0,23.6,22.6,20.2,14.9,14.3,14.2,10.9,7.4,7.6,12.3,11.5,15.8,16.3,16.6,16.7,16.6,15.6,14.3,12.9,10.7,7.7,4.9,5.7,4.5,2.3,-3.3,-3.8,-3.8,-3.8,-4.4,-3.2,-0.2,22.0,28.7,42.6,13.4,0.2,33.1,25.4,13.4,69.1,,,OBAnorm,,LD831_02097v2.403,,,,0,0
DENATRLA,2025-06-23 23:06:14.000,28.7,26.3,22.1,22.3,14.4,12.8,12.5,11.1,7.2,7.1,9.9,13.7,15.5,15.4,16.3,16.6,16.4,15.6,14.9,13.4,9.7,7.7,5.4,2.2,1.0,-2.5,-3.7,-3.8,-3.8,-3.9,-4.5,-3.2,-0.3,21.8,27.3,41.0,13.4,0.2,33.1,25.4,13.4,69.7,,,OBAnorm,,LD831_02097v2.403,,,,0,0
DENATRLA,2025-06-23 23:06:15.000,26.7,28.9,23.2,18.6,14.8,13.8,11.3,10.2,5.2,6.7,10.7,11.4,13.5,15.8,15.2,16.3,15.5,14.8,13.9,12.1,10.1,6.9,3.3,1.7,0.7,-0.2,-3.6,-3.8,-3.7,-3.9,-4.3,-3.2,-0.2,21.2,26.4,38.7,13.4,0.2,33.1,25.4,13.4,69.7,,,OBAnorm,,LD831_02097v2.403,,,,0,0
DENATRLA,2025-06-23 23:06:16.000,26.1,23.5,21.8,17.0,13.4,14.3,12.6,9.5,7.4,7.3,10.1,13.4,14.1,16.4,16.5,16.7,15.0,15.4,13.5,12.5,9.4,8.8,11.4,9.0,8.4,2.4,-2.8,-3.9,-3.8,-3.9,-4.4,-3.3,-0.3,22.2,27.2,37.5,13.4,0.2,33.1,25.4,13.4,69.1,,,OBAnorm,,LD831_02097v2.403,,,,0,0
DENATRLA,2025-06-23 23:06:17.000,22.9,19.4,21.1,19.7,13.7,14.2,13.5,9.6,9.1,7.6,10.3,12.2,13.1,15.0,16.6,16.8,16.0,14.7,14.0,12.1,9.9,7.1,6.4,10.4,1.6,-1.5,-3.2,-3.7,-3.3,-3.6,-4.2,-3.2,-0.1,21.9,27.1,36.3,13.4,0.1,33.1,25.4,13.4,69.1,,,OBAnorm,,LD831_02097v2.403,,,,0,0
DENATRLA,2025-06-23 23:06:18.000,20.9,20.5,20.6,20.1,17.6,10.8,10.3,8.8,7.6,6.6,11.4,12.1,14.6,16.2,16.2,15.0,14.5,15.7,14.6,12.5,10.1,8.1,9.5,11.3,5.6,-0.2,-3.2,-3.7,-3.5,-3.7,-4.2,-3.1,-0.1,22.2,27.1,36.9,13.4,0.0,33.1,25.4,13.4,69.7,,,OBAnorm,,LD831_02097v2.403,,,,0,0
DENATRLA,2025-06-23 23:06:19.000,18.3,22.5,20.9,18.4,16.4,13.6,13.3,10.0,7.7,6.2,10.5,12.9,13.0,15.8,17.5,16.3,16.6,15.5,14.1,12.1,9.9,6.9,4.8,5.3,6.9,-1.3,-3.4,-3.9,-3.8,-4.0,-4.5,-3.1,-0.2,21.7,27.2,38.6,13.4,0.0,33.1,25.3,13.4,69.7,,,OBAnorm,,LD831_02097v2.403,,,,0,0
DENATRLA,2025-06-23 23:06:20.000,24.8,21.6,21.3,16.7,14.8,11.0,10.7,11.0,9.0,4.7,9.3,11.3,14.4,16.1,16.3,16.7,15.9,16.0,14.0,12.8,9.8,8.0,5.2,9.0,20.0,-1.8,-3.4,-3.8,-3.6,-3.9,-4.4,-3.1,-0.2,24.7,29.0,39.9,13.4,0.0,33.1,25.4,13.4,69.7,,,OBAnorm,,LD831_02097v2.403,,,,0,0
DENATRLA,2025-06-23 23:06:21.000,19.4,23.9,22.6,20.3,16.3,17.7,16.0,8.2,6.8,6.6,9.5,12.8,14.0,15.6,16.8,16.3,15.7,15.6,13.7,12.3,10.1,9.3,7.8,8.4,8.2,-0.2,-2.8,-3.8,-3.5,-3.8,-4.4,-3.1,-0.2,22.0,27.9,44.2,13.4,0.0,33.1,25.3,13.4,69.7,,,OBAnorm,,LD831_02097v2.403,,,,0,0
DENATRLA,2025-06-23 23:06:22.000,27.0,22.2,26.0,18.7,16.9,13.0,12.2,8.1,6.7,6.3,10.6,13.7,14.5,16.5,17.3,16.7,16.5,14.9,13.5,12.1,10.0,8.4,10.2,12.9,2.0,2.1,-2.9,-3.9,-3.8,-3.9,-4.3,-3.1,-0.2,22.5,28.2,43.1,13.4,0.0,33.1,25.4,13.4,69.7,,,OBAnorm,,LD831_02097v2.403,,,,0,0
DENATRLA,2025-06-23 23:06:23.000,22.2,29.1,23.6,14.9,15.6,12.9,12.0,10.0,8.2,6.5,8.3,10.5,15.5,16.1,17.2,15.8,15.8,14.9,14.1,12.4,10.2,7.9,5.1,6.0,8.9,0.9,-2.3,-3.8,-3.8,-4.0,-4.4,-3.2,-0.2,21.8,28.4,45.0,13.4,0.0,33.1,25.3,13.4,69.7,,,OBAnorm,,LD831_02097v2.403,,,,0,0
DENATRLA,2025-06-23 23:06:24.000,24.1,26.6,24.9,18.9,14.9,13.9,11.2,10.4,8.1,6.5,10.6,12.7,15.0,15.1,17.0,16.9,15.8,15.1,13.7,12.5,10.5,8.7,6.6,10.3,6.9,1.3,-3.0,-3.8,-3.8,-3.8,-4.4,-3.1,-0.1,22.2,27.3,40.0,13.4,0.0,33.1,25.3,13.4,69.7,,,OBAnorm,,LD831_02097v2.403,,,,0,0
DENATRLA,2025-06-23 23:06:25.000,25.5,25.9,19.3,18.5,17.1,13.3,12.0,10.4,8.4,7.3,9.4,13.0,15.6,15.7,16.6,16.2,15.9,15.6,14.0,13.3,10.7,7.8,4.7,2.7,0.3,-1.1,-3.4,-3.8,-3.8,-3.9,-4.5,-3.1,-0.2,21.7,27.6,37.2,13.4,0.0,33.1,25.3,13.4,69.7,,,OBAnorm,,LD831_02097v2.403,,,,0,0
DENATRLA,2025-06-23 23:06:26.000,23.9,21.9,20.0,20.6,14.2,15.5,13.7,11.3,6.2,7.1,9.5,11.9,14.0,15.5,17.1,15.6,15.6,15.0,14.6,13.1,10.6,9.3,9.8,8.4,7.1,2.7,-2.6,-3.8,-3.8,-4.0,-4.4,-3.4,-0.1,22.4,27.3,36.8,13.4,0.0,33.1,25.4,13.4,69.7,,,OBAnorm,,LD831_02097v2.403,,,,0,0
DENATRLA,2025-06-23 23:06:27.000,22.1,25.2,22.1,17.3,14.2,14.7,13.8,9.3,5.6,7.1,10.2,13.5,15.2,15.1,16.4,16.4,15.6,14.9,14.2,12.9,10.8,7.4,3.9,1.5,2.0,2.0,-2.3,-3.8,-3.8,-4.0,-4.4,-3.1,-0.1,21.6,27.6,37.6,13.4,0.0,33.1,25.3,13.4,69.7,,,OBAnorm,,LD831_02097v2.403,,,,0,0
DENATRLA,2025-06-23 23:06:28.000,27.7,23.3,23.7,20.2,12.8,13.1,10.1,9.0,7.5,6.4,10.3,12.9,13.8,15.2,16.8,17.5,16.1,15.8,14.5,13.6,10.9,8.0,5.4,8.2,4.7,-0.2,-2.6,-3.7,-3.8,-4.0,-4.4,-3.2,-0.2,22.3,27.5,36.2,13.4,0.0,33.2,25.3,13.4,69.7,,,OBAnorm,,LD831_02097v2.403,,,,0,0
DENATRLA,2025-06-23 23:06:29.000,24.7,26.8,23.5,17.7,13.3,13.3,11.8,12.1,8.2,7.0,9.5,13.3,13.7,17.1,17.6,17.1,15.3,15.6,14.3,12.7,10.8,9.1,9.5,8.7,6.3,0.7,-2.3,-3.8,-3.8,-3.9,-4.4,-3.2,-0.2,22.4,27.2,37.0,13.4,0.0,33.1,25.4,13.4,69.7,,,OBAnorm,,LD831_02097v2.403,,,,0,0
DENATRLA,2025-06-23 23:06:30.000,27.8,23.2,22.8,17.4,16.4,10.6,12.3,6.6,7.7,6.9,10.4,14.8,15.4,17.5,16.5,16.4,16.0,15.7,14.8,13.1,10.8,9.1,9.0,14.9,9.2,1.8,-1.6,-3.6,-3.7,-4.1,-4.4,-3.3,-0.1,23.2,27.5,35.2,13.4,0.0,33.1,25.3,13.4,69.7,,,OBAnorm,,LD831_02097v2.403,,,,0,0
DENATRLA,2025-06-23 23:06:31.000,20.4,22.0,20.8,20.1,14.3,15.7,10.7,10.5,7.4,7.9,9.2,12.7,15.3,17.2,16.9,16.7,16.6,15.6,14.6,13.6,10.9,11.5,11.8,13.3,8.8,5.3,-1.7,-3.8,-3.7,-3.9,-4.4,-3.3,-0.2,23.6,27.7,39.5,13.4,0.0,33.1,25.4,13.4,69.7,,,OBAnorm,,LD831_02097v2.403,,,,0,0
DENATRLA,2025-06-23 23:06:32.000,21.2,20.5,20.2,16.8,15.0,15.3,13.2,11.3,6.8,6.9,11.3,12.8,15.3,16.0,16.1,16.9,17.0,15.5,14.4,13.5,11.5,9.9,6.1,8.0,5.0,1.6,-1.5,-3.7,-3.8,-4.0,-4.4,-3.3,-0.2,22.5,28.8,43.8,13.4,0.0,33.1,25.3,13.4,69.7,,,OBAnorm,,LD831_02097v2.403,,,,0,0
DENATRLA,2025-06-23 23:06:33.000,17.1,22.3,21.5,19.0,15.2,12.2,10.9,7.7,7.9,7.4,11.4,13.2,16.2,17.2,17.1,16.3,16.3,16.7,14.9,13.4,11.8,9.1,5.3,3.3,1.0,0.5,-1.3,-3.5,-3.6,-3.9,-4.4,-3.2,-0.1,22.4,28.1,44.1,13.4,0.0,33.1,25.3,13.4,69.7,,,OBAnorm,,LD831_02097v2.403,,,,0,0
DENATRLA,2025-06-23 23:06:34.000,23.6,24.7,23.1,19.0,18.3,12.7,11.8,7.4,3.8,7.7,9.4,12.0,15.9,16.2,16.2,17.1,16.5,16.3,15.1,13.9,11.1,8.7,4.9,4.1,3.5,3.3,0.9,-3.6,-3.7,-3.9,-4.4,-3.2,-0.1,22.3,29.1,48.0,13.4,0.0,33.1,25.3,13.4,70.2,,,OBAnorm,,LD831_02097v2.403,,,,0,0
DENATRLA,2025-06-23 23:06:35.000,30.2,23.6,20.2,19.1,17.9,15.3,12.8,8.7,8.4,7.5,9.0,10.9,15.6,16.6,17.7,15.7,16.7,16.5,15.4,13.1,10.7,7.8,4.8,2.1,0.3,6.4,4.6,-3.7,-3.8,-4.0,-4.4,-3.2,-0.1,22.3,29.1,51.1,13.4,0.0,33.1,25.3,13.4,70.2,,,OBAnorm,,LD831_02097v2.403,,,,0,0
DENATRLA,2025-06-23 23:06:36.000,26.8,24.0,23.8,19.6,15.2,13.4,10.5,11.9,7.5,6.2,9.7,13.9,15.3,16.4,17.1,17.0,16.1,16.2,15.2,13.6,11.5,8.5,9.3,7.2,6.5,1.5,-2.3,-3.7,-3.8,-4.0,-4.4,-3.1,-0.1,22.8,27.9,39.9,13.4,0.0,33.1,25.3,13.4,70.2,,,OBAnorm,,LD831_02097v2.403,,,,0,0
DENATRLA,2025-06-23 23:06:37.000,24.4,25.2,19.8,20.7,10.7,11.1,13.4,7.6,7.7,7.6,10.7,13.0,14.6,16.0,16.9,16.7,16.1,16.4,14.4,13.2,11.2,9.6,8.5,9.1,8.2,2.1,1.4,-3.6,-3.8,-4.0,-4.4,-3.2,-0.1,22.6,28.2,43.4,13.4,0.0,33.1,25.3,13.3,70.2,,,OBAnorm,,LD831_02097v2.403,,,,0,0
DENATRLA,2025-06-23 23:06:38.000,28.0,24.1,22.9,18.2,14.8,13.4,12.2,12.0,7.3,7.2,11.0,13.6,15.1,16.4,17.7,17.0,16.3,16.0,14.1,13.1,11.0,10.2,12.6,12.3,9.6,2.9,-1.7,-3.7,-3.8,-4.0,-4.4,-3.3,-0.2,23.4,27.9,44.5,13.4,0.0,33.1,25.3,13.3,70.2,,,OBAnorm,,LD831_02097v2.403,,,,0,0
DENATRLA,2025-06-23 23:06:39.000,24.8,26.9,21.0,19.6,15.6,12.0,12.6,9.8,6.2,7.1,11.2,13.5,15.5,16.9,16.9,15.6,15.8,15.5,13.8,13.2,10.0,8.1,5.9,5.8,4.3,0.6,-1.9,-3.7,-3.8,-4.0,-4.4,-3.3,-0.1,21.8,27.9,45.7,13.4,0.0,33.1,25.3,13.3,70.2,,,OBAnorm,,LD831_02097v2.403,,,,0,0
DENATRLA,2025-06-23 23:06:40.000,23.7,23.6,23.4,16.6,16.0,14.3,13.8,10.2,6.8,6.5,10.5,13.4,14.6,16.0,17.2,17.0,16.2,15.9,14.1,12.5,10.7,9.2,7.6,4.8,9.3,-0.4,-2.1,-3.8,-3.8,-4.0,-4.4,-3.2,-0.1,22.4,27.4,36.1,13.4,0.0,33.2,25.3,13.3,70.2,,,OBAnorm,,LD831_02097v2.403,,,,0,0
DENATRLA,2025-06-23 23:06:41.000,20.5,23.5,23.5,20.3,14.2,14.8,12.0,10.3,7.8,6.9,10.7,14.7,15.0,16.6,16.9,16.8,16.2,16.6,14.7,13.3,10.7,9.4,10.0,11.0,8.0,3.8,-1.1,-3.5,-3.7,-3.9,-4.5,-3.3,-0.2,22.9,27.5,34.8,13.4,0.0,33.1,25.3,13.3,70.2,,,OBAnorm,,LD831_02097v2.403,,,,0,0
DENATRLA,2025-06-23 23:06:42.000,20.2,21.3,21.4,16.7,14.8,14.8,13.6,12.7,6.9,8.4,10.0,14.0,15.2,16.1,17.5,15.7,16.6,16.2,14.1,12.7,9.8,7.7,4.1,2.4,0.9,0.4,-1.1,-3.6,-3.7,-4.0,-4.4,-3.3,-0.1,21.8,27.9,35.3,13.4,0.0,33.1,25.4,13.3,70.2,,,OBAnorm,,LD831_02097v2.403,,,,0,0
DENATRLA,2025-06-23 23:06:43.000,22.2,20.5,23.3,19.0,17.8,16.0,13.5,9.2,3.6,7.4,11.0,13.2,15.3,15.4,16.7,16.4,15.8,15.6,13.9,13.0,10.4,8.0,4.3,2.2,1.1,-0.4,-1.9,-3.8,-3.8,-4.0,-4.5,-3.2,-0.2,21.7,28.1,41.9,13.4,0.0,33.1,25.3,13.3,70.2,,,OBAnorm,,LD831_02097v2.403,,,,0,0
DENATRLA,2025-06-23 23:06:44.000,23.3,25.3,24.4,19.3,15.3,15.9,10.9,9.0,7.1,6.0,9.0,11.8,15.9,16.0,15.9,15.3,15.4,15.6,13.8,12.5,10.7,8.2,8.8,8.6,5.3,1.4,-0.2,-3.3,-3.7,-4.0,-4.4,-3.2,-0.1,22.0,27.0,39.3,13.4,0.0,33.1,25.4,13.3,70.2,,,OBAnorm,,LD831_02097v2.403,,,,0,0
DENATRLA,2025-06-23 23:06:45.000,23.4,25.2,22.1,18.8,13.1,14.7,13.3,9.6,6.0,7.7,10.6,13.0,14.6,15.8,16.2,16.4,15.4,15.3,13.3,12.0,10.3,10.4,12.1,12.1,8.4,4.6,0.0,-3.3,-3.7,-4.0,-4.5,-3.1,-0.3,22.8,27.4,37.3,13.4,0.0,33.1,25.3,13.3,70.2,,,OBAnorm,,LD831_02097v2.403,,,,0,0
DENATRLA,2025-06-23 23:06:46.000,22.3,23.7,19.6,19.2,16.2,15.6,13.5,12.2,7.5,7.0,9.2,14.0,15.9,15.2,16.0,15.8,15.3,15.3,14.4,12.5,10.2,8.5,9.7,8.2,9.5,4.7,1.2,-3.4,-3.7,-4.0,-4.5,-3.3,-0.3,22.2,27.2,34.2,13.4,0.0,33.1,25.5,13.3,70.2,,,OBAnorm,,LD831_02097v2.403,,,,0,0
DENATRLA,2025-06-23 23:06:47.000,23.8,24.0,18.8,16.5,15.0,13.5,12.3,13.6,8.1,5.5,10.0,13.0,15.2,15.9,16.3,15.9,15.3,15.0,14.0,12.8,10.4,8.3,5.5,3.6,3.6,5.1,-1.0,-3.5,-3.7,-4.0,-4.4,-3.3,-0.1,21.6,27.2,35.3,13.4,0.0,33.1,25.4,13.3,70.2,,,OBAnorm,,LD831_02097v2.403,,,,0,0
DENATRLA,2025-06-23 23:06:48.000,26.1,23.8,22.1,17.5,18.7,14.8,15.0,8.3,9.0,7.8,9.0,11.5,14.0,16.0,15.3,15.8,14.4,14.9,13.9,12.7,10.5,7.8,5.1,3.6,4.0,6.2,-0.7,-3.6,-3.7,-3.9,-4.5,-3.2,-0.2,21.5,27.2,33.6,13.4,0.0,33.1,25.3,13.3,70.2,,,OBAnorm,,LD831_02097v2.403,,,,0,0
DENATRLA,2025-06-23 23:06:49.000,26.1,22.3,19.2,22.5,16.2,15.6,15.4,10.9,6.3,5.7,10.1,11.4,15.1,15.6,16.5,15.8,15.3,15.5,13.5,13.2,11.3,11.1,9.1,11.1,7.9,3.3,-0.6,-3.4,-3.7,-4.0,-4.5,-3.1,-0.2,22.6,27.8,32.9,13.4,0.0,33.1,25.3,13.3,69.7,,,OBAnorm,,LD831_02097v2.403,,,,0,0
DENATRLA,2025-06-23 23:06:50.000,20.5,21.5,21.1,20.9,16.7,16.2,13.6,11.4,6.9,5.1,12.2,13.9,14.2,16.6,16.2,16.6,15.5,15.7,13.7,13.1,11.2,9.1,6.6,7.5,5.2,2.0,-0.9,-3.5,-3.6,-3.8,-4.4,-3.1,-0.2,22.2,27.7,37.8,13.4,0.0,33.1,25.3,13.3,69.7,,,OBAnorm,,LD831_02097v2.403,,,,0,0
DENATRLA,2025-06-23 23:06:51.000,23.2,24.6,22.1,18.2,16.8,16.2,15.1,11.7,7.8,6.5,10.3,12.9,15.1,16.9,17.1,15.8,15.8,15.3,13.8,13.4,11.2,9.1,7.3,7.5,7.2,2.1,-1.0,-3.4,-3.6,-3.8,-4.4,-3.4,-0.3,22.2,27.6,40.3,13.4,0.0,33.1,25.3,13.3,69.7,,,OBAnorm,,LD831_02097v2.403,,,,0,0
DENATRLA,2025-06-23 23:06:52.000,19.8,25.7,19.9,13.5,16.1,12.7,14.2,13.0,7.3,6.3,10.0,12.7,14.9,17.0,16.1,16.8,15.9,15.2,14.7,13.5,10.8,9.5,9.5,9.9,8.4,0.8,-1.2,-3.6,-3.7,-3.8,-4.4,-3.2,-0.3,22.7,28.6,42.0,13.4,0.0,33.1,25.3,13.3,69.7,,,OBAnorm,,LD831_02097v2.403,,,,0,0
DENATRLA,2025-06-23 23:06:53.000,21.2,27.1,19.9,13.3,15.1,16.8,12.7,10.4,6.7,8.5,11.6,12.7,15.1,16.2,16.8,16.9,15.7,15.3,14.7,13.5,10.6,8.8,9.4,11.5,6.4,1.7,-0.6,-3.6,-3.7,-3.8,-4.4,-3.2,-0.2,22.7,30.4,47.5,13.4,0.0,33.1,25.3,13.3,69.7,,,OBAnorm,,LD831_02097v2.403,,,,0,0
DENATRLA,2025-06-23 23:06:54.000,24.3,26.5,22.6,20.6,15.9,16.6,17.1,11.1,8.2,7.1,11.9,12.7,14.9,16.6,17.3,16.9,15.5,15.8,14.8,13.3,11.0,8.3,7.9,8.1,8.1,2.7,-1.3,-3.7,-3.8,-3.9,-4.4,-3.3,-0.1,22.5,30.9,50.0,13.4,0.0,33.1,25.3,13.3,69.7,,,OBAnorm,,LD831_02097v2.403,,,,0,0
DENATRLA,2025-06-23 23:06:55.000,30.8,30.1,24.4,23.5,20.5,16.8,19.2,11.8,9.4,9.2,11.1,13.2,14.8,16.7,16.1,16.5,16.2,16.7,14.6,12.6,11.2,8.1,4.9,2.5,0.5,-0.7,-2.4,-3.7,-3.7,-3.9,-4.5,-3.0,-0.3,22.0,31.4,50.1,13.4,0.0,33.1,25.3,13.3,69.7,,,OBAnorm,,LD831_02097v2.403,,,,0,0
DENATRLA,2025-06-23 23:06:56.000,27.6,28.4,26.5,24.3,18.8,17.2,14.3,11.7,9.0,9.8,11.5,14.2,15.1,17.0,17.1,16.9,16.3,15.8,14.8,14.1,11.5,9.3,5.8,3.7,0.0,-0.2,-2.4,-3.6,-3.7,-3.6,-4.3,-3.2,-0.2,22.5,29.0,47.8,13.4,0.0,33.1,25.3,13.3,69.7,,,OBAnorm,,LD831_02097v2.403,,,,0,0
DENATRLA,2025-06-23 23:06:57.000,30.6,27.3,26.8,22.8,14.8,14.1,15.3,12.1,11.3,9.6,13.2,14.9,15.7,17.7,17.9,17.8,17.4,16.2,15.5,13.2,11.5,12.1,9.2,10.8,8.0,2.8,-1.3,-3.5,-3.6,-3.8,-4.4,-3.2,-0.2,23.4,29.0,39.9,13.4,0.0,33.1,25.3,13.3,69.7,,,OBAnorm,,LD831_02097v2.403,,,,0,0
DENATRLA,2025-06-23 23:06:58.000,26.1,27.3,21.2,15.6,16.7,16.4,14.5,10.8,9.9,9.2,11.8,15.1,16.2,16.7,17.9,16.9,16.1,16.2,14.0,13.2,10.8,11.6,10.9,11.7,9.0,3.4,-1.8,-3.6,-3.7,-3.9,-4.2,-3.0,-0.2,23.3,28.5,41.5,13.4,0.0,33.1,25.3,13.4,69.7,,,OBAnorm,,LD831_02097v2.403,,,,0,0
DENATRLA,2025-06-23 23:06:59.000,27.4,26.9,22.2,17.8,16.9,14.1,15.3,10.0,8.2,10.5,13.6,13.9,15.7,17.8,16.9,16.8,15.3,15.6,15.2,13.5,11.5,9.0,5.3,2.3,0.8,-0.6,-2.1,-3.6,-3.7,-4.0,-4.4,-3.3,-0.2,22.3,34.3,54.2,13.4,0.0,33.1,25.3,13.4,69.7,,,OBAnorm,,LD831_02097v2.403,,,,0,0
DENATRLA,2025-06-23 23:07:00.000,25.8,27.1,23.2,19.5,19.5,15.4,20.6,17.8,17.4,15.6,16.3,14.6,16.9,17.1,16.5,16.3,16.1,16.0,14.7,13.0,10.4,8.3,4.9,2.6,0.0,-1.3,-3.1,-3.8,-3.7,-3.6,-4.0,-2.6,0.4,22.5,50.4,69.6,13.4,0.0,33.1,25.3,13.4,69.7,,,OBAnorm,,LD831_02097v2.403,,,,0,0
DENATRLA,2025-06-23 23:07:01.000,25.7,26.1,43.8,42.0,42.1,38.6,37.7,32.9,30.7,25.9,21.8,20.3,18.7,18.4,17.3,16.3,16.1,15.1,14.4,13.7,10.9,8.9,5.2,3.4,0.2,-1.8,-3.4,-3.7,-3.5,-3.6,-4.2,-2.9,-0.1,22.9,49.3,65.8,13.4,0.0,35.7,25.3,13.4,69.1,,,OBAnorm,,LD831_02097v2.403,,,,0,0
DENATRLA,2025-06-23 23:07:02.000,43.1,46.4,48.2,45.4,43.7,40.7,36.7,34.0,30.7,29.1,21.7,16.9,16.6,16.8,17.0,16.3,15.7,16.1,14.4,13.2,10.9,11.5,12.1,14.7,8.8,11.0,-3.6,-3.6,-3.6,-3.6,-4.3,-3.0,-0.1,24.5,48.9,65.9,13.4,0.0,42.5,25.3,13.4,68.5,,,OBAnorm,,LD831_02097v2.403,,,,0,0
DENATRLA,2025-06-23 23:07:03.000,52.7,51.2,44.3,41.6,42.8,40.3,32.9,32.3,30.5,23.4,16.0,12.8,14.1,15.7,16.8,16.8,15.5,15.9,14.6,13.5,10.8,10.3,12.0,14.0,11.2,6.9,1.5,-2.9,-2.5,-3.1,-3.7,-2.9,0.1,23.8,47.8,68.2,13.4,0.0,41.6,25.2,13.4,68.0,,,OBAnorm,,LD831_02097v2.403,,,,0,0
DENATRLA,2025-06-23 23:07:04.000,45.2,47.2,44.8,38.0,38.1,31.5,30.8,30.2,24.7,21.7,16.4,15.7,15.9,16.8,17.0,16.2,15.4,15.5,14.9,13.1,11.4,8.0,5.2,1.3,-0.8,-2.5,-3.2,-3.7,-3.7,-3.7,-4.4,-3.0,0.0,22.2,47.6,69.4,13.4,0.2,12.2,25.3,13.4,68.5,,,OBAnorm,,LD831_02097v2.403,,,,0,0
DENATRLA,2025-06-23 23:07:05.000,50.6,47.1,47.1,43.1,39.0,34.9,30.8,24.5,22.8,13.5,12.9,14.5,14.8,16.3,17.8,17.1,15.7,15.6,15.3,13.5,11.5,8.5,5.2,1.2,-1.3,-2.7,-3.7,-3.5,-3.6,-3.8,-4.4,-3.1,-0.1,22.3,44.4,62.4,13.4,0.4,1.4,25.3,13.4,68.0,,,OBAnorm,,LD831_02097v2.403,,,,0,0
DENATRLA,2025-06-23 23:07:06.000,48.6,48.1,44.5,37.4,31.7,32.8,27.6,25.3,22.1,13.7,12.1,13.3,14.8,16.5,17.2,16.6,16.1,16.3,15.0,13.8,11.4,9.1,6.0,5.4,3.6,-1.9,-3.5,-3.8,-3.7,-3.9,-4.4,-3.1,-0.2,22.5,42.1,60.9,13.4,0.4,0.3,25.3,13.4,68.0,,,OBAnorm,,LD831_02097v2.403,,,,0,0
DENATRLA,2025-06-23 23:07:07.000,45.3,44.6,42.8,35.6,31.7,30.3,28.4,21.2,15.0,9.9,10.7,13.0,15.6,16.4,17.0,15.9,16.4,16.2,15.0,13.8,11.4,13.2,10.4,11.3,12.5,9.3,-3.2,-3.8,-3.8,-3.8,-4.4,-3.1,-0.1,23.9,40.5,61.2,13.4,0.4,0.3,25.3,13.4,68.5,,,OBAnorm,,LD831_02097v2.403,,,,0,0
DENATRLA,2025-06-23 23:07:08.000,44.2,39.5,38.0,39.2,30.2,26.3,15.9,12.7,7.7,6.6,11.5,14.1,14.1,16.2,17.4,16.1,15.7,15.6,15.1,13.8,11.7,8.4,5.0,2.5,2.5,2.0,-2.3,-3.8,-3.8,-4.0,-4.4,-3.2,-0.3,22.3,28.4,43.7,13.4,0.3,0.3,25.3,13.5,68.0,,,OBAnorm,,LD831_02097v2.403,,,,0,0
DENATRLA,2025-06-23 23:07:09.000,43.4,40.1,31.3,20.5,15.5,17.0,14.4,9.2,8.0,8.6,11.0,12.5,14.9,15.8,17.9,16.2,16.3,14.7,14.7,13.4,11.4,8.5,7.6,8.6,4.0,-1.3,-3.5,-3.8,-3.9,-3.9,-4.5,-3.3,-0.2,22.4,27.8,39.3,13.4,0.3,0.4,25.3,13.5,65.7,,,OBAnorm,,LD831_02097v2.403,,,,0,0
DENATRLA,2025-06-23 23:07:10.000,34.6,30.4,22.7,18.0,15.3,13.9,13.3,10.2,6.7,8.3,11.7,12.3,14.7,15.5,16.5,16.4,15.9,15.6,14.6,12.9,10.6,8.1,4.4,3.8,1.8,-1.0,-3.4,-3.8,-3.8,-4.0,-4.4,-3.2,-0.1,21.8,31.1,50.5,13.4,0.3,0.4,25.3,13.5,64.6,,,OBAnorm,,LD831_02097v2.403,,,,0,0
DENATRLA,2025-06-23 23:07:11.000,25.6,22.2,25.0,23.3,17.2,17.8,16.7,11.8,6.6,7.8,12.6,14.7,16.4,16.6,17.0,16.4,15.6,15.9,15.6,13.6,10.5,7.6,4.2,3.6,7.9,-1.0,-3.4,-3.8,-3.8,-4.0,-4.5,-3.2,-0.1,22.2,34.9,58.6,13.4,0.3,0.4,25.3,13.5,64.6,,,OBAnorm,,LD831_02097v2.403,,,,0,0
DENATRLA,2025-06-23 23:07:12.000,29.3,30.1,29.3,25.6,22.9,18.6,15.9,10.5,9.6,8.8,10.6,13.8,15.5,16.4,16.9,16.4,15.6,14.8,14.2,13.2,10.2,7.8,9.1,6.1,5.5,0.6,-3.5,-3.8,-3.5,-3.8,-4.4,-3.5,0.0,22.0,33.9,54.9,13.4,0.3,0.4,25.3,13.5,64.6,,,OBAnorm,,LD831_02097v2.403,,,,0,0
DENATRLA,2025-06-23 23:07:13.000,36.1,31.0,31.6,21.7,20.6,15.0,13.3,8.7,4.8,9.1,11.5,13.8,14.6,15.2,16.6,16.5,15.3,14.8,13.9,12.6,9.6,7.3,4.4,13.0,21.1,-1.0,-3.0,-3.8,-3.8,-4.0,-4.4,-3.3,-0.2,25.4,29.6,47.2,13.4,0.3,0.4,25.3,13.5,64.0,,,OBAnorm,,LD831_02097v2.403,,,,0,0
DENATRLA,2025-06-23 23:07:14.000,35.7,34.0,23.0,20.2,16.8,13.8,14.3,10.0,6.0,8.5,11.6,13.3,15.1,17.0,16.5,16.4,15.0,15.1,14.8,12.4,10.7,8.6,14.8,15.7,24.9,-1.2,-3.0,-3.8,-3.8,-3.9,-4.4,-3.1,-0.3,28.0,29.7,40.3,13.4,0.3,0.4,25.3,13.5,64.0,,,OBAnorm,,LD831_02097v2.403,,,,0,0
DENATRLA,2025-06-23 23:07:15.000,32.9,27.0,22.2,20.3,16.2,17.0,13.6,10.0,9.3,7.6,12.2,14.7,16.5,16.0,18.4,17.1,15.6,16.4,14.7,13.1,10.6,8.0,6.1,5.8,10.6,-0.6,-2.3,-3.7,-3.6,-3.9,-4.5,-3.1,0.0,22.6,28.8,45.9,13.4,0.3,0.4,25.3,13.5,64.0,,,OBAnorm,,LD831_02097v2.403,,,,0,0
DENATRLA,2025-06-23 23:07:16.000,25.1,23.9,16.5,17.5,14.1,13.6,12.7,11.1,8.3,8.1,11.6,13.8,15.7,16.5,16.3,16.5,15.2,15.7,14.7,12.7,10.7,7.7,4.5,1.4,3.9,-2.1,-3.7,-3.8,-3.8,-3.9,-4.4,-3.2,0.0,21.8,28.7,48.5,13.4,0.3,0.4,25.3,13.5,64.0,,,OBAnorm,,LD831_02097v2.403,,,,0,0
DENATRLA,2025-06-23 23:07:17.000,27.4,20.3,19.8,16.7,15.3,15.3,12.9,11.6,8.3,8.1,12.1,14.6,16.0,16.5,16.1,16.6,15.8,15.9,14.3,12.4,10.0,9.0,9.6,9.4,8.0,4.2,-3.0,-3.7,-3.8,-4.0,-4.4,-3.2,-0.1,22.5,29.1,50.7,13.4,0.3,0.4,25.3,13.5,64.0,,,OBAnorm,,LD831_02097v2.403,,,,0,0
DENATRLA,2025-06-23 23:07:18.000,27.5,26.0,20.1,20.8,19.2,15.2,12.0,10.2,7.5,7.8,10.5,13.2,13.9,16.0,17.0,16.3,15.3,16.6,14.9,13.2,11.0,7.5,4.9,3.0,3.1,0.1,-2.5,-3.8,-3.8,-4.0,-4.4,-3.2,-0.1,21.9,30.4,51.2,13.4,0.1,0.4,25.3,13.5,64.0,,,OBAnorm,,LD831_02097v2.403,,,,0,0
DENATRLA,2025-06-23 23:07:19.000,25.0,25.5,21.8,17.1,14.3,17.0,14.3,11.0,7.8,10.0,11.9,14.5,16.3,17.3,17.0,16.9,16.2,15.4,14.6,12.8,10.8,9.1,8.7,8.9,7.5,2.0,-3.5,-3.7,-3.8,-4.0,-4.5,-3.4,-0.2,22.6,28.4,45.7,13.4,0.0,0.4,25.2,13.5,64.0,,,OBAnorm,,LD831_02097v2.403,,,,0,0
DENATRLA,2025-06-23 23:07:20.000,29.7,24.6,19.5,18.1,16.1,14.3,14.7,8.5,6.7,9.1,11.6,14.8,15.1,17.0,17.8,16.9,15.6,16.5,14.9,12.9,10.7,8.8,7.8,12.6,10.1,1.8,-3.3,-3.8,-3.7,-3.9,-4.4,-3.2,-0.2,23.0,28.0,37.7,13.4,0.0,0.4,25.3,13.5,64.0,,,OBAnorm,,LD831_02097v2.403,,,,0,0
DENATRLA,2025-06-23 23:07:21.000,30.5,19.4,21.5,16.9,14.9,14.7,14.1,10.4,6.9,8.7,11.9,15.8,16.6,16.0,17.7,16.2,16.1,16.3,14.9,13.6,11.5,8.4,4.9,2.6,14.0,-1.8,-3.5,-3.9,-3.8,-4.0,-4.4,-3.3,-0.3,23.0,29.6,42.5,13.4,0.0,0.4,25.3,13.5,64.0,,,OBAnorm,,LD831_02097v2.403,,,,0,0
DENATRLA,2025-06-23 23:07:22.000,26.0,16.7,21.9,19.3,15.3,16.2,12.2,11.2,5.7,7.1,12.1,15.1,16.4,16.4,18.0,16.7,16.2,16.9,15.6,13.5,12.2,12.1,13.5,14.6,1.3,-1.8,-3.8,-3.9,-3.7,-3.8,-4.4,-2.9,-0.3,24.2,29.2,42.5,13.4,0.0,0.4,25.3,13.5,64.0,,,OBAnorm,,LD831_02097v2.403,,,,0,0
DENATRLA,2025-06-23 23:07:23.000,29.3,26.4,27.3,21.9,14.8,15.8,14.2,11.8,8.6,8.8,11.7,16.5,16.6,17.3,17.5,17.4,16.3,16.7,16.0,13.9,11.8,9.4,9.8,7.5,5.7,5.4,-0.1,-3.7,-3.7,-3.9,-4.3,-3.2,-0.3,23.2,30.6,47.9,13.4,0.0,0.4,25.3,13.5,64.0,,,OBAnorm,,LD831_02097v2.403,,,,0,0
DENATRLA,2025-06-23 23:07:24.000,30.1,24.3,24.8,19.1,18.8,16.1,13.4,13.1,7.7,10.5,12.3,14.7,16.3,15.6,18.1,16.5,15.9,15.8,15.4,13.6,11.2,8.6,4.7,1.7,3.0,3.2,-0.8,-3.2,-3.4,-3.5,-4.2,-3.2,-0.1,22.3,32.4,54.0,13.4,0.0,0.4,25.3,13.5,64.0,,,OBAnorm,,LD831_02097v2.403,,,,0,0
DENATRLA,2025-06-23 23:07:25.000,27.3,23.7,24.0,18.4,16.5,15.9,14.8,11.5,9.2,9.1,11.8,14.3,16.3,16.5,16.7,17.1,16.5,15.6,15.3,13.7,10.9,11.6,9.2,10.8,8.1,2.5,-3.1,-3.7,-3.5,-3.7,-4.1,-3.1,-0.1,23.0,33.6,54.5,13.4,0.0,0.4,25.3,13.5,64.0,,,OBAnorm,,LD831_02097v2.403,,,,0,0
DENATRLA,2025-06-23 23:07:26.000,28.2,27.1,27.0,24.0,21.5,17.8,15.4,12.9,8.0,8.9,12.4,13.6,15.2,16.7,16.8,16.2,15.8,15.8,14.5,13.1,10.4,8.6,5.3,5.9,4.3,1.3,-3.0,-3.8,-3.7,-3.9,-4.3,-3.1,-0.2,22.0,32.4,53.8,13.4,0.0,0.4,25.2,13.5,64.0,,,OBAnorm,,LD831_02097v2.403,,,,0,0
DENATRLA,2025-06-23 23:07:27.000,33.7,37.2,26.3,25.5,21.1,14.1,14.4,12.7,6.8,7.3,10.7,15.5,15.9,16.7,17.4,16.1,15.3,16.5,14.6,13.4,11.0,9.0,5.7,3.8,6.2,0.4,-1.9,-3.7,-3.8,-3.9,-4.4,-3.2,-0.2,22.3,32.3,53.9,13.4,0.0,0.4,25.2,13.5,64.0,,,OBAnorm,,LD831_02097v2.403,,,,0,0
DENATRLA,2025-06-23 23:07:28.000,38.0,23.3,25.5,23.3,18.8,14.6,14.2,12.4,8.4,7.5,10.8,13.4,15.3,16.9,17.2,16.5,15.8,16.1,14.9,13.5,11.0,10.8,9.5,12.1,10.8,4.3,-1.2,-3.6,-3.7,-4.0,-4.5,-3.2,-0.2,23.2,36.7,58.7,13.4,0.0,0.4,25.3,13.5,64.0,,,OBAnorm,,LD831_02097v2.403,,,,0,0
DENATRLA,2025-06-23 23:07:29.000,31.6,27.4,28.1,27.7,22.4,18.0,13.8,11.6,8.2,10.1,10.8,12.9,16.1,16.9,18.1,16.4,16.3,15.9,15.1,12.7,11.0,9.1,5.3,3.3,2.5,0.6,-1.6,-3.7,-3.8,-3.9,-4.4,-3.2,-0.2,22.3,32.7,55.1,13.4,0.0,0.4,25.2,13.5,64.0,,,OBAnorm,,LD831_02097v2.403,,,,0,0
DENATRLA,2025-06-23 23:07:30.000,35.2,33.6,29.3,27.4,21.8,18.7,15.7,12.2,8.1,7.4,10.8,14.8,15.1,16.0,17.2,16.3,16.0,16.1,14.9,13.7,11.0,8.5,5.4,2.2,1.1,-0.3,-2.5,-3.7,-3.8,-3.9,-4.4,-3.4,-0.2,22.2,32.8,55.2,13.4,0.0,0.4,25.3,13.5,64.0,,,OBAnorm,,LD831_02097v2.403,,,,0,0
DENATRLA,2025-06-23 23:07:31.000,33.2,33.2,25.2,23.1,15.7,15.6,15.2,11.5,9.3,9.1,12.4,13.5,15.8,15.9,17.7,16.5,16.1,16.7,14.9,13.4,11.3,11.2,7.8,15.4,11.4,2.9,-2.2,-3.7,-3.5,-3.6,-4.3,-3.0,-0.1,23.8,31.1,49.0,13.4,0.0,0.4,25.3,13.5,64.0,,,OBAnorm,,LD831_02097v2.403,,,,0,0
DENATRLA,2025-06-23 23:07:32.000,35.2,28.3,23.1,22.6,20.0,15.6,12.4,10.7,11.3,8.6,11.2,14.6,16.2,16.0,17.4,15.9,16.2,16.3,15.2,13.0,10.9,9.0,6.1,7.5,10.3,3.4,-2.6,-3.8,-3.8,-3.9,-4.5,-3.3,-0.2,22.7,30.9,44.1,13.4,0.0,0.4,25.2,13.5,64.6,,,OBAnorm,,LD831_02097v2.403,,,,0,0
DENATRLA,2025-06-23 23:07:33.000,37.1,28.5,24.8,22.7,17.0,17.8,15.5,13.0,7.6,8.3,13.2,13.4,14.5,15.4,16.2,16.8,16.1,15.7,15.5,13.2,11.4,8.8,12.8,7.1,8.1,5.9,-2.9,-3.8,-3.8,-4.0,-4.5,-3.1,-0.2,23.0,32.6,51.1,13.4,0.0,0.4,25.3,13.5,64.6,,,OBAnorm,,LD831_02097v2.403,,,,0,0
DENATRLA,2025-06-23 23:07:34.000,30.3,31.7,27.3,23.5,20.4,19.8,15.6,12.0,12.0,7.5,11.0,13.8,15.2,16.3,16.1,17.3,15.6,15.8,14.9,13.0,10.8,7.7,8.8,8.6,8.3,4.9,-3.1,-3.9,-3.8,-3.9,-4.5,-3.1,-0.2,22.5,31.4,51.1,13.4,0.0,0.4,25.3,13.5,64.6,,,OBAnorm,,LD831_02097v2.403,,,,0,0
DENATRLA,2025-06-23 23:07:35.000,34.3,33.4,24.5,23.4,21.4,15.0,15.2,12.8,7.5,8.9,10.3,13.7,15.6,17.1,15.5,16.5,15.3,15.4,13.8,12.4,10.2,7.8,4.8,1.6,1.7,-0.6,-3.7,-3.8,-3.8,-4.0,-4.5,-3.2,-0.1,21.5,35.0,55.0,13.4,0.0,0.4,25.3,13.5,64.6,,,OBAnorm,,LD831_02097v2.403,,,,0,0
DENATRLA,2025-06-23 23:07:36.000,33.1,28.3,22.2,21.1,19.7,17.5,14.0,12.0,8.9,8.1,11.2,14.9,15.5,17.2,17.4,15.5,16.1,15.6,14.1,12.5,9.9,8.1,6.8,6.1,0.4,-1.7,-3.8,-3.9,-3.8,-3.9,-4.4,-3.1,-0.1,21.8,32.4,52.4,13.4,0.0,0.4,25.2,13.5,64.6,,,OBAnorm,,LD831_02097v2.403,,,,0,0
DENATRLA,2025-06-23 23:07:37.000,33.8,30.2,30.0,22.2,18.4,15.9,12.8,8.9,7.5,6.3,11.3,11.7,15.1,17.0,17.0,15.2,15.4,15.6,14.4,12.4,10.2,9.9,10.3,9.9,7.7,3.1,-3.3,-3.8,-3.8,-4.0,-4.5,-3.2,-0.2,22.5,27.5,42.9,13.4,0.0,0.4,25.2,13.5,64.6,,,OBAnorm,,LD831_02097v2.403,,,,0,0
DENATRLA,2025-06-23 23:07:38.000,32.6,31.9,21.6,16.3,14.1,15.6,13.6,8.2,5.4,7.9,10.3,14.2,14.2,15.5,16.8,16.2,14.8,15.5,14.3,12.7,10.8,9.7,8.2,10.4,9.0,7.6,-3.5,-3.9,-3.8,-3.9,-4.5,-3.3,-0.2,22.5,27.8,43.4,13.4,0.0,0.4,25.3,13.5,64.6,,,OBAnorm,,LD831_02097v2.403,,,,0,0
DENATRLA,2025-06-23 23:07:39.000,29.0,22.7,18.6,19.3,17.6,13.9,11.8,10.1,8.1,6.6,10.5,12.9,16.0,15.6,15.7,15.4,15.4,14.9,14.4,12.3,9.9,8.0,5.7,6.1,4.8,-0.1,-3.1,-3.7,-3.1,-2.9,-4.1,-3.2,-0.2,21.5,28.0,48.2,13.4,0.0,0.4,25.2,13.5,65.1,,,OBAnorm,,LD831_02097v2.403,,,,0,0
DENATRLA,2025-06-23 23:07:40.000,17.9,17.7,19.8,17.9,14.9,12.4,13.8,10.8,6.7,8.0,10.0,13.7,15.9,17.2,16.1,15.5,15.0,14.8,13.8,12.6,9.9,7.3,3.9,6.2,4.7,5.1,-3.5,-3.8,-3.6,-3.9,-4.4,-3.2,-0.1,21.6,27.5,45.4,13.4,0.0,0.4,25.3,13.5,65.1,,,OBAnorm,,LD831_02097v2.403,,,,0,0
DENATRLA,2025-06-23 23:07:41.000,25.7,24.0,19.6,17.8,14.8,14.3,13.2,9.6,7.0,7.9,11.7,12.2,15.2,15.4,16.3,15.7,15.9,15.0,14.5,13.0,10.5,8.4,5.3,4.9,4.5,4.6,-3.2,-3.6,-3.6,-3.9,-4.5,-3.2,-0.2,21.8,28.3,45.5,13.4,0.0,0.4,25.2,13.5,65.1,,,OBAnorm,,LD831_02097v2.403,,,,0,0
DENATRLA,2025-06-23 23:07:42.000,27.3,24.5,17.7,20.0,15.3,17.2,13.1,10.7,7.6,7.0,10.8,12.8,14.3,15.7,15.3,16.2,15.5,15.2,14.0,12.8,10.4,9.3,8.4,10.5,5.4,2.4,-3.4,-3.9,-3.9,-4.0,-4.5,-3.3,-0.2,22.2,28.0,48.6,13.4,0.0,0.4,25.2,13.5,65.1,,,OBAnorm,,LD831_02097v2.403,,,,0,0
DENATRLA,2025-06-23 23:07:43.000,26.6,24.6,20.6,17.2,15.2,15.9,15.2,12.0,7.9,6.9,9.9,13.1,15.0,15.6,16.2,15.7,15.0,16.0,13.1,12.0,10.9,7.9,9.6,13.2,12.7,1.4,-2.9,-3.8,-3.8,-4.0,-4.4,-3.3,-0.2,22.9,28.4,44.6,13.4,0.0,0.4,25.2,13.5,65.1,,,OBAnorm,,LD831_02097v2.403,,,,0,0
DENATRLA,2025-06-23 23:07:44.000,26.6,25.7,19.3,18.5,14.9,15.3,11.5,10.8,5.1,6.8,9.8,13.7,13.7,16.4,17.0,16.3,14.9,15.4,14.0,12.0,10.3,7.3,5.0,3.3,0.8,1.6,-3.7,-3.8,-3.8,-3.9,-4.5,-3.2,-0.1,21.5,28.2,47.7,13.4,0.0,0.4,25.3,13.5,65.1,,,OBAnorm,,LD831_02097v2.403,,,,0,0
DENATRLA,2025-06-23 23:07:45.000,23.7,24.5,24.4,17.2,14.2,14.8,13.1,9.2,7.7,7.1,10.7,12.3,14.8,16.0,16.9,16.6,15.2,15.1,13.8,11.5,9.9,7.2,4.1,2.8,0.1,-2.1,-3.9,-3.9,-3.8,-4.0,-4.5,-3.3,0.0,21.3,30.1,49.4,13.4,0.0,0.4,25.3,13.5,65.1,,,OBAnorm,,LD831_02097v2.403,,,,0,0
DENATRLA,2025-06-23 23:07:46.000,27.8,24.5,19.2,20.2,17.6,13.5,14.2,10.9,6.7,8.7,10.9,13.2,13.4,16.3,17.3,15.2,14.7,15.9,13.7,13.4,10.3,8.6,8.7,9.3,3.6,-2.2,-4.0,-3.9,-3.8,-4.0,-4.5,-3.0,-0.3,22.1,32.0,53.7,13.4,0.0,0.4,25.2,13.5,65.1,,,OBAnorm,,LD831_02097v2.403,,,,0,0
DENATRLA,2025-06-23 23:07:47.000,29.7,26.3,28.2,26.7,18.3,17.0,13.6,10.0,7.6,6.8,11.1,13.6,15.3,17.4,17.2,16.3,15.1,15.5,14.5,12.9,11.0,8.0,7.5,8.5,8.8,5.2,-2.1,-3.8,-3.8,-3.9,-4.4,-3.3,-0.1,22.4,29.4,47.4,13.4,0.0,0.4,25.2,13.5,65.1,,,OBAnorm,,LD831_02097v2.403,,,,0,0
DENATRLA,2025-06-23 23:07:48.000,36.8,29.5,25.2,19.8,16.3,15.4,13.9,11.7,5.4,7.6,10.2,13.8,14.9,15.8,16.5,15.7,15.6,15.7,14.1,12.6,10.3,8.1,8.4,9.6,5.3,1.2,-3.7,-3.8,-3.8,-3.9,-4.5,-3.1,-0.2,22.1,30.2,47.4,13.4,0.0,0.4,25.3,13.5,65.1,,,OBAnorm,,LD831_02097v2.403,,,,0,0
DENATRLA,2025-06-23 23:07:49.000,33.1,29.3,25.8,22.3,18.2,14.5,13.3,10.7,7.8,8.4,10.4,14.1,16.7,16.9,16.7,16.3,15.5,16.5,14.5,11.9,10.0,7.9,4.6,6.1,5.0,-0.9,-3.9,-3.9,-3.8,-3.9,-4.5,-3.3,0.0,22.0,35.0,56.1,13.4,0.0,0.4,25.3,13.5,65.1,,,OBAnorm,,LD831_02097v2.403,,,,0,0
DENATRLA,2025-06-23 23:07:50.000,28.2,25.7,27.7,24.0,19.0,17.9,15.8,13.3,8.7,9.4,11.5,13.9,15.8,17.1,17.3,15.9,15.4,15.2,13.7,12.6,11.0,8.0,6.8,7.4,2.2,0.1,-4.0,-3.9,-3.8,-4.0,-4.5,-3.1,-0.2,22.0,35.2,56.3,13.4,0.0,0.4,25.2,13.5,65.1,,,OBAnorm,,LD831_02097v2.403,,,,0,0
DENATRLA,2025-06-23 23:07:51.000,23.0,27.5,27.7,27.0,24.6,22.4,17.5,12.5,10.5,9.1,13.5,15.0,15.2,17.1,16.5,16.8,16.1,15.7,14.7,13.4,10.9,8.1,13.2,9.2,9.4,2.2,-3.9,-3.9,-3.8,-4.0,-4.5,-3.1,-0.2,23.0,34.7,56.6,13.4,0.0,0.4,25.3,13.5,65.1,,,OBAnorm,,LD831_02097v2.403,,,,0,0
DENATRLA,2025-06-23 23:07:52.000,36.1,36.8,29.5,24.0,20.9,20.6,17.9,14.0,9.4,9.4,11.3,13.3,15.2,15.8,17.8,15.9,15.4,15.8,15.2,13.0,10.7,8.2,9.9,11.6,11.6,1.0,-3.0,-3.9,-3.9,-4.0,-4.5,-3.1,0.0,23.0,34.4,52.8,13.4,0.0,0.4,25.2,13.5,64.6,,,OBAnorm,,LD831_02097v2.403,,,,0,0
DENATRLA,2025-06-23 23:07:53.000,33.2,32.2,30.5,27.5,23.4,17.7,11.7,12.0,6.7,8.8,11.8,13.9,15.8,16.2,17.0,16.3,15.3,16.0,15.0,13.0,10.7,7.3,4.0,1.4,-0.4,-2.7,-3.8,-3.8,-3.8,-3.9,-4.4,-3.2,-0.2,21.7,30.8,53.1,13.4,0.0,0.4,25.3,13.5,64.6,,,OBAnorm,,LD831_02097v2.403,,,,0,0
DENATRLA,2025-06-23 23:07:54.000,35.5,30.5,27.1,23.9,17.2,15.7,12.3,12.6,9.1,7.4,11.8,14.5,17.0,17.0,16.7,16.9,16.0,15.0,14.2,12.3,9.9,8.0,5.4,8.0,12.5,-2.6,-4.0,-3.9,-3.8,-4.0,-4.4,-3.1,-0.2,22.5,31.3,49.9,13.4,0.0,0.4,25.3,13.5,64.6,,,OBAnorm,,LD831_02097v2.403,,,,0,0
DENATRLA,2025-06-23 23:07:55.000,35.8,27.6,23.4,21.3,18.9,18.0,15.1,9.2,7.3,7.3,12.3,14.0,17.2,16.6,15.8,17.0,14.8,14.9,13.0,12.3,10.0,11.7,9.1,11.5,13.5,4.3,-3.8,-3.8,-3.8,-3.9,-4.5,-3.2,-0.2,23.1,30.2,50.4,13.4,0.0,0.4,25.2,13.5,64.6,,,OBAnorm,,LD831_02097v2.403,,,,0,0
DENATRLA,2025-06-23 23:07:56.000,33.1,26.8,23.7,20.8,17.4,16.6,14.7,10.3,6.3,6.9,12.7,16.0,16.2,16.8,17.4,16.3,16.0,15.7,14.6,12.6,10.5,8.1,5.0,7.4,7.3,1.4,-2.9,-3.8,-3.8,-4.0,-4.4,-3.2,-0.2,22.2,34.5,56.2,13.4,0.0,0.4,25.2,13.5,64.6,,,OBAnorm,,LD831_02097v2.403,,,,0,0
DENATRLA,2025-06-23 23:07:57.000,28.7,24.1,26.0,21.2,22.8,21.5,15.1,15.6,10.5,9.5,11.3,15.3,16.5,17.1,16.8,16.8,15.1,14.8,14.4,12.9,10.1,6.9,3.5,1.0,-1.3,-2.9,-4.0,-3.9,-3.8,-4.0,-4.4,-3.0,-0.1,21.5,40.0,56.6,13.4,0.0,0.4,25.2,13.5,64.6,,,OBAnorm,,LD831_02097v2.403,,,,0,0
DENATRLA,2025-06-23 23:07:58.000,32.6,34.7,34.1,29.4,25.1,20.7,22.9,18.5,12.2,5.9,11.7,14.3,15.6,16.3,16.6,16.2,15.3,15.0,13.7,12.8,10.0,7.1,3.7,3.4,2.7,-2.8,-4.0,-3.9,-3.9,-3.9,-4.4,-3.3,-0.1,21.4,34.7,56.9,13.4,0.0,0.4,25.2,13.5,64.6,,,OBAnorm,,LD831_02097v2.403,,,,0,0
DENATRLA,2025-06-23 23:07:59.000,41.4,40.7,32.8,26.5,24.2,19.8,17.7,13.8,9.6,8.6,11.5,13.3,13.9,16.3,17.0,16.2,15.8,15.2,14.0,12.9,10.3,10.3,9.1,10.4,5.6,5.0,-3.9,-3.9,-3.8,-3.9,-4.4,-3.1,-0.2,22.5,36.0,57.8,13.4,0.0,0.4,25.2,13.5,64.6,,,OBAnorm,,LD831_02097v2.403,,,,0,0
DENATRLA,2025-06-23 23:08:00.000,38.4,35.8,34.4,30.4,25.6,22.4,17.0,12.5,8.6,8.1,12.1,14.4,14.9,15.8,17.3,15.8,15.7,15.5,14.4,13.0,10.3,8.4,7.2,8.4,10.3,1.7,-0.3,-3.8,-3.8,-3.8,-4.4,-3.1,-0.1,22.4,29.7,49.0,13.4,0.0,0.4,25.2,13.5,64.6,,,OBAnorm,,LD831_02097v2.403,,,,0,0
DENATRLA,2025-06-23 23:08:01.000,37.0,36.3,29.3,22.6,21.1,16.3,12.9,11.4,8.8,7.1,9.6,14.8,15.3,17.5,17.3,16.8,15.8,15.6,14.4,13.1,10.6,8.7,5.5,11.4,5.5,-1.8,-4.0,-3.9,-3.8,-3.9,-4.3,-3.2,-0.1,22.6,29.4,48.2,13.4,0.0,0.4,25.2,13.5,64.6,,,OBAnorm,,LD831_02097v2.403,,,,0,0
DENATRLA,2025-06-23 23:08:02.000,34.1,26.5,21.9,20.5,17.1,17.1,16.1,12.9,8.1,9.2,13.5,15.2,15.5,17.6,18.6,16.6,16.2,16.7,14.9,13.1,10.5,8.0,5.7,6.5,5.6,0.7,-3.8,-3.8,-3.8,-4.0,-4.4,-3.1,-0.1,22.4,35.5,52.0,13.4,0.0,0.4,25.2,13.5,64.6,,,OBAnorm,,LD831_02097v2.403,,,,0,0
DENATRLA,2025-06-23 23:08:03.000,25.6,23.2,26.8,24.6,24.4,21.3,23.8,19.1,11.4,10.1,11.5,14.6,16.4,17.8,18.2,16.7,15.7,16.4,14.2,12.8,10.4,7.3,4.0,2.4,-0.4,-1.9,-3.9,-3.9,-3.8,-3.9,-4.4,-3.1,-0.1,21.9,35.3,54.2,13.4,0.0,0.4,25.2,13.5,64.0,,,OBAnorm,,LD831_02097v2.403,,,,0,0
DENATRLA,2025-06-23 23:08:04.000,31.5,31.0,33.4,31.6,24.4,23.3,16.7,12.3,10.5,9.7,12.3,13.6,14.9,15.9,17.6,16.6,15.7,16.0,14.5,13.1,10.8,9.1,6.9,5.4,-0.8,-2.7,-4.0,-3.8,-3.8,-3.9,-4.5,-3.1,-0.2,22.2,31.0,52.7,13.4,0.0,0.4,25.2,13.5,64.0,,,OBAnorm,,LD831_02097v2.403,,,,0,0
DENATRLA,2025-06-23 23:08:05.000,39.6,35.6,27.8,23.4,17.9,15.8,16.2,11.1,8.3,7.9,12.1,14.8,16.4,17.4,17.7,16.5,15.8,16.6,14.7,13.5,10.6,9.9,9.5,12.3,10.4,3.4,-3.1,-3.9,-3.8,-4.0,-4.5,-3.3,-0.2,23.3,33.0,52.2,13.4,0.0,0.4,25.2,13.5,64.0,,,OBAnorm,,LD831_02097v2.403,,,,0,0
DENATRLA,2025-06-23 23:08:06.000,38.0,29.4,27.0,22.8,18.3,17.0,13.7,12.4,10.2,9.4,10.4,14.9,16.4,16.9,18.9,16.7,16.0,16.6,15.3,13.3,11.2,8.7,7.7,6.4,5.7,0.5,-2.9,-3.9,-3.9,-3.9,-4.5,-3.3,-0.1,22.8,33.2,55.4,13.4,0.0,0.4,25.2,13.5,64.0,,,OBAnorm,,LD831_02097v2.403,,,,0,0
DENATRLA,2025-06-23 23:08:07.000,34.4,29.7,30.4,24.2,21.4,18.4,14.3,12.6,10.2,9.6,11.6,13.7,15.8,16.4,17.5,16.9,17.0,16.9,16.3,13.3,10.9,8.7,6.5,5.2,10.0,2.5,-3.7,-3.8,-3.8,-3.9,-4.4,-3.1,-0.1,23.1,39.6,61.3,13.4,0.0,0.4,25.2,13.5,64.0,,,OBAnorm,,LD831_02097v2.403,,,,0,0
DENATRLA,2025-06-23 23:08:08.000,36.0,33.0,33.3,27.0,27.3,24.7,18.7,14.8,11.4,10.2,10.9,14.5,17.2,19.0,18.3,17.0,16.3,16.6,15.9,13.7,11.2,8.1,4.8,2.8,7.0,9.3,6.1,-3.6,-3.8,-4.0,-4.4,-3.2,-0.2,23.1,37.6,54.2,13.4,0.0,0.4,25.2,13.5,65.1,,,OBAnorm,,LD831_02097v2.403,,,,0,0
DENATRLA,2025-06-23 23:08:09.000,36.2,36.3,35.0,33.6,26.1,27.7,20.9,17.4,14.3,10.6,14.4,14.3,15.4,17.7,17.8,18.0,16.8,17.3,15.3,14.2,12.2,9.3,12.7,12.4,8.4,3.2,-3.3,-3.9,-3.8,-3.9,-4.4,-3.2,-0.2,24.1,42.9,59.1,13.4,0.0,0.3,25.2,13.5,66.8,,,OBAnorm,,LD831_02097v2.403,,,,0,0
DENATRLA,2025-06-23 23:08:10.000,40.5,36.4,37.4,33.1,33.1,31.9,27.2,21.9,18.1,13.5,14.8,14.5,16.5,17.5,17.5,17.5,16.8,16.3,16.5,13.6,12.4,9.3,10.1,9.6,10.3,2.2,-3.1,-3.4,-3.8,-3.9,-4.4,-3.2,-0.1,23.7,43.9,63.6,13.4,0.0,0.3,25.2,13.5,66.8,,,OBAnorm,,LD831_02097v2.403,,,,0,0
DENATRLA,2025-06-23 23:08:11.000,40.9,43.6,38.7,39.4,35.2,33.5,28.8,24.1,22.8,15.0,13.3,14.6,17.3,17.2,17.9,17.1,16.4,16.7,15.5,13.5,11.0,8.0,4.9,2.3,0.8,-1.9,-3.7,-3.8,-3.8,-3.9,-4.4,-3.1,-0.2,22.5,35.6,57.7,13.4,0.0,0.3,25.2,13.5,66.8,,,OBAnorm,,LD831_02097v2.403,,,,0,0
DENATRLA,2025-06-23 23:08:12.000,48.6,43.3,39.9,38.2,26.2,21.6,21.1,19.0,13.2,11.8,12.4,14.4,16.4,17.6,17.5,16.7,16.0,16.2,15.6,13.4,11.8,8.1,5.7,2.3,0.3,-1.3,-3.5,-3.6,-3.7,-3.7,-4.4,-3.1,-0.1,22.5,38.3,56.1,13.4,0.3,0.4,25.2,13.5,66.8,,,OBAnorm,,LD831_02097v2.403,,,,0,0
DENATRLA,2025-06-23 23:08:13.000,41.2,38.3,30.7,29.3,30.2,27.5,27.7,22.7,20.8,13.4,14.7,15.5,16.5,17.0,16.9,16.5,16.2,16.4,15.3,14.1,12.4,8.8,6.1,6.5,4.1,-0.7,-2.6,-3.7,-3.6,-3.7,-4.3,-3.2,-0.2,22.8,39.9,59.3,13.4,0.6,0.3,25.2,13.5,66.8,,,OBAnorm,,LD831_02097v2.403,,,,0,0
DENATRLA,2025-06-23 23:08:14.000,40.5,38.9,36.1,33.6,32.8,27.5,20.4,16.9,11.4,9.4,13.5,16.3,15.6,16.6,18.0,17.2,16.1,16.7,15.3,14.6,11.7,11.8,8.6,10.5,7.9,3.4,-3.6,-3.9,-3.8,-3.9,-4.4,-3.1,-0.1,23.5,34.7,57.0,13.4,0.5,0.3,25.3,13.5,67.4,,,OBAnorm,,LD831_02097v2.403,,,,0,0
DENATRLA,2025-06-23 23:08:15.000,41.6,37.6,27.6,23.8,24.6,21.7,19.6,16.8,12.0,12.1,13.4,15.5,16.5,17.9,17.1,17.9,16.8,16.4,16.1,14.2,12.4,9.7,12.6,14.2,11.7,1.3,-2.9,-3.4,-3.6,-3.7,-4.2,-3.1,-0.3,24.3,39.4,61.3,13.4,0.4,0.4,25.2,13.5,66.3,,,OBAnorm,,LD831_02097v2.403,,,,0,0
DENATRLA,2025-06-23 23:08:16.000,39.0,28.8,28.2,32.3,26.3,25.1,22.8,22.4,22.1,18.8,16.6,16.2,17.3,16.9,17.7,17.2,16.3,16.5,15.0,14.2,12.2,9.0,8.3,11.9,11.0,1.9,-3.4,-3.9,-3.8,-3.9,-4.4,-3.2,-0.2,23.5,37.8,58.7,13.4,0.4,0.3,25.2,13.5,66.8,,,OBAnorm,,LD831_02097v2.403,,,,0,0
DENATRLA,2025-06-23 23:08:17.000,37.6,37.5,34.4,30.0,30.0,25.0,21.9,16.6,13.7,12.7,12.2,15.4,17.2,17.7,16.8,16.1,16.0,16.0,14.8,13.5,11.3,8.8,5.9,3.0,0.9,-1.2,-3.7,-3.8,-3.7,-3.8,-4.4,-3.1,-0.2,22.2,36.2,55.7,13.4,0.4,0.3,25.2,13.5,68.0,,,OBAnorm,,LD831_02097v2.403,,,,0,0
DENATRLA,2025-06-23 23:08:18.000,41.1,37.1,32.9,28.8,26.9,22.7,18.6,21.6,15.9,11.9,13.6,15.3,16.5,16.7,17.5,16.9,16.0,15.9,14.8,13.6,11.2,8.4,5.9,4.0,0.2,-1.9,-3.0,-3.4,-3.5,-3.5,-4.1,-3.0,0.0,22.2,34.1,57.2,13.4,0.4,0.3,25.2,13.5,68.0,,,OBAnorm,,LD831_02097v2.403,,,,0,0
DENATRLA,2025-06-23 23:08:19.000,39.5,34.0,29.9,23.6,21.0,20.2,17.4,16.3,9.8,11.1,14.4,15.7,16.9,17.7,17.5,17.9,15.8,15.5,14.9,12.7,10.9,9.2,9.2,8.8,5.5,5.0,-3.7,-3.8,-3.6,-3.8,-4.4,-3.1,0.0,22.6,36.0,57.3,13.4,0.4,0.3,25.2,13.5,68.0,,,OBAnorm,,LD831_02097v2.403,,,,0,0
DENATRLA,2025-06-23 23:08:20.000,34.3,34.8,30.4,26.2,21.8,21.2,18.0,13.2,10.5,11.7,15.7,15.8,15.9,16.5,17.8,18.0,15.8,16.7,15.3,14.0,11.4,9.1,9.1,8.1,5.8,1.6,-1.6,-3.7,-3.7,-3.8,-4.3,-3.1,-0.2,23.0,32.1,49.1,13.4,0.4,0.3,25.2,13.5,68.0,,,OBAnorm,,LD831_02097v2.403,,,,0,0
DENATRLA,2025-06-23 23:08:21.000,34.3,28.9,31.1,24.7,19.4,17.3,16.4,15.1,10.8,11.2,14.7,15.7,16.2,16.2,17.0,16.8,15.3,16.2,15.2,13.7,11.2,12.6,14.7,18.4,14.6,2.9,-3.7,-3.8,-3.8,-3.7,-4.4,-3.2,-0.2,25.4,30.0,51.1,13.4,0.4,0.3,25.2,13.5,68.0,,,OBAnorm,,LD831_02097v2.403,,,,0,0
DENATRLA,2025-06-23 23:08:22.000,37.4,31.1,20.1,21.9,17.8,15.7,16.3,12.1,9.8,10.2,13.1,15.6,14.7,17.4,16.8,17.3,16.0,15.8,15.4,14.0,11.1,10.1,9.4,17.1,13.8,3.7,-1.9,-3.6,-3.4,-3.6,-4.0,-3.1,-0.1,24.4,29.1,42.0,13.4,0.4,0.3,25.2,13.5,68.0,,,OBAnorm,,LD831_02097v2.403,,,,0,0
DENATRLA,2025-06-23 23:08:23.000,27.0,23.9,22.0,18.1,16.4,16.4,15.6,14.0,9.2,10.0,14.5,14.8,15.8,16.5,17.8,17.0,15.9,15.7,15.2,13.8,11.7,9.7,5.6,3.5,2.2,-2.3,-3.9,-3.8,-3.8,-3.9,-4.4,-3.2,-0.1,22.4,29.7,50.6,13.4,0.4,0.3,25.2,13.5,68.0,,,OBAnorm,,LD831_02097v2.403,,,,0,0
DENATRLA,2025-06-23 23:08:24.000,29.2,22.5,22.4,14.1,17.4,16.4,14.4,12.2,8.9,7.8,11.8,14.2,14.8,17.3,16.5,15.9,15.8,16.0,15.2,13.1,11.3,10.0,9.6,8.9,4.8,-2.7,-3.8,-3.8,-3.8,-3.9,-4.4,-3.2,-0.2,22.6,32.6,51.8,13.4,0.2,0.3,25.2,13.5,68.0,,,OBAnorm,,LD831_02097v2.403,,,,0,0
DENATRLA,2025-06-23 23:08:25.000,29.7,20.8,27.7,19.4,18.7,14.6,13.5,11.0,7.3,9.0,12.6,13.1,15.0,16.6,18.0,16.7,15.1,15.6,14.9,13.0,10.8,8.9,8.4,9.2,9.6,5.5,-2.7,-3.8,-3.8,-3.8,-4.4,-3.1,-0.1,22.6,31.4,55.1,13.4,0.0,0.3,25.2,13.5,68.0,,,OBAnorm,,LD831_02097v2.403,,,,0,0
DENATRLA,2025-06-23 23:08:26.000,37.3,26.5,26.6,20.7,17.1,12.9,15.5,12.1,9.1,9.1,12.7,13.7,15.8,16.2,16.5,14.8,15.4,15.0,14.4,13.0,9.8,9.3,9.7,10.3,9.3,5.3,-3.7,-3.8,-3.8,-3.9,-4.4,-3.2,-0.1,22.4,28.8,47.3,13.4,0.0,0.3,25.2,13.5,68.0,,,OBAnorm,,LD831_02097v2.403,,,,0,0
DENATRLA,2025-06-23 23:08:27.000,31.1,28.9,23.7,17.5,17.2,13.4,12.5,11.2,7.9,6.5,10.3,13.4,15.5,14.7,16.6,15.8,15.3,15.7,13.9,13.7,10.2,8.5,7.1,9.7,10.8,0.4,-3.8,-3.8,-3.7,-3.9,-4.5,-3.2,-0.2,22.4,28.1,46.3,13.4,0.0,0.3,25.2,13.5,68.0,,,OBAnorm,,LD831_02097v2.403,,,,0,0
DENATRLA,2025-06-23 23:08:28.000,29.0,24.3,21.1,16.6,17.0,14.9,12.0,12.1,8.9,8.1,9.7,13.2,16.2,15.9,15.7,16.1,14.5,15.2,13.6,12.4,10.1,7.3,4.4,2.9,1.6,-0.2,-3.9,-3.8,-3.8,-4.0,-4.5,-3.3,-0.2,21.2,28.0,43.8,13.4,0.0,0.3,25.2,13.5,68.0,,,OBAnorm,,LD831_02097v2.403,,,,0,0
DENATRLA,2025-06-23 23:08:29.000,27.4,24.2,19.5,18.4,17.1,11.9,12.6,8.6,5.5,6.9,10.3,14.0,14.9,15.8,16.6,15.5,15.6,15.0,13.6,12.2,9.5,6.4,3.7,2.6,1.7,-3.0,-3.9,-3.9,-3.8,-3.9,-4.5,-3.1,-0.1,21.0,28.6,47.3,13.4,0.0,0.3,25.2,13.5,68.0,,,OBAnorm,,LD831_02097v2.403,,,,0,0
DENATRLA,2025-06-23 23:08:30.000,26.7,26.3,20.5,20.9,17.9,14.5,14.1,11.0,9.6,9.1,10.4,13.3,15.1,16.9,17.0,15.4,15.3,14.9,13.2,12.9,10.4,9.1,10.3,10.2,10.2,0.5,-3.9,-3.9,-3.8,-3.9,-4.5,-3.3,0.0,22.4,29.1,49.1,13.4,0.0,0.3,25.2,13.5,68.0,,,OBAnorm,,LD831_02097v2.403,,,,0,0
DENATRLA,2025-06-23 23:08:31.000,23.5,23.2,21.5,17.3,16.8,16.5,16.1,11.1,9.3,6.6,9.7,13.5,14.8,16.3,16.5,15.0,14.9,15.2,13.0,12.2,10.0,7.7,5.2,4.6,6.8,-0.2,-2.5,-3.9,-3.9,-3.9,-4.4,-3.3,-0.2,21.3,32.3,51.2,13.4,0.0,0.3,25.2,13.5,68.0,,,OBAnorm,,LD831_02097v2.403,,,,0,0
DENATRLA,2025-06-23 23:08:32.000,26.5,25.9,26.6,25.3,20.8,17.9,16.4,13.4,8.3,7.5,9.9,12.3,15.1,16.5,16.0,15.2,14.4,14.3,13.9,12.4,10.2,9.2,7.0,9.3,9.7,0.3,-4.0,-3.9,-3.8,-4.0,-4.5,-3.2,-0.2,21.8,31.7,54.0,13.4,0.0,0.3,25.2,13.5,68.0,,,OBAnorm,,LD831_02097v2.403,,,,0,0
DENATRLA,2025-06-23 23:08:33.000,29.6,31.7,27.8,21.5,20.9,19.3,15.8,11.3,7.6,5.9,11.8,13.6,13.8,16.4,15.7,15.3,15.4,14.6,14.0,12.2,9.9,7.2,5.3,4.3,4.3,0.1,-3.9,-3.9,-3.8,-4.0,-4.5,-3.1,-0.1,21.2,30.0,48.4,13.4,0.0,0.3,25.2,13.5,68.0,,,OBAnorm,,LD831_02097v2.403,,,,0,0
DENATRLA,2025-06-23 23:08:34.000,33.6,33.8,25.6,23.2,20.0,14.0,12.8,11.3,6.7,6.8,10.4,12.9,13.2,15.1,16.5,14.8,15.0,14.1,13.3,12.2,10.3,7.5,4.2,3.4,7.7,-3.4,-4.0,-3.9,-3.8,-4.0,-4.4,-3.1,-0.1,21.1,32.2,56.7,13.4,0.0,0.3,25.2,13.5,68.0,,,OBAnorm,,LD831_02097v2.403,,,,0,0
DENATRLA,2025-06-23 23:08:35.000,32.7,27.0,25.4,22.8,18.7,18.4,9.5,10.1,6.8,7.5,9.6,11.2,15.2,16.0,16.8,14.6,16.1,14.8,14.5,14.5,12.0,10.5,11.2,11.1,4.0,2.1,-3.9,-3.9,-3.8,-4.0,-4.4,-3.3,-0.2,22.9,31.1,51.8,13.4,0.0,0.3,25.2,13.5,68.0,,,OBAnorm,,LD831_02097v2.403,,,,0,0
DENATRLA,2025-06-23 23:08:36.000,28.4,26.0,25.5,23.2,18.2,12.6,10.5,9.7,7.1,7.1,10.0,12.9,14.4,14.7,15.8,15.2,14.4,15.4,14.3,14.2,11.7,9.1,9.3,12.0,10.9,6.8,-2.7,-3.9,-3.8,-4.0,-4.4,-3.2,-0.3,22.9,28.2,48.5,13.4,0.0,0.3,25.2,13.5,68.0,,,OBAnorm,,LD831_02097v2.403,,,,0,0
DENATRLA,2025-06-23 23:08:37.000,30.8,28.3,21.4,19.0,13.5,12.3,13.9,11.1,6.2,7.7,8.5,12.9,14.6,16.4,15.9,14.2,13.3,15.0,13.7,12.5,9.8,7.6,4.3,3.0,5.9,6.5,-3.8,-3.9,-3.8,-4.0,-4.4,-3.2,-0.2,21.2,26.8,38.2,13.4,0.0,0.3,25.2,13.5,68.0,,,OBAnorm,,LD831_02097v2.403,,,,0,0
DENATRLA,2025-06-23 23:08:38.000,27.1,27.8,20.1,16.1,14.3,14.2,11.1,10.6,6.3,6.9,11.6,12.3,14.3,14.2,15.5,14.3,13.9,13.8,13.2,12.7,10.1,7.9,7.4,11.0,6.6,-0.4,-3.9,-3.8,-3.8,-4.0,-4.4,-3.1,-0.1,21.4,26.1,38.4,13.4,0.0,0.3,25.2,13.5,68.0,,,OBAnorm,,LD831_02097v2.403,,,,0,0
DENATRLA,2025-06-23 23:08:39.000,23.3,24.4,18.2,14.9,16.2,12.0,14.3,10.5,7.5,6.0,10.2,13.0,14.4,15.8,16.1,14.4,14.3,14.1,13.4,11.8,9.7,7.1,4.4,3.3,4.1,-0.4,-3.7,-3.7,-3.8,-3.9,-4.4,-3.2,-0.2,20.7,26.2,37.9,13.4,0.0,0.3,25.2,13.5,68.0,,,OBAnorm,,LD831_02097v2.403,,,,0,0
DENATRLA,2025-06-23 23:08:40.000,21.9,17.4,17.9,16.4,12.1,13.4,10.2,11.3,5.0,7.5,10.6,11.6,13.7,15.1,14.9,15.0,14.2,14.4,12.9,12.3,10.1,7.8,6.7,6.7,-1.7,-3.5,-3.9,-3.8,-3.8,-3.9,-4.4,-3.2,-0.2,21.0,25.9,35.1,13.4,0.0,0.3,25.2,13.6,68.0,,,OBAnorm,,LD831_02097v2.403,,,,0,0
DENATRLA,2025-06-23 23:08:41.000,16.7,23.9,18.2,16.8,13.1,13.9,13.4,8.3,6.3,6.4,8.3,11.6,13.7,14.4,15.2,14.8,13.4,14.4,13.1,11.7,9.2,9.3,9.6,11.9,10.5,2.2,-3.0,-3.9,-3.8,-3.9,-4.4,-3.2,-0.1,22.0,26.6,39.1,13.4,0.0,0.3,25.2,13.6,67.4,,,OBAnorm,,LD831_02097v2.403,,,,0,0
DENATRLA,2025-06-23 23:08:42.000,22.4,21.5,15.9,15.7,13.3,14.2,13.3,10.5,6.4,6.0,10.2,12.4,13.1,14.7,14.8,14.0,14.0,13.7,13.1,11.4,9.0,7.6,6.0,6.0,6.5,0.1,-3.5,-3.8,-3.8,-3.9,-4.4,-3.2,-0.1,20.6,26.1,41.8,13.4,0.0,0.3,25.2,13.6,67.4,,,OBAnorm,,LD831_02097v2.403,,,,0,0
DENATRLA,2025-06-23 23:08:43.000,24.0,24.1,18.3,14.4,12.7,14.6,12.6,10.0,4.6,5.8,8.6,11.8,13.6,14.9,15.0,13.7,13.5,13.4,12.6,11.3,8.6,6.2,6.3,3.7,-0.6,-2.8,-3.4,-3.7,-3.7,-3.8,-4.3,-3.2,-0.2,19.9,26.1,45.5,13.4,0.0,0.3,25.2,13.6,67.4,,,OBAnorm,,LD831_02097v2.403,,,,0,0
DENATRLA,2025-06-23 23:08:44.000,19.9,24.6,16.6,17.4,13.9,10.7,10.2,10.4,6.7,5.5,9.8,11.9,13.4,15.0,15.6,14.2,13.6,13.8,12.3,10.9,8.5,6.4,6.6,8.9,6.4,-2.0,-3.7,-3.8,-3.8,-3.9,-4.4,-3.1,-0.2,20.6,27.3,45.6,13.4,0.0,0.3,25.2,13.6,67.4,,,OBAnorm,,LD831_02097v2.403,,,,0,0
DENATRLA,2025-06-23 23:08:45.000,23.8,21.5,17.0,18.2,14.2,12.3,13.6,7.9,4.0,4.5,6.9,11.9,13.6,13.3,14.7,14.8,14.1,13.8,12.5,10.4,7.7,4.9,2.6,0.6,-1.8,-3.7,-4.0,-3.9,-3.8,-3.8,-4.3,-3.1,-0.1,19.7,27.0,44.3,13.4,0.0,0.3,25.2,13.6,67.4,,,OBAnorm,,LD831_02097v2.403,,,,0,0
DENATRLA,2025-06-23 23:08:46.000,23.9,25.2,22.1,16.8,13.5,14.2,12.5,10.9,5.8,7.6,8.4,10.7,13.4,15.9,15.3,14.5,14.0,13.3,13.0,10.8,8.6,5.6,2.0,-0.6,6.0,-3.9,-4.0,-3.9,-3.8,-4.0,-4.5,-3.3,-0.1,20.1,26.4,43.6,13.4,0.0,0.3,25.2,13.6,67.4,,,OBAnorm,,LD831_02097v2.403,,,,0,0
DENATRLA,2025-06-23 23:08:47.000,23.8,27.7,19.2,19.8,13.9,13.8,11.3,8.4,4.9,6.4,8.6,11.5,14.1,14.7,16.1,15.4,13.4,13.6,12.8,11.2,8.8,7.9,11.6,14.2,18.6,0.6,-4.0,-3.9,-3.8,-4.0,-4.4,-3.4,-0.2,24.0,27.3,44.5,13.4,0.0,0.3,25.2,13.6,67.4,,,OBAnorm,,LD831_02097v2.403,,,,0,0
DENATRLA,2025-06-23 23:08:48.000,25.3,21.8,18.8,14.0,13.6,11.4,12.0,9.2,7.1,6.1,8.2,12.2,12.3,14.9,15.7,14.7,13.5,13.5,13.0,10.8,8.4,5.3,3.2,13.2,16.7,-0.1,-2.0,-3.8,-3.8,-3.9,-4.5,-3.2,-0.2,22.6,27.0,42.2,13.4,0.0,0.3,25.2,13.6,67.4,,,OBAnorm,,LD831_02097v2.403,,,,0,0
DENATRLA,2025-06-23 23:08:49.000,23.3,23.1,18.5,18.3,12.4,12.1,10.1,8.9,5.8,5.3,8.3,9.4,13.3,14.2,15.3,15.2,13.4,12.9,12.7,10.6,8.3,6.9,5.4,8.2,1.1,-3.9,-4.0,-3.9,-3.9,-4.0,-4.4,-3.2,-0.3,20.3,26.0,40.6,13.4,0.0,0.3,25.2,13.6,67.4,,,OBAnorm,,LD831_02097v2.403,,,,0,0
DENATRLA,2025-06-23 23:08:50.000,24.5,23.5,21.2,17.4,12.9,11.0,9.5,8.7,4.1,4.8,8.8,11.8,13.4,14.8,15.0,14.2,13.9,13.7,12.3,11.6,8.2,7.8,7.0,10.0,5.9,0.0,-3.9,-3.9,-3.9,-4.0,-4.4,-3.1,-0.1,20.7,26.3,43.6,13.4,0.0,0.3,25.2,13.6,67.4,,,OBAnorm,,LD831_02097v2.403,,,,0,0
DENATRLA,2025-06-23 23:08:51.000,27.1,18.2,19.6,16.0,13.3,11.8,8.9,8.4,4.5,5.6,7.5,11.9,13.3,14.6,16.1,14.4,13.7,13.4,12.2,10.5,7.8,5.3,1.8,0.6,7.5,-4.0,-4.0,-3.9,-3.8,-3.9,-4.4,-3.2,-0.1,20.0,26.3,44.9,13.4,0.0,0.3,25.2,13.6,67.4,,,OBAnorm,,LD831_02097v2.403,,,,0,0
DENATRLA,2025-06-23 23:08:52.000,25.8,23.7,18.6,15.0,10.1,12.0,10.2,9.5,5.1,4.2,9.6,11.5,12.9,15.4,18.6,15.3,13.9,13.6,12.1,10.5,8.2,12.3,9.8,12.4,6.6,1.0,-4.0,-3.9,-3.8,-4.0,-4.4,-3.2,-0.1,22.2,27.2,39.1,13.4,0.0,0.3,25.2,13.6,67.4,,,OBAnorm,,LD831_02097v2.403,,,,0,0
DENATRLA,2025-06-23 23:08:53.000,15.3,24.6,21.7,16.6,14.2,10.1,11.3,6.9,5.4,5.9,7.6,12.0,12.3,14.8,18.9,14.7,14.5,14.0,12.3,10.8,8.5,11.0,9.0,14.1,12.7,7.8,-2.5,-3.9,-3.8,-4.0,-4.5,-3.2,-0.1,22.7,27.6,42.5,13.4,0.0,0.3,25.2,13.6,67.4,,,OBAnorm,,LD831_02097v2.403,,,,0,0
DENATRLA,2025-06-23 23:08:54.000,25.8,24.2,21.8,17.5,14.9,13.3,11.8,8.1,5.7,5.2,9.1,11.3,14.2,16.8,17.1,15.2,14.4,13.1,11.9,9.8,7.5,4.4,1.4,-0.3,-1.4,-2.9,-4.0,-3.9,-3.8,-4.0,-4.4,-3.1,-0.1,19.8,27.3,40.0,13.4,0.0,0.3,25.2,13.6,67.4,,,OBAnorm,,LD831_02097v2.403,,,,0,0
DENATRLA,2025-06-23 23:08:55.000,29.5,21.6,18.5,16.6,14.4,14.1,11.7,9.2,5.3,11.3,10.4,12.1,13.7,14.6,16.0,15.2,12.8,13.1,11.9,10.4,8.0,8.0,4.5,5.8,6.1,-2.7,-4.0,-3.8,-3.8,-4.0,-4.5,-3.2,-0.1,20.2,26.8,45.0,13.4,0.0,0.3,25.2,13.6,67.4,,,OBAnorm,,LD831_02097v2.403,,,,0,0
DENATRLA,2025-06-23 23:08:56.000,27.6,27.5,15.9,16.2,10.2,8.7,10.3,8.7,2.5,4.5,9.3,13.2,12.9,15.1,16.7,14.4,13.6,13.6,12.6,10.8,8.3,6.5,4.7,7.2,6.4,1.0,-3.9,-3.8,-3.8,-3.9,-4.5,-3.3,-0.1,20.4,25.9,40.8,13.4,0.0,0.3,25.2,13.6,67.4,,,OBAnorm,,LD831_02097v2.403,,,,0,0
DENATRLA,2025-06-23 23:08:57.000,25.8,24.6,21.2,15.1,12.7,11.4,10.1,8.5,6.6,4.9,8.9,12.3,13.0,15.1,15.2,14.7,13.9,13.3,12.0,10.5,7.9,4.8,1.7,-0.1,-2.5,-4.0,-4.0,-3.9,-3.9,-4.0,-4.4,-3.2,-0.2,19.7,26.9,43.2,13.4,0.0,0.3,25.2,13.6,68.0,,,OBAnorm,,LD831_02097v2.403,,,,0,0
DENATRLA,2025-06-23 23:08:58.000,25.8,23.1,21.7,17.2,12.7,11.7,8.5,7.6,7.3,5.9,8.1,12.3,13.0,14.5,16.4,15.7,14.2,13.2,12.2,10.8,8.3,8.8,10.9,11.6,1.4,-4.1,-4.0,-3.8,-3.7,-3.9,-4.4,-3.1,-0.3,21.5,27.2,46.9,13.4,0.0,0.3,25.2,13.6,68.0,,,OBAnorm,,LD831_02097v2.403,,,,0,0
DENATRLA,2025-06-23 23:08:59.000,22.8,24.4,21.2,17.9,14.7,10.3,9.4,6.7,5.1,6.1,7.7,10.9,14.0,14.5,15.9,13.9,13.7,13.6,12.4,11.0,8.5,10.6,13.5,17.2,12.2,9.3,0.9,-3.3,-3.8,-4.0,-4.5,-3.2,-0.1,23.6,27.0,39.6,13.4,0.0,0.3,25.2,13.5,68.0,,,OBAnorm,,LD831_02097v2.403,,,,0,0
DENATRLA,2025-06-23 23:09:00.000,24.4,26.7,19.4,17.1,14.5,9.0,6.8,7.6,4.8,4.7,6.3,11.8,13.1,14.1,15.4,14.1,14.4,13.5,12.7,10.1,8.4,8.7,7.7,10.0,10.7,0.2,-3.9,-3.9,-3.8,-4.0,-4.4,-3.3,-0.2,21.2,26.2,40.9,13.4,0.0,0.3,25.2,13.5,68.0,,,OBAnorm,,LD831_02097v2.403,,,,0,0
DENATRLA,2025-06-23 23:09:01.000,27.5,23.7,19.1,15.5,15.2,9.7,9.8,7.4,5.1,7.3,8.8,10.4,11.7,14.6,15.6,14.4,14.4,13.4,11.9,10.5,8.3,5.3,4.0,4.5,4.1,-0.2,-3.4,-3.8,-3.8,-3.9,-4.4,-3.0,-0.2,19.8,26.2,42.8,13.4,0.0,0.3,25.2,13.6,68.6,,,OBAnorm,,LD831_02097v2.403,,,,0,0
DENATRLA,2025-06-23 23:09:02.000,25.7,22.4,18.3,17.4,12.7,11.3,9.3,9.2,4.5,5.9,8.3,10.6,13.0,14.1,14.8,14.5,14.2,13.7,11.8,10.4,8.0,5.7,3.4,2.7,4.1,4.1,0.2,-3.9,-3.9,-4.0,-4.4,-3.1,-0.2,19.9,26.3,41.8,13.4,0.0,0.3,25.2,13.5,68.5,,,OBAnorm,,LD831_02097v2.403,,,,0,0
DENATRLA,2025-06-23 23:09:03.000,23.1,24.3,18.5,17.8,12.9,9.7,8.3,8.7,5.7,5.8,8.4,12.3,14.8,14.3,14.9,13.9,13.1,13.1,12.1,10.5,8.0,7.5,8.2,11.9,6.8,-2.2,-4.0,-3.9,-3.8,-4.0,-4.5,-3.2,-0.1,21.0,26.6,36.6,13.4,0.0,0.3,25.2,13.5,68.5,,,OBAnorm,,LD831_02097v2.403,,,,0,0
DENATRLA,2025-06-23 23:09:04.000,27.7,27.6,20.9,20.4,11.4,11.1,9.6,6.5,5.0,6.2,7.4,10.7,12.5,14.4,13.9,13.1,13.0,13.4,12.4,10.8,8.3,10.5,14.4,11.4,10.7,3.8,-3.4,-3.9,-3.8,-4.0,-4.5,-3.2,-0.1,22.1,25.7,39.2,13.4,0.0,0.3,25.2,13.5,68.5,,,OBAnorm,,LD831_02097v2.403,,,,0,0
DENATRLA,2025-06-23 23:09:05.000,26.6,24.8,20.0,18.0,13.9,11.1,9.2,6.5,3.8,5.1,8.4,11.8,12.5,13.6,15.2,14.8,13.6,13.0,12.9,10.1,7.7,4.7,2.8,-0.8,-2.6,-3.9,-3.9,-3.9,-3.8,-4.0,-4.4,-3.2,-0.2,19.6,26.1,44.5,13.4,0.0,0.3,25.2,13.5,68.5,,,OBAnorm,,LD831_02097v2.403,,,,0,0
DENATRLA,2025-06-23 23:09:06.000,26.0,20.1,19.6,14.3,10.2,11.4,9.6,8.5,7.3,6.3,8.5,11.0,12.9,13.5,14.9,14.7,14.3,13.2,12.3,10.5,8.2,7.2,6.2,8.4,6.0,-1.6,-4.0,-3.9,-3.9,-4.0,-4.5,-3.3,-0.2,20.4,25.7,37.7,13.4,0.0,0.3,25.2,13.5,68.5,,,OBAnorm,,LD831_02097v2.403,,,,0,0
DENATRLA,2025-06-23 23:09:07.000,23.5,23.2,20.0,14.5,11.4,9.8,10.4,7.7,4.7,4.9,9.6,11.7,13.4,15.8,14.4,15.3,14.0,13.5,13.0,11.3,8.6,5.3,2.2,-0.1,-1.8,-3.7,-4.1,-3.9,-3.8,-3.9,-4.4,-3.1,-0.2,19.9,25.5,36.3,13.4,0.0,0.3,25.2,13.5,68.5,,,OBAnorm,,LD831_02097v2.403,,,,0,0
DENATRLA,2025-06-23 23:09:08.000,24.6,22.6,18.2,13.0,11.6,10.9,8.6,7.0,5.0,5.2,8.4,11.3,13.3,15.0,15.5,15.6,14.4,14.2,13.5,11.3,9.1,6.8,3.0,-0.8,-2.8,-3.9,-4.0,-3.9,-3.8,-3.9,-4.4,-3.2,-0.2,20.3,25.6,36.6,13.4,0.0,0.3,25.2,13.5,68.5,,,OBAnorm,,LD831_02097v2.403,,,,0,0
DENATRLA,2025-06-23 23:09:09.000,21.4,23.9,15.8,13.7,10.3,10.2,8.3,9.5,5.0,6.2,8.0,12.0,13.6,15.0,16.2,16.6,15.0,14.6,13.2,11.8,9.4,7.4,13.0,10.5,11.0,1.4,-4.0,-3.8,-3.8,-4.0,-4.4,-3.2,-0.2,22.5,26.3,36.6,13.4,0.0,0.3,25.2,13.5,68.5,,,OBAnorm,,LD831_02097v2.403,,,,0,0
DENATRLA,2025-06-23 23:09:10.000,24.4,19.2,17.5,16.2,12.4,10.5,8.5,9.3,6.4,5.7,6.4,11.0,14.7,14.6,16.0,15.2,14.4,14.0,12.7,12.2,9.1,7.0,7.9,9.4,9.4,-0.2,-2.8,-3.9,-3.9,-4.0,-4.4,-3.3,-0.1,21.3,25.8,32.7,13.4,0.0,0.3,25.2,13.5,68.5,,,OBAnorm,,LD831_02097v2.403,,,,0,0
DENATRLA,2025-06-23 23:09:11.000,24.5,19.2,18.4,17.5,9.5,9.1,9.5,7.4,6.0,5.6,6.7,12.4,14.7,14.5,15.9,14.8,13.4,13.9,13.1,12.1,9.6,7.3,8.1,3.8,-0.9,-2.8,-3.9,-3.9,-3.8,-3.9,-4.4,-3.2,-0.2,20.9,25.7,35.8,13.4,0.0,0.3,25.1,13.5,68.5,,,OBAnorm,,LD831_02097v2.403,,,,0,0
DENATRLA,2025-06-23 23:09:12.000,22.2,21.1,17.5,18.1,12.3,11.4,9.4,9.1,4.8,5.0,7.8,9.9,13.4,14.6,15.6,15.5,15.2,14.4,14.3,12.6,10.3,7.0,6.6,7.7,6.0,-0.2,-3.8,-3.8,-3.8,-4.0,-4.5,-3.2,-0.2,21.5,26.4,34.7,13.4,0.0,0.3,25.2,13.5,68.5,,,OBAnorm,,LD831_02097v2.403,,,,0,0
DENATRLA,2025-06-23 23:09:13.000,19.5,21.4,17.7,15.7,12.0,12.7,8.9,8.2,2.7,6.7,9.0,10.7,12.6,15.0,16.2,14.7,14.0,14.5,13.2,12.0,10.6,7.0,3.2,0.4,-1.5,-3.4,-3.6,-3.7,-3.4,-3.9,-4.3,-3.2,-0.1,20.7,25.8,37.3,13.4,0.0,0.3,25.2,13.5,68.5,,,OBAnorm,,LD831_02097v2.403,,,,0,0
DENATRLA,2025-06-23 23:09:14.000,23.1,24.3,22.4,15.2,14.7,10.7,9.7,9.8,6.0,5.1,9.2,10.7,14.5,15.2,16.7,15.0,14.3,14.3,13.6,12.2,10.0,15.3,9.3,13.1,11.5,5.9,-4.0,-3.9,-3.8,-3.9,-4.4,-3.2,0.0,23.3,26.9,37.0,13.4,0.0,0.3,25.1,13.5,68.5,,,OBAnorm,,LD831_02097v2.403,,,,0,0
DENATRLA,2025-06-23 23:09:15.000,17.3,22.4,19.5,17.1,11.8,10.8,9.6,9.1,5.7,6.6,8.9,11.3,12.9,16.0,16.7,14.7,14.3,14.2,13.0,12.3,10.6,7.1,5.6,5.5,7.8,2.4,-3.5,-3.9,-3.8,-4.0,-4.4,-3.1,-0.2,21.2,26.2,37.7,13.4,0.0,0.3,25.2,13.5,68.5,,,OBAnorm,,LD831_02097v2.403,,,,0,0
DENATRLA,2025-06-23 23:09:16.000,21.0,23.4,16.9,11.0,12.3,10.3,9.7,8.2,4.6,5.7,8.5,12.8,15.0,14.1,15.8,15.8,14.5,14.1,13.9,12.4,10.5,6.8,4.4,5.4,3.0,-2.4,-4.0,-3.8,-3.5,-3.8,-4.4,-3.2,0.0,21.0,26.1,38.1,13.4,0.0,0.3,25.1,13.5,68.5,,,OBAnorm,,LD831_02097v2.403,,,,0,0
DENATRLA,2025-06-23 23:09:17.000,23.1,26.9,13.6,15.2,14.0,12.5,10.8,9.0,5.3,3.8,9.1,11.8,14.2,15.7,15.7,15.0,15.0,14.6,13.6,12.2,10.2,8.1,7.3,9.4,4.3,0.5,-4.0,-3.9,-3.8,-3.9,-4.5,-3.3,-0.4,21.4,26.4,35.3,13.4,0.0,0.3,25.2,13.5,68.5,,,OBAnorm,,LD831_02097v2.403,,,,0,0
DENATRLA,2025-06-23 23:09:18.000,18.6,24.9,17.0,16.3,11.0,11.9,10.6,8.7,5.5,5.8,8.5,11.9,14.5,14.8,16.5,15.7,14.6,14.8,13.5,12.1,9.6,6.4,3.9,8.5,5.4,9.2,-3.7,-3.9,-3.8,-4.0,-4.4,-3.2,-0.1,21.6,26.5,40.0,13.4,0.0,0.3,25.2,13.5,68.5,,,OBAnorm,,LD831_02097v2.403,,,,0,0
DENATRLA,2025-06-23 23:09:19.000,23.8,23.9,19.6,17.8,11.5,12.6,12.8,7.4,5.8,6.3,8.1,12.7,13.0,15.0,16.3,15.9,14.4,14.7,13.6,12.0,9.7,6.1,3.0,7.2,5.7,9.3,-4.0,-3.9,-3.9,-4.0,-4.4,-3.2,-0.2,21.3,26.6,42.6,13.4,0.0,0.3,25.2,13.5,68.5,,,OBAnorm,,LD831_02097v2.403,,,,0,0
DENATRLA,2025-06-23 23:09:20.000,25.0,21.9,16.9,13.2,11.9,11.5,10.5,8.1,7.9,7.2,8.0,13.2,14.7,15.9,16.8,15.3,14.7,14.4,13.5,11.6,9.6,8.7,8.6,11.8,-0.3,2.8,-4.0,-3.9,-3.9,-4.0,-4.4,-3.3,0.0,21.8,27.5,41.2,13.4,0.0,0.3,25.1,13.5,68.5,,,OBAnorm,,LD831_02097v2.403,,,,0,0
DENATRLA,2025-06-23 23:09:21.000,23.7,17.7,24.0,16.9,15.8,13.8,12.1,9.8,6.1,7.3,9.2,10.5,13.7,15.9,15.7,15.5,14.7,15.3,13.6,12.2,10.0,8.1,7.4,13.4,10.2,3.8,0.9,-3.7,-3.8,-4.0,-4.5,-3.2,-0.2,22.3,26.7,37.9,13.4,0.0,0.3,25.1,13.5,69.1,,,OBAnorm,,LD831_02097v2.403,,,,0,0
DENATRLA,2025-06-23 23:09:22.000,25.6,25.9,17.3,15.7,14.3,11.7,9.5,7.1,4.8,5.5,9.5,12.7,13.4,14.6,16.6,15.0,14.5,14.2,13.2,11.5,9.7,7.3,6.1,8.5,8.1,1.3,-4.0,-3.9,-3.9,-4.0,-4.4,-3.2,-0.3,21.3,27.2,43.6,13.4,0.0,0.3,25.1,13.5,69.1,,,OBAnorm,,LD831_02097v2.403,,,,0,0
DENATRLA,2025-06-23 23:09:23.000,25.7,22.4,18.8,14.6,14.7,12.1,11.0,8.6,4.4,6.4,8.0,12.6,12.5,14.7,15.7,15.4,14.9,13.8,14.4,12.4,10.3,8.1,5.8,7.5,4.3,-2.1,-4.0,-3.9,-3.8,-4.0,-4.5,-3.2,-0.1,21.3,27.5,42.9,13.4,0.0,0.3,25.1,13.5,69.1,,,OBAnorm,,LD831_02097v2.403,,,,0,0
DENATRLA,2025-06-23 23:09:24.000,25.8,25.0,18.5,17.0,11.1,10.4,9.6,8.0,6.3,5.5,8.4,11.9,14.0,15.0,15.0,14.5,14.4,14.5,13.5,12.8,11.1,8.1,3.7,1.1,-2.0,-1.5,-4.1,-3.8,-3.9,-4.0,-4.5,-3.2,-0.2,21.0,27.1,43.4,13.4,0.0,0.3,25.1,13.5,69.1,,,OBAnorm,,LD831_02097v2.403,,,,0,0
DENATRLA,2025-06-23 23:09:25.000,27.9,23.3,22.2,17.2,11.1,11.5,10.5,11.1,5.9,6.6,9.6,11.9,13.6,14.8,15.3,15.7,14.7,14.2,13.8,12.3,10.2,7.5,3.4,1.3,-2.0,-3.5,-4.1,-3.9,-3.9,-4.0,-4.4,-3.2,-0.1,20.9,26.5,41.8,13.4,0.0,0.3,25.2,13.5,69.1,,,OBAnorm,,LD831_02097v2.403,,,,0,0
DENATRLA,2025-06-23 23:09:26.000,25.3,25.1,19.8,17.8,14.2,13.4,8.6,10.7,6.3,6.1,9.2,12.1,13.9,15.7,16.3,14.9,14.3,14.6,14.2,11.8,11.5,12.8,12.4,13.0,6.9,3.5,-4.1,-3.9,-3.8,-4.0,-4.5,-3.2,-0.1,22.9,26.8,34.8,13.4,0.0,0.3,25.2,13.5,69.1,,,OBAnorm,,LD831_02097v2.403,,,,0,0
DENATRLA,2025-06-23 23:09:27.000,26.9,22.0,17.0,17.1,14.3,11.7,8.8,12.0,6.6,5.4,7.3,11.1,13.6,14.8,15.6,15.6,13.4,14.3,14.0,12.1,9.8,7.6,4.3,5.6,8.9,-0.4,-3.6,-3.8,-3.8,-4.0,-4.4,-3.1,-0.1,21.1,27.1,37.5,13.4,0.0,0.3,25.2,13.5,69.1,,,OBAnorm,,LD831_02097v2.403,,,,0,0
DENATRLA,2025-06-23 23:09:28.000,23.7,20.6,17.8,14.5,13.6,13.0,9.2,11.9,7.0,5.3,8.0,10.5,13.3,14.9,15.7,15.3,13.9,14.3,13.5,12.4,9.5,7.4,5.9,10.9,6.1,-2.1,-4.0,-3.9,-3.8,-4.0,-4.5,-3.3,-0.2,21.4,26.4,38.5,13.4,0.0,0.3,25.2,13.5,69.1,,,OBAnorm,,LD831_02097v2.403,,,,0,0
DENATRLA,2025-06-23 23:09:29.000,28.1,21.6,20.8,14.3,12.5,10.5,8.5,11.8,6.0,5.7,8.4,11.7,13.8,15.4,14.2,15.4,15.0,13.8,12.8,11.7,9.9,7.1,7.2,10.7,9.9,3.2,-3.5,-3.9,-3.7,-3.9,-4.4,-3.2,-0.2,21.5,26.6,38.8,13.4,0.0,0.3,25.1,13.5,69.1,,,OBAnorm,,LD831_02097v2.403,,,,0,0
DENATRLA,2025-06-23 23:09:30.000,24.1,18.7,22.0,15.6,11.8,12.2,10.8,10.8,5.3,4.2,7.0,10.8,14.1,14.8,15.8,15.0,13.6,13.6,13.2,11.5,9.8,6.0,2.3,0.7,-0.2,-3.1,-4.0,-3.9,-3.8,-3.9,-4.5,-3.3,-0.1,20.2,26.5,39.5,13.4,0.0,0.3,25.1,13.5,69.1,,,OBAnorm,,LD831_02097v2.403,,,,0,0
DENATRLA,2025-06-23 23:09:31.000,24.7,22.0,20.0,17.8,11.7,10.8,11.6,10.2,4.5,7.2,8.6,13.0,13.7,15.5,14.4,15.2,13.3,13.9,13.8,11.3,9.9,6.4,5.6,5.0,2.8,0.6,-4.0,-3.9,-3.8,-4.0,-4.4,-3.2,-0.1,20.6,26.7,39.1,13.4,0.0,0.3,25.1,13.5,69.1,,,OBAnorm,,LD831_02097v2.403,,,,0,0
DENATRLA,2025-06-23 23:09:32.000,26.1,23.4,18.8,13.5,13.7,10.6,7.4,7.3,5.2,7.1,8.4,11.5,13.2,14.8,15.9,15.4,13.8,13.4,13.3,12.4,10.8,8.3,12.5,9.7,11.8,0.7,-4.0,-3.9,-3.8,-4.0,-4.5,-3.3,-0.2,22.3,27.1,41.0,13.4,0.0,0.3,25.1,13.5,69.7,,,OBAnorm,,LD831_02097v2.403,,,,0,0
DENATRLA,2025-06-23 23:09:33.000,27.6,23.0,17.9,15.7,12.2,9.9,8.9,9.7,5.3,5.9,8.2,10.7,13.6,14.5,16.7,16.1,14.1,14.4,12.8,12.3,10.2,6.8,9.8,14.5,10.5,0.3,-1.1,-3.8,-3.9,-4.0,-4.4,-3.2,-0.2,22.5,27.0,43.9,13.4,0.0,0.3,25.1,13.5,69.7,,,OBAnorm,,LD831_02097v2.403,,,,0,0
DENATRLA,2025-06-23 23:09:34.000,24.1,25.2,18.6,15.3,12.8,11.2,11.1,8.0,5.4,5.3,9.3,11.0,13.3,14.9,15.4,14.7,14.6,14.1,13.0,12.2,10.6,6.9,7.0,10.5,19.4,-1.7,-3.9,-3.9,-3.8,-4.0,-4.6,-3.1,-0.2,24.0,27.7,42.8,13.4,0.0,0.3,25.1,13.5,69.7,,,OBAnorm,,LD831_02097v2.403,,,,0,0
DENATRLA,2025-06-23 23:09:35.000,28.4,23.4,19.6,15.3,12.8,11.8,12.4,6.9,4.8,6.0,9.3,10.3,14.0,15.8,15.7,15.6,14.4,13.9,14.1,12.3,9.9,6.4,3.2,4.1,10.6,-4.0,-4.0,-3.9,-3.9,-4.0,-4.4,-3.2,-0.1,21.3,26.6,41.1,13.4,0.0,0.3,25.1,13.5,69.7,,,OBAnorm,,LD831_02097v2.403,,,,0,0
DENATRLA,2025-06-23 23:09:36.000,26.9,22.4,23.4,18.7,14.4,10.9,9.2,7.7,7.2,5.0,8.4,12.2,13.9,15.4,16.5,15.1,14.2,14.2,13.7,11.8,10.1,6.8,2.8,0.4,1.5,-4.0,-4.1,-3.9,-3.9,-3.9,-4.4,-3.2,-0.2,20.7,26.4,38.9,13.4,0.0,0.3,25.1,13.5,69.7,,,OBAnorm,,LD831_02097v2.403,,,,0,0
DENATRLA,2025-06-23 23:09:37.000,27.0,20.7,18.0,14.4,11.9,8.8,11.8,9.5,3.2,7.9,8.6,12.1,13.7,14.5,16.1,14.7,15.0,14.5,13.6,12.5,10.1,10.6,9.1,14.1,12.4,7.2,-3.0,-3.9,-3.9,-3.8,-4.4,-3.0,-0.1,23.0,27.5,44.2,13.4,0.0,0.3,25.1,13.5,69.7,,,OBAnorm,,LD831_02097v2.403,,,,0,0
DENATRLA,2025-06-23 23:09:38.000,27.9,22.5,19.4,12.0,12.7,11.5,11.2,10.1,5.7,4.8,9.1,12.5,13.9,14.6,14.7,15.3,14.6,14.8,14.2,12.6,10.3,7.3,5.1,7.2,6.9,2.2,-3.1,-3.9,-3.8,-4.0,-4.4,-3.2,-0.2,21.4,27.6,46.3,13.4,0.0,0.3,25.2,13.5,69.7,,,OBAnorm,,LD831_02097v2.403,,,,0,0
DENATRLA,2025-06-23 23:09:39.000,26.1,22.6,17.2,17.4,17.1,12.6,13.6,10.2,6.5,5.6,7.6,12.6,14.0,15.3,15.6,14.5,14.8,15.1,14.2,12.9,10.0,7.7,8.6,7.8,3.8,-2.8,-4.0,-3.9,-3.8,-4.0,-4.5,-3.1,-0.1,21.6,27.8,47.4,13.4,0.0,0.3,25.1,13.4,69.7,,,OBAnorm,,LD831_02097v2.403,,,,0,0
DENATRLA,2025-06-23 23:09:40.000,25.9,23.2,23.6,16.3,15.4,13.2,10.8,10.6,5.6,5.6,9.2,12.3,13.6,14.9,15.8,15.5,14.5,13.7,13.5,12.6,9.8,7.1,4.2,3.3,1.2,-3.1,-4.0,-3.9,-3.9,-4.0,-4.4,-3.3,-0.2,20.8,29.3,47.0,13.4,0.0,0.3,25.2,13.4,69.7,,,OBAnorm,,LD831_02097v2.403,,,,0,0
DENATRLA,2025-06-23 23:09:41.000,26.7,25.3,19.9,19.7,15.6,13.6,10.4,9.0,5.4,4.4,9.9,11.7,13.2,14.8,14.7,15.5,14.7,13.9,14.0,12.3,9.5,7.1,3.9,2.8,-1.9,-3.7,-3.9,-3.8,-3.8,-4.1,-4.5,-3.3,-0.3,20.7,28.0,45.5,13.4,0.0,0.3,25.1,13.4,69.7,,,OBAnorm,,LD831_02097v2.403,,,,0,0
DENATRLA,2025-06-23 23:09:42.000,20.9,25.6,24.2,15.0,10.9,12.2,9.5,6.7,3.6,5.3,7.8,12.2,14.2,15.4,16.3,15.4,14.1,13.8,14.2,11.5,9.0,6.8,5.0,3.3,-0.2,-3.2,-3.8,-3.8,-3.7,-3.9,-4.4,-3.1,-0.2,20.6,28.0,41.9,13.4,0.0,0.3,25.1,13.4,69.7,,,OBAnorm,,LD831_02097v2.403,,,,0,0
DENATRLA,2025-06-23 23:09:43.000,25.2,29.2,22.1,17.3,14.0,15.4,10.5,9.3,5.0,4.2,9.3,11.7,13.1,15.6,14.5,14.8,14.6,14.8,13.3,11.5,9.5,9.1,11.5,12.3,7.7,3.6,-2.6,-3.8,-3.8,-3.9,-4.4,-3.3,-0.2,22.1,27.6,40.5,13.4,0.0,0.3,25.1,13.4,69.7,,,OBAnorm,,LD831_02097v2.403,,,,0,0
DENATRLA,2025-06-23 23:09:44.000,32.2,25.9,22.6,18.6,14.9,12.4,10.7,6.9,4.6,4.8,9.1,12.2,13.2,15.0,15.0,14.4,14.0,14.6,12.9,11.3,8.9,10.4,11.2,12.1,8.8,1.6,-0.7,-3.8,-3.9,-4.0,-4.4,-3.2,-0.2,22.0,27.0,41.1,13.4,0.0,0.3,25.1,13.4,70.2,,,OBAnorm,,LD831_02097v2.403,,,,0,0
DENATRLA,2025-06-23 23:09:45.000,29.3,24.0,19.1,13.3,12.5,9.6,10.7,9.2,5.8,5.3,9.4,11.9,13.5,14.4,16.1,14.9,14.4,13.6,12.6,11.0,9.0,6.9,6.0,7.8,5.2,-1.6,-4.0,-3.9,-3.9,-4.0,-4.5,-3.2,-0.1,20.7,27.8,44.0,13.4,0.0,0.3,25.1,13.4,70.2,,,OBAnorm,,LD831_02097v2.403,,,,0,0
DENATRLA,2025-06-23 23:09:46.000,28.2,24.0,20.2,19.0,14.2,14.2,9.8,9.6,5.6,4.6,9.6,10.2,13.7,13.2,15.4,14.3,15.1,14.1,13.2,10.5,8.9,5.6,2.4,0.1,-1.7,-3.8,-4.0,-3.9,-3.8,-3.8,-4.4,-3.2,0.0,20.1,26.1,38.9,13.4,0.0,0.3,25.1,13.4,70.2,,,OBAnorm,,LD831_02097v2.403,,,,0,0
DENATRLA,2025-06-23 23:09:47.000,25.8,25.4,20.3,15.9,14.9,13.1,10.6,8.3,4.0,6.0,7.7,10.9,14.2,14.4,16.2,15.6,14.3,13.9,13.3,11.2,8.6,5.0,2.3,-0.8,-2.7,-4.0,-4.0,-3.9,-3.9,-4.0,-4.5,-3.3,-0.1,20.1,26.3,40.4,13.4,0.0,0.3,25.1,13.4,70.2,,,OBAnorm,,LD831_02097v2.403,,,,0,0
DENATRLA,2025-06-23 23:09:48.000,29.3,22.6,19.2,15.6,14.4,13.0,9.7,7.0,5.8,4.4,8.5,10.3,13.2,15.4,15.7,14.9,13.1,13.6,12.6,11.2,8.5,4.9,2.3,2.5,4.0,4.4,-4.0,-3.9,-3.9,-4.0,-4.5,-3.0,-0.1,20.1,26.4,40.2,13.4,0.0,0.3,25.1,13.4,70.2,,,OBAnorm,,LD831_02097v2.403,,,,0,0
DENATRLA,2025-06-23 23:09:49.000,25.4,22.3,21.6,18.2,16.5,14.2,12.9,9.0,4.5,6.0,7.4,11.0,13.7,13.2,15.6,14.1,14.0,13.4,12.2,10.5,8.0,7.9,13.0,12.9,10.1,7.6,-3.9,-3.9,-3.8,-4.0,-4.4,-3.3,-0.1,22.2,26.7,36.3,13.4,0.0,0.3,25.1,13.4,70.2,,,OBAnorm,,LD831_02097v2.403,,,,0,0
DENATRLA,2025-06-23 23:09:50.000,23.3,24.7,18.9,13.5,12.9,13.0,11.8,9.7,4.1,5.0,9.6,10.7,12.7,14.9,15.4,14.2,14.1,13.6,11.5,10.2,8.7,9.1,9.9,12.8,14.6,2.5,-2.1,-3.7,-3.8,-4.0,-4.5,-3.3,-0.2,22.4,27.1,38.6,13.4,0.0,0.3,25.1,13.4,70.2,,,OBAnorm,,LD831_02097v2.403,,,,0,0
DENATRLA,2025-06-23 23:09:51.000,28.2,23.4,21.4,13.9,14.0,15.5,11.7,7.6,5.6,5.4,7.1,9.1,13.3,13.7,14.6,14.5,13.7,13.0,12.3,10.4,7.7,6.9,8.0,10.0,8.9,1.1,-3.9,-3.9,-3.9,-4.0,-4.5,-3.3,-0.2,20.6,26.3,37.8,13.4,0.0,0.3,25.1,13.4,70.2,,,OBAnorm,,LD831_02097v2.403,,,,0,0
DENATRLA,2025-06-23 23:09:52.000,29.3,24.4,21.8,14.3,14.8,14.4,11.2,9.6,6.7,4.4,7.7,11.5,14.2,14.6,15.2,14.8,13.7,14.0,12.6,10.1,8.3,6.0,4.9,5.1,1.7,-2.1,-4.0,-3.9,-3.8,-4.0,-4.5,-3.2,-0.3,19.9,26.5,37.3,13.4,0.0,0.3,25.1,13.4,70.2,,,OBAnorm,,LD831_02097v2.403,,,,0,0
DENATRLA,2025-06-23 23:09:53.000,28.0,24.3,17.4,16.8,16.0,15.7,14.1,9.3,4.4,6.0,6.2,10.4,13.7,12.4,14.8,13.9,13.4,13.5,11.9,10.1,8.4,5.3,2.6,2.7,1.0,-3.1,-4.0,-3.9,-3.8,-4.0,-4.5,-3.2,-0.1,19.5,26.4,37.5,13.4,0.0,0.3,25.1,13.4,70.2,,,OBAnorm,,LD831_02097v2.403,,,,0,0
DENATRLA,2025-06-23 23:09:54.000,25.8,23.4,19.6,18.5,17.7,13.2,14.1,9.2,6.3,6.4,7.7,11.2,12.9,13.4,14.4,13.8,14.0,12.7,12.2,10.3,7.2,5.4,2.9,3.7,1.0,-2.5,-3.6,-3.7,-3.5,-3.7,-4.3,-3.4,-0.2,19.5,27.3,38.9,13.4,0.0,0.3,25.1,13.4,70.2,,,OBAnorm,,LD831_02097v2.403,,,,0,0
DENATRLA,2025-06-23 23:09:55.000,28.7,21.3,20.3,18.3,17.6,17.2,12.0,11.6,7.6,5.7,8.2,10.3,13.6,12.5,13.9,13.8,13.2,13.4,12.3,10.5,7.6,5.7,3.8,2.2,-0.4,-1.8,-3.3,-3.5,-3.4,-3.2,-4.3,-3.2,-0.1,19.5,27.8,39.9,13.4,0.0,0.3,25.1,13.4,70.2,,,OBAnorm,,LD831_02097v2.403,,,,0,0
DENATRLA,2025-06-23 23:09:56.000,27.2,26.1,20.2,22.5,20.2,15.9,11.5,10.9,7.4,3.7,7.0,10.6,13.2,13.7,14.3,13.3,13.4,13.0,12.0,10.6,9.0,8.6,13.5,10.0,10.9,0.8,-3.8,-3.7,-3.5,-3.3,-4.3,-3.1,-0.1,21.7,26.6,37.2,13.4,0.0,0.3,25.1,13.4,70.2,,,OBAnorm,,LD831_02097v2.403,,,,0,0
DENATRLA,2025-06-23 23:09:57.000,28.7,26.4,20.4,16.5,16.4,12.5,11.1,9.5,6.1,3.4,6.8,12.2,12.8,14.4,15.0,14.2,13.9,14.3,12.8,11.5,8.7,7.5,7.3,12.2,6.4,0.5,-2.7,-3.8,-3.8,-4.0,-4.5,-3.3,-0.2,21.2,26.8,40.8,13.4,0.0,0.3,25.1,13.4,70.2,,,OBAnorm,,LD831_02097v2.403,,,,0,0
DENATRLA,2025-06-23 23:09:58.000,30.4,26.7,22.7,15.4,14.8,14.9,11.0,8.6,5.3,5.3,7.0,9.8,12.9,14.1,14.5,13.1,14.0,14.0,12.9,11.2,8.8,7.1,6.6,8.4,5.4,1.7,-3.9,-3.8,-3.8,-4.0,-4.4,-3.3,-0.3,20.6,27.0,40.1,13.4,0.0,0.3,25.1,13.4,70.2,,,OBAnorm,,LD831_02097v2.403,,,,0,0
DENATRLA,2025-06-23 23:09:59.000,26.4,21.3,23.7,16.6,15.7,13.1,11.6,7.4,5.3,5.9,7.1,10.8,10.6,13.9,14.4,13.4,13.7,14.1,12.6,10.9,8.1,5.9,4.1,8.3,7.3,9.0,-3.9,-3.9,-3.8,-4.0,-4.4,-3.3,-0.1,20.7,28.0,41.9,13.4,0.0,0.3,25.1,13.4,70.2,,,OBAnorm,,LD831_02097v2.403,,,,0,0
DENATRLA,2025-06-23 23:10:00.000,24.8,23.1,23.9,17.0,14.1,12.7,12.8,9.8,2.7,4.1,6.8,10.8,13.6,13.4,14.6,13.4,12.9,13.4,12.4,10.4,8.0,5.0,4.0,2.5,2.5,1.6,-4.0,-3.9,-3.9,-3.9,-4.4,-3.3,-0.3,19.5,26.1,38.1,13.4,0.0,0.3,25.1,13.3,70.2,,,OBAnorm,,LD831_02097v2.403,,,,0,0
DENATRLA,2025-06-23 23:10:01.000,29.0,26.5,21.0,15.3,16.2,11.4,12.7,8.0,3.2,4.9,6.9,12.1,12.4,13.0,14.7,14.2,13.8,13.2,11.9,10.6,8.4,5.9,6.2,7.9,-0.9,-3.7,-4.1,-3.8,-3.8,-3.9,-4.4,-3.3,-0.1,19.9,26.3,37.9,13.4,0.0,0.3,25.1,13.3,70.2,,,OBAnorm,,LD831_02097v2.403,,,,0,0
DENATRLA,2025-06-23 23:10:02.000,26.6,26.8,19.1,17.9,11.9,10.7,13.0,8.2,5.2,4.9,7.5,11.3,12.2,13.4,14.6,13.3,12.7,13.8,12.1,10.3,7.8,10.0,11.4,14.4,15.4,9.8,-3.0,-3.9,-3.8,-4.0,-4.4,-3.2,-0.2,23.0,26.9,40.2,13.4,0.0,0.3,25.1,13.3,70.2,,,OBAnorm,,LD831_02097v2.403,,,,0,0
DENATRLA,2025-06-23 23:10:03.000,28.1,25.9,20.0,16.8,13.4,13.1,12.3,7.0,5.7,5.1,7.6,10.8,10.8,12.5,14.3,13.7,12.9,14.1,12.2,9.6,6.9,4.5,2.1,3.9,-0.7,-2.3,-3.9,-3.8,-3.8,-3.9,-4.4,-3.3,-0.2,19.2,26.0,40.5,13.4,0.0,0.3,25.1,13.3,70.2,,,OBAnorm,,LD831_02097v2.403,,,,0,0
DENATRLA,2025-06-23 23:10:04.000,26.4,26.2,17.7,12.2,14.1,12.9,10.7,7.3,4.9,3.7,8.6,10.2,11.9,12.4,14.7,13.5,13.5,13.1,11.4,9.8,7.1,4.3,1.0,-0.8,-3.3,-3.9,-3.9,-3.9,-3.9,-4.0,-4.5,-3.2,-0.2,19.1,26.4,41.5,13.4,0.0,0.3,25.1,13.3,70.2,,,OBAnorm,,LD831_02097v2.403,,,,0,0
DENATRLA,2025-06-23 23:10:05.000,29.0,22.6,20.3,18.2,14.7,14.1,10.6,7.3,3.8,3.8,7.9,10.7,12.9,13.2,15.1,14.7,13.4,12.9,11.7,9.4,7.9,6.5,6.2,9.2,5.4,-3.2,-4.0,-3.9,-3.8,-3.9,-4.5,-3.4,-0.2,20.1,26.0,39.7,13.4,0.0,0.3,25.1,13.3,70.2,,,OBAnorm,,LD831_02097v2.403,,,,0,0
DENATRLA,2025-06-23 23:10:06.000,26.6,25.6,22.9,16.2,14.9,9.9,13.2,7.8,4.7,5.2,7.2,11.3,12.5,12.4,14.0,13.8,13.4,13.1,11.7,10.1,8.4,7.3,8.2,8.8,7.2,2.1,-4.0,-3.9,-3.9,-4.0,-4.5,-3.1,-0.2,20.4,26.3,37.4,13.4,0.0,0.3,25.1,13.3,70.2,,,OBAnorm,,LD831_02097v2.403,,,,0,0
DENATRLA,2025-06-23 23:10:07.000,25.0,23.5,21.8,18.3,14.3,14.5,11.5,9.4,6.5,5.3,7.5,11.4,12.4,13.1,14.5,14.1,14.4,12.8,11.8,10.6,8.9,7.2,9.6,12.6,13.0,5.4,-3.1,-3.9,-3.9,-3.9,-4.4,-3.0,0.0,21.8,27.6,38.0,13.4,0.0,0.3,25.1,13.3,70.2,,,OBAnorm,,LD831_02097v2.403,,,,0,0
DENATRLA,2025-06-23 23:10:08.000,26.1,22.6,24.4,20.7,16.1,13.4,13.2,10.0,3.1,5.4,6.6,11.2,13.8,13.6,12.9,13.1,13.0,13.7,12.7,10.6,8.8,6.2,11.0,11.3,11.6,1.5,-1.8,-3.9,-3.8,-4.0,-4.5,-3.2,-0.2,21.4,28.3,39.7,13.4,0.0,0.3,25.1,13.3,70.2,,,OBAnorm,,LD831_02097v2.403,,,,0,0
DENATRLA,2025-06-23 23:10:09.000,23.9,23.7,29.2,21.5,19.7,13.9,12.0,9.4,4.8,5.5,7.4,10.9,12.2,13.1,15.3,14.3,13.7,13.4,12.1,10.5,7.6,5.9,4.4,2.8,2.4,-0.8,-3.9,-3.9,-3.8,-3.9,-4.5,-3.3,-0.2,19.6,26.6,37.0,13.4,0.0,0.3,25.1,13.3,70.2,,,OBAnorm,,LD831_02097v2.403,,,,0,0
DENATRLA,2025-06-23 23:10:10.000,26.2,28.1,24.5,20.6,17.2,14.9,12.2,8.4,5.0,6.2,7.1,10.9,13.5,13.5,14.7,13.7,13.1,13.7,12.0,10.5,8.0,5.1,2.0,-0.9,-2.9,-3.9,-4.0,-3.9,-3.8,-3.9,-4.4,-3.2,-0.2,19.3,25.8,38.3,13.4,0.0,0.3,25.1,13.3,70.2,,,OBAnorm,,LD831_02097v2.403,,,,0,0
DENATRLA,2025-06-23 23:10:11.000,27.1,23.4,23.2,19.6,10.3,13.5,12.6,9.5,6.2,4.8,7.7,10.4,13.1,13.3,14.4,13.8,13.9,13.2,12.3,10.4,8.1,6.1,5.0,6.6,5.5,-2.3,-3.9,-3.9,-3.8,-4.0,-4.5,-3.2,-0.1,19.9,25.1,39.1,13.4,0.0,0.3,25.1,13.3,70.2,,,OBAnorm,,LD831_02097v2.403,,,,0,0
DENATRLA,2025-06-23 23:10:12.000,26.4,25.2,18.8,16.3,13.5,10.8,9.4,9.0,3.9,3.7,9.0,10.8,12.6,14.0,14.1,13.2,13.5,13.4,12.1,10.4,8.4,9.3,12.0,13.8,2.2,-2.0,-3.8,-3.9,-3.8,-4.0,-4.4,-3.2,0.0,21.7,26.8,39.4,13.4,0.0,0.3,25.1,13.3,70.2,,,OBAnorm,,LD831_02097v2.403,,,,0,0
DENATRLA,2025-06-23 23:10:13.000,22.8,19.4,19.5,18.8,11.2,11.0,10.6,8.1,5.8,5.3,7.9,11.7,12.7,14.0,14.4,14.0,13.4,13.8,12.4,10.2,8.1,10.1,11.6,14.2,13.2,8.1,2.8,-3.7,-3.7,-3.9,-4.3,-3.3,0.0,22.6,26.8,41.6,13.4,0.0,0.3,25.1,13.3,70.2,,,OBAnorm,,LD831_02097v2.403,,,,0,0
DENATRLA,2025-06-23 23:10:14.000,24.0,20.8,22.4,18.2,11.0,11.2,12.5,10.7,4.4,5.4,8.6,11.8,12.7,13.1,14.8,13.8,13.5,13.8,13.1,10.8,8.7,7.0,4.7,6.9,10.2,5.8,1.7,-3.5,-2.9,-3.4,-4.2,-3.1,-0.1,20.8,25.8,39.0,13.4,0.0,0.3,25.1,13.3,69.7,,,OBAnorm,,LD831_02097v2.403,,,,0,0
DENATRLA,2025-06-23 23:10:15.000,27.1,26.8,18.4,16.0,13.8,10.7,11.0,7.8,5.3,3.8,6.8,11.2,12.5,13.7,15.2,12.9,13.6,13.3,12.5,10.5,9.3,7.5,7.7,10.0,5.2,0.1,-4.0,-3.9,-3.8,-4.0,-4.4,-3.3,-0.2,20.6,26.0,38.1,13.4,0.0,0.3,25.1,13.3,69.7,,,OBAnorm,,LD831_02097v2.403,,,,0,0
DENATRLA,2025-06-23 23:10:16.000,22.9,23.7,20.5,18.9,14.4,7.9,12.0,8.6,4.5,6.6,8.3,11.0,12.5,13.8,14.7,13.7,13.0,13.9,12.9,10.4,7.9,5.5,1.8,0.0,-1.7,-2.3,-3.4,-3.6,-3.2,-3.8,-4.4,-3.2,-0.1,19.5,25.1,36.5,13.4,0.0,0.3,25.0,13.3,69.7,,,OBAnorm,,LD831_02097v2.403,,,,0,0
DENATRLA,2025-06-23 23:10:17.000,20.0,24.0,18.5,15.5,12.4,11.8,10.6,7.5,6.1,5.6,8.2,10.6,12.9,13.7,13.7,13.6,13.3,13.6,11.6,10.4,8.1,5.7,2.4,-0.8,-2.5,-3.8,-3.9,-3.9,-3.8,-3.9,-4.4,-3.1,-0.2,19.3,25.6,40.4,13.4,0.0,0.3,25.1,13.3,69.7,,,OBAnorm,,LD831_02097v2.403,,,,0,0
DENATRLA,2025-06-23 23:10:18.000,22.7,22.0,20.6,15.6,12.0,9.9,11.2,8.7,4.5,6.4,8.8,11.9,11.5,14.4,13.6,13.7,13.4,13.4,12.8,10.9,9.0,9.9,10.5,14.6,10.8,8.9,-1.1,-3.9,-3.8,-3.9,-4.5,-3.2,-0.2,22.3,26.3,38.1,13.4,0.0,0.3,25.1,13.3,69.7,,,OBAnorm,,LD831_02097v2.403,,,,0,0
DENATRLA,2025-06-23 23:10:19.000,21.3,25.4,20.5,15.0,13.5,12.2,8.0,7.3,5.8,6.5,9.5,10.4,12.0,14.1,14.5,13.4,13.4,13.5,12.4,11.3,8.7,7.4,5.4,10.6,9.5,3.1,-3.6,-3.9,-3.9,-4.0,-4.5,-3.2,-0.2,20.9,25.6,35.9,13.4,0.0,0.3,25.1,13.3,69.1,,,OBAnorm,,LD831_02097v2.403,,,,0,0
DENATRLA,2025-06-23 23:10:20.000,22.9,23.9,20.1,15.8,14.0,10.8,11.0,8.6,2.1,3.3,7.0,11.1,12.9,14.2,14.0,13.9,14.0,13.3,12.8,10.6,8.5,6.5,5.8,8.2,6.5,4.6,-4.0,-3.9,-3.8,-4.1,-4.5,-3.2,-0.1,20.5,25.3,35.1,13.4,0.0,0.3,25.1,13.3,69.1,,,OBAnorm,,LD831_02097v2.403,,,,0,0
DENATRLA,2025-06-23 23:10:21.000,21.4,24.6,15.6,17.0,11.9,10.1,11.3,9.0,3.5,3.7,7.1,10.6,12.3,14.6,14.4,15.0,13.5,14.1,12.2,11.2,9.2,6.0,2.9,4.3,4.2,-3.0,-4.0,-3.9,-3.8,-4.0,-4.5,-3.1,0.0,20.2,25.6,37.3,13.4,0.0,0.3,25.1,13.3,69.1,,,OBAnorm,,LD831_02097v2.403,,,,0,0
DENATRLA,2025-06-23 23:10:22.000,24.5,20.2,20.3,18.0,13.4,12.8,8.7,8.1,6.7,4.6,7.3,11.2,12.6,13.4,14.0,14.8,13.8,13.9,12.8,11.8,9.3,7.0,12.2,10.4,8.8,-1.2,-3.4,-3.9,-3.5,-3.8,-4.3,-3.2,-0.1,21.5,25.8,37.6,13.4,0.0,0.3,25.1,13.3,69.1,,,OBAnorm,,LD831_02097v2.403,,,,0,0
DENATRLA,2025-06-23 23:10:23.000,21.6,19.0,16.9,16.5,15.3,12.9,11.7,7.5,5.9,5.0,8.5,9.7,12.4,13.7,15.0,14.4,13.2,14.2,12.1,12.4,9.2,7.9,6.1,10.1,1.2,-1.5,-3.4,-3.9,-3.8,-3.9,-4.4,-3.2,-0.1,20.8,26.1,40.4,13.4,0.0,0.3,25.1,13.3,69.1,,,OBAnorm,,LD831_02097v2.403,,,,0,0
DENATRLA,2025-06-23 23:10:24.000,21.0,20.5,19.9,17.3,13.1,11.5,12.9,9.2,5.3,4.3,8.1,10.8,13.0,13.5,14.9,14.9,13.5,13.8,13.0,11.7,9.2,9.8,10.4,12.1,11.2,4.2,0.2,-3.8,-3.8,-4.0,-4.5,-3.2,-0.1,22.1,26.7,44.6,13.4,0.0,0.3,25.1,13.3,69.1,,,OBAnorm,,LD831_02097v2.403,,,,0,0
DENATRLA,2025-06-23 23:10:25.000,21.9,21.4,20.6,17.7,14.5,11.5,9.1,9.0,5.0,4.9,7.6,10.0,12.1,14.0,14.9,15.0,14.6,14.9,13.2,12.7,9.9,8.8,8.5,12.7,7.6,-1.3,-3.6,-3.9,-3.8,-4.0,-4.4,-3.2,-0.2,21.9,26.9,39.3,13.4,0.0,0.3,25.1,13.3,69.1,,,OBAnorm,,LD831_02097v2.403,,,,0,0
DENATRLA,2025-06-23 23:10:26.000,23.9,16.9,18.9,16.6,13.6,13.0,10.4,7.9,4.3,3.8,7.6,11.0,12.4,14.3,15.4,15.3,14.0,14.8,13.7,12.3,8.8,6.1,3.6,8.0,16.0,-1.1,-3.8,-3.8,-3.8,-4.0,-4.4,-3.2,-0.2,22.4,26.5,42.7,13.4,0.0,0.3,25.1,13.3,69.1,,,OBAnorm,,LD831_02097v2.403,,,,0,0
DENATRLA,2025-06-23 23:10:27.000,27.1,21.9,22.7,15.9,14.2,10.8,9.2,7.6,6.6,3.6,5.4,10.7,12.3,13.6,14.8,14.9,13.2,13.7,13.6,11.2,9.1,6.0,2.2,7.8,16.5,-3.5,-4.0,-3.7,-3.8,-3.9,-4.4,-3.2,-0.2,22.1,26.4,40.4,13.4,0.0,0.3,25.1,13.3,69.1,,,OBAnorm,,LD831_02097v2.403,,,,0,0
DENATRLA,2025-06-23 23:10:28.000,26.8,23.9,19.4,19.2,13.3,10.8,10.6,8.0,5.5,4.9,8.6,10.7,13.4,13.7,14.5,14.2,13.5,13.6,12.9,11.3,9.1,8.6,8.0,11.0,4.3,-3.2,-3.8,-3.9,-3.8,-4.0,-4.3,-3.2,-0.3,21.0,26.1,37.3,13.4,0.0,0.3,25.1,13.3,69.1,,,OBAnorm,,LD831_02097v2.403,,,,0,0
DENATRLA,2025-06-23 23:10:29.000,23.2,23.3,20.5,16.9,15.1,9.0,9.9,10.5,6.7,5.9,8.1,11.0,13.7,14.3,14.9,14.4,13.1,13.2,13.0,10.6,9.6,10.5,12.0,14.0,12.8,7.7,-0.3,-3.8,-3.8,-3.9,-4.4,-3.2,-0.1,22.8,26.5,36.5,13.4,0.0,0.3,25.1,13.3,69.1,,,OBAnorm,,LD831_02097v2.403,,,,0,0
DENATRLA,2025-06-23 23:10:30.000,21.5,22.5,17.7,18.4,14.2,14.3,9.9,9.2,4.6,4.7,6.8,11.0,13.1,14.1,14.0,14.6,13.0,13.5,13.2,10.5,8.8,8.3,10.6,12.1,10.7,0.2,-3.4,-3.9,-3.8,-3.9,-4.5,-3.2,-0.2,21.6,26.1,39.4,13.4,0.0,0.3,25.1,13.3,69.1,,,OBAnorm,,LD831_02097v2.403,,,,0,0
DENATRLA,2025-06-23 23:10:31.000,23.7,25.5,21.5,15.9,16.0,11.6,11.7,7.4,5.9,6.2,7.4,10.3,14.2,14.5,15.7,15.5,14.0,13.9,12.7,11.0,8.8,7.7,9.3,10.6,9.9,3.3,-3.4,-3.9,-3.8,-3.9,-4.5,-3.3,-0.1,21.6,27.0,39.0,13.4,0.0,0.3,25.0,13.3,69.1,,,OBAnorm,,LD831_02097v2.403,,,,0,0
DENATRLA,2025-06-23 23:10:32.000,21.6,22.2,20.2,16.3,15.5,12.2,11.1,9.2,6.7,3.7,6.6,11.4,12.7,13.9,15.1,14.2,13.3,13.8,13.1,11.2,8.5,6.0,2.6,0.1,-1.4,-3.1,-3.9,-3.8,-3.8,-3.9,-4.4,-3.2,-0.1,19.8,26.9,39.9,13.4,0.0,0.3,25.1,13.3,68.5,,,OBAnorm,,LD831_02097v2.403,,,,0,0
DENATRLA,2025-06-23 23:10:33.000,23.2,22.7,23.9,19.0,14.2,13.2,11.2,8.8,4.3,4.5,8.2,12.3,13.1,14.4,15.3,14.4,13.5,14.2,12.3,11.3,8.4,6.0,1.8,-0.6,-2.7,-3.8,-4.0,-3.9,-3.9,-4.0,-4.4,-3.3,-0.2,19.8,27.5,42.3,13.4,0.0,0.3,25.1,13.3,68.5,,,OBAnorm,,LD831_02097v2.403,,,,0,0
DENATRLA,2025-06-23 23:10:34.000,26.0,25.5,23.3,19.2,18.0,11.2,12.5,7.3,3.4,4.0,8.2,11.3,12.2,14.0,15.2,14.7,13.7,14.5,12.2,10.1,9.1,6.5,9.8,6.1,5.7,-1.1,-3.0,-3.8,-3.5,-3.9,-4.3,-3.1,-0.1,20.8,28.2,41.6,13.4,0.0,0.3,25.1,13.3,68.5,,,OBAnorm,,LD831_02097v2.403,,,,0,0
DENATRLA,2025-06-23 23:10:35.000,27.9,23.5,25.8,25.9,18.7,14.2,11.9,8.0,4.8,6.3,7.3,11.7,12.1,14.3,15.5,14.6,13.8,13.8,13.1,11.1,9.6,6.0,10.0,11.3,9.3,0.8,-2.6,-3.6,-3.1,-3.5,-4.2,-3.0,0.0,21.5,28.5,41.2,13.4,0.0,0.3,25.1,13.3,68.5,,,OBAnorm,,LD831_02097v2.403,,,,0,0
DENATRLA,2025-06-23 23:10:36.000,29.0,24.2,22.3,24.2,18.7,14.8,11.7,8.1,4.9,5.1,7.4,9.9,13.3,14.2,14.9,14.5,13.6,13.6,12.4,11.3,9.4,7.0,12.3,15.8,12.5,-1.1,-3.2,-3.5,-3.2,-3.9,-4.3,-3.2,-0.1,22.8,29.8,47.7,13.4,0.0,0.3,25.1,13.3,68.5,,,OBAnorm,,LD831_02097v2.403,,,,0,0
DENATRLA,2025-06-23 23:10:37.000,25.2,27.4,25.2,25.2,18.3,13.3,13.1,8.8,4.2,4.2,9.5,12.1,13.7,14.2,15.7,14.2,13.2,14.1,14.4,11.6,8.9,6.4,6.7,10.2,9.4,1.1,-3.6,-3.9,-3.8,-4.0,-4.5,-3.2,-0.2,21.3,31.0,48.1,13.4,0.0,0.3,25.0,13.3,68.5,,,OBAnorm,,LD831_02097v2.403,,,,0,0
DENATRLA,2025-06-23 23:10:38.000,25.5,28.8,24.8,26.1,19.0,15.7,9.7,6.9,5.6,5.2,6.6,11.5,11.3,14.2,15.9,14.9,13.8,13.2,12.6,10.8,8.9,9.4,6.7,17.2,8.2,-0.1,-3.9,-3.9,-3.8,-3.9,-4.5,-3.0,0.0,22.8,34.1,49.2,13.4,0.0,0.3,25.1,13.3,68.5,,,OBAnorm,,LD831_02097v2.403,,,,0,0
DENATRLA,2025-06-23 23:10:39.000,23.7,30.1,31.0,32.5,26.3,20.3,12.1,6.2,5.7,5.1,8.4,10.6,12.0,13.3,14.5,14.6,13.5,14.0,12.4,10.6,7.8,6.0,5.7,9.4,10.6,9.1,-3.6,-3.9,-3.8,-4.0,-4.5,-3.2,-0.1,21.2,33.3,49.6,13.4,0.0,0.3,25.0,13.3,69.1,,,OBAnorm,,LD831_02097v2.403,,,,0,0
DENATRLA,2025-06-23 23:10:40.000,32.1,28.8,33.1,26.3,21.9,17.9,13.3,7.7,3.8,5.3,7.1,10.2,12.7,14.1,14.1,13.8,12.3,14.0,12.3,10.7,8.5,12.7,13.2,16.9,12.5,11.7,-3.0,-3.9,-3.9,-3.9,-4.5,-3.2,-0.1,23.8,33.4,51.1,13.4,0.0,0.3,25.1,13.3,69.1,,,OBAnorm,,LD831_02097v2.403,,,,0,0
DENATRLA,2025-06-23 23:10:41.000,33.5,33.4,27.4,29.3,23.6,16.8,12.8,7.8,4.7,2.4,7.3,11.3,12.9,14.2,14.7,13.8,13.2,13.3,12.8,10.2,8.1,6.5,5.9,9.8,7.9,6.8,-2.6,-3.9,-3.8,-4.0,-4.4,-3.3,-0.2,20.7,32.9,48.6,13.4,0.0,0.3,25.0,13.3,69.1,,,OBAnorm,,LD831_02097v2.403,,,,0,0
DENATRLA,2025-06-23 23:10:42.000,33.0,31.8,27.8,25.2,24.7,16.3,9.4,8.9,2.7,4.9,8.8,10.3,13.7,14.9,14.2,13.5,14.8,13.9,12.2,10.4,8.3,8.3,9.6,14.1,6.0,-0.3,-3.9,-3.8,-3.8,-4.0,-4.5,-3.4,-0.3,21.6,32.2,47.5,13.4,0.0,0.3,25.0,13.3,69.1,,,OBAnorm,,LD831_02097v2.403,,,,0,0
DENATRLA,2025-06-23 23:10:43.000,35.8,29.2,31.1,27.2,22.1,16.5,13.2,8.1,5.5,3.6,8.2,11.9,14.0,14.1,14.8,14.3,13.8,14.2,12.4,10.7,8.4,5.1,2.9,1.8,-0.3,-2.7,-4.0,-3.9,-3.8,-3.9,-4.4,-3.3,-0.2,19.9,31.0,45.3,13.4,0.0,0.3,25.1,13.3,69.1,,,OBAnorm,,LD831_02097v2.403,,,,0,0
DENATRLA,2025-06-23 23:10:44.000,36.9,35.9,29.7,24.5,21.4,15.4,13.6,7.0,5.1,4.2,7.1,11.6,12.3,14.0,14.4,13.9,14.3,13.9,12.8,10.8,8.2,5.0,4.6,4.1,1.2,-2.9,-3.8,-3.5,-3.7,-3.8,-4.3,-3.1,-0.1,19.9,38.0,51.3,13.4,0.0,0.3,25.0,13.3,69.1,,,OBAnorm,,LD831_02097v2.403,,,,0,0
DENATRLA,2025-06-23 23:10:45.000,32.6,28.6,35.1,33.2,26.6,18.8,11.9,7.9,5.6,5.3,7.3,9.4,12.3,14.2,15.0,14.4,13.8,13.8,12.3,11.1,7.8,5.7,3.7,1.6,0.9,-2.2,-3.9,-3.9,-3.8,-3.9,-4.5,-3.2,-0.1,19.8,36.7,48.5,13.4,0.0,0.3,25.0,13.3,69.1,,,OBAnorm,,LD831_02097v2.403,,,,0,0
DENATRLA,2025-06-23 23:10:46.000,34.9,36.5,38.8,32.3,22.8,16.1,10.6,8.0,4.5,5.4,7.5,11.0,11.8,14.4,15.3,14.5,13.3,13.6,12.7,10.6,8.1,7.6,9.4,10.0,8.8,-0.4,-3.7,-3.9,-3.9,-3.9,-4.4,-3.2,-0.2,21.0,32.7,48.5,13.4,0.0,0.3,25.2,13.3,69.1,,,OBAnorm,,LD831_02097v2.403,,,,0,0
DENATRLA,2025-06-23 23:10:47.000,42.0,39.8,36.2,29.7,22.0,14.9,11.3,6.0,3.9,2.7,7.7,11.8,12.0,14.8,14.8,14.4,13.2,13.9,12.4,10.6,7.8,7.9,5.7,9.2,7.2,-2.9,-3.7,-3.9,-3.8,-4.0,-4.4,-3.1,-0.1,20.6,31.4,42.5,13.4,0.0,0.3,25.0,13.3,69.1,,,OBAnorm,,LD831_02097v2.403,,,,0,0
DENATRLA,2025-06-23 23:10:48.000,34.7,36.2,29.9,28.0,19.4,15.4,9.3,7.5,4.9,3.6,6.8,10.8,12.9,14.9,15.0,13.9,14.3,13.4,12.5,11.0,8.2,7.8,6.6,9.6,9.4,0.7,-4.0,-3.9,-3.9,-4.0,-4.5,-3.1,-0.1,21.0,30.8,45.0,13.4,0.0,0.3,25.0,13.3,69.1,,,OBAnorm,,LD831_02097v2.403,,,,0,0
DENATRLA,2025-06-23 23:10:49.000,30.2,32.2,32.6,25.1,19.7,14.6,11.1,4.5,5.1,5.4,7.6,12.4,14.4,16.1,15.9,14.9,13.9,14.5,12.8,10.7,8.0,5.4,3.9,3.5,1.8,-1.2,-3.6,-3.9,-3.8,-4.0,-4.5,-3.3,-0.1,20.2,29.4,43.0,13.4,0.0,0.3,25.0,13.3,69.1,,,OBAnorm,,LD831_02097v2.403,,,,0,0
DENATRLA,2025-06-23 23:10:50.000,29.7,34.1,29.2,25.4,16.5,14.0,11.8,7.2,5.1,6.1,8.5,11.7,12.9,13.9,15.0,15.3,13.7,13.5,12.4,10.7,8.3,5.5,2.4,-0.8,-2.7,-3.8,-4.1,-3.9,-3.8,-4.0,-4.5,-3.1,0.0,19.7,30.7,42.0,13.4,0.0,0.3,25.1,13.3,69.1,,,OBAnorm,,LD831_02097v2.403,,,,0,0
DENATRLA,2025-06-23 23:10:51.000,24.2,30.4,31.0,28.7,20.9,11.8,10.1,8.9,5.2,3.6,7.2,10.5,12.8,13.9,15.9,14.4,14.0,14.1,13.1,11.2,9.0,5.0,3.4,3.9,-2.0,-3.8,-4.0,-3.9,-3.8,-3.9,-4.4,-3.1,-0.1,20.0,28.6,39.6,13.4,0.0,0.3,25.0,13.3,69.1,,,OBAnorm,,LD831_02097v2.403,,,,0,0
DENATRLA,2025-06-23 23:10:52.000,29.7,30.2,26.7,21.6,17.6,13.2,9.1,8.3,4.5,4.9,7.5,12.5,14.1,14.5,14.7,14.5,14.1,12.9,12.6,11.1,8.2,5.5,3.1,3.5,0.3,-2.9,-3.9,-3.9,-3.8,-4.0,-4.4,-3.1,-0.3,19.8,26.1,38.6,13.4,0.0,0.3,25.0,13.3,69.1,,,OBAnorm,,LD831_02097v2.403,,,,0,0
DENATRLA,2025-06-23 23:10:53.000,30.8,30.4,25.4,18.5,12.6,10.1,10.1,8.4,4.9,5.4,8.4,12.0,13.3,14.6,14.6,13.9,14.1,14.0,12.6,10.5,8.6,5.6,4.8,8.5,8.7,7.0,-3.9,-3.9,-3.6,-3.8,-4.3,-3.1,-0.1,20.8,27.7,43.2,13.4,0.0,0.3,25.0,13.3,69.1,,,OBAnorm,,LD831_02097v2.403,,,,0,0
DENATRLA,2025-06-23 23:10:54.000,29.4,24.4,18.0,17.6,15.9,12.6,9.0,8.0,4.4,4.9,7.1,11.2,14.0,15.6,15.9,14.4,13.1,14.1,12.1,10.1,8.2,6.3,3.5,4.3,3.9,1.9,-3.7,-3.4,-3.4,-3.5,-4.3,-3.2,-0.2,19.9,27.0,41.1,13.4,0.0,0.3,25.0,13.3,69.1,,,OBAnorm,,LD831_02097v2.403,,,,0,0
DENATRLA,2025-06-23 23:10:55.000,29.1,25.7,21.4,16.9,15.6,11.0,12.7,8.0,5.0,5.0,8.2,12.1,14.0,15.0,14.7,13.9,13.6,13.4,12.0,10.7,8.0,5.6,2.1,0.0,-1.4,-3.8,-4.0,-3.9,-3.8,-4.0,-4.4,-3.2,-0.2,19.6,27.0,40.6,13.4,0.0,0.3,25.0,13.3,69.1,,,OBAnorm,,LD831_02097v2.403,,,,0,0
DENATRLA,2025-06-23 23:10:56.000,27.6,29.1,21.4,20.4,12.4,13.2,12.8,7.3,2.0,5.2,6.3,9.9,13.7,14.8,15.8,13.4,13.2,13.9,12.2,10.9,8.8,9.6,8.9,9.8,9.0,-2.2,-4.0,-3.9,-3.9,-4.0,-4.5,-3.3,-0.2,21.1,28.0,46.5,13.4,0.0,0.3,25.0,13.3,69.1,,,OBAnorm,,LD831_02097v2.403,,,,0,0
DENATRLA,2025-06-23 23:10:57.000,27.1,24.1,24.4,18.3,16.7,12.7,12.6,11.2,4.5,3.0,7.5,11.2,11.7,13.5,13.7,13.9,13.6,13.8,12.1,10.2,8.2,5.9,3.3,4.1,5.1,2.7,-3.6,-3.9,-3.8,-3.9,-4.4,-3.1,-0.1,19.7,32.1,52.2,13.4,0.0,0.3,25.0,13.3,69.1,,,OBAnorm,,LD831_02097v2.403,,,,0,0
DENATRLA,2025-06-23 23:10:58.000,26.8,24.7,28.5,24.4,17.1,14.0,12.7,10.1,3.0,3.0,7.0,11.5,13.4,14.6,14.6,14.0,13.0,13.1,12.4,10.4,7.5,4.9,2.7,3.2,4.3,-0.6,-4.0,-3.8,-3.8,-3.9,-4.4,-3.1,-0.2,19.7,29.1,50.2,13.4,0.0,0.3,25.0,13.3,69.1,,,OBAnorm,,LD831_02097v2.403,,,,0,0
DENATRLA,2025-06-23 23:10:59.000,28.6,30.4,23.8,21.4,14.4,11.0,11.1,7.7,5.5,4.4,8.4,11.4,13.7,14.6,14.4,13.2,13.0,14.2,13.5,21.1,20.9,9.4,11.6,14.2,14.2,18.9,20.5,15.1,19.2,13.5,9.1,2.6,-0.1,29.3,31.1,48.8,13.4,0.0,0.3,25.0,13.3,69.1,,,OBAnorm,,LD831_02097v2.403,,,,0,0
DENATRLA,2025-06-23 23:11:00.000,33.6,30.9,21.8,20.2,17.3,14.3,11.4,7.8,5.9,4.6,7.0,12.0,12.2,14.4,15.3,15.0,14.2,15.7,14.7,25.5,27.3,11.7,14.5,18.8,20.5,22.6,24.7,19.4,22.9,19.7,15.1,6.0,0.3,33.4,33.6,50.0,13.4,0.0,0.3,25.0,13.3,69.1,,,OBAnorm,,LD831_02097v2.403,,,,0,0
DENATRLA,2025-06-23 23:11:01.000,28.4,27.3,25.3,19.1,14.9,12.9,11.0,7.6,3.4,6.4,8.2,11.3,11.5,13.8,15.1,13.5,13.5,14.2,14.8,24.2,23.7,10.5,13.5,16.4,18.5,19.7,20.3,16.2,21.2,18.3,13.2,4.4,0.0,31.0,31.9,50.2,13.4,0.0,0.3,25.0,13.3,69.1,,,OBAnorm,,LD831_02097v2.403,,,,0,0
DENATRLA,2025-06-23 23:11:02.000,25.6,26.9,19.4,17.8,15.4,12.2,9.5,7.3,3.1,4.5,8.3,10.7,13.6,13.8,14.5,14.6,13.2,13.9,14.6,20.4,18.1,8.0,9.8,11.8,12.5,15.0,16.5,10.9,16.4,12.6,8.5,1.1,0.0,26.5,31.2,50.1,13.4,0.0,0.3,25.0,13.3,69.1,,,OBAnorm,,LD831_02097v2.403,,,,0,0
DENATRLA,2025-06-23 23:11:03.000,28.0,25.4,22.0,19.7,20.7,17.9,12.2,10.0,5.0,4.6,7.5,10.2,12.4,13.4,14.5,13.7,13.0,13.1,11.5,9.5,8.1,3.8,0.9,-1.6,-2.9,-3.8,-3.9,-3.9,-3.9,-4.0,-4.4,-3.3,-0.2,18.9,30.9,48.7,13.4,0.0,0.3,25.0,13.3,69.1,,,OBAnorm,,LD831_02097v2.403,,,,0,0
DENATRLA,2025-06-23 23:11:04.000,31.7,28.5,25.0,21.6,17.8,16.5,14.1,11.2,6.1,5.7,10.2,12.7,12.8,13.4,14.3,14.3,12.6,13.1,11.1,9.7,8.5,5.4,12.0,13.6,10.9,-1.6,-1.2,-3.6,-3.3,-3.5,-4.3,-3.1,-0.1,21.7,28.6,45.3,13.4,0.0,0.3,25.0,13.3,69.1,,,OBAnorm,,LD831_02097v2.403,,,,0,0
DENATRLA,2025-06-23 23:11:05.000,28.1,28.8,23.9,19.1,16.4,14.1,10.6,7.9,3.8,6.2,8.0,11.2,11.6,12.7,14.1,13.3,13.2,14.1,12.0,10.3,8.6,5.4,8.2,10.0,10.3,4.8,-2.1,-3.7,-3.4,-3.8,-4.4,-3.2,-0.1,20.9,29.8,48.8,13.4,0.0,0.3,25.0,13.3,69.1,,,OBAnorm,,LD831_02097v2.403,,,,0,0
DENATRLA,2025-06-23 23:11:06.000,32.4,31.5,23.1,18.1,15.7,14.6,9.4,9.9,4.4,4.2,7.6,10.6,12.7,14.0,13.6,13.8,13.0,13.3,12.0,10.3,7.8,5.2,3.3,3.7,2.4,8.5,2.7,-3.6,-3.6,-3.7,-4.2,-3.1,0.0,19.8,26.8,43.4,13.4,0.0,0.3,25.0,13.3,69.1,,,OBAnorm,,LD831_02097v2.403,,,,0,0
DENATRLA,2025-06-23 23:11:07.000,31.2,29.8,24.1,16.4,13.8,12.3,10.8,7.4,3.8,2.8,7.5,9.6,13.1,13.1,15.2,14.8,12.1,12.7,13.3,9.8,7.5,4.5,1.6,2.7,0.4,-0.5,-3.0,-3.8,-3.6,-3.8,-4.3,-3.2,-0.1,19.4,26.5,46.9,13.4,0.0,0.3,25.0,13.3,69.1,,,OBAnorm,,LD831_02097v2.403,,,,0,0
DENATRLA,2025-06-23 23:11:08.000,28.0,21.6,19.5,17.1,12.5,10.7,9.3,7.9,6.1,4.0,7.6,9.5,12.4,13.5,13.8,13.9,12.5,12.3,11.9,9.6,6.5,4.0,0.5,-2.1,-3.5,-3.8,-3.8,-3.8,-3.8,-4.0,-4.4,-3.2,-0.2,18.6,26.7,47.1,13.4,0.0,0.3,25.0,13.3,69.1,,,OBAnorm,,LD831_02097v2.403,,,,0,0
DENATRLA,2025-06-23 23:11:09.000,25.8,22.2,21.8,16.8,16.8,12.2,10.5,8.2,6.8,4.1,8.0,9.2,13.3,13.8,13.8,13.7,12.2,11.9,12.1,9.0,6.8,6.9,9.7,11.1,7.8,-2.2,-3.7,-3.8,-3.9,-3.8,-4.4,-3.1,-0.1,20.5,29.3,49.8,13.4,0.0,0.3,25.0,13.3,69.1,,,OBAnorm,,LD831_02097v2.403,,,,0,0
DENATRLA,2025-06-23 23:11:10.000,27.7,25.7,21.4,19.8,15.8,13.3,8.2,6.7,6.0,3.5,7.1,9.8,12.6,13.2,13.7,14.1,12.7,12.4,12.2,9.3,7.0,6.5,7.4,9.1,6.0,1.4,-3.7,-3.9,-3.8,-3.8,-4.4,-3.1,-0.1,19.9,26.5,41.5,13.4,0.0,0.3,25.0,13.3,69.1,,,OBAnorm,,LD831_02097v2.403,,,,0,0
DENATRLA,2025-06-23 23:11:11.000,29.9,24.6,23.5,16.5,15.4,13.6,10.0,8.0,3.4,5.5,6.6,10.6,11.3,12.9,14.5,13.2,13.4,13.0,11.4,9.4,7.1,3.6,1.3,-0.6,-2.7,-3.5,-3.9,-3.9,-3.9,-4.0,-4.4,-3.3,-0.2,18.8,26.2,41.4,13.4,0.0,0.3,25.1,13.3,69.7,,,OBAnorm,,LD831_02097v2.403,,,,0,0
DENATRLA,2025-06-23 23:11:12.000,32.8,28.3,21.1,16.2,14.3,13.3,10.6,9.5,3.3,3.8,7.1,11.1,10.3,13.3,14.2,14.3,12.6,12.8,12.0,9.2,6.9,3.4,1.3,2.1,0.8,-3.8,-4.0,-3.9,-3.8,-3.9,-4.4,-3.3,0.1,19.0,26.8,45.0,13.4,0.0,0.3,25.0,13.3,69.7,,,OBAnorm,,LD831_02097v2.403,,,,0,0
DENATRLA,2025-06-23 23:11:13.000,25.4,23.4,20.3,20.2,11.2,12.7,8.5,7.9,5.4,2.9,5.3,10.8,10.8,14.4,13.8,13.3,13.2,12.7,12.0,10.3,7.1,4.4,2.7,4.9,3.6,-0.8,-3.8,-3.8,-3.8,-3.8,-4.4,-3.2,-0.1,19.3,28.5,43.8,13.4,0.0,0.3,25.1,13.3,69.7,,,OBAnorm,,LD831_02097v2.403,,,,0,0
DENATRLA,2025-06-23 23:11:14.000,25.6,23.4,21.6,19.0,14.7,10.7,11.7,6.9,3.1,5.2,7.8,9.6,11.9,14.2,14.1,13.1,13.4,12.7,12.7,9.5,7.3,4.0,2.5,0.9,-1.6,-2.9,-3.8,-3.8,-3.8,-3.8,-4.3,-3.1,-0.1,19.1,26.6,45.1,13.4,0.0,0.3,25.0,13.3,69.7,,,OBAnorm,,LD831_02097v2.403,,,,0,0
DENATRLA,2025-06-23 23:11:15.000,31.1,27.0,19.8,16.7,13.2,12.6,9.5,6.0,5.3,5.2,7.3,9.0,12.6,13.2,13.4,13.5,13.4,12.5,12.4,10.2,7.4,8.4,8.3,13.6,15.8,-1.3,-3.8,-3.8,-3.8,-3.9,-4.5,-3.1,-0.1,22.3,27.3,45.6,13.4,0.0,0.3,25.0,13.3,69.1,,,OBAnorm,,LD831_02097v2.403,,,,0,0
DENATRLA,2025-06-23 23:11:16.000,30.9,24.8,21.2,15.2,15.5,12.5,7.8,8.9,2.3,4.9,7.4,9.7,11.8,13.3,14.4,12.8,13.3,12.9,12.5,10.0,7.4,4.3,1.9,6.4,14.2,-1.0,-3.6,-3.8,-3.8,-3.9,-4.3,-3.0,0.0,20.7,25.6,43.9,13.4,0.0,0.3,25.0,13.3,69.1,,,OBAnorm,,LD831_02097v2.403,,,,0,0
DENATRLA,2025-06-23 23:11:17.000,28.5,24.6,21.6,18.4,9.3,9.9,9.6,7.0,4.1,3.5,6.0,11.3,12.8,12.9,14.3,14.0,13.0,12.9,11.7,10.0,7.6,4.0,2.1,-0.1,-2.0,-3.5,-3.7,-3.8,-3.8,-3.9,-4.3,-3.1,-0.1,19.0,25.7,44.6,13.4,0.0,0.3,25.0,13.3,69.1,,,OBAnorm,,LD831_02097v2.403,,,,0,0
DENATRLA,2025-06-23 23:11:18.000,25.6,22.1,19.1,15.3,15.0,10.0,9.3,8.4,2.8,4.1,5.0,9.6,12.9,12.9,14.9,14.4,13.0,12.5,12.6,10.7,8.4,5.1,8.2,9.0,2.8,-1.1,-3.7,-3.7,-3.7,-3.9,-4.4,-3.0,0.1,20.2,25.2,39.6,13.4,0.0,0.3,25.0,13.3,69.1,,,OBAnorm,,LD831_02097v2.403,,,,0,0
DENATRLA,2025-06-23 23:11:19.000,24.0,20.3,17.4,10.7,12.5,10.9,7.8,8.2,2.9,5.5,8.1,10.8,12.5,13.6,14.6,15.0,14.0,12.7,12.7,10.1,7.6,4.9,3.1,4.3,4.2,0.0,-3.9,-3.8,-3.8,-3.9,-4.5,-3.2,-0.1,19.6,25.1,41.9,13.4,0.0,0.3,25.0,13.3,69.1,,,OBAnorm,,LD831_02097v2.403,,,,0,0
DENATRLA,2025-06-23 23:11:20.000,19.9,23.1,19.7,16.0,12.2,8.7,7.6,8.6,4.8,4.4,6.9,9.8,13.1,13.7,14.5,14.5,13.1,12.8,12.1,10.5,8.0,8.1,8.7,11.4,7.1,0.9,-3.8,-3.9,-3.8,-3.9,-4.5,-3.1,0.0,20.8,25.3,40.0,13.4,0.0,0.3,25.0,13.3,69.1,,,OBAnorm,,LD831_02097v2.403,,,,0,0
DENATRLA,2025-06-23 23:11:21.000,22.8,21.6,19.9,15.4,7.4,5.7,8.2,4.9,4.5,2.6,6.5,10.2,12.9,13.1,14.5,14.4,13.2,13.0,11.9,9.7,7.4,4.4,2.5,4.8,0.5,-1.3,-3.9,-3.9,-3.8,-3.9,-4.4,-3.1,0.0,19.3,25.4,43.8,13.4,0.0,0.3,25.0,13.3,69.1,,,OBAnorm,,LD831_02097v2.403,,,,0,0
DENATRLA,2025-06-23 23:11:22.000,23.3,20.0,20.7,14.5,10.5,12.2,7.5,6.0,3.9,4.0,8.0,9.8,11.7,12.8,14.3,14.0,13.4,12.1,11.9,9.9,7.0,4.0,1.2,0.3,-2.5,-3.7,-3.8,-3.8,-3.7,-3.8,-4.3,-3.1,0.0,18.8,26.2,46.6,13.4,0.0,0.3,25.0,13.3,69.1,,,OBAnorm,,LD831_02097v2.403,,,,0,0
DENATRLA,2025-06-23 23:11:23.000,21.7,18.0,19.1,16.1,13.0,11.1,11.1,7.2,2.8,3.0,7.5,11.4,12.2,14.5,14.5,14.0,12.8,12.0,12.1,9.7,6.5,3.8,2.3,-1.4,-3.1,-3.4,-3.8,-3.9,-3.8,-3.8,-4.4,-3.1,0.1,18.9,27.3,45.1,13.4,0.0,0.3,25.0,13.3,69.1,,,OBAnorm,,LD831_02097v2.403,,,,0,0
DENATRLA,2025-06-23 23:11:24.000,24.4,19.3,23.0,14.7,14.1,11.2,7.8,6.8,2.5,2.9,6.5,10.3,11.4,13.9,15.2,14.9,13.5,13.1,11.7,10.2,7.5,5.1,1.7,-0.9,-1.3,-3.4,-3.8,-3.8,-3.5,-3.9,-4.4,-3.2,0.1,19.4,27.0,44.8,13.4,0.0,0.3,25.0,13.3,69.1,,,OBAnorm,,LD831_02097v2.403,,,,0,0
DENATRLA,2025-06-23 23:11:25.000,27.1,20.4,24.4,16.9,14.3,12.0,10.6,6.6,5.1,3.1,7.0,10.1,12.9,14.0,14.5,13.9,13.1,13.5,12.9,10.4,7.2,6.0,7.5,8.7,7.6,-1.5,-3.6,-3.8,-3.6,-3.8,-4.3,-3.1,-0.2,20.3,26.2,46.0,13.4,0.0,0.3,25.0,13.3,69.1,,,OBAnorm,,LD831_02097v2.403,,,,0,0
DENATRLA,2025-06-23 23:11:26.000,24.4,20.4,21.6,15.2,13.5,7.8,7.1,7.7,3.7,5.1,8.4,10.9,12.3,14.3,14.6,13.9,12.6,12.4,12.6,9.9,7.9,5.3,5.2,7.2,5.0,0.3,-3.5,-3.8,-3.8,-4.0,-4.5,-3.1,-0.2,19.8,28.5,49.6,13.4,0.0,0.3,25.0,13.3,69.1,,,OBAnorm,,LD831_02097v2.403,,,,0,0
DENATRLA,2025-06-23 23:11:27.000,28.2,21.2,23.4,17.2,14.5,10.7,7.5,8.0,3.7,3.6,6.2,9.4,13.2,13.3,14.1,14.3,13.3,13.6,12.8,9.8,6.6,4.4,2.3,1.2,1.0,1.9,-3.8,-3.9,-3.9,-4.0,-4.5,-3.1,-0.1,19.4,28.8,46.9,13.4,0.0,0.3,25.0,13.3,69.1,,,OBAnorm,,LD831_02097v2.403,,,,0,0
DENATRLA,2025-06-23 23:11:28.000,23.3,22.1,21.8,19.4,15.9,14.2,11.6,6.9,6.5,4.7,7.8,11.3,11.7,14.0,15.3,14.3,13.0,12.9,12.4,9.6,7.7,4.5,2.1,2.1,3.7,4.2,-3.6,-3.8,-3.8,-4.0,-4.4,-3.2,-0.2,19.6,28.1,46.2,13.4,0.0,0.3,25.0,13.3,69.1,,,OBAnorm,,LD831_02097v2.403,,,,0,0
DENATRLA,2025-06-23 23:11:29.000,22.8,25.9,24.9,21.8,17.0,12.7,12.6,7.8,5.0,5.3,8.2,11.4,13.7,14.7,14.9,14.0,14.1,13.9,12.7,9.7,6.9,4.4,1.7,1.3,0.0,-2.9,-3.7,-3.7,-3.6,-3.8,-4.4,-3.2,-0.1,19.5,26.9,42.6,13.4,0.0,0.3,25.0,13.3,69.7,,,OBAnorm,,LD831_02097v2.403,,,,0,0
DENATRLA,2025-06-23 23:11:30.000,31.0,28.9,24.8,19.2,19.6,14.4,5.7,6.6,3.9,5.6,7.2,10.6,11.3,13.2,16.3,14.4,13.9,13.6,12.8,10.0,7.0,4.7,1.8,-0.9,-2.1,-3.2,-3.9,-3.9,-3.8,-3.9,-4.5,-3.3,-0.1,19.6,26.9,43.0,13.4,0.0,0.3,25.0,13.3,69.7,,,OBAnorm,,LD831_02097v2.403,,,,0,0
DENATRLA,2025-06-23 23:11:31.000,27.5,24.1,22.6,16.8,17.9,13.9,12.0,8.8,6.2,3.7,10.0,11.2,13.4,14.4,14.3,14.5,13.6,13.2,12.3,10.0,7.2,4.4,7.0,1.8,-1.9,-3.3,-3.9,-3.9,-3.9,-4.0,-4.5,-3.3,0.0,19.6,27.7,45.5,13.4,0.0,0.3,25.0,13.3,69.7,,,OBAnorm,,LD831_02097v2.403,,,,0,0
DENATRLA,2025-06-23 23:11:32.000,27.1,22.4,23.0,23.2,13.7,12.0,10.1,8.4,4.5,2.8,8.2,11.8,12.8,13.5,14.6,14.4,13.9,12.8,12.4,10.3,7.7,6.0,6.0,8.3,9.5,-0.9,-3.5,-3.9,-3.8,-3.9,-4.5,-3.3,-0.2,20.5,27.5,44.7,13.4,0.0,0.3,25.0,13.3,69.7,,,OBAnorm,,LD831_02097v2.403,,,,0,0
DENATRLA,2025-06-23 23:11:33.000,26.4,26.5,23.3,20.3,15.7,11.2,9.6,8.5,6.0,5.4,7.6,10.6,13.1,14.6,15.4,14.0,14.4,13.6,12.8,9.7,7.7,5.4,2.8,2.9,2.3,1.5,-0.5,-3.7,-3.7,-3.9,-4.4,-3.2,-0.2,19.9,28.1,45.0,13.4,0.0,0.3,25.0,13.3,69.7,,,OBAnorm,,LD831_02097v2.403,,,,0,0
DENATRLA,2025-06-23 23:11:34.000,23.8,27.3,25.0,20.1,18.7,14.6,11.4,6.4,4.3,5.5,7.2,11.5,13.5,14.6,14.9,13.7,13.4,13.2,13.9,10.7,7.8,5.3,2.6,-0.5,-2.4,-2.7,-3.7,-3.8,-3.8,-4.0,-4.5,-3.3,-0.1,19.8,26.4,38.8,13.4,0.0,0.3,25.0,13.3,70.2,,,OBAnorm,,LD831_02097v2.403,,,,0,0
DENATRLA,2025-06-23 23:11:35.000,28.8,26.8,21.7,17.4,12.5,13.3,11.1,8.1,5.8,5.0,8.0,10.8,13.9,14.6,15.3,15.0,13.5,13.1,13.0,10.3,7.7,6.9,5.1,7.5,6.6,-1.2,-3.6,-3.8,-3.8,-3.9,-4.4,-3.1,-0.2,20.4,27.9,42.2,13.4,0.0,0.3,25.0,13.2,70.2,,,OBAnorm,,LD831_02097v2.403,,,,0,0
DENATRLA,2025-06-23 23:11:36.000,28.1,21.6,22.9,16.1,16.1,14.7,10.1,6.7,5.7,4.2,7.5,11.3,13.2,14.1,14.8,14.8,13.2,12.8,13.1,10.5,8.3,6.2,4.0,7.3,6.0,4.1,-3.5,-3.8,-3.8,-3.9,-4.5,-3.2,-0.1,20.3,26.1,46.9,13.4,0.0,0.3,25.0,13.2,70.2,,,OBAnorm,,LD831_02097v2.403,,,,0,0
DENATRLA,2025-06-23 23:11:37.000,26.6,23.2,23.5,17.2,16.6,9.1,9.9,4.9,3.7,2.5,7.4,12.1,13.0,14.1,15.1,14.8,14.2,13.7,13.1,11.1,8.4,6.8,6.0,9.9,2.5,-1.5,-3.7,-3.8,-3.9,-4.0,-4.4,-3.3,-0.3,20.7,27.3,41.8,13.4,0.0,0.3,25.0,13.2,70.2,,,OBAnorm,,LD831_02097v2.403,,,,0,0
DENATRLA,2025-06-23 23:11:38.000,29.1,23.1,20.2,14.2,12.6,7.5,10.4,7.3,6.0,4.1,7.9,10.7,13.3,15.3,15.4,15.0,13.8,13.4,12.3,10.5,7.6,5.4,3.4,5.7,3.7,-2.7,-3.9,-3.9,-3.9,-4.0,-4.5,-3.2,-0.2,19.9,26.2,41.2,13.4,0.0,0.3,25.0,13.2,70.2,,,OBAnorm,,LD831_02097v2.403,,,,0,0
DENATRLA,2025-06-23 23:11:39.000,30.3,24.6,22.0,16.3,12.1,9.1,11.6,7.0,4.2,5.7,8.3,11.9,13.4,14.0,14.9,14.5,13.9,13.2,12.2,9.9,7.6,4.4,2.1,0.0,2.0,-2.3,-3.9,-3.9,-3.8,-4.0,-4.5,-3.1,-0.1,19.6,25.7,42.8,13.4,0.0,0.3,25.0,13.2,70.8,,,OBAnorm,,LD831_02097v2.403,,,,0,0
DENATRLA,2025-06-23 23:11:40.000,24.0,22.3,20.5,15.5,12.7,11.4,7.6,7.7,5.1,4.4,7.0,9.8,14.3,13.8,16.5,14.9,14.1,13.8,12.0,10.2,7.0,4.3,1.6,-0.1,3.9,12.0,6.4,-3.8,-3.7,-4.0,-4.5,-3.4,-0.2,20.8,26.1,41.3,13.4,0.0,0.3,25.0,13.2,70.8,,,OBAnorm,,LD831_02097v2.403,,,,0,0
DENATRLA,2025-06-23 23:11:41.000,27.8,23.2,16.8,14.8,14.5,11.9,10.3,7.0,5.2,1.6,7.0,9.4,13.7,14.2,15.2,14.8,14.5,13.8,13.0,10.5,7.2,4.5,1.5,-1.6,3.6,10.9,5.1,-3.8,-3.6,-3.9,-4.5,-3.2,-0.3,20.5,25.4,38.0,13.4,0.0,0.3,25.0,13.2,70.8,,,OBAnorm,,LD831_02097v2.403,,,,0,0
DENATRLA,2025-06-23 23:11:42.000,22.5,21.7,16.3,16.7,13.3,12.6,8.1,6.6,6.2,4.8,7.7,10.6,12.6,14.6,14.9,15.5,13.8,14.0,12.8,9.9,6.8,4.2,1.6,-0.4,-1.7,-3.1,-3.9,-3.8,-3.8,-3.9,-4.4,-3.2,-0.2,19.7,25.5,41.7,13.4,0.0,0.3,25.0,13.2,70.8,,,OBAnorm,,LD831_02097v2.403,,,,0,0
DENATRLA,2025-06-23 23:11:43.000,21.9,22.6,19.3,17.3,14.3,10.9,10.8,7.0,6.2,3.2,9.1,11.2,12.1,14.5,15.0,15.9,15.2,15.6,13.3,9.6,8.0,5.9,9.2,11.0,6.9,-1.0,-3.9,-3.8,-3.8,-3.8,-4.4,-3.1,-0.2,21.4,26.4,42.0,13.4,0.0,0.3,25.0,13.2,70.8,,,OBAnorm,,LD831_02097v2.403,,,,0,0
DENATRLA,2025-06-23 23:11:44.000,21.9,19.6,16.5,17.8,13.8,15.3,12.5,10.3,3.9,4.1,8.6,10.6,13.6,15.0,16.3,15.4,14.3,13.6,13.2,10.0,7.6,4.9,4.1,6.2,2.4,-2.1,-3.8,-3.9,-3.8,-3.9,-4.4,-3.2,-0.1,20.2,25.6,37.3,13.4,0.0,0.3,25.0,13.2,70.8,,,OBAnorm,,LD831_02097v2.403,,,,0,0
DENATRLA,2025-06-23 23:11:45.000,25.1,22.7,15.8,17.8,13.7,11.6,10.6,7.1,4.9,3.6,8.0,11.3,12.8,15.6,15.7,15.3,14.4,14.0,12.6,10.3,7.6,4.5,3.3,2.8,0.6,-2.9,-3.8,-3.9,-3.8,-3.9,-4.4,-3.2,-0.2,20.0,25.1,35.7,13.4,0.0,0.3,25.0,13.2,71.3,,,OBAnorm,,LD831_02097v2.403,,,,0,0
DENATRLA,2025-06-23 23:11:46.000,22.6,20.8,17.5,13.4,13.7,9.6,8.9,8.9,5.1,4.0,7.9,12.9,13.1,16.1,15.1,15.8,14.6,13.0,12.7,9.8,7.2,4.1,1.3,-1.7,-3.2,-3.4,-3.9,-3.9,-3.8,-4.0,-4.5,-3.2,-0.2,19.6,26.7,39.7,13.4,0.0,0.3,25.0,13.2,71.3,,,OBAnorm,,LD831_02097v2.403,,,,0,0
DENATRLA,2025-06-23 23:11:47.000,21.2,20.3,20.9,16.3,12.9,11.0,9.6,8.3,4.3,5.3,7.8,12.2,13.0,14.7,16.4,15.7,15.2,13.8,12.5,9.8,7.6,4.2,0.7,-1.7,-3.2,-3.3,-4.0,-3.8,-3.8,-3.9,-4.4,-3.2,-0.2,19.9,25.8,38.6,13.4,0.0,0.3,25.0,13.2,71.3,,,OBAnorm,,LD831_02097v2.403,,,,0,0
DENATRLA,2025-06-23 23:11:48.000,26.1,22.4,17.3,15.6,14.0,10.9,8.9,6.3,5.3,4.5,8.4,10.6,13.5,15.3,15.2,14.8,14.4,13.6,12.7,10.0,7.1,4.2,1.4,0.9,-3.0,-3.6,-4.0,-3.9,-3.8,-4.0,-4.5,-3.3,-0.2,19.9,25.5,39.3,13.4,0.0,0.3,25.0,13.2,71.3,,,OBAnorm,,LD831_02097v2.403,,,,0,0
DENATRLA,2025-06-23 23:11:49.000,27.0,24.4,22.3,12.6,12.8,10.1,9.9,8.8,3.8,5.3,9.2,10.9,12.6,15.1,16.2,15.2,14.4,14.1,12.8,10.5,7.8,6.4,3.8,2.5,-2.9,-4.0,-4.0,-3.9,-3.9,-4.0,-4.5,-3.3,0.0,20.1,26.0,39.0,13.4,0.0,0.3,25.0,13.2,71.3,,,OBAnorm,,LD831_02097v2.403,,,,0,0
DENATRLA,2025-06-23 23:11:50.000,24.2,16.9,19.1,15.1,11.5,10.7,9.5,7.5,4.2,4.6,8.0,11.4,14.0,15.5,15.2,14.8,14.0,13.8,12.4,10.3,7.9,5.8,7.9,10.9,8.6,2.0,-3.7,-3.9,-3.8,-3.9,-4.4,-3.2,-0.2,21.0,25.4,35.3,13.4,0.0,0.3,25.0,13.2,71.3,,,OBAnorm,,LD831_02097v2.403,,,,0,0
DENATRLA,2025-06-23 23:11:51.000,22.3,21.3,18.8,16.8,13.9,11.5,10.3,8.7,3.6,5.9,8.3,11.4,12.7,15.2,14.1,15.4,14.0,13.3,12.9,9.9,6.9,4.0,1.9,2.1,-0.4,-1.7,-3.7,-3.8,-3.8,-3.8,-4.5,-3.2,-0.2,19.6,25.2,39.8,13.4,0.0,0.3,25.0,13.2,71.3,,,OBAnorm,,LD831_02097v2.403,,,,0,0
DENATRLA,2025-06-23 23:11:52.000,23.3,19.8,17.6,16.1,14.9,11.1,9.9,7.1,2.7,5.3,7.4,9.3,13.7,14.1,15.1,14.5,13.4,12.2,12.7,9.0,6.9,4.7,2.4,1.2,2.8,-0.3,-3.9,-3.9,-3.9,-3.9,-4.5,-3.2,-0.2,19.3,24.5,35.9,13.4,0.0,0.3,25.0,13.2,71.3,,,OBAnorm,,LD831_02097v2.403,,,,0,0
DENATRLA,2025-06-23 23:11:53.000,18.2,19.5,17.2,13.6,12.2,9.8,8.0,7.1,4.4,5.4,8.5,10.9,14.1,14.4,14.9,14.3,13.6,13.3,12.3,9.0,6.9,4.1,1.6,6.6,6.9,9.5,-3.9,-3.8,-3.9,-3.9,-4.4,-3.1,0.0,20.2,25.0,38.6,13.4,0.0,0.3,25.0,13.2,71.9,,,OBAnorm,,LD831_02097v2.403,,,,0,0
DENATRLA,2025-06-23 23:11:54.000,18.6,20.0,17.5,16.6,11.7,8.7,8.0,7.8,4.9,4.2,5.9,11.5,11.6,13.9,15.4,15.5,14.2,13.5,12.4,9.6,7.4,3.7,0.4,-0.2,-1.6,1.4,-4.0,-3.8,-3.9,-3.9,-4.4,-3.1,-0.2,19.6,25.0,40.6,13.4,0.0,0.3,25.0,13.2,71.9,,,OBAnorm,,LD831_02097v2.403,,,,0,0
DENATRLA,2025-06-23 23:11:55.000,19.6,17.5,16.1,17.8,12.6,11.7,7.6,6.9,2.1,4.4,8.7,10.6,13.1,13.6,15.4,15.5,14.2,13.7,12.8,9.6,8.1,6.5,8.2,8.8,2.0,-1.3,-3.9,-3.9,-3.8,-4.0,-4.4,-3.1,-0.1,20.6,25.6,39.7,13.4,0.0,0.3,25.0,13.2,71.9,,,OBAnorm,,LD831_02097v2.403,,,,0,0
DENATRLA,2025-06-23 23:11:56.000,21.1,18.7,15.3,15.1,7.5,10.2,9.6,8.6,4.5,5.0,7.3,11.1,13.3,14.4,15.7,14.6,14.3,13.6,12.4,9.4,7.3,6.2,6.9,10.1,8.0,0.6,-3.6,-3.9,-3.8,-3.9,-4.4,-3.3,-0.2,20.8,25.7,35.8,13.4,0.0,0.3,25.0,13.2,71.9,,,OBAnorm,,LD831_02097v2.403,,,,0,0
DENATRLA,2025-06-23 23:11:57.000,20.6,23.1,21.1,15.6,14.9,10.6,8.8,4.1,4.9,4.4,9.4,10.9,13.9,13.7,15.8,14.4,13.8,14.2,13.1,9.7,7.0,4.7,4.5,7.4,5.1,-1.8,-3.8,-3.9,-3.9,-4.0,-4.5,-3.2,-0.2,20.3,25.1,33.6,13.4,0.0,0.3,25.0,13.2,71.9,,,OBAnorm,,LD831_02097v2.403,,,,0,0
DENATRLA,2025-06-23 23:11:58.000,25.8,20.4,18.5,13.3,12.3,12.2,8.2,6.0,2.5,3.8,8.2,10.5,13.3,14.6,15.9,14.0,14.8,14.4,13.3,10.2,7.2,4.6,1.0,-0.2,-2.9,-4.0,-4.0,-3.9,-3.8,-3.9,-4.5,-3.4,-0.1,19.8,25.7,35.7,13.4,0.0,0.3,25.0,13.2,71.9,,,OBAnorm,,LD831_02097v2.403,,,,0,0
DENATRLA,2025-06-23 23:11:59.000,21.5,21.0,18.5,16.0,11.1,10.2,10.5,7.4,2.9,4.1,7.0,11.1,14.4,14.0,15.5,14.9,12.6,13.5,12.8,10.3,7.7,5.0,1.1,4.3,-1.2,-3.7,-3.9,-3.6,-3.8,-3.9,-4.4,-3.4,-0.2,19.8,25.4,36.6,13.4,0.0,0.3,25.0,13.2,71.9,,,OBAnorm,,LD831_02097v2.403,,,,0,0
DENATRLA,2025-06-23 23:12:00.000,27.4,16.7,16.8,13.2,13.7,11.3,10.4,7.2,4.9,6.0,7.7,9.4,12.6,13.6,15.9,15.0,13.6,13.3,12.0,10.2,7.9,5.3,2.1,0.9,-2.7,-3.4,-3.7,-3.6,-3.7,-3.9,-4.3,-3.1,-0.2,19.7,25.3,38.2,13.4,0.0,0.3,24.9,13.2,71.9,,,OBAnorm,,LD831_02097v2.403,,,,0,0
DENATRLA,2025-06-23 23:12:01.000,23.0,23.5,16.0,15.6,10.2,13.5,9.5,6.9,4.4,4.7,8.3,12.1,12.9,14.1,14.7,14.7,14.1,14.0,13.1,10.1,9.1,6.3,12.8,10.1,10.0,-1.2,-4.0,-3.9,-3.8,-3.9,-4.5,-3.2,-0.1,21.6,25.4,35.1,13.4,0.0,0.3,25.0,13.2,71.9,,,OBAnorm,,LD831_02097v2.403,,,,0,0
DENATRLA,2025-06-23 23:12:02.000,24.2,19.7,19.0,14.2,12.5,12.7,10.4,5.6,4.6,4.5,7.6,9.2,13.4,14.8,14.7,14.0,14.4,13.5,12.4,10.2,7.4,4.8,4.9,6.2,6.3,-1.3,-4.0,-3.9,-3.8,-4.0,-4.4,-3.3,-0.1,20.0,25.3,38.1,13.4,0.0,0.3,25.0,13.1,71.9,,,OBAnorm,,LD831_02097v2.403,,,,0,0
DENATRLA,2025-06-23 23:12:03.000,19.5,19.5,20.4,16.6,12.4,11.4,11.1,8.4,4.7,3.9,7.3,10.6,13.2,13.4,15.3,14.3,13.6,13.2,11.7,9.6,7.5,8.8,13.3,11.0,11.9,0.3,-3.6,-3.9,-3.8,-4.0,-4.4,-3.2,-0.1,21.7,25.5,33.2,13.4,0.0,0.3,25.0,13.1,71.9,,,OBAnorm,,LD831_02097v2.403,,,,0,0
DENATRLA,2025-06-23 23:12:04.000,19.7,22.6,17.6,14.1,12.4,10.3,11.3,8.3,4.5,3.4,8.2,11.6,12.7,13.9,15.1,13.2,13.4,13.6,12.2,9.9,7.4,4.4,2.3,9.3,11.9,3.7,-2.8,-3.9,-3.9,-3.9,-4.4,-3.1,-0.2,20.6,25.5,35.1,13.4,0.0,0.3,25.0,13.1,71.9,,,OBAnorm,,LD831_02097v2.403,,,,0,0
DENATRLA,2025-06-23 23:12:05.000,23.8,21.7,20.3,12.6,14.2,12.6,9.4,7.1,3.4,4.3,8.3,10.0,12.1,13.0,13.7,13.9,13.5,13.9,11.6,10.1,6.8,3.8,0.0,-2.2,-2.4,-3.8,-4.0,-3.9,-3.9,-4.0,-4.5,-3.0,-0.2,19.0,24.7,35.5,13.4,0.0,0.3,25.0,13.1,71.9,,,OBAnorm,,LD831_02097v2.403,,,,0,0
DENATRLA,2025-06-23 23:12:06.000,22.5,17.3,19.2,17.2,11.0,11.4,8.0,7.8,4.1,4.2,8.1,9.5,12.2,12.8,15.2,13.8,13.7,13.6,11.1,9.3,6.7,7.1,5.7,9.3,6.1,2.0,-3.9,-3.5,-2.6,-2.7,-0.5,-2.2,0.0,20.1,25.0,40.3,13.4,0.0,0.3,25.0,13.1,71.9,,,OBAnorm,,LD831_02097v2.403,,,,0,0
DENATRLA,2025-06-23 23:12:07.000,25.4,21.2,16.7,13.8,11.2,11.0,9.1,7.6,4.5,5.9,6.9,10.5,13.1,14.4,14.9,13.8,13.5,12.8,11.5,9.5,6.9,4.9,3.1,6.5,5.9,-1.7,-3.8,-3.8,-3.7,-4.0,-4.5,-3.2,-0.2,19.5,25.5,41.6,13.4,0.0,0.3,25.0,13.1,71.9,,,OBAnorm,,LD831_02097v2.403,,,,0,0
DENATRLA,2025-06-23 23:12:08.000,20.6,20.3,22.2,15.5,11.8,11.6,9.1,7.4,4.7,6.0,5.8,11.9,12.2,13.8,14.3,14.0,13.4,13.2,11.8,8.9,6.9,4.1,1.6,4.9,4.3,0.3,-3.8,-3.9,-3.9,-4.0,-4.5,-3.3,-0.2,19.3,25.5,42.5,13.4,0.0,0.3,25.0,13.1,71.9,,,OBAnorm,,LD831_02097v2.403,,,,0,0
DENATRLA,2025-06-23 23:12:09.000,21.0,18.8,18.1,14.1,12.6,11.9,10.4,7.6,5.0,4.8,9.1,10.5,13.0,14.0,15.5,14.1,12.8,13.3,12.3,9.3,6.7,4.5,2.7,6.2,13.3,-3.4,-3.9,-3.9,-3.7,-3.9,-4.5,-3.3,-0.2,20.6,26.1,41.5,13.4,0.0,0.3,24.9,13.1,71.9,,,OBAnorm,,LD831_02097v2.403,,,,0,0
DENATRLA,2025-06-23 23:12:10.000,24.2,23.8,23.9,16.0,11.4,11.9,10.8,6.7,3.9,5.5,6.9,9.7,11.5,13.6,15.1,14.1,12.9,13.7,11.5,9.3,7.0,4.4,4.0,5.9,7.2,-2.9,-4.0,-3.9,-3.8,-4.0,-4.4,-3.2,-0.2,19.6,26.4,40.6,13.4,0.0,0.3,25.0,13.1,71.9,,,OBAnorm,,LD831_02097v2.403,,,,0,0
DENATRLA,2025-06-23 23:12:11.000,23.2,19.4,22.7,17.3,13.0,12.1,10.3,9.0,5.9,5.2,7.6,10.4,12.6,13.1,14.8,14.6,13.5,13.2,11.5,9.7,7.4,4.6,3.6,5.6,4.6,-2.1,-3.9,-3.8,-3.8,-4.0,-4.5,-3.2,-0.2,19.6,26.1,44.3,13.4,0.0,0.3,24.9,13.1,71.9,,,OBAnorm,,LD831_02097v2.403,,,,0,0
DENATRLA,2025-06-23 23:12:12.000,25.0,26.9,21.1,17.0,12.1,11.3,9.8,8.0,3.3,5.1,6.7,10.7,12.9,13.8,14.3,14.5,13.1,13.2,11.7,9.8,7.4,6.4,4.2,9.0,4.6,-2.2,-4.0,-3.9,-3.9,-4.0,-4.4,-3.2,-0.2,19.9,26.4,42.5,13.4,0.0,0.3,24.9,13.1,71.9,,,OBAnorm,,LD831_02097v2.403,,,,0,0
DENATRLA,2025-06-23 23:12:13.000,23.7,23.8,19.9,15.6,11.2,11.3,10.2,6.3,4.4,5.0,8.2,10.3,12.1,13.6,15.2,14.4,12.8,12.6,12.0,9.4,6.9,4.2,1.5,2.2,-0.6,-2.1,-4.0,-3.9,-3.9,-4.0,-4.5,-3.4,-0.1,19.1,26.0,43.3,13.4,0.0,0.3,24.9,13.1,71.9,,,OBAnorm,,LD831_02097v2.403,,,,0,0
DENATRLA,2025-06-23 23:12:14.000,25.8,24.3,16.0,15.3,15.9,13.0,10.4,7.6,5.5,4.9,7.2,11.3,11.5,13.0,14.4,14.1,13.3,13.2,11.8,9.4,6.5,4.1,3.0,2.6,-2.0,-3.5,-3.9,-3.9,-3.8,-3.9,-4.5,-3.2,-0.2,19.0,26.4,43.6,13.4,0.0,0.3,24.9,13.1,71.9,,,OBAnorm,,LD831_02097v2.403,,,,0,0
DENATRLA,2025-06-23 23:12:15.000,26.6,16.8,21.4,16.2,14.7,12.5,9.1,8.2,3.3,5.0,8.9,10.6,12.5,13.1,15.0,13.3,12.3,12.9,11.6,9.6,6.9,4.4,3.3,4.6,2.2,-3.1,-4.0,-3.9,-3.8,-4.1,-4.5,-3.1,-0.1,19.1,26.2,46.2,13.4,0.0,0.3,25.0,13.1,71.9,,,OBAnorm,,LD831_02097v2.403,,,,0,0
DENATRLA,2025-06-23 23:12:16.000,27.7,27.0,23.2,16.4,14.1,12.1,8.5,8.0,4.9,4.2,7.7,10.0,12.6,13.6,14.5,13.5,12.6,12.9,11.8,9.6,6.6,3.5,2.4,1.7,-2.2,-3.6,-4.0,-3.9,-3.9,-4.0,-4.5,-3.2,0.0,18.8,25.4,45.8,13.4,0.0,0.3,25.0,13.1,71.9,,,OBAnorm,,LD831_02097v2.403,,,,0,0
DENATRLA,2025-06-23 23:12:17.000,28.2,22.4,16.5,14.1,10.2,10.8,10.4,8.5,3.5,4.8,6.4,11.9,12.7,13.7,13.9,13.8,13.2,12.4,12.3,9.1,6.3,4.9,3.4,6.9,6.2,-3.7,-4.1,-3.9,-3.8,-4.0,-4.4,-3.3,-0.2,19.5,26.8,44.5,13.4,0.0,0.3,25.0,13.1,71.9,,,OBAnorm,,LD831_02097v2.403,,,,0,0
DENATRLA,2025-06-23 23:12:18.000,25.6,23.5,17.4,16.9,13.1,12.4,10.4,7.8,5.3,4.7,8.1,10.4,13.0,13.3,13.4,13.8,13.3,12.8,10.7,9.4,7.1,4.7,5.2,8.6,4.4,0.0,-3.9,-3.8,-3.9,-3.9,-4.4,-3.3,-0.2,19.5,27.2,38.1,13.4,0.0,0.3,24.9,13.1,71.9,,,OBAnorm,,LD831_02097v2.403,,,,0,0
DENATRLA,2025-06-23 23:12:19.000,27.3,21.6,22.6,20.1,14.1,13.3,12.2,7.0,3.6,4.8,8.2,10.7,12.2,13.8,14.9,13.3,13.1,12.4,11.5,9.0,6.6,4.7,1.9,2.0,0.5,-2.4,-3.9,-3.9,-3.8,-3.9,-4.4,-3.4,-0.2,18.8,26.8,43.8,13.4,0.0,0.3,24.9,13.1,71.9,,,OBAnorm,,LD831_02097v2.403,,,,0,0
DENATRLA,2025-06-23 23:12:20.000,29.6,26.8,24.3,20.1,15.4,10.4,8.5,6.6,3.9,5.3,6.2,9.7,13.6,13.2,14.9,13.7,12.7,12.9,11.4,9.0,7.3,4.6,2.5,3.1,1.9,-0.7,-3.9,-3.9,-3.8,-4.0,-4.5,-2.9,-0.2,19.0,26.5,45.4,13.4,0.0,0.3,24.9,13.1,71.9,,,OBAnorm,,LD831_02097v2.403,,,,0,0
DENATRLA,2025-06-23 23:12:21.000,29.5,27.4,21.5,16.7,11.5,12.6,13.0,8.9,5.6,4.5,7.9,10.8,13.1,13.3,13.2,13.9,12.9,12.3,11.1,8.8,6.6,4.5,3.4,3.1,1.3,-2.1,-3.9,-3.9,-3.8,-4.0,-4.5,-3.2,-0.2,18.9,25.9,44.2,13.4,0.0,0.3,25.0,13.0,71.9,,,OBAnorm,,LD831_02097v2.403,,,,0,0
DENATRLA,2025-06-23 23:12:22.000,26.7,23.2,22.0,16.7,13.0,10.9,10.1,5.8,4.7,2.4,6.9,10.6,11.6,14.1,14.4,13.9,12.2,12.3,11.4,8.5,6.4,3.6,0.9,-1.2,-2.2,-3.0,-3.9,-3.9,-3.8,-3.7,-4.4,-3.2,-0.1,18.3,24.5,40.4,13.4,0.0,0.3,24.9,13.0,71.9,,,OBAnorm,,LD831_02097v2.403,,,,0,0
DENATRLA,2025-06-23 23:12:23.000,26.1,19.8,20.3,13.1,11.1,10.5,9.6,7.6,4.0,4.7,8.9,10.7,12.0,14.4,14.1,13.8,13.5,12.5,10.6,9.1,7.1,5.2,7.7,7.9,2.9,-1.2,-4.0,-3.9,-3.8,-4.0,-4.5,-3.3,-0.1,19.5,26.0,40.3,13.4,0.0,0.3,24.9,13.0,71.9,,,OBAnorm,,LD831_02097v2.403,,,,0,0
DENATRLA,2025-06-23 23:12:24.000,24.3,23.0,19.7,13.9,13.8,12.5,12.4,8.8,3.7,6.4,8.0,12.5,13.1,13.7,14.3,13.2,12.7,12.8,11.1,8.5,6.4,4.2,5.3,7.6,4.8,4.4,-3.7,-3.9,-3.8,-4.0,-4.4,-3.3,-0.2,19.4,25.4,45.9,13.4,0.0,0.3,24.9,13.0,71.9,,,OBAnorm,,LD831_02097v2.403,,,,0,0
DENATRLA,2025-06-23 23:12:25.000,25.2,24.1,20.0,16.4,15.8,11.8,9.6,8.9,4.9,4.5,7.6,9.7,13.3,13.6,15.2,14.3,13.2,13.5,11.8,9.5,6.7,4.3,2.4,2.5,4.2,7.9,-4.0,-3.9,-3.8,-4.0,-4.4,-3.3,0.0,19.7,25.4,40.8,13.4,0.0,0.3,25.0,13.0,71.9,,,OBAnorm,,LD831_02097v2.403,,,,0,0
DENATRLA,2025-06-23 23:12:26.000,25.9,20.1,19.6,15.2,12.1,12.9,9.6,5.9,6.3,5.9,8.2,10.0,12.1,14.6,14.4,14.2,13.5,13.2,12.1,9.0,6.8,4.8,3.8,8.1,3.2,-2.8,-4.0,-3.9,-3.9,-4.0,-4.5,-3.1,-0.2,19.5,24.8,34.2,13.4,0.0,0.3,24.9,13.0,71.9,,,OBAnorm,,LD831_02097v2.403,,,,0,0
DENATRLA,2025-06-23 23:12:27.000,23.3,20.7,17.6,15.5,11.3,11.1,8.8,8.7,6.4,3.7,7.5,10.7,11.5,13.6,15.2,13.9,12.4,12.5,11.6,8.8,6.9,4.0,1.1,0.2,-1.7,-2.4,-3.8,-3.9,-3.8,-4.0,-4.4,-3.3,-0.2,18.9,24.9,36.1,13.4,0.0,0.3,24.9,13.0,71.9,,,OBAnorm,,LD831_02097v2.403,,,,0,0
DENATRLA,2025-06-23 23:12:28.000,25.3,20.6,18.4,17.4,12.6,12.8,10.5,7.6,4.2,4.5,7.6,10.6,12.6,13.7,13.8,14.3,12.9,13.3,11.9,9.5,6.7,5.2,2.3,2.3,2.9,-2.1,-4.0,-3.8,-3.6,-3.9,-4.4,-3.3,-0.2,19.1,24.3,33.2,13.4,0.0,0.3,24.9,13.1,71.3,,,OBAnorm,,LD831_02097v2.403,,,,0,0
DENATRLA,2025-06-23 23:12:29.000,16.3,22.3,20.0,13.5,13.5,8.5,9.9,7.8,4.4,5.9,7.9,10.1,12.8,13.8,13.7,13.5,12.3,12.2,11.8,8.9,7.2,5.5,8.3,5.5,5.4,-3.3,-4.0,-3.9,-3.8,-4.0,-4.5,-3.3,-0.2,19.5,24.9,35.6,13.4,0.0,0.3,24.9,13.0,71.3,,,OBAnorm,,LD831_02097v2.403,,,,0,0
DENATRLA,2025-06-23 23:12:30.000,21.4,18.2,19.7,15.8,14.0,12.4,10.9,5.0,5.6,7.0,8.1,11.1,13.1,12.9,14.2,14.3,13.2,13.1,12.2,10.4,8.4,5.3,4.9,6.8,6.9,-0.2,-3.6,-3.9,-3.9,-3.9,-4.5,-3.3,-0.2,20.0,24.9,32.9,13.4,0.0,0.3,24.9,13.0,71.3,,,OBAnorm,,LD831_02097v2.403,,,,0,0
DENATRLA,2025-06-23 23:12:31.000,21.0,19.0,17.2,14.0,12.1,13.7,12.2,7.5,6.0,4.5,7.6,10.1,12.1,12.7,14.2,14.0,12.7,13.1,12.1,9.4,7.5,5.3,4.7,7.4,4.2,-2.0,-4.1,-3.9,-3.8,-3.9,-4.4,-3.2,-0.2,19.5,25.3,34.4,13.4,0.0,0.3,25.0,13.0,71.3,,,OBAnorm,,LD831_02097v2.403,,,,0,0
DENATRLA,2025-06-23 23:12:32.000,22.7,19.0,18.2,16.1,11.6,9.2,9.7,8.2,4.1,5.4,8.6,10.4,12.4,13.1,13.1,13.3,12.9,13.0,11.9,9.9,8.0,6.2,4.5,5.1,1.2,-1.6,-3.9,-3.8,-3.8,-3.9,-4.5,-3.2,-0.2,19.3,24.2,33.1,13.4,0.0,0.3,24.9,13.0,71.3,,,OBAnorm,,LD831_02097v2.403,,,,0,0
DENATRLA,2025-06-23 23:12:33.000,20.5,22.7,21.5,14.2,12.2,11.7,11.2,9.1,4.2,4.7,9.1,9.0,12.2,13.4,13.6,13.6,13.2,13.4,12.6,9.4,7.1,5.6,3.1,1.7,-0.3,-3.1,-3.9,-3.9,-3.8,-3.9,-4.5,-3.2,-0.2,19.3,25.1,34.2,13.4,0.0,0.3,24.9,13.0,71.3,,,OBAnorm,,LD831_02097v2.403,,,,0,0
DENATRLA,2025-06-23 23:12:34.000,24.3,22.4,18.7,12.8,13.1,12.5,9.6,5.4,4.3,5.1,7.7,10.8,11.8,14.0,14.1,12.9,13.6,12.5,11.8,9.6,6.8,5.5,3.1,2.3,1.7,-0.4,-3.9,-3.9,-3.8,-4.0,-4.4,-3.2,-0.1,19.1,24.9,33.6,13.4,0.0,0.3,24.9,13.0,71.3,,,OBAnorm,,LD831_02097v2.403,,,,0,0
DENATRLA,2025-06-23 23:12:35.000,21.9,16.9,20.4,15.1,11.0,14.0,9.4,6.8,5.3,6.2,9.1,12.0,11.9,13.2,14.1,13.0,13.4,12.3,11.8,10.0,7.7,6.4,5.4,5.2,3.2,-2.2,-3.9,-3.9,-3.8,-3.9,-4.4,-3.2,-0.2,19.5,24.7,34.0,13.4,0.0,0.3,24.9,13.0,71.3,,,OBAnorm,,LD831_02097v2.403,,,,0,0
DENATRLA,2025-06-23 23:12:36.000,26.3,21.6,17.4,12.5,12.4,10.3,10.5,7.1,5.8,4.0,8.0,10.9,12.3,13.1,14.2,14.3,12.8,12.8,11.5,9.5,7.2,8.0,8.3,11.7,9.4,3.8,-4.0,-3.9,-3.9,-4.0,-4.5,-3.3,-0.3,20.7,25.2,32.7,13.4,0.0,0.3,25.0,13.0,71.3,,,OBAnorm,,LD831_02097v2.403,,,,0,0
DENATRLA,2025-06-23 23:12:37.000,24.4,18.5,20.2,17.6,11.6,11.8,11.0,9.1,4.9,4.0,7.8,9.9,12.7,13.3,14.2,13.0,12.4,13.1,11.2,9.3,6.7,5.0,4.9,9.5,6.8,7.1,2.8,-3.9,-3.8,-4.0,-4.5,-3.2,-0.3,20.1,24.6,31.6,13.4,0.0,0.3,25.0,13.0,71.3,,,OBAnorm,,LD831_02097v2.403,,,,0,0
DENATRLA,2025-06-23 23:12:38.000,24.3,20.5,19.8,16.9,12.4,11.3,12.6,6.8,4.1,4.2,8.4,10.9,14.0,14.3,14.8,13.7,12.4,13.2,12.2,9.7,6.8,4.6,3.9,2.0,1.3,-2.5,-4.0,-3.9,-3.9,-4.0,-4.4,-3.2,-0.2,19.2,25.2,32.9,13.4,0.0,0.3,24.9,13.0,71.3,,,OBAnorm,,LD831_02097v2.403,,,,0,0
DENATRLA,2025-06-23 23:12:39.000,20.4,20.0,18.8,9.6,11.3,10.7,13.3,8.6,5.2,4.8,8.8,12.0,13.8,14.7,15.3,13.2,13.4,13.2,11.9,10.1,8.0,5.4,2.0,0.9,-1.1,-3.2,-4.1,-3.9,-3.8,-3.9,-4.5,-3.3,-0.3,19.4,25.4,32.0,13.4,0.0,0.3,24.9,13.0,70.7,,,OBAnorm,,LD831_02097v2.403,,,,0,0
DENATRLA,2025-06-23 23:12:40.000,20.9,17.6,19.6,16.7,15.8,12.7,11.6,8.5,6.4,4.6,8.2,10.2,14.1,15.7,16.3,14.1,12.7,13.2,12.2,9.7,7.5,4.4,1.4,0.0,-1.9,-2.3,-4.0,-3.9,-3.9,-3.9,-4.4,-3.4,-0.1,19.4,25.7,33.0,13.4,0.0,0.3,24.9,13.0,70.7,,,OBAnorm,,LD831_02097v2.403,,,,0,0
DENATRLA,2025-06-23 23:12:41.000,22.2,23.0,19.6,16.8,10.6,11.8,11.4,9.5,6.3,5.2,8.7,10.6,14.3,15.7,14.5,14.6,12.6,12.5,11.5,9.7,7.7,5.1,2.7,0.8,0.5,-3.4,-4.0,-3.8,-3.9,-4.0,-4.5,-3.2,-0.1,19.1,24.9,33.4,13.4,0.0,0.3,24.9,13.0,70.7,,,OBAnorm,,LD831_02097v2.403,,,,0,0
DENATRLA,2025-06-23 23:12:42.000,25.7,22.4,20.9,15.5,12.2,14.4,12.6,9.0,5.8,4.8,7.5,10.9,14.1,14.9,14.6,13.4,13.5,13.7,12.1,10.6,7.6,5.7,3.2,1.3,-0.2,-1.1,-3.9,-3.8,-3.8,-4.0,-4.5,-3.0,-0.1,19.5,24.9,31.8,13.4,0.0,0.3,24.9,13.0,70.7,,,OBAnorm,,LD831_02097v2.403,,,,0,0
DENATRLA,2025-06-23 23:12:43.000,20.8,18.9,17.5,15.7,9.7,12.3,10.1,8.9,4.7,4.7,7.3,11.1,12.9,12.8,14.5,14.2,14.1,13.3,12.3,11.0,8.2,5.7,5.9,8.0,4.5,-1.3,-4.0,-3.9,-3.8,-3.9,-4.5,-3.2,-0.1,20.2,25.1,33.9,13.4,0.0,0.3,24.9,13.0,70.7,,,OBAnorm,,LD831_02097v2.403,,,,0,0
DENATRLA,2025-06-23 23:12:44.000,16.8,22.5,15.8,17.5,10.8,10.9,11.5,6.5,5.8,5.0,8.0,10.2,13.3,14.9,14.4,14.6,13.6,14.0,12.2,10.9,8.1,6.6,4.3,3.1,-1.7,-3.6,-4.1,-3.8,-3.8,-3.9,-4.5,-3.2,-0.2,19.9,25.4,34.2,13.4,0.0,0.3,24.9,13.0,70.7,,,OBAnorm,,LD831_02097v2.403,,,,0,0
DENATRLA,2025-06-23 23:12:45.000,18.1,21.6,20.0,11.2,15.0,13.0,12.0,9.7,4.9,6.0,7.1,11.5,13.7,14.0,15.2,14.7,13.9,14.2,12.8,11.3,8.0,6.4,2.7,6.1,5.0,0.0,-3.9,-3.9,-3.8,-3.9,-4.4,-3.3,-0.2,20.3,25.4,35.4,13.4,0.0,0.3,25.0,13.0,70.7,,,OBAnorm,,LD831_02097v2.403,,,,0,0
DENATRLA,2025-06-23 23:12:46.000,15.0,21.8,18.1,13.5,9.8,10.7,12.0,10.4,4.1,5.6,7.6,10.5,13.7,14.8,13.8,14.8,14.0,14.4,12.7,10.8,8.9,6.1,2.5,3.8,0.1,1.0,-4.0,-3.9,-3.9,-3.9,-4.5,-3.2,-0.2,20.2,25.1,35.0,13.4,0.0,0.3,24.9,13.0,70.7,,,OBAnorm,,LD831_02097v2.403,,,,0,0
DENATRLA,2025-06-23 23:12:47.000,23.5,16.8,17.7,15.6,11.3,8.8,13.4,7.3,6.5,4.4,7.5,10.7,13.1,14.9,13.7,13.7,13.4,13.4,13.7,12.5,9.1,6.1,4.2,4.9,2.1,-1.0,-4.0,-3.9,-3.9,-4.0,-4.5,-3.3,-0.3,20.4,25.1,38.7,13.4,0.0,0.3,24.9,13.0,70.7,,,OBAnorm,,LD831_02097v2.403,,,,0,0
DENATRLA,2025-06-23 23:12:48.000,22.5,23.9,16.1,11.8,11.2,14.7,13.1,9.4,5.9,5.5,6.9,11.7,12.8,13.0,13.6,13.1,13.3,13.5,13.0,11.5,8.6,6.4,3.2,1.5,0.7,-2.5,-4.1,-3.9,-3.8,-3.6,-4.4,-3.2,-0.2,19.8,25.7,37.4,13.4,0.0,0.3,24.9,13.0,71.3,,,OBAnorm,,LD831_02097v2.403,,,,0,0
DENATRLA,2025-06-23 23:12:49.000,19.4,16.7,19.7,14.2,10.6,13.6,11.5,9.5,3.7,6.2,5.6,11.2,13.9,14.0,14.8,14.2,12.9,13.4,12.2,10.2,7.7,6.5,4.9,9.4,5.9,-2.0,-4.0,-3.9,-3.7,-3.7,-4.3,-3.2,-0.1,20.2,25.4,36.5,13.4,0.0,0.3,24.9,13.0,71.3,,,OBAnorm,,LD831_02097v2.403,,,,0,0
DENATRLA,2025-06-23 23:12:50.000,17.8,23.2,19.2,15.6,9.1,12.9,9.7,9.4,5.2,4.1,7.9,12.6,14.2,14.5,16.1,13.6,13.1,13.4,11.8,10.3,7.3,4.6,3.6,2.6,-0.5,-2.3,-4.0,-3.9,-3.8,-4.0,-4.5,-3.4,-0.2,19.4,25.9,40.0,13.4,0.0,0.3,24.9,13.0,71.3,,,OBAnorm,,LD831_02097v2.403,,,,0,0
DENATRLA,2025-06-23 23:12:51.000,26.1,17.8,19.3,14.7,10.4,11.9,11.6,6.8,5.8,4.1,7.7,11.6,13.4,13.7,15.2,14.0,13.4,13.1,12.5,10.3,8.5,5.1,4.9,8.2,14.5,-2.7,-3.9,-3.9,-3.8,-4.1,-4.5,-3.2,-0.2,21.4,26.0,41.7,13.4,0.0,0.2,24.9,13.0,71.3,,,OBAnorm,,LD831_02097v2.403,,,,0,0
DENATRLA,2025-06-23 23:12:52.000,23.5,23.5,13.5,16.7,11.8,12.6,10.9,5.0,6.3,4.7,8.4,10.2,13.7,13.7,14.1,14.0,13.3,13.3,12.7,12.2,9.4,5.6,4.0,5.3,9.9,-0.8,-3.7,-3.8,-3.7,-4.0,-4.4,-3.2,-0.2,20.6,25.3,38.1,13.4,0.0,0.3,24.9,13.0,71.3,,,OBAnorm,,LD831_02097v2.403,,,,0,0
DENATRLA,2025-06-23 23:12:53.000,24.7,20.9,20.0,18.3,11.3,13.3,12.7,8.3,4.7,4.8,7.2,10.6,13.8,14.8,14.6,14.8,14.0,12.9,12.3,11.4,8.9,6.1,2.5,5.9,6.2,-3.2,-3.9,-3.8,-3.6,-4.0,-4.4,-3.1,0.0,20.2,25.2,33.8,13.4,0.0,0.3,24.9,13.0,71.3,,,OBAnorm,,LD831_02097v2.403,,,,0,0
DENATRLA,2025-06-23 23:12:54.000,21.6,19.5,19.1,14.5,11.1,12.3,13.0,8.0,4.7,5.5,8.4,10.5,13.9,15.1,15.6,14.0,14.1,13.4,12.4,11.3,8.9,10.0,7.6,11.9,10.9,4.5,-3.9,-3.9,-3.8,-4.0,-4.4,-3.2,-0.1,21.7,25.6,35.6,13.4,0.0,0.3,24.9,13.0,71.3,,,OBAnorm,,LD831_02097v2.403,,,,0,0
DENATRLA,2025-06-23 23:12:55.000,21.0,18.2,17.4,15.4,13.8,12.6,10.3,8.8,4.5,3.5,7.5,10.1,14.0,14.3,14.8,14.5,13.8,13.4,12.9,10.4,8.0,5.4,3.5,2.9,1.8,-0.6,-3.8,-3.9,-3.3,-3.8,-4.3,-3.1,0.0,19.8,25.8,37.8,13.4,0.0,0.3,24.9,13.0,71.3,,,OBAnorm,,LD831_02097v2.403,,,,0,0
DENATRLA,2025-06-23 23:12:56.000,17.9,19.6,17.7,14.6,13.4,11.3,9.9,8.4,5.0,5.8,8.6,11.9,13.3,14.7,14.5,13.9,13.3,13.7,12.4,10.9,7.7,5.3,2.0,0.0,-2.3,-3.2,-4.0,-3.9,-3.8,-3.9,-4.4,-3.0,-0.1,19.5,25.5,35.4,13.4,0.0,0.3,24.9,13.0,71.3,,,OBAnorm,,LD831_02097v2.403,,,,0,0
DENATRLA,2025-06-23 23:12:57.000,22.3,21.0,21.1,14.4,13.5,13.6,11.2,10.6,6.9,7.5,8.1,11.5,13.0,14.2,13.9,14.3,14.0,13.0,12.1,10.9,8.5,5.7,2.8,0.6,-1.9,-3.7,-4.0,-3.9,-3.9,-3.9,-4.4,-3.2,-0.1,19.5,25.4,37.6,13.4,0.0,0.3,24.8,13.0,71.3,,,OBAnorm,,LD831_02097v2.403,,,,0,0
DENATRLA,2025-06-23 23:12:58.000,21.0,24.6,19.1,15.1,13.5,9.8,11.4,8.7,5.9,5.7,7.8,10.6,12.2,14.1,14.1,14.3,13.9,13.4,13.3,11.6,8.7,5.8,3.4,5.7,3.2,-0.4,-4.0,-3.9,-3.8,-3.9,-4.4,-3.2,-0.2,20.3,25.6,37.1,13.4,0.0,0.3,24.9,13.0,71.3,,,OBAnorm,,LD831_02097v2.403,,,,0,0
DENATRLA,2025-06-23 23:12:59.000,24.6,21.8,17.2,17.0,14.4,13.6,10.3,9.7,4.8,6.3,8.7,11.4,13.5,14.3,14.4,15.1,14.1,14.4,12.6,11.4,8.7,6.2,2.8,1.5,-1.3,-3.1,-3.9,-3.9,-3.8,-4.0,-4.4,-3.3,-0.2,20.1,25.9,35.9,13.4,0.0,0.3,24.9,13.0,71.3,,,OBAnorm,,LD831_02097v2.403,,,,0,0
DENATRLA,2025-06-23 23:13:00.000,22.3,22.3,16.7,12.3,13.5,13.9,11.2,8.4,5.1,5.7,8.1,12.1,14.1,14.4,16.3,13.9,13.6,13.9,12.3,10.8,9.0,6.1,10.5,10.0,11.2,-1.5,-4.0,-3.9,-3.8,-4.0,-4.5,-3.3,-0.2,21.5,26.2,37.7,13.4,0.0,0.3,24.9,13.0,71.3,,,OBAnorm,,LD831_02097v2.403,,,,0,0
DENATRLA,2025-06-23 23:13:01.000,26.8,22.7,18.3,15.1,12.1,12.8,12.1,9.9,6.4,5.0,7.6,10.6,14.7,14.8,15.8,13.8,14.6,14.0,13.2,11.4,8.6,5.8,3.2,5.6,7.8,2.0,-3.7,-3.8,-3.8,-4.0,-4.5,-3.2,-0.1,20.7,26.0,37.8,13.4,0.0,0.3,25.0,13.0,71.3,,,OBAnorm,,LD831_02097v2.403,,,,0,0
DENATRLA,2025-06-23 23:13:02.000,26.7,20.1,17.8,12.2,10.5,11.6,11.8,6.9,4.7,4.4,8.5,11.6,14.9,15.3,15.4,15.0,14.5,14.3,13.1,12.1,8.6,5.6,2.5,1.4,-1.9,-3.6,-4.0,-3.9,-3.9,-4.1,-4.4,-3.1,-0.2,20.3,27.0,37.4,13.4,0.0,0.3,24.9,13.0,71.3,,,OBAnorm,,LD831_02097v2.403,,,,0,0
DENATRLA,2025-06-23 23:13:03.000,28.4,22.1,17.9,14.4,14.2,12.5,11.7,10.7,5.9,6.3,8.0,12.8,13.4,14.5,15.7,15.0,14.2,13.6,12.9,10.7,8.2,6.3,4.6,2.2,0.5,-2.8,-4.0,-3.9,-3.8,-4.0,-4.4,-3.2,-0.1,20.1,25.4,39.1,13.4,0.0,0.3,24.9,13.0,71.3,,,OBAnorm,,LD831_02097v2.403,,,,0,0
DENATRLA,2025-06-23 23:13:04.000,28.7,22.7,20.9,13.1,9.6,9.1,11.4,9.1,1.5,6.1,9.3,11.9,14.4,14.1,15.7,14.4,14.4,14.7,12.5,10.7,8.7,6.0,5.3,3.9,2.3,-1.7,-4.0,-3.9,-3.9,-4.1,-4.5,-3.2,-0.2,20.4,25.9,36.2,13.4,0.0,0.3,24.9,13.0,71.3,,,OBAnorm,,LD831_02097v2.403,,,,0,0
DENATRLA,2025-06-23 23:13:05.000,26.9,22.2,17.9,15.2,13.0,12.5,12.9,5.2,5.9,6.2,8.3,12.1,12.4,15.1,15.3,15.5,15.0,13.5,13.4,12.0,8.8,5.9,3.1,4.9,3.4,3.8,-4.0,-3.8,-3.9,-4.0,-4.5,-3.2,-0.1,20.8,26.0,38.3,13.4,0.0,0.3,24.9,13.0,71.3,,,OBAnorm,,LD831_02097v2.403,,,,0,0
DENATRLA,2025-06-23 23:13:06.000,23.0,18.5,20.5,14.0,12.0,12.0,9.1,6.7,6.1,2.5,8.4,11.7,14.3,15.1,15.5,15.1,14.7,13.8,13.7,11.5,8.6,11.6,11.3,14.6,10.3,8.7,-4.0,-3.9,-3.9,-4.0,-4.5,-3.2,-0.3,22.9,26.9,38.7,13.4,0.0,0.3,24.9,13.0,71.3,,,OBAnorm,,LD831_02097v2.403,,,,0,0
DENATRLA,2025-06-23 23:13:07.000,23.3,19.8,19.2,18.0,12.2,12.0,12.2,7.8,5.7,5.0,9.0,12.2,12.1,14.0,15.5,13.6,14.1,14.7,12.6,11.5,8.7,6.0,5.3,10.4,7.4,0.5,-3.8,-3.9,-3.8,-4.0,-4.4,-3.2,-0.2,21.1,25.7,35.8,13.4,0.0,0.3,24.9,13.0,71.3,,,OBAnorm,,LD831_02097v2.403,,,,0,0
DENATRLA,2025-06-23 23:13:08.000,21.7,23.5,20.9,14.5,12.1,12.8,9.5,11.2,6.0,7.1,9.4,12.3,14.0,14.8,15.7,14.5,14.0,13.7,12.9,11.4,8.8,5.5,2.0,0.1,-2.3,-2.0,-4.0,-3.9,-3.8,-4.0,-4.5,-3.2,-0.1,20.1,25.5,36.0,13.4,0.0,0.3,24.9,13.0,71.3,,,OBAnorm,,LD831_02097v2.403,,,,0,0
DENATRLA,2025-06-23 23:13:09.000,24.5,20.1,15.1,17.0,12.0,12.4,11.4,6.9,5.9,6.8,9.0,11.3,13.9,15.7,15.4,14.8,13.6,14.3,12.9,10.8,9.0,5.7,4.1,2.0,-0.6,-3.0,-3.7,-3.9,-3.8,-4.0,-4.4,-3.3,-0.2,20.1,26.0,41.7,13.4,0.0,0.3,24.9,13.0,71.3,,,OBAnorm,,LD831_02097v2.403,,,,0,0
DENATRLA,2025-06-23 23:13:10.000,20.9,20.9,18.2,14.2,10.1,10.5,9.7,7.8,5.5,6.1,8.9,12.2,13.6,14.8,15.5,15.1,14.3,13.7,13.5,10.9,8.7,6.1,3.2,3.2,1.1,-2.7,-4.0,-3.9,-3.8,-3.9,-4.5,-3.1,-0.1,20.3,26.4,39.9,13.4,0.0,0.3,24.9,13.0,71.3,,,OBAnorm,,LD831_02097v2.403,,,,0,0
DENATRLA,2025-06-23 23:13:11.000,22.2,20.6,18.4,16.4,10.8,12.0,10.0,10.8,5.6,4.9,9.9,12.0,14.3,15.3,15.8,15.5,14.5,13.7,13.2,11.1,8.6,5.8,3.5,3.4,6.3,1.9,-3.9,-3.9,-3.8,-4.0,-4.5,-3.2,-0.1,20.6,26.0,37.6,13.4,0.0,0.3,24.9,13.0,71.3,,,OBAnorm,,LD831_02097v2.403,,,,0,0
DENATRLA,2025-06-23 23:13:12.000,24.3,24.7,21.6,15.5,12.3,12.8,11.3,9.5,5.2,5.4,7.0,12.4,13.5,13.9,15.8,15.6,14.8,14.6,13.6,11.9,8.5,10.4,6.6,9.7,6.5,-2.2,-3.6,-3.8,-3.8,-4.0,-4.5,-3.3,-0.3,21.5,26.2,38.0,13.4,0.0,0.3,24.9,13.0,71.3,,,OBAnorm,,LD831_02097v2.403,,,,0,0
DENATRLA,2025-06-23 23:13:13.000,22.3,23.4,20.0,15.6,10.8,12.1,11.0,7.9,2.1,3.6,7.5,11.9,13.5,14.9,15.7,14.9,14.7,15.2,13.6,11.4,9.3,7.2,4.8,9.0,6.8,0.7,-3.8,-3.9,-3.9,-4.0,-4.4,-3.4,-0.2,21.2,26.7,38.0,13.4,0.0,0.3,24.9,13.0,71.3,,,OBAnorm,,LD831_02097v2.403,,,,0,0
DENATRLA,2025-06-23 23:13:14.000,19.7,23.1,15.4,14.9,15.3,12.1,11.0,9.5,6.7,4.4,9.1,12.2,13.5,15.2,15.7,14.8,13.5,14.9,13.2,12.2,9.4,6.0,4.1,4.6,4.8,3.4,-3.4,-3.8,-3.9,-4.0,-4.4,-3.3,-0.3,20.8,25.9,38.3,13.4,0.0,0.2,24.9,13.0,71.3,,,OBAnorm,,LD831_02097v2.403,,,,0,0
DENATRLA,2025-06-23 23:13:15.000,23.7,25.7,17.6,14.5,10.0,10.6,9.8,6.9,5.1,6.5,9.3,12.1,14.5,14.1,15.5,15.4,14.7,15.6,13.8,11.6,8.3,6.3,4.2,5.5,-0.5,-2.8,-3.9,-3.9,-3.9,-4.0,-4.4,-3.3,-0.1,20.9,26.1,34.2,13.4,0.0,0.3,24.9,13.0,71.3,,,OBAnorm,,LD831_02097v2.403,,,,0,0
DENATRLA,2025-06-23 23:13:16.000,27.6,24.8,19.7,18.1,10.9,14.0,12.6,7.3,5.8,6.9,9.1,11.0,14.0,15.9,17.1,16.0,13.8,14.4,13.7,11.3,8.4,6.0,3.0,0.8,-1.9,-3.3,-3.9,-3.9,-3.9,-3.9,-4.5,-3.3,-0.1,20.5,26.0,32.9,13.4,0.0,0.3,24.8,13.0,71.3,,,OBAnorm,,LD831_02097v2.403,,,,0,0
DENATRLA,2025-06-23 23:13:17.000,23.2,20.2,20.7,15.8,12.5,13.5,10.3,7.8,6.4,4.3,8.3,11.0,14.6,15.5,16.7,15.3,14.0,14.1,13.1,11.1,8.9,8.1,4.4,4.4,2.3,-1.7,-4.0,-3.9,-3.9,-4.0,-4.5,-3.2,-0.1,20.7,26.0,36.1,13.4,0.0,0.3,24.9,13.0,71.3,,,OBAnorm,,LD831_02097v2.403,,,,0,0
DENATRLA,2025-06-23 23:13:18.000,23.5,20.9,17.4,14.5,10.3,10.5,10.5,8.6,7.5,4.8,9.0,12.0,13.6,15.5,15.6,14.9,14.1,14.3,13.5,10.7,8.5,8.7,7.2,12.1,11.5,6.2,-3.6,-3.9,-3.9,-4.1,-4.4,-3.2,-0.1,21.9,25.9,34.0,13.4,0.0,0.3,24.8,13.0,71.3,,,OBAnorm,,LD831_02097v2.403,,,,0,0
DENATRLA,2025-06-23 23:13:19.000,23.7,20.8,17.5,12.3,13.6,12.1,10.6,10.2,6.0,6.7,7.6,12.7,13.8,15.7,15.8,15.1,13.9,14.5,13.3,11.5,9.5,6.8,3.6,1.8,3.2,3.5,-2.2,-3.8,-3.9,-4.0,-4.5,-3.2,-0.2,20.7,25.9,34.3,13.4,0.0,0.3,24.8,13.0,71.3,,,OBAnorm,,LD831_02097v2.403,,,,0,0
DENATRLA,2025-06-23 23:13:20.000,21.0,20.1,18.9,15.5,11.1,11.3,10.6,10.3,7.9,7.7,8.2,11.7,13.6,15.3,16.7,14.7,14.7,14.6,13.2,11.6,8.6,6.2,2.8,1.8,-0.6,-1.5,-3.7,-3.9,-3.8,-4.0,-4.4,-3.2,-0.1,20.5,26.2,33.2,13.4,0.0,0.3,24.9,13.0,71.3,,,OBAnorm,,LD831_02097v2.403,,,,0,0
DENATRLA,2025-06-23 23:13:21.000,23.5,23.0,18.5,16.6,12.2,10.0,10.7,9.0,5.1,6.8,8.7,13.1,13.1,14.6,16.2,15.4,14.2,14.6,13.0,12.0,9.1,6.5,4.1,3.9,0.6,-3.2,-3.9,-3.8,-3.9,-3.8,-4.5,-3.1,-0.2,20.7,26.0,35.4,13.4,0.0,0.3,24.9,13.0,71.3,,,OBAnorm,,LD831_02097v2.403,,,,0,0
DENATRLA,2025-06-23 23:13:22.000,21.5,23.6,21.9,15.6,11.6,10.2,10.5,8.3,6.7,5.9,8.9,11.0,13.6,15.3,16.5,16.5,14.4,14.5,14.2,11.5,8.9,6.0,2.9,0.6,-0.9,1.3,-1.4,-3.8,-2.6,-3.3,-4.2,-3.1,-0.1,20.7,26.4,36.0,13.4,0.0,0.3,24.9,13.0,71.3,,,OBAnorm,,LD831_02097v2.403,,,,0,0
DENATRLA,2025-06-23 23:13:23.000,24.2,21.3,16.8,17.4,13.5,10.4,11.1,6.7,6.3,6.2,9.3,12.5,14.5,15.5,16.4,15.3,14.2,14.5,13.5,11.8,9.8,6.9,2.9,1.3,-0.3,2.1,-1.2,-3.8,-3.8,-3.9,-4.4,-3.2,-0.1,20.7,25.8,34.4,13.4,0.0,0.3,24.9,13.0,71.3,,,OBAnorm,,LD831_02097v2.403,,,,0,0
DENATRLA,2025-06-23 23:13:24.000,23.1,22.9,19.6,16.3,15.4,12.4,10.1,8.0,6.2,4.1,8.9,11.9,14.3,16.5,16.0,15.6,15.0,15.0,13.1,11.6,10.0,8.1,8.2,10.6,5.0,-0.8,-4.0,-3.9,-3.8,-4.0,-4.4,-3.2,-0.2,21.7,26.5,35.1,13.4,0.0,0.3,24.9,13.0,71.3,,,OBAnorm,,LD831_02097v2.403,,,,0,0
DENATRLA,2025-06-23 23:13:25.000,23.1,21.1,20.8,16.7,11.9,13.6,9.8,7.6,4.1,5.6,8.9,12.6,12.2,15.5,16.5,16.8,15.3,14.9,14.6,12.5,10.9,9.6,10.7,11.4,6.3,2.4,-3.3,-3.8,-3.8,-3.9,-4.4,-3.3,-0.2,22.6,26.8,36.7,13.4,0.0,0.3,24.9,13.0,71.3,,,OBAnorm,,LD831_02097v2.403,,,,0,0
DENATRLA,2025-06-23 23:13:26.000,15.8,23.5,20.1,13.7,12.3,12.6,10.6,9.6,3.0,5.8,8.5,12.6,13.5,15.7,17.6,15.9,14.3,14.7,13.6,11.9,9.4,6.4,3.4,4.5,5.3,-0.3,-4.0,-3.9,-3.9,-4.0,-4.4,-3.1,-0.2,21.1,26.2,37.4,13.4,0.0,0.3,24.9,13.0,71.3,,,OBAnorm,,LD831_02097v2.403,,,,0,0
DENATRLA,2025-06-23 23:13:27.000,23.6,22.8,19.4,16.6,12.9,11.2,12.9,8.7,5.5,6.7,9.1,11.0,14.4,16.3,15.9,16.4,14.0,14.0,13.2,11.1,9.9,6.6,2.8,0.6,-1.9,-3.2,-3.8,-3.8,-3.7,-3.9,-4.5,-3.4,-0.2,20.5,26.4,38.9,13.4,0.0,0.3,24.9,13.0,71.3,,,OBAnorm,,LD831_02097v2.403,,,,0,0
DENATRLA,2025-06-23 23:13:28.000,22.3,21.6,18.4,14.6,13.2,13.5,11.0,7.2,4.3,5.1,9.1,11.6,13.8,14.5,16.4,15.5,14.1,14.1,13.5,11.5,9.4,6.7,3.5,0.7,-2.1,-3.3,-4.0,-3.9,-3.9,-4.0,-4.4,-3.2,-0.1,20.3,25.6,34.3,13.4,0.0,0.3,24.9,13.0,71.3,,,OBAnorm,,LD831_02097v2.403,,,,0,0
DENATRLA,2025-06-23 23:13:29.000,21.3,17.6,23.2,17.2,13.1,14.4,12.2,7.4,6.7,5.5,9.4,11.7,12.7,15.3,15.7,14.9,13.5,14.3,13.1,12.3,9.9,6.3,4.1,4.1,-0.3,-3.5,-4.1,-3.9,-3.8,-4.0,-4.4,-3.2,-0.2,20.7,26.4,35.7,13.4,0.0,0.3,24.9,13.0,71.3,,,OBAnorm,,LD831_02097v2.403,,,,0,0
DENATRLA,2025-06-23 23:13:30.000,24.5,22.2,17.8,15.2,13.4,17.4,12.8,9.1,5.8,6.2,8.8,10.7,13.4,15.5,15.9,15.6,14.8,15.0,13.6,12.0,9.6,6.5,3.7,1.7,-0.8,-3.4,-4.0,-3.8,-3.9,-4.0,-4.4,-3.2,-0.1,20.8,26.4,35.3,13.4,0.0,0.3,24.8,13.0,71.3,,,OBAnorm,,LD831_02097v2.403,,,,0,0
DENATRLA,2025-06-23 23:13:31.000,23.5,18.1,17.4,15.9,13.4,12.0,9.1,7.2,6.2,5.3,8.8,12.2,14.7,14.9,16.2,15.4,14.2,14.2,13.2,11.3,8.7,7.3,9.7,8.8,7.6,-1.4,-3.8,-3.9,-3.4,-4.0,-4.4,-3.3,-0.1,21.3,26.0,36.8,13.4,0.0,0.3,24.9,13.0,71.3,,,OBAnorm,,LD831_02097v2.403,,,,0,0
DENATRLA,2025-06-23 23:13:32.000,27.8,23.7,22.3,15.0,14.7,12.7,8.9,7.6,5.0,5.6,9.0,11.2,13.2,14.9,17.3,15.4,13.3,14.3,13.8,11.1,9.5,7.1,5.5,6.0,5.6,-0.5,-3.4,-3.6,-3.7,-3.9,-4.5,-3.1,-0.2,21.0,26.2,41.1,13.4,0.0,0.3,24.8,13.0,71.3,,,OBAnorm,,LD831_02097v2.403,,,,0,0
DENATRLA,2025-06-23 23:13:33.000,22.6,24.8,17.4,14.7,13.1,11.6,11.5,9.1,6.2,6.9,9.3,11.3,12.0,14.8,16.0,15.6,14.2,14.3,13.7,11.9,9.1,6.9,6.0,6.4,0.5,-2.5,-3.9,-3.9,-3.8,-3.9,-4.4,-3.3,-0.1,20.7,26.8,38.6,13.4,0.0,0.3,24.9,13.0,71.3,,,OBAnorm,,LD831_02097v2.403,,,,0,0
DENATRLA,2025-06-23 23:13:34.000,22.1,19.2,16.9,15.8,11.1,11.2,11.9,8.4,6.3,5.0,8.5,10.1,12.7,13.7,15.5,15.7,14.6,13.8,13.4,12.0,10.0,6.7,5.9,7.1,8.9,-0.8,-3.9,4.6,2.6,-3.7,-4.4,-3.2,-0.1,21.3,26.9,36.1,13.4,0.0,0.3,24.9,13.0,71.3,,,OBAnorm,,LD831_02097v2.403,,,,0,0
DENATRLA,2025-06-23 23:13:35.000,25.9,25.9,20.6,16.7,17.5,13.4,9.3,6.5,6.7,6.0,9.4,12.8,13.3,14.1,15.4,14.8,14.7,14.2,12.9,11.1,8.9,6.0,3.2,2.4,5.2,6.6,-3.7,-3.9,-3.9,-3.9,-4.5,-3.3,-0.2,20.5,26.2,34.4,13.4,0.0,0.3,24.8,13.0,71.9,,,OBAnorm,,LD831_02097v2.403,,,,0,0
DENATRLA,2025-06-23 23:13:36.000,28.4,23.8,19.3,14.9,13.1,12.9,10.2,9.3,5.3,5.3,7.8,11.1,13.8,15.2,16.5,15.9,14.0,13.7,12.8,11.5,9.1,6.0,3.2,2.4,-1.3,-1.4,-2.3,7.3,8.4,-3.8,-4.4,-3.2,-0.1,20.7,26.3,36.6,13.4,0.0,0.3,24.8,13.0,71.9,,,OBAnorm,,LD831_02097v2.403,,,,0,0
DENATRLA,2025-06-23 23:13:37.000,24.3,18.8,19.5,14.6,14.6,12.0,10.5,7.6,6.6,5.5,8.6,11.5,13.8,14.8,16.0,16.2,13.9,13.8,13.1,12.0,9.7,6.7,4.0,6.6,2.8,-1.1,-3.7,-3.8,-3.7,-3.8,-4.3,-3.1,-0.2,20.8,26.3,34.2,13.4,0.0,0.3,24.8,13.0,71.9,,,OBAnorm,,LD831_02097v2.403,,,,0,0
DENATRLA,2025-06-23 23:13:38.000,27.3,23.1,17.2,19.7,10.2,12.5,11.9,7.5,6.8,6.0,8.7,13.2,14.0,15.2,14.7,14.5,13.9,14.2,13.2,12.1,9.5,8.4,9.6,12.4,8.4,-0.5,-3.8,-3.9,-3.8,-3.9,-4.5,-3.3,-0.1,21.9,26.2,33.7,13.4,0.0,0.3,24.9,13.0,71.3,,,OBAnorm,,LD831_02097v2.403,,,,0,0
DENATRLA,2025-06-23 23:13:39.000,24.6,24.7,19.8,15.1,12.1,11.4,8.1,7.7,5.9,6.4,8.8,11.6,13.7,14.4,16.1,15.2,15.1,14.2,13.3,11.9,10.0,8.3,7.3,7.4,5.2,0.2,-3.5,-0.4,-1.5,-3.9,-4.4,-3.3,-0.1,21.2,26.6,34.6,13.4,0.0,0.3,24.8,13.0,71.3,,,OBAnorm,,LD831_02097v2.403,,,,0,0
DENATRLA,2025-06-23 23:13:40.000,26.6,22.2,19.4,17.6,13.8,12.2,11.4,6.2,4.8,4.9,9.5,11.5,14.0,15.0,15.4,15.9,14.8,14.3,13.9,12.1,9.4,6.8,6.0,1.2,-1.7,-3.6,-3.8,-3.8,-3.8,-3.7,-4.3,-3.1,-0.2,20.8,26.1,35.0,13.4,0.0,0.3,24.9,13.0,71.3,,,OBAnorm,,LD831_02097v2.403,,,,0,0
DENATRLA,2025-06-23 23:13:41.000,20.6,23.0,18.9,17.0,10.9,12.5,12.8,10.8,5.7,6.3,10.8,12.7,12.9,15.6,17.1,15.3,14.6,14.5,14.2,12.3,9.7,6.9,4.0,3.5,1.7,-2.5,-3.9,-3.9,-3.8,-3.9,-4.4,-3.1,-0.1,21.1,26.6,33.4,13.4,0.0,0.3,24.8,13.0,71.3,,,OBAnorm,,LD831_02097v2.403,,,,0,0
DENATRLA,2025-06-23 23:13:42.000,24.9,20.4,20.6,18.5,15.6,8.6,11.0,7.8,7.1,6.0,11.2,11.7,14.6,16.1,16.4,15.8,14.7,15.2,14.2,11.8,9.8,7.3,4.9,2.4,-0.9,-2.3,-3.6,-3.8,-3.8,-3.9,-4.4,-3.3,-0.1,21.0,26.2,31.8,13.4,0.0,0.3,24.9,12.9,71.3,,,OBAnorm,,LD831_02097v2.403,,,,0,0
DENATRLA,2025-06-23 23:13:43.000,23.2,20.7,20.9,18.7,14.8,13.9,8.1,8.2,6.0,3.8,10.9,12.3,14.6,15.5,15.6,16.2,14.7,14.3,14.5,12.1,9.3,6.6,4.9,6.5,3.2,-2.3,-3.5,-3.9,-3.8,-4.0,-4.4,-3.1,-0.2,21.2,26.5,34.0,13.4,0.0,0.3,24.8,12.9,71.3,,,OBAnorm,,LD831_02097v2.403,,,,0,0
DENATRLA,2025-06-23 23:13:44.000,23.9,19.3,22.4,15.8,11.5,13.6,9.5,9.0,6.9,5.1,9.6,14.1,15.0,15.7,16.3,15.7,15.4,14.7,14.5,12.0,9.1,7.7,7.0,10.5,7.3,-2.8,-3.5,-3.8,-3.6,-3.9,-4.4,-3.3,-0.2,21.9,26.8,32.4,13.4,0.0,0.3,24.8,12.9,71.3,,,OBAnorm,,LD831_02097v2.403,,,,0,0
DENATRLA,2025-06-23 23:13:45.000,24.3,19.3,18.2,16.8,13.7,14.5,11.0,9.9,3.8,5.1,10.0,12.8,15.3,16.8,16.4,16.7,14.5,15.5,14.8,12.0,9.7,7.7,9.2,9.2,8.4,1.9,-3.6,-3.8,-3.7,-3.9,-4.4,-3.2,-0.3,22.2,26.6,35.3,13.4,0.0,0.3,24.8,12.9,71.3,,,OBAnorm,,LD831_02097v2.403,,,,0,0
DENATRLA,2025-06-23 23:13:46.000,23.6,24.2,19.4,15.2,12.8,11.6,11.6,7.8,5.6,6.0,9.6,12.6,14.3,17.3,16.9,15.5,15.2,15.5,13.9,12.6,10.5,7.3,8.7,8.7,3.0,-1.0,-3.1,-3.8,-3.7,-3.9,-4.4,-3.1,-0.1,21.9,26.9,35.8,13.4,0.0,0.3,24.8,12.9,71.3,,,OBAnorm,,LD831_02097v2.403,,,,0,0
DENATRLA,2025-06-23 23:13:47.000,22.7,17.8,19.3,13.8,12.8,13.3,12.1,7.0,8.0,7.8,8.9,12.8,14.6,15.8,16.7,15.8,14.5,15.3,14.6,12.6,9.8,7.2,3.2,0.6,-1.5,-2.6,-3.8,-3.8,-3.9,-4.0,-4.5,-3.2,-0.1,21.3,26.6,40.9,13.4,0.0,0.3,24.8,12.9,71.3,,,OBAnorm,,LD831_02097v2.403,,,,0,0
DENATRLA,2025-06-23 23:13:48.000,22.9,23.4,21.9,14.6,11.8,13.6,10.4,8.9,7.2,7.8,9.8,12.0,14.0,16.2,16.3,15.8,14.3,14.5,14.3,12.3,9.4,6.5,3.0,1.3,7.7,-2.5,-3.7,-3.8,-3.8,-3.9,-4.4,-3.2,-0.2,21.1,26.9,44.1,13.4,0.0,0.3,24.8,13.0,71.3,,,OBAnorm,,LD831_02097v2.403,,,,0,0
DENATRLA,2025-06-23 23:13:49.000,18.0,23.7,18.4,15.6,10.0,14.5,12.5,9.6,4.8,5.9,8.5,11.2,13.2,16.1,16.5,15.1,14.7,15.0,14.1,12.0,9.4,6.7,5.5,7.1,13.1,-0.1,-3.4,-3.8,-3.8,-4.0,-4.5,-3.2,-0.2,22.0,27.0,42.0,13.4,0.0,0.3,24.8,13.0,71.3,,,OBAnorm,,LD831_02097v2.403,,,,0,0
DENATRLA,2025-06-23 23:13:50.000,22.3,23.4,22.1,16.5,15.1,11.6,12.0,11.0,5.2,6.5,10.9,10.9,14.6,15.3,16.1,16.0,15.0,13.7,14.0,11.9,8.5,6.9,5.5,5.8,8.4,-1.1,-2.7,-3.8,-3.8,-4.0,-4.5,-3.2,-0.1,21.2,27.0,48.1,13.4,0.0,0.3,24.8,12.9,71.3,,,OBAnorm,,LD831_02097v2.403,,,,0,0
DENATRLA,2025-06-23 23:13:51.000,20.7,21.4,21.6,16.1,11.7,14.0,10.2,11.6,5.0,6.3,8.6,12.0,13.9,15.2,17.4,15.6,15.2,14.3,13.9,12.0,9.9,7.7,9.0,9.5,8.5,-1.2,-2.6,-3.7,-3.8,-4.0,-4.4,-3.2,-0.1,21.9,32.9,52.1,13.4,0.0,0.3,24.8,12.9,71.3,,,OBAnorm,,LD831_02097v2.403,,,,0,0
DENATRLA,2025-06-23 23:13:52.000,22.2,23.7,21.2,19.9,16.7,18.3,17.4,10.2,8.0,6.2,9.5,12.5,14.2,15.4,15.8,15.7,14.4,14.5,13.6,11.9,9.9,7.0,9.2,6.9,6.4,4.6,-1.9,-3.7,-3.7,-3.9,-4.4,-3.1,-0.2,21.4,35.6,53.0,13.4,0.0,0.3,24.9,12.9,71.3,,,OBAnorm,,LD831_02097v2.403,,,,0,0
DENATRLA,2025-06-23 23:13:53.000,29.7,30.4,28.7,24.6,21.7,22.8,19.3,10.4,9.5,6.4,8.3,13.4,14.4,17.4,16.3,15.1,15.5,14.6,14.1,11.8,8.7,8.8,8.1,12.1,10.1,0.6,-2.4,-3.6,-3.8,-3.9,-4.4,-3.2,-0.3,22.3,31.3,49.9,13.4,0.0,0.3,24.8,12.9,71.3,,,OBAnorm,,LD831_02097v2.403,,,,0,0
DENATRLA,2025-06-23 23:13:54.000,39.2,31.3,30.7,29.0,21.2,14.8,13.6,11.5,7.3,5.5,9.5,13.3,13.6,15.3,15.5,15.4,14.8,14.8,13.8,11.1,8.5,7.1,6.2,6.8,2.4,0.7,-2.9,-3.7,-3.7,-3.9,-4.4,-3.2,-0.1,20.9,31.1,51.9,13.4,0.0,0.3,24.8,12.9,71.3,,,OBAnorm,,LD831_02097v2.403,,,,0,0
DENATRLA,2025-06-23 23:13:55.000,38.1,30.8,23.9,20.9,16.6,16.8,11.6,8.9,5.8,4.4,6.9,11.7,13.0,14.4,15.5,15.2,14.9,14.4,13.6,11.5,8.6,6.0,3.1,1.1,-1.2,-1.4,-2.7,-3.7,-2.8,-3.5,-4.3,-3.1,-0.1,20.4,28.6,45.3,13.4,0.0,0.3,24.8,12.9,71.3,,,OBAnorm,,LD831_02097v2.403,,,,0,0
DENATRLA,2025-06-23 23:13:56.000,31.3,26.5,28.3,17.4,15.2,12.1,12.8,9.8,8.0,5.7,8.3,13.7,14.8,14.9,15.1,15.7,14.6,14.0,14.2,11.6,8.7,6.1,3.3,0.3,-1.4,-1.6,-2.6,-3.6,-2.6,-3.2,-3.9,-3.1,-0.1,20.7,27.8,46.6,13.4,0.0,0.3,24.8,12.9,71.9,,,OBAnorm,,LD831_02097v2.403,,,,0,0
DENATRLA,2025-06-23 23:13:57.000,26.1,27.0,23.6,19.1,12.1,12.5,9.7,9.5,6.8,4.8,8.8,11.7,14.3,15.0,15.9,14.5,15.0,14.4,13.8,11.8,9.4,6.9,6.8,11.9,9.4,4.1,-3.0,-3.8,-3.8,-3.8,-4.4,-3.3,-0.3,21.8,27.0,44.0,13.4,0.0,0.3,24.8,12.9,71.9,,,OBAnorm,,LD831_02097v2.403,,,,0,0
DENATRLA,2025-06-23 23:13:58.000,25.1,27.2,19.2,14.9,12.1,11.3,9.8,8.5,6.5,6.0,9.7,11.8,14.3,15.5,15.9,14.6,14.5,14.7,13.6,12.0,9.9,6.9,4.5,3.7,6.7,1.7,-1.6,-3.6,-3.7,-3.7,-4.4,-3.1,-0.2,21.0,27.2,37.2,13.4,0.0,0.3,24.8,12.9,71.9,,,OBAnorm,,LD831_02097v2.403,,,,0,0
DENATRLA,2025-06-23 23:13:59.000,30.0,20.2,21.6,15.2,14.6,10.8,10.1,8.7,6.8,6.0,9.4,11.3,13.8,15.5,15.6,15.9,14.5,14.9,14.1,11.6,10.0,7.9,8.2,8.6,3.2,0.0,-2.8,-3.8,-3.8,-3.9,-4.4,-3.2,-0.2,21.5,27.8,40.3,13.4,0.0,0.3,24.8,12.9,71.9,,,OBAnorm,,LD831_02097v2.403,,,,0,0
DENATRLA,2025-06-23 23:14:00.000,26.9,22.8,23.1,17.0,13.4,12.6,10.7,8.5,4.8,5.3,8.6,10.4,14.4,15.9,16.2,16.0,15.0,15.2,14.7,11.9,10.0,8.6,10.0,9.2,8.0,2.0,-2.2,-3.7,-3.8,-3.9,-4.4,-3.1,-0.2,22.1,27.9,35.4,13.4,0.0,0.3,24.8,12.9,71.9,,,OBAnorm,,LD831_02097v2.403,,,,0,0
DENATRLA,2025-06-23 23:14:01.000,24.4,25.9,25.1,17.4,11.9,13.4,11.8,6.5,4.8,5.5,8.7,11.7,15.0,14.4,15.0,15.3,14.3,14.8,14.5,12.0,10.2,7.0,4.9,3.7,0.3,-0.6,-2.6,-3.8,-3.7,-3.9,-4.5,-3.1,-0.3,21.0,28.2,37.4,13.4,0.0,0.3,24.8,12.9,71.9,,,OBAnorm,,LD831_02097v2.403,,,,0,0
DENATRLA,2025-06-23 23:14:02.000,29.6,26.9,24.6,15.4,14.1,10.3,15.4,22.0,6.2,7.2,15.3,13.7,14.3,16.7,17.4,16.2,14.7,15.2,14.2,12.6,10.2,7.8,4.8,1.7,-0.1,-0.1,-1.7,-3.6,-3.8,-3.9,-4.4,-3.1,-0.1,21.6,28.6,35.9,13.4,0.0,0.3,24.8,12.9,71.9,,,OBAnorm,,LD831_02097v2.403,,,,0,0
DENATRLA,2025-06-23 23:14:03.000,31.5,28.4,19.0,18.1,13.8,12.2,13.3,12.9,4.9,6.5,10.4,12.2,16.0,15.2,15.9,15.4,15.8,14.9,14.4,13.0,10.7,7.9,4.8,5.4,5.9,11.9,-1.5,-3.7,-3.8,-4.0,-4.4,-3.2,-0.2,22.2,26.7,32.9,13.4,0.0,0.3,24.8,12.9,71.9,,,OBAnorm,,LD831_02097v2.403,,,,0,0
DENATRLA,2025-06-23 23:14:04.000,29.8,24.8,21.9,16.8,13.5,11.9,11.5,7.4,5.2,5.1,7.9,12.2,13.5,14.4,15.9,16.1,15.7,14.9,14.2,12.7,10.8,8.0,7.8,12.7,13.1,15.4,-0.7,-3.6,-3.7,-3.9,-4.4,-3.3,-0.1,23.6,26.9,35.8,13.4,0.0,0.3,24.8,12.9,71.9,,,OBAnorm,,LD831_02097v2.403,,,,0,0
DENATRLA,2025-06-23 23:14:05.000,25.9,24.1,20.0,17.2,13.3,13.2,12.3,9.5,6.2,6.3,9.3,13.2,15.0,15.2,16.4,16.0,15.1,15.5,14.1,12.6,10.9,8.8,10.4,11.0,9.4,3.3,-0.6,-3.6,-3.7,-3.9,-4.5,-3.1,-0.1,22.6,27.1,33.8,13.4,0.0,0.3,24.8,12.9,71.9,,,OBAnorm,,LD831_02097v2.403,,,,0,0
DENATRLA,2025-06-23 23:14:06.000,21.9,19.7,21.9,17.8,13.3,12.0,12.3,9.0,6.8,6.7,10.6,12.9,14.5,14.1,16.0,15.8,14.7,15.8,13.9,12.8,10.4,7.8,6.6,6.5,7.0,2.2,-0.8,-3.4,-3.7,-3.9,-4.3,-3.1,0.0,21.7,26.7,35.8,13.4,0.0,0.3,24.8,12.9,71.9,,,OBAnorm,,LD831_02097v2.403,,,,0,0
DENATRLA,2025-06-23 23:14:07.000,23.5,25.0,21.4,17.0,11.6,12.0,12.3,11.4,6.1,5.8,10.2,12.4,15.1,15.2,15.5,15.0,15.0,14.8,14.4,13.2,10.0,7.9,6.0,3.0,0.6,0.8,-0.8,-3.5,-3.7,-3.8,-4.3,-3.0,0.1,21.3,27.2,34.3,13.4,0.0,0.3,24.8,12.9,71.9,,,OBAnorm,,LD831_02097v2.403,,,,0,0
DENATRLA,2025-06-23 23:14:08.000,23.4,23.1,22.8,15.1,13.1,13.6,11.4,11.0,7.8,4.9,9.3,12.6,13.7,14.8,16.2,15.2,14.9,15.1,13.8,12.7,10.7,7.5,5.1,3.6,1.0,0.8,-0.8,-3.5,-3.6,-3.9,-4.4,-3.3,-0.2,21.2,26.6,35.5,13.4,0.0,0.3,24.8,12.9,71.9,,,OBAnorm,,LD831_02097v2.403,,,,0,0
DENATRLA,2025-06-23 23:14:09.000,25.9,22.7,24.6,14.7,11.7,14.2,12.1,11.0,5.7,6.8,8.1,11.9,14.3,15.4,15.4,14.5,15.3,14.6,14.0,11.5,10.5,8.0,6.8,6.8,1.7,1.8,0.5,-2.9,-3.5,-3.8,-4.4,-3.2,-0.2,21.4,26.7,34.7,13.4,0.0,0.3,24.8,12.9,71.9,,,OBAnorm,,LD831_02097v2.403,,,,0,0
DENATRLA,2025-06-23 23:14:10.000,22.6,25.0,23.3,17.3,15.3,14.7,11.7,8.3,6.4,7.1,9.5,12.5,14.1,16.0,16.4,16.2,15.3,15.1,13.3,12.6,10.4,7.9,5.5,4.6,1.5,1.7,0.0,-3.2,-3.7,-3.9,-4.4,-3.2,-0.2,21.5,26.4,35.3,13.4,0.0,0.3,24.8,12.9,71.9,,,OBAnorm,,LD831_02097v2.403,,,,0,0
DENATRLA,2025-06-23 23:14:11.000,24.5,20.2,19.7,16.0,14.1,14.3,13.1,8.1,6.4,5.6,9.6,13.5,14.7,14.5,16.0,16.5,14.9,14.5,14.1,12.5,11.5,9.6,7.8,10.5,6.3,1.2,-1.1,-3.7,-3.6,-3.9,-4.4,-3.3,-0.2,22.1,27.0,36.6,13.4,0.0,0.3,24.8,12.9,71.9,,,OBAnorm,,LD831_02097v2.403,,,,0,0
DENATRLA,2025-06-23 23:14:12.000,23.4,19.2,21.4,15.2,14.0,12.1,11.9,11.2,7.7,3.8,10.1,10.9,15.0,16.5,15.9,15.4,15.5,15.3,14.3,13.5,11.2,9.4,11.2,13.1,8.7,5.5,-1.0,-3.6,-3.8,-4.0,-4.4,-3.2,-0.2,23.0,27.4,38.8,13.4,0.0,0.3,24.8,12.9,71.9,,,OBAnorm,,LD831_02097v2.403,,,,0,0
DENATRLA,2025-06-23 23:14:13.000,16.2,22.3,18.9,15.3,15.1,12.6,12.5,10.2,7.6,8.5,8.4,12.2,14.0,15.4,16.0,15.7,15.0,15.2,14.0,13.3,10.6,7.8,5.0,5.3,3.4,2.0,-1.1,-3.6,-3.8,-4.0,-4.5,-3.2,-0.2,21.5,26.9,36.5,13.4,0.0,0.3,24.8,12.9,71.9,,,OBAnorm,,LD831_02097v2.403,,,,0,0
DENATRLA,2025-06-23 23:14:14.000,25.6,21.9,22.2,19.4,13.5,12.9,10.8,8.5,5.7,7.1,10.0,13.0,14.0,16.1,16.3,15.3,14.5,14.8,13.5,12.3,10.1,8.3,5.8,6.4,5.3,0.0,-2.4,-3.7,-3.8,-4.0,-4.4,-3.2,0.0,21.3,27.5,37.1,13.4,0.0,0.3,24.9,12.9,71.9,,,OBAnorm,,LD831_02097v2.403,,,,0,0
DENATRLA,2025-06-23 23:14:15.000,24.6,23.7,22.6,18.3,12.3,14.2,12.2,8.5,7.3,4.5,7.6,12.0,14.2,15.9,17.4,15.4,15.1,15.0,12.9,11.7,9.6,7.3,4.4,3.1,3.9,-0.2,-2.5,-3.8,-3.8,-3.8,-4.4,-3.3,-0.1,21.0,26.2,37.2,13.4,0.0,0.3,24.8,12.9,71.9,,,OBAnorm,,LD831_02097v2.403,,,,0,0
DENATRLA,2025-06-23 23:14:16.000,25.1,22.3,22.5,18.4,11.9,8.3,11.4,10.4,7.9,5.1,8.4,11.1,12.6,16.2,15.7,16.0,14.0,14.4,13.4,12.5,10.1,7.8,4.1,4.1,1.0,-0.5,-2.1,-3.7,-3.8,-4.0,-4.4,-3.1,0.0,21.0,27.0,37.9,13.4,0.0,0.3,24.8,12.9,71.9,,,OBAnorm,,LD831_02097v2.403,,,,0,0
DENATRLA,2025-06-23 23:14:17.000,23.6,21.3,21.9,15.4,15.5,11.0,10.6,10.8,5.9,5.0,6.5,10.8,13.7,15.6,16.2,15.5,14.9,15.1,13.8,12.3,10.1,8.7,11.7,11.4,8.8,0.9,-2.7,-3.8,-3.8,-3.9,-4.5,-3.4,-0.2,22.4,27.2,41.4,13.4,0.0,0.3,24.8,12.9,71.9,,,OBAnorm,,LD831_02097v2.403,,,,0,0
DENATRLA,2025-06-23 23:14:18.000,25.4,25.9,23.6,16.3,13.1,13.5,11.2,7.3,6.2,5.1,8.5,12.5,13.4,15.2,17.0,15.3,14.3,15.7,14.1,12.5,9.5,8.7,8.8,10.8,10.2,1.8,-2.3,-3.8,-3.7,-4.0,-4.4,-3.1,-0.2,22.3,26.9,38.8,13.4,0.0,0.3,24.8,12.9,71.9,,,OBAnorm,,LD831_02097v2.403,,,,0,0
DENATRLA,2025-06-23 23:14:19.000,21.5,25.8,17.7,16.2,14.1,15.6,10.3,9.7,5.1,7.2,9.1,11.9,13.3,15.0,16.0,14.5,14.6,14.9,13.6,12.5,9.2,7.2,6.0,10.9,7.2,1.9,-3.0,-3.8,-3.8,-3.8,-4.4,-3.0,-0.1,21.5,26.7,37.4,13.4,0.0,0.3,24.8,12.9,71.9,,,OBAnorm,,LD831_02097v2.403,,,,0,0
DENATRLA,2025-06-23 23:14:20.000,24.1,21.5,17.7,18.4,11.3,11.5,10.6,9.0,7.1,4.9,7.7,12.8,13.9,14.8,15.9,15.4,14.6,14.1,12.5,11.3,9.7,6.4,3.6,1.2,-1.2,0.6,-2.7,-3.8,-3.8,-4.0,-4.4,-3.3,-0.1,20.4,27.2,42.3,13.4,0.0,0.3,24.8,12.9,71.9,,,OBAnorm,,LD831_02097v2.403,,,,0,0
DENATRLA,2025-06-23 23:14:21.000,27.6,25.4,22.0,18.6,15.2,12.2,11.2,7.6,6.6,6.6,7.6,13.7,13.3,14.3,15.2,14.7,14.6,14.9,13.3,11.5,8.9,6.4,2.2,0.1,-2.0,-2.9,-3.7,-3.9,-3.8,-3.9,-4.4,-3.0,-0.2,20.4,27.0,40.7,13.4,0.0,0.3,24.8,12.9,71.9,,,OBAnorm,,LD831_02097v2.403,,,,0,0
DENATRLA,2025-06-23 23:14:22.000,27.8,20.5,19.8,15.5,13.4,15.1,11.3,7.9,6.6,5.5,8.3,11.6,15.3,16.4,15.5,14.5,14.5,14.4,12.5,11.4,8.9,6.0,3.6,1.8,-1.9,-3.0,-3.8,-3.8,-3.8,-3.9,-4.4,-3.3,-0.2,20.4,26.4,36.4,13.4,0.0,0.3,24.8,12.9,71.9,,,OBAnorm,,LD831_02097v2.403,,,,0,0
DENATRLA,2025-06-23 23:14:23.000,27.0,24.3,22.8,20.6,14.3,13.4,8.6,9.7,3.6,6.0,8.1,12.8,14.6,16.4,17.0,15.2,13.7,14.2,13.3,11.8,8.7,6.4,4.6,2.8,-1.6,-2.6,-3.5,-3.8,-3.7,-3.8,-4.4,-3.1,-0.1,20.6,26.5,36.8,13.4,0.0,0.3,24.8,12.9,71.9,,,OBAnorm,,LD831_02097v2.403,,,,0,0
DENATRLA,2025-06-23 23:14:24.000,22.0,22.7,18.4,16.6,14.6,12.8,10.2,7.9,6.4,7.7,8.2,13.5,14.0,15.1,15.8,14.7,15.2,15.4,13.4,11.6,9.3,7.0,5.6,9.2,8.4,-2.6,-3.8,-3.9,-3.8,-3.9,-4.4,-3.3,-0.2,21.4,27.2,37.5,13.4,0.0,0.3,24.8,12.9,71.9,,,OBAnorm,,LD831_02097v2.403,,,,0,0
DENATRLA,2025-06-23 23:14:25.000,23.8,19.9,22.4,19.5,12.8,10.5,10.6,8.5,6.3,7.5,10.2,12.9,15.7,15.0,16.0,15.8,14.5,15.3,13.5,12.3,9.4,8.9,7.0,8.2,7.8,3.9,-2.5,-3.7,-3.7,-3.6,-4.3,-3.2,-0.1,21.7,26.7,37.0,13.4,0.0,0.3,24.8,12.9,71.9,,,OBAnorm,,LD831_02097v2.403,,,,0,0
DENATRLA,2025-06-23 23:14:26.000,24.7,22.1,22.8,15.2,14.0,12.2,13.5,6.9,5.7,6.0,10.0,13.5,14.3,15.0,16.8,15.8,14.7,15.1,13.1,12.3,10.2,7.7,9.2,8.5,7.9,-2.0,-3.4,-3.9,-3.8,-4.0,-4.5,-3.2,-0.3,21.7,27.3,38.3,13.4,0.0,0.3,24.8,12.9,71.9,,,OBAnorm,,LD831_02097v2.403,,,,0,0
DENATRLA,2025-06-23 23:14:27.000,28.4,24.3,20.0,18.2,13.2,15.1,11.4,9.5,6.2,6.0,9.4,12.2,14.3,15.9,17.0,15.7,14.3,15.1,13.8,12.5,10.4,8.0,7.8,11.0,7.2,-0.6,-3.7,-3.9,-3.8,-4.0,-4.4,-3.3,-0.2,22.0,27.0,38.2,13.4,0.0,0.3,24.8,12.9,71.3,,,OBAnorm,,LD831_02097v2.403,,,,0,0
DENATRLA,2025-06-23 23:14:28.000,22.8,24.1,23.3,18.7,14.9,14.2,13.3,9.6,7.4,6.5,9.3,12.6,14.0,16.2,15.9,14.6,15.2,16.2,14.2,12.9,10.2,7.6,4.8,1.6,-1.3,-2.9,-3.9,-3.9,-3.9,-4.0,-4.4,-3.1,-0.1,21.3,27.2,40.0,13.4,0.0,0.3,24.8,12.8,71.3,,,OBAnorm,,LD831_02097v2.403,,,,0,0
DENATRLA,2025-06-23 23:14:29.000,23.3,16.8,20.5,18.8,15.0,13.3,11.0,8.1,7.5,7.6,8.3,12.9,14.3,15.3,16.0,15.2,15.5,15.7,14.0,12.2,9.3,6.9,4.9,5.0,1.0,-1.3,-4.0,-3.9,-3.9,-4.0,-4.4,-3.1,-0.1,21.2,26.7,41.0,13.4,0.0,0.3,24.8,12.9,71.3,,,OBAnorm,,LD831_02097v2.403,,,,0,0
DENATRLA,2025-06-23 23:14:30.000,22.7,23.6,20.5,18.5,11.3,14.5,10.5,11.1,8.2,6.5,8.9,12.5,13.8,13.8,15.2,15.5,14.1,14.5,13.5,12.4,10.4,8.7,10.9,11.0,4.7,0.9,-3.9,-3.9,-3.8,-4.0,-4.5,-3.1,-0.1,21.9,27.4,37.0,13.4,0.0,0.3,24.8,12.9,71.3,,,OBAnorm,,LD831_02097v2.403,,,,0,0
DENATRLA,2025-06-23 23:14:31.000,25.2,24.6,20.7,17.6,12.7,14.1,14.2,9.6,6.2,4.6,8.5,13.3,13.9,15.9,16.6,15.3,14.7,15.6,13.9,12.8,9.8,6.9,5.0,7.7,3.6,-0.8,-3.9,-3.9,-3.8,-4.0,-4.5,-3.2,0.0,21.4,27.3,37.3,13.4,0.0,0.3,24.8,12.9,71.9,,,OBAnorm,,LD831_02097v2.403,,,,0,0
DENATRLA,2025-06-23 23:14:32.000,25.7,24.1,20.8,17.9,14.5,13.0,12.2,10.5,5.3,6.5,9.8,14.2,14.1,15.9,16.5,16.1,14.9,15.7,14.4,12.7,10.7,7.7,4.2,2.1,-1.1,-3.3,-3.9,-3.8,-3.8,-3.9,-4.3,-3.1,-0.1,21.4,27.6,39.2,13.4,0.0,0.3,24.8,12.8,71.9,,,OBAnorm,,LD831_02097v2.403,,,,0,0
DENATRLA,2025-06-23 23:14:33.000,26.4,24.7,24.0,16.5,16.0,14.8,11.1,10.2,6.9,5.7,9.2,12.2,14.7,14.9,15.9,15.6,14.7,14.7,14.0,12.3,10.3,8.5,6.9,12.1,9.7,4.8,-3.8,-3.9,-3.8,-3.9,-4.5,-3.2,-0.1,22.2,27.5,37.4,13.4,0.0,0.3,24.8,12.8,71.9,,,OBAnorm,,LD831_02097v2.403,,,,0,0
DENATRLA,2025-06-23 23:14:34.000,23.2,25.4,20.4,19.9,16.8,16.0,12.0,9.6,5.4,4.7,8.8,12.1,14.6,14.9,16.4,15.9,14.8,14.6,13.9,11.7,9.7,7.1,5.6,5.7,9.5,8.6,-3.2,-3.9,-3.8,-4.0,-4.4,-3.3,-0.1,21.8,27.7,41.0,13.4,0.0,0.3,24.8,12.8,71.9,,,OBAnorm,,LD831_02097v2.403,,,,0,0
DENATRLA,2025-06-23 23:14:35.000,28.5,24.2,20.5,19.2,14.5,14.9,14.5,7.4,6.9,6.3,9.5,11.7,15.1,14.1,16.5,15.3,14.6,15.3,14.0,12.3,9.8,6.5,2.7,0.8,3.6,3.7,-3.9,-3.9,-3.8,-4.0,-4.4,-3.2,-0.2,21.0,29.4,48.4,13.4,0.0,0.3,24.8,12.8,71.9,,,OBAnorm,,LD831_02097v2.403,,,,0,0
DENATRLA,2025-06-23 23:14:36.000,24.9,25.9,22.6,17.9,16.3,13.2,12.1,9.8,6.3,4.6,8.3,12.3,14.3,15.3,15.6,15.2,14.6,14.2,13.0,11.5,8.8,7.6,12.3,12.1,12.0,-3.3,-3.9,-3.9,-3.8,-3.8,-4.4,-3.2,-0.1,22.4,29.2,44.7,13.4,0.0,0.3,24.8,12.8,71.9,,,OBAnorm,,LD831_02097v2.403,,,,0,0
DENATRLA,2025-06-23 23:14:37.000,25.6,26.0,22.7,18.2,14.7,14.2,10.4,11.3,7.7,7.0,8.7,12.7,12.0,15.3,16.1,13.8,14.0,14.7,13.2,11.7,8.9,6.0,6.9,8.3,7.0,-0.4,-3.6,-3.8,-3.7,-3.8,-4.3,-3.2,-0.2,21.0,28.6,43.7,13.4,0.0,0.3,24.8,12.8,71.9,,,OBAnorm,,LD831_02097v2.403,,,,0,0
DENATRLA,2025-06-23 23:14:38.000,30.9,24.3,24.2,20.0,17.8,14.2,12.8,9.3,4.6,5.2,8.8,12.9,13.6,14.5,16.1,14.6,15.8,13.8,12.7,11.1,8.1,5.2,3.2,2.0,-1.9,-3.6,-4.0,-3.9,-3.9,-3.9,-4.4,-3.2,-0.1,20.2,29.5,46.5,13.4,0.0,0.3,24.8,12.8,71.9,,,OBAnorm,,LD831_02097v2.403,,,,0,0
DENATRLA,2025-06-23 23:14:39.000,32.1,27.1,22.3,17.9,13.6,14.9,13.4,10.6,5.1,6.5,8.1,12.3,14.2,14.5,15.7,14.8,14.2,13.2,11.9,10.4,7.5,5.0,4.6,5.8,5.4,-2.0,-3.9,-3.9,-3.8,-3.9,-4.4,-3.1,0.1,20.2,30.9,49.3,13.4,0.0,0.3,24.8,12.8,71.9,,,OBAnorm,,LD831_02097v2.403,,,,0,0
DENATRLA,2025-06-23 23:14:40.000,31.2,29.1,23.9,24.0,17.8,17.2,13.3,8.0,5.2,6.2,8.4,12.1,14.1,14.9,15.2,14.4,14.9,14.1,12.3,10.2,7.7,5.9,6.1,8.7,6.8,-1.2,-3.9,-3.8,-3.8,-3.8,-4.2,-3.1,-0.2,20.6,32.9,52.4,13.4,0.0,0.3,24.8,12.8,72.4,,,OBAnorm,,LD831_02097v2.403,,,,0,0
DENATRLA,2025-06-23 23:14:41.000,32.9,30.6,28.5,23.5,19.1,17.9,14.0,9.3,5.9,4.4,8.7,10.9,13.3,14.2,16.1,15.4,14.6,13.1,12.8,11.1,8.5,5.9,5.2,7.9,4.9,1.7,-3.2,-3.9,-3.8,-3.9,-4.4,-3.2,-0.3,20.5,29.8,49.4,13.4,0.0,0.3,24.8,12.8,72.4,,,OBAnorm,,LD831_02097v2.403,,,,0,0
DENATRLA,2025-06-23 23:14:42.000,31.5,34.4,23.9,23.6,19.8,15.7,12.6,9.5,6.6,5.3,8.6,11.3,12.9,13.9,14.1,14.5,13.7,14.0,12.7,10.9,8.0,6.7,6.1,9.9,9.7,0.4,-3.9,-3.9,-3.9,-4.0,-4.4,-3.1,-0.2,21.0,28.6,45.7,13.4,0.0,0.3,24.8,12.8,72.4,,,OBAnorm,,LD831_02097v2.403,,,,0,0
DENATRLA,2025-06-23 23:14:43.000,35.2,27.9,22.2,19.5,15.6,14.7,10.7,10.5,6.8,7.0,9.1,13.0,13.8,16.5,15.5,14.8,14.6,13.8,12.7,11.1,9.1,8.2,10.9,14.0,8.9,4.4,-2.8,-3.1,-3.2,-2.9,-3.9,-3.0,-0.1,22.2,29.3,43.3,13.4,0.0,0.3,24.8,12.8,72.4,,,OBAnorm,,LD831_02097v2.403,,,,0,0
DENATRLA,2025-06-23 23:14:44.000,32.1,28.2,24.6,20.0,16.2,15.3,12.0,8.9,6.2,6.1,9.8,11.6,12.8,13.3,16.1,14.7,14.0,13.5,13.0,11.1,9.4,7.6,5.2,7.4,8.1,4.0,-3.8,-3.8,-3.2,-3.1,-4.4,-2.9,-0.2,20.9,27.8,47.6,13.4,0.0,0.3,24.8,12.8,72.4,,,OBAnorm,,LD831_02097v2.403,,,,0,0
DENATRLA,2025-06-23 23:14:45.000,30.7,29.6,24.6,21.2,16.6,15.6,9.8,8.8,5.6,5.8,9.1,11.3,13.3,14.3,15.0,15.1,13.8,13.4,13.1,11.4,9.1,5.9,2.3,1.4,-0.2,-3.0,-3.3,-3.7,-3.0,-2.5,-4.2,-2.9,0.0,20.1,27.0,41.1,13.4,0.0,0.3,24.8,12.8,72.4,,,OBAnorm,,LD831_02097v2.403,,,,0,0
DENATRLA,2025-06-23 23:14:46.000,29.7,26.7,22.0,17.3,16.3,12.0,11.0,9.9,6.2,7.1,9.4,12.0,12.8,14.5,14.1,14.2,14.8,14.1,13.1,11.5,9.2,6.5,2.4,2.7,0.1,-3.3,-3.9,-3.9,-3.8,-3.9,-4.5,-3.3,-0.2,20.3,28.8,43.6,13.4,0.0,0.3,24.8,12.8,72.4,,,OBAnorm,,LD831_02097v2.403,,,,0,0
DENATRLA,2025-06-23 23:14:47.000,29.7,23.6,21.5,20.0,17.9,15.6,11.6,10.2,8.3,3.6,9.8,11.4,14.4,14.7,15.9,15.2,13.9,14.0,13.2,11.7,9.4,5.9,3.5,1.7,-1.5,-3.1,-3.9,-3.9,-3.8,-4.0,-4.5,-3.2,-0.2,20.3,27.8,40.4,13.4,0.0,0.3,24.8,12.8,72.4,,,OBAnorm,,LD831_02097v2.403,,,,0,0
DENATRLA,2025-06-23 23:14:48.000,28.2,27.2,23.1,20.3,15.9,15.0,13.0,11.3,5.1,6.4,7.4,13.0,14.4,14.1,15.5,15.5,14.5,13.6,12.5,11.4,9.1,6.9,5.2,3.8,2.7,-3.3,-3.9,-3.9,-3.7,-3.9,-4.4,-3.2,0.0,20.4,28.2,40.8,13.4,0.0,0.3,24.7,12.8,72.4,,,OBAnorm,,LD831_02097v2.403,,,,0,0
DENATRLA,2025-06-23 23:14:49.000,28.6,24.1,20.6,22.4,15.4,13.9,11.0,9.8,4.7,6.4,10.0,12.3,14.0,14.7,15.5,16.0,14.6,14.0,12.8,11.3,9.1,9.7,8.7,16.1,21.0,-0.9,-3.4,-3.8,-3.7,-3.8,-4.3,-3.1,-0.1,25.4,28.0,38.9,13.4,0.0,0.3,24.8,12.8,72.4,,,OBAnorm,,LD831_02097v2.403,,,,0,0
DENATRLA,2025-06-23 23:14:50.000,26.1,25.2,20.8,19.1,17.0,11.3,11.7,8.3,5.4,7.0,8.0,12.9,14.3,14.8,15.3,15.5,14.8,14.4,13.7,11.5,9.4,6.8,4.7,9.8,14.2,-1.2,-2.5,-3.6,-3.5,-3.3,-4.1,-2.9,-0.1,22.0,27.2,41.3,13.4,0.0,0.3,24.8,12.8,72.4,,,OBAnorm,,LD831_02097v2.403,,,,0,0
DENATRLA,2025-06-23 23:14:51.000,28.0,24.8,21.6,18.1,14.6,13.7,10.1,9.5,8.3,6.7,9.8,12.4,13.1,15.4,15.9,16.5,15.4,13.6,14.3,11.6,10.3,9.5,8.5,12.3,11.5,2.8,-1.9,-3.0,-3.1,-3.1,-4.1,-3.0,-0.2,22.5,27.6,39.8,13.4,0.0,0.3,24.8,12.8,72.4,,,OBAnorm,,LD831_02097v2.403,,,,0,0
DENATRLA,2025-06-23 23:14:52.000,21.3,22.4,20.3,19.5,16.4,12.2,11.7,11.0,6.9,7.3,9.7,13.5,14.6,15.9,16.3,16.3,15.0,13.6,13.1,11.9,10.4,7.3,7.4,15.4,13.3,5.8,-1.0,-3.3,-3.2,-3.6,-4.3,-3.1,-0.3,23.1,27.8,39.8,13.4,0.0,0.3,24.8,12.8,72.4,,,OBAnorm,,LD831_02097v2.403,,,,0,0
DENATRLA,2025-06-23 23:14:53.000,25.0,25.3,21.8,18.3,16.4,15.4,12.9,8.1,7.3,6.7,8.9,11.7,13.7,14.9,15.2,15.5,13.6,13.5,12.9,11.0,9.2,8.7,6.5,8.2,8.3,0.6,-3.2,-3.5,-3.4,-3.7,-4.3,-3.1,-0.1,21.0,27.0,43.8,13.4,0.0,0.3,24.8,12.8,71.9,,,OBAnorm,,LD831_02097v2.403,,,,0,0
DENATRLA,2025-06-23 23:14:54.000,29.1,20.7,20.7,12.6,15.4,15.4,9.7,11.1,5.8,7.3,10.5,11.9,13.9,16.2,15.6,15.1,14.5,13.1,13.8,11.4,8.2,7.0,8.2,10.9,9.6,1.9,-3.2,-3.8,-3.8,-3.8,-4.3,-3.2,-0.2,21.6,27.1,40.9,13.4,0.0,0.3,24.8,12.8,71.9,,,OBAnorm,,LD831_02097v2.403,,,,0,0
DENATRLA,2025-06-23 23:14:55.000,23.1,21.5,23.2,17.2,11.7,12.3,8.3,11.0,6.5,6.4,9.9,14.1,14.8,14.8,15.8,15.4,14.7,14.3,13.8,11.4,9.0,10.0,11.2,2.5,0.2,-2.4,-2.8,-3.6,-3.7,-3.8,-4.3,-3.2,-0.1,21.5,28.1,44.8,13.4,0.0,0.3,24.7,12.8,71.9,,,OBAnorm,,LD831_02097v2.403,,,,0,0
DENATRLA,2025-06-23 23:14:56.000,25.9,19.9,22.7,18.0,12.8,8.6,12.5,9.2,7.1,5.3,10.2,12.8,14.8,15.4,16.1,15.8,14.3,15.0,14.6,11.0,9.2,11.2,5.7,0.9,-1.7,-2.6,-3.1,-3.6,-3.3,-3.7,-4.2,-3.3,-0.2,21.3,29.3,49.3,13.4,0.0,0.3,24.8,12.8,71.9,,,OBAnorm,,LD831_02097v2.403,,,,0,0
DENATRLA,2025-06-23 23:14:57.000,27.6,23.7,23.2,21.2,13.2,14.5,13.9,9.8,6.8,7.0,9.2,13.0,12.7,16.1,16.0,16.2,15.5,14.6,14.2,11.4,9.2,6.8,4.0,1.3,-1.7,-2.5,-3.2,-3.7,-3.7,-3.9,-4.5,-3.1,-0.2,21.1,28.7,45.3,13.4,0.0,0.3,24.8,12.8,71.9,,,OBAnorm,,LD831_02097v2.403,,,,0,0
DENATRLA,2025-06-23 23:14:58.000,27.7,26.8,18.7,18.1,15.8,11.9,12.9,7.7,6.9,5.2,9.4,12.1,14.1,15.6,16.5,15.8,14.7,14.8,14.5,12.0,9.5,7.0,3.6,1.0,-1.1,-1.4,-2.4,-3.1,-1.9,-3.2,-4.1,-3.1,-0.2,21.0,28.1,47.5,13.4,0.0,0.3,24.7,12.8,71.9,,,OBAnorm,,LD831_02097v2.403,,,,0,0
DENATRLA,2025-06-23 23:14:59.000,30.1,22.3,23.7,20.8,16.1,14.4,14.2,10.1,3.6,6.7,9.3,12.5,14.6,15.3,16.3,16.2,13.8,15.0,13.9,12.5,9.7,10.0,9.0,13.8,9.8,1.6,-2.7,-3.8,-3.7,-3.9,-4.4,-3.2,-0.3,22.7,29.6,45.4,13.4,0.0,0.3,24.8,12.8,71.9,,,OBAnorm,,LD831_02097v2.403,,,,0,0
DENATRLA,2025-06-23 23:15:00.000,30.3,27.7,26.4,22.3,16.1,12.0,9.1,9.1,7.7,6.1,8.9,12.4,14.2,14.7,16.2,15.6,14.5,14.8,14.2,12.4,9.9,8.2,7.3,7.8,5.3,2.9,-1.3,-3.4,-3.6,-3.9,-4.4,-3.1,-0.1,21.6,29.1,44.7,13.4,0.0,0.3,24.7,12.8,71.9,,,OBAnorm,,LD831_02097v2.403,,,,0,0
DENATRLA,2025-06-23 23:15:01.000,26.7,21.8,21.2,19.6,15.1,15.7,11.9,8.2,7.1,5.7,9.5,13.5,14.6,15.5,16.4,17.5,14.9,14.8,15.6,12.7,10.0,8.3,8.4,11.1,4.8,1.2,0.1,-2.7,-3.5,-3.9,-4.3,-3.2,-0.1,22.4,29.6,48.7,13.4,0.0,0.3,24.7,12.8,71.9,,,OBAnorm,,LD831_02097v2.403,,,,0,0
DENATRLA,2025-06-23 23:15:02.000,35.7,29.4,22.6,20.4,15.9,14.2,11.6,6.0,5.4,6.2,8.4,12.2,13.5,15.6,16.9,16.4,15.3,14.9,15.7,11.9,10.3,9.1,5.7,3.8,0.7,0.5,-0.5,-3.2,-3.6,-3.6,-4.4,-3.0,-0.3,21.9,32.2,50.3,13.4,0.0,0.3,24.7,12.8,71.9,,,OBAnorm,,LD831_02097v2.403,,,,0,0
DENATRLA,2025-06-23 23:15:03.000,26.3,26.8,27.3,23.2,19.2,20.5,13.4,10.0,7.7,5.2,8.7,11.9,14.3,16.0,16.3,16.1,14.7,14.8,14.0,11.4,9.3,7.2,4.8,3.7,1.1,-0.3,-2.2,-3.7,-3.8,-3.9,-4.4,-3.2,-0.1,21.0,34.4,51.6,13.4,0.0,0.3,24.8,12.8,71.9,,,OBAnorm,,LD831_02097v2.403,,,,0,0
DENATRLA,2025-06-23 23:15:04.000,29.3,29.8,29.8,23.8,25.0,24.4,15.7,10.2,6.2,5.7,9.9,11.4,13.7,16.2,16.8,16.3,14.7,14.9,14.3,12.2,9.3,6.8,3.9,1.6,-0.5,-1.8,-2.8,-3.8,-3.8,-3.9,-4.4,-3.1,-0.1,21.2,33.5,54.4,13.4,0.0,0.3,24.8,12.8,71.9,,,OBAnorm,,LD831_02097v2.403,,,,0,0
DENATRLA,2025-06-23 23:15:05.000,32.6,37.4,26.2,23.3,19.9,20.1,15.3,10.9,7.5,5.6,11.3,12.0,14.0,17.0,16.1,15.6,14.7,14.5,14.2,12.3,11.1,10.4,9.7,12.6,8.3,5.4,-2.3,-3.8,-3.8,-4.0,-4.4,-3.1,-0.2,22.8,33.4,47.9,13.4,0.0,0.3,24.8,12.8,71.9,,,OBAnorm,,LD831_02097v2.403,,,,0,0
DENATRLA,2025-06-23 23:15:06.000,36.3,36.3,30.9,27.1,21.9,19.4,16.2,10.6,6.7,7.6,10.8,11.9,14.0,16.5,17.4,17.1,15.9,15.7,14.8,12.7,10.4,8.3,5.3,8.7,7.4,9.1,-0.5,-3.7,-3.8,-3.9,-4.3,-3.3,-0.1,22.4,33.6,50.7,13.4,0.0,0.3,24.7,12.8,71.9,,,OBAnorm,,LD831_02097v2.403,,,,0,0
DENATRLA,2025-06-23 23:15:07.000,36.5,33.1,30.0,25.8,19.9,17.8,13.6,8.4,8.1,7.9,9.6,11.4,14.8,16.4,16.6,15.6,15.6,15.4,15.1,13.1,11.1,9.0,7.4,6.3,6.9,2.9,0.5,-3.1,-3.8,-4.0,-4.5,-3.2,-0.2,22.3,36.9,53.4,13.4,0.0,0.3,24.9,12.8,71.9,,,OBAnorm,,LD831_02097v2.403,,,,0,0
DENATRLA,2025-06-23 23:15:08.000,35.2,35.8,32.3,28.9,23.1,19.6,14.7,8.6,6.2,6.9,9.5,12.0,14.3,15.8,16.4,16.5,15.6,16.1,14.2,13.2,10.9,8.7,6.2,5.7,5.3,2.8,0.7,-3.2,-3.7,-3.9,-4.5,-3.3,-0.2,22.1,35.2,51.0,13.4,0.0,0.3,24.8,12.8,71.9,,,OBAnorm,,LD831_02097v2.403,,,,0,0
DENATRLA,2025-06-23 23:15:09.000,43.4,36.6,27.3,25.0,26.4,19.0,13.5,10.4,7.5,7.0,12.1,11.8,15.0,15.6,15.8,16.0,15.5,15.8,14.4,13.0,10.1,7.7,5.8,3.5,1.9,2.0,0.3,-3.2,-3.7,-4.0,-4.4,-3.3,-0.1,21.8,34.8,51.6,13.4,0.0,0.3,24.8,12.8,71.9,,,OBAnorm,,LD831_02097v2.403,,,,0,0
DENATRLA,2025-06-23 23:15:10.000,39.9,33.1,34.0,26.0,22.8,20.1,13.3,8.6,8.6,7.4,8.6,12.0,15.4,16.0,17.4,16.6,16.0,16.2,14.8,12.5,10.0,7.8,5.7,4.1,4.4,2.9,0.4,-3.2,-3.7,-3.9,-4.4,-3.3,-0.1,22.2,36.6,54.0,13.4,0.0,0.3,24.8,12.8,71.9,,,OBAnorm,,LD831_02097v2.403,,,,0,0
DENATRLA,2025-06-23 23:15:11.000,38.8,37.6,31.5,31.7,25.5,22.5,16.5,8.9,8.8,6.6,10.0,13.0,14.4,16.7,17.0,16.7,15.4,15.4,15.6,12.9,10.6,8.2,7.0,5.3,2.9,2.6,0.4,-3.1,-3.6,-3.8,-4.5,-3.2,-0.1,22.3,34.6,49.2,13.4,0.0,0.3,24.8,12.8,71.9,,,OBAnorm,,LD831_02097v2.403,,,,0,0
DENATRLA,2025-06-23 23:15:12.000,38.4,35.5,30.2,26.3,26.7,18.3,13.9,8.6,7.1,6.5,9.6,13.4,14.4,16.0,17.4,16.3,16.1,15.8,15.6,13.1,10.7,8.0,7.1,6.7,5.5,2.1,0.2,-3.3,-3.7,-3.9,-4.4,-3.1,-0.1,22.4,38.8,54.9,13.4,0.0,0.3,24.8,12.8,71.9,,,OBAnorm,,LD831_02097v2.403,,,,0,0
DENATRLA,2025-06-23 23:15:13.000,34.2,31.0,32.0,29.0,24.1,22.8,15.7,10.1,7.1,7.7,8.9,13.5,15.7,15.8,17.1,16.1,15.7,16.1,15.5,13.7,11.2,9.4,6.7,5.4,4.6,3.0,-0.1,-3.4,-3.7,-3.9,-4.5,-3.1,-0.2,22.3,36.2,54.3,13.4,0.0,0.3,24.8,12.8,71.3,,,OBAnorm,,LD831_02097v2.403,,,,0,0
DENATRLA,2025-06-23 23:15:14.000,38.4,35.0,34.4,29.6,24.6,23.5,15.0,8.4,7.8,8.9,9.6,11.7,15.5,15.0,17.5,16.5,15.9,16.4,14.7,13.4,10.8,8.3,5.6,4.3,2.1,2.2,0.0,-3.0,-3.6,-3.9,-4.5,-3.1,-0.2,22.2,32.9,49.0,13.4,0.0,0.3,24.7,12.8,71.3,,,OBAnorm,,LD831_02097v2.403,,,,0,0
DENATRLA,2025-06-23 23:15:15.000,40.2,38.5,28.9,24.8,25.0,19.1,12.1,10.7,9.4,6.4,9.9,12.6,15.0,14.9,17.0,15.6,16.2,15.2,15.1,12.7,10.8,8.0,5.5,3.9,2.3,1.5,-0.1,-3.1,-3.7,-4.0,-4.5,-3.2,-0.1,21.9,32.2,46.4,13.4,0.0,0.3,24.7,12.8,71.3,,,OBAnorm,,LD831_02097v2.403,,,,0,0
DENATRLA,2025-06-23 23:15:16.000,38.8,33.9,29.7,23.8,23.7,14.9,12.2,9.4,7.2,6.0,9.0,12.0,15.3,15.9,17.1,16.7,15.9,16.1,14.3,12.9,10.8,8.1,5.1,2.1,1.0,0.4,-1.2,-3.4,-3.7,-3.9,-4.5,-3.2,-0.2,21.9,31.6,48.9,13.4,0.0,0.3,24.7,12.8,71.3,,,OBAnorm,,LD831_02097v2.403,,,,0,0
DENATRLA,2025-06-23 23:15:17.000,34.6,30.3,30.0,26.8,22.2,18.7,12.3,10.5,8.0,7.5,9.4,12.5,13.3,16.2,16.3,16.4,15.4,16.0,14.9,13.2,10.5,7.8,4.7,2.6,0.3,-0.3,-2.1,-3.7,-3.8,-3.9,-4.5,-3.1,-0.1,21.9,32.6,49.8,13.4,0.0,0.3,24.7,12.8,70.7,,,OBAnorm,,LD831_02097v2.403,,,,0,0
DENATRLA,2025-06-23 23:15:18.000,36.2,32.0,33.1,24.7,21.3,18.2,10.8,10.3,7.1,6.2,8.7,12.2,13.7,17.0,17.7,16.4,15.9,15.6,15.4,13.2,10.6,8.6,6.4,4.8,1.8,0.2,-2.3,-3.8,-3.8,-4.0,-4.5,-3.2,-0.2,22.0,29.8,46.7,13.4,0.0,0.3,24.8,12.8,70.7,,,OBAnorm,,LD831_02097v2.403,,,,0,0
DENATRLA,2025-06-23 23:15:19.000,34.2,34.3,24.4,24.1,19.3,17.7,12.9,11.0,8.8,5.6,10.6,12.1,14.0,15.5,17.9,16.2,15.4,15.9,15.5,13.2,10.5,7.8,5.9,3.9,1.2,-0.6,-2.9,-3.7,-3.8,-3.8,-4.5,-3.1,-0.3,22.0,30.8,46.7,13.4,0.0,0.3,24.7,12.8,70.7,,,OBAnorm,,LD831_02097v2.403,,,,0,0
DENATRLA,2025-06-23 23:15:20.000,27.2,28.9,25.0,23.1,19.1,14.9,9.7,11.2,8.0,5.5,9.3,12.5,14.4,15.9,17.3,16.0,15.4,14.9,14.4,12.6,10.1,7.6,6.2,3.7,1.0,3.8,1.1,-3.8,-3.7,-3.9,-4.4,-3.1,-0.2,21.7,28.3,42.9,13.4,0.0,0.3,24.7,12.8,70.7,,,OBAnorm,,LD831_02097v2.403,,,,0,0
DENATRLA,2025-06-23 23:15:21.000,29.4,29.1,24.4,17.8,16.0,15.2,13.5,9.7,8.2,5.6,9.1,13.0,14.5,15.4,16.5,15.9,15.5,14.7,14.8,13.1,9.8,7.7,4.8,2.7,0.8,0.4,-1.1,-3.7,-3.8,-3.8,-4.5,-3.1,-0.1,21.6,28.1,39.6,13.4,0.0,0.3,24.8,12.8,70.7,,,OBAnorm,,LD831_02097v2.403,,,,0,0
DENATRLA,2025-06-23 23:15:22.000,34.1,26.2,24.2,23.7,15.5,12.6,11.5,9.9,8.9,6.8,10.0,12.7,14.1,16.1,17.5,16.0,16.1,15.6,15.4,13.0,10.0,8.2,4.7,2.2,0.4,-1.4,-2.3,-2.8,-3.7,-3.4,-4.3,-3.2,-0.1,21.9,28.1,39.2,13.4,0.0,0.3,24.7,12.8,70.7,,,OBAnorm,,LD831_02097v2.403,,,,0,0
DENATRLA,2025-06-23 23:15:23.000,24.5,27.4,20.3,15.3,16.1,15.8,11.4,10.0,8.1,7.5,8.1,13.5,14.4,15.6,16.2,16.9,14.7,15.7,15.9,13.2,11.0,9.0,6.1,3.4,2.0,-1.3,-2.9,-3.6,-3.7,-3.9,-4.5,-3.2,-0.1,22.2,27.6,40.7,13.4,0.0,0.3,24.7,12.8,70.7,,,OBAnorm,,LD831_02097v2.403,,,,0,0
DENATRLA,2025-06-23 23:15:24.000,27.8,24.7,25.9,19.9,13.1,13.6,11.9,10.2,5.6,8.0,9.6,11.9,13.9,15.8,16.2,16.1,15.4,15.5,15.7,13.3,11.1,8.9,6.0,5.7,0.1,-0.9,-2.4,-3.5,-3.8,-3.8,-4.4,-3.1,0.0,22.1,27.2,37.7,13.4,0.0,0.3,24.7,12.8,71.3,,,OBAnorm,,LD831_02097v2.403,,,,0,0
DENATRLA,2025-06-23 23:15:25.000,24.1,24.1,23.2,17.5,15.1,12.3,11.0,11.7,9.1,6.8,9.5,11.9,14.6,16.0,16.8,15.4,15.2,15.7,16.1,13.5,11.7,8.8,5.9,3.4,0.0,-1.5,-2.6,-3.7,-3.8,-3.9,-4.5,-3.2,-0.2,22.2,27.5,35.3,13.4,0.0,0.3,24.7,12.8,71.3,,,OBAnorm,,LD831_02097v2.403,,,,0,0
DENATRLA,2025-06-23 23:15:26.000,24.5,21.3,20.3,16.8,14.0,14.1,13.1,10.4,7.7,7.1,9.9,12.0,14.7,15.8,17.3,17.3,16.2,17.2,15.6,14.3,11.9,9.6,7.2,7.0,6.1,-1.4,-3.4,-3.9,-3.8,-4.0,-4.5,-3.2,-0.2,22.9,28.1,37.4,13.4,0.0,0.3,24.7,12.8,71.3,,,OBAnorm,,LD831_02097v2.403,,,,0,0
DENATRLA,2025-06-23 23:15:27.000,25.9,23.8,21.4,15.9,15.7,12.5,13.4,10.1,8.4,6.4,9.5,14.6,16.6,17.1,17.4,16.8,16.0,16.5,15.3,14.5,13.2,10.2,6.6,3.8,3.5,-1.3,-3.3,-3.8,-3.7,-3.9,-4.4,-3.2,-0.2,22.9,27.8,39.3,13.4,0.0,0.3,24.7,12.8,71.3,,,OBAnorm,,LD831_02097v2.403,,,,0,0
DENATRLA,2025-06-23 23:15:28.000,28.9,26.3,21.0,20.7,13.9,11.2,12.5,12.9,8.5,7.7,9.7,14.1,17.2,16.9,17.1,17.3,15.9,15.7,15.0,14.3,12.7,9.2,7.7,2.7,0.3,-1.2,-3.6,-3.9,-3.7,-3.9,-4.3,-3.2,-0.2,22.7,27.9,42.1,13.4,0.0,0.3,24.7,12.8,71.3,,,OBAnorm,,LD831_02097v2.403,,,,0,0
DENATRLA,2025-06-23 23:15:29.000,26.2,23.9,24.1,19.5,15.8,13.2,14.2,11.2,10.1,9.5,11.3,11.8,16.0,16.7,16.1,16.7,15.8,16.8,15.5,14.4,12.4,9.4,9.9,11.4,11.2,1.4,-3.5,-3.8,-3.7,-3.9,-4.4,-3.4,-0.2,23.4,28.6,40.9,13.4,0.0,0.3,24.7,12.8,71.9,,,OBAnorm,,LD831_02097v2.403,,,,0,0
DENATRLA,2025-06-23 23:15:30.000,20.6,21.5,22.9,19.8,14.8,14.9,12.8,11.5,7.6,7.4,10.7,13.2,16.2,17.5,16.5,16.9,15.8,16.0,16.5,14.4,13.0,10.3,6.5,5.9,5.7,-1.2,-3.4,-3.9,-3.8,-4.0,-4.5,-3.3,-0.3,23.1,28.0,36.7,13.4,0.0,0.3,24.7,12.8,71.9,,,OBAnorm,,LD831_02097v2.403,,,,0,0
DENATRLA,2025-06-23 23:15:31.000,21.6,23.5,25.7,18.2,15.1,14.2,12.5,9.3,7.6,6.2,7.6,13.1,16.2,17.8,17.4,17.1,16.3,16.4,15.6,14.0,12.4,8.9,5.1,1.5,0.3,-2.3,-3.7,-3.8,-3.8,-4.0,-4.5,-3.2,-0.1,22.7,27.9,35.3,13.4,0.0,0.3,24.7,12.8,71.9,,,OBAnorm,,LD831_02097v2.403,,,,0,0
DENATRLA,2025-06-23 23:15:32.000,26.4,25.0,20.2,17.2,9.9,13.2,11.9,10.2,7.0,8.9,10.7,13.8,15.4,17.5,16.2,17.0,16.0,16.2,15.8,14.1,11.6,9.2,6.1,3.9,0.7,-1.8,-3.5,-3.8,-3.8,-3.8,-4.4,-3.1,-0.2,22.5,27.5,36.9,13.4,0.0,0.3,24.7,12.8,71.9,,,OBAnorm,,LD831_02097v2.403,,,,0,0
DENATRLA,2025-06-23 23:15:33.000,24.5,23.6,24.8,15.5,15.5,13.0,12.5,10.5,7.6,9.1,9.9,14.6,15.5,16.3,16.7,16.6,16.2,15.4,15.1,13.4,10.9,8.7,7.7,6.8,5.7,5.1,-3.3,-3.7,-3.8,-3.9,-4.5,-3.2,-0.1,22.4,27.6,35.7,13.4,0.0,0.3,24.7,12.8,71.9,,,OBAnorm,,LD831_02097v2.403,,,,0,0
DENATRLA,2025-06-23 23:15:34.000,23.5,24.9,19.0,19.1,14.6,14.5,13.7,8.4,8.2,7.0,11.4,14.7,15.8,16.0,17.1,16.8,15.2,15.4,14.3,13.2,11.1,8.8,5.6,5.4,6.1,4.4,-3.1,-3.8,-3.8,-3.9,-4.4,-3.2,-0.2,22.2,27.5,36.5,13.4,0.0,0.3,24.7,12.8,71.9,,,OBAnorm,,LD831_02097v2.403,,,,0,0
DENATRLA,2025-06-23 23:15:35.000,23.2,23.1,19.6,18.5,16.7,13.4,10.7,12.7,6.7,7.2,9.3,12.9,15.1,16.4,17.5,17.2,15.6,15.4,15.6,13.1,10.7,7.9,4.7,2.1,1.6,-1.5,-3.2,-3.8,-3.8,-3.9,-4.5,-3.2,-0.2,22.0,27.8,42.6,13.4,0.0,0.3,24.7,12.8,71.9,,,OBAnorm,,LD831_02097v2.403,,,,0,0
DENATRLA,2025-06-23 23:15:36.000,23.7,23.9,22.5,19.1,15.8,11.8,12.6,9.2,7.7,7.8,11.0,13.1,14.8,15.9,17.1,16.5,16.2,15.6,15.0,13.2,11.2,8.2,4.2,1.1,-1.2,-2.1,-3.5,-3.8,-3.8,-3.9,-4.4,-3.4,-0.2,22.0,27.4,39.8,13.4,0.0,0.3,24.7,12.8,71.9,,,OBAnorm,,LD831_02097v2.403,,,,0,0
DENATRLA,2025-06-23 23:15:37.000,21.4,21.7,23.0,16.7,15.0,13.3,14.3,10.3,8.0,6.1,9.4,12.6,15.0,16.6,16.0,16.3,16.5,16.1,16.5,13.7,10.8,8.6,4.8,5.0,0.1,-1.2,-3.0,-3.7,-3.8,-4.0,-4.4,-3.1,-0.1,22.5,28.2,42.3,13.4,0.0,0.3,24.7,12.8,71.9,,,OBAnorm,,LD831_02097v2.403,,,,0,0
DENATRLA,2025-06-23 23:15:38.000,24.5,25.4,23.7,19.1,17.1,13.2,11.1,10.8,6.8,8.4,10.0,13.5,15.2,17.1,17.6,17.5,17.3,16.2,15.4,13.8,10.4,8.7,7.2,7.6,4.0,0.0,-3.5,-3.9,-3.8,-4.0,-4.5,-3.2,-0.2,22.9,28.5,43.6,13.4,0.0,0.3,24.7,12.8,71.9,,,OBAnorm,,LD831_02097v2.403,,,,0,0
DENATRLA,2025-06-23 23:15:39.000,21.1,24.8,20.0,17.9,14.4,12.6,13.7,12.8,5.8,7.7,10.7,13.7,17.0,17.3,17.7,18.3,17.2,16.3,15.4,14.2,11.7,9.0,6.2,8.0,6.4,1.5,-3.2,-3.9,-3.9,-4.0,-4.5,-3.2,-0.2,23.1,28.2,39.9,13.4,0.0,0.3,24.7,12.8,71.9,,,OBAnorm,,LD831_02097v2.403,,,,0,0
DENATRLA,2025-06-23 23:15:40.000,25.6,23.7,22.6,14.0,15.7,13.5,13.4,11.7,8.0,8.6,11.5,13.4,15.3,17.8,18.6,18.0,17.4,16.8,15.9,13.7,11.0,8.2,5.0,2.2,0.6,-0.2,-3.1,-3.7,-3.7,-4.0,-4.5,-3.3,-0.2,22.8,28.6,41.6,13.4,0.0,0.3,24.7,12.8,71.9,,,OBAnorm,,LD831_02097v2.403,,,,0,0
DENATRLA,2025-06-23 23:15:41.000,29.7,24.2,22.3,14.5,16.6,16.5,10.1,7.9,7.1,8.1,11.2,13.8,16.1,16.4,19.2,18.3,17.1,16.6,15.1,14.6,12.0,8.6,5.0,2.0,0.5,-0.2,-2.3,-3.7,-3.8,-4.0,-4.5,-3.3,-0.1,23.0,28.7,41.4,13.4,0.0,0.3,24.7,12.8,71.9,,,OBAnorm,,LD831_02097v2.403,,,,0,0
DENATRLA,2025-06-23 23:15:42.000,24.3,26.6,23.7,19.5,14.8,12.9,14.3,12.3,7.1,7.9,11.3,14.4,17.2,17.4,18.1,17.9,17.0,16.6,15.7,14.1,11.5,9.0,6.4,4.7,1.8,0.5,-2.1,-3.7,-3.8,-3.9,-4.4,-3.2,-0.2,23.1,28.6,40.7,13.4,0.0,0.3,24.7,12.8,71.9,,,OBAnorm,,LD831_02097v2.403,,,,0,0
DENATRLA,2025-06-23 23:15:43.000,24.7,25.6,24.3,16.4,16.5,11.8,11.3,10.0,6.1,7.7,10.3,15.3,15.8,17.9,18.1,17.3,17.2,17.9,16.5,14.3,12.3,9.3,8.4,9.5,3.6,0.6,-1.4,-3.5,-3.8,-3.9,-4.4,-3.1,-0.2,23.6,28.7,40.1,13.4,0.0,0.3,24.7,12.8,71.9,,,OBAnorm,,LD831_02097v2.403,,,,0,0
DENATRLA,2025-06-23 23:15:44.000,25.7,26.8,20.0,21.0,15.2,12.5,12.4,11.3,7.1,8.7,11.5,14.8,16.7,18.7,18.8,17.6,16.8,17.2,16.0,13.8,12.0,9.2,9.1,8.9,7.7,1.7,-1.4,-3.7,-3.8,-4.0,-4.5,-3.1,-0.2,23.6,29.0,40.9,13.4,0.0,0.3,24.7,12.8,72.4,,,OBAnorm,,LD831_02097v2.403,,,,0,0
DENATRLA,2025-06-23 23:15:45.000,21.2,23.2,21.7,21.6,15.0,13.4,13.8,10.8,8.9,7.0,12.0,14.8,17.5,18.4,18.5,18.4,17.0,17.0,16.1,14.8,12.1,9.3,8.0,8.3,13.0,2.4,0.9,-2.7,-3.5,-3.9,-4.4,-3.3,-0.1,24.0,29.6,36.9,13.4,0.0,0.3,24.7,12.8,72.4,,,OBAnorm,,LD831_02097v2.403,,,,0,0
DENATRLA,2025-06-23 23:15:46.000,29.9,23.6,20.7,20.1,15.5,15.9,15.3,14.0,7.7,8.9,11.0,15.0,17.5,17.7,18.2,18.5,17.5,16.5,16.4,14.2,12.4,9.1,6.0,5.5,9.5,2.2,0.9,-2.7,-3.5,-3.8,-4.4,-3.2,-0.3,23.6,28.9,38.5,13.4,0.0,0.3,24.7,12.8,71.9,,,OBAnorm,,LD831_02097v2.403,,,,0,0
DENATRLA,2025-06-23 23:15:47.000,28.5,28.2,21.8,18.7,15.0,14.5,11.5,10.3,8.0,8.9,10.7,14.1,17.3,17.9,18.0,17.4,16.9,17.6,16.1,14.5,11.7,9.4,5.9,4.6,2.4,2.2,0.4,-2.9,-3.6,-4.0,-4.5,-3.3,-0.2,23.3,28.4,36.6,13.4,0.0,0.3,24.7,12.8,71.9,,,OBAnorm,,LD831_02097v2.403,,,,0,0
DENATRLA,2025-06-23 23:15:48.000,25.6,25.2,22.0,18.2,17.1,15.5,11.9,11.3,6.2,9.3,13.5,16.3,17.5,18.0,18.0,17.6,17.0,17.1,16.1,14.4,12.4,10.3,6.6,4.6,2.9,3.5,2.3,-2.0,-3.5,-3.9,-4.4,-3.1,-0.2,23.4,29.0,36.2,13.4,0.0,0.3,24.7,12.8,71.9,,,OBAnorm,,LD831_02097v2.403,,,,0,0
DENATRLA,2025-06-23 23:15:49.000,26.6,25.4,15.6,20.6,17.6,13.9,13.0,11.8,8.9,8.9,11.8,16.1,17.8,18.0,18.7,18.3,17.4,17.4,16.4,15.0,12.5,11.1,9.2,8.8,6.7,6.6,5.6,0.9,-1.8,-3.9,-4.4,-3.1,-0.2,24.1,29.3,37.0,13.4,0.0,0.3,24.7,12.8,71.9,,,OBAnorm,,LD831_02097v2.403,,,,0,0
DENATRLA,2025-06-23 23:15:50.000,25.4,26.0,22.2,19.1,16.4,16.3,13.5,11.2,7.0,10.0,12.9,15.7,15.8,18.6,19.2,18.3,17.0,17.3,16.5,15.5,13.3,12.0,10.1,9.4,9.2,5.6,4.4,0.0,-2.5,-3.9,-4.4,-3.3,-0.2,24.4,29.1,36.1,13.4,0.0,0.3,24.7,12.8,71.9,,,OBAnorm,,LD831_02097v2.403,,,,0,0
DENATRLA,2025-06-23 23:15:51.000,28.1,25.9,22.4,21.7,16.3,15.3,12.1,11.5,8.1,8.8,12.2,14.8,17.6,18.1,18.5,18.7,17.1,17.1,16.6,15.3,13.2,10.3,7.5,5.9,4.3,4.7,3.6,-0.2,-2.7,-4.0,-4.5,-3.3,-0.2,24.0,29.4,38.1,13.4,0.0,0.3,24.7,12.8,71.9,,,OBAnorm,,LD831_02097v2.403,,,,0,0
DENATRLA,2025-06-23 23:15:52.000,26.9,23.2,23.1,21.4,14.3,14.8,13.7,11.1,9.7,10.4,11.8,15.9,17.0,18.2,18.9,18.8,17.3,17.7,16.3,14.9,13.1,9.7,7.1,4.3,3.7,4.1,2.7,-1.6,-3.2,-4.0,-4.4,-3.3,-0.3,23.8,28.8,35.8,13.4,0.0,0.3,24.7,12.8,71.9,,,OBAnorm,,LD831_02097v2.403,,,,0,0
DENATRLA,2025-06-23 23:15:53.000,27.0,24.8,24.0,23.0,15.0,12.2,14.7,11.1,10.0,8.9,12.0,15.2,17.8,18.0,19.1,18.2,17.2,17.6,16.6,14.9,13.0,10.7,7.4,5.2,3.4,3.9,2.0,-1.8,-3.3,-3.9,-4.5,-3.4,-0.1,23.9,29.0,34.8,13.4,0.0,0.3,24.7,12.8,71.9,,,OBAnorm,,LD831_02097v2.403,,,,0,0
DENATRLA,2025-06-23 23:15:54.000,24.9,19.2,23.2,18.9,16.6,15.0,15.1,11.3,9.2,9.4,10.9,14.6,16.7,17.6,18.4,18.4,17.4,18.1,17.0,14.8,13.7,11.0,8.1,6.7,4.0,4.3,3.2,-1.3,-3.1,-3.9,-4.5,-3.3,-0.2,24.2,29.3,36.5,13.4,0.0,0.3,24.7,12.8,71.9,,,OBAnorm,,LD831_02097v2.403,,,,0,0
DENATRLA,2025-06-23 23:15:55.000,19.8,25.3,21.7,18.9,17.3,13.9,11.8,12.6,11.5,10.3,12.1,16.1,17.6,18.7,18.4,18.8,18.0,18.0,17.2,15.8,13.7,11.4,10.0,9.4,10.6,4.8,2.4,-1.7,-3.1,-3.9,-4.5,-3.2,-0.2,24.7,30.2,38.5,13.4,0.0,0.3,24.7,12.8,71.9,,,OBAnorm,,LD831_02097v2.403,,,,0,0
DENATRLA,2025-06-23 23:15:56.000,23.2,23.4,27.8,25.1,14.5,12.2,15.9,10.5,11.2,8.3,12.4,13.8,18.1,18.4,18.7,18.2,17.2,17.3,16.0,15.4,12.8,10.1,6.6,3.7,2.1,2.0,-0.2,-3.3,-3.8,-3.9,-4.5,-3.2,0.0,23.6,29.0,40.9,13.4,0.0,0.3,24.7,12.8,71.9,,,OBAnorm,,LD831_02097v2.403,,,,0,0
DENATRLA,2025-06-23 23:15:57.000,26.2,25.2,25.2,22.4,15.5,14.0,16.2,12.4,10.1,8.9,9.6,14.3,17.6,18.9,18.1,18.5,17.2,17.9,16.3,14.9,12.8,9.8,9.1,9.3,7.5,2.2,-1.4,-3.7,-3.8,-4.0,-4.5,-3.1,-0.2,24.1,29.3,42.2,13.4,0.0,0.3,24.7,12.8,71.9,,,OBAnorm,,LD831_02097v2.403,,,,0,0
DENATRLA,2025-06-23 23:15:58.000,26.6,23.3,22.8,22.3,17.9,13.4,14.0,13.1,9.4,10.0,12.3,15.5,16.6,19.2,19.0,18.1,17.1,17.8,16.5,14.5,12.2,9.3,6.6,4.7,1.3,-0.6,-2.6,-3.8,-3.8,-4.0,-4.5,-3.4,-0.2,23.6,29.6,44.1,13.4,0.0,0.3,24.7,12.8,71.9,,,OBAnorm,,LD831_02097v2.403,,,,0,0
DENATRLA,2025-06-23 23:15:59.000,25.5,23.2,21.1,18.7,15.6,13.2,13.3,12.2,10.9,8.7,11.4,15.0,17.2,17.0,18.5,19.2,18.1,17.6,16.6,14.6,12.3,9.6,6.0,2.9,0.9,-0.1,-2.3,-3.8,-3.8,-4.0,-4.4,-3.3,-0.2,23.7,28.8,37.0,13.4,0.0,0.3,24.7,12.8,72.4,,,OBAnorm,,LD831_02097v2.403,,,,0,0
DENATRLA,2025-06-23 23:16:00.000,23.5,29.8,25.1,19.8,15.7,15.1,12.0,12.5,9.5,8.0,12.5,15.1,17.1,18.5,19.1,17.9,17.7,17.5,17.1,14.4,12.2,9.4,6.3,2.6,1.0,-0.2,-2.8,-3.8,-3.8,-4.0,-4.5,-3.3,-0.2,23.6,29.3,39.9,13.4,0.0,0.3,24.7,12.8,72.4,,,OBAnorm,,LD831_02097v2.403,,,,0,0
DENATRLA,2025-06-23 23:16:01.000,21.7,22.7,20.2,17.9,15.4,17.1,14.2,13.1,8.8,8.4,12.5,14.0,17.2,18.8,19.0,18.4,16.9,17.7,17.0,15.4,12.7,10.3,9.8,13.2,10.5,11.5,-1.1,-3.5,-3.8,-3.9,-4.5,-3.2,-0.1,24.8,30.0,41.7,13.4,0.0,0.3,24.7,12.8,72.4,,,OBAnorm,,LD831_02097v2.403,,,,0,0
DENATRLA,2025-06-23 23:16:02.000,25.9,24.6,23.8,19.6,15.6,15.2,14.0,13.7,11.3,8.0,11.8,16.0,17.7,18.9,19.1,18.0,17.5,17.7,16.8,14.7,13.0,11.7,12.0,12.8,10.2,8.4,0.6,-2.7,-3.6,-3.9,-4.4,-3.2,-0.2,24.8,29.9,43.5,13.4,0.0,0.3,24.7,12.8,72.4,,,OBAnorm,,LD831_02097v2.403,,,,0,0
DENATRLA,2025-06-23 23:16:03.000,27.4,29.4,20.6,20.7,15.2,13.6,13.3,12.0,8.9,9.9,10.6,15.3,16.6,19.2,18.4,18.3,16.5,17.1,17.0,14.5,12.4,9.6,6.7,4.2,2.7,1.9,0.3,-2.9,-3.7,-4.0,-4.5,-3.3,-0.1,23.5,29.0,37.7,13.4,0.0,0.3,24.7,12.8,72.4,,,OBAnorm,,LD831_02097v2.403,,,,0,0
DENATRLA,2025-06-23 23:16:04.000,30.3,24.6,20.5,20.9,16.6,13.0,14.5,11.2,10.1,9.4,13.0,14.9,16.4,18.0,19.2,18.1,17.0,17.1,16.1,14.1,13.2,10.3,6.7,3.9,2.7,2.1,0.1,-2.7,-3.6,-3.9,-4.5,-3.3,-0.1,23.5,29.0,42.4,13.4,0.0,0.3,24.7,12.8,72.4,,,OBAnorm,,LD831_02097v2.403,,,,0,0
DENATRLA,2025-06-23 23:16:05.000,30.1,21.2,22.2,18.7,17.0,16.8,15.1,12.8,11.0,10.4,11.8,14.6,17.1,17.1,19.1,17.8,17.2,17.4,16.9,14.7,12.8,10.2,6.8,3.9,2.5,2.6,1.0,-2.4,-3.5,-3.9,-4.4,-3.3,-0.2,23.8,29.4,45.3,13.4,0.0,0.3,24.7,12.8,72.4,,,OBAnorm,,LD831_02097v2.403,,,,0,0
DENATRLA,2025-06-23 23:16:06.000,25.0,26.9,22.1,17.4,16.8,16.2,15.4,14.1,10.0,9.8,12.9,14.4,17.5,17.0,17.8,18.2,17.4,17.3,17.2,15.3,13.1,10.2,7.4,4.7,3.6,3.8,2.5,-1.6,-3.3,-3.9,-4.5,-3.2,-0.3,23.8,29.8,47.3,13.4,0.0,0.3,24.7,12.8,72.4,,,OBAnorm,,LD831_02097v2.403,,,,0,0
DENATRLA,2025-06-23 23:16:07.000,25.8,20.5,23.6,18.6,14.2,14.6,11.9,11.8,7.5,8.8,12.1,13.5,16.0,18.0,19.0,18.7,17.2,17.1,16.9,14.5,12.4,10.7,9.8,8.7,6.4,5.5,2.2,-1.9,-3.4,-4.0,-4.4,-3.2,-0.2,24.0,29.3,43.8,13.4,0.0,0.3,24.7,12.8,72.4,,,OBAnorm,,LD831_02097v2.403,,,,0,0
DENATRLA,2025-06-23 23:16:08.000,22.0,24.7,24.1,22.5,17.4,13.8,13.4,11.4,9.8,10.3,11.7,14.2,17.4,19.3,19.2,17.7,17.8,18.0,17.1,15.3,13.3,10.2,7.9,5.5,5.2,4.0,3.0,-1.6,-3.3,-3.9,-4.5,-3.2,-0.2,24.2,29.2,40.6,13.4,0.0,0.3,24.7,12.8,72.4,,,OBAnorm,,LD831_02097v2.403,,,,0,0
DENATRLA,2025-06-23 23:16:09.000,30.1,23.1,23.5,19.3,14.5,14.7,14.2,12.5,10.4,8.6,11.7,15.2,15.7,18.3,18.2,18.1,17.9,17.8,16.7,15.8,13.4,10.6,7.3,4.1,2.6,3.1,2.0,-2.3,-3.5,-3.9,-4.5,-3.3,-0.1,24.0,29.3,38.3,13.4,0.0,0.3,24.7,12.8,72.4,,,OBAnorm,,LD831_02097v2.403,,,,0,0
DENATRLA,2025-06-23 23:16:10.000,23.9,26.8,20.0,18.9,16.8,11.6,14.9,12.2,10.1,8.5,11.2,15.4,15.6,17.4,18.7,18.8,17.9,17.8,17.0,15.6,13.1,10.0,7.3,4.3,2.5,2.2,1.1,-2.5,-3.6,-3.9,-4.5,-3.2,-0.2,24.0,29.3,36.9,13.4,0.0,0.3,24.7,12.8,72.4,,,OBAnorm,,LD831_02097v2.403,,,,0,0
DENATRLA,2025-06-23 23:16:11.000,27.3,24.4,26.0,18.6,17.7,15.2,14.0,11.1,9.6,10.0,12.3,15.3,17.3,19.0,18.7,18.2,18.0,18.0,17.8,15.7,13.6,9.9,6.7,3.4,1.6,1.3,0.3,-2.9,-3.7,-4.0,-4.4,-3.3,-0.2,24.1,29.3,37.5,13.4,0.0,0.3,24.7,12.7,72.4,,,OBAnorm,,LD831_02097v2.403,,,,0,0
DENATRLA,2025-06-23 23:16:12.000,22.3,25.8,22.0,20.4,18.4,14.7,13.4,13.8,10.2,8.1,11.3,15.2,17.8,17.4,19.1,19.1,17.8,17.9,17.0,14.7,13.3,10.4,8.8,10.6,6.7,0.9,-0.9,-3.5,-3.8,-3.9,-4.5,-3.2,-0.2,24.5,29.6,38.5,13.4,0.0,0.3,24.7,12.7,72.4,,,OBAnorm,,LD831_02097v2.403,,,,0,0
DENATRLA,2025-06-23 23:16:13.000,27.2,24.7,24.6,17.0,15.4,14.6,13.1,12.4,9.6,8.7,11.7,15.6,16.3,17.9,19.3,17.9,17.5,17.7,17.0,15.3,13.2,10.5,6.9,4.4,2.0,0.8,-0.8,-3.3,-3.8,-3.8,-4.5,-3.2,-0.2,23.9,29.2,38.2,13.4,0.0,0.3,24.7,12.7,72.4,,,OBAnorm,,LD831_02097v2.403,,,,0,0
DENATRLA,2025-06-23 23:16:14.000,27.9,25.0,24.6,22.5,14.0,14.7,15.6,13.5,9.9,10.9,11.8,15.5,16.6,18.8,18.4,18.5,17.7,17.4,16.6,15.3,12.3,10.0,8.1,4.7,2.6,1.0,-0.8,-3.5,-3.7,-3.9,-4.5,-3.2,-0.3,23.8,29.9,43.6,13.4,0.0,0.3,24.7,12.7,72.4,,,OBAnorm,,LD831_02097v2.403,,,,0,0
DENATRLA,2025-06-23 23:16:15.000,23.4,25.5,22.8,19.5,18.9,15.8,11.9,12.6,9.1,9.3,12.7,11.8,17.6,19.1,18.3,18.6,18.7,17.7,17.5,15.6,13.2,10.5,7.2,4.1,2.4,0.9,-1.2,-3.5,-3.7,-3.9,-4.5,-3.2,-0.2,24.2,29.9,45.2,13.4,0.0,0.3,24.7,12.7,72.4,,,OBAnorm,,LD831_02097v2.403,,,,0,0
DENATRLA,2025-06-23 23:16:16.000,26.9,29.7,23.3,19.2,19.3,13.7,13.9,14.3,8.3,10.2,12.0,15.3,17.4,18.6,19.3,18.3,17.4,18.2,17.8,16.0,13.5,10.9,7.2,3.4,2.1,3.9,-0.3,-3.7,-3.8,-4.0,-4.4,-3.2,-0.1,24.3,30.1,44.3,13.4,0.0,0.3,24.7,12.7,72.4,,,OBAnorm,,LD831_02097v2.403,,,,0,0
DENATRLA,2025-06-23 23:16:17.000,27.7,23.2,25.4,20.9,18.4,15.1,14.6,13.6,9.8,9.6,12.2,14.8,17.5,18.7,19.1,19.1,17.5,17.7,17.5,15.8,13.6,11.0,7.2,3.1,1.7,6.0,0.2,-3.8,-3.8,-4.0,-4.4,-3.2,-0.2,24.3,31.9,47.0,13.4,0.0,0.3,24.7,12.7,72.4,,,OBAnorm,,LD831_02097v2.403,,,,0,0
DENATRLA,2025-06-23 23:16:18.000,28.3,26.3,25.0,23.2,23.0,19.9,18.0,16.5,12.5,9.7,12.6,13.1,17.0,18.1,18.4,18.4,18.2,18.4,17.1,16.2,13.8,10.6,7.1,3.4,0.7,-0.3,-2.7,-3.8,-3.8,-4.0,-4.5,-3.2,-0.1,24.4,33.7,54.0,13.4,0.0,0.3,24.6,12.8,72.4,,,OBAnorm,,LD831_02097v2.403,,,,0,0
DENATRLA,2025-06-23 23:16:19.000,29.3,25.9,27.6,27.6,23.0,17.2,14.1,16.3,10.0,10.4,13.4,14.0,18.2,19.2,19.5,19.9,17.6,18.1,17.7,16.6,14.5,11.3,7.3,3.3,1.2,-0.1,-2.0,-3.7,-3.8,-3.9,-4.5,-3.1,0.0,24.7,32.5,48.7,13.4,0.0,0.3,24.7,12.8,72.4,,,OBAnorm,,LD831_02097v2.403,,,,0,0
DENATRLA,2025-06-23 23:16:20.000,31.1,26.1,26.2,23.9,16.3,18.0,15.3,11.6,10.6,10.7,12.3,15.8,16.4,18.5,20.6,19.4,17.9,18.5,17.8,17.0,14.8,11.7,7.5,3.9,1.8,0.0,-2.1,-3.6,-3.8,-3.8,-4.4,-3.3,0.0,24.9,32.8,49.9,13.4,0.0,0.3,24.7,12.7,72.4,,,OBAnorm,,LD831_02097v2.403,,,,0,0
DENATRLA,2025-06-23 23:16:21.000,34.9,29.1,27.2,24.9,19.5,20.9,14.7,14.6,10.7,11.0,11.6,14.1,17.3,18.4,18.9,18.5,18.9,18.9,18.2,16.9,14.6,11.4,7.9,4.6,1.2,-0.4,-2.6,-3.7,-3.7,-3.8,-4.3,-3.2,-0.1,24.9,33.2,51.3,13.4,0.0,0.3,24.7,12.7,72.4,,,OBAnorm,,LD831_02097v2.403,,,,0,0
DENATRLA,2025-06-23 23:16:22.000,31.6,26.3,25.7,22.8,22.9,19.9,19.6,16.7,12.4,13.4,14.2,15.2,17.0,19.0,20.4,19.0,18.4,18.2,17.7,16.3,14.2,11.3,7.5,5.2,3.2,0.2,-2.9,-3.8,-3.8,-3.8,-4.4,-3.0,-0.3,24.7,36.4,56.6,13.4,0.0,0.3,24.7,12.7,72.4,,,OBAnorm,,LD831_02097v2.403,,,,0,0
DENATRLA,2025-06-23 23:16:23.000,29.4,31.5,30.8,28.3,25.7,23.0,21.1,20.5,16.8,13.7,12.7,17.0,18.1,18.6,18.8,18.9,18.0,19.4,17.7,16.1,14.8,11.4,7.1,3.4,1.0,-0.9,-2.8,-3.3,-3.7,-3.9,-4.4,-3.3,-0.2,24.8,39.3,57.2,13.4,0.0,0.3,24.6,12.7,72.4,,,OBAnorm,,LD831_02097v2.403,,,,0,0
DENATRLA,2025-06-23 23:16:24.000,35.6,32.2,35.4,28.1,29.8,26.6,25.4,19.3,16.4,10.3,12.7,16.3,17.1,18.1,18.6,18.3,17.4,19.0,18.0,16.5,14.4,11.3,7.9,3.8,0.8,-1.1,-2.9,-3.7,-3.8,-3.9,-4.4,-3.2,-0.1,24.6,34.7,53.2,13.4,0.0,0.4,24.7,12.7,70.7,,,OBAnorm,,LD831_02097v2.403,,,,0,0
DENATRLA,2025-06-23 23:16:25.000,36.7,41.4,36.4,29.3,24.6,21.8,17.2,16.5,10.1,10.2,13.1,16.8,17.4,18.7,19.5,18.7,18.7,18.5,17.1,15.5,13.6,10.8,7.2,5.4,0.8,-0.8,-2.7,-3.7,-3.5,-3.8,-4.4,-3.1,-0.1,24.4,32.7,50.1,13.4,0.0,0.3,24.7,12.7,70.7,,,OBAnorm,,LD831_02097v2.403,,,,0,0
DENATRLA,2025-06-23 23:16:26.000,38.9,34.2,28.7,26.3,24.6,18.1,16.5,14.1,12.2,8.9,12.3,15.8,17.7,19.4,18.4,19.2,18.2,18.1,17.4,15.8,13.6,11.7,8.0,10.0,5.4,0.6,-2.2,-3.6,-3.7,-3.9,-4.5,-3.2,-0.1,24.7,31.2,49.7,13.4,0.1,0.3,24.6,12.7,72.4,,,OBAnorm,,LD831_02097v2.403,,,,0,0
DENATRLA,2025-06-23 23:16:27.000,33.5,31.3,27.8,21.0,18.4,15.5,14.3,12.8,11.8,8.3,12.9,15.1,16.4,18.4,20.5,18.6,18.1,17.8,17.4,15.6,14.2,11.2,7.2,4.3,3.1,2.2,-2.3,-3.3,-3.7,-3.8,-4.4,-3.0,-0.2,24.4,30.9,43.7,13.4,0.3,0.4,24.7,12.7,71.3,,,OBAnorm,,LD831_02097v2.403,,,,0,0
DENATRLA,2025-06-23 23:16:28.000,30.9,23.9,22.4,23.5,15.8,18.8,14.5,13.6,10.4,11.6,12.3,15.5,17.3,16.6,19.7,19.2,18.5,18.9,18.1,16.7,13.9,11.7,8.9,7.9,9.1,8.8,-0.7,-3.4,-3.7,-3.8,-4.4,-3.2,-0.1,25.1,30.1,42.5,13.4,0.3,0.3,24.7,12.7,70.7,,,OBAnorm,,LD831_02097v2.403,,,,0,0
DENATRLA,2025-06-23 23:16:29.000,24.2,27.9,29.7,18.7,17.2,15.0,12.2,13.1,8.2,9.7,12.4,14.8,16.5,18.7,18.4,18.9,18.2,17.9,18.0,15.7,13.9,11.5,8.5,5.1,3.5,2.0,-1.0,-3.3,-3.7,-3.7,-4.5,-3.1,-0.2,24.6,30.0,46.2,13.4,0.3,0.3,24.6,12.7,71.8,,,OBAnorm,,LD831_02097v2.403,,,,0,0
DENATRLA,2025-06-23 23:16:30.000,26.8,28.2,25.3,17.8,17.6,15.8,14.6,12.5,11.2,9.3,11.1,15.4,17.2,18.6,18.9,19.0,18.8,17.3,17.2,16.3,13.3,11.7,9.0,7.6,6.5,1.8,-2.3,-3.7,-3.7,-3.8,-4.4,-3.2,-0.2,24.5,29.4,37.1,13.4,0.3,0.3,24.7,12.7,72.4,,,OBAnorm,,LD831_02097v2.403,,,,0,0
DENATRLA,2025-06-23 23:16:31.000,23.8,23.3,23.3,18.5,16.7,12.1,13.9,14.2,10.5,10.2,12.2,14.4,17.3,18.4,19.6,19.4,18.1,18.0,17.1,15.3,13.3,10.9,7.1,4.6,1.0,-0.1,-2.5,-3.8,-3.7,-4.0,-4.4,-3.1,-0.2,24.3,29.4,36.4,13.4,0.3,0.3,24.6,12.7,72.4,,,OBAnorm,,LD831_02097v2.403,,,,0,0
DENATRLA,2025-06-23 23:16:32.000,27.7,26.4,20.2,14.2,16.7,16.4,15.0,12.9,10.5,8.5,12.0,14.1,18.0,17.5,19.4,18.9,17.9,17.7,17.4,15.9,13.0,10.9,7.2,3.6,1.3,0.1,-2.5,-3.8,-3.7,-3.9,-4.4,-3.2,-0.1,24.2,29.6,41.7,13.4,0.3,0.3,24.7,12.7,72.4,,,OBAnorm,,LD831_02097v2.403,,,,0,0
DENATRLA,2025-06-23 23:16:33.000,23.3,27.5,23.2,19.1,14.0,12.7,14.4,13.2,11.0,10.2,12.9,16.0,16.8,18.1,19.1,18.8,17.3,17.7,16.4,15.5,13.4,10.6,7.0,4.4,1.3,-0.7,-2.8,-3.8,-3.9,-3.9,-4.5,-3.1,-0.1,23.8,29.8,43.8,13.4,0.3,0.3,24.6,12.7,72.4,,,OBAnorm,,LD831_02097v2.403,,,,0,0
DENATRLA,2025-06-23 23:16:34.000,25.8,24.6,24.4,17.8,18.2,15.9,15.7,11.7,10.9,10.2,12.8,14.9,17.6,19.0,19.3,19.1,18.1,17.4,17.0,15.5,13.7,10.8,7.8,5.8,4.1,-0.3,-3.4,-3.8,-3.8,-4.0,-4.5,-3.2,-0.1,24.2,30.7,47.9,13.4,0.3,0.3,24.7,12.7,73.0,,,OBAnorm,,LD831_02097v2.403,,,,0,0
DENATRLA,2025-06-23 23:16:35.000,25.7,23.9,17.5,17.8,17.9,16.7,13.4,14.6,11.2,9.2,12.6,14.9,17.2,18.9,19.0,18.3,17.8,17.9,16.9,16.0,13.8,11.8,9.0,7.3,8.6,8.0,-2.9,-3.8,-3.8,-3.9,-4.4,-3.2,-0.2,24.6,31.3,50.7,13.4,0.3,0.3,24.6,12.7,73.0,,,OBAnorm,,LD831_02097v2.403,,,,0,0
DENATRLA,2025-06-23 23:16:36.000,30.1,31.1,24.0,17.0,17.3,13.8,17.3,14.2,9.3,9.2,13.1,13.8,17.8,18.8,20.0,18.9,18.4,17.9,16.7,16.1,14.2,12.4,9.1,11.8,7.9,3.4,-3.2,-3.8,-3.8,-3.9,-4.4,-3.2,0.0,24.9,30.8,46.2,13.4,0.1,0.3,24.7,12.7,73.0,,,OBAnorm,,LD831_02097v2.403,,,,0,0
DENATRLA,2025-06-23 23:16:37.000,28.5,28.9,24.1,23.4,16.9,14.5,13.4,12.7,8.9,10.6,13.2,15.8,17.4,18.3,19.5,19.2,18.3,18.3,17.3,16.3,14.5,11.3,8.0,4.3,1.1,-1.2,-3.6,-3.9,-3.8,-4.0,-4.4,-3.2,-0.3,24.6,30.1,43.0,13.4,0.0,0.3,24.7,12.7,73.0,,,OBAnorm,,LD831_02097v2.403,,,,0,0
DENATRLA,2025-06-23 23:16:38.000,28.7,23.1,21.4,21.6,15.7,15.6,15.6,14.7,11.0,10.1,11.7,15.7,18.3,19.0,18.9,19.1,18.1,18.7,17.2,16.8,13.9,11.4,9.0,5.6,3.6,-0.9,-3.4,-3.8,-3.8,-4.0,-4.4,-3.3,-0.3,24.6,30.3,44.4,13.4,0.0,0.3,24.7,12.7,73.0,,,OBAnorm,,LD831_02097v2.403,,,,0,0
DENATRLA,2025-06-23 23:16:39.000,31.8,25.7,23.8,22.4,18.4,15.8,16.6,12.4,11.7,9.8,12.2,15.3,16.5,19.2,20.7,19.9,18.3,18.4,18.0,16.9,14.7,11.6,8.3,5.6,3.4,-0.2,-3.5,-3.8,-3.7,-3.8,-4.4,-3.1,-0.3,25.2,30.3,41.8,13.4,0.0,0.3,24.6,12.7,73.0,,,OBAnorm,,LD831_02097v2.403,,,,0,0
DENATRLA,2025-06-23 23:16:40.000,27.5,25.7,22.3,19.9,13.4,15.8,14.2,12.6,12.9,9.3,12.2,15.2,17.7,18.7,20.7,18.8,19.0,19.4,17.7,16.6,14.9,12.5,8.5,4.6,1.6,-0.9,-3.6,-3.9,-3.8,-4.0,-4.5,-3.3,-0.2,25.2,30.3,38.5,13.4,0.0,0.3,24.7,12.7,73.0,,,OBAnorm,,LD831_02097v2.403,,,,0,0
DENATRLA,2025-06-23 23:16:41.000,29.1,26.2,23.6,19.8,15.9,15.8,15.0,13.1,10.3,10.4,11.8,16.9,17.2,19.7,19.8,18.6,18.7,18.5,17.7,16.6,14.5,11.6,9.0,6.3,1.8,-0.7,-3.6,-3.8,-3.8,-3.8,-4.5,-3.3,-0.2,25.0,30.6,36.7,13.4,0.0,0.3,24.6,12.7,73.0,,,OBAnorm,,LD831_02097v2.403,,,,0,0
DENATRLA,2025-06-23 23:16:42.000,26.5,28.3,23.8,16.9,16.0,17.0,15.6,12.8,12.2,9.9,12.8,15.3,17.4,18.8,19.9,18.9,18.7,18.5,17.9,16.7,14.4,11.7,9.3,9.6,12.4,0.1,-3.6,-3.9,-3.8,-3.9,-4.4,-3.3,-0.3,25.4,30.2,36.5,13.4,0.0,0.3,24.7,12.7,73.0,,,OBAnorm,,LD831_02097v2.403,,,,0,0
DENATRLA,2025-06-23 23:16:43.000,22.8,29.7,26.9,23.1,15.9,16.3,15.6,14.7,11.6,11.7,13.3,16.5,18.2,18.9,19.4,19.1,18.1,18.7,17.9,16.2,14.8,12.9,9.9,12.8,17.4,0.4,-3.3,-3.9,-3.9,-3.9,-4.4,-3.2,-0.1,26.1,30.8,38.2,13.4,0.0,0.3,24.7,12.7,73.0,,,OBAnorm,,LD831_02097v2.403,,,,0,0
DENATRLA,2025-06-23 23:16:44.000,26.4,25.8,25.5,20.3,15.3,15.4,13.1,14.8,10.2,10.9,13.3,16.7,18.9,19.7,20.1,20.6,19.3,18.5,19.5,16.4,16.0,12.6,10.0,6.7,5.7,2.3,-1.7,-3.4,-3.8,-3.8,-4.5,-3.3,-0.1,25.7,30.6,36.8,13.4,0.0,0.3,24.7,12.7,73.0,,,OBAnorm,,LD831_02097v2.403,,,,0,0
DENATRLA,2025-06-23 23:16:45.000,27.1,26.5,26.7,21.6,17.7,16.3,14.5,12.2,9.8,9.2,14.4,15.5,18.7,19.3,19.3,19.6,19.2,19.4,19.3,17.4,14.9,13.0,9.4,12.3,4.5,-0.8,-3.0,-3.2,-3.8,-3.8,-4.4,-3.0,-0.2,26.0,30.7,37.8,13.4,0.0,0.3,24.7,12.7,73.0,,,OBAnorm,,LD831_02097v2.403,,,,0,0
DENATRLA,2025-06-23 23:16:46.000,29.6,27.9,25.2,22.5,17.2,18.0,14.4,14.6,11.5,8.5,14.1,17.3,18.0,19.0,19.9,20.6,18.7,19.1,18.9,17.3,14.9,12.8,9.0,8.2,3.9,2.3,-3.3,-3.8,-3.8,-3.9,-4.4,-3.2,-0.2,25.7,30.9,39.2,13.4,0.0,0.3,24.7,12.7,73.0,,,OBAnorm,,LD831_02097v2.403,,,,0,0
DENATRLA,2025-06-23 23:16:47.000,23.5,26.6,23.1,18.3,17.6,15.6,15.7,13.0,11.3,10.4,14.4,17.4,18.7,19.3,20.4,19.4,19.5,19.1,18.8,17.4,15.4,12.4,9.0,5.8,1.7,-1.2,-3.7,-3.9,-3.8,-3.9,-4.4,-3.2,0.0,25.6,30.9,37.3,13.4,0.0,0.3,24.6,12.7,73.0,,,OBAnorm,,LD831_02097v2.403,,,,0,0
DENATRLA,2025-06-23 23:16:48.000,28.3,28.5,25.9,18.9,17.9,17.3,18.1,15.0,11.3,11.5,13.4,15.4,17.6,20.1,19.8,18.8,19.0,19.3,18.1,17.3,15.4,12.4,9.0,4.8,1.2,-1.4,-3.8,-3.8,-3.8,-3.9,-4.4,-3.2,-0.2,25.4,30.3,36.9,13.4,0.0,0.3,24.7,12.7,73.0,,,OBAnorm,,LD831_02097v2.403,,,,0,0
DENATRLA,2025-06-23 23:16:49.000,29.2,28.7,23.5,22.7,16.0,16.5,14.4,14.6,9.8,11.2,13.7,16.5,17.9,19.7,19.7,19.7,19.5,19.3,19.0,17.9,15.5,13.0,10.4,9.1,7.0,1.7,-3.7,-3.9,-3.9,-4.0,-4.5,-3.3,-0.2,26.0,30.9,39.7,13.4,0.0,0.3,24.7,12.7,73.0,,,OBAnorm,,LD831_02097v2.403,,,,0,0
DENATRLA,2025-06-23 23:16:50.000,29.6,25.0,23.8,18.1,14.9,16.1,13.6,12.3,10.4,9.9,12.1,17.9,18.1,18.0,19.5,19.5,18.9,19.5,18.4,17.9,15.6,12.6,9.3,8.8,4.9,1.0,-3.7,-3.9,-3.8,-4.0,-4.4,-3.3,-0.1,25.7,30.4,40.5,13.4,0.0,0.3,24.7,12.7,73.0,,,OBAnorm,,LD831_02097v2.403,,,,0,0
DENATRLA,2025-06-23 23:16:51.000,23.0,24.8,23.8,20.7,17.1,14.5,13.9,12.9,12.1,11.1,13.0,15.7,18.2,18.8,19.8,19.3,19.0,19.4,18.2,17.6,15.4,13.0,8.8,4.7,1.3,-1.1,-3.8,-3.9,-3.8,-3.9,-4.5,-3.3,-0.2,25.5,30.7,41.9,13.4,0.0,0.3,24.6,12.7,73.0,,,OBAnorm,,LD831_02097v2.403,,,,0,0
DENATRLA,2025-06-23 23:16:52.000,26.8,29.6,23.9,22.0,18.5,16.2,13.1,13.3,8.0,9.4,10.8,16.6,17.2,18.3,19.4,19.5,19.2,19.3,17.5,16.5,15.0,11.8,8.4,5.7,1.4,-0.9,-3.8,-3.9,-3.8,-4.0,-4.4,-3.3,-0.1,25.1,30.2,39.6,13.4,0.0,0.3,24.6,12.7,73.0,,,OBAnorm,,LD831_02097v2.403,,,,0,0
DENATRLA,2025-06-23 23:16:53.000,27.6,26.4,26.9,22.6,15.0,16.4,15.0,12.2,12.4,10.1,13.8,16.1,17.5,19.2,19.6,18.7,18.8,19.2,18.0,17.5,14.7,12.0,8.3,4.1,1.1,-0.8,-3.4,-3.9,-3.8,-4.0,-4.4,-3.2,-0.1,25.2,30.4,40.8,13.4,0.0,0.3,24.6,12.7,73.0,,,OBAnorm,,LD831_02097v2.403,,,,0,0
DENATRLA,2025-06-23 23:16:54.000,25.7,27.1,24.9,20.2,16.5,17.4,14.2,13.7,10.2,8.7,14.5,16.9,17.6,18.8,19.4,18.6,18.5,19.2,18.0,17.5,15.6,12.9,11.0,9.9,7.9,1.4,-3.6,-3.9,-3.9,-4.0,-4.4,-3.3,-0.2,25.6,30.3,40.7,13.4,0.0,0.3,24.6,12.7,73.0,,,OBAnorm,,LD831_02097v2.403,,,,0,0
DENATRLA,2025-06-23 23:16:55.000,25.5,26.6,27.5,16.5,14.5,14.0,15.5,13.0,9.2,10.7,13.1,16.8,17.3,18.3,18.6,18.8,18.5,18.9,17.9,17.0,14.5,11.6,8.3,6.2,3.5,0.0,-3.6,-3.9,-3.8,-3.8,-4.4,-3.2,-0.2,24.9,30.2,41.0,13.4,0.0,0.3,24.6,12.7,73.0,,,OBAnorm,,LD831_02097v2.403,,,,0,0
DENATRLA,2025-06-23 23:16:56.000,28.8,26.7,25.4,19.0,19.0,18.5,14.2,13.4,9.8,9.2,12.3,16.9,18.9,18.2,20.2,18.3,18.2,18.4,17.9,16.7,14.5,11.9,8.3,4.3,1.7,-0.5,-3.4,-3.9,-3.8,-3.9,-4.5,-3.2,-0.1,24.9,29.9,40.2,13.4,0.0,0.3,24.6,12.7,73.0,,,OBAnorm,,LD831_02097v2.403,,,,0,0
DENATRLA,2025-06-23 23:16:57.000,24.8,26.8,24.6,18.9,15.9,16.1,14.1,12.5,9.6,11.5,12.7,16.4,18.4,18.4,19.5,18.1,18.8,19.3,17.6,16.3,14.0,11.6,8.1,4.7,1.3,-0.3,-2.5,-3.3,0.3,-1.3,-3.6,-2.8,-0.2,24.8,29.9,41.3,13.4,0.0,0.3,24.6,12.7,73.0,,,OBAnorm,,LD831_02097v2.403,,,,0,0
DENATRLA,2025-06-23 23:16:58.000,27.5,22.9,23.0,18.7,19.6,14.9,16.1,14.0,10.5,10.4,12.8,15.8,18.7,18.6,18.6,19.7,18.2,19.2,18.8,17.2,14.8,13.2,10.9,11.8,10.0,8.1,-2.9,-3.8,-3.6,-3.8,-4.5,-3.2,-0.1,25.8,30.3,39.5,13.4,0.0,0.3,24.6,12.7,73.0,,,OBAnorm,,LD831_02097v2.403,,,,0,0
DENATRLA,2025-06-23 23:16:59.000,28.0,22.4,23.4,21.2,15.3,15.8,14.6,13.6,9.7,10.3,12.9,16.5,16.2,18.4,19.6,19.0,18.5,19.0,18.7,16.7,15.3,12.5,9.1,7.1,5.8,4.6,-3.1,-3.8,-3.4,-3.8,-4.2,-3.1,-0.1,25.4,29.9,38.8,13.4,0.0,0.3,24.7,12.7,73.0,,,OBAnorm,,LD831_02097v2.403,,,,0,0
DENATRLA,2025-06-23 23:17:00.000,24.2,26.1,24.4,19.9,17.8,16.3,13.6,13.5,8.5,10.6,13.8,16.6,18.2,18.9,19.1,19.0,18.4,19.4,18.5,16.5,15.1,12.5,12.5,8.9,7.8,1.8,-2.6,-3.7,-2.6,-2.9,-4.1,-3.1,-0.1,25.6,29.8,41.7,13.4,0.0,0.3,24.6,12.7,73.0,,,OBAnorm,,LD831_02097v2.403,,,,0,0
DENATRLA,2025-06-23 23:17:01.000,23.5,24.4,22.5,17.3,13.1,15.6,14.7,11.4,9.7,9.8,12.0,16.2,16.8,19.2,19.8,19.7,18.4,19.2,18.2,16.9,14.3,11.4,7.9,4.9,2.0,0.9,-2.6,-3.7,-3.8,-4.0,-4.5,-3.2,-0.2,25.1,30.2,38.5,13.4,0.0,0.3,24.6,12.7,73.0,,,OBAnorm,,LD831_02097v2.403,,,,0,0
DENATRLA,2025-06-23 23:17:02.000,24.0,19.9,23.7,18.4,17.6,13.7,13.4,10.5,9.6,9.0,11.7,15.7,17.2,19.2,19.5,18.2,19.2,18.5,18.3,16.8,14.2,11.1,8.2,4.0,1.2,-0.5,-3.1,-3.9,-3.5,-3.5,-4.2,-3.4,-0.1,25.0,29.9,38.4,13.4,0.0,0.3,24.6,12.7,73.0,,,OBAnorm,,LD831_02097v2.403,,,,0,0
DENATRLA,2025-06-23 23:17:03.000,26.7,28.5,21.3,21.9,18.8,13.1,14.6,13.4,8.4,8.9,13.9,15.8,17.1,18.9,19.3,19.0,19.2,18.8,18.5,16.5,14.1,11.6,11.9,12.6,10.3,1.0,-3.3,-3.8,-3.9,-3.9,-4.4,-3.2,-0.2,25.7,30.1,38.6,13.4,0.0,0.3,24.6,12.7,73.0,,,OBAnorm,,LD831_02097v2.403,,,,0,0
DENATRLA,2025-06-23 23:17:04.000,27.8,25.8,23.5,22.1,14.1,12.4,15.2,11.7,11.5,9.8,12.4,16.8,18.2,18.5,19.5,18.6,18.5,17.8,18.1,16.0,14.0,11.3,8.9,7.6,7.5,1.0,-3.3,-3.8,-3.8,-3.9,-4.4,-3.2,-0.1,24.7,29.9,39.2,13.4,0.0,0.3,24.6,12.7,73.0,,,OBAnorm,,LD831_02097v2.403,,,,0,0
DENATRLA,2025-06-23 23:17:05.000,24.5,25.9,20.8,21.9,19.6,14.7,14.0,12.4,11.7,9.0,12.5,14.8,17.7,18.5,18.7,19.1,18.0,18.8,17.3,15.2,14.1,11.8,9.2,8.8,5.1,0.9,-3.1,-3.7,-3.8,-3.9,-4.5,-3.3,-0.2,24.8,29.8,39.0,13.4,0.0,0.3,24.6,12.6,73.0,,,OBAnorm,,LD831_02097v2.403,,,,0,0
DENATRLA,2025-06-23 23:17:06.000,28.4,27.1,23.3,20.9,16.1,16.5,17.0,12.2,9.7,10.0,12.4,16.2,18.4,18.9,20.4,19.5,18.6,18.8,17.3,16.1,13.9,11.4,7.1,5.9,6.0,0.3,-3.5,-3.8,-3.7,-3.9,-4.5,-3.4,-0.2,24.9,30.1,37.7,13.4,0.0,0.3,24.6,12.6,73.5,,,OBAnorm,,LD831_02097v2.403,,,,0,0
DENATRLA,2025-06-23 23:17:07.000,23.9,26.2,23.6,20.9,17.8,15.1,13.7,11.1,8.6,8.7,12.5,15.8,17.6,20.3,19.0,18.4,18.9,19.0,18.2,16.6,14.4,10.7,7.7,3.6,0.3,-1.2,-3.8,-3.9,-3.9,-3.9,-4.4,-3.3,-0.1,24.8,30.2,38.5,13.4,0.0,0.3,24.6,12.6,73.5,,,OBAnorm,,LD831_02097v2.403,,,,0,0
DENATRLA,2025-06-23 23:17:08.000,24.8,25.5,23.1,21.4,18.8,12.8,13.6,13.4,9.6,8.3,13.1,15.9,17.4,18.2,18.9,18.2,18.3,18.3,17.9,16.6,14.1,11.7,8.0,7.2,5.1,-1.1,-3.8,-3.9,-3.8,-4.0,-4.5,-3.3,-0.3,24.8,29.8,38.8,13.4,0.0,0.3,24.6,12.6,73.5,,,OBAnorm,,LD831_02097v2.403,,,,0,0
DENATRLA,2025-06-23 23:17:09.000,27.6,27.5,24.2,20.0,17.0,17.8,13.1,13.3,8.5,10.0,12.5,14.1,16.5,18.7,19.6,19.0,19.0,18.6,17.8,16.5,14.1,11.7,7.7,6.6,4.0,-1.1,-3.6,-3.8,-3.8,-4.0,-4.5,-3.3,-0.1,24.9,29.7,37.2,13.4,0.0,0.3,24.6,12.6,73.5,,,OBAnorm,,LD831_02097v2.403,,,,0,0
DENATRLA,2025-06-23 23:17:10.000,25.1,25.0,22.2,20.0,13.2,16.3,15.7,13.1,9.0,10.1,12.5,14.4,17.8,18.1,18.7,18.3,18.5,18.7,17.7,16.7,12.9,11.6,9.6,9.9,4.9,2.0,-3.8,-3.9,-3.8,-4.1,-4.5,-3.4,-0.1,24.8,29.7,37.2,13.4,0.0,0.3,24.6,12.6,73.5,,,OBAnorm,,LD831_02097v2.403,,,,0,0
DENATRLA,2025-06-23 23:17:11.000,25.6,27.6,19.1,19.3,15.8,15.2,14.7,10.8,9.4,10.0,11.7,15.8,16.8,20.2,19.0,17.5,17.9,18.3,17.0,15.7,13.3,11.6,11.8,11.3,7.8,5.9,-3.1,-3.9,-3.8,-3.9,-4.5,-3.2,-0.2,24.7,29.1,35.7,13.4,0.0,0.3,24.6,12.6,73.5,,,OBAnorm,,LD831_02097v2.403,,,,0,0
DENATRLA,2025-06-23 23:17:12.000,26.5,24.1,23.0,16.2,12.8,14.9,10.5,11.0,8.5,8.5,10.9,15.4,17.1,17.0,18.2,19.4,18.3,17.8,17.5,15.1,12.9,10.3,6.6,3.0,0.8,-0.5,-3.4,-3.9,-3.5,-3.6,-4.2,-3.1,-0.2,24.0,29.3,38.3,13.4,0.0,0.3,24.6,12.6,73.5,,,OBAnorm,,LD831_02097v2.403,,,,0,0
DENATRLA,2025-06-23 23:17:13.000,28.2,22.8,22.3,18.9,16.5,14.9,12.4,13.2,9.2,9.0,11.0,14.6,17.2,18.9,18.6,17.4,17.9,18.1,16.8,15.4,14.0,10.5,7.2,3.7,1.3,3.4,0.6,-3.9,-3.8,-3.9,-4.5,-3.2,-0.2,24.1,29.3,37.5,13.4,0.0,0.3,24.6,12.6,73.5,,,OBAnorm,,LD831_02097v2.403,,,,0,0
DENATRLA,2025-06-23 23:17:14.000,23.9,25.5,25.2,20.9,14.5,15.2,9.6,12.5,9.6,10.3,12.3,16.2,16.6,18.6,19.5,18.8,18.2,18.4,17.7,15.7,13.6,10.6,7.1,2.6,2.6,9.0,3.2,-3.8,-3.8,-4.0,-4.5,-3.3,-0.2,24.6,29.5,38.9,13.4,0.0,0.3,24.7,12.6,73.5,,,OBAnorm,,LD831_02097v2.403,,,,0,0
DENATRLA,2025-06-23 23:17:15.000,25.4,28.7,20.4,19.4,16.8,15.5,14.8,13.0,6.2,6.6,11.9,16.1,16.5,17.9,19.2,18.5,18.3,18.0,16.6,15.7,12.8,9.9,6.9,3.1,-0.2,-2.5,-4.0,-3.9,-3.9,-4.0,-4.4,-3.2,-0.2,24.0,29.2,39.7,13.4,0.0,0.3,24.6,12.6,73.5,,,OBAnorm,,LD831_02097v2.403,,,,0,0
DENATRLA,2025-06-23 23:17:16.000,25.4,20.4,21.1,20.3,14.6,16.0,15.2,12.8,7.1,9.8,13.0,15.3,15.9,18.3,18.9,18.3,17.9,18.0,17.1,14.9,13.3,10.7,8.1,7.3,5.1,-2.0,-3.9,-3.9,-3.8,-4.0,-4.4,-3.4,-0.2,24.0,29.3,43.1,13.4,0.0,0.3,24.6,12.6,73.5,,,OBAnorm,,LD831_02097v2.403,,,,0,0
DENATRLA,2025-06-23 23:17:17.000,24.5,25.0,25.3,19.3,14.3,15.2,16.5,14.2,9.5,8.8,12.0,14.4,16.1,18.4,18.8,18.4,17.3,18.3,16.6,15.0,13.7,12.6,10.6,9.6,7.6,0.5,-3.3,-3.9,-3.8,-3.9,-4.5,-3.4,-0.3,24.6,29.7,39.0,13.4,0.0,0.3,24.6,12.6,73.0,,,OBAnorm,,LD831_02097v2.403,,,,0,0
DENATRLA,2025-06-23 23:17:18.000,23.0,23.2,21.2,17.2,15.5,17.8,15.7,12.4,8.7,6.5,11.7,15.4,17.5,17.8,19.0,18.3,16.6,17.7,16.7,15.3,13.2,11.2,9.1,12.6,7.7,-1.4,-4.0,-3.9,-3.9,-4.0,-4.5,-3.2,-0.2,24.3,28.8,37.6,13.4,0.0,0.3,24.6,12.6,73.0,,,OBAnorm,,LD831_02097v2.403,,,,0,0
DENATRLA,2025-06-23 23:17:19.000,27.6,28.3,22.8,18.7,11.9,15.9,10.5,12.8,8.1,5.3,12.1,14.4,16.8,17.2,18.8,18.1,17.9,18.1,16.8,15.9,13.9,10.3,6.4,3.2,0.0,-2.4,-3.9,-3.9,-3.8,-4.0,-4.5,-3.2,-0.2,24.0,29.4,40.7,13.4,0.0,0.3,24.6,12.6,73.0,,,OBAnorm,,LD831_02097v2.403,,,,0,0
DENATRLA,2025-06-23 23:17:20.000,25.9,23.9,24.0,21.3,14.8,14.3,12.5,13.0,7.0,9.5,11.8,16.1,17.4,18.1,18.0,17.4,18.0,17.5,17.3,15.4,13.4,10.4,7.7,3.9,2.5,-2.5,-4.0,-3.9,-3.9,-3.9,-4.5,-3.2,-0.2,24.0,29.7,42.9,13.4,0.0,0.3,24.6,12.6,73.0,,,OBAnorm,,LD831_02097v2.403,,,,0,0
DENATRLA,2025-06-23 23:17:21.000,25.8,23.3,25.7,20.6,16.5,15.3,13.8,13.1,7.0,8.5,12.2,16.1,16.4,19.0,18.1,18.3,17.3,18.5,17.0,16.0,13.6,10.6,7.8,4.8,3.2,-1.0,-3.8,-3.7,-3.8,-4.0,-4.5,-3.1,-0.2,24.1,29.2,41.5,13.4,0.0,0.3,24.6,12.7,73.0,,,OBAnorm,,LD831_02097v2.403,,,,0,0
DENATRLA,2025-06-23 23:17:22.000,23.2,25.0,24.7,19.8,17.4,14.6,15.9,14.2,9.5,10.2,11.6,15.2,17.2,17.7,18.5,17.9,18.0,17.9,17.2,15.8,13.7,10.6,6.4,3.2,-0.5,-2.4,-3.9,-3.9,-3.9,-3.8,-4.4,-3.1,-0.2,24.1,30.5,45.3,13.4,0.0,0.3,24.6,12.6,73.0,,,OBAnorm,,LD831_02097v2.403,,,,0,0
DENATRLA,2025-06-23 23:17:23.000,26.3,25.4,22.5,20.3,15.4,14.9,15.2,14.8,9.5,9.4,10.9,15.2,16.6,17.6,18.8,18.9,18.7,18.2,16.9,15.8,13.5,10.5,6.9,3.1,-0.1,-2.3,-4.0,-3.9,-3.8,-4.0,-4.5,-3.3,-0.2,24.2,30.5,40.7,13.4,0.0,0.3,24.6,12.6,73.0,,,OBAnorm,,LD831_02097v2.403,,,,0,0
DENATRLA,2025-06-23 23:17:24.000,29.2,27.3,21.0,23.6,18.2,15.3,14.9,11.6,10.2,9.8,11.0,13.7,16.7,18.8,19.7,18.6,18.7,18.5,17.4,15.4,14.0,11.8,9.4,10.3,7.4,0.8,-3.3,-3.8,-3.9,-3.9,-4.4,-3.3,-0.1,24.8,30.5,43.0,13.4,0.0,0.3,24.6,12.6,73.0,,,OBAnorm,,LD831_02097v2.403,,,,0,0
DENATRLA,2025-06-23 23:17:25.000,28.5,33.1,24.3,22.1,19.2,10.6,15.7,11.8,10.0,10.4,12.9,16.6,18.1,18.4,18.6,18.4,18.9,18.5,17.5,16.7,14.5,11.6,7.5,6.0,5.2,1.3,-3.2,-3.9,-3.8,-3.9,-4.5,-3.3,-0.2,24.8,30.5,40.5,13.4,0.0,0.3,24.6,12.6,73.0,,,OBAnorm,,LD831_02097v2.403,,,,0,0
DENATRLA,2025-06-23 23:17:26.000,28.3,27.7,25.8,20.1,19.8,13.2,13.7,12.8,10.0,10.3,10.4,14.3,17.9,18.8,19.6,18.5,18.6,18.7,18.0,16.5,14.5,11.8,8.0,4.6,1.5,-1.9,-3.8,-3.8,-3.8,-3.9,-4.5,-3.2,-0.3,25.0,30.8,46.1,13.4,0.0,0.3,24.6,12.6,73.0,,,OBAnorm,,LD831_02097v2.403,,,,0,0
DENATRLA,2025-06-23 23:17:27.000,31.6,28.5,24.5,21.3,14.9,14.5,13.6,12.1,9.6,10.1,12.6,15.9,18.0,18.9,19.0,19.4,18.9,18.9,18.3,16.6,14.6,11.6,7.9,5.5,6.1,7.1,-3.8,-3.9,-3.9,-4.0,-4.5,-3.4,-0.2,25.2,30.6,46.2,13.4,0.0,0.3,24.6,12.6,73.0,,,OBAnorm,,LD831_02097v2.403,,,,0,0
DENATRLA,2025-06-23 23:17:28.000,28.5,31.5,24.8,21.0,15.6,15.2,16.7,14.3,9.4,9.3,12.5,14.8,17.1,17.9,18.9,19.7,18.9,18.9,17.3,15.9,14.0,11.3,8.2,8.0,7.4,6.6,-3.8,-3.9,-3.8,-4.0,-4.5,-3.2,-0.1,24.9,30.6,43.2,13.4,0.0,0.3,24.6,12.6,73.0,,,OBAnorm,,LD831_02097v2.403,,,,0,0
DENATRLA,2025-06-23 23:17:29.000,28.7,27.6,26.0,17.4,17.1,17.2,11.9,13.5,11.5,7.9,11.9,14.1,16.9,18.6,18.7,19.1,18.1,18.1,17.9,16.8,14.9,11.9,8.1,4.3,1.4,-0.7,-3.7,-3.9,-3.8,-4.0,-4.5,-3.2,-0.1,24.7,30.2,45.9,13.4,0.0,0.3,24.6,12.6,73.0,,,OBAnorm,,LD831_02097v2.403,,,,0,0
DENATRLA,2025-06-23 23:17:30.000,30.9,22.7,22.0,18.8,18.6,14.2,15.8,13.9,8.8,9.1,12.0,15.1,16.9,18.3,19.1,17.9,18.2,17.8,18.1,16.2,14.5,11.5,8.1,5.2,1.4,-0.5,-3.4,-3.9,-3.8,-4.1,-4.5,-3.1,-0.3,24.7,30.7,43.9,13.4,0.0,0.3,24.6,12.6,73.0,,,OBAnorm,,LD831_02097v2.403,,,,0,0
DENATRLA,2025-06-23 23:17:31.000,31.6,27.6,25.4,21.1,17.4,15.7,15.3,11.5,9.1,10.5,13.4,16.3,17.9,18.6,18.5,19.0,17.6,18.8,17.8,16.8,14.2,12.8,10.4,12.2,9.3,2.9,-3.3,-3.9,-3.9,-4.0,-4.5,-3.2,-0.3,25.3,30.9,45.1,13.4,0.0,0.3,24.6,12.6,73.0,,,OBAnorm,,LD831_02097v2.403,,,,0,0
DENATRLA,2025-06-23 23:17:32.000,27.9,30.1,23.4,21.2,17.7,17.6,14.9,12.0,8.3,8.3,12.6,16.0,17.5,18.9,18.8,18.8,18.6,18.1,17.8,16.7,14.6,11.3,8.0,4.7,2.6,-0.2,-3.4,-3.9,-3.9,-4.1,-4.5,-3.2,-0.1,24.8,29.9,43.8,13.4,0.0,0.3,24.6,12.6,73.0,,,OBAnorm,,LD831_02097v2.403,,,,0,0
DENATRLA,2025-06-23 23:17:33.000,30.7,25.7,24.3,20.6,13.5,15.1,15.4,13.2,9.2,9.6,11.7,15.6,17.5,18.1,18.9,19.3,19.1,19.1,18.1,16.9,15.0,11.9,7.9,4.0,1.2,-1.0,-3.6,-3.9,-3.8,-4.0,-4.5,-3.3,-0.1,25.2,29.9,39.2,13.4,0.0,0.3,24.6,12.6,73.0,,,OBAnorm,,LD831_02097v2.403,,,,0,0
DENATRLA,2025-06-23 23:17:34.000,29.7,29.3,24.5,17.6,15.4,14.3,13.3,12.6,9.6,9.6,13.4,15.0,17.1,19.4,19.6,18.7,18.9,18.6,18.9,16.8,15.2,12.2,7.8,4.4,1.5,-0.3,-3.5,-3.9,-3.8,-4.0,-4.4,-3.2,-0.2,25.2,30.4,40.4,13.4,0.0,0.3,24.6,12.6,73.0,,,OBAnorm,,LD831_02097v2.403,,,,0,0
DENATRLA,2025-06-23 23:17:35.000,23.2,26.7,24.8,22.1,16.7,17.2,13.9,12.6,10.7,9.4,11.2,13.4,17.1,18.5,19.3,19.2,18.7,18.7,17.3,15.8,14.2,11.7,8.1,6.3,3.6,0.2,-3.7,-3.8,-3.9,-4.0,-4.4,-3.2,-0.1,24.7,30.2,44.4,13.4,0.0,0.3,24.6,12.6,73.0,,,OBAnorm,,LD831_02097v2.403,,,,0,0
DENATRLA,2025-06-23 23:17:36.000,25.1,25.6,26.2,17.0,17.9,16.4,12.9,11.9,9.4,8.7,11.7,14.4,16.1,17.0,18.6,18.9,18.8,18.5,17.8,15.9,13.8,11.1,7.7,4.8,3.6,-1.0,-3.6,-3.9,-3.9,-4.0,-4.5,-3.3,-0.2,24.5,29.6,40.7,13.4,0.0,0.3,24.6,12.6,73.0,,,OBAnorm,,LD831_02097v2.403,,,,0,0
DENATRLA,2025-06-23 23:17:37.000,27.0,27.8,25.3,20.5,16.0,13.0,13.0,12.1,8.7,8.4,11.8,16.3,18.1,18.5,18.6,18.3,17.9,18.0,16.9,16.0,13.2,9.9,7.8,8.7,5.5,-0.5,-3.7,-3.9,-3.8,-3.9,-4.5,-3.3,-0.2,24.2,30.0,41.3,13.4,0.0,0.3,24.6,12.6,73.5,,,OBAnorm,,LD831_02097v2.403,,,,0,0
DENATRLA,2025-06-23 23:17:38.000,29.7,24.7,24.2,20.3,16.4,14.2,15.2,12.7,10.1,9.2,12.4,13.8,16.7,17.5,18.5,18.9,17.7,17.3,16.9,15.7,13.5,11.0,12.7,18.7,17.1,0.1,-3.5,-3.5,-3.6,-3.7,-4.2,-3.3,-0.1,26.4,29.9,37.3,13.4,0.0,0.3,24.6,12.6,73.5,,,OBAnorm,,LD831_02097v2.403,,,,0,0
DENATRLA,2025-06-23 23:17:39.000,27.9,28.8,22.9,19.8,13.6,14.5,15.8,12.7,10.0,7.1,9.8,13.9,16.4,17.3,17.5,17.8,18.2,17.3,16.8,15.8,13.9,9.9,8.0,11.6,8.9,2.3,-3.3,-3.9,-3.8,-3.9,-4.4,-3.0,-0.2,24.3,29.7,40.7,13.4,0.0,0.3,24.6,12.6,73.0,,,OBAnorm,,LD831_02097v2.403,,,,0,0
DENATRLA,2025-06-23 23:17:40.000,28.2,22.7,25.1,23.2,15.8,14.6,13.9,12.8,8.0,8.1,10.9,14.7,16.1,17.3,18.9,18.3,18.1,17.0,16.8,15.1,13.1,10.0,6.4,2.8,-0.1,-2.0,-3.7,-3.8,-3.8,-3.9,-4.5,-3.2,-0.3,23.6,28.7,39.3,13.4,0.0,0.3,24.6,12.6,73.0,,,OBAnorm,,LD831_02097v2.403,,,,0,0
DENATRLA,2025-06-23 23:17:41.000,25.3,24.9,25.2,18.1,16.6,15.2,14.8,12.2,7.7,8.9,10.0,13.0,16.0,17.9,17.6,18.5,17.8,17.9,17.2,15.2,13.0,10.0,6.0,2.5,-0.3,-1.9,-3.9,-3.9,-3.9,-3.9,-4.5,-3.3,-0.2,23.7,30.2,46.2,13.4,0.0,0.3,24.6,12.6,73.0,,,OBAnorm,,LD831_02097v2.403,,,,0,0
DENATRLA,2025-06-23 23:17:42.000,31.1,24.1,23.8,19.2,16.2,13.6,13.2,12.5,10.2,10.4,12.7,14.8,14.8,17.7,18.4,17.4,17.5,18.4,16.8,15.4,12.8,9.7,6.1,4.3,7.7,-1.9,-3.8,-3.9,-3.8,-3.9,-4.5,-3.2,-0.1,23.9,30.3,46.3,13.4,0.0,0.3,24.6,12.6,73.5,,,OBAnorm,,LD831_02097v2.403,,,,0,0
DENATRLA,2025-06-23 23:17:43.000,27.6,25.7,21.9,23.8,17.6,13.2,12.8,9.9,9.7,9.3,12.1,14.4,15.7,18.1,18.0,18.4,17.6,18.0,16.5,15.2,13.3,10.5,7.8,9.3,15.1,-0.8,-3.8,-3.9,-3.8,-3.8,-4.5,-3.4,-0.1,24.7,29.9,44.8,13.4,0.0,0.3,24.6,12.6,73.5,,,OBAnorm,,LD831_02097v2.403,,,,0,0
DENATRLA,2025-06-23 23:17:44.000,32.5,27.1,23.9,21.2,19.8,16.0,16.0,12.7,8.6,8.4,11.5,13.9,16.0,18.3,18.2,17.6,18.5,17.4,17.3,15.5,13.2,11.0,10.2,13.5,11.1,4.3,-3.6,-3.8,-3.8,-4.0,-4.5,-3.2,-0.2,24.9,29.6,40.5,13.4,0.0,0.4,24.6,12.6,73.5,,,OBAnorm,,LD831_02097v2.403,,,,0,0
DENATRLA,2025-06-23 23:17:45.000,28.7,25.1,25.0,20.6,14.0,12.4,12.9,11.8,10.0,10.5,12.8,15.1,16.9,18.1,18.9,17.7,18.6,18.7,17.1,15.2,13.5,10.4,7.0,13.3,6.7,0.9,-2.7,-3.8,-3.9,-4.0,-4.4,-3.2,-0.2,24.6,30.1,46.6,13.4,0.0,0.3,24.6,12.6,73.5,,,OBAnorm,,LD831_02097v2.403,,,,0,0
DENATRLA,2025-06-23 23:17:46.000,28.1,27.3,23.3,22.0,16.2,14.9,13.7,11.4,9.1,8.8,11.7,13.9,17.0,17.7,18.5,19.0,17.9,18.4,16.6,15.5,12.9,9.5,6.3,4.1,1.7,-0.7,-3.7,-3.9,-3.8,-3.9,-4.5,-3.1,-0.2,24.0,30.4,44.6,13.4,0.0,0.3,24.6,12.6,73.5,,,OBAnorm,,LD831_02097v2.403,,,,0,0
DENATRLA,2025-06-23 23:17:47.000,29.2,27.3,23.1,19.3,15.7,13.8,13.1,10.9,7.1,8.6,11.5,14.6,17.2,17.8,18.5,17.7,18.4,18.6,17.2,15.8,13.1,10.2,6.6,3.3,0.2,-1.7,-3.6,-3.8,-3.8,-4.0,-4.3,-3.2,-0.1,24.0,30.5,45.6,13.4,0.0,0.3,24.6,12.6,73.5,,,OBAnorm,,LD831_02097v2.403,,,,0,0
DENATRLA,2025-06-23 23:17:48.000,25.9,29.2,28.4,21.2,16.0,17.5,14.9,8.9,8.2,9.0,12.1,15.0,16.5,17.9,18.7,18.3,17.5,18.8,17.2,15.9,13.4,10.6,6.4,3.2,1.0,0.0,-2.4,-3.8,-3.8,-4.0,-4.5,-3.2,-0.2,24.1,30.0,41.5,13.4,0.0,0.3,24.5,12.6,73.5,,,OBAnorm,,LD831_02097v2.403,,,,0,0
DENATRLA,2025-06-23 23:17:49.000,32.1,26.9,25.5,21.2,14.2,16.8,15.5,13.2,8.0,8.3,13.2,14.2,17.0,17.1,17.6,18.0,18.0,18.5,17.0,15.0,12.8,10.3,6.3,2.7,0.5,-0.6,-2.6,-3.8,-3.8,-4.0,-4.5,-3.3,-0.1,23.9,29.8,39.0,13.4,0.0,0.3,24.6,12.6,73.5,,,OBAnorm,,LD831_02097v2.403,,,,0,0
DENATRLA,2025-06-23 23:17:50.000,29.2,26.0,29.2,22.0,18.4,13.8,14.4,11.3,7.0,9.9,11.3,15.9,16.2,17.7,19.2,17.9,17.7,17.6,17.0,15.7,12.9,10.5,7.0,3.8,1.4,0.6,-2.8,-3.8,-3.9,-4.0,-4.4,-3.3,-0.3,24.0,29.7,41.3,13.4,0.0,0.3,24.5,12.6,73.5,,,OBAnorm,,LD831_02097v2.403,,,,0,0
DENATRLA,2025-06-23 23:17:51.000,30.2,29.2,27.1,21.1,14.6,13.1,15.9,11.8,7.8,8.2,11.8,14.7,17.4,18.4,18.4,17.4,17.6,17.7,16.9,15.0,12.9,11.7,7.8,7.6,1.4,-1.2,-3.1,-3.8,-3.8,-4.0,-4.4,-3.2,-0.3,23.9,29.6,37.7,13.4,0.0,0.3,24.6,12.6,73.5,,,OBAnorm,,LD831_02097v2.403,,,,0,0
DENATRLA,2025-06-23 23:17:52.000,24.4,23.4,24.3,19.8,16.7,12.5,15.1,11.4,7.8,6.9,11.1,15.2,16.8,18.1,18.4,17.6,17.3,17.2,16.4,15.1,12.8,11.4,8.8,11.9,7.9,1.6,-3.4,-3.9,-3.8,-4.0,-4.4,-3.2,-0.2,24.2,29.9,39.5,13.4,0.0,0.3,24.6,12.6,73.5,,,OBAnorm,,LD831_02097v2.403,,,,0,0
DENATRLA,2025-06-23 23:17:53.000,28.0,26.2,25.8,21.8,14.9,14.2,12.3,13.7,9.1,8.5,12.1,15.6,17.3,17.7,18.2,17.7,17.4,17.3,17.0,14.7,12.9,10.2,6.7,3.0,0.4,-1.3,-3.2,-3.7,-3.6,-3.9,-4.5,-3.2,-0.2,23.7,29.2,39.0,13.4,0.0,0.3,24.6,12.6,73.5,,,OBAnorm,,LD831_02097v2.403,,,,0,0
DENATRLA,2025-06-23 23:17:54.000,28.4,28.8,26.2,19.6,16.3,14.8,12.9,13.5,8.9,9.5,13.3,14.1,16.3,18.2,18.1,18.9,18.3,17.8,16.9,15.2,12.9,10.7,6.2,4.1,1.5,-1.4,-3.8,-3.9,-3.8,-4.1,-4.5,-3.2,-0.2,23.9,29.1,38.9,13.4,0.0,0.3,24.5,12.6,73.5,,,OBAnorm,,LD831_02097v2.403,,,,0,0
DENATRLA,2025-06-23 23:17:55.000,25.7,27.8,24.7,20.5,15.4,14.8,11.7,12.9,8.6,9.6,11.6,15.2,16.3,17.3,19.0,18.2,17.4,17.6,16.3,15.4,12.3,9.5,5.8,3.4,2.0,-0.7,-3.7,-3.8,-3.9,-3.9,-4.5,-3.2,-0.2,23.6,29.4,36.2,13.4,0.0,0.3,24.6,12.6,73.5,,,OBAnorm,,LD831_02097v2.403,,,,0,0
DENATRLA,2025-06-23 23:17:56.000,28.3,24.0,26.2,19.6,13.9,13.7,14.8,12.8,10.5,9.1,11.4,15.2,16.1,17.6,18.9,18.0,18.1,18.0,16.4,15.6,12.6,10.2,6.2,4.3,2.9,1.6,-3.8,-3.9,-3.9,-4.0,-4.4,-3.2,-0.3,23.9,29.7,43.8,13.4,0.0,0.3,24.6,12.6,73.5,,,OBAnorm,,LD831_02097v2.403,,,,0,0
DENATRLA,2025-06-23 23:17:57.000,25.8,25.0,22.8,23.9,15.7,14.9,15.1,12.9,9.0,9.4,11.6,15.1,17.0,18.4,19.3,18.4,18.2,18.1,16.8,15.2,13.1,10.5,6.9,4.5,1.2,-0.9,-3.4,-3.8,-3.5,-3.8,-4.4,-3.1,-0.1,24.1,30.1,40.7,13.4,0.0,0.3,24.5,12.6,73.5,,,OBAnorm,,LD831_02097v2.403,,,,0,0
DENATRLA,2025-06-23 23:17:58.000,22.4,28.0,24.3,20.5,17.0,14.3,16.1,14.5,10.0,9.7,10.5,15.0,15.8,17.9,18.5,18.2,17.9,17.8,17.5,14.6,13.0,10.1,7.6,8.7,6.0,1.1,-3.5,-3.7,-3.8,-4.0,-4.5,-3.1,-0.2,24.1,28.9,40.6,13.4,0.0,0.3,24.6,12.6,73.5,,,OBAnorm,,LD831_02097v2.403,,,,0,0
DENATRLA,2025-06-23 23:17:59.000,30.7,26.2,26.7,19.3,15.6,16.3,15.0,14.9,9.5,7.7,11.8,14.8,16.1,18.1,18.9,18.5,17.6,17.8,17.0,15.5,13.6,10.6,7.6,9.4,7.0,7.3,-3.4,-3.9,-3.9,-4.0,-4.4,-3.3,-0.1,24.4,29.3,42.1,13.4,0.0,0.3,24.6,12.6,73.5,,,OBAnorm,,LD831_02097v2.403,,,,0,0
DENATRLA,2025-06-23 23:18:00.000,27.3,25.8,18.4,18.5,17.0,12.8,14.2,13.2,9.2,9.9,12.6,13.8,15.1,17.3,19.0,19.3,17.5,18.3,18.0,16.0,13.9,11.1,8.6,7.7,5.5,5.6,-3.6,-3.9,-3.8,-3.9,-4.4,-3.1,-0.2,24.6,29.9,39.2,13.4,0.0,0.3,24.6,12.6,73.5,,,OBAnorm,,LD831_02097v2.403,,,,0,0
DENATRLA,2025-06-23 23:18:01.000,26.8,23.8,23.8,21.6,18.4,16.4,15.7,13.3,10.6,9.2,11.6,15.4,17.5,18.6,19.8,18.5,18.3,18.3,17.6,16.4,14.1,11.4,8.1,5.5,2.6,-0.5,-3.1,-3.8,-3.7,-3.9,-4.3,-3.3,-0.1,24.8,30.4,44.3,13.4,0.0,0.3,24.5,12.6,73.5,,,OBAnorm,,LD831_02097v2.403,,,,0,0
DENATRLA,2025-06-23 23:18:02.000,29.3,25.3,24.4,17.6,18.4,16.5,14.2,14.3,11.3,8.6,11.9,15.7,16.9,18.8,18.9,19.0,19.6,18.5,17.4,16.5,13.2,11.7,8.1,4.3,1.9,-0.7,-3.5,-3.8,-3.7,-3.9,-4.3,-3.2,-0.1,24.6,29.9,41.6,13.4,0.0,0.3,24.5,12.6,73.5,,,OBAnorm,,LD831_02097v2.403,,,,0,0
DENATRLA,2025-06-23 23:18:03.000,29.5,23.5,26.4,17.4,17.8,19.3,16.7,14.0,9.8,9.4,11.8,16.2,19.1,18.5,19.2,18.8,18.7,18.6,18.0,16.2,13.6,10.9,8.2,4.8,1.1,-0.6,-3.2,-3.8,-3.4,-3.9,-4.5,-3.2,-0.3,24.7,30.1,37.4,13.4,0.0,0.3,24.5,12.6,73.5,,,OBAnorm,,LD831_02097v2.403,,,,0,0
DENATRLA,2025-06-23 23:18:04.000,26.9,24.5,26.0,21.0,15.5,16.7,14.3,12.3,8.9,9.7,13.1,15.8,17.8,19.2,18.7,19.0,18.7,19.1,17.8,16.7,14.3,12.0,8.5,4.5,1.6,0.8,-2.6,-2.7,0.1,-3.1,-4.1,-3.1,-0.2,24.9,29.6,38.4,13.4,0.0,0.3,24.6,12.6,73.5,,,OBAnorm,,LD831_02097v2.403,,,,0,0
DENATRLA,2025-06-23 23:18:05.000,24.1,26.2,23.7,20.0,15.0,16.7,15.7,12.4,9.2,7.9,12.7,15.7,18.1,18.4,19.8,18.5,18.6,19.5,18.8,16.8,15.9,13.1,11.6,12.3,9.0,3.2,-3.6,-3.8,-3.8,-4.0,-4.4,-3.3,-0.2,26.0,30.6,40.1,13.4,0.0,0.3,24.5,12.6,73.5,,,OBAnorm,,LD831_02097v2.403,,,,0,0
DENATRLA,2025-06-23 23:18:06.000,23.5,26.4,24.4,18.8,16.3,13.1,17.4,14.4,9.4,10.5,12.8,15.7,17.1,18.1,19.7,19.4,19.9,20.6,18.9,17.9,15.9,13.3,9.3,6.7,5.4,2.4,-2.8,-3.9,-3.8,-4.0,-4.5,-3.2,-0.2,26.0,30.6,39.5,13.4,0.0,0.3,24.5,12.6,73.5,,,OBAnorm,,LD831_02097v2.403,,,,0,0
DENATRLA,2025-06-23 23:18:07.000,27.8,26.9,23.9,21.2,16.8,16.1,17.4,14.6,10.9,9.3,12.5,15.0,17.1,17.9,20.6,19.2,19.5,19.3,18.9,18.3,16.1,13.8,9.3,5.7,2.4,0.8,-2.4,-3.7,-3.8,-4.0,-4.4,-3.2,0.0,26.1,30.7,38.6,13.4,0.0,0.3,24.5,12.6,73.5,,,OBAnorm,,LD831_02097v2.403,,,,0,0
DENATRLA,2025-06-23 23:18:08.000,26.3,29.0,22.4,19.1,19.4,17.3,14.0,12.9,9.8,9.6,14.0,16.1,18.6,19.6,19.5,20.0,20.1,20.2,19.5,17.8,15.7,13.4,9.6,6.3,2.9,1.3,-2.3,-3.8,-3.8,-3.9,-4.4,-3.3,-0.1,26.2,31.1,39.4,13.4,0.0,0.3,24.5,12.6,73.5,,,OBAnorm,,LD831_02097v2.403,,,,0,0
DENATRLA,2025-06-23 23:18:09.000,27.4,27.6,23.8,18.1,18.3,14.9,16.9,12.0,10.7,10.7,12.8,15.4,16.6,19.3,19.9,20.3,19.7,19.4,19.3,18.2,16.2,13.4,10.3,8.3,4.5,1.5,-2.5,-3.8,-3.8,-4.0,-4.5,-3.1,-0.2,26.2,30.8,38.1,13.4,0.0,0.3,24.5,12.6,73.5,,,OBAnorm,,LD831_02097v2.403,,,,0,0
DENATRLA,2025-06-23 23:18:10.000,25.8,26.6,25.6,21.2,17.3,16.6,16.2,15.9,9.6,9.3,13.6,16.1,18.9,18.9,19.7,19.8,19.3,19.6,19.3,17.7,16.3,13.8,9.4,5.7,2.1,0.6,-2.9,-3.8,-3.8,-4.0,-4.5,-3.3,-0.2,26.1,30.9,37.6,13.4,0.0,0.3,24.5,12.6,73.5,,,OBAnorm,,LD831_02097v2.403,,,,0,0
DENATRLA,2025-06-23 23:18:11.000,30.5,26.1,26.7,19.0,20.0,16.4,16.0,11.9,8.8,11.0,12.7,15.1,18.3,19.3,20.6,20.3,19.7,20.3,19.9,19.0,16.3,14.1,11.1,6.9,2.4,0.7,-1.9,-3.8,-3.8,-3.9,-4.4,-3.4,-0.2,26.7,31.4,38.6,13.4,0.0,0.3,24.5,12.6,74.1,,,OBAnorm,,LD831_02097v2.403,,,,0,0
DENATRLA,2025-06-23 23:18:12.000,27.4,26.7,23.9,19.8,17.8,18.4,18.1,12.3,9.1,10.4,12.0,15.2,19.0,19.2,20.7,20.2,20.5,20.4,19.9,18.6,16.8,14.4,12.1,11.0,16.4,5.9,-0.4,-3.4,-3.7,-3.9,-4.2,-3.0,-0.1,27.4,32.0,40.9,13.4,0.0,0.3,24.6,12.6,74.1,,,OBAnorm,,LD831_02097v2.403,,,,0,0
DENATRLA,2025-06-23 23:18:13.000,28.7,28.9,27.2,23.3,18.8,18.7,13.6,13.4,10.2,9.9,13.2,16.0,19.0,20.2,20.5,21.6,20.7,20.5,19.6,19.3,17.1,14.8,11.2,8.1,6.6,9.7,0.0,-3.6,-3.8,-4.0,-4.5,-3.2,-0.2,27.1,31.9,40.6,13.4,0.0,0.3,24.5,12.6,74.1,,,OBAnorm,,LD831_02097v2.403,,,,0,0
DENATRLA,2025-06-23 23:18:14.000,23.6,29.0,27.2,25.0,17.9,16.1,16.0,13.8,12.5,9.5,14.2,16.7,18.5,19.3,20.5,21.2,20.4,21.1,20.2,19.0,17.7,15.4,11.8,8.1,5.9,6.5,-0.3,-3.5,-3.8,-4.0,-4.5,-3.2,-0.1,27.3,31.3,37.7,13.4,0.0,0.3,24.5,12.6,74.1,,,OBAnorm,,LD831_02097v2.403,,,,0,0
DENATRLA,2025-06-23 23:18:15.000,29.3,26.7,26.6,22.7,20.7,15.2,17.0,14.7,10.5,10.1,13.4,15.7,17.9,19.5,20.9,22.0,20.9,21.0,20.5,19.9,17.5,15.8,12.1,8.3,5.0,3.7,1.3,-3.0,-3.7,-3.9,-4.4,-3.3,-0.2,27.6,31.7,38.7,13.4,0.0,0.3,24.5,12.6,74.1,,,OBAnorm,,LD831_02097v2.403,,,,0,0
DENATRLA,2025-06-23 23:18:16.000,28.5,25.2,20.2,19.3,19.5,17.7,16.0,11.5,11.0,8.3,14.4,16.0,18.5,20.0,21.8,20.8,20.9,21.4,20.9,20.0,17.6,15.5,12.4,8.2,5.0,3.8,0.9,-3.1,-3.7,-3.9,-4.5,-3.1,-0.2,27.7,32.0,37.8,13.4,0.0,0.3,24.5,12.6,74.1,,,OBAnorm,,LD831_02097v2.403,,,,0,0
DENATRLA,2025-06-23 23:18:17.000,25.4,25.7,23.7,24.0,20.5,17.0,15.3,15.2,9.5,9.7,12.1,18.5,18.9,20.1,21.3,21.8,21.1,21.6,21.0,19.2,17.5,15.7,12.3,8.6,5.8,3.8,0.5,-3.5,-3.7,-3.8,-4.5,-3.3,-0.2,27.8,32.1,40.6,13.4,0.0,0.3,24.6,12.6,74.1,,,OBAnorm,,LD831_02097v2.403,,,,0,0
DENATRLA,2025-06-23 23:18:18.000,25.6,22.7,24.8,24.3,17.7,16.8,18.3,12.8,8.9,10.4,14.0,17.2,19.1,20.3,20.8,21.2,21.2,21.4,20.0,19.1,17.3,14.1,10.7,6.7,4.1,2.9,0.1,-3.2,-3.6,-3.9,-4.4,-3.2,-0.1,27.4,31.9,40.1,13.4,0.0,0.3,24.5,12.6,74.1,,,OBAnorm,,LD831_02097v2.403,,,,0,0
DENATRLA,2025-06-23 23:18:19.000,30.7,24.8,23.9,22.1,19.8,19.0,20.9,14.9,11.0,12.2,13.1,16.8,19.1,20.2,21.7,22.2,20.9,20.6,20.2,19.1,17.1,14.7,11.0,7.6,3.8,3.0,0.6,-3.2,-3.7,-3.8,-4.5,-3.2,-0.2,27.2,31.5,38.6,13.4,0.0,0.3,24.6,12.6,74.1,,,OBAnorm,,LD831_02097v2.403,,,,0,0
DENATRLA,2025-06-23 23:18:20.000,28.2,27.0,15.7,22.3,20.8,15.3,17.3,11.8,11.2,10.6,12.0,17.2,18.5,19.9,21.0,20.9,20.5,20.2,20.0,18.5,16.9,14.5,10.7,7.0,4.0,3.0,1.0,-2.9,-3.1,-3.8,-4.4,-3.2,-0.2,26.8,31.6,44.4,13.4,0.0,0.3,24.6,12.6,74.1,,,OBAnorm,,LD831_02097v2.403,,,,0,0
DENATRLA,2025-06-23 23:18:21.000,23.6,23.5,24.5,22.7,17.0,16.2,17.8,13.1,8.4,10.7,12.9,16.7,18.7,19.8,19.9,20.6,20.8,19.9,18.9,17.6,15.6,13.4,9.7,6.3,4.0,3.6,2.2,-1.8,-3.1,-3.8,-4.4,-3.3,-0.1,26.3,31.9,50.6,13.4,0.0,0.3,24.5,12.6,74.1,,,OBAnorm,,LD831_02097v2.403,,,,0,0
DENATRLA,2025-06-23 23:18:22.000,28.8,25.6,27.1,25.6,15.9,19.5,13.8,12.6,12.1,9.1,12.8,17.1,19.7,19.1,20.3,20.0,18.9,20.1,18.7,17.4,15.4,13.9,11.0,10.0,6.8,5.5,3.6,-0.9,-2.6,-3.9,-4.4,-3.1,-0.2,26.3,31.8,44.8,13.4,0.0,0.3,24.6,12.6,74.1,,,OBAnorm,,LD831_02097v2.403,,,,0,0
DENATRLA,2025-06-23 23:18:23.000,29.9,27.3,24.0,20.9,20.4,19.4,17.4,12.8,11.9,10.1,14.0,16.2,18.6,19.7,20.7,20.6,19.7,19.4,19.3,17.8,15.6,13.6,10.1,11.3,7.6,4.7,2.6,-1.9,-3.1,-3.8,-4.5,-3.3,-0.3,26.3,32.0,44.1,13.4,0.0,0.3,24.5,12.6,74.1,,,OBAnorm,,LD831_02097v2.403,,,,0,0
DENATRLA,2025-06-23 23:18:24.000,29.0,24.8,27.0,24.1,21.3,18.7,13.7,13.4,9.5,11.2,13.8,17.9,17.0,18.7,20.4,21.1,19.7,19.3,19.2,17.7,15.7,13.2,9.7,6.2,3.6,3.4,1.3,-2.3,-3.3,-3.9,-4.4,-3.1,-0.1,26.0,32.2,43.4,13.4,0.0,0.3,24.5,12.6,74.1,,,OBAnorm,,LD831_02097v2.403,,,,0,0
DENATRLA,2025-06-23 23:18:25.000,32.3,29.5,25.3,28.0,20.4,18.0,16.2,14.5,12.6,11.5,14.6,16.5,18.6,19.8,19.4,19.7,18.8,18.9,18.1,17.4,15.1,12.4,9.4,7.9,4.4,3.3,1.3,-1.7,-2.7,-3.1,-4.1,-3.2,-0.2,25.5,31.4,44.4,13.4,0.0,0.3,24.6,12.6,74.1,,,OBAnorm,,LD831_02097v2.403,,,,0,0
DENATRLA,2025-06-23 23:18:26.000,32.0,29.9,23.7,25.8,18.8,16.5,15.6,12.1,10.8,10.3,13.4,14.6,18.3,20.5,20.4,19.7,20.0,20.1,18.1,17.0,14.6,12.1,8.9,6.2,3.7,3.0,0.9,-2.8,-3.4,-3.8,-4.4,-3.2,-0.2,25.7,32.2,47.6,13.4,0.0,0.3,24.5,12.5,74.1,,,OBAnorm,,LD831_02097v2.403,,,,0,0
DENATRLA,2025-06-23 23:18:27.000,28.7,30.8,28.5,23.1,18.6,16.6,14.8,13.4,10.3,11.0,12.1,18.7,19.2,20.5,20.8,21.0,19.7,19.4,19.0,17.0,15.5,12.6,9.0,6.4,3.2,3.0,1.0,-2.7,-3.6,-4.0,-4.5,-3.2,-0.2,26.0,31.9,46.5,13.4,0.0,0.3,24.5,12.5,74.1,,,OBAnorm,,LD831_02097v2.403,,,,0,0
DENATRLA,2025-06-23 23:18:28.000,28.2,28.3,28.3,22.2,18.2,17.1,16.2,13.3,10.5,10.6,13.0,16.5,18.0,19.7,20.3,20.0,19.8,19.4,18.4,17.4,14.5,12.2,8.5,5.2,3.0,3.1,1.2,-2.4,-3.6,-3.9,-4.5,-3.2,-0.1,25.7,30.9,43.2,13.4,0.0,0.3,24.5,12.5,74.1,,,OBAnorm,,LD831_02097v2.403,,,,0,0
DENATRLA,2025-06-23 23:18:29.000,30.3,30.4,27.9,24.0,16.3,15.9,17.1,13.6,10.5,11.4,14.7,16.8,18.9,19.8,20.9,19.7,19.5,20.3,19.0,17.3,14.8,11.9,8.0,5.0,3.2,3.4,1.7,-2.2,-3.4,-3.9,-4.5,-3.2,-0.2,25.8,31.5,44.0,13.4,0.0,0.3,24.5,12.5,74.7,,,OBAnorm,,LD831_02097v2.403,,,,0,0
DENATRLA,2025-06-23 23:18:30.000,28.5,27.4,27.8,19.3,18.6,16.2,18.2,13.4,11.1,10.2,14.2,16.7,17.9,20.4,20.8,20.6,20.2,19.9,19.1,16.6,14.9,12.8,9.0,10.1,11.8,8.2,5.2,-1.8,-3.3,-3.9,-4.5,-3.3,-0.3,26.3,32.1,49.0,13.4,0.0,0.3,24.5,12.5,74.7,,,OBAnorm,,LD831_02097v2.403,,,,0,0
DENATRLA,2025-06-23 23:18:31.000,20.8,24.1,29.2,23.6,18.8,14.7,16.2,13.1,12.5,10.2,13.5,14.9,19.5,20.5,20.1,19.7,19.6,20.0,18.8,17.0,14.5,12.5,9.5,11.3,7.6,4.4,-0.2,-3.3,-3.7,-4.0,-4.5,-3.2,-0.2,26.0,33.6,50.6,13.4,0.0,0.2,24.5,12.5,74.7,,,OBAnorm,,LD831_02097v2.403,,,,0,0
DENATRLA,2025-06-23 23:18:32.000,31.8,24.7,24.5,22.9,20.1,17.9,16.9,13.3,12.6,10.2,14.2,14.9,18.8,19.6,20.9,20.2,19.6,19.8,18.8,17.3,15.5,12.1,8.6,4.8,2.4,1.6,-0.9,-3.4,-3.7,-3.9,-4.5,-3.2,-0.1,25.8,35.0,58.5,13.4,0.0,0.3,24.5,12.5,74.7,,,OBAnorm,,LD831_02097v2.403,,,,0,0
DENATRLA,2025-06-23 23:18:33.000,29.2,30.2,29.2,26.5,22.0,18.1,15.8,12.9,9.3,10.0,13.0,17.3,20.2,20.0,19.9,21.2,20.7,20.3,19.4,17.6,14.9,12.3,9.2,5.1,2.4,0.4,-1.8,-3.6,-3.7,-3.9,-4.4,-3.2,-0.2,26.2,32.3,48.6,13.4,0.0,0.3,24.5,12.5,74.7,,,OBAnorm,,LD831_02097v2.403,,,,0,0
DENATRLA,2025-06-23 23:18:34.000,35.3,34.0,29.7,20.8,18.0,18.7,15.7,14.8,11.6,10.4,14.4,16.9,19.1,20.3,21.2,20.9,19.9,21.0,19.8,18.1,15.8,12.9,9.7,6.3,2.6,-0.2,-2.6,-3.8,-3.8,-4.0,-4.4,-3.3,-0.2,26.5,33.1,46.8,13.4,0.0,0.3,24.5,12.5,74.7,,,OBAnorm,,LD831_02097v2.403,,,,0,0
DENATRLA,2025-06-23 23:18:35.000,37.1,28.2,27.8,23.3,22.6,16.4,14.5,14.8,10.9,11.6,15.1,19.5,20.0,21.0,21.3,20.7,20.5,20.9,20.0,18.4,16.4,12.6,9.7,7.0,5.5,0.4,-3.0,-3.5,-3.8,-4.0,-4.4,-3.2,-0.1,26.8,32.3,47.3,13.4,0.0,0.3,24.8,12.5,74.7,,,OBAnorm,,LD831_02097v2.403,,,,0,0
DENATRLA,2025-06-23 23:18:36.000,30.1,30.9,28.8,24.0,16.4,18.4,14.3,13.9,11.1,11.3,15.9,19.0,19.6,20.6,21.6,20.2,20.5,21.0,19.7,18.2,16.0,13.7,9.8,6.5,2.1,0.3,-2.8,-3.7,-3.7,-3.9,-4.5,-3.3,-0.2,26.7,32.4,46.6,13.4,0.0,0.3,24.5,12.5,74.7,,,OBAnorm,,LD831_02097v2.403,,,,0,0
DENATRLA,2025-06-23 23:18:37.000,32.1,29.0,23.2,23.6,17.8,18.9,17.4,13.0,11.0,12.3,14.3,18.1,19.4,19.8,20.8,19.5,19.6,20.0,19.8,17.8,14.9,12.5,10.9,12.8,9.3,3.9,-1.4,-3.7,-3.6,-3.9,-4.4,-3.1,-0.1,26.5,32.1,47.7,13.4,0.0,0.3,24.5,12.5,74.7,,,OBAnorm,,LD831_02097v2.403,,,,0,0
DENATRLA,2025-06-23 23:18:38.000,27.9,31.4,26.8,21.8,21.2,16.0,18.5,15.3,12.5,12.4,15.2,18.7,20.0,20.1,21.1,21.2,20.7,20.5,19.6,17.8,15.5,12.8,9.1,5.5,2.8,1.6,-1.3,-3.5,-3.7,-3.9,-4.5,-3.2,-0.2,26.5,31.9,42.2,13.4,0.0,0.3,24.5,12.5,74.7,,,OBAnorm,,LD831_02097v2.403,,,,0,0
DENATRLA,2025-06-23 23:18:39.000,33.1,28.2,26.3,21.7,18.4,19.4,17.1,15.0,11.7,12.3,15.3,19.2,20.0,20.5,21.8,22.5,20.2,20.9,20.0,18.1,15.8,13.0,9.6,6.5,4.1,2.6,-0.1,-3.1,-3.6,-3.9,-4.4,-3.3,-0.1,26.8,32.1,40.0,13.4,0.0,0.3,24.5,12.5,74.7,,,OBAnorm,,LD831_02097v2.403,,,,0,0
DENATRLA,2025-06-23 23:18:40.000,28.4,28.6,25.3,19.3,18.5,17.9,17.1,14.9,10.9,13.0,15.8,20.4,20.9,21.2,21.6,20.6,20.9,20.2,19.8,17.8,15.9,12.8,9.4,6.2,3.9,3.4,0.6,-2.8,-3.4,-3.7,-4.4,-3.1,-0.1,26.6,32.1,39.7,13.4,0.0,0.3,24.5,12.5,74.1,,,OBAnorm,,LD831_02097v2.403,,,,0,0
DENATRLA,2025-06-23 23:18:41.000,24.5,30.7,21.5,16.9,19.6,18.2,16.7,15.8,11.7,11.4,14.3,17.4,20.4,19.7,21.2,21.1,20.7,20.3,20.3,18.0,15.8,13.2,9.7,6.9,10.2,2.4,0.8,-2.8,-3.5,-3.9,-4.4,-3.1,-0.1,26.8,32.0,39.1,13.4,0.0,0.3,24.5,12.5,74.1,,,OBAnorm,,LD831_02097v2.403,,,,0,0
DENATRLA,2025-06-23 23:18:42.000,28.9,31.1,23.6,24.0,19.9,20.1,16.5,14.2,11.0,9.7,13.7,19.1,18.6,19.5,20.7,21.1,20.1,20.8,19.9,18.4,15.5,12.9,9.3,8.6,16.5,3.4,1.0,-2.7,-3.5,-3.8,-4.5,-3.2,-0.1,27.2,32.0,39.0,13.4,0.0,0.3,24.5,12.5,74.1,,,OBAnorm,,LD831_02097v2.403,,,,0,0
DENATRLA,2025-06-23 23:18:43.000,27.3,27.6,27.2,22.1,17.8,16.1,16.3,14.7,12.5,11.6,14.8,18.3,19.1,21.1,20.5,20.4,20.1,21.0,20.0,18.3,15.7,13.2,9.8,10.2,7.3,2.6,0.7,-2.8,-3.6,-3.9,-4.4,-3.3,-0.2,26.7,31.9,37.5,13.4,0.0,0.3,24.5,12.5,74.1,,,OBAnorm,,LD831_02097v2.403,,,,0,0
DENATRLA,2025-06-23 23:18:44.000,26.1,31.1,28.9,23.7,21.6,17.8,16.7,13.2,13.5,11.4,15.3,17.5,18.4,21.2,20.6,19.9,20.7,21.2,19.4,18.3,15.8,13.5,9.8,9.3,6.1,3.8,1.1,-2.6,-3.5,-3.9,-4.4,-3.3,-0.3,26.7,32.1,38.3,13.4,0.0,0.3,24.5,12.5,74.1,,,OBAnorm,,LD831_02097v2.403,,,,0,0
DENATRLA,2025-06-23 23:18:45.000,25.2,29.7,26.3,22.2,20.9,19.4,16.6,15.4,12.7,11.0,15.7,17.7,18.7,20.8,20.5,21.6,20.6,20.6,19.5,18.1,16.1,12.7,9.1,6.1,4.7,3.5,0.9,-2.5,-3.4,-3.8,-4.5,-3.2,-0.2,26.5,31.7,39.8,13.4,0.0,0.3,24.5,12.5,74.1,,,OBAnorm,,LD831_02097v2.403,,,,0,0
DENATRLA,2025-06-23 23:18:46.000,21.3,31.4,27.1,22.5,21.9,18.8,17.3,14.6,12.3,10.1,14.7,16.0,19.2,19.0,20.7,20.2,20.2,20.8,20.1,17.4,15.7,12.0,9.1,6.8,3.9,3.1,1.1,-2.7,-3.4,-3.9,-4.4,-3.3,-0.2,26.3,31.8,39.5,13.4,0.0,0.3,24.5,12.5,74.1,,,OBAnorm,,LD831_02097v2.403,,,,0,0
DENATRLA,2025-06-23 23:18:47.000,24.7,22.7,26.5,24.7,20.4,19.7,17.8,14.5,11.4,11.2,14.1,16.2,19.8,20.6,20.9,20.4,20.9,19.8,19.3,17.7,16.1,12.8,9.3,5.7,3.5,3.5,1.5,-2.5,-3.5,-3.9,-4.4,-3.2,-0.2,26.5,32.0,41.6,13.4,0.0,0.3,24.5,12.5,74.1,,,OBAnorm,,LD831_02097v2.403,,,,0,0
DENATRLA,2025-06-23 23:18:48.000,24.8,27.2,30.2,22.9,18.2,19.1,18.1,13.5,11.6,10.6,15.7,18.7,19.8,19.9,21.2,20.2,20.3,20.7,19.9,17.6,16.1,13.1,9.7,6.1,3.9,4.0,1.7,-2.2,-3.4,-3.8,-4.4,-3.2,-0.2,26.5,31.9,42.4,13.4,0.0,0.3,24.5,12.5,73.5,,,OBAnorm,,LD831_02097v2.403,,,,0,0
DENATRLA,2025-06-23 23:18:49.000,27.3,24.1,26.7,21.4,20.9,18.2,18.6,15.2,14.6,12.3,13.9,15.8,19.1,20.4,20.0,21.1,20.6,20.3,19.2,18.1,15.4,13.0,9.0,6.6,3.8,4.2,1.6,-2.6,-3.5,-3.9,-4.5,-3.2,-0.3,26.4,31.7,41.0,13.4,0.0,0.3,24.5,12.5,73.5,,,OBAnorm,,LD831_02097v2.403,,,,0,0
DENATRLA,2025-06-23 23:18:50.000,27.4,28.4,25.5,17.7,18.8,19.4,17.1,13.1,14.3,10.3,13.0,17.3,18.9,19.6,20.0,21.0,19.8,20.5,19.3,17.9,15.7,12.4,10.9,9.5,8.4,4.5,2.1,-2.3,-3.5,-3.9,-4.4,-3.1,-0.1,26.5,31.8,42.8,13.4,0.0,0.3,24.5,12.5,73.5,,,OBAnorm,,LD831_02097v2.403,,,,0,0
DENATRLA,2025-06-23 23:18:51.000,27.9,28.0,26.6,24.3,21.1,19.9,18.6,14.0,9.1,10.5,15.0,16.7,17.8,19.9,20.7,20.8,20.5,20.7,19.3,18.0,15.9,13.4,10.2,9.6,6.8,4.5,2.2,-2.4,-3.5,-3.9,-4.4,-3.3,-0.1,26.7,31.8,39.4,13.4,0.0,0.3,24.5,12.5,73.5,,,OBAnorm,,LD831_02097v2.403,,,,0,0
DENATRLA,2025-06-23 23:18:52.000,29.0,27.4,28.3,23.6,18.6,18.3,15.9,15.2,12.5,12.1,14.5,17.1,18.9,19.7,21.4,21.1,20.8,20.6,19.5,18.1,15.4,12.7,9.9,6.7,4.8,4.3,2.0,-2.3,-3.6,-4.0,-4.4,-3.3,-0.2,26.5,32.1,39.2,13.4,0.0,0.3,24.5,12.5,73.5,,,OBAnorm,,LD831_02097v2.403,,,,0,0
DENATRLA,2025-06-23 23:18:53.000,28.0,26.1,24.3,23.1,19.4,20.8,18.2,15.3,12.5,11.0,13.3,16.4,18.9,19.4,20.5,20.7,19.4,20.6,19.4,18.1,16.2,12.9,10.1,7.1,5.0,5.2,3.2,-1.6,-3.4,-4.0,-4.5,-3.3,-0.2,26.5,31.9,38.7,13.4,0.0,0.3,24.5,12.5,73.5,,,OBAnorm,,LD831_02097v2.403,,,,0,0
DENATRLA,2025-06-23 23:18:54.000,30.7,26.8,27.4,23.0,21.3,17.6,18.1,12.0,12.9,11.3,15.1,17.3,18.5,20.1,21.5,21.2,20.5,20.2,18.9,18.1,16.3,13.4,10.6,8.7,6.6,5.0,2.8,-1.7,-3.3,-3.9,-4.4,-3.3,-0.2,26.7,31.8,39.8,13.4,0.0,0.3,24.5,12.5,73.5,,,OBAnorm,,LD831_02097v2.403,,,,0,0
DENATRLA,2025-06-23 23:18:55.000,33.4,26.7,26.3,21.5,19.1,13.5,16.7,12.8,13.1,11.9,14.5,16.8,18.4,20.6,20.2,21.2,19.8,20.5,20.0,18.8,16.7,14.0,10.1,6.8,5.3,5.5,3.5,-0.9,-3.0,-3.8,-4.4,-3.2,-0.2,26.8,32.3,38.4,13.4,0.0,0.3,24.5,12.5,73.5,,,OBAnorm,,LD831_02097v2.403,,,,0,0
DENATRLA,2025-06-23 23:18:56.000,31.9,29.8,25.3,24.3,22.2,18.4,16.8,13.9,12.6,9.9,13.2,17.0,18.9,20.2,20.5,21.1,20.7,20.2,19.1,18.5,16.8,13.7,9.5,6.2,4.5,4.8,2.9,-1.3,-3.0,-3.9,-4.5,-3.4,-0.2,26.6,32.2,42.7,13.4,0.0,0.3,24.5,12.5,73.5,,,OBAnorm,,LD831_02097v2.403,,,,0,0
DENATRLA,2025-06-23 23:18:57.000,28.3,34.0,24.3,24.1,18.1,15.1,16.9,16.2,12.5,10.4,13.8,17.2,17.9,19.4,20.1,20.1,20.2,20.1,18.9,18.1,15.7,13.0,9.5,6.7,4.8,5.4,4.3,-0.2,-2.7,-3.8,-4.4,-3.1,-0.1,26.4,33.5,41.3,13.4,0.0,0.3,24.5,12.5,73.5,,,OBAnorm,,LD831_02097v2.403,,,,0,0
DENATRLA,2025-06-23 23:18:58.000,25.1,28.9,27.5,21.2,18.4,18.3,19.0,12.0,13.0,11.1,14.7,17.0,18.8,20.4,20.0,20.1,20.1,19.7,19.9,17.8,15.1,12.6,10.4,7.3,6.2,6.0,3.9,0.0,-2.1,-3.8,-4.4,-3.2,-0.2,26.4,31.9,41.2,13.4,0.0,0.3,24.5,12.5,72.9,,,OBAnorm,,LD831_02097v2.403,,,,0,0
DENATRLA,2025-06-23 23:18:59.000,33.6,36.4,28.5,22.0,21.2,17.4,15.1,16.2,10.2,11.6,14.5,17.6,18.0,18.6,20.1,20.7,20.4,19.9,18.8,17.9,15.6,12.9,11.6,13.1,11.6,10.3,3.7,-0.6,-2.9,-3.9,-4.3,-3.3,-0.2,26.8,31.7,44.0,13.4,0.0,0.3,24.5,12.5,72.9,,,OBAnorm,,LD831_02097v2.403,,,,0,0
DENATRLA,2025-06-23 23:19:00.000,30.0,33.5,27.6,18.5,18.3,16.7,19.6,14.2,8.4,10.5,14.7,17.7,17.8,19.3,20.0,20.1,20.0,19.7,18.7,17.8,15.9,13.2,10.0,7.0,4.8,4.0,2.2,-2.1,-3.4,-4.0,-4.4,-3.2,-0.1,26.0,31.7,46.4,13.4,0.0,0.3,24.5,12.5,72.9,,,OBAnorm,,LD831_02097v2.403,,,,0,0
DENATRLA,2025-06-23 23:19:01.000,29.6,29.5,26.0,21.0,19.2,18.0,19.4,14.8,10.3,11.4,13.2,17.1,18.8,20.1,20.1,20.9,20.5,19.6,19.2,18.0,16.2,13.5,9.5,5.4,3.5,3.6,1.6,-2.3,-3.5,-3.9,-4.5,-3.3,-0.2,26.3,32.7,49.1,13.4,0.0,0.3,24.5,12.5,72.9,,,OBAnorm,,LD831_02097v2.403,,,,0,0
DENATRLA,2025-06-23 23:19:02.000,28.8,24.8,25.9,22.8,18.3,16.1,17.2,14.7,10.3,11.8,14.1,14.8,18.6,19.4,19.9,20.2,20.0,20.2,18.3,18.0,16.0,12.9,9.2,5.7,4.1,1.8,0.3,-3.2,-3.7,-4.0,-4.5,-3.2,-0.2,26.2,32.6,50.8,13.4,0.0,0.3,24.5,12.5,72.9,,,OBAnorm,,LD831_02097v2.403,,,,0,0
DENATRLA,2025-06-23 23:19:03.000,31.8,29.2,25.9,21.3,20.0,18.7,16.4,15.2,13.5,12.1,13.4,17.0,17.7,20.0,21.1,20.8,20.2,20.6,19.2,17.8,15.8,12.8,9.7,6.2,4.4,0.8,-1.5,-3.7,-3.7,-3.9,-4.5,-3.2,-0.3,26.3,33.2,49.6,13.4,0.0,0.3,24.5,12.5,72.9,,,OBAnorm,,LD831_02097v2.403,,,,0,0
DENATRLA,2025-06-23 23:19:04.000,32.8,30.7,29.1,21.8,21.4,18.1,18.1,13.8,12.0,10.0,14.0,17.7,19.4,19.6,19.5,19.9,20.1,18.9,19.1,17.8,15.1,11.7,8.6,5.2,3.3,1.4,-1.4,-3.7,-3.7,-4.0,-4.4,-3.2,-0.1,25.9,32.4,46.5,13.4,0.0,0.3,24.5,12.5,72.9,,,OBAnorm,,LD831_02097v2.403,,,,0,0
DENATRLA,2025-06-23 23:19:05.000,32.7,30.0,27.8,24.1,21.2,17.7,17.5,16.3,10.8,9.5,14.3,17.6,19.1,21.0,20.9,19.7,20.7,19.7,18.7,17.5,14.9,12.1,8.9,5.8,5.6,0.9,-2.1,-3.8,-3.7,-3.9,-4.5,-3.2,-0.2,25.9,31.9,45.1,13.4,0.0,0.3,24.5,12.5,72.9,,,OBAnorm,,LD831_02097v2.403,,,,0,0
DENATRLA,2025-06-23 23:19:06.000,33.7,31.9,25.5,22.1,21.1,16.2,16.5,13.6,8.4,9.8,13.6,17.8,18.6,19.7,20.0,20.0,20.2,20.4,18.6,17.0,15.0,12.6,9.1,6.1,2.2,0.0,-2.4,-3.7,-3.6,-4.0,-4.5,-3.3,-0.1,26.0,33.6,46.7,13.4,0.0,0.3,24.5,12.5,72.9,,,OBAnorm,,LD831_02097v2.403,,,,0,0
DENATRLA,2025-06-23 23:19:07.000,33.7,29.9,26.0,23.5,20.5,18.0,18.2,13.6,11.0,10.4,14.7,16.8,18.9,19.8,20.6,20.1,19.8,20.2,19.1,17.0,15.0,13.3,11.2,12.9,10.6,2.3,-2.7,-3.8,-3.8,-4.0,-4.4,-3.2,-0.1,26.4,33.3,46.8,13.4,0.0,0.3,24.5,12.5,72.9,,,OBAnorm,,LD831_02097v2.403,,,,0,0
DENATRLA,2025-06-23 23:19:08.000,29.8,35.8,28.3,19.5,13.6,18.6,16.6,13.3,9.4,10.5,12.9,17.3,19.7,19.4,20.8,20.6,20.5,19.7,18.5,17.5,15.4,12.5,10.1,9.5,4.5,0.5,-2.7,-3.6,-3.6,-3.5,-4.0,-3.1,-0.2,26.3,32.7,44.0,13.4,0.0,0.3,24.5,12.5,72.9,,,OBAnorm,,LD831_02097v2.403,,,,0,0
DENATRLA,2025-06-23 23:19:09.000,32.2,35.1,26.3,19.9,17.7,15.2,16.0,14.1,10.2,10.2,13.4,17.0,20.0,19.4,22.1,21.1,20.5,19.7,18.6,17.8,15.0,12.0,9.1,4.2,0.5,-1.0,-3.2,-3.8,-3.8,-3.9,-4.4,-3.2,-0.1,26.1,33.9,45.6,13.4,0.0,0.3,24.5,12.5,72.9,,,OBAnorm,,LD831_02097v2.403,,,,0,0
DENATRLA,2025-06-23 23:19:10.000,36.7,32.8,29.9,21.2,16.9,19.0,17.1,13.5,13.3,10.8,15.4,17.2,17.9,18.7,20.4,20.8,20.1,19.4,18.7,17.3,16.0,12.9,8.7,9.9,13.2,0.1,-2.7,-3.7,-3.8,-4.0,-4.4,-3.2,-0.2,26.4,32.3,41.7,13.4,0.0,0.3,24.5,12.5,72.9,,,OBAnorm,,LD831_02097v2.403,,,,0,0
DENATRLA,2025-06-23 23:19:11.000,36.2,35.4,29.1,22.7,18.0,18.2,15.0,13.8,10.3,11.6,13.3,16.9,18.7,19.6,20.0,21.5,19.8,19.6,18.9,17.1,15.1,12.2,9.6,15.2,19.6,1.1,-1.0,-3.5,-3.8,-4.0,-4.4,-3.3,-0.2,27.3,31.6,38.2,13.4,0.0,0.3,24.5,12.5,73.5,,,OBAnorm,,LD831_02097v2.403,,,,0,0
DENATRLA,2025-06-23 23:19:12.000,34.4,34.6,26.8,22.1,19.9,16.2,17.2,13.2,11.2,10.6,13.0,18.0,17.8,19.5,19.7,20.9,19.8,19.8,19.5,17.7,15.7,12.7,9.1,8.8,7.8,1.2,-1.6,-3.6,-3.8,-3.9,-4.3,-3.0,-0.1,26.2,32.5,43.8,13.4,0.0,0.3,24.5,12.5,73.5,,,OBAnorm,,LD831_02097v2.403,,,,0,0
DENATRLA,2025-06-23 23:19:13.000,30.3,30.9,25.3,19.6,21.0,15.9,15.5,13.4,10.5,9.7,14.2,17.0,18.9,19.2,20.0,20.1,20.5,19.9,19.6,17.9,15.8,12.6,8.4,5.0,1.4,0.3,-2.7,-3.8,-3.8,-3.9,-4.4,-3.0,0.1,26.1,32.8,48.3,13.4,0.0,0.3,24.4,12.5,73.5,,,OBAnorm,,LD831_02097v2.403,,,,0,0
DENATRLA,2025-06-23 23:19:14.000,29.0,29.7,28.8,20.1,18.0,17.9,15.6,12.8,12.2,10.3,13.0,17.4,18.8,19.8,19.8,21.3,19.8,19.5,19.4,18.0,15.5,12.0,9.8,7.5,4.4,1.7,-1.7,-3.6,-3.6,-3.8,-4.4,-3.1,-0.1,26.1,32.4,48.6,13.4,0.0,0.3,24.5,12.5,73.5,,,OBAnorm,,LD831_02097v2.403,,,,0,0
DENATRLA,2025-06-23 23:19:15.000,30.9,33.8,29.2,21.9,17.8,18.0,15.6,13.7,10.0,10.1,14.4,15.7,18.7,19.8,19.7,20.8,19.5,19.9,18.2,16.4,15.2,12.4,11.8,14.5,9.5,1.5,-2.3,-3.6,-3.6,-3.8,-4.4,-3.1,-0.2,26.2,31.7,43.4,13.4,0.0,0.3,24.5,12.5,73.5,,,OBAnorm,,LD831_02097v2.403,,,,0,0
DENATRLA,2025-06-23 23:19:16.000,33.8,30.8,23.9,23.7,17.1,17.7,16.8,12.5,10.1,9.1,14.2,15.7,17.6,19.4,19.9,19.7,19.4,19.6,18.2,16.9,14.8,11.9,9.3,9.1,9.2,2.5,-2.5,-3.4,-2.9,-3.8,-4.5,-3.3,-0.2,25.6,30.9,44.1,13.4,0.0,0.3,24.5,12.5,73.5,,,OBAnorm,,LD831_02097v2.403,,,,0,0
DENATRLA,2025-06-23 23:19:17.000,32.3,31.7,27.7,17.8,18.0,18.6,14.1,13.2,10.1,11.5,13.3,15.4,18.7,18.4,20.0,19.8,18.9,19.9,18.8,16.6,14.5,11.6,10.3,7.0,3.6,0.0,-2.7,-3.8,-3.8,-3.9,-4.5,-3.2,-0.3,25.6,31.5,45.8,13.4,0.0,0.3,24.5,12.5,73.5,,,OBAnorm,,LD831_02097v2.403,,,,0,0
DENATRLA,2025-06-23 23:19:18.000,26.1,27.3,25.8,21.7,16.9,17.6,15.6,12.5,11.8,8.4,12.2,15.4,17.5,18.7,19.4,19.5,19.1,19.4,18.6,16.4,14.3,11.3,8.1,4.3,1.8,0.0,-2.6,-3.8,-3.8,-4.0,-4.4,-3.2,-0.3,25.2,31.5,45.3,13.4,0.0,0.3,24.5,12.5,73.5,,,OBAnorm,,LD831_02097v2.403,,,,0,0
DENATRLA,2025-06-23 23:19:19.000,29.7,27.5,25.5,23.9,19.2,18.3,13.1,12.7,10.0,10.6,12.2,15.5,17.8,18.6,20.4,20.3,18.9,18.5,18.2,16.5,14.5,11.8,8.4,7.1,5.4,2.5,-2.8,-3.8,-3.8,-4.0,-4.5,-3.1,-0.1,25.1,30.9,46.3,13.4,0.0,0.3,24.4,12.5,73.5,,,OBAnorm,,LD831_02097v2.403,,,,0,0
DENATRLA,2025-06-23 23:19:20.000,32.3,30.4,22.5,20.6,19.1,16.5,14.8,12.4,9.2,10.8,13.1,15.0,17.0,18.0,19.4,19.1,18.8,19.2,17.9,16.3,14.8,11.5,7.5,5.9,8.2,7.6,-3.0,-3.8,-3.8,-3.9,-4.5,-3.3,-0.1,25.2,31.3,44.8,13.4,0.0,0.3,24.5,12.5,73.5,,,OBAnorm,,LD831_02097v2.403,,,,0,0
DENATRLA,2025-06-23 23:19:21.000,28.8,31.1,25.0,22.8,18.3,16.0,16.2,13.3,10.3,9.7,11.5,15.1,18.5,18.4,18.6,19.6,18.7,19.4,18.1,16.4,14.1,12.1,9.9,10.8,13.2,12.2,-2.9,-3.9,-3.8,-4.0,-4.5,-3.2,-0.2,25.9,31.3,43.0,13.4,0.0,0.3,24.5,12.5,73.5,,,OBAnorm,,LD831_02097v2.403,,,,0,0
DENATRLA,2025-06-23 23:19:22.000,31.5,29.2,26.9,25.3,18.7,14.7,18.1,12.7,10.8,10.3,11.2,15.3,18.8,19.1,19.9,19.6,18.3,19.0,18.5,16.8,14.3,12.1,12.0,11.5,11.3,2.9,-2.8,-3.8,-3.6,-3.6,-4.4,-3.1,0.0,25.7,31.8,40.9,13.4,0.0,0.3,24.5,12.5,72.9,,,OBAnorm,,LD831_02097v2.403,,,,0,0
DENATRLA,2025-06-23 23:19:23.000,31.3,29.2,25.3,24.2,18.9,15.0,16.9,13.8,9.7,9.6,13.1,14.8,19.2,18.2,19.3,20.4,19.1,18.9,18.9,16.8,14.2,11.5,8.2,4.7,2.1,-0.4,-2.8,-3.8,-3.5,-3.6,-4.2,-3.1,-0.1,25.2,31.3,41.2,13.4,0.0,0.3,24.5,12.5,72.9,,,OBAnorm,,LD831_02097v2.403,,,,0,0
DENATRLA,2025-06-23 23:19:24.000,28.5,33.6,25.5,21.6,19.2,16.4,15.7,12.2,10.2,9.0,13.7,14.4,17.9,19.2,19.4,19.7,18.6,19.0,18.3,16.4,15.1,12.0,8.3,6.4,4.0,0.4,-2.5,-3.7,-3.7,-3.9,-4.5,-3.2,-0.2,25.2,31.2,40.2,13.4,0.0,0.3,24.5,12.5,72.9,,,OBAnorm,,LD831_02097v2.403,,,,0,0
DENATRLA,2025-06-23 23:19:25.000,31.5,29.9,25.0,23.8,15.5,15.3,15.4,11.1,10.8,9.3,13.0,15.5,17.4,18.9,20.1,18.9,19.5,19.2,18.4,17.4,15.7,12.1,9.2,6.8,5.0,1.8,-2.2,-3.8,-3.9,-4.0,-4.5,-3.2,-0.1,25.6,31.5,38.9,13.4,0.0,0.3,24.5,12.5,72.9,,,OBAnorm,,LD831_02097v2.403,,,,0,0
DENATRLA,2025-06-23 23:19:26.000,23.5,31.0,26.3,24.2,17.7,17.9,15.0,14.9,11.5,9.5,12.8,16.9,18.9,18.9,19.0,18.6,19.4,19.7,18.8,17.5,15.3,12.0,8.7,6.4,7.2,1.1,-2.2,-3.6,-3.8,-4.0,-4.4,-3.3,-0.2,25.7,31.3,40.2,13.4,0.0,0.3,24.5,12.5,72.9,,,OBAnorm,,LD831_02097v2.403,,,,0,0
DENATRLA,2025-06-23 23:19:27.000,28.9,29.4,27.4,23.6,17.5,13.5,15.6,12.7,10.4,7.7,12.4,15.7,18.5,19.7,19.4,20.0,19.0,19.6,20.0,16.9,15.5,12.1,8.4,5.6,2.3,0.1,-2.6,-3.8,-3.8,-4.0,-4.5,-3.3,-0.2,25.7,31.8,39.1,13.4,0.0,0.3,24.5,12.5,72.9,,,OBAnorm,,LD831_02097v2.403,,,,0,0
DENATRLA,2025-06-23 23:19:28.000,32.5,30.0,29.5,23.1,16.5,15.6,15.8,13.2,10.7,9.3,12.0,14.2,17.0,18.3,19.5,18.9,19.3,19.6,18.7,17.1,15.1,12.9,9.2,5.4,1.1,-0.3,-2.6,-3.8,-3.8,-4.0,-4.4,-3.2,-0.1,25.4,31.1,39.1,13.4,0.0,0.3,24.5,12.5,72.9,,,OBAnorm,,LD831_02097v2.403,,,,0,0
DENATRLA,2025-06-23 23:19:29.000,30.4,31.8,27.7,21.1,18.2,13.1,12.8,14.0,11.2,10.8,12.3,15.5,18.4,19.9,19.9,20.2,20.1,20.0,18.7,17.3,15.8,13.1,11.6,12.7,10.5,1.7,-1.9,-3.7,-3.8,-3.9,-4.4,-3.1,-0.3,26.6,32.0,40.3,13.4,0.0,0.3,24.5,12.5,72.9,,,OBAnorm,,LD831_02097v2.403,,,,0,0
DENATRLA,2025-06-23 23:19:30.000,29.6,31.9,28.1,22.1,16.7,17.9,15.9,13.9,10.4,10.5,11.5,15.3,18.7,18.9,20.4,20.2,20.0,20.0,19.3,17.2,14.7,13.0,9.3,8.3,5.1,2.0,-1.1,-3.5,-3.8,-4.0,-4.5,-3.1,-0.2,26.0,33.0,43.2,13.4,0.0,0.3,24.4,12.5,72.9,,,OBAnorm,,LD831_02097v2.403,,,,0,0
DENATRLA,2025-06-23 23:19:31.000,32.7,26.3,27.2,22.9,18.1,16.0,18.0,12.9,13.8,10.8,12.6,15.0,17.1,19.6,20.6,19.9,19.4,19.4,18.7,17.0,15.4,12.3,8.6,7.3,4.5,8.8,2.9,-3.5,-3.8,-4.0,-4.5,-3.2,-0.3,25.8,33.6,43.9,13.4,0.0,0.3,24.4,12.5,72.9,,,OBAnorm,,LD831_02097v2.403,,,,0,0
DENATRLA,2025-06-23 23:19:32.000,31.5,29.7,28.3,25.7,17.2,18.1,17.0,13.0,14.1,9.6,11.2,16.7,17.2,19.6,19.6,20.4,20.3,19.5,18.9,17.0,15.6,12.4,8.3,5.3,5.1,8.6,3.2,-3.3,-3.8,-4.0,-4.5,-3.2,-0.2,25.9,33.9,49.7,13.4,0.0,0.3,24.5,12.5,72.9,,,OBAnorm,,LD831_02097v2.403,,,,0,0
DENATRLA,2025-06-23 23:19:33.000,38.1,34.9,29.0,21.4,17.3,17.8,17.7,12.0,10.1,10.3,12.9,16.6,18.3,19.9,20.9,20.4,19.6,20.0,19.6,18.0,15.8,12.4,9.1,5.8,3.5,2.2,0.2,-3.4,-3.8,-3.9,-4.5,-3.1,-0.2,26.2,35.1,50.2,13.4,0.0,0.3,24.4,12.5,72.9,,,OBAnorm,,LD831_02097v2.403,,,,0,0
DENATRLA,2025-06-23 23:19:34.000,34.4,32.8,33.7,24.1,19.0,18.3,17.4,14.2,13.1,9.5,13.8,16.1,19.5,19.2,20.6,20.2,20.5,20.4,20.0,18.0,15.8,13.3,10.3,8.4,9.1,3.0,-0.4,-3.5,-3.8,-4.0,-4.5,-3.3,-0.1,26.7,36.7,51.4,13.4,0.0,0.3,24.5,12.5,72.9,,,OBAnorm,,LD831_02097v2.403,,,,0,0
DENATRLA,2025-06-23 23:19:35.000,35.2,34.1,34.0,22.1,16.3,18.9,17.7,16.0,11.4,9.5,13.5,15.6,17.0,19.0,20.4,20.4,20.7,19.3,19.1,18.3,15.7,12.8,9.8,9.7,5.4,2.9,-1.4,-3.8,-3.8,-4.0,-4.5,-3.3,-0.2,26.3,34.6,50.3,13.4,0.0,0.3,24.4,12.5,72.9,,,OBAnorm,,LD831_02097v2.403,,,,0,0
DENATRLA,2025-06-23 23:19:36.000,36.6,36.0,33.4,22.6,20.5,15.2,18.2,13.6,10.4,9.8,12.4,15.9,16.6,20.0,20.5,20.3,20.1,19.9,19.4,18.1,15.8,13.1,8.7,4.4,3.3,0.2,-2.6,-3.8,-3.8,-4.0,-4.4,-3.3,-0.2,26.1,32.9,45.6,13.4,0.0,0.3,24.4,12.5,72.9,,,OBAnorm,,LD831_02097v2.403,,,,0,0
DENATRLA,2025-06-23 23:19:37.000,43.1,37.8,31.6,21.7,19.3,19.6,16.5,15.7,12.0,9.8,13.1,17.5,18.2,19.9,19.9,20.0,20.3,20.3,19.7,17.5,15.9,13.0,9.1,6.5,3.9,2.3,-2.8,-3.8,-3.7,-3.9,-4.4,-3.2,-0.1,26.3,33.3,47.5,13.4,0.0,0.3,24.4,12.5,72.9,,,OBAnorm,,LD831_02097v2.403,,,,0,0
DENATRLA,2025-06-23 23:19:38.000,35.9,34.0,30.7,19.9,17.6,14.0,16.9,12.9,15.7,10.7,12.7,17.5,21.3,19.4,20.7,20.7,20.1,19.8,18.9,18.2,16.0,13.0,9.4,8.2,4.1,-0.1,-3.1,-3.7,-3.8,-3.8,-4.5,-3.3,-0.2,26.3,32.6,43.8,13.4,0.0,0.3,24.5,12.5,72.9,,,OBAnorm,,LD831_02097v2.403,,,,0,0
DENATRLA,2025-06-23 23:19:39.000,31.2,29.4,32.9,25.0,18.2,16.9,18.5,12.1,14.1,11.7,14.7,17.5,23.7,19.8,21.0,20.2,19.6,19.0,18.9,17.7,15.7,11.8,8.5,5.9,5.2,-0.4,-3.2,-3.8,-3.7,-4.0,-4.4,-3.1,-0.2,26.1,33.0,49.2,13.4,0.0,0.3,24.4,12.5,72.9,,,OBAnorm,,LD831_02097v2.403,,,,0,0
DENATRLA,2025-06-23 23:19:40.000,32.0,29.4,28.2,23.3,18.8,17.8,17.6,14.5,15.5,8.2,14.9,17.6,21.0,19.1,20.5,19.3,19.5,19.7,18.5,16.7,14.8,11.8,8.0,4.1,0.8,-1.4,-3.7,-3.9,-3.8,-4.0,-4.5,-3.2,-0.2,25.5,32.1,47.0,13.4,0.0,0.3,24.4,12.5,72.9,,,OBAnorm,,LD831_02097v2.403,,,,0,0
DENATRLA,2025-06-23 23:19:41.000,27.5,30.1,27.6,23.3,15.8,19.4,16.1,13.3,14.8,10.3,13.1,17.3,18.5,19.4,19.4,19.3,19.0,19.2,18.0,17.1,15.0,12.0,7.7,7.8,5.7,6.3,-3.4,-3.9,-3.9,-4.0,-4.4,-3.1,-0.2,25.4,32.1,48.0,13.4,0.0,0.3,24.5,12.5,72.9,,,OBAnorm,,LD831_02097v2.403,,,,0,0
DENATRLA,2025-06-23 23:19:42.000,28.8,27.1,26.2,20.5,17.1,19.0,17.2,12.1,10.5,9.5,14.0,17.4,18.0,19.8,19.4,19.6,19.9,19.3,18.3,17.0,15.0,11.9,8.2,7.8,6.4,7.1,-3.4,-3.9,-3.9,-4.0,-4.4,-3.2,-0.2,25.8,32.2,45.1,13.4,0.0,0.3,24.4,12.5,72.9,,,OBAnorm,,LD831_02097v2.403,,,,0,0
DENATRLA,2025-06-23 23:19:43.000,31.6,24.6,26.4,21.7,20.2,18.4,17.5,14.9,11.2,9.3,13.4,15.9,19.4,19.5,20.8,20.9,20.1,20.1,18.7,17.3,15.9,11.9,8.9,7.3,5.8,1.0,-3.0,-3.8,-3.8,-4.1,-4.5,-3.3,-0.2,26.0,31.6,45.9,13.4,0.0,0.3,24.5,12.5,73.5,,,OBAnorm,,LD831_02097v2.403,,,,0,0
DENATRLA,2025-06-23 23:19:44.000,33.7,30.5,27.2,19.5,21.0,16.6,17.1,15.2,12.4,8.9,14.0,16.6,20.2,20.1,21.6,19.5,20.0,19.3,18.5,16.9,15.0,11.9,8.7,7.2,4.8,0.5,-2.6,-3.8,-3.8,-4.0,-4.5,-3.2,-0.1,25.8,32.1,45.2,13.4,0.0,0.3,24.4,12.5,73.5,,,OBAnorm,,LD831_02097v2.403,,,,0,0
DENATRLA,2025-06-23 23:19:45.000,29.9,28.6,27.5,23.8,17.2,18.0,17.7,16.1,11.5,10.3,14.0,15.5,18.8,19.7,20.5,19.6,20.0,19.9,18.8,17.9,15.1,13.1,9.9,7.6,4.3,1.5,-2.1,-3.7,-3.8,-4.0,-4.4,-3.3,-0.3,26.0,31.8,44.0,13.4,0.0,0.3,24.4,12.5,73.5,,,OBAnorm,,LD831_02097v2.403,,,,0,0
DENATRLA,2025-06-23 23:19:46.000,27.4,27.2,29.0,22.5,15.6,18.5,14.1,14.4,11.3,10.5,14.4,16.4,19.1,19.6,20.3,19.5,20.0,19.7,19.0,17.4,14.8,12.2,8.3,4.7,1.4,0.1,-2.5,-3.8,-3.8,-4.0,-4.5,-3.3,-0.3,25.7,32.8,48.1,13.4,0.0,0.3,24.4,12.5,73.5,,,OBAnorm,,LD831_02097v2.403,,,,0,0
DENATRLA,2025-06-23 23:19:47.000,29.4,31.1,27.4,19.8,19.0,17.4,18.0,19.3,12.8,11.4,13.9,15.5,19.1,20.4,20.8,19.9,19.1,19.6,18.1,17.7,15.2,12.3,8.6,4.2,0.7,-0.3,-2.6,-3.8,-3.8,-3.9,-4.5,-3.4,-0.2,25.7,32.9,47.3,13.4,0.0,0.3,24.4,12.5,73.5,,,OBAnorm,,LD831_02097v2.403,,,,0,0
DENATRLA,2025-06-23 23:19:48.000,30.1,31.7,27.2,26.7,24.0,21.3,18.0,17.5,9.5,9.6,19.4,17.7,22.2,20.1,21.2,18.7,18.4,19.4,18.4,16.6,15.6,12.3,8.1,5.0,1.3,-0.1,-2.5,-3.8,-3.8,-3.9,-4.4,-3.2,-0.2,25.7,33.8,47.3,13.4,0.0,0.3,24.4,12.5,73.5,,,OBAnorm,,LD831_02097v2.403,,,,0,0
DENATRLA,2025-06-23 23:19:49.000,34.9,30.2,28.8,19.6,18.3,20.9,16.2,17.3,10.6,9.4,21.0,17.9,21.4,21.2,21.7,20.0,19.4,19.4,18.4,16.8,14.7,12.8,9.2,5.9,6.3,-0.1,-3.3,-3.8,-3.8,-3.9,-4.4,-3.3,-0.2,25.8,34.3,48.8,13.4,0.0,0.3,24.4,12.5,73.5,,,OBAnorm,,LD831_02097v2.403,,,,0,0
DENATRLA,2025-06-23 23:19:50.000,28.9,33.9,28.3,23.0,21.0,18.3,17.6,17.4,12.5,9.9,22.4,18.5,19.0,20.9,22.5,20.0,20.2,19.6,18.2,17.4,14.9,12.4,8.9,7.5,5.9,0.1,-3.3,-3.9,-3.9,-4.0,-4.4,-3.2,-0.1,26.2,35.6,52.3,13.4,0.0,0.3,24.4,12.5,73.5,,,OBAnorm,,LD831_02097v2.403,,,,0,0
DENATRLA,2025-06-23 23:19:51.000,34.0,33.6,33.6,23.0,20.2,20.0,15.0,16.8,9.4,11.6,23.6,18.4,21.1,21.4,21.4,19.5,19.4,19.5,17.9,17.3,15.0,12.5,8.4,10.9,16.4,0.6,-3.5,-3.8,-3.9,-3.9,-4.5,-3.4,-0.2,26.5,36.9,52.0,13.4,0.0,0.3,24.5,12.5,73.5,,,OBAnorm,,LD831_02097v2.403,,,,0,0
DENATRLA,2025-06-23 23:19:52.000,34.1,37.1,33.9,24.6,21.3,19.3,18.1,16.9,9.7,11.1,25.1,16.4,20.2,20.9,20.5,19.8,19.3,19.4,18.4,16.7,14.8,12.4,8.7,7.6,12.0,-0.7,-3.6,-3.8,-3.9,-4.0,-4.5,-3.2,-0.2,26.0,38.3,53.6,13.4,0.0,0.3,24.4,12.5,73.5,,,OBAnorm,,LD831_02097v2.403,,,,0,0
DENATRLA,2025-06-23 23:19:53.000,40.0,38.1,32.5,28.9,21.0,20.9,17.7,15.7,8.7,9.4,26.5,14.7,20.9,21.1,20.4,18.6,19.2,18.8,18.8,17.5,15.2,12.0,8.3,4.5,2.6,-0.4,-3.3,-3.9,-3.8,-4.0,-4.5,-3.3,-0.1,25.7,36.8,51.8,13.4,0.0,0.3,24.4,12.5,73.5,,,OBAnorm,,LD831_02097v2.403,,,,0,0
DENATRLA,2025-06-23 23:19:54.000,36.5,42.7,35.1,26.4,24.0,21.7,18.5,12.7,9.7,10.2,19.6,16.2,22.8,21.4,22.7,20.1,19.8,19.4,18.3,17.7,15.1,11.8,8.2,4.4,1.5,0.4,-3.4,-3.9,-3.9,-4.0,-4.5,-3.3,-0.2,25.9,38.9,52.1,13.4,0.0,0.3,24.4,12.5,73.5,,,OBAnorm,,LD831_02097v2.403,,,,0,0
DENATRLA,2025-06-23 23:19:55.000,37.0,41.4,39.8,26.7,24.0,19.5,21.0,16.2,11.4,10.3,18.6,15.7,21.2,21.8,21.3,20.4,18.9,18.9,17.7,16.5,14.6,11.4,7.9,4.3,1.5,-0.6,-3.6,-3.8,-3.9,-4.0,-4.5,-3.2,-0.1,25.3,37.8,53.2,13.4,0.0,0.3,24.4,12.5,73.5,,,OBAnorm,,LD831_02097v2.403,,,,0,0
DENATRLA,2025-06-23 23:19:56.000,33.3,41.4,39.3,25.5,23.2,17.0,17.8,15.3,11.5,11.3,20.6,16.2,19.2,19.5,19.5,19.8,19.1,18.9,18.8,17.5,15.3,12.2,8.8,5.9,5.6,1.1,-3.3,-3.9,-3.9,-4.0,-4.5,-3.2,-0.1,25.6,35.7,50.2,13.4,0.0,0.3,24.4,12.5,73.5,,,OBAnorm,,LD831_02097v2.403,,,,0,0
DENATRLA,2025-06-23 23:19:57.000,35.9,40.6,38.2,25.9,19.9,20.8,16.9,12.6,8.1,10.5,16.9,16.7,16.8,19.3,19.9,19.4,19.7,19.0,18.8,16.9,15.3,11.9,8.6,6.0,3.2,2.6,-3.1,-3.8,-3.8,-3.9,-4.5,-3.3,-0.4,25.5,34.9,47.1,13.4,0.0,0.3,24.4,12.5,73.5,,,OBAnorm,,LD831_02097v2.403,,,,0,0
DENATRLA,2025-06-23 23:19:58.000,36.4,34.6,34.5,19.4,21.1,16.2,14.9,14.1,9.8,10.7,15.2,17.1,17.7,18.8,20.3,19.5,20.1,19.3,18.7,16.5,14.7,11.8,9.0,7.9,6.2,1.5,-2.9,-3.9,-3.8,-4.0,-4.5,-3.2,-0.3,25.6,33.1,47.8,13.4,0.0,0.3,24.4,12.5,73.5,,,OBAnorm,,LD831_02097v2.403,,,,0,0
DENATRLA,2025-06-23 23:19:59.000,37.1,38.4,31.0,24.4,17.7,18.8,17.4,13.1,10.4,11.1,15.4,15.9,19.4,18.5,20.9,19.0,18.9,19.0,18.6,16.7,13.9,12.0,8.6,6.8,4.6,1.1,-2.9,-3.8,-3.8,-3.9,-4.5,-3.1,-0.2,25.3,32.3,46.9,13.4,0.0,0.3,24.4,12.5,73.5,,,OBAnorm,,LD831_02097v2.403,,,,0,0
DENATRLA,2025-06-23 23:20:00.000,31.4,34.5,28.9,22.8,18.8,17.8,16.8,15.3,10.6,10.8,14.1,16.8,19.3,19.3,20.2,19.0,19.2,18.6,18.4,16.5,14.1,11.4,8.0,5.5,3.6,1.7,-2.6,-3.8,-3.8,-4.0,-4.4,-3.3,-0.2,25.1,33.4,51.4,13.4,0.0,0.3,24.4,12.5,73.5,,,OBAnorm,,LD831_02097v2.403,,,,0,0
DENATRLA,2025-06-23 23:20:01.000,33.1,32.2,28.5,25.0,20.3,17.9,15.2,14.1,10.4,9.9,14.6,16.0,18.1,19.2,20.1,19.7,20.2,19.2,18.6,16.6,14.7,11.7,8.5,6.0,4.8,1.9,-2.6,-3.8,-3.8,-3.8,-4.3,-3.0,-0.1,25.5,33.1,48.3,13.4,0.0,0.3,24.5,12.5,73.5,,,OBAnorm,,LD831_02097v2.403,,,,0,0
DENATRLA,2025-06-23 23:20:02.000,31.2,33.0,32.1,20.7,19.7,16.1,16.6,16.0,8.6,10.9,14.1,16.0,17.9,19.1,20.8,19.3,19.5,18.6,17.6,17.3,14.6,11.3,7.5,4.5,1.9,0.6,-3.0,-3.8,-3.8,-3.9,-4.3,-3.1,-0.2,25.2,32.9,47.0,13.4,0.0,0.3,24.5,12.5,73.5,,,OBAnorm,,LD831_02097v2.403,,,,0,0
DENATRLA,2025-06-23 23:20:03.000,28.8,33.1,33.1,20.0,17.8,18.5,12.9,15.6,11.5,11.1,16.1,16.2,18.9,19.6,19.9,20.1,19.6,18.5,18.0,16.1,13.9,11.2,7.8,3.9,1.7,-0.6,-3.2,-3.8,-3.8,-3.9,-4.5,-3.2,-0.2,25.0,32.5,45.9,13.4,0.0,0.3,24.4,12.5,73.5,,,OBAnorm,,LD831_02097v2.403,,,,0,0
DENATRLA,2025-06-23 23:20:04.000,33.0,30.2,28.4,20.6,19.0,17.5,14.6,14.2,9.5,10.3,13.9,15.6,17.9,19.3,21.0,21.5,19.9,18.7,18.4,16.6,14.0,11.2,7.6,4.3,2.7,0.0,-2.8,-3.8,-3.8,-3.8,-4.4,-3.2,-0.2,25.3,32.6,49.5,13.4,0.0,0.3,24.4,12.5,73.5,,,OBAnorm,,LD831_02097v2.403,,,,0,0
DENATRLA,2025-06-23 23:20:05.000,29.3,32.7,30.6,15.0,17.7,16.7,16.8,16.4,9.1,10.0,13.1,17.5,20.0,19.0,20.4,20.7,20.3,18.9,17.3,16.1,14.0,11.0,7.7,6.7,4.5,7.9,3.3,-3.3,-3.1,-3.2,-3.8,-2.7,0.0,25.4,33.2,49.5,13.4,0.0,0.3,24.4,12.5,73.5,,,OBAnorm,,LD831_02097v2.403,,,,0,0
DENATRLA,2025-06-23 23:20:06.000,32.5,33.5,21.2,20.6,20.2,17.0,15.8,16.3,8.2,9.1,16.8,17.8,17.9,17.9,21.3,21.0,19.5,18.6,18.2,16.8,13.8,10.8,7.1,4.6,4.5,0.9,-2.2,-3.8,-3.8,-3.9,-4.4,-3.2,-0.2,25.2,32.2,47.2,13.4,0.0,0.3,24.4,12.5,73.5,,,OBAnorm,,LD831_02097v2.403,,,,0,0
DENATRLA,2025-06-23 23:20:07.000,33.4,30.5,27.9,22.4,19.2,16.5,15.3,15.7,9.0,9.0,14.8,15.5,17.1,18.9,19.8,20.1,20.0,19.1,17.7,16.1,14.3,11.1,7.4,4.2,1.4,-1.0,-3.6,-3.8,-3.8,-4.0,-4.4,-3.2,-0.3,25.0,31.8,45.1,13.4,0.0,0.3,24.4,12.5,73.5,,,OBAnorm,,LD831_02097v2.403,,,,0,0
DENATRLA,2025-06-23 23:20:08.000,35.8,33.2,27.1,23.0,17.5,16.8,12.9,16.1,9.6,7.6,13.1,14.1,17.6,18.9,19.5,18.1,18.9,19.1,16.6,16.3,14.3,11.6,7.1,4.6,4.3,0.2,-3.5,-3.9,-3.8,-4.0,-4.5,-3.4,-0.3,24.8,31.3,45.0,13.4,0.0,0.3,24.4,12.5,73.5,,,OBAnorm,,LD831_02097v2.403,,,,0,0
DENATRLA,2025-06-23 23:20:09.000,30.1,32.5,26.5,22.9,19.1,15.8,16.1,15.2,10.3,9.6,11.7,15.3,17.7,18.8,19.1,20.1,19.2,18.4,18.4,17.2,14.5,11.1,7.5,4.2,1.2,-1.0,-3.4,-3.8,-3.8,-3.9,-4.5,-3.3,-0.2,25.1,31.4,47.7,13.4,0.0,0.3,24.4,12.5,73.5,,,OBAnorm,,LD831_02097v2.403,,,,0,0
DENATRLA,2025-06-23 23:20:10.000,32.0,27.0,25.2,19.6,17.0,17.5,15.1,13.2,9.6,7.7,13.4,16.9,18.3,18.6,19.5,20.1,18.7,18.6,18.2,16.3,14.1,11.2,7.5,6.1,1.5,-1.5,-3.7,-3.9,-3.9,-4.0,-4.5,-3.2,-0.1,25.0,31.9,47.4,13.4,0.0,0.3,24.4,12.5,73.5,,,OBAnorm,,LD831_02097v2.403,,,,0,0
DENATRLA,2025-06-23 23:20:11.000,28.4,32.5,28.2,20.7,19.6,16.4,17.4,13.8,9.8,10.5,14.7,16.2,18.9,19.3,19.9,20.0,18.8,18.8,17.7,16.6,13.7,10.5,7.5,5.5,2.2,-0.4,-3.6,-3.9,-3.8,-4.0,-4.5,-3.4,-0.2,24.8,34.1,52.8,13.4,0.0,0.3,24.4,12.5,73.5,,,OBAnorm,,LD831_02097v2.403,,,,0,0
DENATRLA,2025-06-23 23:20:12.000,30.2,30.7,29.1,24.3,18.1,18.4,13.8,15.1,10.0,10.4,13.2,15.7,19.5,19.3,19.5,19.6,18.3,18.5,17.8,16.6,13.7,11.1,7.5,4.3,2.9,1.0,-3.5,-3.8,-3.8,-4.0,-4.4,-3.1,0.0,24.9,33.3,48.9,13.4,0.0,0.3,24.4,12.5,73.5,,,OBAnorm,,LD831_02097v2.403,,,,0,0
DENATRLA,2025-06-23 23:20:13.000,37.6,34.2,27.9,20.3,20.0,17.4,15.5,12.5,8.6,10.3,16.3,16.2,19.4,19.1,20.8,19.3,19.7,19.3,17.8,16.9,14.6,11.7,7.8,6.3,2.7,-1.8,-3.7,-3.8,-3.7,-3.8,-4.3,-3.1,-0.3,25.2,33.1,46.7,13.4,0.0,0.3,24.4,12.5,73.5,,,OBAnorm,,LD831_02097v2.403,,,,0,0
DENATRLA,2025-06-23 23:20:14.000,38.3,34.1,25.4,23.7,17.4,16.3,15.1,15.1,10.3,7.8,15.0,16.6,17.7,19.5,20.4,19.6,18.7,18.3,17.5,16.5,14.1,11.2,8.1,5.6,5.4,-2.0,-3.9,-3.8,-3.8,-3.9,-4.4,-3.3,0.0,25.0,37.9,55.5,13.4,0.0,0.3,24.4,12.5,73.5,,,OBAnorm,,LD831_02097v2.403,,,,0,0
DENATRLA,2025-06-23 23:20:15.000,37.6,32.4,26.0,21.4,18.0,17.9,14.5,16.8,9.7,10.8,15.3,16.4,18.5,19.1,20.1,19.3,18.5,19.0,18.0,15.9,14.1,11.2,9.0,7.8,4.6,-0.9,-3.9,-3.9,-3.8,-3.9,-4.5,-3.3,-0.2,25.0,35.9,50.4,13.4,0.0,0.3,24.4,12.5,73.5,,,OBAnorm,,LD831_02097v2.403,,,,0,0
DENATRLA,2025-06-23 23:20:16.000,37.0,40.0,31.2,24.5,19.1,17.0,16.5,16.4,10.8,10.8,16.6,14.7,18.9,18.3,20.0,19.3,18.8,19.1,17.6,16.7,14.2,11.6,8.4,4.4,1.8,-1.4,-3.8,-3.8,-3.8,-4.0,-4.4,-3.2,-0.1,25.0,34.8,50.7,13.4,0.0,0.3,24.4,12.5,72.9,,,OBAnorm,,LD831_02097v2.403,,,,0,0
DENATRLA,2025-06-23 23:20:17.000,36.9,32.7,30.7,20.4,21.7,16.4,14.6,18.1,11.3,11.4,14.0,15.8,21.7,19.0,19.7,19.0,18.7,19.1,17.5,16.1,14.1,11.2,7.4,6.9,11.0,-1.4,-3.9,-3.9,-3.8,-4.0,-4.4,-3.3,-0.2,25.1,39.2,50.3,13.4,0.0,0.3,24.3,12.5,72.9,,,OBAnorm,,LD831_02097v2.403,,,,0,0
DENATRLA,2025-06-23 23:20:18.000,38.6,37.7,33.1,23.9,17.1,18.2,20.1,15.9,9.0,9.8,16.8,16.2,20.4,19.1,20.2,19.1,18.7,18.5,17.7,16.0,13.5,10.9,7.4,9.3,14.4,-1.2,-3.8,-3.9,-3.8,-4.0,-4.5,-3.2,-0.2,25.4,37.0,50.9,13.4,0.0,0.3,24.4,12.5,72.9,,,OBAnorm,,LD831_02097v2.403,,,,0,0
DENATRLA,2025-06-23 23:20:19.000,41.2,41.0,37.4,24.4,19.2,18.0,17.5,18.0,10.8,11.3,18.7,17.0,18.0,19.2,19.6,19.2,18.2,19.0,17.0,15.4,12.5,11.2,7.1,5.8,5.5,-0.8,-3.9,-3.9,-3.8,-4.0,-4.5,-3.3,-0.2,24.6,35.4,48.3,13.4,0.0,0.3,24.4,12.5,72.9,,,OBAnorm,,LD831_02097v2.403,,,,0,0
DENATRLA,2025-06-23 23:20:20.000,44.8,42.1,29.3,22.6,19.7,20.3,15.7,16.1,10.6,11.3,21.4,16.7,19.2,18.0,19.9,18.8,21.1,19.0,17.7,15.9,13.2,10.1,7.4,5.9,2.8,-1.0,-3.7,-3.9,-3.8,-3.9,-4.6,-3.2,-0.2,25.1,32.8,44.3,13.4,0.0,0.3,24.4,12.5,72.9,,,OBAnorm,,LD831_02097v2.403,,,,0,0
DENATRLA,2025-06-23 23:20:21.000,40.1,36.5,31.1,24.1,17.6,18.0,16.9,13.8,9.9,10.4,17.1,18.0,19.5,19.1,20.7,20.4,20.7,19.0,17.1,15.9,13.1,10.4,7.7,5.7,4.6,-0.4,-3.6,-3.9,-3.8,-4.0,-4.5,-3.2,-0.2,25.2,32.6,45.9,13.4,0.0,0.3,24.4,12.5,72.9,,,OBAnorm,,LD831_02097v2.403,,,,0,0
DENATRLA,2025-06-23 23:20:22.000,36.9,34.7,30.3,21.7,20.8,18.6,16.9,15.4,12.4,11.2,15.4,16.9,21.5,19.4,21.1,20.0,19.7,18.8,18.0,16.8,14.1,10.8,7.4,3.5,0.5,-1.2,-3.5,-3.9,-3.9,-4.0,-4.5,-3.2,0.0,25.4,32.2,44.8,13.4,0.0,0.3,24.4,12.5,72.9,,,OBAnorm,,LD831_02097v2.403,,,,0,0
DENATRLA,2025-06-23 23:20:23.000,31.9,31.3,27.4,19.8,23.8,17.4,18.3,15.8,12.1,10.2,15.5,17.8,19.8,18.8,21.1,20.4,21.7,19.8,18.6,16.7,14.1,11.0,7.8,4.5,2.1,-1.0,-3.8,-3.9,-3.8,-4.0,-4.5,-3.2,0.0,25.9,31.7,43.3,13.4,0.0,0.3,24.4,12.5,72.9,,,OBAnorm,,LD831_02097v2.403,,,,0,0
DENATRLA,2025-06-23 23:20:24.000,28.7,26.1,28.5,19.7,19.2,18.1,17.6,17.4,13.1,10.5,14.6,16.4,21.8,20.3,20.6,21.2,20.2,19.0,16.9,16.5,14.4,10.5,7.6,3.4,-0.1,-1.9,-3.9,-3.9,-3.8,-4.0,-4.3,-3.3,-0.1,25.4,32.5,47.1,13.4,0.0,0.3,24.4,12.5,72.9,,,OBAnorm,,LD831_02097v2.403,,,,0,0
DENATRLA,2025-06-23 23:20:25.000,30.6,27.3,22.4,19.1,16.2,15.3,16.6,14.7,14.0,8.7,15.8,17.5,20.6,19.1,21.4,20.9,19.5,18.8,17.6,16.2,14.4,10.5,8.0,7.4,2.8,1.8,-3.7,-3.8,-3.8,-4.0,-4.3,-3.1,0.0,25.2,31.5,45.6,13.4,0.0,0.3,24.4,12.5,72.9,,,OBAnorm,,LD831_02097v2.403,,,,0,0
DENATRLA,2025-06-23 23:20:26.000,29.4,30.2,23.7,21.4,16.9,16.8,16.6,16.1,16.2,9.6,15.6,16.7,19.8,18.5,20.7,18.5,19.1,18.7,16.8,16.3,13.4,10.8,8.5,7.2,5.5,1.8,-3.8,-3.9,-3.8,-3.9,-4.5,-3.2,-0.1,24.8,31.2,46.2,13.4,0.0,0.3,24.4,12.5,72.9,,,OBAnorm,,LD831_02097v2.403,,,,0,0
DENATRLA,2025-06-23 23:20:27.000,30.6,29.6,22.2,20.4,16.6,17.9,14.0,17.3,16.4,9.4,14.2,16.1,18.9,19.5,20.2,19.5,19.0,17.8,16.7,15.1,13.3,10.2,7.1,4.1,1.5,-1.4,-3.7,-3.8,-3.8,-3.9,-4.4,-3.2,-0.1,24.4,31.1,43.5,13.4,0.0,0.3,24.4,12.5,73.5,,,OBAnorm,,LD831_02097v2.403,,,,0,0
DENATRLA,2025-06-23 23:20:28.000,30.4,28.0,24.6,24.1,18.9,15.9,13.9,15.7,13.2,9.9,14.4,16.8,18.6,19.7,20.1,19.0,18.9,18.3,17.1,15.2,12.9,10.3,8.0,6.1,4.1,-0.9,-3.6,-3.8,-3.7,-3.9,-4.4,-3.1,0.0,24.4,30.7,47.4,13.4,0.0,0.3,24.4,12.5,73.5,,,OBAnorm,,LD831_02097v2.403,,,,0,0
DENATRLA,2025-06-23 23:20:29.000,27.7,26.5,25.0,20.7,19.0,15.8,16.3,14.4,13.6,8.5,13.4,16.3,18.5,19.1,20.4,19.6,18.5,18.3,16.7,15.8,14.3,11.2,8.5,6.6,4.5,-0.9,-3.8,-3.8,-3.7,-4.0,-4.4,-3.1,-0.1,24.7,32.8,49.8,13.4,0.0,0.3,24.3,12.5,73.5,,,OBAnorm,,LD831_02097v2.403,,,,0,0
DENATRLA,2025-06-23 23:20:30.000,30.8,27.1,26.7,21.7,19.8,16.0,15.5,14.1,13.7,9.6,12.9,14.2,17.4,18.9,19.8,18.4,19.7,18.7,16.7,16.3,14.0,11.2,7.0,4.4,2.7,-1.5,-3.8,-3.9,-3.8,-3.9,-4.4,-3.3,-0.2,24.6,32.6,50.0,13.4,0.0,0.3,24.4,12.5,73.5,,,OBAnorm,,LD831_02097v2.403,,,,0,0
DENATRLA,2025-06-23 23:20:31.000,32.2,29.9,29.7,25.5,18.4,20.8,17.4,14.2,13.3,10.0,12.7,14.9,18.7,18.1,20.5,18.8,19.7,18.6,16.8,16.4,14.2,10.7,7.0,3.2,0.9,-1.1,-3.8,-3.9,-3.8,-3.9,-4.4,-3.3,0.0,24.8,32.7,48.6,13.4,0.0,0.3,24.4,12.5,73.5,,,OBAnorm,,LD831_02097v2.403,,,,0,0
DENATRLA,2025-06-23 23:20:32.000,31.3,31.4,30.8,25.0,20.7,15.9,17.0,15.6,12.3,9.6,14.8,15.8,19.1,19.2,20.1,19.7,18.9,18.3,17.1,16.6,14.9,11.9,8.7,10.2,6.3,1.3,-3.2,-3.9,-3.8,-4.0,-4.4,-3.2,-0.1,25.2,31.7,48.7,13.4,0.0,0.3,24.4,12.5,73.5,,,OBAnorm,,LD831_02097v2.403,,,,0,0
DENATRLA,2025-06-23 23:20:33.000,30.3,33.3,30.0,20.0,19.3,16.7,17.2,11.0,10.5,10.6,13.9,16.2,18.5,19.1,22.4,20.2,19.2,18.7,17.4,16.6,13.9,11.7,8.5,9.0,7.0,0.9,-3.3,-3.9,-3.8,-4.0,-4.4,-3.2,-0.1,25.3,33.8,48.9,13.4,0.0,0.3,24.4,12.5,73.5,,,OBAnorm,,LD831_02097v2.403,,,,0,0
DENATRLA,2025-06-23 23:20:34.000,28.6,30.9,30.7,23.5,19.4,18.9,16.6,15.4,9.5,10.0,13.6,16.6,18.5,19.2,20.8,19.0,18.5,18.7,17.8,16.4,14.2,11.8,8.3,5.8,4.4,0.5,-3.1,-3.8,-3.8,-3.9,-4.4,-3.2,-0.3,25.1,32.8,49.4,13.4,0.0,0.3,24.4,12.5,73.5,,,OBAnorm,,LD831_02097v2.403,,,,0,0
DENATRLA,2025-06-23 23:20:35.000,34.6,25.6,28.1,25.1,20.7,19.0,16.7,14.3,10.2,10.3,13.8,16.5,20.1,20.0,20.3,19.4,20.8,19.8,17.9,16.8,14.5,11.6,7.8,4.2,1.6,-1.1,-3.4,-3.7,-3.7,-3.7,-4.4,-3.1,-0.1,25.7,32.5,47.1,13.4,0.0,0.3,24.4,12.5,73.5,,,OBAnorm,,LD831_02097v2.403,,,,0,0
DENATRLA,2025-06-23 23:20:36.000,33.9,30.8,24.6,24.7,23.4,18.2,16.8,15.1,13.2,10.6,13.6,17.2,18.0,20.7,21.6,18.5,20.5,19.4,18.6,16.7,15.2,12.1,8.6,5.8,1.3,-0.6,-3.4,-3.8,-3.8,-3.9,-4.4,-3.2,-0.2,25.7,36.9,56.1,13.4,0.0,0.3,24.3,12.5,73.5,,,OBAnorm,,LD831_02097v2.403,,,,0,0
DENATRLA,2025-06-23 23:20:37.000,31.3,26.0,29.1,25.5,19.9,19.7,18.6,13.7,12.0,10.9,13.6,18.0,17.5,19.6,20.4,18.8,19.4,19.4,17.6,17.1,15.6,12.7,8.5,4.4,1.6,-0.5,-3.2,-3.9,-3.8,-4.0,-4.5,-3.3,-0.2,25.4,36.4,55.3,13.4,0.0,0.3,24.4,12.5,73.5,,,OBAnorm,,LD831_02097v2.403,,,,0,0
DENATRLA,2025-06-23 23:20:38.000,35.1,31.9,33.2,30.8,23.5,22.8,19.5,15.0,10.7,10.1,14.1,18.3,18.3,19.2,19.1,19.1,19.2,19.1,17.1,16.7,15.0,12.5,8.8,6.5,3.2,1.8,-0.7,-3.5,-3.7,-3.9,-4.5,-3.2,-0.1,25.2,36.3,58.0,13.4,0.0,0.3,24.4,12.5,73.5,,,OBAnorm,,LD831_02097v2.403,,,,0,0
DENATRLA,2025-06-23 23:20:39.000,35.2,35.8,31.4,31.3,23.8,20.7,19.0,16.9,15.3,9.0,15.1,15.8,18.5,19.5,19.8,18.9,18.7,19.0,16.8,16.3,14.3,11.4,7.9,5.5,5.2,2.8,0.4,-3.3,-3.7,-3.9,-4.5,-3.2,-0.2,24.8,35.8,54.2,13.4,0.0,0.3,24.4,12.5,73.5,,,OBAnorm,,LD831_02097v2.403,,,,0,0
DENATRLA,2025-06-23 23:20:40.000,36.8,32.3,31.6,29.4,26.8,25.7,17.3,16.1,13.6,9.6,15.1,16.5,18.5,19.5,20.9,19.3,19.2,17.9,16.9,16.6,14.6,11.0,8.6,9.0,7.3,1.5,-1.0,-3.6,-3.8,-3.9,-4.5,-3.2,-0.1,25.1,32.5,51.0,13.4,0.0,0.3,24.3,12.5,73.5,,,OBAnorm,,LD831_02097v2.403,,,,0,0
DENATRLA,2025-06-23 23:20:41.000,35.4,34.3,29.5,22.8,18.9,17.4,16.2,15.1,13.9,10.6,14.5,15.1,21.0,19.5,21.9,19.3,19.5,19.1,17.1,16.0,13.9,10.5,7.4,5.9,3.7,1.1,-1.1,-3.5,-3.8,-3.9,-4.5,-3.1,-0.1,25.0,33.4,50.1,13.4,0.0,0.3,24.4,12.5,73.5,,,OBAnorm,,LD831_02097v2.403,,,,0,0
DENATRLA,2025-06-23 23:20:42.000,34.7,29.1,29.4,20.9,17.5,19.1,16.6,12.3,11.7,9.5,13.3,13.7,17.6,18.1,19.3,18.9,21.4,19.2,16.8,15.3,13.0,10.8,7.5,7.0,4.3,1.9,-0.9,-3.7,-3.8,-4.0,-4.5,-3.2,-0.2,25.0,32.1,49.4,13.4,0.0,0.3,24.4,12.5,73.5,,,OBAnorm,,LD831_02097v2.403,,,,0,0
DENATRLA,2025-06-23 23:20:43.000,35.8,31.0,26.2,22.3,16.0,17.4,15.3,15.7,13.6,9.0,13.4,16.7,20.2,20.4,20.6,20.3,24.6,22.6,17.4,15.5,13.7,10.9,7.0,5.2,2.7,1.5,-0.8,-3.7,-3.8,-3.9,-4.5,-3.1,-0.1,26.8,33.1,50.5,13.4,0.0,0.3,24.4,12.5,73.5,,,OBAnorm,,LD831_02097v2.403,,,,0,0
DENATRLA,2025-06-23 23:20:44.000,34.6,27.4,29.1,24.0,18.2,17.2,15.0,15.1,12.4,8.4,14.0,18.4,22.6,20.8,22.7,20.1,19.4,19.0,16.4,15.7,13.6,11.4,8.9,12.3,7.6,2.1,-1.1,-3.7,-3.7,-3.9,-4.4,-3.3,-0.1,25.5,32.1,49.6,13.4,0.0,0.3,24.4,12.5,73.5,,,OBAnorm,,LD831_02097v2.403,,,,0,0
DENATRLA,2025-06-23 23:20:45.000,26.5,27.4,29.2,19.7,16.6,16.5,15.5,14.8,12.7,9.6,12.7,15.1,19.8,19.5,21.5,19.4,19.7,19.9,16.6,16.2,14.1,11.3,8.6,6.5,5.4,3.0,-0.9,-3.7,-3.7,-3.9,-4.5,-3.2,-0.1,25.3,33.3,47.9,13.4,0.0,0.3,24.4,12.5,74.1,,,OBAnorm,,LD831_02097v2.403,,,,0,0
DENATRLA,2025-06-23 23:20:46.000,29.5,26.0,32.5,20.6,18.9,14.6,14.0,13.6,9.5,9.7,12.1,17.3,18.7,20.2,21.3,19.9,19.4,19.1,16.5,16.0,13.5,11.6,7.6,5.0,2.8,1.3,-0.9,-3.7,-3.8,-4.0,-4.5,-3.3,-0.3,25.0,31.6,46.5,13.4,0.0,0.3,24.4,12.5,74.1,,,OBAnorm,,LD831_02097v2.403,,,,0,0
DENATRLA,2025-06-23 23:20:47.000,31.3,30.8,30.1,21.4,19.0,14.7,16.8,11.6,11.6,8.2,12.1,14.2,17.6,19.4,19.1,19.2,19.1,18.9,17.6,15.3,13.6,10.7,7.2,4.4,2.1,1.8,-2.1,-3.8,-3.8,-3.9,-4.5,-3.2,-0.3,24.6,32.5,49.0,13.4,0.0,0.3,24.3,12.5,74.1,,,OBAnorm,,LD831_02097v2.403,,,,0,0
DENATRLA,2025-06-23 23:20:48.000,32.1,29.2,31.2,23.1,17.4,16.6,15.9,12.4,9.7,9.0,12.5,15.1,17.2,18.9,19.2,17.9,18.6,19.3,16.8,15.7,13.2,10.6,7.4,4.6,2.3,0.8,-2.3,-3.8,-3.8,-4.0,-4.5,-3.1,-0.1,24.4,32.1,46.9,13.4,0.0,0.3,24.4,12.5,74.1,,,OBAnorm,,LD831_02097v2.403,,,,0,0
DENATRLA,2025-06-23 23:20:49.000,27.6,27.5,31.6,23.0,18.1,13.4,13.7,12.5,13.0,8.9,13.8,15.2,16.6,18.5,20.9,18.7,17.7,18.9,17.7,16.2,13.7,10.9,7.6,5.9,2.4,0.7,-2.3,-3.8,-3.8,-3.9,-4.5,-3.2,-0.1,24.6,31.4,44.6,13.4,0.0,0.3,24.4,12.5,74.1,,,OBAnorm,,LD831_02097v2.403,,,,0,0
DENATRLA,2025-06-23 23:20:50.000,35.4,28.6,29.9,20.3,17.9,17.9,16.8,14.1,13.6,10.4,13.7,13.3,18.5,19.7,19.9,19.0,19.6,21.6,17.9,17.4,15.1,12.7,9.2,7.1,2.9,1.0,-2.7,-3.9,-3.8,-4.0,-4.5,-3.3,-0.2,26.1,33.3,52.4,13.4,0.0,0.3,24.4,12.5,74.1,,,OBAnorm,,LD831_02097v2.403,,,,0,0
DENATRLA,2025-06-23 23:20:51.000,36.3,26.7,29.0,20.1,21.7,16.2,17.0,13.3,11.9,9.3,12.3,15.5,18.1,19.8,20.1,18.2,19.0,19.1,19.1,17.8,16.2,13.2,9.2,6.0,3.2,1.0,-2.5,-3.9,-3.9,-4.0,-4.5,-3.4,-0.1,25.8,32.2,43.6,13.4,0.0,0.3,24.4,12.5,74.1,,,OBAnorm,,LD831_02097v2.403,,,,0,0
DENATRLA,2025-06-23 23:20:52.000,28.7,28.0,30.5,22.6,17.1,17.5,16.4,14.8,12.4,9.5,14.8,16.6,18.6,21.5,20.6,18.8,19.5,19.5,18.6,18.4,16.7,13.6,10.1,5.1,2.5,1.0,-2.8,-3.8,-3.8,-4.0,-4.4,-3.1,0.0,26.1,35.9,46.6,13.4,0.0,0.3,24.3,12.5,74.1,,,OBAnorm,,LD831_02097v2.403,,,,0,0
DENATRLA,2025-06-23 23:20:53.000,30.3,30.2,30.5,20.7,17.4,18.4,17.8,14.2,13.4,8.6,13.8,14.6,18.3,18.5,20.4,19.5,19.3,19.3,17.3,17.9,15.2,12.5,10.6,8.8,4.0,1.5,-2.6,-3.8,-3.8,-3.9,-4.4,-3.4,-0.2,25.5,35.0,46.6,13.4,0.0,0.3,24.4,12.5,74.1,,,OBAnorm,,LD831_02097v2.403,,,,0,0
DENATRLA,2025-06-23 23:20:54.000,36.9,37.1,32.0,20.6,16.3,19.4,16.2,12.8,11.3,9.6,13.4,15.2,17.2,19.1,19.1,19.2,18.5,18.7,18.0,18.0,15.1,12.6,9.6,7.1,5.3,1.1,-2.8,-3.8,-3.8,-4.0,-4.5,-3.2,-0.1,25.4,32.6,45.4,13.4,0.0,0.3,24.4,12.5,74.1,,,OBAnorm,,LD831_02097v2.403,,,,0,0
DENATRLA,2025-06-23 23:20:55.000,38.8,39.4,29.1,21.1,17.9,17.8,15.3,13.2,9.9,9.6,14.1,14.9,18.0,17.6,19.9,18.1,18.1,18.6,18.2,17.4,15.2,12.6,9.6,7.2,6.4,2.5,-2.3,-3.8,-3.8,-4.0,-4.5,-3.2,0.0,25.2,34.4,47.4,13.4,0.0,0.3,24.4,12.5,74.1,,,OBAnorm,,LD831_02097v2.403,,,,0,0
DENATRLA,2025-06-23 23:20:56.000,38.9,34.5,28.9,20.5,19.7,17.3,15.4,16.0,11.9,9.3,13.8,16.8,17.7,19.3,19.8,18.6,19.3,19.2,18.1,17.5,15.2,12.3,9.3,8.4,5.3,0.5,-3.1,-3.9,-3.8,-4.0,-4.4,-3.2,-0.1,25.5,33.5,47.6,13.4,0.0,0.3,24.3,12.5,74.1,,,OBAnorm,,LD831_02097v2.403,,,,0,0
DENATRLA,2025-06-23 23:20:57.000,38.8,37.4,26.7,21.9,17.5,16.0,15.4,15.1,10.4,11.3,12.3,15.3,17.3,19.0,19.1,18.7,18.7,18.4,17.8,17.2,14.8,11.9,8.1,5.3,2.7,0.0,-3.0,-3.8,-3.8,-4.0,-4.5,-3.2,-0.1,25.0,31.2,40.5,13.4,0.0,0.3,24.3,12.5,74.1,,,OBAnorm,,LD831_02097v2.403,,,,0,0
DENATRLA,2025-06-23 23:20:58.000,38.5,32.6,28.8,22.4,17.6,17.4,16.3,15.1,13.3,9.8,15.5,15.5,16.5,18.9,19.4,19.5,18.2,18.7,18.3,16.9,14.2,12.2,8.3,4.6,1.9,0.5,-2.5,-3.8,-3.8,-4.1,-4.5,-3.3,-0.1,25.1,30.4,39.1,13.4,0.0,0.3,24.4,12.5,74.1,,,OBAnorm,,LD831_02097v2.403,,,,0,0
DENATRLA,2025-06-23 23:20:59.000,37.7,30.5,26.5,19.0,18.3,15.7,16.1,14.0,13.8,8.4,14.2,15.8,17.3,19.4,19.7,18.5,17.9,18.9,18.2,17.1,15.0,12.9,9.6,5.8,5.9,6.8,6.0,6.2,-2.1,-3.9,-4.4,-3.1,-0.1,25.5,31.1,43.4,13.4,0.0,0.3,24.4,12.5,74.1,,,OBAnorm,,LD831_02097v2.403,,,,0,0
DENATRLA,2025-06-23 23:21:00.000,32.6,28.8,26.8,21.7,19.6,18.2,16.1,15.3,12.0,8.8,13.3,15.5,16.9,18.1,19.5,19.2,18.4,19.1,18.8,17.3,15.5,12.3,9.4,6.3,3.9,3.3,0.3,-3.3,-3.7,-4.0,-4.4,-3.0,-0.1,25.5,30.7,40.1,13.4,0.0,0.3,24.3,12.5,74.1,,,OBAnorm,,LD831_02097v2.403,,,,0,0
DENATRLA,2025-06-23 23:21:01.000,29.6,26.9,26.7,18.8,16.4,18.1,14.5,15.4,10.4,8.6,13.6,16.5,18.0,19.4,19.1,20.0,18.8,19.2,19.4,18.0,16.0,13.6,11.3,12.6,9.8,4.4,0.4,-3.5,-3.8,-3.9,-4.4,-3.2,-0.2,26.2,32.5,50.0,13.4,0.0,0.3,24.4,12.5,74.1,,,OBAnorm,,LD831_02097v2.403,,,,0,0
DENATRLA,2025-06-23 23:21:02.000,28.0,26.9,26.3,18.6,17.5,17.3,15.9,13.5,9.9,7.7,14.0,14.8,18.6,18.8,19.8,19.8,18.9,19.6,19.4,18.0,15.9,13.8,10.0,6.9,5.4,3.7,0.8,-3.2,-3.8,-3.9,-4.5,-3.3,-0.1,26.2,33.8,49.6,13.4,0.0,0.3,24.3,12.5,74.1,,,OBAnorm,,LD831_02097v2.403,,,,0,0
DENATRLA,2025-06-23 23:21:03.000,29.0,30.6,26.6,24.6,22.7,18.9,17.4,13.6,10.9,8.6,12.6,15.4,17.8,19.1,21.3,20.0,20.1,19.6,19.8,18.6,16.1,13.9,10.6,7.4,5.6,4.7,1.9,-2.6,-3.7,-4.0,-4.5,-3.3,-0.3,26.6,35.1,52.4,13.4,0.0,0.3,24.4,12.5,74.1,,,OBAnorm,,LD831_02097v2.403,,,,0,0
DENATRLA,2025-06-23 23:21:04.000,34.2,33.1,32.9,26.8,23.4,21.0,16.6,14.4,12.3,10.7,13.7,16.4,17.6,19.7,20.9,20.4,19.9,20.0,19.7,18.6,17.1,14.9,11.6,9.9,8.2,7.0,4.2,-0.8,-3.0,-4.0,-4.5,-3.2,-0.2,26.9,34.9,51.3,13.4,0.0,0.3,24.3,12.4,74.1,,,OBAnorm,,LD831_02097v2.403,,,,0,0
DENATRLA,2025-06-23 23:21:05.000,36.2,32.7,32.8,26.6,21.9,25.0,18.8,16.9,12.2,10.1,13.7,16.8,19.9,20.7,21.6,20.4,20.2,20.3,19.4,19.2,17.0,15.7,11.9,8.7,7.3,7.5,5.4,0.2,-2.5,-3.9,-4.4,-3.3,-0.2,27.3,33.6,50.8,13.4,0.0,0.3,24.3,12.4,74.1,,,OBAnorm,,LD831_02097v2.403,,,,0,0
DENATRLA,2025-06-23 23:21:06.000,32.3,35.6,30.0,25.5,22.5,21.8,17.1,11.4,13.5,10.6,14.3,17.7,18.9,19.6,20.1,20.0,20.4,20.7,20.2,18.7,17.0,15.2,11.9,8.8,7.1,7.3,5.3,0.2,-2.2,-3.9,-4.4,-3.2,-0.2,27.1,34.4,48.7,13.4,0.0,0.3,24.4,12.5,74.1,,,OBAnorm,,LD831_02097v2.403,,,,0,0
DENATRLA,2025-06-23 23:21:07.000,33.2,31.7,33.2,24.8,22.4,17.0,16.3,14.8,12.9,10.1,13.8,17.7,18.3,20.0,20.6,19.4,19.1,20.6,19.7,18.4,16.4,14.7,11.6,11.1,7.8,7.1,5.3,0.3,-2.2,-3.9,-4.5,-3.2,-0.2,26.8,32.8,48.8,13.4,0.0,0.3,24.3,12.5,74.7,,,OBAnorm,,LD831_02097v2.403,,,,0,0
DENATRLA,2025-06-23 23:21:08.000,30.4,30.9,27.8,20.4,22.4,16.3,14.9,14.7,12.7,7.7,13.3,16.4,18.7,20.1,21.5,19.9,20.0,19.7,19.3,18.5,16.6,14.4,11.5,8.8,7.2,6.8,4.7,0.1,-2.3,-3.9,-4.5,-3.2,-0.2,26.7,32.3,45.0,13.4,0.0,0.3,24.3,12.5,74.1,,,OBAnorm,,LD831_02097v2.403,,,,0,0
DENATRLA,2025-06-23 23:21:09.000,31.0,31.7,26.3,23.0,21.4,18.6,15.9,14.4,12.9,9.9,12.9,16.7,18.8,20.2,21.0,19.2,20.1,20.4,19.3,18.6,17.0,15.0,11.2,7.7,6.3,7.2,5.7,0.8,-1.9,-3.9,-4.5,-3.3,-0.2,26.8,32.2,43.6,13.4,0.0,0.3,24.3,12.5,74.1,,,OBAnorm,,LD831_02097v2.403,,,,0,0
DENATRLA,2025-06-23 23:21:10.000,32.2,27.7,27.8,25.4,19.2,15.7,17.8,14.0,11.9,11.7,14.7,16.7,19.2,20.8,20.4,19.6,19.5,20.2,19.8,18.4,16.0,14.3,11.1,8.4,6.0,6.4,5.1,0.7,-2.2,-3.9,-4.4,-3.2,-0.2,26.6,31.9,42.3,13.4,0.0,0.3,24.3,12.4,74.1,,,OBAnorm,,LD831_02097v2.403,,,,0,0
DENATRLA,2025-06-23 23:21:11.000,28.6,30.2,28.6,22.0,17.3,15.5,17.2,15.4,10.8,11.1,13.7,18.4,19.4,18.7,21.4,19.8,19.3,19.9,18.7,18.2,16.0,13.3,9.5,7.7,5.9,5.4,3.4,-0.9,-2.9,-3.9,-4.4,-3.2,-0.1,26.2,31.7,40.4,13.4,0.0,0.3,24.3,12.4,74.1,,,OBAnorm,,LD831_02097v2.403,,,,0,0
DENATRLA,2025-06-23 23:21:12.000,26.3,30.8,25.4,22.1,15.9,15.7,14.7,14.7,11.9,10.6,14.4,16.4,18.9,19.5,20.1,19.2,19.5,20.2,19.4,18.4,16.1,13.5,10.3,7.6,5.9,5.7,3.8,-0.6,-2.9,-3.9,-4.5,-3.2,-0.3,26.4,31.7,39.8,13.4,0.0,0.3,24.3,12.5,74.1,,,OBAnorm,,LD831_02097v2.403,,,,0,0
DENATRLA,2025-06-23 23:21:13.000,25.6,30.6,25.6,21.2,18.1,17.2,18.9,15.8,12.7,11.0,12.7,16.5,19.1,19.9,20.6,19.9,19.9,20.4,19.1,18.1,16.0,14.1,9.8,7.3,5.7,5.4,3.8,-0.8,-2.9,-4.0,-4.4,-3.1,-0.2,26.4,32.5,40.5,13.4,0.0,0.3,24.3,12.5,74.1,,,OBAnorm,,LD831_02097v2.403,,,,0,0
DENATRLA,2025-06-23 23:21:14.000,32.9,27.6,27.6,25.6,18.4,18.2,17.1,13.0,10.3,8.8,12.6,16.1,17.3,19.0,20.1,19.6,19.3,19.8,18.8,17.8,16.2,13.3,10.8,8.1,6.1,4.2,2.6,-1.5,-3.2,-3.9,-4.5,-3.2,-0.2,26.0,32.0,39.8,13.4,0.0,0.3,24.3,12.5,74.1,,,OBAnorm,,LD831_02097v2.403,,,,0,0
DENATRLA,2025-06-23 23:21:15.000,29.5,31.4,32.3,21.5,18.4,18.2,16.5,15.2,11.9,8.7,12.7,16.8,17.8,20.2,20.0,19.4,19.4,20.1,18.1,18.3,15.3,13.2,9.7,6.2,4.3,4.4,2.5,-1.4,-3.3,-4.0,-4.4,-3.2,-0.2,26.0,32.4,39.7,13.4,0.0,0.3,24.3,12.5,74.1,,,OBAnorm,,LD831_02097v2.403,,,,0,0
DENATRLA,2025-06-23 23:21:16.000,32.1,31.6,30.2,22.4,19.6,17.0,15.1,15.9,10.8,10.5,14.1,16.5,17.1,20.2,20.3,19.8,19.7,19.3,18.8,17.2,15.7,13.4,10.0,6.9,5.0,5.0,3.2,-1.2,-3.0,-3.8,-4.4,-3.2,-0.2,26.0,31.5,40.1,13.4,0.0,0.3,24.3,12.5,73.5,,,OBAnorm,,LD831_02097v2.403,,,,0,0
DENATRLA,2025-06-23 23:21:17.000,27.7,33.2,26.5,24.1,17.0,17.8,17.1,14.3,11.9,10.7,13.6,15.6,18.7,19.7,19.6,20.2,20.1,20.0,19.2,18.5,16.6,14.3,9.6,7.0,6.0,4.8,3.1,-1.4,-3.1,-3.9,-4.4,-3.3,-0.2,26.3,31.7,41.3,13.4,0.0,0.3,24.3,12.5,73.5,,,OBAnorm,,LD831_02097v2.403,,,,0,0
DENATRLA,2025-06-23 23:21:18.000,32.5,30.6,25.6,23.0,16.2,16.3,15.8,15.2,13.5,10.7,13.3,16.5,17.3,19.6,20.7,19.0,19.1,19.0,18.0,18.0,14.8,13.1,9.4,6.2,4.5,4.3,3.0,-1.1,-3.2,-3.9,-4.5,-3.1,-0.2,25.5,30.8,40.2,13.4,0.0,0.3,24.3,12.5,73.5,,,OBAnorm,,LD831_02097v2.403,,,,0,0
DENATRLA,2025-06-23 23:21:19.000,29.6,28.5,27.3,21.2,17.2,19.0,17.6,15.2,13.3,9.8,14.2,14.7,18.4,19.0,18.9,20.0,19.0,19.2,18.2,16.8,15.3,12.8,9.4,7.0,5.0,5.9,4.6,0.1,-2.2,-3.8,-4.3,-3.2,-0.2,25.6,31.9,42.7,13.4,0.0,0.3,24.3,12.5,73.5,,,OBAnorm,,LD831_02097v2.403,,,,0,0
DENATRLA,2025-06-23 23:21:20.000,29.6,24.5,27.6,22.4,19.8,19.3,13.0,15.5,10.9,12.5,14.1,15.8,18.0,19.7,19.2,19.3,18.6,18.6,17.7,16.7,15.5,12.9,9.2,7.5,5.5,4.7,2.9,-1.1,-2.8,-3.5,-4.5,-3.2,-0.1,25.3,31.3,40.8,13.4,0.0,0.3,24.3,12.5,73.5,,,OBAnorm,,LD831_02097v2.403,,,,0,0
DENATRLA,2025-06-23 23:21:21.000,33.2,30.4,26.8,21.8,18.7,16.8,15.5,14.3,11.4,9.4,13.9,15.4,17.9,17.9,19.6,18.8,20.1,19.6,19.0,17.8,15.7,12.5,9.3,9.2,5.3,3.3,1.2,-2.7,-3.6,-3.9,-4.4,-3.3,-0.1,25.8,31.0,39.7,13.4,0.0,0.3,24.3,12.5,73.5,,,OBAnorm,,LD831_02097v2.403,,,,0,0
DENATRLA,2025-06-23 23:21:22.000,31.4,27.4,26.5,18.8,17.3,16.7,17.6,14.3,11.4,10.9,12.4,16.2,18.5,18.7,19.9,19.0,19.4,19.9,18.8,17.5,14.9,12.8,8.9,5.8,3.4,3.3,1.8,-2.0,-3.3,-4.0,-4.4,-3.2,-0.3,25.6,31.3,38.6,13.4,0.0,0.3,24.3,12.5,73.5,,,OBAnorm,,LD831_02097v2.403,,,,0,0
DENATRLA,2025-06-23 23:21:23.000,31.6,30.4,21.6,23.1,19.2,19.3,17.8,15.2,11.6,10.7,14.0,16.4,17.4,19.7,19.7,19.7,18.9,19.6,18.8,17.2,15.8,12.9,9.2,5.4,3.4,2.9,1.2,-2.7,-3.5,-3.9,-4.5,-3.3,-0.2,25.8,31.1,38.7,13.4,0.0,0.3,24.3,12.5,73.5,,,OBAnorm,,LD831_02097v2.403,,,,0,0
DENATRLA,2025-06-23 23:21:24.000,31.6,29.3,25.2,24.0,20.0,17.8,14.7,13.9,11.6,11.3,12.9,16.0,18.1,19.5,19.0,20.1,19.5,19.1,19.0,18.1,15.9,13.1,9.8,5.4,3.3,2.6,1.0,-2.9,-3.7,-4.0,-4.5,-3.3,-0.2,25.9,30.9,39.2,13.4,0.0,0.3,24.3,12.5,72.9,,,OBAnorm,,LD831_02097v2.403,,,,0,0
DENATRLA,2025-06-23 23:21:25.000,27.0,29.6,26.0,20.4,19.2,16.3,16.3,12.3,12.3,9.9,12.7,15.8,17.8,19.3,19.8,19.8,18.9,19.2,19.2,17.7,15.7,12.9,9.7,6.0,3.4,2.4,0.6,-3.2,-3.7,-3.9,-4.4,-3.2,-0.1,25.9,30.8,37.7,13.4,0.0,0.3,24.3,12.5,72.9,,,OBAnorm,,LD831_02097v2.403,,,,0,0
DENATRLA,2025-06-23 23:21:26.000,28.3,26.1,25.5,20.1,19.9,18.5,15.8,13.5,12.6,11.5,12.4,18.5,18.3,20.5,21.0,20.0,19.3,18.8,18.5,16.9,15.1,12.9,8.6,5.6,3.3,1.5,-0.3,-3.3,-3.7,-3.9,-4.5,-3.1,-0.2,25.6,32.1,40.7,13.4,0.0,0.3,24.3,12.5,72.9,,,OBAnorm,,LD831_02097v2.403,,,,0,0
DENATRLA,2025-06-23 23:21:27.000,28.5,21.8,25.5,24.4,20.0,18.2,13.6,15.1,14.9,11.8,14.5,15.5,18.1,18.3,19.3,19.0,20.2,19.7,18.8,17.5,15.2,12.4,9.3,6.9,6.2,2.2,-0.3,-3.3,-3.8,-3.9,-4.4,-3.3,-0.2,25.8,31.0,39.2,13.4,0.0,0.3,24.3,12.5,72.9,,,OBAnorm,,LD831_02097v2.403,,,,0,0
DENATRLA,2025-06-23 23:21:28.000,27.8,30.7,28.6,22.0,19.7,17.6,13.5,14.3,12.2,11.7,14.0,15.1,18.7,18.4,19.2,19.1,19.4,19.4,19.0,16.8,15.4,12.8,9.2,6.8,4.8,1.7,-0.9,-3.6,-3.7,-3.9,-4.5,-3.3,-0.2,25.6,30.9,39.7,13.4,0.0,0.3,24.3,12.5,72.9,,,OBAnorm,,LD831_02097v2.403,,,,0,0
DENATRLA,2025-06-23 23:21:29.000,26.2,31.5,25.2,21.7,19.7,19.4,15.5,13.4,13.1,11.6,13.8,16.4,17.7,19.6,19.9,20.5,19.8,19.8,19.0,15.8,14.8,12.7,8.8,6.7,3.0,0.5,-1.8,-3.7,-3.7,-3.8,-4.4,-3.2,-0.1,25.6,30.9,39.2,13.4,0.0,0.3,24.3,12.5,72.9,,,OBAnorm,,LD831_02097v2.403,,,,0,0
DENATRLA,2025-06-23 23:21:30.000,28.9,25.3,24.8,21.8,20.6,18.5,17.7,15.5,12.6,10.6,13.7,16.7,18.0,19.0,20.2,19.4,19.6,19.0,18.5,17.3,15.0,12.2,8.4,5.5,2.4,0.2,-2.7,-3.9,-3.9,-4.0,-4.5,-3.2,-0.1,25.6,31.2,37.0,13.4,0.0,0.3,24.3,12.5,72.9,,,OBAnorm,,LD831_02097v2.403,,,,0,0
DENATRLA,2025-06-23 23:21:31.000,28.3,25.2,25.1,22.5,19.3,16.3,15.8,15.0,13.2,10.6,12.8,17.2,17.8,19.9,19.6,19.6,19.6,19.9,18.6,17.9,15.5,12.8,9.5,6.5,3.0,0.7,-2.7,-3.8,-3.8,-4.0,-4.5,-3.1,-0.2,25.9,30.9,38.8,13.4,0.0,0.3,24.3,12.5,72.9,,,OBAnorm,,LD831_02097v2.403,,,,0,0
DENATRLA,2025-06-23 23:21:32.000,27.0,25.4,28.3,17.1,18.1,17.8,17.4,14.8,13.5,8.5,14.8,17.1,18.7,20.7,19.9,21.3,19.1,21.0,18.3,17.7,15.6,13.2,10.0,6.1,3.5,0.8,-2.4,-3.8,-3.8,-4.0,-4.4,-3.3,-0.2,26.3,31.0,37.2,13.4,0.0,0.3,24.3,12.5,72.9,,,OBAnorm,,LD831_02097v2.403,,,,0,0
DENATRLA,2025-06-23 23:21:33.000,26.9,26.5,19.6,20.1,20.1,17.7,16.4,15.2,14.3,13.4,13.3,17.8,18.5,19.4,20.3,20.1,19.2,20.3,18.5,17.9,15.8,13.0,9.9,6.2,3.5,1.3,-2.3,-3.7,-3.6,-3.8,-4.3,-3.2,-0.3,26.1,31.5,37.6,13.4,0.0,0.3,24.3,12.5,72.9,,,OBAnorm,,LD831_02097v2.403,,,,0,0
DENATRLA,2025-06-23 23:21:34.000,30.7,26.6,24.3,20.4,16.9,15.7,15.4,16.1,12.9,11.4,14.5,17.0,18.3,19.9,20.3,19.7,20.2,20.1,19.7,17.9,16.1,13.5,10.1,8.1,7.0,2.7,-2.2,-3.8,-3.8,-3.9,-4.5,-3.2,-0.2,26.4,31.4,38.5,13.4,0.0,0.3,24.3,12.5,72.9,,,OBAnorm,,LD831_02097v2.403,,,,0,0
DENATRLA,2025-06-23 23:21:35.000,30.5,27.9,26.7,21.0,16.3,18.2,16.0,16.0,14.3,11.3,13.6,17.0,18.9,19.9,20.3,20.4,19.4,20.0,19.1,17.5,15.2,13.3,10.3,6.7,4.2,2.1,-1.8,-3.7,-3.8,-3.9,-4.5,-3.4,-0.2,26.0,31.5,40.9,13.4,0.0,0.3,24.3,12.5,72.9,,,OBAnorm,,LD831_02097v2.403,,,,0,0
DENATRLA,2025-06-23 23:21:36.000,31.3,29.6,28.7,25.5,17.8,16.8,18.5,13.8,12.9,12.4,15.5,17.0,17.6,20.2,20.4,19.7,20.0,19.9,19.1,17.2,15.5,13.1,9.6,5.7,3.2,1.3,-1.8,-3.6,-3.7,-3.8,-4.4,-3.2,-0.1,26.0,31.5,39.1,13.4,0.0,0.3,24.3,12.5,72.4,,,OBAnorm,,LD831_02097v2.403,,,,0,0
DENATRLA,2025-06-23 23:21:37.000,25.9,26.4,27.8,21.0,19.3,17.1,17.0,14.7,12.9,10.9,15.3,18.5,19.4,19.8,21.6,21.7,19.5,20.3,18.8,18.5,16.8,13.7,10.0,6.3,3.0,1.2,-2.2,-3.8,-3.8,-3.9,-4.4,-3.2,-0.1,26.6,31.8,39.8,13.4,0.0,0.3,24.3,12.5,72.4,,,OBAnorm,,LD831_02097v2.403,,,,0,0
DENATRLA,2025-06-23 23:21:38.000,25.6,25.6,27.4,22.9,19.5,16.2,18.2,14.1,11.6,14.0,14.9,17.2,18.1,19.4,20.8,20.2,20.1,20.6,20.3,18.6,17.0,14.5,10.5,6.3,3.1,1.7,-0.9,-3.8,-3.7,-3.8,-4.4,-3.3,-0.1,26.9,31.6,39.6,13.4,0.0,0.3,24.3,12.5,72.4,,,OBAnorm,,LD831_02097v2.403,,,,0,0
DENATRLA,2025-06-23 23:21:39.000,29.2,30.4,23.2,21.8,18.9,15.2,17.3,17.0,15.8,13.7,15.9,15.3,19.3,20.7,21.1,21.0,19.5,21.5,19.8,19.0,17.0,14.7,11.1,7.4,3.6,1.8,-1.5,-3.7,-3.8,-4.0,-4.4,-3.2,-0.2,27.2,32.1,45.4,13.4,0.0,0.3,24.3,12.5,72.4,,,OBAnorm,,LD831_02097v2.403,,,,0,0
DENATRLA,2025-06-23 23:21:40.000,25.9,26.7,24.3,18.1,16.8,18.8,20.8,17.9,16.4,13.7,16.0,17.8,19.5,20.9,21.4,19.5,20.8,21.0,19.1,18.7,18.0,15.2,11.6,7.5,4.6,2.1,-1.0,-3.3,-3.5,-3.7,-4.3,-3.3,-0.1,27.2,32.4,43.6,13.4,0.0,0.3,24.3,12.5,72.4,,,OBAnorm,,LD831_02097v2.403,,,,0,0
DENATRLA,2025-06-23 23:21:41.000,28.2,23.8,22.7,23.7,18.4,18.4,19.4,15.5,16.0,13.9,14.1,18.3,19.5,20.0,20.3,21.9,20.8,21.3,19.4,19.1,18.0,15.2,11.7,8.0,4.2,1.9,-1.2,-3.1,-3.3,-3.9,-4.3,-3.3,-0.2,27.5,33.1,48.0,13.4,0.0,0.3,24.3,12.5,72.4,,,OBAnorm,,LD831_02097v2.403,,,,0,0
DENATRLA,2025-06-23 23:21:42.000,27.2,28.7,24.4,19.1,20.1,21.1,19.0,19.0,14.7,14.2,15.6,17.7,19.8,21.5,20.5,20.4,20.7,21.9,19.9,20.0,18.0,15.6,12.5,11.9,8.5,2.4,-1.4,-3.6,-3.6,-3.9,-4.4,-3.2,-0.1,27.8,32.4,46.6,13.4,0.0,0.3,24.3,12.5,72.4,,,OBAnorm,,LD831_02097v2.403,,,,0,0
DENATRLA,2025-06-23 23:21:43.000,29.8,32.1,22.5,20.7,17.0,19.5,19.2,18.2,17.0,13.6,15.6,19.4,19.8,21.2,21.4,20.6,20.9,21.2,20.3,19.3,16.6,14.8,11.6,7.9,5.6,2.3,-2.0,-3.7,-3.7,-4.0,-4.5,-3.4,-0.2,27.4,33.5,47.4,13.4,0.0,0.3,24.3,12.5,72.4,,,OBAnorm,,LD831_02097v2.403,,,,0,0
DENATRLA,2025-06-23 23:21:44.000,28.9,28.1,25.6,21.1,20.2,22.2,18.8,16.6,15.0,14.4,14.8,18.5,20.6,21.4,21.0,20.0,20.6,20.8,19.9,19.1,16.9,14.6,11.3,7.6,4.2,2.0,-2.5,-3.8,-3.8,-3.9,-4.5,-3.2,-0.2,27.2,33.3,47.9,13.4,0.0,0.3,24.3,12.5,72.4,,,OBAnorm,,LD831_02097v2.403,,,,0,0
DENATRLA,2025-06-23 23:21:45.000,34.4,29.4,28.9,22.5,18.7,18.4,19.1,14.9,16.0,15.1,15.7,17.8,21.2,21.7,22.1,20.5,19.6,21.2,19.3,19.1,17.4,14.9,11.4,7.6,4.1,1.9,-2.4,-3.8,-3.7,-3.9,-4.5,-3.1,-0.2,27.2,32.8,44.0,13.4,0.0,0.3,24.3,12.5,72.4,,,OBAnorm,,LD831_02097v2.403,,,,0,0
DENATRLA,2025-06-23 23:21:46.000,31.6,31.9,27.4,22.9,18.7,16.2,17.4,16.4,16.0,15.5,16.2,18.9,18.6,20.7,21.5,19.9,20.4,20.9,20.6,19.7,18.5,15.9,12.4,8.9,5.8,2.2,-2.7,-3.8,-3.8,-3.9,-4.5,-3.1,-0.2,27.7,32.5,47.2,13.4,0.0,0.3,24.3,12.5,72.4,,,OBAnorm,,LD831_02097v2.403,,,,0,0
DENATRLA,2025-06-23 23:21:47.000,33.0,28.3,30.1,21.4,18.3,18.4,18.5,15.5,16.9,15.5,15.9,19.0,21.6,20.1,21.3,21.0,20.0,21.7,20.4,19.9,18.4,15.7,12.0,7.9,4.9,2.0,-2.6,-3.8,-3.8,-4.0,-4.4,-3.3,-0.2,27.7,32.8,39.0,13.4,0.0,0.3,24.3,12.5,71.8,,,OBAnorm,,LD831_02097v2.403,,,,0,0
DENATRLA,2025-06-23 23:21:48.000,27.6,29.7,28.4,22.2,16.9,20.6,19.7,15.0,14.6,13.6,14.7,17.4,20.4,21.2,21.5,19.8,19.4,20.8,19.5,18.2,16.8,14.8,10.8,6.9,3.6,1.2,-3.0,-3.8,-3.8,-4.0,-4.5,-3.1,0.0,26.8,32.1,38.3,13.4,0.0,0.3,24.3,12.5,71.8,,,OBAnorm,,LD831_02097v2.403,,,,0,0
DENATRLA,2025-06-23 23:21:49.000,25.8,29.9,25.0,19.1,17.8,20.1,19.4,16.2,12.9,11.0,14.3,17.7,20.5,20.7,22.2,19.8,19.4,20.3,18.5,18.8,16.9,13.8,10.8,7.9,3.8,0.6,-3.1,-3.8,-3.9,-4.0,-4.5,-3.3,0.0,26.6,32.2,40.0,13.4,0.0,0.3,24.3,12.5,71.8,,,OBAnorm,,LD831_02097v2.403,,,,0,0
DENATRLA,2025-06-23 23:21:50.000,26.0,31.7,26.2,21.7,19.9,18.1,20.2,16.5,14.5,11.5,14.4,17.4,19.6,20.0,20.4,19.8,19.4,20.0,19.1,18.4,16.4,13.4,10.8,6.3,2.9,0.7,-3.2,-3.8,-3.8,-3.9,-4.4,-3.2,-0.2,26.3,32.6,47.8,13.4,0.0,0.3,24.3,12.5,71.8,,,OBAnorm,,LD831_02097v2.403,,,,0,0
DENATRLA,2025-06-23 23:21:51.000,26.5,26.7,27.4,20.7,21.8,20.2,19.5,18.4,12.5,11.5,13.2,18.7,19.9,20.3,20.7,19.9,19.5,20.3,19.0,17.7,16.0,13.2,9.8,5.8,2.7,0.3,-3.1,-3.8,-3.8,-3.9,-4.4,-3.3,-0.2,26.2,33.0,49.5,13.4,0.0,0.3,24.3,12.5,71.8,,,OBAnorm,,LD831_02097v2.403,,,,0,0
DENATRLA,2025-06-23 23:21:52.000,31.3,30.6,24.3,22.2,21.7,19.0,21.1,17.3,14.2,13.2,13.7,18.9,19.3,20.7,19.7,19.9,19.2,19.9,19.3,18.3,16.1,13.5,9.9,6.0,2.6,0.7,-2.9,-3.8,-3.8,-4.0,-4.4,-3.2,-0.3,26.2,32.2,42.4,13.4,0.0,0.3,24.3,12.5,71.8,,,OBAnorm,,LD831_02097v2.403,,,,0,0
DENATRLA,2025-06-23 23:21:53.000,24.2,33.0,29.0,20.9,18.6,19.4,18.5,17.3,16.1,11.4,14.3,19.6,20.2,19.9,20.2,20.2,19.7,20.3,18.9,18.3,16.4,14.1,10.5,6.5,5.2,1.4,-2.3,-3.7,-3.8,-3.9,-4.4,-3.2,-0.1,26.5,31.9,44.2,13.4,0.0,0.3,24.3,12.5,72.4,,,OBAnorm,,LD831_02097v2.403,,,,0,0
DENATRLA,2025-06-23 23:21:54.000,28.9,28.7,25.2,22.6,21.3,17.7,18.0,17.9,15.6,10.3,14.7,17.3,19.8,20.7,21.0,19.9,21.1,20.9,18.9,18.7,16.5,14.0,10.7,6.2,3.5,1.1,-2.2,-3.8,-3.8,-3.9,-4.4,-3.2,-0.2,26.8,32.8,46.1,13.4,0.0,0.3,24.2,12.5,72.4,,,OBAnorm,,LD831_02097v2.403,,,,0,0
DENATRLA,2025-06-23 23:21:55.000,32.2,27.3,26.3,21.1,18.5,18.8,17.0,18.1,13.8,14.0,16.0,18.9,20.7,20.7,21.1,20.0,20.6,20.5,19.2,18.3,16.5,14.6,10.8,6.9,3.7,0.8,-2.9,-3.7,-3.8,-3.8,-4.4,-3.1,-0.2,26.8,32.6,44.7,13.4,0.0,0.3,24.3,12.5,72.4,,,OBAnorm,,LD831_02097v2.403,,,,0,0
DENATRLA,2025-06-23 23:21:56.000,30.8,28.0,28.2,19.3,18.8,19.0,13.9,17.3,14.9,12.1,14.9,18.1,20.1,20.0,22.2,20.8,20.3,20.4,19.5,18.9,17.0,14.6,10.6,8.2,5.4,1.1,-3.0,-3.8,-3.8,-3.8,-4.4,-3.2,-0.1,27.0,32.3,40.3,13.4,0.0,0.3,24.3,12.5,72.4,,,OBAnorm,,LD831_02097v2.403,,,,0,0
DENATRLA,2025-06-23 23:21:57.000,32.4,30.4,27.9,22.3,19.2,19.6,19.2,16.0,12.1,12.0,14.5,19.3,20.5,20.6,21.7,20.7,20.9,21.1,20.0,20.3,17.0,14.7,11.3,7.0,3.6,0.3,-2.9,-3.7,-3.6,-3.8,-4.4,-3.1,-0.1,27.4,33.1,42.7,13.4,0.0,0.3,24.3,12.5,72.4,,,OBAnorm,,LD831_02097v2.403,,,,0,0
DENATRLA,2025-06-23 23:21:58.000,27.9,29.5,25.7,22.6,16.8,19.5,18.8,15.9,15.7,12.3,16.0,20.3,20.7,21.6,21.9,20.3,20.8,20.4,20.5,19.7,17.8,15.4,11.5,7.5,3.1,0.4,-2.9,-3.8,-3.8,-3.9,-4.4,-3.1,-0.2,27.5,32.6,41.1,13.4,0.0,0.3,24.3,12.5,72.4,,,OBAnorm,,LD831_02097v2.403,,,,0,0
DENATRLA,2025-06-23 23:21:59.000,26.7,31.9,29.1,21.7,19.2,18.7,16.3,14.5,14.4,12.9,16.4,18.5,20.3,20.8,20.4,21.1,21.0,20.5,19.8,18.8,17.1,14.6,11.0,6.6,3.1,1.2,-2.5,-3.7,-3.8,-3.9,-4.4,-3.2,0.0,27.1,32.2,38.0,13.4,0.0,0.3,24.3,12.5,72.4,,,OBAnorm,,LD831_02097v2.403,,,,0,0
DENATRLA,2025-06-23 23:22:00.000,29.5,30.4,27.6,23.5,20.3,20.0,16.9,14.0,13.9,11.5,16.9,19.1,20.8,20.0,21.5,21.3,21.0,20.7,20.2,19.4,17.3,15.3,11.5,8.2,4.1,1.0,-2.3,-3.8,-3.8,-3.8,-4.4,-3.2,-0.1,27.4,32.8,42.3,13.4,0.0,0.3,24.3,12.5,72.4,,,OBAnorm,,LD831_02097v2.403,,,,0,0
DENATRLA,2025-06-23 23:22:01.000,27.7,29.9,24.6,22.3,18.2,19.9,19.7,14.1,13.0,11.7,15.5,19.3,19.9,19.8,19.8,20.8,21.4,20.7,20.0,19.3,17.2,15.2,11.2,8.1,5.0,1.9,-2.3,-3.8,-3.8,-3.9,-4.4,-3.1,-0.1,27.2,32.2,42.2,13.4,0.0,0.3,24.2,12.5,72.4,,,OBAnorm,,LD831_02097v2.403,,,,0,0
DENATRLA,2025-06-23 23:22:02.000,28.9,32.1,19.8,23.6,19.1,20.4,18.7,13.5,13.3,11.8,17.0,19.4,21.1,20.9,21.2,20.5,20.1,20.7,20.4,19.1,16.7,14.1,9.9,7.3,3.5,1.2,-2.3,-3.8,-3.8,-3.9,-4.4,-3.3,-0.1,27.0,32.4,45.0,13.4,0.0,0.3,24.3,12.5,72.4,,,OBAnorm,,LD831_02097v2.403,,,,0,0
DENATRLA,2025-06-23 23:22:03.000,31.8,27.8,24.9,21.5,23.0,19.7,17.7,14.8,13.3,11.4,14.2,17.6,19.3,20.6,20.6,19.7,20.8,20.0,18.9,17.8,16.7,13.5,9.9,6.4,2.6,0.6,-2.8,-3.8,-3.8,-3.9,-4.4,-3.4,-0.2,26.3,31.8,45.3,13.4,0.0,0.3,24.3,12.5,72.4,,,OBAnorm,,LD831_02097v2.403,,,,0,0
DENATRLA,2025-06-23 23:22:04.000,27.8,26.8,24.4,19.3,19.3,21.0,18.1,14.5,12.1,12.6,13.3,19.3,20.2,19.2,21.0,20.7,19.7,20.0,18.8,17.9,16.3,13.5,10.0,7.7,3.6,1.0,-2.9,-3.8,-3.8,-3.8,-4.5,-3.2,-0.1,26.5,34.6,55.9,13.4,0.0,0.3,24.3,12.5,72.4,,,OBAnorm,,LD831_02097v2.403,,,,0,0
DENATRLA,2025-06-23 23:22:05.000,21.6,30.4,23.7,19.6,20.1,20.1,19.0,16.3,12.5,11.9,13.5,17.8,19.9,20.1,20.5,20.1,19.5,20.0,18.6,17.2,15.6,13.5,10.4,6.5,2.5,1.1,-2.9,-3.8,-3.8,-3.8,-4.4,-3.1,-0.2,26.0,36.1,55.0,13.4,0.0,0.3,24.3,12.5,72.4,,,OBAnorm,,LD831_02097v2.403,,,,0,0
DENATRLA,2025-06-23 23:22:06.000,29.6,32.6,27.8,26.7,21.5,22.2,19.9,13.6,11.1,11.2,15.4,18.6,19.9,19.7,21.0,20.3,20.3,20.2,19.2,17.8,16.2,13.3,9.7,6.0,2.9,0.8,-2.6,-3.8,-3.7,-3.9,-4.4,-3.2,-0.2,26.4,37.4,55.8,13.4,0.0,0.3,24.3,12.5,72.4,,,OBAnorm,,LD831_02097v2.403,,,,0,0
DENATRLA,2025-06-23 23:22:07.000,31.1,34.1,32.6,28.2,23.4,21.4,18.6,16.4,13.0,12.0,14.2,16.7,19.7,20.3,20.0,20.4,21.1,19.5,19.0,17.6,15.8,12.9,10.2,7.5,4.2,0.9,-2.7,-3.8,-3.8,-4.0,-4.4,-3.0,-0.2,26.3,36.2,53.9,13.4,0.0,0.3,24.3,12.5,72.4,,,OBAnorm,,LD831_02097v2.403,,,,0,0
DENATRLA,2025-06-23 23:22:08.000,42.0,35.9,29.0,28.3,26.2,24.9,19.7,14.0,13.9,10.5,14.8,17.9,18.3,20.0,19.8,20.2,20.1,19.3,18.8,17.4,15.7,12.7,9.7,8.5,6.4,2.2,-2.8,-3.8,-3.8,-3.9,-4.4,-3.1,-0.2,26.0,34.1,50.7,13.4,0.0,0.3,24.3,12.5,72.4,,,OBAnorm,,LD831_02097v2.403,,,,0,0
DENATRLA,2025-06-23 23:22:09.000,39.0,36.3,30.3,25.6,22.7,20.4,20.4,15.0,13.6,11.5,14.6,15.8,19.8,19.8,20.3,19.5,19.9,19.5,19.4,17.3,15.8,13.6,10.2,7.8,4.5,1.1,-2.8,-3.5,-3.8,-4.0,-4.4,-3.1,-0.2,26.1,35.0,53.8,13.4,0.0,0.3,24.3,12.5,70.7,,,OBAnorm,,LD831_02097v2.403,,,,0,0
DENATRLA,2025-06-23 23:22:10.000,34.6,32.8,27.6,24.2,24.2,22.4,19.5,16.4,12.0,12.2,14.5,17.0,17.7,18.6,19.7,20.2,20.5,19.9,19.0,17.9,16.0,13.1,9.1,5.8,3.4,0.9,-2.0,-3.7,-3.7,-3.8,-4.4,-2.9,-0.1,26.2,33.8,51.8,13.4,0.0,4.6,24.3,12.5,70.7,,,OBAnorm,,LD831_02097v2.403,,,,0,0
DENATRLA,2025-06-23 23:22:11.000,36.7,32.7,29.1,28.0,22.4,20.0,19.6,14.3,14.5,9.1,12.3,15.5,18.1,19.1,20.1,20.7,20.2,20.0,19.5,18.0,16.0,13.4,9.5,6.7,3.2,0.3,-2.4,-3.6,-3.6,-3.8,-4.4,-3.2,-0.2,26.2,35.4,57.7,13.4,0.0,14.2,24.3,12.5,72.4,,,OBAnorm,,LD831_02097v2.403,,,,0,0
DENATRLA,2025-06-23 23:22:12.000,36.8,31.5,28.4,26.0,23.9,19.7,18.6,15.4,11.5,9.5,14.0,15.9,18.6,18.8,21.7,22.8,19.5,19.8,19.8,17.6,16.4,13.5,9.5,6.1,3.0,1.2,-1.5,-3.5,-3.5,-3.6,-4.3,-3.1,-0.2,26.6,33.5,50.0,13.4,0.1,16.2,24.3,12.6,72.4,,,OBAnorm,,LD831_02097v2.403,,,,0,0
DENATRLA,2025-06-23 23:22:13.000,32.4,34.6,28.1,21.9,18.6,17.1,14.8,13.5,11.0,10.0,14.3,16.8,19.9,20.4,22.6,25.0,21.0,19.9,20.6,19.0,16.4,13.6,10.0,7.4,2.9,0.8,-1.5,-2.9,-3.3,-3.2,-4.3,-2.9,-0.2,27.5,32.3,43.6,13.4,0.3,15.6,24.3,12.6,70.7,,,OBAnorm,,LD831_02097v2.403,,,,0,0
DENATRLA,2025-06-23 23:22:14.000,33.9,31.7,25.1,23.0,16.9,16.6,16.8,13.9,9.4,10.9,13.7,22.5,22.8,19.4,23.8,23.5,21.3,19.4,19.3,18.1,15.3,14.1,10.4,6.2,3.7,0.7,-1.7,-3.2,-3.3,-3.3,-4.1,-2.9,-0.2,27.1,32.5,39.1,13.4,0.3,16.2,24.3,12.6,70.7,,,OBAnorm,,LD831_02097v2.403,,,,0,0
DENATRLA,2025-06-23 23:22:15.000,33.0,30.5,21.3,19.1,19.9,18.7,19.2,15.6,10.0,12.0,14.1,18.2,16.6,18.2,20.2,20.3,19.4,19.1,18.7,16.7,14.5,12.1,8.7,5.8,2.4,0.2,-2.8,-3.8,-3.8,-3.9,-4.4,-3.4,-0.1,25.4,30.8,38.6,13.4,0.3,16.2,24.2,12.6,72.4,,,OBAnorm,,LD831_02097v2.403,,,,0,0
DENATRLA,2025-06-23 23:22:16.000,28.5,23.7,25.0,21.7,18.8,17.2,16.2,12.7,11.0,11.9,13.9,17.4,18.8,18.7,18.9,19.4,18.9,18.5,17.6,17.2,14.5,12.4,8.4,5.5,2.9,1.4,-1.7,-3.7,-3.8,-3.9,-4.4,-3.3,-0.2,25.1,31.1,39.0,13.4,0.3,16.2,24.3,12.6,72.4,,,OBAnorm,,LD831_02097v2.403,,,,0,0
DENATRLA,2025-06-23 23:22:17.000,27.2,27.3,21.0,21.2,17.8,18.3,16.8,13.8,10.1,11.2,14.0,16.5,18.4,19.2,20.1,19.5,18.8,19.1,17.7,16.9,14.7,11.8,8.4,4.9,2.5,1.1,-0.8,-3.4,-3.6,-3.7,-4.4,-3.1,-0.2,25.2,30.9,36.2,13.4,0.3,16.2,24.2,12.6,72.4,,,OBAnorm,,LD831_02097v2.403,,,,0,0
DENATRLA,2025-06-23 23:22:18.000,32.2,30.3,23.9,21.3,19.4,17.3,16.8,11.7,11.2,11.2,12.9,15.9,17.2,19.0,20.2,19.5,19.3,19.0,17.7,17.0,14.4,12.2,9.0,5.0,1.9,0.8,-1.4,-3.7,-3.6,-3.9,-4.3,-3.3,-0.1,25.2,30.5,38.1,13.4,0.3,16.2,24.3,12.6,72.4,,,OBAnorm,,LD831_02097v2.403,,,,0,0
DENATRLA,2025-06-23 23:22:19.000,30.4,31.3,24.6,21.7,18.6,17.0,16.8,15.4,10.5,12.0,14.8,15.4,17.1,18.5,19.0,19.4,19.3,18.7,17.4,17.0,15.0,12.3,8.3,5.4,2.1,0.3,-1.9,-3.6,-3.6,-3.9,-4.5,-3.2,-0.2,25.1,31.3,39.4,13.4,0.3,16.2,24.3,12.6,72.4,,,OBAnorm,,LD831_02097v2.403,,,,0,0
DENATRLA,2025-06-23 23:22:20.000,26.5,26.3,27.9,19.8,16.5,17.5,16.9,13.6,11.5,10.2,12.5,16.2,19.1,18.7,20.3,19.7,19.7,19.6,18.1,17.0,14.8,11.8,7.9,5.1,3.1,1.0,-1.8,-3.6,-3.8,-3.9,-4.5,-3.3,-0.3,25.4,30.6,38.6,13.4,0.3,16.2,24.3,12.6,72.4,,,OBAnorm,,LD831_02097v2.403,,,,0,0
DENATRLA,2025-06-23 23:22:21.000,27.8,28.8,28.7,22.3,17.6,17.1,16.2,11.9,12.6,10.9,13.7,16.3,17.4,17.6,19.8,19.4,18.9,18.7,17.6,16.8,14.6,11.4,7.9,4.3,1.6,0.8,-1.8,-3.6,-3.7,-3.9,-4.4,-3.2,-0.2,24.9,30.1,36.5,13.4,0.3,16.2,24.2,12.6,72.4,,,OBAnorm,,LD831_02097v2.403,,,,0,0
DENATRLA,2025-06-23 23:22:22.000,30.1,24.5,23.5,18.8,19.4,18.5,16.8,14.1,9.2,7.8,13.0,15.4,18.0,19.8,18.8,17.8,18.7,18.8,17.8,16.2,14.3,11.7,10.7,12.5,12.0,0.7,-2.4,-3.6,-3.7,-3.9,-4.5,-3.3,-0.2,25.5,30.5,40.3,13.4,0.1,16.2,24.3,12.6,72.4,,,OBAnorm,,LD831_02097v2.403,,,,0,0
DENATRLA,2025-06-23 23:22:23.000,26.0,25.8,19.7,20.6,18.4,14.6,14.6,14.1,11.9,8.7,12.8,15.8,17.6,18.5,19.6,19.4,18.8,19.6,18.2,16.6,13.7,11.7,8.4,4.4,1.2,-0.2,-2.5,-3.7,-3.8,-3.9,-4.5,-3.1,-0.2,25.1,31.3,45.5,13.4,0.0,16.2,24.3,12.6,72.4,,,OBAnorm,,LD831_02097v2.403,,,,0,0
DENATRLA,2025-06-23 23:22:24.000,27.0,27.5,26.1,19.9,17.6,16.0,16.7,15.1,9.0,9.1,14.3,16.6,17.9,18.1,19.8,19.1,19.4,18.7,17.9,16.5,14.3,11.8,8.2,5.5,1.6,1.2,-2.0,-3.6,-3.7,-3.9,-4.4,-3.3,-0.3,25.1,30.5,37.0,13.4,0.0,16.2,24.3,12.6,73.0,,,OBAnorm,,LD831_02097v2.403,,,,0,0
DENATRLA,2025-06-23 23:22:25.000,29.7,26.8,26.3,20.5,19.9,16.1,16.3,13.2,9.1,8.8,13.1,16.2,18.3,18.7,20.3,19.4,18.5,19.9,17.7,16.6,14.3,12.5,9.3,8.2,4.3,0.9,-2.2,-3.4,-2.8,-3.4,-4.0,-3.0,-0.3,25.3,30.9,40.0,13.4,0.0,16.2,24.2,12.6,73.0,,,OBAnorm,,LD831_02097v2.403,,,,0,0
DENATRLA,2025-06-23 23:22:26.000,32.3,28.1,24.5,21.8,16.4,17.3,17.7,14.8,9.1,9.8,13.1,16.6,18.3,19.5,19.6,19.4,18.7,18.5,17.9,16.5,14.0,11.3,7.7,5.5,2.2,-0.6,-3.3,-3.8,-3.8,-3.9,-4.4,-3.2,-0.2,25.0,30.6,39.4,13.4,0.0,16.2,24.2,12.6,73.0,,,OBAnorm,,LD831_02097v2.403,,,,0,0
DENATRLA,2025-06-23 23:22:27.000,27.5,30.3,27.5,19.7,17.3,15.5,17.6,13.8,11.0,9.1,13.9,15.5,18.1,18.7,19.5,20.2,18.9,19.0,18.0,16.1,14.7,11.2,7.7,4.2,2.0,-0.5,-3.2,-3.8,-3.8,-3.9,-4.5,-3.2,0.0,24.9,30.6,39.1,13.4,0.0,16.2,24.3,12.6,73.0,,,OBAnorm,,LD831_02097v2.403,,,,0,0
DENATRLA,2025-06-23 23:22:28.000,28.3,24.2,23.7,20.1,15.2,17.5,18.0,14.5,10.9,9.7,14.3,16.1,16.6,18.5,20.3,19.0,19.3,19.4,18.2,17.5,15.0,11.7,7.7,3.7,0.5,-1.2,-3.4,-3.8,-3.8,-3.9,-4.5,-3.3,-0.2,25.4,31.6,48.2,13.4,0.0,16.2,24.2,12.5,72.9,,,OBAnorm,,LD831_02097v2.403,,,,0,0
DENATRLA,2025-06-23 23:22:29.000,29.4,29.4,25.9,19.9,17.3,16.6,17.5,15.1,10.8,10.3,12.9,16.8,18.2,19.2,20.2,19.5,19.1,19.6,18.3,17.1,15.1,12.3,8.4,4.1,1.2,-1.1,-3.2,-3.8,-3.8,-3.9,-4.4,-3.2,-0.2,25.4,31.7,47.4,13.4,0.0,16.2,24.2,12.5,72.9,,,OBAnorm,,LD831_02097v2.403,,,,0,0
DENATRLA,2025-06-23 23:22:30.000,29.9,31.4,23.2,23.6,19.2,18.0,17.2,15.5,12.6,10.1,12.5,15.1,16.8,18.6,18.6,19.7,18.7,18.7,18.2,16.9,14.7,12.1,8.6,6.5,1.8,-1.4,-3.3,-3.8,-3.8,-4.0,-4.4,-3.4,-0.1,25.2,36.3,59.1,13.4,0.0,16.2,24.2,12.5,72.9,,,OBAnorm,,LD831_02097v2.403,,,,0,0
DENATRLA,2025-06-23 23:22:31.000,34.4,28.2,25.3,21.8,21.5,18.1,17.8,16.1,12.9,8.9,12.7,15.9,17.6,19.5,19.1,19.4,18.4,19.0,17.5,16.2,13.9,11.8,8.5,8.7,6.3,0.7,-3.2,-3.7,-3.7,-3.8,-4.4,-3.3,0.0,24.9,37.6,59.0,13.4,0.0,16.2,24.2,12.5,72.9,,,OBAnorm,,LD831_02097v2.403,,,,0,0
DENATRLA,2025-06-23 23:22:32.000,31.5,28.8,36.3,26.5,25.8,20.8,19.9,14.8,11.1,7.8,11.8,13.7,17.9,18.8,19.9,19.0,18.5,18.7,18.4,16.0,13.8,11.4,7.7,5.0,3.0,-0.8,-3.3,-3.7,-3.8,-4.0,-4.4,-3.3,-0.3,24.9,33.4,55.6,13.4,0.0,16.2,24.2,12.5,72.9,,,OBAnorm,,LD831_02097v2.403,,,,0,0
DENATRLA,2025-06-23 23:22:33.000,39.1,38.3,29.4,25.0,17.3,18.6,15.6,12.9,10.6,8.7,11.9,15.8,17.4,19.1,19.5,19.4,18.2,18.8,18.7,16.4,14.1,11.4,8.0,4.3,2.6,-0.6,-2.8,-3.8,-3.8,-3.8,-4.5,-3.1,-0.1,25.0,35.9,56.3,13.4,0.0,16.2,24.3,12.5,72.9,,,OBAnorm,,LD831_02097v2.403,,,,0,0
DENATRLA,2025-06-23 23:22:34.000,39.4,32.0,28.8,23.1,18.6,17.3,15.6,12.1,10.6,8.8,12.9,16.2,19.1,18.7,19.3,19.8,19.4,18.7,18.3,16.2,13.8,11.2,7.4,4.3,1.8,0.3,-1.8,-3.7,-3.8,-4.0,-4.4,-3.2,-0.1,25.0,38.5,59.0,13.4,0.0,16.2,24.2,12.5,72.9,,,OBAnorm,,LD831_02097v2.403,,,,0,0
DENATRLA,2025-06-23 23:22:35.000,38.3,30.6,31.2,26.0,19.9,20.1,15.2,16.0,12.3,9.3,13.8,15.0,16.4,18.8,20.0,19.1,19.2,19.2,18.4,16.1,14.0,10.5,7.3,4.3,2.3,1.1,-0.6,-3.5,-3.7,-4.0,-4.4,-3.1,-0.2,24.9,34.9,55.2,13.4,0.0,16.2,24.2,12.5,72.9,,,OBAnorm,,LD831_02097v2.403,,,,0,0
DENATRLA,2025-06-23 23:22:36.000,36.4,32.2,32.1,30.8,24.9,21.4,16.5,13.7,11.0,9.8,12.8,16.1,16.9,18.3,19.3,19.0,19.5,19.2,18.0,16.6,14.7,11.4,8.0,4.9,2.8,1.5,-0.1,-3.3,-3.6,-4.0,-4.4,-3.2,-0.1,25.2,34.3,54.2,13.4,0.0,16.2,24.3,12.5,72.9,,,OBAnorm,,LD831_02097v2.403,,,,0,0
DENATRLA,2025-06-23 23:22:37.000,40.5,36.2,26.6,22.4,20.4,17.2,15.6,13.3,12.9,10.4,13.8,15.4,17.1,20.3,19.7,20.4,20.3,19.8,19.2,17.2,14.9,11.8,8.2,5.1,3.2,1.5,0.1,-3.1,-3.6,-3.8,-4.4,-3.2,-0.2,25.8,32.4,52.0,13.4,0.0,16.2,24.3,12.5,72.9,,,OBAnorm,,LD831_02097v2.403,,,,0,0
DENATRLA,2025-06-23 23:22:38.000,38.1,35.2,25.6,18.7,17.3,17.8,15.7,12.5,13.3,8.9,12.7,15.9,17.7,19.2,19.8,19.6,20.1,19.9,18.8,17.3,15.2,11.9,9.5,8.9,6.4,1.9,-1.1,-3.4,-3.8,-3.9,-4.4,-3.2,-0.2,26.0,31.4,46.4,13.4,0.0,16.2,24.2,12.5,72.9,,,OBAnorm,,LD831_02097v2.403,,,,0,0
DENATRLA,2025-06-23 23:22:39.000,33.0,31.7,27.1,22.0,17.6,14.7,15.6,11.8,12.4,10.2,13.1,16.4,18.2,17.7,20.3,19.4,19.3,19.0,18.8,17.0,14.5,11.4,8.2,4.9,3.4,0.0,-2.8,-3.5,-3.8,-4.0,-4.5,-3.1,-0.2,25.3,31.1,43.5,13.4,0.0,16.2,24.2,12.5,72.9,,,OBAnorm,,LD831_02097v2.403,,,,0,0
DENATRLA,2025-06-23 23:22:40.000,31.0,31.1,26.9,22.9,17.8,17.2,16.4,13.8,9.5,7.9,13.1,17.5,18.2,19.4,20.0,20.1,18.9,19.6,17.8,16.5,14.3,11.3,7.6,4.3,2.4,-0.4,-3.3,-3.6,-3.8,-3.9,-4.5,-3.3,-0.4,25.1,30.9,40.8,13.4,0.0,16.2,24.2,12.6,73.0,,,OBAnorm,,LD831_02097v2.403,,,,0,0
DENATRLA,2025-06-23 23:22:41.000,24.8,28.4,28.5,20.0,17.7,17.8,15.2,13.3,9.3,7.6,12.0,16.6,17.7,18.9,19.1,19.7,19.4,19.2,18.4,16.9,14.9,11.9,8.2,4.6,2.0,-0.6,-3.1,-3.7,-3.4,-3.7,-4.3,-3.2,-0.2,25.3,30.9,38.6,13.4,0.0,16.2,24.2,12.6,73.0,,,OBAnorm,,LD831_02097v2.403,,,,0,0
DENATRLA,2025-06-23 23:22:42.000,27.4,29.2,23.7,17.2,18.3,17.1,15.5,15.2,12.1,11.0,13.9,15.7,17.7,19.6,19.6,19.1,19.5,20.2,19.3,17.6,15.5,12.1,8.4,5.0,2.0,-0.5,-3.4,-3.8,-3.8,-3.9,-4.4,-3.2,-0.1,25.9,31.6,37.6,13.4,0.0,16.2,24.2,12.6,72.4,,,OBAnorm,,LD831_02097v2.403,,,,0,0
DENATRLA,2025-06-23 23:22:43.000,32.5,24.3,28.0,19.3,18.9,17.5,17.4,14.7,10.1,9.4,14.1,16.6,18.3,19.2,20.3,19.6,19.3,19.9,19.3,17.3,15.6,12.5,9.1,5.4,2.4,-0.1,-3.6,-3.9,-3.8,-4.0,-4.5,-3.3,-0.2,25.8,31.3,37.6,13.4,0.0,16.2,24.2,12.5,72.4,,,OBAnorm,,LD831_02097v2.403,,,,0,0
DENATRLA,2025-06-23 23:22:44.000,32.0,28.9,29.6,23.6,18.0,18.4,17.5,14.5,15.4,10.6,14.4,15.7,18.4,18.2,19.2,19.1,19.8,19.6,18.4,17.9,15.9,12.7,9.6,8.0,6.5,1.5,-3.2,-3.9,-3.8,-3.9,-4.5,-3.3,-0.2,25.8,31.5,38.3,13.4,0.0,16.2,24.2,12.5,72.4,,,OBAnorm,,LD831_02097v2.403,,,,0,0
DENATRLA,2025-06-23 23:22:45.000,29.2,28.6,29.9,20.1,18.7,16.7,17.1,16.3,12.9,11.2,14.6,16.4,19.9,19.2,19.9,19.3,19.9,19.8,18.7,17.5,15.4,12.1,8.3,5.3,2.5,0.3,-3.1,-3.8,-3.8,-4.0,-4.4,-3.3,-0.1,25.7,31.3,40.3,13.4,0.0,16.2,24.2,12.5,72.4,,,OBAnorm,,LD831_02097v2.403,,,,0,0
DENATRLA,2025-06-23 23:22:46.000,26.7,27.9,29.1,23.0,19.2,19.7,18.0,13.3,10.7,10.9,14.1,16.7,18.9,18.5,20.1,19.3,20.0,19.6,18.1,17.2,15.8,12.7,9.2,5.5,3.1,0.5,-2.9,-3.8,-3.8,-3.9,-4.5,-3.4,-0.1,25.9,32.4,47.7,13.4,0.0,16.2,24.2,12.5,72.4,,,OBAnorm,,LD831_02097v2.403,,,,0,0
DENATRLA,2025-06-23 23:22:47.000,30.0,28.6,26.1,19.4,18.2,16.2,17.1,15.5,11.9,9.8,15.1,16.5,17.6,20.1,19.5,19.7,20.1,19.2,18.7,18.5,15.4,13.2,9.3,4.9,2.1,0.5,-2.7,-3.8,-3.8,-3.9,-4.5,-3.2,-0.2,25.9,32.0,45.6,13.4,0.0,16.2,24.2,12.6,72.4,,,OBAnorm,,LD831_02097v2.403,,,,0,0
DENATRLA,2025-06-23 23:22:48.000,27.7,29.0,25.9,21.2,20.0,16.9,15.5,12.8,10.5,10.0,14.4,16.7,18.4,18.7,20.2,20.0,20.4,20.0,19.0,18.4,16.5,13.7,10.4,8.2,3.9,1.1,-3.0,-3.8,-3.8,-4.0,-4.5,-3.2,-0.1,26.3,32.2,47.1,13.4,0.0,16.2,24.2,12.6,72.4,,,OBAnorm,,LD831_02097v2.403,,,,0,0
DENATRLA,2025-06-23 23:22:49.000,34.0,31.8,26.5,19.4,20.6,19.9,16.7,14.5,12.3,9.9,13.0,15.6,18.7,18.7,19.6,19.0,19.6,19.6,19.2,18.5,15.7,13.7,9.4,6.6,6.1,1.2,-2.9,-3.8,-3.8,-4.0,-4.5,-3.3,-0.2,26.1,31.5,45.0,13.4,0.0,16.2,24.2,12.5,72.4,,,OBAnorm,,LD831_02097v2.403,,,,0,0
DENATRLA,2025-06-23 23:22:50.000,30.6,32.8,23.9,21.8,19.6,16.2,15.1,15.0,11.4,9.4,15.4,16.9,20.3,20.9,20.1,20.1,19.1,19.4,19.2,17.9,15.9,12.8,9.1,5.2,2.2,0.0,-3.2,-3.8,-3.6,-3.8,-4.3,-3.2,-0.2,25.9,31.9,48.7,13.4,0.0,16.2,24.2,12.5,72.4,,,OBAnorm,,LD831_02097v2.403,,,,0,0
DENATRLA,2025-06-23 23:22:51.000,29.1,29.9,23.8,20.3,18.1,17.3,15.2,13.8,13.8,10.2,13.9,16.6,18.6,19.4,19.8,20.8,20.0,20.3,18.7,17.8,15.8,12.8,9.0,5.0,2.5,0.0,-3.2,-3.8,-3.8,-4.0,-4.4,-3.0,-0.1,26.1,33.1,45.4,13.4,0.0,16.2,24.2,12.6,72.4,,,OBAnorm,,LD831_02097v2.403,,,,0,0
DENATRLA,2025-06-23 23:22:52.000,28.0,27.9,29.7,25.4,20.2,21.3,18.5,15.5,11.7,10.9,13.8,17.3,18.4,19.7,20.9,20.0,19.9,20.2,19.2,18.1,16.2,13.6,9.7,5.5,2.1,0.2,-2.5,-3.8,-3.8,-3.9,-4.6,-3.2,-0.3,26.3,32.4,43.4,13.4,0.0,16.2,24.2,12.6,72.4,,,OBAnorm,,LD831_02097v2.403,,,,0,0
DENATRLA,2025-06-23 23:22:53.000,32.3,33.7,29.0,22.2,18.4,16.9,17.6,14.9,8.5,10.5,12.6,16.7,18.6,19.2,19.6,19.8,19.0,20.0,20.2,18.1,15.6,13.2,9.1,5.1,2.7,2.7,-2.1,-3.8,-3.8,-4.0,-4.5,-3.3,-0.1,26.2,31.6,39.3,13.4,0.0,16.2,24.2,12.6,72.4,,,OBAnorm,,LD831_02097v2.403,,,,0,0
DENATRLA,2025-06-23 23:22:54.000,29.2,32.3,30.3,23.9,16.7,16.4,16.1,12.7,8.9,10.6,13.9,16.8,19.9,19.5,20.0,19.6,20.9,20.3,19.3,18.9,16.2,13.2,9.8,10.5,6.1,1.2,-2.5,-3.8,-3.8,-4.0,-4.4,-3.3,-0.3,26.5,31.9,40.3,13.4,0.0,16.2,24.2,12.6,72.4,,,OBAnorm,,LD831_02097v2.403,,,,0,0
DENATRLA,2025-06-23 23:22:55.000,30.5,29.5,27.7,21.2,17.2,17.1,15.9,16.1,10.9,10.2,13.7,16.7,18.8,21.0,20.1,19.9,20.5,19.7,19.2,17.8,15.9,13.0,9.2,6.0,3.6,1.5,-0.7,-3.5,-3.7,-3.9,-4.5,-3.1,-0.1,26.1,32.0,38.2,13.4,0.0,16.2,24.2,12.6,72.4,,,OBAnorm,,LD831_02097v2.403,,,,0,0
DENATRLA,2025-06-23 23:22:56.000,27.8,31.3,31.3,23.0,19.0,18.6,15.4,14.4,10.1,10.1,12.8,16.0,18.5,18.0,19.5,20.2,20.6,20.0,19.4,17.2,15.6,12.4,9.0,5.8,3.7,2.4,0.1,-3.2,-3.6,-4.0,-4.4,-3.1,-0.3,26.0,31.6,37.3,13.4,0.0,16.2,24.2,12.6,72.4,,,OBAnorm,,LD831_02097v2.403,,,,0,0
DENATRLA,2025-06-23 23:22:57.000,28.9,29.2,30.0,24.8,18.3,15.9,16.3,15.6,10.5,9.0,12.4,17.7,17.9,20.1,20.0,19.9,20.0,19.9,18.7,17.2,15.1,12.7,9.9,6.6,6.0,3.5,1.0,-2.7,-3.6,-3.9,-4.4,-3.3,-0.1,26.0,31.8,38.7,13.4,0.0,16.2,24.2,12.6,72.4,,,OBAnorm,,LD831_02097v2.403,,,,0,0
DENATRLA,2025-06-23 23:22:58.000,27.6,26.0,30.7,26.2,16.1,16.5,13.7,13.6,10.5,9.2,12.6,16.8,18.8,19.9,19.5,20.0,20.4,19.3,18.7,17.8,15.5,12.8,9.3,5.7,3.5,2.2,0.1,-3.2,-3.7,-4.0,-4.5,-3.1,-0.2,25.8,31.6,38.4,13.4,0.0,16.2,24.2,12.6,72.4,,,OBAnorm,,LD831_02097v2.403,,,,0,0
DENATRLA,2025-06-23 23:22:59.000,25.4,25.0,31.3,18.0,17.6,18.3,16.7,14.3,11.6,10.8,12.9,15.2,18.8,18.7,20.0,20.4,20.0,19.6,18.5,17.2,15.0,12.5,8.9,5.1,3.5,1.9,-0.1,-3.1,-3.8,-4.0,-4.5,-3.1,-0.1,25.7,31.3,39.4,13.4,0.0,16.2,24.2,12.5,72.4,,,OBAnorm,,LD831_02097v2.403,,,,0,0
DENATRLA,2025-06-23 23:23:00.000,26.5,24.1,28.1,23.5,19.2,18.0,16.9,11.2,11.5,11.4,12.8,15.0,17.5,18.4,18.9,19.7,19.9,19.5,18.8,17.0,14.7,12.3,8.9,5.7,3.9,3.0,0.3,-3.1,-3.7,-3.9,-4.4,-3.3,0.0,25.6,30.8,41.0,13.4,0.0,16.2,24.2,12.5,72.4,,,OBAnorm,,LD831_02097v2.403,,,,0,0
DENATRLA,2025-06-23 23:23:01.000,31.2,28.0,28.6,19.8,18.2,17.5,16.7,15.3,12.4,11.3,12.8,17.4,18.2,18.8,19.0,18.7,19.6,19.6,18.2,17.0,15.2,12.1,9.0,6.1,4.2,2.8,-0.1,-3.2,-3.7,-3.8,-4.4,-3.0,-0.2,25.4,30.5,40.9,13.4,0.0,16.2,24.2,12.6,72.4,,,OBAnorm,,LD831_02097v2.403,,,,0,0
DENATRLA,2025-06-23 23:23:02.000,30.3,28.3,26.9,21.2,20.1,17.2,16.1,14.7,13.9,9.3,13.3,16.0,18.7,19.2,19.9,20.4,19.7,19.8,18.3,16.4,14.4,11.3,8.4,4.8,3.2,1.8,-1.0,-3.5,-3.7,-4.0,-4.4,-3.0,-0.1,25.4,30.7,39.5,13.4,0.0,16.2,24.2,12.5,72.4,,,OBAnorm,,LD831_02097v2.403,,,,0,0
DENATRLA,2025-06-23 23:23:03.000,25.1,20.4,26.3,20.4,19.9,16.5,14.8,12.9,10.0,9.8,12.7,16.5,18.4,18.4,19.3,20.0,19.2,19.2,18.6,16.1,14.5,12.3,8.5,6.2,4.3,1.6,-1.7,-3.7,-3.8,-3.9,-4.4,-3.2,0.0,25.3,31.0,44.1,13.4,0.0,16.2,24.2,12.5,72.4,,,OBAnorm,,LD831_02097v2.403,,,,0,0
DENATRLA,2025-06-23 23:23:04.000,24.2,26.9,24.2,20.0,17.3,15.9,16.4,13.8,11.8,11.4,13.1,15.9,17.5,19.2,18.9,19.6,20.4,19.1,18.9,16.9,14.9,11.9,8.3,4.9,3.2,0.7,-2.3,-3.6,-3.7,-3.9,-4.4,-3.1,-0.1,25.5,30.9,42.6,13.4,0.0,16.2,24.2,12.5,72.4,,,OBAnorm,,LD831_02097v2.403,,,,0,0
DENATRLA,2025-06-23 23:23:05.000,25.0,26.7,28.8,20.7,17.1,15.4,14.1,12.2,10.2,9.3,12.5,16.2,18.2,18.2,19.6,18.7,19.3,20.1,18.5,16.3,14.3,11.9,8.6,5.2,3.7,0.4,-2.7,-3.8,-3.8,-3.9,-4.4,-3.3,-0.2,25.3,30.4,39.6,13.4,0.0,16.2,24.2,12.5,72.4,,,OBAnorm,,LD831_02097v2.403,,,,0,0
DENATRLA,2025-06-23 23:23:06.000,27.0,27.4,26.1,22.2,16.6,19.0,17.0,14.4,10.1,7.6,12.2,16.1,16.8,18.2,19.8,19.3,20.2,19.4,17.6,17.1,14.8,12.0,8.6,8.7,5.2,0.4,-3.1,-3.8,-3.8,-3.9,-4.5,-3.3,0.0,25.5,30.4,38.0,13.4,0.0,16.2,24.2,12.5,72.4,,,OBAnorm,,LD831_02097v2.403,,,,0,0
DENATRLA,2025-06-23 23:23:07.000,27.9,27.7,23.1,19.8,19.7,18.5,15.4,14.8,12.3,10.1,12.9,14.8,15.8,19.2,18.9,19.2,18.9,18.7,18.0,16.6,14.8,11.6,8.2,5.2,4.2,0.9,-2.7,-3.6,-3.4,-3.7,-4.3,-3.2,-0.2,25.0,30.1,37.4,13.4,0.0,16.2,24.2,12.5,72.4,,,OBAnorm,,LD831_02097v2.403,,,,0,0
DENATRLA,2025-06-23 23:23:08.000,25.4,28.2,23.6,21.6,17.3,16.2,14.8,13.6,11.0,10.2,13.0,14.6,17.1,18.3,18.3,19.1,18.9,18.9,17.7,16.0,14.2,11.6,7.4,4.7,2.8,-0.8,-3.2,-3.8,-3.9,-4.0,-4.4,-3.4,-0.2,24.8,29.8,39.3,13.4,0.0,16.2,24.2,12.5,72.4,,,OBAnorm,,LD831_02097v2.403,,,,0,0
DENATRLA,2025-06-23 23:23:09.000,25.4,25.1,26.0,21.4,17.7,15.7,16.5,12.9,9.5,8.2,12.1,16.7,17.5,18.2,20.5,19.3,19.1,19.4,18.1,16.8,14.5,11.0,8.0,4.0,2.0,-0.6,-3.4,-3.8,-3.8,-4.0,-4.5,-3.2,-0.2,25.2,30.3,37.2,13.4,0.0,16.2,24.2,12.5,72.4,,,OBAnorm,,LD831_02097v2.403,,,,0,0
DENATRLA,2025-06-23 23:23:10.000,25.3,24.4,22.1,19.6,18.3,19.0,15.4,11.7,10.6,8.4,12.8,13.7,15.9,18.5,18.4,18.7,18.9,19.1,17.7,16.4,14.4,11.7,7.7,4.6,2.2,-0.4,-3.0,-3.8,-3.8,-3.9,-4.5,-3.2,-0.2,24.9,29.7,37.0,13.4,0.0,16.2,24.2,12.5,72.4,,,OBAnorm,,LD831_02097v2.403,,,,0,0
DENATRLA,2025-06-23 23:23:11.000,27.6,25.6,21.0,17.2,15.4,14.2,17.1,13.3,6.0,9.9,13.9,14.5,18.0,19.1,18.2,19.5,19.4,19.3,18.2,16.8,14.7,11.6,8.5,5.6,3.5,1.4,-1.4,-3.6,-3.8,-3.9,-4.4,-3.1,-0.2,25.2,31.0,37.5,13.4,0.0,16.2,24.2,12.5,72.4,,,OBAnorm,,LD831_02097v2.403,,,,0,0
DENATRLA,2025-06-23 23:23:12.000,26.2,25.9,26.4,20.4,18.3,18.8,16.2,13.9,10.0,9.2,12.0,15.0,16.3,18.5,19.6,19.9,19.1,19.6,18.2,16.3,14.0,11.0,7.6,5.2,4.2,0.5,-1.7,-3.6,-3.8,-4.0,-4.5,-3.2,-0.2,25.0,30.7,37.6,13.4,0.0,16.2,24.2,12.5,72.4,,,OBAnorm,,LD831_02097v2.403,,,,0,0
DENATRLA,2025-06-23 23:23:13.000,25.2,26.3,28.3,20.1,17.5,17.7,15.4,13.0,9.0,9.4,12.0,15.4,17.0,18.6,19.2,18.5,18.9,18.7,17.7,16.5,13.9,11.0,7.5,4.4,2.5,0.0,-2.4,-3.8,-3.8,-4.0,-4.4,-3.3,-0.1,24.7,30.5,38.7,13.4,0.0,16.2,24.2,12.6,72.4,,,OBAnorm,,LD831_02097v2.403,,,,0,0
DENATRLA,2025-06-23 23:23:14.000,31.3,28.3,27.6,21.9,17.1,16.1,14.4,13.0,8.4,7.9,12.2,13.9,17.1,17.6,18.1,18.2,18.8,18.7,18.0,15.9,13.5,11.0,7.3,3.6,2.2,-0.1,-2.5,-3.8,-3.8,-4.0,-4.4,-3.3,-0.2,24.5,30.2,38.5,13.4,0.0,16.2,24.2,12.5,72.9,,,OBAnorm,,LD831_02097v2.403,,,,0,0
DENATRLA,2025-06-23 23:23:15.000,28.6,25.8,26.8,22.0,19.3,15.6,16.8,13.9,8.1,9.7,11.8,13.5,16.8,17.2,19.3,18.5,18.5,18.9,17.5,16.1,13.7,10.9,7.1,4.5,2.7,-0.1,-2.3,-3.8,-3.8,-3.9,-4.4,-2.8,-0.1,24.6,30.6,39.2,13.4,0.0,16.2,24.2,12.5,72.9,,,OBAnorm,,LD831_02097v2.403,,,,0,0
DENATRLA,2025-06-23 23:23:16.000,31.0,26.9,25.1,17.9,17.9,15.4,13.4,14.8,9.4,7.8,10.4,14.1,16.2,18.7,18.7,18.4,18.8,18.8,18.3,15.9,13.5,10.6,7.1,4.0,1.9,0.0,-2.1,-3.8,-3.8,-4.0,-4.5,-3.4,-0.2,24.5,30.0,37.5,13.4,0.0,16.2,24.2,12.5,72.9,,,OBAnorm,,LD831_02097v2.403,,,,0,0
DENATRLA,2025-06-23 23:23:17.000,32.8,29.6,29.7,15.2,19.4,16.1,15.9,12.8,10.5,8.9,11.9,14.4,15.9,19.3,18.3,17.9,18.4,19.0,17.5,15.3,13.1,10.7,7.5,4.6,1.4,-0.8,-3.1,-3.8,-3.8,-4.0,-4.4,-3.3,-0.3,24.3,29.5,37.4,13.4,0.0,16.2,24.2,12.5,72.9,,,OBAnorm,,LD831_02097v2.403,,,,0,0
DENATRLA,2025-06-23 23:23:18.000,27.7,26.8,26.0,22.2,15.6,15.4,15.6,13.5,11.3,7.8,12.8,15.2,16.7,19.0,18.7,19.2,18.7,18.4,17.9,15.6,13.6,10.4,6.1,3.6,1.7,-0.6,-3.4,-3.8,-3.9,-4.0,-4.5,-3.3,-0.1,24.5,29.9,38.7,13.4,0.0,16.2,24.2,12.5,72.9,,,OBAnorm,,LD831_02097v2.403,,,,0,0
DENATRLA,2025-06-23 23:23:19.000,24.5,22.8,24.1,17.8,18.6,16.4,14.6,12.8,7.7,7.7,10.9,14.1,15.5,16.9,18.9,18.3,18.9,18.6,17.7,15.5,13.4,10.6,6.7,3.8,2.5,-0.8,-3.3,-3.9,-3.8,-4.0,-4.5,-3.3,-0.1,24.3,29.4,36.4,13.4,0.0,16.2,24.2,12.5,72.9,,,OBAnorm,,LD831_02097v2.403,,,,0,0
DENATRLA,2025-06-23 23:23:20.000,27.8,28.5,23.1,17.2,11.7,17.1,17.3,13.0,7.4,7.5,10.0,14.6,17.6,17.5,19.3,18.8,17.7,18.8,17.5,15.8,13.4,10.0,7.2,4.9,2.9,-0.6,-3.3,-3.8,-3.8,-4.0,-4.4,-3.3,0.0,24.2,29.7,36.6,13.4,0.0,16.2,24.2,12.5,72.9,,,OBAnorm,,LD831_02097v2.403,,,,0,0
DENATRLA,2025-06-23 23:23:21.000,25.4,21.8,23.8,22.2,15.4,13.5,15.2,13.8,7.8,9.0,13.1,15.5,16.0,17.9,18.4,19.7,18.5,18.1,17.1,15.4,13.3,11.0,6.8,3.9,1.8,-0.3,-3.4,-3.8,-3.8,-3.9,-4.4,-3.1,-0.2,24.2,29.9,37.9,13.4,0.0,16.2,24.2,12.5,72.9,,,OBAnorm,,LD831_02097v2.403,,,,0,0
DENATRLA,2025-06-23 23:23:22.000,31.3,26.7,23.7,20.2,17.8,13.9,15.6,13.3,9.0,7.5,10.6,15.1,17.8,18.1,18.7,19.0,18.5,18.5,17.3,15.7,13.6,10.6,7.8,4.2,2.0,-0.2,-3.1,-3.8,-3.8,-3.9,-4.4,-3.2,-0.2,24.3,29.7,35.9,13.4,0.0,16.2,24.2,12.5,72.9,,,OBAnorm,,LD831_02097v2.403,,,,0,0
DENATRLA,2025-06-23 23:23:23.000,30.1,28.4,25.5,23.2,17.9,16.9,12.1,12.9,8.9,9.1,11.5,15.6,18.0,18.0,18.7,19.4,18.1,19.0,17.2,15.4,13.6,11.2,7.2,4.5,1.9,-0.5,-3.0,-3.9,-3.8,-3.9,-4.5,-3.3,-0.2,24.6,30.2,37.8,13.4,0.0,16.2,24.2,12.5,72.9,,,OBAnorm,,LD831_02097v2.403,,,,0,0
DENATRLA,2025-06-23 23:23:24.000,26.1,23.8,25.5,21.4,16.5,14.7,16.2,15.6,8.2,8.6,11.6,13.6,17.9,17.9,19.4,18.7,17.9,18.8,17.6,15.7,13.4,10.9,7.2,4.2,2.0,-0.3,-3.0,-3.8,-3.8,-4.0,-4.5,-3.2,-0.2,24.5,29.9,37.5,13.4,0.0,16.2,24.2,12.5,72.9,,,OBAnorm,,LD831_02097v2.403,,,,0,0
DENATRLA,2025-06-23 23:23:25.000,29.1,24.5,25.6,20.3,16.2,14.9,15.7,11.0,7.4,8.4,12.9,15.1,17.2,19.4,19.5,18.6,18.7,18.9,17.5,16.5,14.5,11.2,7.5,4.4,3.1,2.0,-1.9,-3.8,-3.8,-3.9,-4.4,-3.2,-0.2,24.9,30.2,40.6,13.4,0.0,16.2,24.2,12.5,72.9,,,OBAnorm,,LD831_02097v2.403,,,,0,0
DENATRLA,2025-06-23 23:23:26.000,28.1,25.9,27.0,20.0,17.7,14.3,15.2,12.7,10.3,7.4,13.5,15.9,18.0,19.6,20.1,19.1,19.3,19.2,18.8,17.5,14.2,11.5,8.3,4.5,2.2,1.5,-1.0,-3.6,-3.8,-3.9,-4.5,-3.3,-0.2,25.5,32.0,47.8,13.4,0.0,16.2,24.2,12.5,72.9,,,OBAnorm,,LD831_02097v2.403,,,,0,0
DENATRLA,2025-06-23 23:23:27.000,24.2,26.4,23.3,19.0,15.2,15.9,16.2,11.5,9.5,8.8,13.1,15.9,18.2,19.5,20.8,19.8,19.0,20.1,19.1,18.1,15.5,11.9,8.5,5.0,2.6,1.5,-0.6,-3.5,-3.8,-4.0,-4.4,-3.3,-0.1,26.0,32.1,52.4,13.4,0.0,16.2,24.2,12.5,72.9,,,OBAnorm,,LD831_02097v2.403,,,,0,0
DENATRLA,2025-06-23 23:23:28.000,29.3,32.8,25.9,23.0,18.0,16.0,15.9,12.1,8.6,8.3,12.1,16.7,17.6,18.5,19.8,18.9,19.1,19.6,18.6,17.7,15.5,12.2,8.2,5.9,3.1,1.0,-0.8,-3.3,-3.7,-4.0,-4.5,-3.2,-0.1,25.6,31.1,45.7,13.4,0.0,16.2,24.2,12.5,72.9,,,OBAnorm,,LD831_02097v2.403,,,,0,0
DENATRLA,2025-06-23 23:23:29.000,32.4,26.6,26.2,18.8,17.1,14.5,13.7,9.0,10.1,8.5,12.2,16.1,17.5,19.2,19.8,19.4,18.9,19.0,18.4,16.8,14.7,11.2,8.1,5.6,3.1,0.9,-0.5,-3.0,-3.4,-3.6,-4.4,-3.2,-0.1,25.0,30.4,46.4,13.4,0.0,16.2,24.2,12.5,72.9,,,OBAnorm,,LD831_02097v2.403,,,,0,0
DENATRLA,2025-06-23 23:23:30.000,28.7,27.5,26.9,21.2,16.7,16.7,15.1,11.2,10.3,9.2,13.4,17.1,18.0,18.6,20.1,18.5,18.6,19.2,17.9,16.3,14.0,11.8,8.3,6.2,3.2,1.1,-0.8,-3.0,-2.1,-3.1,-4.2,-3.0,-0.1,25.1,30.8,41.6,13.4,0.0,16.2,24.2,12.5,72.9,,,OBAnorm,,LD831_02097v2.403,,,,0,0
DENATRLA,2025-06-23 23:23:31.000,29.8,27.3,22.4,21.7,17.9,15.6,14.2,13.8,10.4,9.3,11.6,15.1,17.9,19.4,20.0,20.3,18.5,19.4,17.8,16.6,14.2,11.3,7.8,4.4,2.9,1.4,-1.0,-3.2,-3.4,-3.7,-4.4,-3.2,-0.2,25.1,30.6,40.3,13.4,0.0,16.2,24.2,12.5,72.9,,,OBAnorm,,LD831_02097v2.403,,,,0,0
DENATRLA,2025-06-23 23:23:32.000,29.5,27.0,25.5,20.0,16.2,15.3,16.6,10.5,8.2,8.4,12.1,15.6,17.8,19.0,20.1,18.5,18.7,18.8,17.8,17.1,14.1,11.3,7.9,4.7,2.1,1.8,-0.9,-3.5,-3.5,-3.7,-4.4,-3.2,-0.2,25.0,30.5,39.0,13.4,0.0,16.2,24.2,12.5,72.9,,,OBAnorm,,LD831_02097v2.403,,,,0,0
DENATRLA,2025-06-23 23:23:33.000,29.3,29.2,26.3,22.4,17.8,17.0,15.1,12.0,9.3,10.6,12.7,14.6,18.1,18.4,19.5,19.1,19.0,18.8,17.6,16.0,13.7,10.7,7.2,5.2,3.2,1.9,-1.3,-3.5,-3.6,-3.7,-4.3,-3.2,-0.1,24.8,30.0,38.5,13.4,0.0,16.2,24.2,12.5,72.9,,,OBAnorm,,LD831_02097v2.403,,,,0,0
DENATRLA,2025-06-23 23:23:34.000,30.0,26.5,26.9,20.8,19.0,17.3,16.4,12.3,11.1,9.7,13.4,15.6,16.6,17.8,19.0,19.4,18.0,19.2,18.0,16.8,13.7,11.6,8.1,5.7,3.8,1.6,-1.0,-3.5,-3.8,-3.9,-4.4,-3.1,-0.3,24.9,30.2,39.4,13.4,0.0,16.2,24.2,12.5,72.9,,,OBAnorm,,LD831_02097v2.403,,,,0,0
DENATRLA,2025-06-23 23:23:35.000,24.6,27.4,22.3,19.3,17.5,17.2,14.5,15.0,9.1,10.1,12.5,15.8,18.8,18.4,19.3,18.0,18.3,18.8,18.1,16.4,14.0,11.3,9.8,9.6,9.0,2.2,-1.4,-3.6,-3.3,-3.7,-4.3,-3.2,-0.2,25.1,30.1,40.3,13.4,0.0,16.2,24.2,12.6,72.4,,,OBAnorm,,LD831_02097v2.403,,,,0,0
DENATRLA,2025-06-23 23:23:36.000,25.0,25.0,25.5,20.7,16.1,16.9,14.9,13.3,10.5,9.8,12.0,16.6,17.9,19.6,19.6,19.8,19.3,19.1,17.2,17.1,14.6,12.5,8.7,5.0,3.4,2.0,-0.4,-3.5,-3.8,-3.9,-4.4,-3.2,-0.3,25.4,30.9,39.7,13.4,0.0,16.2,24.2,12.6,72.4,,,OBAnorm,,LD831_02097v2.403,,,,0,0
DENATRLA,2025-06-23 23:23:37.000,22.9,27.4,27.4,22.6,18.0,16.8,16.4,13.5,10.3,8.2,10.9,16.4,18.5,18.1,20.3,20.0,19.1,19.1,18.7,17.1,15.0,12.7,9.5,5.9,5.1,4.7,2.1,-2.2,-3.4,-3.9,-4.4,-3.2,-0.2,25.7,30.8,40.4,13.4,0.0,16.2,24.2,12.6,72.4,,,OBAnorm,,LD831_02097v2.403,,,,0,0
DENATRLA,2025-06-23 23:23:38.000,26.9,24.7,27.8,23.2,16.9,17.5,12.7,14.5,9.9,10.3,13.2,15.7,18.3,18.7,21.1,19.6,20.1,19.8,18.7,18.0,15.7,13.6,10.4,9.0,7.1,5.8,3.2,-1.3,-3.0,-3.8,-4.5,-3.4,-0.1,26.5,31.3,38.1,13.4,0.0,16.2,24.2,12.6,72.4,,,OBAnorm,,LD831_02097v2.403,,,,0,0
DENATRLA,2025-06-23 23:23:39.000,28.7,24.8,26.5,22.3,19.4,15.2,16.3,14.1,12.0,11.8,13.7,16.4,17.6,19.7,21.0,20.4,19.6,20.3,19.7,18.6,16.2,13.7,10.2,7.7,6.9,6.6,4.5,-0.1,-2.8,-3.9,-4.4,-3.3,-0.1,26.6,31.4,37.2,13.4,0.0,16.2,24.2,12.6,72.4,,,OBAnorm,,LD831_02097v2.403,,,,0,0
DENATRLA,2025-06-23 23:23:40.000,26.5,30.7,25.3,21.9,18.5,16.5,15.2,12.5,11.9,10.7,13.0,16.9,17.8,19.9,20.4,20.6,19.7,20.1,19.1,18.0,15.5,13.3,9.5,6.7,5.2,5.5,3.6,-0.6,-3.0,-3.9,-4.5,-3.2,-0.2,26.1,31.1,37.2,13.4,0.0,16.2,24.1,12.6,72.4,,,OBAnorm,,LD831_02097v2.403,,,,0,0
DENATRLA,2025-06-23 23:23:41.000,23.5,26.2,28.7,22.2,18.3,16.5,16.0,14.6,11.0,9.6,13.8,16.5,17.6,19.3,20.7,21.1,19.5,19.4,19.4,17.4,15.1,12.4,9.5,6.5,5.4,4.4,2.2,-1.5,-3.0,-3.9,-4.4,-3.3,-0.2,26.1,31.0,37.7,13.4,0.0,16.2,24.2,12.6,72.4,,,OBAnorm,,LD831_02097v2.403,,,,0,0
DENATRLA,2025-06-23 23:23:42.000,27.7,27.6,27.2,21.8,17.1,17.6,14.0,12.5,10.5,9.9,13.6,15.8,18.5,20.8,20.9,20.9,20.4,20.1,19.3,17.7,15.1,12.9,9.2,6.5,5.5,4.8,2.6,-1.6,-3.1,-3.8,-4.4,-3.3,-0.2,26.2,31.4,38.2,13.4,0.0,16.2,24.2,12.6,72.4,,,OBAnorm,,LD831_02097v2.403,,,,0,0
DENATRLA,2025-06-23 23:23:43.000,26.8,25.8,27.0,23.2,18.3,15.9,15.3,12.0,10.4,11.5,13.0,18.0,18.5,19.6,21.2,19.9,20.3,19.6,19.2,18.2,15.7,13.1,9.8,7.2,5.5,5.1,3.3,-0.9,-2.7,-3.7,-4.4,-3.1,-0.1,26.4,31.4,38.8,13.4,0.0,16.2,24.2,12.5,72.4,,,OBAnorm,,LD831_02097v2.403,,,,0,0
DENATRLA,2025-06-23 23:23:44.000,27.3,26.9,24.4,21.8,18.2,17.6,16.3,12.7,10.1,9.6,12.9,17.2,19.5,20.4,21.1,21.2,20.3,20.3,19.4,18.2,16.2,13.9,9.7,8.6,5.9,5.4,3.4,-0.8,-2.6,-3.9,-4.4,-3.2,-0.2,26.7,31.3,37.4,13.4,0.0,16.2,24.2,12.5,72.4,,,OBAnorm,,LD831_02097v2.403,,,,0,0
DENATRLA,2025-06-23 23:23:45.000,30.6,28.6,22.6,20.6,19.4,15.1,12.6,14.8,10.2,9.0,13.2,17.2,18.4,21.2,20.5,20.2,20.4,20.1,19.2,18.9,16.9,14.3,10.8,7.3,5.3,5.6,3.5,-1.0,-2.8,-3.9,-4.4,-3.1,-0.2,26.9,31.4,38.1,13.4,0.0,16.2,24.2,12.6,72.4,,,OBAnorm,,LD831_02097v2.403,,,,0,0
DENATRLA,2025-06-23 23:23:46.000,26.6,25.9,26.2,22.6,19.3,17.6,14.4,14.3,10.8,9.7,13.7,15.8,19.1,20.2,21.6,20.2,19.8,19.8,20.1,18.7,16.5,14.0,11.1,8.0,6.6,7.2,4.9,0.1,-2.5,-3.9,-4.4,-3.3,-0.1,26.8,31.9,38.9,13.4,0.0,16.2,24.2,12.6,72.4,,,OBAnorm,,LD831_02097v2.403,,,,0,0
DENATRLA,2025-06-23 23:23:47.000,25.2,26.9,24.5,25.1,17.7,17.8,15.1,12.9,11.5,10.6,15.1,18.0,20.3,20.8,21.3,21.5,20.6,19.7,20.2,19.2,17.2,15.3,12.5,9.9,9.0,9.3,6.9,1.5,-1.7,-3.8,-4.4,-3.2,-0.3,27.5,32.0,41.3,13.4,0.0,16.2,24.2,12.6,72.4,,,OBAnorm,,LD831_02097v2.403,,,,0,0
DENATRLA,2025-06-23 23:23:48.000,29.1,29.4,27.0,21.3,21.2,18.1,14.5,12.1,11.5,12.5,12.9,17.0,19.2,20.9,21.9,20.8,20.1,19.8,20.1,18.7,17.0,15.6,12.6,10.4,9.8,10.2,7.4,2.3,-1.1,-3.8,-4.2,-3.3,-0.2,27.5,32.3,44.4,13.4,0.0,16.2,24.2,12.6,72.4,,,OBAnorm,,LD831_02097v2.403,,,,0,0
DENATRLA,2025-06-23 23:23:49.000,29.1,27.0,22.9,20.6,18.5,19.6,14.9,13.8,10.7,10.5,14.9,17.4,20.0,21.6,21.6,21.7,20.5,20.2,19.9,19.8,17.4,15.3,12.2,10.5,9.1,9.2,7.1,2.0,-1.1,-3.7,-4.4,-3.2,-0.1,27.6,32.5,41.6,13.4,0.0,16.2,24.1,12.6,72.4,,,OBAnorm,,LD831_02097v2.403,,,,0,0
DENATRLA,2025-06-23 23:23:50.000,25.9,31.6,28.0,23.8,20.0,17.2,18.8,13.2,11.3,11.8,13.8,17.5,19.2,20.5,21.8,21.4,21.1,21.2,19.9,19.5,16.7,15.3,11.9,9.2,8.2,8.6,7.1,1.9,-1.3,-3.9,-4.5,-3.3,-0.1,27.6,32.5,39.6,13.4,0.0,16.2,24.1,12.6,72.4,,,OBAnorm,,LD831_02097v2.403,,,,0,0
DENATRLA,2025-06-23 23:23:51.000,31.2,26.7,27.2,23.5,23.2,18.8,17.3,16.3,12.5,12.5,14.3,15.8,18.5,21.0,21.4,21.7,20.4,21.2,19.5,18.7,16.1,14.9,11.2,8.7,7.5,8.3,7.0,1.9,-1.4,-3.9,-4.4,-3.1,0.0,27.1,33.8,48.3,13.4,0.0,16.2,24.2,12.6,71.8,,,OBAnorm,,LD831_02097v2.403,,,,0,0
DENATRLA,2025-06-23 23:23:52.000,27.6,25.8,28.4,22.8,24.4,19.0,16.8,14.5,11.8,10.6,14.9,17.2,19.7,19.6,21.3,21.1,20.5,20.5,21.0,19.4,17.1,15.1,11.8,9.3,7.6,8.7,7.1,2.1,-0.8,-3.6,-4.3,-3.1,-0.2,27.5,33.6,51.3,13.4,0.0,16.2,24.1,12.6,71.8,,,OBAnorm,,LD831_02097v2.403,,,,0,0
DENATRLA,2025-06-23 23:23:53.000,35.1,32.3,27.1,23.0,19.7,15.7,16.5,11.1,13.3,10.9,13.1,17.3,19.8,21.3,21.3,21.1,20.0,19.7,20.0,19.0,16.7,14.7,12.0,9.7,7.5,8.5,6.7,2.1,-1.2,-3.6,-4.1,-3.0,-0.2,27.2,32.3,45.9,13.4,0.0,16.2,24.2,12.6,71.8,,,OBAnorm,,LD831_02097v2.403,,,,0,0
DENATRLA,2025-06-23 23:23:54.000,31.6,30.6,26.0,21.0,18.7,17.7,16.2,14.0,10.5,9.7,12.6,15.9,19.1,20.0,20.7,20.9,19.5,20.1,19.9,18.2,16.1,14.5,11.3,8.8,8.2,8.3,6.8,1.7,-1.3,-3.7,-4.4,-3.2,-0.1,26.9,32.7,48.6,13.4,0.0,16.2,24.2,12.6,71.8,,,OBAnorm,,LD831_02097v2.403,,,,0,0
DENATRLA,2025-06-23 23:23:55.000,31.5,28.3,26.8,21.1,19.2,15.2,16.7,14.5,13.2,9.5,14.3,17.2,18.0,20.1,20.6,19.8,20.6,20.2,19.8,18.2,16.3,13.9,11.4,8.9,8.6,9.5,8.0,2.7,-0.7,-3.7,-4.4,-3.1,-0.1,26.9,31.9,46.8,13.4,0.0,16.2,24.1,12.6,71.8,,,OBAnorm,,LD831_02097v2.403,,,,0,0
DENATRLA,2025-06-23 23:23:56.000,32.0,30.9,24.5,24.4,20.7,15.4,16.3,13.4,11.1,10.3,13.1,16.7,19.2,20.3,20.4,21.2,19.7,20.2,19.4,17.8,15.8,13.6,10.2,7.7,7.1,7.7,6.5,1.7,-1.1,-3.6,-4.3,-3.1,-0.1,26.6,32.4,46.1,13.4,0.0,16.2,24.2,12.6,71.3,,,OBAnorm,,LD831_02097v2.403,,,,0,0
DENATRLA,2025-06-23 23:23:57.000,32.7,28.6,25.1,26.9,17.3,16.8,16.6,14.0,10.9,11.2,12.4,17.1,18.5,19.3,20.0,20.4,19.0,20.5,19.9,18.1,16.2,13.5,10.4,7.6,6.4,7.0,5.7,1.1,-1.9,-3.7,-4.5,-3.1,-0.2,26.6,32.0,47.4,13.4,0.0,16.2,24.2,12.6,71.3,,,OBAnorm,,LD831_02097v2.403,,,,0,0
DENATRLA,2025-06-23 23:23:58.000,32.3,31.5,25.3,24.3,16.6,16.9,15.9,12.8,9.1,11.1,13.4,16.2,17.5,19.9,20.7,20.1,19.9,20.2,19.1,17.0,15.4,13.2,9.1,6.8,5.8,6.0,4.5,0.1,-2.4,-3.7,-4.4,-3.1,-0.1,25.9,31.0,41.6,13.4,0.0,16.2,24.2,12.6,71.3,,,OBAnorm,,LD831_02097v2.403,,,,0,0
DENATRLA,2025-06-23 23:23:59.000,27.8,27.4,23.8,24.0,18.4,13.5,16.9,13.1,11.7,10.2,14.7,16.8,18.7,19.0,20.7,19.8,19.5,20.0,19.2,17.1,14.7,12.5,9.3,7.4,6.1,5.7,4.2,-0.5,-2.5,-3.6,-4.4,-3.1,-0.2,26.0,34.1,51.9,13.4,0.0,16.2,24.2,12.6,71.3,,,OBAnorm,,LD831_02097v2.403,,,,0,0
DENATRLA,2025-06-23 23:24:00.000,29.8,30.3,27.0,22.7,19.1,16.8,15.2,14.7,11.5,11.9,14.0,16.2,18.5,19.3,19.5,19.0,19.9,19.9,19.9,17.8,15.8,13.2,10.2,10.3,11.8,5.8,2.7,-1.5,-2.9,-3.7,-4.3,-3.1,-0.1,26.5,33.4,52.9,13.4,0.0,16.2,24.2,12.7,71.3,,,OBAnorm,,LD831_02097v2.403,,,,0,0
DENATRLA,2025-06-23 23:24:01.000,30.1,32.2,31.1,24.1,21.2,16.7,14.9,14.1,10.1,8.5,13.5,15.8,17.9,19.5,20.2,20.1,20.3,20.0,20.2,17.8,15.6,12.9,9.1,5.8,4.2,3.3,1.2,-2.4,-3.6,-4.0,-4.3,-3.2,0.0,26.5,32.5,46.8,13.4,0.0,16.2,24.1,12.7,71.3,,,OBAnorm,,LD831_02097v2.403,,,,0,0
DENATRLA,2025-06-23 23:24:02.000,35.0,33.6,27.3,22.3,17.1,18.2,14.6,16.5,11.8,9.1,14.7,16.1,17.8,19.8,20.6,21.3,19.8,19.7,19.7,17.6,15.1,12.4,8.5,5.6,3.2,2.7,0.4,-3.0,-3.7,-3.9,-4.4,-3.1,0.0,26.1,33.0,47.5,13.4,0.0,16.2,24.1,12.6,71.3,,,OBAnorm,,LD831_02097v2.403,,,,0,0
DENATRLA,2025-06-23 23:24:03.000,32.5,31.4,23.8,24.9,20.1,16.7,16.0,12.1,12.1,9.6,10.9,16.4,18.3,19.5,20.3,20.8,20.0,20.4,19.3,17.5,15.0,12.4,9.2,7.9,4.4,4.2,0.0,-3.2,-3.7,-3.8,-4.4,-3.2,0.0,26.2,32.1,49.6,13.4,0.0,16.2,24.1,12.6,71.3,,,OBAnorm,,LD831_02097v2.403,,,,0,0
DENATRLA,2025-06-23 23:24:04.000,31.4,33.9,27.4,24.2,20.0,18.3,16.9,12.9,11.9,11.8,13.7,15.6,18.0,19.7,21.2,20.7,19.5,20.8,19.5,18.1,15.8,12.3,9.2,7.3,5.0,2.4,0.0,-3.2,-3.7,-3.9,-4.4,-3.2,0.0,26.4,34.0,54.0,13.4,0.0,16.2,24.2,12.6,71.3,,,OBAnorm,,LD831_02097v2.403,,,,0,0
DENATRLA,2025-06-23 23:24:05.000,31.6,31.3,27.4,21.8,20.4,17.1,18.5,13.0,11.7,9.1,12.1,16.8,18.3,20.9,19.9,20.5,20.5,20.2,19.2,17.9,15.6,13.2,9.0,6.0,3.9,1.9,-0.3,-3.2,-3.6,-4.0,-4.4,-3.2,-0.1,26.3,34.1,52.1,13.4,0.0,16.2,24.1,12.7,71.3,,,OBAnorm,,LD831_02097v2.403,,,,0,0
DENATRLA,2025-06-23 23:24:06.000,29.3,28.5,26.8,24.9,21.2,17.0,16.0,15.3,9.0,11.2,14.1,15.5,19.5,19.4,20.6,21.5,20.4,21.1,19.4,17.6,15.8,12.6,9.7,7.1,5.6,1.9,-1.4,-3.6,-3.8,-4.0,-4.5,-3.2,-0.1,26.6,32.9,49.6,13.4,0.0,25.4,24.1,12.7,71.3,,,OBAnorm,,LD831_02097v2.403,,,,0,0
DENATRLA,2025-06-23 23:24:07.000,36.3,30.6,23.7,23.6,16.3,17.5,13.5,13.7,13.0,10.8,12.1,15.3,18.2,19.2,21.2,20.6,20.9,20.5,19.6,17.9,15.7,13.2,9.5,6.5,3.4,1.4,-1.5,-3.4,-3.6,-3.6,-4.2,-3.1,-0.1,26.5,31.6,43.0,13.4,0.0,30.0,24.1,12.7,71.3,,,OBAnorm,,LD831_02097v2.403,,,,0,0
DENATRLA,2025-06-23 23:24:08.000,34.9,26.6,25.1,25.3,20.5,16.1,17.2,15.8,11.5,10.3,13.5,15.6,17.4,19.4,20.4,21.4,21.2,20.7,19.7,18.5,15.7,13.3,9.0,7.8,4.3,1.4,-1.4,-3.6,-3.8,-3.9,-4.5,-3.2,-0.2,26.8,31.6,40.4,13.4,0.0,31.5,24.1,12.7,71.3,,,OBAnorm,,LD831_02097v2.403,,,,0,0
DENATRLA,2025-06-23 23:24:09.000,33.4,28.8,24.3,24.4,19.0,17.3,19.1,12.1,8.7,11.8,14.4,17.7,19.0,19.9,20.9,21.4,20.9,21.4,19.1,17.6,15.5,12.7,8.7,6.5,4.1,1.2,-1.7,-3.6,-3.7,-3.8,-4.3,-3.2,-0.3,26.5,31.9,39.3,13.4,0.0,31.6,24.1,12.7,71.3,,,OBAnorm,,LD831_02097v2.403,,,,0,0
DENATRLA,2025-06-23 23:24:10.000,28.9,27.7,23.9,21.2,19.8,19.3,18.0,13.2,11.5,10.7,12.6,15.7,18.7,20.3,21.2,21.2,20.8,20.5,19.1,17.9,15.7,12.9,9.3,5.5,2.7,1.0,-1.2,-3.6,-3.7,-4.0,-4.4,-3.0,-0.2,26.5,31.5,38.5,13.4,0.0,31.6,24.1,12.7,71.3,,,OBAnorm,,LD831_02097v2.403,,,,0,0
DENATRLA,2025-06-23 23:24:11.000,25.7,30.1,26.4,23.0,18.3,17.4,14.5,14.8,12.6,10.1,12.8,16.2,19.5,20.6,20.8,21.0,21.0,20.8,20.5,18.6,16.6,14.0,9.4,5.8,2.9,1.2,-1.4,-3.6,-3.8,-3.9,-4.4,-3.2,-0.1,27.0,31.5,39.2,13.4,0.0,31.6,24.1,12.7,71.3,,,OBAnorm,,LD831_02097v2.403,,,,0,0
DENATRLA,2025-06-23 23:24:12.000,26.3,30.7,25.0,20.1,17.2,19.8,16.9,16.5,11.6,12.1,13.6,17.9,19.1,20.6,21.3,21.3,21.5,20.2,20.4,18.8,16.8,13.9,10.0,8.0,3.7,1.7,-2.1,-3.7,-3.8,-3.9,-4.5,-3.3,-0.2,27.1,32.4,43.3,13.4,0.0,31.6,24.1,12.7,71.3,,,OBAnorm,,LD831_02097v2.403,,,,0,0
DENATRLA,2025-06-23 23:24:13.000,25.8,23.0,28.4,20.4,19.3,17.5,16.8,13.6,12.2,11.4,13.4,17.4,18.6,20.8,21.1,21.5,21.2,20.1,19.9,18.7,16.6,13.9,10.4,9.0,6.1,1.5,-2.3,-3.8,-3.7,-3.8,-4.4,-3.1,-0.1,27.0,32.2,41.7,13.4,0.0,31.6,24.1,12.7,71.3,,,OBAnorm,,LD831_02097v2.403,,,,0,0
DENATRLA,2025-06-23 23:24:14.000,29.4,23.4,27.5,24.6,18.6,19.4,16.2,15.8,12.0,12.0,14.8,16.7,19.3,19.9,21.7,21.7,21.5,21.5,19.8,19.1,17.4,13.6,10.3,8.1,5.9,1.2,-2.4,-3.8,-3.8,-4.0,-4.5,-3.2,-0.2,27.3,32.5,41.1,13.4,0.0,31.6,24.1,12.7,71.3,,,OBAnorm,,LD831_02097v2.403,,,,0,0
DENATRLA,2025-06-23 23:24:15.000,30.0,23.3,31.0,24.3,16.8,14.9,19.1,15.1,14.1,10.4,15.0,17.0,19.6,20.4,21.2,20.7,22.0,21.4,21.0,19.8,17.1,14.8,10.7,7.4,4.2,0.9,-2.9,-3.9,-3.8,-4.0,-4.4,-3.3,-0.2,27.7,32.7,41.9,13.4,0.0,31.6,24.1,12.7,71.3,,,OBAnorm,,LD831_02097v2.403,,,,0,0
DENATRLA,2025-06-23 23:24:16.000,28.9,28.9,26.9,25.2,17.7,14.7,16.7,15.4,12.4,11.3,15.0,16.5,19.2,21.6,21.3,21.4,21.4,20.9,20.6,19.1,17.5,14.1,10.6,7.9,4.8,1.8,-2.0,-3.8,-3.8,-3.8,-4.4,-3.1,-0.1,27.4,32.6,42.6,13.4,0.0,31.6,24.2,12.7,71.3,,,OBAnorm,,LD831_02097v2.403,,,,0,0
DENATRLA,2025-06-23 23:24:17.000,29.5,29.5,29.8,23.7,18.3,16.3,15.8,13.9,12.0,12.0,13.4,16.8,19.6,20.2,21.4,21.3,22.1,21.3,21.3,19.2,17.4,14.5,10.8,6.9,4.6,1.8,-2.0,-3.7,-3.8,-3.8,-4.4,-3.3,0.0,27.7,32.9,49.1,13.4,0.0,31.6,24.1,12.7,71.3,,,OBAnorm,,LD831_02097v2.403,,,,0,0
DENATRLA,2025-06-23 23:24:18.000,30.3,26.8,31.5,21.3,18.4,18.3,18.2,14.4,12.6,11.6,16.7,17.0,19.9,20.7,21.3,21.4,21.8,21.3,21.4,19.6,16.7,14.3,10.5,6.8,3.6,1.9,-1.3,-3.6,-3.7,-3.9,-4.5,-3.3,-0.2,27.5,32.5,43.0,13.4,0.0,31.6,24.1,12.7,71.3,,,OBAnorm,,LD831_02097v2.403,,,,0,0
DENATRLA,2025-06-23 23:24:19.000,29.2,27.9,24.2,20.9,17.8,17.1,15.3,14.7,10.5,12.5,15.1,18.6,19.2,21.2,21.1,21.1,21.6,21.4,20.3,19.1,16.6,13.9,10.6,7.8,7.1,2.8,-1.6,-3.7,-3.7,-3.9,-4.4,-3.3,-0.1,27.4,33.0,45.3,13.4,0.0,31.6,24.1,12.7,71.3,,,OBAnorm,,LD831_02097v2.403,,,,0,0
DENATRLA,2025-06-23 23:24:20.000,32.1,28.3,25.9,18.3,18.4,17.3,16.6,14.0,10.8,11.6,14.4,17.8,19.6,20.5,20.8,20.9,20.8,20.8,19.7,18.7,17.1,13.5,10.7,7.3,5.5,2.4,-2.4,-3.8,-3.8,-3.9,-4.5,-3.2,-0.1,27.0,33.0,46.2,13.4,0.0,31.6,24.1,12.7,71.3,,,OBAnorm,,LD831_02097v2.403,,,,0,0
DENATRLA,2025-06-23 23:24:21.000,33.6,28.4,31.4,22.6,15.1,18.2,17.5,15.0,11.9,9.9,15.5,19.2,20.1,22.7,22.3,20.8,20.3,21.2,20.6,19.3,17.6,14.5,11.0,8.0,3.6,0.9,-2.5,-3.6,-3.1,-3.8,-4.3,-3.1,0.0,27.4,34.2,47.0,13.4,0.0,31.6,24.1,12.7,71.3,,,OBAnorm,,LD831_02097v2.403,,,,0,0
DENATRLA,2025-06-23 23:24:22.000,32.1,32.9,24.9,24.0,19.7,18.3,19.3,13.2,14.4,12.5,15.4,17.8,19.9,21.5,21.3,21.3,20.8,21.2,19.8,18.9,17.0,13.9,10.2,7.3,4.8,1.9,-1.0,-0.1,-1.4,-1.7,-2.4,-1.6,-0.2,27.1,33.2,48.3,13.4,0.0,31.6,24.1,12.7,71.3,,,OBAnorm,,LD831_02097v2.403,,,,0,0
DENATRLA,2025-06-23 23:24:23.000,33.6,31.2,26.1,19.9,19.7,19.4,17.1,15.8,13.6,12.0,15.4,17.8,20.3,20.7,21.8,20.6,20.1,20.8,20.0,18.2,16.7,13.2,9.9,6.3,3.3,0.9,-2.7,-3.6,-3.5,-3.6,-4.1,-3.1,0.0,26.8,32.6,46.0,13.4,0.0,31.6,24.1,12.7,71.3,,,OBAnorm,,LD831_02097v2.403,,,,0,0
DENATRLA,2025-06-23 23:24:24.000,35.9,28.8,28.3,24.7,19.2,16.5,17.5,15.4,10.9,11.1,13.6,16.0,19.6,21.9,20.8,21.0,20.4,21.1,19.3,18.4,16.2,13.6,9.6,6.7,3.2,0.8,-3.1,-3.8,-3.8,-4.0,-4.4,-3.1,-0.2,26.7,32.1,45.1,13.4,0.0,31.6,24.1,12.7,71.3,,,OBAnorm,,LD831_02097v2.403,,,,0,0
DENATRLA,2025-06-23 23:24:25.000,27.0,29.9,28.3,23.9,18.4,16.6,18.7,14.8,11.7,10.9,14.9,17.3,18.8,19.7,21.4,20.5,20.4,20.0,19.5,17.9,16.1,13.8,9.9,7.5,4.2,2.0,-3.4,-3.9,-3.8,-4.0,-4.5,-3.2,-0.2,26.5,32.2,47.2,13.4,0.0,31.6,24.1,12.7,71.3,,,OBAnorm,,LD831_02097v2.403,,,,0,0
DENATRLA,2025-06-23 23:24:26.000,31.4,30.6,27.0,18.6,19.0,17.9,17.7,16.7,13.7,11.2,13.4,17.3,20.1,20.3,19.9,20.8,20.4,20.3,19.1,18.5,16.4,13.3,9.9,7.3,4.6,0.8,-3.4,-3.9,-3.8,-3.9,-4.4,-3.3,-0.2,26.5,32.7,46.9,13.4,0.0,31.6,24.1,12.7,71.3,,,OBAnorm,,LD831_02097v2.403,,,,0,0
DENATRLA,2025-06-23 23:24:27.000,29.5,26.5,27.9,23.2,19.1,17.6,16.8,13.9,12.5,9.8,13.6,16.5,19.5,19.4,20.8,20.1,20.3,20.6,20.2,18.5,16.6,13.3,10.1,11.5,13.7,10.2,12.8,4.2,3.6,-2.3,-4.1,-3.2,-0.2,27.4,32.5,48.6,13.4,0.0,31.6,24.1,12.7,71.3,,,OBAnorm,,LD831_02097v2.403,,,,0,0
DENATRLA,2025-06-23 23:24:28.000,32.4,28.6,28.9,20.0,19.5,17.8,16.9,13.8,8.4,12.0,13.8,18.1,20.0,19.9,21.8,20.9,19.8,20.0,19.2,19.2,17.2,13.3,10.8,12.4,13.5,13.1,16.0,8.0,8.9,1.3,-3.4,-3.2,-0.3,27.7,33.9,51.5,13.4,0.0,31.6,24.1,12.7,71.3,,,OBAnorm,,LD831_02097v2.403,,,,0,0
DENATRLA,2025-06-23 23:24:29.000,31.9,25.1,26.3,20.6,19.0,18.6,14.0,16.0,10.9,11.3,13.6,17.4,19.6,20.5,21.4,20.8,20.4,20.3,19.4,18.4,16.8,13.6,9.7,8.2,9.7,6.9,3.7,6.9,4.1,-2.5,-4.4,-3.2,-0.1,26.9,35.0,53.9,13.4,0.0,31.6,24.1,12.7,71.3,,,OBAnorm,,LD831_02097v2.403,,,,0,0
DENATRLA,2025-06-23 23:24:30.000,33.2,30.4,26.3,23.0,21.3,18.9,18.5,16.6,10.9,11.0,14.5,17.0,18.9,19.7,21.0,20.2,19.2,20.1,20.1,18.3,16.3,13.4,10.0,8.5,5.1,0.5,-0.4,4.5,13.7,-3.2,-4.4,-3.3,-0.1,26.9,35.4,57.7,13.4,0.0,31.6,24.1,12.7,71.3,,,OBAnorm,,LD831_02097v2.403,,,,0,0
DENATRLA,2025-06-23 23:24:31.000,33.7,28.6,31.4,29.1,23.3,18.6,17.4,15.9,11.5,10.3,14.3,16.5,18.7,20.0,20.1,19.8,19.5,19.8,19.5,18.2,16.0,13.0,9.7,6.0,2.9,0.0,-3.6,-3.9,-3.8,-3.9,-4.4,-3.4,-0.1,26.1,34.0,57.0,13.4,0.0,31.6,24.1,12.7,71.3,,,OBAnorm,,LD831_02097v2.403,,,,0,0
DENATRLA,2025-06-23 23:24:32.000,34.7,28.2,25.6,21.7,23.5,18.9,19.6,16.5,13.0,11.9,15.5,17.3,18.0,20.6,20.1,20.2,19.8,20.4,18.4,18.2,16.0,13.5,9.3,5.5,2.3,-0.4,-3.8,-3.9,-3.8,-3.9,-4.4,-3.2,-0.2,26.2,32.1,47.4,13.4,0.0,31.6,24.1,12.7,71.3,,,OBAnorm,,LD831_02097v2.403,,,,0,0
DENATRLA,2025-06-23 23:24:33.000,36.0,30.9,27.3,21.1,19.4,18.0,15.5,14.6,10.1,11.0,13.8,17.3,19.7,19.9,20.4,20.3,20.1,20.5,19.0,18.2,16.2,13.6,9.9,6.3,3.6,0.2,-3.5,-3.9,-3.8,-3.9,-4.4,-3.4,-0.1,26.4,31.6,44.9,13.4,0.0,31.6,24.1,12.7,71.3,,,OBAnorm,,LD831_02097v2.403,,,,0,0
DENATRLA,2025-06-23 23:24:34.000,33.4,27.0,26.4,20.4,18.6,17.9,18.2,14.1,13.3,10.9,15.9,17.4,18.4,20.8,21.4,22.0,20.7,20.5,20.0,18.8,15.7,14.0,10.4,7.5,4.6,0.1,-3.5,-3.9,-3.9,-3.9,-4.4,-3.3,-0.3,26.9,32.2,44.7,13.4,0.0,31.6,24.1,12.7,71.3,,,OBAnorm,,LD831_02097v2.403,,,,0,0
DENATRLA,2025-06-23 23:24:35.000,27.4,29.2,24.4,22.4,18.2,18.0,18.9,15.2,12.8,10.9,14.9,17.4,18.9,22.0,21.2,21.5,20.3,21.0,19.9,18.4,16.4,14.1,10.3,6.6,3.0,0.3,-3.5,-3.9,-3.8,-4.0,-4.5,-3.3,-0.2,26.9,31.9,43.3,13.4,0.0,31.6,24.1,12.7,71.3,,,OBAnorm,,LD831_02097v2.403,,,,0,0
DENATRLA,2025-06-23 23:24:36.000,25.2,28.5,27.5,23.9,16.9,17.2,16.0,17.2,12.8,12.1,15.7,16.3,19.0,21.0,21.8,20.8,21.0,21.2,19.8,18.8,17.1,14.4,10.3,6.4,3.6,0.6,-3.4,-3.8,-3.7,-3.4,-4.2,-3.1,-0.2,27.0,32.5,46.8,13.4,0.0,31.6,24.1,12.7,71.3,,,OBAnorm,,LD831_02097v2.403,,,,0,0
DENATRLA,2025-06-23 23:24:37.000,24.5,29.0,23.5,20.4,18.0,17.6,19.5,17.7,11.3,11.5,14.3,17.8,18.6,20.1,21.2,20.2,20.0,21.1,19.3,18.8,16.9,13.7,10.9,9.1,7.3,3.0,-3.2,-3.9,-3.6,-3.9,-4.2,-3.2,-0.1,26.9,32.7,48.6,13.4,0.0,31.6,24.1,12.7,71.3,,,OBAnorm,,LD831_02097v2.403,,,,0,0
DENATRLA,2025-06-23 23:24:38.000,27.7,29.0,26.5,25.4,19.9,20.5,18.5,16.9,12.3,12.3,15.3,16.8,20.0,20.4,21.1,19.1,20.2,20.5,19.9,18.9,16.3,14.0,10.3,6.5,3.1,1.0,-3.4,-3.8,-3.8,-3.7,-4.4,-3.3,-0.2,26.8,32.5,49.1,13.4,0.0,31.6,24.1,12.7,71.3,,,OBAnorm,,LD831_02097v2.403,,,,0,0
DENATRLA,2025-06-23 23:24:39.000,31.5,29.2,25.4,21.5,17.6,19.5,16.3,16.9,11.1,12.6,14.8,17.0,19.6,20.8,20.3,20.2,19.9,20.7,19.0,17.7,17.1,13.9,10.3,7.1,3.6,0.7,-3.5,-3.9,-3.8,-4.0,-4.4,-3.4,-0.3,26.6,32.0,42.3,13.4,0.0,31.6,24.1,12.7,71.3,,,OBAnorm,,LD831_02097v2.403,,,,0,0
DENATRLA,2025-06-23 23:24:40.000,32.5,30.6,27.4,21.0,15.9,16.1,14.7,16.7,13.3,11.6,14.6,18.1,20.0,19.5,20.7,20.7,19.1,20.3,19.5,17.8,16.3,13.6,10.6,7.0,3.6,0.7,-3.5,-3.9,-3.9,-4.0,-4.4,-3.3,-0.2,26.5,31.9,44.5,13.4,0.0,31.6,24.1,12.7,71.3,,,OBAnorm,,LD831_02097v2.403,,,,0,0
DENATRLA,2025-06-23 23:24:41.000,28.9,30.3,25.4,20.9,21.0,17.0,18.1,14.9,11.3,11.2,15.1,17.8,19.2,20.7,20.6,20.3,19.2,20.2,18.9,17.7,16.2,13.3,10.0,7.4,4.5,1.1,-3.1,-3.9,-3.7,-3.8,-4.5,-3.1,-0.1,26.2,31.4,44.4,13.4,0.0,31.6,24.1,12.7,71.3,,,OBAnorm,,LD831_02097v2.403,,,,0,0
DENATRLA,2025-06-23 23:24:42.000,25.5,31.7,25.4,23.0,15.3,16.5,17.2,13.5,8.4,12.5,14.0,16.0,19.0,20.0,20.8,19.9,20.3,20.4,19.3,17.7,16.2,13.4,9.4,6.5,5.6,1.7,-3.3,-3.9,-3.7,-3.9,-4.4,-3.2,-0.2,26.3,32.5,52.8,13.4,0.0,31.6,24.1,12.7,71.3,,,OBAnorm,,LD831_02097v2.403,,,,0,0
DENATRLA,2025-06-23 23:24:43.000,26.9,27.7,26.6,23.4,18.4,18.8,16.6,16.0,11.8,10.5,14.3,17.5,18.0,20.6,19.9,19.4,19.3,19.8,19.4,17.6,16.2,12.9,9.3,6.4,3.5,0.6,-3.2,-3.8,-3.8,-3.8,-4.4,-3.2,-0.1,26.0,32.7,48.4,13.4,0.0,31.6,24.1,12.7,71.3,,,OBAnorm,,LD831_02097v2.403,,,,0,0
DENATRLA,2025-06-23 23:24:44.000,29.1,29.5,27.1,25.0,22.5,19.6,18.3,15.1,12.6,11.1,14.1,17.1,19.3,19.7,20.4,20.0,19.4,20.3,19.6,18.2,16.0,13.2,9.1,4.7,2.3,0.6,-3.2,-3.9,-3.8,-4.0,-4.4,-3.2,-0.3,26.2,32.4,44.3,13.4,0.0,31.6,24.1,12.7,71.3,,,OBAnorm,,LD831_02097v2.403,,,,0,0
DENATRLA,2025-06-23 23:24:45.000,32.6,29.6,25.7,21.8,17.6,20.0,17.4,12.8,11.5,9.8,13.8,17.6,18.5,19.0,20.4,18.8,19.4,19.8,19.3,17.8,15.6,12.6,9.5,8.8,3.6,0.5,-3.5,-3.8,-3.8,-3.9,-4.4,-3.2,-0.2,26.0,31.5,45.6,13.4,0.0,31.6,24.1,12.7,71.3,,,OBAnorm,,LD831_02097v2.403,,,,0,0
DENATRLA,2025-06-23 23:24:46.000,34.1,32.4,24.8,23.3,14.5,16.2,15.9,14.3,12.3,10.2,15.2,16.7,19.2,19.7,20.9,19.7,19.2,19.9,18.8,17.2,15.4,12.4,8.8,5.9,3.1,1.0,-3.6,-3.8,-3.8,-3.9,-4.5,-3.3,-0.1,25.8,33.2,51.0,13.4,0.0,31.6,24.1,12.7,71.3,,,OBAnorm,,LD831_02097v2.403,,,,0,0
DENATRLA,2025-06-23 23:24:47.000,31.9,28.6,24.3,23.8,17.3,18.0,16.6,14.3,12.4,9.7,12.9,17.3,18.2,20.9,20.0,19.3,18.9,20.1,19.0,17.9,15.1,12.9,9.6,13.4,11.0,2.9,-3.5,-3.9,-3.8,-4.0,-4.4,-3.1,-0.2,26.2,32.2,48.4,13.4,0.0,31.6,24.1,12.7,71.3,,,OBAnorm,,LD831_02097v2.403,,,,0,0
DENATRLA,2025-06-23 23:24:48.000,27.4,28.3,27.5,21.6,19.7,15.0,17.5,15.8,12.7,9.6,13.3,15.9,18.1,18.3,20.2,19.5,19.1,19.2,19.0,17.1,15.0,12.3,9.6,9.2,6.7,0.8,-3.5,-3.9,-3.8,-4.0,-4.5,-3.2,0.0,25.7,32.6,48.0,13.4,0.0,31.6,24.1,12.7,71.3,,,OBAnorm,,LD831_02097v2.403,,,,0,0
DENATRLA,2025-06-23 23:24:49.000,35.5,30.7,26.8,21.4,18.1,14.8,15.5,14.5,10.8,9.6,13.8,16.7,17.7,19.2,19.0,18.8,19.2,19.7,18.4,17.0,15.6,12.7,8.3,5.1,1.8,-0.3,-3.7,-3.9,-3.9,-4.0,-4.5,-3.2,-0.3,25.4,31.6,44.2,13.4,0.0,31.6,24.1,12.7,71.3,,,OBAnorm,,LD831_02097v2.403,,,,0,0
DENATRLA,2025-06-23 23:24:50.000,34.6,30.2,27.1,23.5,19.2,16.8,15.9,14.4,11.8,10.4,13.6,14.9,18.1,18.9,20.1,19.2,19.1,19.2,18.3,16.7,15.2,12.1,8.9,5.1,2.7,-0.7,-3.8,-3.9,-3.8,-3.9,-4.4,-3.3,-0.3,25.3,31.4,44.9,13.4,0.0,31.6,24.1,12.7,71.8,,,OBAnorm,,LD831_02097v2.403,,,,0,0
DENATRLA,2025-06-23 23:24:51.000,36.4,31.6,20.7,21.1,18.2,16.9,14.4,13.8,11.6,11.6,13.9,16.6,18.1,18.8,19.3,19.7,18.4,19.3,18.4,16.8,15.0,11.7,8.1,4.6,1.3,-1.0,-3.8,-3.8,-3.9,-4.0,-4.5,-3.3,-0.2,25.1,30.8,44.4,13.4,0.0,31.6,24.1,12.7,71.8,,,OBAnorm,,LD831_02097v2.403,,,,0,0
DENATRLA,2025-06-23 23:24:52.000,34.1,28.2,24.6,20.1,16.9,17.6,15.8,14.5,11.0,10.3,12.4,17.1,18.5,18.8,19.8,17.9,18.2,18.5,17.9,15.9,14.5,12.2,9.6,11.7,7.5,2.4,-3.9,-3.9,-3.9,-4.0,-4.5,-3.2,-0.2,25.0,30.7,39.1,13.4,0.0,31.6,24.1,12.7,71.8,,,OBAnorm,,LD831_02097v2.403,,,,0,0
DENATRLA,2025-06-23 23:24:53.000,31.9,28.9,24.3,23.1,17.4,15.4,16.1,15.3,11.5,10.2,14.0,16.5,17.4,17.9,19.9,19.8,18.7,19.1,18.0,16.3,14.7,11.5,8.2,4.8,2.0,-0.5,-3.7,-3.8,-3.4,-3.7,-4.2,-3.1,-0.1,25.1,30.2,37.8,13.4,0.0,31.6,24.1,12.7,71.8,,,OBAnorm,,LD831_02097v2.403,,,,0,0
DENATRLA,2025-06-23 23:24:54.000,26.8,29.0,24.2,22.9,13.9,18.3,18.0,14.8,11.7,9.6,12.8,15.8,18.0,18.4,19.5,18.9,17.7,19.3,17.4,16.6,14.3,11.9,8.5,4.6,1.9,-0.6,-3.8,-3.9,-3.9,-4.0,-4.5,-3.3,-0.1,24.8,30.4,38.6,13.4,0.0,31.6,24.1,12.7,71.8,,,OBAnorm,,LD831_02097v2.403,,,,0,0
DENATRLA,2025-06-23 23:24:55.000,30.0,27.5,21.6,22.0,16.6,18.3,13.8,14.9,9.2,9.5,13.4,15.8,17.9,18.9,19.5,18.6,19.0,18.9,18.4,17.0,15.0,12.3,8.3,5.4,3.4,-0.2,-3.2,-3.7,-3.4,-3.7,-4.2,-3.0,-0.1,25.3,30.6,38.6,13.4,0.0,31.6,24.1,12.7,71.8,,,OBAnorm,,LD831_02097v2.403,,,,0,0
DENATRLA,2025-06-23 23:24:56.000,27.9,26.5,25.2,20.2,17.7,18.3,16.6,12.0,10.9,9.8,14.6,15.6,18.0,19.8,18.9,19.5,19.2,19.6,18.5,17.4,15.5,13.2,8.9,5.8,2.5,-0.4,-3.6,-3.9,-3.8,-4.0,-4.5,-3.2,-0.2,25.7,30.3,36.2,13.4,0.0,31.6,24.1,12.7,71.8,,,OBAnorm,,LD831_02097v2.403,,,,0,0
DENATRLA,2025-06-23 23:24:57.000,30.7,29.6,22.2,21.0,16.5,16.8,16.5,15.0,11.7,10.0,14.3,17.5,18.6,19.0,20.6,18.8,18.2,19.2,18.7,17.3,15.4,12.6,8.7,4.9,2.2,-0.4,-3.2,-3.8,-3.6,-3.9,-4.4,-3.3,-0.2,25.5,30.5,37.8,13.4,0.0,31.6,24.1,12.7,71.8,,,OBAnorm,,LD831_02097v2.403,,,,0,0
DENATRLA,2025-06-23 23:24:58.000,28.9,24.0,23.4,19.1,16.0,15.3,15.9,14.4,9.5,9.2,14.1,17.1,19.1,19.8,20.5,19.4,19.4,19.5,18.2,17.4,15.6,12.7,10.1,8.2,4.3,0.2,-3.0,-3.7,-3.3,-3.5,-4.1,-2.9,-0.1,25.8,31.0,38.0,13.4,0.0,31.6,24.1,12.7,71.8,,,OBAnorm,,LD831_02097v2.403,,,,0,0
DENATRLA,2025-06-23 23:24:59.000,25.4,24.2,26.0,17.9,18.9,15.2,16.5,14.1,11.7,11.5,15.4,17.7,18.1,18.7,20.4,20.1,19.0,18.9,18.0,17.1,15.0,12.5,9.7,9.7,8.3,3.4,-2.8,-3.2,-2.8,-3.0,-3.6,-2.8,0.0,25.6,30.8,41.5,13.4,0.0,31.6,24.1,12.7,71.8,,,OBAnorm,,LD831_02097v2.403,,,,0,0
DENATRLA,2025-06-23 23:25:00.000,28.4,27.5,24.7,18.4,17.4,17.9,16.4,13.3,11.3,10.5,14.0,17.4,18.6,18.9,18.6,18.7,18.8,19.1,18.5,17.2,14.4,11.9,8.3,4.9,2.7,0.8,-2.7,-2.9,-2.0,-3.3,-3.8,-3.1,-0.1,25.3,31.1,42.5,13.4,0.0,31.6,24.1,12.7,71.8,,,OBAnorm,,LD831_02097v2.403,,,,0,0
DENATRLA,2025-06-23 23:25:01.000,27.7,24.8,26.6,21.8,17.8,17.8,15.4,14.8,11.1,10.1,14.2,15.9,18.1,19.7,19.4,19.1,19.3,19.3,18.6,17.4,15.2,12.5,8.7,5.2,3.3,2.0,-2.1,-2.8,-1.5,-2.1,-3.2,-2.3,-0.1,25.5,31.0,39.9,13.4,0.0,31.6,24.1,12.7,71.8,,,OBAnorm,,LD831_02097v2.403,,,,0,0
DENATRLA,2025-06-23 23:25:02.000,30.8,27.9,22.9,19.7,15.8,17.3,14.3,14.0,12.6,10.9,13.7,16.2,19.0,18.5,20.0,19.8,19.9,19.3,18.4,17.7,16.2,13.1,9.3,4.8,2.3,0.4,-2.8,-3.8,-3.8,-3.9,-4.3,-3.1,-0.2,25.8,31.1,44.3,13.4,0.0,31.6,24.1,12.7,71.8,,,OBAnorm,,LD831_02097v2.403,,,,0,0
DENATRLA,2025-06-23 23:25:03.000,25.5,30.9,25.4,21.2,17.9,17.9,18.2,15.2,11.2,11.3,14.3,16.8,18.5,19.3,19.0,19.5,18.9,19.0,18.5,17.6,15.5,12.6,9.0,5.5,3.3,0.6,-2.7,-3.7,-3.7,-3.8,-4.4,-3.2,-0.1,25.5,30.7,39.6,13.4,0.0,31.6,24.0,12.7,71.8,,,OBAnorm,,LD831_02097v2.403,,,,0,0
DENATRLA,2025-06-23 23:25:04.000,26.9,27.6,24.7,21.7,19.3,18.7,16.2,17.0,13.7,9.9,13.4,16.6,18.2,19.8,19.9,20.3,18.5,19.1,18.7,17.3,15.9,12.4,9.1,6.0,3.1,1.2,-2.3,-3.6,-3.5,-3.2,-4.0,-2.8,-0.1,25.8,31.1,41.6,13.4,0.0,31.6,24.1,12.7,71.8,,,OBAnorm,,LD831_02097v2.403,,,,0,0
DENATRLA,2025-06-23 23:25:05.000,28.6,26.2,21.2,19.2,18.8,16.6,15.7,16.0,12.6,12.2,13.9,17.0,19.1,19.0,20.3,19.7,18.6,20.6,18.7,17.4,15.6,13.3,9.5,6.4,3.6,1.5,-1.3,-3.7,-3.7,-3.9,-4.4,-3.1,0.0,25.8,31.6,50.5,13.4,0.0,31.6,24.1,12.7,71.8,,,OBAnorm,,LD831_02097v2.403,,,,0,0
DENATRLA,2025-06-23 23:25:06.000,30.2,28.2,20.5,20.8,17.7,18.1,15.5,15.1,11.3,12.0,13.9,17.0,18.2,19.1,19.2,20.1,19.0,19.9,19.3,16.8,15.9,12.8,10.3,10.6,7.5,1.7,-1.9,-3.7,-3.8,-4.0,-4.5,-3.3,-0.2,26.0,32.0,47.1,13.4,0.0,31.6,24.1,12.7,71.8,,,OBAnorm,,LD831_02097v2.403,,,,0,0
DENATRLA,2025-06-23 23:25:07.000,25.4,29.5,24.2,20.5,19.2,17.8,16.6,14.5,11.1,10.0,12.3,17.2,17.4,19.0,20.2,20.2,19.5,19.7,19.0,17.9,15.0,12.7,9.3,5.8,3.3,1.1,-2.3,-3.6,-3.3,-3.6,-4.1,-2.9,0.0,25.9,31.9,47.6,13.4,0.0,31.6,24.1,12.7,71.8,,,OBAnorm,,LD831_02097v2.403,,,,0,0
DENATRLA,2025-06-23 23:25:08.000,28.5,29.1,28.3,21.3,16.7,18.2,17.6,14.6,9.2,10.5,13.3,15.7,18.9,18.4,19.5,20.2,19.1,19.5,19.0,17.0,15.6,13.1,9.5,6.4,3.8,1.5,-2.4,-3.5,-2.5,-2.9,-3.4,-2.5,-0.1,25.7,31.2,44.9,13.4,0.0,31.6,24.1,12.7,71.8,,,OBAnorm,,LD831_02097v2.403,,,,0,0
DENATRLA,2025-06-23 23:25:09.000,30.2,33.2,25.6,20.7,18.7,18.5,16.5,13.6,12.1,9.4,12.2,16.4,17.3,19.0,20.4,19.6,18.9,20.4,18.8,17.7,15.4,12.4,9.4,6.8,4.2,1.2,-3.2,-3.8,-3.5,-3.9,-4.4,-2.9,-0.3,25.8,31.0,42.6,13.4,0.0,31.6,24.1,12.7,71.8,,,OBAnorm,,LD831_02097v2.403,,,,0,0
DENATRLA,2025-06-23 23:25:10.000,32.3,29.2,20.6,20.5,14.6,17.9,16.5,15.1,10.9,11.1,12.5,16.4,17.3,19.3,20.1,19.4,19.1,19.8,19.0,16.8,15.2,12.6,8.9,5.3,2.6,0.4,-2.6,-3.4,-2.6,-2.8,-3.7,-1.2,-0.1,25.6,31.6,43.7,13.4,0.0,31.6,24.1,12.7,71.8,,,OBAnorm,,LD831_02097v2.403,,,,0,0
DENATRLA,2025-06-23 23:25:11.000,31.6,25.0,23.2,22.9,17.8,16.3,16.9,12.7,7.8,11.0,13.5,16.4,18.7,19.2,20.6,19.0,18.9,19.0,18.4,17.0,15.1,12.4,8.8,5.8,2.6,0.1,-3.2,-3.8,-3.8,-3.9,-4.4,-3.2,-0.2,25.5,31.2,38.6,13.4,0.0,31.6,24.0,12.7,71.8,,,OBAnorm,,LD831_02097v2.403,,,,0,0
DENATRLA,2025-06-23 23:25:12.000,32.9,26.6,28.2,20.1,18.8,16.6,14.9,14.6,8.8,10.7,14.3,17.2,18.4,19.5,20.9,19.5,19.9,18.8,17.8,16.8,14.8,12.1,8.8,7.9,6.0,1.4,-3.3,-3.7,-3.7,-3.9,-4.4,-3.3,-0.3,25.5,30.8,38.9,13.4,0.0,31.6,24.1,12.7,71.8,,,OBAnorm,,LD831_02097v2.403,,,,0,0
DENATRLA,2025-06-23 23:25:13.000,31.8,29.1,27.0,20.4,17.6,17.3,15.5,14.7,9.3,11.5,14.4,17.8,18.3,19.9,20.2,19.4,18.6,19.5,17.9,16.5,15.1,11.5,8.2,4.9,2.3,0.3,-3.5,-3.9,-3.8,-3.8,-4.4,-3.2,-0.1,25.3,30.6,38.2,13.4,0.0,31.6,24.1,12.7,71.8,,,OBAnorm,,LD831_02097v2.403,,,,0,0
DENATRLA,2025-06-23 23:25:14.000,31.0,26.0,21.3,20.0,16.3,16.7,16.0,14.2,11.9,8.3,13.2,15.5,18.6,17.5,19.9,20.4,19.0,20.1,18.4,16.6,14.8,11.9,8.9,4.5,2.5,0.0,-3.4,-3.8,-3.8,-3.9,-4.4,-3.2,0.0,25.4,31.5,45.6,13.4,0.0,31.6,24.0,12.7,71.8,,,OBAnorm,,LD831_02097v2.403,,,,0,0
DENATRLA,2025-06-23 23:25:15.000,27.8,27.5,24.0,22.3,17.5,15.9,15.1,14.0,10.3,9.2,13.4,17.1,17.5,19.3,19.8,18.7,19.4,20.2,19.3,17.2,16.0,12.9,8.6,5.1,2.5,0.3,-2.7,-3.8,-3.7,-3.6,-4.4,-3.1,-0.1,25.8,31.0,44.6,13.4,0.0,31.6,24.1,12.7,71.8,,,OBAnorm,,LD831_02097v2.403,,,,0,0
DENATRLA,2025-06-23 23:25:16.000,29.3,28.9,25.0,22.1,18.1,16.7,16.6,12.4,10.7,10.9,12.6,16.5,17.6,19.7,19.2,20.0,18.6,19.9,18.7,17.6,15.5,12.9,9.2,5.0,2.2,1.1,-3.0,-3.9,-3.7,-3.9,-4.4,-3.2,-0.1,25.7,31.8,46.5,13.4,0.0,31.6,24.1,12.7,71.8,,,OBAnorm,,LD831_02097v2.403,,,,0,0
DENATRLA,2025-06-23 23:25:17.000,32.4,29.6,23.3,19.4,17.9,16.1,15.7,14.9,9.8,11.1,13.0,16.6,17.3,20.0,19.5,19.9,19.5,19.2,18.4,17.1,15.6,12.5,9.6,6.8,4.3,1.8,-3.1,-3.7,-3.8,-3.9,-4.4,-3.1,-0.1,25.5,32.0,51.5,13.4,0.0,31.6,24.1,12.7,71.8,,,OBAnorm,,LD831_02097v2.403,,,,0,0
DENATRLA,2025-06-23 23:25:18.000,30.1,28.2,24.2,23.0,18.6,18.0,17.4,14.8,11.1,9.6,13.8,15.3,17.7,18.9,19.3,19.2,19.1,19.7,18.9,16.4,15.4,12.6,11.2,10.4,6.8,0.7,-3.3,-3.8,-3.8,-4.0,-4.5,-3.3,-0.1,25.7,31.6,44.6,13.4,0.0,31.6,24.1,12.7,71.8,,,OBAnorm,,LD831_02097v2.403,,,,0,0
DENATRLA,2025-06-23 23:25:19.000,33.9,31.3,23.9,23.6,13.3,16.8,17.5,13.5,10.3,9.9,12.1,16.0,16.7,19.6,18.5,20.0,18.9,18.3,18.0,16.5,14.0,11.7,7.7,4.3,3.5,-0.4,-2.7,-3.6,-3.5,-3.3,-4.2,-3.0,-0.1,24.9,30.5,43.0,13.4,0.0,31.6,24.1,12.7,71.8,,,OBAnorm,,LD831_02097v2.403,,,,0,0
DENATRLA,2025-06-23 23:25:20.000,32.3,32.1,25.2,20.6,15.0,16.7,15.2,12.9,11.4,12.4,15.0,15.6,18.3,18.6,19.4,19.1,18.9,18.3,18.2,16.4,13.7,11.5,7.7,4.1,0.7,-1.0,-3.0,-3.6,-3.3,-3.1,-3.7,-3.0,-0.2,24.8,31.9,49.1,13.4,0.0,31.6,24.1,12.7,71.8,,,OBAnorm,,LD831_02097v2.403,,,,0,0
DENATRLA,2025-06-23 23:25:21.000,27.7,28.1,23.8,22.7,20.1,17.8,16.0,12.3,9.8,10.0,12.7,14.8,17.9,18.3,19.4,19.4,18.9,18.7,17.4,16.6,13.9,11.1,7.9,5.2,3.3,-0.6,-3.1,-3.7,-3.3,-3.4,-4.2,-3.0,0.0,24.8,31.5,46.9,13.4,0.0,31.6,24.1,12.7,71.8,,,OBAnorm,,LD831_02097v2.403,,,,0,0
DENATRLA,2025-06-23 23:25:22.000,27.6,23.9,22.8,22.3,19.1,15.5,16.4,15.8,9.7,10.1,11.9,16.6,18.3,18.4,20.2,19.0,19.2,18.5,18.0,16.0,14.1,12.0,9.3,5.6,1.8,-0.5,-3.6,-3.7,-3.7,-3.6,-4.3,-3.0,-0.1,25.0,31.2,45.3,13.4,0.0,31.6,24.1,12.7,71.8,,,OBAnorm,,LD831_02097v2.403,,,,0,0
DENATRLA,2025-06-23 23:25:23.000,28.2,25.7,22.5,22.0,19.1,17.8,15.7,17.1,11.7,11.2,12.5,15.7,18.7,19.2,19.9,19.1,19.3,18.9,18.7,16.8,14.8,12.3,12.8,12.1,13.2,2.6,-3.1,-3.8,-3.7,-3.5,-4.2,-3.1,-0.2,26.1,31.0,42.3,13.4,0.0,31.6,24.0,12.7,71.8,,,OBAnorm,,LD831_02097v2.403,,,,0,0
DENATRLA,2025-06-23 23:25:24.000,34.7,27.9,24.3,20.4,19.4,15.3,14.6,12.4,10.5,9.4,13.9,16.3,18.5,19.3,19.9,19.5,19.3,19.3,19.2,17.7,15.1,12.8,9.0,5.8,4.3,0.4,-2.9,-3.8,-3.8,-3.9,-4.5,-3.3,-0.2,25.7,32.0,47.2,13.4,0.0,31.6,24.0,12.7,72.4,,,OBAnorm,,LD831_02097v2.403,,,,0,0
DENATRLA,2025-06-23 23:25:25.000,31.6,27.3,22.9,22.5,18.8,17.0,18.5,13.7,9.4,9.4,13.4,15.3,15.9,19.1,19.1,19.0,19.5,19.7,18.9,17.0,14.6,12.4,9.6,10.0,9.3,-0.1,-3.4,-3.8,-3.8,-4.0,-4.4,-3.3,-0.2,25.6,30.7,43.4,13.4,0.0,31.6,24.0,12.7,72.4,,,OBAnorm,,LD831_02097v2.403,,,,0,0
DENATRLA,2025-06-23 23:25:26.000,32.1,26.4,25.6,19.9,16.2,15.2,15.0,13.2,12.5,11.8,12.3,15.4,19.2,19.4,19.2,19.8,19.2,18.4,18.1,17.1,14.6,12.2,9.7,10.2,4.2,1.4,-3.6,-3.8,-3.8,-4.0,-4.5,-3.3,-0.2,25.4,33.4,50.9,13.4,0.0,31.6,24.1,12.7,72.4,,,OBAnorm,,LD831_02097v2.403,,,,0,0
DENATRLA,2025-06-23 23:25:27.000,27.3,28.1,24.8,24.4,18.8,16.6,14.7,14.7,13.4,10.1,13.8,16.6,17.9,19.6,19.3,20.0,18.8,19.3,18.8,16.6,15.4,12.6,9.1,6.1,2.3,0.1,-3.4,-3.8,-3.8,-3.9,-4.4,-3.2,-0.1,25.6,31.8,47.9,13.4,0.0,31.6,24.1,12.7,72.4,,,OBAnorm,,LD831_02097v2.403,,,,0,0
DENATRLA,2025-06-23 23:25:28.000,30.8,29.6,26.4,19.5,20.3,19.9,14.4,13.8,12.9,10.5,15.0,17.2,19.5,20.3,19.7,19.4,18.2,19.3,18.0,17.7,16.2,13.4,11.8,14.1,12.8,4.0,-3.3,-3.5,-3.6,-3.6,-4.2,-3.1,-0.2,26.3,32.0,44.4,13.4,0.0,31.6,24.1,12.7,72.4,,,OBAnorm,,LD831_02097v2.403,,,,0,0
DENATRLA,2025-06-23 23:25:29.000,35.8,29.1,24.6,24.8,20.6,15.2,15.4,15.8,12.8,11.6,12.3,16.8,18.5,19.7,20.0,19.8,19.6,19.5,18.1,17.3,15.6,12.8,9.4,6.3,2.4,0.1,-3.3,-3.9,-3.8,-3.8,-4.4,-3.2,-0.2,25.6,33.4,48.9,13.4,0.0,31.6,24.1,12.7,72.4,,,OBAnorm,,LD831_02097v2.403,,,,0,0
DENATRLA,2025-06-23 23:25:30.000,29.2,24.3,29.2,26.3,21.9,15.0,16.4,13.6,12.0,10.1,14.0,17.4,17.0,19.6,21.2,19.4,19.8,20.3,18.9,17.8,16.0,12.6,8.8,5.5,3.2,0.0,-3.2,-3.8,-3.7,-3.4,-4.0,-2.9,-0.1,26.0,35.0,53.7,13.4,0.0,31.6,24.0,12.7,72.4,,,OBAnorm,,LD831_02097v2.403,,,,0,0
DENATRLA,2025-06-23 23:25:31.000,32.0,33.8,29.2,23.6,22.5,18.4,14.9,16.1,10.3,11.0,14.3,15.5,18.0,19.5,19.3,20.3,19.6,19.6,18.3,17.3,15.9,12.5,9.2,7.4,3.9,0.8,-3.4,-3.8,-3.8,-3.9,-4.4,-3.3,-0.1,25.8,34.5,51.9,13.4,0.0,29.8,24.0,12.7,72.4,,,OBAnorm,,LD831_02097v2.403,,,,0,0
DENATRLA,2025-06-23 23:25:32.000,30.8,32.1,29.5,25.8,22.2,17.9,17.9,14.9,12.5,12.1,13.7,15.8,16.6,19.3,19.2,18.9,19.9,20.2,18.3,17.6,15.7,12.8,8.9,5.7,2.3,-0.4,-3.4,-3.7,-3.8,-3.9,-4.4,-3.2,-0.3,25.8,32.8,49.5,13.4,0.0,27.1,24.0,12.7,72.4,,,OBAnorm,,LD831_02097v2.403,,,,0,0
DENATRLA,2025-06-23 23:25:33.000,37.4,31.4,32.0,24.6,18.3,16.9,17.6,14.4,12.5,12.1,11.0,14.9,18.0,19.9,19.8,19.2,18.5,19.3,18.5,17.8,15.5,12.8,11.8,9.3,4.9,0.3,-3.2,-3.7,-3.6,-3.5,-4.1,-2.9,0.0,25.8,39.5,56.9,13.4,0.0,24.6,24.1,12.7,72.4,,,OBAnorm,,LD831_02097v2.403,,,,0,0
DENATRLA,2025-06-23 23:25:34.000,36.9,33.1,27.9,35.1,31.9,26.8,27.4,22.4,14.2,12.8,13.2,16.0,18.4,20.1,21.0,19.3,19.0,18.5,18.3,17.4,15.7,12.8,9.9,8.9,7.6,1.8,-3.0,-3.7,-3.7,-3.8,-4.4,-3.0,-0.1,25.8,40.9,58.0,13.4,0.0,9.8,24.0,12.7,71.8,,,OBAnorm,,LD831_02097v2.403,,,,0,0
DENATRLA,2025-06-23 23:25:35.000,35.4,40.9,36.3,32.0,31.9,31.4,18.9,16.1,13.1,12.4,13.5,15.3,18.5,18.4,19.5,19.7,18.4,18.8,18.6,17.3,14.8,12.0,8.5,4.8,2.3,-0.7,-3.6,-3.4,-3.8,-4.0,-4.3,-3.3,-0.2,25.2,36.9,57.2,13.4,0.0,0.4,24.0,12.7,71.3,,,OBAnorm,,LD831_02097v2.403,,,,0,0
DENATRLA,2025-06-23 23:25:36.000,42.6,42.7,33.0,32.5,27.4,23.4,15.9,14.9,11.2,10.5,14.2,15.3,17.4,19.4,20.2,19.3,19.2,19.3,17.8,17.1,14.7,12.6,9.2,6.6,2.7,1.2,-3.0,-3.5,-3.3,-3.3,-4.1,-2.9,-0.1,25.4,33.3,50.3,13.4,0.0,35.9,24.0,12.7,70.1,,,OBAnorm,,LD831_02097v2.403,,,,0,0
DENATRLA,2025-06-23 23:25:37.000,42.2,37.2,33.3,25.4,20.6,17.0,14.8,12.8,12.2,12.2,12.7,16.1,18.5,19.7,20.0,20.0,19.4,18.7,18.0,17.5,15.4,12.6,9.2,6.5,3.2,0.9,-3.4,-3.8,-3.8,-3.9,-4.4,-3.0,-0.2,25.5,32.4,50.7,13.4,0.0,35.9,24.0,12.7,70.7,,,OBAnorm,,LD831_02097v2.403,,,,0,0
DENATRLA,2025-06-23 23:25:38.000,39.5,26.2,28.8,23.6,18.8,15.3,17.3,13.8,10.1,10.2,14.3,16.3,17.1,18.0,18.7,18.5,18.6,18.8,18.8,17.8,15.4,12.4,9.0,5.6,2.1,-0.4,-3.7,-3.8,-3.8,-3.8,-4.4,-3.3,-0.3,25.4,32.3,49.7,13.4,0.0,35.9,24.0,12.7,71.8,,,OBAnorm,,LD831_02097v2.403,,,,0,0
DENATRLA,2025-06-23 23:25:39.000,30.8,32.1,25.6,21.1,15.9,14.8,17.1,14.1,12.1,10.3,14.3,16.8,16.5,18.8,19.9,18.7,19.1,19.8,18.2,17.3,15.8,12.6,10.8,6.8,2.3,-0.1,-2.7,-2.6,-2.7,-1.6,-3.2,-2.4,0.3,25.7,31.0,46.6,13.4,0.0,35.9,24.0,12.7,71.8,,,OBAnorm,,LD831_02097v2.403,,,,0,0
DENATRLA,2025-06-23 23:25:40.000,28.3,31.1,24.3,20.5,17.1,16.3,17.2,14.8,9.4,11.1,13.6,16.7,19.1,19.4,20.4,19.1,18.5,20.2,18.6,17.6,15.7,13.0,13.6,11.3,9.1,2.8,-2.8,-3.8,-3.8,-3.8,-4.4,-3.0,-0.2,26.2,30.9,42.7,13.4,0.0,35.9,24.1,12.7,71.3,,,OBAnorm,,LD831_02097v2.403,,,,0,0
DENATRLA,2025-06-23 23:25:41.000,34.3,24.7,22.1,20.4,18.6,14.9,14.4,14.2,12.9,11.5,12.1,15.7,17.2,19.5,19.8,19.6,18.9,18.7,18.4,17.6,16.0,12.8,9.1,5.2,2.3,-0.3,-3.2,-3.7,-3.7,-3.2,-4.3,-3.0,-0.1,25.5,31.6,46.3,13.4,0.0,35.9,24.0,12.7,71.3,,,OBAnorm,,LD831_02097v2.403,,,,0,0
DENATRLA,2025-06-23 23:25:42.000,26.0,24.9,25.7,22.6,17.4,17.6,16.2,15.1,10.1,11.7,14.0,16.8,17.7,19.6,20.2,19.6,18.9,18.6,18.5,17.9,15.3,12.6,9.8,6.4,4.6,-0.2,-3.0,-3.5,-3.3,-1.9,-3.4,-2.5,0.2,25.7,31.3,44.8,13.4,0.0,35.9,24.1,12.7,71.3,,,OBAnorm,,LD831_02097v2.403,,,,0,0
DENATRLA,2025-06-23 23:25:43.000,30.0,27.7,26.0,21.0,17.1,18.4,16.9,13.9,11.6,11.9,14.3,15.5,18.5,19.4,20.3,19.9,19.0,19.1,18.6,18.0,15.6,12.6,10.1,7.6,4.1,-0.1,-3.4,-3.6,-3.5,-3.5,-4.3,-3.1,-0.1,25.8,31.8,47.0,13.4,0.0,35.9,24.0,12.7,71.3,,,OBAnorm,,LD831_02097v2.403,,,,0,0
DENATRLA,2025-06-23 23:25:44.000,27.2,28.1,24.3,21.1,17.2,16.6,16.7,14.5,10.7,10.7,14.5,14.7,18.3,20.3,19.3,19.0,19.4,18.8,18.6,18.0,15.8,13.0,9.4,5.6,3.0,0.2,-2.7,-3.8,-3.5,-3.1,-4.2,-3.0,-0.1,25.7,32.4,50.8,13.4,0.0,35.9,24.0,12.7,71.3,,,OBAnorm,,LD831_02097v2.403,,,,0,0
DENATRLA,2025-06-23 23:25:45.000,31.0,22.1,25.3,18.1,16.0,15.4,16.6,14.0,10.7,10.2,12.3,17.0,18.8,19.5,19.4,18.9,18.8,19.5,18.7,17.9,15.7,14.2,13.3,15.0,11.5,1.8,-3.3,-3.8,-3.8,-3.7,-4.3,-3.1,0.0,26.6,33.0,50.6,13.4,0.0,35.9,24.1,12.7,71.3,,,OBAnorm,,LD831_02097v2.403,,,,0,0
DENATRLA,2025-06-23 23:25:46.000,30.7,30.1,24.6,22.9,19.7,17.2,17.7,13.0,11.6,11.4,12.8,16.5,18.5,19.0,19.5,18.5,18.7,18.4,17.5,17.2,15.4,12.7,9.6,8.9,6.9,1.9,-2.3,-3.8,-3.8,-3.7,-4.5,-3.3,-0.3,25.2,33.1,50.7,13.4,0.0,35.9,24.0,12.7,71.8,,,OBAnorm,,LD831_02097v2.403,,,,0,0
DENATRLA,2025-06-23 23:25:47.000,32.5,29.8,31.0,23.9,21.9,15.2,15.6,12.8,10.5,10.3,13.5,15.2,17.6,18.1,18.8,19.0,17.8,18.7,18.1,17.4,15.6,12.7,8.9,5.1,2.0,0.1,-3.5,-3.9,-3.8,-3.9,-4.4,-3.1,-0.1,25.2,31.2,48.2,13.4,0.0,35.9,24.0,12.7,71.8,,,OBAnorm,,LD831_02097v2.403,,,,0,0
DENATRLA,2025-06-23 23:25:48.000,32.2,30.9,30.5,22.3,19.0,17.4,15.4,13.5,8.4,10.4,13.1,16.5,18.3,19.4,19.4,19.3,18.4,18.6,18.0,17.0,15.2,12.0,9.1,5.7,2.0,-0.1,-3.3,-3.9,-3.8,-3.9,-4.4,-3.2,-0.2,25.3,31.1,48.2,13.4,0.0,35.9,24.0,12.7,71.8,,,OBAnorm,,LD831_02097v2.403,,,,0,0
DENATRLA,2025-06-23 23:25:49.000,35.4,24.8,25.4,22.3,19.3,16.2,15.2,11.6,11.1,10.3,13.3,15.7,18.1,19.4,20.5,19.4,18.9,19.4,18.4,17.3,15.4,12.6,9.5,10.9,10.1,2.3,-3.4,-3.8,-3.8,-3.9,-4.4,-3.1,-0.1,25.8,30.8,45.3,13.4,0.0,35.9,24.0,12.7,71.8,,,OBAnorm,,LD831_02097v2.403,,,,0,0
DENATRLA,2025-06-23 23:25:50.000,29.3,25.5,22.6,19.0,18.2,15.9,16.6,11.9,11.7,10.2,13.9,16.7,17.4,18.1,19.9,18.2,18.4,19.5,18.0,16.8,15.3,12.6,8.7,5.1,1.9,0.1,-2.9,-3.7,-3.3,-3.8,-4.4,-3.1,-0.2,25.3,30.2,44.1,13.4,0.0,35.9,24.0,12.7,71.8,,,OBAnorm,,LD831_02097v2.403,,,,0,0
DENATRLA,2025-06-23 23:25:51.000,33.0,26.1,24.6,19.3,16.8,17.6,15.7,13.3,11.7,10.2,13.2,16.7,17.8,18.3,19.6,19.5,19.0,19.2,18.3,17.0,15.2,12.2,10.0,7.2,2.8,1.4,-0.1,-2.0,-1.7,-2.4,-3.8,-2.8,-0.1,25.5,30.5,43.0,13.4,0.0,35.9,24.0,12.7,71.8,,,OBAnorm,,LD831_02097v2.403,,,,0,0
DENATRLA,2025-06-23 23:25:52.000,22.6,24.1,21.2,20.2,18.3,16.3,16.9,13.7,8.8,8.8,13.0,15.6,17.8,19.4,20.2,18.3,19.1,18.8,18.8,17.5,15.2,12.7,10.2,10.0,8.8,3.5,-3.0,-3.9,-3.8,-3.9,-4.5,-3.2,-0.2,25.7,30.9,40.2,13.4,0.0,35.9,24.0,12.7,71.8,,,OBAnorm,,LD831_02097v2.403,,,,0,0
DENATRLA,2025-06-23 23:25:53.000,25.9,27.8,21.5,21.6,18.9,17.9,15.6,12.4,11.4,9.8,13.7,16.1,18.0,19.3,19.9,19.7,17.9,19.1,18.1,16.3,14.9,12.3,8.1,6.9,2.6,2.3,-3.6,-3.8,-3.8,-3.9,-4.1,-3.1,-0.1,25.1,30.0,37.4,13.4,0.0,35.9,24.0,12.7,72.4,,,OBAnorm,,LD831_02097v2.403,,,,0,0
DENATRLA,2025-06-23 23:25:54.000,28.7,27.5,25.7,21.0,17.3,15.8,15.2,13.1,10.0,9.7,14.1,16.2,17.3,19.1,19.9,18.7,18.6,18.6,17.7,16.6,14.1,12.0,8.0,4.2,1.1,-0.6,-3.0,-3.7,-3.6,-3.5,-4.3,-3.3,-0.2,24.9,29.8,38.1,13.4,0.0,35.9,24.0,12.7,72.4,,,OBAnorm,,LD831_02097v2.403,,,,0,0
DENATRLA,2025-06-23 23:25:55.000,22.8,28.8,24.6,19.1,16.6,15.7,16.7,11.3,9.2,10.4,12.3,16.8,17.9,19.0,19.0,18.9,18.6,18.6,18.2,17.1,15.0,11.7,8.4,6.2,5.6,0.4,-3.4,-3.8,-3.8,-3.9,-4.5,-3.3,-0.1,25.1,30.2,36.4,13.4,0.0,35.9,24.0,12.7,72.4,,,OBAnorm,,LD831_02097v2.403,,,,0,0
DENATRLA,2025-06-23 23:25:56.000,24.3,25.2,20.6,18.8,18.4,18.9,15.3,12.1,8.9,10.3,13.0,15.3,16.3,18.7,19.9,19.1,19.2,19.2,17.9,18.0,14.7,12.8,8.4,4.8,1.8,-0.1,-3.6,-3.8,-3.8,-3.8,-4.4,-3.2,-0.2,25.3,29.9,39.2,13.4,0.0,35.9,24.0,12.7,72.4,,,OBAnorm,,LD831_02097v2.403,,,,0,0
DENATRLA,2025-06-23 23:25:57.000,26.3,19.7,24.7,19.0,18.1,16.5,15.6,13.4,10.0,10.8,13.9,16.0,17.3,20.1,18.4,19.3,18.6,18.5,18.5,16.7,14.5,11.7,8.0,4.5,1.5,-0.3,-3.1,-3.6,-3.7,-3.7,-4.4,-3.1,-0.3,25.0,30.5,40.3,13.4,0.0,35.9,24.0,12.7,72.4,,,OBAnorm,,LD831_02097v2.403,,,,0,0
DENATRLA,2025-06-23 23:25:58.000,26.6,26.2,24.7,20.7,18.3,16.3,16.3,11.1,8.5,8.5,13.4,15.2,17.3,18.5,18.8,19.0,18.2,17.9,17.8,16.5,14.0,11.7,7.9,4.5,1.4,-0.8,-3.1,-3.8,-3.8,-3.9,-4.4,-3.2,-0.1,24.6,30.0,42.7,13.4,0.0,35.9,24.0,12.7,72.4,,,OBAnorm,,LD831_02097v2.403,,,,0,0
DENATRLA,2025-06-23 23:25:59.000,27.4,26.3,21.5,18.2,18.4,15.7,14.3,12.6,10.2,9.0,14.5,16.3,16.5,18.5,18.2,17.6,17.6,18.1,17.4,16.2,14.1,11.1,7.0,3.9,1.2,-1.1,-3.0,-3.6,-3.7,-3.7,-4.4,-3.0,-0.2,24.1,29.4,40.7,13.4,0.0,35.9,24.0,12.7,73.0,,,OBAnorm,,LD831_02097v2.403,,,,0,0
DENATRLA,2025-06-23 23:26:00.000,28.5,27.0,24.4,19.2,17.9,15.8,14.4,11.8,11.4,9.4,11.0,14.8,16.4,17.0,19.0,18.5,17.7,17.6,17.8,16.5,14.0,11.2,8.5,7.5,3.3,1.1,-2.2,-3.4,-3.3,-3.4,-4.3,-3.1,-0.2,24.5,29.6,40.5,13.4,0.0,35.9,24.0,12.6,73.0,,,OBAnorm,,LD831_02097v2.403,,,,0,0
DENATRLA,2025-06-23 23:26:01.000,24.0,27.8,20.6,19.2,17.6,16.6,13.7,12.5,10.2,10.6,13.7,15.6,17.4,17.1,17.8,17.6,17.4,18.1,17.7,16.7,14.6,12.2,9.3,8.5,4.0,1.0,-2.4,-3.5,-3.5,-3.6,-4.3,-3.0,0.0,24.7,29.4,37.7,13.4,0.0,35.9,24.0,12.6,73.0,,,OBAnorm,,LD831_02097v2.403,,,,0,0
DENATRLA,2025-06-23 23:26:02.000,29.2,22.9,23.2,19.8,16.9,16.2,13.1,12.9,9.8,8.8,12.6,15.6,18.1,18.1,18.8,18.2,17.8,18.3,17.7,16.6,15.2,12.4,8.6,5.7,3.0,-0.4,-3.0,-3.8,-3.8,-3.8,-4.5,-3.1,-0.1,24.7,29.6,38.3,13.4,0.0,35.9,24.0,12.6,73.0,,,OBAnorm,,LD831_02097v2.403,,,,0,0
DENATRLA,2025-06-23 23:26:03.000,29.2,21.9,22.5,18.5,17.6,16.1,15.4,11.7,9.1,9.3,12.8,15.2,17.3,18.9,18.5,18.0,18.0,18.8,17.5,16.2,15.0,12.3,8.3,4.7,1.6,-0.6,-3.5,-3.9,-3.9,-4.0,-4.4,-3.3,-0.1,24.7,29.8,38.4,13.4,0.0,35.9,24.0,12.6,73.0,,,OBAnorm,,LD831_02097v2.403,,,,0,0
DENATRLA,2025-06-23 23:26:04.000,24.5,27.0,27.0,17.9,13.6,15.2,15.3,14.7,9.0,10.5,12.0,16.7,15.9,17.9,18.3,17.8,18.3,18.7,18.1,16.4,14.4,11.6,8.0,4.7,1.7,-0.7,-3.6,-3.9,-3.8,-3.8,-4.4,-3.2,-0.2,24.7,30.5,36.9,13.4,0.0,35.9,24.0,12.6,73.0,,,OBAnorm,,LD831_02097v2.403,,,,0,0
DENATRLA,2025-06-23 23:26:05.000,26.5,24.1,26.6,21.0,16.4,15.8,14.7,15.2,10.9,10.1,13.8,14.9,17.5,18.8,19.5,18.1,17.9,18.2,17.5,16.4,14.6,11.3,7.9,4.0,1.6,-0.5,-3.6,-3.8,-3.9,-4.0,-4.5,-3.2,-0.2,24.6,29.6,38.1,13.4,0.0,35.9,24.0,12.6,73.0,,,OBAnorm,,LD831_02097v2.403,,,,0,0
DENATRLA,2025-06-23 23:26:06.000,26.9,28.3,28.0,17.5,16.0,17.5,16.9,13.2,8.8,7.6,12.7,16.6,17.4,18.6,19.6,17.7,18.3,18.8,17.7,16.0,14.7,11.5,8.0,4.6,1.9,-0.4,-2.8,-3.8,-3.8,-3.9,-4.4,-3.1,-0.1,24.7,29.9,36.0,13.4,0.0,35.9,24.0,12.6,73.5,,,OBAnorm,,LD831_02097v2.403,,,,0,0
DENATRLA,2025-06-23 23:26:07.000,27.7,27.0,22.2,15.8,15.0,16.0,14.9,13.5,10.3,10.0,14.4,16.7,18.5,18.8,19.1,18.1,18.0,18.5,17.1,16.5,14.5,11.5,7.9,5.0,1.6,-0.2,-3.3,-3.8,-3.8,-3.9,-4.4,-3.3,-0.1,24.5,29.3,35.3,13.4,0.0,35.9,24.0,12.6,73.0,,,OBAnorm,,LD831_02097v2.403,,,,0,0
DENATRLA,2025-06-23 23:26:08.000,28.2,25.0,20.9,17.4,14.2,15.3,14.2,14.6,8.3,10.3,13.9,15.6,17.9,19.3,19.2,18.2,17.6,18.4,18.0,16.0,13.8,11.4,7.9,8.3,6.9,0.8,-3.6,-3.8,-3.8,-3.9,-4.4,-3.3,-0.1,24.6,29.5,35.8,13.4,0.0,35.9,24.0,12.6,73.0,,,OBAnorm,,LD831_02097v2.403,,,,0,0
DENATRLA,2025-06-23 23:26:09.000,29.3,26.2,21.7,19.6,15.4,15.9,15.6,10.7,9.6,9.7,13.6,15.5,18.4,18.7,19.2,18.2,18.2,18.9,16.7,15.8,13.5,11.3,8.2,4.4,1.7,-0.1,-3.5,-3.8,-3.8,-3.9,-4.4,-3.1,-0.1,24.6,29.9,35.6,13.4,0.0,35.9,24.0,12.6,73.0,,,OBAnorm,,LD831_02097v2.403,,,,0,0
DENATRLA,2025-06-23 23:26:10.000,19.2,25.3,24.7,20.4,18.8,14.9,15.2,14.0,10.4,8.7,11.9,16.0,18.6,19.2,19.2,18.3,18.1,18.0,17.5,15.9,13.4,11.3,8.1,4.4,1.4,-0.3,-3.7,-3.9,-3.8,-4.0,-4.5,-3.3,-0.2,24.4,29.8,36.8,13.4,0.0,35.9,24.0,12.6,73.0,,,OBAnorm,,LD831_02097v2.403,,,,0,0
DENATRLA,2025-06-23 23:26:11.000,26.3,23.3,21.9,17.9,18.6,16.5,17.4,12.7,10.5,10.0,11.8,15.7,17.1,18.7,18.3,17.1,18.5,18.7,17.2,16.0,14.0,11.4,7.9,4.2,1.7,-0.7,-3.6,-3.9,-3.8,-3.9,-4.5,-3.3,-0.1,24.3,29.2,35.8,13.4,0.0,35.9,24.0,12.6,73.0,,,OBAnorm,,LD831_02097v2.403,,,,0,0
DENATRLA,2025-06-23 23:26:12.000,26.3,26.3,22.8,17.4,16.3,14.8,11.9,12.4,10.1,9.9,13.6,15.5,17.7,17.2,19.3,18.3,18.0,19.0,17.4,16.2,14.1,11.6,8.4,8.2,6.8,0.2,-2.8,-3.8,-3.6,-3.7,-4.4,-3.3,-0.1,24.7,29.4,37.2,13.4,0.0,35.9,24.0,12.6,73.0,,,OBAnorm,,LD831_02097v2.403,,,,0,0
DENATRLA,2025-06-23 23:26:13.000,28.8,24.6,22.3,19.1,14.5,14.1,14.1,13.1,10.5,9.9,11.7,16.3,17.1,18.6,17.8,18.5,17.8,18.7,17.8,16.6,14.4,11.6,8.5,7.3,3.9,1.6,-3.4,-3.8,-3.5,-3.5,-4.2,-3.1,0.0,24.8,30.2,36.0,13.4,0.0,35.9,24.0,12.6,73.0,,,OBAnorm,,LD831_02097v2.403,,,,0,0
DENATRLA,2025-06-23 23:26:14.000,24.9,23.4,23.9,24.5,17.4,14.5,15.0,11.4,9.9,11.2,13.2,15.1,17.4,18.2,19.4,17.9,17.9,18.7,17.5,16.6,14.1,11.5,8.3,5.2,2.5,-0.5,-3.9,-3.9,-3.8,-4.0,-4.5,-3.3,-0.2,24.6,29.6,36.7,13.4,0.0,35.9,24.0,12.6,73.0,,,OBAnorm,,LD831_02097v2.403,,,,0,0
DENATRLA,2025-06-23 23:26:15.000,25.2,27.4,26.5,22.8,15.2,13.6,15.0,13.4,10.2,9.3,12.3,15.7,17.4,17.6,17.6,17.5,17.7,18.7,17.9,16.8,14.6,12.1,8.2,4.3,0.8,-1.1,-3.8,-3.9,-3.8,-3.9,-4.5,-3.2,-0.2,24.6,29.4,36.5,13.4,0.0,35.8,24.0,12.6,73.0,,,OBAnorm,,LD831_02097v2.403,,,,0,0
DENATRLA,2025-06-23 23:26:16.000,24.7,26.8,23.4,17.5,18.2,13.5,16.5,13.5,9.0,10.1,12.7,15.0,17.0,18.6,18.4,18.0,17.6,19.5,17.5,16.6,14.9,12.3,8.3,4.6,2.3,3.1,4.6,-1.3,-2.3,-3.5,-4.3,-3.1,-0.2,25.0,29.6,37.0,13.4,0.0,35.9,24.0,12.6,73.0,,,OBAnorm,,LD831_02097v2.403,,,,0,0
DENATRLA,2025-06-23 23:26:17.000,25.4,23.5,21.2,18.9,17.3,14.8,14.9,11.7,10.4,8.8,12.5,16.4,17.3,18.7,19.2,18.0,18.4,19.7,18.7,17.1,15.6,11.7,8.7,4.8,4.0,5.3,4.7,-0.1,-0.5,-2.4,-3.9,-3.0,0.0,25.4,30.5,40.9,13.4,0.0,35.9,24.0,12.6,73.0,,,OBAnorm,,LD831_02097v2.403,,,,0,0
DENATRLA,2025-06-23 23:26:18.000,29.7,24.2,24.6,21.2,16.1,17.6,17.7,14.5,12.4,10.7,13.7,16.0,17.0,17.8,19.4,18.4,18.7,19.0,18.1,16.9,15.4,12.1,8.6,5.5,4.1,3.5,2.2,-1.7,-2.1,-3.4,-3.9,-3.1,-0.1,25.1,30.0,38.8,13.4,0.0,35.9,24.0,12.6,73.0,,,OBAnorm,,LD831_02097v2.403,,,,0,0
DENATRLA,2025-06-23 23:26:19.000,25.1,26.0,25.2,18.9,17.4,14.9,15.3,12.4,9.0,9.3,12.8,14.8,16.5,18.5,19.2,17.2,17.8,18.6,17.3,16.6,14.9,11.5,9.3,8.8,6.3,1.4,-1.7,-1.4,0.0,-2.3,-3.8,-3.1,0.0,24.9,29.4,38.5,13.4,0.0,35.9,24.0,12.6,73.0,,,OBAnorm,,LD831_02097v2.403,,,,0,0
DENATRLA,2025-06-23 23:26:20.000,24.9,23.6,20.4,22.9,16.5,14.9,13.0,12.0,8.7,9.8,13.3,16.3,17.6,18.4,18.4,18.0,16.9,18.9,17.5,16.5,14.6,12.1,8.3,6.7,3.8,0.6,-3.3,-3.6,-3.7,-3.7,-4.4,-3.3,-0.2,24.6,29.9,37.6,13.4,0.0,35.9,24.0,12.6,73.0,,,OBAnorm,,LD831_02097v2.403,,,,0,0
DENATRLA,2025-06-23 23:26:21.000,22.3,26.4,21.8,21.0,19.2,14.4,12.8,11.0,11.7,9.5,13.4,15.5,15.8,18.3,17.7,16.8,17.1,19.3,17.8,15.5,14.3,11.7,7.6,4.1,1.2,-0.8,-3.9,-3.9,-3.8,-3.8,-4.5,-3.3,-0.2,24.3,29.6,36.7,13.4,0.0,35.9,24.0,12.6,73.0,,,OBAnorm,,LD831_02097v2.403,,,,0,0
DENATRLA,2025-06-23 23:26:22.000,24.7,26.5,24.7,20.1,18.0,16.6,14.6,14.5,9.1,9.8,11.0,13.0,18.2,17.4,18.3,17.1,17.2,18.0,17.2,15.5,13.6,10.5,7.9,4.4,1.2,-0.5,-2.8,-3.4,-3.0,-3.2,-4.3,-3.2,-0.2,23.9,29.4,37.0,13.4,0.0,35.9,24.0,12.6,72.4,,,OBAnorm,,LD831_02097v2.403,,,,0,0
DENATRLA,2025-06-23 23:26:23.000,27.8,27.3,23.9,20.0,18.4,15.5,16.3,13.0,9.4,10.5,12.6,14.7,16.6,17.5,18.2,16.9,17.3,17.5,16.7,16.1,13.5,11.1,7.4,3.8,1.1,-1.5,-3.6,-3.8,-3.8,-3.8,-4.4,-3.4,-0.1,24.0,29.0,34.3,13.4,0.0,35.9,24.0,12.6,72.4,,,OBAnorm,,LD831_02097v2.403,,,,0,0
DENATRLA,2025-06-23 23:26:24.000,24.0,26.7,23.8,23.6,18.4,14.5,13.6,12.5,10.8,9.8,11.3,15.3,16.1,17.7,17.4,17.8,17.2,17.8,17.4,15.7,14.2,11.5,9.4,6.6,3.8,-0.1,-3.5,-3.7,-3.7,-3.5,-4.2,-3.1,-0.2,24.2,29.0,36.2,13.4,0.0,35.9,24.0,12.6,72.4,,,OBAnorm,,LD831_02097v2.403,,,,0,0
DENATRLA,2025-06-23 23:26:25.000,27.1,20.9,20.4,18.9,15.0,14.8,16.5,13.5,10.8,10.4,10.9,15.1,16.1,18.4,18.1,18.3,17.6,17.8,17.1,16.1,14.4,11.4,8.5,9.0,5.8,0.8,-3.3,-3.7,-3.8,-3.6,-4.3,-3.2,-0.1,24.4,29.0,36.2,13.4,0.0,35.9,24.0,12.6,72.4,,,OBAnorm,,LD831_02097v2.403,,,,0,0
DENATRLA,2025-06-23 23:26:26.000,27.3,24.7,21.7,21.8,14.6,16.3,14.2,13.3,9.6,9.5,11.7,15.6,17.4,17.7,18.2,18.2,16.6,18.8,16.6,15.6,13.9,11.2,8.4,8.1,3.6,-0.6,-3.1,-3.8,-3.6,-3.4,-4.0,-3.0,-0.1,24.2,29.2,35.7,13.4,0.0,35.9,24.0,12.6,72.4,,,OBAnorm,,LD831_02097v2.403,,,,0,0
DENATRLA,2025-06-23 23:26:27.000,25.0,20.5,22.9,18.3,17.8,16.0,13.9,14.3,11.2,10.6,12.6,15.0,17.4,18.0,18.0,17.4,17.0,18.0,16.7,15.6,13.9,10.7,7.5,4.6,1.1,0.4,-3.8,-3.8,-3.8,-3.9,-4.4,-3.2,-0.2,23.9,29.2,37.2,13.4,0.0,35.9,24.0,12.6,72.4,,,OBAnorm,,LD831_02097v2.403,,,,0,0
DENATRLA,2025-06-23 23:26:28.000,22.4,21.4,21.3,18.9,17.4,17.6,13.1,13.9,10.6,9.2,12.5,14.8,17.3,18.6,17.9,17.8,18.1,18.2,17.0,15.5,13.8,10.9,7.2,3.2,0.0,-2.0,-3.8,-3.9,-3.8,-3.8,-4.5,-3.1,-0.1,24.1,29.7,36.4,13.4,0.0,35.9,24.0,12.6,72.4,,,OBAnorm,,LD831_02097v2.403,,,,0,0
DENATRLA,2025-06-23 23:26:29.000,26.5,26.7,21.0,17.7,16.0,17.5,17.0,13.5,10.2,8.7,12.4,14.3,16.3,18.7,17.6,17.1,17.3,18.1,16.9,15.6,13.6,10.9,7.3,5.0,1.1,-2.1,-3.8,-3.8,-3.8,-4.0,-4.4,-3.3,-0.2,24.0,29.2,36.1,13.4,0.0,35.9,24.0,12.6,72.4,,,OBAnorm,,LD831_02097v2.403,,,,0,0
DENATRLA,2025-06-23 23:26:30.000,30.3,25.9,23.0,18.2,16.1,14.7,16.7,13.5,8.9,9.4,13.7,16.4,18.4,17.8,18.4,17.8,17.6,18.6,17.4,16.4,13.5,10.8,7.5,4.1,3.3,-0.5,-3.8,-3.9,-3.9,-4.0,-4.5,-3.2,-0.2,24.4,28.9,35.2,13.4,0.0,35.9,24.0,12.6,72.4,,,OBAnorm,,LD831_02097v2.403,,,,0,0
DENATRLA,2025-06-23 23:26:31.000,27.6,26.8,22.6,14.3,15.4,17.7,15.1,12.9,7.7,9.5,10.9,14.1,16.0,17.2,18.1,17.7,17.8,18.0,17.2,15.7,13.5,11.4,8.6,6.4,1.8,-1.7,-3.7,-3.9,-3.8,-3.9,-4.4,-3.3,-0.2,24.2,29.0,34.8,13.4,0.0,35.9,24.0,12.6,72.4,,,OBAnorm,,LD831_02097v2.403,,,,0,0
DENATRLA,2025-06-23 23:26:32.000,24.9,24.4,22.0,16.7,17.5,18.0,17.2,13.1,11.0,8.9,12.6,14.0,16.5,17.8,18.0,17.4,17.8,18.5,17.2,16.3,14.0,11.1,7.6,5.5,2.0,-0.9,-2.9,-3.4,-3.4,-3.2,-4.2,-3.0,-0.2,24.2,29.1,35.1,13.4,0.0,35.9,24.0,12.6,72.4,,,OBAnorm,,LD831_02097v2.403,,,,0,0
DENATRLA,2025-06-23 23:26:33.000,23.5,22.5,22.9,17.9,16.9,15.2,15.9,12.1,9.2,9.5,11.8,15.9,15.0,18.3,17.7,16.9,17.2,18.5,16.9,16.2,14.0,11.3,7.3,5.0,0.0,-1.9,-3.7,-3.7,-3.8,-3.7,-4.4,-3.2,-0.1,24.1,29.1,34.8,13.4,0.0,35.9,24.0,12.6,72.4,,,OBAnorm,,LD831_02097v2.403,,,,0,0
DENATRLA,2025-06-23 23:26:34.000,21.2,25.6,20.8,19.6,18.4,15.9,14.8,10.8,10.3,8.5,11.4,14.5,16.6,17.8,18.6,18.1,17.8,18.4,17.3,16.2,14.0,11.7,9.2,10.6,8.0,0.0,-3.4,-3.6,-3.7,-3.8,-4.4,-3.2,-0.2,24.7,29.1,36.1,13.4,0.0,35.9,24.0,12.6,72.4,,,OBAnorm,,LD831_02097v2.403,,,,0,0
DENATRLA,2025-06-23 23:26:35.000,28.6,24.3,22.8,18.4,17.5,15.2,15.6,12.6,8.1,10.3,13.1,15.0,17.2,17.9,19.0,17.4,17.9,18.9,17.7,15.8,14.1,10.8,7.8,6.0,3.5,0.7,-2.8,-3.4,-3.2,-2.7,-4.1,-3.2,-0.1,24.4,29.2,34.9,13.4,0.0,35.9,24.0,12.6,72.4,,,OBAnorm,,LD831_02097v2.403,,,,0,0
DENATRLA,2025-06-23 23:26:36.000,23.0,20.7,20.7,19.0,18.2,16.9,14.4,11.2,9.5,9.9,12.4,14.3,16.8,18.2,18.5,18.2,18.0,17.7,16.7,16.1,13.9,10.8,8.1,6.5,3.4,0.7,-1.5,-3.0,-2.0,-1.5,-3.4,-2.0,-0.2,24.3,28.9,34.7,13.4,0.0,35.9,24.0,12.6,72.4,,,OBAnorm,,LD831_02097v2.403,,,,0,0
DENATRLA,2025-06-23 23:26:37.000,24.2,26.0,16.1,17.1,14.1,15.8,14.6,12.2,8.8,8.4,11.2,15.4,16.9,17.4,18.2,17.6,18.2,18.3,17.2,16.3,14.7,11.4,7.8,3.6,1.1,-0.2,-1.9,-3.0,-2.0,-1.7,-3.4,-2.8,-0.2,24.4,29.1,35.4,13.4,0.0,35.9,24.0,12.6,72.4,,,OBAnorm,,LD831_02097v2.403,,,,0,0
DENATRLA,2025-06-23 23:26:38.000,25.5,26.3,19.7,18.4,15.9,17.1,14.7,13.9,9.3,10.1,10.9,15.8,18.0,18.1,19.1,18.0,17.7,18.5,17.5,16.7,14.1,11.9,8.4,7.7,1.4,-0.6,-2.6,-3.3,-3.3,-3.2,-4.1,-3.1,-0.1,24.7,29.5,37.2,13.4,0.0,35.9,24.0,12.6,71.8,,,OBAnorm,,LD831_02097v2.403,,,,0,0
DENATRLA,2025-06-23 23:26:39.000,21.8,24.8,23.3,22.0,18.5,16.9,14.0,14.3,8.1,8.3,11.9,15.8,17.1,18.3,19.0,19.2,18.6,18.9,17.7,16.7,14.2,12.5,9.7,8.5,10.9,1.6,-2.6,-3.6,-3.3,-3.0,-4.2,-3.2,-0.3,25.2,29.7,36.9,13.4,0.0,35.9,24.0,12.6,71.8,,,OBAnorm,,LD831_02097v2.403,,,,0,0
DENATRLA,2025-06-23 23:26:40.000,21.4,22.0,20.4,17.9,16.8,16.2,17.2,12.3,10.4,9.7,12.0,15.1,17.1,18.8,17.7,18.2,18.1,18.6,17.3,16.1,14.1,11.4,8.1,5.5,3.7,0.3,-3.2,-3.9,-3.8,-3.9,-4.5,-3.2,-0.2,24.5,29.1,38.8,13.4,0.0,35.9,24.0,12.6,71.8,,,OBAnorm,,LD831_02097v2.403,,,,0,0
DENATRLA,2025-06-23 23:26:41.000,22.3,24.9,17.7,16.7,17.3,17.0,16.5,13.3,9.0,9.4,10.6,15.1,16.5,17.8,17.8,17.9,18.2,18.9,17.3,16.0,13.9,10.8,8.5,5.7,3.5,0.9,-2.5,-3.3,-3.3,-3.3,-4.2,-3.0,-0.1,24.3,29.0,40.4,13.4,0.0,35.9,24.0,12.6,72.4,,,OBAnorm,,LD831_02097v2.403,,,,0,0
DENATRLA,2025-06-23 23:26:42.000,25.9,23.9,20.0,17.4,17.5,16.7,15.3,13.6,9.6,7.7,12.3,14.6,17.6,18.5,18.3,18.0,17.6,18.2,17.2,15.6,13.2,10.3,7.2,3.6,2.1,0.3,-2.1,-3.2,-2.9,-2.9,-3.9,-3.0,-0.1,24.1,29.4,39.8,13.4,0.0,35.9,23.9,12.6,72.4,,,OBAnorm,,LD831_02097v2.403,,,,0,0
DENATRLA,2025-06-23 23:26:43.000,26.3,21.1,20.3,16.2,18.5,19.0,18.1,11.0,9.9,9.6,12.6,13.2,17.5,18.1,18.2,17.7,17.5,17.8,17.4,16.3,13.7,10.6,7.4,3.6,1.0,-0.7,-2.4,-3.3,-2.7,-2.8,-4.0,-3.0,0.0,24.2,29.8,46.5,13.4,0.0,35.9,24.0,12.6,72.4,,,OBAnorm,,LD831_02097v2.403,,,,0,0
DENATRLA,2025-06-23 23:26:44.000,25.9,24.9,23.8,15.1,16.7,16.8,14.4,13.5,9.6,8.3,12.2,15.2,16.5,18.1,17.8,18.3,18.4,17.7,16.7,15.4,13.9,10.5,7.6,4.5,2.3,0.8,-1.6,-2.7,-2.6,-3.2,-4.1,-3.2,-0.2,24.0,30.3,48.2,13.4,0.0,35.9,24.0,12.6,72.4,,,OBAnorm,,LD831_02097v2.403,,,,0,0
DENATRLA,2025-06-23 23:26:45.000,25.5,25.4,20.2,20.4,17.9,16.5,14.2,14.1,8.9,8.3,10.8,14.2,15.1,17.1,19.2,17.8,18.4,17.5,16.8,15.2,13.1,10.6,7.1,5.2,4.1,2.0,-3.6,-3.8,-3.7,-3.9,-4.5,-3.3,-0.2,23.9,30.0,47.7,13.4,0.0,35.9,24.0,12.6,72.4,,,OBAnorm,,LD831_02097v2.403,,,,0,0
DENATRLA,2025-06-23 23:26:46.000,26.5,29.8,22.2,19.5,15.7,12.7,16.7,13.7,10.4,8.4,12.6,13.9,16.8,17.1,19.1,17.5,17.1,18.0,17.0,15.9,13.7,10.8,6.7,2.8,0.2,-1.2,-3.6,-3.5,-3.8,-3.8,-4.2,-3.1,-0.2,24.1,30.2,43.9,13.4,0.0,34.5,24.0,12.6,71.3,,,OBAnorm,,LD831_02097v2.403,,,,0,0
DENATRLA,2025-06-23 23:26:47.000,30.6,26.8,24.1,23.1,18.7,18.2,13.9,11.6,8.0,10.3,12.7,13.0,15.9,17.6,18.2,18.1,17.5,18.2,16.8,15.5,13.3,10.3,6.6,3.6,-0.1,-1.6,-3.4,-3.8,-3.5,-3.8,-4.3,-3.2,-0.2,23.8,31.5,48.3,13.4,0.0,34.4,24.0,12.6,70.1,,,OBAnorm,,LD831_02097v2.403,,,,0,0
DENATRLA,2025-06-23 23:26:48.000,31.6,29.7,24.7,17.0,17.2,17.4,16.1,15.5,10.5,10.1,12.5,14.3,16.4,17.7,18.7,18.5,17.3,18.0,17.3,15.6,14.0,10.5,6.9,3.6,1.1,-1.4,-2.5,-3.1,-2.1,-2.9,-4.1,-2.9,-0.1,24.0,32.7,51.3,13.4,0.0,35.9,24.0,12.6,70.7,,,OBAnorm,,LD831_02097v2.403,,,,0,0
DENATRLA,2025-06-23 23:26:49.000,32.6,27.3,28.0,22.7,21.0,15.7,16.0,13.5,10.1,8.8,12.7,14.7,15.8,17.6,18.6,17.8,17.5,17.5,17.2,16.1,14.0,10.7,7.1,6.2,1.0,-1.1,-2.9,-3.5,-3.1,-3.3,-4.0,-2.8,0.0,24.1,31.4,48.0,13.4,0.0,35.9,23.9,12.6,72.4,,,OBAnorm,,LD831_02097v2.403,,,,0,0
DENATRLA,2025-06-23 23:26:50.000,34.5,30.0,26.7,21.4,20.1,16.8,14.2,11.9,9.2,8.9,11.3,13.9,16.1,17.0,18.6,17.9,17.8,18.1,16.8,15.7,13.5,11.1,7.9,6.1,4.0,-1.8,-3.8,-3.9,-3.8,-3.8,-4.2,-3.2,-0.3,24.1,30.8,45.1,13.4,0.0,35.9,23.9,12.6,72.4,,,OBAnorm,,LD831_02097v2.403,,,,0,0
DENATRLA,2025-06-23 23:26:51.000,34.3,32.0,28.6,20.9,15.7,14.5,12.9,13.1,9.1,7.8,10.9,13.5,15.6,17.4,18.4,18.0,17.3,17.8,17.2,15.5,13.9,10.7,6.5,5.1,2.2,-1.0,-2.6,-3.4,-3.1,-3.4,-4.0,-2.8,-0.1,23.8,32.4,54.2,13.4,0.0,35.9,24.0,12.6,72.4,,,OBAnorm,,LD831_02097v2.403,,,,0,0
DENATRLA,2025-06-23 23:26:52.000,33.3,30.8,26.8,20.5,18.8,15.3,13.8,10.5,9.6,8.4,11.7,13.4,15.9,16.9,17.9,17.9,16.9,17.0,16.3,14.9,12.7,9.1,6.7,6.8,2.5,-2.7,-3.5,-3.8,-3.6,-3.7,-4.3,-3.2,-0.2,23.4,30.6,49.3,13.4,0.0,35.9,23.9,12.6,72.4,,,OBAnorm,,LD831_02097v2.403,,,,0,0
DENATRLA,2025-06-23 23:26:53.000,31.1,31.2,26.0,21.4,17.8,15.3,11.8,12.6,9.3,9.8,10.5,14.3,15.2,16.8,17.8,17.7,17.4,17.5,15.9,14.5,12.2,9.9,5.7,3.1,2.3,-0.8,-2.6,-3.6,-3.4,-3.7,-4.3,-3.2,-0.2,23.2,30.6,49.8,13.4,0.0,35.9,23.9,12.6,72.4,,,OBAnorm,,LD831_02097v2.403,,,,0,0
DENATRLA,2025-06-23 23:26:54.000,34.5,29.9,25.9,21.3,18.6,18.6,13.5,12.2,7.6,8.1,10.7,12.5,15.9,16.7,16.4,16.6,16.6,17.4,17.0,15.0,12.4,9.7,6.9,6.7,2.9,-2.3,-3.6,-3.8,-3.7,-3.8,-4.3,-3.2,-0.2,23.3,34.5,57.1,13.4,0.0,35.9,24.0,12.6,72.4,,,OBAnorm,,LD831_02097v2.403,,,,0,0
DENATRLA,2025-06-23 23:26:55.000,31.8,30.3,27.0,19.7,18.8,16.8,15.8,10.9,9.6,8.3,10.3,12.4,15.3,16.3,17.9,17.9,16.8,17.2,16.5,14.9,12.4,9.8,6.1,3.0,-0.8,-2.5,-3.6,-3.7,-3.6,-3.0,-4.3,-3.1,-0.1,23.2,31.2,52.3,13.4,0.0,35.9,24.0,12.6,72.4,,,OBAnorm,,LD831_02097v2.403,,,,0,0
DENATRLA,2025-06-23 23:26:56.000,29.9,25.7,27.4,23.5,15.7,14.6,13.4,10.8,7.3,7.8,11.0,13.2,15.8,17.2,18.0,17.9,16.8,17.3,17.5,15.3,12.8,9.6,6.6,4.0,0.4,-2.1,-3.4,-3.7,-3.5,-3.7,-4.2,-3.0,-0.3,23.6,28.5,40.4,13.4,0.0,35.9,23.9,12.6,72.4,,,OBAnorm,,LD831_02097v2.403,,,,0,0
DENATRLA,2025-06-23 23:26:57.000,35.7,32.7,24.2,21.0,13.5,14.0,14.6,11.0,7.8,9.3,11.4,14.0,16.3,16.5,17.3,19.7,17.1,17.1,17.4,15.3,12.8,9.9,6.6,5.7,2.1,-1.4,-2.6,-3.3,-2.6,-3.0,-4.1,-3.1,-0.1,23.8,29.2,40.9,13.4,0.0,35.9,23.9,12.6,72.4,,,OBAnorm,,LD831_02097v2.403,,,,0,0
DENATRLA,2025-06-23 23:26:58.000,26.5,22.8,24.1,20.0,17.5,16.2,14.0,14.6,7.9,8.3,11.9,14.5,15.3,16.1,18.6,17.0,17.2,17.4,16.4,14.8,12.9,10.3,7.5,7.2,4.6,0.7,-1.1,-2.7,-0.6,-2.7,-4.1,-2.9,-0.3,23.5,28.6,45.0,13.4,0.0,35.9,24.0,12.6,72.4,,,OBAnorm,,LD831_02097v2.403,,,,0,0
DENATRLA,2025-06-23 23:26:59.000,23.2,21.3,22.2,17.7,16.5,12.2,14.5,11.6,8.9,7.6,10.4,13.5,16.3,17.7,17.6,17.6,16.5,17.1,16.3,14.7,13.0,9.7,7.3,6.1,5.5,-0.4,-2.4,-3.2,-2.5,-3.0,-3.9,-3.2,-0.2,23.4,28.2,34.8,13.4,0.0,35.9,23.9,12.6,72.4,,,OBAnorm,,LD831_02097v2.403,,,,0,0
DENATRLA,2025-06-23 23:27:00.000,30.3,24.2,21.6,17.9,13.9,11.8,11.5,11.1,6.4,6.8,11.8,12.9,16.1,17.1,17.9,17.1,16.5,16.5,16.3,14.8,12.2,9.9,7.4,5.4,0.9,-0.5,-2.8,-3.0,-2.0,-2.8,-4.0,-3.1,-0.1,23.2,27.8,37.7,13.4,0.0,35.9,23.9,12.6,72.4,,,OBAnorm,,LD831_02097v2.403,,,,0,0
DENATRLA,2025-06-23 23:27:01.000,23.3,19.1,21.8,22.1,11.3,13.1,12.5,10.9,8.3,6.6,11.8,13.6,16.6,16.6,17.3,17.0,17.0,16.9,16.6,15.2,12.7,9.7,5.9,2.8,0.6,-2.9,-3.8,-3.8,-3.7,-3.8,-4.4,-3.1,-0.1,23.2,28.1,41.7,13.4,0.0,35.9,23.9,12.6,73.0,,,OBAnorm,,LD831_02097v2.403,,,,0,0
DENATRLA,2025-06-23 23:27:02.000,25.2,20.4,18.2,16.3,16.4,17.5,13.7,12.6,7.3,8.8,10.1,13.6,15.6,18.2,17.5,17.6,16.6,17.1,17.0,15.5,13.1,9.4,5.9,3.0,-1.1,-1.9,-3.5,-3.8,-3.8,-3.9,-4.4,-3.3,-0.2,23.4,28.4,38.5,13.4,0.0,35.9,23.9,12.6,73.0,,,OBAnorm,,LD831_02097v2.403,,,,0,0
DENATRLA,2025-06-23 23:27:03.000,19.0,20.1,18.6,18.4,14.1,14.3,13.0,9.9,9.1,9.9,10.7,14.9,16.5,17.3,17.2,17.6,16.7,17.5,16.5,15.2,13.3,10.2,6.0,4.9,1.3,-2.4,-3.7,-3.8,-3.8,-3.9,-4.5,-3.3,-0.1,23.6,28.3,37.2,13.4,0.0,35.9,24.0,12.6,73.0,,,OBAnorm,,LD831_02097v2.403,,,,0,0
DENATRLA,2025-06-23 23:27:04.000,24.8,22.6,23.3,20.5,13.0,15.7,14.0,11.2,7.1,8.2,11.4,14.1,16.0,17.9,18.3,17.3,15.7,17.7,16.9,15.5,13.3,10.7,8.1,11.8,7.0,0.9,-3.5,-3.8,-3.8,-3.9,-4.4,-3.2,-0.2,24.1,28.8,38.9,13.4,0.0,35.9,24.1,12.6,73.0,,,OBAnorm,,LD831_02097v2.403,,,,0,0
DENATRLA,2025-06-23 23:27:05.000,24.1,23.0,22.1,16.8,17.8,10.7,14.1,12.4,7.6,9.6,12.6,14.4,15.6,16.5,17.8,17.1,17.2,17.3,16.7,15.5,13.7,10.6,7.5,9.1,5.9,-0.9,-3.3,-3.9,-3.7,-3.9,-4.4,-3.2,-0.1,23.9,28.5,42.4,13.4,0.0,35.9,24.0,12.6,73.0,,,OBAnorm,,LD831_02097v2.403,,,,0,0
DENATRLA,2025-06-23 23:27:06.000,25.3,23.0,22.7,15.6,14.6,14.7,12.4,12.9,9.7,7.9,10.7,14.3,16.1,17.1,17.2,16.6,16.7,17.2,16.1,15.7,13.7,10.4,6.6,3.9,3.2,-0.8,-3.4,-3.7,-3.8,-3.8,-4.4,-3.2,-0.2,23.5,28.4,41.6,13.4,0.0,35.8,24.0,12.6,73.0,,,OBAnorm,,LD831_02097v2.403,,,,0,0
DENATRLA,2025-06-23 23:27:07.000,24.3,22.8,17.9,17.7,15.8,17.0,15.2,13.3,8.7,7.8,9.6,13.3,15.1,16.3,16.9,16.1,16.1,16.5,17.1,15.6,12.7,10.3,6.3,3.6,1.6,-1.8,-2.8,-3.5,-3.5,-3.7,-4.3,-3.2,-0.2,23.2,28.3,37.5,13.4,0.0,35.9,23.9,12.6,73.0,,,OBAnorm,,LD831_02097v2.403,,,,0,0
DENATRLA,2025-06-23 23:27:08.000,20.3,24.9,17.6,19.3,15.6,11.6,12.1,11.9,9.3,7.5,9.5,13.8,15.8,17.6,17.6,17.1,16.0,17.1,16.4,14.5,12.1,11.6,7.8,10.7,3.1,-1.7,-3.6,-3.8,-3.7,-3.8,-4.3,-3.2,-0.2,23.6,29.0,44.1,13.4,0.0,35.9,23.9,12.6,73.0,,,OBAnorm,,LD831_02097v2.403,,,,0,0
DENATRLA,2025-06-23 23:27:09.000,26.0,28.5,21.3,19.4,16.6,14.1,13.4,9.3,6.0,7.6,10.7,11.7,16.1,16.4,17.5,16.6,15.5,16.1,15.3,13.8,12.0,8.7,6.1,6.9,4.6,0.5,-3.8,-3.8,-3.8,-4.0,-4.5,-3.3,-0.3,22.4,27.8,42.8,13.4,0.0,35.9,23.9,12.6,73.0,,,OBAnorm,,LD831_02097v2.403,,,,0,0
DENATRLA,2025-06-23 23:27:10.000,28.5,27.7,20.9,21.1,13.4,14.3,11.7,11.4,8.7,9.1,11.0,12.1,13.9,16.1,17.1,15.8,15.6,16.9,16.0,14.3,11.7,9.9,8.0,8.2,6.3,-0.6,-3.4,-3.9,-3.8,-4.0,-4.5,-3.4,-0.1,22.9,27.5,35.1,13.4,0.0,35.9,23.9,12.6,73.0,,,OBAnorm,,LD831_02097v2.403,,,,0,0
DENATRLA,2025-06-23 23:27:11.000,23.5,24.3,21.9,18.0,14.0,14.4,11.7,12.7,7.9,8.1,8.9,12.7,13.5,16.3,17.8,16.3,16.4,16.0,15.9,13.7,11.7,8.9,6.5,4.6,3.2,0.3,-3.2,-3.8,-3.6,-3.8,-4.5,-3.3,-0.2,22.5,27.6,43.2,13.4,0.0,35.9,23.9,12.6,73.0,,,OBAnorm,,LD831_02097v2.403,,,,0,0
DENATRLA,2025-06-23 23:27:12.000,22.7,23.5,19.9,14.6,15.3,12.5,10.7,12.1,8.3,7.4,11.0,13.6,14.5,16.8,16.9,17.4,16.5,17.0,15.6,14.1,11.2,9.0,5.8,4.1,4.0,-1.4,-3.4,-3.9,-3.8,-3.9,-4.4,-3.1,-0.1,22.7,27.9,41.1,13.4,0.0,35.9,23.9,12.6,73.0,,,OBAnorm,,LD831_02097v2.403,,,,0,0
DENATRLA,2025-06-23 23:27:13.000,21.0,23.4,22.9,18.3,15.7,15.9,13.8,10.4,7.6,6.9,11.2,13.0,14.6,16.2,16.6,16.4,16.0,16.8,15.8,13.8,11.6,9.2,5.7,5.5,4.2,0.9,-3.0,-3.8,-3.7,-3.7,-4.4,-3.1,-0.1,22.7,27.5,37.9,13.4,0.0,35.9,24.0,12.6,73.0,,,OBAnorm,,LD831_02097v2.403,,,,0,0
DENATRLA,2025-06-23 23:27:14.000,26.6,23.0,21.1,16.1,15.9,13.1,12.7,8.6,6.7,5.6,11.3,13.2,15.0,16.4,16.9,16.2,16.2,16.1,15.3,13.9,12.5,9.8,6.9,7.6,6.6,1.5,-2.2,-3.7,-3.7,-3.8,-4.4,-3.2,-0.1,22.9,28.0,41.1,13.4,0.0,35.9,23.9,12.6,73.0,,,OBAnorm,,LD831_02097v2.403,,,,0,0
DENATRLA,2025-06-23 23:27:15.000,20.4,20.9,22.5,18.6,15.8,15.3,12.7,9.6,7.2,7.1,10.0,14.1,15.5,15.5,16.6,16.1,15.9,16.0,15.5,14.6,11.7,9.0,5.4,4.2,4.3,1.3,-2.2,-3.7,-3.6,-3.8,-4.3,-3.1,-0.1,22.3,27.3,33.6,13.4,0.0,35.9,23.9,12.6,73.0,,,OBAnorm,,LD831_02097v2.403,,,,0,0
DENATRLA,2025-06-23 23:27:16.000,21.6,24.5,21.0,18.9,17.7,15.4,11.7,11.8,7.3,6.1,9.9,12.7,15.2,16.1,15.8,15.3,15.9,15.8,15.3,13.3,11.2,9.1,6.6,5.1,1.5,-1.3,-2.9,-3.8,-3.8,-4.0,-4.5,-3.4,-0.3,22.2,27.0,37.1,13.4,0.0,35.9,23.9,12.6,73.0,,,OBAnorm,,LD831_02097v2.403,,,,0,0
DENATRLA,2025-06-23 23:27:17.000,23.3,22.2,20.7,19.0,15.2,11.4,12.1,10.5,7.0,6.0,8.7,14.3,15.5,15.9,16.6,16.2,15.7,16.5,15.8,13.8,11.2,8.6,5.3,4.6,3.4,-0.4,-2.6,-3.7,-2.0,-4.0,-4.5,-3.2,-0.1,22.4,27.6,37.5,13.4,0.0,35.9,23.9,12.6,73.0,,,OBAnorm,,LD831_02097v2.403,,,,0,0
DENATRLA,2025-06-23 23:27:18.000,22.9,19.3,19.0,17.0,15.7,12.3,14.3,8.5,6.1,6.0,11.1,11.8,15.4,16.2,17.1,16.2,16.1,15.4,15.3,13.7,10.5,10.8,5.6,4.2,4.4,-1.0,-2.3,-3.8,-3.8,-3.9,-4.5,-3.1,-0.1,22.3,27.5,46.1,13.4,0.0,35.9,23.9,12.6,73.0,,,OBAnorm,,LD831_02097v2.403,,,,0,0
DENATRLA,2025-06-23 23:27:19.000,26.6,22.1,21.7,17.0,13.1,11.4,9.7,8.6,7.5,5.8,9.4,12.0,14.9,16.2,16.7,16.7,16.0,15.7,15.4,13.4,11.8,9.3,5.2,3.6,3.7,0.7,-1.7,-3.6,-3.8,-4.0,-4.5,-3.1,-0.1,22.3,27.9,45.1,13.4,0.0,35.9,23.9,12.6,73.0,,,OBAnorm,,LD831_02097v2.403,,,,0,0
DENATRLA,2025-06-23 23:27:20.000,25.1,21.2,20.7,17.4,11.3,12.5,13.4,8.9,5.3,6.5,10.3,13.0,14.7,15.0,17.0,16.8,15.4,16.5,15.7,14.0,11.9,9.0,5.2,4.7,6.6,2.1,-1.1,-3.4,-3.7,-3.9,-4.4,-3.2,-0.2,22.7,28.0,43.7,13.4,0.0,35.9,23.9,12.5,72.9,,,OBAnorm,,LD831_02097v2.403,,,,0,0
DENATRLA,2025-06-23 23:27:21.000,21.2,24.3,22.9,18.0,11.5,11.2,11.7,11.6,6.4,6.2,9.6,13.0,15.5,16.4,16.7,16.7,16.0,17.1,15.8,15.1,12.3,10.2,9.3,8.6,6.5,2.3,0.7,-3.1,-3.6,-4.0,-4.5,-3.2,-0.1,23.4,28.0,38.9,13.4,0.0,35.9,23.9,12.5,72.9,,,OBAnorm,,LD831_02097v2.403,,,,0,0
DENATRLA,2025-06-23 23:27:22.000,24.7,26.1,22.2,16.2,15.1,14.0,13.3,7.8,6.4,5.4,10.0,11.8,14.6,15.2,15.6,15.9,16.3,16.9,15.8,14.2,11.8,9.2,5.3,4.2,4.9,1.0,-0.2,-3.1,-3.7,-4.0,-4.4,-3.3,-0.2,22.5,27.2,35.5,13.4,0.0,35.9,23.9,12.5,72.9,,,OBAnorm,,LD831_02097v2.403,,,,0,0
DENATRLA,2025-06-23 23:27:23.000,27.1,21.3,24.3,18.6,15.0,13.0,13.7,8.6,6.9,5.4,10.2,12.5,15.5,15.7,16.9,15.6,15.8,15.8,13.8,13.7,11.3,8.6,6.1,3.5,2.5,-0.3,-1.3,-3.5,-3.8,-4.0,-4.4,-3.2,-0.2,21.8,26.8,34.8,13.4,0.0,35.9,23.9,12.5,72.9,,,OBAnorm,,LD831_02097v2.403,,,,0,0
DENATRLA,2025-06-23 23:27:24.000,25.5,20.1,20.6,18.5,16.3,14.6,11.1,10.1,6.6,6.7,7.1,13.6,14.4,15.8,15.0,15.4,15.2,15.9,14.5,13.1,10.7,8.1,5.1,2.6,0.0,-1.0,-2.4,-3.6,-1.0,-3.8,-4.4,-3.2,-0.1,21.6,26.6,34.6,13.4,0.0,35.9,23.9,12.5,72.9,,,OBAnorm,,LD831_02097v2.403,,,,0,0
DENATRLA,2025-06-23 23:27:25.000,21.3,21.4,17.0,18.7,12.0,14.5,13.3,9.2,6.9,7.7,9.1,12.3,14.5,16.1,16.2,16.2,15.2,15.4,14.8,14.0,11.3,9.5,8.1,7.0,7.5,12.4,4.4,3.7,1.2,-3.2,-4.3,-3.4,-0.1,23.1,27.0,33.4,13.4,0.0,35.9,23.9,12.5,72.9,,,OBAnorm,,LD831_02097v2.403,,,,0,0
DENATRLA,2025-06-23 23:27:26.000,19.9,19.9,17.7,16.2,14.2,13.1,13.7,8.4,8.1,4.8,8.7,11.6,14.3,15.3,16.7,16.0,16.4,16.5,15.9,13.2,11.6,11.2,8.9,9.9,11.9,6.6,6.3,3.7,0.5,-3.2,-4.4,-3.1,-0.2,23.4,27.5,39.4,13.4,0.0,35.9,23.9,12.5,72.9,,,OBAnorm,,LD831_02097v2.403,,,,0,0
DENATRLA,2025-06-23 23:27:27.000,22.7,24.4,19.5,20.4,15.7,14.5,14.5,9.2,5.5,5.5,9.0,11.8,14.0,15.5,15.7,15.7,15.3,15.1,14.7,13.5,10.8,7.9,4.3,3.1,0.6,1.2,-2.8,-3.8,-3.8,-3.9,-4.4,-3.2,-0.2,21.6,27.1,38.1,13.4,0.0,35.9,23.9,12.5,72.9,,,OBAnorm,,LD831_02097v2.403,,,,0,0
DENATRLA,2025-06-23 23:27:28.000,18.8,20.6,21.4,18.4,18.2,15.5,13.9,10.9,8.3,5.8,8.0,11.6,13.8,14.4,16.7,16.3,15.9,15.9,15.0,13.5,10.4,8.0,4.5,2.0,1.1,-1.6,-2.5,-3.3,-2.5,-3.6,-4.2,-3.1,0.0,21.8,26.6,35.0,13.4,0.0,35.9,23.9,12.5,72.9,,,OBAnorm,,LD831_02097v2.403,,,,0,0
DENATRLA,2025-06-23 23:27:29.000,23.8,17.9,20.7,20.8,11.2,10.6,13.8,8.6,7.3,5.1,9.1,12.9,13.5,15.2,15.9,16.1,15.3,15.8,14.8,13.6,10.7,7.9,5.9,5.0,5.8,-1.6,-3.5,-3.8,-3.9,-4.0,-4.5,-3.2,-0.2,21.9,26.9,35.1,13.4,0.0,35.9,23.9,12.5,72.9,,,OBAnorm,,LD831_02097v2.403,,,,0,0
DENATRLA,2025-06-23 23:27:30.000,23.7,18.2,21.8,15.8,12.8,11.2,11.8,9.4,5.5,6.0,7.8,11.5,14.4,14.3,15.7,16.0,15.9,16.1,14.9,13.4,10.5,7.9,4.7,4.0,2.1,-2.3,-3.4,-3.8,-3.7,-3.8,-4.4,-3.2,-0.2,21.9,27.1,33.1,13.4,0.0,35.9,23.9,12.5,72.9,,,OBAnorm,,LD831_02097v2.403,,,,0,0
DENATRLA,2025-06-23 23:27:31.000,21.9,24.4,21.1,17.9,15.7,12.1,11.7,11.4,5.9,4.3,9.4,10.9,14.0,14.5,16.2,15.9,15.3,16.0,14.9,12.4,10.4,8.4,6.3,6.3,6.5,-0.7,-3.0,-3.3,-3.3,-3.8,-4.4,-3.1,-0.1,21.9,26.6,34.4,13.4,0.0,35.9,23.9,12.5,72.9,,,OBAnorm,,LD831_02097v2.403,,,,0,0
DENATRLA,2025-06-23 23:27:32.000,23.7,23.2,21.4,17.1,15.8,13.5,13.8,12.3,8.6,6.3,8.1,10.9,14.3,13.5,16.4,15.1,16.0,15.8,14.5,13.0,11.1,8.2,5.4,3.6,3.1,-2.4,-2.7,-0.5,-3.5,-4.0,-4.4,-3.3,-0.3,21.7,26.6,36.9,13.4,0.0,35.9,23.9,12.5,72.9,,,OBAnorm,,LD831_02097v2.403,,,,0,0
DENATRLA,2025-06-23 23:27:33.000,25.7,23.7,20.5,17.8,12.9,13.2,10.1,8.9,6.5,6.5,8.0,11.7,13.7,15.1,15.3,15.7,16.2,16.4,15.3,12.7,10.4,9.4,5.6,12.1,11.6,6.2,2.6,2.4,-3.0,-3.7,-4.3,-3.0,-0.2,23.1,27.1,37.1,13.4,0.0,35.9,23.9,12.5,72.9,,,OBAnorm,,LD831_02097v2.403,,,,0,0
DENATRLA,2025-06-23 23:27:34.000,20.3,21.5,19.0,18.3,15.6,11.7,13.8,9.0,5.9,5.9,9.2,13.1,14.2,16.5,15.5,15.5,15.6,16.0,15.4,13.0,10.6,8.0,4.1,5.0,10.5,3.3,-2.8,-0.9,-3.7,-3.8,-4.4,-3.2,-0.2,22.3,27.1,40.3,13.4,0.0,35.9,23.9,12.5,72.9,,,OBAnorm,,LD831_02097v2.403,,,,0,0
DENATRLA,2025-06-23 23:27:35.000,20.1,23.0,20.4,15.5,14.8,11.7,10.3,9.4,7.1,5.3,8.7,11.1,13.7,15.1,16.6,16.5,16.2,16.2,15.3,13.0,11.2,8.0,4.1,1.8,-1.1,-3.6,-2.9,1.2,-2.8,-3.9,-4.4,-3.2,-0.1,22.1,27.0,38.1,13.4,0.0,35.9,23.9,12.5,72.9,,,OBAnorm,,LD831_02097v2.403,,,,0,0
DENATRLA,2025-06-23 23:27:36.000,18.8,23.7,19.6,16.4,11.8,10.9,12.2,9.9,8.0,6.6,8.3,12.9,13.5,15.5,17.0,17.4,16.1,15.9,14.5,12.8,11.0,7.8,5.3,7.4,2.2,-2.9,-3.3,-3.0,-3.0,-3.9,-4.4,-3.3,-0.1,22.0,27.2,37.8,13.4,0.0,35.9,23.9,12.5,72.9,,,OBAnorm,,LD831_02097v2.403,,,,0,0
DENATRLA,2025-06-23 23:27:37.000,26.2,25.0,21.3,18.6,15.1,13.0,12.0,9.6,8.1,6.0,8.3,13.0,13.4,14.9,17.0,16.5,15.4,16.3,14.3,12.6,10.5,7.8,5.6,5.1,3.9,-2.5,-3.6,-0.3,-3.6,-4.0,-4.4,-3.2,-0.2,21.9,27.4,40.1,13.4,0.0,35.9,23.9,12.5,72.9,,,OBAnorm,,LD831_02097v2.403,,,,0,0
DENATRLA,2025-06-23 23:27:38.000,23.9,22.7,19.5,19.3,12.9,11.0,9.6,10.7,6.9,6.2,9.5,13.2,14.2,15.2,16.3,16.8,15.9,16.5,15.0,13.0,10.0,7.5,4.0,5.3,1.8,-2.6,-2.0,-2.5,-3.8,-3.9,-4.4,-3.2,-0.1,21.8,28.0,42.8,13.4,0.0,35.9,23.9,12.5,72.9,,,OBAnorm,,LD831_02097v2.403,,,,0,0
DENATRLA,2025-06-23 23:27:39.000,24.1,17.5,21.7,16.8,11.8,12.6,12.5,12.4,6.6,6.3,7.6,12.4,13.9,16.2,16.9,16.6,15.9,16.0,14.6,13.1,10.1,7.5,4.7,5.0,2.4,-2.2,-2.7,-1.1,-2.8,-4.0,-4.4,-3.3,-0.2,22.0,28.5,46.7,13.4,0.0,35.9,23.9,12.5,72.9,,,OBAnorm,,LD831_02097v2.403,,,,0,0
DENATRLA,2025-06-23 23:27:40.000,22.6,24.3,23.4,20.3,12.8,10.2,11.9,9.6,4.6,6.3,8.3,11.7,14.7,16.6,17.4,16.1,15.9,16.1,15.1,12.8,10.5,6.7,4.3,2.9,-0.3,-3.1,-2.1,-0.5,-3.7,-4.1,-4.4,-3.2,-0.2,21.8,27.3,42.0,13.4,0.0,35.9,23.9,12.5,72.9,,,OBAnorm,,LD831_02097v2.403,,,,0,0
DENATRLA,2025-06-23 23:27:41.000,26.4,24.7,23.5,18.8,11.6,12.9,12.3,9.3,9.3,5.2,9.3,12.9,14.1,14.7,16.5,16.5,16.7,15.8,14.5,12.7,10.6,7.3,4.3,1.5,-0.1,-3.0,-3.3,-3.1,-3.7,-3.9,-4.4,-3.2,-0.1,21.7,27.2,41.9,13.4,0.0,35.8,23.9,12.5,72.9,,,OBAnorm,,LD831_02097v2.403,,,,0,0
DENATRLA,2025-06-23 23:27:42.000,22.7,23.9,19.8,20.1,13.3,12.7,9.9,10.7,7.3,7.0,9.0,11.8,12.9,17.2,17.1,16.3,16.6,16.2,14.7,12.7,10.2,7.2,3.8,2.4,0.2,-2.6,-3.5,-3.5,-3.5,-3.9,-4.4,-3.1,-0.1,21.9,28.1,42.4,13.4,0.0,35.9,24.0,12.5,72.9,,,OBAnorm,,LD831_02097v2.403,,,,0,0
DENATRLA,2025-06-23 23:27:43.000,24.3,21.6,21.9,15.4,12.1,14.1,13.2,12.0,8.1,6.4,9.7,12.9,12.5,15.9,17.7,16.1,15.8,15.8,14.7,12.8,10.1,8.4,6.5,4.7,4.0,-0.5,-3.7,-3.8,-3.7,-3.9,-4.4,-3.2,-0.1,21.9,27.0,41.7,13.4,0.0,35.9,23.9,12.6,72.4,,,OBAnorm,,LD831_02097v2.403,,,,0,0
DENATRLA,2025-06-23 23:27:44.000,24.9,27.5,19.2,17.2,13.1,13.2,9.7,11.7,7.4,6.1,9.5,12.2,13.4,14.6,15.9,16.3,15.8,15.5,15.4,13.1,11.1,8.6,6.4,7.7,3.5,-1.3,-3.4,-3.8,-2.7,-3.6,-4.3,-3.0,0.0,22.0,27.0,41.3,13.4,0.0,35.9,23.9,12.6,72.4,,,OBAnorm,,LD831_02097v2.403,,,,0,0
DENATRLA,2025-06-23 23:27:45.000,23.2,22.3,19.8,16.8,12.5,9.9,12.7,11.0,9.0,5.5,8.9,10.6,14.4,16.4,17.3,15.3,15.7,16.1,14.9,12.4,10.4,7.6,4.4,2.3,2.6,-1.5,-3.3,-3.8,-3.5,-3.5,-4.3,-3.1,-0.1,21.7,27.3,44.9,13.4,0.0,34.5,23.9,12.6,71.8,,,OBAnorm,,LD831_02097v2.403,,,,0,0
DENATRLA,2025-06-23 23:27:46.000,21.8,25.5,21.8,17.1,15.1,11.3,11.7,11.2,5.5,6.8,8.3,13.2,14.3,16.0,17.6,15.6,17.0,15.2,14.9,13.4,10.6,8.5,5.5,3.9,1.3,-1.4,-3.2,-3.4,-3.0,-3.6,-4.1,-3.1,-0.2,22.1,27.2,39.4,13.4,0.0,34.4,23.9,12.6,69.5,,,OBAnorm,,LD831_02097v2.403,,,,0,0
DENATRLA,2025-06-23 23:27:47.000,21.9,22.5,21.5,15.0,14.3,10.3,10.9,11.8,6.8,6.7,8.9,13.6,13.6,15.2,16.7,15.2,16.9,16.3,15.4,13.6,10.9,7.9,5.1,2.7,2.1,-2.1,-3.7,-3.7,-3.7,-3.8,-4.3,-2.9,0.0,22.3,27.4,39.2,13.4,0.0,34.5,23.9,12.6,68.4,,,OBAnorm,,LD831_02097v2.403,,,,0,0
DENATRLA,2025-06-23 23:27:48.000,24.8,23.0,21.4,19.3,14.2,14.1,10.1,10.5,6.4,5.8,8.7,12.9,14.5,15.5,17.6,16.4,16.9,16.3,14.9,12.6,10.7,7.9,5.5,5.4,-0.7,-2.2,-3.8,-3.8,-3.0,-3.9,-4.1,-3.1,-0.1,22.0,27.4,40.9,13.4,0.0,34.5,23.9,12.6,68.4,,,OBAnorm,,LD831_02097v2.403,,,,0,0
DENATRLA,2025-06-23 23:27:49.000,24.9,22.8,19.0,19.8,13.9,13.5,13.2,10.2,6.9,6.5,8.7,12.7,14.1,15.8,16.6,16.0,15.1,16.1,13.9,12.8,9.7,6.9,3.9,2.7,3.1,-0.3,-2.2,-2.8,-2.8,-2.3,-2.8,-2.9,-0.2,21.5,26.9,42.5,13.4,0.0,34.5,23.9,12.6,68.4,,,OBAnorm,,LD831_02097v2.403,,,,0,0
DENATRLA,2025-06-23 23:27:50.000,22.9,24.0,19.6,21.6,13.1,13.6,11.5,11.1,5.6,7.1,9.7,11.7,13.2,16.3,15.3,15.1,15.1,14.9,13.8,12.6,10.0,7.8,6.1,4.8,3.2,-1.1,-3.4,-3.3,-3.8,-3.9,-4.5,-3.3,-0.1,21.3,26.4,39.4,13.4,0.0,34.4,23.8,12.6,68.4,,,OBAnorm,,LD831_02097v2.403,,,,0,0
DENATRLA,2025-06-23 23:27:51.000,22.1,22.4,22.9,14.9,14.6,11.8,9.3,11.2,6.4,6.1,7.4,12.1,13.9,15.1,16.4,15.8,15.0,15.0,14.8,12.3,10.0,7.5,4.7,5.4,3.9,-0.9,-3.6,-3.8,-3.8,-3.9,-4.5,-3.1,-0.1,21.4,27.1,40.3,13.4,0.0,34.4,23.9,12.6,68.4,,,OBAnorm,,LD831_02097v2.403,,,,0,0
DENATRLA,2025-06-23 23:27:52.000,20.4,19.8,22.3,17.5,12.7,14.1,12.3,11.4,5.9,6.3,9.3,11.7,13.3,14.7,15.3,15.6,15.7,15.5,14.6,12.6,10.2,7.0,4.3,2.6,1.2,-1.2,-3.7,-3.8,-2.9,-4.0,-4.5,-3.3,-0.2,21.3,27.1,40.8,13.4,0.0,34.5,23.9,12.6,68.4,,,OBAnorm,,LD831_02097v2.403,,,,0,0
DENATRLA,2025-06-23 23:27:53.000,24.8,25.0,21.4,14.3,15.1,11.7,10.7,10.0,9.2,6.0,9.3,12.0,14.9,15.9,15.9,15.6,16.1,15.7,14.4,12.2,10.5,8.1,6.0,7.6,4.3,-1.5,-3.9,-3.8,-3.8,-4.0,-4.4,-3.3,-0.1,21.8,27.2,42.4,13.4,0.0,34.5,23.9,12.6,68.4,,,OBAnorm,,LD831_02097v2.403,,,,0,0
DENATRLA,2025-06-23 23:27:54.000,23.9,23.8,17.9,20.4,14.5,9.7,10.2,9.6,7.1,6.1,9.2,12.7,14.2,15.3,15.8,16.2,15.1,15.4,14.0,12.6,10.2,7.8,6.3,5.5,3.4,-2.5,-4.0,-3.9,-3.9,-4.0,-4.5,-3.3,-0.2,21.5,28.3,47.0,13.4,0.0,34.5,23.9,12.6,68.4,,,OBAnorm,,LD831_02097v2.403,,,,0,0
DENATRLA,2025-06-23 23:27:55.000,26.8,23.4,20.1,16.2,11.8,15.3,12.9,12.5,6.1,6.0,10.0,11.9,14.4,15.3,15.6,16.4,15.3,15.8,14.3,12.6,10.5,8.1,4.8,4.9,3.6,-2.5,-3.8,-3.9,-2.7,-3.9,-4.5,-3.3,-0.2,21.6,27.5,40.9,13.4,0.0,34.4,23.9,12.6,68.4,,,OBAnorm,,LD831_02097v2.403,,,,0,0
DENATRLA,2025-06-23 23:27:56.000,22.6,22.2,18.4,18.4,13.6,13.2,12.9,10.9,7.2,7.7,11.7,12.6,13.5,15.6,16.2,15.0,14.6,15.3,14.1,12.7,10.9,8.4,4.8,3.2,2.6,-1.9,-3.8,-3.9,-3.8,-3.9,-4.4,-3.3,-0.2,21.4,26.6,40.9,13.4,0.0,34.5,23.9,12.6,68.4,,,OBAnorm,,LD831_02097v2.403,,,,0,0
DENATRLA,2025-06-23 23:27:57.000,24.3,27.6,19.0,17.6,12.5,14.2,14.1,13.9,8.6,6.1,9.8,13.0,12.6,14.8,16.1,14.9,15.3,15.1,14.2,12.5,10.8,7.5,5.8,7.5,7.7,-1.2,-3.9,-3.9,-3.8,-4.0,-4.4,-3.3,-0.2,21.6,26.7,42.8,13.4,0.0,34.5,23.9,12.6,68.4,,,OBAnorm,,LD831_02097v2.403,,,,0,0
DENATRLA,2025-06-23 23:27:58.000,25.1,24.1,20.8,15.5,12.3,14.3,12.5,7.9,7.7,7.3,9.5,12.2,15.2,15.3,15.3,15.6,15.3,15.1,14.4,12.7,10.2,7.3,4.7,2.4,0.2,-2.6,-3.8,-3.8,-3.8,-3.9,-4.5,-3.4,-0.3,21.3,28.3,46.8,13.4,0.0,34.5,23.9,12.6,68.4,,,OBAnorm,,LD831_02097v2.403,,,,0,0
DENATRLA,2025-06-23 23:27:59.000,19.9,16.8,20.6,16.7,12.1,14.9,13.6,11.2,8.3,5.8,8.9,12.2,15.1,15.3,16.0,15.6,15.7,16.3,14.0,12.8,10.7,8.8,7.8,7.1,2.9,-2.3,-3.9,-3.9,-2.8,-4.0,-4.5,-3.3,-0.2,21.9,27.2,42.4,13.4,0.0,34.5,23.9,12.6,68.4,,,OBAnorm,,LD831_02097v2.403,,,,0,0
DENATRLA,2025-06-23 23:28:00.000,25.1,25.6,25.1,13.9,16.9,15.0,13.9,9.2,6.7,5.9,9.1,12.4,14.0,15.0,15.2,15.2,15.5,15.3,14.9,13.0,10.5,7.9,4.8,4.7,-0.5,-2.6,-3.5,-3.7,-3.5,-3.7,-4.4,-3.2,-0.3,21.5,27.8,48.2,13.4,0.0,34.4,23.9,12.6,68.4,,,OBAnorm,,LD831_02097v2.403,,,,0,0
DENATRLA,2025-06-23 23:28:01.000,26.6,24.9,20.1,19.6,11.7,10.7,9.6,10.7,7.3,5.4,8.9,10.7,14.8,16.4,14.9,14.5,15.0,15.1,14.0,12.5,10.0,7.2,5.1,5.9,1.2,-2.3,-3.6,-3.8,-3.8,-3.8,-4.5,-3.2,-0.2,21.2,27.8,46.9,13.4,0.0,34.5,23.8,12.6,68.4,,,OBAnorm,,LD831_02097v2.403,,,,0,0
DENATRLA,2025-06-23 23:28:02.000,25.9,18.7,21.0,15.3,16.7,13.0,11.4,13.8,12.2,5.7,7.8,11.5,14.3,15.3,15.7,14.9,14.9,15.3,13.8,12.3,9.9,7.2,3.5,2.4,-0.8,-2.1,0.2,-0.6,-3.8,-3.9,-4.5,-3.3,-0.2,21.0,27.7,46.0,13.4,0.0,34.4,23.9,12.6,68.4,,,OBAnorm,,LD831_02097v2.403,,,,0,0
DENATRLA,2025-06-23 23:28:03.000,25.3,24.3,21.0,19.0,11.5,9.3,11.3,14.0,9.8,7.0,9.4,11.9,14.1,14.5,15.1,15.1,14.3,15.0,14.2,12.5,10.0,7.3,4.3,1.9,-1.4,-3.1,-1.9,-1.9,-3.6,-3.8,-4.4,-3.1,-0.1,21.0,27.1,43.1,13.4,0.0,34.5,23.9,12.6,68.4,,,OBAnorm,,LD831_02097v2.403,,,,0,0
DENATRLA,2025-06-23 23:28:04.000,25.0,26.5,22.7,15.4,13.6,12.5,9.2,10.7,6.6,5.0,8.8,11.6,13.4,14.0,15.8,14.9,15.2,15.6,14.4,12.7,10.3,7.9,4.5,4.3,4.5,-1.1,0.1,-3.3,-3.1,-3.9,-4.4,-3.2,-0.2,21.4,28.1,44.0,13.4,0.0,34.5,23.8,12.6,67.8,,,OBAnorm,,LD831_02097v2.403,,,,0,0
DENATRLA,2025-06-23 23:28:05.000,24.8,23.9,24.6,16.8,14.6,14.5,11.5,10.3,7.3,6.0,8.6,12.0,14.1,15.0,15.7,16.0,15.2,15.6,14.3,12.2,10.2,7.3,4.6,2.6,-0.6,-3.2,0.3,-1.2,-3.8,-4.0,-4.4,-3.2,-0.1,21.3,29.8,49.7,13.4,0.0,34.5,23.8,12.6,67.8,,,OBAnorm,,LD831_02097v2.403,,,,0,0
DENATRLA,2025-06-23 23:28:06.000,23.6,26.9,22.8,17.2,15.3,13.5,9.1,10.5,7.9,6.7,8.4,12.5,13.3,14.2,16.1,15.8,15.3,15.6,14.2,12.8,10.1,7.4,4.4,2.0,1.2,-2.2,0.8,-0.3,-3.8,-4.0,-4.4,-3.2,-0.1,21.4,30.7,47.0,13.4,0.0,34.5,23.9,12.6,67.8,,,OBAnorm,,LD831_02097v2.403,,,,0,0
DENATRLA,2025-06-23 23:28:07.000,25.1,23.9,21.3,21.7,16.2,15.6,13.8,11.6,9.3,6.2,9.6,12.4,15.4,14.7,15.8,14.2,15.5,14.2,14.0,12.3,10.1,7.5,7.4,4.8,2.1,-1.1,-2.2,-0.4,-1.1,-3.9,-4.4,-3.2,-0.1,21.2,30.3,48.7,13.4,0.0,34.5,23.9,12.6,67.8,,,OBAnorm,,LD831_02097v2.403,,,,0,0
DENATRLA,2025-06-23 23:28:08.000,33.9,24.3,26.3,18.9,14.7,13.6,12.5,10.3,6.7,7.0,8.6,11.7,14.0,14.8,16.2,15.4,15.2,15.3,14.6,12.9,10.1,7.8,5.1,2.4,2.7,-1.1,-0.4,-2.7,-3.6,-3.5,-4.4,-3.0,-0.1,21.4,29.8,49.0,13.4,0.0,34.4,23.8,12.6,67.8,,,OBAnorm,,LD831_02097v2.403,,,,0,0
DENATRLA,2025-06-23 23:28:09.000,33.1,28.4,22.9,20.3,15.5,10.9,14.2,13.8,9.4,5.9,6.7,11.2,13.8,15.0,15.2,16.2,15.3,15.2,14.8,12.9,11.0,8.3,4.7,5.1,3.2,1.5,3.5,5.4,-3.7,-3.8,-4.4,-3.2,-0.1,21.8,30.3,48.8,13.4,0.0,34.5,23.9,12.6,67.8,,,OBAnorm,,LD831_02097v2.403,,,,0,0
DENATRLA,2025-06-23 23:28:10.000,34.5,29.0,25.6,24.2,20.0,12.8,13.5,13.3,11.6,7.3,10.1,12.9,14.6,15.1,15.8,16.7,15.3,15.9,15.3,13.6,11.3,8.2,4.3,3.5,6.6,-0.1,1.3,3.9,-1.9,-3.2,-4.2,-3.1,-0.2,22.2,29.5,46.8,13.4,0.0,34.5,23.9,12.6,67.8,,,OBAnorm,,LD831_02097v2.403,,,,0,0
DENATRLA,2025-06-23 23:28:11.000,32.0,28.2,25.7,21.9,14.4,11.9,11.8,9.4,11.7,4.7,10.2,10.0,14.6,14.3,15.8,15.5,15.0,15.6,15.4,13.5,10.8,7.9,5.6,6.2,6.6,0.2,4.7,9.3,-2.4,-2.5,-4.1,-3.1,-0.2,22.3,28.8,46.1,13.4,0.0,34.4,23.8,12.6,67.8,,,OBAnorm,,LD831_02097v2.403,,,,0,0
DENATRLA,2025-06-23 23:28:12.000,34.0,27.3,23.0,18.8,14.8,15.2,13.8,12.7,7.5,5.9,9.1,11.6,14.0,14.9,15.5,16.1,16.8,16.6,15.8,13.7,11.8,9.4,6.1,7.0,8.7,2.2,5.6,12.3,-1.6,-2.6,-4.0,-2.9,-0.1,23.1,30.3,45.8,13.4,0.0,34.5,23.9,12.6,67.8,,,OBAnorm,,LD831_02097v2.403,,,,0,0
DENATRLA,2025-06-23 23:28:13.000,28.3,28.4,26.3,19.4,16.9,17.3,12.0,12.9,9.0,6.6,9.4,13.0,15.1,16.2,16.7,17.0,15.9,16.1,15.9,13.9,12.0,10.1,5.2,6.2,8.0,1.0,2.6,8.6,1.1,-3.6,-4.3,-3.2,-0.1,23.1,30.5,47.5,13.4,0.0,34.5,23.8,12.6,67.8,,,OBAnorm,,LD831_02097v2.403,,,,0,0
DENATRLA,2025-06-23 23:28:14.000,26.7,27.0,27.8,22.9,19.9,17.3,13.5,12.3,9.9,8.3,10.0,13.1,14.3,15.4,16.8,17.1,15.3,15.6,15.5,14.0,12.0,9.5,5.9,7.2,6.9,2.4,3.0,10.4,-1.4,-3.3,-4.2,-3.0,-0.1,22.8,31.4,46.9,13.4,0.0,34.4,23.9,12.6,67.8,,,OBAnorm,,LD831_02097v2.403,,,,0,0
DENATRLA,2025-06-23 23:28:15.000,32.8,29.9,29.6,24.5,16.8,14.7,16.3,9.6,9.9,8.6,9.7,12.6,15.6,15.0,17.4,15.8,15.2,15.6,15.7,13.4,11.5,9.0,5.7,7.2,7.4,2.6,1.9,9.2,-2.0,-3.0,-4.2,-3.1,-0.1,22.6,29.8,45.4,13.4,0.0,34.4,23.9,12.6,67.8,,,OBAnorm,,LD831_02097v2.403,,,,0,0
DENATRLA,2025-06-23 23:28:16.000,32.2,25.7,24.7,23.7,15.1,13.6,11.0,11.2,8.7,8.3,6.5,11.8,14.2,15.3,17.2,15.9,16.0,16.2,15.1,13.8,10.0,9.7,7.5,8.2,11.1,1.7,0.8,7.4,-1.9,-2.8,-4.2,-3.2,-0.3,22.8,33.0,49.7,13.4,0.0,34.4,23.8,12.6,67.8,,,OBAnorm,,LD831_02097v2.403,,,,0,0
DENATRLA,2025-06-23 23:28:17.000,35.7,30.9,29.0,26.3,18.3,16.8,13.2,13.3,10.3,8.6,9.4,13.9,14.3,15.7,17.8,15.9,16.0,16.0,14.6,12.9,10.7,8.6,5.5,7.1,10.3,1.7,0.9,6.8,-2.1,-3.2,-4.4,-3.2,-0.1,22.6,39.4,57.8,13.4,0.0,34.4,23.8,12.6,67.8,,,OBAnorm,,LD831_02097v2.403,,,,0,0
DENATRLA,2025-06-23 23:28:18.000,32.3,31.7,32.7,29.1,24.0,25.0,21.3,19.8,17.1,15.3,12.2,12.8,14.1,16.0,16.6,16.2,16.0,16.5,15.2,13.4,11.1,9.0,5.9,7.0,8.5,2.2,0.4,10.5,0.8,-3.2,-4.3,-3.0,-0.1,22.8,41.1,61.0,13.4,0.0,34.5,23.8,12.6,67.8,,,OBAnorm,,LD831_02097v2.403,,,,0,0
DENATRLA,2025-06-23 23:28:19.000,35.6,30.1,37.1,36.2,29.5,27.6,29.8,26.7,22.9,17.2,13.9,14.0,14.7,15.5,15.5,16.6,15.6,16.8,14.9,13.8,10.8,8.0,5.0,4.7,5.6,0.3,0.7,12.1,-3.4,-3.4,-4.1,-2.7,-0.1,23.1,48.1,67.0,13.4,0.0,34.4,23.8,12.6,67.8,,,OBAnorm,,LD831_02097v2.403,,,,0,0
DENATRLA,2025-06-23 23:28:20.000,45.5,38.4,41.6,40.2,38.8,34.6,36.0,34.9,27.7,24.9,20.3,16.4,15.4,16.6,16.5,16.4,16.0,16.1,16.0,13.0,10.6,8.3,7.6,7.7,3.4,-0.6,3.4,15.1,-3.8,-3.8,-4.3,-2.9,-0.1,23.4,47.1,64.9,13.4,0.0,34.4,23.9,12.6,67.8,,,OBAnorm,,LD831_02097v2.403,,,,0,0
DENATRLA,2025-06-23 23:28:21.000,47.3,43.9,44.3,44.2,43.7,33.6,29.0,25.5,22.6,18.8,13.2,14.2,15.6,15.6,17.3,15.7,15.7,16.6,15.4,13.5,10.9,8.4,5.5,1.8,0.1,-2.1,-0.8,9.7,-2.1,-3.9,-4.4,-3.2,-0.1,22.5,41.9,64.0,13.4,0.0,34.4,23.9,12.6,67.8,,,OBAnorm,,LD831_02097v2.403,,,,0,0
DENATRLA,2025-06-23 23:28:22.000,50.5,49.9,38.2,38.1,33.6,32.4,30.4,26.2,21.4,11.7,10.6,12.9,14.2,15.3,17.3,16.0,15.7,17.1,15.2,13.8,11.2,8.2,4.6,5.6,4.2,3.9,-0.4,10.2,-3.1,-3.6,-4.4,-3.2,-0.1,22.7,37.1,57.8,13.4,0.0,35.9,23.9,12.6,69.5,,,OBAnorm,,LD831_02097v2.403,,,,0,0
DENATRLA,2025-06-23 23:28:23.000,47.2,39.0,36.4,30.2,26.9,26.1,23.1,19.5,13.7,12.4,9.4,13.2,15.0,15.7,16.8,16.5,17.0,16.4,16.6,13.2,10.6,8.1,4.6,3.1,0.9,-2.1,1.3,11.4,-3.8,-3.8,-4.3,-3.2,-0.1,22.9,42.2,64.4,13.4,0.0,35.9,23.8,12.6,71.3,,,OBAnorm,,LD831_02097v2.403,,,,0,0
DENATRLA,2025-06-23 23:28:24.000,37.4,36.9,31.4,29.7,24.6,26.6,24.1,19.5,17.9,11.5,9.5,13.9,16.3,16.2,18.1,15.7,15.7,16.7,15.7,13.2,11.2,8.3,6.6,8.0,8.0,-1.7,2.9,13.9,-2.7,-3.8,-4.4,-3.2,-0.1,23.3,37.7,60.1,13.4,0.0,35.9,23.8,12.6,71.3,,,OBAnorm,,LD831_02097v2.403,,,,0,0
DENATRLA,2025-06-23 23:28:25.000,35.6,35.6,39.0,33.0,25.7,22.2,18.2,13.8,11.5,7.1,8.0,13.5,14.0,16.6,17.9,16.2,16.9,15.9,15.0,13.5,11.0,8.2,5.7,4.5,5.7,-1.9,1.9,15.5,-3.7,-4.0,-4.4,-3.2,0.0,23.2,35.1,54.5,13.4,0.0,35.9,23.8,12.6,71.3,,,OBAnorm,,LD831_02097v2.403,,,,0,0
DENATRLA,2025-06-23 23:28:26.000,42.9,38.8,33.2,27.8,23.6,15.4,13.6,11.9,8.8,7.2,10.4,11.8,15.3,16.4,17.5,17.0,16.8,15.7,15.4,13.2,11.2,9.5,6.4,4.9,4.2,0.1,1.8,11.9,-3.2,-3.7,-4.3,-3.0,-0.1,23.0,34.7,53.6,13.4,0.0,35.9,23.8,12.7,71.3,,,OBAnorm,,LD831_02097v2.403,,,,0,0
DENATRLA,2025-06-23 23:28:27.000,39.8,36.9,31.2,22.6,23.2,15.2,13.0,14.4,9.7,5.8,10.0,12.9,14.0,16.4,16.6,17.4,15.4,16.2,16.6,14.2,11.4,9.4,5.8,7.1,7.5,1.7,-0.3,4.3,-3.5,-3.6,-4.3,-3.1,-0.1,22.9,34.6,51.7,13.4,0.0,35.9,23.8,12.7,71.3,,,OBAnorm,,LD831_02097v2.403,,,,0,0
DENATRLA,2025-06-23 23:28:28.000,37.9,27.8,31.3,24.2,18.9,16.0,14.3,12.0,8.0,5.7,9.6,12.2,15.4,16.5,17.0,16.9,16.4,16.0,15.8,13.5,11.8,9.0,6.4,4.7,6.5,-0.1,1.5,8.9,-2.8,-3.8,-4.3,-3.2,-0.3,22.8,31.3,50.4,13.4,0.0,35.9,23.9,12.7,71.3,,,OBAnorm,,LD831_02097v2.403,,,,0,0
DENATRLA,2025-06-23 23:28:29.000,38.9,31.1,25.9,27.9,16.7,13.1,12.1,13.4,7.1,5.9,9.6,10.8,14.1,16.9,17.4,16.7,16.9,16.2,16.3,13.9,11.7,8.8,5.6,3.9,2.9,0.3,3.0,8.3,-3.8,-3.9,-4.4,-3.2,-0.1,22.8,35.3,56.1,13.4,0.0,35.9,23.8,12.7,71.3,,,OBAnorm,,LD831_02097v2.403,,,,0,0
DENATRLA,2025-06-23 23:28:30.000,38.8,31.6,23.0,24.4,23.8,21.3,16.3,12.3,9.6,7.9,9.8,12.6,14.9,16.4,16.5,16.9,16.1,16.4,16.1,14.4,11.6,10.2,6.9,8.4,5.6,0.1,1.0,5.2,-3.7,-3.3,-4.1,-3.3,-0.2,23.0,29.3,47.8,13.4,0.0,35.9,23.8,12.7,71.3,,,OBAnorm,,LD831_02097v2.403,,,,0,0
DENATRLA,2025-06-23 23:28:31.000,36.8,30.8,30.4,31.6,22.3,15.5,12.6,14.1,7.8,7.3,9.2,12.4,14.6,17.1,17.9,16.9,16.3,16.8,15.9,14.2,12.1,9.6,6.3,6.3,4.7,1.0,1.2,9.6,-3.5,-3.9,-4.4,-3.1,-0.2,23.1,28.1,40.5,13.4,0.0,35.9,23.9,12.7,71.3,,,OBAnorm,,LD831_02097v2.403,,,,0,0
DENATRLA,2025-06-23 23:28:32.000,36.4,31.2,22.6,18.7,15.8,13.9,13.5,12.4,8.4,7.3,9.5,14.1,16.0,16.8,16.7,15.6,15.9,16.6,16.0,14.7,12.1,9.9,6.1,5.7,4.7,0.4,0.1,7.3,-3.7,-3.9,-4.5,-3.3,-0.3,23.0,29.0,44.1,13.4,0.0,35.9,23.8,12.7,70.7,,,OBAnorm,,LD831_02097v2.403,,,,0,0
DENATRLA,2025-06-23 23:28:33.000,25.6,24.1,24.3,19.2,13.5,13.5,11.8,12.0,7.6,6.2,9.7,13.0,15.8,16.9,16.7,16.6,16.6,17.4,15.0,15.6,12.8,10.6,6.6,6.2,3.1,0.0,1.9,10.4,-3.8,-3.7,-4.4,-3.1,-0.1,23.4,28.0,39.9,13.4,0.0,35.9,23.8,12.7,70.7,,,OBAnorm,,LD831_02097v2.403,,,,0,0
DENATRLA,2025-06-23 23:28:34.000,26.9,26.0,23.8,18.4,15.7,13.2,14.4,15.0,7.6,7.8,10.5,12.0,14.7,16.6,16.8,16.2,16.6,16.4,15.4,14.1,13.0,10.7,8.0,8.2,5.4,0.5,2.2,9.5,-3.8,-3.8,-4.4,-3.1,-0.1,23.2,28.0,35.9,13.4,0.0,35.9,23.8,12.7,70.7,,,OBAnorm,,LD831_02097v2.403,,,,0,0
DENATRLA,2025-06-23 23:28:35.000,26.2,21.8,22.7,21.2,18.2,12.7,11.4,12.0,8.6,7.3,10.3,13.0,14.1,16.6,16.7,16.0,16.5,16.2,15.5,14.4,12.2,10.1,7.0,6.7,3.8,0.4,2.1,9.9,-3.9,-4.0,-4.3,-3.4,-0.2,23.0,27.8,39.9,13.4,0.0,35.9,23.8,12.7,70.7,,,OBAnorm,,LD831_02097v2.403,,,,0,0
DENATRLA,2025-06-23 23:28:36.000,20.8,24.4,21.5,20.0,16.0,14.2,12.0,12.2,9.8,7.3,9.8,14.1,15.4,16.6,16.7,17.0,15.9,16.6,15.5,14.6,11.9,9.4,6.9,4.9,3.5,0.7,1.1,6.1,-3.1,-4.0,-4.4,-3.3,-0.1,22.8,28.2,38.3,13.4,0.0,35.9,23.8,12.7,70.7,,,OBAnorm,,LD831_02097v2.403,,,,0,0
DENATRLA,2025-06-23 23:28:37.000,25.8,22.8,22.5,20.0,12.8,14.1,12.8,13.5,7.9,7.0,10.6,12.2,16.3,16.9,16.5,15.1,16.0,16.5,15.9,14.6,12.2,10.8,7.9,9.1,6.2,3.7,3.3,8.5,-1.8,-3.7,-4.4,-3.3,-0.2,23.3,28.2,40.8,13.4,0.0,35.9,23.8,12.7,70.7,,,OBAnorm,,LD831_02097v2.403,,,,0,0
DENATRLA,2025-06-23 23:28:38.000,24.6,24.8,23.4,20.6,15.1,14.9,13.8,11.0,8.5,8.8,11.4,13.3,16.1,15.9,17.2,16.8,16.3,16.9,15.5,14.6,12.5,9.7,7.1,5.7,4.1,0.8,4.2,9.6,-3.8,-4.0,-4.5,-3.2,-0.2,23.1,28.3,42.6,13.4,0.0,0.4,23.8,12.7,70.7,,,OBAnorm,,LD831_02097v2.403,,,,0,0
DENATRLA,2025-06-23 23:28:39.000,20.7,20.4,23.0,20.2,12.8,13.3,14.0,12.6,7.9,8.6,9.5,12.1,15.4,16.3,16.8,16.0,16.4,16.8,15.9,14.4,12.4,9.5,7.4,7.9,5.8,3.1,4.6,8.7,-0.6,-3.5,-4.3,-3.3,-0.2,23.2,28.5,44.1,13.4,0.0,0.3,23.8,12.7,70.7,,,OBAnorm,,LD831_02097v2.403,,,,0,0
DENATRLA,2025-06-23 23:28:40.000,25.1,20.5,25.6,19.4,15.9,12.3,13.5,11.9,9.3,7.6,10.0,12.7,12.7,16.4,17.2,16.7,15.6,16.4,15.5,14.2,12.1,9.5,6.1,6.6,5.2,0.6,6.0,12.0,-3.5,-4.0,-4.5,-3.2,-0.3,23.1,28.3,39.7,13.4,0.0,0.3,23.8,12.7,70.7,,,OBAnorm,,LD831_02097v2.403,,,,0,0
DENATRLA,2025-06-23 23:28:41.000,24.5,27.1,23.2,17.8,16.9,13.2,13.2,8.2,8.0,5.2,12.1,13.6,15.6,15.6,17.1,15.4,15.9,16.3,15.6,14.1,12.0,9.8,7.3,7.6,7.6,2.7,3.9,9.5,-2.5,-3.6,-4.5,-3.3,-0.3,23.1,28.2,37.8,13.4,0.0,0.3,23.8,12.7,70.7,,,OBAnorm,,LD831_02097v2.403,,,,0,0
DENATRLA,2025-06-23 23:28:42.000,27.7,26.7,23.5,18.6,15.3,11.5,15.1,11.6,6.4,5.9,9.4,12.5,13.3,15.5,17.3,15.5,15.8,16.7,15.9,13.8,11.3,8.5,6.1,5.1,5.0,1.7,4.7,9.1,-2.5,-3.8,-4.3,-3.2,-0.2,22.7,27.5,35.9,13.4,0.0,0.3,23.8,12.7,70.7,,,OBAnorm,,LD831_02097v2.403,,,,0,0
DENATRLA,2025-06-23 23:28:43.000,28.7,24.2,22.8,20.2,13.1,13.9,14.2,11.6,9.0,6.8,9.5,14.0,14.4,14.6,16.9,16.3,15.3,15.9,15.3,14.3,11.7,9.3,6.9,7.1,7.2,2.5,3.5,6.2,-0.9,-3.8,-4.5,-3.2,-0.2,22.7,28.7,45.5,13.4,0.0,0.3,23.8,12.7,70.7,,,OBAnorm,,LD831_02097v2.403,,,,0,0
DENATRLA,2025-06-23 23:28:44.000,28.7,25.4,21.5,13.9,12.8,13.7,12.7,11.0,9.5,5.2,10.1,14.1,14.9,16.5,16.8,16.5,15.5,16.1,15.1,14.0,10.9,8.5,6.5,4.4,2.8,2.3,5.0,3.7,-1.0,-3.8,-4.4,-3.3,-0.2,22.5,28.3,44.7,13.4,0.0,0.3,23.8,12.7,70.7,,,OBAnorm,,LD831_02097v2.403,,,,0,0
DENATRLA,2025-06-23 23:28:45.000,24.1,26.8,23.3,19.4,15.0,12.3,14.0,9.8,7.6,6.2,9.6,12.6,15.2,15.9,15.2,16.1,15.2,16.0,14.4,13.6,11.1,8.7,5.3,3.7,3.0,-0.4,5.0,6.9,-3.8,-4.0,-4.5,-3.2,-0.3,22.0,29.2,49.0,13.4,0.0,0.3,23.8,12.7,70.7,,,OBAnorm,,LD831_02097v2.403,,,,0,0
DENATRLA,2025-06-23 23:28:46.000,27.9,23.7,23.9,17.4,13.7,13.3,12.8,9.9,7.1,7.9,8.1,13.4,13.3,14.6,16.6,15.5,15.8,15.8,14.2,13.1,10.8,8.9,6.5,5.2,3.8,0.6,6.8,11.1,1.2,-3.6,-4.4,-3.3,-0.2,22.3,27.5,40.4,13.4,0.0,0.3,23.8,12.7,70.7,,,OBAnorm,,LD831_02097v2.403,,,,0,0
DENATRLA,2025-06-23 23:28:47.000,24.4,26.2,24.0,16.2,13.7,12.7,14.5,12.0,8.8,7.1,10.3,12.5,14.7,15.4,16.6,16.1,16.1,16.5,15.1,13.1,10.9,9.0,10.1,14.6,12.7,3.0,7.6,7.9,-2.5,-3.9,-4.4,-3.3,-0.2,23.9,28.3,41.6,13.4,0.0,0.3,23.8,12.7,70.7,,,OBAnorm,,LD831_02097v2.403,,,,0,0
DENATRLA,2025-06-23 23:28:48.000,23.7,23.2,19.3,22.1,15.3,13.0,14.7,11.4,9.5,5.6,9.1,13.7,16.4,16.1,16.4,15.1,16.1,16.6,14.1,13.3,11.6,9.8,7.2,6.4,6.3,3.9,7.5,9.2,3.2,-2.9,-4.3,-3.3,-0.2,22.8,28.1,41.5,13.4,0.0,0.3,23.8,12.7,71.3,,,OBAnorm,,LD831_02097v2.403,,,,0,0
DENATRLA,2025-06-23 23:28:49.000,23.9,20.8,21.5,18.4,14.6,15.2,11.9,12.4,8.6,6.5,9.6,12.7,14.2,16.6,17.3,16.9,16.4,16.9,16.0,13.4,11.5,9.6,7.0,4.7,2.4,1.1,5.8,6.8,-0.1,-3.2,-4.1,-3.1,-0.2,22.9,27.5,39.7,13.4,0.0,0.3,23.8,12.7,71.3,,,OBAnorm,,LD831_02097v2.403,,,,0,0
DENATRLA,2025-06-23 23:28:50.000,27.8,25.7,23.6,15.3,14.1,13.2,12.4,11.9,7.1,6.2,8.9,13.0,14.8,16.0,16.4,16.2,16.0,16.1,14.9,13.3,10.8,8.9,6.4,5.1,2.7,0.7,2.8,4.4,-0.6,-3.9,-4.5,-3.3,-0.2,22.4,27.5,42.3,13.4,0.0,0.3,23.8,12.7,71.3,,,OBAnorm,,LD831_02097v2.403,,,,0,0
DENATRLA,2025-06-23 23:28:51.000,23.7,22.8,20.3,16.0,11.3,13.4,14.2,14.0,5.9,8.7,10.6,12.7,15.8,16.6,17.2,16.1,16.2,17.0,16.2,14.1,12.6,13.7,7.1,9.9,14.0,5.2,4.1,7.8,0.5,-1.1,-3.8,-3.2,-0.3,24.2,28.6,44.0,13.4,0.0,0.3,23.8,12.7,71.3,,,OBAnorm,,LD831_02097v2.403,,,,0,0
DENATRLA,2025-06-23 23:28:52.000,25.3,20.8,21.7,19.3,17.5,12.3,14.8,11.0,8.9,6.7,8.9,13.5,16.4,15.8,16.4,15.4,16.7,16.2,14.4,13.6,11.7,9.4,8.7,8.7,8.5,0.8,-0.8,1.6,-3.7,-3.6,-4.4,-3.3,-0.2,22.7,28.0,41.2,13.4,0.0,0.3,23.8,12.7,71.3,,,OBAnorm,,LD831_02097v2.403,,,,0,0
DENATRLA,2025-06-23 23:28:53.000,24.8,21.1,21.1,20.3,13.1,16.0,14.0,11.2,8.2,6.7,9.4,12.9,15.2,17.0,16.6,16.1,16.3,16.6,15.0,13.6,11.4,9.9,6.3,7.3,9.2,3.6,3.0,5.6,-2.3,-3.1,-4.3,-3.2,-0.2,22.9,27.8,40.8,13.4,0.0,0.3,23.8,12.7,71.3,,,OBAnorm,,LD831_02097v2.403,,,,0,0
DENATRLA,2025-06-23 23:28:54.000,22.3,25.1,20.7,16.5,15.4,12.9,11.9,14.1,7.0,7.4,10.8,13.6,15.3,16.1,16.3,17.2,16.3,16.4,14.6,13.4,12.0,10.4,7.6,9.1,6.9,4.7,3.2,4.9,-1.0,-3.1,-4.4,-3.2,-0.1,23.0,28.2,43.4,13.4,0.0,0.3,23.8,12.7,71.3,,,OBAnorm,,LD831_02097v2.403,,,,0,0
DENATRLA,2025-06-23 23:28:55.000,29.0,24.9,20.0,17.0,13.8,14.8,12.7,15.7,6.6,7.8,9.5,15.1,15.9,15.7,16.0,16.6,16.3,15.6,14.7,12.4,11.3,8.4,5.6,5.8,5.3,0.3,0.2,2.8,-3.6,-3.9,-4.4,-3.3,-0.1,22.1,28.0,40.5,13.4,0.0,0.3,23.8,12.7,71.3,,,OBAnorm,,LD831_02097v2.403,,,,0,0
DENATRLA,2025-06-23 23:28:56.000,27.3,23.4,24.9,17.8,9.6,13.7,12.2,14.7,5.4,5.3,9.5,13.1,14.7,16.4,16.2,16.8,15.3,15.8,13.9,13.3,10.2,8.8,5.4,6.5,4.3,0.6,-1.8,-1.0,-3.8,-3.7,-4.3,-3.1,0.0,22.0,27.2,36.8,13.4,0.0,0.3,23.8,12.7,71.3,,,OBAnorm,,LD831_02097v2.403,,,,0,0
DENATRLA,2025-06-23 23:28:57.000,25.0,24.3,22.9,19.4,12.4,10.0,11.8,12.6,5.5,6.9,10.8,12.8,15.7,16.0,16.6,16.5,16.1,15.7,15.2,13.2,11.4,9.5,7.2,10.3,8.5,2.4,2.8,5.3,-1.1,-3.0,-3.9,-3.2,-0.1,22.9,28.3,39.3,13.4,0.0,0.3,23.8,12.7,71.3,,,OBAnorm,,LD831_02097v2.403,,,,0,0
DENATRLA,2025-06-23 23:28:58.000,27.8,21.5,21.5,17.0,11.9,14.5,10.8,12.3,7.5,6.7,9.3,13.5,13.9,16.4,17.6,15.6,16.3,17.0,15.2,13.7,11.3,9.5,6.5,7.4,10.8,5.1,1.3,5.5,-1.2,-1.7,-3.6,-3.0,0.0,23.1,27.8,37.1,13.4,0.0,0.3,23.8,12.7,71.3,,,OBAnorm,,LD831_02097v2.403,,,,0,0
DENATRLA,2025-06-23 23:28:59.000,23.6,26.9,23.2,16.3,14.7,11.8,11.7,10.0,8.1,6.7,9.5,13.3,15.3,15.9,16.3,16.3,16.4,17.0,15.8,14.6,12.5,10.1,8.1,7.6,6.5,1.1,0.6,-0.1,-3.5,-2.7,-4.0,-3.2,-0.1,23.1,28.3,38.1,13.4,0.0,0.3,23.8,12.7,71.3,,,OBAnorm,,LD831_02097v2.403,,,,0,0
DENATRLA,2025-06-23 23:29:00.000,29.2,25.4,21.1,18.2,13.7,14.7,15.0,15.0,8.5,6.2,10.1,14.0,15.7,16.4,17.6,17.1,16.0,16.9,16.1,14.3,12.0,9.1,7.1,5.2,2.4,0.4,9.4,1.4,-3.8,-3.2,-4.3,-3.1,-0.2,23.0,28.3,40.2,13.4,0.0,0.3,23.8,12.7,71.3,,,OBAnorm,,LD831_02097v2.403,,,,0,0
DENATRLA,2025-06-23 23:29:01.000,23.0,27.0,23.3,19.8,13.6,13.9,14.3,14.9,8.6,8.3,11.3,13.5,14.1,16.1,17.2,16.8,15.8,17.2,15.9,14.0,12.7,9.9,6.4,7.2,8.3,3.6,2.3,4.1,-2.6,-3.1,-3.8,-3.2,-0.1,23.3,28.1,38.4,13.4,0.0,0.3,23.9,12.7,71.3,,,OBAnorm,,LD831_02097v2.403,,,,0,0
DENATRLA,2025-06-23 23:29:02.000,23.5,25.2,21.6,15.7,15.3,14.2,14.2,10.3,9.5,7.9,10.7,14.2,15.5,15.8,17.2,16.4,16.1,16.8,16.1,14.9,12.9,10.6,7.1,8.6,5.9,1.1,2.0,5.0,0.3,-3.3,-4.1,-3.3,-0.2,23.4,28.0,39.3,13.4,0.0,0.3,23.7,12.7,71.3,,,OBAnorm,,LD831_02097v2.403,,,,0,0
DENATRLA,2025-06-23 23:29:03.000,22.0,24.6,24.0,17.3,13.3,13.6,14.1,11.9,10.5,7.3,10.0,14.0,17.0,17.5,18.1,16.3,16.0,16.6,15.9,14.5,12.7,10.2,7.4,8.3,7.0,2.1,2.5,4.2,-3.2,-3.0,-4.2,-3.4,-0.1,23.3,28.6,37.4,13.4,0.0,0.3,23.8,12.7,71.8,,,OBAnorm,,LD831_02097v2.403,,,,0,0
DENATRLA,2025-06-23 23:29:04.000,21.8,24.7,22.9,19.5,14.2,13.5,13.6,15.3,9.2,8.9,10.9,14.6,15.8,16.8,18.0,17.9,16.0,17.4,15.8,14.9,13.0,10.2,6.8,3.7,2.1,-1.2,0.6,-3.0,-3.8,-3.9,-4.5,-3.1,-0.1,23.3,28.2,37.8,13.4,0.0,0.3,23.8,12.7,71.8,,,OBAnorm,,LD831_02097v2.403,,,,0,0
DENATRLA,2025-06-23 23:29:05.000,26.2,23.6,22.5,18.9,14.4,14.8,12.6,10.3,9.4,9.7,12.3,14.7,15.5,16.0,18.1,16.8,16.3,17.0,15.4,14.7,12.5,10.6,7.9,10.8,7.6,2.8,2.8,2.7,-2.4,-3.5,-4.4,-3.3,-0.2,23.5,28.9,38.6,13.4,0.0,0.3,23.8,12.7,71.8,,,OBAnorm,,LD831_02097v2.403,,,,0,0
DENATRLA,2025-06-23 23:29:06.000,27.2,23.2,22.8,17.7,16.4,14.6,15.3,13.9,10.0,9.3,11.2,12.8,15.2,16.9,17.0,17.0,16.7,17.6,15.7,14.5,13.1,11.1,6.6,5.0,2.9,0.1,-0.2,-0.5,-3.6,-3.9,-4.5,-3.3,-0.1,23.3,28.6,38.5,13.4,0.0,0.3,23.8,12.7,71.8,,,OBAnorm,,LD831_02097v2.403,,,,0,0
DENATRLA,2025-06-23 23:29:07.000,23.8,24.9,23.5,21.7,16.6,17.2,14.9,11.5,7.1,9.1,10.5,14.8,16.4,16.6,17.9,17.2,16.5,16.6,15.6,14.5,12.4,9.9,7.0,3.4,2.3,-0.8,-3.6,-3.8,-3.8,-4.0,-4.4,-3.2,-0.2,23.0,28.3,40.9,13.4,0.0,0.3,23.8,12.7,71.8,,,OBAnorm,,LD831_02097v2.403,,,,0,0
DENATRLA,2025-06-23 23:29:08.000,29.9,27.1,20.5,18.1,17.5,14.6,14.1,13.0,8.7,7.9,12.8,14.2,17.7,17.1,18.3,16.7,16.6,17.1,16.1,14.9,13.3,10.4,6.8,3.7,1.7,-0.8,-3.6,-3.8,-2.9,-3.9,-4.4,-3.3,-0.2,23.4,28.5,39.0,13.4,0.0,0.3,23.8,12.7,71.8,,,OBAnorm,,LD831_02097v2.403,,,,0,0
DENATRLA,2025-06-23 23:29:09.000,23.0,22.1,21.2,18.6,16.4,17.7,14.3,13.2,8.9,7.8,12.8,13.7,17.5,16.5,18.4,16.9,17.3,17.1,16.7,15.1,13.4,10.3,7.2,4.8,2.0,-0.4,-3.3,-3.8,-3.9,-4.0,-4.5,-3.3,-0.1,23.6,28.9,42.4,13.4,0.0,0.3,23.8,12.7,71.8,,,OBAnorm,,LD831_02097v2.403,,,,0,0
DENATRLA,2025-06-23 23:29:10.000,23.1,20.7,21.9,19.7,16.0,16.3,14.9,14.2,9.0,8.3,11.6,14.4,15.0,16.4,18.4,16.7,16.7,17.9,15.5,14.6,12.4,10.0,6.9,4.5,1.4,0.6,-3.2,-3.9,-3.7,-3.9,-4.5,-3.1,-0.1,23.2,28.5,43.6,13.4,0.0,0.3,23.8,12.7,71.8,,,OBAnorm,,LD831_02097v2.403,,,,0,0
DENATRLA,2025-06-23 23:29:11.000,27.1,23.6,23.2,18.5,14.8,15.6,13.8,13.5,11.7,8.1,11.6,15.1,15.8,17.3,17.6,16.5,16.8,17.3,15.9,14.1,12.8,9.0,6.7,5.1,2.2,-1.4,-3.2,-3.8,-3.8,-3.8,-4.4,-3.2,-0.3,22.9,29.0,41.1,13.4,0.0,0.3,23.8,12.7,71.8,,,OBAnorm,,LD831_02097v2.403,,,,0,0
DENATRLA,2025-06-23 23:29:12.000,25.2,25.6,21.5,17.0,18.1,16.4,12.5,11.8,11.5,8.5,11.7,13.9,14.9,17.8,17.0,16.3,15.8,17.4,15.7,14.5,12.4,9.6,6.6,5.7,2.5,-0.2,-3.8,-3.9,-3.4,-3.9,-4.5,-3.4,-0.2,23.1,28.3,41.4,13.4,0.0,0.3,23.8,12.7,71.8,,,OBAnorm,,LD831_02097v2.403,,,,0,0
DENATRLA,2025-06-23 23:29:13.000,30.3,25.7,21.5,18.2,12.1,13.3,12.8,14.0,7.9,9.3,12.1,14.3,16.4,17.6,17.1,16.5,16.2,16.5,15.7,14.3,11.9,9.3,6.9,3.8,0.8,-1.8,-3.7,-3.9,-3.4,-3.9,-4.4,-3.2,-0.1,22.7,28.5,36.9,13.4,0.0,0.3,23.8,12.7,71.8,,,OBAnorm,,LD831_02097v2.403,,,,0,0
DENATRLA,2025-06-23 23:29:14.000,24.0,25.1,21.4,19.4,17.4,15.8,14.2,13.2,9.9,7.8,9.8,13.1,15.6,17.4,17.6,16.5,17.3,17.3,15.7,14.5,12.3,10.2,9.5,9.6,9.7,5.3,-2.0,-3.9,-3.8,-3.9,-4.4,-3.3,-0.1,23.7,28.7,37.3,13.4,0.0,0.4,23.7,12.7,71.8,,,OBAnorm,,LD831_02097v2.403,,,,0,0
DENATRLA,2025-06-23 23:29:15.000,26.8,25.8,25.0,19.9,14.6,11.4,14.5,13.4,8.8,7.7,10.4,12.9,15.6,15.9,17.1,16.2,16.6,17.0,16.1,14.9,12.5,9.9,6.3,3.5,1.2,-0.5,-2.2,-3.3,-2.6,-2.1,-3.4,-3.0,0.0,22.9,28.1,36.4,13.4,0.0,0.3,23.8,12.7,71.8,,,OBAnorm,,LD831_02097v2.403,,,,0,0
DENATRLA,2025-06-23 23:29:16.000,26.9,26.6,20.3,18.6,17.0,14.0,14.1,9.3,7.0,8.1,11.3,13.6,16.4,17.4,16.4,17.2,16.2,16.7,15.6,14.7,11.9,10.1,8.0,9.1,8.4,-0.9,-2.8,-3.6,-3.2,-2.6,-3.7,-3.1,-0.2,23.3,28.0,37.2,13.4,0.0,0.3,23.8,12.7,71.8,,,OBAnorm,,LD831_02097v2.403,,,,0,0
DENATRLA,2025-06-23 23:29:17.000,25.6,26.5,22.2,17.6,16.0,13.5,14.2,11.4,7.9,8.2,9.7,14.5,16.1,17.3,17.5,16.7,16.4,15.9,15.6,14.6,12.7,10.4,7.8,5.9,7.6,3.9,-3.7,-3.9,-3.7,-3.9,-4.4,-3.2,-0.1,23.2,27.8,38.8,13.4,0.0,0.3,23.8,12.7,71.8,,,OBAnorm,,LD831_02097v2.403,,,,0,0
DENATRLA,2025-06-23 23:29:18.000,25.6,23.5,17.6,18.1,15.1,14.2,12.0,13.5,10.2,9.6,10.8,14.6,15.7,17.9,18.0,16.9,17.0,17.3,16.4,15.2,12.5,9.7,6.9,5.0,1.1,-1.2,-3.5,-3.8,-2.9,-3.8,-4.3,-3.1,-0.1,23.3,28.8,38.1,13.4,0.0,0.3,23.8,12.7,71.8,,,OBAnorm,,LD831_02097v2.403,,,,0,0
DENATRLA,2025-06-23 23:29:19.000,22.4,23.6,21.7,19.6,15.1,16.0,15.9,13.9,9.7,7.7,11.4,13.7,15.4,16.7,16.9,16.9,16.9,17.7,16.3,14.9,12.7,9.8,7.8,5.7,3.8,-0.2,-2.9,-3.8,-3.5,-3.4,-4.2,-3.0,-0.2,23.5,29.4,45.7,13.4,0.0,0.3,23.8,12.6,71.8,,,OBAnorm,,LD831_02097v2.403,,,,0,0
DENATRLA,2025-06-23 23:29:20.000,21.5,24.2,21.0,18.0,14.7,16.7,14.0,11.8,8.8,8.0,9.8,12.9,16.5,16.4,17.9,15.8,17.1,17.8,16.8,15.9,13.3,10.6,6.6,7.6,5.9,2.1,-2.9,-3.6,-3.3,-3.4,-4.3,-3.2,-0.1,23.8,28.8,45.2,13.4,0.0,0.3,23.8,12.6,71.8,,,OBAnorm,,LD831_02097v2.403,,,,0,0
DENATRLA,2025-06-23 23:29:21.000,29.1,27.7,18.9,19.9,14.3,17.0,13.7,10.6,9.3,8.1,10.8,11.8,16.2,17.5,17.8,16.7,16.7,17.5,16.4,16.0,13.5,10.8,8.0,5.3,2.1,1.3,-3.5,-3.9,-2.9,-4.0,-4.4,-3.0,-0.2,23.7,28.7,45.3,13.4,0.0,0.3,23.8,12.7,71.8,,,OBAnorm,,LD831_02097v2.403,,,,0,0
DENATRLA,2025-06-23 23:29:22.000,24.7,22.7,22.7,20.1,11.4,14.7,14.6,13.4,9.7,8.1,10.0,12.9,16.1,17.0,18.1,16.6,17.1,17.5,16.2,15.7,12.9,9.9,7.6,6.6,5.1,1.1,-3.6,-3.9,-3.8,-4.0,-4.4,-3.3,-0.2,23.6,29.8,46.2,13.4,0.0,0.3,23.8,12.7,71.8,,,OBAnorm,,LD831_02097v2.403,,,,0,0
DENATRLA,2025-06-23 23:29:23.000,23.0,27.3,21.4,19.1,15.9,12.7,14.0,13.5,8.2,6.7,11.8,12.2,16.1,16.2,17.8,16.8,16.9,17.2,16.1,15.0,12.9,10.1,7.0,7.1,3.8,2.4,-3.0,-3.8,-3.9,-3.9,-4.5,-3.3,-0.2,23.4,29.3,47.3,13.4,0.0,0.3,23.8,12.7,71.8,,,OBAnorm,,LD831_02097v2.403,,,,0,0
DENATRLA,2025-06-23 23:29:24.000,29.8,24.7,24.6,16.6,14.5,17.9,13.0,13.6,9.4,6.4,10.9,12.7,15.2,17.1,17.7,17.8,17.4,17.5,16.1,14.7,12.2,9.9,6.3,2.9,0.1,-1.6,-3.7,-3.8,-3.4,-4.0,-4.4,-3.0,-0.1,23.2,29.3,42.9,13.4,0.0,0.3,23.8,12.7,71.8,,,OBAnorm,,LD831_02097v2.403,,,,0,0
DENATRLA,2025-06-23 23:29:25.000,25.3,27.4,22.8,17.5,16.5,16.9,14.0,11.8,10.4,7.8,10.4,13.0,14.5,16.5,17.3,16.9,17.3,16.8,16.3,15.0,12.1,9.7,7.6,8.1,3.2,-1.2,-2.6,-3.6,-3.8,-3.9,-4.5,-3.2,-0.2,23.3,28.7,43.3,13.4,0.0,0.3,23.8,12.7,71.8,,,OBAnorm,,LD831_02097v2.403,,,,0,0
DENATRLA,2025-06-23 23:29:26.000,29.5,22.5,24.1,18.9,16.8,14.9,15.9,12.3,10.6,7.2,10.0,12.7,15.7,17.1,16.5,16.0,17.1,16.3,15.6,13.9,12.2,9.9,11.4,10.2,8.2,2.8,-2.6,-3.8,-3.8,-4.0,-4.5,-3.1,-0.1,23.4,29.2,46.7,13.4,0.0,0.3,23.8,12.7,71.8,,,OBAnorm,,LD831_02097v2.403,,,,0,0
DENATRLA,2025-06-23 23:29:27.000,29.4,26.8,23.1,22.7,17.0,13.0,14.6,13.4,8.5,7.5,11.8,13.3,15.0,16.8,18.0,17.0,16.8,16.3,15.7,14.5,11.6,9.3,6.0,4.1,1.5,-0.3,-3.3,-3.8,-3.8,-4.0,-4.5,-3.2,-0.2,22.8,28.3,42.8,13.4,0.0,0.3,23.8,12.7,71.8,,,OBAnorm,,LD831_02097v2.403,,,,0,0
DENATRLA,2025-06-23 23:29:28.000,26.5,24.5,21.2,20.9,18.9,12.4,15.4,12.6,10.3,8.6,11.8,12.1,17.1,17.9,17.3,16.7,16.8,17.3,16.0,14.9,12.9,9.6,7.6,4.9,4.6,0.2,-2.3,-3.7,-3.7,-3.8,-4.4,-3.1,0.0,23.3,29.8,44.9,13.4,0.0,0.3,23.8,12.7,71.8,,,OBAnorm,,LD831_02097v2.403,,,,0,0
DENATRLA,2025-06-23 23:29:29.000,25.1,24.4,19.8,22.6,19.7,16.0,13.3,13.4,8.2,7.9,9.8,12.4,15.2,16.7,17.5,17.1,16.3,17.0,15.7,14.6,12.7,9.4,7.0,5.2,1.5,2.3,-3.5,-3.9,-3.5,-4.0,-4.4,-3.2,-0.1,23.1,29.4,42.7,13.4,0.0,0.3,23.8,12.7,71.8,,,OBAnorm,,LD831_02097v2.403,,,,0,0
DENATRLA,2025-06-23 23:29:30.000,21.2,27.8,22.2,21.9,16.3,17.7,15.9,11.9,10.5,8.0,11.2,14.2,15.7,16.3,17.6,17.4,17.2,17.1,15.5,13.8,12.2,10.6,7.2,10.5,4.5,-1.0,-2.7,-3.6,-3.4,-3.8,-4.4,-3.3,-0.1,23.2,32.5,51.7,13.4,0.0,0.4,23.8,12.7,70.1,,,OBAnorm,,LD831_02097v2.403,,,,0,0
DENATRLA,2025-06-23 23:29:31.000,29.0,20.5,25.6,22.7,22.6,14.9,17.8,15.5,10.7,9.0,9.2,13.7,15.8,17.6,16.5,16.8,16.1,17.1,15.5,14.4,12.3,9.5,6.2,7.0,5.2,4.7,-1.3,-1.3,-0.6,-2.1,-3.7,-2.8,-0.2,23.1,31.9,50.2,13.4,0.0,0.4,23.8,12.6,68.4,,,OBAnorm,,LD831_02097v2.403,,,,0,0
DENATRLA,2025-06-23 23:29:32.000,28.9,29.9,28.0,22.7,20.3,19.8,19.8,15.2,12.5,8.2,11.0,14.1,16.5,16.5,16.7,16.9,16.9,16.7,15.2,14.2,12.1,10.1,5.9,4.4,2.8,0.1,0.1,-0.6,1.6,0.7,-2.2,-2.0,0.1,22.9,30.0,47.0,13.4,0.0,0.4,23.8,12.6,67.8,,,OBAnorm,,LD831_02097v2.403,,,,0,0
DENATRLA,2025-06-23 23:29:33.000,28.9,27.0,28.1,22.3,17.2,16.6,16.6,13.1,9.1,7.2,12.1,14.6,15.5,17.5,17.0,17.1,16.6,16.9,15.4,14.4,12.4,10.2,8.5,9.0,6.1,3.6,-2.0,-2.8,-1.7,-1.9,-3.9,-2.7,-0.2,23.2,30.2,44.5,13.4,0.0,0.4,23.8,12.6,67.8,,,OBAnorm,,LD831_02097v2.403,,,,0,0
DENATRLA,2025-06-23 23:29:34.000,31.7,31.6,24.6,23.3,18.1,14.8,9.8,12.6,7.7,7.7,12.4,14.0,15.7,15.9,17.2,17.1,16.6,17.0,15.8,13.9,12.2,9.9,6.1,3.2,4.1,0.6,-2.9,-3.5,-3.4,-3.5,-4.4,-3.1,-0.1,23.0,30.4,48.3,13.4,0.0,0.4,23.8,12.6,67.8,,,OBAnorm,,LD831_02097v2.403,,,,0,0
DENATRLA,2025-06-23 23:29:35.000,29.8,26.7,23.7,20.5,16.7,15.3,13.4,13.3,6.5,7.9,10.8,14.2,15.0,16.0,17.6,17.0,17.0,17.2,15.9,13.9,12.1,9.7,6.4,5.2,3.6,0.7,-1.5,-3.0,-1.3,-2.9,-4.0,-2.8,-0.1,23.0,29.4,45.7,13.4,0.0,0.4,23.8,12.6,67.8,,,OBAnorm,,LD831_02097v2.403,,,,0,0
DENATRLA,2025-06-23 23:29:36.000,26.5,25.9,25.5,21.1,16.7,17.7,14.1,12.0,9.3,7.6,12.1,13.6,16.6,16.6,17.4,17.6,17.6,17.1,16.2,14.3,12.4,10.4,6.0,7.7,7.6,2.7,-1.0,-2.6,-2.8,-2.7,-3.9,-3.0,-0.2,23.5,30.0,44.6,13.4,0.0,0.4,23.8,12.6,67.8,,,OBAnorm,,LD831_02097v2.403,,,,0,0
DENATRLA,2025-06-23 23:29:37.000,31.7,27.0,24.1,18.1,16.3,15.3,14.7,9.7,7.6,7.5,10.3,13.2,16.0,16.5,17.6,17.8,18.2,18.2,16.5,14.6,12.4,9.6,7.6,8.1,7.3,3.9,0.1,-1.7,-1.1,-2.0,-3.4,-2.6,0.0,23.9,36.8,55.2,13.4,0.0,0.4,23.8,12.6,67.8,,,OBAnorm,,LD831_02097v2.403,,,,0,0
DENATRLA,2025-06-23 23:29:38.000,27.4,28.3,24.3,23.3,27.2,23.9,17.9,16.7,14.0,9.6,9.9,14.3,16.5,16.1,18.3,17.3,16.9,17.2,16.2,14.5,12.3,9.5,8.0,8.3,7.1,4.8,0.9,-2.0,-1.5,-1.9,-3.9,-2.8,0.1,23.6,34.2,59.2,13.4,0.0,0.4,23.8,12.6,67.8,,,OBAnorm,,LD831_02097v2.403,,,,0,0
DENATRLA,2025-06-23 23:29:39.000,26.3,29.4,34.2,30.4,24.8,20.7,12.6,9.6,10.3,7.0,11.7,15.0,16.1,16.7,17.3,18.0,17.0,17.5,16.2,14.2,12.1,10.6,11.0,10.0,9.8,3.6,-0.2,-1.3,-0.1,-0.6,-2.8,-2.5,0.1,23.9,32.2,52.2,13.4,0.0,0.4,23.8,12.6,67.8,,,OBAnorm,,LD831_02097v2.403,,,,0,0
DENATRLA,2025-06-23 23:29:40.000,41.1,40.6,26.4,21.6,17.5,15.3,14.4,13.3,8.7,8.4,11.4,13.6,17.2,15.7,17.4,17.3,17.0,17.2,15.4,14.0,11.6,9.0,6.6,7.9,3.1,1.3,-3.4,-3.8,-3.5,-3.8,-4.3,-3.2,-0.1,23.0,35.3,57.7,13.4,0.0,0.4,23.8,12.6,67.8,,,OBAnorm,,LD831_02097v2.403,,,,0,0
DENATRLA,2025-06-23 23:29:41.000,35.5,28.2,23.9,25.4,19.7,16.7,15.0,12.7,6.3,6.1,11.0,14.4,15.2,17.0,18.0,17.2,17.5,17.3,16.3,14.3,12.2,10.4,6.5,7.3,10.4,5.5,-2.1,-3.6,-3.4,-3.6,-4.3,-3.0,-0.2,23.7,33.3,54.1,13.4,0.0,0.4,23.8,12.6,67.8,,,OBAnorm,,LD831_02097v2.403,,,,0,0
DENATRLA,2025-06-23 23:29:42.000,31.9,30.5,29.0,24.2,22.5,17.5,14.4,11.2,9.7,8.2,11.5,14.2,15.1,15.3,17.3,17.6,17.3,17.6,17.0,14.9,12.7,9.6,6.9,7.3,4.6,1.0,-2.0,-3.3,-3.1,-2.9,-4.1,-3.1,-0.1,23.6,30.9,51.0,13.4,0.0,0.4,23.7,12.6,67.8,,,OBAnorm,,LD831_02097v2.403,,,,0,0
DENATRLA,2025-06-23 23:29:43.000,32.8,27.5,25.6,21.7,16.1,14.4,17.3,13.5,8.8,8.0,11.8,14.5,17.0,16.7,17.8,17.8,18.1,17.5,16.7,14.9,12.9,10.2,7.6,7.0,2.4,3.2,2.5,-0.4,0.4,1.5,-2.0,-2.0,0.1,23.9,38.0,57.9,13.4,0.0,0.4,23.7,12.6,67.8,,,OBAnorm,,LD831_02097v2.403,,,,0,0
DENATRLA,2025-06-23 23:29:44.000,33.0,26.5,31.8,29.0,20.0,21.2,20.0,13.9,10.0,9.8,10.7,15.2,17.2,18.3,18.9,18.2,17.3,18.8,17.5,15.6,14.1,11.6,7.6,8.0,7.0,6.3,-1.0,-2.3,-2.1,-1.9,-2.7,-2.5,0.1,24.6,35.5,54.1,13.4,0.0,0.4,23.8,12.6,67.8,,,OBAnorm,,LD831_02097v2.403,,,,0,0
DENATRLA,2025-06-23 23:29:45.000,37.3,33.9,35.6,30.3,23.7,17.2,16.7,14.0,10.7,9.9,12.1,14.3,17.1,17.4,17.9,18.3,18.0,18.2,17.6,15.7,13.3,11.2,7.2,4.3,1.0,1.2,-3.3,-3.8,-1.9,-3.9,-4.4,-3.4,-0.1,24.1,31.3,50.3,13.4,0.0,0.4,23.8,12.6,67.8,,,OBAnorm,,LD831_02097v2.403,,,,0,0
DENATRLA,2025-06-23 23:29:46.000,36.5,37.1,27.8,25.5,19.2,14.4,14.5,11.5,8.5,8.3,13.3,13.9,15.9,16.6,19.1,17.1,17.5,18.0,16.8,15.7,13.7,11.0,8.3,7.7,5.0,4.4,-3.5,-3.8,-3.8,-3.9,-4.4,-3.1,-0.1,24.1,29.8,45.0,13.4,0.0,0.4,23.8,12.6,67.8,,,OBAnorm,,LD831_02097v2.403,,,,0,0
DENATRLA,2025-06-23 23:29:47.000,32.9,29.1,25.8,24.2,14.9,11.7,14.4,12.2,8.9,6.5,11.9,13.3,15.9,16.3,17.2,18.7,18.2,17.7,16.8,15.0,13.1,11.4,7.1,4.8,2.0,-0.4,-3.5,-3.8,-3.5,-3.3,-3.9,-3.1,-0.2,23.8,29.1,43.2,13.4,0.0,0.4,23.7,12.7,67.9,,,OBAnorm,,LD831_02097v2.403,,,,0,0
DENATRLA,2025-06-23 23:29:48.000,32.0,24.3,21.6,19.3,15.4,16.1,15.2,12.4,10.3,8.9,10.5,15.0,16.0,16.7,18.4,18.2,17.9,17.4,17.0,15.1,13.7,11.1,11.8,10.0,10.9,2.8,-3.1,-3.5,-3.2,-3.1,-3.8,-2.8,0.1,24.5,29.5,44.8,13.4,0.0,0.4,23.8,12.7,67.9,,,OBAnorm,,LD831_02097v2.403,,,,0,0
DENATRLA,2025-06-23 23:29:49.000,25.9,27.6,21.1,22.5,15.9,15.1,13.1,14.4,11.0,7.3,12.6,14.1,15.7,17.0,18.3,17.7,18.0,18.0,17.2,16.0,14.0,11.6,10.7,9.0,5.8,4.6,-2.3,-3.1,-2.5,-1.3,-2.6,-2.7,-0.1,24.6,29.0,42.8,13.4,0.0,0.4,23.7,12.7,67.3,,,OBAnorm,,LD831_02097v2.403,,,,0,0
DENATRLA,2025-06-23 23:29:50.000,24.8,21.8,21.6,19.6,15.8,16.1,14.6,12.0,8.2,9.1,10.6,13.1,16.5,17.3,18.5,18.0,18.1,17.7,17.0,15.4,13.0,10.7,7.4,3.8,1.6,0.4,-3.0,-3.8,-3.0,-3.8,-4.4,-3.2,-0.3,24.0,29.4,42.1,13.4,0.0,0.4,23.8,12.7,67.3,,,OBAnorm,,LD831_02097v2.403,,,,0,0
DENATRLA,2025-06-23 23:29:51.000,24.1,21.8,21.9,20.1,18.9,15.7,14.4,12.8,7.3,7.5,12.1,14.5,17.2,18.1,18.4,18.4,18.3,17.5,16.9,15.7,13.4,10.7,7.1,4.2,1.3,-0.5,-3.3,-3.8,-3.8,-3.9,-4.4,-3.2,-0.2,23.9,29.3,41.4,13.4,0.0,0.4,23.8,12.7,67.3,,,OBAnorm,,LD831_02097v2.403,,,,0,0
DENATRLA,2025-06-23 23:29:52.000,24.8,23.2,23.9,19.9,14.7,15.1,14.4,12.8,7.9,7.7,12.5,15.3,16.0,16.7,18.6,17.9,17.3,17.6,17.4,15.8,13.4,10.5,8.1,6.2,3.8,0.7,-2.7,-3.5,-2.8,-2.7,-3.9,-2.9,0.0,24.1,28.8,42.4,13.4,0.0,0.4,23.8,12.7,67.3,,,OBAnorm,,LD831_02097v2.403,,,,0,0
DENATRLA,2025-06-23 23:29:53.000,25.3,24.1,20.8,15.0,15.9,15.6,14.4,12.3,7.0,7.5,12.1,15.0,16.2,18.2,18.9,18.6,17.7,16.9,16.3,14.6,12.7,10.0,10.6,7.8,6.5,2.9,-2.4,-3.8,-3.6,-3.4,-4.3,-3.2,-0.1,23.9,29.1,44.3,13.4,0.0,0.4,23.7,12.7,67.3,,,OBAnorm,,LD831_02097v2.403,,,,0,0
DENATRLA,2025-06-23 23:29:54.000,26.3,23.7,20.6,20.2,12.6,15.5,10.4,13.4,8.3,7.4,11.0,13.8,15.7,17.8,17.9,17.3,17.6,18.2,16.9,15.0,13.7,10.9,8.0,5.9,3.6,1.5,-0.7,-3.0,-2.2,-3.1,-3.8,-3.1,-0.1,23.9,29.9,49.3,13.4,0.0,0.4,23.7,12.7,67.3,,,OBAnorm,,LD831_02097v2.403,,,,0,0
DENATRLA,2025-06-23 23:29:55.000,25.2,21.6,18.8,21.3,15.7,16.4,14.9,11.9,8.5,8.3,12.7,14.2,15.2,17.8,18.3,17.5,18.0,17.9,16.7,14.9,13.3,10.6,7.0,5.4,2.8,2.2,0.3,-1.6,-1.6,-1.1,-2.6,-2.4,0.1,23.8,29.0,42.0,13.4,0.0,0.4,23.8,12.7,67.3,,,OBAnorm,,LD831_02097v2.403,,,,0,0
DENATRLA,2025-06-23 23:29:56.000,30.0,24.6,23.9,20.3,16.9,14.7,16.0,12.5,8.8,8.7,10.0,15.4,15.8,16.1,16.8,17.0,17.2,17.4,16.9,14.9,13.0,11.2,7.8,10.3,4.9,0.5,-1.4,-2.9,-2.4,-2.1,-3.5,-2.8,0.0,23.7,28.9,47.0,13.4,0.0,0.4,23.7,12.7,67.3,,,OBAnorm,,LD831_02097v2.403,,,,0,0
DENATRLA,2025-06-23 23:29:57.000,27.2,22.1,22.9,21.0,14.9,13.1,13.0,13.6,7.5,6.8,10.6,15.2,16.1,16.4,18.1,17.5,16.7,17.7,16.9,15.1,12.8,11.2,9.5,10.7,11.4,7.9,6.8,3.9,3.9,3.5,0.1,-0.8,0.6,24.5,29.3,47.1,13.4,0.0,0.4,23.8,12.7,67.3,,,OBAnorm,,LD831_02097v2.403,,,,0,0
DENATRLA,2025-06-23 23:29:58.000,25.0,23.9,19.7,19.9,18.2,14.0,15.0,13.7,7.5,7.1,12.2,13.8,15.8,15.9,17.7,18.1,17.7,18.0,17.0,15.2,13.4,10.6,9.1,10.7,9.9,10.7,9.0,6.4,7.4,3.9,1.2,0.4,0.5,24.6,29.0,43.8,13.4,0.0,0.4,23.8,12.7,67.3,,,OBAnorm,,LD831_02097v2.403,,,,0,0
DENATRLA,2025-06-23 23:29:59.000,28.9,25.5,25.6,18.5,13.9,15.8,15.4,11.5,8.4,9.2,11.9,14.1,15.9,17.1,18.0,17.8,17.4,18.0,16.7,14.9,13.1,10.3,7.0,5.0,2.4,2.3,-1.3,-1.8,-0.4,-2.5,-3.4,-2.2,0.1,23.7,29.1,43.3,13.4,0.0,0.4,23.7,12.6,67.3,,,OBAnorm,,LD831_02097v2.403,,,,0,0
DENATRLA,2025-06-23 23:30:00.000,22.7,23.4,22.9,18.1,17.3,15.4,12.6,12.2,7.1,8.8,11.3,12.6,14.8,16.8,17.4,18.5,18.0,17.4,16.7,14.3,11.7,9.8,8.0,6.1,3.6,-0.1,-2.7,-3.3,2.5,-3.5,-4.3,-3.0,-0.1,23.5,28.5,41.9,13.4,0.0,0.4,23.8,12.6,67.8,,,OBAnorm,,LD831_02097v2.403,,,,0,0
DENATRLA,2025-06-23 23:30:01.000,27.6,25.2,23.6,18.2,15.2,13.5,15.2,11.4,10.0,9.3,11.6,12.7,16.2,17.3,17.9,18.0,16.9,17.2,16.4,14.4,12.4,10.0,6.9,5.2,3.8,0.3,-1.7,-2.8,-0.8,-2.6,-4.0,-2.6,0.0,23.4,28.5,37.1,13.4,0.0,0.4,23.7,12.6,67.8,,,OBAnorm,,LD831_02097v2.403,,,,0,0
DENATRLA,2025-06-23 23:30:02.000,27.0,23.0,19.9,19.1,14.8,14.4,13.8,6.4,7.6,8.9,11.3,13.3,14.8,16.3,18.0,17.8,17.6,17.7,17.0,14.9,12.3,10.0,7.0,6.8,5.6,1.1,-2.4,-3.5,-3.5,-3.7,-4.4,-2.9,-0.2,23.6,28.7,37.8,13.4,0.0,0.4,23.7,12.6,67.8,,,OBAnorm,,LD831_02097v2.403,,,,0,0
DENATRLA,2025-06-23 23:30:03.000,29.1,22.0,25.5,21.8,13.6,16.3,13.7,10.2,7.5,6.2,10.7,12.5,15.3,16.9,18.0,17.3,17.7,17.2,16.7,14.8,12.7,9.9,7.2,6.1,1.5,0.1,-2.4,-2.3,-2.0,-3.6,-4.2,-2.7,0.0,23.6,28.3,37.1,13.4,0.0,0.4,23.8,12.6,67.8,,,OBAnorm,,LD831_02097v2.403,,,,0,0
DENATRLA,2025-06-23 23:30:04.000,28.5,22.9,23.0,17.3,13.3,13.0,12.6,12.3,7.6,6.6,11.2,14.6,16.7,16.7,18.3,17.1,18.2,17.8,16.6,15.0,12.6,11.1,9.0,8.0,10.1,5.8,-2.5,-3.7,1.9,-4.0,-4.4,-3.1,-0.2,24.2,29.0,37.5,13.4,0.0,0.4,23.7,12.6,67.8,,,OBAnorm,,LD831_02097v2.403,,,,0,0
DENATRLA,2025-06-23 23:30:05.000,21.3,22.2,23.5,22.2,17.2,15.4,14.1,9.9,8.1,8.4,11.9,14.0,16.3,17.3,18.2,17.9,17.5,18.2,17.1,15.3,13.2,10.7,7.4,3.8,1.6,-0.2,-3.1,-3.8,-3.4,-3.9,-4.3,-2.7,-0.1,23.9,29.0,41.0,13.4,0.0,0.4,23.7,12.6,67.8,,,OBAnorm,,LD831_02097v2.403,,,,0,0
DENATRLA,2025-06-23 23:30:06.000,23.7,27.2,23.6,19.8,17.4,13.5,13.8,10.4,8.9,7.8,11.1,13.8,15.8,16.6,18.1,17.9,17.4,18.1,17.0,15.9,13.4,10.6,7.0,5.0,2.2,-0.2,-2.7,-2.6,-1.3,-3.0,-4.0,-2.8,-0.2,24.0,29.4,41.9,13.4,0.0,0.4,23.7,12.6,67.8,,,OBAnorm,,LD831_02097v2.403,,,,0,0
DENATRLA,2025-06-23 23:30:07.000,25.4,24.0,23.2,18.7,14.7,13.9,14.1,11.9,10.3,8.2,10.1,13.7,16.8,17.2,16.8,16.8,17.4,18.0,17.3,15.6,13.2,10.3,13.3,9.4,5.6,5.0,-3.7,-3.9,-3.9,-4.0,-4.4,-3.2,-0.1,24.4,29.6,45.4,13.4,0.0,0.4,23.7,12.6,67.8,,,OBAnorm,,LD831_02097v2.403,,,,0,0
DENATRLA,2025-06-23 23:30:08.000,26.6,27.0,22.3,20.1,18.1,15.5,13.6,12.0,7.4,6.5,11.4,13.8,15.6,16.1,17.2,17.7,17.7,18.1,17.1,15.8,13.4,10.3,6.2,7.9,5.2,0.7,-2.2,-3.3,-1.6,-2.8,-3.7,-2.3,-0.1,23.9,29.0,42.9,13.4,0.0,0.4,23.7,12.6,68.4,,,OBAnorm,,LD831_02097v2.403,,,,0,0
DENATRLA,2025-06-23 23:30:09.000,30.4,23.6,19.4,15.5,16.8,13.3,14.3,12.0,6.8,7.1,8.5,13.4,14.3,15.4,17.9,17.7,17.9,18.3,17.0,15.6,13.2,10.4,8.4,8.5,9.0,3.1,-1.5,-3.9,-3.8,-3.9,-4.0,-2.5,-0.2,24.2,29.3,41.9,13.4,0.0,0.4,23.7,12.6,68.4,,,OBAnorm,,LD831_02097v2.403,,,,0,0
DENATRLA,2025-06-23 23:30:10.000,24.4,25.4,22.7,18.7,15.1,10.6,14.8,10.1,8.4,7.5,11.5,14.1,16.2,16.1,18.6,18.5,18.3,18.3,16.5,14.4,13.6,10.8,7.1,5.1,3.8,1.5,-2.1,-3.6,3.3,-3.6,-4.2,-2.8,-0.2,24.1,31.2,48.4,13.4,0.0,0.4,23.7,12.6,68.4,,,OBAnorm,,LD831_02097v2.403,,,,0,0
DENATRLA,2025-06-23 23:30:11.000,27.0,28.2,25.6,22.4,16.4,15.4,14.8,11.9,8.2,8.8,11.1,14.0,15.1,17.0,17.5,19.0,17.8,19.1,17.5,15.5,12.9,10.3,6.8,4.3,1.6,0.7,-1.8,-3.3,-3.1,-2.0,-0.6,-0.3,0.1,24.1,31.1,46.5,13.4,0.0,0.4,23.7,12.6,68.4,,,OBAnorm,,LD831_02097v2.403,,,,0,0
DENATRLA,2025-06-23 23:30:12.000,28.2,27.8,25.7,21.5,17.8,17.6,14.6,13.6,7.9,8.0,12.6,14.0,15.1,15.4,18.4,17.3,17.9,18.2,17.0,15.8,13.2,10.2,6.8,3.8,1.2,0.5,-2.3,-2.0,-1.6,-2.3,-2.8,-1.8,0.2,23.9,32.3,51.1,13.4,0.0,0.4,23.7,12.6,68.4,,,OBAnorm,,LD831_02097v2.403,,,,0,0
DENATRLA,2025-06-23 23:30:13.000,33.8,28.2,24.2,23.0,19.6,18.3,16.5,13.9,9.8,8.3,10.3,12.3,14.8,18.5,17.6,17.8,18.5,18.0,17.3,15.5,12.7,10.1,7.1,4.7,2.4,-0.5,-2.4,-2.9,0.1,-3.5,-4.2,-2.8,0.0,24.0,33.6,50.8,13.4,0.0,0.4,23.7,12.6,68.4,,,OBAnorm,,LD831_02097v2.403,,,,0,0
DENATRLA,2025-06-23 23:30:14.000,33.0,29.1,26.7,25.8,23.7,15.8,16.9,13.1,10.7,8.5,9.4,13.7,15.6,17.4,17.9,18.6,17.4,18.2,17.3,15.2,13.1,10.5,9.2,9.4,6.0,3.2,-1.4,-2.6,6.9,-2.0,-3.5,-2.3,0.0,24.2,33.5,53.3,13.4,0.0,0.4,23.7,12.6,68.4,,,OBAnorm,,LD831_02097v2.403,,,,0,0
DENATRLA,2025-06-23 23:30:15.000,35.1,31.8,28.5,24.2,21.5,21.3,18.0,12.9,8.4,7.5,10.5,14.3,16.6,16.9,19.2,18.3,17.8,17.7,17.5,15.6,13.8,11.5,9.8,8.5,4.1,2.6,-1.3,-3.5,-2.6,-2.5,-3.2,-1.3,0.2,24.5,34.4,56.0,13.4,0.0,0.4,23.7,12.6,68.4,,,OBAnorm,,LD831_02097v2.403,,,,0,0
DENATRLA,2025-06-23 23:30:16.000,34.7,28.7,32.5,23.4,21.6,17.4,14.3,14.3,7.2,7.9,11.4,13.5,14.7,17.1,18.9,18.3,17.9,18.8,18.4,16.4,15.1,12.2,9.6,7.8,5.7,4.0,3.1,-1.0,0.8,-0.4,-2.5,-2.2,-0.1,25.0,33.7,51.6,13.4,0.0,0.4,23.7,12.6,68.4,,,OBAnorm,,LD831_02097v2.403,,,,0,0
DENATRLA,2025-06-23 23:30:17.000,34.7,31.5,31.0,22.5,24.0,19.1,14.7,13.5,10.0,7.8,10.9,14.8,15.9,18.4,18.5,19.8,18.6,19.0,18.5,17.1,15.6,13.3,10.5,7.1,4.9,5.1,2.8,-0.4,7.6,-1.5,-3.2,-2.1,0.1,25.7,33.6,49.5,13.4,0.0,0.4,23.7,12.6,68.4,,,OBAnorm,,LD831_02097v2.403,,,,0,0
DENATRLA,2025-06-23 23:30:18.000,32.4,30.6,30.0,23.0,17.5,17.6,16.3,12.9,8.9,9.5,10.8,14.8,17.8,18.3,19.4,19.8,19.2,18.6,18.2,18.5,17.1,15.8,13.5,9.6,5.6,4.1,1.6,-1.1,-0.8,-0.9,-2.1,-2.4,-0.1,26.4,32.7,50.2,13.4,0.0,0.4,23.7,12.6,68.4,,,OBAnorm,,LD831_02097v2.403,,,,0,0
DENATRLA,2025-06-23 23:30:19.000,36.1,32.5,26.9,20.6,17.0,15.3,17.3,12.6,8.5,7.2,13.9,15.3,16.5,18.5,19.6,19.2,18.7,19.5,19.0,18.3,17.3,15.6,11.8,9.0,7.7,5.1,1.9,-1.9,-1.9,-0.2,-2.2,-2.6,0.0,26.5,31.6,46.8,13.4,0.0,0.4,23.7,12.6,68.4,,,OBAnorm,,LD831_02097v2.403,,,,0,0
DENATRLA,2025-06-23 23:30:20.000,35.3,29.9,28.5,24.9,18.8,15.7,15.7,13.9,10.7,9.8,11.3,15.8,17.1,18.1,19.5,20.8,19.8,19.1,19.4,18.2,17.0,13.8,11.1,8.1,5.7,3.6,0.0,-3.2,-3.3,-3.8,-4.3,-3.2,-0.1,26.2,33.4,48.7,13.4,0.0,0.4,23.7,12.6,68.4,,,OBAnorm,,LD831_02097v2.403,,,,0,0
DENATRLA,2025-06-23 23:30:21.000,34.2,30.4,23.3,24.7,18.3,16.9,16.3,13.8,8.9,8.1,13.3,15.1,18.0,18.1,19.2,19.1,19.1,19.2,18.8,18.0,16.3,13.5,11.3,7.9,5.9,4.4,0.6,-2.7,0.7,-1.8,-3.5,-2.5,0.1,26.1,37.3,55.3,13.4,0.0,0.4,23.7,12.6,69.0,,,OBAnorm,,LD831_02097v2.403,,,,0,0
DENATRLA,2025-06-23 23:30:22.000,29.8,31.0,30.4,28.5,23.2,20.3,18.1,16.2,9.8,9.0,12.0,13.8,16.1,18.5,19.1,18.9,19.2,19.5,19.3,17.7,15.2,13.6,9.9,7.8,6.3,4.4,2.5,-1.0,-0.9,-0.7,-1.9,-1.1,0.4,25.8,34.2,52.3,13.4,0.0,0.4,23.7,12.6,69.0,,,OBAnorm,,LD831_02097v2.403,,,,0,0
DENATRLA,2025-06-23 23:30:23.000,34.8,37.7,38.2,23.4,20.7,16.1,15.9,15.0,8.9,10.9,12.1,14.7,16.9,18.6,18.8,19.6,19.1,18.5,18.9,17.3,14.8,12.9,9.8,6.4,4.1,2.4,-0.8,-3.4,-3.5,-3.6,-4.3,-2.9,-0.1,25.5,32.4,51.6,13.4,0.0,0.4,23.7,12.6,69.0,,,OBAnorm,,LD831_02097v2.403,,,,0,0
DENATRLA,2025-06-23 23:30:24.000,38.0,36.8,23.9,23.5,20.2,16.3,15.6,11.6,9.8,8.8,13.2,14.2,17.0,18.8,19.1,18.7,19.4,19.2,18.8,17.3,14.7,12.2,8.8,9.3,9.0,2.6,-1.2,-2.9,-3.2,-3.4,-4.2,-3.0,0.0,25.6,32.6,50.8,13.4,0.0,0.4,23.7,12.6,69.0,,,OBAnorm,,LD831_02097v2.403,,,,0,0
DENATRLA,2025-06-23 23:30:25.000,36.0,32.3,25.7,21.8,15.5,16.8,14.8,11.9,9.4,7.6,11.7,15.8,16.7,18.4,19.0,19.1,19.6,19.8,19.4,16.6,14.1,12.1,8.7,6.8,5.9,5.1,1.1,-2.3,-1.0,-2.6,-3.7,-2.0,0.1,25.5,33.9,55.1,13.4,0.0,0.4,23.7,12.6,69.0,,,OBAnorm,,LD831_02097v2.403,,,,0,0
DENATRLA,2025-06-23 23:30:26.000,34.5,29.8,29.6,23.0,17.2,14.2,11.3,10.4,8.0,7.9,12.4,14.1,16.5,19.0,19.6,19.7,19.6,19.9,18.8,16.3,14.4,12.1,8.8,6.5,4.1,2.8,1.0,-1.5,-1.4,-1.1,-2.6,-1.8,0.2,25.6,31.5,45.9,13.4,0.0,0.4,23.7,12.6,69.0,,,OBAnorm,,LD831_02097v2.403,,,,0,0
DENATRLA,2025-06-23 23:30:27.000,33.5,33.9,28.6,23.4,16.3,17.1,15.8,13.0,9.7,9.8,13.6,14.2,18.2,18.5,19.8,19.7,19.7,19.5,19.0,17.1,14.5,11.7,8.8,7.0,4.5,5.8,6.6,3.6,5.4,5.2,3.4,3.4,1.8,25.8,30.5,41.7,13.4,0.0,0.4,23.7,12.6,69.0,,,OBAnorm,,LD831_02097v2.403,,,,0,0
DENATRLA,2025-06-23 23:30:28.000,33.1,30.9,21.5,17.5,18.3,15.4,16.8,13.6,9.9,8.8,12.1,15.0,16.9,18.6,19.0,18.8,19.7,20.4,19.3,17.3,14.7,12.5,9.1,10.0,7.2,4.6,2.3,0.0,5.6,0.9,-0.9,-0.1,0.4,26.0,30.6,42.5,13.4,0.0,0.4,23.7,12.6,69.0,,,OBAnorm,,LD831_02097v2.403,,,,0,0
DENATRLA,2025-06-23 23:30:29.000,25.4,22.6,25.7,23.1,17.8,14.8,16.9,12.0,10.7,8.7,13.1,15.7,16.7,19.8,19.5,19.4,20.4,20.0,19.6,17.8,15.7,13.6,10.6,9.2,4.9,4.8,1.6,-0.5,0.1,-0.7,-3.0,-2.1,0.1,26.3,30.5,37.2,13.4,0.0,0.4,23.7,12.6,69.0,,,OBAnorm,,LD831_02097v2.403,,,,0,0
DENATRLA,2025-06-23 23:30:30.000,30.8,26.4,23.3,20.7,15.9,16.7,14.1,14.0,9.4,9.5,12.4,16.8,18.2,18.5,20.7,19.8,19.8,19.8,19.6,18.8,16.7,15.0,11.8,9.9,8.1,5.4,2.1,0.1,0.1,-0.2,-1.7,-0.6,0.4,26.7,30.7,39.2,13.4,0.0,0.4,23.7,12.6,69.0,,,OBAnorm,,LD831_02097v2.403,,,,0,0
DENATRLA,2025-06-23 23:30:31.000,20.8,24.3,22.3,18.7,18.7,16.3,12.1,9.5,7.7,10.1,12.8,15.5,16.9,19.8,19.8,19.9,20.5,19.8,19.2,19.1,16.7,14.4,11.3,9.1,6.8,6.7,6.8,3.8,3.9,4.4,4.7,4.4,2.3,26.9,31.0,44.1,13.4,0.0,0.4,23.7,12.5,69.0,,,OBAnorm,,LD831_02097v2.403,,,,0,0
DENATRLA,2025-06-23 23:30:32.000,26.4,25.8,18.4,18.8,19.0,18.6,15.7,13.9,8.5,10.7,12.4,15.4,18.4,20.2,21.5,21.1,20.3,20.4,19.5,19.8,17.4,15.0,12.4,9.4,6.5,3.7,1.2,-0.2,0.1,1.5,-0.6,-1.1,0.2,27.2,32.3,50.6,13.4,0.0,0.4,23.7,12.5,69.0,,,OBAnorm,,LD831_02097v2.403,,,,0,0
DENATRLA,2025-06-23 23:30:33.000,27.8,27.4,21.7,20.8,17.6,17.7,14.8,14.9,10.6,8.4,12.8,15.9,18.5,19.1,21.3,20.8,20.0,20.4,20.4,19.8,18.1,15.9,13.0,10.9,9.3,8.0,8.5,8.7,7.4,9.4,7.2,3.5,1.4,27.8,31.8,40.2,13.4,0.0,0.4,23.7,12.5,69.0,,,OBAnorm,,LD831_02097v2.403,,,,0,0
DENATRLA,2025-06-23 23:30:34.000,29.4,27.2,26.0,23.7,16.0,18.4,16.7,13.7,10.6,9.2,12.5,16.1,17.8,19.5,21.3,20.3,20.3,20.4,20.7,19.7,17.2,15.8,11.9,8.3,5.4,3.1,0.4,-2.0,1.3,-2.6,-3.1,-2.3,0.1,27.4,32.0,45.3,13.4,0.0,0.4,23.7,12.5,69.0,,,OBAnorm,,LD831_02097v2.403,,,,0,0
DENATRLA,2025-06-23 23:30:35.000,28.9,27.4,25.3,24.9,15.5,16.3,16.9,14.4,12.5,10.1,12.3,16.8,18.6,19.4,19.9,20.3,21.0,21.0,20.4,19.2,17.0,14.3,11.3,8.9,4.9,3.0,-0.5,-2.7,-3.1,-3.0,-3.6,-2.8,-0.2,27.1,32.1,43.2,13.4,0.0,0.4,23.7,12.5,69.5,,,OBAnorm,,LD831_02097v2.403,,,,0,0
DENATRLA,2025-06-23 23:30:36.000,27.0,28.2,25.9,21.0,19.2,19.4,15.9,13.9,10.6,10.0,13.0,15.1,19.5,19.5,21.1,21.2,20.9,20.7,20.6,18.8,16.9,14.8,12.0,12.9,9.4,8.2,8.6,6.2,6.0,7.8,4.1,2.7,1.3,27.6,32.1,43.2,13.4,0.0,0.4,23.7,12.5,69.5,,,OBAnorm,,LD831_02097v2.403,,,,0,0
DENATRLA,2025-06-23 23:30:37.000,29.6,28.7,25.6,19.8,17.6,18.7,17.7,14.0,10.9,9.0,12.5,15.6,17.8,19.9,21.4,21.0,19.8,20.9,20.1,19.0,16.9,14.2,11.3,11.0,8.8,6.7,6.5,4.9,3.2,3.9,2.7,1.4,1.3,27.2,32.8,45.7,13.4,0.0,0.4,23.7,12.5,69.5,,,OBAnorm,,LD831_02097v2.403,,,,0,0
DENATRLA,2025-06-23 23:30:38.000,31.6,28.6,27.3,21.6,21.6,17.6,17.2,15.6,10.6,10.2,12.6,15.8,18.4,19.6,20.7,21.7,20.0,20.3,19.2,18.2,16.9,14.0,11.9,8.8,8.3,9.8,10.5,9.2,11.4,10.4,8.2,7.3,4.3,27.2,33.6,48.7,13.4,0.0,0.4,23.7,12.5,69.5,,,OBAnorm,,LD831_02097v2.403,,,,0,0
DENATRLA,2025-06-23 23:30:39.000,29.8,29.8,26.6,27.4,20.9,20.4,20.5,15.9,12.9,9.5,14.2,16.8,18.3,19.6,20.2,21.6,21.2,20.9,20.2,19.0,16.9,14.5,11.4,10.4,9.5,10.5,10.6,8.3,9.2,10.4,7.0,4.9,2.4,27.6,35.8,51.2,13.4,0.0,0.4,23.7,12.5,69.5,,,OBAnorm,,LD831_02097v2.403,,,,0,0
DENATRLA,2025-06-23 23:30:40.000,29.7,27.2,28.2,27.7,27.9,22.4,20.7,16.8,12.7,10.2,14.2,17.9,19.2,19.7,20.8,22.0,19.9,20.8,20.4,19.1,17.7,14.6,11.1,8.0,5.8,4.2,3.7,1.7,2.2,3.0,1.9,0.9,1.0,27.4,34.9,50.8,13.4,0.0,0.4,23.7,12.5,69.5,,,OBAnorm,,LD831_02097v2.403,,,,0,0
DENATRLA,2025-06-23 23:30:41.000,38.1,34.4,31.5,27.8,28.1,23.8,21.4,17.0,13.2,9.7,14.6,16.3,18.5,20.7,21.6,22.0,21.2,21.0,20.8,19.3,17.0,14.7,11.3,8.1,5.4,7.5,6.1,4.1,5.3,6.1,4.3,3.9,2.8,27.6,34.8,52.4,13.4,0.0,0.4,23.7,12.5,69.5,,,OBAnorm,,LD831_02097v2.403,,,,0,0
DENATRLA,2025-06-23 23:30:42.000,36.1,35.5,26.1,29.6,22.1,22.0,18.1,17.8,10.8,10.0,13.6,17.2,18.9,19.6,21.7,20.7,21.1,21.3,20.6,20.1,17.2,14.8,12.0,8.6,7.4,6.2,6.7,5.0,11.1,5.6,3.1,1.9,1.0,27.7,33.9,52.4,13.4,0.0,0.4,23.7,12.5,69.5,,,OBAnorm,,LD831_02097v2.403,,,,0,0
DENATRLA,2025-06-23 23:30:43.000,37.2,31.3,28.4,25.6,22.2,17.3,18.2,13.7,10.3,11.3,14.3,16.9,18.6,20.7,22.4,22.4,21.9,22.4,20.9,19.9,18.4,15.5,12.3,9.3,7.7,5.2,4.8,2.1,3.5,2.5,1.3,0.9,1.1,28.4,33.1,52.2,13.4,0.0,0.4,23.7,12.5,69.5,,,OBAnorm,,LD831_02097v2.403,,,,0,0
DENATRLA,2025-06-23 23:30:44.000,30.3,30.1,27.8,22.4,15.9,19.2,17.5,14.4,10.1,11.3,13.9,16.9,18.8,20.4,21.5,22.2,22.7,22.4,21.1,20.3,19.4,15.7,12.2,9.1,5.5,4.0,1.1,-2.3,-1.4,-1.5,-2.8,-2.4,0.1,28.3,32.8,49.0,13.4,0.0,0.3,23.7,12.5,71.2,,,OBAnorm,,LD831_02097v2.403,,,,0,0
DENATRLA,2025-06-23 23:30:45.000,26.6,30.2,24.4,20.5,20.1,17.3,16.8,15.2,12.8,12.3,13.2,16.2,19.1,21.2,22.0,22.2,21.0,21.5,21.9,21.0,18.7,15.9,12.0,9.9,6.3,3.3,1.6,-1.1,-1.0,-1.3,-3.0,-2.1,0.3,28.5,33.3,50.4,13.4,0.0,0.3,23.7,12.5,73.5,,,OBAnorm,,LD831_02097v2.403,,,,0,0
DENATRLA,2025-06-23 23:30:46.000,26.0,27.3,24.3,23.7,19.3,16.7,16.6,14.2,9.3,11.0,13.9,17.3,18.2,21.1,21.8,22.2,21.8,22.0,22.0,20.8,19.2,16.8,13.0,10.2,7.7,5.4,0.7,-1.4,-1.0,-1.3,-2.7,-2.4,-0.1,28.8,34.8,52.3,13.4,0.0,0.3,23.7,12.5,73.5,,,OBAnorm,,LD831_02097v2.403,,,,0,0
DENATRLA,2025-06-23 23:30:47.000,31.9,28.6,29.6,25.3,20.5,21.4,18.4,15.7,11.9,11.8,14.7,16.8,19.5,20.9,22.0,23.1,22.8,22.3,22.4,21.8,19.7,17.3,13.4,10.1,6.8,5.0,2.5,-0.1,0.0,-0.5,-2.6,-2.0,0.0,29.4,36.8,53.6,13.4,0.0,0.3,23.7,12.5,73.5,,,OBAnorm,,LD831_02097v2.403,,,,0,0
DENATRLA,2025-06-23 23:30:48.000,30.7,31.2,30.3,27.8,20.3,20.5,21.3,17.3,15.8,15.2,15.0,17.4,21.3,20.5,22.7,23.1,23.1,23.0,22.5,22.2,19.8,17.1,13.1,9.0,5.6,3.0,-0.4,-3.1,7.6,-2.2,-3.7,-2.8,-0.2,29.5,40.2,60.1,13.4,0.0,0.3,23.7,12.5,73.5,,,OBAnorm,,LD831_02097v2.403,,,,0,0
DENATRLA,2025-06-23 23:30:49.000,33.9,32.0,33.5,32.6,31.2,27.1,23.3,21.8,17.7,12.1,15.5,17.2,19.0,20.9,22.2,22.4,22.0,21.2,22.1,21.6,18.4,15.8,11.9,7.8,4.3,2.2,-0.7,-3.4,-3.3,-3.6,-4.2,-3.0,-0.1,28.7,38.4,58.2,13.4,0.0,0.3,23.7,12.5,73.5,,,OBAnorm,,LD831_02097v2.403,,,,0,0
DENATRLA,2025-06-23 23:30:50.000,34.5,38.9,37.3,32.8,29.2,24.9,23.3,19.2,14.5,13.2,15.7,17.4,18.8,21.6,22.3,22.6,22.3,21.4,21.4,20.3,17.7,15.3,11.2,8.2,5.6,2.9,0.3,-2.7,-3.0,-3.0,-3.9,-2.7,-0.1,28.3,41.5,57.4,13.4,0.0,0.3,23.7,12.5,73.5,,,OBAnorm,,LD831_02097v2.403,,,,0,0
DENATRLA,2025-06-23 23:30:51.000,38.9,34.5,35.5,34.8,31.8,28.7,27.1,26.1,20.4,15.9,16.0,17.6,19.2,21.5,22.1,22.5,21.5,21.7,21.1,19.7,17.9,14.5,11.4,8.8,6.5,4.3,0.0,-2.4,-0.2,-2.3,-3.2,-2.3,0.1,28.1,43.6,62.3,13.4,0.0,0.3,23.7,12.5,73.5,,,OBAnorm,,LD831_02097v2.403,,,,0,0
DENATRLA,2025-06-23 23:30:52.000,35.8,40.1,40.8,37.0,35.9,30.3,25.4,22.2,21.7,16.2,16.3,17.7,18.2,21.4,21.6,21.7,21.7,21.0,20.7,19.3,17.6,14.4,10.6,6.5,3.5,2.5,0.4,-2.5,4.7,-2.9,-3.7,-2.3,0.0,27.6,46.2,64.5,13.4,0.0,0.3,23.7,12.5,73.5,,,OBAnorm,,LD831_02097v2.403,,,,0,0
DENATRLA,2025-06-23 23:30:53.000,45.5,39.2,41.2,36.1,34.1,33.5,26.6,29.3,26.0,22.3,17.8,18.4,19.2,21.5,21.8,22.0,22.0,21.1,20.9,19.3,17.0,14.3,11.0,6.9,4.1,3.1,1.2,-0.8,-0.7,-1.6,-2.9,-2.1,0.2,27.7,41.3,57.9,13.4,0.0,0.3,23.6,12.4,73.5,,,OBAnorm,,LD831_02097v2.403,,,,0,0
DENATRLA,2025-06-23 23:30:54.000,51.2,46.5,38.4,36.1,32.0,23.1,25.7,23.2,21.9,17.9,18.8,17.9,19.7,19.8,22.1,21.3,21.9,22.4,21.2,20.2,18.2,15.3,11.5,7.6,4.1,2.6,0.1,-2.6,-3.3,-3.2,-4.0,-2.9,0.0,28.1,39.6,57.5,13.4,0.0,0.4,23.7,12.4,72.4,,,OBAnorm,,LD831_02097v2.403,,,,0,0
DENATRLA,2025-06-23 23:30:55.000,46.4,43.2,38.7,32.1,30.0,27.4,26.9,26.2,23.5,19.4,17.1,19.3,19.2,21.2,21.7,21.1,22.0,22.4,21.3,20.0,17.7,15.4,11.4,8.6,4.3,3.4,0.3,-1.8,-1.1,-1.4,-3.1,-1.6,0.4,28.2,40.5,59.3,13.4,0.2,1.1,23.7,12.4,72.4,,,OBAnorm,,LD831_02097v2.403,,,,0,0
DENATRLA,2025-06-23 23:30:56.000,36.0,35.9,34.7,34.2,30.3,23.6,25.6,23.6,26.6,25.1,22.4,21.0,20.9,21.1,21.2,22.3,22.1,22.5,20.6,19.8,17.9,14.8,11.0,9.5,4.5,3.1,1.2,-1.1,-0.8,-1.1,-2.7,-2.0,0.4,28.3,51.9,73.1,13.4,0.4,1.1,23.7,12.4,72.9,,,OBAnorm,,LD831_02097v2.403,,,,0,0
DENATRLA,2025-06-23 23:30:57.000,40.2,40.0,45.8,40.5,45.5,40.1,39.8,36.1,32.5,26.6,18.7,18.3,20.9,20.3,22.8,20.7,21.7,22.0,21.5,20.2,17.3,14.7,11.8,11.0,12.4,5.5,1.1,-0.8,0.0,-1.4,-2.5,-1.9,0.4,28.3,46.3,66.7,13.4,0.5,7.7,23.7,12.5,72.9,,,OBAnorm,,LD831_02097v2.403,,,,0,0
DENATRLA,2025-06-23 23:30:58.000,45.6,51.1,49.2,40.0,38.0,31.8,27.2,24.2,21.6,18.4,17.5,17.6,20.0,22.2,21.8,22.3,22.4,22.3,21.4,19.4,17.8,14.8,11.6,9.9,7.1,5.2,0.4,1.4,9.7,-2.0,-2.9,-2.5,0.0,28.4,43.7,62.3,13.4,0.7,6.0,23.7,12.5,72.9,,,OBAnorm,,LD831_02097v2.403,,,,0,0
DENATRLA,2025-06-23 23:30:59.000,53.3,47.1,39.4,36.6,34.7,32.2,33.3,29.2,24.7,21.1,17.4,19.1,20.2,20.4,22.0,23.2,22.2,22.2,22.3,19.7,17.7,14.2,10.9,7.9,6.6,4.8,0.0,-2.5,-1.3,-0.5,-2.8,-2.5,0.1,28.4,45.6,67.0,13.4,0.8,6.4,23.7,12.5,72.9,,,OBAnorm,,LD831_02097v2.403,,,,0,0
DENATRLA,2025-06-23 23:31:00.000,50.5,39.3,40.1,35.3,36.5,29.2,27.5,24.8,18.2,14.1,15.2,18.2,20.2,20.4,21.6,22.4,22.4,22.5,22.0,19.7,17.4,14.8,10.8,6.9,3.7,2.3,0.6,-1.7,-1.4,-1.1,-3.3,-2.8,0.0,28.2,37.8,56.5,13.4,0.8,8.4,23.7,12.5,72.4,,,OBAnorm,,LD831_02097v2.403,,,,0,0
DENATRLA,2025-06-23 23:31:01.000,47.7,42.0,38.1,29.5,27.8,21.5,19.9,19.6,12.9,12.0,15.0,16.0,19.3,20.6,21.5,22.4,22.6,21.3,21.3,19.4,17.4,14.7,10.4,7.0,3.8,3.1,2.7,0.4,1.1,-0.5,-2.3,-2.1,0.0,27.9,38.1,55.8,13.4,0.7,18.4,23.7,12.5,72.4,,,OBAnorm,,LD831_02097v2.403,,,,0,0
DENATRLA,2025-06-23 23:31:02.000,47.3,32.8,35.1,33.4,30.3,26.6,20.5,17.5,13.4,12.3,13.7,17.3,19.4,20.5,21.9,22.2,22.0,22.4,21.2,19.6,17.3,14.4,11.0,9.8,8.2,1.4,-0.5,-0.4,10.4,-2.1,-3.5,-2.7,0.0,28.1,35.5,51.1,13.4,0.7,33.5,23.7,12.5,72.9,,,OBAnorm,,LD831_02097v2.403,,,,0,0
DENATRLA,2025-06-23 23:31:03.000,42.0,36.6,35.8,27.1,21.3,22.2,18.7,17.0,13.0,10.3,15.4,17.1,20.0,20.1,21.9,22.6,21.5,21.9,21.5,19.2,16.9,14.1,12.0,12.7,5.9,4.7,0.7,-1.3,-1.0,0.0,-1.7,-2.2,0.1,27.9,35.4,52.1,13.4,0.7,32.2,23.7,12.5,72.4,,,OBAnorm,,LD831_02097v2.403,,,,0,0
DENATRLA,2025-06-23 23:31:04.000,36.2,31.3,32.8,30.2,25.5,19.9,17.7,17.4,14.8,12.0,15.4,17.4,18.5,20.9,21.9,20.9,21.9,22.0,20.6,18.2,16.1,13.7,9.6,6.8,3.8,3.2,0.8,-0.7,-0.4,0.8,0.7,-0.6,0.1,27.3,33.9,51.0,13.4,0.7,33.5,23.7,12.5,72.4,,,OBAnorm,,LD831_02097v2.403,,,,0,0
DENATRLA,2025-06-23 23:31:05.000,34.2,33.5,28.4,24.7,20.8,17.8,17.4,16.3,13.5,11.0,13.7,17.0,19.4,20.3,21.9,21.3,22.0,22.0,21.1,19.1,16.7,14.0,10.4,8.2,5.4,4.2,1.1,0.8,13.1,-0.4,-1.4,-2.0,0.1,27.8,35.8,56.5,13.4,0.6,35.8,23.7,12.5,72.4,,,OBAnorm,,LD831_02097v2.403,,,,0,0
DENATRLA,2025-06-23 23:31:06.000,35.8,32.9,27.4,25.4,21.6,20.3,19.0,15.9,12.0,10.4,14.6,17.1,18.4,20.8,21.6,21.6,21.6,22.0,20.4,19.0,17.2,14.3,10.6,8.3,3.7,2.8,-1.2,-1.9,1.1,-2.6,-3.6,-2.6,0.1,27.6,34.2,49.7,13.4,0.6,35.7,23.7,12.5,72.4,,,OBAnorm,,LD831_02097v2.403,,,,0,0
DENATRLA,2025-06-23 23:31:07.000,32.6,36.5,29.3,25.3,23.8,21.1,19.6,17.9,10.5,11.2,12.5,17.8,19.6,22.3,21.1,21.4,21.5,21.5,20.4,18.4,17.0,13.5,10.1,6.7,3.5,2.1,0.7,-0.7,-0.7,-0.9,-2.1,-2.1,0.0,27.3,38.0,59.4,13.4,0.6,35.8,23.7,12.5,72.9,,,OBAnorm,,LD831_02097v2.403,,,,0,0
DENATRLA,2025-06-23 23:31:08.000,37.4,32.4,28.6,28.0,24.3,25.7,24.4,19.9,16.8,10.8,13.1,17.4,18.8,21.1,21.2,21.0,21.2,21.7,20.0,17.8,15.9,13.4,10.6,12.4,8.0,5.5,4.7,3.5,7.9,4.8,1.6,-0.9,0.2,27.2,37.7,56.7,13.4,0.5,35.8,23.7,12.5,72.9,,,OBAnorm,,LD831_02097v2.403,,,,0,0
DENATRLA,2025-06-23 23:31:09.000,33.8,32.4,29.6,28.2,26.7,25.4,19.8,15.3,12.7,11.0,14.2,18.1,20.0,19.8,21.4,21.7,20.8,20.7,20.3,17.6,16.2,13.3,9.2,6.1,5.7,2.4,-1.0,-1.8,12.6,-1.4,-0.3,-1.9,0.0,26.9,35.0,54.5,13.4,0.5,35.8,23.6,12.5,72.4,,,OBAnorm,,LD831_02097v2.403,,,,0,0
DENATRLA,2025-06-23 23:31:10.000,35.5,39.8,27.9,24.2,22.7,19.1,16.3,14.5,9.7,11.8,13.9,16.6,18.8,18.9,21.0,21.0,21.0,20.3,19.7,18.1,15.5,12.5,9.2,6.2,2.8,0.4,-1.8,1.9,8.0,-2.1,-3.0,-1.9,-0.1,26.5,33.6,48.7,13.4,0.5,35.8,23.7,12.5,72.9,,,OBAnorm,,LD831_02097v2.403,,,,0,0
DENATRLA,2025-06-23 23:31:11.000,36.8,34.8,24.8,25.1,20.6,20.5,17.7,14.6,11.3,7.8,13.6,17.8,18.6,20.0,20.5,21.1,20.9,20.3,19.5,17.6,15.4,12.7,8.7,6.4,4.5,2.0,1.0,-0.2,0.9,0.1,-1.2,-0.9,0.1,26.5,33.0,48.4,13.4,0.4,35.8,23.7,12.5,73.5,,,OBAnorm,,LD831_02097v2.403,,,,0,0
DENATRLA,2025-06-23 23:31:12.000,33.5,33.8,29.2,24.6,22.2,19.3,17.0,15.9,13.1,11.6,14.0,17.4,19.4,21.1,20.5,22.0,21.5,21.0,20.2,17.9,16.5,13.2,10.2,7.4,4.7,4.2,2.7,0.7,1.1,0.4,-1.5,-1.4,0.2,27.2,32.8,45.5,13.4,0.3,34.5,23.7,12.5,71.2,,,OBAnorm,,LD831_02097v2.403,,,,0,0
DENATRLA,2025-06-23 23:31:13.000,28.4,32.5,26.2,25.8,19.0,18.2,15.8,14.0,10.7,11.5,13.8,17.0,19.3,21.3,21.1,21.7,21.3,20.9,20.3,18.4,16.6,13.8,9.8,6.3,3.8,2.1,0.4,4.3,13.7,0.7,-1.1,-1.4,0.1,27.2,32.9,49.9,13.4,0.3,34.5,23.6,12.5,69.5,,,OBAnorm,,LD831_02097v2.403,,,,0,0
DENATRLA,2025-06-23 23:31:14.000,32.8,29.7,25.7,23.1,20.6,19.5,15.6,15.6,13.9,11.9,13.8,17.7,20.5,20.0,21.6,21.0,21.5,21.5,21.0,18.8,16.6,13.5,9.7,6.0,2.5,1.8,-0.1,-1.5,-1.7,-1.2,-1.5,-0.9,0.3,27.4,33.9,51.4,13.4,0.3,34.5,23.7,12.5,69.5,,,OBAnorm,,LD831_02097v2.403,,,,0,0
DENATRLA,2025-06-23 23:31:15.000,32.3,30.9,25.7,23.8,19.6,17.4,17.9,15.3,11.4,11.4,14.7,18.2,19.3,21.2,21.5,21.0,22.2,21.5,21.4,18.6,16.9,13.6,10.0,6.2,1.8,0.4,-3.2,-3.8,-3.8,-3.8,-4.4,-3.1,-0.1,27.6,32.4,44.0,13.4,0.3,34.4,23.6,12.5,69.5,,,OBAnorm,,LD831_02097v2.403,,,,0,0
DENATRLA,2025-06-23 23:31:16.000,34.1,30.1,28.6,23.2,18.5,18.2,16.6,14.9,12.2,10.9,14.9,17.7,20.8,20.9,21.5,20.9,21.1,21.8,20.4,18.8,16.9,14.1,10.6,8.0,6.8,6.3,7.1,3.3,2.9,2.3,1.0,0.3,0.8,27.5,32.7,42.3,13.4,0.3,34.4,23.7,12.5,69.5,,,OBAnorm,,LD831_02097v2.403,,,,0,0
DENATRLA,2025-06-23 23:31:17.000,32.1,30.7,27.4,23.7,18.1,20.5,18.8,15.8,12.8,11.5,15.5,16.4,19.2,20.8,21.2,21.1,21.3,21.7,20.1,17.9,15.9,13.1,9.3,6.5,3.3,2.9,0.1,-1.1,10.8,0.7,0.8,1.6,0.8,27.1,32.3,48.1,13.4,0.3,34.4,23.7,12.5,69.5,,,OBAnorm,,LD831_02097v2.403,,,,0,0
DENATRLA,2025-06-23 23:31:18.000,25.7,27.2,26.2,19.4,15.2,17.2,19.2,15.3,10.9,12.4,15.6,17.9,18.9,21.4,19.5,20.9,20.6,20.4,19.9,17.8,15.8,12.7,9.2,6.1,2.8,0.6,-2.1,-3.5,-3.5,-3.1,-2.9,-2.2,0.0,26.5,32.5,52.8,13.4,0.3,34.5,23.7,12.5,69.5,,,OBAnorm,,LD831_02097v2.403,,,,0,0
DENATRLA,2025-06-23 23:31:19.000,29.4,30.3,23.9,21.2,20.8,19.3,16.4,17.7,11.7,11.6,14.9,17.1,20.2,20.2,20.4,21.0,20.1,20.2,19.7,17.5,15.6,12.5,9.4,10.8,8.7,1.2,-2.9,-3.8,-3.2,-3.4,-3.6,-2.2,0.1,26.5,32.4,48.6,13.4,0.3,34.4,23.7,12.5,69.5,,,OBAnorm,,LD831_02097v2.403,,,,0,0
DENATRLA,2025-06-23 23:31:20.000,28.4,28.8,26.1,22.6,18.5,18.2,17.2,14.7,11.7,11.1,14.5,16.8,19.1,20.3,22.0,20.4,20.5,20.6,19.1,17.7,15.4,12.8,10.0,9.6,5.2,3.1,-2.6,-3.6,-3.3,-3.5,-4.0,-2.7,0.0,26.5,33.2,49.6,13.4,0.3,34.5,23.6,12.4,69.5,,,OBAnorm,,LD831_02097v2.403,,,,0,0
DENATRLA,2025-06-23 23:31:21.000,32.5,29.0,26.6,20.7,18.3,17.7,16.8,15.7,11.1,10.2,14.1,17.0,18.2,18.3,21.1,19.8,20.7,20.6,19.3,17.6,15.6,12.5,15.0,11.2,9.1,2.5,-2.7,-3.6,-3.8,-4.0,-4.4,-3.3,-0.2,26.7,33.5,52.2,13.4,0.2,34.5,23.6,12.4,69.5,,,OBAnorm,,LD831_02097v2.403,,,,0,0
DENATRLA,2025-06-23 23:31:22.000,30.3,28.6,26.5,23.5,21.5,20.1,17.7,14.1,10.5,11.1,13.8,16.8,16.8,19.6,20.7,20.0,20.0,20.5,18.4,17.6,15.5,12.3,8.6,5.6,3.9,3.4,-1.0,-3.2,-2.2,-2.5,-3.4,-2.2,0.1,26.1,33.2,51.8,13.4,0.0,35.8,23.7,12.5,71.2,,,OBAnorm,,LD831_02097v2.403,,,,0,0
DENATRLA,2025-06-23 23:31:23.000,30.0,33.9,30.5,20.8,18.5,17.0,16.1,14.4,11.1,10.9,14.3,16.2,18.9,20.1,20.5,20.4,20.6,19.8,19.1,17.8,15.4,12.0,8.8,5.6,5.0,0.5,-1.7,1.9,13.4,-2.5,-3.0,-1.1,0.2,26.3,34.5,53.8,13.4,0.0,35.8,23.6,12.4,72.9,,,OBAnorm,,LD831_02097v2.403,,,,0,0
DENATRLA,2025-06-23 23:31:24.000,33.1,29.2,26.0,25.7,24.5,17.6,19.1,19.5,12.5,12.7,13.6,15.6,18.2,18.4,20.4,20.0,20.1,20.0,19.4,17.3,15.7,12.5,8.6,6.9,4.7,1.5,-2.3,-3.3,-3.1,-3.2,-3.5,-2.4,0.2,26.1,35.8,54.7,13.4,0.0,35.7,23.6,12.4,73.5,,,OBAnorm,,LD831_02097v2.403,,,,0,0
DENATRLA,2025-06-23 23:31:25.000,33.2,30.3,29.5,28.4,22.5,22.1,20.7,16.0,13.9,10.3,13.1,16.5,17.5,19.0,20.2,21.0,19.9,20.0,17.9,17.2,15.3,12.5,9.7,5.1,4.2,-0.1,-2.1,-3.7,-3.8,-3.8,-4.3,-3.1,-0.2,25.8,34.8,52.1,13.4,0.0,35.8,23.6,12.4,73.5,,,OBAnorm,,LD831_02097v2.403,,,,0,0
DENATRLA,2025-06-23 23:31:26.000,40.6,35.5,31.3,27.6,21.8,19.0,19.7,15.1,12.7,11.7,15.1,16.9,18.3,19.7,20.1,20.0,20.9,20.5,18.8,17.3,15.5,12.8,8.9,6.2,4.0,0.6,-1.7,0.7,14.0,-3.8,-4.3,-2.9,-0.1,26.4,37.5,55.4,13.4,0.3,34.9,23.6,12.4,73.5,,,OBAnorm,,LD831_02097v2.403,,,,0,0
DENATRLA,2025-06-23 23:31:27.000,33.5,32.7,34.5,33.0,26.1,21.1,20.2,21.0,17.2,13.0,15.7,17.9,19.1,19.0,21.0,19.2,19.3,19.8,18.7,18.3,15.9,12.7,10.3,8.2,5.5,1.2,-2.3,-3.7,-3.7,-3.8,-4.2,-2.8,-0.3,26.1,38.4,56.4,13.4,0.5,33.5,23.6,12.4,73.5,,,OBAnorm,,LD831_02097v2.403,,,,0,0
DENATRLA,2025-06-23 23:31:28.000,36.6,34.1,36.3,29.6,30.2,23.8,23.1,27.7,16.1,13.3,14.5,16.5,18.4,19.8,20.8,19.9,20.1,20.6,19.0,17.5,15.5,12.3,9.0,6.8,5.6,0.8,-2.6,-3.5,-3.6,-3.7,-4.2,-2.8,-0.1,26.2,41.7,58.9,13.4,0.6,29.4,23.6,12.4,72.9,,,OBAnorm,,LD831_02097v2.403,,,,0,0
DENATRLA,2025-06-23 23:31:29.000,36.3,39.7,35.3,36.2,27.5,28.2,26.8,30.8,25.2,19.4,17.4,17.4,18.0,19.9,20.1,20.5,20.3,20.3,19.4,17.6,15.6,12.8,8.9,5.8,2.0,-0.3,-3.1,-3.6,11.4,-3.9,-4.3,-2.9,-0.1,26.3,43.4,60.9,13.4,0.6,28.0,23.7,12.4,73.5,,,OBAnorm,,LD831_02097v2.403,,,,0,0
DENATRLA,2025-06-23 23:31:30.000,42.5,41.1,39.9,37.5,32.8,30.7,24.5,26.2,18.0,13.9,14.6,16.0,18.1,20.3,20.7,20.9,19.6,19.7,19.6,18.4,16.1,13.6,10.5,6.4,5.2,3.4,-2.6,3.6,11.3,-3.8,-4.3,-2.9,0.0,26.6,39.6,57.3,13.4,0.7,28.0,23.7,12.4,72.9,,,OBAnorm,,LD831_02097v2.403,,,,0,0
DENATRLA,2025-06-23 23:31:31.000,46.0,44.4,34.8,33.5,30.4,26.5,22.9,19.3,14.1,15.3,13.8,16.9,18.5,19.3,20.2,20.7,19.8,20.5,20.1,17.9,15.9,13.6,9.5,6.5,2.8,1.5,-2.2,-3.3,-3.6,-3.4,-4.0,-2.8,0.0,26.5,39.1,58.5,13.4,0.7,28.0,23.6,12.4,72.9,,,OBAnorm,,LD831_02097v2.403,,,,0,0
DENATRLA,2025-06-23 23:31:32.000,44.4,38.0,32.7,34.2,31.0,24.3,23.5,18.9,15.4,14.1,13.7,16.8,18.5,21.2,21.0,20.2,20.2,20.8,20.1,18.5,16.9,14.1,10.4,6.9,4.6,1.7,-2.4,-3.4,-3.6,-3.7,-4.3,-2.9,0.1,26.8,37.3,55.8,13.4,0.7,25.3,23.6,12.4,72.9,,,OBAnorm,,LD831_02097v2.403,,,,0,0
DENATRLA,2025-06-23 23:31:33.000,44.0,39.1,35.3,32.4,28.3,23.1,21.1,16.5,12.9,11.9,14.9,16.8,19.2,19.1,20.6,20.9,20.2,20.1,19.5,18.8,16.6,14.3,10.2,6.8,3.4,1.0,-1.8,-3.6,6.2,-3.5,-3.9,-3.0,-0.1,26.6,34.7,51.6,13.4,0.7,25.3,23.6,12.4,72.9,,,OBAnorm,,LD831_02097v2.403,,,,0,0
DENATRLA,2025-06-23 23:31:34.000,41.0,34.5,30.4,27.4,26.2,21.7,21.8,19.0,13.8,10.8,13.5,17.2,18.6,18.6,19.8,19.7,20.3,20.3,19.7,18.8,16.9,14.1,11.0,9.5,7.7,4.5,-1.2,-0.8,5.7,-3.1,-3.3,-1.9,0.0,26.9,34.1,53.2,13.4,0.7,25.3,23.6,12.4,72.4,,,OBAnorm,,LD831_02097v2.403,,,,0,0
DENATRLA,2025-06-23 23:31:35.000,38.4,32.9,30.0,26.3,23.1,20.5,18.3,15.7,13.7,11.1,13.3,16.4,18.2,19.3,21.0,21.1,20.0,20.4,20.2,19.0,16.6,15.1,10.1,6.5,4.6,2.1,-1.9,-3.5,-1.7,-2.7,-2.7,-0.9,0.2,26.9,34.2,50.9,13.4,0.6,25.3,23.6,12.4,72.9,,,OBAnorm,,LD831_02097v2.403,,,,0,0
DENATRLA,2025-06-23 23:31:36.000,37.8,31.2,23.4,27.4,23.4,20.5,21.9,15.6,11.1,11.4,14.2,16.1,19.0,19.4,20.1,21.7,20.5,20.9,19.4,19.0,17.0,14.1,10.6,6.7,2.9,0.3,-2.3,-3.5,-3.6,-3.7,-4.0,-2.7,0.0,26.8,33.6,49.5,13.4,0.6,24.3,23.6,12.4,72.9,,,OBAnorm,,LD831_02097v2.403,,,,0,0
DENATRLA,2025-06-23 23:31:37.000,35.1,30.9,28.5,26.7,21.0,18.5,16.6,11.5,11.0,10.4,14.2,17.5,17.9,18.9,20.2,20.6,20.3,21.0,19.3,18.8,16.7,14.2,11.0,11.3,5.0,4.3,-1.9,-3.7,-3.5,-3.3,-3.8,-2.7,-0.1,26.9,33.1,49.8,13.4,0.6,25.3,23.7,12.4,72.9,,,OBAnorm,,LD831_02097v2.403,,,,0,0
DENATRLA,2025-06-23 23:31:38.000,35.9,27.0,23.8,24.1,21.7,19.0,19.5,16.1,12.2,11.0,13.8,18.0,19.6,19.5,20.8,20.3,20.5,20.7,19.4,18.9,16.4,13.6,9.4,5.4,2.7,1.4,-2.5,2.7,13.9,-3.4,-3.7,-1.4,0.0,26.8,33.8,51.8,13.4,0.5,25.3,23.6,12.4,72.9,,,OBAnorm,,LD831_02097v2.403,,,,0,0
DENATRLA,2025-06-23 23:31:39.000,29.9,27.8,27.1,25.2,22.2,21.7,16.5,15.6,10.1,9.2,13.0,15.4,17.9,19.8,19.8,19.6,20.1,20.7,19.5,18.6,16.0,13.5,9.4,6.3,3.4,6.9,-2.7,-3.8,-3.6,-3.8,-4.2,-3.1,-0.1,26.5,34.3,51.5,13.4,0.4,25.2,23.6,12.4,72.9,,,OBAnorm,,LD831_02097v2.403,,,,0,0
DENATRLA,2025-06-23 23:31:40.000,34.6,29.4,31.8,27.8,22.2,17.3,16.0,14.5,12.9,10.6,13.8,16.2,19.4,20.8,21.0,21.2,19.9,19.5,19.8,18.6,16.7,13.0,9.3,11.5,4.2,2.9,-2.2,-3.7,-3.8,-3.9,-4.5,-3.3,-0.2,26.6,32.9,47.7,13.4,0.4,25.2,23.6,12.4,73.5,,,OBAnorm,,LD831_02097v2.403,,,,0,0
DENATRLA,2025-06-23 23:31:41.000,36.5,30.7,29.5,21.1,19.1,17.2,15.9,15.2,11.3,10.1,12.9,16.7,19.7,20.2,20.8,20.0,20.4,20.1,19.2,18.1,15.9,12.7,8.6,5.6,2.4,1.4,-2.3,-3.6,-3.7,-3.9,-4.4,-3.2,-0.1,26.3,31.8,47.4,13.4,0.4,25.2,23.6,12.4,73.5,,,OBAnorm,,LD831_02097v2.403,,,,0,0
DENATRLA,2025-06-23 23:31:42.000,34.3,29.5,27.9,24.4,18.0,16.5,15.5,14.6,10.8,10.0,12.9,16.4,19.5,18.7,20.6,20.2,19.7,20.0,19.0,17.4,14.8,12.2,9.1,9.2,6.6,1.7,-1.3,2.4,14.5,-3.9,-4.4,-3.1,-0.1,26.2,32.4,49.3,13.4,0.3,24.3,23.6,12.4,72.4,,,OBAnorm,,LD831_02097v2.403,,,,0,0
DENATRLA,2025-06-23 23:31:43.000,30.2,28.2,27.1,26.0,16.2,17.2,14.4,12.0,9.6,8.2,13.6,16.3,18.7,19.5,20.8,19.9,20.3,19.2,18.5,17.3,14.7,12.5,8.5,7.3,6.1,2.7,0.4,-3.1,-3.7,-3.9,-4.3,-3.1,-0.1,25.8,31.8,52.4,13.4,0.3,25.3,23.6,12.4,71.8,,,OBAnorm,,LD831_02097v2.403,,,,0,0
DENATRLA,2025-06-23 23:31:44.000,23.8,26.3,26.2,23.1,19.4,18.4,15.2,14.9,11.1,10.6,13.5,16.1,18.1,18.5,19.9,19.5,19.7,19.2,18.4,16.9,14.3,11.8,8.7,6.0,4.7,3.2,-0.2,-3.3,-3.5,-3.7,-4.1,-2.5,-0.1,25.3,31.3,47.9,13.4,0.3,25.2,23.6,12.4,73.5,,,OBAnorm,,LD831_02097v2.403,,,,0,0
DENATRLA,2025-06-23 23:31:45.000,29.8,25.9,27.3,23.1,19.0,16.3,17.2,16.1,11.0,9.0,13.0,14.9,18.2,18.0,19.8,19.6,19.0,19.8,18.0,16.3,14.0,11.9,8.3,6.0,3.0,2.2,0.1,-1.1,15.0,-1.9,-2.6,-1.6,0.3,25.6,32.3,50.8,13.4,0.3,25.3,23.6,12.4,73.5,,,OBAnorm,,LD831_02097v2.403,,,,0,0
DENATRLA,2025-06-23 23:31:46.000,31.5,24.4,26.7,20.3,18.6,16.0,16.4,13.9,8.5,10.7,13.4,15.4,17.9,18.2,18.8,19.5,19.1,18.4,17.5,16.0,13.7,11.6,8.9,9.6,5.8,3.2,-1.1,-3.6,-3.6,-3.8,-4.2,-1.8,-0.1,24.8,33.0,51.8,13.4,0.3,25.3,23.6,12.4,73.5,,,OBAnorm,,LD831_02097v2.403,,,,0,0
DENATRLA,2025-06-23 23:31:47.000,30.4,28.2,26.8,27.3,20.6,17.8,17.4,16.3,13.5,10.5,11.3,16.2,17.0,18.0,18.8,17.8,18.0,18.2,16.7,15.6,13.0,10.6,8.0,5.6,5.7,2.7,0.4,-2.7,-1.5,-3.0,-3.8,-2.7,-0.2,24.2,34.6,53.1,13.4,0.3,25.2,23.6,12.4,73.5,,,OBAnorm,,LD831_02097v2.403,,,,0,0
DENATRLA,2025-06-23 23:31:48.000,35.2,33.3,30.8,22.0,22.5,21.7,16.5,12.7,10.9,9.7,13.3,15.8,16.3,18.9,19.5,19.7,18.3,18.7,17.5,15.6,14.1,11.1,8.2,7.4,5.0,1.6,0.3,-2.7,-2.6,-3.2,-3.5,-2.4,0.0,24.8,34.3,53.2,13.4,0.3,25.2,23.7,12.4,73.5,,,OBAnorm,,LD831_02097v2.403,,,,0,0
DENATRLA,2025-06-23 23:31:49.000,38.4,30.4,28.2,26.7,21.7,18.8,16.9,14.5,11.1,10.6,13.4,14.6,18.1,19.0,18.3,19.4,19.6,19.0,17.3,15.5,14.2,11.3,8.9,6.6,5.0,1.8,-0.8,-3.2,1.3,-3.7,-4.0,-2.9,-0.1,24.9,34.2,56.1,13.4,0.2,25.3,23.6,12.4,72.9,,,OBAnorm,,LD831_02097v2.403,,,,0,0
DENATRLA,2025-06-23 23:31:50.000,36.8,31.8,27.8,24.5,22.6,21.1,18.4,15.4,12.4,9.6,11.8,16.3,16.7,18.7,19.8,19.6,18.9,19.3,17.9,16.7,14.2,11.6,7.7,5.1,3.6,2.4,1.3,0.1,13.3,-1.2,0.9,-0.7,0.3,25.4,35.3,52.4,13.4,0.1,25.3,23.7,12.4,72.4,,,OBAnorm,,LD831_02097v2.403,,,,0,0
DENATRLA,2025-06-23 23:31:51.000,29.2,32.2,28.3,26.9,24.8,22.8,19.7,14.3,12.2,10.5,13.7,16.7,18.1,19.1,19.6,19.6,18.8,18.1,18.0,16.5,13.7,13.0,9.9,7.8,6.0,2.5,0.1,-3.2,-2.5,-3.1,-3.9,-2.3,-0.1,25.1,36.9,57.2,13.4,0.1,25.2,23.6,12.4,73.5,,,OBAnorm,,LD831_02097v2.403,,,,0,0
DENATRLA,2025-06-23 23:31:52.000,38.2,29.4,34.7,29.4,23.6,23.5,19.3,20.5,12.0,12.3,13.9,15.0,17.9,19.7,19.5,20.2,18.6,18.8,18.0,16.3,14.0,12.2,9.2,7.2,4.2,4.1,0.4,-3.1,-2.7,-3.2,-3.4,-2.0,-0.1,25.2,35.7,57.1,13.4,0.1,25.3,23.6,12.4,74.1,,,OBAnorm,,LD831_02097v2.403,,,,0,0
DENATRLA,2025-06-23 23:31:53.000,35.2,35.0,30.9,26.0,24.0,24.6,17.4,13.8,10.5,7.9,13.2,16.8,16.5,18.6,19.4,19.6,19.1,18.7,18.3,16.1,14.5,12.2,9.0,7.6,3.5,2.2,-0.1,-3.2,-3.6,-3.9,-4.2,-3.0,-0.2,25.1,33.8,50.1,13.4,0.1,25.3,23.6,12.4,74.1,,,OBAnorm,,LD831_02097v2.403,,,,0,0
DENATRLA,2025-06-23 23:31:54.000,39.9,37.3,32.8,23.0,21.3,19.6,13.8,14.2,10.0,10.8,14.6,14.7,18.7,18.4,20.2,20.1,19.6,19.0,18.7,17.1,14.5,11.9,8.8,5.5,5.0,1.8,-0.5,-3.0,-0.8,-1.4,-1.8,-1.5,0.0,25.5,32.1,48.8,13.4,0.1,25.3,23.6,12.4,74.1,,,OBAnorm,,LD831_02097v2.403,,,,0,0
DENATRLA,2025-06-23 23:31:55.000,37.3,34.1,28.0,22.3,20.1,18.4,15.4,13.3,10.3,9.3,11.6,15.2,17.7,18.9,19.9,19.9,19.6,19.6,18.9,16.6,14.5,12.2,8.8,5.7,5.0,3.2,0.0,0.5,10.5,-1.0,-2.0,-2.1,0.0,25.7,32.8,52.5,13.4,0.1,25.3,23.6,12.4,74.1,,,OBAnorm,,LD831_02097v2.403,,,,0,0
DENATRLA,2025-06-23 23:31:56.000,35.5,31.3,28.3,25.9,17.8,16.6,17.2,12.8,9.8,8.6,12.8,17.2,18.0,18.9,20.0,20.5,19.9,18.5,17.8,16.4,14.6,12.2,8.6,8.0,5.5,4.0,1.9,-1.8,-0.6,-2.5,-2.8,-1.8,0.0,25.3,33.4,52.2,13.4,0.1,25.3,23.6,12.4,74.1,,,OBAnorm,,LD831_02097v2.403,,,,0,0
DENATRLA,2025-06-23 23:31:57.000,33.8,28.0,24.7,25.3,18.8,18.2,15.1,16.6,11.9,8.8,14.6,17.6,16.9,18.8,19.9,20.1,19.2,18.6,18.3,16.2,14.2,11.9,8.7,5.5,3.3,2.7,0.2,-2.6,-2.4,-3.1,-3.5,-1.8,0.0,25.1,31.9,51.1,13.4,0.1,25.3,23.6,12.4,74.1,,,OBAnorm,,LD831_02097v2.403,,,,0,0
DENATRLA,2025-06-23 23:31:58.000,36.9,30.8,26.5,19.5,18.1,17.6,15.2,12.4,12.2,11.0,13.5,17.3,18.1,19.6,19.3,19.3,18.0,18.4,17.9,16.1,14.3,11.6,8.7,5.8,4.2,2.1,-0.5,-3.5,-3.6,-3.6,-4.2,-2.6,-0.2,24.9,31.4,48.5,13.4,0.1,25.2,23.6,12.4,74.1,,,OBAnorm,,LD831_02097v2.403,,,,0,0
DENATRLA,2025-06-23 23:31:59.000,36.8,30.9,27.1,21.1,21.1,17.9,16.2,14.1,9.3,9.7,12.4,14.7,17.7,18.3,20.3,19.2,19.2,18.9,17.9,16.4,14.1,11.6,8.6,5.9,4.9,2.2,-0.3,-3.2,-3.6,-3.8,-4.4,-2.9,-0.1,25.0,30.4,42.7,13.4,0.1,25.3,23.6,12.4,74.1,,,OBAnorm,,LD831_02097v2.403,,,,0,0
DENATRLA,2025-06-23 23:32:00.000,30.7,28.9,22.7,21.2,15.2,16.1,17.9,15.0,12.9,8.9,12.0,14.6,17.9,18.9,19.2,19.6,19.1,18.5,17.9,16.1,14.2,11.7,7.8,5.6,4.7,2.6,0.1,-3.1,-3.7,-3.8,-4.5,-3.1,-0.3,24.9,30.2,41.2,13.4,0.0,25.2,23.6,12.4,74.1,,,OBAnorm,,LD831_02097v2.403,,,,0,0
DENATRLA,2025-06-23 23:32:01.000,29.4,22.7,26.1,20.6,17.1,14.0,14.0,13.4,7.2,9.7,12.7,15.3,17.8,19.0,19.2,19.9,18.6,19.1,18.8,16.6,14.5,12.4,9.7,7.8,7.0,3.6,0.2,-3.0,-3.6,-3.6,-4.2,-2.9,-0.2,25.5,30.8,41.1,13.4,0.0,25.3,23.6,12.4,73.5,,,OBAnorm,,LD831_02097v2.403,,,,0,0
DENATRLA,2025-06-23 23:32:02.000,28.8,26.8,25.6,20.9,19.9,17.2,16.4,12.0,10.0,8.9,12.8,15.5,17.6,18.0,19.2,20.3,19.8,19.1,18.2,16.7,14.5,11.9,9.0,7.5,6.3,3.2,0.2,-3.0,-3.6,-3.7,-4.1,-2.9,-0.1,25.3,30.5,43.0,13.4,0.0,25.3,23.6,12.4,73.5,,,OBAnorm,,LD831_02097v2.403,,,,0,0
DENATRLA,2025-06-23 23:32:03.000,24.0,26.4,23.0,25.0,16.3,16.1,14.5,14.7,10.5,9.0,13.8,15.9,18.3,19.7,19.2,19.6,19.2,18.3,17.9,16.3,14.2,12.0,10.3,8.1,5.2,2.0,-1.0,-3.5,-3.0,-3.6,-4.2,-3.0,-0.3,25.2,30.7,41.3,13.4,0.0,25.3,23.6,12.4,73.5,,,OBAnorm,,LD831_02097v2.403,,,,0,0
DENATRLA,2025-06-23 23:32:04.000,27.6,27.2,23.5,19.9,19.6,16.5,15.1,13.3,10.7,9.8,13.6,15.6,18.3,19.0,19.9,20.5,19.9,19.3,18.6,16.9,14.6,11.7,8.7,5.9,4.6,1.4,-1.9,-3.6,-3.6,-3.8,-4.2,-3.3,-0.1,25.6,31.1,43.1,13.4,0.0,25.3,23.6,12.4,73.5,,,OBAnorm,,LD831_02097v2.403,,,,0,0
DENATRLA,2025-06-23 23:32:05.000,22.3,24.5,20.9,21.4,20.4,16.0,15.7,14.7,10.5,10.4,13.2,15.0,17.2,19.0,19.8,19.5,19.6,19.2,18.9,17.7,14.8,11.8,9.0,5.7,4.3,1.2,-2.5,-3.8,-3.8,-3.9,-4.5,-3.1,-0.1,25.6,30.9,39.9,13.4,0.0,25.2,23.6,12.4,73.5,,,OBAnorm,,LD831_02097v2.403,,,,0,0
DENATRLA,2025-06-23 23:32:06.000,26.8,31.4,25.3,20.0,16.8,15.4,16.1,13.5,10.7,11.8,13.3,15.6,17.8,18.9,20.2,18.5,19.0,19.2,18.1,17.2,15.5,12.2,9.1,9.3,6.3,2.4,-2.8,-3.8,-3.8,-3.9,-4.4,-3.2,-0.2,25.5,30.5,40.9,13.4,0.0,25.3,23.6,12.4,73.5,,,OBAnorm,,LD831_02097v2.403,,,,0,0
DENATRLA,2025-06-23 23:32:07.000,27.1,30.3,25.6,21.2,17.6,18.2,17.2,14.7,9.0,9.8,13.8,16.3,17.5,18.0,19.8,19.2,19.0,19.5,17.6,16.6,14.7,12.0,8.3,5.4,3.9,-0.2,-3.1,-3.8,-3.7,-3.9,-4.4,-3.2,-0.2,25.2,30.4,40.9,13.4,0.0,25.3,23.6,12.4,73.5,,,OBAnorm,,LD831_02097v2.403,,,,0,0
DENATRLA,2025-06-23 23:32:08.000,26.8,25.0,21.3,22.2,18.9,17.2,16.0,13.7,9.0,9.9,12.0,15.9,17.0,17.8,20.1,20.9,18.8,18.6,18.3,16.7,15.0,11.8,8.8,5.6,5.7,0.8,-2.5,-3.8,-3.7,-3.9,-4.4,-3.1,-0.1,25.3,30.4,38.0,13.4,0.0,25.3,23.6,12.4,73.5,,,OBAnorm,,LD831_02097v2.403,,,,0,0
DENATRLA,2025-06-23 23:32:09.000,28.0,26.2,26.1,19.9,19.9,19.1,15.9,15.4,9.6,10.8,13.4,14.2,17.1,18.8,19.7,20.0,19.7,19.3,17.7,16.7,14.3,12.2,9.1,6.5,5.5,1.5,-1.7,-3.6,-3.8,-3.9,-4.4,-3.2,-0.3,25.4,30.5,39.5,13.4,0.0,25.2,23.6,12.4,73.5,,,OBAnorm,,LD831_02097v2.403,,,,0,0
DENATRLA,2025-06-23 23:32:10.000,27.2,23.4,24.3,22.8,18.3,17.2,15.7,15.0,10.9,10.1,12.9,15.5,17.0,19.7,19.2,20.4,19.4,19.0,17.8,16.9,14.6,12.1,9.0,6.9,7.3,2.3,-0.5,-3.3,-3.1,-3.5,-4.2,-3.2,-0.2,25.3,30.5,38.4,13.4,0.0,25.3,23.6,12.3,73.5,,,OBAnorm,,LD831_02097v2.403,,,,0,0
DENATRLA,2025-06-23 23:32:11.000,26.4,25.1,24.5,18.0,16.7,14.3,16.4,13.5,10.6,12.3,12.7,15.3,17.5,19.0,19.4,19.1,19.6,19.5,18.1,16.7,14.6,12.1,8.5,6.0,8.5,2.1,-0.7,-3.5,-3.7,-3.9,-4.4,-3.3,-0.1,25.5,30.7,38.6,13.4,0.0,25.2,23.6,12.3,74.1,,,OBAnorm,,LD831_02097v2.403,,,,0,0
DENATRLA,2025-06-23 23:32:12.000,27.1,27.6,27.1,19.7,20.1,13.8,17.6,13.1,9.5,10.8,13.2,15.0,17.1,17.5,19.7,19.1,19.1,19.1,18.0,16.0,14.4,12.5,11.0,10.9,5.9,1.1,-2.6,-3.7,-3.6,-3.7,-4.3,-3.2,-0.2,25.2,30.1,39.1,13.4,0.0,25.3,23.6,12.3,74.1,,,OBAnorm,,LD831_02097v2.403,,,,0,0
DENATRLA,2025-06-23 23:32:13.000,27.9,23.9,25.4,24.0,18.8,17.2,14.0,10.9,9.2,8.9,13.3,15.8,18.3,18.7,18.5,19.3,18.7,19.0,17.9,16.7,14.6,13.8,13.5,21.0,8.7,1.8,-2.1,-3.8,-3.6,-3.6,-4.1,-2.8,-0.1,27.3,30.9,41.3,13.4,0.0,25.3,23.6,12.3,73.5,,,OBAnorm,,LD831_02097v2.403,,,,0,0
DENATRLA,2025-06-23 23:32:14.000,29.3,24.2,23.6,22.4,18.0,18.0,14.7,11.4,8.0,10.0,13.3,15.2,17.3,18.2,19.6,19.4,18.2,18.6,17.4,16.4,14.3,11.8,8.3,5.6,5.2,0.9,-3.0,-3.9,-3.8,-3.9,-4.5,-3.2,-0.1,24.9,30.3,43.1,13.4,0.0,25.3,23.6,12.3,73.5,,,OBAnorm,,LD831_02097v2.403,,,,0,0
DENATRLA,2025-06-23 23:32:15.000,28.4,25.5,25.3,22.1,18.3,14.9,14.5,11.8,8.0,10.9,14.2,15.1,17.2,18.3,20.2,19.3,18.8,18.8,18.5,16.6,14.7,14.2,12.3,16.5,6.6,3.1,0.2,-2.6,-3.3,-3.7,-4.3,-3.1,-0.1,26.1,30.7,41.9,13.4,0.0,25.3,23.6,12.3,73.5,,,OBAnorm,,LD831_02097v2.403,,,,0,0
DENATRLA,2025-06-23 23:32:16.000,26.9,27.0,24.0,21.9,18.7,15.4,16.4,13.1,10.7,10.9,13.8,16.0,18.6,19.6,19.1,19.0,19.0,19.1,17.9,16.6,14.3,13.7,15.1,20.6,9.9,4.8,1.9,-1.6,-2.0,-3.4,-3.9,-2.6,-0.2,27.2,31.0,39.8,13.4,0.0,25.3,23.6,12.3,73.5,,,OBAnorm,,LD831_02097v2.403,,,,0,0
DENATRLA,2025-06-23 23:32:17.000,28.7,26.7,21.8,21.7,16.9,15.6,16.2,12.6,8.9,10.6,13.8,16.0,18.5,19.3,18.8,19.1,18.7,19.4,18.6,16.6,14.6,11.8,8.4,6.2,5.3,3.6,0.2,-2.2,-2.5,-2.9,-3.2,-2.1,0.0,25.3,30.1,36.1,13.4,0.0,25.3,23.6,12.3,73.5,,,OBAnorm,,LD831_02097v2.403,,,,0,0
DENATRLA,2025-06-23 23:32:18.000,28.1,25.6,23.2,20.2,17.1,16.5,14.5,9.7,9.6,11.1,13.3,16.5,17.7,19.5,19.3,19.4,19.5,18.9,17.7,17.2,14.9,13.6,13.8,19.1,8.7,4.9,2.4,-0.9,-0.7,-2.0,-2.3,-1.5,0.1,26.8,30.8,37.1,13.4,0.0,25.2,23.6,12.3,73.5,,,OBAnorm,,LD831_02097v2.403,,,,0,0
DENATRLA,2025-06-23 23:32:19.000,27.0,26.4,25.2,20.8,16.0,19.2,13.7,11.4,7.3,10.5,12.5,16.6,17.3,20.2,20.7,19.9,18.6,18.6,17.6,16.9,15.1,13.8,14.6,20.3,9.0,5.2,1.2,-2.3,-2.8,-3.2,-3.8,-2.4,0.0,27.2,31.2,38.5,13.4,0.0,25.2,23.6,12.3,73.5,,,OBAnorm,,LD831_02097v2.403,,,,0,0
DENATRLA,2025-06-23 23:32:20.000,27.6,25.4,25.4,21.5,16.9,18.4,17.5,13.5,9.5,11.4,12.5,16.0,18.7,18.9,20.4,18.5,19.2,19.2,18.3,17.2,15.2,13.8,14.2,18.9,9.6,4.5,1.0,-2.9,-3.5,-3.7,-4.4,-3.2,0.0,27.0,31.1,41.2,13.4,0.0,25.2,23.6,12.3,73.5,,,OBAnorm,,LD831_02097v2.403,,,,0,0
DENATRLA,2025-06-23 23:32:21.000,27.7,26.2,23.4,22.0,18.1,15.8,14.3,10.6,9.4,10.6,13.5,15.5,17.6,19.2,19.9,19.6,19.1,19.0,18.2,16.8,15.1,13.0,9.6,12.6,6.8,8.3,0.9,-2.6,-3.4,-3.9,-4.4,-3.0,-0.2,25.7,30.3,38.4,13.4,0.0,25.2,23.6,12.3,73.5,,,OBAnorm,,LD831_02097v2.403,,,,0,0
DENATRLA,2025-06-23 23:32:22.000,26.8,29.3,26.6,20.1,17.6,15.0,11.9,13.9,8.7,10.5,11.7,16.4,18.5,19.0,19.0,19.5,19.1,19.1,18.8,17.0,15.0,13.7,15.0,21.5,11.6,5.2,0.9,-2.0,-1.7,-2.0,-3.4,-2.4,0.1,27.6,31.5,38.7,13.4,0.0,25.2,23.6,12.3,73.5,,,OBAnorm,,LD831_02097v2.403,,,,0,0
DENATRLA,2025-06-23 23:32:23.000,27.7,24.7,23.9,18.7,13.9,15.5,15.5,13.3,10.2,10.2,13.7,17.2,18.7,19.3,19.8,19.2,18.9,19.6,18.6,17.5,16.5,14.6,14.6,20.3,9.1,4.7,1.5,-1.3,2.8,0.2,-1.8,0.0,0.4,27.6,31.3,36.3,13.4,0.0,25.2,23.6,12.3,73.5,,,OBAnorm,,LD831_02097v2.403,,,,0,0
DENATRLA,2025-06-23 23:32:24.000,30.2,28.8,24.7,19.7,18.4,14.4,16.6,14.5,10.7,10.4,12.2,16.6,19.0,19.0,19.9,19.7,19.6,19.4,18.9,17.1,16.0,12.8,9.5,7.5,4.8,3.8,1.7,-2.5,-3.5,-3.9,-4.5,-3.2,-0.2,25.9,30.7,36.7,13.4,0.0,25.2,23.6,12.3,73.5,,,OBAnorm,,LD831_02097v2.403,,,,0,0
DENATRLA,2025-06-23 23:32:25.000,29.1,31.0,29.1,19.5,16.9,15.2,13.2,11.5,9.8,10.1,13.8,15.3,18.5,18.5,19.6,19.5,19.7,20.0,19.0,17.5,15.2,14.2,15.5,20.7,12.0,6.4,1.8,-2.4,0.5,-1.8,-3.7,-2.7,-0.1,27.8,31.1,36.6,13.4,0.0,25.3,23.6,12.3,74.1,,,OBAnorm,,LD831_02097v2.403,,,,0,0
DENATRLA,2025-06-23 23:32:26.000,21.5,24.9,25.7,21.6,16.0,15.1,13.0,13.6,9.8,9.1,12.9,16.9,17.7,19.2,19.8,18.9,20.0,19.7,18.1,17.4,14.9,14.3,15.4,21.2,12.7,6.0,1.7,-2.3,-1.3,-2.3,-3.6,-2.6,0.0,28.0,31.0,36.3,13.4,0.0,25.3,23.6,12.3,74.1,,,OBAnorm,,LD831_02097v2.403,,,,0,0
DENATRLA,2025-06-23 23:32:27.000,27.7,26.4,21.6,22.0,17.3,13.6,15.6,14.5,8.6,9.6,12.8,16.6,19.1,19.0,18.9,19.9,18.9,20.2,18.8,16.9,15.1,13.2,16.0,21.4,9.7,5.4,1.7,-2.4,-2.0,-3.4,-3.8,-2.6,0.1,27.7,31.1,37.6,13.4,0.0,25.3,23.6,12.3,74.1,,,OBAnorm,,LD831_02097v2.403,,,,0,0
DENATRLA,2025-06-23 23:32:28.000,23.9,27.0,21.2,20.5,18.4,18.4,16.2,11.7,9.2,8.4,12.3,15.8,18.1,19.9,20.2,19.7,19.9,19.7,18.9,16.9,15.5,12.4,9.9,8.0,3.2,1.8,-0.6,-3.4,-2.6,-3.5,-4.1,-3.1,0.0,25.8,30.4,36.9,13.4,0.0,25.3,23.6,12.3,74.1,,,OBAnorm,,LD831_02097v2.403,,,,0,0
DENATRLA,2025-06-23 23:32:29.000,26.4,28.0,22.4,15.4,17.6,16.0,15.7,11.9,8.5,11.9,12.7,17.3,18.2,19.7,20.7,19.5,20.1,20.2,19.3,17.7,15.3,14.2,15.4,20.8,10.8,6.1,1.8,-3.0,-3.3,-3.6,-4.3,-3.1,-0.2,28.0,31.6,37.8,13.4,0.0,25.3,23.5,12.3,74.1,,,OBAnorm,,LD831_02097v2.403,,,,0,0
DENATRLA,2025-06-23 23:32:30.000,27.8,25.1,20.6,22.7,18.0,17.5,14.4,13.6,10.5,10.9,14.0,16.5,18.5,20.4,19.6,19.1,19.5,19.8,19.0,17.6,15.9,14.4,16.0,21.9,12.0,5.8,1.0,-2.7,-2.6,-3.3,-3.9,-3.0,-0.1,28.0,31.8,37.7,13.4,0.0,25.2,23.6,12.3,74.1,,,OBAnorm,,LD831_02097v2.403,,,,0,0
DENATRLA,2025-06-23 23:32:31.000,28.1,26.6,24.5,20.4,18.4,16.6,17.3,14.2,11.2,8.7,13.1,16.3,17.7,19.2,20.4,20.5,19.6,20.2,18.9,17.7,15.3,13.4,9.9,7.1,7.1,4.1,2.0,-2.1,-3.1,-3.9,-4.3,-3.2,-0.1,26.2,32.0,41.4,13.4,0.0,25.2,23.6,12.3,73.5,,,OBAnorm,,LD831_02097v2.403,,,,0,0
DENATRLA,2025-06-23 23:32:32.000,29.1,26.8,25.3,20.7,16.8,16.2,18.5,14.1,9.4,11.0,12.3,15.9,17.3,19.4,20.1,20.0,20.4,19.8,19.0,17.8,15.9,14.2,13.9,16.6,11.8,6.0,2.1,-2.0,-2.9,-3.6,-4.0,-2.8,-0.1,27.0,33.1,43.2,13.4,0.0,25.3,23.6,12.3,73.5,,,OBAnorm,,LD831_02097v2.403,,,,0,0
DENATRLA,2025-06-23 23:32:33.000,30.8,30.5,29.7,23.1,19.9,16.0,16.5,13.8,8.9,9.5,12.8,14.4,17.1,19.9,20.4,19.9,19.6,20.2,18.0,17.6,15.6,14.1,13.9,20.2,9.8,6.2,2.5,-2.0,-3.1,-3.7,-4.3,-3.1,-0.2,27.5,32.7,42.0,13.4,0.0,25.3,23.6,12.3,73.5,,,OBAnorm,,LD831_02097v2.403,,,,0,0
DENATRLA,2025-06-23 23:32:34.000,33.0,30.2,28.1,22.4,19.0,17.1,13.8,14.6,8.9,10.4,13.1,16.5,17.7,20.0,20.4,20.0,19.3,20.1,18.3,18.0,16.4,15.5,15.7,22.1,12.0,7.1,3.9,-0.5,-2.8,-3.7,-4.3,-3.1,-0.3,28.5,33.1,41.7,13.4,0.0,25.3,23.5,12.3,73.5,,,OBAnorm,,LD831_02097v2.403,,,,0,0
DENATRLA,2025-06-23 23:32:35.000,38.1,31.1,28.8,22.4,19.7,17.1,16.6,16.1,11.0,10.5,12.4,16.9,19.5,20.3,19.9,19.2,18.7,20.4,19.5,18.3,16.6,14.6,12.4,8.6,6.9,5.6,3.7,-0.4,-2.5,-3.9,-4.4,-3.2,-0.1,26.6,31.8,40.1,13.4,0.0,25.2,23.6,12.3,73.5,,,OBAnorm,,LD831_02097v2.403,,,,0,0
DENATRLA,2025-06-23 23:32:36.000,37.5,29.4,27.4,22.3,19.1,15.4,15.3,14.3,9.1,7.9,12.1,17.1,17.2,19.7,20.2,19.6,19.6,20.3,19.5,17.6,15.9,14.7,14.3,19.1,11.4,7.2,3.0,-1.4,-3.2,-3.8,-4.3,-2.9,-0.1,27.6,32.2,43.0,13.4,0.0,25.2,23.6,12.3,73.5,,,OBAnorm,,LD831_02097v2.403,,,,0,0
DENATRLA,2025-06-23 23:32:37.000,32.2,29.6,26.0,24.4,18.6,15.8,16.1,14.4,11.4,8.2,11.4,15.2,18.9,20.3,20.2,19.3,19.6,19.6,19.0,17.3,15.7,14.0,15.8,21.6,12.1,6.6,3.2,-1.5,-2.9,-3.6,-4.3,-2.9,-0.2,28.2,32.1,41.8,13.4,0.0,25.2,23.5,12.3,73.5,,,OBAnorm,,LD831_02097v2.403,,,,0,0
DENATRLA,2025-06-23 23:32:38.000,31.5,28.5,27.4,22.6,16.5,13.4,15.3,13.0,10.3,11.2,12.3,16.9,16.7,19.6,20.1,19.5,18.8,19.5,18.5,16.5,15.9,13.7,15.2,21.0,11.4,7.0,3.5,-0.9,-2.3,-3.0,-3.6,-2.7,-0.1,27.7,32.2,42.5,13.4,0.0,25.3,23.6,12.3,73.5,,,OBAnorm,,LD831_02097v2.403,,,,0,0
DENATRLA,2025-06-23 23:32:39.000,31.6,29.2,28.6,19.9,19.5,19.4,17.0,12.0,8.9,8.7,12.6,15.6,17.8,19.8,20.8,19.7,19.2,19.3,18.2,17.3,15.4,13.0,9.9,8.3,6.5,4.8,2.7,-1.4,-2.6,-3.5,-3.7,-2.8,-0.1,25.9,32.5,43.1,13.4,0.0,25.2,23.6,12.3,73.5,,,OBAnorm,,LD831_02097v2.403,,,,0,0
DENATRLA,2025-06-23 23:32:40.000,32.0,31.4,23.7,24.2,19.7,16.7,16.2,13.7,7.9,9.0,11.3,16.1,18.2,18.7,20.0,18.9,19.5,19.2,18.5,17.3,15.5,14.2,15.9,20.8,12.7,5.3,1.6,-2.6,-3.5,-3.8,-4.4,-3.1,-0.3,27.6,33.6,45.7,13.4,0.0,25.2,23.6,12.3,73.5,,,OBAnorm,,LD831_02097v2.403,,,,0,0
DENATRLA,2025-06-23 23:32:41.000,35.2,31.9,28.9,23.4,19.2,16.2,14.7,13.0,7.6,9.7,12.0,16.6,18.1,19.6,19.7,19.3,18.8,18.9,17.7,17.3,15.1,14.6,17.4,22.5,14.4,8.0,0.7,-3.1,-3.4,-3.8,-4.2,-3.1,-0.2,28.6,38.1,51.7,13.4,0.0,25.2,23.6,12.3,73.5,,,OBAnorm,,LD831_02097v2.403,,,,0,0
DENATRLA,2025-06-23 23:32:42.000,32.6,33.5,31.2,24.8,18.1,18.6,13.0,12.2,9.5,10.4,12.8,16.1,17.9,18.9,18.7,18.7,19.0,19.1,17.7,16.7,15.1,14.1,16.8,24.4,15.2,7.7,0.3,-3.6,-3.7,-3.9,-4.5,-3.3,-0.2,29.0,35.3,46.4,13.4,0.0,25.3,23.5,12.3,73.5,,,OBAnorm,,LD831_02097v2.403,,,,0,0
DENATRLA,2025-06-23 23:32:43.000,37.6,38.3,32.7,25.8,19.7,16.2,16.2,14.5,9.0,8.9,12.9,15.8,17.2,18.0,19.5,18.9,17.9,19.0,18.5,16.7,15.0,12.1,9.1,7.4,4.6,1.9,-1.7,-3.6,-3.4,-3.7,-4.0,-2.9,-0.1,25.1,32.9,44.6,13.4,0.0,25.3,23.6,12.3,73.5,,,OBAnorm,,LD831_02097v2.403,,,,0,0
DENATRLA,2025-06-23 23:32:44.000,43.3,38.9,30.1,20.9,16.5,16.6,17.7,13.8,10.3,8.5,10.4,15.2,17.4,18.2,19.5,18.4,18.5,18.6,17.9,16.3,14.7,14.0,15.8,21.7,15.2,7.2,0.1,-3.8,-3.7,-3.7,-4.1,-2.9,-0.2,27.7,32.6,43.7,13.4,0.0,25.3,23.6,12.3,73.5,,,OBAnorm,,LD831_02097v2.403,,,,0,0
DENATRLA,2025-06-23 23:32:45.000,40.8,32.1,31.4,21.4,17.0,18.0,14.6,14.4,7.4,8.9,11.7,14.7,17.3,18.2,19.4,18.7,18.6,18.8,17.4,16.4,14.3,14.6,16.9,21.5,15.2,7.4,-0.4,-3.6,-3.3,-3.4,-3.7,-2.4,-0.2,27.6,32.4,43.7,13.4,0.0,25.3,23.6,12.3,73.5,,,OBAnorm,,LD831_02097v2.403,,,,0,0
DENATRLA,2025-06-23 23:32:46.000,35.6,34.6,27.1,23.4,20.4,14.8,16.3,12.7,9.2,9.1,12.3,13.9,16.7,17.0,17.7,17.5,17.7,18.8,17.0,15.7,12.9,10.9,7.2,6.6,3.9,1.8,-1.4,-3.6,-3.4,-3.8,-4.1,-2.6,-0.1,24.1,32.4,43.5,13.4,0.0,25.2,23.6,12.3,73.5,,,OBAnorm,,LD831_02097v2.403,,,,0,0
DENATRLA,2025-06-23 23:32:47.000,30.6,33.7,24.3,20.4,18.0,14.1,14.5,13.0,9.6,8.4,10.9,14.3,15.7,18.0,18.8,19.1,18.1,18.9,17.7,16.6,14.1,13.5,15.3,19.7,16.7,7.5,-0.3,-3.5,-3.5,-3.6,-3.9,-2.8,-0.2,27.5,32.8,44.5,13.4,0.0,25.3,23.6,12.3,73.5,,,OBAnorm,,LD831_02097v2.403,,,,0,0
DENATRLA,2025-06-23 23:32:48.000,31.8,33.2,26.0,22.7,18.1,17.3,14.2,11.1,10.6,7.7,13.4,13.8,17.5,16.9,18.9,18.5,18.0,18.2,17.8,15.9,13.5,13.4,15.9,19.7,11.3,5.2,-0.7,-3.3,-3.0,-3.5,-3.6,-2.6,-0.2,26.7,30.8,41.5,13.4,0.0,25.3,23.6,12.3,73.5,,,OBAnorm,,LD831_02097v2.403,,,,0,0
DENATRLA,2025-06-23 23:32:49.000,39.0,34.1,23.8,22.2,17.3,13.4,15.4,12.6,10.3,8.8,12.9,14.8,17.5,17.9,18.6,18.2,17.6,18.0,17.8,16.2,13.9,13.3,14.2,15.9,13.8,5.7,-0.5,-3.6,-3.8,-3.9,-4.3,-3.2,-0.3,25.9,31.0,42.8,13.4,0.0,25.3,23.6,12.3,73.5,,,OBAnorm,,LD831_02097v2.403,,,,0,0
DENATRLA,2025-06-23 23:32:50.000,27.9,30.7,28.8,22.0,18.6,18.0,15.1,12.2,8.5,8.9,11.5,15.0,16.0,18.0,17.9,18.3,17.8,18.0,17.7,16.6,13.8,11.6,9.8,7.9,5.4,1.9,-1.6,-3.6,-3.8,-4.0,-4.5,-3.2,-0.2,24.5,32.1,44.3,13.4,0.0,25.3,23.5,12.3,73.5,,,OBAnorm,,LD831_02097v2.403,,,,0,0
DENATRLA,2025-06-23 23:32:51.000,31.2,29.5,28.6,20.4,15.7,17.4,14.1,11.2,9.1,9.2,13.1,14.3,16.2,16.6,19.2,17.5,17.5,17.8,17.1,15.2,13.2,12.6,13.6,22.6,9.8,4.3,-0.3,-3.7,-3.8,-3.9,-4.5,-3.2,-0.2,27.2,31.8,47.5,13.4,0.0,25.2,23.5,12.3,73.5,,,OBAnorm,,LD831_02097v2.403,,,,0,0
DENATRLA,2025-06-23 23:32:52.000,31.4,34.1,25.5,22.7,19.7,14.7,13.8,13.1,7.1,7.7,13.1,13.0,17.1,17.4,18.8,18.7,18.1,18.3,17.7,16.0,13.7,12.9,15.7,20.8,12.3,4.7,-1.3,-3.7,-3.7,-4.0,-4.5,-3.2,-0.2,26.9,31.1,45.5,13.4,0.0,25.3,23.6,12.3,73.5,,,OBAnorm,,LD831_02097v2.403,,,,0,0
DENATRLA,2025-06-23 23:32:53.000,32.8,29.5,24.5,23.4,19.5,15.4,14.3,14.2,9.0,9.1,12.3,13.6,16.7,17.2,19.1,19.4,18.3,18.6,16.9,15.7,13.1,11.7,9.7,6.4,7.8,3.6,-1.0,-3.6,-2.3,-3.2,-3.6,-2.4,0.0,26.3,30.8,46.0,13.4,0.0,25.2,23.6,12.3,73.5,,,OBAnorm,,LD831_02097v2.403,,,,0,0
DENATRLA,2025-06-23 23:32:54.000,30.6,26.6,27.3,15.0,16.8,16.4,15.8,10.5,8.2,9.7,11.2,13.1,18.1,17.9,18.0,18.2,17.8,18.1,17.0,15.9,14.0,12.1,16.1,21.2,4.7,3.1,-0.8,-3.4,-2.5,-2.9,-2.9,-2.1,0.2,25.0,29.7,43.0,13.4,0.0,25.2,23.5,12.3,73.5,,,OBAnorm,,LD831_02097v2.403,,,,0,0
DENATRLA,2025-06-23 23:32:55.000,30.7,27.6,25.9,21.2,14.0,16.7,14.0,11.2,10.7,9.3,11.4,13.8,16.3,17.9,18.5,18.5,18.3,18.6,18.0,16.6,14.0,13.3,14.1,20.3,11.4,6.4,-0.1,-3.2,-2.5,-2.4,-3.0,-2.0,0.1,26.7,31.5,46.8,13.4,0.0,25.2,23.5,12.3,73.5,,,OBAnorm,,LD831_02097v2.403,,,,0,0
DENATRLA,2025-06-23 23:32:56.000,24.0,27.9,20.2,21.2,18.9,16.4,16.7,12.4,9.7,7.4,13.7,13.2,16.2,18.1,18.0,18.2,17.8,17.9,17.5,16.3,13.7,12.6,14.7,19.9,8.8,5.2,1.3,-2.5,-3.1,-3.5,-3.9,-2.6,0.0,26.7,31.8,50.2,13.4,0.0,25.3,23.6,12.3,73.5,,,OBAnorm,,LD831_02097v2.403,,,,0,0
DENATRLA,2025-06-23 23:32:57.000,29.6,24.9,22.0,21.9,19.2,13.9,15.4,9.7,7.8,8.5,11.5,13.9,16.5,17.4,19.4,17.7,17.8,17.3,17.3,16.2,13.4,13.2,15.4,21.2,11.4,6.2,1.0,-2.6,-3.3,-3.7,-4.2,-2.9,-0.1,26.8,32.1,49.2,13.4,0.0,25.3,23.5,12.4,73.5,,,OBAnorm,,LD831_02097v2.403,,,,0,0
DENATRLA,2025-06-23 23:32:58.000,32.5,25.8,22.6,22.7,21.7,14.0,15.9,12.2,8.7,8.8,11.7,14.4,17.3,18.6,18.8,18.9,17.1,17.5,17.4,16.6,13.8,12.3,9.3,7.2,5.0,2.8,1.3,-2.5,-2.7,-3.6,-4.3,-3.0,-0.1,24.5,30.8,46.6,13.4,0.0,25.3,23.5,12.4,73.5,,,OBAnorm,,LD831_02097v2.403,,,,0,0
DENATRLA,2025-06-23 23:32:59.000,34.7,31.2,24.0,19.1,20.2,15.9,11.9,14.1,9.1,9.5,11.9,14.9,17.5,17.5,19.0,18.0,17.3,18.1,17.1,16.2,14.0,13.6,14.1,18.8,11.7,5.7,1.6,-2.2,-2.8,-3.8,-4.4,-3.1,-0.2,26.5,30.4,44.7,13.4,0.0,25.3,23.6,12.4,72.9,,,OBAnorm,,LD831_02097v2.403,,,,0,0
DENATRLA,2025-06-23 23:33:00.000,31.3,29.8,26.1,20.7,17.0,16.3,13.3,13.5,10.9,7.0,12.3,14.9,16.8,17.7,18.5,18.4,17.7,18.0,17.7,16.2,13.9,12.3,15.5,18.0,11.5,7.9,3.0,-0.8,-2.6,-3.3,-3.9,-3.1,-0.2,26.4,30.7,46.0,13.4,0.0,25.2,23.5,12.4,72.9,,,OBAnorm,,LD831_02097v2.403,,,,0,0
DENATRLA,2025-06-23 23:33:01.000,29.2,24.8,24.9,23.0,19.7,15.5,14.9,11.0,8.5,8.0,11.3,13.8,17.1,17.7,19.6,18.0,17.8,16.7,16.7,15.4,13.2,12.3,13.0,17.1,12.0,6.0,0.0,-3.4,-3.4,-3.9,-4.4,-3.2,-0.2,25.6,30.4,41.3,13.4,0.0,25.2,23.5,12.4,72.9,,,OBAnorm,,LD831_02097v2.403,,,,0,0
DENATRLA,2025-06-23 23:33:02.000,27.0,26.5,25.5,20.2,13.8,16.5,13.2,13.2,9.3,9.4,12.1,15.5,16.9,18.5,17.8,18.3,18.0,18.0,17.2,15.8,14.6,12.0,8.5,6.0,2.7,2.6,-1.0,-3.4,-3.6,-3.9,-4.3,-3.2,0.0,24.4,30.6,45.7,13.4,0.0,25.2,23.6,12.3,72.9,,,OBAnorm,,LD831_02097v2.403,,,,0,0
DENATRLA,2025-06-23 23:33:03.000,30.5,29.9,22.8,18.4,15.9,17.0,14.3,8.4,10.2,8.4,12.1,14.3,17.1,18.1,18.4,18.1,18.0,17.5,17.3,16.4,14.3,13.8,15.4,17.8,11.6,5.6,0.7,-3.3,-3.7,-4.0,-4.4,-3.2,-0.1,26.2,31.0,45.5,13.4,0.0,25.3,23.5,12.3,72.9,,,OBAnorm,,LD831_02097v2.403,,,,0,0
DENATRLA,2025-06-23 23:33:04.000,31.0,25.4,21.9,18.5,18.7,16.1,14.4,10.8,8.0,8.6,12.3,14.7,16.3,17.5,19.5,18.5,18.2,18.6,17.3,16.8,14.8,14.1,16.7,20.8,12.5,7.2,1.8,-2.6,-3.4,-3.9,-4.4,-3.2,-0.2,27.3,31.8,46.0,13.4,0.0,25.3,23.5,12.3,73.5,,,OBAnorm,,LD831_02097v2.403,,,,0,0
DENATRLA,2025-06-23 23:33:05.000,27.9,30.6,25.6,24.1,17.1,14.9,15.7,13.7,9.0,7.0,11.3,15.3,15.2,18.6,18.8,18.5,18.1,18.4,17.7,16.9,15.3,14.2,16.5,21.5,11.1,7.9,4.7,0.3,-1.8,-3.4,-4.3,-3.1,-0.2,27.6,31.7,47.2,13.4,0.0,25.3,23.5,12.3,73.5,,,OBAnorm,,LD831_02097v2.403,,,,0,0
DENATRLA,2025-06-23 23:33:06.000,27.5,30.2,26.7,19.7,16.3,17.0,16.9,10.2,9.0,8.5,11.9,15.2,18.1,18.6,19.0,19.0,18.0,18.3,18.0,16.9,14.6,13.3,10.0,7.4,5.3,6.1,4.5,0.5,-1.3,-3.2,-4.1,-3.0,-0.2,25.3,31.9,51.8,13.4,0.0,25.3,23.5,12.3,73.5,,,OBAnorm,,LD831_02097v2.403,,,,0,0
DENATRLA,2025-06-23 23:33:07.000,27.5,26.9,28.2,20.6,16.6,15.6,13.4,12.9,7.9,8.4,11.7,13.7,16.7,18.8,20.6,19.5,18.6,18.9,18.1,17.6,15.4,14.7,16.1,20.5,12.1,8.1,5.1,0.6,-1.8,-2.1,-4.1,-3.0,-0.2,27.8,30.8,41.2,13.4,0.0,25.3,23.5,12.3,73.5,,,OBAnorm,,LD831_02097v2.403,,,,0,0
DENATRLA,2025-06-23 23:33:08.000,34.8,30.8,23.5,20.3,14.1,16.6,14.9,13.1,8.8,8.2,12.1,16.4,16.8,18.1,19.4,18.7,18.0,18.5,18.3,17.3,15.2,14.0,14.7,18.3,12.4,9.2,5.3,0.4,-1.7,-3.6,-4.4,-3.1,-0.2,26.8,30.8,43.6,13.4,0.0,25.2,23.5,12.3,73.5,,,OBAnorm,,LD831_02097v2.403,,,,0,0
DENATRLA,2025-06-23 23:33:09.000,31.7,22.9,21.8,21.6,15.6,16.7,14.5,12.3,10.6,8.4,13.4,15.6,17.8,19.5,18.9,19.1,18.4,19.0,18.4,17.6,14.9,14.2,14.8,17.9,13.3,8.3,5.0,0.4,-2.1,-3.7,-4.3,-3.1,-0.1,27.1,32.0,48.8,13.4,0.0,25.2,23.6,12.3,73.5,,,OBAnorm,,LD831_02097v2.403,,,,0,0
DENATRLA,2025-06-23 23:33:10.000,25.7,27.8,26.6,23.8,18.0,17.1,15.5,14.1,10.0,9.1,12.2,14.6,17.3,18.4,19.2,18.5,18.0,19.5,18.1,17.1,15.0,14.8,14.2,17.9,12.8,8.0,4.2,-0.2,-2.6,-3.8,-4.4,-3.2,-0.2,27.0,33.6,49.6,13.4,0.0,25.3,23.5,12.3,73.5,,,OBAnorm,,LD831_02097v2.403,,,,0,0
DENATRLA,2025-06-23 23:33:11.000,29.0,29.3,24.4,23.0,18.0,17.3,16.0,12.0,11.0,10.2,12.5,15.0,17.2,19.4,18.6,18.5,18.0,19.1,18.2,17.1,14.9,13.0,11.3,11.3,6.8,5.4,3.4,-0.8,-2.8,-3.9,-4.2,-3.2,-0.1,25.6,35.6,57.7,13.4,0.0,25.2,23.5,12.3,73.5,,,OBAnorm,,LD831_02097v2.403,,,,0,0
DENATRLA,2025-06-23 23:33:12.000,35.3,30.4,25.0,21.9,22.8,19.8,17.7,13.7,11.6,9.8,11.1,14.5,17.5,17.6,18.1,19.5,18.8,18.1,18.3,16.8,14.5,15.6,18.7,22.7,12.6,8.0,3.7,-0.7,-2.9,-3.9,-4.4,-3.2,-0.2,28.3,36.5,53.2,13.4,0.0,25.3,23.5,12.3,73.5,,,OBAnorm,,LD831_02097v2.403,,,,0,0
DENATRLA,2025-06-23 23:33:13.000,35.2,29.4,30.7,27.6,24.0,20.7,19.2,14.9,10.4,9.6,11.9,14.3,16.5,17.4,18.5,18.6,18.0,19.0,18.6,17.3,15.4,15.1,16.8,21.5,17.9,9.5,4.7,0.0,-2.6,-3.7,-4.5,-3.2,-0.2,28.2,35.2,55.1,13.4,0.0,25.2,23.5,12.3,73.5,,,OBAnorm,,LD831_02097v2.403,,,,0,0
DENATRLA,2025-06-23 23:33:14.000,35.6,33.7,31.1,27.7,23.9,18.9,18.5,16.0,10.8,8.1,12.6,14.1,17.1,16.9,19.4,18.7,17.9,18.3,18.8,16.3,14.8,14.8,19.1,22.6,15.7,9.2,2.5,-2.2,-3.3,-3.8,-4.3,-3.3,-0.1,28.3,35.2,54.5,13.4,0.0,25.3,23.5,12.3,73.5,,,OBAnorm,,LD831_02097v2.403,,,,0,0
DENATRLA,2025-06-23 23:33:15.000,35.0,34.9,31.1,28.7,25.0,19.1,16.5,14.0,9.7,8.6,12.7,15.0,17.7,18.0,18.4,18.8,18.3,19.3,18.3,15.9,13.9,11.5,9.0,7.7,5.8,2.8,-0.5,-3.5,-3.7,-3.9,-4.4,-3.3,-0.2,25.0,36.4,58.6,13.4,0.0,25.3,23.5,12.3,73.5,,,OBAnorm,,LD831_02097v2.403,,,,0,0
DENATRLA,2025-06-23 23:33:16.000,40.5,35.2,30.6,28.8,25.1,19.7,17.3,12.4,10.1,11.3,12.0,13.6,17.3,18.9,19.6,19.4,18.5,18.8,18.4,16.7,14.4,14.4,17.1,20.7,17.7,8.9,1.1,-3.5,-3.7,-3.9,-4.5,-3.2,-0.1,27.8,33.9,54.3,13.4,0.0,25.3,23.5,12.3,73.5,,,OBAnorm,,LD831_02097v2.403,,,,0,0
DENATRLA,2025-06-23 23:33:17.000,37.8,33.4,28.1,24.5,20.4,14.4,15.4,10.5,7.9,9.0,10.9,15.2,16.7,17.8,19.0,19.2,18.8,19.3,18.9,17.5,15.1,14.5,17.0,23.5,15.2,8.1,1.2,-3.2,-3.5,-4.0,-4.4,-3.2,-0.2,28.5,31.6,48.4,13.4,0.0,25.3,23.5,12.3,73.5,,,OBAnorm,,LD831_02097v2.403,,,,0,0
DENATRLA,2025-06-23 23:33:18.000,34.7,31.0,24.3,21.7,16.4,13.7,13.0,13.0,12.0,9.4,13.4,15.7,16.8,18.3,19.4,19.2,19.0,19.3,19.3,17.4,15.5,14.3,17.6,22.1,14.2,8.8,0.0,-3.5,-3.7,-3.9,-4.4,-3.2,-0.1,28.6,31.7,48.3,13.4,0.0,25.3,23.5,12.3,73.5,,,OBAnorm,,LD831_02097v2.403,,,,0,0
DENATRLA,2025-06-23 23:33:19.000,31.8,27.1,21.3,19.0,15.0,14.2,14.6,12.6,9.7,8.7,13.2,15.1,17.0,18.9,18.7,20.1,17.9,19.1,18.5,16.9,15.1,13.3,15.7,23.6,10.8,6.6,0.5,-3.5,-3.7,-3.9,-4.5,-3.2,-0.1,28.6,31.7,50.9,13.4,0.0,25.2,23.5,12.3,73.5,,,OBAnorm,,LD831_02097v2.403,,,,0,0
DENATRLA,2025-06-23 23:33:20.000,26.8,29.8,24.6,20.6,16.0,14.3,15.2,12.7,8.9,8.6,13.1,14.6,17.1,18.1,20.2,19.7,18.8,18.8,19.0,16.9,14.7,12.2,9.6,11.0,5.3,4.3,-1.3,-3.6,-3.6,-3.9,-4.4,-2.9,-0.1,25.5,31.2,46.0,13.4,0.0,25.3,23.5,12.3,73.5,,,OBAnorm,,LD831_02097v2.403,,,,0,0
DENATRLA,2025-06-23 23:33:21.000,21.1,25.3,23.3,20.7,17.9,14.5,11.7,13.5,8.5,9.2,12.6,15.1,17.0,17.0,19.4,20.0,18.4,18.7,18.8,17.2,14.4,13.2,17.9,23.1,14.1,6.1,0.3,-3.6,-3.7,-3.9,-4.4,-3.1,-0.2,28.6,32.2,49.8,13.4,0.0,25.2,23.5,12.3,73.5,,,OBAnorm,,LD831_02097v2.403,,,,0,0
DENATRLA,2025-06-23 23:33:22.000,23.3,24.8,23.4,22.4,18.2,14.6,12.1,13.5,8.5,8.3,12.5,14.2,17.1,17.4,18.3,19.3,17.6,18.7,17.9,16.4,14.5,13.3,15.8,18.6,13.6,7.7,-0.5,-3.3,-3.0,-3.5,-3.5,-2.7,-0.2,26.8,31.2,47.7,13.4,0.0,25.2,23.5,12.2,73.5,,,OBAnorm,,LD831_02097v2.403,,,,0,0
DENATRLA,2025-06-23 23:33:23.000,33.1,27.6,24.9,20.7,19.1,14.5,13.7,13.7,9.0,11.6,11.6,14.9,16.7,17.6,19.2,17.9,18.4,18.2,18.6,16.5,14.2,13.3,16.9,21.8,13.3,7.5,-0.2,-3.6,-3.5,-3.4,-3.9,-2.4,-0.3,28.0,31.3,46.5,13.4,0.0,25.3,23.5,12.2,73.5,,,OBAnorm,,LD831_02097v2.403,,,,0,0
DENATRLA,2025-06-23 23:33:24.000,28.5,30.4,25.4,20.1,16.6,12.8,13.2,13.5,10.0,9.6,10.4,15.4,16.8,17.6,18.2,18.4,18.8,19.0,18.0,16.2,14.3,12.6,15.7,20.0,15.3,9.2,0.6,-3.8,-3.6,-3.9,-4.4,-3.0,-0.1,27.4,31.5,48.5,13.4,0.0,25.3,23.5,12.2,73.5,,,OBAnorm,,LD831_02097v2.403,,,,0,0
DENATRLA,2025-06-23 23:33:25.000,29.3,28.3,24.5,20.1,16.7,18.1,13.8,14.8,9.8,9.1,10.6,15.4,18.5,18.3,18.8,17.6,18.7,18.0,18.7,16.5,14.5,11.0,11.5,13.4,9.7,4.7,-0.7,-3.4,-3.7,-4.0,-4.5,-3.1,-0.3,25.3,32.2,50.0,13.4,0.0,25.3,23.5,12.2,73.5,,,OBAnorm,,LD831_02097v2.403,,,,0,0
DENATRLA,2025-06-23 23:33:26.000,31.1,23.1,25.2,22.4,17.3,14.8,15.8,14.0,8.4,9.9,12.6,14.2,18.2,17.1,18.4,19.0,18.4,18.4,18.6,16.8,14.2,14.1,18.0,22.8,14.6,8.9,0.7,-3.4,-3.4,-3.9,-4.2,-3.3,-0.2,28.1,35.9,53.4,13.4,0.0,25.3,23.5,12.2,74.0,,,OBAnorm,,LD831_02097v2.403,,,,0,0
DENATRLA,2025-06-23 23:33:27.000,30.2,29.5,28.0,28.2,25.2,18.4,16.5,13.3,11.7,10.1,11.6,15.0,18.1,17.2,17.6,18.3,18.4,18.9,17.8,16.5,15.1,14.4,16.7,19.1,17.8,8.5,0.6,-3.2,-3.7,-3.9,-4.3,-2.9,-0.1,27.7,35.8,52.3,13.4,0.0,25.3,23.5,12.2,74.0,,,OBAnorm,,LD831_02097v2.403,,,,0,0
DENATRLA,2025-06-23 23:33:28.000,36.1,32.0,29.8,30.1,24.3,19.7,16.2,13.2,10.2,10.5,13.2,14.3,18.1,18.7,19.3,18.9,18.9,18.6,17.8,16.9,14.0,14.2,16.6,22.1,11.6,6.2,1.0,-3.1,-3.7,-3.8,-4.5,-3.1,-0.2,27.7,36.3,54.1,13.4,0.0,25.2,23.5,12.2,74.0,,,OBAnorm,,LD831_02097v2.403,,,,0,0
DENATRLA,2025-06-23 23:33:29.000,39.5,34.5,34.4,27.8,20.1,19.9,16.5,14.1,13.2,9.5,12.6,14.0,16.4,18.5,18.6,18.9,18.9,19.1,18.4,16.7,14.7,11.8,9.3,10.9,6.0,2.9,1.2,-2.4,-3.3,-3.8,-4.4,-3.2,-0.2,25.3,34.3,51.9,13.4,0.0,27.9,23.5,12.2,74.0,,,OBAnorm,,LD831_02097v2.403,,,,0,0
DENATRLA,2025-06-23 23:33:30.000,42.1,32.6,32.6,26.0,21.9,17.6,16.4,14.2,12.0,8.0,12.1,14.8,18.1,18.8,19.4,18.3,18.8,18.7,18.0,17.2,14.4,13.7,16.0,20.4,14.0,8.1,1.6,-2.1,-3.5,-3.9,-4.5,-3.3,-0.2,27.1,34.6,52.7,13.4,0.0,32.1,23.5,12.2,74.0,,,OBAnorm,,LD831_02097v2.403,,,,0,0
DENATRLA,2025-06-23 23:33:31.000,30.4,30.0,26.0,23.9,20.2,15.3,17.6,14.4,11.1,8.7,12.0,15.7,15.9,18.6,18.6,18.1,18.1,18.0,18.1,16.9,14.5,14.8,16.9,22.0,9.2,5.9,1.4,-2.4,-2.9,-3.7,-4.2,-3.0,-0.3,27.6,36.1,53.4,13.4,0.0,32.2,23.5,12.2,74.0,,,OBAnorm,,LD831_02097v2.403,,,,0,0
DENATRLA,2025-06-23 23:33:32.000,34.6,32.4,27.4,28.1,24.5,18.3,21.1,16.6,14.8,10.8,13.7,15.5,17.0,17.4,19.5,19.1,18.2,17.8,16.9,16.2,14.1,13.4,15.6,18.3,11.4,6.4,1.7,-1.4,-0.2,-1.9,-1.2,-0.8,0.1,26.6,40.2,58.0,13.4,0.0,32.2,23.5,12.2,74.0,,,OBAnorm,,LD831_02097v2.403,,,,0,0
DENATRLA,2025-06-23 23:33:33.000,37.2,33.0,34.7,28.8,28.0,24.8,22.8,20.6,18.4,15.9,12.0,15.7,16.8,17.7,18.8,19.2,19.0,18.4,17.2,16.5,13.2,11.6,8.4,7.9,4.3,2.2,-0.7,-2.9,-2.3,-3.1,-3.4,-2.5,-0.1,24.6,38.9,57.2,13.4,0.0,35.5,23.5,12.2,74.0,,,OBAnorm,,LD831_02097v2.403,,,,0,0
DENATRLA,2025-06-23 23:33:34.000,40.2,38.2,34.1,33.4,32.0,25.8,24.1,17.5,18.0,12.2,12.9,15.1,16.6,17.4,18.7,18.2,18.0,17.6,17.3,16.3,13.4,12.3,14.6,21.5,10.0,6.0,-1.2,-3.8,-3.7,-3.8,-4.3,-2.9,0.0,27.2,38.0,57.2,13.4,0.0,37.1,23.5,12.2,74.0,,,OBAnorm,,LD831_02097v2.403,,,,0,0
DENATRLA,2025-06-23 23:33:35.000,42.3,39.0,35.6,32.1,26.8,23.4,19.6,15.9,15.9,10.5,13.1,13.8,16.7,17.3,17.7,18.5,18.7,17.7,17.3,16.1,13.8,12.8,14.1,18.4,11.9,11.1,5.3,6.7,11.6,7.8,2.9,2.0,3.5,26.6,37.3,53.8,13.4,0.0,37.1,23.5,12.3,74.1,,,OBAnorm,,LD831_02097v2.403,,,,0,0
DENATRLA,2025-06-23 23:33:36.000,42.4,36.7,32.8,28.0,25.7,23.7,23.4,19.7,16.2,12.4,14.3,14.9,17.6,17.6,18.6,18.3,18.6,17.6,17.0,15.9,14.0,12.5,15.2,23.3,12.3,6.5,-1.1,-3.6,-3.5,-3.2,-4.1,-3.1,-0.2,27.8,38.7,56.5,13.4,0.0,43.9,23.5,12.3,74.1,,,OBAnorm,,LD831_02097v2.403,,,,0,0
DENATRLA,2025-06-23 23:33:37.000,38.5,37.4,30.9,29.9,26.7,26.7,26.8,22.2,16.9,16.8,16.6,15.9,16.7,17.8,18.4,19.4,18.7,18.4,17.7,17.1,14.7,11.6,8.6,8.4,5.2,0.7,-3.0,-3.8,-3.6,-3.8,-4.1,-3.0,0.0,25.1,40.4,56.6,13.4,0.0,93.5,23.5,12.3,73.5,,,OBAnorm,,LD831_02097v2.403,,,,0,0
DENATRLA,2025-06-23 23:33:38.000,39.1,36.4,37.6,32.8,30.6,30.1,22.8,19.2,18.6,14.1,14.6,15.7,17.0,17.4,18.5,18.6,19.2,18.9,17.8,16.8,14.9,13.1,15.2,22.0,12.2,6.1,-1.3,-3.8,-3.6,-3.7,-4.2,-2.9,-0.1,27.5,39.6,54.8,13.4,0.0,107.3,23.5,12.3,73.5,,,OBAnorm,,LD831_02097v2.403,,,,0,0
DENATRLA,2025-06-23 23:33:39.000,43.7,39.5,36.7,33.7,32.9,29.8,22.7,18.7,16.5,16.2,16.1,17.0,18.0,18.2,19.0,19.5,19.6,18.5,18.0,16.9,14.7,13.8,16.7,20.1,11.0,6.4,-1.4,-3.4,-3.2,-3.1,-3.9,-2.8,-0.1,27.6,38.2,54.5,13.4,0.0,118.3,23.5,12.4,71.8,,,OBAnorm,,LD831_02097v2.403,,,,0,0
DENATRLA,2025-06-23 23:33:40.000,42.4,39.1,38.7,27.6,30.1,27.5,26.0,19.5,20.6,18.5,17.8,19.5,18.4,19.2,19.3,19.6,19.2,19.2,18.1,17.1,14.4,13.2,15.6,17.6,11.7,4.7,-2.3,-3.8,-3.7,-3.9,-4.4,-3.0,-0.1,27.0,43.3,62.3,13.4,0.0,156.9,23.5,12.4,71.8,,,OBAnorm,,LD831_02097v2.403,,,,0,0
DENATRLA,2025-06-23 23:33:41.000,40.5,36.6,37.0,36.4,33.9,29.1,27.4,22.8,21.4,17.9,16.1,17.6,17.6,19.2,19.1,19.6,20.0,19.3,18.4,16.5,14.7,11.6,8.8,6.0,5.3,3.1,-1.9,-3.8,-3.6,-3.9,-4.2,-3.0,0.0,27.0,42.2,58.4,13.4,0.2,179.9,23.5,12.4,73.5,,,OBAnorm,,LD831_02097v2.403,,,,0,0
DENATRLA,2025-06-23 23:33:42.000,42.6,45.6,39.9,35.3,29.9,29.1,21.8,21.7,17.2,13.5,14.1,16.0,16.2,19.2,19.7,19.3,19.3,18.6,18.6,17.3,14.3,12.9,15.6,21.8,8.6,4.3,-3.1,-3.6,-3.8,-4.0,-4.4,-3.4,-0.1,26.2,35.5,51.1,13.4,0.4,172.6,23.5,12.5,72.9,,,OBAnorm,,LD831_02097v2.403,,,,0,0
DENATRLA,2025-06-23 23:33:43.000,46.7,42.4,33.6,27.5,26.0,23.5,19.4,16.1,12.0,10.0,13.3,17.1,16.7,19.1,19.9,19.2,19.1,18.5,17.1,16.6,14.0,13.5,16.1,18.1,8.3,5.8,-2.4,-3.6,-3.8,-3.9,-4.4,-3.1,0.0,26.6,37.6,59.6,13.4,0.5,192.8,23.5,12.5,71.8,,,OBAnorm,,LD831_02097v2.403,,,,0,0
DENATRLA,2025-06-23 23:33:44.000,42.8,38.7,29.6,28.7,27.6,22.9,23.9,26.0,20.5,13.9,12.3,14.0,18.0,18.6,19.0,18.7,18.4,18.2,17.1,16.0,13.8,13.1,14.7,19.2,12.1,6.5,-0.5,-3.8,-3.8,-4.0,-4.3,-3.0,0.0,26.6,43.8,62.3,13.4,0.6,188.5,23.5,12.5,72.4,,,OBAnorm,,LD831_02097v2.403,,,,0,0
DENATRLA,2025-06-23 23:33:45.000,37.9,33.6,37.8,37.3,31.5,31.6,30.8,26.7,16.2,11.3,10.4,14.2,15.9,17.7,19.2,18.3,18.1,17.7,17.3,15.9,14.3,12.7,15.3,19.8,12.5,7.5,-0.6,-3.5,-3.5,-3.8,-4.2,-3.0,-0.1,26.4,37.7,62.5,13.4,0.6,174.9,23.5,12.6,72.4,,,OBAnorm,,LD831_02097v2.403,,,,0,0
DENATRLA,2025-06-23 23:33:46.000,37.4,39.8,38.8,35.5,28.3,23.1,16.6,15.3,12.5,10.7,12.3,15.1,15.8,17.6,19.4,18.7,18.6,17.3,17.2,15.8,13.2,10.0,8.7,9.7,6.2,-0.4,-3.1,-3.9,-3.8,-4.0,-4.5,-3.2,-0.2,24.3,34.9,52.0,13.4,0.6,178.7,23.5,12.6,72.4,,,OBAnorm,,LD831_02097v2.403,,,,0,0
DENATRLA,2025-06-23 23:33:47.000,48.5,40.3,33.2,27.0,24.1,21.0,15.4,13.6,10.2,10.0,12.6,15.1,16.8,18.9,19.5,19.0,18.1,17.0,16.1,15.1,12.8,12.4,13.4,17.6,10.8,5.0,-2.5,-3.9,-3.7,-4.0,-4.4,-3.2,-0.1,25.7,33.5,53.5,13.4,0.6,180.5,23.5,12.6,72.4,,,OBAnorm,,LD831_02097v2.403,,,,0,0
DENATRLA,2025-06-23 23:33:48.000,40.9,34.7,31.5,22.6,19.2,17.1,16.5,13.3,8.4,9.8,11.8,13.9,15.6,16.2,19.3,17.9,17.4,17.7,15.9,15.3,13.4,12.7,17.1,22.0,12.2,5.4,-2.0,-3.9,-3.8,-3.9,-4.5,-3.2,-0.1,27.1,32.9,53.2,13.4,0.6,180.5,23.5,12.6,72.4,,,OBAnorm,,LD831_02097v2.403,,,,0,0
DENATRLA,2025-06-23 23:33:49.000,37.1,27.1,31.7,22.4,18.5,18.7,15.9,11.9,8.2,11.3,10.9,14.0,16.3,17.2,18.4,18.4,17.2,17.4,16.2,15.1,13.2,12.2,14.1,16.5,11.4,7.2,-1.8,-3.8,-3.8,-3.9,-4.5,-3.2,-0.2,25.5,34.0,54.1,13.4,0.6,180.5,23.5,12.6,72.4,,,OBAnorm,,LD831_02097v2.403,,,,0,0
DENATRLA,2025-06-23 23:33:50.000,34.9,31.7,28.4,23.7,20.9,20.8,12.6,13.6,9.8,11.4,12.3,15.8,15.6,16.2,17.6,18.6,18.0,17.2,16.0,14.9,12.8,10.0,7.7,8.4,5.9,1.7,-3.0,-3.8,-3.6,-3.9,-4.3,-3.1,-0.1,23.7,29.8,50.6,13.4,0.6,180.5,23.5,12.6,72.4,,,OBAnorm,,LD831_02097v2.403,,,,0,0
DENATRLA,2025-06-23 23:33:51.000,32.9,31.1,27.4,19.2,14.3,14.5,15.8,11.8,9.4,10.1,11.9,13.0,15.3,17.8,18.3,18.8,17.7,17.2,15.8,14.7,12.4,12.4,15.1,20.7,9.9,4.3,-2.3,-3.9,-3.8,-3.9,-4.5,-3.2,-0.2,26.4,30.0,46.5,13.4,0.6,180.5,23.5,12.6,72.4,,,OBAnorm,,LD831_02097v2.403,,,,0,0
DENATRLA,2025-06-23 23:33:52.000,25.9,26.6,25.7,19.7,14.8,15.2,13.3,12.8,9.4,10.5,13.1,14.2,15.6,17.8,17.5,18.2,16.9,16.7,15.7,14.1,12.5,12.0,14.9,22.5,12.1,7.1,-1.9,-3.8,-3.8,-3.9,-4.4,-3.2,-0.1,27.2,30.8,44.5,13.4,0.6,180.5,23.5,12.6,71.8,,,OBAnorm,,LD831_02097v2.403,,,,0,0
DENATRLA,2025-06-23 23:33:53.000,26.7,25.0,26.9,22.1,18.4,13.6,12.0,12.1,8.0,9.3,12.8,14.2,17.6,17.5,18.0,19.7,17.3,16.4,15.6,14.1,12.4,11.7,15.6,21.8,9.1,3.3,-3.1,-3.9,-3.8,-4.0,-4.5,-3.1,-0.1,26.9,30.0,44.2,13.4,0.6,180.5,23.5,12.6,72.4,,,OBAnorm,,LD831_02097v2.403,,,,0,0
DENATRLA,2025-06-23 23:33:54.000,28.8,25.7,25.1,18.7,14.4,10.9,17.1,14.9,11.3,12.8,12.0,13.0,15.3,16.4,18.4,19.1,17.8,17.1,16.3,14.8,12.2,9.6,7.1,6.5,1.0,-1.4,-3.0,-3.9,-3.8,-3.9,-4.5,-3.1,-0.2,23.6,29.7,47.5,13.4,0.6,180.5,23.5,12.6,72.4,,,OBAnorm,,LD831_02097v2.403,,,,0,0
DENATRLA,2025-06-23 23:33:55.000,24.8,24.2,23.2,18.8,14.0,12.1,13.6,11.1,7.2,9.6,11.0,13.0,16.4,17.6,18.0,19.4,16.8,16.8,15.6,14.5,12.8,11.9,16.5,22.9,10.9,5.5,-1.8,-3.9,-3.8,-4.0,-4.5,-3.2,-0.1,27.3,29.8,40.6,13.4,0.3,180.5,23.5,12.6,72.4,,,OBAnorm,,LD831_02097v2.403,,,,0,0
DENATRLA,2025-06-23 23:33:56.000,27.3,28.2,21.9,21.6,15.9,13.6,13.6,11.5,9.8,9.6,11.2,14.3,16.2,18.4,18.9,17.1,17.4,16.9,16.0,14.2,12.5,12.7,15.6,23.0,12.1,5.5,-1.8,-3.9,-3.9,-4.0,-4.5,-3.3,-0.3,27.4,30.1,39.1,13.4,0.0,180.5,23.5,12.6,72.4,,,OBAnorm,,LD831_02097v2.403,,,,0,0
DENATRLA,2025-06-23 23:33:57.000,27.2,25.9,22.1,19.6,13.8,14.7,15.9,12.9,10.2,9.8,13.3,14.1,16.1,17.4,17.7,17.7,17.4,17.2,16.4,14.9,12.8,12.7,15.4,20.5,12.1,4.8,-1.4,-3.6,-3.8,-4.0,-4.5,-3.3,-0.2,26.5,29.9,41.4,13.4,0.0,180.5,23.5,12.5,72.4,,,OBAnorm,,LD831_02097v2.403,,,,0,0
DENATRLA,2025-06-23 23:33:58.000,26.6,25.2,23.1,16.8,17.6,12.7,11.5,13.5,10.2,8.8,11.3,15.0,16.7,17.3,18.2,18.7,17.5,17.2,16.5,14.5,13.1,10.7,8.3,6.1,2.9,-1.7,-4.0,-3.9,-3.8,-4.1,-4.4,-3.2,-0.2,23.7,29.3,38.6,13.4,0.0,180.5,23.5,12.5,72.4,,,OBAnorm,,LD831_02097v2.403,,,,0,0
DENATRLA,2025-06-23 23:33:59.000,24.9,27.6,22.1,17.2,14.8,12.8,15.0,12.4,8.9,8.5,12.0,15.2,16.7,16.8,19.1,17.9,16.8,17.0,16.4,14.1,12.9,12.3,14.1,18.5,15.9,3.8,-3.1,-3.9,-3.9,-4.0,-4.4,-3.3,-0.1,26.2,30.0,43.0,13.4,0.0,180.5,23.5,12.5,72.4,,,OBAnorm,,LD831_02097v2.403,,,,0,0
DENATRLA,2025-06-23 23:34:00.000,28.6,26.9,27.0,15.9,14.0,16.2,15.7,13.3,8.6,9.1,12.0,13.8,15.0,17.7,18.1,17.6,17.0,17.6,15.7,14.6,12.6,11.8,15.1,22.0,12.1,4.2,-2.1,-3.9,-3.8,-4.0,-4.4,-3.2,-0.1,26.9,30.5,40.0,13.4,0.0,180.5,23.5,12.5,72.4,,,OBAnorm,,LD831_02097v2.403,,,,0,0
DENATRLA,2025-06-23 23:34:01.000,26.3,29.2,25.0,19.2,18.7,16.2,13.9,12.0,9.2,9.5,11.1,14.7,16.6,17.5,18.1,17.8,16.3,17.0,15.9,15.2,13.3,13.0,15.5,16.2,13.4,4.6,-2.9,-3.9,-3.9,-4.0,-4.5,-3.2,-0.1,25.5,29.5,36.1,13.4,0.0,180.5,23.5,12.5,72.4,,,OBAnorm,,LD831_02097v2.403,,,,0,0
DENATRLA,2025-06-23 23:34:02.000,28.0,29.4,26.8,20.0,15.8,14.3,14.1,11.0,9.6,7.1,11.1,14.9,16.9,18.1,18.3,18.1,16.9,17.6,16.8,14.1,13.0,11.6,15.9,22.0,12.6,5.6,-2.2,-3.9,-3.9,-4.0,-4.5,-3.4,-0.2,27.5,30.2,39.1,13.4,0.0,180.5,23.5,12.5,72.4,,,OBAnorm,,LD831_02097v2.403,,,,0,0
DENATRLA,2025-06-23 23:34:03.000,24.1,25.5,24.5,19.4,14.2,12.3,13.5,12.0,11.5,7.6,10.4,16.2,16.7,18.3,18.2,18.7,17.4,17.6,16.9,15.7,13.1,10.7,9.8,10.2,4.3,0.2,-3.7,-3.9,-3.8,-3.9,-4.4,-3.2,-0.2,24.2,29.6,38.0,13.4,0.0,180.5,23.5,12.5,72.4,,,OBAnorm,,LD831_02097v2.403,,,,0,0
DENATRLA,2025-06-23 23:34:04.000,28.7,25.8,23.4,21.6,17.6,14.2,15.7,11.9,7.9,8.9,11.9,14.9,16.3,18.5,18.5,18.5,17.7,17.4,15.7,14.9,12.9,13.6,17.1,20.9,15.5,7.9,-1.8,-3.8,-3.7,-3.9,-4.3,-3.1,-0.2,26.9,30.2,38.1,13.4,0.0,180.5,23.4,12.5,72.4,,,OBAnorm,,LD831_02097v2.403,,,,0,0
DENATRLA,2025-06-23 23:34:05.000,23.4,26.3,27.4,18.4,15.1,16.8,14.9,12.0,9.4,9.1,10.1,14.4,16.9,16.1,17.8,18.1,17.0,18.0,15.7,14.8,13.0,13.5,16.9,19.2,17.6,10.1,-0.1,-3.8,-3.8,-3.8,-4.4,-3.2,0.0,26.8,30.0,38.2,13.4,0.0,180.5,23.5,12.5,72.4,,,OBAnorm,,LD831_02097v2.403,,,,0,0
DENATRLA,2025-06-23 23:34:06.000,25.8,28.3,25.4,22.2,17.1,14.8,14.7,12.3,8.6,8.7,11.4,14.2,17.2,17.7,17.8,17.3,16.9,16.9,15.3,14.6,12.3,13.6,16.8,22.2,13.5,2.3,-3.1,-3.9,-3.8,-3.9,-4.4,-3.0,-0.2,27.3,30.3,39.0,13.4,0.0,180.5,23.5,12.5,72.4,,,OBAnorm,,LD831_02097v2.403,,,,0,0
DENATRLA,2025-06-23 23:34:07.000,25.7,29.2,23.2,19.7,14.5,14.6,14.8,11.0,8.0,10.1,11.7,12.2,15.2,16.9,18.6,17.4,16.9,17.0,16.0,14.3,12.1,12.4,15.0,21.3,12.8,7.5,-1.0,-3.8,-3.8,-3.8,-4.4,-3.1,-0.1,26.9,29.8,35.9,13.4,0.0,180.5,23.4,12.5,72.4,,,OBAnorm,,LD831_02097v2.403,,,,0,0
DENATRLA,2025-06-23 23:34:08.000,22.4,27.6,25.3,18.1,18.1,15.0,15.7,12.9,9.3,6.3,10.5,12.4,14.8,17.6,18.0,18.8,16.6,16.7,16.0,14.6,11.7,9.3,6.4,6.8,4.5,-2.3,-3.7,-3.9,-3.9,-3.9,-4.5,-3.2,-0.3,23.1,29.4,37.4,13.4,0.0,180.5,23.5,12.5,72.4,,,OBAnorm,,LD831_02097v2.403,,,,0,0
DENATRLA,2025-06-23 23:34:09.000,27.7,27.2,25.5,20.0,15.8,15.0,13.7,12.5,8.8,7.3,9.3,14.0,15.0,15.7,17.4,17.9,16.2,16.3,15.5,13.7,12.1,12.1,16.3,24.0,11.9,2.6,-3.1,-3.9,-3.8,-3.9,-4.5,-3.1,-0.2,27.9,30.3,39.0,13.4,0.0,180.5,23.5,12.5,72.4,,,OBAnorm,,LD831_02097v2.403,,,,0,0
DENATRLA,2025-06-23 23:34:10.000,24.5,29.8,27.6,18.1,17.5,16.2,15.2,12.6,7.3,7.2,11.0,13.2,15.3,16.7,17.1,18.6,17.4,16.0,15.7,14.4,13.1,14.0,15.6,19.7,11.8,5.6,-2.6,-3.9,-3.8,-4.0,-4.5,-3.5,-0.2,26.2,29.0,35.2,13.4,0.0,180.5,23.5,12.5,72.4,,,OBAnorm,,LD831_02097v2.403,,,,0,0
DENATRLA,2025-06-23 23:34:11.000,26.7,27.2,23.8,15.5,16.6,16.7,12.5,10.5,8.1,8.0,11.2,13.8,15.9,16.5,16.8,17.6,16.7,17.2,16.2,14.2,12.7,12.9,17.1,23.1,14.6,5.0,-2.3,-3.9,-3.9,-4.0,-4.4,-3.3,-0.3,27.8,30.1,38.5,13.4,0.0,180.5,23.5,12.5,72.4,,,OBAnorm,,LD831_02097v2.403,,,,0,0
DENATRLA,2025-06-23 23:34:12.000,28.9,21.2,24.7,19.9,15.0,10.8,12.6,11.3,8.3,8.2,10.0,12.6,15.8,16.4,17.4,17.6,16.9,17.0,15.1,13.7,12.5,12.4,15.5,23.6,13.9,4.8,-2.5,-3.9,-3.8,-4.0,-4.5,-3.4,0.0,27.4,30.1,39.4,13.4,0.0,180.5,23.5,12.5,72.4,,,OBAnorm,,LD831_02097v2.403,,,,0,0
DENATRLA,2025-06-23 23:34:13.000,25.5,27.0,26.7,20.3,15.4,11.7,10.3,11.9,6.0,9.2,10.3,11.6,16.1,16.5,17.2,17.3,16.4,15.9,15.2,14.0,11.2,9.1,9.7,12.0,4.0,-1.1,-3.9,-3.9,-3.8,-4.0,-4.4,-3.3,-0.1,22.9,29.6,42.6,13.4,0.0,180.5,23.4,12.5,72.4,,,OBAnorm,,LD831_02097v2.403,,,,0,0
DENATRLA,2025-06-23 23:34:14.000,29.5,24.5,25.8,21.1,10.8,14.3,9.5,10.7,7.2,6.5,11.1,13.2,14.9,16.8,18.4,17.5,16.8,15.9,16.0,14.2,12.2,11.9,16.1,24.0,12.1,7.1,-1.8,-3.9,-3.9,-4.0,-4.6,-3.1,-0.3,27.4,30.4,44.4,13.4,0.0,180.5,23.5,12.5,72.9,,,OBAnorm,,LD831_02097v2.403,,,,0,0
DENATRLA,2025-06-23 23:34:15.000,25.8,30.2,28.4,19.8,14.7,11.6,13.3,11.1,8.4,7.6,11.0,13.9,15.3,15.9,17.5,17.7,17.5,16.6,15.0,13.9,11.8,13.5,17.8,26.6,11.4,4.9,-2.8,-3.9,-3.9,-4.0,-4.4,-3.3,-0.1,29.4,31.0,39.6,13.4,0.0,180.5,23.4,12.5,72.9,,,OBAnorm,,LD831_02097v2.403,,,,0,0
DENATRLA,2025-06-23 23:34:16.000,26.8,26.4,26.8,18.5,15.7,15.7,13.6,9.3,6.1,6.7,11.9,13.4,16.8,16.9,17.5,18.8,17.0,17.1,15.6,13.5,11.6,12.8,17.5,23.5,13.3,7.1,-1.0,-3.9,-3.8,-4.0,-4.4,-3.3,-0.2,28.1,30.6,38.8,13.4,0.0,180.5,23.5,12.5,72.4,,,OBAnorm,,LD831_02097v2.403,,,,0,0
DENATRLA,2025-06-23 23:34:17.000,27.9,23.2,27.3,20.0,15.9,15.9,14.1,12.6,8.4,7.7,10.5,12.9,15.4,16.0,17.3,17.5,16.6,17.0,16.3,14.1,12.1,9.8,8.4,8.2,3.8,0.8,-3.6,-3.9,-3.8,-4.0,-4.4,-3.2,-0.2,23.2,29.1,38.7,13.4,0.0,180.5,23.5,12.5,72.9,,,OBAnorm,,LD831_02097v2.403,,,,0,0
DENATRLA,2025-06-23 23:34:18.000,28.3,29.2,25.2,20.6,12.6,14.7,13.8,8.1,8.6,8.1,10.5,13.6,16.1,17.1,17.6,16.8,17.8,17.0,16.4,14.5,11.6,11.8,17.2,23.0,12.1,7.1,-2.5,-3.9,-3.8,-4.0,-4.4,-3.2,-0.1,27.2,29.9,36.7,13.4,0.0,180.5,23.4,12.5,72.9,,,OBAnorm,,LD831_02097v2.403,,,,0,0
DENATRLA,2025-06-23 23:34:19.000,28.5,28.2,22.1,19.5,15.5,13.4,11.8,13.0,7.8,7.6,10.3,14.0,14.9,17.0,16.9,18.4,17.8,17.4,16.1,13.9,11.5,12.4,17.5,23.1,14.9,8.5,-1.2,-3.9,-3.8,-4.0,-4.5,-3.3,-0.2,28.2,31.1,39.3,13.4,0.0,180.5,23.4,12.5,72.9,,,OBAnorm,,LD831_02097v2.403,,,,0,0
DENATRLA,2025-06-23 23:34:20.000,29.0,26.3,26.1,20.3,14.3,13.5,11.9,10.2,6.6,7.0,12.0,12.2,16.1,17.2,16.4,17.5,17.1,17.5,15.8,14.0,11.4,12.3,16.0,25.2,12.8,8.1,-1.5,-3.9,-3.8,-4.1,-4.4,-3.3,-0.2,28.6,31.2,39.2,13.4,0.0,180.6,23.4,12.5,72.9,,,OBAnorm,,LD831_02097v2.403,,,,0,0
DENATRLA,2025-06-23 23:34:21.000,28.2,30.5,23.8,19.2,15.7,14.2,12.9,11.0,6.1,8.3,8.8,11.5,14.9,16.2,18.0,17.4,17.0,17.1,15.7,14.9,12.3,10.4,9.3,9.5,1.8,-2.4,-3.9,-3.9,-3.9,-4.0,-4.5,-3.3,-0.2,23.4,28.6,35.5,13.4,0.0,180.5,23.4,12.5,72.9,,,OBAnorm,,LD831_02097v2.403,,,,0,0
DENATRLA,2025-06-23 23:34:22.000,34.9,28.9,26.1,18.4,15.9,14.2,13.6,11.5,8.6,8.9,9.7,12.2,14.9,17.6,17.0,16.9,16.9,17.3,16.1,14.4,11.8,13.8,16.0,20.0,12.1,5.0,-2.8,-3.8,-3.8,-4.0,-4.5,-3.2,-0.1,26.1,32.3,41.3,13.4,0.0,180.5,23.5,12.5,72.4,,,OBAnorm,,LD831_02097v2.403,,,,0,0
DENATRLA,2025-06-23 23:34:23.000,29.1,29.4,26.6,19.9,13.6,14.2,12.9,10.9,8.9,7.7,11.0,13.9,15.9,16.8,18.0,17.2,17.1,17.4,16.0,14.4,11.7,13.1,16.7,21.7,14.3,4.8,-1.8,-3.9,-3.7,-3.9,-4.5,-3.2,-0.2,27.1,32.9,42.6,13.4,0.0,180.5,23.4,12.5,72.4,,,OBAnorm,,LD831_02097v2.403,,,,0,0
DENATRLA,2025-06-23 23:34:24.000,26.2,31.0,27.9,20.3,14.0,15.0,14.4,11.3,6.7,8.2,10.1,13.5,15.4,16.3,17.8,16.0,16.7,16.8,16.2,14.8,11.7,12.4,15.6,17.9,12.5,5.3,-3.3,-3.9,-3.8,-4.0,-4.5,-3.2,-0.1,25.5,32.2,41.6,13.4,0.0,180.5,23.4,12.5,72.4,,,OBAnorm,,LD831_02097v2.403,,,,0,0
DENATRLA,2025-06-23 23:34:25.000,33.9,38.1,34.1,21.7,15.1,13.8,13.7,11.1,8.2,8.0,8.5,12.8,15.7,15.7,16.5,17.5,16.8,17.1,15.3,13.1,11.5,12.1,16.7,22.0,11.4,3.9,-2.6,-3.9,-3.8,-4.0,-4.5,-3.2,-0.2,27.0,32.7,41.5,13.4,0.0,180.5,23.5,12.5,72.9,,,OBAnorm,,LD831_02097v2.403,,,,0,0
DENATRLA,2025-06-23 23:34:26.000,32.9,33.0,29.6,20.6,15.8,15.1,9.8,10.5,5.1,5.6,10.0,13.6,15.6,17.6,16.3,16.5,16.5,16.4,16.0,13.6,11.5,8.2,6.7,7.0,1.0,-1.4,-4.0,-3.9,-3.9,-4.1,-4.5,-3.3,-0.2,22.6,31.8,42.9,13.4,0.0,180.5,23.4,12.5,72.9,,,OBAnorm,,LD831_02097v2.403,,,,0,0
DENATRLA,2025-06-23 23:34:27.000,39.4,33.9,27.3,20.3,16.4,12.8,13.4,7.2,7.0,6.3,9.4,13.1,15.9,16.8,17.3,17.3,15.9,16.7,15.8,13.4,12.1,11.8,17.6,23.0,9.6,3.2,-3.2,-3.9,-3.8,-3.9,-4.4,-3.2,-0.2,27.4,30.5,40.1,13.4,0.0,180.5,23.4,12.5,72.9,,,OBAnorm,,LD831_02097v2.403,,,,0,0
DENATRLA,2025-06-23 23:34:28.000,35.2,33.9,29.5,20.3,14.5,12.6,12.1,11.8,6.9,5.3,10.4,12.9,14.3,17.7,17.4,17.8,15.8,16.9,16.0,14.5,11.9,11.9,16.4,23.9,11.9,4.3,-0.2,-3.9,-3.9,-4.0,-4.4,-3.1,0.0,27.9,30.1,38.2,13.4,0.0,180.6,23.4,12.5,72.9,,,OBAnorm,,LD831_02097v2.403,,,,0,0
DENATRLA,2025-06-23 23:34:29.000,32.3,25.7,22.4,18.6,13.8,14.3,14.4,10.5,7.5,6.5,10.5,13.2,14.4,17.0,17.2,17.4,15.6,17.1,16.8,13.7,11.7,11.4,16.5,22.9,11.4,3.5,-1.7,-3.9,-3.8,-4.0,-4.5,-3.2,-0.1,27.1,29.5,36.4,13.4,0.0,180.5,23.4,12.5,72.9,,,OBAnorm,,LD831_02097v2.403,,,,0,0
DENATRLA,2025-06-23 23:34:30.000,30.8,29.4,23.3,21.2,15.2,12.1,13.7,12.5,8.2,6.7,8.7,13.4,14.9,16.8,17.8,17.1,16.8,17.1,16.4,14.6,12.0,9.1,7.9,8.4,4.9,1.2,-3.9,-3.9,-3.9,-4.0,-4.5,-3.3,-0.2,23.4,28.7,35.7,13.4,0.0,180.5,23.4,12.5,72.4,,,OBAnorm,,LD831_02097v2.403,,,,0,0
DENATRLA,2025-06-23 23:34:31.000,20.4,23.2,24.4,17.9,17.6,15.0,12.2,12.5,8.2,8.3,10.5,14.2,16.0,17.4,17.1,17.0,16.0,16.8,15.3,14.0,11.6,11.7,17.8,23.3,13.2,8.0,-1.3,-3.9,-3.8,-4.0,-4.5,-3.2,-0.4,27.9,30.0,36.6,13.4,0.0,180.5,23.4,12.5,72.4,,,OBAnorm,,LD831_02097v2.403,,,,0,0
DENATRLA,2025-06-23 23:34:32.000,26.8,22.9,26.0,18.0,16.1,12.5,13.8,9.1,9.3,9.0,10.4,13.2,16.0,18.1,17.9,16.7,17.7,16.2,15.3,14.4,12.2,12.2,16.6,22.5,10.5,5.4,-2.3,-3.9,-3.9,-4.0,-4.5,-3.4,-0.2,26.7,29.6,36.3,13.4,0.0,180.5,23.4,12.5,72.9,,,OBAnorm,,LD831_02097v2.403,,,,0,0
DENATRLA,2025-06-23 23:34:33.000,24.9,28.7,23.3,18.4,11.5,13.3,14.4,9.8,6.7,8.4,11.8,13.4,17.5,18.0,18.0,17.6,17.0,17.1,16.4,14.4,12.1,11.9,16.9,22.7,9.7,3.1,-2.1,-3.9,-3.9,-4.0,-4.5,-3.3,-0.1,26.9,30.3,36.6,13.4,0.0,180.5,23.4,12.5,72.9,,,OBAnorm,,LD831_02097v2.403,,,,0,0
DENATRLA,2025-06-23 23:34:34.000,25.9,26.8,23.4,17.8,14.6,12.8,11.8,11.4,8.5,6.9,10.0,14.4,17.3,16.8,17.0,18.0,16.4,17.2,15.2,14.2,12.4,11.3,16.3,22.7,13.3,2.9,-2.4,-3.9,-3.8,-3.9,-4.5,-3.3,-0.2,26.9,31.0,37.9,13.4,0.0,180.5,23.4,12.5,72.9,,,OBAnorm,,LD831_02097v2.403,,,,0,0
DENATRLA,2025-06-23 23:34:35.000,25.6,30.7,21.8,19.9,15.9,14.7,11.7,10.4,7.3,7.9,10.8,15.1,15.3,17.3,18.5,17.4,16.7,17.5,16.2,14.8,13.0,10.1,10.0,10.8,8.4,-1.6,-3.9,-3.9,-3.9,-4.0,-4.5,-3.3,-0.3,23.8,30.5,37.6,13.4,0.0,180.5,23.4,12.5,72.9,,,OBAnorm,,LD831_02097v2.403,,,,0,0
DENATRLA,2025-06-23 23:34:36.000,26.6,34.0,22.5,16.9,13.0,16.4,14.1,10.9,8.3,8.8,9.4,13.6,15.4,16.8,16.5,16.8,16.1,16.9,15.7,14.1,12.3,13.0,17.6,21.3,14.1,4.1,-2.0,-3.9,-3.8,-4.0,-4.5,-3.4,-0.1,27.0,30.7,37.5,13.4,0.0,180.5,23.5,12.5,72.9,,,OBAnorm,,LD831_02097v2.403,,,,0,0
DENATRLA,2025-06-23 23:34:37.000,24.0,33.3,24.3,16.2,9.9,16.2,14.0,10.7,9.9,8.2,9.5,13.9,16.3,16.8,17.6,17.3,16.6,16.8,15.1,14.3,12.7,12.3,17.7,22.8,7.3,5.4,-2.8,-3.9,-3.9,-4.0,-4.5,-3.3,-0.2,27.0,30.6,36.4,13.4,0.0,180.5,23.4,12.5,72.9,,,OBAnorm,,LD831_02097v2.403,,,,0,0
DENATRLA,2025-06-23 23:34:38.000,20.8,35.2,23.5,20.1,16.0,16.0,15.6,11.0,9.4,9.0,11.0,14.5,16.5,15.7,16.8,16.1,16.0,17.3,16.0,15.0,12.7,13.8,19.5,20.3,11.5,4.1,-2.8,-3.9,-3.8,-3.9,-4.5,-3.2,-0.1,26.7,30.5,40.1,13.4,0.0,180.5,23.4,12.5,72.9,,,OBAnorm,,LD831_02097v2.403,,,,0,0
DENATRLA,2025-06-23 23:34:39.000,22.4,33.0,24.2,21.1,15.4,15.1,13.8,10.9,8.5,10.0,11.8,13.7,15.0,17.3,17.7,17.2,16.1,17.2,16.2,15.4,13.1,13.1,12.0,10.3,12.4,5.4,-1.9,-3.9,-3.8,-4.1,-4.5,-3.3,-0.2,27.6,30.9,38.2,13.4,0.0,180.5,23.4,12.5,72.9,,,OBAnorm,,LD831_02097v2.403,,,,0,0
DENATRLA,2025-06-23 23:34:40.000,25.0,30.4,19.3,18.7,16.0,15.4,13.8,13.3,9.1,7.5,10.0,13.9,15.5,16.8,17.2,16.6,16.6,16.9,16.2,14.6,13.4,12.4,16.2,24.7,8.9,2.5,-3.2,-3.9,-3.8,-3.9,-4.4,-3.3,-0.2,24.8,29.7,42.0,13.4,0.0,180.5,23.5,12.5,72.9,,,OBAnorm,,LD831_02097v2.403,,,,0,0
DENATRLA,2025-06-23 23:34:41.000,27.7,34.7,25.0,18.3,16.9,14.7,13.1,11.1,8.0,7.5,11.6,13.2,15.3,16.6,17.4,16.5,16.2,16.9,16.1,14.7,12.8,13.6,18.0,21.4,14.7,6.8,-1.9,-3.9,-3.9,-3.9,-4.5,-3.2,-0.3,27.4,30.0,41.7,13.4,0.0,180.5,23.4,12.4,72.9,,,OBAnorm,,LD831_02097v2.403,,,,0,0
DENATRLA,2025-06-23 23:34:42.000,28.9,31.7,20.5,13.3,17.9,14.8,12.1,11.2,9.7,7.2,11.7,13.4,15.5,18.2,18.4,16.0,16.0,17.0,16.2,15.0,13.2,13.1,17.1,23.3,9.9,3.5,-3.0,-3.9,-3.9,-4.0,-4.5,-3.3,-0.2,27.7,30.8,42.3,13.4,0.0,180.5,23.4,12.4,72.9,,,OBAnorm,,LD831_02097v2.403,,,,0,0
DENATRLA,2025-06-23 23:34:43.000,24.7,28.9,24.9,15.8,16.1,12.0,15.6,11.8,8.6,7.4,10.9,14.2,15.5,17.0,16.6,17.0,16.7,16.8,16.0,14.4,12.6,12.2,15.4,21.3,11.7,3.0,-3.0,-3.9,-3.8,-3.9,-4.5,-3.2,-0.1,26.8,30.3,40.5,13.4,0.0,180.6,23.4,12.4,72.9,,,OBAnorm,,LD831_02097v2.403,,,,0,0
DENATRLA,2025-06-23 23:34:44.000,25.2,32.3,20.3,18.0,15.9,16.0,13.5,11.3,5.9,7.4,11.0,13.0,15.3,16.4,16.5,20.8,16.7,15.8,16.3,14.8,13.2,10.7,9.5,8.2,2.1,-1.3,-3.9,-3.9,-3.9,-4.0,-4.4,-3.1,-0.2,23.6,29.7,41.9,13.4,0.0,180.0,23.4,12.4,72.9,,,OBAnorm,,LD831_02097v2.403,,,,0,0
DENATRLA,2025-06-23 23:34:45.000,29.7,31.1,24.3,16.5,12.6,13.4,14.4,9.2,7.8,8.9,11.8,12.6,15.6,16.8,16.4,16.4,15.9,16.5,15.6,14.6,12.7,11.5,16.3,23.0,14.6,3.5,-2.5,-3.9,-3.9,-3.9,-4.5,-3.1,-0.1,27.4,31.3,45.4,13.4,0.0,179.2,23.4,12.4,72.9,,,OBAnorm,,LD831_02097v2.403,,,,0,0
DENATRLA,2025-06-23 23:34:46.000,24.5,31.1,21.7,18.8,15.0,15.6,13.0,9.0,8.2,8.2,11.5,13.1,15.6,16.0,17.3,17.7,16.5,16.2,15.6,14.8,12.4,12.1,16.7,20.2,6.7,6.2,-2.8,-3.9,-3.8,-4.0,-4.5,-3.3,-0.2,25.8,30.7,43.1,13.4,0.0,179.1,23.4,12.4,72.9,,,OBAnorm,,LD831_02097v2.403,,,,0,0
DENATRLA,2025-06-23 23:34:47.000,20.4,33.9,27.6,16.5,15.3,12.7,13.5,10.6,8.5,7.7,10.8,13.6,15.3,17.8,17.2,17.2,16.9,16.0,15.8,13.8,11.9,12.7,17.6,25.5,15.8,7.7,-1.2,-3.8,-3.8,-4.0,-4.5,-3.2,-0.1,28.8,32.6,44.4,13.4,0.0,179.1,23.5,12.4,72.9,,,OBAnorm,,LD831_02097v2.403,,,,0,0
DENATRLA,2025-06-23 23:34:48.000,28.6,34.2,25.4,17.9,16.4,13.7,13.8,12.8,7.1,7.5,8.8,13.4,15.6,16.3,16.8,17.5,16.2,15.9,15.0,14.6,12.9,15.0,17.8,22.1,14.5,5.5,-2.1,-3.9,-3.8,-4.0,-4.5,-3.4,-0.2,27.2,30.7,47.1,13.4,0.0,179.1,23.4,12.4,72.9,,,OBAnorm,,LD831_02097v2.403,,,,0,0
DENATRLA,2025-06-23 23:34:49.000,23.0,36.7,25.7,17.5,14.4,10.8,10.7,11.0,8.0,8.4,10.7,13.2,15.1,16.6,17.3,17.7,16.9,16.4,16.2,13.5,12.2,10.2,7.3,6.6,3.9,-2.3,-3.7,-3.9,-3.9,-4.0,-4.5,-3.3,-0.2,23.9,29.4,44.1,13.4,0.0,179.1,23.4,12.4,72.9,,,OBAnorm,,LD831_02097v2.403,,,,0,0
DENATRLA,2025-06-23 23:34:50.000,20.7,33.7,19.8,18.9,17.7,13.6,14.4,12.0,9.0,7.7,10.6,12.5,15.8,16.3,17.4,17.9,16.4,16.6,15.8,14.6,12.3,14.0,16.7,21.6,13.3,5.2,-1.8,-3.8,-3.9,-4.0,-4.5,-3.3,-0.1,26.5,29.7,45.5,13.4,0.0,179.1,23.4,12.4,72.9,,,OBAnorm,,LD831_02097v2.403,,,,0,0
DENATRLA,2025-06-23 23:34:51.000,28.5,28.6,21.4,12.8,13.1,13.8,11.8,11.0,7.7,8.4,10.6,13.9,14.8,17.2,16.8,16.7,16.1,16.0,15.5,14.3,12.1,11.9,17.4,22.9,12.6,7.6,-0.8,-3.8,-3.8,-4.0,-4.5,-3.3,-0.2,27.0,29.7,39.2,13.4,0.0,179.1,23.4,12.4,72.9,,,OBAnorm,,LD831_02097v2.403,,,,0,0
DENATRLA,2025-06-23 23:34:52.000,28.7,27.9,20.9,18.6,15.3,11.8,13.6,11.4,7.5,7.5,9.5,14.2,16.1,16.2,16.8,16.8,15.4,16.9,15.2,14.2,12.0,13.7,18.1,24.6,12.8,5.1,-2.6,-3.9,-3.8,-4.0,-4.5,-3.3,-0.2,28.3,30.2,39.1,13.4,0.0,179.1,23.4,12.4,72.9,,,OBAnorm,,LD831_02097v2.403,,,,0,0
DENATRLA,2025-06-23 23:34:53.000,26.1,26.6,24.5,16.4,13.1,10.8,12.7,10.2,10.0,7.5,9.4,12.9,14.4,15.3,15.2,17.4,15.9,15.6,14.9,13.8,11.8,12.1,15.1,24.5,17.9,3.9,-2.7,-3.9,-3.9,-4.0,-4.5,-3.3,-0.1,28.5,30.6,42.6,13.4,0.0,179.1,23.4,12.4,72.9,,,OBAnorm,,LD831_02097v2.403,,,,0,0
DENATRLA,2025-06-23 23:34:54.000,28.1,30.1,24.1,19.9,13.1,13.2,12.5,11.7,6.6,7.0,10.3,13.2,15.0,15.5,16.8,16.9,16.0,16.1,15.1,13.9,11.4,8.5,6.5,9.2,6.7,4.0,-2.0,-3.8,-3.8,-4.0,-4.5,-3.2,-0.2,22.6,28.2,40.9,13.4,0.0,179.1,23.4,12.4,72.9,,,OBAnorm,,LD831_02097v2.403,,,,0,0
DENATRLA,2025-06-23 23:34:55.000,26.6,29.5,21.6,17.1,14.7,12.2,11.5,10.9,6.1,4.9,11.0,13.1,14.3,16.0,17.2,16.8,16.3,15.6,15.2,13.8,11.7,10.9,15.8,24.3,14.7,2.4,-1.8,-3.8,-3.9,-4.0,-4.4,-3.2,-0.2,28.2,30.2,40.7,13.4,0.0,179.1,23.4,12.4,72.9,,,OBAnorm,,LD831_02097v2.403,,,,0,0
DENATRLA,2025-06-23 23:34:56.000,26.7,29.1,25.9,17.7,14.8,12.9,15.1,9.4,5.9,6.4,8.2,11.6,14.1,15.7,16.9,16.7,16.1,16.2,14.5,13.2,11.7,12.4,17.3,23.6,12.7,6.7,1.8,-3.9,-3.8,-3.9,-4.4,-3.2,-0.2,27.4,30.0,41.5,13.4,0.0,179.1,23.4,12.4,72.9,,,OBAnorm,,LD831_02097v2.403,,,,0,0
DENATRLA,2025-06-23 23:34:57.000,24.2,29.6,23.5,20.8,11.9,14.9,13.7,10.4,7.3,6.2,9.6,12.0,14.7,16.1,15.9,18.8,15.8,15.6,15.2,13.7,11.5,11.3,16.5,22.9,16.7,2.8,-0.6,-3.8,-3.8,-4.0,-4.4,-3.4,-0.3,27.8,30.0,40.4,13.4,0.0,179.1,23.4,12.4,72.9,,,OBAnorm,,LD831_02097v2.403,,,,0,0
DENATRLA,2025-06-23 23:34:58.000,30.3,26.6,23.4,20.5,13.6,14.2,15.1,12.3,8.7,7.4,9.6,12.5,15.4,16.5,16.7,21.3,16.1,16.4,14.6,13.0,11.1,9.3,7.7,8.3,4.6,-1.8,-3.8,-3.9,-3.8,-4.0,-4.5,-3.2,-0.1,22.9,28.8,41.9,13.4,0.0,179.2,23.4,12.4,72.9,,,OBAnorm,,LD831_02097v2.403,,,,0,0
DENATRLA,2025-06-23 23:34:59.000,26.9,27.7,19.9,18.3,17.1,12.6,10.9,11.3,8.4,7.5,9.9,12.0,15.7,16.0,17.4,18.2,16.1,16.2,15.1,13.6,12.0,12.1,17.1,24.3,15.4,2.7,-1.9,-3.8,-3.9,-4.0,-4.5,-3.2,-0.2,28.4,29.9,37.3,13.4,0.0,179.1,23.4,12.4,72.9,,,OBAnorm,,LD831_02097v2.403,,,,0,0
DENATRLA,2025-06-23 23:35:00.000,29.1,26.5,24.3,16.2,14.1,15.9,15.5,10.5,8.6,7.0,10.9,12.8,15.0,15.9,17.8,18.6,16.4,16.4,15.2,13.3,12.0,11.3,16.3,23.8,18.0,3.4,-1.0,-3.9,-3.8,-4.0,-4.5,-3.3,-0.3,28.2,30.3,42.9,13.4,0.0,179.1,23.4,12.4,73.5,,,OBAnorm,,LD831_02097v2.403,,,,0,0
DENATRLA,2025-06-23 23:35:01.000,25.6,23.3,21.3,19.4,15.6,12.4,10.7,9.7,8.3,9.4,9.8,14.0,15.6,15.9,17.2,21.5,16.2,16.3,15.6,13.5,11.8,9.7,15.2,24.3,16.0,2.6,-0.9,-3.8,-3.8,-3.9,-4.5,-3.3,-0.2,28.3,30.5,39.0,13.4,0.0,179.1,23.4,12.4,73.5,,,OBAnorm,,LD831_02097v2.403,,,,0,0
DENATRLA,2025-06-23 23:35:02.000,25.0,23.0,23.2,20.4,15.4,15.0,11.3,11.5,6.6,5.7,12.0,13.7,15.3,16.3,17.6,19.2,16.4,16.4,15.8,14.1,12.4,10.0,7.8,9.5,5.5,0.0,-1.9,-3.5,-3.8,-4.0,-4.4,-3.2,-0.2,23.3,28.2,39.2,13.4,0.0,179.0,23.4,12.4,73.5,,,OBAnorm,,LD831_02097v2.403,,,,0,0
DENATRLA,2025-06-23 23:35:03.000,27.9,26.4,25.0,21.5,14.5,14.1,12.8,11.2,7.0,7.9,10.9,13.1,16.2,16.4,17.8,18.7,16.5,16.0,15.4,13.3,11.5,10.9,17.4,26.6,12.9,3.0,-2.0,-3.8,-3.8,-4.0,-4.4,-3.3,-0.3,29.5,30.5,42.1,13.4,0.0,179.2,23.4,12.4,73.5,,,OBAnorm,,LD831_02097v2.403,,,,0,0
DENATRLA,2025-06-23 23:35:04.000,22.7,22.3,22.2,19.2,14.2,12.0,11.5,12.0,7.2,7.0,11.4,12.6,16.3,16.6,17.3,17.9,16.0,16.6,15.3,13.5,11.4,10.6,16.3,24.8,9.9,3.7,-1.8,-3.8,-3.8,-4.1,-4.5,-3.2,-0.2,28.2,29.9,37.7,13.4,0.0,179.1,23.4,12.4,73.5,,,OBAnorm,,LD831_02097v2.403,,,,0,0
DENATRLA,2025-06-23 23:35:05.000,26.2,24.1,21.1,17.2,13.7,14.4,14.4,10.8,6.7,5.5,8.2,12.1,15.6,17.1,18.1,18.1,16.6,16.3,15.1,13.4,11.2,12.0,15.2,24.5,18.7,14.6,1.3,-3.8,-3.7,-3.8,-4.5,-3.2,-0.2,28.6,30.1,38.9,13.4,0.0,179.1,23.4,12.4,73.5,,,OBAnorm,,LD831_02097v2.403,,,,0,0
DENATRLA,2025-06-23 23:35:06.000,25.5,23.3,21.6,16.8,15.5,13.4,12.3,12.9,6.3,7.3,11.0,13.5,14.7,16.1,18.2,21.7,17.3,16.4,15.7,14.0,11.8,14.8,19.5,26.9,20.8,10.3,0.9,-3.3,-3.8,-3.9,-4.4,-3.4,-0.2,30.6,31.8,42.4,13.4,0.0,179.1,23.3,12.4,73.5,,,OBAnorm,,LD831_02097v2.403,,,,0,0
DENATRLA,2025-06-23 23:35:07.000,26.2,25.4,21.7,20.2,12.5,12.5,14.8,10.1,5.5,7.8,12.0,13.8,15.0,17.5,18.7,21.4,16.5,16.7,15.6,14.2,11.6,9.2,6.6,9.2,4.9,0.5,-2.3,-3.7,-3.8,-4.0,-4.5,-3.3,-0.1,23.5,28.3,38.7,13.4,0.0,179.1,23.6,12.4,73.5,,,OBAnorm,,LD831_02097v2.403,,,,0,0
DENATRLA,2025-06-23 23:35:08.000,28.0,24.7,22.0,18.7,15.0,11.4,13.3,11.3,6.9,8.4,12.0,13.9,15.9,17.0,17.6,21.0,16.7,16.5,16.0,13.7,11.6,10.4,17.1,25.5,17.0,5.0,3.8,-3.8,-3.7,-3.7,-4.4,-3.2,0.0,29.2,30.7,41.4,13.4,0.0,179.1,23.4,12.4,73.5,,,OBAnorm,,LD831_02097v2.403,,,,0,0
DENATRLA,2025-06-23 23:35:09.000,27.3,24.3,20.3,16.1,15.2,13.7,16.4,12.5,7.0,8.8,11.0,12.0,16.3,16.7,17.5,21.3,16.1,16.5,14.9,13.9,11.8,10.6,18.8,26.5,18.4,3.7,0.2,-3.8,-3.8,-3.9,-4.5,-3.1,-0.1,30.0,31.2,38.0,13.4,0.0,179.1,23.4,12.4,73.5,,,OBAnorm,,LD831_02097v2.403,,,,0,0
DENATRLA,2025-06-23 23:35:10.000,24.9,23.9,23.9,20.7,13.8,11.4,13.7,10.8,7.5,7.9,10.7,14.7,15.2,16.9,17.6,20.6,17.0,16.6,15.5,13.6,11.0,9.5,13.3,22.7,18.9,0.7,-0.7,-3.8,-3.7,-4.0,-4.4,-3.2,-0.2,27.6,29.8,40.2,13.4,0.0,179.1,23.4,12.4,73.5,,,OBAnorm,,LD831_02097v2.403,,,,0,0
DENATRLA,2025-06-23 23:35:11.000,21.3,25.3,23.2,17.6,11.8,14.5,15.4,11.6,6.6,7.2,11.5,14.1,14.2,16.8,18.1,18.9,16.3,16.3,15.4,13.4,11.0,10.3,13.7,23.3,19.9,0.6,-0.9,-3.8,-3.8,-3.9,-4.5,-3.3,-0.2,28.0,29.8,38.6,13.4,0.0,179.1,23.4,12.4,73.5,,,OBAnorm,,LD831_02097v2.403,,,,0,0
DENATRLA,2025-06-23 23:35:12.000,20.8,26.5,21.8,16.6,15.5,14.9,10.7,10.4,7.5,8.9,10.5,12.6,15.2,16.9,17.7,18.9,16.0,15.5,15.0,13.2,11.0,10.3,12.3,14.6,13.1,1.3,-2.6,-3.7,-3.8,-4.0,-4.4,-3.4,-0.1,24.0,28.6,39.7,13.4,0.0,179.1,23.4,12.4,73.5,,,OBAnorm,,LD831_02097v2.403,,,,0,0
DENATRLA,2025-06-23 23:35:13.000,25.3,27.1,21.5,19.0,18.4,14.9,13.7,10.5,7.2,4.7,9.2,14.2,16.0,17.2,18.2,18.0,15.5,16.5,14.6,13.6,11.4,9.1,11.5,21.7,18.7,3.3,-0.3,-3.7,-3.8,-4.0,-4.4,-3.2,-0.2,26.8,29.2,39.2,13.4,0.0,178.9,23.4,12.4,73.5,,,OBAnorm,,LD831_02097v2.403,,,,0,0
DENATRLA,2025-06-23 23:35:14.000,24.0,24.1,23.0,16.2,13.7,12.2,10.3,11.7,7.8,8.4,9.5,14.0,15.2,17.0,17.4,18.9,15.1,16.7,15.8,14.1,12.1,10.3,14.9,22.4,16.4,3.9,0.2,-3.8,-3.8,-4.0,-4.4,-3.2,-0.2,27.3,29.3,36.7,13.4,0.0,178.9,23.4,12.4,73.5,,,OBAnorm,,LD831_02097v2.403,,,,0,0
DENATRLA,2025-06-23 23:35:15.000,23.4,22.6,22.0,16.0,16.2,11.7,14.7,11.9,8.7,7.5,10.2,14.2,15.8,15.6,17.0,17.6,16.4,16.0,15.8,14.0,11.8,10.0,13.4,23.8,19.0,1.7,0.5,-3.5,-3.7,-3.9,-4.5,-3.3,0.0,28.0,29.8,37.0,13.4,0.0,178.9,23.4,12.4,73.5,,,OBAnorm,,LD831_02097v2.403,,,,0,0
DENATRLA,2025-06-23 23:35:16.000,28.0,21.2,22.8,17.8,16.7,15.3,12.7,11.7,8.4,6.2,9.6,13.8,14.4,17.1,17.8,18.7,15.8,15.8,15.4,13.9,11.9,9.5,14.7,24.1,17.3,4.2,-0.6,-3.6,-3.7,-3.9,-4.4,-3.3,-0.2,27.9,29.6,36.1,13.4,0.0,178.9,23.4,12.4,73.5,,,OBAnorm,,LD831_02097v2.403,,,,0,0
DENATRLA,2025-06-23 23:35:17.000,25.1,25.3,21.7,16.3,14.1,14.9,12.4,10.5,8.0,8.4,10.0,13.5,15.3,16.5,16.2,18.1,15.8,16.1,15.5,13.3,11.7,9.1,6.9,12.3,7.5,0.9,-1.4,-3.2,-3.7,-3.9,-4.5,-3.3,-0.2,22.9,28.4,36.6,13.4,0.0,179.0,23.4,12.4,73.5,,,OBAnorm,,LD831_02097v2.403,,,,0,0
DENATRLA,2025-06-23 23:35:18.000,22.1,23.4,25.7,16.6,14.4,13.9,13.0,12.2,6.1,6.3,10.8,14.2,15.6,17.1,17.4,18.6,15.7,16.5,14.8,13.1,11.0,9.0,11.1,22.2,20.8,2.1,0.1,-3.0,-3.7,-3.9,-4.5,-3.2,-0.3,27.3,29.3,36.5,13.4,0.0,179.0,23.4,12.4,73.5,,,OBAnorm,,LD831_02097v2.403,,,,0,0
DENATRLA,2025-06-23 23:35:19.000,18.7,26.2,23.3,17.0,15.0,13.3,11.8,9.0,7.5,6.9,9.4,13.4,16.2,16.6,16.9,19.8,16.1,16.9,14.8,13.5,11.5,9.6,13.2,23.5,17.2,1.7,1.5,-3.4,-3.7,-4.0,-4.5,-3.3,-0.2,27.7,29.7,35.9,13.4,0.0,178.9,23.4,12.4,73.5,,,OBAnorm,,LD831_02097v2.403,,,,0,0
DENATRLA,2025-06-23 23:35:20.000,26.3,27.3,20.9,18.3,14.8,13.2,10.5,8.1,6.9,6.0,9.0,12.1,14.7,16.8,17.3,17.5,16.9,16.3,14.7,12.9,10.9,11.3,15.8,24.2,21.8,7.6,1.6,-3.3,-3.8,-4.0,-4.5,-3.3,-0.3,28.8,29.9,36.2,13.4,0.0,178.9,23.3,12.4,73.5,,,OBAnorm,,LD831_02097v2.403,,,,0,0
DENATRLA,2025-06-23 23:35:21.000,25.4,22.5,22.9,17.6,14.5,13.0,12.8,10.9,8.2,7.7,9.3,13.1,15.6,17.0,16.8,17.5,15.8,15.3,15.3,12.7,10.8,13.4,18.0,23.2,15.7,6.5,-1.5,-3.6,-3.8,-4.0,-4.5,-3.1,-0.1,27.9,30.0,44.2,13.4,0.0,179.0,23.4,12.4,73.5,,,OBAnorm,,LD831_02097v2.403,,,,0,0
DENATRLA,2025-06-23 23:35:22.000,23.1,22.4,19.8,19.9,15.3,11.1,13.9,9.8,7.2,6.8,8.8,13.8,15.7,15.2,17.7,16.8,15.4,16.0,15.3,13.0,11.2,10.5,17.9,28.0,19.9,4.7,2.6,-3.7,-3.7,-3.8,-4.4,-3.3,-0.2,30.5,31.2,40.8,13.4,0.0,178.9,23.3,12.4,73.5,,,OBAnorm,,LD831_02097v2.403,,,,0,0
DENATRLA,2025-06-23 23:35:23.000,27.7,26.0,22.5,20.5,13.5,10.4,11.8,11.6,7.5,6.0,10.1,12.5,15.4,16.9,17.6,17.0,16.2,15.9,15.5,13.5,10.3,8.9,15.3,26.3,23.0,4.0,2.5,-3.7,-3.8,-3.8,-4.5,-3.2,-0.2,29.9,30.7,39.1,13.4,0.0,178.2,23.4,12.4,73.5,,,OBAnorm,,LD831_02097v2.403,,,,0,0
DENATRLA,2025-06-23 23:35:24.000,25.4,27.0,21.6,18.4,12.4,10.7,11.9,11.4,5.9,6.9,10.3,12.2,15.9,16.3,17.5,18.1,15.7,15.4,14.6,12.9,10.4,7.7,13.8,23.6,17.9,1.1,-0.7,-3.5,-3.7,-4.0,-4.4,-3.1,-0.1,27.7,30.2,40.8,13.4,0.0,178.1,23.4,12.4,73.5,,,OBAnorm,,LD831_02097v2.403,,,,0,0
DENATRLA,2025-06-23 23:35:25.000,25.8,22.1,25.8,19.9,15.7,11.2,12.0,8.7,7.4,6.0,10.3,12.6,15.1,16.8,17.5,17.1,15.6,15.9,14.4,12.8,9.9,7.5,9.8,24.2,23.1,1.5,0.1,-3.6,-3.8,-3.9,-4.4,-3.4,-0.2,29.0,31.0,41.4,13.4,0.0,178.1,23.4,12.4,73.5,,,OBAnorm,,LD831_02097v2.403,,,,0,0
DENATRLA,2025-06-23 23:35:26.000,24.9,19.2,30.9,19.8,15.2,14.5,11.5,10.6,4.9,5.6,9.4,13.0,14.9,16.7,17.8,17.6,16.2,16.3,14.7,12.7,10.6,10.2,10.5,18.1,19.3,4.2,-1.2,-3.7,-3.8,-4.1,-4.5,-3.3,-0.2,25.5,28.9,37.3,13.4,0.0,177.8,23.4,12.4,73.5,,,OBAnorm,,LD831_02097v2.403,,,,0,0
DENATRLA,2025-06-23 23:35:27.000,27.6,27.4,26.4,18.0,15.5,14.3,12.1,11.6,6.2,7.4,10.3,13.4,15.1,15.8,17.9,17.6,16.1,16.3,15.3,13.1,10.8,9.8,15.6,21.3,20.8,6.6,0.5,-3.7,-3.7,-3.9,-4.5,-3.2,-0.1,27.6,31.9,42.7,13.4,0.0,176.4,23.4,12.4,73.5,,,OBAnorm,,LD831_02097v2.403,,,,0,0
DENATRLA,2025-06-23 23:35:28.000,26.5,25.4,22.8,20.8,14.0,13.4,13.1,11.8,8.8,8.0,10.5,13.7,15.2,16.2,17.9,18.0,16.1,15.8,14.5,12.8,12.0,14.2,15.4,24.4,16.6,0.2,-0.7,-3.8,-3.8,-4.0,-4.5,-3.3,-0.2,28.2,31.0,38.4,13.4,0.0,176.3,23.4,12.4,73.5,,,OBAnorm,,LD831_02097v2.403,,,,0,0
DENATRLA,2025-06-23 23:35:29.000,27.2,29.5,29.8,21.2,16.2,10.8,12.6,10.5,5.1,6.0,8.7,13.4,15.1,16.3,16.9,16.8,15.5,15.8,14.6,13.0,10.9,9.3,12.0,20.8,19.3,1.1,-0.5,-3.8,-3.8,-4.0,-4.4,-3.2,-0.2,26.6,29.7,40.8,13.4,0.0,176.3,23.3,12.4,73.5,,,OBAnorm,,LD831_02097v2.403,,,,0,0
DENATRLA,2025-06-23 23:35:30.000,34.0,32.3,29.7,20.3,13.4,12.3,10.2,10.7,7.0,7.0,10.3,13.7,15.3,15.2,16.4,17.1,15.8,15.9,14.5,12.7,11.7,13.7,14.7,16.8,6.8,1.2,-3.1,-3.8,-3.8,-3.9,-4.5,-3.1,-0.2,24.5,29.2,44.8,13.4,0.0,176.3,23.3,12.4,73.5,,,OBAnorm,,LD831_02097v2.403,,,,0,0
DENATRLA,2025-06-23 23:35:31.000,27.9,28.9,26.9,18.1,16.5,12.8,15.2,12.5,6.1,8.2,9.6,13.5,14.7,17.2,16.6,17.3,15.6,15.9,15.4,13.1,11.2,11.6,14.1,22.6,22.5,4.3,0.1,-3.8,-3.5,-3.4,-4.4,-3.1,-0.1,28.4,30.0,43.2,13.4,0.0,176.3,23.3,12.4,73.5,,,OBAnorm,,LD831_02097v2.403,,,,0,0
DENATRLA,2025-06-23 23:35:32.000,24.5,27.3,21.9,19.9,16.9,15.5,16.2,11.1,7.9,5.7,10.8,12.9,15.2,16.2,16.7,16.5,15.6,15.9,14.9,13.0,10.8,8.0,6.9,9.8,8.8,6.0,-1.5,-3.7,-3.8,-3.9,-4.4,-3.2,-0.1,22.5,28.6,45.5,13.4,0.0,176.3,23.4,12.4,73.5,,,OBAnorm,,LD831_02097v2.403,,,,0,0
DENATRLA,2025-06-23 23:35:33.000,26.4,26.5,22.8,18.1,14.9,13.5,14.6,13.8,8.2,7.9,10.1,14.2,16.4,16.2,17.0,16.5,15.6,16.7,14.6,13.6,11.2,8.4,13.2,21.5,20.0,0.6,-2.4,-3.7,-3.6,-4.0,-4.4,-3.2,-0.2,27.2,29.3,40.3,13.4,0.0,176.3,23.4,12.4,73.5,,,OBAnorm,,LD831_02097v2.403,,,,0,0
DENATRLA,2025-06-23 23:35:34.000,24.0,23.6,24.0,15.6,14.4,12.1,13.2,9.3,6.6,7.2,10.2,14.5,14.2,16.1,17.2,16.4,16.0,16.5,15.3,12.9,11.0,8.5,11.4,20.8,22.3,1.8,-1.0,-3.7,-3.4,-3.7,-4.4,-3.2,-0.1,27.3,29.5,40.5,13.4,0.0,176.3,23.4,12.4,73.5,,,OBAnorm,,LD831_02097v2.403,,,,0,0
DENATRLA,2025-06-23 23:35:35.000,30.4,24.2,22.1,15.7,13.4,14.1,15.2,10.9,7.4,7.4,10.1,13.3,14.8,15.8,17.4,16.3,15.7,16.1,14.9,12.9,10.7,7.9,13.9,23.3,23.2,18.7,-1.9,-3.8,-3.6,-3.8,-4.5,-3.2,-0.1,29.2,30.4,37.1,13.4,0.0,176.3,23.3,12.4,73.5,,,OBAnorm,,LD831_02097v2.403,,,,0,0
DENATRLA,2025-06-23 23:35:36.000,24.5,26.1,19.6,19.6,12.9,15.3,15.0,11.9,8.3,8.7,10.5,13.9,15.8,16.5,17.3,17.2,16.5,15.7,14.9,12.8,11.3,13.7,14.3,22.0,21.2,7.0,-1.7,-3.8,-3.6,-3.8,-4.5,-3.3,-0.1,28.0,29.7,35.1,13.4,0.0,176.1,23.4,12.4,73.5,,,OBAnorm,,LD831_02097v2.403,,,,0,0
DENATRLA,2025-06-23 23:35:37.000,29.8,25.7,21.8,18.2,12.3,16.8,14.2,12.6,7.1,8.8,10.1,13.8,15.3,15.8,16.4,16.3,16.3,15.9,14.8,13.4,11.6,11.5,11.2,12.9,11.2,6.2,-0.3,-3.7,-3.6,-3.9,-4.4,-2.9,0.0,23.5,27.5,34.0,13.4,0.0,176.1,23.4,12.4,73.5,,,OBAnorm,,LD831_02097v2.403,,,,0,0
DENATRLA,2025-06-23 23:35:38.000,27.7,24.4,20.9,18.6,16.3,14.3,14.9,10.6,8.2,6.9,10.5,13.3,16.0,16.4,17.1,16.5,16.1,15.8,15.2,13.6,11.1,8.5,11.4,20.9,21.4,1.5,-0.1,-3.7,-3.6,-3.7,-4.3,-2.9,-0.1,27.3,29.5,37.5,13.4,0.0,174.3,23.4,12.4,73.5,,,OBAnorm,,LD831_02097v2.403,,,,0,0
DENATRLA,2025-06-23 23:35:39.000,21.7,23.7,19.5,18.6,18.1,15.8,14.4,11.8,6.5,7.1,11.4,12.5,16.0,16.9,17.7,16.9,15.8,16.1,15.2,13.5,10.9,8.8,10.5,21.9,23.5,0.9,-0.5,-3.7,-3.5,-3.7,-4.3,-3.2,-0.1,28.4,30.1,37.9,13.4,0.0,170.1,23.4,12.4,73.5,,,OBAnorm,,LD831_02097v2.403,,,,0,0
DENATRLA,2025-06-23 23:35:40.000,25.4,24.0,20.4,18.4,15.5,18.8,14.7,10.9,8.9,7.7,9.8,14.5,15.3,16.4,17.6,16.4,16.9,16.5,15.2,13.9,12.2,10.9,9.7,21.3,22.0,2.6,-2.3,-3.8,-3.8,-3.8,-4.4,-3.1,-0.1,27.8,29.9,37.4,13.4,0.0,169.9,23.3,12.4,73.5,,,OBAnorm,,LD831_02097v2.403,,,,0,0
DENATRLA,2025-06-23 23:35:41.000,23.6,26.7,21.2,15.5,13.1,14.9,13.9,9.8,6.7,6.4,9.7,13.7,16.0,16.7,17.7,16.7,16.4,16.2,15.9,14.3,12.0,9.5,16.0,22.3,22.9,1.1,-2.7,-3.8,-3.6,-3.7,-4.5,-3.3,-0.2,28.7,29.7,37.5,13.4,0.0,168.8,23.3,12.4,73.5,,,OBAnorm,,LD831_02097v2.403,,,,0,0
DENATRLA,2025-06-23 23:35:42.000,27.2,28.3,21.6,19.3,15.7,14.0,13.5,11.3,7.9,4.8,8.3,11.3,15.7,17.0,17.0,18.2,17.1,17.5,15.5,14.1,12.9,12.2,12.1,16.4,15.7,12.6,-0.9,-3.8,-3.9,-3.9,-4.5,-3.2,-0.2,25.4,28.7,36.4,13.4,0.0,166.0,23.4,12.4,73.5,,,OBAnorm,,LD831_02097v2.403,,,,0,0
DENATRLA,2025-06-23 23:35:43.000,22.7,26.6,19.7,16.5,9.1,11.1,11.1,11.9,7.7,8.2,11.4,13.3,15.3,17.0,17.8,17.3,17.2,16.6,15.8,14.1,11.5,9.1,12.2,22.0,19.3,10.3,-2.0,-3.8,-3.6,-3.8,-4.5,-3.3,-0.1,27.3,29.8,39.7,13.4,0.0,163.1,23.3,12.4,73.5,,,OBAnorm,,LD831_02097v2.403,,,,0,0
DENATRLA,2025-06-23 23:35:44.000,25.9,20.1,19.3,19.2,15.1,14.5,16.2,12.4,6.3,7.4,9.1,13.0,15.2,16.8,17.4,17.0,16.6,16.1,15.5,13.8,10.8,8.7,10.8,22.4,23.0,-1.3,-1.8,-3.8,-3.6,-3.7,-4.5,-3.2,-0.2,28.6,30.4,46.3,13.4,0.0,159.3,23.4,12.4,73.5,,,OBAnorm,,LD831_02097v2.403,,,,0,0
DENATRLA,2025-06-23 23:35:45.000,28.1,24.0,20.3,18.6,14.0,14.4,13.9,12.0,7.1,8.3,11.5,13.6,15.6,15.8,17.3,16.7,17.0,16.4,15.2,13.2,11.6,8.9,12.8,24.0,23.3,0.3,-1.9,-3.9,-3.6,-3.7,-4.5,-3.2,-0.3,28.8,31.2,44.1,13.4,0.0,150.1,23.3,12.4,73.5,,,OBAnorm,,LD831_02097v2.403,,,,0,0
DENATRLA,2025-06-23 23:35:46.000,26.9,25.8,20.3,18.3,15.9,17.9,15.2,12.1,7.3,8.4,11.1,14.5,14.8,15.5,16.0,17.8,16.4,16.3,14.3,12.9,10.7,11.1,15.4,23.4,22.1,6.3,-2.4,-3.9,-3.7,-3.7,-4.4,-3.2,-0.1,28.5,32.9,51.1,13.4,0.0,137.4,23.3,12.3,73.5,,,OBAnorm,,LD831_02097v2.403,,,,0,0
DENATRLA,2025-06-23 23:35:47.000,27.1,22.1,26.2,24.7,20.5,18.1,14.0,13.1,9.2,7.3,10.5,12.9,14.6,16.4,17.5,17.3,17.0,16.5,14.6,14.2,12.3,10.8,8.8,14.3,13.2,3.6,-2.2,-3.9,-3.9,-3.9,-4.4,-3.3,-0.2,24.0,32.1,53.9,13.4,0.0,130.2,23.3,12.3,73.5,,,OBAnorm,,LD831_02097v2.403,,,,0,0
DENATRLA,2025-06-23 23:35:48.000,32.9,33.0,28.4,26.3,20.9,20.5,18.0,12.5,8.9,7.9,10.5,12.4,14.3,14.3,16.7,16.8,16.9,15.2,14.9,14.3,11.5,11.7,15.3,24.6,21.6,1.4,-0.9,-3.8,-3.6,-3.6,-4.4,-3.2,-0.2,29.1,34.0,53.3,13.4,0.0,123.2,23.4,12.3,73.5,,,OBAnorm,,LD831_02097v2.403,,,,0,0
DENATRLA,2025-06-23 23:35:49.000,30.2,28.8,31.3,24.8,22.7,20.5,17.8,12.3,9.9,8.8,10.6,13.0,13.5,14.2,17.1,17.1,16.8,15.8,14.7,13.2,11.2,10.1,11.2,23.6,25.1,7.0,-0.6,-3.7,-3.6,-3.6,-4.4,-3.4,-0.2,29.6,35.0,54.1,13.4,0.0,111.7,23.3,12.3,73.5,,,OBAnorm,,LD831_02097v2.403,,,,0,0
DENATRLA,2025-06-23 23:35:50.000,31.5,30.3,29.2,25.2,18.7,18.3,13.2,14.0,8.0,7.8,10.8,12.4,15.9,15.5,16.5,17.6,16.4,16.1,14.5,13.0,11.0,8.7,11.6,20.9,22.5,2.4,-1.0,-3.7,-3.8,-4.0,-4.4,-3.1,-0.2,27.7,31.2,49.3,13.4,0.0,101.7,23.3,12.3,73.5,,,OBAnorm,,LD831_02097v2.403,,,,0,0
DENATRLA,2025-06-23 23:35:51.000,32.9,32.0,31.6,24.3,20.8,13.9,11.8,10.4,6.7,6.9,10.9,14.0,14.1,16.0,17.6,19.0,16.1,15.4,14.5,13.2,10.7,9.4,9.8,17.9,13.8,1.7,-3.8,-3.8,-3.7,-3.8,-4.3,-3.2,-0.1,24.5,28.3,44.1,13.4,0.0,95.4,23.3,12.3,73.5,,,OBAnorm,,LD831_02097v2.403,,,,0,0
DENATRLA,2025-06-23 23:35:52.000,34.2,29.8,17.0,15.7,14.3,15.7,13.4,10.1,8.0,7.7,10.6,11.3,15.1,15.6,17.6,17.1,15.6,15.5,15.0,13.3,11.2,9.4,12.3,20.8,22.7,12.0,4.7,-3.8,-3.8,-3.9,-4.4,-3.2,-0.2,28.0,29.9,45.5,13.4,0.0,92.6,23.3,12.3,73.5,,,OBAnorm,,LD831_02097v2.403,,,,0,0
DENATRLA,2025-06-23 23:35:53.000,27.2,24.6,19.5,18.0,15.4,10.9,13.2,11.0,8.5,7.0,11.7,13.6,14.5,16.3,17.7,18.4,16.1,16.3,14.6,13.0,11.7,12.1,16.2,19.9,19.0,5.1,-1.6,-3.8,-3.8,-3.9,-4.5,-3.2,-0.2,26.9,29.5,41.8,13.4,0.0,90.8,23.3,12.3,73.5,,,OBAnorm,,LD831_02097v2.403,,,,0,0
DENATRLA,2025-06-23 23:35:54.000,22.4,21.7,25.8,17.1,15.1,11.8,11.7,10.8,7.6,8.0,8.7,14.2,14.8,15.7,17.0,17.7,16.0,16.3,15.0,13.1,11.1,9.2,11.3,20.6,19.2,1.7,-1.5,-3.8,-3.9,-4.1,-4.5,-3.3,-0.2,26.4,30.8,50.3,13.4,0.0,86.5,23.4,12.3,73.5,,,OBAnorm,,LD831_02097v2.403,,,,0,0
DENATRLA,2025-06-23 23:35:55.000,26.3,25.0,22.2,20.5,15.6,13.2,13.2,11.0,6.9,7.8,10.9,12.0,15.4,15.5,17.2,16.9,15.6,15.7,15.4,13.5,11.7,9.6,11.7,21.6,19.3,3.9,-2.3,-3.8,-3.7,-4.0,-4.4,-3.3,-0.2,27.0,29.7,43.4,13.4,0.0,77.3,23.3,12.3,73.5,,,OBAnorm,,LD831_02097v2.403,,,,0,0
DENATRLA,2025-06-23 23:35:56.000,23.3,27.0,24.8,21.1,15.8,13.1,15.4,11.1,7.1,6.1,11.9,14.4,15.5,16.6,17.0,17.5,16.2,15.9,13.9,12.8,10.5,10.3,11.8,15.6,15.7,4.1,-2.1,-3.8,-3.8,-3.9,-4.5,-3.2,-0.2,25.5,28.9,44.8,13.4,0.0,60.8,23.3,12.3,73.5,,,OBAnorm,,LD831_02097v2.403,,,,0,0
DENATRLA,2025-06-23 23:35:57.000,30.6,27.0,21.5,17.7,15.8,15.8,16.3,9.3,8.7,7.5,13.2,15.0,16.5,16.5,17.3,17.7,15.5,15.6,13.9,13.3,10.4,9.1,7.6,18.3,17.9,1.5,-2.3,-3.8,-3.8,-4.0,-4.4,-3.1,-0.1,24.1,28.6,40.1,13.4,0.0,49.6,23.3,12.3,71.8,,,OBAnorm,,LD831_02097v2.403,,,,0,0
DENATRLA,2025-06-23 23:35:58.000,25.1,25.7,21.4,14.6,12.7,15.8,13.0,12.2,8.2,6.0,15.4,15.2,16.5,17.0,17.6,17.8,16.1,15.4,14.4,12.9,10.5,9.2,11.6,22.6,23.0,1.0,-1.5,-3.6,-3.5,-3.1,-4.5,-3.2,-0.1,28.4,31.1,43.6,13.4,0.0,44.8,23.3,12.3,69.5,,,OBAnorm,,LD831_02097v2.403,,,,0,0
DENATRLA,2025-06-23 23:35:59.000,23.0,25.0,21.7,22.1,17.9,14.8,14.2,11.4,8.5,7.6,14.4,15.6,16.3,16.8,17.4,19.7,16.3,16.4,15.2,13.6,11.7,9.2,15.1,22.9,22.6,2.8,-2.3,-3.8,-3.7,-3.6,-4.5,-3.3,-0.1,28.7,31.3,42.6,13.4,0.0,45.2,23.4,12.3,71.8,,,OBAnorm,,LD831_02097v2.403,,,,0,0
DENATRLA,2025-06-23 23:36:00.000,28.3,28.4,23.8,18.5,16.6,14.7,15.0,11.7,8.2,7.6,11.1,15.0,16.7,17.5,16.8,18.9,16.6,15.7,15.3,13.0,11.1,9.5,13.9,22.9,22.3,3.2,-0.3,-3.8,-3.5,-3.5,-4.4,-3.1,-0.2,28.4,31.3,47.4,13.4,0.0,45.1,23.3,12.3,73.5,,,OBAnorm,,LD831_02097v2.403,,,,0,0
DENATRLA,2025-06-23 23:36:01.000,27.7,26.4,28.0,20.8,18.6,12.8,14.3,9.8,7.7,7.5,12.3,15.2,15.3,15.9,18.3,16.7,16.5,15.9,14.4,13.1,10.6,9.4,13.8,22.0,21.0,7.3,-1.1,-3.8,-3.8,-3.8,-4.5,-3.1,-0.2,27.8,31.3,48.0,13.4,0.0,44.4,23.3,12.3,73.5,,,OBAnorm,,LD831_02097v2.403,,,,0,0
DENATRLA,2025-06-23 23:36:02.000,28.7,28.7,24.3,20.2,14.0,14.4,11.5,13.8,9.9,7.3,14.8,16.9,15.6,17.2,18.4,17.3,16.3,15.6,15.4,13.3,11.4,8.3,7.9,17.0,18.2,2.6,-3.6,-3.8,-3.8,-4.0,-4.5,-3.3,-0.3,25.0,32.7,53.2,13.4,0.1,39.5,23.3,12.3,72.9,,,OBAnorm,,LD831_02097v2.403,,,,0,0
DENATRLA,2025-06-23 23:36:03.000,33.2,26.2,26.2,23.7,18.8,20.7,16.2,15.2,14.0,10.0,13.5,14.7,15.9,16.6,19.4,18.6,16.6,16.3,14.9,13.2,11.2,8.8,8.1,25.1,32.8,-0.5,-2.2,-3.5,-3.3,-3.3,-4.4,-3.2,-0.2,35.1,36.3,52.5,13.4,0.2,39.4,23.3,12.3,72.3,,,OBAnorm,,LD831_02097v2.403,,,,0,0
DENATRLA,2025-06-23 23:36:04.000,28.1,31.8,30.7,27.2,24.5,21.1,19.2,15.1,10.4,7.5,13.4,14.4,16.8,16.4,17.3,17.2,16.7,17.3,16.2,13.9,11.5,9.6,11.6,22.5,24.5,2.3,-2.0,-3.8,-3.7,-3.7,-4.4,-3.3,-0.3,28.9,32.6,49.8,13.4,0.2,40.3,23.3,12.3,72.9,,,OBAnorm,,LD831_02097v2.403,,,,0,0
DENATRLA,2025-06-23 23:36:05.000,25.7,31.6,27.2,22.9,20.1,14.9,15.6,14.9,8.6,8.2,12.2,16.4,16.9,17.3,18.1,18.4,17.5,17.1,15.8,14.2,12.4,9.4,9.7,20.5,21.2,0.7,-1.5,-3.8,-3.5,-3.4,-4.3,-3.2,-0.1,27.5,30.9,47.3,13.4,0.2,39.6,23.3,12.3,73.5,,,OBAnorm,,LD831_02097v2.403,,,,0,0
DENATRLA,2025-06-23 23:36:06.000,34.7,32.2,27.5,22.0,13.6,13.0,13.8,10.6,7.7,9.6,14.8,15.9,16.7,16.7,18.3,19.9,16.4,16.4,15.6,13.7,11.4,9.9,11.1,20.6,20.7,2.1,-2.9,-3.9,-3.8,-3.8,-4.5,-3.2,-0.2,27.1,30.1,47.1,13.4,0.2,37.4,23.4,12.3,73.5,,,OBAnorm,,LD831_02097v2.403,,,,0,0
DENATRLA,2025-06-23 23:36:07.000,33.9,30.0,25.2,17.6,16.1,13.7,13.0,11.3,7.7,8.1,13.4,17.0,15.8,16.1,17.4,17.9,17.3,16.3,15.0,13.2,10.8,9.2,6.1,11.5,10.1,0.2,-3.8,-3.9,-3.9,-4.0,-4.4,-3.3,-0.2,23.1,28.6,43.6,13.4,0.2,37.4,23.3,12.3,73.5,,,OBAnorm,,LD831_02097v2.403,,,,0,0
DENATRLA,2025-06-23 23:36:08.000,25.2,24.8,24.3,14.3,15.8,14.3,14.1,12.3,8.4,7.6,11.9,13.3,15.1,16.7,17.8,18.4,16.0,16.2,14.6,12.8,11.1,9.3,10.0,17.0,16.5,-1.7,-2.9,-3.8,-3.6,-4.0,-4.5,-3.2,-0.2,24.7,29.0,38.7,13.4,0.2,37.3,23.3,12.3,73.5,,,OBAnorm,,LD831_02097v2.403,,,,0,0
DENATRLA,2025-06-23 23:36:09.000,24.0,23.1,24.0,17.3,15.3,15.4,15.9,11.4,6.6,9.2,11.8,13.5,16.6,15.9,16.9,19.6,15.8,16.6,14.8,13.5,11.1,8.7,12.1,20.5,15.4,-1.8,-2.8,-3.8,-3.6,-4.0,-4.5,-3.3,-0.1,25.8,30.0,44.7,13.4,0.2,37.4,23.3,12.3,73.5,,,OBAnorm,,LD831_02097v2.403,,,,0,0
DENATRLA,2025-06-23 23:36:10.000,24.4,24.5,23.5,19.2,17.2,12.8,12.0,12.4,7.8,7.3,10.6,14.2,16.6,16.9,17.0,18.5,17.2,16.1,15.2,13.8,12.2,10.5,13.2,24.4,24.0,3.7,-2.3,-3.9,-3.7,-3.7,-4.4,-3.2,-0.2,29.8,30.8,41.2,13.4,0.2,37.3,23.3,12.3,73.5,,,OBAnorm,,LD831_02097v2.403,,,,0,0
DENATRLA,2025-06-23 23:36:11.000,30.2,28.0,23.5,16.7,16.7,13.6,11.3,12.3,11.2,8.2,12.3,15.9,15.0,17.1,17.9,17.8,16.5,15.7,15.2,13.6,11.5,10.6,11.9,21.6,22.4,3.9,-1.8,-3.8,-3.7,-3.9,-4.4,-3.2,-0.1,28.2,30.0,39.9,13.4,0.2,37.4,23.3,12.3,73.5,,,OBAnorm,,LD831_02097v2.403,,,,0,0
DENATRLA,2025-06-23 23:36:12.000,28.2,24.7,21.0,19.9,15.0,15.9,13.9,13.3,9.4,6.7,11.1,15.2,16.9,16.2,17.7,20.1,16.3,16.9,15.7,13.6,11.7,8.1,5.8,12.7,10.2,5.2,-3.6,-3.9,-3.9,-4.0,-4.4,-3.3,-0.2,23.6,28.7,40.8,13.4,0.1,37.3,23.3,12.3,73.5,,,OBAnorm,,LD831_02097v2.403,,,,0,0
DENATRLA,2025-06-23 23:36:13.000,21.7,26.1,24.3,18.5,14.2,15.4,13.7,11.1,7.3,8.5,10.8,14.7,15.6,16.1,17.8,20.4,17.4,17.1,15.8,13.9,11.3,8.6,13.0,20.7,21.3,13.5,-1.2,-3.8,-3.8,-4.0,-4.4,-3.3,-0.3,27.8,30.8,45.5,13.4,0.0,37.3,23.3,12.3,74.1,,,OBAnorm,,LD831_02097v2.403,,,,0,0
DENATRLA,2025-06-23 23:36:14.000,24.8,23.8,19.1,21.0,15.1,14.8,14.8,12.3,9.1,8.4,10.7,12.5,17.3,17.3,18.5,19.5,17.7,16.8,15.6,13.9,12.0,9.4,10.5,21.4,21.0,2.5,-2.9,-3.8,-3.6,-3.7,-4.5,-3.3,-0.2,27.6,31.9,49.9,13.4,0.0,37.3,23.3,12.3,74.1,,,OBAnorm,,LD831_02097v2.403,,,,0,0
DENATRLA,2025-06-23 23:36:15.000,26.4,22.1,26.0,21.6,15.8,16.1,13.3,11.3,7.9,8.0,10.4,15.1,16.5,17.6,18.5,19.1,17.1,16.9,15.2,14.0,11.8,15.0,14.5,24.0,22.7,0.7,-3.1,-3.9,-3.7,-3.9,-4.5,-3.2,-0.2,29.4,31.9,48.6,13.4,0.0,37.3,23.3,12.3,74.1,,,OBAnorm,,LD831_02097v2.403,,,,0,0
DENATRLA,2025-06-23 23:36:16.000,30.8,28.8,24.6,21.8,15.0,17.4,14.8,11.5,7.7,8.3,10.9,15.3,17.1,17.5,17.8,20.2,17.5,17.2,16.1,14.0,11.7,14.9,18.6,20.0,15.4,9.3,-1.2,-3.8,-3.8,-4.0,-4.5,-3.1,-0.3,27.0,32.0,49.2,13.4,0.0,37.4,23.3,12.3,74.1,,,OBAnorm,,LD831_02097v2.403,,,,0,0
DENATRLA,2025-06-23 23:36:17.000,31.7,29.2,25.3,21.4,17.3,13.8,14.1,10.2,9.3,8.6,10.2,14.1,16.8,17.4,17.7,20.3,17.4,17.5,15.7,14.1,11.6,9.0,10.7,19.9,19.6,-1.5,-2.6,-3.8,-3.6,-3.9,-4.5,-3.4,-0.2,26.8,30.5,44.9,13.4,0.0,37.3,23.3,12.3,74.1,,,OBAnorm,,LD831_02097v2.403,,,,0,0
DENATRLA,2025-06-23 23:36:18.000,28.5,29.8,24.2,19.7,16.1,16.9,14.1,10.2,8.9,8.0,11.2,13.3,14.9,17.2,17.1,19.3,17.2,17.5,16.2,14.4,11.7,10.3,14.7,20.8,21.2,2.6,-1.4,-3.7,-3.7,-3.8,-4.5,-3.3,-0.3,27.7,30.3,43.6,13.4,0.0,37.3,23.3,12.3,74.1,,,OBAnorm,,LD831_02097v2.403,,,,0,0
DENATRLA,2025-06-23 23:36:19.000,30.4,27.1,21.7,20.0,16.3,15.0,10.5,10.5,8.4,7.2,10.8,14.1,17.5,17.5,18.3,19.0,18.3,18.1,15.7,14.3,11.2,10.5,13.8,22.4,25.9,6.4,-1.3,-3.8,-3.8,-3.6,-4.4,-3.3,-0.2,30.2,31.4,45.6,13.4,0.0,37.3,23.3,12.3,74.1,,,OBAnorm,,LD831_02097v2.403,,,,0,0
DENATRLA,2025-06-23 23:36:20.000,28.7,25.3,20.0,19.0,15.9,11.3,13.1,9.8,9.2,6.7,11.6,12.8,16.1,17.3,17.8,20.2,16.8,17.2,15.7,14.2,14.1,15.2,14.3,22.2,24.2,7.8,-1.9,-3.7,-3.8,-4.0,-4.5,-3.4,-0.2,29.4,31.0,43.5,13.4,0.0,37.3,23.3,12.3,74.1,,,OBAnorm,,LD831_02097v2.403,,,,0,0
DENATRLA,2025-06-23 23:36:21.000,26.0,24.8,22.2,19.9,16.4,13.5,11.2,10.0,6.5,7.7,10.8,13.2,16.6,16.4,17.7,19.4,17.3,16.9,15.9,14.1,11.3,9.3,11.9,24.0,23.6,5.1,-1.2,-3.8,-3.7,-3.9,-4.4,-3.3,-0.1,29.6,31.4,41.3,13.4,0.0,37.4,23.6,12.3,74.1,,,OBAnorm,,LD831_02097v2.403,,,,0,0
DENATRLA,2025-06-23 23:36:22.000,28.2,24.8,21.5,20.7,14.8,16.0,12.2,9.9,7.9,8.0,9.4,13.4,15.8,16.6,18.6,18.8,16.4,17.3,16.4,14.2,12.0,9.3,7.1,12.4,10.7,-2.9,-3.8,-3.9,-3.9,-4.1,-4.5,-3.1,-0.1,23.8,29.8,42.5,13.4,0.0,37.4,23.4,12.3,74.1,,,OBAnorm,,LD831_02097v2.403,,,,0,0
DENATRLA,2025-06-23 23:36:23.000,25.6,27.9,22.5,20.4,14.5,16.2,15.3,9.7,7.2,7.6,10.4,12.7,16.9,17.6,17.8,20.2,17.9,17.7,16.1,14.8,13.1,12.5,17.2,21.9,19.5,4.3,-2.8,-3.8,-3.8,-3.9,-4.5,-3.3,-0.2,28.0,30.5,37.2,13.4,0.0,37.3,23.3,12.3,74.1,,,OBAnorm,,LD831_02097v2.403,,,,0,0
DENATRLA,2025-06-23 23:36:24.000,29.4,21.6,23.6,18.0,16.9,15.1,12.7,11.7,7.9,7.9,10.9,13.5,16.2,17.6,17.6,20.2,17.3,17.3,16.1,14.4,11.7,8.6,10.2,19.4,20.9,0.3,-2.0,-3.8,-3.7,-3.9,-4.5,-3.4,-0.2,26.9,31.4,41.2,13.4,0.0,37.3,23.3,12.3,74.1,,,OBAnorm,,LD831_02097v2.403,,,,0,0
DENATRLA,2025-06-23 23:36:25.000,29.3,26.4,22.1,17.4,10.1,13.6,13.0,11.9,9.5,7.7,9.9,14.9,16.6,17.7,18.7,18.9,16.8,17.5,15.7,14.8,11.2,10.0,13.3,20.7,16.8,0.9,-3.4,-3.9,-3.8,-4.0,-4.5,-3.3,-0.1,26.7,40.1,52.5,13.4,0.0,37.3,23.3,12.3,73.5,,,OBAnorm,,LD831_02097v2.403,,,,0,0
DENATRLA,2025-06-23 23:36:26.000,27.6,28.5,27.2,23.7,17.3,17.5,14.5,10.1,9.3,7.1,10.3,14.5,14.3,16.1,17.7,17.8,16.9,16.9,15.7,14.1,11.4,9.4,14.6,23.8,24.2,4.3,-2.9,-3.7,-3.6,-3.8,-4.5,-3.1,-0.1,29.5,37.5,49.6,13.4,0.0,37.3,23.3,12.3,73.5,,,OBAnorm,,LD831_02097v2.403,,,,0,0
DENATRLA,2025-06-23 23:36:27.000,38.0,40.0,31.1,24.8,15.2,15.8,13.9,10.2,8.3,7.9,9.2,13.1,14.7,15.6,16.9,18.2,15.9,16.6,15.9,14.1,11.5,8.9,9.0,16.7,16.4,2.5,-3.6,-3.8,-3.8,-4.0,-4.5,-3.3,-0.1,24.8,34.1,44.7,13.4,0.0,37.3,23.3,12.3,73.5,,,OBAnorm,,LD831_02097v2.403,,,,0,0
DENATRLA,2025-06-23 23:36:28.000,45.6,39.4,26.7,23.1,16.6,13.2,13.7,9.8,7.7,6.2,9.6,13.6,15.8,15.7,17.2,18.2,16.6,17.0,15.9,13.8,11.2,8.9,9.9,19.5,19.2,0.6,-3.2,-3.8,-3.7,-3.9,-4.5,-3.2,-0.1,26.3,35.0,44.6,13.4,0.0,37.3,23.3,12.3,73.5,,,OBAnorm,,LD831_02097v2.403,,,,0,0
DENATRLA,2025-06-23 23:36:29.000,38.0,39.7,29.8,17.5,14.9,15.6,12.4,9.7,8.5,8.5,12.2,12.8,15.1,15.9,17.8,18.1,16.3,16.9,15.3,12.9,10.9,7.8,5.8,9.7,6.0,-1.9,-3.9,-3.9,-3.8,-4.0,-4.5,-3.3,-0.2,22.7,37.4,47.4,13.4,0.0,37.3,23.3,12.3,73.5,,,OBAnorm,,LD831_02097v2.403,,,,0,0
DENATRLA,2025-06-23 23:36:30.000,36.5,36.2,28.4,16.8,14.5,15.4,12.6,10.8,6.8,8.2,11.7,13.4,15.9,15.9,16.3,18.3,16.6,16.8,15.3,13.6,11.6,9.2,16.2,20.8,23.0,6.2,-3.0,-3.8,-3.7,-3.8,-4.4,-3.3,-0.1,28.3,30.5,36.8,13.4,0.0,37.4,23.3,12.3,73.5,,,OBAnorm,,LD831_02097v2.403,,,,0,0
DENATRLA,2025-06-23 23:36:31.000,42.6,44.1,26.7,20.3,19.2,12.3,13.6,11.2,5.9,7.4,10.7,13.1,15.0,16.2,18.2,17.9,16.6,16.2,15.4,12.9,11.0,11.8,13.2,20.2,19.3,7.2,0.1,-3.8,-3.7,-3.9,-4.5,-3.4,-0.2,26.7,30.1,39.7,13.4,0.0,37.3,23.3,12.3,73.5,,,OBAnorm,,LD831_02097v2.403,,,,0,0
DENATRLA,2025-06-23 23:36:32.000,41.2,29.5,26.2,15.6,15.8,15.6,15.7,12.9,6.7,4.3,10.9,13.1,15.0,16.3,17.4,17.3,15.6,16.5,15.1,13.2,10.2,9.5,11.2,21.0,21.5,2.2,-0.5,-3.8,-3.7,-3.9,-4.4,-3.3,-0.2,27.2,29.8,37.8,13.4,0.0,37.4,23.3,12.3,73.5,,,OBAnorm,,LD831_02097v2.403,,,,0,0
DENATRLA,2025-06-23 23:36:33.000,26.2,25.5,24.0,18.9,15.6,13.7,11.0,11.7,8.2,7.2,10.1,11.7,14.7,15.4,15.9,16.3,16.8,16.7,15.1,13.0,9.9,8.1,13.5,18.8,18.0,3.2,-3.1,-3.8,-3.7,-4.0,-4.5,-3.1,-0.1,26.1,29.5,35.8,13.4,0.0,37.3,23.3,12.3,73.5,,,OBAnorm,,LD831_02097v2.403,,,,0,0
DENATRLA,2025-06-23 23:36:34.000,22.8,25.5,26.1,17.8,16.2,14.9,12.5,10.7,6.3,8.4,9.9,12.2,15.3,16.6,17.3,16.8,16.1,15.5,13.9,12.3,9.9,7.4,6.2,16.7,14.3,-1.1,-3.8,-3.9,-3.9,-4.0,-4.4,-3.2,-0.3,23.2,29.2,37.4,13.4,0.0,37.3,23.3,12.3,73.5,,,OBAnorm,,LD831_02097v2.403,,,,0,0
DENATRLA,2025-06-23 23:36:35.000,25.4,26.0,29.2,17.1,15.6,15.5,12.1,8.2,7.5,7.3,10.2,13.8,13.8,16.8,17.4,18.3,16.5,16.5,14.8,13.1,11.3,14.9,18.4,24.0,24.8,8.1,-1.8,-3.6,-3.5,-3.6,-4.4,-3.3,0.0,30.2,31.7,37.4,13.4,0.0,37.3,23.3,12.3,72.9,,,OBAnorm,,LD831_02097v2.403,,,,0,0
DENATRLA,2025-06-23 23:36:36.000,24.0,29.1,29.6,15.6,16.0,14.2,14.3,7.8,7.6,6.4,10.9,13.4,14.0,16.9,18.0,16.7,15.3,15.7,15.3,13.1,11.2,8.5,9.9,20.7,24.0,4.4,0.0,-3.1,-3.5,-3.7,-4.2,-3.0,-0.1,28.4,30.1,37.0,13.4,0.0,37.3,23.2,12.3,72.9,,,OBAnorm,,LD831_02097v2.403,,,,0,0
DENATRLA,2025-06-23 23:36:37.000,23.7,30.3,26.2,17.2,16.6,13.2,10.5,10.4,8.8,7.5,10.7,13.1,15.0,17.0,17.5,16.7,17.1,17.1,15.5,12.9,10.8,8.9,9.8,21.8,23.8,5.3,-0.5,-3.4,-3.7,-3.9,-4.4,-3.3,-0.2,28.5,30.1,36.0,13.4,0.0,37.3,23.3,12.3,72.9,,,OBAnorm,,LD831_02097v2.403,,,,0,0
DENATRLA,2025-06-23 23:36:38.000,25.2,27.5,24.4,16.5,15.4,14.8,10.1,9.5,7.6,8.2,9.5,13.4,15.0,17.0,19.1,18.0,16.7,16.5,14.8,13.3,10.8,10.4,9.9,9.1,7.7,1.5,-1.6,-3.9,-3.8,-4.0,-4.5,-3.2,-0.2,24.1,29.4,37.5,13.4,0.0,37.4,23.3,12.3,72.9,,,OBAnorm,,LD831_02097v2.403,,,,0,0
DENATRLA,2025-06-23 23:36:39.000,28.5,23.1,24.8,19.5,16.0,15.4,8.6,9.7,8.2,8.5,8.9,13.3,16.3,17.9,18.7,17.7,16.3,16.5,15.2,13.0,11.1,11.5,15.1,21.2,23.6,1.3,-1.2,-3.4,-3.7,-3.8,-4.4,-3.2,-0.1,28.4,30.6,37.7,13.4,0.0,37.4,23.3,12.3,72.9,,,OBAnorm,,LD831_02097v2.403,,,,0,0
DENATRLA,2025-06-23 23:36:40.000,28.3,27.8,24.9,20.3,13.0,14.5,12.8,12.1,8.0,6.8,11.2,13.2,13.8,17.3,17.8,16.6,16.2,15.9,15.0,13.5,11.7,9.8,13.8,21.5,23.9,5.3,-0.3,-3.7,-3.6,-3.3,-4.4,-3.3,-0.1,28.6,30.2,36.9,13.4,0.0,37.3,23.3,12.3,72.9,,,OBAnorm,,LD831_02097v2.403,,,,0,0
DENATRLA,2025-06-23 23:36:41.000,28.9,25.6,23.7,16.6,13.8,13.8,12.8,9.3,6.7,7.4,10.2,13.8,15.7,17.1,17.0,16.8,16.1,15.8,15.7,13.4,11.0,9.1,10.6,22.1,24.0,1.1,-2.2,-3.8,-3.7,-3.5,-4.4,-3.2,-0.2,28.9,30.3,36.5,13.4,0.0,37.3,23.3,12.3,72.9,,,OBAnorm,,LD831_02097v2.403,,,,0,0
DENATRLA,2025-06-23 23:36:42.000,25.7,29.7,25.6,16.8,15.0,12.6,12.3,11.6,8.1,7.0,11.0,13.1,15.3,16.6,18.2,16.8,16.8,16.3,15.4,12.7,10.9,8.1,9.4,20.3,24.1,3.0,-2.2,-3.8,-3.8,-3.9,-4.4,-3.2,-0.1,28.2,30.1,38.2,13.4,0.0,37.3,23.3,12.3,72.9,,,OBAnorm,,LD831_02097v2.403,,,,0,0
DENATRLA,2025-06-23 23:36:43.000,22.8,27.0,22.1,18.4,10.9,14.7,11.3,11.8,7.7,6.9,10.9,11.8,14.8,15.4,17.5,15.8,16.5,15.9,14.4,12.4,11.5,7.6,7.4,19.2,23.8,1.1,-2.2,-3.5,-3.5,-3.6,-4.3,-3.1,-0.2,27.9,29.8,36.3,13.4,0.0,37.3,23.3,12.3,73.5,,,OBAnorm,,LD831_02097v2.403,,,,0,0
DENATRLA,2025-06-23 23:36:44.000,24.8,26.6,19.5,19.8,14.2,14.6,11.2,10.1,9.2,7.1,9.3,11.7,14.9,17.0,17.0,16.1,16.3,16.4,14.9,13.0,9.9,7.8,11.7,14.3,15.6,0.1,-3.8,-3.9,-3.8,-4.0,-4.4,-3.3,-0.1,24.0,30.7,39.0,13.4,0.0,37.4,23.3,12.3,73.5,,,OBAnorm,,LD831_02097v2.403,,,,0,0
DENATRLA,2025-06-23 23:36:45.000,24.5,28.8,27.4,16.8,14.2,11.8,12.7,10.7,7.6,7.5,8.7,12.0,14.6,17.2,17.4,17.1,16.0,15.8,15.5,13.5,11.6,10.5,11.5,20.0,24.8,8.4,-1.0,-3.6,-3.8,-3.8,-4.3,-3.1,-0.1,28.8,32.6,39.6,13.4,0.0,37.3,23.3,12.3,73.5,,,OBAnorm,,LD831_02097v2.403,,,,0,0
DENATRLA,2025-06-23 23:36:46.000,27.6,33.4,25.8,16.8,17.0,13.3,12.4,10.3,9.2,7.7,9.4,13.6,14.4,16.6,18.0,16.7,16.3,16.1,14.8,13.0,10.7,8.3,9.5,19.5,25.0,4.5,-1.8,-3.3,-3.7,-3.8,-4.2,-3.3,0.0,28.6,32.3,39.4,13.4,0.0,37.3,23.3,12.3,72.9,,,OBAnorm,,LD831_02097v2.403,,,,0,0
DENATRLA,2025-06-23 23:36:47.000,22.5,35.8,27.8,18.8,17.2,12.9,12.4,10.6,7.2,5.3,10.4,12.6,15.1,15.7,16.9,17.2,16.0,16.7,14.9,12.2,10.5,9.7,13.2,23.2,25.4,8.4,-1.6,-3.6,-3.6,-3.7,-4.3,-3.1,-0.2,29.9,32.4,39.0,13.4,0.0,37.4,23.3,12.3,72.9,,,OBAnorm,,LD831_02097v2.403,,,,0,0
DENATRLA,2025-06-23 23:36:48.000,27.2,37.2,26.0,20.2,16.1,12.9,13.0,9.0,6.4,5.0,11.3,11.9,15.3,15.5,17.9,16.8,16.9,16.0,14.9,12.9,10.6,7.4,8.5,19.9,24.0,3.9,0.1,-3.6,-3.5,-3.3,-4.3,-3.3,-0.2,28.2,30.8,37.6,13.4,0.0,37.3,23.3,12.3,72.9,,,OBAnorm,,LD831_02097v2.403,,,,0,0
DENATRLA,2025-06-23 23:36:49.000,22.8,36.3,24.9,18.3,17.2,14.4,12.1,9.9,7.8,8.1,11.4,12.2,15.9,16.7,18.1,16.7,15.8,16.5,14.3,12.5,10.1,8.8,5.2,16.2,16.7,0.3,-3.7,-3.9,-3.8,-3.9,-4.5,-3.4,-0.2,23.9,29.7,38.2,13.4,0.0,37.3,23.3,12.3,72.9,,,OBAnorm,,LD831_02097v2.403,,,,0,0
DENATRLA,2025-06-23 23:36:50.000,20.5,32.0,23.7,15.5,15.8,12.6,13.1,11.3,5.1,6.2,9.1,12.7,16.3,16.1,17.7,16.7,16.9,16.7,14.7,12.9,11.2,10.2,12.4,23.1,25.6,6.0,-1.4,-3.6,-3.5,-3.5,-4.2,-3.2,-0.2,29.8,31.4,40.9,13.4,0.0,37.4,23.3,12.3,72.9,,,OBAnorm,,LD831_02097v2.403,,,,0,0
DENATRLA,2025-06-23 23:36:51.000,27.4,32.8,22.5,16.2,15.0,15.2,11.2,9.0,8.1,7.9,10.3,13.5,15.0,16.6,18.0,17.2,17.0,17.0,14.8,13.6,12.0,10.8,13.9,21.8,25.9,11.9,-2.0,-3.8,-3.7,-3.6,-4.4,-3.3,-0.3,29.6,30.7,40.3,13.4,0.0,37.3,23.2,12.3,72.9,,,OBAnorm,,LD831_02097v2.403,,,,0,0
DENATRLA,2025-06-23 23:36:52.000,23.4,33.4,24.6,19.8,16.2,13.2,13.8,9.6,8.2,8.6,9.2,12.9,15.7,15.7,17.0,17.2,16.6,16.4,15.7,13.6,11.9,9.4,9.1,19.2,25.6,7.4,-0.4,-3.5,-3.7,-3.8,-4.3,-3.2,-0.2,28.9,30.6,39.4,13.4,0.0,37.3,23.3,12.3,72.9,,,OBAnorm,,LD831_02097v2.403,,,,0,0
DENATRLA,2025-06-23 23:36:53.000,27.1,28.6,22.6,17.8,16.4,14.8,12.9,9.8,8.6,7.6,10.0,13.6,14.9,16.1,18.3,16.6,17.2,16.5,15.2,13.7,11.6,8.0,4.8,9.1,11.4,-1.5,-3.8,-3.9,-3.9,-4.0,-4.4,-3.2,-0.2,23.0,27.7,36.4,13.4,0.0,37.3,23.3,12.3,72.9,,,OBAnorm,,LD831_02097v2.403,,,,0,0
DENATRLA,2025-06-23 23:36:54.000,26.4,26.6,23.4,19.3,12.5,15.4,13.1,9.5,5.8,7.9,10.5,11.4,15.5,16.1,17.5,17.4,16.7,16.9,15.2,13.1,12.0,8.7,9.6,21.5,24.9,3.4,-2.2,-3.4,-3.7,-3.5,-4.2,-3.1,-0.2,29.0,30.1,38.8,13.4,0.0,37.3,23.3,12.3,72.9,,,OBAnorm,,LD831_02097v2.403,,,,0,0
DENATRLA,2025-06-23 23:36:55.000,23.8,26.2,17.7,16.4,18.0,12.1,11.5,9.3,9.8,6.9,11.3,14.1,15.6,16.1,17.2,17.2,16.0,18.1,16.0,14.3,11.9,10.8,13.2,23.0,23.9,9.8,-2.3,-3.8,-3.6,-3.6,-4.5,-3.3,-0.2,29.3,30.4,43.5,13.4,0.0,37.3,23.3,12.3,72.9,,,OBAnorm,,LD831_02097v2.403,,,,0,0
DENATRLA,2025-06-23 23:36:56.000,23.4,25.5,21.4,16.9,15.1,14.5,12.4,9.0,6.0,7.5,10.5,12.9,14.8,17.0,17.0,16.8,15.6,17.1,15.3,13.6,12.2,8.4,9.3,22.5,22.7,4.7,-1.6,-3.7,-3.7,-3.6,-4.5,-3.2,0.0,28.3,29.8,43.5,13.4,0.0,37.3,23.3,12.3,72.9,,,OBAnorm,,LD831_02097v2.403,,,,0,0
DENATRLA,2025-06-23 23:36:57.000,23.0,22.5,21.2,16.3,15.1,11.2,12.7,10.7,9.0,7.0,10.3,14.0,14.9,17.3,17.0,16.9,16.9,17.5,15.8,13.9,11.4,9.6,7.6,9.4,5.8,-1.1,-3.9,-3.9,-3.9,-4.0,-4.5,-3.2,-0.3,23.2,28.2,39.4,13.4,0.0,37.3,23.3,12.3,72.9,,,OBAnorm,,LD831_02097v2.403,,,,0,0
DENATRLA,2025-06-23 23:36:58.000,29.3,20.8,20.4,17.1,16.8,16.5,14.7,10.7,7.4,7.7,10.5,15.1,16.3,15.8,17.5,16.6,17.1,16.9,15.7,14.5,11.6,9.7,11.3,22.0,23.9,-0.1,-3.4,-3.8,-3.7,-3.8,-4.5,-3.2,0.0,28.7,30.2,38.4,13.4,0.0,37.3,23.2,12.3,72.9,,,OBAnorm,,LD831_02097v2.403,,,,0,0
DENATRLA,2025-06-23 23:36:59.000,26.6,23.4,22.4,14.9,18.1,14.6,14.1,9.4,7.1,7.4,10.1,13.6,14.7,17.3,17.7,16.8,17.7,17.4,15.7,13.9,11.4,11.9,13.6,22.6,23.9,7.4,-2.5,-3.7,-3.6,-3.5,-4.4,-3.2,-0.1,29.3,30.5,41.9,13.4,0.0,37.3,23.3,12.3,72.9,,,OBAnorm,,LD831_02097v2.403,,,,0,0
DENATRLA,2025-06-23 23:37:00.000,26.9,24.9,20.5,21.2,15.9,11.9,14.0,12.7,9.1,7.8,9.0,13.0,14.9,16.8,17.5,17.4,17.6,16.5,15.3,13.6,11.4,10.7,14.9,22.7,24.0,7.2,0.9,-3.6,-3.7,-3.7,-4.4,-3.3,-0.2,29.1,31.2,45.4,13.4,0.0,37.3,23.3,12.3,72.9,,,OBAnorm,,LD831_02097v2.403,,,,0,0
DENATRLA,2025-06-23 23:37:01.000,24.4,21.2,21.5,19.3,17.2,16.1,11.0,10.4,7.8,7.7,11.6,12.5,14.8,16.7,18.5,17.2,17.5,17.2,15.8,13.7,11.7,9.8,10.6,19.9,20.8,1.3,-3.1,-3.8,-3.8,-4.0,-4.5,-3.1,-0.2,27.0,30.0,42.5,13.4,0.0,37.3,23.3,12.3,72.9,,,OBAnorm,,LD831_02097v2.403,,,,0,0
DENATRLA,2025-06-23 23:37:02.000,28.9,24.5,20.5,19.7,16.9,16.8,12.5,11.6,8.3,7.1,10.7,13.4,15.3,17.1,18.2,17.1,17.2,17.5,16.0,14.1,11.7,8.4,5.7,8.5,10.7,-1.1,-3.8,-3.9,-3.8,-4.0,-4.4,-3.3,-0.2,23.3,29.6,48.4,13.4,0.0,37.3,23.3,12.3,72.9,,,OBAnorm,,LD831_02097v2.403,,,,0,0
DENATRLA,2025-06-23 23:37:03.000,29.8,22.6,22.8,17.4,14.1,13.8,15.3,10.7,9.0,7.2,11.0,13.8,15.5,16.8,18.1,17.8,17.7,17.5,15.0,14.2,11.9,10.3,13.1,21.4,20.6,0.5,-3.4,-3.8,-3.6,-3.7,-4.5,-3.2,-0.1,27.5,31.8,49.6,13.4,0.0,37.4,23.3,12.3,72.9,,,OBAnorm,,LD831_02097v2.403,,,,0,0
DENATRLA,2025-06-23 23:37:04.000,28.9,28.2,23.7,18.1,17.3,14.1,15.4,12.7,10.0,10.1,11.8,13.0,14.5,16.9,17.2,17.4,16.6,16.8,16.5,13.8,12.5,10.7,14.4,20.4,24.1,10.5,0.2,-3.5,-3.4,-3.6,-4.4,-3.3,-0.2,28.7,34.1,54.6,13.4,0.0,37.3,23.3,12.3,72.9,,,OBAnorm,,LD831_02097v2.403,,,,0,0
DENATRLA,2025-06-23 23:37:05.000,27.2,28.4,24.6,24.0,24.8,22.2,23.8,23.2,19.5,15.0,13.2,15.5,15.3,17.1,17.7,18.0,17.5,16.8,18.7,13.3,12.1,9.3,10.3,21.4,22.2,2.8,-0.4,-2.3,-3.5,-3.2,-4.3,-3.2,-0.1,28.2,36.7,51.6,13.4,0.0,37.3,23.2,12.3,73.5,,,OBAnorm,,LD831_02097v2.403,,,,0,0
DENATRLA,2025-06-23 23:37:06.000,30.8,30.4,27.0,32.2,30.4,28.4,23.9,18.4,18.0,13.3,11.4,13.2,14.7,16.8,17.8,17.6,16.3,15.3,17.9,13.6,12.3,9.9,6.9,9.3,16.7,1.9,-1.2,-3.2,-3.6,-3.8,-4.4,-3.2,-0.1,24.3,36.7,57.6,13.4,0.0,37.3,23.3,12.3,73.5,,,OBAnorm,,LD831_02097v2.403,,,,0,0
DENATRLA,2025-06-23 23:37:07.000,28.7,30.9,35.2,28.8,28.6,20.8,24.3,17.7,14.8,9.8,11.9,12.9,14.9,15.6,17.9,16.9,17.0,16.7,15.3,14.0,11.6,9.2,9.3,20.7,20.6,2.1,-3.3,-3.9,-3.7,-3.9,-4.4,-3.2,-0.2,27.0,38.6,61.8,13.4,0.0,37.4,23.2,12.3,73.5,,,OBAnorm,,LD831_02097v2.403,,,,0,0
DENATRLA,2025-06-23 23:37:08.000,37.8,35.6,33.8,31.7,27.4,24.6,19.0,15.8,10.4,10.6,10.9,14.6,14.4,16.3,18.0,16.8,16.0,16.3,14.7,13.4,12.2,9.8,14.4,21.3,22.2,10.9,-3.4,-3.8,-3.7,-3.8,-4.4,-3.2,-0.2,28.1,35.6,56.6,13.4,0.0,37.3,23.3,12.3,73.5,,,OBAnorm,,LD831_02097v2.403,,,,0,0
DENATRLA,2025-06-23 23:37:09.000,40.8,31.8,31.5,29.9,23.9,20.8,18.7,16.1,12.5,9.6,12.3,16.0,14.8,15.8,17.1,17.7,17.2,16.4,14.8,13.0,10.5,9.9,12.9,21.5,22.9,7.0,-0.8,-3.8,-3.6,-3.8,-4.4,-3.2,0.0,28.0,36.2,55.0,13.4,0.0,35.2,23.3,12.3,72.9,,,OBAnorm,,LD831_02097v2.403,,,,0,0
DENATRLA,2025-06-23 23:37:10.000,41.7,32.4,29.6,27.3,24.1,19.7,16.4,14.1,9.7,8.7,12.0,14.0,15.1,16.2,18.2,17.2,17.1,16.5,15.5,12.9,10.8,10.2,6.4,8.3,6.5,-2.0,-3.8,-3.6,-3.8,-4.0,-4.4,-3.2,-0.2,22.8,38.3,55.8,13.4,0.0,34.2,23.3,12.3,71.8,,,OBAnorm,,LD831_02097v2.403,,,,0,0
DENATRLA,2025-06-23 23:37:11.000,40.7,34.0,30.0,24.0,27.2,22.4,20.0,15.3,10.3,8.6,12.5,15.0,15.9,16.6,16.9,17.1,16.6,16.5,14.4,13.3,10.7,8.6,6.9,19.1,20.2,0.3,-3.6,-3.8,-3.7,-3.9,-4.4,-3.3,-0.4,26.0,34.0,56.1,13.4,0.0,35.5,23.2,12.3,72.3,,,OBAnorm,,LD831_02097v2.403,,,,0,0
DENATRLA,2025-06-23 23:37:12.000,38.0,39.4,30.1,23.9,16.9,17.0,12.8,12.5,8.1,9.0,10.7,13.7,15.8,16.1,17.2,16.4,15.9,16.2,15.1,12.6,10.4,7.8,8.1,17.9,21.8,1.9,-3.2,-3.7,-3.8,-3.9,-4.3,-3.2,-0.2,26.4,31.0,46.5,13.4,0.0,35.9,23.3,12.3,72.9,,,OBAnorm,,LD831_02097v2.403,,,,0,0
DENATRLA,2025-06-23 23:37:13.000,39.8,32.1,21.5,20.9,18.9,15.9,13.0,10.1,7.7,5.5,10.0,11.3,14.6,15.2,16.6,16.5,16.3,16.5,15.2,12.8,10.6,10.5,12.3,20.6,21.5,6.1,-3.4,-3.8,-3.8,-3.9,-4.5,-3.2,-0.2,27.2,30.7,47.2,13.4,0.0,35.9,23.2,12.4,72.9,,,OBAnorm,,LD831_02097v2.403,,,,0,0
DENATRLA,2025-06-23 23:37:14.000,29.4,29.0,24.7,21.2,17.0,14.2,13.4,11.5,7.0,8.5,9.0,14.0,14.9,16.7,17.0,17.6,15.8,16.3,15.5,13.1,10.4,8.8,9.2,17.1,21.4,7.7,-0.7,-3.8,-3.8,-3.9,-4.4,-3.1,-0.2,26.2,30.0,43.7,13.4,0.0,35.9,23.2,12.4,72.9,,,OBAnorm,,LD831_02097v2.403,,,,0,0
DENATRLA,2025-06-23 23:37:15.000,26.6,23.6,25.7,22.2,12.4,15.0,12.1,9.9,7.9,8.5,10.2,13.2,15.9,16.9,16.7,17.0,16.8,16.5,15.3,13.1,11.7,9.5,7.9,9.9,13.1,0.8,-3.5,-3.9,-3.8,-4.0,-4.4,-3.2,-0.2,23.4,30.1,48.5,13.4,0.0,35.9,23.2,12.4,72.9,,,OBAnorm,,LD831_02097v2.403,,,,0,0
DENATRLA,2025-06-23 23:37:16.000,32.6,27.3,20.8,18.6,16.4,16.1,14.2,11.0,9.1,8.4,10.2,13.4,13.3,16.2,17.9,17.6,16.6,16.8,15.7,13.1,10.7,9.1,10.6,23.3,23.7,5.1,-1.8,-3.7,-3.4,-3.4,-4.4,-3.2,-0.1,29.1,31.7,44.0,13.4,0.0,35.9,23.3,12.4,72.9,,,OBAnorm,,LD831_02097v2.403,,,,0,0
DENATRLA,2025-06-23 23:37:17.000,26.3,20.9,21.9,21.8,17.8,18.2,17.3,14.2,9.2,8.2,9.0,14.1,14.1,17.3,16.8,17.5,16.9,16.1,16.6,12.4,10.3,10.3,12.7,22.4,24.7,1.1,-2.4,-3.6,-3.6,-3.5,-4.4,-3.3,-0.2,29.2,31.7,46.7,13.4,0.0,35.9,23.2,12.4,72.9,,,OBAnorm,,LD831_02097v2.403,,,,0,0
DENATRLA,2025-06-23 23:37:18.000,34.1,30.0,25.7,19.3,20.7,13.4,13.9,11.7,8.5,7.8,9.9,13.5,15.8,17.0,16.6,16.4,15.2,16.0,15.2,12.7,10.3,9.9,13.5,22.9,24.2,7.8,2.0,-3.5,-3.6,-3.5,-4.4,-3.3,-0.2,29.0,30.7,43.7,13.4,0.0,35.9,23.2,12.4,72.9,,,OBAnorm,,LD831_02097v2.403,,,,0,0
DENATRLA,2025-06-23 23:37:19.000,31.1,29.3,25.1,21.3,15.1,15.1,14.4,9.9,7.7,7.8,10.8,14.2,14.9,17.0,17.9,16.9,16.3,16.2,15.0,13.1,10.8,8.2,5.3,6.3,4.1,-0.4,-2.1,-3.8,-3.8,-3.9,-4.5,-3.2,-0.1,24.2,28.9,44.0,13.4,0.0,35.9,23.2,12.4,72.9,,,OBAnorm,,LD831_02097v2.403,,,,0,0
DENATRLA,2025-06-23 23:37:20.000,29.6,24.0,25.8,21.7,16.9,15.6,14.0,9.8,7.6,8.4,9.9,13.7,16.0,16.3,17.5,15.7,16.7,17.0,15.7,13.3,10.5,9.9,10.4,21.7,21.9,6.1,-1.9,-3.8,-3.7,-3.8,-4.4,-3.2,-0.2,27.2,29.9,44.3,13.4,0.0,35.9,23.3,12.4,72.9,,,OBAnorm,,LD831_02097v2.403,,,,0,0
DENATRLA,2025-06-23 23:37:21.000,27.7,22.9,19.4,17.2,16.6,12.5,12.6,12.4,7.3,6.8,10.8,11.5,15.3,16.9,17.4,16.0,16.8,16.0,15.8,13.6,11.1,9.9,9.8,19.8,24.0,4.7,-1.4,-3.5,-3.7,-3.7,-4.3,-3.2,-0.3,28.4,30.2,45.4,13.4,0.0,35.9,23.3,12.4,72.9,,,OBAnorm,,LD831_02097v2.403,,,,0,0
DENATRLA,2025-06-23 23:37:22.000,24.5,24.2,20.2,16.1,16.0,12.9,13.8,10.5,8.4,7.2,10.1,14.7,14.9,17.1,17.3,17.1,16.2,17.0,15.6,13.3,11.4,8.8,10.6,21.6,25.0,5.9,-1.2,-3.5,-3.6,-3.7,-4.3,-3.2,-0.1,29.3,31.5,49.9,13.4,0.0,35.9,23.3,12.4,72.9,,,OBAnorm,,LD831_02097v2.403,,,,0,0
DENATRLA,2025-06-23 23:37:23.000,24.4,25.1,20.2,16.0,17.0,15.3,16.0,11.8,8.1,5.8,10.6,13.1,16.7,15.4,16.5,16.8,16.8,16.3,16.4,13.7,11.7,10.2,11.2,19.3,16.3,7.6,-2.7,-3.4,-3.8,-3.8,-4.4,-3.2,-0.1,25.8,31.5,48.2,13.4,0.0,35.9,23.2,12.4,72.9,,,OBAnorm,,LD831_02097v2.403,,,,0,0
DENATRLA,2025-06-23 23:37:24.000,29.0,26.1,30.7,23.4,20.1,19.3,14.2,12.3,9.7,6.0,10.7,14.7,14.4,16.1,17.4,16.3,16.1,16.2,15.9,13.8,12.1,9.4,10.1,19.4,24.5,10.0,1.1,-3.3,-3.7,-3.8,-4.3,-3.1,-0.2,28.5,30.8,46.1,13.4,0.0,35.9,23.3,12.4,72.9,,,OBAnorm,,LD831_02097v2.403,,,,0,0
DENATRLA,2025-06-23 23:37:25.000,32.3,27.7,27.1,20.2,18.0,16.7,11.5,10.9,6.1,6.0,10.5,14.4,14.7,16.1,17.8,15.7,16.1,17.0,15.7,12.8,11.4,8.8,9.2,21.9,24.4,5.0,-0.2,-3.4,-3.6,-3.7,-4.3,-3.2,-0.2,28.8,30.2,41.4,13.4,0.0,35.9,23.2,12.3,72.9,,,OBAnorm,,LD831_02097v2.403,,,,0,0
DENATRLA,2025-06-23 23:37:26.000,26.0,29.4,22.9,18.1,11.8,15.5,12.9,9.5,7.6,6.9,10.9,14.3,15.9,16.5,16.7,16.4,16.6,16.5,15.4,12.7,11.5,8.6,8.8,21.9,24.5,2.6,-0.5,-3.3,-3.5,-3.5,-4.3,-3.3,-0.2,28.8,30.0,39.5,13.4,0.0,35.9,23.2,12.3,72.9,,,OBAnorm,,LD831_02097v2.403,,,,0,0
DENATRLA,2025-06-23 23:37:27.000,27.3,27.1,19.6,18.7,15.4,15.3,12.4,10.6,8.4,8.2,7.8,13.2,15.9,17.0,17.0,17.2,16.4,15.9,14.7,13.4,11.8,9.6,8.5,12.9,10.0,1.4,-1.3,-3.5,-3.8,-4.0,-4.5,-3.3,-0.2,23.2,28.0,42.7,13.4,0.0,35.9,23.2,12.4,73.5,,,OBAnorm,,LD831_02097v2.403,,,,0,0
DENATRLA,2025-06-23 23:37:28.000,22.4,24.8,21.6,20.8,15.3,13.3,12.6,8.0,6.8,7.0,8.7,12.6,13.4,15.9,17.7,17.2,15.9,15.8,14.9,12.9,11.8,11.3,14.7,24.1,24.6,7.7,0.5,-3.0,-3.5,-3.6,-4.3,-3.2,-0.2,29.7,30.5,38.7,13.4,0.0,35.9,23.2,12.4,73.5,,,OBAnorm,,LD831_02097v2.403,,,,0,0
DENATRLA,2025-06-23 23:37:29.000,24.0,22.4,22.3,20.3,15.6,13.7,12.7,11.5,5.6,8.1,10.8,13.1,14.1,16.2,16.3,17.3,16.9,16.5,14.9,13.5,11.7,9.5,13.2,23.6,25.4,10.5,3.1,-2.9,-3.4,-3.6,-4.4,-3.2,-0.2,30.0,30.9,37.8,13.4,0.0,35.9,23.2,12.3,73.5,,,OBAnorm,,LD831_02097v2.403,,,,0,0
DENATRLA,2025-06-23 23:37:30.000,22.6,23.9,21.7,21.5,15.1,15.9,11.2,11.7,6.1,5.7,9.9,13.6,15.3,16.8,17.1,16.8,16.4,16.5,16.0,13.0,11.1,8.6,7.6,20.3,23.6,2.1,-0.5,-3.3,-3.6,-3.7,-4.4,-3.2,-0.2,28.1,29.5,40.0,13.4,0.0,35.9,23.2,12.4,73.5,,,OBAnorm,,LD831_02097v2.403,,,,0,0
DENATRLA,2025-06-23 23:37:31.000,24.1,27.0,20.3,18.0,15.7,12.5,10.7,10.2,8.7,8.0,10.2,9.9,14.6,16.3,16.3,16.5,16.4,16.5,15.3,13.3,10.7,8.1,6.1,12.4,11.4,-0.4,-2.8,-3.8,-3.8,-4.0,-4.5,-3.2,-0.1,23.0,27.7,39.9,13.4,0.0,35.9,23.2,12.4,73.5,,,OBAnorm,,LD831_02097v2.403,,,,0,0
DENATRLA,2025-06-23 23:37:32.000,25.8,25.3,21.6,18.9,13.6,14.2,11.9,12.3,6.6,5.4,9.3,12.6,14.6,16.1,16.8,17.1,16.1,17.1,15.4,13.4,11.6,11.0,13.9,21.4,21.7,8.8,-1.6,-3.6,-3.4,-4.0,-4.4,-3.2,-0.1,27.9,29.6,38.3,13.4,0.0,35.9,23.2,12.3,73.5,,,OBAnorm,,LD831_02097v2.403,,,,0,0
DENATRLA,2025-06-23 23:37:33.000,21.8,22.2,22.8,20.2,16.9,15.3,13.6,10.2,7.3,8.1,8.6,12.7,14.1,16.3,17.3,16.2,16.0,17.2,15.5,13.7,11.7,10.9,12.3,21.4,24.9,9.4,0.0,-3.6,-3.4,-3.3,-4.2,-3.1,-0.2,29.0,30.1,37.5,13.4,0.0,35.9,23.2,12.3,73.5,,,OBAnorm,,LD831_02097v2.403,,,,0,0
DENATRLA,2025-06-23 23:37:34.000,26.2,24.3,20.7,19.0,18.0,12.8,14.0,8.3,6.8,6.5,8.0,12.9,14.7,16.4,17.0,16.6,16.5,16.6,15.6,12.8,11.3,8.7,11.8,19.3,21.4,2.6,-2.0,-3.6,-3.4,-3.5,-4.4,-3.2,-0.1,26.9,28.8,39.3,13.4,0.0,35.9,23.2,12.3,73.5,,,OBAnorm,,LD831_02097v2.403,,,,0,0
DENATRLA,2025-06-23 23:37:35.000,22.5,25.0,23.2,16.8,14.3,9.8,12.2,11.8,6.3,7.8,10.2,13.2,12.9,16.6,16.9,17.1,16.6,16.6,15.2,13.4,10.5,9.8,14.3,20.4,20.3,0.6,-2.7,-3.8,-3.8,-4.0,-4.4,-3.2,-0.2,27.1,29.4,37.9,13.4,0.0,35.9,23.2,12.3,73.5,,,OBAnorm,,LD831_02097v2.403,,,,0,0
DENATRLA,2025-06-23 23:37:36.000,24.1,23.0,22.5,16.0,13.0,13.9,13.2,10.0,7.1,6.2,8.8,11.9,14.1,16.3,17.8,16.3,16.0,16.1,15.2,12.8,10.5,8.1,11.0,23.1,24.7,2.9,-1.3,-3.7,-3.7,-3.7,-4.3,-3.1,-0.1,29.2,29.9,36.2,13.4,0.0,35.9,23.2,12.3,73.5,,,OBAnorm,,LD831_02097v2.403,,,,0,0
DENATRLA,2025-06-23 23:37:37.000,22.6,25.8,22.4,18.0,16.7,13.0,11.5,11.1,7.1,5.9,10.0,12.2,14.1,16.1,17.4,16.7,16.6,15.5,15.6,12.1,10.7,10.8,15.8,18.1,14.0,2.5,-3.0,-3.8,-3.8,-4.0,-4.4,-3.4,-0.1,25.2,28.2,41.2,13.4,0.0,35.9,23.2,12.4,73.5,,,OBAnorm,,LD831_02097v2.403,,,,0,0
DENATRLA,2025-06-23 23:37:38.000,23.6,23.2,17.4,15.4,13.3,12.7,11.9,12.9,9.0,7.6,10.8,13.6,15.4,15.8,18.5,16.3,16.1,16.4,15.3,12.7,10.5,11.0,15.2,22.2,22.2,9.3,2.5,-2.7,-3.0,-2.8,-3.7,-2.8,-0.1,28.4,31.8,42.2,13.4,0.0,35.9,23.2,12.4,73.5,,,OBAnorm,,LD831_02097v2.403,,,,0,0
DENATRLA,2025-06-23 23:37:39.000,26.4,21.5,27.8,19.5,15.1,23.6,14.4,15.9,9.7,6.8,10.3,11.8,14.2,16.2,16.8,16.6,16.1,16.4,14.1,12.9,9.9,8.0,8.8,20.1,21.0,1.9,-1.3,-3.7,-3.5,-3.1,-4.5,-3.2,-0.2,26.7,28.7,40.1,13.4,0.0,35.9,23.2,12.4,72.9,,,OBAnorm,,LD831_02097v2.403,,,,0,0
DENATRLA,2025-06-23 23:37:40.000,24.9,26.6,30.5,18.4,14.2,11.7,12.7,7.9,7.0,7.9,8.3,13.8,14.3,16.0,16.4,16.1,16.3,16.4,14.8,12.9,10.3,9.5,12.9,22.6,23.6,2.2,-2.0,-3.7,-3.3,-3.6,-4.5,-3.2,-0.2,28.5,30.3,42.1,13.4,0.0,35.9,23.2,12.4,72.9,,,OBAnorm,,LD831_02097v2.403,,,,0,0
DENATRLA,2025-06-23 23:37:41.000,22.7,26.4,20.2,19.9,16.3,13.6,14.4,11.4,8.2,8.3,8.8,12.3,13.9,17.1,17.7,16.5,16.3,15.9,14.4,13.3,10.7,8.8,11.4,20.5,21.2,0.6,-2.4,-3.7,-3.5,-3.8,-4.5,-3.3,-0.1,27.1,29.9,41.9,13.4,0.0,35.9,23.2,12.4,72.9,,,OBAnorm,,LD831_02097v2.403,,,,0,0
DENATRLA,2025-06-23 23:37:42.000,27.3,27.0,22.6,20.3,18.1,13.8,12.1,11.3,6.7,6.5,10.6,13.5,15.4,16.1,16.6,17.4,16.8,16.3,15.3,14.0,12.3,12.6,17.6,22.8,23.9,9.9,-2.5,-3.7,-3.4,-3.6,-4.5,-3.2,-0.1,29.4,30.8,45.6,13.4,0.0,35.9,23.2,12.4,72.9,,,OBAnorm,,LD831_02097v2.403,,,,0,0
DENATRLA,2025-06-23 23:37:43.000,25.5,24.1,21.6,18.8,15.9,14.5,11.7,10.5,7.4,6.6,8.7,14.9,14.9,15.9,16.8,17.6,16.1,16.0,15.3,13.4,11.3,9.5,10.6,16.0,15.6,8.4,1.7,-3.8,-3.8,-4.0,-4.4,-3.3,-0.2,24.5,30.8,51.6,13.4,0.0,35.9,23.2,12.4,72.9,,,OBAnorm,,LD831_02097v2.403,,,,0,0
DENATRLA,2025-06-23 23:37:44.000,24.5,26.3,25.4,17.8,19.4,14.1,10.2,10.7,7.5,6.3,10.2,12.1,14.7,16.4,17.0,17.1,16.4,16.9,14.9,13.3,11.0,8.2,11.4,23.0,23.4,4.9,0.7,-3.6,-3.3,-3.4,-4.4,-3.3,-0.1,28.6,30.5,46.5,13.4,0.0,35.9,23.2,12.4,72.9,,,OBAnorm,,LD831_02097v2.403,,,,0,0
DENATRLA,2025-06-23 23:37:45.000,30.5,26.9,19.2,20.9,17.4,14.0,11.0,9.4,6.8,5.9,9.4,13.2,15.0,16.7,17.6,16.9,16.9,16.1,15.5,13.0,11.3,8.8,10.8,21.4,23.9,4.7,1.3,-3.1,-3.3,-3.3,-4.0,-3.2,-0.2,28.6,30.5,45.0,13.4,0.0,35.9,23.2,12.4,72.9,,,OBAnorm,,LD831_02097v2.403,,,,0,0
DENATRLA,2025-06-23 23:37:46.000,29.6,23.3,24.8,21.4,18.2,12.2,11.4,10.9,6.4,6.6,9.3,13.4,14.5,16.5,17.1,16.4,16.1,16.4,15.5,12.8,11.1,9.7,8.9,21.9,24.4,1.9,-1.7,-3.6,-3.7,-3.7,-4.4,-3.1,-0.2,28.8,30.6,44.5,13.4,0.0,35.9,23.2,12.4,72.9,,,OBAnorm,,LD831_02097v2.403,,,,0,0
DENATRLA,2025-06-23 23:37:47.000,23.5,24.0,22.7,20.3,14.6,13.9,12.6,10.3,8.1,5.9,11.6,12.3,14.3,16.3,17.1,16.9,16.5,16.3,15.2,12.7,10.6,10.2,12.9,14.7,12.9,6.4,-3.1,-3.9,-3.8,-4.0,-4.4,-3.3,-0.2,24.2,28.9,42.0,13.4,0.0,35.9,23.2,12.4,72.9,,,OBAnorm,,LD831_02097v2.403,,,,0,0
DENATRLA,2025-06-23 23:37:48.000,27.9,27.1,24.8,18.9,19.0,15.1,11.8,12.5,7.4,6.1,11.0,13.2,15.5,17.3,17.1,17.0,16.3,15.9,15.2,13.3,11.1,12.6,14.8,22.6,24.1,8.4,-0.1,-3.7,-3.7,-3.8,-4.4,-3.3,-0.1,28.8,30.2,41.7,13.4,0.0,35.9,23.2,12.4,72.9,,,OBAnorm,,LD831_02097v2.403,,,,0,0
DENATRLA,2025-06-23 23:37:49.000,30.7,25.9,19.6,18.0,15.7,13.6,13.8,9.4,8.1,7.0,10.5,14.2,16.4,16.7,17.1,17.7,16.2,17.5,16.1,13.9,11.1,9.7,9.7,20.1,19.8,1.9,-2.4,-3.8,-3.7,-3.9,-4.5,-3.2,-0.2,26.8,29.4,41.0,13.4,0.0,35.9,23.2,12.4,72.9,,,OBAnorm,,LD831_02097v2.403,,,,0,0
DENATRLA,2025-06-23 23:37:50.000,23.5,24.3,18.2,17.9,17.6,14.2,13.8,12.2,6.9,7.4,9.6,13.7,14.9,16.6,18.0,16.9,16.6,16.2,15.5,13.7,10.7,8.5,8.4,19.1,20.8,0.9,-2.3,-3.7,-3.7,-4.0,-4.4,-3.3,-0.2,26.6,29.2,41.9,13.4,0.0,35.9,23.2,12.4,72.9,,,OBAnorm,,LD831_02097v2.403,,,,0,0
DENATRLA,2025-06-23 23:37:51.000,29.2,22.6,20.8,19.6,17.9,12.2,10.5,10.2,6.5,7.7,10.5,13.9,15.5,16.3,17.7,17.8,16.3,16.7,15.6,13.4,11.9,8.6,10.8,11.6,6.8,2.9,-2.7,-3.8,-3.9,-4.0,-4.5,-3.2,-0.2,23.5,28.2,41.7,13.4,0.0,35.9,23.2,12.4,72.9,,,OBAnorm,,LD831_02097v2.403,,,,0,0
DENATRLA,2025-06-23 23:37:52.000,26.2,24.9,21.8,16.9,15.8,13.4,12.0,10.0,7.1,7.9,8.9,12.1,15.1,16.2,17.9,17.4,17.1,16.9,15.6,13.5,11.1,10.6,13.8,22.1,17.8,3.1,-2.1,-3.6,-3.7,-3.9,-4.4,-3.2,-0.1,27.0,29.5,40.7,13.4,0.0,35.9,23.2,12.4,72.9,,,OBAnorm,,LD831_02097v2.403,,,,0,0
DENATRLA,2025-06-23 23:37:53.000,27.6,19.0,18.1,14.0,15.7,12.9,12.8,11.9,7.7,8.5,10.5,14.1,16.1,16.6,16.6,17.3,16.0,16.7,15.3,13.1,11.3,10.7,12.6,22.4,25.5,10.5,-0.3,-3.4,-3.4,-3.4,-4.4,-3.2,-0.1,29.7,30.7,39.5,13.4,0.0,35.9,23.2,12.4,72.9,,,OBAnorm,,LD831_02097v2.403,,,,0,0
DENATRLA,2025-06-23 23:37:54.000,25.6,24.5,23.2,15.7,14.5,12.0,12.9,12.1,6.4,6.7,10.8,12.9,15.3,16.6,17.8,17.9,16.1,16.3,14.9,13.4,11.5,8.7,10.9,22.4,23.5,2.8,-1.8,-3.7,-3.4,-3.6,-4.3,-3.1,-0.1,28.3,29.7,40.6,13.4,0.0,35.9,23.2,12.4,72.9,,,OBAnorm,,LD831_02097v2.403,,,,0,0
DENATRLA,2025-06-23 23:37:55.000,27.9,26.6,21.7,18.7,12.1,13.2,11.3,10.0,8.8,7.4,10.5,14.5,15.4,17.1,17.8,17.3,17.2,17.4,15.5,13.4,11.2,9.2,6.8,9.0,10.4,2.1,-2.7,-3.8,-3.8,-3.9,-4.5,-3.4,-0.2,23.4,27.9,34.4,13.4,0.0,35.9,23.2,12.4,72.9,,,OBAnorm,,LD831_02097v2.403,,,,0,0
DENATRLA,2025-06-23 23:37:56.000,25.7,24.0,20.2,18.9,16.2,10.8,11.9,9.6,8.0,7.1,11.1,13.6,15.7,17.8,18.3,18.1,17.9,17.3,15.8,14.1,11.7,9.5,13.6,23.5,24.0,4.4,-1.6,-3.7,-3.7,-3.6,-4.4,-3.3,-0.1,29.2,30.7,36.0,13.4,0.0,35.9,23.2,12.4,72.9,,,OBAnorm,,LD831_02097v2.403,,,,0,0
DENATRLA,2025-06-23 23:37:57.000,21.1,22.4,21.1,14.8,11.3,14.7,14.3,11.6,7.5,7.9,10.6,13.2,16.0,16.3,17.8,18.0,15.7,17.1,15.9,14.0,11.8,10.5,12.8,22.7,23.1,4.5,-2.1,-3.8,-3.6,-3.6,-4.4,-3.3,-0.1,28.8,30.2,40.8,13.4,0.0,35.9,23.2,12.4,72.9,,,OBAnorm,,LD831_02097v2.403,,,,0,0
DENATRLA,2025-06-23 23:37:58.000,24.7,24.8,25.4,15.6,12.8,13.5,14.2,12.0,5.6,6.1,10.3,14.6,16.0,16.2,17.2,18.1,17.0,17.0,15.5,13.7,11.8,9.7,10.9,20.7,23.2,3.7,0.5,-3.1,-3.7,-3.6,-4.3,-3.2,-0.1,28.1,29.8,38.2,13.4,0.0,35.9,23.2,12.4,72.9,,,OBAnorm,,LD831_02097v2.403,,,,0,0
DENATRLA,2025-06-23 23:37:59.000,28.0,25.8,18.6,17.8,14.1,15.0,12.1,13.0,9.5,6.9,11.6,15.3,14.5,16.6,17.3,16.9,16.7,17.2,15.7,13.5,11.6,9.3,5.8,6.9,4.4,0.3,-2.0,-3.2,-3.4,-3.2,-4.3,-3.2,-0.1,23.4,28.2,39.1,13.4,0.0,35.9,23.2,12.4,72.9,,,OBAnorm,,LD831_02097v2.403,,,,0,0
DENATRLA,2025-06-23 23:38:00.000,23.7,24.7,20.0,19.8,12.2,13.2,15.0,11.3,7.1,6.7,11.3,15.2,15.8,17.4,18.2,16.6,16.9,16.5,15.6,14.1,11.7,9.0,5.8,19.4,23.9,3.5,-1.7,-3.4,-3.6,-3.5,-4.1,-3.2,-0.1,27.9,29.9,39.4,13.4,0.0,35.9,23.2,12.4,72.9,,,OBAnorm,,LD831_02097v2.403,,,,0,0
DENATRLA,2025-06-23 23:38:01.000,25.2,24.5,22.9,17.4,14.9,14.1,13.2,11.8,7.3,7.3,11.8,13.8,15.9,17.3,17.5,17.7,17.0,16.8,16.2,14.6,12.1,10.0,12.1,22.8,23.7,4.0,-1.5,-3.8,-3.6,-3.7,-4.4,-3.3,-0.2,29.0,30.2,38.9,13.4,0.0,35.9,23.2,12.4,72.9,,,OBAnorm,,LD831_02097v2.403,,,,0,0
DENATRLA,2025-06-23 23:38:02.000,25.8,25.6,24.5,16.1,14.1,15.4,13.9,11.9,7.7,6.6,9.6,12.4,16.3,16.5,17.8,17.1,16.9,16.8,16.5,14.4,12.2,11.9,13.0,23.4,22.2,3.4,-2.4,-3.8,-3.7,-3.8,-4.4,-3.2,-0.2,29.0,30.3,36.2,13.4,0.0,35.9,23.2,12.4,72.9,,,OBAnorm,,LD831_02097v2.403,,,,0,0
DENATRLA,2025-06-23 23:38:03.000,17.8,22.8,20.1,16.8,16.4,13.0,12.8,11.9,8.3,7.4,11.1,14.1,14.6,17.5,18.1,17.8,17.3,17.3,15.5,13.5,11.4,9.5,9.8,13.2,13.8,8.8,-1.9,-3.7,-3.0,-3.9,-4.4,-3.1,0.0,24.3,28.2,38.4,13.4,0.0,35.9,23.2,12.4,72.9,,,OBAnorm,,LD831_02097v2.403,,,,0,0
DENATRLA,2025-06-23 23:38:04.000,22.8,24.1,20.9,17.7,15.7,16.6,11.7,10.9,7.1,8.4,9.2,13.3,16.1,16.2,17.5,17.2,16.6,17.2,15.4,13.7,12.3,10.7,12.3,24.3,23.8,2.5,-1.3,-3.8,-3.6,-3.7,-4.4,-3.1,-0.1,29.3,30.0,34.4,13.4,0.0,35.9,23.2,12.4,72.9,,,OBAnorm,,LD831_02097v2.403,,,,0,0
DENATRLA,2025-06-23 23:38:05.000,24.9,23.5,11.5,16.8,14.1,15.0,12.4,11.9,8.2,7.1,10.7,13.2,14.4,14.9,17.0,18.2,16.8,16.2,16.7,12.8,12.8,9.9,9.6,22.0,23.1,2.7,-1.3,-3.0,-3.6,-3.5,-4.3,-3.2,-0.2,28.4,30.0,35.1,13.4,0.0,35.9,23.2,12.4,72.9,,,OBAnorm,,LD831_02097v2.403,,,,0,0
DENATRLA,2025-06-23 23:38:06.000,19.7,22.0,22.2,21.7,16.2,13.4,12.2,11.7,6.5,6.7,10.3,12.8,15.4,14.7,17.1,16.4,16.7,16.3,17.3,13.1,11.6,9.7,9.7,22.3,19.3,2.9,-1.0,-2.8,-3.4,-3.5,-4.4,-3.2,-0.2,27.3,28.9,34.8,13.4,0.0,35.9,23.2,12.4,72.9,,,OBAnorm,,LD831_02097v2.403,,,,0,0
DENATRLA,2025-06-23 23:38:07.000,23.3,25.2,18.4,13.1,14.3,13.6,13.6,11.8,9.2,7.7,11.3,14.8,15.0,14.7,17.0,16.5,15.9,16.4,15.8,12.8,11.4,10.4,14.1,14.2,19.4,8.4,-3.2,-3.6,-3.7,-3.8,-4.4,-3.2,-0.1,25.6,28.5,37.9,13.4,0.0,35.9,23.2,12.3,72.9,,,OBAnorm,,LD831_02097v2.403,,,,0,0
DENATRLA,2025-06-23 23:38:08.000,24.3,24.8,21.2,17.1,17.6,13.2,13.9,12.5,8.2,8.0,9.7,13.0,15.1,15.2,17.5,17.0,16.0,16.3,15.0,12.6,11.0,8.8,11.5,20.8,20.6,5.6,-0.8,-3.7,-3.6,-3.8,-4.3,-3.1,-0.1,26.9,28.9,41.3,13.4,0.0,35.9,23.2,12.4,72.9,,,OBAnorm,,LD831_02097v2.403,,,,0,0
DENATRLA,2025-06-23 23:38:09.000,24.8,22.4,19.8,16.2,12.6,15.6,13.2,9.6,6.1,8.1,10.0,14.1,15.2,16.6,17.4,17.0,16.2,16.2,14.9,13.1,10.7,7.7,6.5,19.2,19.9,0.2,-3.6,-3.8,-3.7,-4.0,-4.4,-3.3,-0.1,26.1,28.7,38.9,13.4,0.0,35.9,23.2,12.4,72.9,,,OBAnorm,,LD831_02097v2.403,,,,0,0
DENATRLA,2025-06-23 23:38:10.000,23.3,22.7,20.3,19.8,13.9,14.1,13.8,8.1,4.5,5.8,10.3,12.9,14.9,16.8,17.8,17.8,16.9,16.5,15.9,13.7,11.5,8.6,8.0,20.7,18.6,-0.5,-3.4,-3.9,-3.7,-3.8,-4.4,-3.2,-0.1,26.5,29.5,42.3,13.4,0.0,35.9,23.2,12.3,72.9,,,OBAnorm,,LD831_02097v2.403,,,,0,0
DENATRLA,2025-06-23 23:38:11.000,22.7,19.5,22.9,16.7,17.2,14.5,12.2,9.2,8.5,7.2,11.0,14.4,15.1,15.0,17.9,17.5,16.9,16.6,15.6,13.2,10.6,9.9,9.0,13.3,7.7,7.8,-3.6,-3.7,-3.7,-3.7,-4.4,-3.2,0.0,23.5,28.1,42.4,13.4,0.0,35.9,23.2,12.3,73.5,,,OBAnorm,,LD831_02097v2.403,,,,0,0
DENATRLA,2025-06-23 23:38:12.000,26.7,20.4,20.9,19.4,16.9,12.4,11.8,10.6,8.6,7.1,10.4,13.4,15.5,16.3,16.9,17.8,16.6,16.8,15.2,13.2,10.9,10.8,9.9,20.5,21.3,16.1,1.7,-3.2,-3.6,-3.6,-4.4,-3.1,-0.1,27.7,29.6,41.0,13.4,0.0,35.9,23.2,12.3,73.5,,,OBAnorm,,LD831_02097v2.403,,,,0,0
DENATRLA,2025-06-23 23:38:13.000,29.5,22.6,18.9,19.5,15.0,13.8,12.6,9.3,9.2,6.7,10.2,14.8,15.8,17.1,18.2,18.4,17.8,16.8,17.3,13.8,11.9,10.6,11.4,23.1,24.4,4.7,0.3,-2.9,-3.2,-3.4,-3.6,-3.0,-0.1,29.4,30.6,41.8,13.4,0.0,35.9,23.2,12.3,73.5,,,OBAnorm,,LD831_02097v2.403,,,,0,0
DENATRLA,2025-06-23 23:38:14.000,22.3,23.2,21.7,17.8,17.1,10.9,13.7,10.9,9.0,6.9,11.7,14.2,15.5,16.0,17.2,17.9,17.8,16.7,16.1,14.3,11.7,8.6,8.2,22.3,23.7,2.8,-2.6,-3.7,-3.4,-3.6,-4.2,-3.1,-0.1,28.4,29.9,38.7,13.4,0.0,35.9,23.2,12.3,73.5,,,OBAnorm,,LD831_02097v2.403,,,,0,0
DENATRLA,2025-06-23 23:38:15.000,20.2,23.5,21.5,16.3,15.6,12.3,12.8,10.9,7.3,6.8,10.0,13.3,15.6,16.6,18.2,18.2,17.5,17.0,15.5,13.8,11.4,10.0,7.3,10.7,9.5,4.5,-3.1,-3.8,-3.8,-3.8,-4.4,-3.1,-0.2,23.5,29.1,45.1,13.4,0.0,35.9,23.2,12.3,73.5,,,OBAnorm,,LD831_02097v2.403,,,,0,0
DENATRLA,2025-06-23 23:38:16.000,27.8,25.0,23.5,16.3,15.5,15.9,14.6,9.7,7.6,7.6,10.2,14.4,15.1,17.0,16.7,17.8,17.0,17.4,15.9,13.7,12.4,9.2,9.6,23.2,23.4,0.5,-1.9,-3.7,-3.4,-3.2,-4.3,-3.0,-0.2,28.8,30.2,44.2,13.4,0.0,35.9,23.2,12.3,73.5,,,OBAnorm,,LD831_02097v2.403,,,,0,0
DENATRLA,2025-06-23 23:38:17.000,26.7,26.8,19.9,19.1,19.0,14.1,12.0,12.4,8.6,6.3,10.1,13.2,15.0,16.9,18.0,18.2,17.1,16.4,16.2,13.4,11.2,9.0,12.0,23.7,25.6,12.9,-1.4,-3.0,-3.2,-3.6,-4.4,-3.2,-0.1,30.2,31.0,40.5,13.4,0.0,35.9,23.2,12.3,73.5,,,OBAnorm,,LD831_02097v2.403,,,,0,0
DENATRLA,2025-06-23 23:38:18.000,24.3,21.4,18.9,16.6,15.4,13.0,12.2,9.7,7.2,8.0,10.5,12.7,13.9,16.5,18.5,17.2,17.9,16.6,16.5,13.9,11.8,10.2,14.6,13.9,15.0,17.2,3.1,-1.5,-3.6,-3.7,-4.4,-3.2,-0.3,25.7,28.9,37.6,13.4,0.0,35.9,23.2,12.3,73.5,,,OBAnorm,,LD831_02097v2.403,,,,0,0
DENATRLA,2025-06-23 23:38:19.000,18.3,23.5,24.1,19.4,14.9,14.0,14.1,11.2,6.1,7.4,9.7,13.6,15.6,16.9,17.2,17.2,17.1,17.1,16.7,14.2,12.3,10.2,11.5,22.7,25.1,3.3,1.9,-2.4,-3.2,-3.7,-4.5,-3.2,-0.2,29.3,30.4,35.7,13.4,0.0,35.9,23.2,12.3,73.5,,,OBAnorm,,LD831_02097v2.403,,,,0,0
DENATRLA,2025-06-23 23:38:20.000,21.5,23.4,22.1,18.7,16.6,14.5,14.3,9.5,5.7,7.8,11.8,13.6,15.4,16.2,16.9,17.8,16.4,17.1,16.1,13.4,11.9,10.5,10.2,23.0,22.5,2.9,-0.5,-3.4,-3.5,-3.7,-4.5,-3.2,-0.1,28.4,30.3,39.6,13.4,0.0,35.9,23.2,12.3,73.5,,,OBAnorm,,LD831_02097v2.403,,,,0,0
DENATRLA,2025-06-23 23:38:21.000,25.4,24.0,21.1,18.8,17.3,12.2,13.4,10.1,7.5,7.2,10.8,12.6,15.8,15.9,18.4,17.2,16.9,17.3,16.9,14.4,12.3,10.4,11.7,22.1,23.1,3.1,0.0,-3.4,-3.6,-3.8,-4.4,-3.2,-0.2,28.8,30.6,45.4,13.4,0.0,35.9,23.2,12.3,73.5,,,OBAnorm,,LD831_02097v2.403,,,,0,0
DENATRLA,2025-06-23 23:38:22.000,27.5,27.4,24.5,18.2,15.3,13.8,14.0,10.2,7.3,6.8,9.4,12.9,15.2,16.3,17.3,17.6,18.1,18.2,17.0,15.1,13.0,10.5,7.1,10.1,9.3,4.0,-0.7,-3.1,-3.1,-3.8,-4.4,-3.2,-0.2,24.2,29.5,44.8,13.4,0.0,35.9,23.2,12.3,73.5,,,OBAnorm,,LD831_02097v2.403,,,,0,0
DENATRLA,2025-06-23 23:38:23.000,25.2,27.9,20.2,22.7,15.1,16.3,13.3,8.8,7.7,8.3,11.9,14.6,16.5,16.5,17.8,18.3,17.4,17.7,16.3,14.3,12.5,10.4,13.0,21.7,24.0,5.1,0.3,-3.3,-3.6,-3.8,-4.4,-3.3,-0.3,28.9,30.7,44.3,13.4,0.0,35.9,23.2,12.3,74.1,,,OBAnorm,,LD831_02097v2.403,,,,0,0
DENATRLA,2025-06-23 23:38:24.000,28.1,23.3,20.4,21.9,16.6,14.9,12.5,10.4,9.2,8.8,11.4,14.9,15.5,16.9,18.1,18.0,17.7,17.2,16.1,14.5,12.2,10.4,10.6,21.3,22.0,7.4,-0.2,-3.7,-3.8,-3.8,-4.4,-3.2,-0.2,28.0,30.2,41.9,13.4,0.0,35.9,23.2,12.3,74.1,,,OBAnorm,,LD831_02097v2.403,,,,0,0
DENATRLA,2025-06-23 23:38:25.000,23.8,22.8,24.3,20.0,18.3,16.4,14.5,10.3,8.2,7.7,10.2,13.2,15.2,17.2,17.3,17.9,17.8,16.7,17.2,14.3,12.5,9.7,6.1,7.7,6.0,1.2,-2.8,-3.7,-3.8,-3.8,-4.4,-3.2,-0.1,23.5,29.1,42.0,13.4,0.0,35.9,23.2,12.3,74.1,,,OBAnorm,,LD831_02097v2.403,,,,0,0
DENATRLA,2025-06-23 23:38:26.000,25.5,25.1,20.7,15.3,15.6,14.6,15.5,11.1,7.4,7.5,12.1,13.5,16.8,17.3,17.7,17.1,17.6,18.0,15.9,14.8,12.1,9.5,10.4,21.1,24.9,1.5,-1.4,-3.5,-3.6,-3.7,-4.3,-3.2,-0.3,28.9,30.7,43.7,13.4,0.0,35.9,23.2,12.3,74.1,,,OBAnorm,,LD831_02097v2.403,,,,0,0
DENATRLA,2025-06-23 23:38:27.000,24.1,28.1,22.5,18.8,18.7,16.1,13.9,11.1,6.2,4.0,10.9,13.1,16.0,16.6,17.6,18.1,17.4,17.6,16.7,14.1,11.9,9.3,11.2,22.5,23.3,1.1,-0.3,-3.3,-3.7,-3.5,-4.4,-3.2,-0.2,28.8,30.5,45.7,13.4,0.0,35.9,23.2,12.3,74.1,,,OBAnorm,,LD831_02097v2.403,,,,0,0
DENATRLA,2025-06-23 23:38:28.000,22.4,25.6,24.1,18.4,16.1,15.4,13.8,10.0,6.8,6.7,10.1,12.9,15.2,16.6,18.2,17.2,18.0,17.2,16.5,14.5,11.7,9.9,9.5,10.4,6.8,0.6,-2.3,-3.3,-3.7,-3.7,-4.5,-3.2,-0.1,23.7,28.7,45.4,13.4,0.0,35.9,23.2,12.3,74.1,,,OBAnorm,,LD831_02097v2.403,,,,0,0
DENATRLA,2025-06-23 23:38:29.000,26.8,23.8,19.9,17.3,14.6,11.6,15.0,9.1,6.9,7.1,10.3,13.4,16.2,17.2,17.9,18.3,17.0,17.8,16.8,14.1,11.7,9.8,12.7,20.6,25.4,10.0,0.2,-3.7,-3.7,-3.8,-4.3,-3.3,-0.2,29.6,30.9,40.4,13.4,0.0,35.9,23.2,12.3,74.1,,,OBAnorm,,LD831_02097v2.403,,,,0,0
DENATRLA,2025-06-23 23:38:30.000,25.8,24.9,21.4,19.2,17.1,12.2,14.6,11.7,6.7,6.8,11.3,13.9,14.9,16.6,19.0,17.0,17.3,18.2,16.8,14.8,11.5,9.0,9.3,21.7,25.0,2.4,-1.8,-3.7,-3.4,-3.6,-4.4,-3.3,-0.2,29.4,30.8,41.4,13.4,0.0,35.9,23.2,12.3,74.1,,,OBAnorm,,LD831_02097v2.403,,,,0,0
DENATRLA,2025-06-23 23:38:31.000,25.9,22.1,21.8,19.7,16.7,13.4,15.8,9.9,8.9,7.5,9.2,12.3,15.6,17.0,18.0,17.7,17.8,17.2,15.8,14.1,11.3,8.3,4.8,7.1,3.2,-1.9,-3.5,-3.8,-3.8,-4.0,-4.5,-3.3,-0.3,23.0,28.2,42.6,13.4,0.0,35.9,23.2,12.3,74.1,,,OBAnorm,,LD831_02097v2.403,,,,0,0
DENATRLA,2025-06-23 23:38:32.000,26.8,25.1,22.1,17.3,17.1,15.3,12.6,12.5,8.4,7.4,11.5,13.6,16.8,16.7,17.9,17.9,17.5,16.7,15.7,13.8,11.5,8.9,9.0,22.0,25.7,8.0,-2.5,-3.8,-3.7,-3.8,-4.4,-3.3,-0.3,29.4,30.4,38.1,13.4,0.0,35.9,23.2,12.3,74.1,,,OBAnorm,,LD831_02097v2.403,,,,0,0
DENATRLA,2025-06-23 23:38:33.000,25.8,21.8,17.9,16.1,17.0,14.4,13.6,8.4,8.0,7.7,11.6,14.7,15.2,17.1,18.2,18.1,16.4,17.2,16.2,14.0,11.6,10.4,10.2,22.0,23.3,10.0,-0.9,-3.3,-3.4,-3.6,-4.3,-3.0,-0.2,28.5,30.5,42.0,13.4,0.0,35.9,23.2,12.3,74.1,,,OBAnorm,,LD831_02097v2.403,,,,0,0
DENATRLA,2025-06-23 23:38:34.000,24.6,21.6,21.4,19.2,18.4,15.4,14.0,11.9,7.5,6.4,9.8,12.2,16.3,16.7,17.8,17.0,16.3,17.0,16.0,13.9,12.1,11.1,11.1,21.3,24.4,5.6,-2.5,-3.8,-3.8,-3.9,-4.4,-3.3,-0.3,28.5,29.9,42.9,13.4,0.0,35.9,23.2,12.3,74.1,,,OBAnorm,,LD831_02097v2.403,,,,0,0
DENATRLA,2025-06-23 23:38:35.000,22.9,24.9,20.9,17.1,16.2,14.0,13.9,12.4,9.4,6.4,10.5,13.5,15.7,16.9,17.4,17.8,16.9,17.2,16.4,14.6,12.1,9.3,6.7,15.3,14.5,6.4,-2.4,-3.8,-3.8,-4.0,-4.4,-3.3,-0.2,24.5,29.4,45.1,13.4,0.0,35.9,23.2,12.2,74.0,,,OBAnorm,,LD831_02097v2.403,,,,0,0
DENATRLA,2025-06-23 23:38:36.000,24.8,22.4,25.2,20.5,15.8,16.8,13.5,10.3,8.2,8.1,11.9,14.9,15.7,16.4,17.4,18.0,17.5,17.2,15.6,13.8,11.6,9.9,11.9,24.3,25.6,2.8,-0.3,-3.6,-3.6,-3.3,-4.3,-3.1,-0.3,30.4,31.4,46.5,13.4,0.0,35.9,23.2,12.2,74.0,,,OBAnorm,,LD831_02097v2.403,,,,0,0
DENATRLA,2025-06-23 23:38:37.000,23.5,25.6,19.3,15.9,16.9,16.8,14.0,11.7,9.7,8.9,10.2,14.3,15.2,17.4,17.9,17.7,17.2,17.3,15.6,13.9,11.7,8.8,9.3,20.7,21.4,2.1,-2.2,-3.8,-3.8,-3.9,-4.4,-3.0,-0.3,27.4,30.8,47.4,13.4,0.0,35.9,23.2,12.3,74.1,,,OBAnorm,,LD831_02097v2.403,,,,0,0
DENATRLA,2025-06-23 23:38:38.000,27.5,23.8,23.7,17.5,19.5,16.4,13.3,10.4,9.7,8.4,10.7,14.6,16.0,16.7,17.7,16.8,17.0,17.5,16.2,14.4,12.1,9.1,5.6,9.3,8.7,-0.9,-3.4,-3.8,-3.8,-3.9,-4.4,-3.1,-0.2,23.4,30.3,45.6,13.4,0.0,35.9,23.2,12.3,74.1,,,OBAnorm,,LD831_02097v2.403,,,,0,0
DENATRLA,2025-06-23 23:38:39.000,26.6,24.2,22.9,20.0,17.5,15.7,12.2,12.6,7.6,8.3,12.2,14.0,15.3,17.4,18.1,17.4,16.7,18.2,16.5,14.2,12.0,9.2,13.0,19.0,24.5,5.6,-1.5,-3.8,-3.8,-3.8,-4.4,-3.1,-0.3,28.7,31.3,48.4,13.4,0.0,35.9,23.2,12.2,74.0,,,OBAnorm,,LD831_02097v2.403,,,,0,0
DENATRLA,2025-06-23 23:38:40.000,31.8,26.8,24.6,16.4,19.5,15.1,13.6,12.1,8.3,7.1,10.7,12.5,14.4,17.5,17.7,17.7,17.0,17.7,16.4,13.6,12.2,12.5,14.5,22.9,23.2,8.6,-0.9,-3.6,-3.8,-3.8,-4.5,-3.2,-0.1,29.3,32.3,50.8,13.4,0.0,35.9,23.2,12.2,74.0,,,OBAnorm,,LD831_02097v2.403,,,,0,0
DENATRLA,2025-06-23 23:38:41.000,28.2,26.4,22.0,22.0,17.7,16.2,14.9,10.8,6.9,8.5,10.6,14.8,14.4,17.1,18.6,17.1,17.7,17.3,16.6,14.0,12.1,9.4,7.4,9.0,8.3,3.7,0.9,-3.0,-3.8,-3.9,-4.5,-3.2,-0.2,23.6,30.5,47.5,13.4,0.0,35.9,23.2,12.2,74.0,,,OBAnorm,,LD831_02097v2.403,,,,0,0
DENATRLA,2025-06-23 23:38:42.000,30.1,30.4,27.4,22.4,18.4,13.1,11.4,11.1,7.0,9.0,10.3,14.0,13.5,15.8,17.5,17.9,16.9,17.1,15.8,14.1,11.8,10.2,8.7,20.3,19.4,1.7,-0.4,-3.0,-3.4,-2.9,-3.9,-3.1,-0.1,26.7,30.9,46.3,13.4,0.0,35.9,23.2,12.2,74.0,,,OBAnorm,,LD831_02097v2.403,,,,0,0
DENATRLA,2025-06-23 23:38:43.000,31.2,26.8,18.9,20.7,14.6,14.8,12.5,9.3,6.5,7.0,12.1,13.4,15.2,17.4,17.9,17.7,17.2,17.4,16.0,14.0,11.9,8.9,9.6,21.1,21.1,1.9,-0.7,-3.2,-3.7,-3.9,-4.3,-3.2,0.0,27.4,30.6,45.3,13.4,0.0,35.9,23.2,12.2,74.0,,,OBAnorm,,LD831_02097v2.403,,,,0,0
DENATRLA,2025-06-23 23:38:44.000,32.6,26.9,21.4,17.0,16.0,14.1,12.3,11.3,9.4,8.4,10.3,13.6,16.4,16.7,17.8,17.7,17.2,17.1,16.1,14.1,11.7,9.3,8.7,19.6,20.8,2.7,0.3,-2.9,-3.6,-3.8,-4.4,-3.1,-0.1,27.0,30.4,48.6,13.4,0.0,35.9,23.2,12.2,74.0,,,OBAnorm,,LD831_02097v2.403,,,,0,0
DENATRLA,2025-06-23 23:38:45.000,32.7,29.9,23.3,19.7,18.8,15.8,15.1,13.2,9.4,9.0,10.2,13.3,15.0,17.0,17.2,18.4,17.0,17.3,15.9,14.0,11.8,10.0,8.0,13.2,13.7,7.2,3.3,-2.8,-3.5,-3.9,-4.3,-3.2,-0.1,24.3,29.3,45.5,13.4,0.0,35.9,23.2,12.2,74.0,,,OBAnorm,,LD831_02097v2.403,,,,0,0
DENATRLA,2025-06-23 23:38:46.000,23.2,24.8,20.1,19.9,19.9,15.7,15.8,13.0,10.6,6.7,12.4,12.6,15.8,17.9,18.0,17.7,18.0,17.3,16.9,15.3,12.9,11.6,14.6,21.6,20.7,10.2,0.4,-3.0,-3.5,-3.9,-4.4,-3.2,-0.3,28.0,30.9,51.0,13.4,0.0,35.9,23.1,12.2,74.0,,,OBAnorm,,LD831_02097v2.403,,,,0,0
DENATRLA,2025-06-23 23:38:47.000,30.5,27.6,22.9,20.6,16.4,15.0,11.8,13.3,9.1,8.4,11.0,13.8,15.6,17.3,18.4,17.7,17.8,17.9,16.6,15.1,12.8,9.8,9.8,19.9,20.5,4.7,3.3,-2.8,-3.5,-3.8,-4.4,-3.2,-0.1,27.3,31.7,52.1,13.4,0.0,35.9,23.2,12.2,74.0,,,OBAnorm,,LD831_02097v2.403,,,,0,0
DENATRLA,2025-06-23 23:38:48.000,27.3,23.1,23.2,16.8,17.0,14.0,13.9,12.7,10.7,6.3,10.6,14.5,17.1,15.7,17.8,17.5,17.2,17.5,16.7,14.7,12.5,9.7,6.9,13.1,13.6,2.0,0.3,-2.7,-3.5,-3.9,-4.4,-3.1,-0.2,24.2,31.4,49.9,13.4,0.0,35.9,23.1,12.2,74.0,,,OBAnorm,,LD831_02097v2.403,,,,0,0
DENATRLA,2025-06-23 23:38:49.000,23.3,25.5,26.4,22.3,18.6,14.6,17.2,12.4,8.2,8.2,10.3,13.9,15.8,17.1,18.3,18.2,17.8,18.2,17.0,15.3,13.4,11.2,9.4,19.7,21.1,1.7,-1.4,-3.4,-3.7,-3.9,-4.4,-3.3,-0.3,27.4,30.8,46.8,13.4,0.0,35.9,23.1,12.2,74.0,,,OBAnorm,,LD831_02097v2.403,,,,0,0
DENATRLA,2025-06-23 23:38:50.000,34.2,24.6,25.7,19.9,20.2,13.9,15.7,13.2,10.5,7.7,9.8,12.5,15.4,16.0,18.0,18.9,18.2,18.0,18.0,15.7,14.0,12.6,10.6,20.3,17.8,1.3,-0.9,-3.3,-3.7,-3.8,-4.4,-3.1,-0.1,27.0,30.6,45.1,13.4,0.0,35.9,23.2,12.2,74.0,,,OBAnorm,,LD831_02097v2.403,,,,0,0
DENATRLA,2025-06-23 23:38:51.000,29.0,28.4,22.8,21.4,16.8,13.8,13.8,11.9,9.0,9.0,11.6,13.5,16.1,16.4,18.4,18.0,17.6,18.2,17.9,16.6,14.4,11.4,10.9,10.4,2.9,0.0,-1.5,-3.5,-3.7,-3.9,-4.4,-3.2,-0.1,24.9,29.8,45.3,13.4,0.0,35.9,23.2,12.2,74.0,,,OBAnorm,,LD831_02097v2.403,,,,0,0
DENATRLA,2025-06-23 23:38:52.000,28.7,27.7,23.4,18.2,16.8,15.7,14.7,13.1,9.6,8.2,11.0,13.5,15.1,16.7,18.6,17.5,18.8,18.1,17.4,15.7,13.4,11.0,13.3,22.8,24.2,9.4,-0.2,-3.3,-3.6,-3.4,-4.3,-3.2,-0.1,29.6,31.4,46.3,13.4,0.0,35.9,23.1,12.2,74.6,,,OBAnorm,,LD831_02097v2.403,,,,0,0
DENATRLA,2025-06-23 23:38:53.000,23.9,26.0,24.8,19.7,13.1,15.9,12.5,13.1,9.0,6.6,9.9,15.2,15.5,17.2,18.0,18.1,17.9,18.0,16.8,14.4,12.6,10.1,11.0,21.2,22.6,4.9,-0.1,-3.3,-3.6,-3.7,-4.3,-3.0,-0.2,28.4,30.2,39.2,13.4,0.0,35.9,23.1,12.2,74.6,,,OBAnorm,,LD831_02097v2.403,,,,0,0
DENATRLA,2025-06-23 23:38:54.000,27.4,26.1,22.3,18.2,15.8,14.8,15.2,11.6,8.8,8.9,11.4,13.3,16.0,18.7,17.7,18.3,17.5,18.7,17.6,16.5,13.2,10.5,7.0,7.5,3.0,0.4,-1.6,-3.3,-3.6,-3.7,-4.4,-3.2,-0.1,24.2,29.2,48.1,13.4,0.0,35.9,23.1,12.2,74.6,,,OBAnorm,,LD831_02097v2.403,,,,0,0
DENATRLA,2025-06-23 23:38:55.000,25.5,27.9,21.9,20.1,16.5,14.8,15.7,12.6,7.7,9.1,9.9,14.2,16.9,17.7,18.3,18.3,18.6,18.4,17.8,16.0,13.4,10.7,11.9,21.6,24.9,3.2,-0.4,-3.6,-3.8,-3.8,-4.4,-3.2,-0.2,29.6,31.4,48.9,13.4,0.0,35.9,23.2,12.2,74.6,,,OBAnorm,,LD831_02097v2.403,,,,0,0
DENATRLA,2025-06-23 23:38:56.000,25.2,23.9,19.8,18.5,17.5,18.2,13.5,13.1,8.7,8.5,10.2,14.6,16.4,17.2,18.7,17.7,17.3,17.5,17.7,15.6,13.2,10.5,11.5,24.2,24.9,3.7,-0.5,-3.5,-3.7,-3.7,-4.4,-3.2,-0.2,30.2,31.8,43.0,13.4,0.0,35.9,23.1,12.2,74.6,,,OBAnorm,,LD831_02097v2.403,,,,0,0
DENATRLA,2025-06-23 23:38:57.000,24.8,23.5,22.6,16.8,13.8,15.6,13.7,14.8,8.8,8.1,10.2,13.7,15.3,17.7,18.1,18.9,18.2,17.8,17.6,14.9,12.5,11.4,13.0,23.4,22.1,12.7,-0.5,-3.5,-3.7,-3.7,-4.4,-3.1,-0.2,29.0,31.3,50.9,13.4,0.0,35.9,23.1,12.2,74.6,,,OBAnorm,,LD831_02097v2.403,,,,0,0
DENATRLA,2025-06-23 23:38:58.000,26.5,25.7,26.0,20.9,17.4,14.4,13.8,11.2,7.4,9.4,10.4,14.9,15.6,18.4,18.8,18.5,18.0,18.0,17.0,15.0,12.9,9.5,7.4,14.3,13.3,3.0,-1.2,-3.5,-3.8,-4.0,-4.4,-3.3,-0.2,24.8,30.0,45.7,13.4,0.0,35.9,23.2,12.2,74.6,,,OBAnorm,,LD831_02097v2.403,,,,0,0
DENATRLA,2025-06-23 23:38:59.000,31.1,29.5,20.0,19.3,18.4,15.7,12.9,13.1,9.2,7.1,11.5,13.6,15.5,16.9,18.2,18.0,18.2,18.0,17.7,15.0,13.4,10.4,12.2,21.3,21.1,3.5,-0.8,-3.5,-3.7,-3.9,-4.4,-3.3,-0.1,28.0,30.7,49.2,13.4,0.0,35.9,23.1,12.2,74.6,,,OBAnorm,,LD831_02097v2.403,,,,0,0
DENATRLA,2025-06-23 23:39:00.000,30.0,22.9,24.2,19.4,17.6,14.5,13.5,11.6,8.8,9.2,11.7,14.1,16.2,18.3,18.4,20.1,18.5,18.4,17.4,15.8,13.2,10.0,9.3,22.9,24.4,1.6,-0.8,-3.4,-3.6,-3.7,-4.4,-3.1,-0.1,29.4,31.0,42.3,13.4,0.0,35.9,23.1,12.2,74.6,,,OBAnorm,,LD831_02097v2.403,,,,0,0
DENATRLA,2025-06-23 23:39:01.000,23.1,27.9,21.8,19.4,14.9,14.5,11.6,11.7,7.3,8.4,12.3,13.8,16.0,17.6,19.0,18.9,19.1,17.8,17.4,15.3,12.9,10.1,7.8,12.5,10.6,0.4,-2.6,-3.6,-3.7,-3.8,-4.3,-3.0,-0.2,24.6,30.1,47.8,13.4,0.0,35.9,23.2,12.2,74.6,,,OBAnorm,,LD831_02097v2.403,,,,0,0
DENATRLA,2025-06-23 23:39:02.000,22.5,20.1,20.7,19.3,18.3,17.3,16.5,13.4,7.4,8.0,10.5,14.8,15.5,18.7,18.5,18.8,18.6,18.2,17.0,14.9,12.9,14.6,16.0,23.5,23.4,11.6,-1.9,-3.7,-3.6,-3.7,-4.4,-3.3,-0.2,29.8,31.6,45.6,13.4,0.0,35.9,23.2,12.2,74.6,,,OBAnorm,,LD831_02097v2.403,,,,0,0
DENATRLA,2025-06-23 23:39:03.000,27.0,25.0,23.0,19.9,17.1,14.6,15.4,11.8,7.3,8.7,11.9,14.4,15.8,16.7,17.4,18.6,17.9,17.7,17.1,15.3,12.3,11.3,13.6,24.3,25.9,8.4,0.1,-3.3,-3.5,-3.5,-4.4,-3.2,-0.2,30.7,32.0,48.7,13.4,0.0,35.9,23.1,12.2,74.6,,,OBAnorm,,LD831_02097v2.403,,,,0,0
DENATRLA,2025-06-23 23:39:04.000,27.8,23.9,25.1,19.9,14.1,16.0,15.2,13.2,8.8,6.7,11.1,12.7,16.5,17.8,18.4,18.1,17.9,18.0,17.2,15.1,13.2,9.9,6.7,9.3,8.6,0.2,-2.5,-3.7,-3.8,-3.7,-4.4,-3.2,-0.1,24.2,30.0,47.1,13.4,0.0,35.9,23.2,12.2,74.6,,,OBAnorm,,LD831_02097v2.403,,,,0,0
DENATRLA,2025-06-23 23:39:05.000,27.4,26.7,21.0,18.9,17.3,11.5,12.8,12.2,10.0,7.2,11.4,14.7,16.7,16.9,18.3,18.1,17.7,18.4,17.4,15.1,12.9,10.8,10.2,22.1,22.2,3.0,0.3,-3.5,-3.6,-3.3,-4.4,-3.2,-0.1,28.5,31.6,49.8,13.4,0.0,35.9,23.1,12.2,74.6,,,OBAnorm,,LD831_02097v2.403,,,,0,0
DENATRLA,2025-06-23 23:39:06.000,29.2,22.4,22.3,22.1,16.5,16.5,15.9,12.7,7.1,7.6,10.6,13.4,16.0,16.0,17.7,17.4,18.2,18.2,17.3,14.8,12.8,10.1,10.4,21.2,22.3,2.4,-0.5,-3.4,-3.7,-3.7,-4.5,-3.2,-0.2,28.4,31.3,49.4,13.4,0.0,35.9,23.1,12.2,74.6,,,OBAnorm,,LD831_02097v2.403,,,,0,0
DENATRLA,2025-06-23 23:39:07.000,31.1,26.0,23.7,24.7,18.6,16.4,15.0,12.6,7.8,8.5,11.1,13.5,16.9,17.6,17.6,18.6,17.8,18.1,17.0,15.4,12.6,9.7,7.0,14.7,13.6,0.0,-2.2,-3.6,-3.8,-4.0,-4.5,-3.0,-0.2,24.7,30.0,48.2,13.4,0.0,35.9,23.2,12.2,74.6,,,OBAnorm,,LD831_02097v2.403,,,,0,0
DENATRLA,2025-06-23 23:39:08.000,30.7,26.8,24.4,20.4,15.4,14.7,13.7,11.4,8.4,8.8,11.4,13.9,16.1,18.2,17.8,18.6,18.5,18.6,17.6,15.3,13.1,11.2,12.3,22.6,23.8,0.8,-1.3,-3.5,-3.5,-3.6,-4.5,-3.2,-0.2,29.3,31.2,43.2,13.4,0.0,35.9,23.1,12.2,74.6,,,OBAnorm,,LD831_02097v2.403,,,,0,0
DENATRLA,2025-06-23 23:39:09.000,30.2,25.8,24.1,17.6,15.7,15.1,11.5,11.6,9.3,9.2,13.0,14.5,16.3,18.1,18.6,18.8,18.2,18.7,18.2,16.0,14.3,11.9,14.9,23.6,23.2,7.0,-0.4,-3.5,-3.5,-3.4,-4.4,-3.3,-0.2,29.6,30.9,40.0,13.4,0.0,35.9,23.1,12.2,74.6,,,OBAnorm,,LD831_02097v2.403,,,,0,0
DENATRLA,2025-06-23 23:39:10.000,27.7,26.0,22.5,19.6,13.0,14.1,13.2,12.2,8.6,8.8,11.4,14.9,16.9,18.3,18.0,18.0,18.3,18.7,18.0,16.1,13.5,10.0,8.0,13.1,11.0,2.9,0.0,-3.4,-3.8,-3.9,-4.5,-3.1,-0.2,25.0,29.3,41.9,13.4,0.0,35.9,23.1,12.2,74.6,,,OBAnorm,,LD831_02097v2.403,,,,0,0
DENATRLA,2025-06-23 23:39:11.000,31.0,20.9,21.8,19.2,14.3,14.8,14.9,13.6,6.6,8.2,11.6,13.9,16.8,18.1,18.3,17.6,18.1,18.3,18.4,15.3,13.4,11.1,11.1,22.5,22.7,2.4,0.4,-3.1,-3.6,-3.8,-4.4,-3.2,-0.2,29.0,30.8,40.3,13.4,0.0,35.9,23.1,12.2,74.6,,,OBAnorm,,LD831_02097v2.403,,,,0,0
DENATRLA,2025-06-23 23:39:12.000,26.2,20.3,22.5,16.5,17.2,14.4,15.5,13.4,8.9,9.1,13.6,12.4,16.9,17.3,18.6,18.8,18.2,17.5,16.5,16.1,13.4,10.3,10.9,18.7,20.2,1.5,-0.5,-3.6,-3.7,-3.9,-4.5,-3.3,-0.3,28.1,30.2,35.8,13.4,0.0,35.9,23.1,12.2,74.6,,,OBAnorm,,LD831_02097v2.403,,,,0,0
DENATRLA,2025-06-23 23:39:13.000,24.6,25.6,24.1,17.9,17.1,16.2,15.5,13.4,8.3,8.4,11.0,13.5,17.4,17.4,18.9,18.6,19.1,18.2,16.8,15.5,13.8,11.4,9.1,21.7,20.5,5.6,-0.6,-3.3,-3.8,-4.0,-4.5,-3.3,-0.2,26.9,29.9,36.6,13.4,0.0,35.9,23.1,12.2,74.6,,,OBAnorm,,LD831_02097v2.403,,,,0,0
DENATRLA,2025-06-23 23:39:14.000,27.3,22.3,21.7,17.3,16.6,15.6,13.8,11.8,7.9,7.8,12.4,15.8,16.1,17.5,18.6,18.5,18.3,17.3,16.6,15.6,13.8,11.7,11.5,23.2,23.4,3.4,0.0,-3.0,-3.7,-3.9,-4.4,-3.2,-0.1,29.4,31.0,38.7,13.4,0.0,35.9,23.1,12.2,74.6,,,OBAnorm,,LD831_02097v2.403,,,,0,0
DENATRLA,2025-06-23 23:39:15.000,21.8,26.5,20.8,23.4,18.5,15.6,12.7,11.7,8.4,8.9,12.1,15.1,16.6,17.9,18.7,18.0,18.4,17.1,16.9,15.2,12.8,10.4,7.1,6.5,3.3,0.6,-1.3,-3.0,-2.9,-3.6,-3.6,-1.8,1.0,23.8,29.3,38.8,13.4,0.0,35.9,23.1,12.2,74.6,,,OBAnorm,,LD831_02097v2.403,,,,0,0
DENATRLA,2025-06-23 23:39:16.000,22.1,24.3,23.7,21.4,18.4,14.8,14.6,11.6,9.3,8.7,12.2,13.4,14.7,17.9,17.9,17.8,18.3,17.9,16.6,15.7,13.5,10.5,12.2,23.4,21.1,2.0,-0.3,-3.5,-3.6,-3.7,-4.2,-3.2,-0.2,28.7,30.5,37.1,13.4,0.0,35.9,23.1,12.2,74.6,,,OBAnorm,,LD831_02097v2.403,,,,0,0
DENATRLA,2025-06-23 23:39:17.000,27.1,26.3,24.7,20.9,18.0,15.2,14.8,11.2,8.4,9.4,11.9,14.0,16.4,17.4,18.3,18.4,18.0,18.5,17.6,16.2,13.9,11.4,13.4,23.1,24.9,6.2,0.1,-3.2,-3.3,-3.3,-4.2,-3.1,-0.1,30.0,31.3,39.2,13.4,0.0,35.9,23.2,12.2,74.6,,,OBAnorm,,LD831_02097v2.403,,,,0,0
DENATRLA,2025-06-23 23:39:18.000,27.2,23.8,19.1,23.0,15.8,13.4,15.6,14.5,9.7,8.4,13.1,14.1,17.8,17.2,18.5,19.1,18.5,18.5,17.3,16.0,13.6,10.8,6.6,5.9,3.9,0.6,-2.1,-3.8,-3.8,-4.0,-4.5,-3.2,-0.2,24.4,29.3,36.5,13.4,0.0,35.9,23.1,12.2,74.6,,,OBAnorm,,LD831_02097v2.403,,,,0,0
DENATRLA,2025-06-23 23:39:19.000,23.0,25.3,20.4,19.4,16.5,16.2,15.9,13.1,9.1,7.8,11.0,14.6,17.5,18.4,18.6,18.9,17.4,18.3,18.0,16.6,14.0,11.7,10.0,20.2,22.6,2.2,-2.6,-3.8,-3.6,-3.7,-4.4,-3.2,-0.1,28.3,30.7,39.4,13.4,0.0,35.9,23.1,12.2,74.6,,,OBAnorm,,LD831_02097v2.403,,,,0,0
DENATRLA,2025-06-23 23:39:20.000,24.1,22.2,20.4,21.0,17.2,14.9,15.6,11.0,10.0,10.1,13.6,14.4,16.6,19.4,19.4,19.1,18.6,17.7,17.1,16.4,13.8,11.2,10.3,19.4,19.7,0.9,-3.0,-3.8,-3.7,-4.0,-4.5,-3.1,-0.3,27.3,30.2,36.2,13.4,0.0,35.9,23.1,12.2,74.6,,,OBAnorm,,LD831_02097v2.403,,,,0,0
DENATRLA,2025-06-23 23:39:21.000,24.0,27.0,19.6,17.2,17.5,14.7,14.7,12.6,7.4,9.7,13.4,15.5,16.8,17.7,19.2,18.8,19.2,18.2,18.3,16.9,14.3,11.6,8.3,5.3,2.7,-1.2,-3.5,-3.8,-3.8,-4.0,-4.4,-3.3,-0.2,25.0,29.7,37.0,13.4,0.0,35.9,23.1,12.2,74.6,,,OBAnorm,,LD831_02097v2.403,,,,0,0
DENATRLA,2025-06-23 23:39:22.000,27.5,25.2,22.3,18.6,16.6,16.9,14.7,14.1,9.3,8.3,14.3,16.7,17.8,18.3,19.5,19.3,18.7,18.2,17.9,16.7,14.9,12.6,10.7,21.2,20.0,5.3,-3.0,-3.8,-3.6,-3.9,-4.5,-3.3,-0.2,27.9,30.7,36.3,13.4,0.0,35.9,23.1,12.2,74.6,,,OBAnorm,,LD831_02097v2.403,,,,0,0
DENATRLA,2025-06-23 23:39:23.000,25.9,24.3,25.2,19.7,18.2,16.7,13.5,10.7,10.4,9.7,12.7,16.1,15.7,18.3,19.4,19.2,18.1,19.1,17.5,16.9,15.1,14.3,12.1,21.4,19.5,5.5,-1.5,-3.8,-3.7,-4.0,-4.5,-3.2,-0.2,28.1,30.9,37.5,13.4,0.0,35.9,23.1,12.2,74.6,,,OBAnorm,,LD831_02097v2.403,,,,0,0
DENATRLA,2025-06-23 23:39:24.000,25.1,24.9,21.9,18.8,16.6,16.0,15.2,12.9,12.2,11.6,13.7,15.9,18.1,18.8,18.8,19.5,18.4,17.8,17.4,17.1,14.6,11.5,8.2,5.4,2.6,2.8,-3.4,-3.8,-3.8,-4.0,-4.5,-3.3,-0.1,24.8,29.4,36.9,13.4,0.0,35.9,23.1,12.2,74.6,,,OBAnorm,,LD831_02097v2.403,,,,0,0
DENATRLA,2025-06-23 23:39:25.000,27.4,26.7,21.7,17.3,16.7,16.8,14.8,14.5,9.8,8.9,13.2,15.8,17.5,19.1,19.5,18.5,19.1,20.0,18.4,17.1,14.5,11.8,10.6,22.4,21.8,0.5,-1.8,-3.7,-3.6,-3.5,-4.4,-3.2,-0.1,29.0,31.2,39.2,13.4,0.0,35.9,23.1,12.1,74.6,,,OBAnorm,,LD831_02097v2.403,,,,0,0
DENATRLA,2025-06-23 23:39:26.000,23.1,25.1,19.4,19.7,16.2,15.8,13.5,13.6,9.3,10.0,13.4,15.4,17.1,18.4,20.0,18.9,18.9,19.0,18.1,17.1,14.5,11.7,9.9,21.7,23.3,2.6,-2.5,-3.8,-3.5,-3.5,-4.4,-3.1,-0.2,29.1,31.1,40.7,13.4,0.0,35.9,23.1,12.1,74.6,,,OBAnorm,,LD831_02097v2.403,,,,0,0
DENATRLA,2025-06-23 23:39:27.000,20.9,20.6,22.7,19.0,18.1,17.4,16.2,11.4,11.5,10.5,11.8,15.0,18.4,18.4,19.0,19.0,18.8,18.3,16.8,16.6,14.3,12.3,8.0,5.7,2.9,-1.2,-3.5,-3.9,-3.8,-3.9,-4.5,-3.3,-0.3,24.8,29.6,38.0,13.4,0.0,35.9,23.1,12.2,74.6,,,OBAnorm,,LD831_02097v2.403,,,,0,0
DENATRLA,2025-06-23 23:39:28.000,27.8,26.5,23.3,19.8,15.4,15.6,16.7,13.1,9.9,9.0,12.4,13.7,17.1,18.6,19.9,18.5,18.8,18.7,17.7,16.4,14.3,13.5,13.2,23.4,24.3,10.5,-2.3,-3.7,-3.5,-3.5,-4.3,-3.3,-0.1,30.0,32.0,46.7,13.4,0.0,35.9,23.1,12.1,74.6,,,OBAnorm,,LD831_02097v2.403,,,,0,0
DENATRLA,2025-06-23 23:39:29.000,27.6,21.9,20.8,18.9,18.2,16.0,15.4,14.2,8.9,9.2,12.9,14.2,17.1,18.3,18.9,18.2,17.8,18.3,17.3,16.7,14.1,11.3,14.9,23.4,22.0,5.5,0.5,-3.6,-3.7,-3.7,-4.4,-3.3,-0.1,29.1,31.2,46.1,13.4,0.0,35.9,23.1,12.1,74.6,,,OBAnorm,,LD831_02097v2.403,,,,0,0
DENATRLA,2025-06-23 23:39:30.000,27.6,25.4,23.8,21.0,14.1,17.3,16.6,14.0,9.5,9.9,13.0,15.4,16.3,19.0,18.9,19.3,18.8,19.0,17.6,16.0,14.2,11.5,7.4,4.6,1.9,-0.3,-2.9,-3.8,-3.8,-4.0,-4.4,-3.3,-0.3,24.8,30.1,44.3,13.4,0.0,35.9,23.1,12.1,74.6,,,OBAnorm,,LD831_02097v2.403,,,,0,0
DENATRLA,2025-06-23 23:39:31.000,26.9,26.4,23.1,17.3,17.1,17.4,16.0,14.2,10.5,8.5,13.0,15.6,17.4,19.5,20.0,20.1,18.3,18.9,16.9,16.3,15.2,11.7,10.8,23.2,23.9,1.5,-1.3,-3.6,-3.7,-3.4,-4.3,-3.1,-0.2,29.8,31.8,42.5,13.4,0.0,35.9,23.1,12.1,74.6,,,OBAnorm,,LD831_02097v2.403,,,,0,0
DENATRLA,2025-06-23 23:39:32.000,22.8,22.1,23.9,18.6,16.8,15.3,15.0,12.1,10.0,9.4,13.4,16.7,17.6,19.1,20.7,19.9,18.9,19.3,18.5,16.8,15.0,11.8,11.9,20.6,23.8,2.3,-0.1,-3.5,-3.7,-3.6,-4.4,-3.2,-0.2,29.2,31.5,41.5,13.4,0.0,35.9,23.1,12.1,74.6,,,OBAnorm,,LD831_02097v2.403,,,,0,0
DENATRLA,2025-06-23 23:39:33.000,30.7,23.1,20.9,20.8,17.4,16.2,17.2,11.6,10.0,9.0,13.7,16.6,18.2,19.2,21.0,19.7,19.2,19.4,18.2,16.4,14.7,12.0,8.1,5.9,3.3,0.5,-2.1,-3.7,-3.8,-4.0,-4.5,-3.2,-0.1,25.4,30.7,41.8,13.4,0.0,35.9,23.1,12.1,74.6,,,OBAnorm,,LD831_02097v2.403,,,,0,0
DENATRLA,2025-06-23 23:39:34.000,27.3,24.0,22.3,18.4,18.4,12.8,17.4,14.1,7.9,9.4,11.9,15.9,19.0,18.4,18.9,18.5,19.3,19.0,18.9,16.6,14.7,14.2,15.6,24.1,23.8,9.0,-1.2,-3.7,-3.6,-3.7,-4.4,-3.3,-0.2,30.3,33.6,49.8,13.4,0.0,35.9,23.1,12.1,74.6,,,OBAnorm,,LD831_02097v2.403,,,,0,0
DENATRLA,2025-06-23 23:39:35.000,27.3,26.9,24.1,24.2,18.0,17.1,16.0,13.7,9.7,10.4,13.1,14.5,17.6,19.7,19.5,18.7,17.6,19.0,18.4,16.2,14.5,12.0,11.3,22.6,23.4,6.1,3.1,-3.6,-3.7,-3.6,-4.4,-3.2,-0.3,29.3,32.5,46.9,13.4,0.0,35.9,23.1,12.1,74.6,,,OBAnorm,,LD831_02097v2.403,,,,0,0
DENATRLA,2025-06-23 23:39:36.000,32.2,26.9,27.9,21.9,18.6,16.3,15.6,12.5,10.8,9.7,13.5,16.2,17.8,19.0,19.1,19.5,18.6,18.9,17.5,16.5,14.0,11.5,7.7,7.4,5.2,1.1,-1.9,-3.6,-3.7,-3.9,-4.4,-3.1,-0.1,24.9,31.1,51.1,13.4,0.0,35.9,23.1,12.1,74.6,,,OBAnorm,,LD831_02097v2.403,,,,0,0
DENATRLA,2025-06-23 23:39:37.000,33.6,31.3,21.1,15.8,17.2,18.1,16.7,12.7,10.5,9.8,14.2,15.1,16.0,18.6,19.0,19.3,19.1,19.2,18.4,16.8,14.6,12.7,10.6,23.0,23.5,2.8,0.1,-2.8,-3.5,-3.3,-4.3,-3.1,-0.3,29.4,31.9,46.3,13.4,0.0,35.9,23.1,12.1,74.6,,,OBAnorm,,LD831_02097v2.403,,,,0,0
DENATRLA,2025-06-23 23:39:38.000,32.6,27.5,22.4,19.4,17.6,18.1,12.5,13.7,9.4,9.3,13.5,16.2,17.9,18.9,19.2,18.5,18.8,18.8,19.0,16.6,14.8,12.5,11.0,23.4,22.4,1.7,-0.5,-2.7,-3.5,-3.4,-4.2,-3.2,-0.1,29.5,33.5,49.5,13.4,0.0,35.9,23.1,12.1,74.6,,,OBAnorm,,LD831_02097v2.403,,,,0,0
DENATRLA,2025-06-23 23:39:39.000,25.7,29.2,24.0,22.2,22.3,15.7,17.2,13.7,11.9,8.9,11.2,15.5,18.6,18.8,20.4,19.0,18.3,18.5,18.9,17.0,14.9,12.2,8.3,7.5,5.4,2.1,-1.0,-3.0,-3.5,-3.7,-4.2,-3.3,-0.1,25.4,34.0,54.0,13.4,0.0,35.9,23.1,12.1,74.6,,,OBAnorm,,LD831_02097v2.403,,,,0,0
DENATRLA,2025-06-23 23:39:40.000,32.1,29.5,27.8,21.0,23.3,20.1,13.9,13.5,10.9,11.7,14.3,16.7,17.3,19.4,19.8,20.0,18.9,18.8,18.8,16.6,15.1,12.3,14.1,22.3,25.3,6.5,-0.4,-3.3,-3.8,-3.6,-4.2,-3.2,-0.2,30.3,34.3,49.0,13.4,0.0,35.9,23.1,12.1,74.6,,,OBAnorm,,LD831_02097v2.403,,,,0,0
DENATRLA,2025-06-23 23:39:41.000,37.3,30.8,28.5,27.7,24.4,18.6,17.9,13.9,11.2,10.0,14.0,16.7,17.5,20.0,19.8,19.7,19.4,19.3,18.6,17.3,15.1,12.1,9.5,11.3,9.9,4.8,-1.1,-3.8,-3.8,-3.9,-4.4,-3.2,-0.2,25.9,33.6,49.3,13.4,0.0,35.9,23.1,12.1,74.6,,,OBAnorm,,LD831_02097v2.403,,,,0,0
DENATRLA,2025-06-23 23:39:42.000,30.9,31.2,29.1,23.3,23.0,19.4,20.5,15.8,12.0,9.2,13.3,15.3,17.7,18.2,19.4,19.4,19.9,19.5,18.9,17.1,14.9,12.4,12.6,22.4,21.2,1.0,-1.2,-3.7,-3.6,-3.4,-4.4,-3.4,-0.1,28.9,32.5,50.7,13.4,0.0,35.9,23.1,12.1,74.6,,,OBAnorm,,LD831_02097v2.403,,,,0,0
DENATRLA,2025-06-23 23:39:43.000,36.8,25.7,28.1,21.0,18.9,15.9,17.3,15.0,11.0,10.0,12.5,15.9,17.3,19.0,20.2,19.4,19.2,19.3,18.4,17.2,15.1,13.0,11.0,23.7,21.9,2.4,-1.6,-3.7,-3.8,-3.8,-4.5,-3.3,-0.2,29.6,32.2,46.8,13.4,0.0,35.9,23.1,12.1,74.6,,,OBAnorm,,LD831_02097v2.403,,,,0,0
DENATRLA,2025-06-23 23:39:44.000,29.7,31.7,24.1,19.4,19.0,18.1,15.0,11.7,10.6,10.2,12.9,17.0,17.4,19.5,19.8,19.5,18.8,19.0,18.3,17.9,15.7,12.6,8.8,4.9,1.7,0.1,-2.8,-3.8,-3.8,-4.0,-4.5,-3.3,-0.1,25.5,32.3,50.6,13.4,0.0,35.9,23.1,12.1,74.6,,,OBAnorm,,LD831_02097v2.403,,,,0,0
DENATRLA,2025-06-23 23:39:45.000,27.5,30.4,24.5,22.3,19.1,20.1,16.2,15.0,9.8,10.7,11.0,15.9,18.0,20.1,19.9,20.0,19.6,20.0,19.0,18.4,16.3,13.6,11.6,19.9,17.9,1.0,-1.8,-3.8,-3.8,-3.9,-4.4,-3.2,-0.2,28.1,34.1,50.3,13.4,0.0,35.9,23.1,12.1,74.6,,,OBAnorm,,LD831_02097v2.403,,,,0,0
DENATRLA,2025-06-23 23:39:46.000,27.1,31.0,30.3,23.5,19.2,16.5,18.7,13.9,11.1,9.5,14.5,16.8,18.9,19.7,19.8,19.8,19.1,19.8,19.3,18.5,16.6,14.3,13.4,20.7,19.0,8.6,-1.1,-3.7,-3.8,-4.0,-4.4,-3.2,-0.1,28.5,33.2,51.9,13.4,0.0,35.9,23.1,12.1,74.6,,,OBAnorm,,LD831_02097v2.403,,,,0,0
DENATRLA,2025-06-23 23:39:47.000,30.0,28.2,30.0,19.4,22.1,17.1,15.8,14.0,9.8,8.3,13.6,16.3,18.9,19.9,20.3,19.9,19.2,20.4,18.7,17.7,16.0,13.9,10.6,11.5,13.0,6.8,-0.8,-3.7,-3.8,-4.0,-4.5,-3.4,-0.3,26.6,32.3,50.0,13.4,0.0,35.9,23.1,12.1,74.6,,,OBAnorm,,LD831_02097v2.403,,,,0,0
DENATRLA,2025-06-23 23:39:48.000,29.8,32.0,25.7,23.1,20.6,18.4,15.7,13.6,11.4,10.0,13.3,15.0,18.6,20.1,20.3,20.1,19.0,20.2,19.1,18.3,15.9,14.0,12.6,23.2,24.6,4.2,-0.6,-3.7,-3.7,-3.5,-4.4,-3.4,-0.3,30.3,32.5,43.3,13.4,0.0,35.9,23.1,12.1,74.6,,,OBAnorm,,LD831_02097v2.403,,,,0,0
DENATRLA,2025-06-23 23:39:49.000,30.3,30.1,24.6,20.7,21.1,17.8,16.6,12.9,10.8,9.4,13.4,16.8,18.3,19.5,20.2,20.3,20.0,19.7,18.8,17.8,16.0,13.3,12.8,21.0,20.7,2.0,-0.4,-2.3,-3.3,-3.4,-4.4,-3.2,-0.2,28.7,32.4,41.6,13.4,0.0,35.9,23.1,12.1,74.6,,,OBAnorm,,LD831_02097v2.403,,,,0,0
DENATRLA,2025-06-23 23:39:50.000,31.0,26.1,26.6,19.5,21.9,19.0,16.1,16.1,9.6,9.8,13.9,16.3,18.7,19.5,20.4,19.4,18.9,19.2,19.3,17.7,15.8,12.7,9.0,5.2,2.7,0.9,-1.4,-3.6,-3.8,-3.9,-4.5,-3.1,-0.1,25.9,32.6,48.3,13.4,0.0,35.9,23.1,12.1,74.6,,,OBAnorm,,LD831_02097v2.403,,,,0,0
DENATRLA,2025-06-23 23:39:51.000,29.6,26.1,22.8,22.4,17.8,18.6,16.8,14.0,11.1,10.0,13.1,17.0,18.2,18.8,19.2,19.0,18.8,19.5,18.7,17.4,15.3,13.1,14.2,21.1,18.5,3.5,1.0,-3.0,-3.4,-3.9,-4.4,-3.1,-0.3,28.2,34.2,50.9,13.4,0.0,35.9,23.1,12.1,74.6,,,OBAnorm,,LD831_02097v2.403,,,,0,0
DENATRLA,2025-06-23 23:39:52.000,33.2,26.4,29.1,24.6,21.3,18.9,16.4,14.7,9.2,8.3,12.7,17.5,17.7,18.5,19.6,18.9,18.6,19.6,18.2,16.5,14.0,12.1,10.7,22.1,22.1,3.4,1.1,-3.2,-3.6,-3.7,-4.4,-3.2,-0.1,28.8,32.8,49.4,13.4,0.0,35.9,23.1,12.1,74.6,,,OBAnorm,,LD831_02097v2.403,,,,0,0
DENATRLA,2025-06-23 23:39:53.000,35.0,32.9,25.9,24.5,17.2,15.6,15.4,11.1,10.9,9.8,13.5,16.4,18.0,18.6,18.7,18.9,18.3,18.4,17.9,16.6,14.6,13.4,11.7,14.5,7.2,6.1,0.2,-3.3,-3.8,-4.0,-4.4,-3.3,-0.1,25.6,31.3,45.3,13.4,0.0,35.9,23.1,12.1,74.6,,,OBAnorm,,LD831_02097v2.403,,,,0,0
DENATRLA,2025-06-23 23:39:54.000,36.0,26.2,24.0,21.6,19.4,15.0,16.9,12.2,8.7,8.6,14.5,17.4,17.3,17.5,18.8,18.5,18.5,18.4,17.9,16.7,14.7,12.7,12.7,20.7,22.0,6.9,4.2,-1.6,-3.3,-3.7,-4.4,-3.4,-0.2,28.5,31.8,45.5,13.4,0.0,35.9,23.1,12.1,74.6,,,OBAnorm,,LD831_02097v2.403,,,,0,0
DENATRLA,2025-06-23 23:39:55.000,30.3,26.7,25.0,22.4,19.3,18.2,14.7,14.8,10.5,9.3,13.0,15.8,18.2,18.9,19.8,18.3,18.7,18.9,17.4,16.8,15.2,12.0,8.8,5.2,3.3,3.3,0.3,-3.0,-3.5,-3.6,-4.2,-3.2,-0.3,25.8,30.8,44.9,13.4,0.0,35.9,23.1,12.1,74.6,,,OBAnorm,,LD831_02097v2.403,,,,0,0
DENATRLA,2025-06-23 23:39:56.000,28.7,30.7,26.1,19.1,17.3,18.2,14.1,11.0,9.7,9.7,11.0,16.0,18.1,20.1,20.3,19.9,18.3,18.8,17.7,17.0,14.9,12.5,10.8,20.4,21.8,3.1,0.9,-3.2,-3.2,-3.7,-4.3,-3.1,-0.1,28.0,31.2,42.5,13.4,0.0,35.9,23.0,12.1,74.6,,,OBAnorm,,LD831_02097v2.403,,,,0,0
DENATRLA,2025-06-23 23:39:57.000,28.9,27.2,26.2,21.6,18.8,16.6,13.8,13.5,10.2,10.5,13.2,14.8,17.8,18.5,20.1,18.6,18.5,19.0,18.1,16.7,14.9,12.0,13.8,25.1,22.5,3.8,1.3,-2.9,-3.6,-3.9,-4.4,-3.2,-0.2,30.1,31.9,43.5,13.4,0.0,35.9,23.1,12.1,74.6,,,OBAnorm,,LD831_02097v2.403,,,,0,0
DENATRLA,2025-06-23 23:39:58.000,30.7,27.4,24.1,20.9,17.9,15.6,13.7,13.3,11.0,8.9,12.2,16.3,18.8,17.8,18.8,18.2,18.4,18.4,17.3,16.8,13.9,11.8,7.6,4.6,2.7,3.1,1.0,-2.7,-3.5,-3.9,-4.3,-3.2,-0.4,24.7,30.0,42.5,13.4,0.0,35.9,23.1,12.1,74.6,,,OBAnorm,,LD831_02097v2.403,,,,0,0
DENATRLA,2025-06-23 23:39:59.000,23.2,27.9,19.1,18.8,20.3,17.6,13.5,12.9,9.0,10.3,13.9,16.1,16.9,18.7,18.9,18.0,17.7,18.3,17.6,16.0,14.0,11.3,15.7,23.1,25.1,5.4,2.9,-1.6,-3.3,-3.7,-4.4,-3.2,-0.1,30.0,31.9,41.6,13.4,0.0,35.9,23.1,12.1,74.6,,,OBAnorm,,LD831_02097v2.403,,,,0,0
DENATRLA,2025-06-23 23:40:00.000,22.3,26.0,23.5,22.4,18.2,16.0,15.0,14.3,10.1,8.8,11.4,15.1,18.5,19.0,19.3,18.4,18.5,18.5,17.0,15.9,13.8,12.0,11.2,22.6,22.1,5.4,3.4,-1.2,-2.9,-3.7,-4.3,-3.4,-0.2,28.9,32.0,46.5,13.4,0.0,35.9,23.1,12.1,74.6,,,OBAnorm,,LD831_02097v2.403,,,,0,0
DENATRLA,2025-06-23 23:40:01.000,24.9,26.0,23.9,19.1,17.2,15.4,15.3,13.7,10.7,11.3,13.1,14.9,17.8,18.5,19.5,19.1,19.1,18.8,18.6,16.8,15.0,12.2,9.0,8.5,6.8,4.4,2.4,-1.5,-3.0,-3.8,-4.4,-3.2,-0.2,25.4,30.4,45.9,13.4,0.0,35.9,23.1,12.1,74.6,,,OBAnorm,,LD831_02097v2.403,,,,0,0
DENATRLA,2025-06-23 23:40:02.000,30.0,26.4,23.6,21.5,15.1,16.3,14.6,14.9,9.4,10.4,12.5,15.7,17.5,18.0,20.1,19.8,19.0,19.4,18.2,16.8,14.8,12.7,12.0,24.9,24.4,5.5,2.2,-1.9,-3.1,-3.8,-4.3,-3.2,-0.2,30.6,34.7,52.1,13.4,0.0,35.9,23.1,12.1,74.6,,,OBAnorm,,LD831_02097v2.403,,,,0,0
DENATRLA,2025-06-23 23:40:03.000,29.1,27.0,24.5,20.9,19.6,19.6,16.4,14.0,10.3,9.3,11.6,16.9,18.2,19.0,18.8,18.9,19.0,19.0,18.3,16.7,14.0,12.4,14.2,22.5,22.8,3.8,1.5,-3.0,-3.5,-3.7,-4.4,-3.2,-0.2,29.2,34.9,50.2,13.4,0.0,35.9,23.1,12.1,74.6,,,OBAnorm,,LD831_02097v2.403,,,,0,0
DENATRLA,2025-06-23 23:40:04.000,27.4,31.8,28.3,27.2,22.3,16.1,17.0,12.2,11.4,12.1,13.3,15.4,18.0,19.3,19.6,18.8,20.3,19.1,18.9,17.1,15.1,12.0,8.6,9.2,7.2,4.4,0.2,-3.2,-3.6,-3.8,-4.4,-3.1,-0.2,25.6,34.1,52.2,13.4,0.0,35.9,23.1,12.1,74.6,,,OBAnorm,,LD831_02097v2.403,,,,0,0
DENATRLA,2025-06-23 23:40:05.000,37.2,35.4,29.3,21.9,20.0,17.3,15.5,13.6,9.9,9.3,13.1,16.9,17.4,18.1,19.9,19.2,18.3,18.3,18.7,16.2,14.2,12.4,11.8,23.2,23.8,2.7,0.3,-3.0,-3.6,-3.7,-4.3,-3.1,-0.2,29.6,32.5,48.3,13.4,0.0,35.9,23.1,12.1,74.6,,,OBAnorm,,LD831_02097v2.403,,,,0,0
DENATRLA,2025-06-23 23:40:06.000,38.3,31.2,26.1,21.3,19.2,17.1,15.7,12.4,9.2,11.0,13.4,17.2,16.5,18.9,20.2,18.7,18.8,17.9,18.5,16.0,14.1,11.6,7.4,3.9,1.7,1.6,0.0,-3.1,-3.6,-3.7,-4.3,-3.2,-0.1,24.8,31.3,47.4,13.4,0.0,35.9,23.1,12.1,74.6,,,OBAnorm,,LD831_02097v2.403,,,,0,0
DENATRLA,2025-06-23 23:40:07.000,38.1,27.3,22.9,22.3,16.2,17.0,17.1,13.9,9.9,10.9,11.1,15.7,16.9,19.7,20.0,18.9,18.2,18.4,18.1,16.6,14.5,11.2,12.3,22.1,17.0,3.4,1.0,-3.1,-3.5,-3.6,-4.4,-2.9,-0.2,27.8,31.1,46.5,13.4,0.0,35.9,23.1,12.1,75.2,,,OBAnorm,,LD831_02097v2.403,,,,0,0
DENATRLA,2025-06-23 23:40:08.000,29.5,29.2,22.5,18.5,16.7,16.5,14.5,15.9,11.2,8.9,11.5,14.8,18.0,17.4,19.2,19.1,18.1,18.9,17.8,16.2,14.4,11.6,12.1,23.4,22.6,2.7,1.5,-2.5,-3.4,-3.6,-4.4,-3.2,-0.2,29.5,31.5,40.2,13.4,0.0,35.9,23.0,12.1,75.2,,,OBAnorm,,LD831_02097v2.403,,,,0,0
DENATRLA,2025-06-23 23:40:09.000,26.7,27.0,23.8,22.0,16.6,18.0,15.9,11.5,9.7,9.6,13.2,14.2,18.3,18.4,19.3,19.3,18.1,17.9,17.6,16.2,13.2,10.9,11.4,18.5,21.8,3.0,0.9,-2.7,-3.5,-3.6,-4.4,-3.3,-0.3,28.1,31.1,37.7,13.4,0.0,35.9,23.1,12.1,75.2,,,OBAnorm,,LD831_02097v2.403,,,,0,0
DENATRLA,2025-06-23 23:40:10.000,26.5,23.0,24.3,21.0,18.0,18.6,15.9,11.8,9.6,9.1,14.0,15.3,17.6,18.3,20.1,19.0,18.6,18.5,17.2,15.4,13.4,10.9,8.3,18.7,16.7,1.6,-0.6,-3.4,-3.6,-3.9,-4.4,-3.3,0.0,26.1,30.1,36.8,13.4,0.0,35.9,23.1,12.1,75.2,,,OBAnorm,,LD831_02097v2.403,,,,0,0
DENATRLA,2025-06-23 23:40:11.000,28.6,25.8,21.4,14.6,19.3,17.4,15.6,14.3,9.1,8.1,12.4,14.7,17.4,18.7,19.7,19.2,18.4,18.4,17.4,15.7,13.4,11.2,11.6,20.9,21.7,2.5,-0.5,-3.4,-3.4,-3.7,-4.4,-3.2,-0.1,28.1,30.8,38.6,13.4,0.0,35.9,23.1,12.1,75.2,,,OBAnorm,,LD831_02097v2.403,,,,0,0
DENATRLA,2025-06-23 23:40:12.000,29.8,23.1,25.7,18.4,19.8,17.6,12.6,13.3,9.5,9.3,13.8,13.4,17.3,18.7,19.9,19.1,20.1,19.0,17.9,16.6,14.1,11.8,8.3,6.2,3.0,0.8,-2.2,-3.7,-3.4,-3.9,-4.3,-3.3,-0.2,25.2,30.1,36.4,13.4,0.0,35.9,23.1,12.1,74.6,,,OBAnorm,,LD831_02097v2.403,,,,0,0
DENATRLA,2025-06-23 23:40:13.000,27.1,25.9,22.8,19.9,18.7,18.3,14.3,13.9,8.1,10.3,12.7,16.1,18.2,17.5,20.4,19.2,18.5,19.1,17.5,16.1,14.4,12.0,8.0,4.2,1.1,-0.4,-2.5,6.2,18.8,-3.9,-4.4,-2.5,-0.1,25.7,30.1,41.9,13.4,0.0,35.9,23.1,12.1,74.6,,,OBAnorm,,LD831_02097v2.403,,,,0,0
DENATRLA,2025-06-23 23:40:14.000,24.6,24.8,20.6,19.9,18.3,17.7,15.6,15.8,8.8,8.0,12.6,14.4,17.4,18.1,18.7,18.0,18.2,18.6,17.6,16.2,13.7,12.0,11.5,20.5,20.6,2.2,-0.8,-3.7,-3.6,-3.7,-4.2,-3.1,-0.2,27.7,32.8,49.4,13.4,0.0,35.9,23.1,12.1,74.6,,,OBAnorm,,LD831_02097v2.403,,,,0,0
DENATRLA,2025-06-23 23:40:15.000,22.3,27.4,23.0,22.3,21.7,17.1,15.3,15.8,9.5,9.6,13.0,13.9,16.3,17.8,19.5,18.4,17.7,18.5,17.5,16.0,14.4,11.6,13.4,24.6,22.9,1.2,-2.6,-3.7,-3.4,-3.8,-4.3,-3.1,-0.1,29.8,32.9,47.9,13.4,0.0,35.9,23.1,12.1,75.2,,,OBAnorm,,LD831_02097v2.403,,,,0,0
DENATRLA,2025-06-23 23:40:16.000,33.8,27.0,29.1,24.1,17.9,17.5,17.5,15.3,10.1,9.2,12.7,16.0,17.0,18.0,19.8,19.0,19.1,18.2,17.8,16.1,14.0,11.4,7.8,8.3,5.0,0.4,-2.9,-3.8,-3.7,-3.9,-4.5,-3.2,-0.2,24.9,32.0,47.4,13.4,0.0,35.9,23.0,12.0,75.1,,,OBAnorm,,LD831_02097v2.403,,,,0,0
DENATRLA,2025-06-23 23:40:17.000,31.0,25.4,29.0,26.4,17.5,19.1,16.4,14.0,8.6,8.7,13.1,14.7,17.6,18.6,19.9,18.4,18.5,18.9,17.7,16.9,14.7,12.2,13.7,21.9,21.4,0.9,-2.1,-3.4,-3.6,-3.7,-4.3,-3.1,-0.1,28.6,32.1,49.5,13.4,0.0,36.0,23.1,12.0,75.1,,,OBAnorm,,LD831_02097v2.403,,,,0,0
DENATRLA,2025-06-23 23:40:18.000,34.5,25.8,26.0,24.7,21.0,18.1,16.0,13.0,10.6,7.2,11.7,15.4,17.0,17.6,19.8,18.9,18.2,18.3,18.3,17.0,14.2,11.5,13.2,23.0,19.4,1.7,-1.3,-3.2,-3.3,-3.4,-4.4,-3.1,-0.1,28.5,31.8,50.6,13.4,0.0,35.9,23.1,12.0,75.1,,,OBAnorm,,LD831_02097v2.403,,,,0,0
DENATRLA,2025-06-23 23:40:19.000,28.5,27.8,25.4,20.7,21.0,16.9,15.7,13.6,9.3,8.2,12.8,15.9,16.5,19.1,18.0,18.6,18.4,18.6,18.8,16.2,13.7,12.1,8.1,6.4,5.5,1.7,-1.9,-3.5,-3.4,-3.4,-4.1,-3.0,0.0,24.8,31.5,52.5,13.4,0.0,35.9,23.1,12.0,75.1,,,OBAnorm,,LD831_02097v2.403,,,,0,0
DENATRLA,2025-06-23 23:40:20.000,30.8,27.5,23.6,22.1,19.8,18.4,15.0,13.8,10.6,9.0,13.2,16.7,17.1,17.3,19.3,19.0,19.0,18.7,17.8,16.7,14.3,13.1,11.6,21.2,23.8,1.8,-1.6,-3.6,-3.6,-3.4,-4.4,-3.2,-0.1,29.1,33.6,51.0,13.4,0.0,35.9,23.1,12.0,75.1,,,OBAnorm,,LD831_02097v2.403,,,,0,0
DENATRLA,2025-06-23 23:40:21.000,30.6,26.9,22.9,21.9,18.5,17.7,13.8,13.0,11.4,9.1,12.9,14.4,15.7,18.9,19.7,18.4,18.8,18.8,18.6,16.2,13.8,12.2,12.6,22.5,23.5,3.2,-2.1,-3.7,-3.6,-3.6,-4.4,-3.1,-0.2,29.3,32.4,49.4,13.4,0.0,35.9,23.0,12.0,75.1,,,OBAnorm,,LD831_02097v2.403,,,,0,0
DENATRLA,2025-06-23 23:40:22.000,34.7,28.9,29.9,24.1,17.7,14.6,16.1,13.5,8.9,9.4,12.2,17.0,16.9,17.9,20.1,18.7,19.0,18.3,18.1,16.3,14.1,11.8,7.9,5.3,4.0,-0.6,-3.5,-3.7,-3.7,-3.8,-4.3,-3.1,-0.1,24.9,30.3,43.8,13.4,0.0,35.9,23.1,12.0,75.1,,,OBAnorm,,LD831_02097v2.403,,,,0,0
DENATRLA,2025-06-23 23:40:23.000,33.6,28.7,21.6,21.2,15.3,16.8,15.4,13.1,10.7,9.0,11.9,15.7,17.3,19.0,19.9,18.2,18.1,18.8,18.0,15.5,14.3,11.4,14.4,22.1,19.6,1.5,-2.1,-3.0,-3.6,-3.7,-4.4,-3.1,-0.2,28.2,30.8,42.9,13.4,0.0,35.9,23.1,12.0,75.1,,,OBAnorm,,LD831_02097v2.403,,,,0,0
DENATRLA,2025-06-23 23:40:24.000,26.0,26.7,23.1,20.9,15.2,16.2,15.5,12.8,9.3,10.4,12.3,16.1,17.4,19.0,20.7,18.6,19.0,18.8,17.7,16.2,14.8,12.8,10.9,19.2,17.8,4.5,-1.8,-3.5,-3.6,-3.7,-4.4,-3.3,0.1,27.1,30.6,41.3,13.4,0.0,35.9,23.0,12.0,75.1,,,OBAnorm,,LD831_02097v2.403,,,,0,0
DENATRLA,2025-06-23 23:40:25.000,27.2,27.6,23.7,19.8,16.7,15.7,14.6,14.7,9.3,8.6,12.1,16.8,16.7,18.6,20.7,19.5,19.1,18.6,18.3,16.9,14.4,11.4,10.8,20.8,19.8,-0.6,-3.4,-3.8,-3.5,-3.8,-4.5,-3.1,-0.2,28.1,31.1,41.2,13.4,0.0,35.9,23.1,12.0,75.1,,,OBAnorm,,LD831_02097v2.403,,,,0,0
DENATRLA,2025-06-23 23:40:26.000,19.8,23.5,20.5,20.4,18.6,18.3,15.7,13.3,9.6,9.1,12.6,16.0,17.5,18.1,19.7,19.3,19.5,18.4,18.6,17.1,14.0,11.9,9.1,12.8,9.5,1.3,-3.5,-3.8,-3.7,-3.9,-4.4,-3.3,-0.2,25.5,30.6,43.3,13.4,0.0,35.9,23.0,12.0,75.1,,,OBAnorm,,LD831_02097v2.403,,,,0,0
DENATRLA,2025-06-23 23:40:27.000,27.6,25.8,22.4,20.4,14.2,17.5,16.0,12.2,8.2,9.5,12.4,15.7,17.9,18.8,21.8,20.1,19.9,19.2,18.0,16.7,14.9,12.1,14.5,22.4,23.6,1.6,-2.3,-3.7,-3.6,-3.7,-4.3,-3.2,-0.2,29.5,31.8,44.1,13.4,0.0,35.9,23.1,12.0,75.1,,,OBAnorm,,LD831_02097v2.403,,,,0,0
DENATRLA,2025-06-23 23:40:28.000,25.3,27.3,23.8,19.0,15.4,15.4,14.8,12.5,9.6,9.6,12.6,15.7,17.0,18.0,20.6,19.7,19.2,18.9,18.2,16.7,14.4,12.3,12.7,22.6,22.7,3.6,-2.0,-3.8,-3.7,-3.8,-4.4,-3.2,-0.1,29.5,31.5,41.8,13.4,0.0,35.9,23.1,12.0,75.1,,,OBAnorm,,LD831_02097v2.403,,,,0,0
DENATRLA,2025-06-23 23:40:29.000,28.8,25.2,25.8,19.9,16.9,16.4,14.1,12.1,11.7,10.3,13.2,17.3,17.8,19.5,20.3,19.5,18.4,19.3,18.1,16.7,14.4,12.3,9.6,7.5,2.7,-1.3,-3.5,-3.7,-3.8,-3.9,-4.5,-3.3,-0.2,25.7,30.3,37.4,13.4,0.0,35.9,23.0,12.0,75.1,,,OBAnorm,,LD831_02097v2.403,,,,0,0
DENATRLA,2025-06-23 23:40:30.000,27.4,25.4,24.4,19.7,14.7,16.3,16.0,12.4,10.8,11.0,12.3,15.9,17.8,19.6,21.1,19.1,19.0,19.0,18.1,17.2,15.4,12.0,12.7,23.0,19.9,2.2,-2.7,-3.8,-3.7,-3.8,-4.4,-3.2,-0.1,28.6,31.0,37.8,13.4,0.0,35.9,23.0,12.0,75.1,,,OBAnorm,,LD831_02097v2.403,,,,0,0
DENATRLA,2025-06-23 23:40:31.000,27.5,24.9,22.1,17.0,19.2,18.1,15.4,10.8,8.6,9.3,13.0,16.2,16.3,18.1,20.4,19.2,18.8,19.8,18.4,17.2,15.3,12.5,13.2,23.7,22.6,0.8,-2.9,-3.7,-3.6,-3.5,-4.1,-3.0,-0.1,29.8,31.5,37.6,13.4,0.0,35.9,23.1,12.0,75.1,,,OBAnorm,,LD831_02097v2.403,,,,0,0
DENATRLA,2025-06-23 23:40:32.000,29.7,23.5,18.8,19.7,20.6,16.8,14.5,12.4,11.2,8.8,15.2,17.9,17.9,18.7,19.5,19.7,20.0,19.5,19.3,17.0,15.0,12.6,14.2,19.3,11.2,-0.8,-3.0,-3.8,-3.6,-3.5,-4.2,-3.3,-0.2,28.5,31.6,37.4,13.4,0.0,35.9,23.0,12.0,75.1,,,OBAnorm,,LD831_02097v2.403,,,,0,0
DENATRLA,2025-06-23 23:40:33.000,26.8,20.7,22.6,19.4,19.4,15.1,18.3,13.4,9.8,9.5,12.9,17.3,18.5,19.0,19.9,18.5,19.3,19.0,18.8,17.0,14.8,12.4,9.3,20.2,21.7,1.3,-3.4,-3.8,-3.7,-3.8,-4.3,-3.0,-0.1,27.1,30.7,42.2,13.4,0.0,35.9,23.1,12.0,75.1,,,OBAnorm,,LD831_02097v2.403,,,,0,0
DENATRLA,2025-06-23 23:40:34.000,25.1,24.9,25.0,19.5,17.1,15.2,17.6,12.1,9.6,8.2,12.0,16.3,17.4,18.8,20.3,18.7,18.4,18.6,18.4,16.6,15.2,12.5,13.0,23.7,20.2,0.5,-2.6,-3.8,-3.8,-3.8,-4.4,-3.1,-0.2,29.2,31.6,46.1,13.4,0.0,35.9,23.1,12.0,75.1,,,OBAnorm,,LD831_02097v2.403,,,,0,0
DENATRLA,2025-06-23 23:40:35.000,27.0,25.2,20.4,20.2,18.3,17.8,15.7,14.2,9.3,9.3,10.8,17.0,17.8,18.8,20.4,18.5,18.1,18.8,18.5,17.1,14.4,12.5,7.8,4.8,5.1,0.4,-3.2,-3.7,-3.8,-3.8,-4.2,-3.2,-0.1,25.2,30.8,47.4,13.4,0.0,35.9,23.0,12.0,75.1,,,OBAnorm,,LD831_02097v2.403,,,,0,0
DENATRLA,2025-06-23 23:40:36.000,28.4,25.1,21.4,16.6,15.3,20.0,17.8,15.2,11.3,10.8,11.8,16.7,17.5,19.4,20.9,19.5,18.3,18.6,17.7,16.6,14.8,11.9,11.0,22.1,24.4,2.2,-2.0,-3.7,-3.6,-3.4,-4.3,-3.1,-0.2,29.6,34.7,55.7,13.4,0.0,35.9,23.1,12.0,74.6,,,OBAnorm,,LD831_02097v2.403,,,,0,0
DENATRLA,2025-06-23 23:40:37.000,27.2,19.0,27.2,23.3,22.7,18.4,20.2,14.7,11.2,24.7,13.4,16.9,18.9,19.4,20.3,18.5,18.7,18.4,17.9,16.8,14.9,12.8,12.8,21.4,20.3,0.3,-2.9,-3.7,-3.7,-3.7,-4.3,-3.2,-0.1,28.3,35.8,53.7,13.4,0.0,35.9,23.0,12.0,74.6,,,OBAnorm,,LD831_02097v2.403,,,,0,0
DENATRLA,2025-06-23 23:40:38.000,33.7,27.9,28.7,26.6,24.6,23.5,20.7,15.0,8.7,14.8,12.5,16.7,18.7,17.7,20.9,18.6,18.6,18.0,17.6,16.0,14.2,12.6,7.8,7.8,6.5,-1.4,-3.7,-3.8,-3.8,-3.8,-4.3,-3.1,0.0,24.9,35.0,56.5,13.4,0.0,35.9,23.1,12.0,74.6,,,OBAnorm,,LD831_02097v2.403,,,,0,0
DENATRLA,2025-06-23 23:40:39.000,33.6,32.1,29.6,30.2,26.5,21.6,18.6,14.4,10.2,9.7,13.3,17.7,17.6,19.2,19.6,18.1,19.2,18.0,17.6,16.2,14.9,12.5,13.2,22.7,20.7,-1.1,-3.1,-3.8,-3.7,-3.6,-4.4,-3.1,-0.1,28.7,33.3,52.4,13.4,0.0,35.9,23.0,12.0,74.6,,,OBAnorm,,LD831_02097v2.403,,,,0,0
DENATRLA,2025-06-23 23:40:40.000,35.2,32.6,30.8,23.6,18.7,19.8,17.3,13.2,9.0,9.1,12.6,15.1,18.2,18.7,20.5,17.3,18.6,18.7,17.4,16.6,14.6,11.7,8.1,4.2,1.0,3.1,-3.8,-3.9,-3.8,-3.9,-4.4,-3.2,-0.2,24.8,31.2,51.6,13.4,0.0,35.9,23.0,12.0,74.0,,,OBAnorm,,LD831_02097v2.403,,,,0,0
DENATRLA,2025-06-23 23:40:41.000,38.9,34.1,26.7,18.1,17.1,15.8,16.9,13.0,9.9,10.8,12.6,15.2,17.4,19.3,19.4,19.1,19.5,19.2,18.4,16.6,14.7,12.2,13.6,22.8,19.1,0.0,-3.0,-3.8,-3.8,-3.9,-4.4,-3.2,-0.1,28.7,34.8,53.8,13.4,0.0,34.6,23.0,12.0,72.3,,,OBAnorm,,LD831_02097v2.403,,,,0,0
DENATRLA,2025-06-23 23:40:42.000,31.2,27.2,25.8,22.8,20.6,19.9,14.7,15.3,10.9,9.7,14.3,15.8,16.9,19.1,18.9,19.3,19.3,18.9,18.6,16.9,15.1,12.7,10.8,22.3,20.5,1.1,-2.0,-3.8,-3.6,-3.7,-4.5,-3.2,-0.2,28.6,33.3,49.5,13.4,0.0,34.5,23.0,12.0,70.6,,,OBAnorm,,LD831_02097v2.403,,,,0,0
DENATRLA,2025-06-23 23:40:43.000,30.7,28.5,28.7,23.5,14.9,17.3,15.8,13.7,10.1,9.1,13.3,16.3,16.4,18.6,19.4,18.8,19.0,19.5,19.2,16.7,15.2,12.5,8.6,6.7,5.5,-1.0,-3.5,-3.8,-3.7,-3.8,-4.4,-3.2,-0.1,25.6,31.9,47.2,13.4,0.0,34.5,23.0,12.0,70.6,,,OBAnorm,,LD831_02097v2.403,,,,0,0
DENATRLA,2025-06-23 23:40:44.000,34.0,31.5,28.1,24.1,19.7,17.0,16.9,13.1,9.4,10.7,13.3,17.6,19.4,19.1,19.7,19.3,19.3,19.4,18.2,17.7,15.0,12.1,12.8,21.5,22.9,2.4,-1.5,-3.7,-3.7,-3.5,-4.3,-3.2,-0.2,29.1,34.5,50.7,13.4,0.0,34.5,23.0,12.1,70.6,,,OBAnorm,,LD831_02097v2.403,,,,0,0
DENATRLA,2025-06-23 23:40:45.000,32.7,26.6,26.0,23.6,21.3,16.2,15.8,13.6,9.5,11.0,14.4,16.0,19.2,19.8,19.7,19.4,19.7,19.4,18.4,17.1,14.3,12.1,12.9,21.7,20.0,0.3,-2.5,-3.9,-3.8,-3.8,-4.5,-3.1,-0.1,28.4,35.3,53.0,13.4,0.0,34.5,23.0,12.1,70.6,,,OBAnorm,,LD831_02097v2.403,,,,0,0
DENATRLA,2025-06-23 23:40:46.000,32.2,30.8,30.2,25.3,25.1,21.2,16.9,15.5,10.9,11.1,13.5,16.3,16.9,19.3,19.4,20.2,19.9,19.2,18.8,17.0,14.5,12.6,9.6,13.7,9.5,0.3,-3.6,-3.9,-3.8,-3.9,-4.5,-3.3,-0.2,25.9,33.1,49.6,13.4,0.0,34.5,23.0,12.1,70.6,,,OBAnorm,,LD831_02097v2.403,,,,0,0
DENATRLA,2025-06-23 23:40:47.000,34.1,34.2,29.9,25.5,22.0,21.3,21.9,16.1,17.3,13.7,15.0,17.2,17.8,19.4,18.9,19.8,19.5,19.2,18.8,16.5,14.7,11.7,11.0,21.9,24.1,2.0,-2.3,-3.8,-3.8,-3.8,-4.4,-3.2,-0.2,29.8,40.4,53.6,13.4,0.0,34.5,23.0,12.1,70.6,,,OBAnorm,,LD831_02097v2.403,,,,0,0
DENATRLA,2025-06-23 23:40:48.000,30.3,29.2,36.6,32.6,35.0,26.9,24.3,20.7,19.2,12.8,13.2,15.0,18.5,19.2,19.5,18.7,19.2,18.5,17.7,16.4,14.3,11.2,10.1,22.3,18.9,-0.6,-2.0,-3.9,-3.8,-3.9,-4.5,-3.1,-0.2,28.2,38.3,57.8,13.4,0.0,34.5,23.0,12.1,70.6,,,OBAnorm,,LD831_02097v2.403,,,,0,0
DENATRLA,2025-06-23 23:40:49.000,39.6,39.0,38.0,34.1,27.9,25.0,20.3,17.8,14.4,10.3,13.5,16.6,17.7,18.4,20.5,19.0,19.2,19.1,17.8,16.5,14.1,11.8,8.5,5.2,2.0,1.0,-3.5,-3.7,-3.6,-3.9,-4.5,-3.3,-0.2,25.2,37.9,55.4,13.4,0.0,32.7,23.0,12.1,70.6,,,OBAnorm,,LD831_02097v2.403,,,,0,0
DENATRLA,2025-06-23 23:40:50.000,42.1,37.6,36.3,30.6,28.8,25.5,21.3,19.6,11.8,12.5,13.3,16.9,18.4,19.5,20.3,20.0,19.0,19.0,18.2,16.0,14.1,11.3,10.4,20.8,23.4,-0.4,-2.0,-3.8,-3.6,-3.7,-4.5,-3.3,-0.3,29.1,39.0,56.4,13.4,0.0,32.6,23.0,12.1,70.0,,,OBAnorm,,LD831_02097v2.403,,,,0,0
DENATRLA,2025-06-23 23:40:51.000,35.5,36.7,35.6,29.1,26.7,27.5,23.1,23.4,17.2,14.0,12.9,17.3,18.0,18.9,19.8,19.5,19.2,19.3,18.0,16.3,13.8,11.7,12.9,23.5,18.7,0.3,-2.7,-3.4,-3.3,-3.7,-4.3,-3.0,0.0,28.6,44.3,61.8,13.4,0.0,32.6,23.0,12.1,71.7,,,OBAnorm,,LD831_02097v2.403,,,,0,0
DENATRLA,2025-06-23 23:40:52.000,39.0,39.7,36.2,37.9,34.8,28.8,25.9,19.9,14.5,13.9,14.2,14.6,16.9,18.1,19.5,18.4,18.5,18.4,17.3,16.2,13.8,11.0,7.5,3.8,0.4,0.3,-3.6,-3.7,-3.6,-3.9,-4.4,-3.1,-0.2,24.4,37.8,55.4,13.4,0.0,33.8,23.0,12.1,74.0,,,OBAnorm,,LD831_02097v2.403,,,,0,0
DENATRLA,2025-06-23 23:40:53.000,43.9,46.6,34.6,32.5,27.1,23.1,19.1,14.2,12.6,12.1,14.1,16.1,18.4,18.2,18.9,18.9,18.2,18.3,17.6,15.6,14.1,11.9,15.5,24.5,19.3,1.3,-0.6,-3.8,-3.6,-3.6,-4.4,-3.3,-0.2,29.1,38.3,57.1,13.4,0.0,33.8,23.0,12.1,74.0,,,OBAnorm,,LD831_02097v2.403,,,,0,0
DENATRLA,2025-06-23 23:40:54.000,41.2,39.6,32.0,31.0,25.5,22.2,17.4,15.7,10.1,10.4,13.5,15.9,16.8,18.8,19.4,20.0,19.0,18.3,17.7,16.1,13.8,11.9,14.4,24.8,20.4,2.5,-2.2,-3.8,-3.8,-3.8,-4.4,-3.2,-0.2,29.4,35.8,55.8,13.4,0.0,33.8,23.0,12.1,74.0,,,OBAnorm,,LD831_02097v2.403,,,,0,0
DENATRLA,2025-06-23 23:40:55.000,36.1,40.0,32.2,31.3,24.6,19.6,15.3,15.3,9.2,8.5,14.3,17.2,18.1,18.0,19.3,18.8,17.5,18.5,18.4,16.5,14.0,11.2,14.4,24.6,23.8,3.1,-0.6,-3.7,-3.6,-3.6,-4.3,-3.1,-0.2,30.3,32.3,44.0,13.4,0.0,33.8,23.0,12.1,74.0,,,OBAnorm,,LD831_02097v2.403,,,,0,0
DENATRLA,2025-06-23 23:40:56.000,39.3,36.2,29.4,22.1,19.9,18.7,15.3,14.1,8.4,9.9,13.4,16.4,18.3,19.0,18.6,18.9,19.2,18.8,17.7,15.9,13.8,10.9,8.7,7.8,4.0,-0.9,-3.4,-3.6,-3.7,-3.8,-4.4,-3.2,-0.1,24.7,29.4,40.3,13.4,0.0,33.8,23.0,12.1,74.0,,,OBAnorm,,LD831_02097v2.403,,,,0,0
DENATRLA,2025-06-23 23:40:57.000,25.9,27.9,23.3,17.1,13.9,16.2,17.0,13.6,9.9,8.8,12.3,15.5,17.2,17.8,19.0,19.5,19.1,18.1,17.8,16.0,14.0,12.7,16.6,25.9,23.2,2.9,-0.2,-3.8,-3.8,-3.9,-4.4,-3.3,-0.1,30.5,31.6,39.3,13.4,0.0,33.8,23.0,12.1,74.0,,,OBAnorm,,LD831_02097v2.403,,,,0,0
DENATRLA,2025-06-23 23:40:58.000,26.7,23.5,20.6,18.4,17.6,13.6,17.4,13.0,8.3,11.2,11.0,15.4,17.2,18.2,18.9,18.8,18.6,18.5,17.4,16.0,14.0,11.2,12.0,25.2,24.6,2.5,-0.1,-3.8,-3.7,-3.7,-4.4,-3.3,-0.1,30.2,37.7,52.9,13.4,0.0,33.9,23.0,12.1,74.0,,,OBAnorm,,LD831_02097v2.403,,,,0,0
DENATRLA,2025-06-23 23:40:59.000,23.9,21.4,21.8,24.9,23.4,23.9,22.7,18.5,11.9,9.6,11.1,15.3,18.8,18.4,17.9,19.0,18.7,18.5,17.7,16.4,13.3,11.9,14.5,21.4,20.4,-0.8,-2.9,-3.7,-3.4,-3.8,-4.3,-3.0,-0.1,28.3,39.4,61.4,13.4,0.0,33.8,23.0,12.1,74.0,,,OBAnorm,,LD831_02097v2.403,,,,0,0
DENATRLA,2025-06-23 23:41:00.000,29.7,28.6,31.0,31.9,26.1,26.6,25.0,19.9,15.3,13.4,14.0,16.0,17.0,18.8,19.2,18.5,18.0,17.8,16.8,15.3,12.6,9.5,7.0,10.0,5.1,-2.4,-3.8,-3.8,-3.8,-3.8,-4.3,-3.1,0.0,24.1,42.4,59.7,13.4,0.0,33.8,23.0,12.1,74.0,,,OBAnorm,,LD831_02097v2.403,,,,0,0
DENATRLA,2025-06-23 23:41:01.000,43.8,38.5,36.0,34.3,31.3,31.0,23.2,21.7,16.5,12.4,12.9,15.8,17.7,17.4,19.9,18.6,18.7,18.2,16.6,14.3,13.0,11.9,17.0,23.6,21.7,3.6,-1.5,-3.8,-3.7,-3.6,-4.4,-3.4,-0.1,29.1,35.6,60.2,13.4,0.0,33.9,23.0,12.1,74.0,,,OBAnorm,,LD831_02097v2.403,,,,0,0
DENATRLA,2025-06-23 23:41:02.000,40.7,43.5,34.2,28.0,25.2,18.5,15.2,14.1,9.4,9.2,12.1,15.8,17.7,16.9,18.7,17.9,19.1,17.6,17.0,16.0,13.6,11.1,17.6,21.7,15.2,0.3,-2.1,-3.4,-3.4,-3.1,-3.9,-2.9,-0.2,27.5,32.5,52.7,13.4,0.0,33.9,23.0,12.1,74.0,,,OBAnorm,,LD831_02097v2.403,,,,0,0
DENATRLA,2025-06-23 23:41:03.000,44.2,39.8,26.1,24.1,21.5,17.8,18.9,17.7,11.8,8.0,11.0,15.1,17.1,17.1,19.6,19.1,17.8,17.7,17.3,16.0,13.4,11.4,15.2,21.2,21.2,4.0,-3.1,-3.7,-3.6,-3.6,-4.2,-3.1,-0.1,28.2,32.2,47.3,13.4,0.0,33.8,23.0,12.1,74.0,,,OBAnorm,,LD831_02097v2.403,,,,0,0
DENATRLA,2025-06-23 23:41:04.000,34.2,31.5,27.1,25.2,20.8,17.5,18.6,15.7,10.3,7.5,12.8,15.7,17.2,18.2,19.5,18.5,17.4,18.0,17.1,15.1,12.3,9.7,7.9,13.0,9.4,-0.3,-3.7,-3.8,-3.7,-3.7,-4.3,-3.1,-0.1,24.4,29.8,41.9,13.4,0.0,33.9,23.0,12.1,74.0,,,OBAnorm,,LD831_02097v2.403,,,,0,0
DENATRLA,2025-06-23 23:41:05.000,31.3,27.1,28.6,26.1,18.8,16.5,16.5,13.1,8.4,10.1,13.2,14.5,16.7,18.4,18.9,18.5,18.0,17.8,16.3,15.5,13.1,10.0,16.4,23.0,19.1,2.0,-3.1,-3.8,-3.7,-3.6,-4.3,-3.2,-0.1,28.3,30.8,42.4,13.4,0.0,33.8,23.0,12.1,74.0,,,OBAnorm,,LD831_02097v2.403,,,,0,0
DENATRLA,2025-06-23 23:41:06.000,26.7,26.8,22.8,21.1,17.7,15.5,14.8,11.7,9.6,8.3,13.6,15.8,16.3,17.1,19.2,18.6,18.2,17.6,16.5,15.2,12.7,9.8,7.7,15.4,11.7,1.2,-3.4,-3.8,-3.8,-3.6,-4.4,-3.3,-0.1,24.7,29.4,42.8,13.4,0.0,33.8,23.0,12.1,74.0,,,OBAnorm,,LD831_02097v2.403,,,,0,0
DENATRLA,2025-06-23 23:41:07.000,25.9,26.0,18.3,18.7,19.5,15.6,15.3,11.2,7.5,7.4,12.6,15.0,16.4,18.4,19.4,18.2,17.7,17.2,17.0,15.5,12.9,10.2,14.1,21.3,19.1,-0.9,-2.9,-3.8,-3.7,-3.8,-4.4,-3.2,-0.2,27.6,31.0,44.8,13.4,0.0,33.9,23.0,12.1,74.0,,,OBAnorm,,LD831_02097v2.403,,,,0,0
DENATRLA,2025-06-23 23:41:08.000,27.4,24.2,19.0,17.9,16.4,17.1,15.0,12.9,6.5,8.1,10.3,14.8,17.3,17.2,20.0,18.2,17.9,17.8,16.3,15.0,12.7,9.4,6.2,3.0,0.4,-0.9,-2.4,-2.2,-3.2,-2.7,-4.0,-2.8,-0.1,23.7,30.5,46.6,13.4,0.0,33.8,23.0,12.1,74.0,,,OBAnorm,,LD831_02097v2.403,,,,0,0
DENATRLA,2025-06-23 23:41:09.000,28.7,26.3,26.8,21.7,16.4,16.3,14.4,12.4,10.0,6.2,11.6,14.5,16.1,17.0,19.3,18.4,16.9,17.4,16.4,15.0,12.7,11.2,15.7,22.2,16.9,1.4,-2.2,-3.8,-3.8,-3.8,-4.4,-3.2,0.0,27.6,33.5,49.4,13.4,0.0,33.9,23.0,12.1,74.6,,,OBAnorm,,LD831_02097v2.403,,,,0,0
DENATRLA,2025-06-23 23:41:10.000,26.4,28.7,24.4,23.2,21.2,17.3,14.3,12.7,9.3,7.5,12.3,15.3,16.6,18.3,19.7,18.6,17.0,17.5,16.5,15.9,13.1,11.0,7.4,6.9,3.5,3.1,-2.9,-3.6,-3.7,-3.6,-4.2,-3.2,0.0,24.1,33.4,52.5,13.4,0.0,33.8,23.0,12.1,74.6,,,OBAnorm,,LD831_02097v2.403,,,,0,0
DENATRLA,2025-06-23 23:41:11.000,30.2,28.2,30.8,22.7,19.2,17.9,16.2,12.6,8.8,9.4,10.7,15.5,16.9,17.0,19.6,18.3,18.5,18.0,17.1,15.8,14.1,11.3,13.7,22.5,18.7,2.6,-1.4,-3.7,-3.6,-3.5,-4.3,-3.1,-0.2,28.0,36.1,54.2,13.4,0.0,33.8,23.0,12.1,74.6,,,OBAnorm,,LD831_02097v2.403,,,,0,0
DENATRLA,2025-06-23 23:41:12.000,31.5,29.8,31.0,25.9,24.1,22.3,20.9,16.1,13.1,12.0,12.7,14.5,16.9,18.3,20.4,19.0,18.8,17.4,16.9,16.1,13.8,10.9,6.9,2.7,-0.3,-1.0,-2.4,-3.6,-3.7,-3.7,-4.3,-3.1,-0.1,24.2,34.1,54.9,13.4,0.0,33.8,23.0,12.1,74.6,,,OBAnorm,,LD831_02097v2.403,,,,0,0
DENATRLA,2025-06-23 23:41:13.000,36.7,35.8,31.9,27.8,24.2,20.8,17.5,21.6,13.8,7.7,12.1,15.2,16.1,17.9,20.4,18.6,18.0,17.8,16.8,15.4,13.6,9.8,11.8,20.0,15.1,2.2,-2.7,-3.8,-3.8,-3.8,-4.4,-3.1,-0.2,26.7,33.2,51.4,13.4,0.0,33.9,23.0,12.1,74.6,,,OBAnorm,,LD831_02097v2.403,,,,0,0
DENATRLA,2025-06-23 23:41:14.000,34.8,33.2,25.5,28.0,23.8,19.1,16.6,13.0,11.6,8.7,11.9,17.2,16.7,17.3,19.4,18.8,18.2,17.8,17.1,15.4,13.0,9.5,5.8,2.4,-0.3,-0.8,-3.5,-3.8,-3.7,-3.6,-4.4,-3.1,-0.2,24.0,34.2,53.3,13.4,0.0,33.9,23.0,12.1,74.0,,,OBAnorm,,LD831_02097v2.403,,,,0,0
DENATRLA,2025-06-23 23:41:15.000,37.6,32.3,28.0,26.1,21.7,17.7,16.9,14.4,6.5,8.0,12.3,16.3,17.3,16.9,17.3,19.2,18.5,19.2,16.4,14.5,12.3,9.9,12.3,23.3,18.2,-0.5,-2.6,-3.5,-3.8,-3.8,-4.4,-3.1,-0.1,28.1,36.0,53.4,13.4,0.0,32.6,23.0,12.1,72.9,,,OBAnorm,,LD831_02097v2.403,,,,0,0
DENATRLA,2025-06-23 23:41:16.000,37.1,33.4,32.1,28.8,21.0,17.4,15.6,13.2,9.6,8.4,12.4,15.1,16.5,18.3,19.6,18.3,16.9,17.1,16.7,14.0,12.3,8.8,7.1,10.1,3.5,-2.2,-3.5,-3.8,-3.7,-3.7,-4.3,-3.1,-0.1,23.6,34.4,53.8,13.4,0.0,33.8,23.0,12.1,73.5,,,OBAnorm,,LD831_02097v2.403,,,,0,0
DENATRLA,2025-06-23 23:41:17.000,33.0,35.1,28.9,26.3,21.0,15.5,13.0,12.9,9.1,9.1,12.2,20.3,15.3,16.2,19.5,17.6,17.6,17.3,17.0,15.7,12.8,10.8,7.1,3.9,2.0,0.5,-1.7,-2.9,-3.1,-2.7,-3.8,-2.8,-0.1,24.1,33.9,53.2,13.4,0.0,33.8,23.0,12.1,74.6,,,OBAnorm,,LD831_02097v2.403,,,,0,0
DENATRLA,2025-06-23 23:41:18.000,39.0,34.0,29.5,26.8,21.3,21.8,16.5,11.3,8.8,8.1,10.7,17.4,15.7,18.8,23.4,18.1,18.6,18.1,18.1,15.4,14.0,12.0,11.7,19.7,16.9,1.7,0.1,-2.5,-1.1,-1.2,-1.9,-1.8,0.3,27.1,33.6,50.9,13.4,0.0,33.8,23.0,12.1,74.6,,,OBAnorm,,LD831_02097v2.403,,,,0,0
DENATRLA,2025-06-23 23:41:19.000,36.7,36.2,30.1,21.8,21.1,17.3,14.9,13.5,7.3,8.2,10.6,17.5,15.6,16.3,23.7,18.9,17.5,17.4,16.7,15.2,12.9,11.2,6.8,7.8,5.6,3.2,-0.1,-2.0,0.0,-0.3,-0.8,-1.3,0.6,24.6,33.6,52.3,13.4,0.0,33.8,23.0,12.1,74.0,,,OBAnorm,,LD831_02097v2.403,,,,0,0
DENATRLA,2025-06-23 23:41:20.000,34.0,32.1,27.1,23.4,22.1,18.4,13.5,11.7,10.2,8.8,12.3,17.0,16.3,16.9,21.8,18.3,18.7,18.6,17.6,16.2,13.7,11.4,7.0,4.0,1.5,2.2,-0.2,-2.8,-1.6,-1.9,-2.5,-2.1,0.0,24.7,33.1,53.3,13.4,0.0,33.8,23.0,12.1,74.0,,,OBAnorm,,LD831_02097v2.403,,,,0,0
DENATRLA,2025-06-23 23:41:21.000,32.3,32.0,28.2,24.3,23.1,19.3,13.9,15.0,7.0,8.2,11.2,18.7,15.8,18.5,20.1,17.9,18.3,17.4,17.2,15.2,13.5,10.9,7.2,3.8,0.8,-0.3,-1.7,-3.5,-2.8,-2.6,-3.2,-2.3,0.1,24.2,32.7,52.5,13.4,0.0,33.8,23.0,12.1,74.0,,,OBAnorm,,LD831_02097v2.403,,,,0,0
DENATRLA,2025-06-23 23:41:22.000,32.4,31.2,23.8,21.5,17.8,15.4,12.6,10.8,8.6,7.0,10.5,19.1,14.8,16.4,22.2,18.1,17.5,18.6,17.4,15.4,14.1,11.6,11.7,16.5,9.3,0.6,-1.3,-3.3,-3.0,-2.2,-3.4,-2.3,0.1,25.7,32.7,51.7,13.4,0.0,33.8,23.0,12.1,74.0,,,OBAnorm,,LD831_02097v2.403,,,,0,0
DENATRLA,2025-06-23 23:41:23.000,34.8,32.1,26.3,23.0,19.1,12.0,16.6,10.9,8.1,8.1,11.6,17.6,15.0,16.6,20.5,17.9,18.2,17.6,16.8,15.5,12.8,9.9,6.4,5.7,0.6,-0.8,-1.6,-3.7,-3.2,-2.5,-3.7,-2.5,0.0,23.9,31.1,51.6,13.4,0.0,33.8,23.0,12.1,74.0,,,OBAnorm,,LD831_02097v2.403,,,,0,0
DENATRLA,2025-06-23 23:41:24.000,32.2,31.3,25.3,18.8,18.1,16.1,13.6,13.8,10.2,8.9,10.1,16.1,15.3,16.6,20.3,16.6,17.6,17.4,16.8,15.2,13.1,10.1,6.4,3.4,0.8,0.0,-1.7,-3.7,-3.0,-2.7,-3.4,-2.6,0.1,23.7,31.1,48.8,13.4,0.1,33.8,23.0,12.1,73.5,,,OBAnorm,,LD831_02097v2.403,,,,0,0
DENATRLA,2025-06-23 23:41:25.000,27.3,29.3,22.9,21.6,19.3,15.4,14.0,8.3,9.0,10.1,9.7,16.3,16.0,17.4,18.7,17.0,18.8,17.2,17.8,14.7,13.2,10.2,11.8,16.4,12.2,1.4,-0.6,-2.8,-1.4,-1.6,-2.7,-2.1,0.1,25.3,31.7,49.5,13.4,0.1,32.6,23.0,12.1,73.5,,,OBAnorm,,LD831_02097v2.403,,,,0,0
DENATRLA,2025-06-23 23:41:26.000,32.4,29.1,24.6,20.1,18.7,16.5,16.2,11.6,7.5,9.1,11.8,17.6,14.5,16.9,17.3,18.1,18.4,17.5,17.9,14.0,12.3,9.0,6.1,4.0,1.1,1.0,-1.5,-3.1,-3.0,-2.0,-3.3,-2.7,-0.1,23.7,31.9,53.1,13.4,0.1,33.8,23.0,12.1,74.6,,,OBAnorm,,LD831_02097v2.403,,,,0,0
DENATRLA,2025-06-23 23:41:27.000,28.6,28.3,26.1,22.2,19.9,17.5,14.9,13.9,9.4,8.6,12.0,17.1,14.7,16.7,17.9,17.2,18.4,18.1,17.1,14.4,12.2,11.3,14.2,20.3,15.8,2.7,-0.1,-2.2,-0.8,-0.2,-1.4,-1.0,0.5,26.7,35.5,56.2,13.4,0.2,32.6,23.0,12.1,73.5,,,OBAnorm,,LD831_02097v2.403,,,,0,0
DENATRLA,2025-06-23 23:41:28.000,33.2,30.2,25.7,24.1,23.0,15.9,18.3,17.8,14.5,12.0,11.1,17.4,14.5,17.5,19.7,17.2,17.7,17.1,17.2,14.8,12.4,9.6,6.4,5.4,1.5,0.5,0.6,-0.9,2.1,0.8,1.2,-0.3,0.8,23.6,37.1,55.5,13.4,0.3,33.8,23.0,12.1,73.5,,,OBAnorm,,LD831_02097v2.403,,,,0,0
DENATRLA,2025-06-23 23:41:29.000,33.3,31.4,28.5,29.7,26.6,24.8,19.1,16.6,10.4,11.1,12.5,18.1,14.6,16.6,21.5,17.5,17.4,17.2,17.5,15.1,13.1,10.8,13.6,21.5,16.0,3.3,0.1,-2.5,-2.1,-1.6,-2.5,-2.0,0.1,27.3,36.9,54.5,13.4,0.4,32.7,23.0,12.1,73.5,,,OBAnorm,,LD831_02097v2.403,,,,0,0
DENATRLA,2025-06-23 23:41:30.000,40.1,36.1,35.0,31.3,25.6,21.6,18.4,15.7,9.8,8.7,11.5,19.6,14.7,16.5,25.5,17.7,18.6,18.9,18.2,16.5,15.1,12.3,7.6,5.2,1.9,1.8,0.3,-0.9,-1.4,0.4,-1.5,-1.1,0.6,25.9,37.1,55.5,13.4,0.5,33.8,23.0,12.1,73.5,,,OBAnorm,,LD831_02097v2.403,,,,0,0
DENATRLA,2025-06-23 23:41:31.000,32.5,36.4,33.3,31.9,25.0,22.2,23.3,15.1,15.0,10.8,11.7,15.9,16.0,17.4,25.8,17.5,18.1,18.4,17.7,16.4,14.6,12.1,7.7,5.8,2.1,2.8,0.3,-0.9,-1.7,0.1,-1.7,-1.5,0.3,25.5,40.6,58.7,13.4,0.6,33.8,23.0,12.1,74.6,,,OBAnorm,,LD831_02097v2.403,,,,0,0
DENATRLA,2025-06-23 23:41:32.000,41.1,37.4,32.0,32.1,27.6,25.0,22.4,21.2,19.1,14.3,14.1,14.9,15.8,17.2,23.2,17.2,18.0,17.5,16.9,15.7,13.3,11.4,12.8,18.9,14.0,2.5,-0.8,-1.9,-2.1,-0.9,-2.0,-1.7,0.4,26.3,38.4,58.1,13.4,0.6,33.8,23.0,12.1,74.0,,,OBAnorm,,LD831_02097v2.403,,,,0,0
DENATRLA,2025-06-23 23:41:33.000,36.1,33.8,36.6,34.4,29.3,24.7,22.2,17.4,15.4,11.0,11.3,14.4,17.5,17.6,21.8,17.8,18.1,17.8,16.3,15.5,12.9,11.1,6.4,4.7,0.9,-0.6,-2.5,-3.2,-2.9,-2.1,-3.1,-2.2,0.1,24.2,38.7,58.0,13.4,0.7,32.6,23.0,12.1,73.5,,,OBAnorm,,LD831_02097v2.403,,,,0,0
DENATRLA,2025-06-23 23:41:34.000,42.7,39.3,29.6,29.3,27.9,23.6,19.2,17.3,13.3,8.5,11.6,15.1,16.3,17.1,21.1,18.0,17.7,17.9,16.5,15.7,13.4,11.7,12.7,18.7,14.5,-0.5,-2.3,-3.2,-2.8,-2.3,-3.1,-2.2,0.1,26.3,37.3,55.4,13.4,0.6,33.8,23.0,12.1,74.0,,,OBAnorm,,LD831_02097v2.403,,,,0,0
DENATRLA,2025-06-23 23:41:35.000,38.2,36.0,33.7,29.9,25.5,24.4,20.8,15.3,11.0,8.9,11.9,15.5,17.1,17.6,20.8,17.3,17.6,17.9,17.0,16.2,13.2,10.9,7.1,6.5,2.1,-0.8,-2.9,-3.5,-3.2,-2.4,-3.1,-2.3,0.0,24.3,38.7,54.3,13.4,0.6,33.8,23.0,12.1,73.5,,,OBAnorm,,LD831_02097v2.403,,,,0,0
DENATRLA,2025-06-23 23:41:36.000,41.1,34.2,35.5,26.5,27.0,23.3,18.1,16.3,9.7,7.8,12.2,18.0,16.5,18.2,22.0,18.0,17.1,18.1,16.8,15.2,13.2,11.8,14.7,21.5,17.2,1.1,-2.1,-3.2,-3.3,-2.9,-3.3,-2.5,0.1,27.5,33.2,51.4,13.4,0.6,33.8,23.0,12.1,72.9,,,OBAnorm,,LD831_02097v2.403,,,,0,0
DENATRLA,2025-06-23 23:41:37.000,45.4,39.0,31.8,26.7,22.3,18.3,15.0,10.4,8.9,10.3,12.1,16.0,17.3,17.3,21.8,18.2,17.5,17.7,16.4,15.1,12.6,10.8,6.4,3.1,-0.3,-1.2,-3.1,-3.6,-3.3,-3.0,-3.5,-2.5,0.1,24.1,32.5,53.9,13.4,0.6,33.8,23.0,12.1,74.0,,,OBAnorm,,LD831_02097v2.403,,,,0,0
DENATRLA,2025-06-23 23:41:38.000,32.2,29.7,27.2,23.0,18.3,15.7,16.1,10.9,7.7,10.2,11.8,15.4,16.9,17.0,21.0,17.5,17.8,17.9,16.2,15.2,13.1,11.1,15.9,22.8,16.7,1.0,-2.0,-3.3,-2.8,-2.9,-3.3,-2.3,0.0,27.9,32.3,53.0,13.4,0.5,33.8,23.0,12.1,74.6,,,OBAnorm,,LD831_02097v2.403,,,,0,0
DENATRLA,2025-06-23 23:41:39.000,35.3,29.9,26.4,23.5,18.3,16.9,16.4,12.1,8.3,6.8,12.5,16.0,16.2,17.6,20.6,18.6,17.4,17.6,17.0,15.4,12.0,10.5,6.3,3.4,0.8,0.8,-2.9,-3.4,-3.0,-2.8,-3.3,-2.5,0.1,23.9,30.8,49.4,13.4,0.5,33.8,23.0,12.1,73.5,,,OBAnorm,,LD831_02097v2.403,,,,0,0
DENATRLA,2025-06-23 23:41:40.000,33.9,30.2,24.8,22.9,18.6,16.2,14.0,12.5,7.5,8.9,11.9,17.0,15.6,18.4,20.3,17.7,18.0,17.8,16.7,15.5,13.1,11.8,14.3,18.4,14.5,0.1,-2.3,-3.5,-2.9,-2.6,-3.5,-2.4,0.0,26.2,33.3,49.9,13.4,0.5,33.8,23.0,12.1,73.5,,,OBAnorm,,LD831_02097v2.403,,,,0,0
DENATRLA,2025-06-23 23:41:41.000,32.7,26.8,25.2,25.1,19.6,17.9,14.9,9.6,9.7,8.7,12.3,17.8,15.3,17.4,20.7,18.1,18.1,18.3,17.3,15.6,13.4,11.0,14.8,21.2,17.8,5.1,-1.0,-3.5,-3.2,-2.9,-3.5,-2.4,0.1,27.5,33.9,51.0,13.4,0.5,33.8,23.0,12.1,74.6,,,OBAnorm,,LD831_02097v2.403,,,,0,0
DENATRLA,2025-06-23 23:41:42.000,32.1,29.2,25.2,24.6,21.4,17.4,14.9,13.3,9.6,9.8,12.3,16.9,17.4,18.7,22.1,17.6,17.9,18.3,16.6,15.3,13.1,10.3,7.1,5.4,1.5,0.0,-2.8,-3.6,-3.3,-3.0,-3.7,-2.6,0.0,24.3,33.7,49.3,13.4,0.5,33.8,23.0,12.1,74.6,,,OBAnorm,,LD831_02097v2.403,,,,0,0
DENATRLA,2025-06-23 23:41:43.000,36.4,31.0,24.7,21.6,19.4,16.6,15.2,11.8,6.4,8.5,12.5,15.8,17.0,17.6,20.8,17.8,17.9,18.3,16.7,15.8,13.0,10.7,6.8,3.4,0.4,2.4,-2.9,-3.7,-3.2,-3.0,-3.5,-2.7,-0.1,24.2,31.1,48.3,13.4,0.5,33.8,23.0,12.1,74.6,,,OBAnorm,,LD831_02097v2.403,,,,0,0
DENATRLA,2025-06-23 23:41:44.000,35.7,30.2,28.4,24.3,20.2,16.6,14.6,10.8,6.7,7.6,12.1,17.3,15.3,16.9,20.1,17.0,17.4,17.7,16.0,15.4,12.9,10.5,15.1,20.7,13.2,0.1,-3.0,-3.7,-3.2,-3.3,-3.9,-2.8,-0.1,26.5,31.3,51.0,13.4,0.5,33.8,23.0,12.1,74.6,,,OBAnorm,,LD831_02097v2.403,,,,0,0
DENATRLA,2025-06-23 23:41:45.000,33.7,28.2,24.2,19.5,18.5,17.7,15.3,11.7,6.5,8.3,10.0,15.8,15.5,17.5,20.3,17.9,17.0,17.1,15.9,14.9,12.6,10.2,6.1,3.4,0.5,-0.7,-3.4,-3.8,-3.6,-3.6,-4.2,-3.1,-0.1,23.4,30.7,51.1,13.4,0.5,33.8,23.0,12.1,74.6,,,OBAnorm,,LD831_02097v2.403,,,,0,0
DENATRLA,2025-06-23 23:41:46.000,30.6,24.8,23.0,22.8,21.4,14.7,16.1,12.4,8.3,7.8,11.1,14.6,16.1,16.5,20.2,17.4,16.9,17.0,15.9,15.3,12.8,9.1,6.0,3.5,5.3,0.8,-3.4,-3.8,-3.5,-3.3,-4.0,-2.9,0.0,23.5,29.4,43.3,13.4,0.5,33.8,23.0,12.1,74.6,,,OBAnorm,,LD831_02097v2.403,,,,0,0
DENATRLA,2025-06-23 23:41:47.000,33.0,28.6,20.8,19.0,16.2,15.6,11.2,9.7,8.4,8.8,11.5,14.2,16.1,16.7,19.8,16.5,17.3,17.3,16.3,14.5,12.7,11.1,10.9,18.3,11.4,-1.7,-3.5,-3.8,-3.7,-3.6,-4.0,-3.1,0.0,25.3,29.5,44.4,13.4,0.5,33.8,23.0,12.1,74.6,,,OBAnorm,,LD831_02097v2.403,,,,0,0
DENATRLA,2025-06-23 23:41:48.000,29.7,26.0,21.1,16.0,14.8,16.6,13.1,12.6,8.7,6.6,10.6,16.6,15.6,17.0,19.4,17.1,16.8,16.6,15.8,15.0,12.7,9.5,6.0,3.0,-0.1,-0.3,-3.5,-3.8,-3.4,-3.5,-4.2,-2.9,-0.1,23.1,29.2,44.1,13.4,0.2,33.8,23.0,12.1,74.6,,,OBAnorm,,LD831_02097v2.403,,,,0,0
DENATRLA,2025-06-23 23:41:49.000,26.5,23.4,21.9,18.7,17.6,15.6,13.8,11.6,9.4,8.4,10.4,14.8,15.6,16.0,20.1,17.4,17.2,16.8,15.4,14.9,12.0,10.6,11.5,16.4,12.1,-2.3,-3.6,-3.7,-3.6,-3.4,-4.3,-3.0,-0.1,24.7,29.6,45.0,13.4,0.0,33.8,22.9,12.1,74.6,,,OBAnorm,,LD831_02097v2.403,,,,0,0
DENATRLA,2025-06-23 23:41:50.000,30.4,25.2,23.6,21.0,16.8,13.9,14.3,13.5,7.5,7.4,11.4,14.1,16.0,15.9,20.2,16.3,16.2,16.8,15.3,13.9,12.5,9.6,5.4,2.0,-1.4,-2.9,-3.7,-3.7,-3.6,-3.5,-4.2,-3.0,-0.1,22.8,30.6,48.0,13.4,0.0,33.9,23.0,12.1,74.6,,,OBAnorm,,LD831_02097v2.403,,,,0,0
DENATRLA,2025-06-23 23:41:51.000,30.0,23.4,24.3,19.2,20.4,18.3,17.7,12.5,11.3,10.1,13.6,15.6,16.4,16.1,18.0,15.4,16.9,16.4,15.4,14.2,12.1,10.6,16.3,19.2,13.4,-0.8,-3.4,-3.8,-3.8,-3.7,-4.2,-2.8,0.0,25.8,33.1,52.6,13.4,0.0,33.8,23.0,12.1,74.6,,,OBAnorm,,LD831_02097v2.403,,,,0,0
DENATRLA,2025-06-23 23:41:52.000,27.3,29.7,24.7,19.2,23.6,21.8,16.5,11.8,10.9,9.7,11.4,15.4,16.1,16.5,19.1,16.9,17.0,15.8,15.2,13.9,11.7,8.4,5.0,2.3,0.4,3.1,-3.3,-3.8,-3.8,-3.7,-4.4,-3.1,-0.1,22.7,33.2,48.1,13.4,0.0,33.8,23.0,12.1,74.6,,,OBAnorm,,LD831_02097v2.403,,,,0,0
DENATRLA,2025-06-23 23:41:53.000,29.1,28.7,29.1,26.6,24.6,21.7,22.2,20.6,13.6,8.5,10.2,14.9,15.3,15.6,19.9,16.9,16.1,16.4,15.6,12.9,10.9,10.4,14.1,17.4,12.5,-1.0,-3.6,-3.8,-3.7,-3.7,-4.3,-3.1,-0.2,24.8,32.7,47.3,13.4,0.0,33.9,22.9,12.1,74.6,,,OBAnorm,,LD831_02097v2.403,,,,0,0
DENATRLA,2025-06-23 23:41:54.000,36.6,31.9,28.0,24.4,25.8,24.8,18.0,15.1,11.5,8.9,10.5,15.6,14.6,15.8,20.4,16.1,17.1,16.1,15.2,13.4,11.4,9.5,6.3,6.8,3.0,3.1,-3.7,-3.8,-3.7,-3.7,-4.4,-3.0,-0.2,22.9,30.7,47.4,13.4,0.0,33.8,23.0,12.1,74.6,,,OBAnorm,,LD831_02097v2.403,,,,0,0
DENATRLA,2025-06-23 23:41:55.000,30.7,31.0,26.8,23.4,16.6,15.8,14.2,10.4,8.1,7.8,10.7,14.9,15.5,15.4,19.5,16.3,16.4,16.9,14.7,14.1,10.9,10.7,12.2,17.5,13.8,-2.0,-3.5,-3.8,-3.7,-3.8,-4.3,-2.8,-0.1,24.8,30.0,47.1,13.4,0.0,32.6,22.9,12.1,74.0,,,OBAnorm,,LD831_02097v2.403,,,,0,0
DENATRLA,2025-06-23 23:41:56.000,27.8,32.5,22.0,17.9,16.8,14.4,12.8,10.3,6.7,7.8,9.9,16.4,14.7,16.3,19.7,16.0,15.8,17.0,14.8,13.5,11.2,8.3,5.9,5.8,1.1,-2.3,-3.6,-3.7,-3.7,-3.7,-4.2,-3.0,-0.1,22.5,28.1,37.4,13.4,0.0,32.6,23.0,12.1,71.7,,,OBAnorm,,LD831_02097v2.403,,,,0,0
DENATRLA,2025-06-23 23:41:57.000,30.0,29.8,25.0,19.9,17.0,14.2,15.2,14.2,6.8,6.5,9.9,16.4,14.0,14.7,21.2,16.0,16.5,15.8,14.9,14.0,11.3,8.5,4.6,2.9,1.8,-0.9,-3.6,-3.5,-3.7,-3.5,-4.1,-2.9,0.0,22.7,28.6,46.2,13.4,0.0,32.6,23.0,12.1,70.6,,,OBAnorm,,LD831_02097v2.403,,,,0,0
DENATRLA,2025-06-23 23:41:58.000,27.5,24.7,19.1,15.4,12.2,14.5,11.7,11.7,7.7,7.3,9.4,18.9,14.8,15.9,21.0,15.4,16.9,17.2,15.6,14.8,12.6,9.7,14.9,18.3,13.5,0.0,-2.4,-3.3,-2.7,-2.5,-3.0,-2.5,0.0,25.5,29.7,48.0,13.4,0.0,33.8,22.9,12.1,72.9,,,OBAnorm,,LD831_02097v2.403,,,,0,0
DENATRLA,2025-06-23 23:41:59.000,27.6,24.6,19.0,19.6,15.5,12.5,10.2,10.5,7.8,5.3,8.9,13.3,15.0,15.3,20.5,15.5,15.8,16.4,14.5,14.2,12.0,8.9,4.9,2.4,-0.4,-1.2,-3.4,-3.7,-3.6,-3.2,-4.1,-3.0,-0.1,22.6,28.1,38.7,13.4,0.0,33.8,22.9,12.1,75.2,,,OBAnorm,,LD831_02097v2.403,,,,0,0
DENATRLA,2025-06-23 23:42:00.000,22.5,23.6,21.0,18.6,12.6,13.4,14.9,11.6,6.1,8.2,10.8,13.7,14.1,16.9,20.1,16.9,15.4,15.8,14.8,14.0,11.5,8.5,5.2,2.7,0.4,-1.0,-3.3,-3.7,-3.7,-3.2,-4.1,-2.9,-0.1,22.6,28.8,45.7,13.4,0.0,33.9,23.0,12.1,75.2,,,OBAnorm,,LD831_02097v2.403,,,,0,0
DENATRLA,2025-06-23 23:42:01.000,26.6,22.6,23.8,18.5,15.6,16.1,13.2,11.3,5.4,7.0,9.5,13.9,13.5,16.3,20.1,16.2,15.6,16.6,15.6,13.5,11.5,9.9,15.5,18.9,13.5,-2.3,-3.2,-3.7,-3.7,-3.3,-4.2,-3.0,-0.2,25.5,29.1,43.4,13.4,0.0,33.9,22.9,12.1,75.2,,,OBAnorm,,LD831_02097v2.403,,,,0,0
DENATRLA,2025-06-23 23:42:02.000,24.5,26.3,19.5,17.0,14.4,13.7,11.7,9.7,8.1,7.3,8.8,13.0,14.8,16.5,20.5,16.5,15.6,16.4,14.9,14.0,12.4,9.0,5.5,2.3,-0.5,4.5,-3.6,-3.7,-3.7,-3.4,-4.2,-3.0,-0.1,22.8,27.8,43.0,13.4,0.0,33.8,23.0,12.1,75.2,,,OBAnorm,,LD831_02097v2.403,,,,0,0
DENATRLA,2025-06-23 23:42:03.000,24.5,23.2,20.2,20.0,14.6,12.7,12.2,12.7,8.5,5.9,10.2,13.2,13.7,16.6,20.0,15.7,15.6,16.1,14.9,14.0,11.6,10.7,13.7,15.4,12.6,-2.2,-3.7,-3.7,-3.7,-3.6,-4.3,-3.0,0.0,24.5,28.5,43.1,13.4,0.0,33.8,23.0,12.1,75.2,,,OBAnorm,,LD831_02097v2.403,,,,0,0
DENATRLA,2025-06-23 23:42:04.000,29.3,19.6,16.9,14.2,14.7,13.8,9.6,10.3,7.7,6.9,9.7,15.6,15.3,15.5,20.6,16.5,15.1,16.2,14.7,14.2,12.1,8.9,5.3,3.7,1.4,-2.2,-3.8,-3.8,-3.8,-3.8,-4.3,-3.3,-0.2,22.6,28.1,41.6,13.4,0.0,33.8,23.0,12.1,75.2,,,OBAnorm,,LD831_02097v2.403,,,,0,0
DENATRLA,2025-06-23 23:42:05.000,22.8,22.4,18.1,15.7,14.8,14.7,14.5,11.0,9.6,7.0,9.0,14.1,14.9,15.6,20.4,15.5,15.8,15.6,14.8,13.6,11.5,8.9,5.1,2.6,1.6,-1.0,-3.9,-3.8,-3.8,-3.9,-4.5,-3.2,-0.2,22.4,27.7,40.5,13.4,0.0,33.9,22.9,12.1,75.2,,,OBAnorm,,LD831_02097v2.403,,,,0,0
DENATRLA,2025-06-23 23:42:06.000,25.2,20.6,18.0,18.4,15.8,14.8,10.8,9.1,5.4,6.2,8.9,14.4,13.9,16.1,19.6,16.5,16.0,15.9,15.7,13.5,11.3,9.4,13.1,16.4,10.5,-3.1,-3.7,-3.8,-3.9,-3.8,-4.2,-3.1,-0.1,24.4,27.9,39.7,13.4,0.0,33.8,22.9,12.1,75.2,,,OBAnorm,,LD831_02097v2.403,,,,0,0
DENATRLA,2025-06-23 23:42:07.000,24.1,23.0,21.5,17.6,14.0,13.9,13.1,9.0,8.3,7.5,10.0,14.4,14.6,15.9,18.6,15.3,15.4,16.2,14.9,14.0,10.8,8.7,7.0,3.7,0.8,-1.0,-3.8,-3.8,-3.7,-3.7,-4.2,-2.9,-0.1,22.2,28.0,44.9,13.4,0.0,33.8,22.9,12.1,75.2,,,OBAnorm,,LD831_02097v2.403,,,,0,0
DENATRLA,2025-06-23 23:42:08.000,24.7,23.4,19.2,18.0,13.1,13.3,12.3,8.3,7.1,6.3,9.0,13.8,13.9,16.5,18.7,15.8,15.6,15.7,14.9,13.6,11.5,9.3,14.4,19.3,11.5,-1.2,-3.7,-3.8,-3.8,-3.7,-4.3,-3.1,-0.2,25.0,28.4,42.5,13.4,0.0,33.8,23.0,12.1,75.2,,,OBAnorm,,LD831_02097v2.403,,,,0,0
DENATRLA,2025-06-23 23:42:09.000,24.8,24.3,20.8,20.7,14.9,14.7,13.8,10.2,7.6,6.5,10.1,13.7,14.2,15.7,18.4,16.2,15.7,15.6,14.6,13.1,11.0,8.7,5.2,2.6,-0.2,-1.2,-3.8,-3.8,-3.8,-3.8,-4.4,-3.0,0.0,22.0,27.3,36.7,13.4,0.0,33.8,22.9,12.1,75.2,,,OBAnorm,,LD831_02097v2.403,,,,0,0
DENATRLA,2025-06-23 23:42:10.000,27.2,22.1,19.1,17.6,17.5,12.6,13.1,11.1,5.5,7.3,11.0,15.2,14.0,15.6,19.0,16.1,16.1,16.0,15.0,13.9,12.1,11.3,16.8,17.2,9.2,-2.6,-3.6,-3.8,-3.7,-3.7,-4.2,-3.0,-0.1,25.0,28.5,36.9,13.4,0.0,33.9,23.0,12.1,75.2,,,OBAnorm,,LD831_02097v2.403,,,,0,0
DENATRLA,2025-06-23 23:42:11.000,25.9,19.8,21.6,15.4,16.2,15.7,13.7,9.5,5.6,6.6,10.6,12.8,13.9,15.9,19.1,16.3,14.7,16.8,15.8,14.2,12.0,9.7,5.4,2.5,-1.0,-1.1,-3.9,-3.9,-3.8,-3.8,-4.3,-3.1,-0.1,22.7,28.0,37.9,13.4,0.0,33.8,23.0,12.1,75.2,,,OBAnorm,,LD831_02097v2.403,,,,0,0
DENATRLA,2025-06-23 23:42:12.000,25.2,24.0,21.6,19.3,16.3,12.2,12.4,11.2,6.0,6.6,9.7,12.8,15.5,16.8,19.0,16.7,15.5,16.6,15.6,14.1,11.9,8.8,5.8,3.9,1.8,-1.0,-3.4,-3.9,-3.8,-3.6,-4.3,-3.2,-0.2,22.6,28.3,44.4,13.4,0.0,33.8,22.9,12.1,75.2,,,OBAnorm,,LD831_02097v2.403,,,,0,0
DENATRLA,2025-06-23 23:42:13.000,24.2,25.8,17.3,15.9,13.1,16.1,12.8,10.0,8.2,8.4,10.1,14.6,15.0,17.0,19.2,15.2,14.7,15.3,14.8,13.4,11.9,8.6,5.1,3.1,2.3,-1.8,-3.9,-3.8,-3.8,-3.7,-4.2,-3.1,-0.1,22.1,28.1,45.6,13.4,0.0,33.8,23.0,12.1,75.2,,,OBAnorm,,LD831_02097v2.403,,,,0,0
DENATRLA,2025-06-23 23:42:14.000,25.2,24.7,20.2,18.3,14.3,15.1,15.8,10.3,6.0,7.0,9.3,14.5,14.9,16.1,18.6,15.3,15.3,15.9,15.2,13.6,11.3,8.8,6.1,4.3,1.5,-0.3,-3.8,-3.8,-3.8,-3.7,-4.3,-2.9,-0.2,22.2,27.3,43.8,13.4,0.0,33.8,23.0,12.1,75.2,,,OBAnorm,,LD831_02097v2.403,,,,0,0
DENATRLA,2025-06-23 23:42:15.000,26.8,22.8,22.3,15.9,11.8,12.7,11.9,11.8,6.0,7.3,10.1,14.2,14.2,16.7,18.9,15.9,15.8,16.4,15.9,13.8,11.9,9.3,4.9,1.3,-1.5,-2.7,-4.0,-3.9,-3.8,-3.9,-4.3,-3.0,-0.1,22.5,27.3,39.6,13.4,0.0,33.8,22.9,12.1,75.2,,,OBAnorm,,LD831_02097v2.403,,,,0,0
DENATRLA,2025-06-23 23:42:16.000,26.7,22.0,17.7,16.6,13.7,14.8,13.1,10.7,6.7,7.8,9.3,12.2,14.3,16.0,19.0,16.3,16.5,15.6,16.2,14.3,12.0,8.9,5.2,2.3,-1.0,-2.0,-3.9,-3.9,-3.8,-3.9,-4.4,-3.0,-0.1,22.5,27.5,35.0,13.4,0.0,33.8,22.9,12.1,75.2,,,OBAnorm,,LD831_02097v2.403,,,,0,0
DENATRLA,2025-06-23 23:42:17.000,20.8,21.3,19.6,17.2,11.5,13.9,11.9,10.9,7.8,7.8,9.1,13.1,14.4,17.5,18.4,15.9,15.2,16.0,15.4,14.5,12.5,9.8,6.0,5.3,0.5,-1.5,-3.8,-3.8,-3.8,-3.5,-4.3,-3.1,-0.2,22.6,27.7,38.4,13.4,0.0,33.9,22.9,12.1,75.2,,,OBAnorm,,LD831_02097v2.403,,,,0,0
DENATRLA,2025-06-23 23:42:18.000,26.0,23.6,20.0,17.8,11.3,12.6,12.3,10.0,8.0,6.6,11.0,14.0,14.8,16.2,18.1,16.1,15.7,16.0,15.6,14.4,12.4,9.5,8.3,5.4,0.8,-2.7,-3.9,-3.9,-3.8,-3.8,-4.4,-3.0,-0.1,22.7,27.3,38.1,13.4,0.0,33.8,22.9,12.1,75.2,,,OBAnorm,,LD831_02097v2.403,,,,0,0
DENATRLA,2025-06-23 23:42:19.000,23.7,24.4,18.3,16.0,15.6,12.8,11.4,9.9,8.3,8.4,8.4,11.7,15.6,16.4,19.1,16.2,15.1,16.2,15.8,14.4,12.4,9.5,5.4,2.0,-1.1,-1.5,-4.0,-3.9,-3.9,-3.8,-4.4,-3.0,-0.1,22.7,27.7,41.7,13.4,0.0,33.8,22.9,12.1,75.2,,,OBAnorm,,LD831_02097v2.403,,,,0,0
DENATRLA,2025-06-23 23:42:20.000,23.2,18.7,19.2,15.9,13.5,13.0,11.7,10.9,6.9,7.6,8.6,13.6,15.1,16.9,19.4,16.5,15.2,15.8,15.4,14.2,12.6,9.5,5.5,1.9,-0.5,-2.9,-3.7,-3.6,-3.7,-3.6,-4.3,-3.0,0.0,22.7,28.0,39.9,13.4,0.0,33.8,22.9,12.1,75.2,,,OBAnorm,,LD831_02097v2.403,,,,0,0
DENATRLA,2025-06-23 23:42:21.000,21.1,23.8,19.1,14.9,15.5,13.3,12.9,12.7,7.0,7.6,9.6,12.3,15.3,16.1,18.3,16.9,15.2,16.7,15.9,13.9,11.7,8.8,5.0,1.6,-1.6,-2.1,-3.8,-3.8,-3.8,-3.7,-4.4,-3.2,-0.2,22.3,27.1,36.5,13.4,0.0,33.9,22.9,12.1,75.2,,,OBAnorm,,LD831_02097v2.403,,,,0,0
DENATRLA,2025-06-23 23:42:22.000,25.8,23.5,21.1,16.4,11.3,11.9,11.1,12.0,7.1,6.7,11.5,14.0,15.3,16.6,16.6,16.4,15.9,15.3,15.5,13.4,11.3,8.9,5.6,4.0,1.3,-3.4,-3.9,-3.8,-3.8,-3.7,-4.4,-3.2,-0.1,22.2,27.9,39.3,13.4,0.0,33.8,22.9,12.1,75.2,,,OBAnorm,,LD831_02097v2.403,,,,0,0
DENATRLA,2025-06-23 23:42:23.000,25.8,20.2,20.4,18.2,13.5,14.4,14.7,9.1,7.3,5.9,9.5,12.2,16.3,17.3,18.6,16.6,14.8,15.9,15.2,13.9,11.8,9.2,5.9,4.6,1.3,-1.4,-3.9,-3.8,-3.8,-3.9,-4.4,-3.2,-0.1,22.5,27.6,40.0,13.4,0.0,33.8,22.9,12.1,75.2,,,OBAnorm,,LD831_02097v2.403,,,,0,0
DENATRLA,2025-06-23 23:42:24.000,24.4,24.6,17.4,18.5,11.8,12.5,12.6,12.9,7.6,7.0,11.7,14.0,15.4,16.7,18.1,16.5,15.5,16.4,15.9,14.0,11.7,9.8,9.0,6.5,0.8,-2.7,-3.8,-3.8,-3.8,-3.9,-4.4,-3.1,-0.2,22.8,27.9,42.8,13.4,0.0,33.8,23.0,12.1,75.2,,,OBAnorm,,LD831_02097v2.403,,,,0,0
DENATRLA,2025-06-23 23:42:25.000,24.5,25.9,21.6,15.5,14.4,15.4,11.9,10.7,8.4,7.2,11.6,12.8,15.4,17.1,17.7,16.0,15.7,16.1,16.0,14.3,12.3,9.4,5.5,2.9,0.5,0.2,-3.9,-3.8,-3.8,-3.9,-4.4,-3.2,-0.2,22.6,27.8,41.1,13.4,0.0,33.9,22.9,12.1,75.2,,,OBAnorm,,LD831_02097v2.403,,,,0,0
DENATRLA,2025-06-23 23:42:26.000,22.3,23.9,19.1,18.2,12.5,15.2,13.6,13.0,7.0,7.1,10.2,12.6,15.7,17.5,18.1,16.5,15.4,16.8,15.5,14.2,11.7,9.0,4.8,1.8,-1.1,-2.4,-3.9,-3.8,-3.8,-4.0,-4.4,-3.2,-0.1,22.4,27.8,43.5,13.4,0.0,33.8,22.9,12.1,75.2,,,OBAnorm,,LD831_02097v2.403,,,,0,0
DENATRLA,2025-06-23 23:42:27.000,22.8,25.4,21.2,14.6,13.7,14.5,13.7,11.8,7.2,8.2,9.8,12.9,15.0,16.4,18.7,16.3,16.0,16.2,15.8,14.4,12.1,9.7,5.3,1.6,-0.4,-2.7,-4.0,-3.9,-3.8,-4.0,-4.4,-3.3,-0.2,22.6,28.4,43.9,13.4,0.0,33.8,22.8,12.1,75.2,,,OBAnorm,,LD831_02097v2.403,,,,0,0
DENATRLA,2025-06-23 23:42:28.000,21.5,24.2,21.8,14.4,17.3,15.7,13.3,11.1,7.8,8.0,10.2,14.3,15.4,16.8,18.9,15.9,15.2,16.0,15.7,13.9,11.5,8.8,7.0,3.8,-1.2,-3.3,-3.9,-3.8,-3.7,-3.9,-4.4,-3.3,-0.3,22.4,27.7,38.8,13.4,0.0,33.8,22.9,12.1,75.2,,,OBAnorm,,LD831_02097v2.403,,,,0,0
DENATRLA,2025-06-23 23:42:29.000,27.9,24.1,23.2,19.1,15.4,15.1,10.2,12.3,8.1,6.2,12.4,12.9,15.1,16.3,17.7,16.5,15.0,16.3,15.4,14.0,11.8,8.6,5.2,2.4,-0.3,-1.4,-4.0,-3.9,-3.9,-3.9,-4.4,-3.2,-0.1,22.3,27.4,37.1,13.4,0.0,33.8,22.9,12.1,75.2,,,OBAnorm,,LD831_02097v2.403,,,,0,0
DENATRLA,2025-06-23 23:42:30.000,22.5,21.0,18.9,18.8,11.5,13.8,13.1,11.7,7.5,8.1,10.3,13.6,15.4,17.3,17.7,15.4,15.4,16.6,16.0,14.2,12.1,9.2,6.4,5.2,1.0,-2.2,-3.9,-3.8,-3.7,-4.0,-4.4,-3.2,-0.2,22.6,28.0,38.2,13.4,0.0,33.8,22.9,12.1,75.2,,,OBAnorm,,LD831_02097v2.403,,,,0,0
DENATRLA,2025-06-23 23:42:31.000,24.8,21.7,22.4,18.9,12.5,14.3,15.8,10.2,9.5,6.9,10.5,14.1,14.5,16.6,18.1,16.3,15.7,16.1,15.4,14.4,12.3,9.9,6.9,4.7,0.6,-1.0,-3.9,-3.9,-3.9,-4.0,-4.5,-3.3,-0.1,22.6,28.4,44.0,13.4,0.0,33.8,22.9,12.1,75.2,,,OBAnorm,,LD831_02097v2.403,,,,0,0
DENATRLA,2025-06-23 23:42:32.000,26.1,21.6,21.2,19.7,14.9,10.8,11.7,11.8,6.5,8.1,9.2,13.9,14.2,16.7,17.1,16.1,15.4,16.6,15.8,15.1,12.9,11.1,10.7,11.1,3.7,-2.0,-3.8,-3.9,-3.8,-4.0,-4.3,-3.1,-0.1,23.4,32.0,52.0,13.4,0.0,33.8,22.9,12.1,75.2,,,OBAnorm,,LD831_02097v2.403,,,,0,0
DENATRLA,2025-06-23 23:42:33.000,25.7,22.7,20.7,19.0,14.3,17.0,16.1,13.4,8.8,8.4,10.2,13.8,14.7,16.1,17.7,16.2,15.6,16.0,16.3,14.5,12.7,9.7,6.1,6.9,1.1,0.5,-3.8,-3.7,-3.8,-3.9,-4.4,-3.2,-0.1,22.9,32.5,48.3,13.4,0.0,33.8,22.9,12.1,75.2,,,OBAnorm,,LD831_02097v2.403,,,,0,0
DENATRLA,2025-06-23 23:42:34.000,29.3,28.9,29.7,21.8,19.0,18.7,16.7,12.4,8.6,7.1,9.2,12.1,15.4,16.7,17.1,16.6,16.4,16.9,15.4,14.2,12.0,8.6,5.9,6.3,1.8,1.3,-3.9,-3.8,-3.8,-4.0,-4.4,-3.2,-0.1,22.6,31.3,47.2,13.4,0.0,33.8,22.9,12.1,75.2,,,OBAnorm,,LD831_02097v2.403,,,,0,0
DENATRLA,2025-06-23 23:42:35.000,34.0,27.6,29.5,24.9,22.7,18.5,16.5,12.7,7.7,7.8,10.8,15.2,14.0,16.3,17.4,16.0,15.9,16.6,15.4,14.1,11.8,9.0,5.7,4.5,0.8,-0.6,-4.0,-3.9,-3.8,-4.0,-4.5,-3.2,-0.2,22.4,35.0,53.2,13.4,0.0,33.8,22.9,12.1,75.2,,,OBAnorm,,LD831_02097v2.403,,,,0,0
DENATRLA,2025-06-23 23:42:36.000,29.2,28.8,27.1,24.4,25.1,20.7,18.7,14.1,10.9,7.6,11.2,12.8,15.3,16.6,16.7,15.3,15.3,15.3,15.4,14.1,12.1,10.2,11.3,12.0,4.8,-0.6,-3.9,-3.9,-3.8,-3.9,-4.4,-3.4,-0.2,23.0,32.4,52.8,13.4,0.0,33.8,22.9,12.1,75.2,,,OBAnorm,,LD831_02097v2.403,,,,0,0
DENATRLA,2025-06-23 23:42:37.000,33.8,33.8,31.7,25.8,24.8,17.5,16.0,13.2,9.4,6.5,10.7,14.0,14.1,16.0,17.2,15.8,14.9,15.6,14.9,13.4,12.1,9.6,5.9,3.9,1.3,-2.9,-4.0,-3.9,-3.8,-3.9,-4.4,-3.2,-0.1,22.1,30.3,49.5,13.4,0.0,33.8,22.9,12.1,75.2,,,OBAnorm,,LD831_02097v2.403,,,,0,0
DENATRLA,2025-06-23 23:42:38.000,37.6,34.7,30.2,23.7,18.2,16.4,11.1,12.8,6.8,8.2,11.8,14.0,15.2,15.6,17.1,14.7,15.3,15.8,15.2,14.3,12.0,9.0,6.1,3.5,1.9,-2.3,-4.1,-3.9,-3.8,-3.9,-4.4,-3.2,-0.1,22.3,28.9,44.9,13.4,0.0,33.8,22.9,12.1,75.2,,,OBAnorm,,LD831_02097v2.403,,,,0,0
DENATRLA,2025-06-23 23:42:39.000,33.1,29.2,25.5,22.1,16.6,16.3,16.4,10.9,8.6,7.7,11.1,12.9,14.1,16.2,16.2,15.7,16.6,16.4,15.4,14.2,12.3,9.8,9.3,8.1,3.8,-1.5,-4.0,-3.8,-3.5,-3.7,-4.3,-3.1,-0.2,22.8,28.5,47.6,13.4,0.0,33.8,22.9,12.0,75.1,,,OBAnorm,,LD831_02097v2.403,,,,0,0
DENATRLA,2025-06-23 23:42:40.000,30.8,29.1,23.2,19.3,16.5,16.3,12.4,11.0,7.2,6.3,10.1,12.4,14.3,16.1,16.3,15.2,16.2,16.5,14.2,13.9,12.3,9.3,5.7,4.2,1.4,-2.3,-3.7,-3.7,-3.1,-2.6,-4.2,-3.1,0.0,22.2,29.2,48.7,13.4,0.0,33.8,22.9,12.0,75.1,,,OBAnorm,,LD831_02097v2.403,,,,0,0
DENATRLA,2025-06-23 23:42:41.000,30.1,26.6,17.6,18.2,17.3,16.0,11.4,10.8,6.7,6.7,10.4,12.8,15.8,16.1,16.0,15.5,15.9,15.9,15.1,13.8,11.6,8.9,5.8,4.3,3.7,1.5,-4.0,-3.9,-3.8,-4.0,-4.5,-3.4,-0.2,22.2,28.6,45.8,13.4,0.0,33.8,22.9,12.0,75.1,,,OBAnorm,,LD831_02097v2.403,,,,0,0
DENATRLA,2025-06-23 23:42:42.000,28.3,26.5,25.1,18.4,13.5,15.7,13.7,10.7,7.7,7.7,10.1,13.0,15.3,16.5,17.4,15.4,15.8,15.9,14.4,13.9,12.1,10.6,7.8,5.1,1.8,-2.4,-4.0,-3.9,-3.9,-4.0,-4.4,-3.3,-0.1,22.3,27.6,37.1,13.4,0.0,33.9,22.9,12.0,75.1,,,OBAnorm,,LD831_02097v2.403,,,,0,0
DENATRLA,2025-06-23 23:42:43.000,29.4,25.1,19.8,17.5,14.6,15.0,11.6,10.7,5.7,7.8,10.5,13.6,15.3,15.9,16.6,15.4,15.9,15.2,15.8,14.4,12.3,9.7,6.3,4.5,1.1,-3.0,-4.0,-3.9,-3.9,-3.9,-4.4,-3.2,-0.2,22.3,27.4,38.9,13.4,0.0,33.8,22.9,12.0,75.1,,,OBAnorm,,LD831_02097v2.403,,,,0,0
DENATRLA,2025-06-23 23:42:44.000,28.7,24.8,20.0,16.5,16.1,12.8,13.2,12.1,6.8,7.8,9.7,12.9,14.6,15.4,17.0,15.6,15.1,15.1,14.8,14.1,12.3,10.5,9.0,8.9,4.0,1.7,-3.8,-3.9,-3.9,-4.0,-4.5,-3.2,-0.1,22.6,27.0,36.0,13.4,0.0,33.8,22.9,12.0,75.1,,,OBAnorm,,LD831_02097v2.403,,,,0,0
DENATRLA,2025-06-23 23:42:45.000,27.4,24.6,19.7,20.9,12.0,14.6,12.9,11.2,6.0,6.9,10.6,13.5,14.1,16.3,17.0,16.0,15.6,14.8,15.1,13.8,12.0,9.4,7.6,6.9,1.8,1.6,-3.9,-3.9,-3.9,-4.0,-4.5,-3.2,-0.2,22.3,27.5,39.7,13.4,0.0,33.8,22.8,12.0,75.1,,,OBAnorm,,LD831_02097v2.403,,,,0,0
DENATRLA,2025-06-23 23:42:46.000,23.8,21.2,15.4,14.4,11.0,15.1,14.0,11.1,7.4,6.4,9.6,14.1,15.4,16.1,17.0,17.1,15.0,16.0,15.1,13.9,12.3,8.7,5.0,3.0,0.9,-0.2,-3.9,-3.9,-3.9,-4.0,-4.5,-3.2,-0.2,22.2,27.5,41.9,13.4,0.0,33.8,22.9,12.0,75.1,,,OBAnorm,,LD831_02097v2.403,,,,0,0
DENATRLA,2025-06-23 23:42:47.000,21.7,18.3,22.1,17.1,14.8,11.5,12.0,10.6,6.8,6.1,10.8,11.5,14.3,16.0,16.7,15.6,16.2,16.0,15.6,13.8,11.4,10.1,6.9,5.7,1.5,-2.7,-4.0,-3.9,-3.8,-4.0,-4.4,-3.3,-0.2,22.5,27.4,42.9,13.4,0.0,33.8,22.9,12.0,75.1,,,OBAnorm,,LD831_02097v2.403,,,,0,0
DENATRLA,2025-06-23 23:42:48.000,27.3,20.3,21.4,17.8,15.3,12.2,14.8,10.1,7.3,7.2,10.7,13.1,15.3,16.7,17.4,16.4,15.6,16.2,15.3,13.7,11.4,8.7,6.0,6.0,2.3,-2.2,-4.0,-3.9,-3.9,-4.0,-4.4,-3.3,-0.2,22.3,27.6,40.3,13.4,0.0,33.8,22.9,12.0,75.1,,,OBAnorm,,LD831_02097v2.403,,,,0,0
DENATRLA,2025-06-23 23:42:49.000,24.0,24.8,17.6,14.4,13.8,14.4,13.0,11.9,5.3,7.5,8.9,13.8,14.8,16.2,16.2,14.9,15.1,15.8,15.2,12.9,10.2,9.5,10.5,10.6,7.0,0.6,-4.0,-3.9,-3.9,-3.9,-4.4,-3.3,-0.3,22.5,27.3,38.5,13.4,0.0,33.8,22.9,12.0,75.1,,,OBAnorm,,LD831_02097v2.403,,,,0,0
DENATRLA,2025-06-23 23:42:50.000,22.0,23.1,16.3,17.9,16.1,13.8,13.7,11.2,7.5,7.2,10.6,13.7,15.0,15.2,17.4,16.1,15.4,15.4,14.5,13.1,10.6,8.8,5.5,6.1,7.2,3.5,-3.6,-3.9,-3.8,-4.0,-4.5,-3.3,-0.2,22.0,27.1,37.3,13.4,0.0,33.8,22.9,12.0,75.1,,,OBAnorm,,LD831_02097v2.403,,,,0,0
DENATRLA,2025-06-23 23:42:51.000,24.2,24.0,18.1,15.8,13.6,14.0,11.2,9.3,5.9,5.5,10.1,12.6,15.2,16.6,16.0,16.6,14.8,16.1,14.7,12.7,10.7,8.0,5.4,2.8,0.8,1.5,-4.0,-3.9,-3.9,-4.0,-4.4,-3.2,-0.3,21.9,27.6,42.7,13.4,0.0,33.8,22.9,12.0,75.1,,,OBAnorm,,LD831_02097v2.403,,,,0,0
DENATRLA,2025-06-23 23:42:52.000,23.6,20.6,19.3,16.1,14.1,15.1,11.3,10.6,7.3,7.4,9.5,12.5,15.3,17.0,17.2,16.5,15.5,15.9,14.9,13.2,10.9,8.9,9.7,8.5,4.0,-2.4,-3.9,-3.9,-3.9,-4.0,-4.5,-3.3,-0.2,22.5,27.2,41.0,13.4,0.0,33.8,22.9,12.0,75.1,,,OBAnorm,,LD831_02097v2.403,,,,0,0
DENATRLA,2025-06-23 23:42:53.000,27.1,22.9,23.4,18.0,14.2,11.4,11.3,8.5,6.6,5.7,10.0,13.2,16.2,15.8,16.7,16.7,15.8,16.0,15.1,13.6,10.5,7.7,4.8,3.0,-0.3,-2.5,-4.0,-3.9,-3.9,-4.0,-4.5,-3.3,-0.3,22.0,27.2,43.0,13.4,0.0,33.8,22.9,12.0,75.1,,,OBAnorm,,LD831_02097v2.403,,,,0,0
DENATRLA,2025-06-23 23:42:54.000,22.3,24.1,19.3,16.2,12.0,14.8,13.2,10.4,7.5,6.0,10.3,13.9,14.5,16.1,16.5,16.7,15.9,16.0,15.4,13.3,11.2,8.1,4.5,3.4,1.0,-0.4,-3.9,-3.9,-3.8,-4.0,-4.5,-3.4,-0.1,22.1,27.4,40.3,13.4,0.0,33.8,22.9,12.0,75.1,,,OBAnorm,,LD831_02097v2.403,,,,0,0
DENATRLA,2025-06-23 23:42:55.000,20.3,20.6,19.5,18.8,12.1,14.0,12.7,8.4,6.3,6.7,10.4,13.6,14.6,16.1,17.5,15.9,15.9,16.0,14.4,12.8,10.8,7.3,5.1,4.7,4.4,-2.1,-3.9,-3.9,-3.9,-4.0,-4.4,-3.3,-0.2,21.8,27.3,40.7,13.4,0.0,33.8,22.9,12.0,75.1,,,OBAnorm,,LD831_02097v2.403,,,,0,0
DENATRLA,2025-06-23 23:42:56.000,23.7,21.7,20.0,18.2,10.9,13.9,13.1,10.9,5.1,5.4,10.4,13.9,15.1,15.4,16.2,15.9,15.1,15.8,14.9,13.3,11.3,8.2,5.4,5.4,3.1,-0.1,-4.0,-3.9,-3.8,-4.0,-4.4,-3.2,-0.2,21.9,27.2,45.7,13.4,0.0,33.8,22.8,12.0,75.1,,,OBAnorm,,LD831_02097v2.403,,,,0,0
DENATRLA,2025-06-23 23:42:57.000,25.5,19.9,19.3,17.0,14.8,14.9,13.5,9.5,6.7,7.4,8.7,12.3,14.1,17.0,17.0,16.5,15.7,15.5,14.3,13.1,10.6,10.1,6.7,11.6,5.1,-1.2,-3.9,-3.9,-3.8,-4.0,-4.5,-3.2,-0.2,22.5,27.5,41.2,13.4,0.0,33.8,22.9,12.0,75.1,,,OBAnorm,,LD831_02097v2.403,,,,0,0
DENATRLA,2025-06-23 23:42:58.000,24.6,20.7,23.2,15.4,14.2,13.5,10.7,10.4,6.9,6.2,10.1,12.7,15.1,16.2,16.2,14.7,15.4,14.9,14.4,13.2,11.1,13.6,13.9,11.2,11.6,7.2,-2.8,-3.6,-3.3,-4.0,-4.4,-3.3,-0.2,23.6,27.3,41.1,13.4,0.0,33.8,22.9,12.0,75.1,,,OBAnorm,,LD831_02097v2.403,,,,0,0
DENATRLA,2025-06-23 23:42:59.000,23.7,22.6,18.0,17.2,12.9,13.1,13.5,9.9,7.2,7.7,10.3,12.7,13.9,14.6,17.1,16.3,15.8,15.5,14.3,13.3,10.7,8.4,6.2,6.2,2.5,0.2,-4.0,-3.9,-3.8,-4.0,-4.5,-3.4,-0.2,21.9,27.1,36.2,13.4,0.0,33.9,22.9,12.0,75.1,,,OBAnorm,,LD831_02097v2.403,,,,0,0
DENATRLA,2025-06-23 23:43:00.000,23.7,20.8,21.7,15.4,16.6,15.3,12.5,11.0,8.6,7.1,9.4,12.2,14.9,16.0,17.5,14.6,16.0,16.7,14.5,13.4,10.6,8.1,5.4,3.8,2.1,-2.0,-4.0,-3.9,-3.9,-4.0,-4.5,-3.2,-0.2,22.0,27.0,35.6,13.4,0.0,33.8,22.9,12.0,75.1,,,OBAnorm,,LD831_02097v2.403,,,,0,0
DENATRLA,2025-06-23 23:43:01.000,23.6,24.3,19.4,17.0,12.5,14.8,13.1,11.9,7.9,7.2,9.3,14.1,14.9,16.1,17.1,15.4,15.8,15.3,14.3,12.4,10.5,8.2,5.3,4.2,1.2,-1.4,-4.0,-3.9,-3.9,-4.0,-4.5,-3.3,-0.3,21.6,26.8,32.5,13.4,0.0,33.8,22.9,12.0,75.1,,,OBAnorm,,LD831_02097v2.403,,,,0,0
DENATRLA,2025-06-23 23:43:02.000,21.0,21.7,20.1,16.6,16.4,11.4,11.9,10.1,5.6,5.9,9.5,12.1,15.4,16.0,16.3,15.0,13.8,15.5,15.8,13.3,11.3,8.6,5.3,5.7,-0.2,-3.2,-4.0,-3.9,-3.9,-4.0,-4.5,-3.3,-0.3,21.9,27.1,34.3,13.4,0.0,33.8,22.9,12.0,75.1,,,OBAnorm,,LD831_02097v2.403,,,,0,0
DENATRLA,2025-06-23 23:43:03.000,21.3,20.1,18.1,13.7,12.8,14.5,14.1,9.3,8.6,6.7,9.7,12.5,15.1,15.4,16.2,16.0,15.5,15.3,14.6,12.4,10.5,7.6,6.6,11.9,8.1,6.8,-3.6,-3.8,-3.8,-4.0,-4.4,-3.2,-0.2,22.4,26.9,33.9,13.4,0.0,33.8,22.9,12.0,75.1,,,OBAnorm,,LD831_02097v2.403,,,,0,0
DENATRLA,2025-06-23 23:43:04.000,26.6,24.6,20.7,18.1,12.1,12.9,12.0,8.4,6.5,5.4,11.2,11.3,14.9,14.7,16.5,16.8,15.7,15.7,14.5,13.0,10.4,8.5,7.4,8.4,4.2,-0.2,-4.0,-3.9,-3.8,-4.0,-4.4,-3.3,-0.3,22.2,26.5,34.0,13.4,0.0,33.8,22.9,12.0,75.1,,,OBAnorm,,LD831_02097v2.403,,,,0,0
DENATRLA,2025-06-23 23:43:05.000,23.9,23.0,20.8,15.2,13.1,13.5,12.6,8.7,6.1,7.4,10.0,11.5,14.3,15.4,16.1,15.5,15.7,14.4,14.9,13.3,10.2,7.8,5.7,5.9,2.2,-1.1,-3.8,-3.9,-3.8,-4.0,-4.5,-3.3,-0.1,21.7,26.3,34.7,13.4,0.0,33.8,22.8,12.0,75.1,,,OBAnorm,,LD831_02097v2.403,,,,0,0
DENATRLA,2025-06-23 23:43:06.000,19.9,21.5,16.4,13.8,12.5,11.1,13.0,9.8,6.6,7.4,9.9,11.5,15.2,16.0,16.2,16.2,15.8,15.8,13.8,12.8,10.7,8.5,5.7,5.5,6.1,-0.9,-4.0,-3.8,-3.6,-4.0,-4.6,-3.3,-0.2,21.8,26.7,35.3,13.4,0.0,33.8,22.9,12.0,75.1,,,OBAnorm,,LD831_02097v2.403,,,,0,0
DENATRLA,2025-06-23 23:43:07.000,20.9,18.7,19.4,17.0,15.2,12.8,13.1,9.8,5.4,6.8,9.3,12.0,15.4,15.8,16.8,15.5,15.6,16.0,14.8,13.5,11.1,9.3,5.9,3.3,2.2,-0.8,-4.0,-3.9,-3.9,-4.0,-4.4,-3.4,-0.2,22.1,27.3,34.7,13.4,0.0,33.8,22.9,12.0,75.1,,,OBAnorm,,LD831_02097v2.403,,,,0,0
DENATRLA,2025-06-23 23:43:08.000,19.6,19.1,19.0,15.7,13.7,12.7,14.1,10.2,7.3,6.6,9.5,13.2,14.4,15.5,17.0,17.0,16.2,16.1,15.7,13.7,11.6,10.0,6.1,6.5,6.5,4.1,-3.8,-3.9,-3.9,-4.0,-4.5,-3.3,-0.1,22.8,27.8,38.5,13.4,0.0,33.8,22.8,12.0,75.1,,,OBAnorm,,LD831_02097v2.403,,,,0,0
DENATRLA,2025-06-23 23:43:09.000,22.9,23.9,21.5,19.7,15.0,11.2,13.4,9.5,5.9,6.1,9.9,12.7,15.5,15.3,16.8,16.0,15.8,16.3,15.5,14.0,11.5,9.7,8.9,10.6,11.9,2.7,-3.7,-3.9,-3.8,-4.0,-4.4,-3.3,0.0,23.2,27.4,40.1,13.4,0.0,33.8,22.9,12.0,75.1,,,OBAnorm,,LD831_02097v2.403,,,,0,0
DENATRLA,2025-06-23 23:43:10.000,24.3,24.1,20.2,18.7,16.6,12.8,11.3,8.5,5.7,7.1,10.8,11.6,15.6,16.3,16.6,16.8,16.6,15.8,15.5,13.5,10.6,10.3,7.8,7.6,3.3,1.8,-3.9,-3.9,-3.8,-4.0,-4.4,-3.3,-0.1,22.7,27.4,37.6,13.4,0.0,33.8,22.9,12.0,75.1,,,OBAnorm,,LD831_02097v2.403,,,,0,0
DENATRLA,2025-06-23 23:43:11.000,28.7,19.7,18.2,17.9,13.7,13.5,13.0,10.9,5.9,6.0,9.9,12.3,14.1,15.5,16.7,16.6,15.8,16.9,15.2,13.8,11.7,9.5,6.2,3.1,2.0,-2.3,-4.0,-3.9,-3.9,-4.0,-4.5,-3.3,-0.2,22.5,27.3,39.6,13.4,0.0,33.8,22.9,12.0,75.1,,,OBAnorm,,LD831_02097v2.403,,,,0,0
DENATRLA,2025-06-23 23:43:12.000,23.6,21.8,19.8,16.9,11.9,13.2,12.9,9.7,5.9,7.3,10.0,13.1,16.1,16.8,17.0,16.8,15.8,16.0,15.5,14.3,12.4,9.7,5.7,3.1,-0.4,-0.4,-4.0,-3.9,-3.7,-3.9,-4.5,-3.3,-0.2,22.6,27.4,41.1,13.4,0.0,33.8,22.9,12.0,75.1,,,OBAnorm,,LD831_02097v2.403,,,,0,0
DENATRLA,2025-06-23 23:43:13.000,27.7,21.8,17.6,15.6,14.7,13.2,13.5,12.3,6.1,6.5,9.5,13.9,15.1,15.6,15.9,16.9,16.6,16.3,15.5,13.3,11.4,8.9,4.9,2.1,-0.7,-0.9,-3.9,-3.8,10.3,-4.0,-4.5,-3.4,-0.2,22.5,29.2,49.3,13.4,0.0,33.8,22.9,12.0,75.1,,,OBAnorm,,LD831_02097v2.403,,,,0,0
DENATRLA,2025-06-23 23:43:14.000,21.5,21.8,21.2,19.8,17.7,16.1,14.6,11.5,7.5,6.2,9.6,13.2,14.2,16.4,16.0,16.0,15.1,16.4,14.6,13.5,11.6,8.6,7.5,8.0,5.8,-1.2,-3.7,-3.9,-3.5,-3.9,-4.5,-3.3,-0.2,22.3,29.4,50.7,13.4,0.0,33.8,22.8,12.0,75.1,,,OBAnorm,,LD831_02097v2.403,,,,0,0
DENATRLA,2025-06-23 23:43:15.000,26.0,21.4,23.6,17.7,15.9,14.7,10.9,11.4,6.3,8.1,11.5,11.9,14.0,15.7,16.2,16.1,15.1,15.3,15.1,13.5,11.4,8.5,7.1,8.4,3.1,-0.1,-3.9,-3.9,-3.9,-4.0,-4.5,-3.3,-0.1,22.2,28.2,46.5,13.4,0.0,33.8,22.9,12.0,75.1,,,OBAnorm,,LD831_02097v2.403,,,,0,0
DENATRLA,2025-06-23 23:43:16.000,26.6,26.2,19.6,18.6,13.8,14.4,12.3,8.8,6.8,6.7,9.4,12.9,16.4,15.9,15.9,15.7,16.0,16.5,14.6,13.6,12.0,9.8,8.6,7.0,4.9,0.8,-3.9,-3.8,3.3,-4.0,-4.4,-3.4,-0.1,22.5,27.8,45.3,13.4,0.0,33.8,22.9,12.0,75.1,,,OBAnorm,,LD831_02097v2.403,,,,0,0
DENATRLA,2025-06-23 23:43:17.000,24.5,26.0,21.1,18.3,15.6,15.3,11.5,11.5,5.2,7.4,9.5,12.6,15.5,15.9,17.6,17.1,16.5,16.4,14.6,13.8,11.7,9.8,8.5,8.3,5.6,0.0,-3.7,-3.9,-3.9,-4.0,-4.4,-3.2,-0.1,22.7,28.5,48.6,13.4,0.0,33.8,22.9,12.0,75.1,,,OBAnorm,,LD831_02097v2.403,,,,0,0
DENATRLA,2025-06-23 23:43:18.000,28.0,18.8,21.7,16.7,16.8,11.5,12.8,12.8,6.9,7.2,10.1,14.0,14.3,17.0,16.7,16.3,15.7,16.2,14.8,14.2,12.0,8.9,5.0,2.6,1.6,-1.2,-3.6,-3.8,5.8,-4.0,-4.5,-3.3,-0.3,22.4,27.7,45.2,13.4,0.0,33.8,22.9,12.0,75.1,,,OBAnorm,,LD831_02097v2.403,,,,0,0
DENATRLA,2025-06-23 23:43:19.000,27.5,25.6,19.6,18.8,14.6,12.7,12.5,9.9,7.8,6.4,11.8,13.5,14.8,15.5,15.9,16.2,15.6,16.2,15.0,13.6,11.1,8.3,6.7,4.4,1.2,-1.9,-4.0,-3.9,-3.8,-4.0,-4.5,-3.3,-0.1,22.2,27.1,39.2,13.4,0.0,33.9,22.9,12.0,75.1,,,OBAnorm,,LD831_02097v2.403,,,,0,0
DENATRLA,2025-06-23 23:43:20.000,25.2,21.8,21.6,15.0,15.9,13.9,13.6,10.5,6.8,6.9,10.1,13.1,14.9,16.5,16.2,15.4,16.0,15.9,14.6,13.4,11.7,9.2,5.8,7.4,3.4,0.3,-3.9,-3.9,8.8,-4.0,-4.5,-3.2,-0.3,22.4,27.4,40.1,13.4,0.0,33.8,22.9,12.0,75.1,,,OBAnorm,,LD831_02097v2.403,,,,0,0
DENATRLA,2025-06-23 23:43:21.000,22.1,22.1,17.6,18.2,14.4,15.3,11.8,10.4,4.6,6.7,9.0,10.6,14.7,16.6,17.4,15.8,16.2,15.4,14.9,13.8,11.4,9.7,8.6,8.5,10.2,1.5,-3.8,-3.8,1.1,-3.9,-4.5,-3.3,-0.1,22.7,27.1,38.7,13.4,0.0,33.8,22.9,12.0,75.1,,,OBAnorm,,LD831_02097v2.403,,,,0,0
DENATRLA,2025-06-23 23:43:22.000,26.5,20.3,20.4,17.3,12.7,10.6,14.3,9.9,8.2,7.6,9.6,12.6,14.1,14.9,16.5,15.8,15.6,16.0,15.0,13.1,10.9,9.3,8.9,7.9,6.1,-0.4,-3.9,-3.9,5.2,-3.9,-4.5,-3.1,-0.2,22.3,27.0,34.8,13.4,0.0,33.8,22.8,12.0,75.1,,,OBAnorm,,LD831_02097v2.403,,,,0,0
DENATRLA,2025-06-23 23:43:23.000,24.6,20.9,17.3,12.0,12.4,15.7,10.8,10.9,7.6,7.0,10.0,12.0,14.1,15.4,17.1,16.5,15.3,15.3,15.2,13.6,10.9,9.3,7.4,6.5,3.0,-0.6,-3.7,-3.8,0.9,-3.8,-4.4,-3.2,-0.2,22.2,26.8,34.5,13.4,0.0,33.8,22.9,12.0,75.1,,,OBAnorm,,LD831_02097v2.403,,,,0,0
DENATRLA,2025-06-23 23:43:24.000,20.4,22.9,20.2,19.3,13.4,10.4,12.8,10.5,6.3,6.9,9.3,10.8,14.9,16.0,16.6,15.3,15.4,16.2,14.8,12.8,11.0,8.6,5.2,2.7,-0.3,-1.6,-3.8,-3.8,9.0,-4.0,-4.5,-3.2,-0.2,22.0,27.1,36.3,13.4,0.0,33.9,22.9,12.0,75.1,,,OBAnorm,,LD831_02097v2.403,,,,0,0
DENATRLA,2025-06-23 23:43:25.000,23.0,23.0,18.3,18.2,14.1,15.2,13.2,7.4,8.7,5.9,9.6,12.5,15.4,15.9,16.1,16.0,15.6,15.7,14.7,13.1,10.9,8.7,5.5,5.3,6.0,-1.1,-3.7,-3.9,-3.9,-4.0,-4.4,-3.1,-0.2,22.1,27.0,35.7,13.4,0.0,33.8,22.8,12.0,75.1,,,OBAnorm,,LD831_02097v2.403,,,,0,0
DENATRLA,2025-06-23 23:43:26.000,22.0,24.4,21.7,17.6,12.0,11.9,12.7,11.7,6.4,7.2,9.8,13.4,15.5,16.1,16.2,16.1,15.8,15.3,14.6,12.5,10.4,9.5,12.3,11.8,9.6,0.0,-3.6,-3.8,11.5,-3.9,-4.4,-3.1,-0.3,23.2,27.3,32.9,13.4,0.0,33.8,22.8,12.0,75.1,,,OBAnorm,,LD831_02097v2.403,,,,0,0
DENATRLA,2025-06-23 23:43:27.000,24.9,21.4,20.4,16.6,14.2,13.1,12.2,8.6,6.7,7.3,7.4,12.8,13.0,15.0,16.8,16.0,15.4,15.9,13.8,12.4,10.7,8.4,9.5,9.7,10.1,5.4,-2.4,-3.9,-3.8,-4.0,-4.5,-3.2,0.0,22.3,27.2,33.7,13.4,0.0,33.8,22.8,12.0,75.1,,,OBAnorm,,LD831_02097v2.403,,,,0,0
DENATRLA,2025-06-23 23:43:28.000,21.4,22.3,21.5,17.6,13.3,12.6,12.7,9.7,6.6,5.6,8.7,11.9,16.1,15.5,16.3,15.9,16.4,15.5,14.8,12.6,10.7,8.2,5.9,6.1,5.4,2.2,-3.0,-3.9,-2.4,-4.0,-4.5,-3.2,-0.1,21.9,26.6,33.4,13.4,0.0,33.8,22.9,12.0,75.1,,,OBAnorm,,LD831_02097v2.403,,,,0,0
DENATRLA,2025-06-23 23:43:29.000,24.2,24.5,19.5,15.6,12.2,11.0,13.5,10.1,5.1,6.5,11.4,13.2,15.5,15.7,16.7,16.1,16.1,14.9,14.4,12.9,10.6,8.7,9.6,4.8,3.2,-1.0,-3.4,-3.8,-3.8,-4.0,-4.5,-3.3,-0.1,22.0,26.7,33.9,13.4,0.0,33.8,22.8,12.0,75.1,,,OBAnorm,,LD831_02097v2.403,,,,0,0
DENATRLA,2025-06-23 23:43:30.000,25.2,25.1,18.5,14.4,12.7,13.4,11.7,8.8,5.4,5.9,9.1,13.5,14.8,15.7,16.2,16.2,15.4,14.8,14.1,13.2,10.7,8.0,6.1,5.0,4.2,-0.3,-3.4,-3.9,-3.8,-3.9,-4.5,-3.3,-0.1,21.7,26.9,34.7,13.4,0.0,33.8,22.8,12.0,75.1,,,OBAnorm,,LD831_02097v2.403,,,,0,0
DENATRLA,2025-06-23 23:43:31.000,24.3,20.9,18.3,15.0,12.9,13.4,12.7,6.4,7.0,7.3,10.0,13.1,15.1,13.6,15.8,16.0,15.6,15.4,15.0,13.6,10.6,8.5,5.8,5.9,3.7,1.8,-3.3,-3.9,8.9,-4.0,-4.5,-3.3,-0.1,22.1,26.4,33.2,13.4,0.0,33.8,22.8,12.0,75.1,,,OBAnorm,,LD831_02097v2.403,,,,0,0
DENATRLA,2025-06-23 23:43:32.000,20.3,21.6,21.2,15.2,13.4,13.3,10.6,10.0,5.0,8.2,10.4,11.2,14.9,16.2,16.1,16.1,15.6,15.6,14.3,12.9,10.7,9.4,6.9,11.3,10.1,-1.8,-3.5,-3.9,9.5,-4.0,-4.5,-3.2,-0.2,22.7,27.3,34.0,13.4,0.0,33.9,22.8,12.0,75.1,,,OBAnorm,,LD831_02097v2.403,,,,0,0
DENATRLA,2025-06-23 23:43:33.000,27.1,20.3,14.0,13.7,13.4,13.2,12.5,9.0,8.5,6.1,10.4,14.3,14.9,15.7,16.8,17.6,15.1,15.3,14.7,12.8,10.1,9.0,8.8,7.9,7.0,6.3,-2.3,-3.8,-3.9,-4.0,-4.4,-3.4,-0.1,22.4,27.2,34.3,13.4,0.0,33.8,22.8,12.0,75.1,,,OBAnorm,,LD831_02097v2.403,,,,0,0
DENATRLA,2025-06-23 23:43:34.000,24.7,20.9,18.0,16.7,14.7,13.1,13.1,11.3,6.0,7.3,10.1,12.5,15.0,15.5,15.2,16.8,16.1,15.8,14.4,12.2,10.8,7.6,5.0,5.4,3.7,2.6,-1.8,-3.6,6.3,-3.9,-4.2,-3.1,-0.2,21.9,27.0,33.1,13.4,0.0,33.8,22.8,12.0,75.1,,,OBAnorm,,LD831_02097v2.403,,,,0,0
DENATRLA,2025-06-23 23:43:35.000,25.1,24.7,20.6,15.0,14.6,13.4,12.5,10.2,3.4,7.1,11.4,11.7,14.5,16.9,16.7,15.9,15.4,15.1,14.3,12.8,10.6,8.3,5.5,3.8,1.6,2.6,-1.7,-3.8,-3.8,-3.9,-4.5,-3.3,-0.2,21.7,26.8,33.7,13.4,0.0,33.8,22.9,12.0,75.1,,,OBAnorm,,LD831_02097v2.403,,,,0,0
DENATRLA,2025-06-23 23:43:36.000,22.6,25.4,18.1,16.2,14.1,12.1,11.5,7.3,7.7,7.9,10.2,12.2,14.5,16.0,17.4,16.4,16.0,15.4,15.3,13.3,10.8,8.9,7.1,5.9,4.9,1.2,-2.1,-3.4,11.3,-4.0,-4.4,-3.2,-0.1,22.5,26.8,32.8,13.4,0.0,33.8,22.8,12.0,75.1,,,OBAnorm,,LD831_02097v2.403,,,,0,0
DENATRLA,2025-06-23 23:43:37.000,25.1,21.2,16.6,16.8,13.6,13.0,11.5,10.3,7.1,7.3,10.1,12.6,13.1,16.2,17.2,15.4,15.7,15.4,14.6,13.3,10.9,8.4,4.1,1.8,1.0,-0.4,-2.1,-3.8,-3.8,-4.0,-4.5,-3.3,-0.2,21.6,26.7,33.3,13.4,0.0,33.8,22.8,12.0,74.6,,,OBAnorm,,LD831_02097v2.403,,,,0,0
DENATRLA,2025-06-23 23:43:38.000,26.8,22.0,17.3,16.2,12.0,12.1,11.6,10.8,5.1,7.3,10.6,13.0,15.2,16.4,16.8,16.7,16.0,15.4,15.1,13.4,11.3,9.1,5.7,9.5,3.1,0.2,-2.1,-3.8,-3.8,-4.0,-4.5,-3.3,-0.2,22.4,27.1,34.7,13.4,0.0,33.8,22.8,12.0,74.6,,,OBAnorm,,LD831_02097v2.403,,,,0,0
DENATRLA,2025-06-23 23:43:39.000,23.8,21.0,18.6,18.1,12.7,11.5,11.3,9.7,5.6,7.3,7.6,12.9,13.4,15.7,16.8,16.9,16.4,15.8,16.3,14.2,12.0,9.3,9.1,9.6,6.8,2.4,-1.8,-1.7,10.0,-3.9,-4.5,-3.2,-0.1,23.2,27.0,32.6,13.4,0.0,33.8,22.8,12.0,74.6,,,OBAnorm,,LD831_02097v2.403,,,,0,0
DENATRLA,2025-06-23 23:43:40.000,24.3,23.6,20.2,16.0,13.7,11.4,12.2,9.9,6.5,6.3,8.8,12.3,14.9,15.2,16.2,16.6,16.2,16.0,16.0,13.9,11.4,9.1,5.1,2.5,2.9,0.2,-1.5,-3.6,-3.7,-3.9,-4.3,-3.3,-0.3,22.4,27.2,34.2,13.4,0.0,33.8,22.8,12.0,74.6,,,OBAnorm,,LD831_02097v2.403,,,,0,0
DENATRLA,2025-06-23 23:43:41.000,19.5,18.2,21.4,17.4,14.1,14.0,12.8,5.8,7.0,7.2,10.5,12.1,14.1,16.0,15.8,16.7,15.3,15.7,15.8,13.5,11.1,9.2,6.7,5.1,2.9,1.1,-1.4,3.5,14.2,-3.9,-4.4,-3.3,-0.2,22.8,27.1,34.7,13.4,0.0,33.8,22.8,12.1,74.6,,,OBAnorm,,LD831_02097v2.403,,,,0,0
DENATRLA,2025-06-23 23:43:42.000,25.3,23.6,19.3,14.5,15.4,10.3,8.8,9.6,4.7,7.3,9.9,12.8,13.0,15.8,16.3,16.5,15.3,14.9,14.6,12.3,9.8,7.9,4.3,2.5,0.9,-1.7,-3.0,-3.8,-3.8,-4.0,-4.5,-3.1,-0.1,21.3,26.7,34.4,13.4,0.0,33.8,22.8,12.1,74.6,,,OBAnorm,,LD831_02097v2.403,,,,0,0
DENATRLA,2025-06-23 23:43:43.000,25.0,22.7,21.2,17.1,13.3,14.3,11.6,11.7,6.2,4.9,9.5,12.2,14.2,15.5,16.8,15.3,15.3,15.4,15.2,12.3,10.3,7.4,5.8,4.6,1.9,-1.9,-3.2,-3.8,7.6,-3.9,-4.5,-3.3,-0.2,21.7,26.4,33.7,13.4,0.0,33.8,22.8,12.1,74.6,,,OBAnorm,,LD831_02097v2.403,,,,0,0
DENATRLA,2025-06-23 23:43:44.000,23.6,22.9,16.9,16.2,12.0,12.7,9.8,10.6,7.4,6.6,9.8,13.1,14.7,15.7,16.2,16.4,14.8,15.4,14.8,12.8,10.8,8.0,6.8,9.0,6.9,-0.2,-3.6,-3.8,-3.9,-4.0,-4.4,-3.3,-0.2,22.1,27.2,35.4,13.4,0.0,33.8,22.8,12.1,74.6,,,OBAnorm,,LD831_02097v2.403,,,,0,0
DENATRLA,2025-06-23 23:43:45.000,25.2,23.9,18.1,15.8,14.8,9.5,11.1,10.0,6.9,6.5,9.7,13.0,14.9,15.4,16.3,16.5,15.5,15.4,14.6,13.3,10.8,9.0,9.4,7.7,9.7,1.8,-3.8,-3.9,1.0,-4.0,-4.5,-3.3,-0.2,22.5,27.5,35.2,13.4,0.0,33.8,22.8,12.1,74.6,,,OBAnorm,,LD831_02097v2.403,,,,0,0
DENATRLA,2025-06-23 23:43:46.000,23.3,19.2,22.0,20.4,13.7,12.1,11.4,9.2,7.4,7.4,10.5,12.2,14.6,16.8,16.9,16.7,15.4,14.5,14.6,13.0,10.6,7.4,3.8,1.3,1.9,-1.6,-4.0,-3.9,-3.8,-4.0,-4.4,-3.3,-0.2,21.5,26.6,33.1,13.4,0.0,33.8,22.8,12.1,74.6,,,OBAnorm,,LD831_02097v2.403,,,,0,0
DENATRLA,2025-06-23 23:43:47.000,25.3,24.4,20.6,20.0,12.9,11.0,11.7,10.3,8.4,6.6,9.6,12.1,14.0,15.8,16.2,15.7,15.4,14.9,14.3,12.2,10.3,7.8,6.1,7.6,4.0,0.0,-4.0,-3.8,-3.8,-4.0,-4.5,-3.2,-0.1,21.6,27.3,35.6,13.4,0.0,33.8,22.8,12.1,74.6,,,OBAnorm,,LD831_02097v2.403,,,,0,0
DENATRLA,2025-06-23 23:43:48.000,25.2,23.7,21.0,19.4,15.2,13.4,12.4,9.8,6.8,6.6,9.2,13.9,15.1,15.1,16.2,15.8,15.4,14.9,13.9,12.3,10.6,7.1,4.6,2.1,-0.8,-1.1,-3.6,-3.7,-3.7,-3.9,-4.5,-3.3,-0.1,21.2,26.8,37.1,13.4,0.0,33.8,22.8,12.1,74.6,,,OBAnorm,,LD831_02097v2.403,,,,0,0
DENATRLA,2025-06-23 23:43:49.000,24.3,23.5,18.8,19.0,13.8,9.6,11.4,10.9,7.2,5.6,9.1,12.7,14.7,16.6,16.0,15.9,15.3,14.9,14.6,12.6,10.3,8.4,6.5,6.1,3.4,-3.2,-4.0,-3.9,-3.8,-4.0,-4.5,-3.3,-0.3,21.7,26.7,36.7,13.4,0.0,33.8,22.9,12.0,74.6,,,OBAnorm,,LD831_02097v2.403,,,,0,0
DENATRLA,2025-06-23 23:43:50.000,26.3,24.9,19.2,16.6,10.8,11.7,10.9,10.7,4.6,6.4,9.0,12.1,13.4,16.1,15.5,15.7,14.9,15.2,13.7,12.3,10.3,7.9,6.8,9.5,2.1,0.2,-3.9,-3.9,-3.9,-4.0,-4.4,-3.2,-0.3,21.6,27.3,46.5,13.4,0.0,33.8,22.8,12.0,74.0,,,OBAnorm,,LD831_02097v2.403,,,,0,0
DENATRLA,2025-06-23 23:43:51.000,24.8,22.3,18.7,18.8,14.7,12.1,9.5,11.0,5.6,5.1,9.1,13.0,15.0,15.1,16.8,15.2,14.9,15.3,13.5,12.7,10.2,8.2,9.2,10.2,9.1,0.7,-3.9,-3.9,-3.8,-4.0,-4.5,-3.2,-0.1,22.2,27.7,45.6,13.4,0.0,33.8,22.8,12.0,74.0,,,OBAnorm,,LD831_02097v2.403,,,,0,0
DENATRLA,2025-06-23 23:43:52.000,19.1,20.6,23.2,15.5,14.1,13.2,12.1,12.2,5.4,4.4,8.6,11.9,14.2,15.9,16.8,16.1,14.1,15.1,14.3,12.9,10.9,9.1,6.4,5.7,3.6,-1.2,-3.9,-3.9,-3.8,-4.0,-4.4,-3.3,-0.2,21.6,28.5,43.1,13.4,0.0,33.8,22.8,12.0,74.6,,,OBAnorm,,LD831_02097v2.403,,,,0,0
DENATRLA,2025-06-23 23:43:53.000,20.1,22.4,20.1,18.7,19.0,16.3,13.9,12.0,10.8,5.8,9.4,11.2,13.7,15.7,16.2,15.9,14.6,15.5,14.2,12.7,10.1,9.1,5.2,3.1,-0.5,-2.6,-3.9,-3.3,13.4,-4.0,-4.3,-3.2,-0.2,22.0,29.2,47.9,13.4,0.0,33.8,22.8,12.0,74.0,,,OBAnorm,,LD831_02097v2.403,,,,0,0
DENATRLA,2025-06-23 23:43:54.000,27.6,23.2,28.8,19.3,17.2,14.3,12.9,10.1,5.4,5.5,7.8,12.5,15.3,15.8,17.4,16.0,15.3,14.4,14.7,12.9,10.6,7.3,3.6,1.0,-0.8,0.0,-3.9,-3.8,-3.6,-3.8,-4.3,-3.2,-0.2,21.5,28.3,46.6,13.4,0.0,33.8,22.8,12.0,74.0,,,OBAnorm,,LD831_02097v2.403,,,,0,0
DENATRLA,2025-06-23 23:43:55.000,25.7,25.8,24.7,16.2,13.8,13.4,11.3,10.4,6.8,6.9,9.8,12.4,15.1,16.3,16.7,15.6,15.3,16.1,15.7,13.1,10.6,8.0,5.6,8.0,5.3,5.5,-3.5,-3.9,-3.9,-4.0,-4.4,-3.3,-0.2,22.3,28.7,45.4,13.4,0.0,33.8,22.8,12.0,74.6,,,OBAnorm,,LD831_02097v2.403,,,,0,0
DENATRLA,2025-06-23 23:43:56.000,26.6,23.5,24.1,21.1,18.9,15.7,15.6,14.7,9.9,5.5,9.6,11.8,13.2,16.3,17.0,16.8,14.9,16.2,15.2,12.6,11.4,8.6,8.9,8.0,2.2,2.5,-3.8,5.4,16.8,-4.0,-4.4,-2.8,-0.1,23.2,31.0,49.0,13.4,0.0,33.8,22.8,12.0,74.6,,,OBAnorm,,LD831_02097v2.403,,,,0,0
DENATRLA,2025-06-23 23:43:57.000,24.2,25.6,21.7,19.3,18.2,19.8,18.2,15.7,13.1,8.2,8.0,10.5,14.0,16.7,16.4,15.5,14.5,15.1,14.8,12.5,10.9,8.8,9.3,11.6,9.1,4.9,-3.5,-3.9,-3.8,-3.9,-4.4,-3.2,-0.2,22.6,30.2,49.3,13.4,0.0,33.8,22.8,12.0,74.6,,,OBAnorm,,LD831_02097v2.403,,,,0,0
DENATRLA,2025-06-23 23:43:58.000,28.6,25.5,26.2,25.1,22.1,15.2,14.8,11.7,5.6,6.4,8.9,12.1,13.2,15.9,16.8,16.8,15.4,15.6,15.5,12.5,10.3,8.3,6.1,7.9,4.3,1.2,-3.5,-3.8,-3.8,-3.9,-4.4,-3.2,-0.1,22.0,30.6,51.1,13.4,0.0,33.8,22.8,12.0,74.6,,,OBAnorm,,LD831_02097v2.403,,,,0,0
DENATRLA,2025-06-23 23:43:59.000,34.0,27.8,25.7,23.5,20.9,16.4,15.9,10.3,8.6,6.8,9.8,12.2,14.3,16.5,16.8,15.8,15.1,15.7,15.2,12.2,10.2,8.1,4.9,5.0,3.3,1.4,-3.1,-3.8,-3.8,-4.0,-4.4,-3.2,-0.1,21.8,31.6,50.4,13.4,0.0,33.8,22.8,12.0,74.6,,,OBAnorm,,LD831_02097v2.403,,,,0,0
DENATRLA,2025-06-23 23:44:00.000,28.7,30.0,27.3,20.2,18.1,15.5,14.8,9.9,6.9,5.4,8.6,12.2,15.7,16.7,17.4,15.1,15.3,15.6,15.6,12.3,10.5,7.6,5.3,2.7,0.5,0.0,-2.4,-3.7,-3.8,-3.7,-4.3,-3.2,-0.2,21.7,29.1,45.8,13.4,0.0,33.8,22.8,12.0,74.6,,,OBAnorm,,LD831_02097v2.403,,,,0,0
DENATRLA,2025-06-23 23:44:01.000,27.5,30.4,27.8,18.0,18.0,15.2,13.9,11.6,4.7,8.3,10.2,12.4,14.8,16.2,16.2,15.7,15.7,14.6,14.9,13.0,10.1,7.6,5.7,4.4,0.4,-1.4,-3.6,-1.2,9.8,-3.9,-4.4,-3.1,-0.2,21.8,28.7,46.4,13.4,0.0,33.8,22.8,12.0,74.6,,,OBAnorm,,LD831_02097v2.403,,,,0,0
DENATRLA,2025-06-23 23:44:02.000,35.3,27.9,21.7,20.7,16.8,11.9,14.0,10.5,7.3,8.2,10.5,13.9,15.5,15.6,17.0,15.5,14.7,15.1,14.8,12.2,10.0,7.7,5.7,5.6,5.5,1.2,-3.5,-3.8,-3.8,-3.9,-4.4,-3.3,-0.2,21.6,31.2,51.8,13.4,0.0,33.8,22.8,12.1,74.6,,,OBAnorm,,LD831_02097v2.403,,,,0,0
DENATRLA,2025-06-23 23:44:03.000,30.5,26.3,23.3,20.5,13.7,12.8,12.2,11.8,8.0,5.4,10.0,12.5,14.8,15.4,16.6,15.3,15.1,15.4,14.3,12.6,10.2,8.7,9.0,9.9,8.8,0.8,-3.4,-3.8,8.3,-3.8,-4.5,-3.1,-0.1,22.3,29.9,51.6,13.4,0.0,33.9,22.8,12.1,74.6,,,OBAnorm,,LD831_02097v2.403,,,,0,0
DENATRLA,2025-06-23 23:44:04.000,28.0,31.6,24.4,19.8,15.1,14.0,11.3,9.9,8.6,6.0,9.4,12.3,13.4,15.4,16.2,16.3,14.9,15.1,15.8,12.6,10.8,7.5,5.3,6.8,5.0,1.7,-3.7,-0.2,15.7,-4.0,-4.5,-2.9,-0.2,22.7,34.9,55.7,13.4,0.0,33.8,22.8,12.1,74.6,,,OBAnorm,,LD831_02097v2.403,,,,0,0
DENATRLA,2025-06-23 23:44:05.000,29.5,25.5,27.2,24.4,23.3,16.0,17.0,11.7,8.6,5.9,8.1,11.9,13.7,16.2,16.5,16.0,14.5,14.7,14.5,12.2,10.3,7.1,4.4,2.9,1.9,1.7,-3.7,-3.9,-3.8,-4.0,-4.5,-3.2,-0.1,21.2,33.7,53.7,13.4,0.0,33.9,22.8,12.1,74.6,,,OBAnorm,,LD831_02097v2.403,,,,0,0
DENATRLA,2025-06-23 23:44:06.000,32.4,33.5,34.0,23.8,22.4,16.0,16.0,12.3,9.2,5.7,9.5,12.2,13.4,14.3,15.9,15.2,14.5,15.1,15.3,12.0,9.9,8.7,5.4,4.3,2.0,0.1,-2.5,-3.8,-3.8,-3.9,-4.2,-3.0,-0.1,21.6,31.3,49.0,13.4,0.0,33.9,22.8,12.1,74.0,,,OBAnorm,,LD831_02097v2.403,,,,0,0
DENATRLA,2025-06-23 23:44:07.000,37.1,39.3,28.2,22.6,16.1,14.8,12.7,9.5,5.5,6.4,9.7,13.4,13.7,14.8,16.6,16.6,14.2,15.2,16.0,12.5,10.2,8.8,5.4,2.9,0.2,-0.7,-2.8,-3.7,-3.8,-3.9,-4.3,-3.1,-0.1,21.9,27.7,42.7,13.4,0.0,33.8,22.8,12.1,74.0,,,OBAnorm,,LD831_02097v2.403,,,,0,0
DENATRLA,2025-06-23 23:44:08.000,35.0,29.3,22.6,18.7,15.5,10.6,10.9,8.1,6.0,6.7,8.6,11.8,15.0,14.1,15.4,17.3,14.7,14.2,15.1,11.3,9.7,8.1,12.6,12.2,7.9,-0.4,-2.5,-3.7,-3.8,-3.9,-4.5,-3.3,-0.2,22.5,27.1,43.1,13.4,0.0,33.8,22.8,12.1,74.0,,,OBAnorm,,LD831_02097v2.403,,,,0,0
DENATRLA,2025-06-23 23:44:09.000,32.2,23.5,19.1,18.7,13.8,11.8,10.5,7.8,6.8,6.2,9.3,11.8,14.9,15.0,16.4,16.4,14.6,14.4,15.3,12.1,9.4,8.1,6.2,8.4,7.1,2.1,-2.6,-3.6,-3.8,-3.8,-4.3,-3.1,-0.2,21.7,26.4,33.6,13.4,0.0,33.8,22.8,12.1,74.0,,,OBAnorm,,LD831_02097v2.403,,,,0,0
DENATRLA,2025-06-23 23:44:10.000,24.5,25.3,19.7,15.1,13.6,12.0,13.1,10.0,5.3,4.9,7.6,12.7,14.1,14.3,16.9,15.1,14.7,15.7,15.4,11.9,9.8,7.8,5.2,4.9,5.7,1.7,-2.2,-3.8,-3.8,-3.9,-4.3,-3.0,-0.2,21.7,27.2,36.3,13.4,0.0,33.9,22.8,12.1,74.0,,,OBAnorm,,LD831_02097v2.403,,,,0,0
DENATRLA,2025-06-23 23:44:11.000,24.7,23.7,21.6,17.0,10.3,10.9,11.4,9.2,4.4,7.4,8.9,9.8,14.4,14.3,15.9,15.2,14.6,14.0,14.7,11.7,10.2,7.4,4.7,2.8,1.3,0.5,-3.1,-3.8,-3.9,-3.9,-4.4,-3.2,-0.2,21.0,26.3,42.2,13.4,0.0,33.8,22.8,12.1,74.0,,,OBAnorm,,LD831_02097v2.403,,,,0,0
DENATRLA,2025-06-23 23:44:12.000,24.5,24.8,20.5,16.4,12.7,10.7,10.8,8.8,7.2,7.3,7.7,11.8,14.2,15.3,15.3,15.1,15.4,15.5,14.9,12.1,10.3,8.0,5.5,3.7,1.9,0.5,-2.9,-3.7,-3.9,-3.9,-4.3,-3.2,-0.1,21.3,29.5,49.4,13.4,0.0,33.8,22.8,12.1,74.0,,,OBAnorm,,LD831_02097v2.403,,,,0,0
DENATRLA,2025-06-23 23:44:13.000,25.2,25.6,22.7,15.1,13.4,12.4,13.5,7.5,5.2,5.4,9.5,11.7,12.7,15.2,15.8,15.8,14.3,15.3,14.9,12.0,10.4,8.9,6.0,5.5,4.1,0.2,-2.6,-1.6,14.9,-3.7,-4.2,-3.0,-0.3,22.4,29.4,46.1,13.4,0.0,33.8,22.8,12.1,74.0,,,OBAnorm,,LD831_02097v2.403,,,,0,0
DENATRLA,2025-06-23 23:44:14.000,20.3,28.2,23.7,20.7,12.6,14.6,10.8,7.9,6.2,6.2,8.8,11.6,13.3,16.0,16.3,15.5,15.0,15.0,14.7,12.7,11.0,9.2,7.3,9.0,6.9,0.7,-3.1,-3.8,-3.9,-3.9,-4.3,-3.2,-0.2,22.0,28.8,48.9,13.4,0.0,33.9,22.8,12.1,74.0,,,OBAnorm,,LD831_02097v2.403,,,,0,0
DENATRLA,2025-06-23 23:44:15.000,24.0,25.3,22.5,17.4,12.7,9.8,11.4,10.0,4.9,7.0,7.9,12.3,14.4,15.1,15.1,15.4,15.0,14.6,15.0,12.4,10.4,8.3,7.3,8.5,6.2,2.2,-3.5,-3.9,-3.8,-4.0,-4.4,-3.3,-0.2,21.7,28.5,48.6,13.4,0.0,33.8,22.8,12.1,74.0,,,OBAnorm,,LD831_02097v2.403,,,,0,0
DENATRLA,2025-06-23 23:44:16.000,31.5,24.7,18.8,18.1,12.2,13.7,11.2,6.8,6.7,6.0,8.9,11.5,13.5,15.0,16.3,15.7,14.9,14.8,14.1,11.9,10.3,8.2,7.3,7.4,6.9,0.8,-3.8,-3.9,10.8,-4.0,-4.5,-3.1,-0.1,21.9,26.9,41.3,13.4,0.0,33.8,22.8,12.1,74.0,,,OBAnorm,,LD831_02097v2.403,,,,0,0
DENATRLA,2025-06-23 23:44:17.000,22.7,26.9,23.0,16.1,13.0,12.5,10.7,8.8,8.1,6.7,7.4,12.5,14.1,16.9,16.9,16.0,14.6,14.7,14.5,12.0,10.7,8.5,6.2,7.5,3.5,5.1,-3.6,-0.3,11.4,-4.0,-4.5,-3.0,-0.3,22.1,26.7,34.7,13.4,0.0,33.8,22.8,12.1,74.0,,,OBAnorm,,LD831_02097v2.403,,,,0,0
DENATRLA,2025-06-23 23:44:18.000,26.8,25.0,18.6,16.0,12.4,12.6,12.8,10.6,4.3,5.5,9.6,12.0,14.3,15.1,16.1,16.0,14.6,14.8,13.9,12.0,9.7,8.2,5.7,5.1,2.4,-1.6,-3.9,-3.9,-3.8,-4.0,-4.5,-3.3,-0.2,21.1,26.5,37.4,13.4,0.0,33.8,22.8,12.1,74.0,,,OBAnorm,,LD831_02097v2.403,,,,0,0
DENATRLA,2025-06-23 23:44:19.000,21.9,21.6,21.1,15.2,13.4,12.8,12.5,9.7,6.0,7.2,9.0,11.5,14.3,15.8,16.2,15.9,15.1,15.3,14.2,11.9,9.6,7.8,7.8,12.7,7.1,3.4,-3.8,-3.9,-3.8,-4.0,-4.5,-3.2,-0.1,22.1,26.3,36.3,13.4,0.0,33.8,22.8,12.1,74.0,,,OBAnorm,,LD831_02097v2.403,,,,0,0
DENATRLA,2025-06-23 23:44:20.000,24.5,21.6,18.9,15.9,12.7,11.1,11.2,11.7,6.5,6.5,8.0,11.9,13.3,14.6,16.2,14.6,14.1,15.2,14.5,11.4,9.6,7.3,7.3,13.4,11.1,8.2,-2.5,-3.8,-3.8,-4.0,-4.5,-3.3,-0.1,22.6,26.9,37.8,13.4,0.0,33.8,22.8,12.1,74.0,,,OBAnorm,,LD831_02097v2.403,,,,0,0
DENATRLA,2025-06-23 23:44:21.000,22.9,23.8,20.3,16.5,14.6,12.0,12.2,7.4,6.8,5.8,7.8,11.2,13.8,15.1,16.1,15.1,14.5,14.3,13.4,11.0,9.6,7.2,7.3,5.6,4.1,2.1,-3.3,-3.9,-3.8,-4.0,-4.5,-3.2,-0.2,20.9,26.1,36.6,13.4,0.0,33.8,22.8,12.1,74.0,,,OBAnorm,,LD831_02097v2.403,,,,0,0
DENATRLA,2025-06-23 23:44:22.000,25.8,23.0,19.7,14.7,13.3,10.6,10.8,8.5,8.2,5.5,9.8,12.6,11.5,15.3,14.9,15.6,14.4,14.1,13.1,10.7,9.2,5.9,3.3,1.4,0.2,-0.2,-3.8,-3.8,10.3,-4.0,-4.5,-3.2,-0.2,20.5,26.2,38.0,13.4,0.0,33.9,22.8,12.1,74.0,,,OBAnorm,,LD831_02097v2.403,,,,0,0
DENATRLA,2025-06-23 23:44:23.000,24.6,16.2,19.8,13.4,15.6,11.9,9.7,7.7,5.8,5.2,8.7,10.6,12.9,15.1,14.6,13.5,14.0,13.9,13.4,10.9,8.7,6.8,5.3,11.3,7.7,0.3,-3.9,-3.9,-3.4,-4.0,-4.5,-3.3,-0.2,21.0,26.2,35.6,13.4,0.0,33.8,22.8,12.1,74.0,,,OBAnorm,,LD831_02097v2.403,,,,0,0
DENATRLA,2025-06-23 23:44:24.000,25.7,24.9,19.3,16.0,13.5,11.7,9.8,7.0,4.8,7.6,9.6,11.5,13.9,14.2,15.4,14.0,13.9,13.9,13.2,10.9,9.4,7.7,7.2,7.5,7.0,0.5,-3.9,-3.9,-3.8,-4.0,-4.5,-3.5,-0.2,20.7,26.5,38.8,13.4,0.0,33.8,22.8,12.1,74.0,,,OBAnorm,,LD831_02097v2.403,,,,0,0
DENATRLA,2025-06-23 23:44:25.000,25.9,25.9,18.0,16.2,13.4,10.3,12.8,10.7,7.1,5.6,8.5,11.8,14.4,14.4,15.9,13.8,14.6,14.2,12.6,11.0,9.1,7.1,6.5,6.4,2.3,-2.1,-4.0,-3.9,-3.8,-3.9,-4.5,-3.3,-0.1,20.5,26.3,36.1,13.4,0.0,33.9,22.8,12.1,74.0,,,OBAnorm,,LD831_02097v2.403,,,,0,0
DENATRLA,2025-06-23 23:44:26.000,26.2,24.7,23.6,16.7,13.4,11.5,12.6,8.3,4.6,6.7,10.8,10.8,12.3,14.1,14.6,13.9,14.7,14.0,13.4,11.1,9.3,8.5,7.8,12.1,10.9,0.9,-3.8,-3.9,-3.8,-4.0,-4.5,-3.3,-0.1,21.8,26.3,40.1,13.4,0.0,33.8,22.8,12.1,74.0,,,OBAnorm,,LD831_02097v2.403,,,,0,0
DENATRLA,2025-06-23 23:44:27.000,22.3,25.5,20.6,17.2,11.0,12.6,9.9,8.4,4.8,5.4,7.2,11.7,13.4,14.2,15.0,15.5,14.4,15.1,13.4,12.1,9.4,7.4,6.2,6.6,9.1,4.8,-3.8,-3.3,17.0,-4.0,-4.5,-3.3,-0.2,22.4,26.4,41.1,13.4,0.0,33.8,22.8,12.1,74.0,,,OBAnorm,,LD831_02097v2.403,,,,0,0
DENATRLA,2025-06-23 23:44:28.000,23.6,25.0,20.3,17.4,11.7,12.5,9.8,10.2,7.4,4.6,8.7,11.9,13.5,14.4,16.2,15.1,14.1,14.7,13.8,12.3,9.5,6.9,4.7,2.3,2.0,0.4,-3.8,-3.9,-3.9,-4.0,-4.5,-3.3,-0.1,20.9,26.7,39.4,13.4,0.0,33.8,22.8,12.1,74.0,,,OBAnorm,,LD831_02097v2.403,,,,0,0
DENATRLA,2025-06-23 23:44:29.000,22.5,22.3,18.4,17.1,7.6,12.0,11.8,9.0,4.8,7.0,10.8,10.2,14.7,15.7,15.1,14.4,15.0,14.6,14.1,12.2,10.5,10.0,6.8,7.0,3.1,-0.3,-3.9,-3.9,-3.8,-4.0,-4.4,-3.1,-0.2,21.6,26.5,40.6,13.4,0.0,33.8,22.8,12.1,73.5,,,OBAnorm,,LD831_02097v2.403,,,,0,0
DENATRLA,2025-06-23 23:44:30.000,27.1,25.0,20.7,14.9,11.0,12.4,12.9,10.6,6.8,6.4,8.0,12.6,14.1,15.0,15.5,16.1,15.6,15.1,14.4,12.5,10.1,7.8,4.6,2.2,-0.2,-2.1,-4.0,-3.9,-1.9,-4.0,-4.5,-3.3,-0.4,21.3,26.6,37.4,13.4,0.0,33.8,22.8,12.1,74.0,,,OBAnorm,,LD831_02097v2.403,,,,0,0
DENATRLA,2025-06-23 23:44:31.000,21.7,21.3,19.0,15.7,12.4,11.4,12.2,11.8,4.9,5.5,8.9,12.7,14.0,16.0,15.7,15.3,14.7,15.2,14.7,13.6,10.8,8.7,7.3,8.6,9.3,1.1,-3.8,-3.8,13.6,-4.0,-4.4,-3.2,-0.2,22.6,27.5,43.2,13.4,0.0,33.8,22.8,12.1,74.0,,,OBAnorm,,LD831_02097v2.403,,,,0,0
DENATRLA,2025-06-23 23:44:32.000,22.7,20.7,21.9,20.6,13.4,12.8,11.1,11.2,3.8,8.1,9.0,12.4,14.3,15.6,15.5,15.4,14.9,15.8,14.5,14.0,11.2,8.6,6.5,7.4,2.2,0.4,-3.8,-3.9,-3.9,-4.0,-4.5,-3.3,-0.2,22.1,27.1,47.7,13.4,0.0,33.8,22.8,12.1,74.0,,,OBAnorm,,LD831_02097v2.403,,,,0,0
DENATRLA,2025-06-23 23:44:33.000,26.2,22.5,19.7,18.5,11.2,11.4,11.7,10.2,5.0,7.1,11.7,12.5,14.4,15.6,15.8,15.3,15.1,15.3,14.6,13.1,10.4,8.8,9.8,9.8,8.3,3.6,-3.5,-3.8,-3.9,-4.0,-4.5,-3.2,-0.2,22.3,28.0,44.5,13.4,0.0,33.8,22.8,12.1,74.0,,,OBAnorm,,LD831_02097v2.403,,,,0,0
DENATRLA,2025-06-23 23:44:34.000,26.2,19.9,20.5,17.6,12.6,13.3,11.6,9.9,7.2,7.8,9.9,12.0,14.0,15.4,15.6,15.5,15.2,14.9,15.1,13.5,11.0,9.3,5.4,5.5,1.3,-0.6,-3.8,-3.9,-3.8,-3.9,-4.5,-3.2,-0.2,21.8,27.2,41.3,13.4,0.0,33.8,22.8,12.1,74.0,,,OBAnorm,,LD831_02097v2.403,,,,0,0
DENATRLA,2025-06-23 23:44:35.000,22.1,23.6,24.7,17.5,14.3,13.1,10.5,7.8,5.8,5.9,9.3,11.5,13.9,16.1,16.1,15.5,15.5,15.5,14.2,12.6,10.1,7.9,5.6,6.1,2.8,-1.3,-3.9,-3.9,-3.9,-3.9,-4.5,-3.3,-0.2,21.4,27.8,46.8,13.4,0.0,33.8,22.8,12.1,74.0,,,OBAnorm,,LD831_02097v2.403,,,,0,0
DENATRLA,2025-06-23 23:44:36.000,26.9,21.4,20.4,17.2,16.4,12.3,12.8,10.2,7.8,7.4,9.0,12.0,14.2,15.6,15.9,14.8,14.2,14.7,14.9,13.3,10.3,7.7,4.9,4.0,3.6,4.2,-3.9,-0.9,19.2,-4.0,-4.5,-2.8,-0.3,23.2,27.1,40.4,13.4,0.0,33.9,22.8,12.1,74.0,,,OBAnorm,,LD831_02097v2.403,,,,0,0
DENATRLA,2025-06-23 23:44:37.000,28.0,22.5,17.4,14.0,14.8,14.3,14.3,9.8,5.3,6.5,10.2,13.4,15.2,15.8,16.4,14.9,14.9,15.8,14.2,13.0,11.0,8.1,7.0,9.2,4.8,1.6,-3.8,-3.9,-3.9,-4.0,-4.5,-3.3,-0.1,21.9,26.5,38.9,13.4,0.0,33.8,22.8,12.1,74.0,,,OBAnorm,,LD831_02097v2.403,,,,0,0
DENATRLA,2025-06-23 23:44:38.000,28.9,22.5,17.6,16.9,13.8,11.8,12.7,9.2,6.5,5.9,8.2,12.0,14.2,14.4,15.9,15.2,15.2,15.8,14.3,12.8,11.2,9.6,9.1,10.0,9.3,2.4,-3.8,-3.9,-3.9,-4.0,-4.5,-3.2,-0.2,22.4,26.8,36.8,13.4,0.0,33.8,22.8,12.1,74.0,,,OBAnorm,,LD831_02097v2.403,,,,0,0
DENATRLA,2025-06-23 23:44:39.000,23.5,18.5,17.0,16.6,14.8,14.6,13.0,8.9,5.7,6.8,9.8,12.4,13.5,15.2,16.1,15.6,15.1,15.5,14.6,13.8,11.0,8.3,7.9,8.6,7.8,2.4,-3.7,0.9,17.0,-3.7,-4.5,-2.7,-0.1,23.2,27.2,35.3,13.4,0.0,33.8,22.8,12.1,74.0,,,OBAnorm,,LD831_02097v2.403,,,,0,0
DENATRLA,2025-06-23 23:44:40.000,27.0,22.6,17.1,17.6,13.0,14.5,12.4,10.1,8.2,7.4,8.7,10.7,14.5,15.1,15.9,14.8,14.9,15.6,14.5,12.7,12.9,9.9,5.3,10.3,6.4,10.8,6.5,1.4,-1.0,-3.4,-4.5,-3.3,-0.1,22.8,26.8,32.6,13.4,0.0,33.8,22.8,12.1,74.0,,,OBAnorm,,LD831_02097v2.403,,,,0,0
DENATRLA,2025-06-23 23:44:41.000,26.0,23.2,18.6,15.9,12.8,16.8,13.4,11.2,7.2,4.2,10.2,11.7,14.2,15.3,16.1,16.0,14.6,15.3,14.0,12.5,10.0,7.6,7.0,8.5,4.4,1.3,-2.3,-3.8,-3.8,-4.0,-4.5,-3.2,-0.2,21.5,27.1,34.2,13.4,0.0,33.8,22.8,12.1,74.0,,,OBAnorm,,LD831_02097v2.403,,,,0,0
DENATRLA,2025-06-23 23:44:42.000,22.1,23.2,18.3,21.5,16.9,15.6,14.5,10.3,6.9,7.1,10.4,13.3,13.0,14.1,16.0,15.8,14.7,14.6,13.4,11.4,9.8,7.3,6.4,4.2,4.7,-3.0,-4.0,-3.9,-3.9,-4.0,-4.5,-3.3,-0.3,21.0,26.4,33.5,13.4,0.0,33.8,22.8,12.1,74.0,,,OBAnorm,,LD831_02097v2.403,,,,0,0
DENATRLA,2025-06-23 23:44:43.000,22.9,22.9,17.8,15.5,14.2,10.8,12.3,10.5,6.9,7.0,9.1,13.2,14.0,14.6,15.6,15.6,15.0,15.0,13.8,12.2,10.0,8.3,5.9,5.8,1.7,1.4,-4.0,-3.9,-3.9,-4.1,-4.5,-3.3,-0.3,21.3,26.2,31.8,13.4,0.0,33.8,22.8,12.1,74.0,,,OBAnorm,,LD831_02097v2.403,,,,0,0
DENATRLA,2025-06-23 23:44:44.000,23.4,22.4,21.0,16.9,12.8,12.3,14.4,8.9,6.1,6.6,8.5,11.8,13.7,15.8,15.3,15.1,15.3,14.9,13.5,12.5,12.4,10.8,8.3,13.2,11.0,13.9,4.7,-1.4,-3.8,-4.0,-4.5,-3.3,-0.2,23.5,27.3,34.9,13.4,0.0,33.8,22.8,12.1,74.0,,,OBAnorm,,LD831_02097v2.403,,,,0,0
DENATRLA,2025-06-23 23:44:45.000,23.2,20.0,19.8,18.1,13.5,15.1,14.1,10.1,7.1,7.9,9.4,11.7,15.0,15.3,15.5,14.8,14.6,14.8,14.6,12.1,10.4,9.4,8.2,11.2,11.7,3.0,-3.6,-3.9,-3.9,-4.0,-4.5,-3.2,-0.1,22.4,26.9,35.5,13.4,0.0,33.8,22.8,12.1,74.0,,,OBAnorm,,LD831_02097v2.403,,,,0,0
DENATRLA,2025-06-23 23:44:46.000,22.9,20.9,19.1,17.6,13.8,15.3,13.5,9.2,7.3,7.2,10.0,12.6,14.9,15.5,16.6,16.0,16.1,14.5,13.9,12.7,11.0,9.5,5.5,2.7,1.3,-0.6,-3.8,-3.9,-3.8,-3.9,-4.4,-3.3,-0.2,21.6,26.9,34.8,13.4,0.0,33.8,22.8,12.1,74.0,,,OBAnorm,,LD831_02097v2.403,,,,0,0
DENATRLA,2025-06-23 23:44:47.000,24.3,23.9,19.3,17.5,15.4,16.1,11.2,9.6,5.9,7.3,10.4,13.3,14.1,14.9,16.3,15.6,14.5,15.0,14.4,12.6,13.2,12.3,7.3,12.5,11.4,21.0,5.7,-3.1,-3.7,-3.7,-4.4,-3.3,-0.3,25.6,27.8,36.1,13.4,0.0,33.8,22.8,12.1,74.0,,,OBAnorm,,LD831_02097v2.403,,,,0,0
DENATRLA,2025-06-23 23:44:48.000,23.1,25.3,17.2,13.9,14.4,13.4,11.0,8.5,6.2,5.7,8.2,11.0,14.2,15.2,15.5,16.0,14.4,15.0,14.4,12.7,11.4,9.0,6.0,8.1,5.0,15.7,0.3,-3.6,-3.8,-3.9,-4.5,-3.1,-0.2,22.9,26.6,35.0,13.4,0.0,33.8,22.8,12.1,74.0,,,OBAnorm,,LD831_02097v2.403,,,,0,0
DENATRLA,2025-06-23 23:44:49.000,22.1,21.8,22.3,17.9,11.5,15.1,14.5,10.8,5.0,6.3,9.6,10.8,13.5,15.1,15.9,15.3,14.9,15.0,14.7,12.6,10.6,8.8,6.7,9.3,7.7,1.2,-3.4,-3.9,-3.9,-4.0,-4.4,-3.2,-0.2,22.0,26.6,33.4,13.4,0.0,33.8,22.8,12.1,74.0,,,OBAnorm,,LD831_02097v2.403,,,,0,0
DENATRLA,2025-06-23 23:44:50.000,22.4,21.8,14.7,16.6,12.1,13.8,13.3,9.8,8.7,8.1,8.6,12.6,14.0,15.1,16.4,16.5,14.5,15.3,13.7,12.4,11.9,11.4,11.2,13.9,13.3,20.2,7.7,-2.8,-3.8,-3.9,-4.5,-3.3,-0.1,25.7,27.9,35.6,13.4,0.0,33.8,22.8,12.1,74.0,,,OBAnorm,,LD831_02097v2.403,,,,0,0
DENATRLA,2025-06-23 23:44:51.000,20.3,17.4,21.3,16.4,12.6,13.4,12.6,10.7,7.4,6.3,9.0,11.3,12.6,15.0,15.2,15.6,15.3,14.2,14.4,12.6,12.0,9.4,10.3,12.0,11.5,19.4,3.7,-3.5,-3.8,-3.9,-4.5,-3.4,-0.2,24.5,27.2,34.2,13.4,0.0,33.8,22.8,12.1,74.0,,,OBAnorm,,LD831_02097v2.403,,,,0,0
DENATRLA,2025-06-23 23:44:52.000,20.2,19.7,20.0,17.0,10.4,14.0,13.0,11.2,7.8,7.0,9.4,12.8,13.9,14.7,16.3,16.2,15.1,15.0,14.3,12.6,10.3,9.0,6.8,5.9,3.7,-0.2,-3.8,-3.9,-3.8,-3.9,-4.5,-3.2,-0.1,21.6,26.7,32.6,13.4,0.0,33.8,22.8,12.1,74.0,,,OBAnorm,,LD831_02097v2.403,,,,0,0
DENATRLA,2025-06-23 23:44:53.000,23.2,23.7,16.3,16.4,12.3,13.0,12.0,11.4,6.3,6.6,9.4,12.1,14.6,15.4,16.7,15.3,15.6,15.5,14.6,13.3,11.0,8.3,5.0,3.7,2.4,-1.1,-3.6,-3.9,-3.8,-4.0,-4.5,-3.1,-0.1,21.8,26.5,32.4,13.4,0.0,33.8,22.7,12.1,74.0,,,OBAnorm,,LD831_02097v2.403,,,,0,0
DENATRLA,2025-06-23 23:44:54.000,22.2,21.8,22.1,17.2,13.2,13.5,14.4,10.7,6.5,7.1,10.2,12.7,15.0,15.9,16.7,15.7,15.2,15.4,15.1,13.0,11.9,9.6,8.3,5.9,5.3,1.6,-3.7,-3.9,-3.9,-4.0,-4.5,-3.2,-0.1,22.2,27.4,35.9,13.4,0.0,33.8,22.7,12.1,74.0,,,OBAnorm,,LD831_02097v2.403,,,,0,0
DENATRLA,2025-06-23 23:44:55.000,24.2,18.7,17.8,14.5,15.2,15.8,12.6,10.8,6.9,6.6,8.4,12.0,15.0,15.3,16.1,15.2,15.1,15.6,15.1,12.8,10.4,9.5,5.6,2.9,0.7,1.1,-2.9,-3.9,-3.8,-4.0,-4.5,-3.2,-0.2,21.8,26.7,34.8,13.4,0.0,33.8,22.8,12.1,74.0,,,OBAnorm,,LD831_02097v2.403,,,,0,0
DENATRLA,2025-06-23 23:44:56.000,25.2,21.7,21.6,16.7,14.3,13.9,12.4,10.0,7.8,7.9,10.6,12.6,15.5,15.8,17.0,14.9,16.4,16.0,14.4,13.9,11.4,10.1,16.0,15.5,12.2,5.7,-1.3,-3.9,-3.8,-3.9,-4.5,-3.2,-0.2,24.6,27.9,35.3,13.4,0.0,33.8,22.7,12.1,74.0,,,OBAnorm,,LD831_02097v2.403,,,,0,0
DENATRLA,2025-06-23 23:44:57.000,21.5,22.4,20.2,16.0,10.0,11.4,13.8,12.0,9.1,7.1,10.0,14.5,15.9,15.0,16.6,16.0,15.8,16.0,15.8,14.5,12.9,10.3,9.3,13.2,8.6,12.8,3.4,-3.7,-3.8,-3.9,-4.4,-3.3,-0.2,23.8,27.8,36.1,13.4,0.0,33.8,22.8,12.1,74.0,,,OBAnorm,,LD831_02097v2.403,,,,0,0
DENATRLA,2025-06-23 23:44:58.000,24.5,24.3,18.2,14.1,12.9,17.0,13.0,9.7,6.3,8.2,9.8,12.8,16.3,15.8,17.4,15.8,15.3,15.4,15.0,13.4,11.6,9.8,8.0,8.4,6.1,3.8,-2.1,-3.8,-3.8,-3.9,-4.4,-3.3,-0.1,22.5,27.5,35.2,13.4,0.0,33.8,22.8,12.1,74.0,,,OBAnorm,,LD831_02097v2.403,,,,0,0
DENATRLA,2025-06-23 23:44:59.000,21.4,24.0,22.5,14.2,9.9,13.6,12.0,10.3,6.5,6.4,8.3,13.4,16.3,15.9,15.0,15.4,14.1,14.5,14.1,12.6,10.4,8.7,6.9,5.6,5.8,3.5,-3.3,-3.9,-3.9,-4.1,-4.4,-3.2,-0.2,21.6,26.5,35.1,13.4,0.0,33.8,22.8,12.1,74.0,,,OBAnorm,,LD831_02097v2.403,,,,0,0
DENATRLA,2025-06-23 23:45:00.000,26.2,22.4,20.1,17.4,9.9,14.1,11.6,10.7,6.4,6.1,10.1,12.4,14.1,16.5,16.0,15.9,15.2,15.1,15.1,12.5,10.7,8.7,5.5,5.9,3.6,2.7,-2.8,-3.7,-3.8,-4.0,-4.5,-3.3,-0.2,21.8,26.7,34.9,13.4,0.0,33.8,22.8,12.1,74.0,,,OBAnorm,,LD831_02097v2.403,,,,0,0
DENATRLA,2025-06-23 23:45:01.000,24.6,23.8,19.8,16.8,15.8,14.7,10.8,11.8,7.8,7.2,10.0,11.5,15.5,16.9,16.2,15.3,14.8,15.2,14.6,12.6,12.8,8.0,6.0,14.7,9.9,14.6,4.6,-3.8,-3.8,-3.8,-4.4,-3.3,-0.2,23.8,27.6,35.3,13.4,0.0,33.8,22.7,12.1,74.0,,,OBAnorm,,LD831_02097v2.403,,,,0,0
DENATRLA,2025-06-23 23:45:02.000,19.6,21.5,17.9,15.3,14.9,13.1,13.0,10.0,7.4,7.9,9.4,12.0,15.5,16.6,16.6,14.9,15.1,15.4,14.2,12.9,10.5,8.9,9.7,8.4,6.0,1.5,-2.9,-3.8,-3.8,-4.0,-4.5,-3.4,-0.2,22.0,26.6,33.3,13.4,0.0,33.8,22.8,12.1,74.0,,,OBAnorm,,LD831_02097v2.403,,,,0,0
DENATRLA,2025-06-23 23:45:03.000,21.7,24.0,19.1,15.7,12.3,15.8,10.7,11.5,5.3,6.2,10.0,11.7,14.6,15.8,16.5,15.0,15.4,14.3,14.2,12.5,10.4,10.1,9.5,11.2,8.8,0.4,-3.5,-3.9,-3.8,-3.9,-4.5,-3.4,-0.1,22.4,27.2,35.2,13.4,0.0,33.9,22.7,12.1,74.0,,,OBAnorm,,LD831_02097v2.403,,,,0,0
DENATRLA,2025-06-23 23:45:04.000,25.7,19.0,20.7,13.1,15.6,14.0,11.3,9.6,5.0,6.9,11.0,11.6,13.8,16.2,15.9,15.1,15.7,15.1,14.6,12.8,10.3,8.3,7.5,9.5,5.6,1.6,-2.9,-3.8,-3.9,-4.0,-4.5,-3.4,-0.2,22.0,26.6,34.2,13.4,0.0,33.8,22.7,12.1,74.0,,,OBAnorm,,LD831_02097v2.403,,,,0,0
DENATRLA,2025-06-23 23:45:05.000,22.7,22.4,18.2,15.9,17.0,13.3,10.3,10.6,6.0,6.5,10.5,12.4,14.1,16.2,16.3,16.9,15.1,15.5,14.6,12.7,10.8,8.4,9.5,12.8,9.7,2.9,-3.1,-3.8,-3.8,-4.1,-4.5,-3.2,-0.3,22.7,26.7,35.6,13.4,0.0,33.8,22.8,12.1,74.0,,,OBAnorm,,LD831_02097v2.403,,,,0,0
DENATRLA,2025-06-23 23:45:06.000,27.2,20.4,17.4,16.7,11.4,10.4,14.5,10.2,8.2,6.9,9.2,12.6,13.1,16.2,16.4,16.0,15.5,15.1,14.4,12.7,11.0,7.4,4.8,9.1,3.7,5.7,-3.8,-3.8,-3.9,-3.8,-4.4,-3.2,-0.2,21.9,27.0,33.5,13.4,0.0,33.9,22.7,12.1,74.0,,,OBAnorm,,LD831_02097v2.403,,,,0,0
DENATRLA,2025-06-23 23:45:07.000,23.9,19.3,20.7,17.8,13.7,14.6,14.0,12.3,4.0,7.0,8.7,12.7,13.8,16.6,15.7,15.1,15.3,15.3,14.0,13.0,10.8,8.4,4.7,2.2,-0.8,-2.1,-3.9,-3.9,-3.9,-4.0,-4.5,-3.3,-0.2,21.4,26.8,34.5,13.4,0.0,33.8,22.8,12.1,74.0,,,OBAnorm,,LD831_02097v2.403,,,,0,0
DENATRLA,2025-06-23 23:45:08.000,22.6,20.0,20.6,17.5,14.3,12.8,10.9,10.3,6.2,6.6,8.6,12.7,14.2,14.6,16.6,16.8,14.8,15.3,15.2,14.0,11.3,9.2,5.0,1.5,-1.1,-1.6,-3.6,-3.9,-3.8,-4.0,-4.5,-3.3,-0.2,22.0,26.6,32.7,13.4,0.0,33.8,22.8,12.1,74.0,,,OBAnorm,,LD831_02097v2.403,,,,0,0
DENATRLA,2025-06-23 23:45:09.000,24.8,22.1,20.8,16.1,13.2,13.5,12.7,8.5,7.0,5.6,8.7,12.8,13.9,16.0,17.0,16.6,16.0,15.3,14.7,13.2,10.8,8.1,5.0,7.5,2.3,-0.5,-3.6,-3.9,-3.9,-4.0,-4.5,-3.2,-0.2,21.9,27.1,35.4,13.4,0.0,33.8,22.8,12.1,74.0,,,OBAnorm,,LD831_02097v2.403,,,,0,0
DENATRLA,2025-06-23 23:45:10.000,22.4,24.5,19.5,13.7,15.5,9.4,9.3,6.8,6.7,6.9,10.4,12.7,14.8,14.8,17.0,15.8,15.7,15.3,14.8,13.3,11.8,8.9,8.4,13.4,10.8,11.0,0.1,-3.9,-3.8,-4.0,-4.5,-3.1,-0.2,23.4,27.3,33.7,13.4,0.0,33.8,22.8,12.1,74.0,,,OBAnorm,,LD831_02097v2.403,,,,0,0
DENATRLA,2025-06-23 23:45:11.000,24.9,23.5,21.4,20.1,12.7,12.6,12.0,9.3,7.1,6.5,10.5,14.2,14.8,16.0,17.2,16.0,15.5,15.7,15.0,13.3,11.9,9.7,11.9,15.2,13.8,10.8,1.4,-3.9,-3.9,-4.0,-4.5,-3.3,-0.1,24.2,27.7,33.4,13.4,0.0,33.8,22.7,12.1,74.0,,,OBAnorm,,LD831_02097v2.403,,,,0,0
DENATRLA,2025-06-23 23:45:12.000,27.6,19.8,22.0,14.7,14.5,13.5,12.2,9.4,6.1,7.1,9.3,12.7,15.5,16.4,16.5,17.4,16.0,15.9,16.0,13.3,11.4,8.6,6.0,4.0,5.7,4.4,-2.3,-3.8,-3.6,-3.9,-4.1,-3.0,-0.1,22.6,27.6,33.4,13.4,0.0,33.8,22.8,12.1,74.0,,,OBAnorm,,LD831_02097v2.403,,,,0,0
DENATRLA,2025-06-23 23:45:13.000,23.0,23.2,22.0,14.3,14.0,15.9,13.3,10.1,7.2,6.1,10.0,12.8,14.6,17.2,17.4,16.6,16.1,15.1,16.3,13.5,11.6,9.2,5.7,2.6,0.9,-0.5,-3.2,-3.5,-3.3,-3.8,-4.2,-3.1,-0.1,22.3,27.2,32.4,13.4,0.0,33.8,22.7,12.1,74.0,,,OBAnorm,,LD831_02097v2.403,,,,0,0
DENATRLA,2025-06-23 23:45:14.000,22.5,26.0,20.0,15.2,14.7,12.6,10.0,9.1,7.5,7.3,10.6,13.8,16.1,17.8,17.2,16.0,15.5,16.2,15.3,13.0,10.8,8.3,5.3,2.5,-0.6,-1.3,-3.2,-3.8,-3.8,-4.0,-4.4,-3.2,-0.2,22.0,26.9,32.1,13.4,0.0,33.8,22.7,12.1,74.0,,,OBAnorm,,LD831_02097v2.403,,,,0,0
DENATRLA,2025-06-23 23:45:15.000,19.9,21.2,19.0,16.9,14.9,12.6,10.6,9.7,7.8,7.7,8.3,13.0,14.5,17.7,16.2,16.3,14.9,15.0,14.5,12.7,11.0,8.9,9.6,12.6,9.2,6.6,-2.3,-3.7,-3.8,-4.0,-4.5,-3.2,-0.3,22.9,27.0,32.5,13.4,0.0,33.9,22.7,12.1,74.0,,,OBAnorm,,LD831_02097v2.403,,,,0,0
DENATRLA,2025-06-23 23:45:16.000,21.7,22.4,21.6,14.7,15.0,12.9,13.0,11.9,6.4,7.0,9.9,12.2,13.9,14.8,15.5,16.2,15.5,16.1,14.7,13.6,12.3,8.2,9.8,11.8,7.9,10.1,0.1,-3.8,-3.8,-3.9,-4.5,-3.2,0.0,23.0,26.9,34.3,13.4,0.0,33.8,22.7,12.1,74.0,,,OBAnorm,,LD831_02097v2.403,,,,0,0
DENATRLA,2025-06-23 23:45:17.000,21.2,19.5,21.5,14.7,14.6,12.5,14.1,9.7,6.4,5.8,10.4,12.8,15.0,16.1,16.7,16.9,15.4,15.3,14.7,12.7,10.8,8.1,5.3,2.4,0.9,0.5,-3.4,-3.8,-3.8,-4.0,-4.4,-3.1,-0.1,21.8,26.7,31.6,13.4,0.0,33.8,22.7,12.1,74.0,,,OBAnorm,,LD831_02097v2.403,,,,0,0
DENATRLA,2025-06-23 23:45:18.000,22.3,19.5,19.3,15.5,13.6,12.0,11.6,9.8,6.7,6.9,9.7,14.6,15.5,14.9,16.2,15.3,14.9,15.1,15.1,13.0,11.2,9.5,6.4,6.6,3.9,3.0,-3.6,-3.8,-3.8,-4.0,-4.4,-3.3,-0.2,21.9,26.6,33.0,13.4,0.0,33.9,22.8,12.1,74.0,,,OBAnorm,,LD831_02097v2.403,,,,0,0
DENATRLA,2025-06-23 23:45:19.000,18.5,23.3,17.3,12.0,12.1,14.1,12.7,9.5,6.2,7.3,8.4,13.6,14.5,15.5,16.3,15.6,14.6,15.0,15.1,13.0,10.1,7.9,5.7,8.1,3.6,-0.1,-3.7,-3.8,-3.8,-4.0,-4.5,-3.3,-0.1,21.8,26.7,34.7,13.4,0.0,33.9,22.7,12.1,74.0,,,OBAnorm,,LD831_02097v2.403,,,,0,0
DENATRLA,2025-06-23 23:45:20.000,19.6,24.7,18.4,15.4,11.6,13.4,11.8,8.5,4.5,8.7,8.9,13.0,14.7,16.4,16.0,15.9,16.2,15.2,14.3,13.4,11.9,8.2,7.5,11.3,7.4,6.8,-1.3,-3.9,-3.8,-4.0,-4.5,-3.3,-0.1,22.6,26.8,32.1,13.4,0.0,33.8,22.7,12.1,74.0,,,OBAnorm,,LD831_02097v2.403,,,,0,0
DENATRLA,2025-06-23 23:45:21.000,23.9,20.8,16.6,15.3,13.7,14.2,11.4,12.5,6.6,7.4,10.9,12.4,13.8,14.5,16.9,15.1,14.8,14.9,14.4,12.5,10.7,8.5,9.3,9.4,10.7,4.1,-2.7,-3.8,-3.8,-4.0,-4.4,-3.3,-0.2,22.3,26.9,33.2,13.4,0.0,33.8,22.7,12.1,74.0,,,OBAnorm,,LD831_02097v2.403,,,,0,0
DENATRLA,2025-06-23 23:45:22.000,26.3,17.4,20.6,17.3,14.5,12.3,10.2,8.2,5.6,6.2,9.9,11.9,14.5,15.4,16.4,15.9,14.5,14.8,13.4,12.4,9.5,7.1,3.7,2.1,0.2,-0.9,-3.5,-3.8,-3.8,-4.0,-4.4,-3.2,-0.2,20.8,26.3,33.9,13.4,0.0,33.8,22.7,12.1,74.0,,,OBAnorm,,LD831_02097v2.403,,,,0,0
DENATRLA,2025-06-23 23:45:23.000,23.3,22.3,21.5,17.9,8.9,15.2,12.2,9.8,9.3,5.1,9.3,12.9,13.3,14.8,16.2,15.4,15.1,14.6,14.4,11.9,12.2,8.6,6.2,11.1,4.1,12.0,0.7,-3.5,-3.7,-3.8,-4.4,-3.2,0.0,22.6,26.7,33.4,13.4,0.0,33.8,22.7,12.1,74.0,,,OBAnorm,,LD831_02097v2.403,,,,0,0
DENATRLA,2025-06-23 23:45:24.000,24.0,20.8,18.8,17.7,12.2,14.0,12.1,10.5,4.5,5.2,9.0,13.1,14.5,15.2,16.3,16.4,15.5,14.5,13.9,11.9,9.9,8.4,7.7,9.9,6.6,5.1,-2.2,-3.8,-3.8,-4.0,-4.5,-3.2,-0.1,21.8,26.2,32.4,13.4,0.0,33.8,22.7,12.1,74.0,,,OBAnorm,,LD831_02097v2.403,,,,0,0
DENATRLA,2025-06-23 23:45:25.000,18.5,21.2,18.3,16.1,9.3,10.7,10.6,6.5,7.8,5.9,8.7,11.6,13.9,15.3,16.3,15.3,15.1,14.2,13.3,11.9,9.4,8.2,5.8,6.1,2.7,0.3,-2.7,-3.7,-3.6,-3.8,-4.4,-3.2,0.0,21.0,26.1,33.3,13.4,0.0,33.8,22.7,12.1,74.0,,,OBAnorm,,LD831_02097v2.403,,,,0,0
DENATRLA,2025-06-23 23:45:26.000,20.2,23.6,19.9,15.8,14.4,13.8,9.7,9.3,5.0,4.9,9.5,12.1,14.0,16.0,15.9,15.9,14.9,14.2,13.2,11.6,9.3,10.3,10.1,14.1,10.7,3.1,-2.8,-3.8,-3.9,-4.0,-4.5,-3.2,-0.1,22.7,26.8,32.2,13.4,0.0,33.8,22.7,12.1,73.5,,,OBAnorm,,LD831_02097v2.403,,,,0,0
DENATRLA,2025-06-23 23:45:27.000,18.9,21.3,18.8,19.7,15.0,10.4,10.3,9.2,6.1,5.6,8.2,10.5,14.4,15.4,16.6,15.1,14.7,14.8,13.9,12.0,12.0,8.4,7.7,11.1,7.9,13.8,2.6,-3.3,-3.7,-3.8,-4.5,-3.2,-0.2,23.0,27.0,34.9,13.4,0.0,33.8,22.7,12.1,73.5,,,OBAnorm,,LD831_02097v2.403,,,,0,0
DENATRLA,2025-06-23 23:45:28.000,19.9,23.7,21.8,17.5,13.8,15.1,10.8,10.6,6.1,6.8,8.3,10.8,12.0,15.8,16.9,15.6,14.1,14.8,14.1,11.8,10.6,8.0,5.6,6.7,3.9,6.2,0.6,-3.0,-3.7,-3.9,-4.5,-3.3,-0.2,21.4,26.0,39.2,13.4,0.0,33.8,22.7,12.1,73.5,,,OBAnorm,,LD831_02097v2.403,,,,0,0
DENATRLA,2025-06-23 23:45:29.000,16.9,22.9,19.5,15.5,12.4,10.4,13.1,10.9,4.2,7.6,9.2,12.2,14.6,16.2,16.0,14.8,15.1,14.9,13.8,12.4,11.1,10.7,7.5,9.8,6.8,4.0,-0.2,-3.2,-3.7,-3.9,-4.5,-3.2,-0.1,22.1,27.4,44.6,13.4,0.0,33.8,22.7,12.1,73.5,,,OBAnorm,,LD831_02097v2.403,,,,0,0
DENATRLA,2025-06-23 23:45:30.000,23.3,18.2,12.0,15.1,13.0,11.0,11.6,10.9,6.3,5.1,9.8,13.4,13.2,15.2,16.5,14.0,14.7,14.4,13.4,11.7,10.0,8.1,7.0,4.7,4.6,1.5,-0.2,-3.4,-3.7,-3.9,-4.5,-3.3,0.0,21.3,27.4,40.8,13.4,0.0,33.8,22.8,12.1,73.5,,,OBAnorm,,LD831_02097v2.403,,,,0,0
DENATRLA,2025-06-23 23:45:31.000,20.0,19.7,18.6,18.5,13.2,11.3,8.4,8.7,6.0,5.1,9.0,11.7,14.3,14.4,16.4,15.4,14.4,14.6,13.6,12.6,11.9,7.7,7.4,14.0,10.5,14.8,2.7,-3.7,-3.8,-3.9,-4.5,-3.2,-0.2,23.4,27.4,40.1,13.4,0.0,33.8,22.7,12.1,74.0,,,OBAnorm,,LD831_02097v2.403,,,,0,0
DENATRLA,2025-06-23 23:45:32.000,29.3,28.3,20.5,17.4,13.5,11.5,10.7,9.0,4.4,4.4,8.2,11.7,14.3,15.3,16.5,15.0,14.8,14.7,13.6,12.3,10.7,7.7,5.2,6.4,4.6,2.7,-2.4,-3.8,-3.8,-3.9,-4.4,-3.3,-0.2,21.4,26.8,41.5,13.4,0.0,33.8,22.7,12.1,74.0,,,OBAnorm,,LD831_02097v2.403,,,,0,0
DENATRLA,2025-06-23 23:45:33.000,28.9,20.0,22.2,15.5,13.3,8.9,11.5,10.2,5.5,5.7,7.0,10.8,12.7,15.8,15.8,15.7,15.0,14.9,14.8,13.0,10.7,9.0,8.3,7.4,4.8,2.8,-1.4,-3.6,-3.7,-3.9,-4.5,-3.1,-0.1,22.0,29.8,48.6,13.4,0.0,33.8,22.7,12.1,74.0,,,OBAnorm,,LD831_02097v2.403,,,,0,0
DENATRLA,2025-06-23 23:45:34.000,26.7,23.9,20.3,19.1,13.9,14.0,16.4,12.6,8.8,10.0,9.3,12.8,13.4,15.3,15.9,15.6,15.0,15.0,14.6,12.5,10.6,9.0,9.7,8.8,4.9,0.7,-1.5,-3.5,-3.8,-3.9,-4.5,-3.2,-0.2,21.9,37.3,57.0,13.4,0.0,33.8,22.7,12.1,74.0,,,OBAnorm,,LD831_02097v2.403,,,,0,0
DENATRLA,2025-06-23 23:45:35.000,24.4,26.1,28.4,30.1,27.8,23.6,22.3,19.8,17.1,12.6,10.5,10.9,13.8,13.7,15.0,14.0,15.3,14.5,13.3,11.6,9.5,7.9,8.8,9.3,7.0,1.0,-1.8,-3.7,-3.8,-4.0,-4.5,-3.2,-0.2,21.5,38.8,56.2,13.4,0.0,33.8,22.7,12.1,74.0,,,OBAnorm,,LD831_02097v2.403,,,,0,0
DENATRLA,2025-06-23 23:45:36.000,36.6,37.1,39.3,35.0,29.9,28.1,15.7,13.7,11.8,8.3,9.4,11.8,13.4,14.7,15.6,15.2,14.5,14.7,13.7,11.3,9.6,7.0,5.2,6.8,6.5,3.1,-2.0,-3.8,-3.8,-3.9,-4.4,-3.3,-0.2,21.1,32.0,50.3,13.4,0.0,33.8,22.7,12.1,74.0,,,OBAnorm,,LD831_02097v2.403,,,,0,0
DENATRLA,2025-06-23 23:45:37.000,42.4,37.2,31.7,24.6,17.1,15.8,12.1,12.0,5.4,6.0,9.1,12.4,13.0,14.5,15.9,15.2,14.9,14.7,13.0,12.5,10.7,6.8,7.9,12.0,10.6,9.9,3.1,-3.8,-3.8,-3.9,-4.5,-3.3,-0.2,22.4,29.1,48.0,13.4,0.0,33.8,22.7,12.1,74.0,,,OBAnorm,,LD831_02097v2.403,,,,0,0
DENATRLA,2025-06-23 23:45:38.000,34.1,31.7,22.3,19.0,19.1,15.8,13.0,11.5,6.4,7.0,9.2,12.5,14.1,15.0,16.2,15.9,14.1,14.0,13.0,10.9,8.7,6.5,5.6,5.4,5.8,-0.4,-3.7,-3.9,-3.8,-4.0,-4.5,-3.4,-0.2,20.6,28.2,46.9,13.4,0.0,33.9,22.7,12.1,73.5,,,OBAnorm,,LD831_02097v2.403,,,,0,0
DENATRLA,2025-06-23 23:45:39.000,33.0,29.2,21.5,20.7,17.9,12.8,11.5,7.0,4.3,6.0,7.6,11.2,13.1,14.5,15.3,14.3,14.3,14.2,13.2,11.9,9.1,7.2,8.2,8.2,5.7,0.9,-3.8,-3.9,-3.8,-4.0,-4.5,-3.3,-0.2,21.0,28.6,46.5,13.4,0.0,33.8,22.7,12.1,73.5,,,OBAnorm,,LD831_02097v2.403,,,,0,0
DENATRLA,2025-06-23 23:45:40.000,25.5,22.2,20.0,17.5,14.4,13.2,9.5,10.4,6.9,6.0,9.0,11.1,12.5,14.5,15.0,15.0,14.7,13.9,13.4,11.2,9.5,8.2,8.4,8.9,6.2,1.2,-2.5,-3.8,-3.8,-3.9,-4.4,-3.2,-0.1,21.2,29.8,49.3,13.4,0.0,33.8,22.7,12.2,73.5,,,OBAnorm,,LD831_02097v2.403,,,,0,0
DENATRLA,2025-06-23 23:45:41.000,28.7,29.7,26.3,19.2,14.4,16.8,12.5,11.5,5.1,6.2,7.9,12.8,14.2,15.5,15.6,15.7,14.3,15.0,12.9,11.8,9.4,8.2,6.6,6.9,4.3,-1.1,-3.6,-3.9,-3.8,-3.9,-4.4,-3.3,-0.2,21.2,32.5,52.5,13.4,0.0,40.5,22.7,12.2,73.5,,,OBAnorm,,LD831_02097v2.403,,,,0,0
DENATRLA,2025-06-23 23:45:42.000,29.1,30.3,25.5,22.5,19.2,21.2,14.7,11.9,3.8,6.1,7.8,12.9,14.3,15.7,16.0,15.5,14.6,14.8,13.3,11.8,9.8,7.9,7.8,10.0,8.9,2.9,-3.2,-3.7,-3.7,-4.0,-4.5,-3.3,-0.2,21.7,30.3,53.1,13.4,0.0,45.9,22.7,12.2,73.5,,,OBAnorm,,LD831_02097v2.403,,,,0,0
DENATRLA,2025-06-23 23:45:43.000,34.1,26.8,24.4,23.2,16.4,13.1,10.9,6.9,5.1,4.8,9.6,12.1,13.0,15.8,16.3,15.7,14.3,14.1,13.4,11.6,9.7,6.9,6.9,8.8,4.7,2.3,-3.0,-3.8,-3.8,-4.0,-4.5,-3.2,-0.1,21.4,30.0,48.1,13.4,0.0,46.0,22.7,12.2,73.5,,,OBAnorm,,LD831_02097v2.403,,,,0,0
DENATRLA,2025-06-23 23:45:44.000,31.5,25.5,26.4,23.1,18.9,16.4,13.1,9.8,5.4,6.5,9.1,11.1,12.8,15.7,16.9,15.2,15.4,14.6,13.9,11.9,10.5,8.8,8.7,11.9,7.8,4.5,-0.6,-3.3,-3.6,-3.9,-4.4,-3.3,-0.2,22.3,29.8,50.8,13.4,0.0,45.9,22.7,12.2,73.5,,,OBAnorm,,LD831_02097v2.403,,,,0,0
DENATRLA,2025-06-23 23:45:45.000,26.7,25.0,23.5,23.7,17.4,14.1,12.0,9.0,5.0,5.3,9.3,10.8,12.9,15.0,16.5,15.6,14.2,15.2,13.7,12.4,10.3,9.8,10.3,9.4,7.7,3.7,-0.5,-3.3,-3.8,-3.9,-4.4,-3.4,-0.1,22.1,28.3,46.2,13.4,0.0,45.9,22.7,12.2,73.5,,,OBAnorm,,LD831_02097v2.403,,,,0,0
DENATRLA,2025-06-23 23:45:46.000,30.4,28.9,21.9,19.1,13.7,11.1,9.3,7.6,4.9,5.5,8.5,11.3,14.7,15.3,16.7,16.4,15.5,15.6,13.9,11.7,10.4,7.9,5.6,5.1,4.1,4.1,0.9,-2.2,-2.6,-2.9,-4.0,-3.0,-0.1,21.5,26.8,42.9,13.4,0.0,45.9,22.7,12.2,73.5,,,OBAnorm,,LD831_02097v2.403,,,,0,0
DENATRLA,2025-06-23 23:45:47.000,25.4,23.1,23.1,19.8,14.5,10.1,9.2,10.2,5.2,5.6,7.9,11.0,13.9,14.8,15.4,15.9,15.1,14.2,13.6,11.9,9.9,7.9,5.9,4.5,1.7,2.5,-0.7,-3.1,-1.6,-2.4,-2.3,-2.9,-0.1,21.2,27.4,44.9,13.4,0.0,45.9,22.7,12.2,73.5,,,OBAnorm,,LD831_02097v2.403,,,,0,0
DENATRLA,2025-06-23 23:45:48.000,28.3,25.6,22.8,18.8,16.4,10.5,10.1,8.0,5.1,4.9,7.3,10.0,13.4,15.0,15.7,14.5,15.2,14.8,13.6,11.8,9.7,7.0,10.0,10.2,9.2,2.0,-1.8,-3.5,-3.7,-4.0,-4.5,-3.2,-0.1,21.9,26.5,43.2,13.4,0.0,45.9,22.7,12.2,73.5,,,OBAnorm,,LD831_02097v2.403,,,,0,0
DENATRLA,2025-06-23 23:45:49.000,25.2,24.6,22.3,15.2,12.8,12.8,13.0,9.7,5.5,5.5,7.9,11.9,14.1,14.4,15.6,14.7,14.4,14.7,13.7,11.6,9.2,7.3,7.5,11.2,9.4,4.1,0.0,-2.9,-3.5,-3.9,-4.4,-3.3,-0.2,21.7,26.4,40.1,13.4,0.0,45.9,22.7,12.2,72.9,,,OBAnorm,,LD831_02097v2.403,,,,0,0
DENATRLA,2025-06-23 23:45:50.000,24.1,22.7,20.1,19.5,12.2,12.1,10.8,9.0,5.2,3.5,8.6,11.0,13.6,14.1,15.6,15.7,14.1,15.1,13.9,12.6,10.4,9.4,6.7,4.3,3.8,3.3,0.1,-2.8,-3.2,-3.8,-4.4,-3.2,-0.1,21.5,27.1,41.6,13.4,0.0,45.9,22.7,12.2,72.9,,,OBAnorm,,LD831_02097v2.403,,,,0,0
DENATRLA,2025-06-23 23:45:51.000,22.7,18.7,22.7,20.3,16.0,11.2,11.8,9.7,5.1,5.4,10.1,10.2,12.8,14.9,16.7,16.0,15.1,15.5,13.4,11.5,9.2,7.4,5.8,5.8,0.6,0.2,-1.5,-3.7,-3.8,-4.0,-4.5,-3.3,-0.2,21.1,26.4,40.2,13.4,0.0,45.9,22.8,12.2,72.9,,,OBAnorm,,LD831_02097v2.403,,,,0,0
DENATRLA,2025-06-23 23:45:52.000,21.7,23.3,23.1,19.4,10.0,10.2,9.6,6.9,7.0,5.3,7.5,12.7,13.7,15.5,16.7,15.6,14.9,14.5,15.4,13.0,10.9,9.3,8.8,9.1,7.2,2.5,-1.4,-3.5,-3.7,-3.9,-4.5,-3.4,-0.1,22.3,27.4,40.6,13.4,0.0,45.9,22.6,12.2,72.9,,,OBAnorm,,LD831_02097v2.403,,,,0,0
DENATRLA,2025-06-23 23:45:53.000,22.4,22.3,20.8,23.9,11.6,13.2,11.9,9.8,6.4,5.4,8.0,12.1,14.6,14.7,16.1,15.6,14.4,14.3,14.2,11.4,9.9,9.9,12.1,12.1,8.5,1.5,-2.8,-3.8,-3.8,-3.9,-4.5,-3.3,-0.1,22.4,26.5,39.4,13.4,0.0,45.9,22.7,12.2,72.9,,,OBAnorm,,LD831_02097v2.403,,,,0,0
DENATRLA,2025-06-23 23:45:54.000,24.7,20.4,20.2,14.3,11.4,9.0,10.4,7.1,4.5,5.5,7.0,11.7,12.5,15.3,16.0,14.8,14.8,15.4,13.5,11.0,9.3,7.5,9.3,10.1,9.5,5.7,-1.4,-3.8,-3.8,-4.0,-4.5,-3.3,-0.2,21.8,25.9,38.6,13.4,0.0,45.9,22.7,12.2,73.5,,,OBAnorm,,LD831_02097v2.403,,,,0,0
DENATRLA,2025-06-23 23:45:55.000,22.6,22.0,18.2,16.7,10.2,8.9,10.6,5.6,5.0,4.8,8.9,12.4,14.6,14.7,17.2,15.6,14.0,14.8,13.3,10.8,8.9,6.7,5.0,7.1,3.9,7.5,-3.5,-3.9,-1.8,-3.9,-4.5,-3.3,-0.1,21.2,26.2,37.5,13.4,0.0,45.9,22.7,12.2,73.5,,,OBAnorm,,LD831_02097v2.403,,,,0,0
DENATRLA,2025-06-23 23:45:56.000,20.4,22.1,20.8,13.5,11.7,11.6,10.6,7.6,7.2,4.5,9.1,12.2,11.7,14.7,16.8,15.5,15.4,14.8,14.2,11.3,8.9,6.6,5.1,5.1,0.7,-0.9,-3.6,-3.9,-3.8,-4.0,-4.5,-3.3,-0.1,21.1,26.5,38.2,13.4,0.0,45.9,22.7,12.2,73.5,,,OBAnorm,,LD831_02097v2.403,,,,0,0
DENATRLA,2025-06-23 23:45:57.000,22.7,18.3,21.2,20.5,12.6,11.2,9.5,6.3,5.5,4.2,8.5,11.6,14.8,15.4,15.6,16.0,14.3,14.8,14.1,11.3,9.1,6.3,3.0,2.0,0.0,-2.1,-3.9,-3.8,-3.9,-4.0,-4.5,-3.3,-0.3,20.7,25.7,38.2,13.4,0.0,45.9,22.7,12.2,73.5,,,OBAnorm,,LD831_02097v2.403,,,,0,0
DENATRLA,2025-06-23 23:45:58.000,20.1,17.7,21.7,14.4,8.8,9.9,8.3,8.9,5.1,3.5,7.2,12.0,13.2,15.1,17.0,15.5,14.2,14.6,13.4,11.9,9.3,6.9,5.7,11.3,10.8,0.1,-3.8,-3.9,-3.9,-4.0,-4.5,-3.4,-0.1,21.8,26.5,33.9,13.4,0.0,45.9,22.7,12.2,73.5,,,OBAnorm,,LD831_02097v2.403,,,,0,0
DENATRLA,2025-06-23 23:45:59.000,20.8,22.2,20.9,16.5,13.2,10.7,7.8,10.6,6.1,5.7,6.8,12.0,14.0,15.2,14.8,15.1,14.5,14.7,13.3,11.9,9.7,9.9,12.1,14.3,12.2,4.5,-1.2,-3.8,-3.9,-4.0,-4.4,-3.3,-0.2,22.9,26.2,32.9,13.4,0.0,45.9,22.7,12.2,73.5,,,OBAnorm,,LD831_02097v2.403,,,,0,0
DENATRLA,2025-06-23 23:46:00.000,21.8,20.3,22.6,12.4,12.2,10.2,9.2,8.8,4.8,6.2,7.2,10.8,13.7,14.6,15.6,15.2,14.4,14.8,13.7,11.4,9.8,7.8,8.7,8.7,9.8,6.3,-2.7,-3.8,-3.8,-4.0,-4.5,-3.1,-0.1,21.7,26.2,32.2,13.4,0.0,45.9,22.7,12.2,73.5,,,OBAnorm,,LD831_02097v2.403,,,,0,0
DENATRLA,2025-06-23 23:46:01.000,25.2,22.9,23.4,15.7,10.6,11.4,8.6,8.0,4.1,6.1,8.6,11.6,12.3,14.3,15.1,15.1,13.6,14.5,13.5,11.2,9.0,6.8,3.4,2.2,3.0,-2.0,-3.8,-3.9,-3.8,-4.0,-4.5,-3.3,-0.3,20.3,25.4,34.1,13.4,0.0,45.9,22.7,12.2,73.5,,,OBAnorm,,LD831_02097v2.403,,,,0,0
DENATRLA,2025-06-23 23:46:02.000,23.8,23.8,17.8,13.9,10.6,10.5,12.0,6.2,4.3,6.1,7.9,10.8,13.0,14.4,14.7,14.7,13.8,14.4,13.0,11.7,9.0,6.3,3.3,4.3,4.0,2.0,-3.7,-3.9,-3.9,-4.0,-4.5,-3.3,-0.2,20.6,25.5,32.9,13.4,0.0,45.9,22.7,12.2,73.5,,,OBAnorm,,LD831_02097v2.403,,,,0,0
DENATRLA,2025-06-23 23:46:03.000,23.4,19.7,18.6,19.3,13.1,10.0,11.8,9.4,4.3,5.2,8.6,10.6,13.4,15.5,16.6,14.6,13.6,14.7,13.8,11.0,8.4,6.0,2.8,3.8,2.1,-0.9,-3.9,-3.9,-3.9,-4.0,-4.4,-3.3,-0.1,20.4,26.2,33.0,13.4,0.0,45.9,22.7,12.2,73.5,,,OBAnorm,,LD831_02097v2.403,,,,0,0
DENATRLA,2025-06-23 23:46:04.000,22.4,18.9,21.5,19.1,13.5,13.5,11.5,7.7,5.1,4.8,8.1,10.8,14.1,15.3,15.6,14.2,14.3,14.2,13.1,11.5,8.9,8.7,8.1,7.8,6.8,0.4,-3.8,-3.9,-3.9,-4.0,-4.5,-3.2,-0.3,21.1,25.8,32.9,13.4,0.0,45.9,22.7,12.2,73.5,,,OBAnorm,,LD831_02097v2.403,,,,0,0
DENATRLA,2025-06-23 23:46:05.000,17.8,22.5,20.0,15.2,12.9,8.4,12.1,10.1,6.7,5.6,8.3,11.6,13.4,14.5,15.6,14.6,14.0,14.7,13.2,11.8,9.5,9.0,9.6,11.7,9.2,2.3,-2.7,-3.8,-3.9,-3.9,-4.5,-3.3,-0.1,22.0,26.5,34.2,13.4,0.0,45.9,22.7,12.2,73.5,,,OBAnorm,,LD831_02097v2.403,,,,0,0
DENATRLA,2025-06-23 23:46:06.000,23.3,22.3,20.7,17.0,12.1,11.1,10.2,6.0,5.7,5.0,7.6,11.3,13.6,15.4,15.5,14.9,14.6,14.7,13.5,11.4,9.0,8.2,9.1,10.7,8.1,4.3,-3.1,-3.9,-3.9,-3.9,-4.5,-3.3,-0.1,21.6,25.5,33.2,13.4,0.0,45.9,22.7,12.2,73.5,,,OBAnorm,,LD831_02097v2.403,,,,0,0
DENATRLA,2025-06-23 23:46:07.000,17.1,24.2,20.4,14.5,13.3,9.5,11.3,8.4,6.1,3.7,9.0,11.6,12.6,14.8,16.1,14.4,15.2,14.6,13.2,11.6,8.9,9.1,9.2,12.4,11.9,3.4,-1.8,-2.4,-3.3,-3.5,-4.1,-3.3,-0.1,22.1,26.5,33.5,13.4,0.0,45.9,22.6,12.2,73.5,,,OBAnorm,,LD831_02097v2.403,,,,0,0
DENATRLA,2025-06-23 23:46:08.000,23.9,21.3,17.8,16.8,12.2,11.7,10.4,9.5,6.6,7.0,8.9,11.8,13.2,14.7,15.3,14.8,14.2,14.3,12.7,11.2,8.1,6.4,7.4,9.0,7.0,-0.1,-3.4,-3.9,-3.8,-4.1,-4.5,-3.3,-0.1,20.9,25.6,32.6,13.4,0.0,45.9,22.7,12.2,73.5,,,OBAnorm,,LD831_02097v2.403,,,,0,0
DENATRLA,2025-06-23 23:46:09.000,17.4,22.4,16.8,17.5,13.0,11.4,11.5,7.6,5.3,4.3,9.1,10.6,13.5,15.0,14.6,15.1,14.0,14.3,13.1,11.1,8.8,5.9,3.2,2.7,0.6,-1.7,-3.7,-3.9,-3.8,-4.0,-4.4,-3.3,-0.1,20.3,25.7,34.9,13.4,0.0,45.9,22.7,12.2,73.5,,,OBAnorm,,LD831_02097v2.403,,,,0,0
DENATRLA,2025-06-23 23:46:10.000,20.7,24.6,22.3,16.0,11.1,10.1,9.7,9.3,7.0,6.4,9.6,11.6,13.2,14.0,14.5,14.7,13.9,14.0,12.4,10.8,8.8,6.0,4.7,7.9,4.6,0.8,-3.6,-3.9,-3.8,-4.0,-4.5,-3.3,-0.3,20.4,25.7,33.9,13.4,0.0,45.9,22.7,12.2,73.5,,,OBAnorm,,LD831_02097v2.403,,,,0,0
DENATRLA,2025-06-23 23:46:11.000,19.9,21.8,19.9,14.2,12.9,12.6,8.0,8.2,7.2,5.1,7.9,11.6,13.0,14.4,15.8,14.4,14.7,14.7,13.2,11.0,10.4,11.7,12.9,12.1,10.0,5.7,-2.0,-3.8,-3.8,-4.0,-4.5,-3.3,-0.1,22.6,26.1,34.4,13.4,0.0,45.9,22.7,12.2,73.5,,,OBAnorm,,LD831_02097v2.403,,,,0,0
DENATRLA,2025-06-23 23:46:12.000,23.4,21.6,17.8,18.0,12.9,9.9,12.3,11.0,7.3,5.1,8.6,11.6,13.2,15.4,15.4,14.4,13.7,14.2,12.8,11.3,8.9,6.7,6.6,9.3,5.7,2.3,-2.3,-3.8,-3.9,-4.0,-4.5,-3.4,-0.1,20.8,26.2,35.2,13.4,0.0,45.9,22.7,12.2,73.5,,,OBAnorm,,LD831_02097v2.403,,,,0,0
DENATRLA,2025-06-23 23:46:13.000,24.4,22.7,19.1,17.5,12.2,10.2,11.4,8.5,5.9,5.4,7.4,10.6,12.5,12.6,15.0,14.6,13.9,13.8,13.7,11.4,8.5,7.2,6.0,8.9,4.1,-0.3,-3.6,-3.8,-3.8,-3.9,-4.4,-3.2,0.0,20.8,25.2,34.5,13.4,0.0,45.9,22.7,12.2,73.5,,,OBAnorm,,LD831_02097v2.403,,,,0,0
DENATRLA,2025-06-23 23:46:14.000,25.7,22.7,18.4,16.4,10.8,12.3,11.4,11.2,6.1,7.0,7.5,11.0,13.4,13.8,15.7,15.3,14.7,14.0,13.7,11.8,8.8,6.1,4.1,2.1,-0.5,-1.8,-3.7,-3.9,-3.9,-3.9,-4.5,-3.2,-0.2,20.6,26.1,34.8,13.4,0.0,45.9,22.7,12.2,73.5,,,OBAnorm,,LD831_02097v2.403,,,,0,0
DENATRLA,2025-06-23 23:46:15.000,25.0,18.4,17.3,14.6,10.8,11.8,10.4,7.5,4.4,7.5,6.8,11.0,12.6,13.5,16.2,14.4,14.1,14.4,13.4,11.7,9.1,6.9,5.2,7.4,5.0,0.2,-3.1,-3.9,-3.8,-4.0,-4.5,-3.2,-0.1,20.9,25.7,35.8,13.4,0.0,45.9,22.6,12.2,73.5,,,OBAnorm,,LD831_02097v2.403,,,,0,0
DENATRLA,2025-06-23 23:46:16.000,23.0,21.9,22.6,15.8,11.4,12.6,10.9,8.9,7.3,5.8,8.7,9.8,13.9,14.9,15.6,14.5,15.0,14.0,13.5,12.7,9.6,7.2,6.0,4.2,0.9,-1.2,-3.8,-3.8,-3.8,-4.1,-4.5,-3.2,-0.2,20.8,25.8,34.6,13.4,0.0,45.9,22.7,12.2,73.5,,,OBAnorm,,LD831_02097v2.403,,,,0,0
DENATRLA,2025-06-23 23:46:17.000,21.9,20.6,20.2,12.3,14.5,10.9,10.4,8.0,5.7,5.9,7.8,10.8,13.1,15.2,16.2,14.7,14.7,14.3,13.5,12.2,10.8,9.2,15.1,16.0,17.4,3.9,-3.4,-3.8,-3.8,-4.0,-4.5,-3.1,-0.2,24.7,27.0,32.7,13.4,0.0,46.0,22.7,12.2,73.5,,,OBAnorm,,LD831_02097v2.403,,,,0,0
DENATRLA,2025-06-23 23:46:18.000,21.1,19.3,19.0,14.6,10.2,12.0,9.7,10.5,5.0,5.5,7.5,10.9,13.7,15.1,14.0,15.7,14.3,14.8,14.0,12.3,10.8,7.7,6.1,6.3,5.3,3.2,-3.4,-3.8,-3.8,-3.9,-4.4,-3.1,0.0,21.2,26.3,36.1,13.4,0.0,45.9,22.7,12.2,73.5,,,OBAnorm,,LD831_02097v2.403,,,,0,0
DENATRLA,2025-06-23 23:46:19.000,21.4,19.1,22.0,18.2,11.5,10.6,12.2,8.9,4.3,7.3,9.1,11.5,13.2,15.1,15.1,14.6,14.3,14.7,13.6,11.5,9.6,7.3,4.5,2.2,1.5,-1.6,-3.8,-3.9,-3.8,-4.0,-4.5,-3.2,-0.1,20.6,26.1,42.0,13.4,0.0,45.9,22.6,12.2,73.5,,,OBAnorm,,LD831_02097v2.403,,,,0,0
DENATRLA,2025-06-23 23:46:20.000,22.4,22.3,20.4,15.2,10.4,12.2,11.0,8.1,6.2,6.5,10.5,10.5,13.4,15.3,15.1,14.9,14.6,14.6,13.7,12.0,9.8,9.0,12.2,12.4,10.3,0.7,-3.7,-3.9,-3.8,-4.1,-4.5,-3.2,-0.1,22.5,26.8,38.4,13.4,0.0,45.9,22.7,12.2,73.5,,,OBAnorm,,LD831_02097v2.403,,,,0,0
DENATRLA,2025-06-23 23:46:21.000,25.6,21.8,24.7,16.2,10.9,12.1,11.2,8.9,6.8,5.5,9.3,10.9,14.0,14.5,15.8,15.5,14.5,15.2,13.8,12.4,9.8,9.4,11.2,10.2,10.2,2.6,-3.0,-3.8,-3.8,-4.0,-4.5,-3.2,-0.1,22.3,26.3,33.8,13.4,0.0,45.9,22.7,12.2,73.5,,,OBAnorm,,LD831_02097v2.403,,,,0,0
DENATRLA,2025-06-23 23:46:22.000,20.9,24.3,20.9,15.9,12.6,13.0,8.1,6.7,4.7,6.5,8.7,11.2,13.9,15.2,14.6,14.9,15.0,14.3,13.6,11.5,9.0,8.2,8.0,16.5,10.2,3.5,-0.9,-3.7,-3.9,-4.0,-4.4,-3.4,-0.2,22.8,26.7,36.7,13.4,0.0,45.9,22.3,12.2,73.5,,,OBAnorm,,LD831_02097v2.403,,,,0,0
DENATRLA,2025-06-23 23:46:23.000,25.9,18.7,20.8,15.6,11.7,8.9,9.4,8.3,5.5,6.6,7.6,11.7,13.2,14.1,16.2,15.8,14.4,14.8,13.4,11.4,10.0,10.1,10.1,10.1,16.0,4.7,-2.9,-3.9,-3.8,-4.0,-4.4,-3.3,-0.2,23.8,26.7,37.4,13.4,0.0,45.9,22.7,12.2,73.5,,,OBAnorm,,LD831_02097v2.403,,,,0,0
DENATRLA,2025-06-23 23:46:24.000,22.6,23.4,19.8,15.0,11.5,9.4,11.6,9.5,4.1,3.0,8.6,11.9,13.8,15.3,16.3,14.4,14.3,14.2,13.3,11.2,9.3,9.9,13.0,18.4,14.2,-1.5,-3.6,-3.9,-3.9,-4.0,-4.5,-3.3,-0.1,23.6,26.7,35.4,13.4,0.0,45.9,22.6,12.2,73.5,,,OBAnorm,,LD831_02097v2.403,,,,0,0
DENATRLA,2025-06-23 23:46:25.000,24.4,21.5,21.3,15.3,14.1,13.0,7.5,9.4,7.1,7.3,9.2,11.9,13.8,15.2,14.8,15.5,14.0,14.8,14.0,12.4,9.2,7.4,9.3,5.1,1.7,-1.9,-3.9,-3.9,-3.9,-4.0,-4.5,-3.2,-0.1,21.2,26.3,33.9,13.4,0.0,45.9,22.7,12.2,73.5,,,OBAnorm,,LD831_02097v2.403,,,,0,0
DENATRLA,2025-06-23 23:46:26.000,21.1,23.1,18.6,16.1,13.9,11.4,11.0,8.6,6.9,6.6,8.8,11.7,14.3,14.8,15.3,14.9,14.2,14.5,13.7,11.7,9.6,8.0,9.1,8.8,8.7,2.0,-2.5,-3.9,-3.9,-4.0,-4.5,-3.3,-0.1,21.5,26.6,36.4,13.4,0.0,45.9,22.7,12.2,72.9,,,OBAnorm,,LD831_02097v2.403,,,,0,0
DENATRLA,2025-06-23 23:46:27.000,22.4,22.7,19.9,18.8,11.6,11.5,13.3,10.1,6.6,6.0,10.1,12.3,14.2,14.4,15.2,15.7,14.1,14.1,13.5,12.0,8.9,9.5,6.5,8.9,7.5,3.2,-3.5,-3.9,-3.9,-4.0,-4.4,-3.3,-0.1,21.5,26.6,34.9,13.4,0.0,45.9,22.7,12.2,72.9,,,OBAnorm,,LD831_02097v2.403,,,,0,0
DENATRLA,2025-06-23 23:46:28.000,20.5,21.4,22.0,16.1,12.3,14.4,11.6,8.0,6.7,6.5,9.6,11.6,14.1,15.3,14.6,15.6,14.4,15.2,14.1,11.3,9.8,8.3,6.9,8.4,9.0,2.5,-3.8,-3.9,-3.8,-4.0,-4.5,-3.3,-0.3,21.5,26.7,35.6,13.4,0.0,45.9,22.6,12.2,72.9,,,OBAnorm,,LD831_02097v2.403,,,,0,0
DENATRLA,2025-06-23 23:46:29.000,27.8,20.4,18.5,17.8,13.3,12.9,12.6,5.6,7.2,6.7,9.8,11.5,13.8,14.9,15.6,15.0,13.6,14.1,13.9,12.6,10.5,8.4,5.4,5.5,2.1,0.2,-3.8,-3.9,-3.8,-4.0,-4.6,-3.4,-0.2,21.1,26.0,33.8,13.4,0.0,45.9,22.6,12.2,72.9,,,OBAnorm,,LD831_02097v2.403,,,,0,0
DENATRLA,2025-06-23 23:46:30.000,24.9,21.0,21.3,13.8,8.5,11.1,11.2,8.2,5.5,7.4,9.1,11.2,13.9,15.5,16.5,15.2,14.2,15.1,14.8,13.1,11.1,10.6,10.7,14.8,10.3,2.3,-3.9,-3.9,-3.8,-4.0,-4.5,-3.3,-0.1,23.2,27.4,36.5,13.4,0.0,45.9,22.7,12.2,72.9,,,OBAnorm,,LD831_02097v2.403,,,,0,0
DENATRLA,2025-06-23 23:46:31.000,27.7,21.3,21.2,10.2,14.8,11.6,12.1,10.1,5.6,5.0,9.4,13.0,14.3,15.4,14.8,14.5,15.4,14.9,14.9,12.4,10.6,10.6,10.9,13.8,11.0,7.4,-1.6,-3.9,-3.9,-4.1,-4.4,-3.2,-0.2,23.1,27.1,35.3,13.4,0.0,45.9,22.7,12.2,72.9,,,OBAnorm,,LD831_02097v2.403,,,,0,0
DENATRLA,2025-06-23 23:46:32.000,23.2,23.9,21.2,16.8,12.7,12.7,14.3,11.3,6.5,6.6,9.4,13.0,14.8,14.6,14.9,15.2,14.3,15.4,13.8,12.9,10.9,10.0,5.9,4.9,3.2,0.9,-3.8,-3.9,-3.9,-4.0,-4.4,-3.3,-0.2,21.6,26.7,35.6,13.4,0.0,45.9,22.7,12.2,73.5,,,OBAnorm,,LD831_02097v2.403,,,,0,0
DENATRLA,2025-06-23 23:46:33.000,26.5,24.4,20.6,16.4,12.5,13.8,12.9,9.4,6.8,7.9,9.5,12.6,14.7,15.3,16.4,14.8,14.7,14.8,14.7,13.0,10.8,9.5,9.1,13.1,11.1,3.2,-3.3,-3.8,-3.9,-4.0,-4.5,-3.4,-0.2,22.8,27.1,34.1,13.4,0.0,45.9,22.6,12.2,73.5,,,OBAnorm,,LD831_02097v2.403,,,,0,0
DENATRLA,2025-06-23 23:46:34.000,26.3,24.4,19.7,16.7,10.9,13.0,14.2,9.9,8.6,7.8,9.6,13.3,13.5,16.1,16.0,15.9,14.9,15.4,15.3,14.2,12.1,9.6,8.7,10.6,9.5,3.3,-3.6,-3.9,-3.9,-4.0,-4.5,-3.3,-0.1,22.8,27.4,35.7,13.4,0.0,45.9,22.6,12.2,73.5,,,OBAnorm,,LD831_02097v2.403,,,,0,0
DENATRLA,2025-06-23 23:46:35.000,23.8,24.2,20.9,16.4,13.1,14.8,12.8,9.5,6.0,8.2,10.2,12.9,15.0,14.4,16.6,15.7,14.9,16.1,15.3,14.2,12.2,10.0,8.5,12.7,9.1,3.5,-2.3,-3.8,-3.9,-4.0,-4.5,-3.3,-0.2,23.2,27.2,34.5,13.4,0.0,45.9,22.7,12.2,73.5,,,OBAnorm,,LD831_02097v2.403,,,,0,0
DENATRLA,2025-06-23 23:46:36.000,27.3,20.9,21.7,16.4,12.3,11.8,12.4,9.6,7.1,7.3,8.3,12.1,15.9,16.5,16.3,15.3,14.8,15.3,14.7,14.2,12.0,8.9,6.4,4.4,3.0,-0.2,-3.8,-3.9,-3.8,-4.0,-4.5,-3.2,-0.3,22.0,27.4,34.9,13.4,0.0,45.9,22.7,12.2,73.5,,,OBAnorm,,LD831_02097v2.403,,,,0,0
DENATRLA,2025-06-23 23:46:37.000,24.6,23.1,19.2,18.1,12.5,13.7,12.1,10.2,7.1,7.7,11.5,12.1,16.5,16.3,16.5,15.4,14.9,16.4,15.6,13.5,11.9,8.9,5.8,3.9,2.0,-0.1,-3.6,-3.9,-3.8,-4.0,-4.4,-3.2,-0.2,22.2,27.3,34.7,13.4,0.0,45.9,22.7,12.2,73.5,,,OBAnorm,,LD831_02097v2.403,,,,0,0
DENATRLA,2025-06-23 23:46:38.000,26.2,26.4,21.5,14.9,16.4,14.3,11.7,11.0,8.3,8.0,10.5,12.1,15.7,15.6,15.9,15.9,14.8,15.9,14.8,13.6,11.8,10.7,10.4,11.8,8.6,2.6,-3.5,-3.9,-3.8,-4.0,-4.4,-3.3,-0.1,23.0,27.7,37.1,13.4,0.0,45.9,22.6,12.2,73.5,,,OBAnorm,,LD831_02097v2.403,,,,0,0
DENATRLA,2025-06-23 23:46:39.000,23.2,22.5,21.6,17.1,14.7,15.1,12.2,10.5,7.3,5.6,8.9,12.1,14.1,15.8,16.2,16.2,14.6,16.2,15.1,14.1,11.9,10.5,10.2,11.7,8.8,4.5,-2.9,-3.9,-3.8,-4.0,-4.5,-3.3,-0.2,23.2,27.7,37.6,13.4,0.0,45.9,22.6,12.2,73.5,,,OBAnorm,,LD831_02097v2.403,,,,0,0
DENATRLA,2025-06-23 23:46:40.000,24.2,24.4,22.3,15.4,13.3,12.9,14.1,11.1,7.4,7.3,9.2,12.6,16.1,15.7,16.7,15.6,14.9,16.5,15.4,14.0,11.5,10.2,13.1,17.1,16.3,11.5,-0.5,-3.8,-3.8,-4.0,-4.4,-3.2,-0.2,25.2,28.0,40.8,13.4,0.0,46.0,22.6,12.2,73.5,,,OBAnorm,,LD831_02097v2.403,,,,0,0
DENATRLA,2025-06-23 23:46:41.000,26.4,22.4,19.0,17.1,13.7,14.2,11.9,9.7,5.4,6.1,9.6,11.9,13.9,16.1,17.3,15.7,15.4,15.6,15.5,13.8,12.1,9.7,8.1,8.1,7.0,6.4,1.2,-3.4,-3.8,-3.9,-4.4,-3.2,-0.1,22.7,28.0,43.6,13.4,0.0,45.9,22.7,12.2,73.5,,,OBAnorm,,LD831_02097v2.403,,,,0,0
DENATRLA,2025-06-23 23:46:42.000,25.3,23.7,21.7,16.3,13.0,15.0,15.2,9.7,8.1,5.5,10.1,10.7,14.5,15.7,15.8,14.3,14.7,15.2,14.7,13.4,11.0,9.1,6.2,5.7,3.8,-0.5,-3.1,-3.7,-3.8,-3.9,-4.4,-3.3,-0.2,21.7,26.8,38.5,13.4,0.0,45.9,22.6,12.2,73.5,,,OBAnorm,,LD831_02097v2.403,,,,0,0
DENATRLA,2025-06-23 23:46:43.000,22.0,24.4,23.3,18.7,12.0,13.6,13.3,11.0,7.4,6.0,9.0,12.0,13.9,15.1,15.9,15.1,13.9,14.8,14.1,12.2,10.7,8.3,5.5,3.9,2.0,-0.6,-3.4,-3.9,-3.9,-4.0,-4.5,-3.3,-0.2,21.3,27.0,36.0,13.4,0.0,45.9,22.7,12.2,73.5,,,OBAnorm,,LD831_02097v2.403,,,,0,0
DENATRLA,2025-06-23 23:46:44.000,26.6,21.7,18.9,16.9,10.7,15.5,13.8,10.7,7.5,6.8,8.8,12.0,14.0,15.0,15.3,15.7,14.6,14.5,13.8,11.8,10.1,9.2,10.6,11.6,2.1,-0.5,-3.6,-3.9,-3.8,-4.0,-4.5,-3.3,-0.2,21.9,27.2,36.5,13.4,0.0,45.9,22.6,12.2,73.5,,,OBAnorm,,LD831_02097v2.403,,,,0,0
DENATRLA,2025-06-23 23:46:45.000,22.9,23.8,23.0,17.0,15.0,12.3,12.0,10.5,6.1,6.7,9.7,12.5,13.9,15.7,15.8,15.9,14.7,14.9,14.3,12.9,10.6,8.7,10.2,13.2,15.3,5.1,-0.3,-3.9,-3.8,-4.0,-4.5,-3.2,-0.1,23.4,27.5,35.1,13.4,0.0,45.9,22.6,12.2,73.5,,,OBAnorm,,LD831_02097v2.403,,,,0,0
DENATRLA,2025-06-23 23:46:46.000,24.7,26.2,24.1,17.1,13.7,11.9,10.4,8.6,6.7,6.9,9.5,12.9,14.0,14.9,15.6,16.1,15.0,15.2,14.3,12.5,10.6,8.4,5.9,6.2,3.2,-0.1,-3.4,-3.9,-3.8,-4.0,-4.4,-3.3,-0.1,21.6,26.5,34.2,13.4,0.0,45.9,22.6,12.2,73.5,,,OBAnorm,,LD831_02097v2.403,,,,0,0
DENATRLA,2025-06-23 23:46:47.000,29.5,22.2,22.2,18.8,13.7,12.1,14.7,9.4,7.5,7.8,10.0,12.4,14.6,15.2,16.2,15.2,15.2,15.6,15.2,13.3,11.2,10.0,10.4,11.0,12.9,0.0,-3.5,-3.8,-3.8,-4.0,-4.4,-3.3,-0.3,23.1,27.5,35.4,13.4,0.0,45.9,22.6,12.2,73.5,,,OBAnorm,,LD831_02097v2.403,,,,0,0
DENATRLA,2025-06-23 23:46:48.000,25.1,21.7,17.7,11.9,14.2,15.0,12.2,10.8,7.4,6.7,10.2,11.9,14.2,16.4,16.2,14.5,15.0,15.3,15.0,13.5,11.3,11.3,11.1,12.4,12.8,5.2,-2.4,-3.9,-3.9,-4.0,-4.4,-3.2,-0.2,23.4,26.9,36.8,13.4,0.0,45.9,22.6,12.2,74.0,,,OBAnorm,,LD831_02097v2.403,,,,0,0
DENATRLA,2025-06-23 23:46:49.000,21.5,24.9,18.3,14.6,14.5,11.8,11.5,11.2,6.4,6.0,11.3,12.4,15.0,16.1,16.2,16.3,14.8,16.4,14.9,13.2,10.8,11.0,11.0,13.5,5.6,0.3,-3.5,-3.9,-3.9,-4.0,-4.5,-3.4,-0.1,23.1,27.6,35.0,13.4,0.0,45.9,22.6,12.2,74.0,,,OBAnorm,,LD831_02097v2.403,,,,0,0
DENATRLA,2025-06-23 23:46:50.000,27.1,22.0,19.3,15.5,14.1,10.8,15.3,11.2,6.8,7.5,8.3,12.2,15.1,15.8,14.7,15.0,14.9,14.8,13.7,12.5,10.2,10.6,10.8,13.6,11.8,5.2,-3.1,-3.9,-3.8,-4.0,-4.4,-3.3,-0.2,22.9,26.9,34.8,13.4,0.0,45.9,22.6,12.2,74.0,,,OBAnorm,,LD831_02097v2.403,,,,0,0
DENATRLA,2025-06-23 23:46:51.000,25.0,24.2,20.4,15.8,14.0,12.3,15.2,10.7,9.0,6.9,9.1,11.5,14.9,16.1,16.5,15.4,15.6,16.2,14.9,12.5,10.3,8.1,7.5,6.8,5.6,0.9,-3.7,-3.9,-3.8,-4.0,-4.5,-3.3,-0.1,21.9,27.7,38.7,13.4,0.0,45.9,22.6,12.2,74.0,,,OBAnorm,,LD831_02097v2.403,,,,0,0
DENATRLA,2025-06-23 23:46:52.000,25.3,23.8,17.3,15.3,12.7,16.8,13.8,9.4,5.6,6.7,9.9,14.0,14.5,15.8,16.6,14.5,14.6,15.2,14.2,13.1,10.9,9.5,8.0,8.1,4.6,5.3,-2.8,-3.7,-3.8,-4.0,-4.4,-3.2,-0.1,22.0,28.0,43.7,13.4,0.0,45.9,22.6,12.2,74.0,,,OBAnorm,,LD831_02097v2.403,,,,0,0
DENATRLA,2025-06-23 23:46:53.000,25.1,25.7,21.1,15.8,15.2,15.9,12.7,10.8,8.7,6.9,9.7,12.6,14.5,16.3,16.5,15.6,15.4,15.8,14.6,12.6,10.8,8.4,5.7,7.4,2.9,0.1,-3.9,-3.9,-3.9,-4.0,-4.4,-3.2,-0.2,21.7,27.3,38.6,13.4,0.0,45.9,22.6,12.2,74.0,,,OBAnorm,,LD831_02097v2.403,,,,0,0
DENATRLA,2025-06-23 23:46:54.000,29.5,23.1,21.4,13.4,13.8,17.7,13.0,8.9,6.4,7.1,12.1,13.4,15.7,16.1,16.9,14.7,13.9,15.8,14.9,13.2,11.1,11.3,8.5,12.0,2.5,-0.4,-2.5,-3.7,-3.6,-3.9,-4.4,-3.3,-0.2,22.7,29.0,38.7,13.4,0.0,45.9,22.6,12.2,74.0,,,OBAnorm,,LD831_02097v2.403,,,,0,0
DENATRLA,2025-06-23 23:46:55.000,23.8,23.5,23.5,19.2,13.9,13.3,16.1,16.0,9.0,8.7,11.8,12.9,15.3,15.1,16.5,16.1,15.0,15.4,14.7,14.2,11.6,13.0,13.6,16.8,14.6,5.9,-1.4,-3.4,-3.6,-3.9,-4.4,-3.0,-0.2,24.7,30.0,43.6,13.4,0.0,45.9,22.6,12.2,74.0,,,OBAnorm,,LD831_02097v2.403,,,,0,0
DENATRLA,2025-06-23 23:46:56.000,23.3,29.9,25.1,26.7,16.1,17.4,15.9,15.2,6.7,9.2,10.9,13.9,14.4,16.1,15.6,16.3,14.2,15.3,15.5,12.6,11.1,10.5,10.2,13.1,9.6,1.9,-3.5,-3.8,2.8,-3.9,-4.5,-3.3,-0.2,23.0,27.9,43.4,13.4,0.0,46.0,22.6,12.2,74.0,,,OBAnorm,,LD831_02097v2.403,,,,0,0
DENATRLA,2025-06-23 23:46:57.000,32.0,26.5,22.1,17.8,17.3,14.4,11.8,11.5,8.6,8.0,9.7,13.4,15.2,15.6,16.5,15.2,14.6,14.9,15.8,12.7,10.8,9.0,6.1,3.4,2.1,-0.8,-3.0,-3.9,-3.8,-4.0,-4.5,-3.2,-0.1,21.7,27.4,39.9,13.4,0.0,45.9,22.6,12.2,74.0,,,OBAnorm,,LD831_02097v2.403,,,,0,0
DENATRLA,2025-06-23 23:46:58.000,26.8,24.9,20.5,18.0,13.0,14.1,16.7,16.4,9.8,7.1,10.0,12.9,14.1,15.2,16.4,15.8,14.4,15.0,14.8,12.5,11.1,8.3,12.5,9.7,9.1,4.4,-1.7,-3.8,-3.8,-3.8,-4.5,-3.1,-0.1,22.6,28.2,40.7,13.4,0.0,45.9,22.6,12.2,74.0,,,OBAnorm,,LD831_02097v2.403,,,,0,0
DENATRLA,2025-06-23 23:46:59.000,26.7,20.3,24.0,23.3,14.8,16.1,12.2,11.4,8.2,7.8,9.4,11.2,14.7,14.5,16.1,15.5,14.0,15.5,14.7,12.1,10.7,7.8,5.8,4.7,1.4,1.1,-3.0,-3.8,12.8,-3.9,-4.5,-3.2,-0.2,21.8,26.9,37.9,13.4,0.0,45.9,22.7,12.2,74.0,,,OBAnorm,,LD831_02097v2.403,,,,0,0
DENATRLA,2025-06-23 23:47:00.000,23.1,26.9,19.6,17.5,15.6,13.7,12.6,9.0,5.8,6.8,9.5,13.4,13.4,15.7,15.7,15.4,14.1,14.8,14.2,12.4,10.7,8.9,7.2,9.7,7.0,-2.1,-3.8,-3.9,-3.8,-4.0,-4.5,-3.1,-0.2,21.9,27.0,41.6,13.4,0.0,45.9,22.6,12.2,74.0,,,OBAnorm,,LD831_02097v2.403,,,,0,0
DENATRLA,2025-06-23 23:47:01.000,24.1,22.3,21.5,18.9,16.0,14.0,13.6,9.1,6.8,6.2,9.4,12.8,14.4,14.9,15.8,14.5,15.3,15.0,14.5,12.7,10.5,10.4,11.3,12.6,12.2,8.3,-3.4,-3.9,-3.8,-4.0,-4.5,-3.2,-0.1,23.0,27.3,39.8,13.4,0.0,45.9,22.6,12.2,74.0,,,OBAnorm,,LD831_02097v2.403,,,,0,0
DENATRLA,2025-06-23 23:47:02.000,26.8,21.1,21.0,16.6,11.8,12.9,13.8,9.9,7.0,6.2,8.9,14.3,14.1,15.0,15.6,15.3,14.3,15.0,13.6,12.6,10.3,8.0,5.4,7.1,4.7,3.2,-3.3,-3.9,-3.9,-3.9,-4.5,-3.4,-0.2,21.4,27.4,38.7,13.4,0.0,45.9,22.6,12.2,74.0,,,OBAnorm,,LD831_02097v2.403,,,,0,0
DENATRLA,2025-06-23 23:47:03.000,24.7,22.2,19.4,17.3,15.0,14.2,13.9,10.8,5.4,6.9,10.3,12.5,14.4,16.2,15.7,14.8,14.5,14.4,14.6,11.9,10.7,10.6,10.2,13.1,11.9,5.3,-3.7,-3.9,4.6,-4.0,-4.5,-3.2,-0.2,22.9,27.8,40.2,13.4,0.0,45.9,22.6,12.2,74.0,,,OBAnorm,,LD831_02097v2.403,,,,0,0
DENATRLA,2025-06-23 23:47:04.000,25.4,25.1,23.2,14.9,14.9,14.7,11.5,10.8,6.5,9.3,10.5,11.8,13.9,14.5,15.3,15.1,14.3,14.9,14.1,12.7,11.0,9.0,6.5,7.9,6.3,2.1,-1.3,-3.8,7.2,-4.0,-4.4,-3.1,-0.3,21.7,27.3,39.0,13.4,0.0,45.9,22.6,12.2,74.0,,,OBAnorm,,LD831_02097v2.403,,,,0,0
DENATRLA,2025-06-23 23:47:05.000,29.9,26.0,19.6,17.7,13.4,13.1,15.9,12.7,7.7,7.5,9.0,12.3,15.6,15.5,16.2,16.1,14.6,15.1,14.8,13.1,10.8,8.3,5.0,2.2,0.2,-0.7,-3.6,-3.9,-3.8,-3.9,-4.4,-3.1,0.0,21.5,27.6,39.5,13.4,0.0,45.9,22.6,12.2,74.0,,,OBAnorm,,LD831_02097v2.403,,,,0,0
DENATRLA,2025-06-23 23:47:06.000,28.4,22.3,23.7,15.9,12.4,11.0,12.1,13.0,6.9,8.2,10.2,12.8,12.8,15.2,16.0,15.1,14.7,15.4,15.0,13.1,10.6,8.9,5.0,3.8,0.7,-1.4,-3.0,-3.7,-3.7,-3.8,-4.4,-3.1,-0.2,21.6,27.9,42.4,13.4,0.0,45.9,22.6,12.2,74.0,,,OBAnorm,,LD831_02097v2.403,,,,0,0
DENATRLA,2025-06-23 23:47:07.000,24.7,24.3,22.3,19.3,17.0,15.8,13.2,12.1,7.9,8.2,9.9,13.4,14.8,17.0,16.9,16.7,15.1,15.4,17.3,12.8,11.5,9.8,10.4,14.4,11.9,6.0,-2.3,-3.7,-3.7,-3.9,-4.2,-2.9,-0.1,23.9,28.1,41.2,13.4,0.0,45.9,22.6,12.2,74.0,,,OBAnorm,,LD831_02097v2.403,,,,0,0
DENATRLA,2025-06-23 23:47:08.000,28.3,23.9,22.7,19.0,14.7,13.2,13.1,9.3,6.4,8.9,10.2,12.5,15.6,15.1,16.8,16.0,14.9,15.8,15.5,12.5,11.1,11.3,15.6,14.7,13.1,4.9,-2.6,-3.8,-3.8,-3.9,-4.4,-3.1,-0.1,24.4,28.2,39.1,13.4,0.0,45.9,22.6,12.2,74.0,,,OBAnorm,,LD831_02097v2.403,,,,0,0
DENATRLA,2025-06-23 23:47:09.000,28.5,22.8,23.6,15.5,12.7,17.4,13.3,12.7,5.6,7.3,9.9,12.3,14.3,16.1,17.4,15.6,14.4,15.4,15.4,12.7,10.6,10.2,13.3,12.5,12.5,8.7,-0.5,-3.9,-3.8,-4.0,-4.5,-3.1,-0.1,23.6,28.0,38.7,13.4,0.0,45.9,22.6,12.2,74.0,,,OBAnorm,,LD831_02097v2.403,,,,0,0
DENATRLA,2025-06-23 23:47:10.000,23.4,23.8,20.6,18.9,9.2,14.8,10.3,11.2,7.8,6.2,10.1,13.4,14.6,15.8,16.6,16.0,14.2,15.1,14.9,13.1,10.5,8.7,8.8,9.8,4.0,-1.2,-3.8,-3.9,-3.8,-4.0,-4.4,-3.3,-0.1,22.1,27.2,39.3,13.4,0.0,45.9,22.6,12.2,74.0,,,OBAnorm,,LD831_02097v2.403,,,,0,0
DENATRLA,2025-06-23 23:47:11.000,24.6,24.1,24.2,15.2,14.3,12.3,10.7,9.1,8.9,6.2,8.8,14.4,15.1,15.6,16.0,15.5,14.5,15.0,14.8,13.1,10.7,8.5,7.2,7.7,11.6,3.3,-2.4,-3.8,8.4,-4.0,-4.5,-3.2,-0.2,22.5,27.1,37.5,13.4,0.0,45.9,22.6,12.2,74.0,,,OBAnorm,,LD831_02097v2.403,,,,0,0
DENATRLA,2025-06-23 23:47:12.000,21.0,27.1,19.5,14.9,13.6,12.1,11.7,10.2,7.0,6.1,10.3,12.0,15.1,14.5,16.5,15.6,15.3,15.9,14.6,13.2,11.8,9.9,14.4,10.4,7.3,-1.0,-3.5,-3.9,-3.4,-4.0,-4.5,-3.2,-0.1,23.2,27.2,34.0,13.4,0.0,46.0,22.6,12.2,74.0,,,OBAnorm,,LD831_02097v2.403,,,,0,0
DENATRLA,2025-06-23 23:47:13.000,22.0,18.8,20.1,18.6,12.9,17.4,13.8,13.3,6.6,7.2,9.7,14.2,13.8,16.5,16.9,16.9,15.7,15.8,15.2,12.9,11.7,10.5,16.3,15.5,13.6,8.9,1.2,-3.8,-3.7,-3.9,-4.4,-3.2,-0.2,24.8,28.2,34.7,13.4,0.0,45.9,22.6,12.2,74.0,,,OBAnorm,,LD831_02097v2.403,,,,0,0
DENATRLA,2025-06-23 23:47:14.000,25.7,22.6,17.7,13.4,16.7,10.9,11.9,12.0,8.6,7.2,9.3,13.2,15.5,15.4,16.8,15.5,14.8,16.0,15.1,13.5,11.7,8.5,5.5,2.5,0.4,-0.2,-2.2,-3.9,-3.8,-3.9,-4.2,-3.2,-0.1,21.8,27.4,38.2,13.4,0.0,45.9,22.6,12.2,74.0,,,OBAnorm,,LD831_02097v2.403,,,,0,0
DENATRLA,2025-06-23 23:47:15.000,27.8,24.6,20.6,16.5,13.1,14.1,12.1,13.9,6.3,7.8,10.2,13.9,13.7,17.0,16.6,15.9,15.0,15.4,15.6,14.0,11.6,9.6,7.8,5.5,3.1,-0.4,-2.6,-3.5,-3.8,-4.0,-4.5,-3.3,-0.1,22.3,27.9,43.2,13.4,0.0,45.9,22.6,12.2,74.0,,,OBAnorm,,LD831_02097v2.403,,,,0,0
DENATRLA,2025-06-23 23:47:16.000,24.2,25.0,20.5,17.9,12.4,12.8,13.5,10.6,8.4,6.7,11.3,12.6,15.3,16.5,15.8,15.5,15.3,16.0,15.1,13.2,11.1,10.3,12.4,15.2,18.3,6.4,-0.4,-3.7,-3.6,-3.8,-4.3,-3.2,-0.2,24.9,28.3,43.5,13.4,0.0,45.9,22.6,12.2,74.0,,,OBAnorm,,LD831_02097v2.403,,,,0,0
DENATRLA,2025-06-23 23:47:17.000,26.5,25.0,21.4,16.8,13.6,12.0,12.3,9.3,8.9,7.0,9.5,12.8,14.4,16.1,16.6,15.8,14.8,15.8,15.5,13.5,11.2,9.8,8.4,10.3,7.1,6.1,2.6,-3.8,-3.8,-3.9,-4.5,-3.3,-0.2,22.8,27.6,40.8,13.4,0.0,45.9,22.6,12.1,74.0,,,OBAnorm,,LD831_02097v2.403,,,,0,0
DENATRLA,2025-06-23 23:47:18.000,23.2,19.7,21.5,19.2,14.0,11.3,13.8,11.2,10.6,8.3,10.3,13.0,15.5,16.9,17.2,16.0,15.5,16.2,14.7,14.2,12.2,11.6,13.4,17.9,14.6,5.0,-2.1,-3.8,-3.8,-3.9,-4.3,-3.2,-0.2,25.1,28.3,36.4,13.4,0.0,46.0,22.6,12.1,74.0,,,OBAnorm,,LD831_02097v2.403,,,,0,0
DENATRLA,2025-06-23 23:47:19.000,20.2,20.6,20.8,19.5,14.1,11.1,14.4,12.3,9.0,6.8,10.4,13.6,16.1,17.4,17.6,15.2,16.0,16.8,15.5,13.7,11.8,9.0,7.1,10.0,8.7,3.4,1.5,-3.7,-3.9,-4.0,-4.5,-3.2,-0.2,23.0,28.0,37.4,13.4,0.0,45.9,22.6,12.1,74.0,,,OBAnorm,,LD831_02097v2.403,,,,0,0
DENATRLA,2025-06-23 23:47:20.000,26.8,24.2,18.0,15.8,12.1,15.8,12.5,10.5,8.2,8.7,10.8,13.1,15.0,16.5,16.2,15.9,16.4,16.8,15.4,14.8,12.7,10.1,8.6,7.4,4.2,0.6,-3.1,-3.8,-3.8,-4.0,-4.5,-3.4,-0.2,22.9,27.9,36.6,13.4,0.0,45.9,22.6,12.1,74.0,,,OBAnorm,,LD831_02097v2.403,,,,0,0
DENATRLA,2025-06-23 23:47:21.000,27.8,22.5,19.4,14.6,15.2,14.4,14.9,12.7,9.1,7.8,10.3,14.1,15.7,16.4,16.6,16.7,15.6,16.7,15.4,13.5,11.4,10.7,7.0,15.3,4.1,-1.3,-4.0,-3.9,-3.8,-3.9,-4.5,-3.4,-0.1,23.4,28.1,36.4,13.4,0.0,45.9,22.6,12.1,74.0,,,OBAnorm,,LD831_02097v2.403,,,,0,0
DENATRLA,2025-06-23 23:47:22.000,26.5,22.9,24.0,16.6,16.3,14.0,12.9,10.4,7.0,9.0,9.0,15.0,15.5,15.6,15.5,15.2,15.3,15.4,14.5,13.2,11.2,11.4,10.9,17.2,14.1,6.8,-3.3,-3.9,-3.9,-4.0,-4.5,-3.3,-0.3,24.4,28.2,36.8,13.4,0.0,45.9,22.6,12.1,74.0,,,OBAnorm,,LD831_02097v2.403,,,,0,0
DENATRLA,2025-06-23 23:47:23.000,26.8,24.0,20.8,15.4,15.5,13.3,11.4,9.6,8.6,7.4,8.9,12.2,14.2,16.4,16.7,15.6,15.8,15.8,14.0,13.5,10.7,12.3,14.6,19.2,15.6,1.5,-3.9,-3.9,-3.9,-4.0,-4.5,-3.3,-0.2,25.5,28.1,37.3,13.4,0.0,45.9,22.6,12.1,74.0,,,OBAnorm,,LD831_02097v2.403,,,,0,0
DENATRLA,2025-06-23 23:47:24.000,29.1,21.4,18.8,16.0,12.8,13.0,14.3,10.8,7.4,7.3,10.5,12.1,14.8,16.2,17.4,15.5,15.3,15.4,14.5,13.5,11.2,10.6,12.2,15.7,9.7,6.9,0.7,-3.6,-3.9,-4.0,-4.5,-3.3,-0.2,23.7,27.8,43.4,13.4,0.0,45.9,22.6,12.1,74.6,,,OBAnorm,,LD831_02097v2.403,,,,0,0
DENATRLA,2025-06-23 23:47:25.000,26.8,24.9,19.9,15.1,13.4,13.3,14.5,10.8,7.2,7.2,10.9,13.2,16.2,17.7,16.8,15.7,15.4,16.2,15.2,12.9,10.9,9.8,11.7,13.8,10.9,4.1,-3.8,-3.9,-3.8,-4.0,-4.5,-3.2,-0.2,23.4,27.8,37.8,13.4,0.0,45.9,22.6,12.1,74.6,,,OBAnorm,,LD831_02097v2.403,,,,0,0
DENATRLA,2025-06-23 23:47:26.000,22.4,23.3,21.6,16.2,14.3,15.3,12.0,11.7,7.4,8.6,10.4,12.1,15.1,16.0,16.3,15.5,14.9,15.5,14.8,12.8,10.5,9.1,8.7,7.7,3.0,-1.1,-4.0,-3.9,-3.9,-4.0,-4.5,-3.2,-0.2,21.9,27.0,39.4,13.4,0.0,45.9,22.6,12.1,74.6,,,OBAnorm,,LD831_02097v2.403,,,,0,0
DENATRLA,2025-06-23 23:47:27.000,23.9,22.6,19.9,16.6,14.9,12.4,12.8,12.2,7.1,7.8,11.0,13.5,14.2,15.9,16.0,15.5,14.9,15.3,14.3,13.8,11.2,9.1,8.8,11.8,11.8,4.1,-3.7,-3.8,-3.8,-4.0,-4.5,-3.1,-0.2,22.9,27.5,42.9,13.4,0.0,45.9,22.6,12.1,74.6,,,OBAnorm,,LD831_02097v2.403,,,,0,0
DENATRLA,2025-06-23 23:47:28.000,27.0,20.8,19.1,13.5,16.5,13.4,14.2,12.0,9.1,5.3,8.5,12.6,14.7,15.8,16.9,15.8,15.6,15.7,14.5,13.7,11.3,10.7,10.7,14.6,11.2,3.5,-2.9,-3.8,-3.8,-4.0,-4.5,-3.3,-0.2,23.6,27.7,39.2,13.4,0.0,45.9,22.6,12.1,74.6,,,OBAnorm,,LD831_02097v2.403,,,,0,0
DENATRLA,2025-06-23 23:47:29.000,24.1,25.0,18.9,17.2,14.5,15.4,12.7,11.1,8.6,5.9,9.2,13.3,14.8,16.4,16.3,15.6,14.8,15.6,14.9,13.4,11.3,8.9,7.6,7.4,5.4,5.3,-1.6,-3.9,-3.9,-4.0,-4.5,-3.1,-0.2,22.2,27.6,36.0,13.4,0.0,45.9,22.6,12.1,74.6,,,OBAnorm,,LD831_02097v2.403,,,,0,0
DENATRLA,2025-06-23 23:47:30.000,24.3,23.2,23.5,18.2,12.5,15.2,10.2,11.4,8.4,5.1,11.6,13.5,15.0,15.1,15.6,16.7,14.8,15.6,14.6,13.8,11.3,10.3,11.5,17.6,3.1,-1.3,-3.4,-3.8,-3.7,-3.9,-4.4,-3.3,-0.2,24.0,28.9,37.4,13.4,0.0,45.9,22.6,12.1,74.6,,,OBAnorm,,LD831_02097v2.403,,,,0,0
DENATRLA,2025-06-23 23:47:31.000,24.2,20.8,24.6,20.8,13.5,18.3,15.0,14.8,9.0,7.2,10.3,12.4,14.5,14.9,16.5,16.0,15.6,16.1,14.9,13.5,11.3,10.3,11.0,11.0,14.6,10.2,0.9,-3.7,-3.6,-3.9,-4.5,-3.3,-0.2,23.7,28.4,36.5,13.4,0.0,46.0,22.6,12.1,74.6,,,OBAnorm,,LD831_02097v2.403,,,,0,0
DENATRLA,2025-06-23 23:47:32.000,24.5,25.3,26.5,22.9,14.5,18.1,13.9,11.3,5.3,4.9,7.6,12.7,14.4,15.5,15.6,15.6,15.3,16.0,15.0,12.5,11.2,9.7,10.8,12.5,10.6,3.1,-2.5,-3.9,-3.9,-4.0,-4.5,-3.4,-0.2,23.0,27.1,38.3,13.4,0.0,45.9,22.6,12.1,74.6,,,OBAnorm,,LD831_02097v2.403,,,,0,0
DENATRLA,2025-06-23 23:47:33.000,27.4,24.4,24.1,19.4,13.6,13.5,10.8,9.3,7.8,6.7,9.3,11.6,14.1,15.5,16.2,15.9,14.8,15.6,14.4,13.3,11.3,10.9,11.6,13.7,15.4,4.2,-2.7,-3.9,-3.8,-4.0,-4.4,-3.2,-0.1,23.9,27.4,40.7,13.4,0.0,45.9,22.6,12.1,74.6,,,OBAnorm,,LD831_02097v2.403,,,,0,0
DENATRLA,2025-06-23 23:47:34.000,23.6,25.0,21.1,14.6,14.1,11.4,10.4,10.0,7.4,5.7,10.0,12.5,14.3,15.1,17.6,15.4,15.1,15.9,15.0,13.1,11.2,8.8,6.0,9.0,7.1,1.0,-3.5,-3.9,-3.9,-4.0,-4.4,-3.4,-0.2,22.1,26.7,38.6,13.4,0.0,45.9,22.6,12.1,74.6,,,OBAnorm,,LD831_02097v2.403,,,,0,0
DENATRLA,2025-06-23 23:47:35.000,25.7,21.9,20.9,15.6,15.7,13.3,13.1,9.9,6.6,8.6,9.9,12.9,15.7,15.5,16.5,16.0,14.5,15.0,15.3,13.0,10.8,8.5,8.4,8.2,5.1,0.1,-3.3,-3.9,-3.9,-4.0,-4.4,-3.2,-0.2,22.2,27.5,36.9,13.4,0.0,45.9,22.6,12.1,74.6,,,OBAnorm,,LD831_02097v2.403,,,,0,0
DENATRLA,2025-06-23 23:47:36.000,25.7,22.0,19.3,18.7,13.7,12.6,9.9,13.8,7.8,7.5,9.9,11.5,13.3,15.7,16.5,15.9,14.9,15.6,14.8,14.3,11.6,10.3,11.8,16.8,16.5,8.0,0.1,-3.9,-3.9,-4.0,-4.5,-3.1,-0.1,24.8,28.1,36.2,13.4,0.0,45.9,22.6,12.1,74.6,,,OBAnorm,,LD831_02097v2.403,,,,0,0
DENATRLA,2025-06-23 23:47:37.000,23.6,23.6,22.0,22.4,16.1,17.0,13.4,10.8,6.0,7.2,8.8,11.8,15.1,16.1,15.7,15.7,15.1,14.8,14.7,13.8,11.4,9.7,9.4,10.8,8.3,4.9,0.5,-2.7,-3.8,-4.0,-4.4,-3.5,-0.1,22.6,27.0,35.4,13.4,0.0,45.9,22.6,12.1,74.6,,,OBAnorm,,LD831_02097v2.403,,,,0,0
DENATRLA,2025-06-23 23:47:38.000,23.4,21.6,20.0,15.7,15.0,11.9,11.2,11.1,8.1,7.0,8.9,12.9,14.6,16.3,16.5,15.0,15.4,15.6,13.5,13.1,11.0,8.9,12.0,16.7,15.0,2.7,-3.9,-3.9,-3.8,-4.0,-4.5,-3.5,-0.2,24.1,27.7,35.6,13.4,0.0,45.9,22.6,12.1,74.6,,,OBAnorm,,LD831_02097v2.403,,,,0,0
DENATRLA,2025-06-23 23:47:39.000,19.6,25.2,19.4,18.7,14.9,14.8,12.9,12.1,5.7,6.7,10.8,12.8,14.6,15.5,15.8,15.7,15.0,15.2,14.2,12.9,10.8,8.8,8.5,7.4,6.9,1.8,-3.9,-3.8,-3.8,-3.9,-4.4,-3.2,-0.2,22.0,27.0,35.4,13.4,0.0,45.9,22.6,12.1,74.6,,,OBAnorm,,LD831_02097v2.403,,,,0,0
DENATRLA,2025-06-23 23:47:40.000,22.9,26.0,19.5,17.9,12.8,14.6,11.7,8.3,7.3,7.3,9.3,11.8,15.2,15.2,15.6,15.7,15.0,15.5,14.5,12.8,10.9,7.7,6.0,5.3,0.4,0.5,-3.5,-3.8,-3.8,-4.0,-4.5,-3.2,-0.2,21.7,26.9,35.0,13.4,0.0,45.9,22.6,12.1,74.6,,,OBAnorm,,LD831_02097v2.403,,,,0,0
DENATRLA,2025-06-23 23:47:41.000,24.8,23.6,21.6,12.9,13.6,12.6,13.4,11.8,6.3,6.3,8.6,13.2,13.9,14.9,15.0,15.2,14.3,15.6,14.7,12.7,10.8,13.3,16.0,17.7,16.3,2.8,-3.9,-3.8,-3.8,-3.9,-4.5,-3.2,-0.2,25.3,27.5,33.3,13.4,0.0,45.9,22.6,12.1,74.6,,,OBAnorm,,LD831_02097v2.403,,,,0,0
DENATRLA,2025-06-23 23:47:42.000,24.3,21.6,17.9,14.4,10.9,14.6,12.8,9.6,7.1,6.9,11.1,12.9,15.1,15.5,15.6,16.0,15.0,15.3,14.2,13.2,10.4,8.2,7.3,5.5,3.2,4.0,-0.9,-3.9,-3.8,-4.0,-4.4,-3.2,-0.2,21.8,26.9,35.0,13.4,0.0,45.9,22.6,12.1,74.6,,,OBAnorm,,LD831_02097v2.403,,,,0,0
DENATRLA,2025-06-23 23:47:43.000,27.0,22.3,19.5,14.1,13.7,14.1,14.6,11.3,7.0,7.0,9.3,12.2,14.4,15.9,16.1,15.5,15.2,15.3,14.6,12.7,10.7,9.9,9.2,12.2,8.8,2.9,-3.9,-3.9,-3.9,-4.0,-4.5,-3.4,-0.2,22.5,27.0,36.0,13.4,0.0,45.9,22.6,12.1,74.6,,,OBAnorm,,LD831_02097v2.403,,,,0,0
DENATRLA,2025-06-23 23:47:44.000,23.5,23.1,21.5,18.8,14.9,12.1,13.6,10.3,7.8,7.9,10.1,12.8,14.9,15.7,15.5,15.6,15.2,15.4,14.1,12.6,10.8,11.3,12.3,14.0,11.2,4.2,-2.9,-3.8,-3.9,-4.0,-4.5,-3.2,-0.2,23.4,27.2,35.8,13.4,0.0,45.9,22.6,12.1,74.6,,,OBAnorm,,LD831_02097v2.403,,,,0,0
DENATRLA,2025-06-23 23:47:45.000,24.2,20.8,19.7,17.1,12.2,13.8,13.1,9.1,4.2,6.9,10.1,11.3,14.7,15.6,15.4,15.1,15.7,15.2,14.8,12.8,11.2,8.2,6.2,5.4,5.6,4.0,-3.0,-3.9,-3.9,-4.0,-4.5,-3.3,-0.1,21.8,26.3,33.8,13.4,0.0,45.9,22.6,12.1,74.6,,,OBAnorm,,LD831_02097v2.403,,,,0,0
DENATRLA,2025-06-23 23:47:46.000,25.6,22.9,18.6,15.1,14.6,11.9,15.4,11.1,8.0,6.6,9.9,13.0,15.1,16.0,16.5,14.6,14.9,15.4,15.0,13.9,11.4,8.5,6.1,3.6,12.1,-0.3,-3.8,-3.9,-3.8,-3.8,-4.5,-3.3,-0.1,22.5,27.2,34.9,13.4,0.0,45.9,22.6,12.1,74.6,,,OBAnorm,,LD831_02097v2.403,,,,0,0
DENATRLA,2025-06-23 23:47:47.000,19.1,19.9,20.0,17.4,15.9,14.4,11.5,11.1,7.7,8.3,9.2,12.6,14.3,15.8,15.9,16.4,15.7,15.5,15.2,13.4,11.3,11.6,13.9,15.5,12.4,14.3,-3.7,-3.9,-3.9,-4.0,-4.4,-3.2,-0.1,24.7,27.5,34.8,13.4,0.0,45.9,22.6,12.1,74.6,,,OBAnorm,,LD831_02097v2.403,,,,0,0
DENATRLA,2025-06-23 23:47:48.000,21.9,20.9,19.8,17.7,14.0,13.0,12.9,8.4,8.0,6.1,10.2,12.8,15.8,15.5,16.5,15.6,16.0,16.2,14.9,13.6,11.4,11.6,9.5,13.6,14.1,9.1,9.1,-3.5,-3.8,-3.9,-4.4,-3.1,0.0,24.1,27.9,36.0,13.4,0.0,45.9,22.6,12.1,74.6,,,OBAnorm,,LD831_02097v2.403,,,,0,0
DENATRLA,2025-06-23 23:47:49.000,26.4,21.4,21.3,13.8,13.1,12.3,12.8,12.1,7.6,7.4,10.5,14.3,14.5,16.2,18.4,16.5,16.0,15.9,15.2,14.1,11.4,9.5,10.7,14.5,12.3,5.1,-2.4,-3.8,-3.8,-3.8,-4.4,-3.2,-0.2,23.8,29.0,36.9,13.4,0.0,45.9,22.6,12.1,74.6,,,OBAnorm,,LD831_02097v2.403,,,,0,0
DENATRLA,2025-06-23 23:47:50.000,22.0,21.7,21.0,17.2,10.4,17.1,16.7,15.1,6.0,6.3,10.3,15.7,15.0,15.3,17.9,16.9,16.3,16.9,16.0,13.5,11.4,10.5,12.6,14.3,8.9,1.9,-3.3,-3.9,-3.7,-3.9,-4.5,-3.1,-0.3,24.0,28.6,35.1,13.4,0.0,45.9,22.6,12.1,74.6,,,OBAnorm,,LD831_02097v2.403,,,,0,0
DENATRLA,2025-06-23 23:47:51.000,28.7,25.5,26.0,24.2,18.2,14.7,10.8,12.2,7.9,6.6,9.5,12.2,14.0,15.3,17.0,15.5,16.6,16.1,15.2,13.3,11.8,10.3,9.6,16.4,17.8,8.1,-3.6,-3.8,-3.8,-3.9,-4.5,-3.3,-0.1,25.0,27.8,35.4,13.4,0.0,45.9,22.6,12.1,74.6,,,OBAnorm,,LD831_02097v2.403,,,,0,0
DENATRLA,2025-06-23 23:47:52.000,24.8,25.7,20.3,14.5,12.7,12.7,14.3,11.3,7.6,7.2,9.6,12.5,15.5,16.8,17.7,16.4,16.4,16.7,15.2,13.3,11.7,10.0,6.5,6.4,16.0,-0.8,-3.6,-3.9,-3.9,-4.0,-4.5,-3.2,-0.1,23.7,28.0,34.2,13.4,0.0,45.9,22.6,12.1,74.6,,,OBAnorm,,LD831_02097v2.403,,,,0,0
DENATRLA,2025-06-23 23:47:53.000,25.9,17.9,19.4,18.9,14.8,13.4,10.8,7.5,8.1,8.0,10.0,12.7,14.2,15.7,16.6,16.0,16.3,16.1,15.7,14.4,11.8,12.4,17.7,19.4,18.0,7.4,1.2,-3.5,-3.7,-4.0,-4.5,-3.3,-0.2,26.6,28.6,35.3,13.4,0.0,45.9,22.6,12.1,74.6,,,OBAnorm,,LD831_02097v2.403,,,,0,0
DENATRLA,2025-06-23 23:47:54.000,25.8,21.2,23.0,16.3,13.8,15.3,13.4,9.5,7.0,7.5,9.4,13.5,14.8,16.4,17.0,16.9,15.5,16.3,15.2,13.9,11.2,11.0,11.8,11.2,12.3,10.8,-1.7,-3.6,-3.8,-4.0,-4.4,-3.3,-0.2,23.9,27.8,33.6,13.4,0.0,45.9,22.5,12.1,74.6,,,OBAnorm,,LD831_02097v2.403,,,,0,0
DENATRLA,2025-06-23 23:47:55.000,26.8,18.5,21.8,20.8,14.8,14.0,12.7,10.0,8.2,9.0,10.1,11.3,14.5,17.2,17.2,15.9,17.1,16.9,15.0,13.8,11.2,9.4,8.5,10.6,5.9,1.4,-4.0,-3.9,-3.8,-4.0,-4.5,-3.5,-0.3,23.1,27.6,34.1,13.4,0.0,45.9,22.5,12.1,74.6,,,OBAnorm,,LD831_02097v2.403,,,,0,0
DENATRLA,2025-06-23 23:47:56.000,21.6,21.4,17.6,14.8,13.7,12.4,12.1,9.8,9.3,8.0,10.8,12.8,14.7,16.1,17.4,16.1,15.5,17.0,14.9,13.8,10.9,10.2,10.8,13.2,10.5,3.9,-3.6,-3.9,-3.9,-4.0,-4.5,-3.2,-0.2,23.5,27.6,33.3,13.4,0.0,45.9,22.5,12.1,74.6,,,OBAnorm,,LD831_02097v2.403,,,,0,0
DENATRLA,2025-06-23 23:47:57.000,23.9,23.2,20.1,17.3,13.8,15.0,12.7,10.6,7.3,7.7,10.7,13.8,15.2,16.9,17.5,15.6,15.8,15.6,15.7,14.3,11.3,9.4,7.9,9.7,14.9,5.9,-1.7,-3.8,-3.8,-3.9,-4.4,-3.3,-0.1,23.7,27.7,35.7,13.4,0.0,45.9,22.6,12.1,74.6,,,OBAnorm,,LD831_02097v2.403,,,,0,0
DENATRLA,2025-06-23 23:47:58.000,25.3,24.4,19.5,17.8,14.5,12.5,13.3,10.4,7.5,5.3,9.0,12.3,16.3,16.1,16.6,16.2,15.9,16.6,15.7,14.7,12.5,11.1,11.7,13.5,10.0,7.4,-3.6,-3.8,-3.7,-3.9,-4.5,-3.3,-0.2,23.9,29.2,35.9,13.4,0.0,45.9,22.6,12.1,74.6,,,OBAnorm,,LD831_02097v2.403,,,,0,0
DENATRLA,2025-06-23 23:47:59.000,21.4,26.1,21.7,17.6,16.2,19.0,14.6,15.3,7.2,8.5,12.8,12.4,14.9,16.1,15.8,15.8,15.3,16.6,15.4,14.1,12.5,13.9,16.5,17.4,16.3,7.2,0.2,-3.7,-3.5,-3.6,-4.4,-3.3,-0.3,25.8,29.0,35.7,13.4,0.0,45.9,22.6,12.1,74.0,,,OBAnorm,,LD831_02097v2.403,,,,0,0
DENATRLA,2025-06-23 23:48:00.000,20.9,24.5,26.6,24.9,15.6,15.9,14.0,10.9,6.0,8.3,10.4,11.2,14.6,16.2,16.0,15.6,16.0,16.1,15.1,14.2,11.9,9.7,8.4,8.3,9.1,9.1,3.6,-3.6,13.3,-4.0,-4.5,-3.3,-0.1,23.3,27.5,35.6,13.4,0.0,45.9,22.5,12.1,74.0,,,OBAnorm,,LD831_02097v2.403,,,,0,0
DENATRLA,2025-06-23 23:48:01.000,23.1,23.8,19.3,19.3,14.6,13.3,13.2,11.0,6.9,8.4,9.5,14.4,14.4,16.4,16.6,15.9,15.4,15.8,15.3,14.3,11.7,9.9,13.7,19.6,9.3,0.9,-3.8,9.6,10.3,-4.0,-4.5,-3.1,-0.1,25.4,28.0,33.6,13.4,0.0,45.9,22.6,12.1,74.0,,,OBAnorm,,LD831_02097v2.403,,,,0,0
DENATRLA,2025-06-23 23:48:02.000,27.0,22.1,21.6,15.1,16.8,14.6,12.8,10.7,6.4,6.3,10.7,14.0,14.9,16.6,16.6,15.6,15.6,15.8,14.9,13.3,11.4,9.5,13.2,15.2,17.8,8.1,0.4,-3.9,-3.9,-4.0,-4.5,-3.3,-0.1,24.7,27.8,34.9,13.4,0.0,45.9,22.6,12.1,74.0,,,OBAnorm,,LD831_02097v2.403,,,,0,0
DENATRLA,2025-06-23 23:48:03.000,25.3,23.7,18.5,17.8,14.8,14.6,11.2,11.2,6.0,7.1,9.8,12.6,14.7,15.9,16.3,16.0,15.5,16.5,14.7,14.0,12.1,10.7,12.5,17.1,15.4,1.9,-3.9,-3.9,-3.9,-4.0,-4.4,-3.2,-0.1,24.8,28.1,35.8,13.4,0.0,45.9,22.6,12.1,74.0,,,OBAnorm,,LD831_02097v2.403,,,,0,0
DENATRLA,2025-06-23 23:48:04.000,19.9,20.9,19.9,18.8,14.5,14.5,12.2,12.2,6.4,6.0,9.8,12.9,14.2,16.6,16.9,15.8,16.1,15.8,14.5,13.5,11.8,9.2,7.2,11.1,8.7,1.0,-3.9,-3.9,-3.8,-4.0,-4.5,-3.2,-0.2,22.6,27.3,32.7,13.4,0.0,45.9,22.5,12.1,74.0,,,OBAnorm,,LD831_02097v2.403,,,,0,0
DENATRLA,2025-06-23 23:48:05.000,26.5,23.6,19.3,21.2,16.0,16.6,12.0,12.8,6.0,6.3,10.9,12.3,14.6,15.2,15.5,15.3,15.5,15.6,14.4,13.1,11.2,12.3,13.8,18.0,9.4,11.8,-3.9,-3.9,-3.8,-4.0,-4.5,-3.3,-0.2,24.8,27.7,33.9,13.4,0.0,45.9,22.5,12.1,74.0,,,OBAnorm,,LD831_02097v2.403,,,,0,0
DENATRLA,2025-06-23 23:48:06.000,21.9,19.3,16.0,15.1,15.7,13.0,13.9,9.1,6.9,6.6,9.4,12.8,15.0,14.7,15.9,15.6,15.7,16.5,15.0,13.5,11.2,11.6,9.8,10.9,15.4,8.1,4.5,-2.7,-3.5,-4.0,-4.5,-3.3,-0.1,23.8,27.3,33.2,13.4,0.0,45.9,22.5,12.1,74.0,,,OBAnorm,,LD831_02097v2.403,,,,0,0
DENATRLA,2025-06-23 23:48:07.000,27.3,20.6,18.4,16.3,14.2,13.5,14.1,11.0,8.5,8.9,10.0,12.4,13.8,16.1,16.6,15.4,15.6,16.0,14.7,13.5,11.2,10.8,11.9,12.7,12.2,4.4,-3.3,-3.8,-3.9,-4.0,-4.5,-3.2,-0.2,23.5,27.9,35.2,13.4,0.0,45.9,22.5,12.1,74.0,,,OBAnorm,,LD831_02097v2.403,,,,0,0
DENATRLA,2025-06-23 23:48:08.000,22.8,24.5,17.6,17.5,17.6,15.2,15.4,10.7,8.0,6.2,8.8,12.9,13.7,15.7,16.3,15.6,15.4,15.8,14.7,13.4,11.2,9.9,10.5,14.1,14.3,6.0,-3.5,-3.9,-3.9,-4.0,-4.5,-3.4,-0.2,23.6,27.5,32.9,13.4,0.0,45.9,22.6,12.1,74.0,,,OBAnorm,,LD831_02097v2.403,,,,0,0
DENATRLA,2025-06-23 23:48:09.000,25.8,24.1,20.2,20.2,12.0,14.2,14.8,11.2,7.9,6.7,7.6,10.8,14.4,16.0,16.5,15.1,14.9,15.7,15.2,13.3,11.4,8.4,6.4,5.1,2.4,-1.8,-3.8,-3.9,-3.8,-4.0,-4.5,-3.2,-0.2,21.9,26.9,35.1,13.4,0.0,45.9,22.5,12.1,74.0,,,OBAnorm,,LD831_02097v2.403,,,,0,0
DENATRLA,2025-06-23 23:48:10.000,23.3,22.9,21.7,19.7,13.5,11.3,13.1,10.2,8.1,7.5,10.7,11.2,12.4,15.3,15.2,15.9,15.7,16.0,15.2,13.2,10.9,7.9,5.1,2.5,0.2,-2.3,-3.9,-3.8,-3.8,-3.9,-4.4,-3.3,-0.2,21.7,27.3,35.0,13.4,0.0,45.9,22.5,12.0,74.0,,,OBAnorm,,LD831_02097v2.403,,,,0,0
DENATRLA,2025-06-23 23:48:11.000,21.9,22.1,20.7,19.8,17.6,13.3,13.2,10.7,7.2,7.4,10.4,12.3,14.3,16.6,17.0,15.6,15.7,16.6,15.3,13.5,11.4,11.4,14.8,23.6,21.2,12.7,-1.2,-3.9,-3.9,-4.0,-4.5,-3.2,-0.3,28.5,29.5,35.9,13.4,0.0,45.9,22.5,12.0,74.0,,,OBAnorm,,LD831_02097v2.403,,,,0,0
DENATRLA,2025-06-23 23:48:12.000,24.7,24.4,19.3,19.1,15.1,15.4,11.6,10.9,6.3,6.1,10.6,12.6,14.2,15.8,16.3,16.1,16.4,16.7,15.3,13.6,11.7,11.1,15.2,16.3,15.0,10.9,3.6,-2.4,-3.9,-4.0,-4.5,-3.2,-0.1,25.2,28.1,33.4,13.4,0.0,45.9,22.5,12.0,74.0,,,OBAnorm,,LD831_02097v2.403,,,,0,0
DENATRLA,2025-06-23 23:48:13.000,22.8,20.2,20.5,15.2,15.5,14.3,13.4,9.6,6.4,5.7,9.3,13.6,15.5,16.5,15.9,17.2,16.0,15.8,15.2,13.8,11.7,9.2,8.8,11.1,9.5,5.4,-2.2,-3.9,-3.9,-3.9,-4.5,-3.3,-0.3,22.9,27.5,34.8,13.4,0.0,45.9,22.6,12.0,74.0,,,OBAnorm,,LD831_02097v2.403,,,,0,0
DENATRLA,2025-06-23 23:48:14.000,24.4,22.0,19.0,18.4,16.7,12.6,12.2,11.3,7.3,7.2,9.0,12.4,15.3,16.4,16.9,16.0,15.7,15.3,15.3,13.8,11.5,8.6,6.2,7.0,2.8,-1.6,-3.9,-3.9,-3.9,-4.0,-4.5,-3.2,-0.2,22.3,27.1,35.4,13.4,0.0,45.9,22.5,12.0,74.0,,,OBAnorm,,LD831_02097v2.403,,,,0,0
DENATRLA,2025-06-23 23:48:15.000,23.2,23.0,19.9,15.8,14.6,14.7,12.0,9.7,7.8,8.3,9.9,13.8,15.5,17.2,17.1,16.7,16.3,15.7,14.9,13.7,12.0,9.0,6.2,5.7,3.6,-1.8,-3.9,-3.9,-3.8,-4.0,-4.5,-3.2,-0.2,22.2,27.5,35.2,13.4,0.0,45.9,22.5,12.0,74.0,,,OBAnorm,,LD831_02097v2.403,,,,0,0
DENATRLA,2025-06-23 23:48:16.000,22.3,21.4,20.8,17.4,13.1,12.9,10.9,11.2,6.9,7.2,10.4,13.2,13.7,15.7,16.4,16.2,15.8,15.7,14.8,13.7,12.1,11.4,8.5,13.4,10.3,2.4,-3.5,-3.8,-3.8,-3.9,-4.5,-3.2,-0.2,23.5,27.6,37.0,13.4,0.0,45.9,22.5,12.0,74.0,,,OBAnorm,,LD831_02097v2.403,,,,0,0
DENATRLA,2025-06-23 23:48:17.000,23.9,22.6,19.8,17.2,12.3,12.9,12.3,11.8,6.9,8.0,9.8,13.3,15.2,15.3,17.1,15.9,15.9,16.6,15.8,14.5,12.6,12.5,17.7,16.0,17.0,10.2,5.0,-3.9,-3.9,-3.9,-4.4,-3.2,-0.1,25.9,28.5,39.6,13.4,0.0,45.9,22.5,12.0,74.0,,,OBAnorm,,LD831_02097v2.403,,,,0,0
DENATRLA,2025-06-23 23:48:18.000,25.3,24.9,22.5,15.8,14.9,13.4,12.2,11.3,7.1,5.8,10.7,13.3,14.8,15.4,15.9,16.4,15.8,16.2,15.4,14.2,12.4,12.6,14.6,19.3,15.8,6.1,5.4,-3.6,-3.9,-4.0,-4.4,-3.2,-0.1,25.9,28.4,41.5,13.4,0.0,45.9,22.5,12.0,74.0,,,OBAnorm,,LD831_02097v2.403,,,,0,0
DENATRLA,2025-06-23 23:48:19.000,24.3,21.9,19.6,16.7,13.1,11.6,11.7,11.7,6.6,6.3,8.4,13.0,14.2,15.9,17.1,16.2,15.6,16.6,15.6,14.0,12.3,10.6,8.6,12.9,16.8,7.0,-3.6,-3.9,-3.8,-4.0,-4.5,-3.3,-0.2,24.4,28.9,40.9,13.4,0.0,45.9,22.6,12.0,74.6,,,OBAnorm,,LD831_02097v2.403,,,,0,0
DENATRLA,2025-06-23 23:48:20.000,25.6,20.0,20.0,19.4,15.6,12.4,14.3,10.9,7.0,8.0,9.8,12.1,14.3,16.7,15.5,15.5,15.7,16.7,15.4,14.4,12.4,9.0,6.3,4.4,2.4,-0.6,-3.4,-3.9,-3.8,-4.0,-4.5,-3.1,-0.2,22.5,28.7,43.6,13.4,0.0,45.9,22.5,12.0,74.6,,,OBAnorm,,LD831_02097v2.403,,,,0,0
DENATRLA,2025-06-23 23:48:21.000,29.1,23.8,23.2,18.8,10.6,13.6,12.0,12.9,8.4,7.6,10.4,13.8,13.5,15.6,16.7,16.1,15.7,16.5,15.6,14.0,12.2,10.7,11.2,9.8,6.8,2.3,-3.5,-3.9,-3.9,-4.0,-4.5,-3.3,-0.2,23.3,28.2,37.8,13.4,0.0,45.9,22.6,12.0,74.6,,,OBAnorm,,LD831_02097v2.403,,,,0,0
DENATRLA,2025-06-23 23:48:22.000,29.4,26.4,24.5,21.6,14.6,13.1,14.2,12.2,4.6,6.4,10.2,11.9,13.1,15.6,16.4,15.4,15.5,16.6,15.0,14.2,12.1,10.3,13.8,15.1,12.4,7.7,-0.7,-3.8,-3.8,-4.0,-4.5,-3.3,-0.2,24.3,29.6,48.4,13.4,0.0,45.9,22.5,12.0,74.6,,,OBAnorm,,LD831_02097v2.403,,,,0,0
DENATRLA,2025-06-23 23:48:23.000,21.5,19.6,23.4,19.0,17.0,13.7,12.2,11.6,7.5,5.7,9.5,11.8,14.7,16.6,17.2,16.1,16.3,16.1,14.5,14.0,11.9,10.3,9.3,9.1,7.4,3.2,-2.9,-3.8,-3.8,-4.0,-4.5,-3.4,-0.3,22.9,28.4,46.8,13.4,0.0,45.9,22.5,12.0,74.6,,,OBAnorm,,LD831_02097v2.403,,,,0,0
DENATRLA,2025-06-23 23:48:24.000,22.9,28.2,22.6,18.1,14.1,15.4,12.1,8.5,8.3,5.6,9.8,12.2,13.4,15.6,16.2,16.0,15.6,16.7,16.3,14.1,11.9,10.8,13.5,15.0,9.2,-0.5,-3.5,-3.8,-3.7,-3.9,-4.4,-3.2,-0.1,24.1,29.1,48.3,13.4,0.0,46.0,22.6,12.0,74.6,,,OBAnorm,,LD831_02097v2.403,,,,0,0
DENATRLA,2025-06-23 23:48:25.000,26.7,27.2,21.6,18.5,14.6,14.5,13.6,12.3,8.8,6.7,10.0,12.9,15.6,15.8,15.9,15.7,14.8,16.0,14.9,13.6,12.1,11.0,10.6,13.6,11.5,5.8,-3.0,-3.9,-3.9,-4.0,-4.5,-3.4,-0.3,23.6,28.1,43.9,13.4,0.0,45.9,22.5,12.0,74.6,,,OBAnorm,,LD831_02097v2.403,,,,0,0
DENATRLA,2025-06-23 23:48:26.000,29.4,24.8,21.8,20.6,14.8,14.5,12.5,10.8,7.5,7.0,8.3,13.1,15.3,15.9,16.4,15.3,15.1,16.3,15.2,14.2,12.2,9.6,6.6,5.6,3.1,-1.9,-3.7,-3.9,-3.8,-3.9,-4.5,-3.3,-0.1,22.3,27.5,37.3,13.4,0.0,45.9,22.5,12.0,74.6,,,OBAnorm,,LD831_02097v2.403,,,,0,0
DENATRLA,2025-06-23 23:48:27.000,27.5,17.3,19.4,16.2,13.4,14.6,13.5,13.2,6.1,6.8,8.9,12.5,16.3,15.3,17.1,15.8,15.0,15.8,15.6,14.4,11.9,9.6,8.8,8.5,4.7,-0.7,-3.6,-3.9,-3.9,-4.0,-4.5,-3.2,-0.2,22.6,27.7,38.6,13.4,0.0,45.9,22.5,12.0,74.6,,,OBAnorm,,LD831_02097v2.403,,,,0,0
DENATRLA,2025-06-23 23:48:28.000,25.6,24.0,22.9,16.6,12.9,15.1,12.1,11.2,6.3,6.9,9.3,13.0,14.3,15.5,16.3,15.3,15.4,16.2,15.5,13.6,11.5,11.8,14.0,19.1,18.0,10.3,-1.8,-3.9,-3.8,-4.0,-4.5,-3.1,-0.1,26.1,28.2,38.4,13.4,0.0,45.9,22.5,12.0,74.6,,,OBAnorm,,LD831_02097v2.403,,,,0,0
DENATRLA,2025-06-23 23:48:29.000,24.0,21.2,20.4,17.7,15.5,12.2,14.5,12.8,6.2,6.2,9.3,12.6,13.6,15.9,16.8,16.1,16.2,16.7,15.5,13.8,12.1,9.4,6.0,5.6,2.8,2.9,0.1,-2.5,-3.8,-4.0,-4.5,-3.3,-0.1,22.6,27.5,37.4,13.4,0.0,45.9,22.5,12.0,74.6,,,OBAnorm,,LD831_02097v2.403,,,,0,0
DENATRLA,2025-06-23 23:48:30.000,23.0,23.3,19.8,16.5,14.9,12.8,13.1,10.7,6.8,6.9,10.3,11.1,15.3,16.4,17.4,16.1,15.7,17.5,15.8,14.5,12.1,9.2,6.1,3.6,1.3,0.3,-1.5,-3.7,-3.8,-4.0,-4.4,-3.3,-0.2,22.8,27.8,37.2,13.4,0.0,45.9,22.6,12.0,74.6,,,OBAnorm,,LD831_02097v2.403,,,,0,0
DENATRLA,2025-06-23 23:48:31.000,19.4,23.7,24.0,16.2,14.7,12.0,13.8,12.1,8.7,6.1,9.3,12.2,15.1,16.5,16.8,15.9,15.5,16.4,15.3,14.2,12.6,11.3,22.7,25.7,13.4,2.7,-1.9,-3.8,-3.8,-4.0,-4.4,-3.2,-0.1,29.7,30.5,41.1,13.4,0.0,45.9,22.5,12.0,74.6,,,OBAnorm,,LD831_02097v2.403,,,,0,0
DENATRLA,2025-06-23 23:48:32.000,23.0,21.4,20.2,17.8,13.6,12.8,13.9,11.6,5.6,8.5,10.0,13.1,14.7,16.1,16.5,16.9,15.9,16.2,15.7,14.2,12.6,11.2,11.8,16.4,18.3,13.9,3.5,-3.8,-3.8,-4.0,-4.5,-3.2,-0.2,25.8,28.5,34.8,13.4,0.0,45.9,22.6,12.0,74.6,,,OBAnorm,,LD831_02097v2.403,,,,0,0
DENATRLA,2025-06-23 23:48:33.000,28.7,21.7,22.0,18.4,14.3,13.3,13.3,9.8,7.9,8.8,11.9,14.3,15.0,15.5,15.7,15.3,14.9,15.4,15.2,13.8,10.9,9.7,8.9,15.9,20.9,4.0,-2.3,-3.8,-3.8,-4.0,-4.4,-3.3,-0.1,25.7,28.3,36.1,13.4,0.0,45.9,22.5,12.0,74.6,,,OBAnorm,,LD831_02097v2.403,,,,0,0
DENATRLA,2025-06-23 23:48:34.000,23.1,27.6,22.7,19.2,11.1,12.8,13.1,9.9,7.5,6.9,11.0,12.6,15.4,15.7,16.3,15.9,14.4,15.7,14.8,14.0,11.5,9.3,7.2,7.9,4.9,1.1,-3.3,-3.8,-3.8,-3.9,-4.5,-3.2,-0.2,22.4,27.2,35.3,13.4,0.0,45.9,22.5,11.9,75.1,,,OBAnorm,,LD831_02097v2.403,,,,0,0
DENATRLA,2025-06-23 23:48:35.000,25.8,24.6,21.1,14.2,13.8,12.4,10.4,11.6,7.8,8.7,7.0,12.7,15.5,15.4,15.8,16.4,15.3,15.9,14.7,13.4,11.6,11.5,13.7,15.6,15.7,3.6,-3.6,-3.8,-3.8,-4.0,-4.5,-3.4,-0.2,24.5,27.8,34.8,13.4,0.0,45.9,22.5,11.9,75.1,,,OBAnorm,,LD831_02097v2.403,,,,0,0
DENATRLA,2025-06-23 23:48:36.000,23.1,22.9,19.1,12.1,12.7,13.1,13.5,10.5,8.8,7.7,8.9,12.9,15.6,15.6,16.5,14.5,15.1,16.2,15.2,13.6,10.4,9.6,10.7,12.1,24.9,9.2,0.7,-3.6,-3.8,-4.1,-4.4,-3.4,-0.2,27.9,29.1,36.3,13.4,0.0,45.9,22.5,12.0,75.1,,,OBAnorm,,LD831_02097v2.403,,,,0,0
DENATRLA,2025-06-23 23:48:37.000,22.7,25.3,19.4,16.7,14.6,14.2,13.2,11.5,5.4,7.0,9.6,12.8,14.5,15.0,16.0,16.0,14.5,15.3,15.1,13.5,11.1,10.7,7.4,9.1,9.6,5.4,-3.1,-3.8,-3.9,-4.0,-4.5,-3.2,-0.2,22.5,27.0,34.6,13.4,0.0,45.9,22.5,12.0,75.1,,,OBAnorm,,LD831_02097v2.403,,,,0,0
DENATRLA,2025-06-23 23:48:38.000,26.6,21.0,20.6,17.9,10.2,14.3,13.3,8.7,7.2,8.4,8.9,12.8,14.5,15.2,15.6,15.2,14.6,16.4,15.0,13.6,11.6,12.1,11.0,13.5,12.6,5.8,-3.0,-3.8,-3.8,-3.9,-4.4,-3.3,-0.2,23.5,27.4,37.4,13.4,0.0,45.9,22.5,11.9,75.1,,,OBAnorm,,LD831_02097v2.403,,,,0,0
DENATRLA,2025-06-23 23:48:39.000,25.6,22.2,22.4,17.6,13.3,12.9,13.9,7.9,8.2,7.9,9.8,13.4,14.4,16.5,15.5,15.6,15.0,15.2,15.9,13.7,11.4,9.4,7.2,5.4,5.7,3.7,-3.1,-3.8,-3.8,-4.0,-4.4,-3.3,-0.2,22.3,27.9,39.1,13.4,0.0,45.9,22.5,11.9,75.1,,,OBAnorm,,LD831_02097v2.403,,,,0,0
DENATRLA,2025-06-23 23:48:40.000,22.7,18.2,24.2,19.3,13.5,16.2,15.2,14.2,8.8,7.1,9.0,11.9,14.8,15.6,15.3,15.0,15.4,15.7,15.6,13.9,11.3,9.0,7.6,5.1,13.7,-0.1,-3.2,-3.8,-3.8,-3.9,-4.4,-3.2,-0.2,22.9,28.9,41.5,13.4,0.0,45.9,22.5,11.9,75.1,,,OBAnorm,,LD831_02097v2.403,,,,0,0
DENATRLA,2025-06-23 23:48:41.000,26.5,21.9,26.9,23.6,18.9,15.7,13.5,11.6,8.6,8.1,10.1,11.5,14.8,15.9,17.1,16.1,15.3,15.5,15.4,13.9,11.8,12.1,8.5,4.7,26.1,-0.8,-3.1,-3.7,-3.8,-4.0,-4.5,-3.2,-0.1,28.6,29.9,44.8,13.4,0.0,45.9,22.5,11.9,75.1,,,OBAnorm,,LD831_02097v2.403,,,,0,0
DENATRLA,2025-06-23 23:48:42.000,23.9,24.5,18.0,17.7,15.7,13.8,10.7,10.8,6.9,7.5,9.9,11.5,13.4,16.0,16.7,16.6,15.7,16.0,15.0,13.9,11.3,12.6,13.1,18.3,16.8,11.7,2.5,-3.4,-3.8,-4.0,-4.5,-3.2,-0.2,25.6,28.3,39.8,13.4,0.0,45.9,22.5,11.9,75.1,,,OBAnorm,,LD831_02097v2.403,,,,0,0
DENATRLA,2025-06-23 23:48:43.000,27.3,28.7,17.6,16.3,15.6,14.0,10.6,11.4,6.4,6.0,8.9,13.9,15.0,15.7,15.4,15.0,16.0,16.2,15.7,14.5,11.8,10.2,9.9,11.3,10.4,7.5,0.7,-3.3,-3.8,-3.9,-4.5,-3.2,-0.2,23.4,27.9,39.2,13.4,0.0,45.9,22.5,11.9,75.1,,,OBAnorm,,LD831_02097v2.403,,,,0,0
DENATRLA,2025-06-23 23:48:44.000,24.6,19.0,22.8,18.0,13.9,12.5,14.0,10.7,7.6,5.2,9.3,12.5,15.2,15.1,15.8,16.1,16.0,16.4,16.1,15.0,13.2,9.8,6.4,6.0,5.1,4.4,-1.5,-3.7,-3.8,-3.9,-4.4,-3.2,-0.1,23.0,28.3,43.3,13.4,0.0,45.9,22.5,11.9,75.1,,,OBAnorm,,LD831_02097v2.403,,,,0,0
DENATRLA,2025-06-23 23:48:45.000,28.2,21.2,23.6,19.2,14.6,16.7,13.2,10.7,7.1,7.9,8.5,12.8,14.5,15.0,15.5,15.6,16.2,15.8,15.4,14.9,13.0,10.0,9.4,11.0,5.1,-0.7,-3.0,-3.8,-3.8,-3.8,-4.5,-3.4,-0.2,23.0,29.8,46.6,13.4,0.0,45.9,22.5,11.9,75.1,,,OBAnorm,,LD831_02097v2.403,,,,0,0
DENATRLA,2025-06-23 23:48:46.000,27.8,25.5,25.5,20.9,16.3,11.7,12.4,7.1,6.0,9.1,8.7,11.7,14.4,15.2,16.2,16.6,15.1,15.4,15.4,13.2,10.9,9.7,7.9,13.2,9.9,2.9,-1.8,-3.8,-3.6,-3.9,-4.5,-3.2,-0.3,23.0,27.3,40.3,13.4,0.0,45.9,22.5,11.9,75.1,,,OBAnorm,,LD831_02097v2.403,,,,0,0
DENATRLA,2025-06-23 23:48:47.000,29.0,26.2,25.4,14.2,12.4,13.3,11.4,8.2,5.4,7.0,11.2,12.0,14.4,14.5,17.0,15.5,16.2,16.5,15.8,13.6,11.6,12.6,10.3,16.0,21.6,4.7,-2.1,-3.6,-3.6,-3.8,-4.4,-3.2,-0.2,26.5,29.3,43.0,13.4,0.0,45.9,22.5,11.9,75.1,,,OBAnorm,,LD831_02097v2.403,,,,0,0
DENATRLA,2025-06-23 23:48:48.000,32.7,25.6,21.5,19.3,14.4,14.7,12.9,10.9,4.9,6.8,8.3,11.8,13.9,16.0,16.1,16.5,15.7,16.6,15.6,13.9,11.8,12.5,12.6,16.4,12.0,6.1,2.6,-2.8,-3.8,-3.9,-4.5,-3.4,-0.2,24.6,28.3,42.8,13.4,0.0,45.9,22.5,11.9,75.1,,,OBAnorm,,LD831_02097v2.403,,,,0,0
DENATRLA,2025-06-23 23:48:49.000,28.3,24.4,19.6,17.2,13.5,12.1,10.7,10.6,7.1,6.7,9.3,12.7,13.8,15.5,16.7,15.9,16.3,16.5,15.5,13.4,11.5,9.2,13.3,12.2,12.0,7.3,-0.1,-3.6,-3.8,-3.9,-4.4,-3.2,-0.3,23.8,28.2,46.1,13.4,0.0,45.9,22.5,11.9,75.1,,,OBAnorm,,LD831_02097v2.403,,,,0,0
DENATRLA,2025-06-23 23:48:50.000,25.4,25.4,19.1,17.5,14.8,14.4,14.1,11.0,6.5,8.6,9.2,12.5,15.0,16.4,15.9,17.0,15.8,16.7,15.9,13.6,10.9,8.6,5.8,4.9,7.3,12.1,-1.5,-3.6,-3.8,-3.9,-4.4,-3.3,-0.2,22.9,28.1,41.0,13.4,0.0,45.9,22.5,11.9,75.1,,,OBAnorm,,LD831_02097v2.403,,,,0,0
DENATRLA,2025-06-23 23:48:51.000,24.3,23.1,22.2,16.6,14.8,15.0,10.9,10.4,8.3,5.7,9.4,12.8,15.2,15.3,17.2,16.7,16.5,16.4,16.0,14.1,11.7,9.2,11.7,11.3,4.9,0.1,-2.2,-3.5,-3.7,-3.9,-4.4,-3.2,-0.1,23.3,27.9,41.8,13.4,0.0,45.9,22.5,11.9,75.1,,,OBAnorm,,LD831_02097v2.403,,,,0,0
DENATRLA,2025-06-23 23:48:52.000,24.9,23.8,23.2,16.5,15.5,14.5,11.9,9.8,7.8,6.5,10.7,12.2,14.4,15.9,16.9,16.5,17.0,17.5,17.0,14.7,12.7,12.1,14.7,19.5,18.3,4.6,-2.3,-3.6,-3.8,-4.0,-4.5,-3.2,-0.2,26.6,29.7,45.9,13.4,0.0,45.9,22.5,11.9,75.1,,,OBAnorm,,LD831_02097v2.403,,,,0,0
DENATRLA,2025-06-23 23:48:53.000,25.4,23.3,22.7,16.9,17.2,12.7,12.1,8.8,6.2,6.9,10.5,12.2,13.2,16.4,17.0,16.3,16.5,17.1,17.1,14.8,12.0,10.3,8.7,7.6,5.3,4.3,-1.6,-3.7,-3.8,-3.9,-4.4,-3.2,-0.1,23.5,28.2,43.0,13.4,0.0,45.9,22.5,11.9,75.1,,,OBAnorm,,LD831_02097v2.403,,,,0,0
DENATRLA,2025-06-23 23:48:54.000,26.0,21.4,23.4,20.0,15.3,12.8,11.4,9.7,4.9,6.5,10.9,12.6,14.9,15.6,17.3,17.6,17.2,17.1,16.5,14.5,11.8,10.1,9.9,8.7,1.8,-0.3,-2.4,-3.7,-3.8,-3.9,-4.5,-3.3,-0.1,23.4,29.1,45.1,13.4,0.0,45.9,22.5,11.9,75.7,,,OBAnorm,,LD831_02097v2.403,,,,0,0
DENATRLA,2025-06-23 23:48:55.000,23.4,24.5,22.2,21.5,15.5,14.5,11.0,8.7,8.4,7.0,9.8,13.0,15.2,16.2,18.1,16.7,16.4,17.3,16.3,15.0,12.1,11.8,11.7,13.9,13.3,5.0,-1.6,-3.7,-3.7,-4.0,-4.4,-3.2,-0.1,24.5,28.9,42.3,13.4,0.0,45.9,22.5,11.9,75.7,,,OBAnorm,,LD831_02097v2.403,,,,0,0
DENATRLA,2025-06-23 23:48:56.000,22.2,25.4,20.0,18.5,18.0,15.9,12.6,10.5,7.0,5.2,11.5,13.1,14.5,15.8,16.8,17.2,17.0,16.7,16.0,14.9,12.2,10.1,12.6,11.3,12.8,5.8,-0.5,-3.7,-3.8,-4.0,-4.5,-3.3,-0.2,24.1,28.7,44.9,13.4,0.0,45.9,22.5,11.9,75.7,,,OBAnorm,,LD831_02097v2.403,,,,0,0
DENATRLA,2025-06-23 23:48:57.000,27.6,25.2,23.8,21.4,16.6,14.5,8.8,8.6,6.3,8.3,10.3,13.0,14.2,17.3,17.8,18.0,17.0,16.8,15.5,14.4,12.4,9.6,6.5,3.6,1.3,1.2,-1.5,-3.7,-3.8,-3.9,-4.5,-3.2,-0.2,23.0,28.8,44.8,13.4,0.0,45.9,22.5,11.9,75.7,,,OBAnorm,,LD831_02097v2.403,,,,0,0
DENATRLA,2025-06-23 23:48:58.000,28.0,20.0,17.8,17.0,16.0,12.3,13.8,11.2,8.0,5.6,9.4,12.7,15.5,17.1,17.4,17.1,16.5,16.7,15.7,14.6,12.3,9.1,6.2,4.1,2.1,0.0,-1.5,-3.6,-3.8,-4.0,-4.5,-3.3,-0.2,22.9,29.5,52.0,13.4,0.0,45.9,22.5,11.9,75.7,,,OBAnorm,,LD831_02097v2.403,,,,0,0
DENATRLA,2025-06-23 23:48:59.000,27.8,19.7,25.2,19.0,15.6,15.4,10.8,9.3,7.3,6.6,10.2,13.4,15.5,15.8,18.0,17.0,17.2,16.8,15.3,14.2,12.7,10.1,7.7,6.3,4.2,0.9,-1.8,-3.6,-3.7,-4.0,-4.5,-3.1,-0.1,23.1,29.7,47.9,13.4,0.0,45.9,22.5,11.9,75.7,,,OBAnorm,,LD831_02097v2.403,,,,0,0
DENATRLA,2025-06-23 23:49:00.000,24.6,23.8,22.1,19.5,17.3,14.3,13.4,11.4,7.3,8.2,10.6,13.3,16.5,17.1,16.6,18.1,18.7,17.4,16.5,14.6,12.9,11.7,10.2,15.1,10.2,4.0,-1.5,-3.5,-3.8,-4.0,-4.5,-3.4,-0.2,24.7,29.1,44.4,13.4,0.0,45.9,22.5,11.9,75.7,,,OBAnorm,,LD831_02097v2.403,,,,0,0
DENATRLA,2025-06-23 23:49:01.000,26.1,29.2,23.8,20.2,17.3,13.9,15.0,11.7,8.5,6.3,11.8,14.2,15.2,16.4,17.4,17.3,17.1,17.3,17.0,15.0,13.6,13.3,16.8,16.6,15.8,10.7,-0.4,-3.4,-3.7,-4.0,-4.5,-3.2,-0.2,26.2,30.4,45.4,13.4,0.0,46.0,22.5,11.9,75.7,,,OBAnorm,,LD831_02097v2.403,,,,0,0
DENATRLA,2025-06-23 23:49:02.000,28.8,25.7,25.5,17.3,16.9,15.0,12.1,9.2,6.8,7.2,8.6,13.8,14.3,18.4,18.0,17.3,17.9,17.9,17.0,15.2,12.7,11.5,9.8,13.1,13.9,7.9,4.3,-3.6,-3.7,-3.8,-4.4,-3.1,0.0,24.8,31.0,45.7,13.4,0.0,45.9,22.5,11.9,75.7,,,OBAnorm,,LD831_02097v2.403,,,,0,0
DENATRLA,2025-06-23 23:49:03.000,24.9,26.2,21.6,22.5,17.8,15.2,14.1,9.8,8.5,8.0,9.7,13.3,15.8,15.8,17.8,18.1,17.5,17.2,17.3,14.5,12.8,11.3,9.0,10.1,4.1,2.2,-1.8,-3.8,-3.7,-3.9,-4.4,-3.0,-0.2,23.9,29.9,47.6,13.4,0.0,45.9,22.5,11.8,75.7,,,OBAnorm,,LD831_02097v2.403,,,,0,0
DENATRLA,2025-06-23 23:49:04.000,32.1,29.4,20.3,18.3,17.3,17.2,12.9,7.7,9.4,7.0,9.9,14.7,15.4,17.5,19.4,17.0,18.1,17.5,17.2,15.2,12.8,10.1,7.6,7.8,8.7,5.5,-2.0,-3.6,-3.7,-3.7,-4.1,-3.1,-0.1,24.1,29.9,50.2,13.4,0.0,45.9,22.5,11.8,75.7,,,OBAnorm,,LD831_02097v2.403,,,,0,0
DENATRLA,2025-06-23 23:49:05.000,28.1,28.4,22.1,17.7,17.3,14.6,12.6,9.4,7.4,5.9,10.2,12.9,15.7,16.8,17.6,17.5,18.1,17.7,16.5,14.9,12.6,11.9,9.0,12.4,12.1,0.9,-2.9,-3.8,-3.8,-3.9,-4.5,-3.2,-0.1,24.4,29.6,47.0,13.4,0.0,46.0,22.5,11.8,75.7,,,OBAnorm,,LD831_02097v2.403,,,,0,0
DENATRLA,2025-06-23 23:49:06.000,32.2,25.9,16.4,17.4,16.5,14.2,15.3,10.7,6.8,6.7,9.0,12.9,15.8,16.6,18.6,17.3,16.9,17.1,16.1,14.2,11.8,9.9,7.3,12.1,11.2,5.0,-2.4,-3.8,-3.8,-4.0,-4.5,-3.2,-0.2,23.7,30.3,50.3,13.4,0.0,45.9,22.5,11.8,75.7,,,OBAnorm,,LD831_02097v2.403,,,,0,0
DENATRLA,2025-06-23 23:49:07.000,26.0,25.0,21.4,21.7,18.9,16.9,13.6,9.3,8.0,6.5,10.3,13.6,14.4,16.7,17.5,17.2,17.1,17.4,16.5,14.4,11.6,9.4,6.5,7.3,4.8,1.2,-3.6,-3.8,-3.8,-4.0,-4.4,-3.3,-0.2,23.3,30.5,50.2,13.4,0.0,45.9,22.5,11.8,75.7,,,OBAnorm,,LD831_02097v2.403,,,,0,0
DENATRLA,2025-06-23 23:49:08.000,28.1,20.5,22.2,16.0,15.4,12.6,12.3,9.7,7.0,7.7,10.5,13.3,14.6,16.9,18.4,16.4,16.8,17.7,16.2,13.5,11.2,9.0,7.1,6.5,6.0,0.6,-2.5,-3.9,-3.8,-4.0,-4.3,-3.1,-0.2,23.1,30.2,48.7,13.4,0.0,45.9,22.5,11.8,75.1,,,OBAnorm,,LD831_02097v2.403,,,,0,0
DENATRLA,2025-06-23 23:49:09.000,33.4,30.0,22.4,17.9,17.8,14.4,12.0,9.4,6.6,8.2,9.5,14.6,15.5,16.8,17.9,17.4,16.4,16.6,17.2,13.5,11.4,10.3,6.5,5.0,1.9,0.3,-1.7,-3.7,-3.8,-3.8,-4.3,-3.2,-0.1,23.1,28.9,42.4,13.4,0.0,46.0,22.5,11.8,75.1,,,OBAnorm,,LD831_02097v2.403,,,,0,0
DENATRLA,2025-06-23 23:49:10.000,33.9,21.8,21.0,15.8,15.1,13.8,12.6,10.2,7.5,8.2,8.7,12.4,16.1,16.0,17.7,17.2,16.2,16.3,18.5,13.5,12.0,12.1,10.9,17.6,18.7,4.4,-1.0,-3.7,-3.7,-3.7,-4.3,-3.2,-0.2,26.3,29.0,40.1,13.4,0.0,45.9,22.5,11.8,75.1,,,OBAnorm,,LD831_02097v2.403,,,,0,0
DENATRLA,2025-06-23 23:49:11.000,33.5,27.9,20.2,17.5,16.5,14.8,14.5,9.9,7.1,7.8,9.5,15.0,16.0,16.4,17.3,17.4,15.3,16.5,16.3,14.6,11.0,11.4,14.0,20.1,18.4,13.8,0.1,-3.7,-3.8,-3.9,-4.4,-3.2,-0.1,26.6,29.5,41.5,13.4,0.0,45.9,22.5,11.8,75.1,,,OBAnorm,,LD831_02097v2.403,,,,0,0
DENATRLA,2025-06-23 23:49:12.000,27.6,20.3,19.7,14.5,20.3,16.1,11.8,11.4,7.5,6.7,10.8,13.7,14.3,16.0,17.4,16.8,15.9,16.2,15.8,14.2,11.4,9.6,7.3,4.7,2.1,0.1,-2.8,-3.8,-3.8,-3.9,-4.4,-3.2,-0.2,22.6,28.0,42.0,13.4,0.0,45.9,22.5,11.8,75.1,,,OBAnorm,,LD831_02097v2.403,,,,0,0
DENATRLA,2025-06-23 23:49:13.000,22.7,24.8,21.1,19.9,18.4,12.6,12.7,12.5,7.5,6.3,10.4,12.9,14.9,16.5,17.3,16.7,15.1,16.1,15.3,13.3,11.5,9.9,10.2,10.2,12.0,4.6,-2.6,-3.8,-3.7,-3.9,-4.3,-3.2,-0.3,23.2,30.0,44.9,13.4,0.0,45.9,22.5,11.8,75.1,,,OBAnorm,,LD831_02097v2.403,,,,0,0
DENATRLA,2025-06-23 23:49:14.000,28.2,22.0,25.2,22.9,20.2,17.1,17.5,13.0,7.7,4.9,8.9,12.5,14.6,15.9,16.8,17.0,15.7,15.5,14.9,13.1,11.3,8.4,6.0,3.8,3.8,3.0,-1.7,-3.7,-3.7,-3.8,-4.4,-3.3,-0.3,22.1,29.3,43.4,13.4,0.0,45.9,22.5,11.8,75.1,,,OBAnorm,,LD831_02097v2.403,,,,0,0
DENATRLA,2025-06-23 23:49:15.000,25.1,26.5,25.3,25.3,21.2,15.8,15.8,10.6,8.0,6.8,9.2,12.0,14.8,14.9,17.3,16.5,15.7,15.3,14.5,13.3,10.4,8.2,6.1,5.9,2.6,0.1,-3.1,-3.8,-3.8,-3.9,-4.5,-3.3,-0.2,21.9,28.1,45.6,13.4,0.0,45.9,22.5,11.8,75.1,,,OBAnorm,,LD831_02097v2.403,,,,0,0
DENATRLA,2025-06-23 23:49:16.000,27.1,25.7,24.8,21.3,17.9,12.9,12.7,10.2,5.8,6.2,9.3,12.3,14.3,15.0,16.8,16.2,15.9,15.7,13.3,12.6,10.8,9.2,8.4,11.5,7.1,2.0,-3.2,-3.9,-3.8,-3.9,-4.4,-3.4,-0.1,22.4,28.4,47.5,13.4,0.0,45.9,22.5,11.8,75.1,,,OBAnorm,,LD831_02097v2.403,,,,0,0
DENATRLA,2025-06-23 23:49:17.000,24.8,23.1,22.8,22.4,14.0,16.1,12.6,8.9,8.8,5.0,9.2,12.6,14.9,14.8,16.4,15.8,14.3,14.8,14.2,13.2,10.9,8.9,8.3,7.2,4.8,1.3,-2.6,-3.8,-3.8,-3.9,-4.5,-3.2,-0.2,21.8,27.6,43.5,13.4,0.0,45.9,22.5,11.8,75.1,,,OBAnorm,,LD831_02097v2.403,,,,0,0
DENATRLA,2025-06-23 23:49:18.000,28.5,22.5,18.1,19.4,16.5,15.7,12.9,9.1,8.8,7.2,9.6,12.3,12.6,15.2,16.1,15.8,15.2,14.8,13.9,13.9,11.6,8.0,14.5,16.3,17.1,3.2,-2.2,-3.8,-3.8,-4.0,-4.5,-3.3,-0.2,24.8,28.9,46.8,13.4,0.0,45.9,22.5,11.8,75.1,,,OBAnorm,,LD831_02097v2.403,,,,0,0
DENATRLA,2025-06-23 23:49:19.000,29.1,23.0,19.7,20.6,14.0,12.2,12.0,10.3,8.0,6.3,7.9,10.8,13.6,15.3,15.4,15.7,15.5,15.7,13.3,13.0,11.0,7.9,4.3,1.9,0.2,0.5,-1.1,-3.7,-3.8,-4.0,-4.5,-3.2,-0.2,21.3,27.6,41.9,13.4,0.0,45.9,22.5,11.8,75.7,,,OBAnorm,,LD831_02097v2.403,,,,0,0
DENATRLA,2025-06-23 23:49:20.000,25.8,24.1,21.7,19.3,14.5,12.3,13.1,12.0,5.7,5.7,10.4,12.3,14.3,14.9,15.8,16.0,14.5,15.5,13.7,12.1,10.3,7.1,6.6,3.6,2.3,-1.9,-3.6,-3.8,-3.8,-4.0,-4.5,-3.2,-0.1,21.2,27.4,42.2,13.4,0.0,45.9,22.4,11.8,75.7,,,OBAnorm,,LD831_02097v2.403,,,,0,0
DENATRLA,2025-06-23 23:49:21.000,25.2,24.5,25.1,23.0,16.7,14.3,15.8,11.5,6.6,7.4,9.0,11.7,14.3,15.9,15.9,15.2,14.7,14.4,13.9,12.5,10.9,9.5,10.6,14.4,12.4,1.7,-2.9,-3.7,-3.5,-3.9,-4.5,-3.3,-0.1,23.1,28.3,45.7,13.4,0.0,45.9,22.5,11.8,75.7,,,OBAnorm,,LD831_02097v2.403,,,,0,0
DENATRLA,2025-06-23 23:49:22.000,24.6,23.6,26.5,18.9,17.4,14.5,12.5,6.9,5.1,6.2,8.4,11.1,13.7,15.6,15.1,14.8,15.0,15.1,13.7,12.7,10.2,8.1,6.4,9.1,7.9,2.2,-3.5,-3.9,-3.8,-4.0,-4.5,-3.3,-0.2,21.6,27.3,42.6,13.4,0.0,45.9,22.4,11.8,75.7,,,OBAnorm,,LD831_02097v2.403,,,,0,0
DENATRLA,2025-06-23 23:49:23.000,24.0,25.0,21.9,18.5,16.1,12.4,12.7,10.5,6.7,6.1,9.5,11.1,14.0,15.8,15.7,15.8,14.9,15.1,13.6,12.2,9.7,7.4,4.6,2.3,0.3,-2.0,-3.6,-3.9,-3.9,-4.1,-4.5,-3.4,-0.1,21.1,26.8,42.3,13.4,0.0,45.9,22.5,11.8,75.7,,,OBAnorm,,LD831_02097v2.403,,,,0,0
DENATRLA,2025-06-23 23:49:24.000,26.7,20.3,20.6,17.1,12.9,14.5,12.4,10.0,5.8,7.3,8.7,11.3,13.7,14.1,15.6,15.2,14.6,13.9,13.2,12.1,10.0,6.9,3.6,1.1,-1.2,-2.0,-3.6,-3.8,-3.9,-4.0,-4.5,-3.4,-0.1,20.5,27.0,44.3,13.4,0.0,45.9,22.4,11.8,75.7,,,OBAnorm,,LD831_02097v2.403,,,,0,0
DENATRLA,2025-06-23 23:49:25.000,25.2,22.2,19.8,16.7,14.0,14.7,11.9,10.2,5.2,7.8,9.7,11.2,13.3,14.6,16.1,14.0,15.0,14.8,13.4,11.6,9.6,8.9,7.7,10.6,8.6,-0.4,-3.1,-3.9,-3.9,-4.0,-4.5,-3.3,-0.1,21.7,26.8,44.2,13.4,0.0,45.9,22.5,11.8,75.7,,,OBAnorm,,LD831_02097v2.403,,,,0,0
DENATRLA,2025-06-23 23:49:26.000,25.7,24.3,19.2,12.7,14.9,12.4,10.4,8.4,7.9,8.1,9.4,10.7,13.1,13.8,15.0,14.8,14.6,14.8,13.8,11.9,9.6,7.8,7.0,9.9,8.8,5.1,-3.0,-3.8,-3.9,-4.0,-4.4,-3.2,-0.2,21.6,26.7,47.0,13.4,0.0,45.9,22.5,11.8,75.7,,,OBAnorm,,LD831_02097v2.403,,,,0,0
DENATRLA,2025-06-23 23:49:27.000,27.4,23.4,18.6,17.4,10.7,10.6,11.7,8.0,6.5,6.8,11.3,12.1,14.2,15.3,16.2,13.6,14.5,14.4,13.9,11.8,9.4,9.6,9.4,10.9,6.5,0.9,-3.6,-3.8,-3.8,-4.0,-4.5,-3.4,-0.3,21.8,26.2,36.0,13.4,0.0,45.9,22.4,11.8,75.7,,,OBAnorm,,LD831_02097v2.403,,,,0,0
DENATRLA,2025-06-23 23:49:28.000,24.9,23.3,16.5,15.3,11.8,13.3,12.3,9.0,4.9,6.7,9.2,9.1,14.5,15.7,16.3,15.5,15.1,14.7,13.7,12.3,10.4,8.2,5.4,8.6,8.9,2.1,-2.5,-3.9,-3.8,-4.0,-4.4,-3.2,-0.1,21.7,26.9,39.6,13.4,0.0,45.9,22.4,11.8,75.7,,,OBAnorm,,LD831_02097v2.403,,,,0,0
DENATRLA,2025-06-23 23:49:29.000,23.8,17.8,19.0,17.4,14.2,11.0,13.3,8.4,5.7,6.6,9.1,10.9,12.6,15.4,16.0,15.5,15.2,14.3,14.1,12.4,10.4,10.3,6.1,4.7,2.0,-2.3,-3.7,-3.8,-3.8,-4.0,-4.4,-3.2,-0.2,21.4,26.9,44.1,13.4,0.0,45.9,22.5,11.8,75.7,,,OBAnorm,,LD831_02097v2.403,,,,0,0
DENATRLA,2025-06-23 23:49:30.000,24.7,22.5,20.7,16.0,15.0,11.0,11.1,9.1,6.4,7.2,9.1,12.1,12.7,14.3,16.1,15.9,15.4,15.1,13.8,11.7,10.2,8.4,5.5,7.9,4.3,-1.8,-3.7,-3.8,-3.9,-4.0,-4.5,-3.3,-0.3,21.4,27.1,46.5,13.4,0.0,45.9,22.5,11.8,75.7,,,OBAnorm,,LD831_02097v2.403,,,,0,0
DENATRLA,2025-06-23 23:49:31.000,27.0,24.8,20.9,17.1,12.9,12.6,10.7,9.7,5.8,5.8,10.4,11.3,13.3,15.0,15.7,15.5,14.9,14.2,13.2,12.2,9.4,6.6,5.0,6.1,6.2,0.3,-3.9,-3.9,-3.9,-4.0,-4.5,-3.4,-0.3,21.0,27.1,42.0,13.4,0.0,45.9,22.5,11.8,75.7,,,OBAnorm,,LD831_02097v2.403,,,,0,0
DENATRLA,2025-06-23 23:49:32.000,23.9,22.7,17.5,15.7,12.2,13.9,12.6,7.8,4.6,5.7,7.9,11.0,14.0,14.1,15.3,14.7,14.1,14.2,13.0,12.2,9.8,8.9,5.8,6.1,0.3,-2.6,-3.9,-3.9,-3.8,-3.9,-4.5,-3.4,-0.1,20.9,26.9,43.6,13.4,0.0,45.9,22.4,11.8,75.7,,,OBAnorm,,LD831_02097v2.403,,,,0,0
DENATRLA,2025-06-23 23:49:33.000,22.8,26.1,20.6,19.0,15.6,11.2,11.6,8.5,6.4,4.6,8.0,10.7,12.7,14.3,16.3,14.6,15.0,14.5,13.7,12.1,10.1,10.5,12.7,15.0,14.6,4.7,-2.4,-3.8,-3.8,-4.0,-4.4,-3.3,-0.2,23.6,26.9,40.6,13.4,0.0,45.9,22.5,11.8,75.7,,,OBAnorm,,LD831_02097v2.403,,,,0,0
DENATRLA,2025-06-23 23:49:34.000,25.5,21.9,21.7,19.1,13.7,12.4,12.6,20.3,7.6,5.8,10.4,11.9,14.7,15.2,15.7,14.4,15.0,15.1,13.9,12.7,9.9,8.9,6.9,7.5,7.6,2.8,-2.4,-3.6,-3.4,-3.7,-4.4,-3.2,-0.2,21.8,28.9,42.1,13.4,0.0,45.9,22.4,11.8,75.7,,,OBAnorm,,LD831_02097v2.403,,,,0,0
DENATRLA,2025-06-23 23:49:35.000,26.3,24.2,26.5,20.7,14.7,16.0,16.1,13.8,9.7,5.9,8.4,11.7,14.5,15.3,16.5,14.7,14.7,14.9,13.3,12.0,10.3,7.9,6.3,5.1,1.9,-1.5,-3.7,-3.8,-3.8,-3.9,-4.5,-3.3,-0.2,20.8,27.7,41.3,13.4,0.0,45.9,22.5,11.8,75.7,,,OBAnorm,,LD831_02097v2.403,,,,0,0
DENATRLA,2025-06-23 23:49:36.000,18.7,22.3,23.7,25.1,18.1,12.3,12.6,10.7,5.7,5.4,8.1,11.0,13.7,13.8,15.2,16.1,14.1,14.1,13.5,11.6,9.6,9.1,8.0,9.4,6.9,-0.6,-3.3,-3.7,-3.8,-3.9,-4.4,-3.2,-0.3,21.6,26.6,45.6,13.4,0.0,45.9,22.5,11.8,74.0,,,OBAnorm,,LD831_02097v2.403,,,,0,0
DENATRLA,2025-06-23 23:49:37.000,22.9,22.5,14.3,13.8,12.0,14.3,11.8,11.2,7.2,5.8,9.5,12.0,13.0,13.9,16.2,14.8,14.2,14.7,13.2,11.9,9.7,8.7,6.1,7.0,6.5,3.4,-3.4,-3.8,-3.8,-3.8,-4.5,-3.3,-0.1,21.2,27.1,41.8,13.4,0.0,44.1,22.4,11.8,72.3,,,OBAnorm,,LD831_02097v2.403,,,,0,0
DENATRLA,2025-06-23 23:49:38.000,22.6,19.1,20.7,20.1,15.2,14.5,11.1,10.6,4.8,5.3,10.4,11.2,13.3,15.3,15.2,16.0,13.9,14.4,14.6,12.1,9.3,8.9,10.2,13.2,16.6,5.8,-2.2,-3.8,-3.8,-3.8,-4.5,-3.3,-0.2,23.5,27.7,45.3,13.4,0.0,44.2,22.4,11.8,71.7,,,OBAnorm,,LD831_02097v2.403,,,,0,0
DENATRLA,2025-06-23 23:49:39.000,23.7,22.1,20.5,16.4,14.6,12.7,13.3,8.2,7.0,4.7,7.8,11.2,13.4,15.6,15.5,15.2,14.5,14.1,13.5,11.7,9.2,8.9,7.8,7.3,4.4,0.8,-3.4,-3.8,-3.8,-4.0,-4.5,-3.3,0.0,21.1,28.3,47.1,13.4,0.0,44.1,22.5,11.8,71.7,,,OBAnorm,,LD831_02097v2.403,,,,0,0
DENATRLA,2025-06-23 23:49:40.000,24.4,19.5,23.6,17.3,16.7,16.4,10.8,11.8,9.9,6.1,8.0,11.6,13.8,14.5,15.0,15.0,14.1,14.5,13.8,12.3,10.2,7.9,10.2,11.9,9.9,0.4,-3.8,-3.9,-3.8,-3.9,-4.5,-3.3,-0.2,22.0,28.5,46.0,13.4,0.0,44.1,22.4,11.8,71.7,,,OBAnorm,,LD831_02097v2.403,,,,0,0
DENATRLA,2025-06-23 23:49:41.000,27.6,26.6,21.7,20.2,16.5,11.5,12.6,11.2,5.1,5.9,7.8,11.7,13.2,13.6,14.5,14.6,14.4,14.1,13.7,12.3,9.6,6.7,4.5,4.9,6.6,-0.5,-3.1,-3.9,-3.8,-4.0,-4.4,-3.4,-0.3,20.9,28.0,46.4,13.4,0.0,44.1,22.5,11.8,71.7,,,OBAnorm,,LD831_02097v2.403,,,,0,0
DENATRLA,2025-06-23 23:49:42.000,29.7,29.3,23.0,20.4,16.2,16.1,11.5,10.2,8.0,7.7,10.0,12.1,14.1,15.3,15.6,14.7,13.7,14.6,13.6,11.8,10.2,7.6,7.2,8.9,5.1,-1.0,-4.0,-3.9,-3.8,-3.9,-4.5,-3.3,-0.2,21.3,32.0,50.1,13.4,0.0,44.1,22.4,11.8,71.7,,,OBAnorm,,LD831_02097v2.403,,,,0,0
DENATRLA,2025-06-23 23:49:43.000,26.6,26.5,22.0,17.1,17.6,15.5,15.2,11.3,8.5,8.1,9.8,11.0,13.2,15.3,16.2,15.2,14.0,14.2,14.2,11.8,10.9,11.3,14.4,15.3,10.4,6.9,-2.5,-3.8,-3.8,-3.9,-4.5,-3.2,-0.2,23.6,32.0,49.2,13.4,0.0,44.1,22.4,11.8,71.7,,,OBAnorm,,LD831_02097v2.403,,,,0,0
DENATRLA,2025-06-23 23:49:44.000,28.1,29.1,27.7,23.1,22.1,20.0,16.1,11.5,7.5,5.9,8.3,11.8,13.4,14.7,15.8,14.8,14.6,15.0,13.5,12.2,9.8,11.4,12.9,14.3,13.5,2.8,-3.1,-3.8,-3.8,-3.9,-4.4,-3.3,-0.2,23.4,30.8,46.7,13.4,0.0,44.1,22.4,11.8,71.7,,,OBAnorm,,LD831_02097v2.403,,,,0,0
DENATRLA,2025-06-23 23:49:45.000,38.0,30.9,26.7,21.7,19.4,15.7,11.9,7.6,6.6,5.5,9.2,11.0,13.2,14.9,16.1,15.4,14.6,14.6,13.8,12.6,10.7,7.9,4.6,2.7,6.1,6.6,-3.0,-3.8,-3.8,-3.9,-4.4,-3.3,-0.2,21.3,28.1,47.8,13.4,0.0,44.1,22.4,11.8,71.7,,,OBAnorm,,LD831_02097v2.403,,,,0,0
DENATRLA,2025-06-23 23:49:46.000,35.7,24.3,26.5,19.6,14.8,10.5,13.7,13.3,7.9,6.6,9.1,11.2,14.4,16.0,16.8,15.4,14.5,15.0,14.9,13.5,11.0,8.7,5.8,3.2,0.9,-0.6,-2.3,-3.4,-2.9,-3.3,-4.0,-3.1,-0.1,21.9,30.7,45.7,13.4,0.0,44.1,22.5,11.8,71.7,,,OBAnorm,,LD831_02097v2.403,,,,0,0
DENATRLA,2025-06-23 23:49:47.000,33.5,26.3,22.0,23.7,18.8,16.8,16.8,20.4,9.8,6.2,10.7,13.4,14.0,15.4,16.6,15.9,15.7,14.9,14.6,12.9,11.0,8.8,11.4,8.3,5.4,-0.6,-2.3,-3.3,-2.2,-3.1,-3.7,-2.8,-0.1,22.2,30.8,45.5,13.4,0.0,44.2,22.4,11.8,71.7,,,OBAnorm,,LD831_02097v2.403,,,,0,0
DENATRLA,2025-06-23 23:49:48.000,30.3,21.9,30.7,28.3,19.8,19.4,16.4,15.2,7.5,7.5,9.6,12.3,13.8,15.2,15.8,15.3,15.0,14.8,13.9,12.8,10.7,8.6,10.5,12.6,12.1,4.8,-1.7,-3.7,-3.7,-3.7,-4.4,-3.2,-0.1,22.8,27.7,45.2,13.4,0.0,44.1,22.4,11.8,71.7,,,OBAnorm,,LD831_02097v2.403,,,,0,0
DENATRLA,2025-06-23 23:49:49.000,31.6,28.5,25.2,17.2,16.3,14.9,15.2,9.6,7.1,6.4,8.8,11.5,14.6,15.0,15.5,14.7,14.3,15.1,14.3,12.2,10.1,7.4,5.1,4.5,1.9,-0.8,-3.9,-3.9,-3.9,-3.9,-4.5,-3.3,-0.1,21.2,28.2,47.7,13.4,0.0,44.1,22.4,11.8,71.7,,,OBAnorm,,LD831_02097v2.403,,,,0,0
DENATRLA,2025-06-23 23:49:50.000,27.2,25.7,19.4,18.4,15.0,11.1,12.1,9.7,7.1,5.3,9.3,11.6,13.1,15.6,15.6,15.3,15.0,14.9,13.8,12.5,10.2,8.3,5.0,1.9,3.5,-0.1,-3.5,-3.9,-3.9,-4.0,-4.5,-3.3,-0.1,21.2,27.9,45.1,13.4,0.0,44.1,22.4,11.8,71.7,,,OBAnorm,,LD831_02097v2.403,,,,0,0
DENATRLA,2025-06-23 23:49:51.000,28.0,26.3,17.0,21.0,16.3,12.8,11.9,8.0,5.2,5.9,9.8,13.6,13.7,14.6,15.8,15.4,14.8,14.8,13.7,12.7,9.8,6.8,4.4,5.3,1.7,-2.6,-4.0,-3.9,-3.9,-4.0,-4.5,-3.2,-0.2,21.1,27.5,48.3,13.4,0.0,44.1,22.4,11.8,72.3,,,OBAnorm,,LD831_02097v2.403,,,,0,0
DENATRLA,2025-06-23 23:49:52.000,28.8,25.6,20.3,16.0,9.7,13.7,12.0,9.7,7.6,7.2,9.7,12.2,15.1,15.2,16.6,15.5,14.4,14.3,14.6,13.3,10.8,8.0,11.0,10.5,9.0,-2.7,-3.7,-3.8,-3.6,-3.8,-4.4,-3.2,-0.2,22.3,27.4,40.5,13.4,0.0,44.2,22.4,11.8,72.3,,,OBAnorm,,LD831_02097v2.403,,,,0,0
DENATRLA,2025-06-23 23:49:53.000,31.9,22.8,16.7,13.7,15.1,14.5,10.8,11.5,6.6,6.1,10.3,11.1,13.6,15.2,16.2,15.0,14.2,15.2,14.0,12.5,10.2,8.9,10.2,14.3,8.4,2.5,-2.1,-3.4,-1.0,-1.8,-3.2,-3.1,-0.1,22.6,28.8,48.8,13.4,0.0,44.1,22.4,11.8,72.3,,,OBAnorm,,LD831_02097v2.403,,,,0,0
DENATRLA,2025-06-23 23:49:54.000,26.0,23.3,21.6,21.9,15.0,13.6,12.5,8.4,6.8,4.7,8.8,10.5,13.4,14.7,16.8,15.1,14.8,14.8,14.2,12.6,10.2,9.4,9.2,10.6,9.8,7.7,-3.1,-3.9,-3.9,-4.0,-4.5,-3.3,-0.1,22.3,28.8,48.5,13.4,0.0,44.2,22.4,11.8,72.3,,,OBAnorm,,LD831_02097v2.403,,,,0,0
DENATRLA,2025-06-23 23:49:55.000,24.9,23.3,24.5,19.9,16.0,12.8,12.3,11.5,7.1,5.3,9.5,12.6,12.5,14.6,16.4,15.6,15.6,14.7,14.3,12.4,10.3,7.8,5.7,5.4,4.8,-0.4,-4.0,-3.9,-3.9,-4.0,-4.5,-3.3,-0.2,21.6,28.6,48.7,13.4,0.0,44.1,22.4,11.8,72.3,,,OBAnorm,,LD831_02097v2.403,,,,0,0
DENATRLA,2025-06-23 23:49:56.000,28.6,23.3,24.5,17.6,15.9,14.6,12.9,9.7,7.0,7.3,9.9,11.8,12.9,16.1,14.5,14.4,14.5,15.3,14.6,12.7,10.0,7.2,5.3,3.4,1.9,-2.1,-4.0,-3.9,-3.8,-4.0,-4.5,-3.4,-0.3,21.2,28.4,48.1,13.4,0.0,44.1,22.4,11.8,72.3,,,OBAnorm,,LD831_02097v2.403,,,,0,0
DENATRLA,2025-06-23 23:49:57.000,31.6,27.5,25.1,16.7,12.6,13.4,12.7,9.7,4.0,4.0,10.3,12.3,14.0,14.4,15.5,15.7,14.9,15.0,14.1,13.1,10.3,7.3,3.9,0.5,-0.8,-3.0,-4.0,-3.9,-3.8,-4.0,-4.5,-3.2,-0.2,21.2,30.0,51.7,13.4,0.0,44.2,22.4,11.8,72.3,,,OBAnorm,,LD831_02097v2.403,,,,0,0
DENATRLA,2025-06-23 23:49:58.000,24.0,24.2,25.7,19.8,16.5,12.6,11.3,10.3,8.0,7.8,10.3,13.9,13.8,15.1,16.2,15.9,15.2,15.3,13.5,12.9,11.2,9.3,6.7,10.4,7.9,-0.3,-4.0,-3.8,-3.7,-4.0,-4.4,-3.4,-0.2,22.2,27.3,41.8,13.4,0.0,44.2,22.4,11.7,72.3,,,OBAnorm,,LD831_02097v2.403,,,,0,0
DENATRLA,2025-06-23 23:49:59.000,29.0,26.0,23.5,17.7,14.0,14.4,13.3,11.2,6.0,6.8,11.2,12.5,15.2,16.7,15.9,15.6,15.6,15.1,14.2,12.7,10.3,8.9,6.9,12.1,11.3,0.4,-3.5,-3.9,-3.5,-3.9,-4.4,-3.3,-0.2,22.6,27.4,38.9,13.4,0.0,44.1,22.4,11.7,72.3,,,OBAnorm,,LD831_02097v2.403,,,,0,0
DENATRLA,2025-06-23 23:50:00.000,29.1,25.4,19.5,16.8,16.0,14.2,12.8,10.0,7.6,5.6,9.7,14.2,14.2,15.6,16.9,16.1,14.6,15.3,14.2,13.0,10.4,7.1,4.6,3.6,2.6,-2.8,-4.0,-3.9,-3.8,-4.0,-4.5,-3.2,-0.2,21.5,27.7,43.0,13.4,0.0,44.1,22.4,11.7,72.3,,,OBAnorm,,LD831_02097v2.403,,,,0,0
DENATRLA,2025-06-23 23:50:01.000,22.2,25.6,18.0,17.3,15.7,14.5,10.7,10.1,6.7,8.3,10.2,14.0,14.7,16.0,16.8,16.2,14.4,15.3,14.7,13.0,10.7,8.0,3.9,0.7,-2.0,-3.3,-4.1,-3.9,-3.9,-4.0,-4.5,-3.2,-0.3,21.5,30.2,48.6,13.4,0.0,44.1,22.4,11.7,72.3,,,OBAnorm,,LD831_02097v2.403,,,,0,0
DENATRLA,2025-06-23 23:50:02.000,21.3,20.4,22.1,17.4,16.5,14.3,11.2,10.5,8.1,6.8,10.8,13.3,14.1,15.7,16.3,16.4,15.4,14.6,15.1,13.1,10.8,9.2,6.8,7.5,3.5,-2.5,-4.0,-3.9,-3.8,-4.0,-4.5,-3.2,-0.3,22.0,29.6,47.6,13.4,0.0,44.1,22.4,11.7,72.3,,,OBAnorm,,LD831_02097v2.403,,,,0,0
DENATRLA,2025-06-23 23:50:03.000,30.6,27.8,22.3,22.6,18.7,17.6,14.4,11.4,5.8,7.7,10.6,12.0,14.3,16.1,17.1,17.1,15.2,15.1,14.7,13.0,11.1,8.3,9.9,10.7,10.2,1.1,-2.1,-1.3,-0.8,-0.5,-2.8,-2.9,0.0,22.7,32.3,52.0,13.4,0.0,44.1,22.4,11.7,72.8,,,OBAnorm,,LD831_02097v2.403,,,,0,0
DENATRLA,2025-06-23 23:50:04.000,31.6,30.5,21.7,23.1,21.6,18.0,15.2,10.7,5.6,7.6,12.0,13.1,13.2,15.6,16.3,15.9,14.4,14.9,14.1,12.6,10.4,9.5,9.5,15.3,10.2,2.7,-4.0,-3.9,-3.9,-4.0,-4.5,-3.3,-0.2,23.0,33.9,52.5,13.4,0.0,44.1,22.4,11.7,72.8,,,OBAnorm,,LD831_02097v2.403,,,,0,0
DENATRLA,2025-06-23 23:50:05.000,29.7,32.1,28.7,25.0,20.0,18.6,14.5,10.1,6.5,7.3,10.4,13.3,15.3,15.5,16.2,15.7,14.0,15.2,14.3,12.9,10.8,8.2,6.2,4.9,4.4,3.9,-3.1,-3.7,-3.8,-3.8,-4.4,-3.1,-0.1,21.8,30.4,49.2,13.4,0.0,44.1,22.4,11.7,72.8,,,OBAnorm,,LD831_02097v2.403,,,,0,0
DENATRLA,2025-06-23 23:50:06.000,36.7,30.3,23.0,25.2,21.7,15.7,13.9,11.4,7.1,7.1,9.9,12.7,14.3,16.5,16.5,16.6,15.2,15.4,15.3,12.7,10.4,8.2,5.1,3.3,2.1,-2.1,-4.0,-3.9,-3.8,-4.0,-4.4,-3.3,-0.1,21.7,30.8,47.8,13.4,0.0,44.1,22.4,11.7,72.8,,,OBAnorm,,LD831_02097v2.403,,,,0,0
DENATRLA,2025-06-23 23:50:07.000,34.2,28.6,25.7,25.1,21.2,15.9,14.4,12.7,6.9,8.7,11.1,13.1,16.4,16.6,17.3,16.5,15.6,16.2,15.1,13.5,11.9,8.8,4.9,1.6,-0.7,-3.1,-4.0,-3.9,-3.9,-4.0,-4.5,-3.2,-0.2,22.3,32.4,53.1,13.4,0.0,44.2,22.4,11.7,72.8,,,OBAnorm,,LD831_02097v2.403,,,,0,0
DENATRLA,2025-06-23 23:50:08.000,29.2,31.0,26.6,25.1,17.5,15.2,12.5,11.1,6.1,9.2,10.5,12.1,14.8,15.9,17.1,17.5,16.1,16.1,15.9,14.1,11.6,9.2,5.4,2.1,0.1,-2.9,-3.9,-3.9,-3.8,-4.0,-4.5,-3.3,-0.2,22.4,31.5,53.2,13.4,0.0,44.1,22.4,11.7,72.8,,,OBAnorm,,LD831_02097v2.403,,,,0,0
DENATRLA,2025-06-23 23:50:09.000,35.3,33.1,23.7,24.2,19.9,14.6,13.9,9.5,7.2,8.0,11.2,12.2,15.4,16.8,17.2,16.7,15.8,15.9,15.1,14.5,13.1,12.3,10.5,14.2,13.3,4.2,-3.7,-3.9,-3.8,-4.0,-4.4,-3.3,-0.3,24.2,30.1,49.8,13.4,0.0,44.1,22.4,11.7,72.8,,,OBAnorm,,LD831_02097v2.403,,,,0,0
DENATRLA,2025-06-23 23:50:10.000,29.9,30.2,24.7,20.7,15.7,14.9,12.7,10.4,7.2,7.8,11.1,13.5,15.6,16.1,17.3,16.7,15.7,16.5,15.9,14.5,12.5,10.9,11.4,13.8,10.1,4.9,-2.8,-3.9,-3.8,-4.0,-4.5,-3.3,-0.2,24.1,30.1,46.7,13.4,0.0,44.2,22.4,11.7,72.8,,,OBAnorm,,LD831_02097v2.403,,,,0,0
DENATRLA,2025-06-23 23:50:11.000,26.0,27.9,21.8,22.4,17.7,14.2,15.3,10.1,7.4,9.7,12.4,13.4,14.7,15.6,16.4,16.3,16.0,16.1,16.0,13.8,11.9,9.5,6.3,3.2,3.4,-2.0,-3.9,-3.9,-3.9,-4.1,-4.5,-3.3,-0.1,22.5,28.0,41.0,13.4,0.0,44.1,22.4,11.7,72.8,,,OBAnorm,,LD831_02097v2.403,,,,0,0
DENATRLA,2025-06-23 23:50:12.000,30.1,28.7,23.2,16.0,12.3,11.9,13.0,12.1,7.0,6.5,10.2,12.9,15.1,17.7,17.2,16.2,15.5,15.8,15.7,14.3,12.8,9.7,9.6,8.6,9.1,-1.1,-3.7,-3.9,-3.9,-4.0,-4.5,-3.4,-0.1,23.1,28.4,46.2,13.4,0.0,44.1,22.4,11.7,72.8,,,OBAnorm,,LD831_02097v2.403,,,,0,0
DENATRLA,2025-06-23 23:50:13.000,30.4,26.5,20.2,16.5,13.3,13.4,14.3,9.0,6.7,9.0,9.7,13.8,14.4,16.5,17.1,17.0,15.9,15.9,15.7,14.7,12.1,10.3,6.4,4.1,2.1,0.9,-3.2,-3.9,-3.9,-4.0,-4.5,-3.2,-0.2,22.7,28.0,47.1,13.4,0.0,44.1,22.4,11.7,72.8,,,OBAnorm,,LD831_02097v2.403,,,,0,0
DENATRLA,2025-06-23 23:50:14.000,24.3,27.2,23.7,18.1,15.6,13.5,13.0,9.7,7.5,8.1,10.6,13.6,15.0,15.9,17.6,15.6,16.1,17.0,15.3,14.3,12.2,9.9,6.4,5.0,3.7,-2.3,-4.0,-3.9,-3.8,-4.0,-4.5,-3.5,-0.2,22.6,27.9,41.0,13.4,0.0,44.1,22.4,11.7,72.8,,,OBAnorm,,LD831_02097v2.403,,,,0,0
DENATRLA,2025-06-23 23:50:15.000,25.0,20.4,16.2,17.7,15.4,12.2,12.0,10.7,8.6,6.9,10.4,12.0,15.5,17.6,17.0,17.1,15.6,16.3,15.8,13.6,12.8,10.1,15.1,17.7,18.4,3.8,-3.7,-3.8,-3.7,-3.9,-4.4,-3.4,-0.2,25.9,29.6,48.5,13.4,0.0,44.1,22.4,11.7,72.8,,,OBAnorm,,LD831_02097v2.403,,,,0,0
DENATRLA,2025-06-23 23:50:16.000,24.1,23.5,19.7,18.5,14.4,12.1,13.8,10.6,7.5,7.3,10.4,13.4,15.4,16.1,17.6,16.3,15.7,15.4,15.1,14.5,12.3,9.5,6.0,5.1,3.2,1.8,-3.4,-3.7,-2.9,-3.5,-4.1,-3.2,-0.1,22.5,28.0,40.3,13.4,0.0,44.1,22.4,11.7,72.8,,,OBAnorm,,LD831_02097v2.403,,,,0,0
DENATRLA,2025-06-23 23:50:17.000,27.4,24.1,18.3,18.4,14.9,15.4,13.8,10.8,8.6,8.9,11.1,14.2,15.5,17.0,17.2,15.8,16.1,16.4,15.2,14.5,12.0,9.2,5.7,2.7,0.8,-2.1,-3.9,-3.9,-3.9,-4.0,-4.5,-3.2,-0.3,22.5,27.5,35.1,13.4,0.0,44.1,22.4,11.7,72.8,,,OBAnorm,,LD831_02097v2.403,,,,0,0
DENATRLA,2025-06-23 23:50:18.000,26.6,23.7,20.4,19.5,11.4,13.8,15.0,9.9,7.3,8.0,10.5,13.7,16.0,17.5,17.4,15.9,16.1,16.4,15.7,14.9,12.9,10.6,10.2,9.3,8.1,-2.2,-3.9,-3.9,-3.8,-4.0,-4.5,-3.3,0.0,23.5,28.2,35.0,13.4,0.0,44.1,22.4,11.7,72.8,,,OBAnorm,,LD831_02097v2.403,,,,0,0
DENATRLA,2025-06-23 23:50:19.000,22.4,23.2,22.2,17.2,13.2,11.9,12.0,10.2,8.6,7.2,11.7,15.3,16.1,16.4,16.4,16.5,16.2,16.5,15.9,14.6,12.4,10.9,11.2,11.2,8.0,4.7,-3.2,-3.8,-3.8,-3.8,-4.3,-3.2,0.0,23.6,27.9,35.4,13.4,0.0,44.1,22.4,11.7,72.8,,,OBAnorm,,LD831_02097v2.403,,,,0,0
DENATRLA,2025-06-23 23:50:20.000,22.0,20.5,19.9,18.2,15.8,15.0,13.6,12.6,7.0,6.7,12.5,13.9,15.5,17.2,17.3,17.0,15.6,17.0,15.3,14.7,12.6,11.2,11.9,14.6,9.5,5.8,-3.9,-3.9,-3.8,-3.9,-4.4,-3.2,-0.2,24.2,28.3,36.7,13.4,0.0,44.1,22.4,11.7,72.8,,,OBAnorm,,LD831_02097v2.403,,,,0,0
DENATRLA,2025-06-23 23:50:21.000,23.7,20.7,18.4,13.7,14.0,15.1,13.4,9.5,6.6,6.7,9.7,14.3,15.2,17.4,17.4,16.0,15.5,17.1,15.8,14.0,12.4,9.3,9.9,16.8,14.4,4.7,-1.6,-3.9,-3.9,-4.0,-4.5,-3.2,-0.2,24.6,28.6,37.6,13.4,0.0,44.2,22.4,11.6,72.8,,,OBAnorm,,LD831_02097v2.403,,,,0,0
DENATRLA,2025-06-23 23:50:22.000,25.7,24.2,17.9,19.1,15.6,15.6,12.3,10.1,7.9,7.3,11.4,12.6,15.6,16.3,16.9,16.4,15.7,16.7,16.3,14.5,12.1,9.0,6.6,4.1,1.9,-0.3,-3.8,-3.9,-3.8,-4.0,-4.4,-3.3,-0.1,22.7,27.9,40.7,13.4,0.0,44.2,22.4,11.6,72.8,,,OBAnorm,,LD831_02097v2.403,,,,0,0
DENATRLA,2025-06-23 23:50:23.000,27.0,24.6,21.4,18.6,12.9,13.6,11.4,12.6,7.6,7.3,10.4,12.4,15.4,15.8,16.9,16.4,15.8,16.7,16.0,13.5,12.0,9.3,5.9,3.0,0.1,-2.0,-3.8,-3.9,-3.8,-4.0,-4.4,-3.2,-0.1,22.5,27.9,39.8,13.4,0.0,44.2,22.4,11.7,72.8,,,OBAnorm,,LD831_02097v2.403,,,,0,0
DENATRLA,2025-06-23 23:50:24.000,26.3,23.4,21.4,18.2,12.7,17.1,14.4,10.6,8.5,7.1,9.2,12.8,15.3,15.2,15.8,17.0,15.2,15.6,15.2,14.1,11.9,9.1,7.3,6.7,6.4,-1.0,-3.8,-3.9,-3.8,-4.0,-4.5,-3.3,-0.2,22.4,27.5,38.9,13.4,0.0,44.2,22.4,11.6,72.2,,,OBAnorm,,LD831_02097v2.403,,,,0,0
DENATRLA,2025-06-23 23:50:25.000,27.1,25.5,20.2,16.9,13.6,14.6,14.6,10.3,9.0,7.5,9.5,12.9,14.5,15.0,16.9,15.9,15.1,16.2,15.4,13.4,11.8,8.4,5.2,1.9,1.1,2.4,-3.6,-3.9,-3.8,-3.9,-4.5,-3.1,-0.2,22.0,27.7,41.0,13.4,0.0,44.1,22.4,11.6,72.2,,,OBAnorm,,LD831_02097v2.403,,,,0,0
DENATRLA,2025-06-23 23:50:26.000,24.9,25.9,19.2,16.8,15.9,15.3,15.5,11.6,5.7,7.2,11.5,13.5,15.4,15.3,15.9,16.3,15.7,15.4,14.7,13.4,11.1,10.3,10.2,18.1,10.5,-2.1,-4.0,-3.7,-3.9,-4.0,-4.4,-3.2,-0.2,24.1,28.5,42.1,13.4,0.0,44.2,22.4,11.7,72.3,,,OBAnorm,,LD831_02097v2.403,,,,0,0
DENATRLA,2025-06-23 23:50:27.000,25.4,22.5,21.3,17.3,12.3,14.6,11.9,10.9,8.2,6.3,10.3,12.9,14.3,15.7,16.2,16.7,15.6,15.5,14.8,13.1,11.4,11.0,12.5,17.4,19.0,7.9,-1.9,-3.8,-3.8,-3.9,-4.4,-3.3,-0.2,25.6,28.7,45.2,13.4,0.0,44.2,22.4,11.7,72.3,,,OBAnorm,,LD831_02097v2.403,,,,0,0
DENATRLA,2025-06-23 23:50:28.000,25.5,26.0,19.5,18.6,13.1,13.3,12.3,12.7,6.0,9.2,11.8,13.7,16.1,16.3,16.4,16.2,16.8,16.5,14.6,13.8,12.9,9.0,7.2,4.2,5.5,3.6,2.5,-1.2,0.2,-1.9,-3.4,-2.7,-0.1,22.7,30.1,46.3,13.4,0.0,44.1,22.4,11.7,72.3,,,OBAnorm,,LD831_02097v2.403,,,,0,0
DENATRLA,2025-06-23 23:50:29.000,28.6,23.6,23.1,24.4,14.8,17.6,16.5,13.9,10.2,8.3,10.1,12.4,15.5,14.1,16.1,15.5,14.6,14.7,14.0,12.5,10.7,7.6,4.1,1.6,-0.6,-2.9,-4.0,-3.9,-3.8,-4.0,-4.4,-3.3,-0.3,21.1,27.7,41.9,13.4,0.0,44.1,22.4,11.7,72.3,,,OBAnorm,,LD831_02097v2.403,,,,0,0
DENATRLA,2025-06-23 23:50:30.000,24.7,25.9,25.5,18.9,16.4,12.5,11.6,9.8,8.1,8.2,10.4,12.7,14.9,15.6,16.0,15.9,14.5,14.8,14.3,12.9,10.0,8.0,7.4,9.1,4.9,-2.1,-4.0,-3.9,-3.8,-3.9,-4.4,-3.2,-0.2,21.7,27.4,43.1,13.4,0.0,44.2,22.4,11.7,72.3,,,OBAnorm,,LD831_02097v2.403,,,,0,0
DENATRLA,2025-06-23 23:50:31.000,32.5,27.2,19.3,12.7,14.5,15.3,12.9,8.7,7.9,7.6,9.1,13.2,13.9,15.2,15.0,15.1,14.7,15.6,13.6,13.1,11.0,9.2,8.0,7.3,5.3,1.1,-3.4,-3.8,-3.8,-4.0,-4.5,-3.2,-0.2,21.9,27.8,43.5,13.4,0.0,44.1,22.4,11.7,72.3,,,OBAnorm,,LD831_02097v2.403,,,,0,0
DENATRLA,2025-06-23 23:50:32.000,24.5,24.7,23.6,16.1,13.9,15.4,12.3,11.1,8.5,8.7,12.3,13.8,14.4,15.8,15.2,15.9,15.4,15.5,13.5,13.5,11.8,9.4,10.0,12.6,14.2,5.8,-2.7,-3.8,-3.8,-4.0,-4.5,-3.3,-0.2,23.2,27.8,42.0,13.4,0.0,44.1,22.4,11.7,72.3,,,OBAnorm,,LD831_02097v2.403,,,,0,0
DENATRLA,2025-06-23 23:50:33.000,22.5,24.6,21.4,17.2,13.0,13.8,12.8,11.1,7.5,7.3,10.3,13.1,12.4,15.8,16.0,15.2,14.3,15.7,14.8,13.4,10.9,8.4,5.1,4.8,2.8,-1.6,-3.7,-3.8,-3.8,-3.9,-4.5,-3.2,-0.2,21.6,27.6,44.7,13.4,0.0,44.1,22.3,11.7,72.3,,,OBAnorm,,LD831_02097v2.403,,,,0,0
DENATRLA,2025-06-23 23:50:34.000,28.3,25.0,23.1,17.6,14.0,14.6,12.9,9.3,8.6,9.0,11.1,12.7,13.8,16.1,16.1,15.8,14.7,15.4,14.3,13.4,11.3,9.0,5.5,6.9,4.2,-1.5,-3.9,-3.9,-3.8,-4.0,-4.5,-3.2,-0.1,21.8,27.2,44.0,13.4,0.0,44.1,22.4,11.7,72.3,,,OBAnorm,,LD831_02097v2.403,,,,0,0
DENATRLA,2025-06-23 23:50:35.000,26.9,24.5,21.0,18.5,12.6,12.4,11.7,10.4,6.6,9.5,9.7,13.5,14.1,15.0,16.5,14.8,14.7,16.2,14.1,12.6,11.1,8.5,4.9,6.6,3.8,-0.1,-3.4,-3.9,-3.7,-3.8,-4.4,-3.3,-0.2,21.8,27.3,45.3,13.4,0.0,44.1,22.4,11.7,72.3,,,OBAnorm,,LD831_02097v2.403,,,,0,0
DENATRLA,2025-06-23 23:50:36.000,22.3,22.4,23.3,19.5,11.4,10.6,11.3,11.0,6.8,8.9,9.7,12.7,15.2,15.2,16.8,15.0,15.1,15.5,13.9,12.3,10.0,7.4,4.6,2.1,-1.2,-3.1,-3.9,-3.7,-3.8,-3.9,-4.5,-3.4,-0.2,21.0,27.0,41.4,13.4,0.0,44.2,22.4,11.7,72.3,,,OBAnorm,,LD831_02097v2.403,,,,0,0
DENATRLA,2025-06-23 23:50:37.000,17.0,20.8,18.3,18.3,16.0,14.5,12.9,10.9,7.8,6.9,9.2,14.1,15.0,15.1,15.8,14.7,14.7,14.5,13.8,12.5,10.2,7.4,4.8,3.3,0.5,-2.8,-4.0,-3.9,-3.8,-3.9,-4.4,-3.1,-0.1,21.1,27.4,42.2,13.4,0.0,44.1,22.4,11.7,72.3,,,OBAnorm,,LD831_02097v2.403,,,,0,0
DENATRLA,2025-06-23 23:50:38.000,24.0,22.2,20.0,19.3,14.4,14.1,13.7,11.1,7.4,8.6,10.2,12.7,15.3,15.9,16.5,15.9,14.8,14.7,14.0,11.9,10.3,7.6,7.4,9.2,7.5,2.2,-3.4,-3.8,-3.7,-3.9,-4.2,-3.3,-0.2,21.8,27.5,42.6,13.4,0.0,44.1,22.4,11.7,72.3,,,OBAnorm,,LD831_02097v2.403,,,,0,0
DENATRLA,2025-06-23 23:50:39.000,25.2,23.3,20.6,17.8,14.7,14.8,10.8,10.4,8.4,9.1,10.6,12.9,14.6,15.3,16.5,16.0,14.9,15.2,14.0,12.1,10.5,6.9,3.6,2.0,0.8,-2.4,-3.9,-3.9,-3.8,-3.9,-4.4,-3.3,-0.1,21.2,27.2,42.7,13.4,0.0,44.1,22.4,11.7,71.7,,,OBAnorm,,LD831_02097v2.403,,,,0,0
DENATRLA,2025-06-23 23:50:40.000,26.1,24.6,20.0,20.4,13.7,11.2,13.1,11.0,8.4,8.9,10.8,13.3,15.3,16.7,16.4,15.1,15.2,15.1,14.9,12.6,10.3,7.4,6.2,5.0,0.9,-2.1,-3.9,-3.9,-3.8,-3.9,-4.4,-3.0,-0.1,21.6,26.9,37.4,13.4,0.0,44.1,22.4,11.7,71.7,,,OBAnorm,,LD831_02097v2.403,,,,0,0
DENATRLA,2025-06-23 23:50:41.000,25.1,20.5,20.4,17.7,15.1,11.6,12.8,10.2,6.6,8.8,9.8,13.2,14.2,15.5,16.4,14.8,14.3,14.6,13.7,12.3,10.4,7.5,4.9,3.3,1.8,-2.6,-3.9,-3.8,-3.8,-3.9,-4.5,-3.3,-0.2,21.1,27.5,42.3,13.4,0.0,44.1,22.4,11.7,71.7,,,OBAnorm,,LD831_02097v2.403,,,,0,0
DENATRLA,2025-06-23 23:50:42.000,26.1,21.8,20.7,16.1,15.6,14.9,14.9,12.0,7.8,7.2,10.0,11.9,14.7,16.3,16.5,16.9,14.9,14.8,14.5,12.8,10.6,8.2,5.1,4.2,2.3,-2.6,-2.8,-3.0,-3.2,-1.5,-2.7,-1.0,0.0,21.5,28.3,46.2,13.4,0.0,44.1,22.4,11.7,71.7,,,OBAnorm,,LD831_02097v2.403,,,,0,0
DENATRLA,2025-06-23 23:50:43.000,23.5,20.9,20.0,20.0,15.5,15.5,13.5,12.0,6.8,8.3,10.7,13.4,15.1,15.8,17.0,15.5,15.6,15.4,14.4,13.3,11.1,8.3,6.2,5.9,2.5,-2.6,-3.9,-3.8,-3.8,-4.0,-4.5,-3.3,-0.2,21.9,28.6,44.7,13.4,0.0,44.1,22.3,11.7,71.7,,,OBAnorm,,LD831_02097v2.403,,,,0,0
DENATRLA,2025-06-23 23:50:44.000,27.3,23.3,20.6,18.0,16.0,12.5,13.7,11.3,7.9,7.7,9.8,14.2,15.1,16.4,15.9,15.4,16.2,16.4,15.3,14.0,11.0,9.1,5.3,3.5,2.0,-3.2,-4.0,-3.9,-3.9,-4.0,-4.5,-3.3,0.0,22.2,28.7,45.0,13.4,0.0,44.2,22.4,11.7,71.7,,,OBAnorm,,LD831_02097v2.403,,,,0,0
DENATRLA,2025-06-23 23:50:45.000,28.4,26.9,20.1,18.6,14.8,13.3,14.3,8.2,6.3,6.9,10.8,14.6,16.1,15.0,16.3,15.4,15.4,15.5,14.9,13.7,11.3,8.7,4.8,1.3,-1.8,-3.1,-4.0,-3.9,-3.9,-4.0,-4.5,-3.3,-0.2,21.8,28.4,45.4,13.4,0.0,44.1,22.4,11.7,71.7,,,OBAnorm,,LD831_02097v2.403,,,,0,0
DENATRLA,2025-06-23 23:50:46.000,25.6,25.3,20.0,18.7,16.1,14.6,11.2,11.0,7.4,8.0,10.8,13.4,14.4,16.1,17.3,15.5,15.3,16.0,15.1,13.7,11.4,8.3,6.3,9.0,7.5,-1.2,-4.0,-3.9,-3.8,-4.1,-4.5,-3.3,-0.2,22.5,27.7,43.0,13.4,0.0,44.1,22.4,11.7,71.7,,,OBAnorm,,LD831_02097v2.403,,,,0,0
DENATRLA,2025-06-23 23:50:47.000,30.8,28.0,18.4,16.6,14.2,12.9,13.6,12.6,7.9,7.3,10.1,13.3,14.4,16.9,16.4,15.8,15.3,15.7,15.3,13.3,11.0,8.9,5.2,6.6,6.4,-1.3,-3.9,-3.9,-3.8,-3.9,-4.5,-3.2,-0.1,22.1,29.0,47.5,13.4,0.0,44.1,22.4,11.7,71.7,,,OBAnorm,,LD831_02097v2.403,,,,0,0
DENATRLA,2025-06-23 23:50:48.000,26.5,22.8,22.1,17.7,17.0,14.0,12.0,9.9,7.5,7.3,10.6,13.4,15.3,16.5,16.7,16.6,15.3,15.1,15.0,12.8,11.2,8.3,4.9,0.9,-1.5,-3.0,-4.0,-3.9,-3.9,-4.0,-4.5,-3.3,-0.1,21.7,28.5,43.5,13.4,0.0,44.1,22.3,11.7,71.7,,,OBAnorm,,LD831_02097v2.403,,,,0,0
DENATRLA,2025-06-23 23:50:49.000,25.6,24.2,20.6,17.9,14.1,12.7,12.5,10.0,9.1,4.7,9.0,13.2,15.0,16.1,16.2,14.9,14.9,15.2,14.4,13.0,10.8,8.2,4.5,3.5,0.9,-2.7,-3.9,-3.8,-3.9,-4.0,-4.5,-3.4,-0.1,21.6,29.5,49.8,13.4,0.0,44.1,22.3,11.7,71.7,,,OBAnorm,,LD831_02097v2.403,,,,0,0
DENATRLA,2025-06-23 23:50:50.000,30.6,25.9,23.9,20.6,16.6,16.5,14.4,12.0,8.5,8.6,10.0,10.8,14.7,15.6,16.0,16.4,15.2,16.3,14.5,13.9,11.3,8.6,4.8,1.9,0.4,-2.6,-3.6,-3.7,-3.9,-4.0,-4.5,-3.4,-0.2,21.9,31.0,49.9,13.4,0.0,44.1,22.4,11.7,71.7,,,OBAnorm,,LD831_02097v2.403,,,,0,0
DENATRLA,2025-06-23 23:50:51.000,24.1,26.1,22.5,20.8,19.6,20.1,16.3,14.7,10.1,8.1,9.8,11.8,13.4,16.7,16.5,16.7,15.7,15.9,16.0,13.5,11.7,9.0,8.0,6.7,3.1,-2.7,-4.0,-3.9,-3.9,-4.0,-4.5,-3.2,-0.1,22.4,29.0,47.8,13.4,0.0,44.2,22.4,11.7,71.7,,,OBAnorm,,LD831_02097v2.403,,,,0,0
DENATRLA,2025-06-23 23:50:52.000,25.8,24.5,26.8,27.1,16.6,13.2,12.1,9.3,9.5,7.0,10.0,13.3,14.1,16.0,15.7,16.2,14.9,15.7,14.8,13.4,11.0,9.0,6.6,5.0,3.6,0.8,-3.7,-3.9,-3.9,-4.0,-4.5,-3.4,-0.3,22.0,31.2,50.0,13.4,0.0,44.1,22.4,11.7,71.7,,,OBAnorm,,LD831_02097v2.403,,,,0,0
DENATRLA,2025-06-23 23:50:53.000,24.9,30.0,23.2,22.0,17.7,15.3,13.5,11.1,10.4,8.6,9.6,12.4,14.3,16.0,16.4,16.0,15.4,14.8,14.5,13.0,11.2,8.1,4.5,2.3,0.1,-2.7,-3.8,-3.9,-3.8,-3.9,-4.5,-3.3,-0.1,21.6,30.0,48.5,13.4,0.0,44.1,22.3,11.7,72.3,,,OBAnorm,,LD831_02097v2.403,,,,0,0
DENATRLA,2025-06-23 23:50:54.000,28.7,22.0,22.3,22.3,18.3,14.3,13.8,9.3,8.1,7.6,8.2,13.0,14.0,15.4,17.4,15.2,15.0,15.4,14.7,13.4,10.2,7.6,4.8,2.4,-0.4,-2.5,-3.6,-3.9,-3.8,-4.0,-4.5,-3.4,-0.2,21.5,30.1,45.5,13.4,0.0,44.2,22.3,11.7,72.3,,,OBAnorm,,LD831_02097v2.403,,,,0,0
DENATRLA,2025-06-23 23:50:55.000,33.7,24.4,26.2,23.8,12.7,13.9,12.2,10.0,7.1,8.5,11.2,12.8,15.1,15.8,16.2,15.3,15.4,15.2,14.5,13.1,10.4,7.8,6.4,3.6,0.4,-1.8,-3.0,-3.8,-3.8,-4.0,-4.5,-3.3,-0.1,21.5,28.2,47.5,13.4,0.0,44.1,22.3,11.7,72.3,,,OBAnorm,,LD831_02097v2.403,,,,0,0
DENATRLA,2025-06-23 23:50:56.000,27.7,26.9,21.6,17.2,14.9,13.8,12.8,10.0,9.1,5.1,9.4,12.2,14.7,16.3,16.1,16.4,14.7,15.9,14.6,13.4,10.7,10.0,10.8,10.5,9.3,3.2,-2.0,-3.7,-3.8,-4.0,-4.5,-3.2,-0.2,22.7,28.4,45.8,13.4,0.0,44.2,22.3,11.7,72.3,,,OBAnorm,,LD831_02097v2.403,,,,0,0
DENATRLA,2025-06-23 23:50:57.000,24.2,24.9,20.8,21.2,16.9,15.5,13.2,10.5,7.6,7.5,8.4,12.6,14.9,15.4,16.8,15.3,14.7,15.2,14.5,12.9,10.6,8.1,4.3,4.5,5.0,0.4,-3.4,-3.9,-3.8,-4.0,-4.4,-3.2,-0.2,21.6,27.4,47.0,13.4,0.0,44.1,22.3,11.7,72.3,,,OBAnorm,,LD831_02097v2.403,,,,0,0
DENATRLA,2025-06-23 23:50:58.000,22.3,26.5,21.9,21.5,15.8,13.5,11.4,8.5,3.6,5.5,9.0,11.4,15.5,14.9,16.3,15.6,15.7,14.6,14.3,13.5,10.2,8.0,4.6,1.4,0.1,-2.6,-3.8,-3.9,-3.8,-4.0,-4.5,-3.3,-0.2,21.4,27.6,42.6,13.4,0.0,44.2,22.4,11.7,72.3,,,OBAnorm,,LD831_02097v2.403,,,,0,0
DENATRLA,2025-06-23 23:50:59.000,20.6,23.9,23.0,18.3,14.0,13.2,10.1,8.5,7.0,7.4,8.5,13.0,14.1,16.5,15.1,15.4,15.8,16.4,15.0,13.1,10.5,8.3,7.4,9.0,6.4,-2.3,-3.7,-0.2,-3.4,-3.5,-4.1,2.3,0.7,22.3,28.3,48.8,13.4,0.0,44.1,22.3,11.7,72.3,,,OBAnorm,,LD831_02097v2.403,,,,0,0
DENATRLA,2025-06-23 23:51:00.000,27.0,25.4,22.2,18.8,16.0,14.2,12.4,12.1,7.8,6.8,10.4,12.1,14.7,16.2,16.0,16.7,15.6,15.9,14.5,13.5,11.3,8.1,4.9,3.4,4.0,-1.6,-3.8,-3.8,-3.8,-4.0,-4.4,-3.3,-0.2,22.0,27.1,43.2,13.4,0.0,44.1,22.4,11.7,72.3,,,OBAnorm,,LD831_02097v2.403,,,,0,0
DENATRLA,2025-06-23 23:51:01.000,26.5,24.9,21.9,16.7,14.6,15.1,13.5,9.4,7.1,8.5,9.8,12.2,15.0,15.0,16.8,16.1,15.5,15.9,15.6,13.2,10.9,8.5,5.3,4.3,3.4,-2.1,-3.8,-3.8,-3.8,-4.0,-4.5,-3.4,-0.1,22.2,27.5,41.4,13.4,0.0,44.1,22.3,11.7,72.3,,,OBAnorm,,LD831_02097v2.403,,,,0,0
DENATRLA,2025-06-23 23:51:02.000,27.7,20.1,20.8,18.1,15.1,12.7,13.1,10.8,7.1,6.4,11.1,13.1,14.8,16.6,16.8,16.2,15.2,16.6,14.8,12.6,10.2,7.5,4.1,4.3,1.5,-2.8,-3.9,-3.7,-3.8,-4.0,-4.4,-3.2,-0.1,21.7,28.7,45.8,13.4,0.0,44.2,22.4,11.7,72.3,,,OBAnorm,,LD831_02097v2.403,,,,0,0
DENATRLA,2025-06-23 23:51:03.000,22.4,23.3,21.6,16.8,16.5,17.7,12.7,8.4,7.0,8.1,9.3,13.1,14.3,16.0,15.4,15.2,14.6,15.3,14.6,12.1,9.6,8.0,10.3,9.9,6.1,-2.9,-4.0,-3.9,-3.9,-3.9,-4.5,-3.2,-0.3,22.0,27.7,45.0,13.4,0.0,44.1,22.3,11.7,72.3,,,OBAnorm,,LD831_02097v2.403,,,,0,0
DENATRLA,2025-06-23 23:51:04.000,25.2,26.6,20.8,18.7,12.6,13.8,12.8,10.4,6.2,6.9,9.7,11.7,12.9,14.7,16.1,15.7,14.8,15.4,14.2,12.4,10.4,8.7,8.8,10.7,8.9,0.8,-3.0,-3.8,-3.9,-3.9,-4.5,-3.2,-0.2,22.1,26.8,41.7,13.4,0.0,44.1,22.3,11.7,72.3,,,OBAnorm,,LD831_02097v2.403,,,,0,0
DENATRLA,2025-06-23 23:51:05.000,26.7,26.6,21.1,17.9,13.4,14.3,12.9,9.9,5.8,6.1,9.7,13.0,13.5,14.8,15.6,16.7,15.4,14.8,13.9,12.2,10.4,7.6,3.7,3.0,-0.4,-3.3,-3.8,-3.9,-3.9,-4.1,-4.5,-3.2,-0.1,21.2,27.9,45.4,13.4,0.0,44.1,22.3,11.7,72.3,,,OBAnorm,,LD831_02097v2.403,,,,0,0
DENATRLA,2025-06-23 23:51:06.000,22.4,23.8,21.8,16.1,14.7,14.2,11.3,11.1,7.7,7.5,9.3,13.0,15.1,15.5,15.7,16.0,14.1,15.0,14.3,12.0,10.1,7.2,4.2,3.3,-0.2,-3.2,-3.7,-3.9,-3.8,-3.9,-4.5,-3.1,-0.1,21.2,28.2,49.6,13.4,0.0,44.1,22.4,11.7,72.3,,,OBAnorm,,LD831_02097v2.403,,,,0,0
DENATRLA,2025-06-23 23:51:07.000,26.7,25.2,23.1,18.0,14.9,13.9,11.0,8.9,6.5,7.2,10.5,12.5,14.2,15.4,16.2,15.8,14.4,15.9,14.6,12.6,10.2,8.1,4.6,3.3,1.4,1.1,-3.8,-3.9,-3.8,-4.0,-4.5,-3.3,-0.1,21.5,27.3,40.8,13.4,0.0,44.1,22.3,11.7,72.3,,,OBAnorm,,LD831_02097v2.403,,,,0,0
DENATRLA,2025-06-23 23:51:08.000,27.4,26.1,20.8,18.8,13.4,14.9,12.1,10.2,7.3,4.5,9.0,12.5,15.8,15.7,16.1,16.6,14.8,15.5,14.3,12.1,10.4,8.1,4.8,4.4,4.5,0.8,-3.3,-3.9,-3.9,-4.0,-4.5,-3.3,-0.2,21.5,28.5,44.2,13.4,0.0,44.2,22.3,11.7,72.3,,,OBAnorm,,LD831_02097v2.403,,,,0,0
DENATRLA,2025-06-23 23:51:09.000,28.1,22.6,23.0,21.0,14.4,13.5,14.0,10.8,7.4,6.6,10.7,11.7,14.3,16.0,16.3,15.7,15.2,15.6,15.0,12.8,9.9,7.7,3.8,5.7,2.9,0.2,-3.7,-3.9,-3.8,-4.0,-4.4,-3.2,-0.1,21.7,28.0,41.4,13.4,0.0,44.1,22.3,11.7,72.3,,,OBAnorm,,LD831_02097v2.403,,,,0,0
DENATRLA,2025-06-23 23:51:10.000,25.3,24.4,17.8,16.1,14.8,14.6,11.3,9.5,6.6,7.4,10.3,12.9,15.3,15.8,16.1,15.7,15.3,15.9,14.9,12.8,11.0,8.4,4.8,3.1,0.6,-0.2,-2.8,-3.2,-2.6,-2.6,-3.7,-2.9,-0.1,21.9,27.2,38.3,13.4,0.0,44.1,22.3,11.7,72.3,,,OBAnorm,,LD831_02097v2.403,,,,0,0
DENATRLA,2025-06-23 23:51:11.000,27.1,25.8,22.2,19.7,17.0,13.5,14.3,16.1,11.0,8.1,10.9,13.4,15.5,15.0,16.7,17.2,18.0,16.3,16.5,14.7,12.4,9.1,7.9,6.2,1.9,0.1,-2.1,-2.7,-1.7,-2.2,-3.6,-3.0,0.0,23.2,28.3,40.9,13.4,0.0,44.1,22.3,11.7,72.3,,,OBAnorm,,LD831_02097v2.403,,,,0,0
DENATRLA,2025-06-23 23:51:12.000,31.3,24.3,17.5,16.6,14.6,12.9,10.0,10.6,4.6,7.7,10.6,13.8,15.6,16.9,17.5,15.8,15.0,15.9,14.3,13.8,11.4,9.5,6.1,4.3,0.0,-2.5,-3.8,-3.7,-3.9,-3.9,-4.5,-3.4,-0.1,22.1,27.8,38.5,13.4,0.0,44.1,22.3,11.7,72.3,,,OBAnorm,,LD831_02097v2.403,,,,0,0
DENATRLA,2025-06-23 23:51:13.000,21.7,24.3,24.4,16.9,16.4,14.5,12.2,11.7,8.7,5.8,9.8,13.4,14.4,17.2,16.7,15.4,15.9,16.2,14.3,12.6,9.7,7.4,4.2,5.2,2.3,-2.0,-3.9,-3.9,-3.9,-3.9,-4.5,-3.2,-0.2,21.7,26.5,36.8,13.4,0.0,44.1,22.3,11.7,72.3,,,OBAnorm,,LD831_02097v2.403,,,,0,0
DENATRLA,2025-06-23 23:51:14.000,28.9,24.1,20.1,18.0,12.2,11.7,11.5,11.6,6.3,7.7,9.7,14.8,15.1,16.7,16.5,15.7,15.5,14.3,14.6,13.0,9.8,7.4,4.7,6.2,2.8,-0.7,-3.2,-3.8,-3.7,-4.0,-4.5,-3.2,0.0,21.5,27.3,34.8,13.4,0.0,44.1,22.3,11.7,72.3,,,OBAnorm,,LD831_02097v2.403,,,,0,0
DENATRLA,2025-06-23 23:51:15.000,22.6,23.0,20.2,18.2,14.7,12.7,11.4,11.5,7.4,6.8,11.1,12.4,15.6,16.3,16.9,15.9,15.3,15.4,13.9,12.2,10.4,6.8,3.7,2.2,0.4,-2.4,-3.5,-3.7,-3.8,-3.9,-4.4,-3.1,-0.1,21.4,27.3,34.0,13.4,0.0,44.1,22.3,11.7,72.3,,,OBAnorm,,LD831_02097v2.403,,,,0,0
DENATRLA,2025-06-23 23:51:16.000,18.5,22.9,22.9,18.4,14.4,12.5,12.3,11.5,5.2,7.9,9.8,12.7,15.4,15.7,16.0,16.5,14.9,15.6,14.1,12.3,9.0,6.8,4.6,2.2,-0.4,-1.8,-3.4,-3.7,-3.8,-3.9,-4.4,-3.3,-0.2,21.3,27.1,33.9,13.4,0.0,44.1,22.4,11.7,72.3,,,OBAnorm,,LD831_02097v2.403,,,,0,0
DENATRLA,2025-06-23 23:51:17.000,23.3,25.4,21.2,19.5,15.9,16.4,10.1,10.0,7.5,8.1,10.9,13.3,15.6,16.3,16.7,15.6,15.3,15.7,13.8,12.4,10.2,6.7,4.0,2.6,0.7,-2.4,-3.8,-3.9,-3.8,-3.9,-4.4,-3.4,-0.2,21.3,27.0,34.0,13.4,0.0,44.1,22.3,11.7,72.3,,,OBAnorm,,LD831_02097v2.403,,,,0,0
DENATRLA,2025-06-23 23:51:18.000,22.8,23.5,16.4,16.8,12.7,11.3,10.9,9.7,7.2,9.2,11.3,14.4,14.9,17.1,17.1,15.9,15.2,15.2,13.5,12.7,9.8,7.8,7.6,10.2,6.8,-0.2,-3.1,-3.5,-3.6,-3.8,-4.4,-3.2,-0.1,22.1,27.0,35.5,13.4,0.0,44.1,22.3,11.7,72.3,,,OBAnorm,,LD831_02097v2.403,,,,0,0
DENATRLA,2025-06-23 23:51:19.000,26.3,24.5,20.5,17.2,16.7,9.1,12.4,12.3,9.5,7.5,9.4,13.0,15.3,16.4,16.3,15.1,15.0,15.2,14.1,12.4,10.5,7.1,5.2,4.9,2.2,-0.5,-3.1,-3.6,-3.7,-3.9,-4.5,-3.2,-0.2,21.3,26.9,35.7,13.4,0.0,44.1,22.3,11.7,72.3,,,OBAnorm,,LD831_02097v2.403,,,,0,0
DENATRLA,2025-06-23 23:51:20.000,23.3,18.4,17.5,16.4,13.7,12.7,12.6,8.1,6.8,8.2,12.7,14.6,14.9,16.0,15.7,16.1,16.2,15.1,15.1,13.6,10.9,8.1,4.5,3.7,0.3,-2.4,-2.7,-3.7,-3.8,-3.9,-4.4,-3.3,-0.1,21.9,26.9,35.0,13.4,0.0,44.2,22.4,11.7,72.3,,,OBAnorm,,LD831_02097v2.403,,,,0,0
DENATRLA,2025-06-23 23:51:21.000,23.9,22.2,23.1,15.4,15.6,14.4,12.4,9.1,7.4,10.5,12.2,13.8,15.0,16.1,16.4,16.5,16.5,15.8,14.7,12.4,10.9,8.1,4.2,4.6,2.3,-2.5,-3.7,-3.7,-3.6,-3.9,-4.4,-3.2,-0.1,22.1,27.9,39.7,13.4,0.0,44.1,22.3,11.7,72.3,,,OBAnorm,,LD831_02097v2.403,,,,0,0
DENATRLA,2025-06-23 23:51:22.000,16.4,22.8,21.5,17.3,14.4,13.8,14.9,9.2,7.8,10.9,13.8,14.3,15.1,17.2,17.3,17.1,15.8,16.5,14.1,12.9,10.4,7.0,3.4,0.6,-0.4,-1.5,-3.6,-3.7,-3.5,-3.1,-4.0,-3.2,-0.3,21.7,27.7,38.1,13.4,0.0,44.1,22.3,11.7,72.3,,,OBAnorm,,LD831_02097v2.403,,,,0,0
DENATRLA,2025-06-23 23:51:23.000,21.4,25.0,18.8,19.7,10.8,14.5,13.0,9.9,9.0,10.7,13.8,15.5,17.1,17.4,16.6,16.4,15.2,15.9,13.7,12.0,10.6,7.6,4.2,3.9,1.4,-2.9,-3.7,-3.8,-3.8,-3.9,-4.5,-3.2,-0.2,21.6,30.2,45.8,13.4,0.0,44.1,22.3,11.7,72.3,,,OBAnorm,,LD831_02097v2.403,,,,0,0
DENATRLA,2025-06-23 23:51:24.000,20.8,24.0,19.9,19.0,13.7,14.1,14.7,11.0,9.5,9.9,12.0,15.1,16.1,16.5,17.2,17.1,16.5,16.2,14.9,11.7,10.4,6.7,4.4,3.8,2.6,-1.1,-3.6,-3.6,-3.8,-3.8,-4.4,-3.3,-0.1,22.0,35.4,50.8,13.4,0.0,44.1,22.3,11.7,72.8,,,OBAnorm,,LD831_02097v2.403,,,,0,0
DENATRLA,2025-06-23 23:51:25.000,21.7,25.1,27.5,23.5,21.5,18.2,15.6,13.9,9.8,9.3,12.3,15.2,16.6,18.0,18.7,17.1,16.0,15.9,13.9,12.9,10.2,6.4,3.8,2.9,-0.7,-2.6,-3.3,-3.7,-3.8,-3.8,-4.4,-3.2,-0.1,21.9,40.4,60.0,13.4,0.0,14.0,22.3,11.7,74.5,,,OBAnorm,,LD831_02097v2.403,,,,0,0
DENATRLA,2025-06-23 23:51:26.000,31.2,34.1,34.9,30.8,30.2,27.4,28.5,24.6,18.7,16.6,15.7,15.8,16.9,17.5,17.6,16.8,16.1,15.7,14.9,12.6,9.8,6.9,3.9,3.1,-0.2,-2.1,-3.4,-3.5,-3.6,-3.6,-4.2,-3.0,-0.1,22.0,48.5,64.9,13.4,0.0,0.3,22.3,11.7,76.2,,,OBAnorm,,LD831_02097v2.403,,,,0,0
DENATRLA,2025-06-23 23:51:27.000,40.4,35.9,35.7,37.1,37.9,34.2,28.1,26.5,20.2,12.2,13.7,14.7,15.3,17.6,16.6,15.8,16.0,15.6,14.5,12.0,9.9,7.6,6.4,8.0,6.8,1.4,-3.4,-3.8,-3.7,-3.5,-4.1,-3.1,-0.1,22.3,42.2,61.2,13.4,0.0,0.3,22.3,11.7,76.2,,,OBAnorm,,LD831_02097v2.403,,,,0,0
DENATRLA,2025-06-23 23:51:28.000,51.5,47.5,39.7,34.6,30.0,30.8,35.2,33.8,32.0,24.5,16.3,14.6,17.5,17.2,16.3,16.0,16.1,15.8,14.5,12.8,10.4,7.1,3.9,3.5,4.4,0.4,-3.6,-3.8,-3.7,-3.6,-4.3,-3.1,0.1,22.5,49.8,68.2,13.4,0.0,0.3,22.3,11.7,75.7,,,OBAnorm,,LD831_02097v2.403,,,,0,0
DENATRLA,2025-06-23 23:51:29.000,54.1,43.4,42.4,43.6,42.5,38.4,34.3,30.4,23.4,14.1,13.3,15.7,14.9,16.3,17.1,15.4,15.5,15.6,14.1,12.3,9.4,6.8,3.1,1.0,-0.8,-2.7,-3.9,-3.7,-3.8,-3.9,-4.4,-3.1,-0.1,21.4,45.3,64.4,13.4,0.0,1.3,22.3,11.7,75.7,,,OBAnorm,,LD831_02097v2.403,,,,0,0
DENATRLA,2025-06-23 23:51:30.000,50.1,50.5,43.3,36.0,34.5,27.2,20.1,15.4,11.5,10.7,12.2,13.1,17.1,17.0,16.0,16.1,15.5,16.0,14.2,12.2,9.9,7.1,3.9,1.5,0.1,-2.7,-3.8,-3.8,-3.8,-3.9,-4.5,-3.2,-0.1,21.5,34.0,56.5,13.4,0.0,3.3,22.3,11.8,75.7,,,OBAnorm,,LD831_02097v2.403,,,,0,0
DENATRLA,2025-06-23 23:51:31.000,49.2,44.5,35.4,27.7,19.3,17.4,13.4,11.7,9.3,9.8,10.9,15.3,16.3,15.9,16.4,16.2,15.9,16.2,14.4,13.5,10.2,7.3,4.9,2.0,1.2,-1.3,-3.9,-3.9,-3.8,-4.0,-4.4,-3.3,-0.2,21.9,33.3,55.9,13.4,0.0,3.4,22.3,11.8,75.7,,,OBAnorm,,LD831_02097v2.403,,,,0,0
DENATRLA,2025-06-23 23:51:32.000,42.1,38.6,25.6,18.1,18.3,17.2,20.4,12.5,12.6,12.7,12.7,14.7,15.1,16.6,16.9,16.5,15.4,15.8,15.5,13.1,11.5,8.3,6.1,4.2,2.4,0.5,-2.0,-2.8,-1.9,-2.7,-3.8,-3.0,-0.1,22.3,42.6,62.3,13.4,0.0,3.4,22.3,11.8,75.7,,,OBAnorm,,LD831_02097v2.403,,,,0,0
DENATRLA,2025-06-23 23:51:33.000,33.8,30.8,33.9,32.4,30.1,30.2,25.0,25.2,18.7,15.2,13.6,13.0,15.9,16.4,16.0,15.9,16.2,16.0,14.6,12.5,10.3,6.7,4.6,2.2,0.0,-0.5,-1.9,-3.2,-2.4,-3.1,-3.8,-2.9,-0.2,21.7,37.3,56.3,13.4,0.0,3.4,22.3,11.8,75.7,,,OBAnorm,,LD831_02097v2.403,,,,0,0
DENATRLA,2025-06-23 23:51:34.000,36.6,39.6,36.5,36.4,30.5,24.7,16.3,12.3,12.2,9.0,11.9,12.5,14.8,15.2,16.3,15.4,15.1,15.1,14.3,12.2,10.2,7.4,4.8,2.9,-0.1,-1.8,-3.8,-3.9,-3.7,-3.9,-4.4,-3.2,-0.1,21.3,33.2,53.9,13.4,0.0,3.4,22.3,11.8,75.7,,,OBAnorm,,LD831_02097v2.403,,,,0,0
DENATRLA,2025-06-23 23:51:35.000,41.6,41.8,29.3,27.4,20.0,22.0,15.9,12.8,8.2,8.6,11.4,14.1,15.9,16.3,16.2,16.7,14.7,15.1,14.3,12.8,10.7,8.0,4.8,3.9,1.5,-2.4,-3.9,-3.6,-3.8,-4.0,-4.4,-3.3,-0.2,21.6,35.2,53.6,13.4,0.0,3.2,22.3,11.8,74.0,,,OBAnorm,,LD831_02097v2.403,,,,0,0
DENATRLA,2025-06-23 23:51:36.000,35.7,32.7,27.0,29.0,22.2,18.3,16.6,10.0,8.7,11.3,11.8,13.6,16.1,17.0,16.2,16.0,15.5,15.7,14.3,12.9,11.0,8.5,4.9,1.9,-0.7,-2.4,-3.9,-3.9,-3.8,-4.0,-4.4,-3.3,-0.2,21.8,40.0,60.0,13.4,0.0,34.8,22.3,11.8,74.0,,,OBAnorm,,LD831_02097v2.403,,,,0,0
DENATRLA,2025-06-23 23:51:37.000,33.8,33.1,30.3,29.9,31.2,22.0,23.5,14.5,12.6,6.8,11.2,13.8,14.4,17.6,16.1,15.7,15.4,15.7,14.3,12.6,10.8,8.3,4.9,3.4,1.1,-1.8,-4.0,-3.9,-3.7,-3.8,-4.4,-3.3,-0.1,21.7,36.5,58.5,13.4,0.0,35.9,22.3,11.8,75.7,,,OBAnorm,,LD831_02097v2.403,,,,0,0
DENATRLA,2025-06-23 23:51:38.000,38.7,41.6,35.6,28.7,25.4,17.7,16.5,12.1,9.4,9.0,10.5,13.6,15.8,16.1,16.1,15.6,15.1,16.0,14.7,13.7,10.3,8.1,5.3,4.1,2.7,-2.2,-4.0,-3.9,-3.9,-4.0,-4.4,-3.2,-0.2,21.8,42.2,59.7,13.4,0.0,39.1,22.3,11.9,75.7,,,OBAnorm,,LD831_02097v2.403,,,,0,0
DENATRLA,2025-06-23 23:51:39.000,41.6,34.7,36.0,30.2,25.1,21.6,18.6,10.9,8.6,7.9,9.8,11.1,15.6,15.5,15.7,15.1,14.8,15.7,14.4,12.4,10.4,8.1,6.3,8.5,4.9,-0.9,-3.6,-3.6,-3.9,-4.0,-4.5,-3.4,-0.3,21.6,30.2,55.3,13.4,0.1,86.7,22.3,11.9,74.6,,,OBAnorm,,LD831_02097v2.403,,,,0,0
DENATRLA,2025-06-23 23:51:40.000,45.9,42.4,34.5,21.4,19.0,18.8,14.1,11.6,9.7,8.3,10.9,13.2,15.4,15.5,15.3,14.8,14.3,15.8,14.3,12.7,10.4,8.2,7.9,9.1,6.9,-0.9,-3.7,-3.9,-3.9,-4.0,-4.4,-3.2,-0.1,22.0,33.9,54.6,13.4,0.2,86.7,22.3,11.9,74.6,,,OBAnorm,,LD831_02097v2.403,,,,0,0
DENATRLA,2025-06-23 23:51:41.000,42.2,33.1,30.0,24.1,23.1,18.6,15.0,12.4,8.1,7.2,9.7,13.5,15.2,16.8,16.8,16.1,15.2,15.6,14.7,13.1,11.3,8.3,7.9,5.5,8.1,0.6,-3.5,-3.9,-3.8,-4.0,-4.4,-3.3,-0.2,22.2,29.2,44.7,13.4,0.2,86.7,22.3,11.9,75.7,,,OBAnorm,,LD831_02097v2.403,,,,0,0
DENATRLA,2025-06-23 23:51:42.000,31.4,31.3,25.7,17.0,15.2,15.1,12.6,9.8,7.5,8.4,10.6,12.7,14.8,16.1,15.7,14.8,15.0,15.8,14.3,13.1,10.7,8.0,8.9,5.1,0.1,-1.6,-3.9,-3.9,-3.8,-3.9,-4.5,-3.2,-0.2,21.7,26.8,36.9,13.4,0.2,86.8,22.3,11.9,75.7,,,OBAnorm,,LD831_02097v2.403,,,,0,0
DENATRLA,2025-06-23 23:51:43.000,32.9,29.7,18.1,19.3,14.3,10.2,15.0,9.1,8.5,6.3,11.1,12.5,14.7,14.7,16.7,15.4,14.7,14.9,14.2,12.8,10.1,7.9,4.7,3.9,2.0,-1.5,-3.8,-3.9,-3.9,-3.9,-4.5,-3.1,-0.1,21.4,30.3,51.1,13.4,0.2,86.8,22.3,11.8,75.7,,,OBAnorm,,LD831_02097v2.403,,,,0,0
DENATRLA,2025-06-23 23:51:44.000,30.4,25.1,20.2,20.1,13.8,13.4,13.1,11.6,8.2,7.7,10.7,13.7,14.7,15.7,16.6,15.3,16.3,16.0,14.3,13.0,11.3,8.4,5.3,4.0,0.9,-1.3,-3.5,-3.9,-3.8,-4.0,-4.5,-3.3,-0.2,21.8,29.0,46.3,13.4,0.2,86.7,22.3,11.8,75.7,,,OBAnorm,,LD831_02097v2.403,,,,0,0
DENATRLA,2025-06-23 23:51:45.000,25.4,20.3,25.7,22.4,17.3,14.9,12.8,11.0,9.6,9.2,10.5,12.9,15.5,16.0,17.3,14.7,14.4,15.3,14.3,12.8,11.0,8.6,5.7,4.3,5.2,-0.3,-3.4,-3.8,-3.8,-4.0,-4.4,-3.2,-0.1,21.7,28.7,48.9,13.4,0.2,86.7,22.3,11.8,75.7,,,OBAnorm,,LD831_02097v2.403,,,,0,0
DENATRLA,2025-06-23 23:51:46.000,32.3,26.9,25.5,19.7,15.0,13.2,12.8,11.2,8.1,8.6,10.0,13.5,14.4,15.8,16.8,16.1,14.9,15.7,14.7,12.9,10.6,8.6,6.2,5.3,3.3,-1.3,-3.6,-3.8,-3.8,-4.0,-4.5,-3.3,-0.2,21.9,28.3,46.8,13.4,0.2,86.8,22.3,11.8,75.7,,,OBAnorm,,LD831_02097v2.403,,,,0,0
DENATRLA,2025-06-23 23:51:47.000,30.3,28.0,22.6,18.6,13.9,13.0,10.5,12.1,6.8,8.3,9.5,13.1,15.5,16.2,17.2,15.4,14.8,15.3,15.0,13.3,11.0,8.2,5.9,4.3,2.4,0.3,-3.2,-3.8,-3.8,-3.9,-4.4,-3.2,-0.1,21.9,31.3,50.7,13.4,0.2,86.7,22.3,11.8,75.7,,,OBAnorm,,LD831_02097v2.403,,,,0,0
DENATRLA,2025-06-23 23:51:48.000,27.6,24.8,26.2,17.2,19.8,16.6,12.4,9.9,8.6,8.6,9.2,13.5,14.0,16.7,16.5,15.5,15.8,16.3,14.9,14.2,11.7,9.1,5.8,2.9,0.6,-1.6,-3.6,-3.8,-3.8,-4.0,-4.5,-3.2,-0.1,22.2,30.7,53.0,13.4,0.2,86.8,22.3,11.8,76.2,,,OBAnorm,,LD831_02097v2.403,,,,0,0
DENATRLA,2025-06-23 23:51:49.000,29.9,27.5,25.8,20.1,17.5,14.9,15.3,12.1,7.4,7.9,10.8,13.0,14.6,16.5,17.7,14.7,14.7,16.2,15.2,14.1,11.9,9.5,7.1,7.1,2.3,-1.6,-3.8,-3.8,-3.9,-4.0,-4.5,-3.2,-0.1,22.6,31.3,51.0,13.4,0.1,86.7,22.3,11.8,76.2,,,OBAnorm,,LD831_02097v2.403,,,,0,0
DENATRLA,2025-06-23 23:51:50.000,32.1,25.5,26.4,23.3,20.8,17.4,11.8,10.9,8.9,7.6,9.8,14.6,14.4,15.4,17.0,15.9,15.7,16.3,15.2,14.3,12.0,9.8,10.0,10.2,8.7,2.8,-1.5,-3.6,-3.8,-4.0,-4.5,-3.2,-0.3,22.9,30.7,50.5,13.4,0.0,86.7,22.3,11.8,76.2,,,OBAnorm,,LD831_02097v2.403,,,,0,0
DENATRLA,2025-06-23 23:51:51.000,29.7,28.7,22.6,22.6,17.7,18.0,11.3,10.6,10.9,8.5,10.1,13.8,14.5,16.7,16.9,15.2,14.9,15.8,15.3,14.0,11.5,9.2,5.9,4.1,2.0,-0.9,-3.6,-3.9,-3.9,-4.0,-4.5,-3.3,-0.2,22.2,30.3,51.1,13.4,0.0,86.7,22.3,11.8,76.2,,,OBAnorm,,LD831_02097v2.403,,,,0,0
DENATRLA,2025-06-23 23:51:52.000,32.5,27.5,22.1,23.8,16.8,15.1,13.3,11.9,9.0,10.4,9.6,13.2,14.7,15.6,16.6,15.9,14.6,15.7,14.8,14.1,12.1,9.5,6.4,5.0,2.4,-2.0,-3.3,-3.9,-3.9,-4.0,-4.5,-3.3,-0.2,22.1,27.8,45.2,13.4,0.0,86.8,22.3,11.8,76.2,,,OBAnorm,,LD831_02097v2.403,,,,0,0
DENATRLA,2025-06-23 23:51:53.000,32.5,28.3,24.7,16.0,14.5,12.7,12.5,13.9,8.3,7.7,10.0,13.3,15.5,16.2,16.8,16.5,15.1,15.6,15.3,13.3,11.8,8.7,6.8,5.9,3.3,-0.1,-3.7,-3.9,-3.9,-4.0,-4.5,-3.2,-0.2,22.1,27.6,40.9,13.4,0.0,86.7,22.3,11.8,76.2,,,OBAnorm,,LD831_02097v2.403,,,,0,0
DENATRLA,2025-06-23 23:51:54.000,29.6,24.8,19.9,16.6,15.6,12.7,10.7,13.0,9.7,8.5,9.8,12.4,15.1,16.0,16.4,15.6,14.8,15.0,14.3,12.9,11.0,8.2,4.9,4.0,2.9,-1.2,-3.8,-3.9,-3.8,-4.0,-4.5,-3.3,-0.2,21.5,27.4,41.4,13.4,0.0,86.8,22.3,11.8,76.2,,,OBAnorm,,LD831_02097v2.403,,,,0,0
DENATRLA,2025-06-23 23:51:55.000,25.6,23.5,21.2,15.6,13.9,13.1,13.7,11.6,9.9,7.4,9.7,13.9,14.8,16.4,16.6,16.0,15.2,15.5,14.9,13.1,11.2,8.1,4.7,2.4,0.0,-1.7,-3.7,-3.9,-3.8,-4.0,-4.5,-3.2,-0.2,21.7,26.9,43.9,13.4,0.0,86.7,22.3,11.8,76.2,,,OBAnorm,,LD831_02097v2.403,,,,0,0
DENATRLA,2025-06-23 23:51:56.000,26.4,23.9,22.6,16.1,14.5,12.2,15.1,11.8,7.6,9.2,11.1,13.8,14.8,16.1,17.3,15.7,14.5,15.5,14.6,13.1,12.3,8.5,5.9,4.1,1.2,-1.2,-3.5,-3.8,-3.8,-4.0,-4.5,-3.3,-0.1,21.9,27.8,37.1,13.4,0.0,86.7,22.3,11.8,76.2,,,OBAnorm,,LD831_02097v2.403,,,,0,0
DENATRLA,2025-06-23 23:51:57.000,18.1,18.6,21.5,18.5,13.3,15.1,14.6,12.5,8.9,9.0,9.3,12.5,14.3,16.1,16.6,16.2,15.1,15.4,15.3,13.7,11.5,8.4,6.3,6.1,3.2,-0.9,-3.3,-3.8,-3.8,-4.0,-4.5,-3.4,-0.2,22.0,27.6,39.8,13.4,0.0,86.8,22.3,11.8,76.2,,,OBAnorm,,LD831_02097v2.403,,,,0,0
DENATRLA,2025-06-23 23:51:58.000,20.3,24.7,24.2,16.8,13.3,13.1,11.7,10.9,6.7,8.2,8.6,14.0,15.2,15.9,15.9,15.9,14.3,16.0,14.4,12.6,10.7,7.9,4.5,1.4,-0.5,-1.8,-3.7,-3.9,-3.9,-4.0,-4.5,-3.2,-0.1,21.5,27.3,38.0,13.4,0.0,86.8,22.3,11.8,76.2,,,OBAnorm,,LD831_02097v2.403,,,,0,0
DENATRLA,2025-06-23 23:51:59.000,24.0,25.8,22.2,14.0,15.1,13.0,13.7,11.5,9.7,8.8,10.1,12.9,14.6,15.4,15.4,15.4,14.5,15.6,14.6,12.9,10.8,8.6,4.8,3.8,-0.5,-2.0,-3.8,-3.8,-3.7,-3.9,-4.5,-3.3,-0.1,21.4,28.6,36.5,13.4,0.0,86.8,22.3,11.8,76.2,,,OBAnorm,,LD831_02097v2.403,,,,0,0
DENATRLA,2025-06-23 23:52:00.000,22.5,27.6,23.4,10.3,16.3,17.8,16.3,16.4,10.0,5.8,10.2,11.6,14.7,15.9,16.0,15.2,14.8,15.5,14.5,13.0,11.4,8.3,5.0,4.3,4.3,-0.5,-3.7,-3.9,-3.8,-4.0,-4.5,-3.4,-0.2,21.6,26.5,35.1,13.4,0.0,86.7,22.3,11.8,76.2,,,OBAnorm,,LD831_02097v2.403,,,,0,0
DENATRLA,2025-06-23 23:52:01.000,25.2,21.6,27.1,16.7,15.6,13.1,11.3,8.9,9.9,7.1,11.2,13.8,13.3,15.0,15.5,14.7,14.4,15.0,14.7,12.2,11.3,7.9,6.0,6.2,5.0,-1.9,-3.7,-3.9,-3.8,-4.0,-4.5,-3.3,-0.1,21.5,27.0,39.4,13.4,0.0,86.7,22.3,11.8,76.2,,,OBAnorm,,LD831_02097v2.403,,,,0,0
DENATRLA,2025-06-23 23:52:02.000,27.6,25.9,16.9,18.6,11.9,13.5,12.8,9.8,7.3,6.5,8.8,14.1,14.4,15.6,16.5,14.9,14.5,15.2,14.2,12.9,10.4,8.5,4.4,1.5,-0.3,-2.3,-3.8,-3.9,-3.8,-4.0,-4.5,-3.4,-0.3,21.3,26.8,37.5,13.4,0.0,86.7,22.3,11.8,76.2,,,OBAnorm,,LD831_02097v2.403,,,,0,0
DENATRLA,2025-06-23 23:52:03.000,24.1,21.5,17.5,12.7,13.6,12.1,13.1,10.1,9.2,8.6,10.3,12.7,14.5,14.7,15.9,14.9,14.8,14.8,14.1,13.1,11.0,8.6,5.4,3.9,1.7,-2.0,-3.9,-3.8,-3.8,-3.9,-4.4,-3.1,-0.1,21.3,26.7,39.0,13.4,0.0,86.7,22.3,11.8,76.2,,,OBAnorm,,LD831_02097v2.403,,,,0,0
DENATRLA,2025-06-23 23:52:04.000,25.7,26.2,16.1,15.2,13.0,14.2,11.8,9.9,7.6,8.1,9.5,12.7,14.8,15.5,16.4,15.5,14.1,15.0,13.7,12.5,10.3,7.8,5.6,2.9,-0.4,-2.3,-3.8,-3.9,-3.8,-4.0,-4.5,-3.2,-0.1,21.1,27.2,40.7,13.4,0.0,86.8,22.3,11.8,76.2,,,OBAnorm,,LD831_02097v2.403,,,,0,0
DENATRLA,2025-06-23 23:52:05.000,24.8,24.0,22.6,20.6,13.2,13.8,9.2,11.9,6.7,6.8,10.1,13.4,15.0,15.4,16.3,15.2,14.6,15.2,14.2,13.3,10.8,8.2,5.1,2.2,0.6,-2.1,-3.7,-3.9,-3.8,-3.9,-4.6,-3.4,-0.3,21.5,26.9,36.5,13.4,0.0,86.7,22.3,11.8,76.2,,,OBAnorm,,LD831_02097v2.403,,,,0,0
DENATRLA,2025-06-23 23:52:06.000,25.6,22.0,20.1,18.0,13.1,13.8,12.7,11.7,6.5,7.1,8.8,11.9,14.2,15.7,16.4,14.5,14.2,15.4,14.4,12.9,11.1,8.6,5.1,1.5,-0.4,-1.9,-3.4,-3.8,-3.8,-3.9,-4.3,-3.3,-0.1,21.4,27.1,36.5,13.4,0.0,86.7,22.3,11.8,76.2,,,OBAnorm,,LD831_02097v2.403,,,,0,0
DENATRLA,2025-06-23 23:52:07.000,27.2,23.4,20.8,20.2,9.8,12.3,12.4,9.8,6.7,8.5,10.2,10.8,13.8,15.6,16.8,14.9,14.2,14.9,14.7,13.6,10.8,8.4,6.9,5.3,4.3,0.1,-2.9,-3.9,-3.8,-4.0,-4.5,-3.3,-0.2,21.7,26.4,34.2,13.4,0.0,86.8,22.3,11.8,76.2,,,OBAnorm,,LD831_02097v2.403,,,,0,0
DENATRLA,2025-06-23 23:52:08.000,24.1,22.4,17.8,18.2,14.7,11.5,12.1,10.6,6.7,7.1,9.6,13.1,13.7,14.8,15.8,15.5,14.2,14.5,14.9,13.1,11.4,7.9,4.6,2.1,1.1,-1.5,-3.5,-3.8,-3.8,-3.9,-4.5,-3.3,-0.2,21.5,27.0,35.2,13.4,0.0,86.7,22.3,11.8,76.2,,,OBAnorm,,LD831_02097v2.403,,,,0,0
DENATRLA,2025-06-23 23:52:09.000,25.7,22.7,17.4,18.4,12.0,12.8,12.5,8.9,6.9,7.2,10.0,13.0,13.6,15.5,15.2,13.7,14.6,15.7,14.8,13.0,11.1,8.3,5.3,5.0,0.6,-1.2,-3.6,-3.9,-3.9,-3.9,-4.5,-3.3,-0.2,21.5,26.5,33.9,13.4,0.0,86.8,22.2,11.8,76.2,,,OBAnorm,,LD831_02097v2.403,,,,0,0
DENATRLA,2025-06-23 23:52:10.000,25.6,23.9,16.5,17.3,11.7,11.6,13.1,10.4,9.6,10.0,9.5,11.5,13.6,15.4,16.0,15.0,14.3,15.0,14.5,12.6,11.2,8.6,5.3,3.3,1.0,-0.9,-3.1,-3.9,-3.9,-4.0,-4.5,-3.3,-0.1,21.5,26.7,34.5,13.4,0.0,86.8,22.3,11.8,76.2,,,OBAnorm,,LD831_02097v2.403,,,,0,0
DENATRLA,2025-06-23 23:52:11.000,27.2,24.3,19.4,17.5,13.2,12.1,11.9,10.4,5.8,7.9,10.0,12.7,14.0,16.0,16.3,15.0,14.5,15.1,14.1,13.0,11.1,8.7,5.0,3.0,3.0,-2.1,-3.9,-3.9,-3.8,-3.9,-4.5,-3.4,-0.2,21.5,26.5,33.4,13.4,0.0,86.8,22.3,11.8,76.2,,,OBAnorm,,LD831_02097v2.403,,,,0,0
DENATRLA,2025-06-23 23:52:12.000,24.3,24.5,19.3,14.9,13.1,10.4,12.7,11.8,7.0,8.3,6.6,12.9,14.1,14.4,15.8,14.5,15.2,16.0,15.1,14.0,12.0,8.9,6.5,4.9,1.2,-2.0,-3.9,-3.9,-3.8,-4.0,-4.5,-3.3,-0.3,21.9,26.6,33.5,13.4,0.0,86.8,22.2,11.8,75.7,,,OBAnorm,,LD831_02097v2.403,,,,0,0
DENATRLA,2025-06-23 23:52:13.000,26.5,21.6,19.4,16.9,12.0,12.7,10.7,9.5,6.7,9.2,7.2,11.6,13.5,15.3,16.0,15.1,14.7,16.5,15.0,13.8,12.0,8.9,5.3,2.1,-0.7,-2.6,-3.9,-3.8,-3.9,-4.0,-4.5,-3.2,-0.1,22.0,26.8,34.2,13.4,0.0,86.8,22.2,11.8,75.7,,,OBAnorm,,LD831_02097v2.403,,,,0,0
DENATRLA,2025-06-23 23:52:14.000,25.6,22.0,16.9,13.3,11.3,12.5,12.9,11.6,7.2,8.6,9.2,11.3,14.5,15.5,16.1,15.0,15.2,15.1,14.4,13.6,11.6,8.8,4.3,1.4,-0.7,-2.4,-4.0,-3.9,-3.8,-4.0,-4.5,-3.1,-0.1,21.5,26.9,33.6,13.4,0.0,86.8,22.3,11.8,75.7,,,OBAnorm,,LD831_02097v2.403,,,,0,0
DENATRLA,2025-06-23 23:52:15.000,25.4,26.5,19.3,17.0,14.5,12.3,11.2,8.3,6.4,7.2,8.7,11.6,15.0,14.2,14.9,15.5,14.0,14.3,14.1,12.6,10.6,8.7,4.6,2.0,-1.0,-2.4,-4.0,-3.9,-3.8,-4.0,-4.5,-3.3,-0.2,21.2,26.6,33.6,13.4,0.0,86.8,22.3,11.8,75.7,,,OBAnorm,,LD831_02097v2.403,,,,0,0
DENATRLA,2025-06-23 23:52:16.000,22.1,25.0,23.6,17.1,11.1,11.9,14.1,9.3,4.4,7.5,9.6,11.8,15.1,16.4,16.3,15.9,14.6,15.8,14.4,13.7,12.1,8.7,5.2,3.4,0.6,-2.2,-3.9,-3.9,-3.9,-4.0,-4.5,-3.2,-0.4,21.9,27.5,34.7,13.4,0.0,86.8,22.3,11.8,75.7,,,OBAnorm,,LD831_02097v2.403,,,,0,0
DENATRLA,2025-06-23 23:52:17.000,23.5,23.6,22.3,15.9,11.2,11.5,11.7,11.0,5.7,5.1,9.7,13.0,13.3,15.2,16.3,15.9,15.1,15.8,14.8,13.6,10.5,8.1,4.8,5.0,0.2,-2.3,-3.9,-3.9,-3.8,-4.0,-4.5,-3.3,-0.2,21.8,26.9,34.7,13.4,0.0,86.8,22.2,11.8,75.7,,,OBAnorm,,LD831_02097v2.403,,,,0,0
DENATRLA,2025-06-23 23:52:18.000,27.2,26.7,21.8,15.1,13.8,11.1,13.2,9.7,8.0,7.9,8.5,12.4,13.7,15.6,16.5,16.1,14.9,15.5,15.0,13.8,10.8,8.4,4.7,4.0,1.2,-2.5,-4.0,-3.9,-3.9,-4.0,-4.4,-3.3,-0.2,21.9,26.9,34.9,13.4,0.0,86.7,22.2,11.8,75.7,,,OBAnorm,,LD831_02097v2.403,,,,0,0
DENATRLA,2025-06-23 23:52:19.000,21.8,26.0,19.0,15.1,14.0,12.9,12.1,12.4,7.4,6.0,9.4,11.6,14.1,15.9,16.4,15.6,15.3,14.8,14.6,13.4,11.5,8.3,7.9,6.2,4.1,-1.4,-4.0,-3.9,-3.8,-4.0,-4.5,-3.2,-0.2,22.0,27.1,34.5,13.4,0.0,86.8,22.2,11.8,75.7,,,OBAnorm,,LD831_02097v2.403,,,,0,0
DENATRLA,2025-06-23 23:52:20.000,23.7,24.6,19.6,16.7,12.0,12.9,12.7,9.8,7.0,5.7,9.1,13.8,15.7,16.2,15.8,15.5,14.8,15.8,14.7,13.1,11.2,8.6,7.3,5.0,1.3,-1.0,-3.9,-3.9,-3.8,-3.8,-4.4,-3.3,-0.1,21.9,26.9,34.1,13.4,0.0,86.7,22.2,11.8,75.7,,,OBAnorm,,LD831_02097v2.403,,,,0,0
DENATRLA,2025-06-23 23:52:21.000,25.6,24.5,19.2,15.7,10.4,11.6,12.5,10.8,5.7,8.6,9.8,12.7,15.6,17.0,16.5,15.4,15.2,16.0,14.6,13.2,11.1,7.9,4.9,1.7,-0.8,-2.4,-3.8,-3.9,-3.9,-4.0,-4.4,-3.4,-0.2,21.8,26.8,35.3,13.4,0.0,86.8,22.2,11.8,75.7,,,OBAnorm,,LD831_02097v2.403,,,,0,0
DENATRLA,2025-06-23 23:52:22.000,22.6,23.3,23.1,15.2,13.7,10.2,12.5,8.6,10.0,7.4,10.1,13.4,16.1,16.2,15.9,15.7,15.1,15.0,14.5,13.5,11.6,8.8,6.0,4.2,1.5,-2.0,-3.8,-3.9,-3.9,-4.0,-4.5,-3.3,-0.2,21.9,27.3,36.4,13.4,0.0,86.8,22.2,11.8,75.7,,,OBAnorm,,LD831_02097v2.403,,,,0,0
DENATRLA,2025-06-23 23:52:23.000,23.3,22.7,20.1,17.0,12.7,14.1,13.4,9.3,8.6,9.5,10.1,13.2,15.8,17.0,16.7,14.8,15.6,15.4,14.5,13.6,11.6,8.5,5.0,1.7,-0.9,-2.3,-3.9,-3.9,-3.9,-3.9,-4.5,-3.2,-0.2,21.9,27.2,36.2,13.4,0.0,86.8,22.2,11.8,75.7,,,OBAnorm,,LD831_02097v2.403,,,,0,0
DENATRLA,2025-06-23 23:52:24.000,23.4,25.4,21.3,18.5,10.5,13.4,10.6,10.1,9.3,8.5,10.0,12.3,14.7,15.6,16.0,15.3,15.0,15.9,15.0,13.5,11.3,8.7,5.3,2.8,-0.1,-2.2,-3.8,-3.9,-3.9,-3.9,-4.5,-3.3,-0.4,21.7,26.7,40.2,13.4,0.0,86.7,22.2,11.8,75.7,,,OBAnorm,,LD831_02097v2.403,,,,0,0
DENATRLA,2025-06-23 23:52:25.000,24.4,19.0,21.4,17.9,11.9,12.9,11.2,10.1,8.2,9.2,10.1,12.8,15.2,16.6,15.6,16.0,15.4,16.0,13.9,13.1,10.7,7.9,4.7,2.6,-0.7,-2.5,-3.9,-3.9,-3.9,-3.9,-4.5,-3.2,-0.2,21.7,27.7,44.0,13.4,0.0,86.8,22.2,11.8,75.7,,,OBAnorm,,LD831_02097v2.403,,,,0,0
DENATRLA,2025-06-23 23:52:26.000,24.2,22.9,17.9,16.8,12.3,11.8,11.9,11.9,6.5,7.6,11.5,13.7,15.8,16.3,16.5,15.6,15.2,16.1,14.3,13.2,11.5,9.1,6.5,5.0,3.1,-2.6,-3.9,-3.8,-3.8,-4.0,-4.5,-3.3,-0.2,22.0,27.8,45.5,13.4,0.0,86.8,22.2,11.8,75.7,,,OBAnorm,,LD831_02097v2.403,,,,0,0
DENATRLA,2025-06-23 23:52:27.000,22.8,23.6,19.3,15.2,14.5,15.5,13.5,13.3,7.6,8.9,9.4,12.3,15.5,16.8,17.3,15.3,14.9,15.4,14.5,13.3,11.5,9.4,6.4,7.0,2.5,-0.8,-4.0,-3.9,-3.9,-4.0,-4.5,-3.3,-0.1,22.0,27.2,44.7,13.4,0.0,86.8,22.3,11.8,76.2,,,OBAnorm,,LD831_02097v2.403,,,,0,0
DENATRLA,2025-06-23 23:52:28.000,26.3,20.9,22.9,15.0,13.1,13.9,13.1,8.6,10.1,7.7,10.7,14.7,15.3,16.3,16.3,15.0,15.5,15.6,15.1,13.8,11.3,8.9,5.1,3.5,-0.3,-2.6,-3.9,-3.8,-3.9,-4.0,-4.5,-3.1,-0.3,21.9,27.3,40.5,13.4,0.0,86.7,22.2,11.8,76.2,,,OBAnorm,,LD831_02097v2.403,,,,0,0
DENATRLA,2025-06-23 23:52:29.000,21.8,24.4,17.4,15.5,15.3,14.1,13.7,11.3,8.0,7.9,10.1,12.9,15.4,16.0,15.3,15.9,14.8,15.3,14.5,12.9,11.4,9.0,5.6,4.2,2.8,-2.2,-3.8,-3.8,-3.8,-3.9,-4.5,-3.3,-0.2,21.7,27.6,38.4,13.4,0.0,86.8,22.3,11.8,76.2,,,OBAnorm,,LD831_02097v2.403,,,,0,0
DENATRLA,2025-06-23 23:52:30.000,17.6,19.1,22.1,14.6,13.7,12.7,14.7,12.3,8.5,8.2,9.9,14.6,14.5,16.0,16.4,16.0,13.8,14.6,13.6,11.8,10.3,7.4,4.2,1.3,-1.4,-2.6,-3.8,-3.9,-3.9,-4.0,-4.5,-3.3,-0.3,20.9,27.5,41.3,13.4,0.0,86.7,22.2,11.8,76.2,,,OBAnorm,,LD831_02097v2.403,,,,0,0
DENATRLA,2025-06-23 23:52:31.000,24.5,26.9,17.6,18.8,15.5,12.9,12.6,9.5,6.9,9.3,9.8,12.0,15.4,16.3,15.3,15.5,15.1,14.6,13.5,12.5,10.6,7.9,4.8,3.6,0.2,-3.1,-3.8,-3.8,-3.8,-4.0,-4.5,-3.3,-0.1,21.1,27.7,46.8,13.4,0.0,86.8,22.2,11.8,76.2,,,OBAnorm,,LD831_02097v2.403,,,,0,0
DENATRLA,2025-06-23 23:52:32.000,23.5,26.1,21.8,15.2,14.3,12.1,12.8,9.9,8.3,7.7,10.7,11.8,13.8,14.9,15.9,15.4,14.2,15.2,13.6,12.0,9.8,7.4,4.2,1.4,-1.3,-2.7,-3.9,-3.8,-3.8,-4.0,-4.5,-3.3,-0.1,20.9,27.9,46.6,13.4,0.0,86.8,22.2,11.8,76.2,,,OBAnorm,,LD831_02097v2.403,,,,0,0
DENATRLA,2025-06-23 23:52:33.000,26.8,22.9,20.2,18.6,15.0,14.0,12.4,11.8,5.0,6.5,9.1,13.0,14.9,16.1,16.0,15.5,14.4,15.1,13.7,12.4,9.6,7.8,4.9,7.9,5.2,-1.1,-3.9,-3.9,-3.9,-4.0,-4.5,-3.3,-0.3,21.4,27.0,45.3,13.4,0.0,86.7,22.2,11.8,76.2,,,OBAnorm,,LD831_02097v2.403,,,,0,0
DENATRLA,2025-06-23 23:52:34.000,22.9,25.2,17.6,18.2,13.5,12.3,11.8,7.8,5.9,7.1,8.8,12.4,14.6,15.3,16.8,15.3,14.3,14.8,13.4,12.4,10.1,7.0,4.1,1.9,-0.3,1.3,-3.9,-3.9,-3.8,-4.0,-4.5,-3.3,-0.1,21.0,26.4,36.9,13.4,0.0,86.8,22.2,11.8,76.2,,,OBAnorm,,LD831_02097v2.403,,,,0,0
DENATRLA,2025-06-23 23:52:35.000,29.0,24.2,17.0,17.4,10.8,13.9,9.3,9.1,7.3,7.5,8.3,13.0,13.5,15.4,15.3,15.1,14.6,15.0,13.9,12.0,9.9,7.0,4.9,3.1,0.2,-2.4,-3.9,-3.9,-3.8,-4.0,-4.5,-3.2,-0.2,21.0,26.9,42.8,13.4,0.0,86.8,22.2,11.8,76.2,,,OBAnorm,,LD831_02097v2.403,,,,0,0
DENATRLA,2025-06-23 23:52:36.000,20.2,23.8,20.5,17.6,13.5,10.8,15.3,11.8,9.2,6.9,7.9,12.2,12.7,15.9,16.8,15.3,14.6,15.4,13.3,12.4,9.9,7.8,5.5,4.0,1.7,-2.2,-3.7,-3.9,-3.8,-3.9,-4.4,-3.1,-0.2,21.2,28.4,44.9,13.4,0.0,86.7,22.2,11.8,76.2,,,OBAnorm,,LD831_02097v2.403,,,,0,0
DENATRLA,2025-06-23 23:52:37.000,26.0,21.3,19.9,17.8,13.1,12.7,12.7,10.0,10.3,8.2,9.2,12.1,13.5,15.8,16.4,16.1,14.7,14.7,13.5,12.1,10.0,7.1,4.8,4.1,-0.2,-2.0,-3.6,-3.9,-3.9,-4.1,-4.4,-3.3,-0.2,21.1,28.5,46.8,13.4,0.0,86.8,22.2,11.8,76.2,,,OBAnorm,,LD831_02097v2.403,,,,0,0
DENATRLA,2025-06-23 23:52:38.000,31.0,24.5,20.4,20.6,16.8,14.0,15.3,7.7,7.4,8.2,9.2,13.0,13.3,16.0,15.6,15.4,14.9,15.0,14.1,12.1,9.9,7.3,3.8,4.5,-1.0,-2.2,-3.6,-3.8,-3.9,-3.9,-4.4,-3.2,-0.1,21.0,29.1,46.9,13.4,0.0,86.8,22.2,11.8,76.2,,,OBAnorm,,LD831_02097v2.403,,,,0,0
DENATRLA,2025-06-23 23:52:39.000,32.5,29.7,25.9,16.9,16.0,14.5,14.0,9.8,8.0,6.9,8.3,11.9,14.4,14.8,16.5,15.2,14.1,15.0,13.9,12.0,9.6,6.7,5.9,4.6,2.3,-2.0,-3.5,-3.9,-3.9,-3.9,-4.5,-3.3,-0.1,21.0,31.2,51.5,13.4,0.0,86.7,22.2,11.8,76.2,,,OBAnorm,,LD831_02097v2.403,,,,0,0
DENATRLA,2025-06-23 23:52:40.000,25.1,27.4,26.3,20.5,19.6,16.1,14.2,9.9,6.6,7.4,9.4,12.4,14.3,16.0,15.6,15.9,15.0,14.1,13.2,11.3,9.5,6.6,3.7,2.9,1.6,-1.7,-3.4,-3.8,-3.8,-4.0,-4.5,-3.1,-0.2,20.6,30.8,50.1,13.4,0.0,86.8,22.2,11.8,76.2,,,OBAnorm,,LD831_02097v2.403,,,,0,0
DENATRLA,2025-06-23 23:52:41.000,28.5,30.4,27.0,24.9,20.6,16.5,13.5,10.8,5.6,5.9,9.3,11.1,13.6,14.9,16.6,15.3,14.3,14.4,13.0,11.6,9.9,6.9,5.3,8.5,4.7,0.5,-2.4,-3.8,-3.8,-4.1,-4.4,-3.3,-0.1,21.1,29.0,44.1,13.4,0.0,86.8,22.2,11.8,76.2,,,OBAnorm,,LD831_02097v2.403,,,,0,0
DENATRLA,2025-06-23 23:52:42.000,34.4,31.4,26.1,23.9,20.6,13.9,10.6,12.4,7.5,6.6,8.9,13.6,13.2,15.1,15.5,14.6,13.7,14.7,14.1,11.8,9.4,7.2,4.9,4.3,2.0,0.0,-2.5,-3.8,-3.8,-4.0,-4.5,-3.2,-0.2,20.8,27.3,46.7,13.4,0.0,86.7,22.2,11.8,76.2,,,OBAnorm,,LD831_02097v2.403,,,,0,0
DENATRLA,2025-06-23 23:52:43.000,28.1,26.0,20.6,18.3,17.7,12.2,11.6,10.2,8.2,7.1,9.0,11.7,14.3,15.4,15.7,14.9,14.3,14.5,13.2,11.8,10.2,6.6,3.8,1.9,1.4,-0.6,-2.8,-3.8,-3.8,-4.0,-4.5,-3.2,-0.1,20.6,28.2,45.0,13.4,0.0,86.8,22.2,11.8,76.2,,,OBAnorm,,LD831_02097v2.403,,,,0,0
DENATRLA,2025-06-23 23:52:44.000,29.5,24.9,22.6,16.1,13.5,12.2,13.0,11.1,7.1,8.7,8.7,12.2,13.2,14.2,15.7,14.2,15.3,13.9,13.5,11.6,9.3,6.1,2.7,0.4,-0.8,-1.4,-2.7,-3.7,-3.8,-3.9,-4.5,-3.2,-0.2,20.6,26.9,39.7,13.4,0.0,86.8,22.2,11.8,76.2,,,OBAnorm,,LD831_02097v2.403,,,,0,0
DENATRLA,2025-06-23 23:52:45.000,27.0,23.0,22.9,18.1,15.1,10.5,12.2,10.7,8.8,7.1,8.3,13.0,14.1,14.2,14.6,14.9,14.2,14.4,13.6,11.8,9.7,7.0,3.6,1.2,-0.3,-0.8,-2.0,-3.7,-3.8,-3.9,-4.4,-3.3,-0.1,20.6,25.9,40.7,13.4,0.0,86.7,22.2,11.8,76.2,,,OBAnorm,,LD831_02097v2.403,,,,0,0
DENATRLA,2025-06-23 23:52:46.000,32.5,23.9,22.4,14.3,12.6,11.9,10.2,8.1,4.0,7.2,8.4,11.3,14.2,16.3,15.9,14.8,14.4,14.4,14.0,12.2,9.7,7.5,4.3,6.5,2.2,-0.9,-1.4,-3.8,-3.8,-4.0,-4.5,-3.2,-0.1,21.2,26.9,42.1,13.4,0.0,86.8,22.2,11.8,76.2,,,OBAnorm,,LD831_02097v2.403,,,,0,0
DENATRLA,2025-06-23 23:52:47.000,19.1,20.3,18.6,14.5,14.5,12.2,10.7,9.2,7.2,7.9,8.7,11.8,13.9,14.5,16.0,15.4,14.8,15.1,14.1,12.4,9.8,7.4,4.0,3.1,-0.2,-1.3,-2.9,-3.8,-3.8,-3.9,-4.4,-3.3,-0.2,21.1,26.3,35.7,13.4,0.0,86.8,22.2,11.8,76.2,,,OBAnorm,,LD831_02097v2.403,,,,0,0
DENATRLA,2025-06-23 23:52:48.000,18.5,26.8,21.3,17.0,15.4,16.0,11.6,8.7,6.9,8.0,10.1,13.2,14.0,14.9,16.3,15.3,14.5,14.7,13.6,12.5,10.4,7.2,3.1,2.1,-0.8,-1.5,-3.1,-3.8,-3.9,-4.0,-4.4,-3.2,-0.3,21.0,26.4,37.8,13.4,0.0,86.8,22.2,11.8,76.2,,,OBAnorm,,LD831_02097v2.403,,,,0,0
DENATRLA,2025-06-23 23:52:49.000,24.2,20.7,15.9,14.6,13.3,12.2,10.6,9.9,6.1,8.0,10.5,11.4,13.5,15.2,16.3,14.1,14.1,14.4,13.3,11.5,9.0,6.6,5.1,3.0,2.5,-1.5,-3.4,-3.8,-3.8,-4.0,-4.4,-3.2,-0.2,20.6,26.0,37.9,13.4,0.0,86.7,22.2,11.8,76.2,,,OBAnorm,,LD831_02097v2.403,,,,0,0
DENATRLA,2025-06-23 23:52:50.000,22.0,24.6,20.4,16.5,13.5,14.1,11.8,7.1,5.8,7.0,11.2,12.4,14.4,15.4,15.3,15.3,14.5,15.1,13.9,11.9,9.4,6.4,3.1,2.9,-0.5,-2.3,-3.6,-3.8,-3.8,-4.0,-4.5,-3.3,-0.2,20.8,26.8,43.2,13.4,0.0,86.8,22.2,11.8,76.2,,,OBAnorm,,LD831_02097v2.403,,,,0,0
DENATRLA,2025-06-23 23:52:51.000,22.9,23.3,20.9,16.7,13.6,12.4,11.1,8.2,5.1,8.6,10.7,13.1,13.3,15.5,15.5,15.0,13.9,13.0,13.3,12.2,9.9,6.3,3.4,3.4,-0.2,-2.0,-2.8,-3.8,-3.8,-3.9,-4.4,-3.3,-0.2,20.5,27.0,41.8,13.4,0.0,86.8,22.2,11.8,76.2,,,OBAnorm,,LD831_02097v2.403,,,,0,0
DENATRLA,2025-06-23 23:52:52.000,15.3,20.5,22.4,20.3,13.8,10.6,8.9,11.3,6.4,8.2,10.9,12.8,13.6,15.2,15.7,15.1,14.9,14.7,13.6,11.5,10.0,6.7,4.1,4.5,1.5,-1.5,-3.0,-3.8,-3.8,-4.0,-4.5,-3.2,-0.2,21.0,27.6,47.7,13.4,0.0,86.8,22.2,11.8,76.2,,,OBAnorm,,LD831_02097v2.403,,,,0,0
DENATRLA,2025-06-23 23:52:53.000,26.2,25.9,23.0,17.6,16.4,14.1,10.8,10.4,7.5,7.9,10.2,13.1,14.0,16.0,16.8,16.1,14.9,15.6,14.1,11.7,9.6,6.7,3.4,1.1,-0.4,-1.8,-3.0,-3.9,-3.8,-4.0,-4.5,-3.3,-0.3,21.1,28.7,47.8,13.4,0.0,86.8,22.2,11.8,76.2,,,OBAnorm,,LD831_02097v2.403,,,,0,0
DENATRLA,2025-06-23 23:52:54.000,27.3,24.2,22.8,18.4,14.6,13.5,13.7,9.8,9.4,7.9,11.9,13.4,15.1,15.7,16.2,15.8,15.6,15.5,14.2,12.2,9.9,6.7,2.9,0.3,-1.3,-2.3,-3.4,-3.8,-3.5,-3.6,-4.1,-3.3,-0.1,21.3,28.6,45.0,13.4,0.0,86.8,22.2,11.8,76.2,,,OBAnorm,,LD831_02097v2.403,,,,0,0
DENATRLA,2025-06-23 23:52:55.000,25.1,24.3,24.3,18.4,19.3,14.0,12.6,10.1,6.4,9.4,10.6,14.3,15.0,16.2,17.4,15.7,15.0,16.4,14.3,11.8,9.2,6.2,2.8,0.6,-1.9,-2.7,-3.8,-3.8,-3.8,-3.9,-4.5,-3.3,-0.3,21.3,30.1,50.6,13.4,0.0,86.8,22.2,11.8,76.2,,,OBAnorm,,LD831_02097v2.403,,,,0,0
DENATRLA,2025-06-23 23:52:56.000,26.0,23.8,26.3,20.8,19.1,14.7,10.0,10.2,6.3,8.3,9.6,13.9,15.5,16.6,17.4,15.4,14.8,15.6,14.7,11.8,9.7,6.1,3.3,3.7,0.0,-2.6,-3.6,-3.9,-3.8,-3.9,-4.5,-3.2,-0.2,21.4,30.3,51.5,13.4,0.0,86.8,22.2,11.8,76.2,,,OBAnorm,,LD831_02097v2.403,,,,0,0
DENATRLA,2025-06-23 23:52:57.000,27.5,26.4,25.6,22.1,20.5,12.0,10.7,10.2,7.8,7.5,10.6,13.2,13.8,16.1,16.8,16.9,15.8,15.7,14.4,12.5,10.7,6.8,3.3,1.0,-0.3,-2.5,-3.4,-3.7,-3.6,-3.7,-4.3,-3.2,-0.1,21.4,27.6,40.6,13.4,0.0,86.8,22.2,11.8,76.2,,,OBAnorm,,LD831_02097v2.403,,,,0,0
DENATRLA,2025-06-23 23:52:58.000,31.0,29.3,26.3,20.8,13.9,11.6,12.6,8.2,7.1,8.6,11.8,12.8,14.5,15.5,16.8,15.4,14.5,14.7,14.1,12.8,9.8,6.9,3.6,1.9,1.4,-3.3,-3.7,-3.9,-3.9,-4.0,-4.4,-3.3,-0.1,21.1,27.6,44.9,13.4,0.0,86.8,22.2,11.8,76.2,,,OBAnorm,,LD831_02097v2.403,,,,0,0
DENATRLA,2025-06-23 23:52:59.000,29.0,23.8,19.5,16.1,10.0,10.7,12.8,10.1,7.3,7.9,10.7,12.7,15.3,15.5,15.6,15.7,13.7,14.1,14.0,11.9,9.8,7.4,6.1,4.4,1.8,-2.6,-3.9,-3.8,-3.8,-4.0,-4.5,-3.4,-0.1,20.8,27.2,42.3,13.4,0.0,86.8,22.2,11.8,76.2,,,OBAnorm,,LD831_02097v2.403,,,,0,0
DENATRLA,2025-06-23 23:53:00.000,23.3,25.2,21.0,15.9,13.3,9.9,12.2,11.1,6.7,8.8,8.6,12.1,12.6,14.7,15.8,14.9,14.0,14.9,14.0,12.2,9.8,7.5,4.1,4.4,0.0,-2.6,-3.4,-3.9,-3.8,-3.9,-4.4,-3.2,-0.2,20.9,26.6,37.6,13.4,0.0,86.7,22.2,11.8,76.2,,,OBAnorm,,LD831_02097v2.403,,,,0,0
DENATRLA,2025-06-23 23:53:01.000,24.9,28.0,17.7,15.7,15.0,11.7,10.5,7.1,7.1,7.1,9.9,12.4,14.8,14.9,16.2,15.9,14.2,14.7,14.0,12.6,10.5,7.1,4.3,4.0,2.4,-1.6,-3.0,-3.7,-3.8,-4.0,-4.4,-3.3,-0.1,21.2,26.4,36.8,13.4,0.0,86.8,22.2,11.8,76.2,,,OBAnorm,,LD831_02097v2.403,,,,0,0
DENATRLA,2025-06-23 23:53:02.000,23.8,25.4,18.3,14.1,12.2,9.9,10.2,10.1,6.6,7.5,8.7,12.5,14.2,16.2,15.6,15.5,15.3,15.1,13.8,12.6,10.2,7.5,4.2,1.9,-0.2,-1.7,-2.9,-3.8,-3.8,-4.0,-4.5,-3.2,-0.2,21.2,26.7,36.4,13.4,0.0,86.7,22.2,11.8,76.2,,,OBAnorm,,LD831_02097v2.403,,,,0,0
DENATRLA,2025-06-23 23:53:03.000,27.0,19.4,21.1,15.7,12.2,12.8,10.3,9.4,7.0,8.4,10.5,12.2,15.0,16.4,16.7,15.2,15.7,14.5,14.3,12.8,10.6,7.6,4.1,3.8,0.7,-1.2,-3.3,-3.7,-3.7,-3.8,-4.4,-3.2,-0.2,21.5,26.9,36.4,13.4,0.0,86.8,22.2,11.8,76.2,,,OBAnorm,,LD831_02097v2.403,,,,0,0
DENATRLA,2025-06-23 23:53:04.000,24.9,26.9,18.7,13.8,12.2,12.5,10.8,10.2,6.3,5.9,10.0,13.4,14.7,16.2,16.3,16.1,15.7,14.9,15.0,13.1,10.7,8.9,5.4,5.6,-0.5,-2.0,-3.6,-3.9,-3.8,-4.0,-4.5,-3.3,-0.3,21.9,27.1,40.8,13.4,0.0,86.8,22.2,11.7,76.2,,,OBAnorm,,LD831_02097v2.403,,,,0,0
DENATRLA,2025-06-23 23:53:05.000,23.0,24.3,20.0,14.4,11.4,12.3,10.1,7.3,7.3,9.4,9.7,13.1,14.6,15.4,16.8,15.9,15.3,15.1,14.9,13.3,11.1,7.3,3.9,0.7,-1.4,-2.1,-3.8,-3.9,-3.9,-4.0,-4.4,-3.4,-0.1,21.6,27.5,38.7,13.4,0.0,86.8,22.2,11.7,76.2,,,OBAnorm,,LD831_02097v2.403,,,,0,0
DENATRLA,2025-06-23 23:53:06.000,26.4,23.3,21.1,15.8,13.9,11.1,9.8,9.6,6.5,6.7,9.8,12.2,13.0,15.4,16.4,14.9,15.6,14.4,14.3,12.7,11.4,8.0,4.3,1.9,0.0,-2.1,-3.5,-3.8,-3.8,-3.9,-4.4,-3.2,-0.2,21.4,26.3,40.8,13.4,0.0,86.7,22.2,11.8,76.2,,,OBAnorm,,LD831_02097v2.403,,,,0,0
DENATRLA,2025-06-23 23:53:07.000,30.2,24.4,22.2,14.1,15.9,12.8,12.0,10.3,6.9,5.6,10.2,12.0,14.2,16.2,16.3,15.5,15.4,15.9,15.3,12.9,10.9,8.0,6.0,4.3,1.8,-1.5,-3.5,-3.8,-3.8,-4.0,-4.5,-3.2,-0.2,21.9,27.7,41.4,13.4,0.0,86.8,22.2,11.8,76.2,,,OBAnorm,,LD831_02097v2.403,,,,0,0
DENATRLA,2025-06-23 23:53:08.000,23.0,22.0,20.6,15.9,14.0,10.9,12.0,8.1,6.1,4.5,10.0,13.5,13.9,15.5,17.3,16.6,14.7,15.5,14.8,13.0,11.1,7.9,5.0,3.2,1.5,-1.6,-3.6,-3.8,-3.8,-3.9,-4.5,-3.4,-0.2,21.6,27.4,38.5,13.4,0.0,86.8,22.2,11.8,76.2,,,OBAnorm,,LD831_02097v2.403,,,,0,0
DENATRLA,2025-06-23 23:53:09.000,19.3,23.9,21.5,16.3,14.0,13.2,12.3,9.8,7.7,7.1,8.1,12.9,13.0,14.7,14.2,15.7,14.6,14.4,14.1,12.0,10.0,7.8,4.1,3.5,1.4,-1.3,-3.8,-3.9,-3.8,-3.9,-4.4,-3.2,-0.3,20.9,26.5,37.7,13.4,0.0,86.8,22.2,11.8,76.2,,,OBAnorm,,LD831_02097v2.403,,,,0,0
DENATRLA,2025-06-23 23:53:10.000,27.7,23.5,20.9,17.7,16.0,12.4,12.6,11.5,7.3,6.0,9.3,11.8,14.6,14.9,16.3,15.9,15.5,15.3,14.5,12.6,10.2,7.6,5.0,3.3,0.2,-2.1,-3.6,-3.8,-3.8,-3.8,-4.4,-3.2,0.0,21.3,27.8,39.4,13.4,0.0,86.8,22.2,11.8,76.2,,,OBAnorm,,LD831_02097v2.403,,,,0,0
DENATRLA,2025-06-23 23:53:11.000,24.5,25.7,24.7,14.4,17.4,12.3,12.4,8.0,5.8,6.8,10.6,11.3,13.2,14.7,15.7,15.5,15.8,14.8,14.7,13.0,10.7,7.4,4.6,4.9,2.4,-1.9,-3.1,-3.3,-3.8,-4.0,-4.5,-3.2,-0.1,21.4,26.7,37.6,13.4,0.0,86.8,22.2,11.7,76.2,,,OBAnorm,,LD831_02097v2.403,,,,0,0
DENATRLA,2025-06-23 23:53:12.000,26.1,25.5,20.9,16.6,14.2,11.7,10.8,10.2,7.2,4.7,8.1,12.7,13.2,14.8,15.9,15.8,14.9,15.0,14.5,12.3,10.1,7.4,3.7,2.3,1.9,-0.2,-3.6,-3.9,-3.8,-3.9,-4.5,-3.3,-0.1,21.3,28.1,36.4,13.4,0.0,86.7,22.2,11.7,76.2,,,OBAnorm,,LD831_02097v2.403,,,,0,0
DENATRLA,2025-06-23 23:53:13.000,24.6,26.1,23.3,16.2,15.9,15.9,12.9,8.5,5.6,7.6,9.2,12.6,14.6,15.5,17.0,15.6,15.9,15.5,14.8,12.9,10.5,7.2,4.8,1.5,-0.1,-1.9,-3.6,-3.9,-3.9,-3.9,-4.4,-3.0,-0.2,21.6,27.9,38.8,13.4,0.0,86.8,22.2,11.7,76.2,,,OBAnorm,,LD831_02097v2.403,,,,0,0
DENATRLA,2025-06-23 23:53:14.000,27.2,29.0,24.2,15.3,12.3,13.3,12.0,8.4,5.5,6.0,7.3,12.2,13.4,14.0,16.9,16.1,15.3,15.1,15.1,12.3,10.4,7.1,3.7,3.0,1.2,-1.4,-3.5,-3.8,-3.8,-3.9,-4.4,-3.1,-0.2,21.4,27.7,40.2,13.4,0.0,86.7,22.2,11.7,76.2,,,OBAnorm,,LD831_02097v2.403,,,,0,0
DENATRLA,2025-06-23 23:53:15.000,30.4,29.6,21.2,17.4,15.9,10.4,10.3,9.9,4.7,5.0,9.5,12.6,14.5,15.6,16.7,15.8,15.1,15.7,14.1,11.8,10.3,6.4,4.1,3.2,2.2,-1.6,-3.4,-3.7,-3.8,-3.9,-4.4,-3.1,-0.2,21.3,28.1,37.7,13.4,0.0,86.8,22.2,11.7,76.2,,,OBAnorm,,LD831_02097v2.403,,,,0,0
DENATRLA,2025-06-23 23:53:16.000,27.1,24.4,24.8,15.8,16.5,14.0,13.0,9.1,7.9,7.9,9.1,11.4,14.3,14.9,16.1,16.5,15.1,15.9,14.0,12.2,10.6,7.6,5.2,2.2,0.0,-1.4,-3.4,-3.8,-3.8,-4.0,-4.5,-3.3,-0.2,21.6,26.8,34.3,13.4,0.0,86.8,22.2,11.7,76.2,,,OBAnorm,,LD831_02097v2.403,,,,0,0
DENATRLA,2025-06-23 23:53:17.000,30.8,24.8,23.8,17.8,12.7,12.2,13.6,10.3,6.5,6.4,10.0,11.7,14.0,15.5,16.8,15.9,15.1,14.8,14.3,12.2,10.3,7.2,5.3,4.8,1.8,-1.4,-2.9,-3.8,-3.8,-3.9,-4.4,-3.2,0.0,21.5,26.8,33.7,13.4,0.0,86.7,22.2,11.7,76.2,,,OBAnorm,,LD831_02097v2.403,,,,0,0
DENATRLA,2025-06-23 23:53:18.000,31.7,20.4,23.0,16.9,13.4,13.5,12.8,10.1,6.5,5.8,9.2,10.8,15.4,16.1,17.3,15.7,14.8,15.5,14.6,11.9,10.1,7.3,4.1,1.6,-0.2,-1.7,-3.8,-3.8,-3.8,-3.9,-4.5,-3.2,-0.1,21.4,27.0,34.7,13.4,0.0,86.8,22.2,11.7,76.2,,,OBAnorm,,LD831_02097v2.403,,,,0,0
DENATRLA,2025-06-23 23:53:19.000,26.5,21.4,20.0,18.9,14.5,14.6,11.5,10.1,7.5,6.2,9.3,12.9,14.7,15.7,16.2,15.9,14.7,15.2,13.8,12.8,10.3,6.8,3.8,1.3,-1.0,-1.9,-3.5,-3.8,-3.8,-4.0,-4.4,-3.3,-0.1,21.2,27.6,38.6,13.4,0.0,86.8,22.2,11.7,76.2,,,OBAnorm,,LD831_02097v2.403,,,,0,0
DENATRLA,2025-06-23 23:53:20.000,25.3,22.9,22.0,15.8,16.1,12.9,12.8,11.0,7.2,5.3,7.9,12.2,15.0,16.0,16.0,15.7,14.6,15.3,14.2,12.3,10.1,8.0,5.3,5.0,0.6,-1.9,-3.7,-3.6,-3.7,-4.0,-4.5,-3.3,-0.1,21.4,27.7,37.2,13.4,0.0,86.8,22.2,11.7,76.2,,,OBAnorm,,LD831_02097v2.403,,,,0,0
DENATRLA,2025-06-23 23:53:21.000,28.2,26.5,21.0,16.1,14.1,13.0,13.1,11.3,7.9,7.6,8.8,14.6,15.2,16.6,16.9,16.0,16.0,15.6,14.0,12.6,10.4,8.2,4.9,4.5,4.3,-1.0,-3.5,-3.9,-3.8,-4.0,-4.5,-3.2,-0.2,21.8,27.3,38.9,13.4,0.0,86.8,22.2,11.7,76.2,,,OBAnorm,,LD831_02097v2.403,,,,0,0
DENATRLA,2025-06-23 23:53:22.000,30.9,24.7,22.6,18.0,13.7,12.0,9.9,12.0,7.0,8.1,11.0,13.7,15.1,16.9,17.2,16.3,15.7,16.9,15.6,13.6,11.0,7.8,5.0,2.7,0.5,-1.0,-3.7,-3.8,-3.8,-3.9,-4.4,-3.3,-0.1,22.3,29.2,50.2,13.4,0.0,86.8,22.2,11.7,76.2,,,OBAnorm,,LD831_02097v2.403,,,,0,0
DENATRLA,2025-06-23 23:53:23.000,30.0,24.6,18.5,14.9,14.6,14.6,13.8,10.4,8.6,9.5,12.0,13.5,15.1,17.3,16.0,17.1,16.3,16.5,15.1,13.5,11.1,8.0,5.0,2.7,0.6,-0.4,-3.4,-3.8,-3.8,-3.9,-4.4,-3.3,-0.1,22.2,29.3,44.2,13.4,0.0,86.8,22.2,11.7,76.2,,,OBAnorm,,LD831_02097v2.403,,,,0,0
DENATRLA,2025-06-23 23:53:24.000,26.6,22.0,24.8,20.2,17.2,15.0,13.6,11.1,8.1,7.2,10.6,14.1,15.8,16.2,17.6,16.4,15.9,16.1,14.9,13.3,10.3,8.7,7.4,5.8,4.0,-0.8,-3.7,-3.9,-3.8,-3.9,-4.5,-3.1,-0.1,22.3,29.4,41.4,13.4,0.0,86.8,22.2,11.7,76.2,,,OBAnorm,,LD831_02097v2.403,,,,0,0
DENATRLA,2025-06-23 23:53:25.000,28.3,28.2,17.5,20.1,13.1,14.6,14.2,10.3,7.5,6.7,8.2,11.8,15.8,16.6,16.8,17.2,16.7,15.2,15.2,12.5,10.4,7.5,5.2,6.1,3.1,-0.5,-3.6,-3.9,-3.8,-4.0,-4.4,-3.2,0.0,22.0,30.8,39.9,13.4,0.0,86.8,22.2,11.7,76.2,,,OBAnorm,,LD831_02097v2.403,,,,0,0
DENATRLA,2025-06-23 23:53:26.000,32.2,29.9,21.7,13.7,14.4,14.9,13.1,10.5,8.8,7.5,9.9,14.2,15.7,16.9,16.8,16.9,15.6,15.7,14.6,12.6,10.2,7.7,4.2,2.1,0.2,-1.1,-3.8,-3.9,-3.9,-4.0,-4.5,-3.1,-0.1,21.8,28.3,43.2,13.4,0.0,86.8,22.2,11.7,76.2,,,OBAnorm,,LD831_02097v2.403,,,,0,0
DENATRLA,2025-06-23 23:53:27.000,35.3,35.7,22.9,18.7,13.7,16.1,13.7,12.0,8.5,7.4,9.9,12.9,15.5,17.1,16.8,16.9,15.1,15.5,14.2,12.7,10.2,7.5,5.2,5.1,0.7,-1.3,-3.6,-3.8,-3.9,-4.0,-4.5,-3.3,-0.1,21.7,30.9,47.9,13.4,0.0,86.7,22.2,11.7,76.2,,,OBAnorm,,LD831_02097v2.403,,,,0,0
DENATRLA,2025-06-23 23:53:28.000,32.0,29.4,21.5,19.6,18.3,16.1,12.7,9.5,6.7,6.5,9.7,12.1,13.9,15.4,16.8,15.7,15.9,15.1,14.7,12.3,9.9,7.5,4.5,4.4,1.0,-1.5,-3.5,-3.8,-3.8,-4.0,-4.5,-3.1,0.0,21.6,31.4,50.1,13.4,0.0,86.8,22.2,11.7,76.2,,,OBAnorm,,LD831_02097v2.403,,,,0,0
DENATRLA,2025-06-23 23:53:29.000,31.3,28.8,24.5,24.5,20.3,16.0,14.9,9.4,9.0,8.9,10.2,12.8,15.1,15.5,16.3,15.2,15.0,15.7,13.7,11.8,10.0,7.2,4.5,4.7,4.9,-1.3,-3.2,-3.4,-3.8,-4.0,-4.4,-3.0,0.0,21.4,29.4,49.9,13.4,0.0,86.8,22.2,11.7,76.8,,,OBAnorm,,LD831_02097v2.403,,,,0,0
DENATRLA,2025-06-23 23:53:30.000,32.3,32.2,25.9,17.5,17.4,14.5,11.3,10.3,9.5,9.0,8.6,12.5,14.6,15.2,16.8,15.7,15.3,15.9,14.3,11.6,9.7,6.8,3.9,1.9,-0.3,-1.7,-3.8,-3.9,-3.9,-4.0,-4.5,-3.3,-0.1,21.2,28.9,51.2,13.4,0.0,86.8,22.2,11.7,76.8,,,OBAnorm,,LD831_02097v2.403,,,,0,0
DENATRLA,2025-06-23 23:53:31.000,33.9,31.6,24.8,15.8,19.2,13.5,13.6,10.1,9.3,7.6,10.3,14.1,14.4,15.8,15.0,15.9,15.3,15.1,14.2,11.8,9.6,7.0,4.9,2.7,0.0,-2.2,-3.9,-3.9,-3.8,-3.9,-4.5,-3.2,-0.1,21.0,27.5,43.0,13.4,0.0,86.8,22.2,11.7,76.8,,,OBAnorm,,LD831_02097v2.403,,,,0,0
DENATRLA,2025-06-23 23:53:32.000,25.6,27.6,20.9,16.9,12.1,14.9,12.4,9.5,8.1,7.8,9.4,11.4,14.6,16.0,16.6,14.7,15.2,14.7,13.7,11.8,9.2,6.4,4.1,2.7,0.4,-2.0,-3.8,-3.8,-3.8,-4.0,-4.5,-3.1,-0.1,20.9,28.5,45.9,13.4,0.0,86.8,22.2,11.7,76.8,,,OBAnorm,,LD831_02097v2.403,,,,0,0
DENATRLA,2025-06-23 23:53:33.000,26.1,24.0,20.7,17.7,13.9,15.5,12.1,10.0,6.2,7.3,10.4,12.3,15.9,15.3,14.6,14.4,14.5,14.6,13.6,11.7,10.2,6.6,5.0,11.5,6.8,0.1,-2.2,-2.2,-3.9,-4.0,-4.5,-3.3,-0.1,21.5,28.4,45.6,13.4,0.0,86.7,22.2,11.7,76.8,,,OBAnorm,,LD831_02097v2.403,,,,0,0
DENATRLA,2025-06-23 23:53:34.000,30.0,29.3,21.5,19.5,17.9,15.4,13.1,9.1,7.0,7.7,8.7,11.0,15.3,16.5,15.5,15.3,14.5,14.4,14.1,12.0,9.1,6.4,3.7,2.9,-0.4,-2.6,-3.8,-3.8,-3.9,-4.0,-4.4,-3.3,-0.2,20.7,27.7,46.1,13.4,0.0,86.8,22.2,11.7,76.8,,,OBAnorm,,LD831_02097v2.403,,,,0,0
DENATRLA,2025-06-23 23:53:35.000,29.4,26.2,20.2,18.0,13.5,12.9,12.0,9.6,8.3,9.4,8.8,12.2,14.6,14.7,15.6,15.2,14.5,15.0,13.5,12.2,10.0,7.0,3.6,2.1,0.1,-0.2,-2.3,-3.6,-3.8,-4.0,-4.5,-3.2,-0.2,21.0,30.9,48.4,13.4,0.0,86.8,22.2,11.7,76.8,,,OBAnorm,,LD831_02097v2.403,,,,0,0
DENATRLA,2025-06-23 23:53:36.000,30.2,23.6,23.0,18.3,19.4,15.5,13.6,8.7,7.7,6.7,10.3,11.0,13.6,14.9,16.1,15.4,14.7,15.3,14.0,13.0,10.4,7.0,4.0,3.6,1.4,-0.9,-3.0,-3.0,-3.7,-4.0,-4.4,-3.2,-0.2,21.2,32.1,52.6,13.4,0.0,85.3,22.2,11.7,76.8,,,OBAnorm,,LD831_02097v2.403,,,,0,0
DENATRLA,2025-06-23 23:53:37.000,33.5,29.0,28.8,20.1,16.6,14.4,14.8,13.2,7.0,9.2,8.4,12.0,13.9,14.0,17.0,15.9,15.0,15.4,13.8,12.9,10.6,7.0,3.9,4.5,4.3,-0.5,-2.8,-3.1,-3.8,-3.9,-4.5,-3.2,0.0,21.6,30.4,48.0,13.4,0.0,79.0,22.2,11.6,76.8,,,OBAnorm,,LD831_02097v2.403,,,,0,0
DENATRLA,2025-06-23 23:53:38.000,35.3,27.4,21.5,21.9,13.3,17.0,12.9,10.3,7.7,8.1,8.8,12.5,13.6,15.3,15.8,15.4,15.5,15.4,14.7,13.1,10.3,7.1,3.3,2.3,0.4,-1.7,-3.3,-3.7,-3.8,-4.0,-4.5,-3.3,-0.1,21.3,29.7,48.3,13.4,0.0,77.1,22.2,11.6,76.8,,,OBAnorm,,LD831_02097v2.403,,,,0,0
DENATRLA,2025-06-23 23:53:39.000,31.3,29.0,25.2,20.9,17.5,12.3,11.9,10.0,7.3,6.3,9.0,11.2,13.7,15.8,16.2,14.8,14.9,15.3,14.3,12.5,9.7,7.1,3.8,3.6,0.6,-2.3,-3.6,-3.9,-3.9,-4.0,-4.5,-3.2,-0.2,21.1,28.5,49.5,13.4,0.0,77.0,22.2,11.7,76.8,,,OBAnorm,,LD831_02097v2.403,,,,0,0
DENATRLA,2025-06-23 23:53:40.000,32.1,24.9,24.5,19.8,14.4,14.9,14.1,10.8,6.5,7.1,8.5,13.1,13.9,15.6,15.6,15.3,15.1,14.9,14.2,12.4,9.7,9.6,4.6,1.9,-1.1,-2.7,-3.6,-3.8,-3.9,-4.0,-4.4,-3.3,0.0,21.3,28.6,48.1,13.4,0.0,76.8,22.2,11.7,76.8,,,OBAnorm,,LD831_02097v2.403,,,,0,0
DENATRLA,2025-06-23 23:53:41.000,31.7,23.7,21.6,15.5,14.0,15.4,13.3,9.1,8.0,7.7,10.1,12.3,15.0,15.1,15.6,15.3,14.1,15.3,13.3,12.5,9.7,7.9,6.9,7.0,6.5,0.1,-3.3,-3.8,-3.8,-4.0,-4.5,-3.3,-0.2,21.4,27.6,46.4,13.4,0.0,76.8,22.2,11.7,76.8,,,OBAnorm,,LD831_02097v2.403,,,,0,0
DENATRLA,2025-06-23 23:53:42.000,26.6,29.3,19.7,18.9,14.0,11.5,14.5,12.6,8.1,8.1,9.4,10.9,13.5,15.5,15.5,15.6,14.6,15.1,13.7,12.5,10.6,7.7,4.2,1.5,0.0,-0.5,-2.9,-3.8,-3.9,-4.1,-4.5,-3.2,-0.2,21.1,29.7,47.2,13.4,0.0,76.5,22.2,11.6,76.8,,,OBAnorm,,LD831_02097v2.403,,,,0,0
DENATRLA,2025-06-23 23:53:43.000,30.0,24.3,22.1,20.9,18.1,15.4,13.8,10.9,9.2,7.1,8.3,12.3,15.1,15.5,15.8,15.7,15.7,15.4,14.6,12.8,10.6,8.2,4.3,1.3,0.1,-0.3,-2.4,-3.8,-3.9,-3.9,-4.5,-3.3,-0.2,21.5,29.6,45.0,13.4,0.0,75.1,22.2,11.6,76.8,,,OBAnorm,,LD831_02097v2.403,,,,0,0
DENATRLA,2025-06-23 23:53:44.000,29.8,27.9,21.8,21.9,16.2,13.5,14.3,11.1,9.8,8.1,9.2,11.5,13.9,15.6,16.1,16.3,15.6,14.6,14.4,12.6,11.0,8.8,7.9,7.5,5.9,0.0,-1.2,-3.5,-3.8,-3.9,-4.5,-3.4,-0.1,22.0,31.8,52.6,13.4,0.0,75.1,22.2,11.6,76.8,,,OBAnorm,,LD831_02097v2.403,,,,0,0
DENATRLA,2025-06-23 23:53:45.000,31.1,24.4,25.0,25.1,20.0,17.8,13.5,8.7,8.8,8.0,9.1,10.1,14.0,15.5,15.5,15.1,14.5,14.9,14.6,12.9,11.1,8.6,6.1,7.8,2.9,-0.8,-2.7,-3.8,-3.8,-4.0,-4.4,-3.3,-0.2,21.6,28.3,44.4,13.4,0.0,75.1,22.2,11.6,76.8,,,OBAnorm,,LD831_02097v2.403,,,,0,0
DENATRLA,2025-06-23 23:53:46.000,34.2,32.5,20.9,17.7,17.5,14.6,12.7,10.1,5.0,7.1,8.5,11.6,13.6,15.3,16.8,15.4,14.9,15.7,14.8,13.2,10.6,7.8,4.5,2.1,-1.2,-2.0,-3.6,-3.9,-3.8,-3.9,-4.4,-3.2,-0.2,21.5,28.1,43.5,13.4,0.0,75.1,22.2,11.6,76.8,,,OBAnorm,,LD831_02097v2.403,,,,0,0
DENATRLA,2025-06-23 23:53:47.000,32.3,27.7,23.0,18.4,14.8,16.0,11.9,9.9,7.1,8.1,10.2,11.4,13.5,15.3,16.2,15.0,14.3,15.4,14.4,13.4,10.5,8.2,9.1,9.3,4.3,1.0,-3.7,-3.9,-3.8,-4.0,-4.5,-3.2,-0.2,22.0,29.9,44.5,13.4,0.0,75.1,22.2,11.6,76.8,,,OBAnorm,,LD831_02097v2.403,,,,0,0
DENATRLA,2025-06-23 23:53:48.000,25.6,23.1,22.6,20.8,15.0,12.3,10.8,10.4,7.9,7.6,9.2,11.6,13.9,15.5,15.9,15.2,14.8,15.2,13.9,12.7,11.2,8.1,6.1,5.5,2.6,-1.7,-3.8,-3.9,-3.8,-4.0,-4.5,-3.4,-0.1,21.5,28.9,47.3,13.4,0.0,75.1,22.2,11.6,76.8,,,OBAnorm,,LD831_02097v2.403,,,,0,0
DENATRLA,2025-06-23 23:53:49.000,30.2,30.7,22.0,20.8,17.0,12.3,13.0,8.9,6.9,5.9,8.2,12.6,13.5,15.3,15.8,16.4,14.5,15.0,14.8,13.6,11.0,8.4,4.5,1.6,-0.4,-2.4,-3.9,-3.9,-3.8,-4.0,-4.5,-3.3,-0.1,21.5,27.6,45.0,13.4,0.0,75.1,22.2,11.6,76.8,,,OBAnorm,,LD831_02097v2.403,,,,0,0
DENATRLA,2025-06-23 23:53:50.000,31.5,28.4,22.0,16.7,15.3,14.2,12.1,8.0,7.4,7.8,8.7,12.3,13.1,15.3,16.0,15.0,15.1,15.2,14.9,12.8,10.2,8.0,5.0,2.8,0.6,-2.6,-3.8,-3.9,-3.8,-3.9,-4.5,-3.3,-0.2,21.4,27.3,41.1,13.4,0.0,75.1,22.1,11.6,76.8,,,OBAnorm,,LD831_02097v2.403,,,,0,0
DENATRLA,2025-06-23 23:53:51.000,27.3,24.3,21.0,17.6,16.3,10.9,14.9,10.5,9.2,8.0,9.7,12.8,14.1,16.5,16.6,14.6,14.6,15.3,14.9,13.2,11.0,7.9,4.8,1.9,1.2,-2.2,-3.8,-3.8,-3.7,-3.8,-4.5,-3.2,-0.1,21.4,27.2,41.8,13.4,0.0,75.1,22.2,11.6,76.8,,,OBAnorm,,LD831_02097v2.403,,,,0,0
DENATRLA,2025-06-23 23:53:52.000,28.2,24.5,19.3,18.3,11.3,10.8,12.2,10.4,7.4,6.5,8.0,12.9,14.4,15.9,16.1,15.8,14.2,15.3,14.8,13.1,11.2,8.4,4.6,4.2,1.9,-1.2,-3.8,-3.9,-3.8,-4.0,-4.4,-3.2,-0.2,21.7,27.8,44.6,13.4,0.0,75.1,22.1,11.6,77.4,,,OBAnorm,,LD831_02097v2.403,,,,0,0
DENATRLA,2025-06-23 23:53:53.000,28.9,22.7,20.0,15.9,13.7,11.7,11.1,8.8,8.8,5.7,8.5,12.7,13.8,16.2,16.1,15.5,14.9,16.1,15.2,13.9,11.0,8.0,5.8,3.2,-0.2,-2.0,-3.7,-3.8,-3.9,-4.0,-4.4,-3.2,-0.1,21.7,27.3,43.5,13.4,0.0,75.1,22.2,11.6,77.4,,,OBAnorm,,LD831_02097v2.403,,,,0,0
DENATRLA,2025-06-23 23:53:54.000,27.2,21.9,22.6,16.8,13.4,12.1,11.5,10.9,7.1,7.9,8.4,12.5,14.4,16.0,16.7,16.0,14.3,15.9,13.9,13.2,10.3,8.2,4.7,1.4,-0.2,-1.6,-3.2,-3.8,-3.5,-3.9,-4.4,-3.2,-0.1,21.6,27.2,39.0,13.4,0.0,75.1,22.2,11.6,77.4,,,OBAnorm,,LD831_02097v2.403,,,,0,0
DENATRLA,2025-06-23 23:53:55.000,25.8,22.8,21.6,18.9,14.2,13.7,12.3,10.9,8.2,5.9,9.0,12.6,14.0,15.4,16.0,14.4,15.4,15.7,14.3,12.7,10.4,7.9,4.6,2.8,5.4,-1.9,-3.8,-3.9,-3.8,-3.9,-4.3,-3.2,0.0,21.4,27.2,42.7,13.4,0.0,75.1,22.2,11.6,77.4,,,OBAnorm,,LD831_02097v2.403,,,,0,0
DENATRLA,2025-06-23 23:53:56.000,24.5,23.9,21.1,17.1,14.8,15.6,9.6,9.7,7.1,5.4,8.5,12.5,13.5,15.0,16.8,13.6,14.0,15.5,14.2,13.4,10.4,7.9,4.7,3.4,0.0,-2.3,-4.0,-3.9,-3.8,-4.0,-4.5,-3.3,-0.1,21.3,26.3,37.4,13.4,0.0,75.1,22.2,11.6,77.4,,,OBAnorm,,LD831_02097v2.403,,,,0,0
DENATRLA,2025-06-23 23:53:57.000,26.6,23.1,17.7,13.6,14.3,9.1,11.0,9.5,5.8,7.7,8.7,11.7,13.8,16.0,16.3,15.6,15.2,15.1,13.3,12.6,10.9,7.9,5.9,5.7,3.1,-1.8,-3.9,-3.9,-3.8,-4.0,-4.5,-3.1,-0.1,21.4,27.3,40.4,13.4,0.0,75.1,22.1,11.6,77.4,,,OBAnorm,,LD831_02097v2.403,,,,0,0
DENATRLA,2025-06-23 23:53:58.000,25.0,23.2,16.8,18.3,15.2,11.9,12.2,10.0,8.3,6.5,9.2,12.0,13.6,16.1,15.7,15.5,14.3,15.1,14.0,13.1,10.4,8.4,5.9,8.1,4.0,2.4,-3.9,-3.9,-3.9,-4.0,-4.5,-3.3,-0.1,21.6,27.3,41.8,13.4,0.0,75.1,22.2,11.6,77.4,,,OBAnorm,,LD831_02097v2.403,,,,0,0
DENATRLA,2025-06-23 23:53:59.000,24.1,25.6,16.6,17.5,13.6,14.8,12.6,10.1,6.7,5.0,8.4,11.3,15.1,15.7,16.9,15.6,15.6,14.8,14.5,12.7,10.7,7.4,5.2,2.5,0.5,-1.8,-3.8,-3.8,-3.8,-3.9,-4.5,-3.2,-0.2,21.5,27.0,40.5,13.4,0.0,75.1,22.1,11.6,77.4,,,OBAnorm,,LD831_02097v2.403,,,,0,0
DENATRLA,2025-06-23 23:54:00.000,26.6,24.9,20.6,18.5,13.4,13.8,12.8,9.6,5.7,6.7,8.3,11.8,14.5,16.0,16.3,15.5,15.6,15.4,15.0,13.5,11.3,8.4,5.6,3.5,1.2,-1.5,-3.8,-3.9,-3.8,-4.0,-4.5,-3.3,-0.2,22.0,27.2,37.5,13.4,0.0,75.1,22.2,11.6,77.4,,,OBAnorm,,LD831_02097v2.403,,,,0,0
DENATRLA,2025-06-23 23:54:01.000,25.2,23.1,21.3,17.5,8.1,14.2,13.1,9.1,6.7,6.9,7.9,12.9,14.0,16.8,16.7,16.0,15.9,15.7,14.5,13.4,11.0,8.2,5.6,3.3,-0.6,-2.1,-3.8,-3.9,-3.8,-4.0,-4.5,-3.0,-0.2,21.9,26.9,37.1,13.4,0.0,75.1,22.2,11.6,77.4,,,OBAnorm,,LD831_02097v2.403,,,,0,0
DENATRLA,2025-06-23 23:54:02.000,26.1,22.3,19.5,13.0,12.5,13.4,11.7,7.8,5.4,7.5,10.5,12.8,14.7,16.0,15.6,15.5,15.6,15.7,15.0,12.9,10.9,8.0,5.1,4.5,3.1,-2.1,-4.0,-3.9,-3.9,-4.0,-4.5,-3.3,-0.1,21.9,26.9,37.4,13.4,0.0,75.2,22.2,11.6,77.4,,,OBAnorm,,LD831_02097v2.403,,,,0,0
DENATRLA,2025-06-23 23:54:03.000,25.7,21.2,16.7,14.1,13.6,10.7,12.6,10.2,5.4,7.2,9.5,12.0,14.5,15.7,16.7,15.3,15.1,16.0,14.4,13.7,10.4,7.8,4.4,2.1,-0.5,-2.3,-4.0,-3.9,-3.6,-3.8,-4.4,-3.3,-0.2,21.6,26.9,40.1,13.4,0.0,75.1,22.2,11.6,77.4,,,OBAnorm,,LD831_02097v2.403,,,,0,0
DENATRLA,2025-06-23 23:54:04.000,28.9,21.5,20.4,18.2,14.2,11.1,10.5,10.0,7.6,7.0,9.1,12.1,14.2,15.7,16.8,16.5,14.5,15.9,14.2,12.8,11.1,7.7,4.0,0.6,-0.4,-1.5,-4.0,-3.9,-3.8,-4.0,-4.5,-3.3,-0.1,21.6,27.1,38.7,13.4,0.0,75.1,22.1,11.6,77.4,,,OBAnorm,,LD831_02097v2.403,,,,0,0
DENATRLA,2025-06-23 23:54:05.000,24.1,25.2,18.8,15.4,14.8,12.5,12.7,9.9,6.6,7.7,8.5,11.4,13.1,15.5,16.3,16.1,16.0,15.9,14.3,12.5,9.7,7.2,3.7,4.3,3.0,-2.2,-3.7,-3.4,-3.5,-3.4,-4.1,-2.8,-0.1,21.5,27.1,35.1,13.4,0.0,75.1,22.1,11.6,77.4,,,OBAnorm,,LD831_02097v2.403,,,,0,0
DENATRLA,2025-06-23 23:54:06.000,27.1,22.5,21.7,17.8,13.6,12.2,12.5,10.9,7.5,6.5,9.2,11.3,13.7,15.7,16.3,15.2,15.5,16.0,14.5,13.0,9.7,7.7,4.2,2.8,0.4,-2.7,-3.8,-3.9,-3.8,-4.0,-4.5,-3.3,-0.2,21.4,26.9,37.9,13.4,0.0,75.1,22.2,11.6,77.4,,,OBAnorm,,LD831_02097v2.403,,,,0,0
DENATRLA,2025-06-23 23:54:07.000,23.8,24.0,20.4,16.5,13.2,13.1,11.0,10.0,5.3,6.2,8.9,12.3,14.3,14.1,15.3,15.9,15.2,14.8,14.2,12.0,9.7,6.7,4.4,4.3,2.1,-2.4,-3.9,-3.9,-3.9,-4.0,-4.5,-3.3,-0.3,21.1,26.8,38.2,13.4,0.0,75.1,22.2,11.6,77.4,,,OBAnorm,,LD831_02097v2.403,,,,0,0
DENATRLA,2025-06-23 23:54:08.000,28.1,25.9,19.2,16.3,11.7,11.3,12.3,11.9,5.2,9.4,8.6,10.7,14.0,14.6,16.1,16.2,14.8,15.5,14.0,12.5,10.2,7.3,4.4,4.0,-0.2,-2.6,-4.0,-3.8,-3.7,-3.6,-4.3,-3.2,0.0,21.3,26.4,38.5,13.4,0.0,75.1,22.1,11.6,77.4,,,OBAnorm,,LD831_02097v2.403,,,,0,0
DENATRLA,2025-06-23 23:54:09.000,27.4,23.2,20.7,13.8,15.1,10.0,13.7,11.2,7.8,8.2,8.8,12.3,15.0,16.8,16.5,15.8,13.7,15.3,13.2,12.5,9.7,7.0,4.7,4.1,2.4,-2.5,-4.0,-3.8,-3.9,-3.7,-4.3,-3.3,-0.2,21.2,27.0,35.9,13.4,0.0,75.1,22.1,11.6,77.4,,,OBAnorm,,LD831_02097v2.403,,,,0,0
DENATRLA,2025-06-23 23:54:10.000,21.1,21.7,15.0,16.6,13.4,10.4,14.4,10.6,6.5,5.3,9.1,12.1,14.8,16.3,16.4,15.5,15.1,15.4,13.9,12.6,10.1,7.7,3.8,1.7,-1.8,-2.6,-4.0,-3.8,-3.6,-3.9,-4.4,-3.2,-0.2,21.2,26.4,39.0,13.4,0.0,75.1,22.1,11.6,77.4,,,OBAnorm,,LD831_02097v2.403,,,,0,0
DENATRLA,2025-06-23 23:54:11.000,24.9,20.3,20.3,15.2,12.4,10.6,12.4,9.8,6.4,7.4,7.7,12.0,15.0,15.7,16.3,15.2,15.1,14.5,13.3,11.7,9.8,6.7,3.4,2.0,-1.4,-2.8,-4.0,-3.9,-3.8,-4.0,-4.5,-3.2,-0.3,20.8,27.0,39.8,13.4,0.0,75.1,22.2,11.6,76.8,,,OBAnorm,,LD831_02097v2.403,,,,0,0
DENATRLA,2025-06-23 23:54:12.000,26.4,23.4,19.0,15.9,15.3,13.4,10.9,9.3,6.8,6.6,8.2,11.5,14.0,14.9,15.6,15.7,15.2,15.2,13.3,11.6,9.7,6.8,3.7,1.9,-1.2,-2.5,-3.7,-3.9,-3.9,-4.0,-4.5,-3.3,-0.1,20.7,26.7,43.8,13.4,0.0,75.1,22.1,11.6,76.8,,,OBAnorm,,LD831_02097v2.403,,,,0,0
DENATRLA,2025-06-23 23:54:13.000,22.9,22.6,20.2,14.9,13.5,12.0,11.3,10.4,7.4,7.5,8.4,11.0,12.8,15.4,15.0,14.1,14.8,14.8,13.0,11.8,9.3,7.1,3.8,2.7,5.6,-2.3,-3.6,-3.8,-3.6,-3.4,-4.4,-3.0,0.0,20.7,28.8,46.6,13.4,0.0,75.1,22.2,11.6,76.8,,,OBAnorm,,LD831_02097v2.403,,,,0,0
DENATRLA,2025-06-23 23:54:14.000,27.0,21.6,21.7,17.5,14.2,13.7,12.3,9.1,6.9,7.9,9.6,12.0,13.5,15.1,15.1,14.3,14.6,15.0,13.2,12.2,10.0,7.3,5.7,4.3,2.7,-1.3,-3.9,-3.9,-3.9,-4.0,-4.4,-3.2,0.0,20.9,28.7,50.6,13.4,0.0,75.1,22.1,11.6,76.8,,,OBAnorm,,LD831_02097v2.403,,,,0,0
DENATRLA,2025-06-23 23:54:15.000,27.8,27.5,21.0,21.0,13.3,12.1,12.6,8.9,7.6,6.8,9.0,12.6,13.3,14.2,15.5,14.7,14.9,14.9,13.8,12.8,10.1,6.7,2.9,1.2,2.6,-1.8,-3.4,-3.7,-3.6,-3.7,-4.4,-3.2,0.2,20.9,28.8,49.2,13.4,0.0,75.1,22.1,11.6,76.8,,,OBAnorm,,LD831_02097v2.403,,,,0,0
DENATRLA,2025-06-23 23:54:16.000,27.7,27.2,23.4,18.2,17.3,11.3,11.3,9.1,6.3,6.5,9.1,10.7,14.2,14.7,16.1,15.3,14.9,14.9,13.0,12.3,10.0,7.1,4.9,3.6,1.9,-2.1,-3.8,-3.6,-3.8,-3.9,-4.5,-3.2,0.0,20.9,26.8,46.2,13.4,0.0,75.1,22.1,11.6,76.8,,,OBAnorm,,LD831_02097v2.403,,,,0,0
DENATRLA,2025-06-23 23:54:17.000,26.4,25.4,19.0,15.1,14.7,12.8,13.5,10.3,6.2,6.1,8.0,12.5,14.4,14.6,15.6,15.4,14.3,14.6,14.2,12.5,10.2,7.1,5.0,4.3,2.3,-2.1,-3.7,-3.8,-3.8,-3.9,-4.4,-3.0,0.0,21.0,28.1,47.0,13.4,0.0,75.1,22.1,11.6,76.8,,,OBAnorm,,LD831_02097v2.403,,,,0,0
DENATRLA,2025-06-23 23:54:18.000,28.2,22.8,20.9,18.7,17.4,15.8,12.8,10.9,5.8,6.7,9.1,10.7,13.9,15.3,15.9,15.2,14.5,15.1,14.3,11.8,10.8,7.2,3.7,1.6,0.3,-2.0,-3.9,-3.9,-3.8,-4.0,-4.4,-3.2,-0.1,21.1,28.0,47.8,13.4,0.0,75.1,22.1,11.6,76.8,,,OBAnorm,,LD831_02097v2.403,,,,0,0
DENATRLA,2025-06-23 23:54:19.000,24.6,21.5,23.4,15.3,16.7,13.7,12.7,10.3,5.2,6.2,8.6,12.2,12.5,14.7,16.3,15.9,15.3,14.9,14.5,11.7,10.2,7.0,3.7,2.4,-0.2,-2.8,-3.4,-3.9,-3.8,-4.0,-4.5,-3.1,0.0,21.1,26.0,39.4,13.4,0.0,75.1,22.1,11.6,76.8,,,OBAnorm,,LD831_02097v2.403,,,,0,0
DENATRLA,2025-06-23 23:54:20.000,27.0,22.7,19.0,16.8,12.4,9.6,12.2,7.9,3.6,6.0,8.5,11.5,13.4,15.9,16.1,15.2,14.5,15.0,14.0,12.5,10.1,7.4,3.1,1.3,-1.5,-2.2,-3.8,-3.9,-3.9,-3.9,-4.4,-3.2,-0.1,21.1,26.9,39.9,13.4,0.0,75.1,22.1,11.6,76.8,,,OBAnorm,,LD831_02097v2.403,,,,0,0
DENATRLA,2025-06-23 23:54:21.000,28.2,24.6,14.4,15.2,17.1,12.1,9.6,8.7,4.4,6.6,7.2,12.1,14.0,14.6,15.7,14.9,14.7,15.7,14.4,12.8,9.9,7.0,6.4,6.4,3.2,-1.6,-3.9,-3.9,-3.9,-4.0,-4.4,-3.2,0.0,21.4,27.1,41.2,13.4,0.0,75.1,22.1,11.6,77.4,,,OBAnorm,,LD831_02097v2.403,,,,0,0
DENATRLA,2025-06-23 23:54:22.000,21.5,23.1,21.4,17.6,14.8,12.9,11.8,10.9,6.0,6.2,7.9,11.5,12.9,14.6,15.3,15.0,14.7,16.0,14.7,13.0,10.0,7.0,3.7,4.3,1.1,-2.2,-3.9,-3.9,-3.9,-4.0,-4.5,-3.3,-0.1,21.3,25.9,35.8,13.4,0.0,75.1,22.1,11.6,77.4,,,OBAnorm,,LD831_02097v2.403,,,,0,0
DENATRLA,2025-06-23 23:54:23.000,27.9,23.9,18.3,16.8,12.1,11.1,10.9,8.0,7.3,7.1,11.0,11.2,14.0,15.1,15.4,14.8,13.8,14.4,13.9,11.7,9.9,6.7,3.7,2.7,-1.3,-3.1,-3.9,-3.9,-3.9,-3.9,-4.4,-3.3,-0.1,20.7,26.1,39.5,13.4,0.0,75.1,22.1,11.6,77.4,,,OBAnorm,,LD831_02097v2.403,,,,0,0
DENATRLA,2025-06-23 23:54:24.000,24.8,22.2,19.6,18.4,13.0,12.1,11.3,7.0,6.9,6.2,10.1,12.0,13.1,14.8,15.5,15.7,15.1,15.1,13.5,12.8,10.3,6.7,3.1,-0.2,-1.9,-3.2,-4.0,-3.9,-3.8,-4.0,-4.5,-3.2,-0.2,20.9,26.5,43.8,13.4,0.0,75.1,22.1,11.6,77.4,,,OBAnorm,,LD831_02097v2.403,,,,0,0
DENATRLA,2025-06-23 23:54:25.000,23.2,18.6,15.9,16.7,15.7,12.5,12.4,7.8,6.3,7.5,9.4,10.8,12.8,14.2,15.3,14.7,13.9,15.6,13.9,12.0,9.7,6.7,2.8,4.6,3.0,-3.5,-3.7,-3.8,-3.8,-3.9,-4.5,-3.2,-0.1,21.0,26.4,41.5,13.4,0.0,75.1,22.1,11.6,77.4,,,OBAnorm,,LD831_02097v2.403,,,,0,0
DENATRLA,2025-06-23 23:54:26.000,24.3,20.1,15.7,18.5,13.2,12.4,12.0,8.2,6.9,4.3,9.4,10.9,13.4,15.0,16.0,15.2,14.8,14.6,14.3,11.8,9.3,6.8,3.0,1.7,-0.3,-2.6,-3.3,-3.5,-3.9,-4.0,-4.5,-3.3,-0.2,20.9,26.1,35.5,13.4,0.0,75.1,22.1,11.6,77.4,,,OBAnorm,,LD831_02097v2.403,,,,0,0
DENATRLA,2025-06-23 23:54:27.000,24.3,20.9,21.3,15.6,11.4,10.9,11.4,7.1,6.3,7.0,9.8,11.4,13.2,15.3,15.2,15.0,14.2,14.5,12.9,11.9,9.5,7.2,4.0,6.0,4.5,-2.1,-3.2,-3.9,-3.8,-4.0,-4.4,-3.2,-0.2,20.8,25.9,34.8,13.4,0.0,75.1,22.2,11.6,77.4,,,OBAnorm,,LD831_02097v2.403,,,,0,0
DENATRLA,2025-06-23 23:54:28.000,24.2,21.9,21.4,14.9,13.0,12.2,9.5,8.2,6.3,8.9,9.0,13.0,14.3,14.8,15.7,14.2,14.6,14.2,13.5,12.0,9.9,6.5,2.9,3.6,0.0,-2.3,-3.7,-3.8,-3.8,-3.9,-4.5,-3.2,-0.1,20.6,26.1,38.4,13.4,0.0,75.1,22.1,11.6,77.4,,,OBAnorm,,LD831_02097v2.403,,,,0,0
DENATRLA,2025-06-23 23:54:29.000,21.3,21.9,20.3,16.2,9.7,13.7,10.7,8.1,5.8,6.4,9.4,11.9,13.4,14.8,14.9,14.0,13.9,13.8,13.2,11.6,9.7,6.2,2.5,2.3,-2.2,-3.1,-3.4,-3.8,-3.8,-4.0,-4.5,-3.3,-0.1,20.2,25.5,41.3,13.4,0.0,75.1,22.1,11.6,77.4,,,OBAnorm,,LD831_02097v2.403,,,,0,0
DENATRLA,2025-06-23 23:54:30.000,19.9,22.6,19.4,14.6,11.9,11.4,11.0,8.4,6.9,5.9,9.0,11.1,12.6,13.1,15.5,15.3,14.2,14.3,13.3,11.7,9.8,6.6,3.7,4.5,-0.1,-2.3,-3.3,-3.8,-3.8,-4.0,-4.4,-3.2,-0.1,20.6,27.4,38.6,13.4,0.0,75.1,22.1,11.6,77.4,,,OBAnorm,,LD831_02097v2.403,,,,0,0
DENATRLA,2025-06-23 23:54:31.000,21.2,21.5,19.9,18.4,19.0,10.3,9.0,9.6,7.1,6.4,9.2,10.9,13.8,14.2,15.7,14.0,13.8,14.2,13.1,11.4,9.5,6.2,3.5,5.2,1.0,-1.5,-3.8,-3.8,-3.8,-4.0,-4.5,-3.3,0.0,20.3,26.0,36.9,13.4,0.0,75.1,22.1,11.6,77.4,,,OBAnorm,,LD831_02097v2.403,,,,0,0
DENATRLA,2025-06-23 23:54:32.000,24.2,28.7,16.4,13.6,16.3,12.9,8.5,6.5,7.0,7.3,7.9,11.5,13.0,13.7,15.9,14.9,13.7,14.5,12.8,10.9,9.0,6.3,5.2,4.3,6.8,-0.6,-3.9,-3.9,-3.8,-3.9,-4.5,-3.2,-0.1,20.6,27.3,46.1,13.4,0.0,75.1,22.1,11.6,77.4,,,OBAnorm,,LD831_02097v2.403,,,,0,0
DENATRLA,2025-06-23 23:54:33.000,25.2,28.5,18.5,15.5,15.4,11.2,10.2,8.2,9.0,6.5,8.4,10.0,13.0,13.7,16.0,14.4,14.0,13.4,12.7,11.4,9.1,5.5,2.7,3.4,1.7,-2.1,-3.5,-3.8,-3.8,-4.0,-4.5,-3.4,-0.1,20.1,27.5,43.0,13.4,0.0,75.1,22.1,11.6,77.4,,,OBAnorm,,LD831_02097v2.403,,,,0,0
DENATRLA,2025-06-23 23:54:34.000,21.2,29.7,18.2,15.5,14.1,6.6,10.8,7.5,5.3,6.1,7.4,10.3,12.9,13.4,14.7,13.6,13.7,14.5,13.7,11.6,8.7,5.9,2.3,1.6,-1.7,-3.4,-3.9,-3.9,-3.8,-4.0,-4.5,-3.2,-0.1,20.1,25.7,39.5,13.4,0.0,75.1,22.1,11.6,77.4,,,OBAnorm,,LD831_02097v2.403,,,,0,0
DENATRLA,2025-06-23 23:54:35.000,27.2,31.8,18.4,14.8,14.2,8.3,10.4,7.2,3.9,7.6,8.2,10.6,14.2,13.3,14.8,14.3,13.7,14.4,12.2,10.5,8.3,5.5,1.8,0.0,-2.0,-2.8,-3.9,-3.9,-3.9,-4.0,-4.5,-3.2,-0.1,19.5,27.6,44.2,13.4,0.0,75.1,22.1,11.6,77.4,,,OBAnorm,,LD831_02097v2.403,,,,0,0
DENATRLA,2025-06-23 23:54:36.000,24.8,21.5,18.3,17.5,12.2,11.9,11.0,5.9,7.0,7.9,8.7,10.4,13.1,13.9,14.9,13.6,13.4,13.7,13.0,10.2,7.7,5.5,4.4,4.1,0.4,-3.0,-4.0,-3.9,-3.9,-3.9,-4.5,-3.3,0.0,19.8,28.6,44.5,13.4,0.0,75.1,22.1,11.6,77.4,,,OBAnorm,,LD831_02097v2.403,,,,0,0
DENATRLA,2025-06-23 23:54:37.000,29.2,24.0,24.3,18.6,14.9,9.7,8.3,8.8,5.5,7.2,7.4,9.9,11.9,14.0,14.1,14.5,13.2,14.2,12.7,10.9,8.5,8.1,8.5,10.6,8.0,2.2,-3.9,-3.9,-3.9,-4.0,-4.4,-3.1,0.0,21.1,28.1,45.8,13.4,0.0,75.1,22.1,11.6,77.4,,,OBAnorm,,LD831_02097v2.403,,,,0,0
DENATRLA,2025-06-23 23:54:38.000,27.3,27.3,25.2,17.3,11.0,12.5,9.0,8.6,6.4,4.5,7.3,11.9,12.2,14.4,15.6,13.8,13.7,14.4,12.4,10.8,8.3,8.8,7.3,11.0,8.3,1.8,-3.6,-3.6,-3.8,-3.6,-4.5,-3.3,-0.1,21.1,29.1,45.7,13.4,0.0,75.1,22.1,11.6,77.4,,,OBAnorm,,LD831_02097v2.403,,,,0,0
DENATRLA,2025-06-23 23:54:39.000,26.4,27.4,24.0,20.5,16.0,13.7,14.0,8.7,6.2,6.6,7.5,11.7,12.7,14.0,14.4,14.5,14.0,13.0,12.0,11.2,8.7,5.3,2.4,3.1,2.5,0.1,-4.0,-3.9,-3.9,-4.1,-4.5,-3.2,-0.1,19.8,30.8,50.8,13.4,0.0,75.1,22.1,11.6,77.4,,,OBAnorm,,LD831_02097v2.403,,,,0,0
DENATRLA,2025-06-23 23:54:40.000,30.6,28.1,28.5,18.8,12.0,13.1,12.7,10.3,6.7,6.7,8.6,12.2,13.7,14.6,14.4,14.3,13.4,13.7,12.9,11.0,8.4,6.7,3.0,1.6,0.2,-1.7,-3.9,-3.9,-3.8,-4.0,-4.5,-3.2,-0.2,19.9,27.1,45.7,13.4,0.0,75.1,22.1,11.6,77.4,,,OBAnorm,,LD831_02097v2.403,,,,0,0
DENATRLA,2025-06-23 23:54:41.000,31.6,30.2,24.1,16.0,13.6,14.5,12.1,12.6,9.0,7.2,8.1,10.2,13.0,14.0,14.9,14.3,13.4,14.4,12.7,10.9,8.8,5.9,4.0,4.8,1.2,0.2,-4.0,-3.8,-3.8,-3.9,-4.4,-3.4,-0.1,20.2,27.8,50.3,13.4,0.0,75.1,22.1,11.6,77.4,,,OBAnorm,,LD831_02097v2.403,,,,0,0
DENATRLA,2025-06-23 23:54:42.000,28.6,24.9,21.5,19.4,15.3,13.4,12.8,8.8,4.3,6.6,8.5,11.0,14.5,14.3,14.8,14.2,13.2,15.0,13.9,11.1,10.1,8.5,10.4,12.7,9.4,3.2,-3.8,-3.8,-3.9,-4.0,-4.5,-3.2,-0.1,22.0,28.0,46.7,13.4,0.0,75.1,22.1,11.6,77.4,,,OBAnorm,,LD831_02097v2.403,,,,0,0
DENATRLA,2025-06-23 23:54:43.000,27.4,24.9,20.0,18.4,14.2,14.2,12.1,7.5,4.6,7.1,8.3,11.2,12.7,14.1,15.3,14.8,14.2,14.6,13.4,11.3,8.8,6.6,5.3,6.3,6.0,1.8,1.8,-3.6,-3.8,-3.9,-4.5,-3.3,-0.2,20.7,27.9,45.9,13.4,0.0,75.1,22.1,11.6,77.4,,,OBAnorm,,LD831_02097v2.403,,,,0,0
DENATRLA,2025-06-23 23:54:44.000,23.6,25.9,24.1,20.3,15.8,10.8,11.5,9.1,5.9,7.0,7.8,11.3,12.9,15.8,14.8,14.8,14.8,14.5,13.1,11.4,9.0,5.7,2.0,1.9,1.4,-1.8,-3.9,-3.9,-3.8,-4.0,-4.5,-3.2,-0.1,20.3,26.4,38.8,13.4,0.0,75.1,22.1,11.5,77.3,,,OBAnorm,,LD831_02097v2.403,,,,0,0
DENATRLA,2025-06-23 23:54:45.000,29.8,28.4,21.0,19.3,10.9,9.3,9.2,7.2,7.5,6.9,9.0,11.7,13.9,14.1,14.7,14.4,13.5,14.4,13.3,10.9,9.0,5.8,2.4,1.1,-1.8,-3.4,-4.1,-3.9,-3.9,-3.9,-4.5,-3.3,-0.2,20.1,26.5,43.9,13.4,0.0,75.1,22.1,11.5,77.3,,,OBAnorm,,LD831_02097v2.403,,,,0,0
DENATRLA,2025-06-23 23:54:46.000,26.9,25.1,21.4,15.0,11.8,10.6,9.5,8.4,4.9,6.8,8.8,11.3,13.2,14.2,14.4,14.4,13.2,14.0,13.0,11.9,8.8,6.3,5.0,6.1,4.1,-0.6,-4.0,-3.9,-3.9,-4.0,-4.5,-3.3,-0.2,20.5,26.3,43.1,13.4,0.0,75.1,22.1,11.5,77.3,,,OBAnorm,,LD831_02097v2.403,,,,0,0
DENATRLA,2025-06-23 23:54:47.000,23.0,23.6,21.8,15.4,13.5,10.4,10.2,5.2,6.0,7.2,9.5,12.8,13.3,15.3,15.7,15.1,14.8,14.0,13.1,12.2,9.2,6.4,12.7,7.8,3.7,-2.0,-3.9,-3.8,-3.9,-4.0,-4.4,-3.4,-0.2,21.5,26.4,37.6,13.4,0.0,75.1,22.1,11.5,77.3,,,OBAnorm,,LD831_02097v2.403,,,,0,0
DENATRLA,2025-06-23 23:54:48.000,26.4,23.2,21.8,15.6,13.9,12.4,13.0,8.4,5.7,8.5,8.5,11.6,14.2,14.5,16.1,15.4,13.9,14.7,13.9,11.6,9.2,5.9,10.0,9.5,3.8,-2.7,-4.1,-3.9,-3.9,-4.0,-4.5,-3.3,-0.2,21.3,26.3,35.6,13.4,0.0,75.1,22.1,11.5,77.3,,,OBAnorm,,LD831_02097v2.403,,,,0,0
DENATRLA,2025-06-23 23:54:49.000,23.6,22.3,21.5,15.9,13.9,11.1,9.2,7.6,7.0,5.8,9.4,13.9,13.7,15.3,15.7,14.7,14.8,15.1,13.6,12.0,9.7,6.7,4.8,5.1,3.4,5.1,-3.7,-3.8,-3.9,-4.0,-4.5,-3.2,-0.2,21.1,26.4,34.8,13.4,0.0,75.1,22.1,11.5,77.3,,,OBAnorm,,LD831_02097v2.403,,,,0,0
DENATRLA,2025-06-23 23:54:50.000,22.4,23.5,20.8,15.4,13.4,11.4,11.1,9.1,5.3,7.4,10.3,12.7,14.0,15.9,16.2,15.2,14.1,15.1,14.0,12.0,9.4,6.8,4.9,4.0,1.5,-0.1,-4.0,-3.9,-3.9,-4.0,-4.5,-3.1,-0.2,21.1,26.4,32.6,13.4,0.0,75.1,22.1,11.5,77.3,,,OBAnorm,,LD831_02097v2.403,,,,0,0
DENATRLA,2025-06-23 23:54:51.000,25.5,16.8,22.6,18.3,15.6,10.5,7.9,8.5,6.9,8.1,10.6,11.8,14.3,15.2,14.8,14.7,14.1,14.5,13.5,11.8,9.4,6.7,3.8,1.4,0.0,-1.4,-3.9,-3.9,-3.8,-4.0,-4.5,-3.3,-0.2,20.5,26.0,33.6,13.4,0.0,75.1,22.1,11.5,77.3,,,OBAnorm,,LD831_02097v2.403,,,,0,0
DENATRLA,2025-06-23 23:54:52.000,27.0,20.3,18.8,17.8,10.7,14.3,12.3,8.7,6.6,7.5,9.6,10.9,12.7,14.9,15.3,14.6,14.5,15.4,13.4,11.6,9.5,6.5,4.1,1.3,-0.5,-3.2,-4.0,-3.9,-3.9,-4.0,-4.5,-3.3,-0.3,20.6,26.0,34.8,13.4,0.0,75.1,22.1,11.5,77.3,,,OBAnorm,,LD831_02097v2.403,,,,0,0
DENATRLA,2025-06-23 23:54:53.000,26.0,23.3,19.5,17.3,12.5,13.1,11.5,8.3,2.7,7.5,8.8,9.9,12.5,15.3,15.7,15.2,14.0,14.5,13.6,11.3,8.9,7.7,6.1,7.9,2.8,-0.7,-3.6,-3.9,-3.9,-4.0,-4.5,-3.3,-0.2,20.9,26.1,34.8,13.4,0.0,75.2,22.1,11.5,77.3,,,OBAnorm,,LD831_02097v2.403,,,,0,0
DENATRLA,2025-06-23 23:54:54.000,21.4,21.4,18.8,14.1,13.0,12.6,8.3,9.5,5.9,8.0,8.2,10.8,13.5,14.7,15.2,15.4,13.6,14.4,13.6,11.8,9.1,7.9,7.9,9.8,6.9,0.2,-3.8,-3.8,-3.8,-4.0,-4.5,-3.3,-0.2,21.3,25.9,34.4,13.4,0.0,75.1,22.1,11.5,77.3,,,OBAnorm,,LD831_02097v2.403,,,,0,0
DENATRLA,2025-06-23 23:54:55.000,21.5,21.9,22.1,17.2,14.2,11.3,8.9,9.0,7.2,7.2,7.4,10.3,13.9,14.8,14.7,14.4,14.0,13.8,13.7,11.7,9.4,11.2,9.1,12.5,11.6,2.8,-3.0,-3.8,-3.8,-3.8,-4.4,-3.3,-0.2,22.3,26.3,44.2,13.4,0.0,75.1,22.1,11.5,77.3,,,OBAnorm,,LD831_02097v2.403,,,,0,0
DENATRLA,2025-06-23 23:54:56.000,20.7,22.9,14.5,12.7,9.6,10.4,9.9,8.8,7.3,8.6,8.0,11.2,14.2,15.2,15.1,14.7,14.3,13.9,13.3,11.7,9.5,7.2,4.9,6.0,5.1,3.5,-2.2,-3.6,-3.8,-3.8,-4.3,-3.2,-0.3,20.7,27.0,42.8,13.4,0.0,75.1,22.1,11.5,77.3,,,OBAnorm,,LD831_02097v2.403,,,,0,0
DENATRLA,2025-06-23 23:54:57.000,26.5,22.1,18.7,16.1,12.2,10.8,9.5,8.3,6.5,7.1,8.5,10.8,13.2,14.5,15.4,15.3,14.5,13.9,14.1,12.0,9.7,7.4,4.0,4.7,1.7,-1.7,-3.9,-3.9,-3.8,-3.9,-4.4,-3.3,-0.2,20.8,26.0,35.3,13.4,0.0,75.1,22.1,11.5,77.9,,,OBAnorm,,LD831_02097v2.403,,,,0,0
DENATRLA,2025-06-23 23:54:58.000,22.7,17.6,22.1,14.3,10.0,10.6,9.7,8.6,5.7,7.2,10.2,10.8,13.8,15.3,15.6,15.1,14.6,14.4,13.9,12.0,9.9,7.0,3.5,1.4,0.1,-1.2,-3.9,-3.9,-3.8,-3.9,-4.4,-3.2,-0.1,20.7,26.8,43.9,13.4,0.0,75.1,22.1,11.5,77.9,,,OBAnorm,,LD831_02097v2.403,,,,0,0
DENATRLA,2025-06-23 23:54:59.000,28.6,22.4,19.1,17.3,12.6,11.0,8.1,7.4,7.0,5.9,9.3,10.6,11.7,13.6,14.8,15.4,13.9,14.0,14.4,11.6,9.6,7.3,4.1,4.3,-0.3,-2.4,-3.7,-3.9,-3.8,-3.9,-4.5,-3.1,-0.2,20.7,26.4,45.1,13.4,0.0,75.1,22.1,11.5,77.3,,,OBAnorm,,LD831_02097v2.403,,,,0,0
DENATRLA,2025-06-23 23:55:00.000,20.9,19.6,17.4,15.9,7.8,9.6,12.2,6.8,6.6,8.5,6.6,12.4,13.6,14.0,15.3,15.6,14.2,14.3,14.1,11.6,10.6,8.9,13.5,10.6,12.0,3.2,-4.0,-3.9,-3.8,-4.0,-4.5,-3.2,-0.1,22.8,28.5,47.3,13.4,0.0,75.1,22.1,11.5,77.3,,,OBAnorm,,LD831_02097v2.403,,,,0,0
DENATRLA,2025-06-23 23:55:01.000,23.4,21.3,19.4,17.2,15.4,12.0,11.0,8.0,5.6,7.2,8.2,11.5,13.8,13.9,15.2,16.0,14.5,14.8,14.2,11.7,9.8,7.1,10.6,10.4,10.0,3.1,2.4,-3.5,-3.6,-4.0,-4.4,-3.3,-0.1,22.0,26.9,42.8,13.4,0.0,75.1,22.1,11.5,77.3,,,OBAnorm,,LD831_02097v2.403,,,,0,0
DENATRLA,2025-06-23 23:55:02.000,22.5,28.1,21.6,16.3,15.4,10.6,13.2,10.1,6.9,5.0,8.4,10.3,13.8,14.5,14.5,15.5,13.9,14.8,13.4,11.7,10.4,7.1,3.8,1.5,-0.4,-2.0,-3.9,-3.8,-3.8,-3.9,-4.1,-3.0,-0.1,20.7,28.8,47.6,13.4,0.0,75.1,22.1,11.5,77.3,,,OBAnorm,,LD831_02097v2.403,,,,0,0
DENATRLA,2025-06-23 23:55:03.000,27.7,23.3,21.9,19.3,14.0,14.4,13.6,10.2,7.2,8.7,8.3,11.2,13.1,16.2,14.9,14.6,15.6,14.8,13.8,12.1,9.7,7.1,5.0,4.6,3.5,1.7,-3.8,-3.9,-3.9,-4.0,-4.5,-3.3,-0.2,21.0,27.4,44.2,13.4,0.0,75.1,22.1,11.5,77.3,,,OBAnorm,,LD831_02097v2.403,,,,0,0
DENATRLA,2025-06-23 23:55:04.000,23.1,21.9,24.6,22.8,15.4,13.8,14.6,8.2,7.8,6.6,7.6,11.0,13.5,14.4,15.4,15.1,14.3,15.3,13.3,12.3,9.6,6.5,4.7,6.0,3.0,-0.6,-4.0,-3.9,-3.9,-4.0,-4.4,-3.2,-0.2,21.0,26.5,39.9,13.4,0.0,75.2,22.1,11.5,77.3,,,OBAnorm,,LD831_02097v2.403,,,,0,0
DENATRLA,2025-06-23 23:55:05.000,26.9,27.3,21.4,17.1,13.1,11.0,12.3,7.9,5.0,7.1,9.0,12.3,14.0,15.5,16.5,14.5,14.4,15.1,13.8,12.0,9.5,6.5,3.4,1.5,-1.1,-2.4,-4.0,-3.9,-3.8,-4.0,-4.5,-3.2,-0.1,20.8,26.3,36.9,13.4,0.0,75.1,22.0,11.5,77.3,,,OBAnorm,,LD831_02097v2.403,,,,0,0
DENATRLA,2025-06-23 23:55:06.000,25.7,23.9,21.4,16.9,15.7,11.7,9.1,10.3,5.9,6.0,7.7,11.2,13.1,16.9,16.8,13.7,14.9,15.3,13.9,12.0,9.9,9.9,9.7,9.4,1.3,-3.1,-4.0,-3.8,-3.9,-4.0,-4.5,-3.3,-0.2,21.9,27.0,40.8,13.4,0.0,75.1,22.1,11.5,77.3,,,OBAnorm,,LD831_02097v2.403,,,,0,0
DENATRLA,2025-06-23 23:55:07.000,23.1,19.7,17.7,15.8,16.1,13.4,12.6,9.1,5.7,5.1,7.9,13.8,13.5,15.2,16.3,16.6,15.8,15.8,14.6,12.6,9.7,7.5,7.7,3.6,2.3,-0.3,-3.9,-3.9,-3.8,-4.0,-4.5,-3.2,-0.2,21.7,27.1,45.2,13.4,0.0,75.1,22.1,11.5,77.3,,,OBAnorm,,LD831_02097v2.403,,,,0,0
DENATRLA,2025-06-23 23:55:08.000,26.8,23.6,15.7,15.2,13.3,8.8,9.6,7.5,7.8,6.7,7.9,12.8,15.4,16.2,16.5,16.1,14.8,16.0,14.2,12.7,10.0,7.0,2.9,2.4,3.0,-1.4,-4.0,-3.9,-3.9,-4.0,-4.5,-3.2,-0.3,21.3,26.7,40.5,13.4,0.0,75.1,22.1,11.5,77.3,,,OBAnorm,,LD831_02097v2.403,,,,0,0
DENATRLA,2025-06-23 23:55:09.000,20.0,24.3,16.9,15.1,13.7,10.9,10.1,9.4,4.6,7.1,9.5,11.9,15.2,16.5,15.9,15.3,14.5,15.6,13.9,12.7,10.1,6.8,4.1,3.3,-0.1,-3.5,-4.0,-3.9,-3.8,-4.0,-4.5,-3.2,-0.1,21.3,27.1,43.3,13.4,0.0,75.1,22.1,11.5,77.3,,,OBAnorm,,LD831_02097v2.403,,,,0,0
DENATRLA,2025-06-23 23:55:10.000,25.7,23.4,23.2,16.9,12.3,13.0,11.2,6.7,6.4,7.8,9.6,12.7,14.3,16.9,16.0,16.1,14.9,15.0,14.3,12.7,9.7,8.2,10.0,3.3,2.9,7.4,-3.8,-3.7,-3.9,-4.0,-4.4,-3.3,-0.1,21.8,26.6,39.4,13.4,0.0,75.2,22.1,11.5,77.3,,,OBAnorm,,LD831_02097v2.403,,,,0,0
DENATRLA,2025-06-23 23:55:11.000,23.8,24.5,19.8,16.2,13.7,12.4,10.5,7.1,5.6,6.9,8.1,12.3,13.4,14.8,15.1,13.9,14.5,15.1,13.6,11.6,9.0,7.0,17.5,5.8,4.3,15.5,-0.1,-3.4,-3.8,-3.9,-4.5,-3.3,-0.3,23.7,26.6,33.9,13.4,0.0,75.1,22.1,11.5,77.3,,,OBAnorm,,LD831_02097v2.403,,,,0,0
DENATRLA,2025-06-23 23:55:12.000,25.9,23.4,19.4,14.9,10.5,11.6,10.0,9.5,4.8,7.4,7.5,11.8,14.2,15.3,14.8,14.7,14.1,14.1,11.9,11.4,9.0,6.7,11.1,4.6,3.4,9.1,-3.7,-3.9,-3.8,-4.0,-4.5,-3.3,-0.2,21.3,26.5,35.6,13.4,0.0,75.1,22.0,11.5,77.9,,,OBAnorm,,LD831_02097v2.403,,,,0,0
DENATRLA,2025-06-23 23:55:13.000,22.9,18.7,21.9,16.8,10.9,11.9,10.4,8.9,6.3,5.6,8.6,12.3,13.6,15.0,16.0,14.2,14.5,14.7,13.0,11.4,9.1,6.9,15.7,3.7,2.9,11.7,-3.6,-3.8,-3.9,-3.9,-4.5,-3.3,-0.3,22.5,26.1,34.8,13.4,0.0,75.1,22.1,11.5,77.3,,,OBAnorm,,LD831_02097v2.403,,,,0,0
DENATRLA,2025-06-23 23:55:14.000,26.1,21.2,17.2,16.1,13.5,13.4,11.8,8.3,4.9,5.8,8.6,11.6,13.6,14.7,15.8,14.3,14.5,14.4,12.9,11.5,8.7,6.9,10.3,4.2,2.5,7.0,-3.6,-3.7,-3.7,-3.7,-4.3,-3.1,-0.1,21.0,27.9,47.6,13.4,0.0,72.9,22.1,11.5,77.3,,,OBAnorm,,LD831_02097v2.403,,,,0,0
DENATRLA,2025-06-23 23:55:15.000,27.8,13.6,21.2,15.0,12.5,10.6,12.2,8.3,6.0,7.3,8.3,11.9,12.4,15.1,15.3,14.4,13.4,14.4,12.8,11.0,9.0,6.1,4.4,5.4,4.2,0.9,-3.8,-3.8,-3.9,-3.9,-4.5,-3.2,-0.1,20.4,28.8,47.0,13.4,0.0,70.9,22.1,11.5,77.3,,,OBAnorm,,LD831_02097v2.403,,,,0,0
DENATRLA,2025-06-23 23:55:16.000,21.1,17.1,24.5,18.2,15.8,12.6,11.3,9.9,6.7,6.2,8.4,10.8,12.8,14.7,15.6,14.2,13.8,13.7,13.5,11.5,9.6,6.3,2.7,0.4,-0.5,-2.0,-4.0,-3.9,-3.8,-4.0,-4.5,-3.3,-0.2,20.2,29.8,50.8,13.4,0.0,70.5,22.1,11.5,77.3,,,OBAnorm,,LD831_02097v2.403,,,,0,0
DENATRLA,2025-06-23 23:55:17.000,24.1,23.3,21.2,18.3,17.2,14.7,14.4,9.2,7.1,6.7,5.6,9.9,11.5,14.5,15.5,14.6,14.3,14.8,12.4,10.8,8.5,5.1,2.8,0.6,-1.0,-2.0,-4.0,-3.9,-3.9,-3.9,-4.5,-3.2,-0.2,20.1,26.6,44.1,13.4,0.0,70.0,22.1,11.5,76.8,,,OBAnorm,,LD831_02097v2.403,,,,0,0
DENATRLA,2025-06-23 23:55:18.000,32.2,25.8,20.2,14.2,9.2,9.3,11.4,10.5,5.8,6.7,6.6,11.3,14.1,14.1,15.9,14.9,13.9,14.8,12.9,10.9,8.9,10.7,16.9,10.4,5.9,5.7,-3.9,-3.9,-3.9,-4.0,-4.5,-3.2,-0.3,23.0,26.8,35.8,13.4,0.0,67.2,22.1,11.5,74.5,,,OBAnorm,,LD831_02097v2.403,,,,0,0
DENATRLA,2025-06-23 23:55:19.000,23.5,26.9,14.8,14.7,13.5,11.2,11.6,7.9,4.1,5.6,6.5,10.8,13.9,13.7,15.3,14.7,13.7,14.0,13.0,10.8,8.2,6.2,16.4,4.3,5.0,11.5,0.6,-3.9,-3.8,-4.0,-4.4,-3.2,-0.1,22.5,27.5,42.7,13.4,0.0,67.2,22.0,11.5,73.4,,,OBAnorm,,LD831_02097v2.403,,,,0,0
DENATRLA,2025-06-23 23:55:20.000,29.3,25.5,19.9,18.9,12.2,12.3,9.9,10.3,7.4,7.8,8.5,10.3,12.9,14.0,15.0,15.5,14.4,14.0,12.2,10.5,8.3,6.4,11.3,2.3,2.7,10.0,-3.4,-3.8,-3.7,-3.7,-4.4,-3.2,-0.1,21.0,26.9,45.2,13.4,0.0,67.2,22.1,11.5,73.4,,,OBAnorm,,LD831_02097v2.403,,,,0,0
DENATRLA,2025-06-23 23:55:21.000,22.4,24.7,19.8,14.0,14.5,10.2,10.9,9.4,7.1,7.7,7.7,11.4,12.7,15.1,14.0,14.5,14.4,13.4,13.1,10.7,8.1,6.9,7.7,5.6,4.4,8.2,-3.8,-3.9,-3.8,-4.0,-4.4,-3.3,-0.2,20.6,26.5,42.4,13.4,0.0,67.2,22.0,11.5,73.4,,,OBAnorm,,LD831_02097v2.403,,,,0,0
DENATRLA,2025-06-23 23:55:22.000,23.4,24.1,21.1,18.3,14.0,9.7,11.6,6.2,5.8,7.3,7.3,11.1,12.8,14.4,14.4,13.1,13.5,14.2,12.3,10.6,8.5,6.2,7.3,7.9,5.5,1.1,-4.0,-3.8,-3.8,-4.1,-4.5,-3.3,-0.2,20.4,26.0,45.1,13.4,0.0,67.2,22.1,11.5,73.4,,,OBAnorm,,LD831_02097v2.403,,,,0,0
DENATRLA,2025-06-23 23:55:23.000,23.5,24.7,21.6,13.7,15.6,11.7,9.6,9.8,2.9,5.7,8.3,11.0,12.3,13.6,14.0,14.2,13.6,14.5,12.9,10.6,8.1,5.2,2.5,2.4,1.1,-1.6,-4.0,-3.9,-3.8,-4.1,-4.5,-3.3,-0.3,19.7,26.4,42.9,13.4,0.0,67.2,22.0,11.5,73.4,,,OBAnorm,,LD831_02097v2.403,,,,0,0
DENATRLA,2025-06-23 23:55:24.000,25.3,23.1,18.6,15.9,11.9,9.9,9.6,7.4,6.0,5.3,7.1,11.8,13.2,13.8,14.6,13.5,13.3,13.7,12.1,10.4,8.0,4.9,2.8,2.8,0.5,0.5,-4.0,-3.9,-3.9,-4.0,-4.4,-3.4,-0.1,19.6,28.7,49.6,13.4,0.0,67.2,22.1,11.5,73.4,,,OBAnorm,,LD831_02097v2.403,,,,0,0
DENATRLA,2025-06-23 23:55:25.000,21.7,18.0,22.3,15.0,15.9,13.2,12.6,10.5,7.8,5.0,6.6,11.4,12.6,13.3,15.7,14.0,13.6,14.5,12.8,11.1,8.0,5.8,4.7,5.7,0.6,-3.4,-4.0,-3.9,-3.8,-4.0,-4.4,-3.3,-0.2,20.1,29.5,45.1,13.4,0.0,67.2,22.1,11.5,73.4,,,OBAnorm,,LD831_02097v2.403,,,,0,0
DENATRLA,2025-06-23 23:55:26.000,30.6,25.5,25.2,22.1,19.9,17.3,13.0,10.7,4.5,3.6,8.2,11.6,12.2,13.6,15.0,13.5,13.4,14.5,13.3,10.9,8.5,5.9,5.7,5.4,2.1,-0.6,-4.0,-3.9,-3.9,-4.0,-4.4,-3.4,-0.3,20.2,29.4,48.4,13.4,0.0,67.2,22.0,11.5,73.4,,,OBAnorm,,LD831_02097v2.403,,,,0,0
DENATRLA,2025-06-23 23:55:27.000,28.7,28.9,22.0,17.4,16.3,15.4,9.5,9.2,9.5,5.1,7.2,10.9,12.4,14.2,15.1,14.0,13.8,14.3,12.7,10.5,8.0,5.4,4.6,4.0,1.2,-2.6,-4.0,-3.9,-3.9,-4.0,-4.4,-3.2,-0.3,19.9,27.9,44.4,13.4,0.0,67.2,22.1,11.5,73.4,,,OBAnorm,,LD831_02097v2.403,,,,0,0
DENATRLA,2025-06-23 23:55:28.000,31.2,31.2,21.5,15.2,13.7,10.1,10.7,9.4,10.4,5.0,7.6,12.6,13.4,13.7,15.2,13.9,13.2,13.7,12.5,10.5,8.6,5.7,3.3,3.1,0.7,1.3,-3.4,-3.9,-3.9,-4.1,-4.5,-3.3,-0.3,19.8,26.9,47.0,13.4,0.0,67.2,22.0,11.5,73.4,,,OBAnorm,,LD831_02097v2.403,,,,0,0
DENATRLA,2025-06-23 23:55:29.000,28.0,26.5,19.1,17.8,14.0,8.9,11.1,9.8,11.3,5.0,8.5,11.2,11.4,14.2,13.8,13.7,13.3,13.7,12.5,10.7,9.1,8.0,8.4,3.3,4.6,9.0,-1.8,-3.9,-3.9,-4.0,-4.5,-3.3,-0.2,20.6,26.3,43.1,13.4,0.0,67.2,22.1,11.5,73.4,,,OBAnorm,,LD831_02097v2.403,,,,0,0
DENATRLA,2025-06-23 23:55:30.000,31.1,28.5,21.0,14.9,11.3,10.2,12.6,10.2,12.2,3.7,7.2,11.8,13.3,14.4,13.6,13.3,13.4,13.5,12.9,11.1,8.8,5.3,9.4,7.5,5.5,7.6,-2.5,-3.9,-3.9,-4.0,-4.5,-3.2,-0.1,20.9,25.9,46.0,13.4,0.0,67.2,22.0,11.5,73.4,,,OBAnorm,,LD831_02097v2.403,,,,0,0
DENATRLA,2025-06-23 23:55:31.000,25.8,23.7,15.4,14.3,15.2,8.6,11.8,11.4,6.6,6.5,8.7,11.4,14.7,15.1,15.2,14.3,14.0,14.0,13.1,11.6,9.8,7.1,7.6,5.5,5.4,4.9,-3.5,-3.9,-3.9,-4.0,-4.5,-3.3,-0.1,20.9,26.3,41.2,13.4,0.0,67.2,22.1,11.5,73.4,,,OBAnorm,,LD831_02097v2.403,,,,0,0
DENATRLA,2025-06-23 23:55:32.000,25.7,22.0,18.4,15.3,14.1,11.9,11.4,15.7,8.0,5.8,8.6,11.9,13.0,14.8,14.2,14.9,14.0,14.8,13.0,11.3,9.4,6.1,4.4,6.5,2.6,-1.8,-3.9,-3.9,-3.8,-3.9,-4.1,-3.3,-0.1,20.6,26.4,43.0,13.4,0.0,67.2,22.0,11.5,73.4,,,OBAnorm,,LD831_02097v2.403,,,,0,0
DENATRLA,2025-06-23 23:55:33.000,23.0,23.2,19.5,13.7,12.2,12.9,11.9,17.1,6.6,5.1,8.2,12.1,12.9,14.8,15.7,14.2,14.5,15.6,13.4,12.0,9.4,7.4,9.9,5.9,6.4,5.5,-3.8,-3.9,-3.9,-4.0,-4.5,-3.0,-0.2,21.4,26.2,38.2,13.4,0.0,67.2,22.0,11.5,73.4,,,OBAnorm,,LD831_02097v2.403,,,,0,0
DENATRLA,2025-06-23 23:55:34.000,20.1,24.2,18.0,14.7,10.2,8.9,8.9,15.5,7.6,5.5,7.4,11.0,13.3,14.5,15.3,14.8,14.3,15.4,13.2,11.0,9.6,7.5,14.3,9.1,7.6,13.0,-2.4,-3.8,-3.8,-4.0,-4.5,-3.4,-0.2,22.7,26.5,35.0,13.4,0.0,67.2,22.1,11.5,73.4,,,OBAnorm,,LD831_02097v2.403,,,,0,0
DENATRLA,2025-06-23 23:55:35.000,23.7,22.9,18.4,15.5,13.0,11.1,10.2,12.5,8.2,6.0,6.6,10.4,14.4,13.7,15.2,13.7,14.1,14.0,12.2,11.8,8.3,5.9,9.3,2.9,1.5,8.2,-3.8,-3.9,-3.8,-4.0,-4.5,-3.3,-0.2,20.6,26.6,46.0,13.4,0.0,67.1,22.0,11.5,73.4,,,OBAnorm,,LD831_02097v2.403,,,,0,0
DENATRLA,2025-06-23 23:55:36.000,26.4,21.1,20.1,17.7,13.1,12.9,10.4,13.5,7.8,5.4,7.8,9.5,13.1,12.8,14.6,13.9,13.6,13.4,12.3,10.6,8.7,5.3,2.4,3.5,1.8,-0.4,-4.0,-3.9,-3.9,-3.9,-4.5,-3.1,-0.3,19.7,25.5,40.0,13.4,0.0,67.2,22.1,11.5,73.4,,,OBAnorm,,LD831_02097v2.403,,,,0,0
DENATRLA,2025-06-23 23:55:37.000,22.1,22.7,19.3,16.3,9.8,11.1,10.9,17.0,7.5,5.2,7.8,10.6,13.4,13.6,14.3,14.7,14.3,14.0,13.3,10.8,9.2,5.9,2.3,2.3,1.9,2.5,-3.8,-3.8,-3.8,-3.9,-4.4,-3.2,-0.2,20.3,26.2,40.2,13.4,0.0,67.2,22.0,11.5,73.4,,,OBAnorm,,LD831_02097v2.403,,,,0,0
DENATRLA,2025-06-23 23:55:38.000,25.1,21.4,17.5,16.0,14.9,12.1,10.6,15.4,5.4,4.8,7.5,12.4,15.0,15.0,15.3,14.4,14.3,13.8,13.4,11.5,9.4,6.6,4.8,7.5,4.9,5.8,-3.6,-3.9,-3.8,-3.7,-4.4,-3.1,-0.1,20.8,25.7,37.6,13.4,0.0,67.2,22.1,11.5,73.4,,,OBAnorm,,LD831_02097v2.403,,,,0,0
DENATRLA,2025-06-23 23:55:39.000,24.3,21.3,18.6,11.4,13.4,11.2,9.9,14.1,7.9,4.4,9.2,10.7,14.3,14.0,14.8,15.6,13.4,14.0,13.7,10.9,8.8,6.1,4.9,3.2,3.8,-2.7,-3.9,-3.9,-3.8,-3.9,-4.5,-3.2,-0.2,20.3,26.6,45.4,13.4,0.0,67.2,22.0,11.5,73.4,,,OBAnorm,,LD831_02097v2.403,,,,0,0
DENATRLA,2025-06-23 23:55:40.000,21.4,20.9,19.5,18.2,14.2,10.7,10.2,14.6,8.0,5.0,7.0,11.5,12.9,13.8,14.6,15.0,13.5,14.0,13.6,10.9,9.6,7.2,6.1,5.9,3.9,1.6,-3.9,-3.8,-3.8,-4.0,-4.5,-3.2,-0.1,20.6,26.8,43.3,13.4,0.0,67.2,22.1,11.5,73.4,,,OBAnorm,,LD831_02097v2.403,,,,0,0
DENATRLA,2025-06-23 23:55:41.000,23.7,19.1,20.2,16.0,15.7,11.8,10.2,19.5,9.4,5.7,9.4,12.2,13.3,14.7,15.6,15.0,13.2,13.9,13.1,11.2,9.3,6.8,2.9,3.8,0.8,-2.3,-3.6,-3.8,-3.8,-3.8,-4.5,-3.3,-0.2,20.2,27.3,40.8,13.4,0.0,67.2,22.0,11.5,73.4,,,OBAnorm,,LD831_02097v2.403,,,,0,0
DENATRLA,2025-06-23 23:55:42.000,20.9,23.3,18.5,16.3,11.5,12.7,12.8,16.3,9.5,6.6,7.9,10.9,13.8,14.1,15.4,14.7,13.1,13.8,14.5,11.2,9.3,6.1,3.1,3.4,-0.1,1.0,-3.6,-3.9,-3.8,-4.0,-4.4,-3.2,-0.3,20.5,27.7,42.0,13.4,0.0,67.2,22.0,11.5,73.4,,,OBAnorm,,LD831_02097v2.403,,,,0,0
DENATRLA,2025-06-23 23:55:43.000,28.7,22.6,21.4,14.8,13.6,13.5,11.0,13.3,6.5,6.0,9.3,12.0,14.7,16.2,15.9,13.9,12.8,13.9,13.4,11.0,8.3,5.4,3.0,1.4,0.1,-3.2,-3.9,-3.9,-3.8,-4.0,-4.4,-3.3,0.1,20.0,27.9,45.2,13.4,0.0,67.2,22.0,11.5,73.4,,,OBAnorm,,LD831_02097v2.403,,,,0,0
DENATRLA,2025-06-23 23:55:44.000,30.3,22.3,17.0,18.0,16.2,12.3,13.5,13.6,8.3,4.5,7.6,12.0,14.0,15.2,15.2,14.3,13.2,13.5,13.6,10.2,8.9,5.7,2.6,1.9,0.0,-1.5,-3.7,-3.8,-3.8,-3.9,-4.4,-3.2,0.1,19.9,28.7,43.3,13.4,0.0,67.2,22.0,11.5,73.4,,,OBAnorm,,LD831_02097v2.403,,,,0,0
DENATRLA,2025-06-23 23:55:45.000,24.2,17.8,21.9,19.7,15.9,11.3,10.3,13.7,7.3,6.4,7.7,10.4,13.9,14.4,15.0,13.7,13.7,13.9,12.7,10.8,8.4,6.1,8.3,4.2,5.7,-0.8,-3.8,-3.9,-3.9,-4.0,-4.5,-3.1,-0.1,20.5,28.5,47.0,13.4,0.0,67.2,22.1,11.5,73.4,,,OBAnorm,,LD831_02097v2.403,,,,0,0
DENATRLA,2025-06-23 23:55:46.000,30.8,30.3,22.9,14.9,12.4,8.9,10.2,20.3,8.0,4.8,9.0,11.9,13.6,15.6,15.1,14.4,13.7,13.1,13.1,10.5,8.4,6.9,7.1,8.0,6.7,0.3,-3.8,-3.9,-3.8,-3.9,-4.5,-3.2,-0.2,20.5,29.7,49.8,13.4,0.0,67.2,22.1,11.5,73.4,,,OBAnorm,,LD831_02097v2.403,,,,0,0
DENATRLA,2025-06-23 23:55:47.000,30.4,24.5,22.8,18.6,14.2,11.7,12.9,17.0,4.1,6.5,7.8,11.5,14.3,15.0,13.7,13.6,13.2,13.3,12.9,10.8,8.4,7.3,15.2,5.5,5.0,9.1,-2.6,-3.8,-3.8,-4.0,-4.4,-3.1,-0.2,21.8,31.2,48.8,13.4,0.0,67.2,22.0,11.5,73.4,,,OBAnorm,,LD831_02097v2.403,,,,0,0
DENATRLA,2025-06-23 23:55:48.000,31.0,27.6,27.4,22.8,18.6,13.7,10.9,10.8,7.2,3.9,8.6,11.7,13.7,14.9,15.4,14.2,14.0,13.9,13.3,11.5,9.8,6.5,11.8,7.2,3.9,9.1,1.6,-3.8,-3.8,-4.0,-4.5,-3.2,-0.2,21.6,29.4,49.2,13.4,0.0,67.2,22.0,11.5,73.4,,,OBAnorm,,LD831_02097v2.403,,,,0,0
DENATRLA,2025-06-23 23:55:49.000,32.8,33.2,23.5,19.6,17.0,13.8,10.7,11.5,7.8,6.4,9.8,12.3,13.3,15.0,15.0,14.7,14.4,14.5,14.3,11.8,9.3,8.3,9.4,6.6,7.5,9.1,1.9,-3.9,-3.8,-4.0,-4.5,-3.2,-0.2,21.8,28.9,46.1,13.4,0.0,67.1,22.0,11.5,73.4,,,OBAnorm,,LD831_02097v2.403,,,,0,0
DENATRLA,2025-06-23 23:55:50.000,30.1,25.5,22.1,18.4,16.4,11.8,11.3,13.8,7.1,7.3,8.2,12.8,13.1,15.2,14.8,15.5,14.4,14.7,13.5,11.9,9.7,8.0,9.0,5.3,3.9,4.6,-3.6,-3.9,-3.8,-3.9,-4.4,-3.3,-0.1,21.1,32.0,51.4,13.4,0.0,67.2,22.0,11.5,73.4,,,OBAnorm,,LD831_02097v2.403,,,,0,0
DENATRLA,2025-06-23 23:55:51.000,30.3,28.2,26.0,23.1,21.4,22.5,17.9,15.9,12.6,10.9,8.4,12.5,13.9,13.6,16.0,14.0,13.7,14.5,14.0,11.5,9.5,6.4,3.3,4.2,2.5,-0.3,-4.0,-3.9,-3.8,-3.9,-4.5,-3.1,-0.1,20.6,31.4,51.0,13.4,0.0,67.2,22.0,11.5,73.4,,,OBAnorm,,LD831_02097v2.403,,,,0,0
DENATRLA,2025-06-23 23:55:52.000,32.4,30.4,30.4,24.7,17.3,19.8,15.7,13.2,7.5,6.6,8.5,12.1,14.1,16.0,16.0,14.8,13.9,14.7,13.7,11.3,9.7,6.5,4.7,5.0,3.1,0.7,-3.9,-3.9,-3.8,-4.0,-4.5,-3.2,-0.2,20.9,35.4,52.4,13.4,0.0,67.2,22.0,11.5,73.4,,,OBAnorm,,LD831_02097v2.403,,,,0,0
DENATRLA,2025-06-23 23:55:53.000,34.5,30.1,32.0,25.3,20.9,19.1,17.2,18.5,15.5,11.4,10.2,12.9,14.3,14.8,15.1,14.8,14.7,14.7,13.6,10.3,9.0,6.5,4.5,4.7,2.3,-1.3,-4.0,-3.9,-3.8,-3.9,-4.5,-3.3,-0.2,20.5,33.4,50.9,13.4,0.0,67.2,22.1,11.5,73.4,,,OBAnorm,,LD831_02097v2.403,,,,0,0
DENATRLA,2025-06-23 23:55:54.000,40.0,29.4,29.1,26.0,24.1,24.1,19.4,14.7,13.2,6.8,8.9,11.4,14.0,14.8,15.7,14.1,13.7,14.2,12.8,11.3,9.3,6.3,3.2,7.8,6.4,1.6,-3.9,-3.6,-3.8,-4.0,-4.5,-3.2,-0.2,20.6,31.9,49.1,13.4,0.0,67.1,22.0,11.5,73.4,,,OBAnorm,,LD831_02097v2.403,,,,0,0
DENATRLA,2025-06-23 23:55:55.000,38.4,31.6,29.4,25.5,21.6,20.0,12.0,14.8,7.8,5.9,8.3,10.2,13.7,14.5,14.8,14.6,14.6,14.2,14.2,11.8,9.2,5.8,4.6,4.6,4.1,-0.5,-3.8,-3.9,-3.8,-3.9,-4.3,-3.3,0.0,20.8,27.1,47.1,13.4,0.0,67.0,22.0,11.5,74.5,,,OBAnorm,,LD831_02097v2.403,,,,0,0
DENATRLA,2025-06-23 23:55:56.000,31.9,29.7,26.3,17.4,14.4,11.6,11.6,13.7,8.7,6.3,8.7,12.8,12.8,15.2,15.4,14.6,14.5,15.1,13.4,11.6,9.2,6.4,2.9,4.5,1.2,-2.1,-3.9,-3.9,-3.8,-4.0,-4.5,-3.4,-0.1,20.6,26.8,45.3,13.4,0.0,68.1,22.0,11.5,76.8,,,OBAnorm,,LD831_02097v2.403,,,,0,0
DENATRLA,2025-06-23 23:55:57.000,29.2,26.6,17.8,14.2,11.8,8.9,10.4,9.3,7.7,6.6,9.0,12.4,15.3,14.0,15.6,15.2,14.7,15.8,14.1,12.1,9.6,8.0,12.7,5.5,3.4,8.8,-2.3,-3.8,-3.8,-4.0,-4.4,-3.3,-0.2,22.1,27.6,43.1,13.4,0.0,67.9,22.0,11.5,77.3,,,OBAnorm,,LD831_02097v2.403,,,,0,0
DENATRLA,2025-06-23 23:55:58.000,22.7,21.8,24.0,17.1,13.2,10.6,10.9,12.0,8.6,5.4,9.7,11.5,13.9,14.9,15.1,14.5,14.3,14.6,13.1,11.5,9.2,6.7,7.1,2.1,-0.5,2.0,-3.7,-3.9,-3.9,-4.0,-4.5,-3.3,-0.2,20.6,26.0,44.5,13.4,0.0,67.8,22.0,11.5,77.3,,,OBAnorm,,LD831_02097v2.403,,,,0,0
DENATRLA,2025-06-23 23:55:59.000,26.7,24.6,14.8,15.6,13.6,13.7,11.6,14.8,4.4,6.2,9.9,13.1,14.1,13.7,14.5,15.0,13.8,14.4,13.6,12.1,9.6,6.8,3.1,-0.1,-1.8,-2.9,-3.9,-3.9,-3.8,-3.9,-4.5,-3.3,-0.2,20.4,26.8,40.8,13.4,0.0,67.7,22.0,11.5,77.3,,,OBAnorm,,LD831_02097v2.403,,,,0,0
DENATRLA,2025-06-23 23:56:00.000,24.9,17.6,21.0,15.8,14.2,9.5,9.8,16.3,8.5,4.4,8.4,12.3,13.7,14.3,15.4,15.2,14.2,14.1,14.1,12.3,9.5,8.5,5.1,5.7,4.0,1.0,-3.9,-3.5,-3.8,-4.0,-4.5,-3.3,-0.1,21.0,27.4,46.4,13.4,0.0,65.0,22.0,11.5,75.6,,,OBAnorm,,LD831_02097v2.403,,,,0,0
DENATRLA,2025-06-23 23:56:01.000,23.9,23.0,20.2,14.5,13.9,14.9,10.2,14.1,7.7,5.1,8.7,11.5,14.1,15.0,14.9,15.1,14.6,14.4,13.4,11.6,9.6,7.5,6.0,6.8,3.9,0.3,-3.7,-3.8,-3.9,-4.0,-4.5,-3.3,-0.2,20.8,26.9,45.1,13.4,0.0,67.7,22.0,11.5,75.1,,,OBAnorm,,LD831_02097v2.403,,,,0,0
DENATRLA,2025-06-23 23:56:02.000,29.0,23.8,16.2,14.9,14.4,13.2,12.1,9.5,7.5,4.7,7.6,11.0,12.8,14.8,14.5,14.0,14.4,14.3,12.8,11.1,9.4,7.5,3.9,3.5,-0.6,-2.5,-3.8,-3.9,-3.8,-4.1,-4.5,-3.3,-0.2,20.2,25.6,35.6,13.4,0.0,67.7,22.0,11.5,76.8,,,OBAnorm,,LD831_02097v2.403,,,,0,0
DENATRLA,2025-06-23 23:56:03.000,24.4,20.8,23.2,14.8,13.7,13.0,13.3,10.9,5.9,4.3,8.2,10.3,13.3,14.3,15.3,14.8,13.8,13.7,12.5,11.6,9.6,6.6,9.6,8.9,7.0,4.6,-1.4,-3.9,-3.8,-4.0,-4.5,-3.2,-0.2,21.1,25.4,35.9,13.4,0.0,67.8,22.0,11.6,77.4,,,OBAnorm,,LD831_02097v2.403,,,,0,0
DENATRLA,2025-06-23 23:56:04.000,23.9,20.2,16.5,14.7,12.5,9.1,10.6,12.0,6.4,4.8,9.5,11.1,13.3,15.3,15.6,13.8,13.9,13.9,13.3,11.3,8.9,6.2,6.4,5.0,0.2,-0.7,-3.7,-3.9,-3.9,-4.0,-4.4,-3.2,-0.2,20.4,25.8,38.7,13.4,0.0,67.8,22.0,11.6,77.4,,,OBAnorm,,LD831_02097v2.403,,,,0,0
DENATRLA,2025-06-23 23:56:05.000,19.7,18.3,17.9,12.1,12.1,12.7,11.6,14.6,5.8,5.7,9.1,10.8,13.9,14.8,15.4,14.9,13.3,14.1,13.0,11.1,8.6,6.3,3.7,5.8,0.6,-1.9,-3.6,-3.8,-3.8,-3.9,-4.5,-3.3,-0.1,20.2,25.8,38.1,13.4,0.0,67.8,22.0,11.6,77.4,,,OBAnorm,,LD831_02097v2.403,,,,0,0
DENATRLA,2025-06-23 23:56:06.000,20.5,16.8,19.2,13.3,12.3,12.9,11.0,14.2,6.1,5.3,10.1,11.6,14.1,15.4,15.1,15.1,13.2,14.7,13.6,11.3,9.4,7.5,8.3,7.3,3.3,-2.0,-4.0,-3.8,-3.8,-4.0,-4.3,-3.2,-0.1,21.0,26.9,41.6,13.4,0.0,67.8,22.0,11.6,77.4,,,OBAnorm,,LD831_02097v2.403,,,,0,0
DENATRLA,2025-06-23 23:56:07.000,21.3,23.9,19.2,16.1,12.3,12.9,11.5,12.7,8.7,6.6,8.5,11.1,13.2,15.5,15.7,15.1,14.2,14.6,13.3,11.1,9.4,7.2,4.7,3.1,3.4,1.7,-3.8,-3.9,-3.8,-3.9,-4.5,-3.2,-0.2,20.6,26.8,41.1,13.4,0.0,67.7,22.0,11.6,77.4,,,OBAnorm,,LD831_02097v2.403,,,,0,0
DENATRLA,2025-06-23 23:56:08.000,22.4,23.2,20.2,16.1,10.9,12.9,10.0,14.1,10.1,7.3,8.0,11.1,13.4,15.8,17.1,15.9,14.7,15.2,13.4,10.9,9.0,6.0,8.3,3.6,3.5,5.4,1.3,-3.9,-3.8,-4.0,-4.5,-3.3,-0.2,21.2,27.6,40.8,13.4,0.0,67.8,22.0,11.6,77.4,,,OBAnorm,,LD831_02097v2.403,,,,0,0
DENATRLA,2025-06-23 23:56:09.000,27.1,19.5,21.9,18.3,11.8,11.6,10.7,12.2,4.5,6.8,9.1,12.1,13.6,15.2,16.4,15.5,14.6,14.3,13.1,10.9,8.7,6.3,7.8,6.8,4.6,4.9,-2.9,-3.9,-3.6,-3.9,-4.5,-3.3,-0.2,21.1,28.0,42.2,13.4,0.0,67.8,22.0,11.6,77.4,,,OBAnorm,,LD831_02097v2.403,,,,0,0
DENATRLA,2025-06-23 23:56:10.000,24.2,20.9,21.9,18.7,13.2,9.9,11.8,16.6,7.7,6.0,7.4,12.1,13.7,15.0,15.6,16.0,14.5,14.9,14.1,10.7,9.3,6.4,2.8,2.6,1.6,1.1,-3.9,-3.8,-3.9,-3.9,-4.4,-3.3,-0.2,20.7,26.7,43.2,13.4,0.0,67.8,22.0,11.6,77.4,,,OBAnorm,,LD831_02097v2.403,,,,0,0
DENATRLA,2025-06-23 23:56:11.000,29.2,28.5,24.9,18.9,10.4,11.3,11.3,14.3,8.0,5.4,8.1,10.0,13.7,15.8,15.9,15.1,14.0,14.6,13.4,11.6,9.3,7.5,4.9,6.9,1.8,-1.3,-3.8,-3.8,-3.8,-3.9,-4.4,-3.2,-0.2,21.0,27.9,46.7,13.4,0.0,67.7,22.0,11.6,76.8,,,OBAnorm,,LD831_02097v2.403,,,,0,0
DENATRLA,2025-06-23 23:56:12.000,25.4,24.9,19.8,16.1,14.0,10.1,12.5,12.9,6.7,5.7,8.4,10.9,13.2,15.5,17.0,15.3,14.7,14.8,14.3,11.7,10.1,7.8,10.0,9.9,6.0,-0.1,-2.6,-3.8,-3.7,-3.9,-4.5,-3.1,-0.2,21.8,30.7,51.5,13.4,0.0,67.8,22.0,11.6,76.8,,,OBAnorm,,LD831_02097v2.403,,,,0,0
DENATRLA,2025-06-23 23:56:13.000,26.6,22.8,17.4,16.9,13.0,11.7,12.9,13.4,7.7,7.4,7.8,10.9,13.7,14.6,16.4,15.2,14.4,15.4,14.3,12.4,10.3,7.8,7.0,7.7,3.5,0.7,-2.9,-3.7,-3.3,-3.7,-4.1,-3.1,-0.1,21.6,32.7,54.7,13.4,0.0,67.8,22.0,11.6,76.8,,,OBAnorm,,LD831_02097v2.403,,,,0,0
DENATRLA,2025-06-23 23:56:14.000,28.8,26.8,25.9,20.8,14.2,16.7,13.1,19.2,9.4,8.1,7.8,11.5,14.4,14.9,16.1,15.2,13.5,13.9,14.2,11.9,9.4,6.9,4.8,4.5,4.5,-2.6,-3.3,-3.8,-3.8,-3.9,-4.5,-3.0,-0.1,20.8,28.2,44.1,13.4,0.0,67.8,22.0,11.6,76.8,,,OBAnorm,,LD831_02097v2.403,,,,0,0
DENATRLA,2025-06-23 23:56:15.000,33.9,28.7,28.9,20.4,14.1,14.4,12.6,13.6,11.0,6.6,7.6,9.4,13.1,14.0,14.4,15.7,13.8,15.5,14.1,10.8,9.6,6.8,3.4,6.3,5.2,2.7,-3.8,-3.8,-3.8,-3.9,-4.4,-3.3,-0.1,20.9,28.4,47.5,13.4,0.0,67.8,22.0,11.6,76.8,,,OBAnorm,,LD831_02097v2.403,,,,0,0
DENATRLA,2025-06-23 23:56:16.000,26.3,23.4,25.7,19.4,15.2,11.7,11.0,10.4,7.1,5.1,9.6,12.1,13.1,14.7,15.8,15.1,13.6,14.0,13.7,11.9,10.0,7.2,5.0,5.8,6.3,1.8,-3.7,-3.9,-3.8,-3.9,-4.5,-3.3,-0.3,20.9,28.0,50.1,13.4,0.0,67.8,22.0,11.6,76.8,,,OBAnorm,,LD831_02097v2.403,,,,0,0
DENATRLA,2025-06-23 23:56:17.000,28.1,29.5,15.9,15.1,11.3,13.3,12.1,16.8,7.7,6.0,6.8,10.5,11.5,14.7,15.1,14.3,13.7,14.4,13.6,10.9,9.0,5.9,3.3,2.1,2.1,-1.9,-3.8,-3.9,-3.9,-4.0,-4.5,-3.2,-0.2,20.3,27.8,51.2,13.4,0.0,67.7,22.0,11.6,76.8,,,OBAnorm,,LD831_02097v2.403,,,,0,0
DENATRLA,2025-06-23 23:56:18.000,23.6,23.8,21.9,20.5,15.2,10.1,11.8,19.0,9.3,6.9,6.1,11.5,13.3,14.8,15.8,14.6,14.3,13.5,13.3,10.6,8.8,7.1,5.3,8.2,1.7,-1.8,-3.9,-3.8,-3.8,-3.9,-4.5,-3.3,-0.3,20.5,26.2,42.4,13.4,0.0,67.8,22.0,11.6,76.8,,,OBAnorm,,LD831_02097v2.403,,,,0,0
DENATRLA,2025-06-23 23:56:19.000,25.0,23.5,19.3,15.9,12.6,11.1,11.7,14.5,7.7,6.8,8.4,10.1,12.4,14.0,14.6,13.7,14.0,13.9,12.6,11.0,9.3,6.5,4.8,7.6,3.4,-1.2,-3.8,-3.8,-3.9,-3.9,-4.5,-3.2,-0.3,20.2,26.0,39.6,13.4,0.0,67.8,22.0,11.6,76.8,,,OBAnorm,,LD831_02097v2.403,,,,0,0
DENATRLA,2025-06-23 23:56:20.000,27.3,22.2,19.7,13.1,9.9,14.9,13.2,11.5,6.1,5.7,7.8,12.1,13.7,12.9,15.2,14.2,13.0,13.2,12.8,11.2,8.5,6.6,12.3,7.6,5.0,7.1,2.7,-3.9,-3.8,-3.9,-4.5,-3.3,-0.2,21.2,26.8,45.7,13.4,0.0,67.7,22.0,11.6,76.8,,,OBAnorm,,LD831_02097v2.403,,,,0,0
DENATRLA,2025-06-23 23:56:21.000,23.4,25.5,24.6,12.9,8.8,9.5,10.7,12.0,6.8,5.4,9.1,10.1,12.0,14.2,15.0,14.4,12.7,13.5,13.0,10.5,9.5,6.6,11.3,12.0,5.3,9.6,4.4,-3.9,-3.9,-4.0,-4.5,-3.2,-0.4,21.7,26.1,42.5,13.4,0.0,67.8,22.0,11.6,76.8,,,OBAnorm,,LD831_02097v2.403,,,,0,0
DENATRLA,2025-06-23 23:56:22.000,23.9,22.4,19.7,16.3,14.5,12.4,12.4,12.6,8.1,4.9,7.8,9.9,13.5,13.9,15.2,14.5,12.8,13.6,13.0,11.1,9.0,6.6,8.1,7.1,4.9,6.0,-3.6,-3.9,-3.8,-4.0,-4.5,-3.3,-0.2,20.6,27.0,42.4,13.4,0.0,67.7,22.0,11.6,76.8,,,OBAnorm,,LD831_02097v2.403,,,,0,0
DENATRLA,2025-06-23 23:56:23.000,19.2,24.7,22.0,18.8,11.7,10.4,13.0,13.7,7.4,4.9,7.4,11.2,12.6,14.4,14.7,14.2,12.6,13.3,13.0,10.8,9.1,6.1,3.8,3.9,1.3,-2.2,-3.9,-3.9,-3.9,-4.0,-4.5,-3.3,-0.1,19.9,26.7,41.8,13.4,0.0,67.7,22.0,11.6,76.8,,,OBAnorm,,LD831_02097v2.403,,,,0,0
DENATRLA,2025-06-23 23:56:24.000,21.5,23.0,25.4,16.3,13.3,12.5,12.2,11.3,6.7,4.3,7.8,11.1,13.6,14.5,14.7,15.6,13.8,14.0,13.3,11.2,9.6,7.5,4.3,6.9,2.5,-2.4,-2.9,-3.8,-3.8,-3.9,-4.5,-3.3,-0.1,20.7,27.4,47.1,13.4,0.0,67.7,22.0,11.7,76.8,,,OBAnorm,,LD831_02097v2.403,,,,0,0
DENATRLA,2025-06-23 23:56:25.000,25.7,27.0,21.5,20.8,13.4,11.4,8.3,12.9,9.0,4.7,8.8,11.5,13.6,14.3,14.7,14.5,13.7,15.1,14.0,11.5,9.0,7.5,5.1,5.4,1.7,-1.8,-3.9,-3.9,-3.8,-4.0,-4.5,-3.2,-0.2,20.7,27.6,48.1,13.4,0.0,67.8,22.0,11.7,76.8,,,OBAnorm,,LD831_02097v2.403,,,,0,0
DENATRLA,2025-06-23 23:56:26.000,26.3,22.3,18.4,18.1,13.1,12.3,12.6,10.4,5.8,6.5,7.6,10.7,14.2,14.5,15.4,15.5,14.2,14.7,13.4,11.9,9.6,7.2,4.7,3.4,-0.6,-2.4,-2.6,-3.4,-3.7,-4.0,-4.4,-3.4,-0.1,20.8,28.1,48.4,13.4,0.0,67.8,22.0,11.7,76.8,,,OBAnorm,,LD831_02097v2.403,,,,0,0
DENATRLA,2025-06-23 23:56:27.000,28.8,24.4,22.9,20.8,14.0,10.2,11.0,12.6,7.2,3.6,9.1,10.8,12.9,15.1,14.4,14.7,14.2,15.5,14.2,11.8,9.5,6.5,4.9,2.1,0.4,-1.0,-3.7,-3.9,-3.8,-3.9,-4.4,-3.1,-0.3,20.8,27.2,42.8,13.4,0.0,67.8,22.0,11.7,76.8,,,OBAnorm,,LD831_02097v2.403,,,,0,0
DENATRLA,2025-06-23 23:56:28.000,27.6,26.1,22.5,18.0,12.8,11.1,13.0,15.4,8.6,6.7,9.5,12.5,13.6,16.1,15.2,15.1,14.3,14.8,14.0,12.1,9.1,7.7,9.3,7.4,1.6,2.3,-0.4,-3.8,-3.8,-4.0,-4.5,-3.2,-0.1,21.5,28.7,46.4,13.4,0.0,67.7,22.0,11.7,76.8,,,OBAnorm,,LD831_02097v2.403,,,,0,0
DENATRLA,2025-06-23 23:56:29.000,26.1,21.9,22.0,17.1,16.0,13.4,11.7,15.6,6.2,5.6,9.9,12.1,14.1,15.5,15.8,15.2,14.7,14.8,13.8,12.2,10.1,7.8,9.7,10.5,9.0,3.6,-3.2,-3.8,-3.9,-4.0,-4.5,-3.3,-0.2,22.0,29.1,48.2,13.4,0.0,67.8,22.0,11.7,76.8,,,OBAnorm,,LD831_02097v2.403,,,,0,0
DENATRLA,2025-06-23 23:56:30.000,29.1,25.7,22.0,16.4,16.1,13.8,13.1,15.5,10.9,6.9,9.0,12.1,14.2,14.1,15.1,14.7,15.6,15.8,14.3,12.3,9.6,7.6,7.8,4.7,1.3,1.4,-3.3,-3.8,-3.8,-4.0,-4.5,-3.2,0.0,21.5,33.0,52.4,13.4,0.0,67.7,22.0,11.7,76.8,,,OBAnorm,,LD831_02097v2.403,,,,0,0
DENATRLA,2025-06-23 23:56:31.000,29.8,28.4,23.6,21.5,17.8,13.9,12.2,15.2,9.2,7.4,9.6,14.0,14.6,15.5,16.1,14.9,15.2,15.2,14.0,12.5,9.9,7.7,4.6,4.5,-0.5,-2.8,-3.7,-3.9,-3.8,-4.0,-4.5,-3.3,-0.2,21.2,32.0,51.8,13.4,0.0,67.8,22.0,11.7,76.8,,,OBAnorm,,LD831_02097v2.403,,,,0,0
DENATRLA,2025-06-23 23:56:32.000,34.3,27.4,26.3,21.3,20.5,16.6,12.6,13.2,8.4,8.4,9.1,13.3,14.3,16.8,16.4,15.2,15.2,15.7,14.0,12.5,10.1,8.2,6.3,13.0,7.6,-1.1,-3.8,-3.8,-3.9,-4.0,-4.5,-3.3,-0.1,22.4,33.9,54.7,13.4,0.0,67.8,22.0,11.6,76.8,,,OBAnorm,,LD831_02097v2.403,,,,0,0
DENATRLA,2025-06-23 23:56:33.000,36.3,25.8,26.7,22.4,22.7,17.4,17.7,12.9,8.9,6.2,10.1,12.8,15.9,16.7,16.5,15.8,14.6,15.4,15.1,13.2,10.4,8.0,7.7,9.9,3.9,-1.6,-3.8,-3.9,-3.8,-3.7,-4.5,-3.2,-0.2,22.1,32.2,51.3,13.4,0.0,67.4,22.0,11.6,76.8,,,OBAnorm,,LD831_02097v2.403,,,,0,0
DENATRLA,2025-06-23 23:56:34.000,34.9,34.3,30.2,29.7,19.4,14.8,15.3,13.8,8.4,6.7,9.0,13.4,15.0,15.7,17.2,16.0,14.7,15.7,14.5,12.4,10.2,8.5,5.6,6.1,3.5,-2.2,-3.9,-3.8,-3.9,-4.0,-4.5,-3.4,-0.1,21.8,32.7,53.0,13.4,0.0,67.4,22.0,11.7,76.8,,,OBAnorm,,LD831_02097v2.403,,,,0,0
DENATRLA,2025-06-23 23:56:35.000,31.6,34.9,25.2,22.9,21.5,16.5,13.3,13.5,6.3,7.1,8.3,12.0,15.4,15.5,17.6,15.4,16.5,16.9,14.8,13.0,10.5,7.3,4.3,2.6,-1.1,-2.5,-3.9,-3.9,-3.8,-4.0,-4.5,-3.3,-0.1,22.0,31.1,50.8,13.4,0.0,67.1,22.0,11.7,76.8,,,OBAnorm,,LD831_02097v2.403,,,,0,0
DENATRLA,2025-06-23 23:56:36.000,35.1,34.8,26.7,20.5,18.4,17.8,14.3,8.9,8.3,6.1,10.3,13.0,14.6,16.2,16.4,16.5,15.5,15.6,14.3,12.7,10.8,7.5,5.4,6.2,2.8,-1.2,-3.9,-3.9,-3.8,-3.9,-4.4,-3.3,-0.2,21.8,32.4,51.7,13.4,0.0,66.6,22.0,11.6,77.4,,,OBAnorm,,LD831_02097v2.403,,,,0,0
DENATRLA,2025-06-23 23:56:37.000,32.7,31.0,25.0,22.4,17.7,17.0,15.2,9.8,7.0,6.4,10.2,13.1,14.4,15.8,16.2,16.3,14.5,15.2,14.5,12.8,10.5,7.2,4.7,7.0,7.2,-1.8,-3.9,-3.9,-3.9,-4.0,-4.4,-3.3,-0.1,21.7,30.6,51.7,13.4,0.0,66.6,21.9,11.6,77.4,,,OBAnorm,,LD831_02097v2.403,,,,0,0
DENATRLA,2025-06-23 23:56:38.000,31.4,33.2,24.1,21.2,18.0,14.0,13.8,10.5,4.6,6.2,10.6,13.0,15.0,15.5,16.2,15.3,15.1,15.4,15.1,13.1,10.3,7.9,5.5,6.3,5.9,-3.0,-3.9,-3.8,-3.8,-3.8,-4.4,-3.2,-0.2,21.8,30.8,45.8,13.4,0.0,66.6,22.0,11.6,77.4,,,OBAnorm,,LD831_02097v2.403,,,,0,0
DENATRLA,2025-06-23 23:56:39.000,36.7,26.0,26.5,21.5,17.9,14.8,12.4,9.1,7.2,5.4,9.1,12.7,14.0,16.4,16.4,15.1,15.2,15.7,15.3,12.2,10.7,8.2,7.5,9.7,6.0,1.6,-3.7,-3.8,-3.8,-3.9,-4.4,-3.2,-0.1,21.9,30.1,48.3,13.4,0.0,66.6,22.0,11.6,77.4,,,OBAnorm,,LD831_02097v2.403,,,,0,0
DENATRLA,2025-06-23 23:56:40.000,28.7,33.3,26.2,23.4,18.1,11.1,15.0,10.0,8.1,6.4,7.8,12.3,13.6,15.1,15.2,15.7,14.6,15.2,14.8,12.6,10.3,8.1,4.9,5.7,2.7,-3.0,-3.9,-3.9,-3.9,-4.0,-4.4,-3.3,-0.3,21.3,29.6,47.8,13.4,0.0,66.6,22.0,11.6,77.4,,,OBAnorm,,LD831_02097v2.403,,,,0,0
DENATRLA,2025-06-23 23:56:41.000,32.8,29.5,22.1,19.7,11.8,12.2,15.1,10.0,7.1,8.0,9.7,12.7,14.4,15.8,15.4,15.1,14.7,15.0,14.0,11.4,10.0,8.1,12.7,7.8,3.0,2.8,-0.4,-3.8,-3.9,-3.9,-4.5,-3.3,-0.2,21.9,28.2,46.1,13.4,0.0,66.7,22.0,11.6,77.4,,,OBAnorm,,LD831_02097v2.403,,,,0,0
DENATRLA,2025-06-23 23:56:42.000,33.9,25.7,19.5,16.0,13.9,14.6,12.8,8.6,8.9,8.4,8.3,13.0,13.4,14.9,15.8,15.8,14.8,15.3,14.3,13.1,10.9,7.5,11.5,6.7,3.3,7.8,-1.4,-3.9,-3.9,-4.0,-4.4,-3.3,-0.1,22.2,31.3,51.1,13.4,0.0,66.6,22.0,11.6,77.4,,,OBAnorm,,LD831_02097v2.403,,,,0,0
DENATRLA,2025-06-23 23:56:43.000,29.9,27.3,20.8,22.9,16.4,16.4,12.5,11.3,7.8,7.5,8.9,12.8,14.4,16.1,16.2,14.9,14.7,14.9,15.1,12.7,10.7,10.2,9.1,10.9,1.6,-1.3,-4.0,-3.9,-3.8,-4.0,-4.5,-3.3,-0.2,22.2,30.9,50.6,13.4,0.0,66.7,22.0,11.6,77.4,,,OBAnorm,,LD831_02097v2.403,,,,0,0
DENATRLA,2025-06-23 23:56:44.000,29.9,28.7,28.4,24.1,20.0,15.0,15.0,9.7,8.2,6.8,8.8,11.9,14.0,16.4,17.5,16.0,14.2,15.2,14.9,12.5,10.5,8.0,4.9,6.9,2.0,0.2,-3.7,-3.8,-3.9,-3.8,-4.5,-3.1,-0.1,21.7,32.7,50.4,13.4,0.0,66.6,22.0,11.6,77.4,,,OBAnorm,,LD831_02097v2.403,,,,0,0
DENATRLA,2025-06-23 23:56:45.000,27.9,27.6,25.2,19.2,19.3,16.1,12.4,9.4,7.8,6.2,9.7,12.3,15.2,15.0,15.9,15.4,15.7,15.0,14.5,12.4,10.0,7.8,8.7,10.1,6.5,-1.0,-3.8,-3.8,-3.8,-4.0,-4.5,-3.2,-0.2,22.0,31.5,47.9,13.4,0.0,66.6,22.0,11.6,77.4,,,OBAnorm,,LD831_02097v2.403,,,,0,0
DENATRLA,2025-06-23 23:56:46.000,31.4,34.0,27.9,21.6,17.9,13.0,15.8,9.1,9.6,6.8,8.7,12.3,14.8,15.0,15.0,15.3,14.8,15.1,15.5,12.3,10.2,9.7,10.4,12.3,9.1,2.0,-0.1,-3.8,-3.8,-4.0,-4.5,-3.2,-0.1,22.6,33.6,53.1,13.4,0.0,66.7,21.9,11.6,77.4,,,OBAnorm,,LD831_02097v2.403,,,,0,0
DENATRLA,2025-06-23 23:56:47.000,28.9,31.6,27.3,24.4,23.2,17.1,13.5,9.4,9.6,7.5,9.6,12.4,14.9,15.9,16.8,15.1,14.4,15.2,14.5,12.6,10.4,7.0,8.3,9.1,5.5,-1.0,-3.1,-3.8,-3.9,-4.0,-4.5,-3.2,-0.1,21.8,33.4,50.7,13.4,0.0,66.6,21.9,11.6,77.4,,,OBAnorm,,LD831_02097v2.403,,,,0,0
DENATRLA,2025-06-23 23:56:48.000,33.6,30.0,26.9,22.5,21.8,15.5,14.6,13.9,12.5,7.2,10.2,12.9,15.0,17.3,15.6,14.4,14.3,15.8,14.7,12.0,10.2,7.6,5.2,3.2,-0.2,-2.2,-3.6,-3.8,-3.8,-4.0,-4.5,-3.3,-0.2,21.3,33.6,50.5,13.4,0.0,66.7,22.0,11.6,77.4,,,OBAnorm,,LD831_02097v2.403,,,,0,0
DENATRLA,2025-06-23 23:56:49.000,36.0,32.0,28.5,23.8,26.1,20.7,18.1,13.9,7.0,7.8,10.0,12.5,15.0,15.5,15.4,14.3,14.0,14.7,14.4,12.2,10.3,7.8,4.7,4.1,0.4,-1.9,-3.1,-3.8,-3.8,-3.9,-4.5,-3.4,-0.1,21.0,31.8,52.3,13.4,0.0,66.7,22.0,11.6,77.4,,,OBAnorm,,LD831_02097v2.403,,,,0,0
DENATRLA,2025-06-23 23:56:50.000,34.8,33.7,28.3,21.2,19.1,18.2,15.3,17.7,10.1,8.1,10.1,12.7,14.1,15.6,16.5,15.4,14.6,14.7,14.5,12.2,10.0,7.4,5.7,11.0,9.9,2.3,-3.5,-3.8,-3.8,-3.9,-4.4,-3.1,-0.2,22.0,31.2,51.7,13.4,0.0,66.6,22.0,11.6,77.4,,,OBAnorm,,LD831_02097v2.403,,,,0,0
DENATRLA,2025-06-23 23:56:51.000,32.6,32.5,26.7,24.4,20.4,18.4,15.7,13.5,9.9,8.4,10.6,11.1,13.5,15.4,15.4,14.7,13.8,15.0,14.3,11.8,10.2,7.3,4.7,10.2,5.1,-0.1,-3.6,-3.8,-3.8,-3.9,-4.5,-3.2,-0.2,21.4,30.3,48.5,13.4,0.0,66.6,22.0,11.6,77.4,,,OBAnorm,,LD831_02097v2.403,,,,0,0
DENATRLA,2025-06-23 23:56:52.000,27.8,30.8,26.5,20.8,19.9,19.5,14.5,10.2,8.8,6.9,7.8,11.3,12.1,15.2,15.6,14.0,14.2,14.1,13.8,11.5,9.3,7.0,4.4,5.2,1.8,-1.2,-3.5,-3.7,-3.5,-3.9,-4.4,-3.3,-0.2,20.5,28.9,47.0,13.4,0.0,66.7,22.0,11.6,77.4,,,OBAnorm,,LD831_02097v2.403,,,,0,0
DENATRLA,2025-06-23 23:56:53.000,33.1,29.5,21.7,20.2,15.7,16.1,13.4,9.4,7.1,5.3,9.3,13.4,14.3,15.1,15.7,14.2,13.9,13.8,13.6,11.3,10.9,12.7,16.3,20.2,14.9,10.2,-3.8,-3.9,-3.9,-3.9,-4.5,-3.1,-0.2,25.8,29.2,44.1,13.4,0.0,66.7,22.0,11.6,77.4,,,OBAnorm,,LD831_02097v2.403,,,,0,0
DENATRLA,2025-06-23 23:56:54.000,33.8,22.9,24.9,19.9,16.0,12.8,9.8,10.2,7.6,7.0,9.7,12.8,14.0,15.5,15.3,14.2,13.1,14.8,13.5,12.1,9.8,8.0,11.3,13.0,11.3,8.6,5.1,-3.8,-3.8,-3.9,-4.5,-3.2,-0.1,22.6,27.2,43.3,13.4,0.0,66.6,22.0,11.6,77.4,,,OBAnorm,,LD831_02097v2.403,,,,0,0
DENATRLA,2025-06-23 23:56:55.000,25.3,23.8,24.3,18.0,12.7,11.2,11.3,8.6,6.7,6.0,9.3,11.2,13.2,15.4,15.0,14.6,14.0,14.3,13.4,12.7,9.9,7.3,7.2,8.7,5.1,2.7,-2.3,-3.8,-3.8,-3.9,-4.5,-3.3,-0.1,21.2,28.4,45.7,13.4,0.0,66.6,22.0,11.6,77.4,,,OBAnorm,,LD831_02097v2.403,,,,0,0
DENATRLA,2025-06-23 23:56:56.000,25.3,23.5,23.1,18.8,13.3,12.1,15.1,11.5,7.1,6.4,8.4,12.0,13.6,16.3,15.6,14.4,13.1,14.8,13.9,11.9,9.5,7.4,4.9,4.8,9.7,-0.9,-2.3,-3.7,-3.8,-3.9,-4.5,-3.3,0.0,21.2,27.4,45.0,13.4,0.0,66.6,21.9,11.6,77.4,,,OBAnorm,,LD831_02097v2.403,,,,0,0
DENATRLA,2025-06-23 23:56:57.000,27.2,25.3,24.0,17.2,15.3,12.1,14.7,13.1,7.6,7.2,7.0,11.2,14.6,15.0,15.1,14.5,14.1,14.7,14.2,12.2,9.3,7.2,4.4,4.6,4.3,-1.1,-2.5,-3.6,-3.4,-3.8,-4.4,-3.1,-0.2,20.9,26.9,39.8,13.4,0.0,66.6,22.0,11.6,77.4,,,OBAnorm,,LD831_02097v2.403,,,,0,0
DENATRLA,2025-06-23 23:56:58.000,29.6,23.3,24.6,17.9,15.4,11.4,13.1,10.9,4.7,6.6,9.0,11.3,14.8,14.3,15.9,14.1,13.9,14.3,13.7,12.2,11.4,8.4,11.2,9.1,15.0,10.4,-3.2,-3.8,-3.8,-4.0,-4.4,-3.2,-0.1,23.0,26.8,42.4,13.4,0.0,66.6,21.9,11.6,77.4,,,OBAnorm,,LD831_02097v2.403,,,,0,0
DENATRLA,2025-06-23 23:56:59.000,23.8,22.0,22.3,15.3,14.2,11.9,12.7,9.3,5.8,7.2,9.7,13.1,13.7,14.9,15.5,13.4,14.3,15.0,13.6,12.3,10.5,7.8,10.7,14.0,12.0,7.9,4.1,-3.1,-2.9,-3.6,-4.2,-3.1,-0.1,22.8,28.3,46.2,13.4,0.0,66.6,22.0,11.5,77.3,,,OBAnorm,,LD831_02097v2.403,,,,0,0
DENATRLA,2025-06-23 23:57:00.000,25.3,20.6,19.8,18.3,12.1,14.6,13.9,9.4,6.2,5.1,8.8,11.7,13.9,14.4,16.2,14.3,14.8,15.9,14.6,12.9,10.4,7.3,5.3,5.4,2.4,0.7,-3.2,-3.8,-3.8,-3.9,-4.4,-3.1,-0.2,21.5,27.2,39.9,13.4,0.0,66.6,22.0,11.5,77.3,,,OBAnorm,,LD831_02097v2.403,,,,0,0
DENATRLA,2025-06-23 23:57:01.000,31.4,24.9,21.3,16.0,12.7,13.3,12.9,10.7,8.7,5.7,7.7,12.0,13.7,16.3,15.7,15.7,14.4,15.3,14.0,12.4,9.6,7.2,8.0,7.7,6.0,2.1,-3.4,-3.8,-3.8,-3.9,-4.4,-3.0,-0.1,21.6,28.2,46.7,13.4,0.0,66.6,21.9,11.5,77.3,,,OBAnorm,,LD831_02097v2.403,,,,0,0
DENATRLA,2025-06-23 23:57:02.000,26.9,23.2,23.0,17.9,13.2,10.1,13.5,11.3,9.1,6.7,9.0,10.9,12.9,14.1,14.8,14.3,14.7,14.4,13.1,11.7,9.1,6.9,8.4,11.9,3.0,-1.7,-3.7,-3.8,-3.8,-3.9,-4.3,-3.1,-0.2,21.3,27.7,45.6,13.4,0.0,66.6,22.0,11.5,77.3,,,OBAnorm,,LD831_02097v2.403,,,,0,0
DENATRLA,2025-06-23 23:57:03.000,27.5,24.2,20.9,17.3,12.7,12.0,14.3,10.1,5.0,6.8,9.1,12.1,13.7,15.0,15.4,15.0,13.7,14.6,13.2,12.1,9.3,6.5,3.6,3.0,0.5,-1.4,-3.8,-3.8,-3.8,-4.0,-4.4,-3.2,-0.2,20.6,28.4,45.5,13.4,0.0,66.6,21.9,11.5,77.3,,,OBAnorm,,LD831_02097v2.403,,,,0,0
DENATRLA,2025-06-23 23:57:04.000,28.4,25.9,20.5,13.1,13.6,12.9,10.3,8.7,7.4,8.0,10.1,12.2,14.3,15.0,15.7,14.7,13.6,13.6,13.3,11.2,9.8,7.1,4.5,3.2,0.9,-2.0,-3.6,-3.8,-3.8,-3.9,-4.5,-3.2,0.0,20.4,29.4,50.2,13.4,0.0,66.6,22.0,11.5,77.3,,,OBAnorm,,LD831_02097v2.403,,,,0,0
DENATRLA,2025-06-23 23:57:05.000,25.8,24.9,20.9,20.0,13.8,11.5,16.1,11.0,8.1,6.7,9.0,12.5,14.2,15.8,16.2,15.0,12.6,13.8,13.2,11.6,10.1,7.1,4.3,7.4,5.7,-0.4,-3.8,-3.9,-3.9,-4.0,-4.5,-3.4,-0.2,20.8,29.8,50.4,13.4,0.0,66.6,22.0,11.5,77.3,,,OBAnorm,,LD831_02097v2.403,,,,0,0
DENATRLA,2025-06-23 23:57:06.000,28.5,26.5,22.4,20.7,19.3,15.8,15.5,8.9,6.9,8.6,9.1,11.9,13.6,13.9,15.2,15.2,13.7,14.5,13.0,11.2,10.1,13.0,9.2,11.1,4.1,-1.2,-3.7,-3.8,-3.8,-4.0,-4.4,-3.2,-0.1,22.0,34.3,54.1,13.4,0.0,66.6,21.9,11.5,77.3,,,OBAnorm,,LD831_02097v2.403,,,,0,0
DENATRLA,2025-06-23 23:57:07.000,31.2,26.3,28.8,22.2,24.6,24.2,21.9,19.5,16.4,9.5,10.6,12.3,14.0,15.0,13.9,14.8,14.3,14.0,12.9,11.8,10.8,14.9,12.1,16.2,16.8,13.5,-2.5,-3.8,-3.9,-4.0,-4.4,-3.2,-0.2,24.8,33.3,50.3,13.4,0.0,66.6,21.9,11.5,77.3,,,OBAnorm,,LD831_02097v2.403,,,,0,0
DENATRLA,2025-06-23 23:57:08.000,27.5,31.5,30.3,26.7,24.5,22.4,14.8,15.5,8.8,8.5,9.1,13.1,13.9,13.8,15.5,14.3,13.9,14.2,12.6,11.4,9.1,6.9,5.3,4.8,4.8,1.3,-3.3,-3.8,-3.5,-3.8,-4.4,-3.3,-0.2,20.5,32.7,51.4,13.4,0.0,66.5,21.9,11.5,77.3,,,OBAnorm,,LD831_02097v2.403,,,,0,0
DENATRLA,2025-06-23 23:57:09.000,38.4,34.4,26.2,23.2,18.6,17.7,16.5,12.2,8.9,9.7,10.1,11.3,14.9,16.3,14.8,15.0,13.1,13.6,12.7,11.1,8.6,6.4,6.6,6.3,4.4,3.9,-2.0,-3.8,-3.8,-3.9,-4.4,-3.3,-0.2,20.5,38.2,55.6,13.4,0.0,63.1,22.0,11.5,77.3,,,OBAnorm,,LD831_02097v2.403,,,,0,0
DENATRLA,2025-06-23 23:57:10.000,33.8,31.8,31.3,31.9,27.7,23.9,21.1,16.1,17.2,10.7,11.4,12.6,14.6,15.0,15.9,14.9,13.6,14.4,12.5,10.7,8.4,7.4,6.3,6.8,6.8,-0.1,-3.7,-3.9,-3.8,-4.0,-4.5,-3.2,-0.1,21.0,43.0,61.3,13.4,0.0,53.1,21.9,11.5,77.3,,,OBAnorm,,LD831_02097v2.403,,,,0,0
DENATRLA,2025-06-23 23:57:11.000,40.5,36.8,36.3,36.7,38.5,32.6,29.0,29.1,24.6,20.0,14.8,14.1,14.0,16.5,16.6,13.4,13.0,14.2,13.2,11.6,8.6,6.2,4.4,6.4,3.3,-1.0,-3.9,-3.9,-3.8,-4.0,-4.4,-3.2,-0.1,20.9,48.0,64.5,13.4,0.0,31.7,22.0,11.5,77.3,,,OBAnorm,,LD831_02097v2.403,,,,0,0
DENATRLA,2025-06-23 23:57:12.000,40.2,36.7,42.9,41.9,39.4,37.5,32.3,29.0,23.4,20.9,13.3,11.7,13.4,15.4,15.4,14.1,13.6,14.4,12.8,11.3,9.1,13.9,15.9,17.5,8.0,11.7,-3.7,-3.6,-3.8,-3.9,-4.4,-3.2,-0.2,24.5,43.7,64.5,13.4,0.0,30.2,21.9,11.5,76.2,,,OBAnorm,,LD831_02097v2.403,,,,0,0
DENATRLA,2025-06-23 23:57:13.000,45.5,45.5,42.1,43.9,35.4,30.0,22.2,20.3,14.5,9.7,10.6,13.2,14.2,15.2,14.8,14.5,14.0,14.2,13.4,11.2,9.5,10.3,11.7,12.4,13.6,4.7,-1.8,-3.9,-3.8,-4.0,-4.5,-3.2,0.0,22.6,37.3,57.0,13.4,0.0,31.5,22.0,11.5,76.2,,,OBAnorm,,LD831_02097v2.403,,,,0,0
DENATRLA,2025-06-23 23:57:14.000,51.8,46.1,36.0,31.6,26.4,24.3,18.2,15.4,10.8,7.6,9.5,12.6,14.8,15.2,15.7,15.7,14.1,14.6,13.5,11.1,9.1,7.7,9.6,3.5,2.1,6.2,-2.9,-3.9,-3.9,-4.0,-4.5,-3.2,-0.2,21.1,35.5,56.6,13.4,0.0,31.1,21.9,11.6,77.4,,,OBAnorm,,LD831_02097v2.403,,,,0,0
DENATRLA,2025-06-23 23:57:15.000,41.4,35.5,30.7,27.4,19.4,14.2,12.7,12.9,6.8,7.1,9.7,12.6,14.8,15.2,16.0,14.3,14.0,14.3,12.9,11.7,9.5,6.7,10.7,6.2,4.4,9.9,-0.3,-3.8,-3.8,-3.9,-4.4,-3.3,-0.1,21.6,36.4,59.3,13.4,0.1,31.1,21.9,11.6,76.2,,,OBAnorm,,LD831_02097v2.403,,,,0,0
DENATRLA,2025-06-23 23:57:16.000,36.7,35.9,30.3,25.6,18.4,17.1,15.4,12.4,9.5,6.4,9.2,12.5,13.6,14.5,14.7,15.2,13.9,14.8,13.4,11.2,8.9,6.5,10.7,3.3,4.0,6.2,-2.2,-3.7,-3.8,-4.0,-4.5,-3.2,0.0,21.1,40.8,62.6,13.4,0.3,29.4,21.9,11.6,73.9,,,OBAnorm,,LD831_02097v2.403,,,,0,0
DENATRLA,2025-06-23 23:57:17.000,38.2,30.8,34.2,35.3,25.0,22.5,19.5,18.4,8.6,7.1,8.8,12.0,13.7,14.6,13.3,14.2,13.8,14.4,13.0,11.2,9.6,6.4,6.5,4.8,2.6,2.2,-3.4,-3.8,-3.9,-3.9,-4.3,-3.2,-0.2,20.4,34.6,55.9,13.4,0.3,30.4,21.9,11.6,75.1,,,OBAnorm,,LD831_02097v2.403,,,,0,0
DENATRLA,2025-06-23 23:57:18.000,39.1,41.6,36.3,30.4,21.1,18.4,15.4,9.6,4.3,4.3,8.2,11.0,14.0,14.6,15.0,14.8,14.1,13.8,13.2,10.8,9.2,7.4,5.6,7.8,6.8,-0.6,-3.7,-3.9,-3.9,-3.9,-4.5,-3.2,0.0,20.8,30.1,52.7,13.4,0.3,30.4,21.9,11.6,77.4,,,OBAnorm,,LD831_02097v2.403,,,,0,0
DENATRLA,2025-06-23 23:57:19.000,43.1,35.3,24.7,19.3,13.9,12.9,15.9,9.8,4.4,5.2,8.5,11.0,12.5,13.4,14.8,13.9,13.3,13.3,12.8,10.5,8.7,6.1,6.4,7.8,6.4,2.4,-3.7,-3.9,-3.8,-4.0,-4.5,-3.2,-0.1,20.4,26.2,44.4,13.4,0.3,30.4,21.9,11.6,77.4,,,OBAnorm,,LD831_02097v2.403,,,,0,0
DENATRLA,2025-06-23 23:57:20.000,31.2,27.4,20.7,19.8,12.0,12.4,15.2,8.8,7.9,6.5,9.3,11.0,13.2,13.7,14.9,13.6,12.8,13.7,13.3,11.3,8.8,6.7,3.0,3.8,-0.1,-1.9,-4.0,-3.9,-3.8,-4.0,-4.4,-3.3,-0.1,19.9,27.8,48.7,13.4,0.3,30.4,21.9,11.6,77.4,,,OBAnorm,,LD831_02097v2.403,,,,0,0
DENATRLA,2025-06-23 23:57:21.000,28.8,24.6,22.3,17.7,14.9,13.7,14.2,7.8,6.2,4.4,7.9,11.5,13.7,13.5,13.6,13.9,13.4,13.6,13.3,11.0,9.2,6.4,4.0,4.2,1.7,-1.6,-3.9,-3.9,-3.8,-3.9,-4.5,-3.4,-0.2,20.1,29.9,53.5,13.4,0.3,30.4,21.9,11.6,76.8,,,OBAnorm,,LD831_02097v2.403,,,,0,0
DENATRLA,2025-06-23 23:57:22.000,21.5,21.7,22.0,17.6,15.2,16.4,15.7,10.2,6.6,6.3,9.6,11.7,13.2,12.9,14.8,14.0,13.7,13.9,12.7,11.6,9.1,5.9,3.0,3.3,0.0,-2.2,-3.9,-3.9,-3.9,-3.9,-4.4,-3.1,-0.1,20.0,31.9,53.7,13.4,0.3,30.4,22.0,11.6,76.8,,,OBAnorm,,LD831_02097v2.403,,,,0,0
DENATRLA,2025-06-23 23:57:23.000,28.6,25.1,25.4,24.8,18.9,19.5,12.1,10.2,8.1,6.0,7.7,11.8,14.0,14.3,14.6,13.8,13.8,14.3,12.3,11.5,8.6,6.6,3.6,4.5,-1.0,-3.4,-4.0,-3.9,-3.8,-3.9,-4.4,-3.3,-0.1,20.1,32.4,52.8,13.4,0.3,30.4,21.9,11.6,76.8,,,OBAnorm,,LD831_02097v2.403,,,,0,0
DENATRLA,2025-06-23 23:57:24.000,36.4,29.4,23.8,20.4,16.5,20.9,18.0,14.7,11.3,6.6,9.8,10.5,12.0,14.3,14.7,14.2,13.5,14.1,13.1,11.8,10.0,7.0,5.1,5.1,2.9,-1.3,-4.0,-3.8,-3.8,-4.0,-4.4,-3.1,0.0,20.5,34.8,53.4,13.4,0.3,30.4,21.9,11.6,76.8,,,OBAnorm,,LD831_02097v2.403,,,,0,0
DENATRLA,2025-06-23 23:57:25.000,31.4,29.1,28.5,30.6,24.5,22.9,19.3,16.5,11.0,5.6,7.6,12.0,13.3,14.6,15.0,13.5,13.9,13.8,12.6,11.7,9.8,7.8,8.9,10.9,11.6,3.6,-2.2,-3.9,-3.8,-4.1,-4.4,-3.1,-0.2,21.7,33.1,48.8,13.4,0.1,30.4,21.9,11.6,76.8,,,OBAnorm,,LD831_02097v2.403,,,,0,0
DENATRLA,2025-06-23 23:57:26.000,32.1,31.6,31.2,27.2,24.9,20.8,20.0,16.0,7.3,5.1,9.6,11.9,14.7,14.5,15.6,14.4,13.7,14.6,13.3,11.2,9.3,6.9,5.3,3.4,7.8,6.7,-3.5,-3.9,-3.7,-3.9,-4.4,-3.4,-0.2,21.0,33.9,51.9,13.4,0.0,30.4,21.9,11.6,76.8,,,OBAnorm,,LD831_02097v2.403,,,,0,0
DENATRLA,2025-06-23 23:57:27.000,34.8,33.1,32.9,27.9,23.3,21.3,17.6,13.6,7.6,7.0,8.8,12.2,12.6,14.8,15.7,15.5,14.5,14.7,13.2,11.6,9.1,7.1,15.5,10.9,6.2,12.6,-3.0,-3.5,-3.7,-3.7,-4.2,-3.0,-0.2,23.0,31.9,51.9,13.4,0.0,30.4,21.9,11.6,76.8,,,OBAnorm,,LD831_02097v2.403,,,,0,0
DENATRLA,2025-06-23 23:57:28.000,31.8,33.0,32.3,24.5,21.0,16.6,15.2,11.9,6.9,5.7,9.1,11.7,13.0,14.9,15.8,15.4,13.7,14.8,13.1,11.4,9.2,7.6,13.3,4.0,5.3,10.9,-3.3,-3.6,-3.9,-4.0,-4.5,-3.3,-0.2,22.0,30.5,53.0,13.4,0.0,30.4,21.9,11.6,77.4,,,OBAnorm,,LD831_02097v2.403,,,,0,0
DENATRLA,2025-06-23 23:57:29.000,35.2,31.6,24.8,21.5,19.0,15.2,13.0,10.1,6.3,5.4,8.2,10.6,13.3,14.4,15.2,13.4,13.5,14.4,13.0,11.4,9.2,6.4,5.1,6.3,4.6,-1.5,-3.9,-3.8,-3.8,-4.0,-4.4,-3.4,-0.1,20.5,26.7,47.4,13.4,0.0,30.4,21.9,11.6,77.4,,,OBAnorm,,LD831_02097v2.403,,,,0,0
DENATRLA,2025-06-23 23:57:30.000,31.8,24.0,21.2,15.9,14.8,12.4,11.4,12.3,8.0,6.4,6.5,12.1,13.4,15.2,15.6,13.9,14.0,14.2,13.2,11.2,9.1,6.2,3.1,4.5,4.5,-2.9,-3.7,-3.7,-3.4,-3.8,-4.1,-3.0,-0.2,20.4,26.3,39.6,13.4,0.0,30.4,21.9,11.6,77.4,,,OBAnorm,,LD831_02097v2.403,,,,0,0
DENATRLA,2025-06-23 23:57:31.000,30.2,23.6,18.3,14.3,13.1,13.3,13.0,12.5,6.1,4.7,7.9,11.6,13.0,15.1,14.5,13.2,13.7,14.3,12.9,11.8,9.4,6.6,8.0,11.6,8.9,1.2,-3.4,-3.7,-3.0,-3.2,-4.1,-3.1,-0.1,21.3,29.5,48.3,13.4,0.0,30.4,21.9,11.6,77.4,,,OBAnorm,,LD831_02097v2.403,,,,0,0
DENATRLA,2025-06-23 23:57:32.000,19.7,25.0,20.3,18.3,18.1,15.1,14.5,8.7,6.8,7.0,6.3,11.5,13.2,13.0,14.4,13.7,13.8,14.1,13.1,10.4,8.5,6.1,3.5,4.3,3.9,-0.2,-2.6,-3.7,-3.0,-3.8,-4.3,-3.0,-0.1,20.1,28.7,50.6,13.4,0.0,30.4,21.9,11.6,77.4,,,OBAnorm,,LD831_02097v2.403,,,,0,0
DENATRLA,2025-06-23 23:57:33.000,26.0,30.5,25.3,18.9,15.2,13.4,11.4,14.7,8.8,4.9,7.4,11.9,14.7,15.0,14.6,13.5,13.1,14.2,13.0,10.4,8.0,5.4,3.7,3.9,2.8,-0.2,-4.0,-3.8,-3.7,-3.9,-4.3,-3.2,-0.1,19.9,27.5,45.2,13.4,0.0,30.4,21.9,11.6,77.4,,,OBAnorm,,LD831_02097v2.403,,,,0,0
DENATRLA,2025-06-23 23:57:34.000,31.1,27.2,23.4,15.6,13.4,12.5,11.3,13.4,8.4,7.5,7.2,11.1,12.7,15.7,14.7,13.3,13.6,13.7,12.7,10.7,8.8,5.7,3.9,4.5,1.2,0.3,-3.9,-3.7,-3.6,-3.9,-4.3,-3.1,-0.2,19.9,25.7,41.5,13.4,0.0,30.4,21.9,11.6,77.4,,,OBAnorm,,LD831_02097v2.403,,,,0,0
DENATRLA,2025-06-23 23:57:35.000,28.7,25.3,23.9,18.7,12.9,10.2,9.5,15.2,9.8,5.4,6.1,11.3,13.1,15.4,15.3,14.8,13.5,14.2,13.2,10.7,8.4,8.6,6.0,8.8,7.4,1.3,-4.0,-3.8,-3.8,-3.9,-4.4,-3.2,-0.2,21.0,26.9,41.1,13.4,0.0,30.4,21.9,11.6,77.4,,,OBAnorm,,LD831_02097v2.403,,,,0,0
DENATRLA,2025-06-23 23:57:36.000,24.5,24.3,19.1,17.8,16.2,11.7,12.8,12.9,8.9,6.9,8.0,11.9,14.0,13.7,15.3,13.9,13.7,14.5,12.7,11.2,9.2,6.8,5.3,10.3,12.8,4.2,-3.3,-3.9,-3.4,-3.9,-4.5,-3.3,-0.1,21.5,26.5,37.7,13.4,0.0,30.5,21.9,11.6,77.4,,,OBAnorm,,LD831_02097v2.403,,,,0,0
DENATRLA,2025-06-23 23:57:37.000,18.1,19.4,24.8,16.1,11.7,11.9,9.8,9.7,8.1,5.1,7.8,11.1,13.9,13.7,14.4,13.4,13.6,13.7,12.8,11.0,8.1,6.9,6.3,6.7,12.5,-0.1,-4.0,-3.9,-3.7,-4.0,-4.5,-3.2,-0.2,20.9,26.6,40.5,13.4,0.0,30.4,21.9,11.6,77.4,,,OBAnorm,,LD831_02097v2.403,,,,0,0
DENATRLA,2025-06-23 23:57:38.000,23.2,22.9,20.5,16.4,11.8,12.1,10.2,13.9,10.8,7.2,8.0,11.0,12.1,13.9,14.2,14.3,13.7,13.7,12.9,10.8,8.7,6.2,6.5,5.6,4.5,1.5,-3.5,-3.8,-3.9,-4.1,-4.5,-3.3,-0.3,20.1,26.6,39.5,13.4,0.0,30.4,21.9,11.6,77.4,,,OBAnorm,,LD831_02097v2.403,,,,0,0
DENATRLA,2025-06-23 23:57:39.000,27.0,21.7,21.9,17.5,13.4,11.9,11.9,15.5,10.7,6.0,6.4,10.8,11.6,13.6,14.8,12.9,14.2,14.1,13.2,11.7,9.4,6.8,3.1,2.9,1.0,0.3,-4.0,-3.9,-3.9,-4.0,-4.5,-3.4,-0.2,20.2,26.4,34.4,13.4,0.0,30.4,21.9,11.6,76.8,,,OBAnorm,,LD831_02097v2.403,,,,0,0
DENATRLA,2025-06-23 23:57:40.000,25.6,25.0,19.5,19.6,14.7,14.0,10.7,16.0,9.6,3.3,8.1,11.7,12.3,14.3,14.6,14.6,14.2,13.9,12.8,11.4,9.4,8.9,11.9,12.8,8.2,3.0,-3.9,-3.9,-3.8,-4.0,-4.5,-3.4,-0.2,22.0,26.3,33.9,13.4,0.0,30.4,21.9,11.6,76.8,,,OBAnorm,,LD831_02097v2.403,,,,0,0
DENATRLA,2025-06-23 23:57:41.000,24.9,21.2,16.7,17.1,10.9,13.7,11.7,14.7,8.1,6.0,8.0,11.1,11.8,14.2,13.8,14.0,12.6,13.7,13.3,10.8,9.4,6.7,6.1,4.7,8.2,0.7,-2.4,-3.8,-3.7,-4.0,-4.4,-3.2,-0.2,20.4,25.9,33.3,13.4,0.0,30.4,21.9,11.6,76.8,,,OBAnorm,,LD831_02097v2.403,,,,0,0
DENATRLA,2025-06-23 23:57:42.000,23.6,23.8,14.4,14.9,11.5,14.2,12.0,13.0,7.3,5.6,7.7,11.4,12.5,13.9,16.0,14.0,13.2,13.6,12.3,10.6,8.8,6.0,4.6,6.4,7.7,-1.8,-3.0,-3.9,-3.9,-4.0,-4.5,-3.2,-0.3,20.2,25.9,33.5,13.4,0.0,30.4,21.9,11.6,76.8,,,OBAnorm,,LD831_02097v2.403,,,,0,0
DENATRLA,2025-06-23 23:57:43.000,23.8,24.7,19.4,16.7,13.1,11.3,8.3,12.8,6.3,5.3,8.8,10.5,13.2,14.1,14.5,12.8,13.7,14.4,12.9,11.3,8.6,6.3,3.5,5.6,4.5,0.2,-4.0,-3.9,-3.8,-4.0,-4.5,-3.3,-0.2,20.2,25.2,30.7,13.4,0.0,30.4,21.9,11.6,76.8,,,OBAnorm,,LD831_02097v2.403,,,,0,0
DENATRLA,2025-06-23 23:57:44.000,23.5,27.5,18.2,15.5,12.9,12.0,10.6,13.8,4.9,4.1,8.9,11.4,11.9,13.6,15.0,13.7,13.2,13.9,12.5,11.5,9.1,6.0,2.4,1.3,-1.8,-3.3,-4.0,-3.9,-3.8,-4.0,-4.5,-3.3,-0.2,19.9,25.3,35.2,13.4,0.0,30.4,21.9,11.6,76.8,,,OBAnorm,,LD831_02097v2.403,,,,0,0
DENATRLA,2025-06-23 23:57:45.000,22.2,22.1,16.6,13.3,13.8,12.8,8.0,11.6,7.3,6.7,8.9,11.1,12.9,13.9,14.2,13.5,13.2,13.5,12.7,10.9,9.3,7.3,6.2,7.6,5.6,-0.2,-4.0,-3.9,-3.8,-3.9,-4.4,-3.1,-0.1,20.5,25.8,33.4,13.4,0.0,30.4,21.9,11.6,76.8,,,OBAnorm,,LD831_02097v2.403,,,,0,0
DENATRLA,2025-06-23 23:57:46.000,17.0,21.5,21.0,12.3,14.4,10.5,9.5,11.0,8.5,6.8,8.2,11.8,12.7,14.0,15.1,14.2,13.5,14.1,13.1,11.0,9.0,9.6,12.1,15.2,12.2,6.7,-3.3,-3.9,-3.9,-4.0,-4.5,-3.3,-0.2,22.7,26.3,36.6,13.4,0.0,30.4,21.9,11.6,76.8,,,OBAnorm,,LD831_02097v2.403,,,,0,0
DENATRLA,2025-06-23 23:57:47.000,24.4,23.4,18.3,15.8,11.9,13.0,9.8,10.0,6.8,3.9,9.2,11.8,12.2,12.9,14.5,13.8,13.3,13.7,12.6,10.1,8.6,5.2,2.2,1.5,0.9,0.1,-3.4,-3.9,-3.9,-3.9,-4.4,-3.2,-0.2,19.7,25.5,43.9,13.4,0.0,30.4,21.9,11.6,76.8,,,OBAnorm,,LD831_02097v2.403,,,,0,0
DENATRLA,2025-06-23 23:57:48.000,26.0,24.1,19.6,15.6,12.5,14.5,11.6,11.5,6.7,5.4,7.2,11.4,13.5,14.5,14.7,14.0,13.4,14.1,12.5,10.7,8.3,5.7,3.7,4.3,-0.7,-2.5,-3.9,-3.9,-3.9,-4.0,-4.5,-3.2,-0.2,19.8,25.5,37.9,13.4,0.0,30.4,21.9,11.6,76.8,,,OBAnorm,,LD831_02097v2.403,,,,0,0
DENATRLA,2025-06-23 23:57:49.000,18.3,24.6,19.1,16.2,12.3,10.6,10.5,11.7,9.5,6.2,9.4,11.9,13.8,14.5,14.1,13.6,12.8,14.3,12.8,10.5,8.4,6.1,3.9,4.9,3.2,-0.7,-3.9,-3.9,-3.9,-4.1,-4.4,-3.4,-0.2,19.8,25.6,32.9,13.4,0.0,30.4,21.9,11.6,76.8,,,OBAnorm,,LD831_02097v2.403,,,,0,0
DENATRLA,2025-06-23 23:57:50.000,19.5,20.9,21.2,14.9,12.8,11.7,11.3,11.0,11.9,4.9,9.1,12.3,13.4,14.9,13.9,12.7,13.1,14.3,12.8,10.8,8.0,5.8,5.8,6.2,5.2,-0.5,-3.9,-3.9,-3.9,-4.0,-4.5,-3.3,-0.1,20.2,25.8,34.0,13.4,0.0,30.4,21.9,11.6,76.8,,,OBAnorm,,LD831_02097v2.403,,,,0,0
DENATRLA,2025-06-23 23:57:51.000,19.7,22.4,19.3,11.8,14.0,9.2,9.2,8.9,12.0,5.2,10.1,11.6,13.4,13.8,14.3,13.6,13.7,13.9,12.4,11.2,9.1,6.0,7.7,7.3,1.6,0.3,-3.9,-3.9,-3.8,-4.0,-4.5,-3.2,-0.1,20.3,25.5,33.2,13.4,0.0,30.4,21.9,11.6,76.8,,,OBAnorm,,LD831_02097v2.403,,,,0,0
DENATRLA,2025-06-23 23:57:52.000,25.6,24.7,20.1,15.0,12.3,11.2,11.1,9.1,13.0,5.1,8.1,11.5,14.2,14.6,14.7,14.6,13.8,14.0,12.8,10.7,9.6,6.5,12.7,11.9,13.5,3.8,-2.1,-3.8,-3.8,-4.0,-4.5,-3.3,-0.1,22.4,26.5,35.6,13.4,0.0,30.4,21.9,11.6,76.8,,,OBAnorm,,LD831_02097v2.403,,,,0,0
DENATRLA,2025-06-23 23:57:53.000,24.5,20.3,17.5,17.0,11.8,11.1,9.8,7.5,9.5,5.1,8.4,11.9,13.8,15.1,15.1,14.9,12.9,14.5,12.6,10.7,8.4,6.8,5.9,7.7,6.4,-0.6,-3.4,-3.9,-3.8,-4.0,-4.5,-3.1,-0.2,20.6,25.9,38.8,13.4,0.0,30.4,21.9,11.6,76.8,,,OBAnorm,,LD831_02097v2.403,,,,0,0
DENATRLA,2025-06-23 23:57:54.000,23.3,24.1,20.7,13.7,13.2,12.3,8.2,7.4,9.6,5.2,8.9,12.2,14.1,13.7,15.4,13.1,14.0,14.6,12.7,10.2,8.3,5.8,1.9,2.2,-0.7,-2.3,-4.0,-3.9,-3.8,-3.9,-4.4,-3.2,-0.2,19.9,25.9,35.7,13.4,0.0,30.4,21.9,11.6,77.4,,,OBAnorm,,LD831_02097v2.403,,,,0,0
DENATRLA,2025-06-23 23:57:55.000,21.9,25.7,22.6,15.0,12.0,12.7,12.5,10.0,5.6,7.3,8.9,12.2,14.4,14.9,15.4,13.5,13.0,13.9,13.2,10.9,8.4,6.0,3.7,5.5,3.3,-2.4,-4.0,-3.9,-3.8,-4.0,-4.5,-3.3,-0.2,20.1,25.9,35.3,13.4,0.0,30.4,21.9,11.6,77.4,,,OBAnorm,,LD831_02097v2.403,,,,0,0
DENATRLA,2025-06-23 23:57:56.000,19.6,18.1,17.3,17.2,13.6,11.8,12.2,9.2,8.1,6.7,8.6,11.4,13.3,14.7,15.1,14.0,13.4,14.1,12.7,10.4,8.0,5.2,2.4,3.2,2.0,-0.8,-4.0,-3.9,-3.8,-4.0,-4.5,-3.4,-0.2,19.8,25.6,38.0,13.4,0.0,30.4,21.9,11.6,77.4,,,OBAnorm,,LD831_02097v2.403,,,,0,0
DENATRLA,2025-06-23 23:57:57.000,25.4,23.0,18.7,17.1,13.3,11.3,9.4,10.1,9.4,6.9,7.9,12.6,12.8,14.2,15.4,13.4,13.9,13.7,11.8,10.3,8.3,5.4,3.5,5.0,4.9,-0.7,-4.0,-3.9,-3.9,-4.0,-4.5,-3.2,-0.2,19.9,27.7,34.7,13.4,0.0,30.4,21.9,11.6,77.4,,,OBAnorm,,LD831_02097v2.403,,,,0,0
DENATRLA,2025-06-23 23:57:58.000,22.4,23.8,21.1,17.1,21.3,14.4,10.5,10.0,6.3,5.3,7.8,11.5,12.7,14.1,14.7,13.9,13.7,14.2,12.4,10.5,7.8,5.0,2.3,2.4,1.0,-0.7,-4.0,-3.9,-3.8,-3.9,-4.5,-3.3,-0.2,19.6,26.7,33.6,13.4,0.0,30.4,21.9,11.6,77.4,,,OBAnorm,,LD831_02097v2.403,,,,0,0
DENATRLA,2025-06-23 23:57:59.000,22.2,24.5,21.4,17.9,22.4,12.2,11.5,9.7,6.7,6.9,7.0,12.5,12.1,13.5,14.1,13.4,12.8,13.4,12.7,10.1,7.5,7.0,4.9,11.1,8.5,0.2,-4.0,-3.9,-3.8,-4.0,-4.4,-3.2,-0.1,20.6,25.9,38.5,13.4,0.0,30.4,21.9,11.6,77.4,,,OBAnorm,,LD831_02097v2.403,,,,0,0
DENATRLA,2025-06-23 23:58:00.000,23.0,31.6,21.8,16.8,14.3,11.6,11.2,10.7,8.3,6.8,9.1,12.2,13.3,13.5,14.1,14.1,13.6,12.7,12.5,10.3,7.9,5.6,2.9,3.4,2.8,1.1,-3.7,-3.9,-3.9,-4.1,-4.5,-3.3,-0.2,19.6,25.6,40.3,13.4,0.0,30.4,21.9,11.6,77.4,,,OBAnorm,,LD831_02097v2.403,,,,0,0
DENATRLA,2025-06-23 23:58:01.000,17.1,20.9,21.5,15.4,12.4,11.4,10.2,8.9,8.5,4.9,7.5,12.0,13.0,13.6,14.9,13.2,13.6,13.9,12.2,10.6,8.3,6.5,7.9,11.0,10.8,-0.3,-4.0,-3.9,-3.8,-4.0,-4.4,-3.2,0.0,21.2,25.7,34.7,13.4,0.0,30.3,21.9,11.6,76.8,,,OBAnorm,,LD831_02097v2.403,,,,0,0
DENATRLA,2025-06-23 23:58:02.000,24.0,24.1,20.8,15.0,11.8,8.6,10.0,7.1,6.3,4.5,8.0,12.9,11.4,14.2,15.0,13.8,14.0,14.0,13.0,10.2,7.9,4.9,3.2,3.3,3.7,1.1,-3.8,-3.9,-3.9,-4.0,-4.4,-3.2,-0.2,19.8,25.2,33.2,13.4,0.0,30.3,21.9,11.6,76.8,,,OBAnorm,,LD831_02097v2.403,,,,0,0
DENATRLA,2025-06-23 23:58:03.000,21.6,24.7,17.5,17.0,12.8,11.4,10.0,7.2,7.4,5.4,8.5,12.5,13.3,14.4,15.0,13.5,13.9,13.7,12.3,10.8,7.4,5.3,3.2,1.3,-2.9,-3.5,-3.9,-3.8,-3.9,-3.9,-4.5,-3.1,-0.2,19.6,25.1,32.6,13.4,0.0,30.2,21.9,11.6,76.8,,,OBAnorm,,LD831_02097v2.403,,,,0,0
DENATRLA,2025-06-23 23:58:04.000,23.6,24.9,15.0,14.8,12.2,9.9,9.9,8.7,6.0,6.3,8.7,12.0,12.5,14.5,14.2,14.5,13.1,13.7,12.4,10.9,7.7,4.8,3.6,4.3,1.1,-3.3,-4.0,-3.9,-3.9,-4.0,-4.5,-3.2,-0.3,19.7,25.0,33.0,13.4,0.0,30.2,22.0,11.6,76.8,,,OBAnorm,,LD831_02097v2.403,,,,0,0
DENATRLA,2025-06-23 23:58:05.000,21.3,20.9,18.6,15.4,12.4,10.8,8.7,8.7,8.8,6.8,8.8,10.6,13.4,14.3,15.0,14.0,13.1,13.8,12.6,10.5,8.2,6.3,4.1,4.9,0.8,-3.5,-4.0,-3.9,-3.9,-4.1,-4.4,-3.3,-0.1,19.8,25.5,32.3,13.4,0.0,30.2,21.9,11.6,76.8,,,OBAnorm,,LD831_02097v2.403,,,,0,0
DENATRLA,2025-06-23 23:58:06.000,22.1,18.5,20.3,15.0,12.7,10.1,11.0,10.0,9.1,7.4,9.0,10.7,12.8,15.0,14.4,13.9,13.4,13.5,12.8,10.7,8.2,6.5,3.8,6.1,3.9,-1.4,-4.1,-3.9,-3.9,-4.0,-4.5,-3.3,-0.3,20.0,25.3,32.6,13.4,0.0,30.2,21.9,11.6,76.8,,,OBAnorm,,LD831_02097v2.403,,,,0,0
DENATRLA,2025-06-23 23:58:07.000,20.4,21.6,22.3,18.4,13.5,10.5,8.7,7.0,6.5,7.2,10.5,11.5,13.1,13.9,14.7,12.9,14.2,13.8,12.9,11.1,8.5,6.4,6.7,9.1,8.2,3.5,-2.3,-3.9,-3.8,-4.1,-4.5,-3.3,-0.2,20.8,25.4,34.2,13.4,0.0,30.3,22.0,11.6,76.8,,,OBAnorm,,LD831_02097v2.403,,,,0,0
DENATRLA,2025-06-23 23:58:08.000,21.1,19.5,20.5,14.7,13.1,7.7,11.1,8.9,4.7,6.9,7.3,10.5,12.8,14.4,14.8,14.1,13.8,15.1,13.0,11.0,8.5,5.6,1.8,-0.7,-2.3,-3.3,-3.0,-3.8,-3.8,-4.0,-4.5,-3.3,-0.2,20.1,25.4,34.5,13.4,0.0,30.3,21.9,11.6,76.8,,,OBAnorm,,LD831_02097v2.403,,,,0,0
DENATRLA,2025-06-23 23:58:09.000,24.7,20.8,20.7,15.3,10.3,11.6,11.4,9.1,5.6,4.5,8.2,10.1,12.8,14.3,14.7,14.1,13.7,14.8,13.3,11.0,8.4,6.2,4.1,3.4,-0.9,-3.8,-4.0,-3.9,-3.8,-4.0,-4.5,-3.3,-0.1,20.1,25.3,32.2,13.4,0.0,30.2,21.9,11.6,76.8,,,OBAnorm,,LD831_02097v2.403,,,,0,0
DENATRLA,2025-06-23 23:58:10.000,21.2,21.3,18.1,15.9,12.6,12.0,11.6,7.1,6.9,6.1,8.2,11.9,12.5,13.8,15.5,12.7,13.8,13.5,12.0,11.0,8.4,5.7,3.5,3.1,3.9,-0.9,-4.0,-3.9,-3.8,-4.0,-4.4,-3.2,-0.3,19.8,24.9,34.1,13.4,0.0,30.3,22.0,11.6,76.8,,,OBAnorm,,LD831_02097v2.403,,,,0,0
DENATRLA,2025-06-23 23:58:11.000,23.0,19.1,18.5,17.1,11.0,9.8,9.4,9.9,6.7,7.0,7.7,12.5,13.8,14.6,13.7,13.1,13.0,14.5,12.2,10.5,7.5,4.2,2.1,3.9,1.9,0.4,-4.1,-3.9,-3.9,-4.0,-4.5,-3.2,-0.2,19.6,24.8,31.9,13.4,0.0,30.2,21.9,11.6,76.8,,,OBAnorm,,LD831_02097v2.403,,,,0,0
DENATRLA,2025-06-23 23:58:12.000,19.7,21.4,18.3,14.7,12.9,11.1,10.7,8.3,8.3,5.9,8.0,10.1,12.5,14.9,15.5,13.6,12.1,13.6,12.3,10.4,7.6,5.0,3.5,3.2,-0.5,-2.9,-3.9,-3.9,-3.8,-4.0,-4.5,-3.2,-0.2,19.4,25.1,32.3,13.4,0.0,30.2,21.9,11.6,76.8,,,OBAnorm,,LD831_02097v2.403,,,,0,0
DENATRLA,2025-06-23 23:58:13.000,20.2,19.8,19.9,13.4,11.4,10.1,8.4,9.7,8.5,7.1,7.6,11.4,13.0,13.9,14.5,13.3,13.9,14.2,13.6,10.1,8.5,5.8,4.0,3.7,3.2,1.1,-4.0,-3.8,-3.9,-4.0,-4.5,-3.2,-0.1,19.9,25.3,32.4,13.4,0.0,30.3,21.9,11.6,76.8,,,OBAnorm,,LD831_02097v2.403,,,,0,0
DENATRLA,2025-06-23 23:58:14.000,22.1,21.4,20.6,14.5,10.7,11.0,9.7,9.3,10.3,7.6,7.9,11.7,11.7,14.4,13.7,14.0,13.5,13.2,12.8,10.6,7.6,4.9,2.0,0.2,-2.1,-3.5,-4.1,-3.9,-3.9,-4.0,-4.4,-3.3,-0.2,19.3,24.6,32.1,13.4,0.0,30.2,21.9,11.6,76.8,,,OBAnorm,,LD831_02097v2.403,,,,0,0
DENATRLA,2025-06-23 23:58:15.000,21.8,24.3,19.4,15.3,10.7,10.9,7.4,6.6,7.1,5.1,7.2,10.5,11.5,12.5,14.0,13.5,12.9,14.2,12.4,10.2,8.3,5.7,3.8,6.6,2.0,-1.5,-4.0,-3.9,-3.8,-4.0,-4.5,-3.4,-0.2,19.8,24.6,31.7,13.4,0.0,30.3,22.0,11.6,76.8,,,OBAnorm,,LD831_02097v2.403,,,,0,0
DENATRLA,2025-06-23 23:58:16.000,21.9,19.2,16.1,16.5,12.0,8.8,9.1,8.2,11.2,6.2,7.9,10.3,12.9,13.9,14.9,13.8,13.3,13.7,12.6,10.6,7.9,7.8,9.3,11.4,10.0,3.4,-3.6,-3.9,-3.9,-4.0,-4.3,-3.1,-0.1,21.3,25.5,31.5,13.4,0.0,30.2,21.9,11.6,76.8,,,OBAnorm,,LD831_02097v2.403,,,,0,0
DENATRLA,2025-06-23 23:58:17.000,22.6,21.2,17.1,18.9,13.5,11.0,11.2,7.5,7.8,6.6,6.9,10.4,13.1,14.7,14.9,13.8,13.7,14.2,13.5,10.9,7.8,4.9,3.0,5.0,6.3,0.4,-3.0,-3.9,-3.9,-4.0,-4.5,-3.3,-0.2,20.2,25.2,31.9,13.4,0.0,30.3,21.9,11.6,76.8,,,OBAnorm,,LD831_02097v2.403,,,,0,0
DENATRLA,2025-06-23 23:58:18.000,17.7,16.4,19.8,18.3,12.7,10.6,8.6,9.7,8.7,6.9,8.2,11.8,13.1,15.7,15.0,13.5,13.1,14.1,12.8,10.4,7.9,4.8,2.1,-0.1,-2.6,-3.3,-4.0,-3.9,-3.8,-4.0,-4.5,-3.3,-0.2,20.0,26.2,32.2,13.4,0.0,30.2,21.9,11.6,76.8,,,OBAnorm,,LD831_02097v2.403,,,,0,0
DENATRLA,2025-06-23 23:58:19.000,19.8,21.7,19.0,15.2,14.2,11.6,10.3,8.6,9.9,15.2,11.5,16.1,12.8,15.5,16.4,14.6,14.8,14.5,13.1,10.8,8.0,4.4,2.6,4.6,3.5,-2.0,-4.0,-3.9,-3.9,-4.0,-4.5,-3.2,-0.2,20.2,25.9,32.5,13.4,0.0,30.3,21.9,11.6,76.8,,,OBAnorm,,LD831_02097v2.403,,,,0,0
DENATRLA,2025-06-23 23:58:20.000,17.8,18.5,18.6,14.3,12.3,11.4,10.8,7.4,6.6,9.4,10.1,12.0,14.0,15.3,16.2,13.8,14.4,14.0,12.3,10.0,7.7,4.6,3.5,2.6,4.9,-3.4,-4.1,-3.9,-3.8,-4.0,-4.5,-3.4,-0.2,20.0,25.5,32.7,13.4,0.0,30.2,21.9,11.6,76.8,,,OBAnorm,,LD831_02097v2.403,,,,0,0
DENATRLA,2025-06-23 23:58:21.000,24.1,24.3,20.0,17.6,12.5,10.7,11.7,9.1,7.6,8.8,10.4,11.8,13.4,14.9,16.0,14.4,13.3,14.8,13.3,9.5,8.0,4.8,8.6,7.5,9.9,0.7,-3.7,-3.9,-3.9,-4.0,-4.5,-3.3,-0.1,21.0,26.0,35.4,13.4,0.0,30.2,21.9,11.6,76.8,,,OBAnorm,,LD831_02097v2.403,,,,0,0
DENATRLA,2025-06-23 23:58:22.000,20.7,21.2,18.5,15.2,12.5,13.7,10.4,6.7,5.4,5.9,9.4,9.9,12.6,14.2,14.9,13.4,13.6,14.1,12.4,9.7,7.2,5.1,6.8,10.9,12.3,2.3,0.1,-3.8,-3.9,-4.0,-4.5,-3.2,-0.2,21.2,25.6,34.0,13.4,0.0,30.2,21.9,11.6,76.8,,,OBAnorm,,LD831_02097v2.403,,,,0,0
DENATRLA,2025-06-23 23:58:23.000,21.5,22.4,20.2,16.0,10.1,11.9,10.1,8.0,8.9,7.1,7.9,10.8,13.4,14.5,14.7,13.7,13.4,14.2,12.3,10.5,7.9,4.9,2.9,2.7,-0.5,-3.4,-4.0,-3.9,-3.9,-4.0,-4.5,-3.2,-0.3,19.6,25.2,31.3,13.4,0.0,30.2,21.9,11.6,76.8,,,OBAnorm,,LD831_02097v2.403,,,,0,0
DENATRLA,2025-06-23 23:58:24.000,17.4,20.5,20.9,14.1,14.3,11.1,9.4,8.9,5.0,9.6,9.3,11.1,13.6,14.5,15.8,14.2,13.9,14.6,12.4,11.1,7.1,5.5,2.6,2.6,0.8,-2.2,-3.9,-3.9,-3.8,-3.8,-4.5,-3.1,-0.3,20.0,25.9,34.5,13.4,0.0,30.2,22.0,11.6,76.8,,,OBAnorm,,LD831_02097v2.403,,,,0,0
DENATRLA,2025-06-23 23:58:25.000,25.4,16.9,23.3,17.4,10.1,8.1,9.8,9.1,6.5,12.1,8.6,10.4,13.2,14.5,15.6,14.8,13.0,14.5,13.3,10.6,8.5,5.9,4.6,7.7,5.3,0.4,-3.8,-3.8,-2.7,-4.0,-4.5,-3.1,-0.1,20.5,25.6,32.4,13.4,0.0,30.2,21.9,11.6,76.8,,,OBAnorm,,LD831_02097v2.403,,,,0,0
DENATRLA,2025-06-23 23:58:26.000,21.1,18.6,18.5,15.1,10.3,11.4,11.0,8.8,7.2,13.6,10.4,11.9,13.4,14.5,15.2,13.9,13.2,14.3,12.8,10.4,8.9,6.3,6.5,10.2,8.2,1.8,-3.8,-3.9,-3.8,-4.0,-4.5,-3.3,-0.2,21.0,26.1,33.4,13.4,0.0,30.2,21.9,11.6,76.8,,,OBAnorm,,LD831_02097v2.403,,,,0,0
DENATRLA,2025-06-23 23:58:27.000,26.9,22.1,19.8,13.5,9.8,9.2,9.6,9.9,9.9,10.9,11.2,11.3,13.9,13.8,15.1,15.0,14.0,13.9,12.6,10.4,8.3,6.1,2.9,4.9,4.1,0.9,-4.0,-3.9,-3.8,-3.9,-4.5,-3.3,-0.2,20.3,26.2,34.0,13.4,0.0,30.3,21.9,11.6,76.8,,,OBAnorm,,LD831_02097v2.403,,,,0,0
DENATRLA,2025-06-23 23:58:28.000,24.6,23.1,18.7,14.9,8.7,9.2,9.2,8.2,8.1,9.2,11.9,12.4,14.2,14.4,16.4,15.8,14.2,14.6,12.6,10.7,8.4,8.5,6.1,9.2,6.7,5.2,-4.0,-3.9,-3.8,-4.0,-4.4,-3.3,-0.1,21.1,26.3,32.8,13.4,0.0,30.3,21.9,11.6,76.8,,,OBAnorm,,LD831_02097v2.403,,,,0,0
DENATRLA,2025-06-23 23:58:29.000,26.9,23.0,18.9,16.1,13.7,10.6,9.8,8.9,7.8,8.4,13.8,11.3,14.2,14.2,16.0,15.6,14.1,14.2,12.9,10.5,8.6,6.6,4.8,7.6,8.5,4.2,-3.4,-3.9,-3.9,-4.0,-4.5,-3.2,-0.1,21.0,26.2,33.4,13.4,0.0,30.2,21.9,11.5,76.8,,,OBAnorm,,LD831_02097v2.403,,,,0,0
DENATRLA,2025-06-23 23:58:30.000,25.1,25.2,20.0,13.4,12.6,11.9,10.5,10.0,7.6,9.2,14.8,11.7,13.7,14.0,16.7,15.1,13.7,14.0,12.8,10.0,7.8,5.9,5.5,4.0,2.1,-1.5,-4.0,-3.9,-3.8,-4.1,-4.5,-3.2,-0.2,20.1,26.3,33.7,13.4,0.0,30.3,21.8,11.5,76.8,,,OBAnorm,,LD831_02097v2.403,,,,0,0
DENATRLA,2025-06-23 23:58:31.000,21.2,24.8,21.2,14.9,15.9,10.9,10.6,8.5,5.7,11.3,16.3,10.7,12.2,13.8,16.5,16.0,13.7,13.9,12.3,10.5,8.5,6.2,5.7,3.3,0.9,-2.4,-4.0,-3.9,-3.9,-4.0,-4.5,-3.3,-0.1,20.3,27.0,34.1,13.4,0.0,30.2,22.0,11.6,76.8,,,OBAnorm,,LD831_02097v2.403,,,,0,0
DENATRLA,2025-06-23 23:58:32.000,24.9,23.1,22.6,15.9,15.6,11.0,12.0,7.2,5.1,10.4,16.5,10.6,13.2,13.9,15.7,16.4,14.7,14.4,13.0,11.0,9.2,6.1,3.8,2.6,3.0,4.3,-4.0,-3.9,-3.8,-4.0,-4.5,-3.3,-0.2,20.5,26.2,32.9,13.4,0.0,30.3,21.9,11.6,76.8,,,OBAnorm,,LD831_02097v2.403,,,,0,0
DENATRLA,2025-06-23 23:58:33.000,24.5,24.7,22.6,17.0,12.1,11.9,10.1,8.4,8.0,9.4,14.7,10.5,12.5,12.4,15.0,14.5,13.8,14.0,13.3,11.0,8.4,5.7,3.0,3.7,1.6,0.7,-3.9,-3.9,-3.8,-3.9,-4.4,-3.2,-0.3,20.1,26.3,33.8,13.4,0.0,30.2,21.9,11.6,76.8,,,OBAnorm,,LD831_02097v2.403,,,,0,0
DENATRLA,2025-06-23 23:58:34.000,22.9,21.5,20.6,17.9,14.3,10.8,11.1,6.9,7.2,7.1,12.9,11.8,13.2,14.4,16.5,14.6,14.3,14.9,12.6,11.1,9.4,6.2,4.3,3.1,0.5,-0.6,-3.8,-3.9,-3.9,-4.0,-4.4,-3.1,-0.1,20.5,26.6,35.4,13.4,0.0,30.3,21.9,11.6,76.2,,,OBAnorm,,LD831_02097v2.403,,,,0,0
DENATRLA,2025-06-23 23:58:35.000,18.7,24.4,21.3,17.2,10.1,10.6,12.5,9.5,7.2,9.3,8.8,11.7,13.2,13.5,15.6,14.3,13.6,14.4,12.8,10.8,8.7,8.8,7.7,9.6,4.7,2.2,-2.4,-3.9,-3.9,-4.0,-4.5,-3.4,-0.1,21.1,26.6,34.0,13.4,0.0,30.3,21.9,11.6,76.2,,,OBAnorm,,LD831_02097v2.403,,,,0,0
DENATRLA,2025-06-23 23:58:36.000,28.9,25.1,20.8,14.9,12.5,12.6,10.5,10.0,5.7,8.4,10.6,12.6,13.1,14.7,14.9,13.6,13.6,14.2,12.8,10.9,8.5,5.3,4.2,4.2,0.3,-2.1,-3.8,-3.9,-3.8,-4.0,-4.5,-3.3,-0.2,19.9,25.6,36.8,13.4,0.0,30.3,21.9,11.6,76.2,,,OBAnorm,,LD831_02097v2.403,,,,0,0
DENATRLA,2025-06-23 23:58:37.000,24.6,23.7,22.4,17.7,13.2,11.0,12.2,7.4,6.3,6.4,8.5,11.1,13.7,12.6,15.1,14.8,14.2,14.6,12.9,10.8,8.3,6.1,3.0,2.9,1.9,-2.4,-4.0,-3.9,-3.9,-4.0,-4.5,-3.2,-0.2,20.1,26.7,43.5,13.4,0.0,30.2,21.9,11.6,76.2,,,OBAnorm,,LD831_02097v2.403,,,,0,0
DENATRLA,2025-06-23 23:58:38.000,25.3,20.8,18.6,14.6,12.1,9.3,10.5,8.0,6.8,7.5,8.3,12.9,15.1,13.6,15.2,14.8,13.4,13.8,13.4,10.9,8.9,6.8,2.8,1.2,1.0,-1.4,-3.8,-3.8,-3.8,-4.0,-4.4,-3.3,-0.2,20.2,26.6,42.2,13.4,0.0,30.2,21.9,11.6,76.2,,,OBAnorm,,LD831_02097v2.403,,,,0,0
DENATRLA,2025-06-23 23:58:39.000,25.8,26.7,18.7,15.7,13.1,9.8,10.9,6.5,10.0,10.5,9.8,11.9,13.4,14.8,15.6,14.6,13.9,14.2,12.4,11.1,9.1,6.5,3.9,1.3,1.4,0.3,-3.9,-3.8,-3.8,-4.0,-4.5,-3.3,-0.2,20.2,26.8,44.0,13.4,0.0,30.2,22.0,11.6,76.2,,,OBAnorm,,LD831_02097v2.403,,,,0,0
DENATRLA,2025-06-23 23:58:40.000,27.5,25.5,22.5,18.3,16.0,11.5,10.4,11.8,9.1,9.2,7.6,11.6,14.8,13.1,17.2,14.0,13.4,14.3,12.5,10.9,8.8,6.0,5.4,9.0,6.3,-1.1,-3.7,-3.9,-3.8,-4.0,-4.4,-3.3,-0.1,20.8,26.0,39.5,13.4,0.0,30.3,21.9,11.6,76.2,,,OBAnorm,,LD831_02097v2.403,,,,0,0
DENATRLA,2025-06-23 23:58:41.000,28.4,22.1,18.4,13.3,8.8,13.0,11.7,10.2,11.7,10.5,8.5,14.6,14.9,15.0,17.9,16.5,14.1,13.9,12.9,11.1,9.6,7.8,5.1,5.7,4.4,4.3,-3.9,-3.9,-3.8,-4.0,-4.5,-3.2,-0.1,21.2,27.0,38.4,13.4,0.0,30.2,21.9,11.6,76.2,,,OBAnorm,,LD831_02097v2.403,,,,0,0
DENATRLA,2025-06-23 23:58:42.000,28.1,20.0,19.4,14.2,12.1,14.4,11.3,8.5,10.8,8.5,8.7,14.0,15.1,15.6,16.2,14.9,13.6,14.8,13.6,11.3,8.9,6.4,3.9,3.5,4.3,-2.1,-3.5,-3.9,-3.8,-3.9,-4.4,-3.1,-0.2,20.6,26.4,36.3,13.4,0.0,30.3,21.9,11.6,76.2,,,OBAnorm,,LD831_02097v2.403,,,,0,0
DENATRLA,2025-06-23 23:58:43.000,21.5,23.0,20.0,14.6,14.9,10.1,9.3,8.6,9.4,7.4,8.2,13.2,13.7,13.7,16.7,15.4,13.4,13.8,13.7,10.9,9.4,7.2,6.1,9.3,7.3,2.4,-3.4,-3.8,-3.9,-3.9,-4.5,-3.3,-0.1,21.2,26.5,40.9,13.4,0.0,30.3,21.9,11.6,76.2,,,OBAnorm,,LD831_02097v2.403,,,,0,0
DENATRLA,2025-06-23 23:58:44.000,23.4,26.1,22.8,16.0,11.3,13.6,11.2,10.3,11.7,9.1,9.9,11.8,13.1,14.5,15.8,15.2,13.3,14.2,12.8,11.0,9.2,6.9,5.0,3.2,4.7,-1.8,-3.1,-3.8,-3.4,-3.4,-3.9,-2.9,-0.2,20.5,26.4,40.2,13.4,0.0,30.3,21.9,11.6,76.2,,,OBAnorm,,LD831_02097v2.403,,,,0,0
DENATRLA,2025-06-23 23:58:45.000,22.2,22.0,20.4,15.9,11.4,12.8,11.8,10.0,9.2,7.5,10.3,14.1,12.6,15.1,16.7,15.8,13.5,13.9,13.1,11.3,8.8,5.5,3.3,2.2,0.6,-2.4,-3.8,-3.8,-3.6,-3.8,-4.4,-3.1,-0.1,20.3,26.1,37.0,13.4,0.0,30.2,21.9,11.6,76.2,,,OBAnorm,,LD831_02097v2.403,,,,0,0
DENATRLA,2025-06-23 23:58:46.000,22.2,23.9,20.1,14.9,9.6,13.3,11.3,8.3,7.4,5.8,9.0,12.1,12.8,13.5,15.4,16.1,13.6,14.8,12.9,10.6,8.3,6.1,4.3,4.9,4.4,1.0,-3.4,-3.9,-3.8,-3.9,-4.4,-3.2,-0.2,20.5,25.7,33.6,13.4,0.0,30.3,21.9,11.6,76.2,,,OBAnorm,,LD831_02097v2.403,,,,0,0
DENATRLA,2025-06-23 23:58:47.000,26.6,22.2,20.9,16.1,10.4,10.7,12.3,10.1,8.3,6.8,9.0,11.9,13.1,14.0,14.4,13.4,14.2,14.6,12.4,10.2,8.3,5.7,4.3,7.6,5.2,0.1,-3.9,-3.9,-3.8,-4.0,-4.5,-3.3,-0.2,20.2,25.4,32.4,13.4,0.0,30.3,21.9,11.6,76.2,,,OBAnorm,,LD831_02097v2.403,,,,0,0
DENATRLA,2025-06-23 23:58:48.000,19.5,22.1,17.3,18.6,13.0,12.0,13.8,9.5,6.4,6.5,8.2,12.3,12.6,15.3,15.1,13.4,13.9,14.6,13.3,11.2,9.4,6.1,9.1,7.6,6.9,0.1,-3.7,-3.8,-3.8,-4.0,-4.5,-3.3,-0.2,21.1,25.9,34.5,13.4,0.0,30.3,21.9,11.6,76.2,,,OBAnorm,,LD831_02097v2.403,,,,0,0
DENATRLA,2025-06-23 23:58:49.000,23.6,17.1,18.7,18.6,12.3,13.1,13.6,8.3,10.0,6.1,8.8,10.1,13.5,16.1,15.0,14.7,13.7,14.1,13.1,11.0,8.8,5.5,4.1,7.1,7.2,1.3,-2.9,-3.9,-3.8,-4.0,-4.5,-3.3,-0.2,20.5,25.7,34.5,13.4,0.0,30.3,21.9,11.6,76.8,,,OBAnorm,,LD831_02097v2.403,,,,0,0
DENATRLA,2025-06-23 23:58:50.000,22.3,18.5,20.5,13.0,14.3,12.5,12.7,9.0,8.4,7.0,7.8,11.6,13.9,15.7,16.1,13.4,14.3,14.0,13.2,10.7,8.3,5.9,3.0,1.6,1.1,-2.7,-4.0,-3.8,-3.8,-4.0,-4.6,-3.2,-0.2,20.3,26.4,33.2,13.4,0.0,30.2,21.9,11.6,76.8,,,OBAnorm,,LD831_02097v2.403,,,,0,0
DENATRLA,2025-06-23 23:58:51.000,20.7,20.7,14.8,17.4,11.1,14.4,12.6,11.4,14.5,6.5,10.1,12.3,13.1,19.1,19.7,14.1,13.9,14.7,13.1,10.7,8.8,6.0,3.3,5.3,4.4,0.7,-3.9,-3.9,-3.8,-3.9,-4.4,-3.2,-0.2,21.1,26.9,31.7,13.4,0.0,30.3,21.9,11.6,76.2,,,OBAnorm,,LD831_02097v2.403,,,,0,0
DENATRLA,2025-06-23 23:58:52.000,23.5,24.4,17.0,16.1,11.5,13.3,11.3,8.6,14.2,7.9,8.9,11.5,12.7,16.1,16.2,13.6,14.1,14.6,13.0,11.3,9.2,6.0,5.8,7.0,4.8,4.6,-3.7,-3.9,-3.8,-3.9,-4.4,-3.3,-0.1,20.8,26.5,32.7,13.4,0.0,30.2,21.9,11.6,76.2,,,OBAnorm,,LD831_02097v2.403,,,,0,0
DENATRLA,2025-06-23 23:58:53.000,20.5,21.3,18.3,15.6,11.5,12.1,10.1,8.2,17.1,10.2,9.0,12.0,13.1,16.3,15.8,13.7,14.2,14.0,13.5,10.9,9.1,9.4,7.6,11.0,10.2,7.0,-3.7,-3.9,-3.8,-4.0,-4.5,-3.3,-0.1,21.8,26.7,33.1,13.4,0.0,30.2,21.9,11.6,76.2,,,OBAnorm,,LD831_02097v2.403,,,,0,0
DENATRLA,2025-06-23 23:58:54.000,23.3,25.3,21.3,14.1,12.8,15.9,11.6,11.2,16.6,8.7,9.2,12.2,14.0,14.3,16.1,13.3,13.2,14.9,13.5,12.2,9.4,6.1,4.1,2.6,3.3,-0.7,-3.5,-3.7,-3.6,-3.9,-4.4,-3.3,-0.2,20.6,26.6,33.2,13.4,0.0,30.2,21.8,11.6,76.2,,,OBAnorm,,LD831_02097v2.403,,,,0,0
DENATRLA,2025-06-23 23:58:55.000,22.2,22.9,19.6,16.3,16.3,14.7,14.3,10.4,14.0,8.5,9.4,12.2,14.2,14.7,15.7,14.4,13.1,15.5,13.8,12.6,9.2,6.9,4.7,1.6,-0.4,-2.5,-3.9,-3.9,-3.8,-4.0,-4.4,-3.2,-0.1,20.9,27.1,34.1,13.4,0.0,30.2,21.9,11.7,76.2,,,OBAnorm,,LD831_02097v2.403,,,,0,0
DENATRLA,2025-06-23 23:58:56.000,21.1,20.1,21.5,15.5,15.6,14.9,13.5,11.6,16.8,6.3,8.8,10.9,13.4,15.0,15.6,13.8,13.8,15.0,14.0,12.1,9.9,7.4,4.2,3.2,-0.6,0.4,-3.4,-3.5,-3.4,-3.6,-4.3,-3.1,-0.1,20.9,26.7,32.0,13.4,0.0,30.3,21.9,11.7,76.2,,,OBAnorm,,LD831_02097v2.403,,,,0,0
DENATRLA,2025-06-23 23:58:57.000,24.1,22.1,22.4,16.5,14.1,14.4,14.7,10.5,14.4,6.3,8.3,11.9,14.1,15.6,15.6,14.1,13.9,14.6,13.8,11.9,9.7,9.3,11.0,11.5,7.4,3.6,-2.7,-2.6,-3.1,-3.6,-3.7,-1.8,-0.1,22.0,26.7,33.6,13.4,0.0,30.2,21.8,11.6,76.2,,,OBAnorm,,LD831_02097v2.403,,,,0,0
DENATRLA,2025-06-23 23:58:58.000,22.1,25.9,22.9,16.8,10.6,10.4,16.9,10.0,11.4,5.3,8.3,11.5,13.3,16.1,15.5,13.7,14.2,15.3,13.5,11.6,9.2,7.1,5.8,5.3,6.1,1.6,-1.5,-3.4,-3.0,-3.5,-4.2,-2.8,-0.2,21.0,27.0,32.8,13.4,0.0,30.3,21.9,11.6,76.2,,,OBAnorm,,LD831_02097v2.403,,,,0,0
DENATRLA,2025-06-23 23:58:59.000,22.4,24.8,20.3,16.7,12.6,13.5,16.4,9.7,13.5,6.8,8.0,13.1,14.3,16.3,16.1,14.6,13.5,14.7,13.5,12.0,9.7,6.4,3.4,0.2,-0.9,-1.9,-3.7,-3.8,-3.8,-4.0,-4.5,-3.3,-0.3,20.6,26.5,33.3,13.4,0.0,30.3,22.0,11.6,76.2,,,OBAnorm,,LD831_02097v2.403,,,,0,0
DENATRLA,2025-06-23 23:59:00.000,23.5,24.7,22.7,16.3,11.8,11.0,17.3,8.5,15.7,8.4,8.0,11.4,13.0,16.1,16.3,14.0,13.6,14.6,13.3,12.3,9.3,7.6,4.2,4.8,0.9,-1.7,-3.4,-3.7,-3.1,-3.6,-4.4,-3.1,-0.2,20.8,26.3,32.3,13.4,0.0,30.3,22.0,11.6,76.2,,,OBAnorm,,LD831_02097v2.403,,,,0,0
DENATRLA,2025-06-23 23:59:01.000,22.5,26.2,18.5,15.7,11.8,12.0,15.5,8.9,14.4,9.0,9.0,13.0,15.2,14.6,16.5,14.4,13.9,15.4,13.7,12.3,10.0,7.7,5.7,5.8,4.4,-0.6,-2.9,-3.6,-2.8,-3.3,-4.0,-2.6,-0.1,21.3,27.0,32.2,13.4,0.0,30.2,21.9,11.6,76.2,,,OBAnorm,,LD831_02097v2.403,,,,0,0
DENATRLA,2025-06-23 23:59:02.000,21.5,19.4,19.6,16.8,13.6,13.3,16.4,10.2,15.8,9.1,9.3,11.4,14.1,15.7,17.0,15.5,13.1,14.5,13.9,12.7,10.0,9.4,10.3,10.8,9.5,3.3,-3.3,-3.8,-3.7,-3.8,-4.4,-3.3,-0.1,22.2,26.9,32.2,13.4,0.0,30.2,21.9,11.6,76.2,,,OBAnorm,,LD831_02097v2.403,,,,0,0
DENATRLA,2025-06-23 23:59:03.000,21.8,24.9,18.1,15.5,16.3,13.9,17.3,9.2,11.5,6.7,8.6,11.2,13.6,13.8,15.6,13.5,14.2,13.9,14.0,11.7,9.5,8.8,8.8,10.7,11.2,5.1,-1.8,-2.9,-2.7,-3.3,-3.8,-2.1,0.0,21.9,27.1,33.8,13.4,0.0,30.3,21.9,11.6,76.2,,,OBAnorm,,LD831_02097v2.403,,,,0,0
DENATRLA,2025-06-23 23:59:04.000,21.9,22.8,19.6,18.5,15.0,14.7,12.6,11.4,8.4,7.7,9.1,11.8,14.5,14.6,15.0,13.5,12.7,13.9,13.0,11.7,9.1,6.0,3.6,2.9,2.1,2.6,-0.2,-1.6,-0.6,-1.9,-3.0,-1.1,0.0,20.2,26.5,33.8,13.4,0.0,30.3,21.9,11.6,76.2,,,OBAnorm,,LD831_02097v2.403,,,,0,0
DENATRLA,2025-06-23 23:59:05.000,25.8,24.5,20.3,17.8,12.8,16.4,15.6,10.3,10.8,9.9,9.3,12.5,14.2,14.4,15.6,13.5,13.2,14.0,12.4,10.8,8.8,5.9,4.7,6.1,1.8,-2.2,-3.9,-3.9,-3.9,-4.0,-4.5,-3.4,-0.3,20.1,26.4,37.4,13.4,0.0,30.3,21.9,11.6,76.2,,,OBAnorm,,LD831_02097v2.403,,,,0,0
DENATRLA,2025-06-23 23:59:06.000,24.1,26.8,21.7,18.0,14.0,16.9,14.2,12.3,13.5,11.6,13.1,13.0,13.2,15.0,15.1,13.6,12.9,13.4,12.5,11.0,8.7,5.5,3.6,3.3,1.1,-1.0,-3.7,-3.9,-3.8,-4.0,-4.5,-3.3,-0.2,19.9,26.4,33.1,13.4,0.0,30.2,21.9,11.6,76.2,,,OBAnorm,,LD831_02097v2.403,,,,0,0
DENATRLA,2025-06-23 23:59:07.000,24.9,21.2,18.7,13.6,12.2,16.5,15.9,9.1,14.4,10.5,12.3,15.1,14.4,17.6,19.0,15.9,13.0,13.6,12.1,10.7,9.1,6.3,11.1,10.6,12.9,3.9,-3.8,-3.9,-3.9,-4.0,-4.5,-3.1,-0.1,22.4,28.0,38.3,13.4,0.0,30.2,21.9,11.6,76.2,,,OBAnorm,,LD831_02097v2.403,,,,0,0
DENATRLA,2025-06-23 23:59:08.000,20.0,23.5,22.1,15.8,16.6,14.4,14.4,10.3,12.3,9.8,12.5,14.5,12.1,14.6,17.6,16.5,13.3,14.1,13.4,10.6,8.7,6.6,5.9,8.4,8.1,5.1,-3.5,-3.9,-3.9,-4.0,-4.5,-3.2,-0.1,21.2,27.2,41.8,13.4,0.0,30.2,21.9,11.7,76.2,,,OBAnorm,,LD831_02097v2.403,,,,0,0
DENATRLA,2025-06-23 23:59:09.000,21.9,25.3,18.9,18.0,14.6,14.1,12.7,10.8,12.2,9.8,11.2,12.9,13.8,15.5,18.5,16.7,13.4,13.8,12.7,10.9,9.9,6.1,4.3,8.3,6.3,5.0,-3.9,-3.9,-3.8,-4.0,-4.2,-3.2,0.0,21.1,27.1,39.5,13.4,0.0,30.3,22.0,11.7,76.2,,,OBAnorm,,LD831_02097v2.403,,,,0,0
DENATRLA,2025-06-23 23:59:10.000,23.0,24.4,21.0,18.9,13.6,13.1,15.1,11.7,10.5,8.7,12.8,11.7,12.8,13.7,18.9,15.4,15.1,14.3,12.1,10.7,8.9,5.5,2.7,1.9,0.7,0.0,-3.2,-3.9,-3.9,-4.0,-4.5,-3.3,-0.2,20.7,27.4,40.5,13.4,0.0,30.3,21.9,11.7,76.2,,,OBAnorm,,LD831_02097v2.403,,,,0,0
DENATRLA,2025-06-23 23:59:11.000,19.3,26.4,20.7,20.1,13.1,12.8,16.8,12.9,10.9,9.4,10.7,12.7,16.9,15.1,17.5,14.7,13.8,13.4,12.5,11.2,8.8,7.8,6.1,8.6,8.3,7.3,-4.0,-3.9,-3.9,-4.1,-4.5,-3.3,-0.3,21.4,28.2,41.1,13.4,0.0,30.2,22.0,11.6,76.2,,,OBAnorm,,LD831_02097v2.403,,,,0,0
DENATRLA,2025-06-23 23:59:12.000,19.7,24.6,22.4,18.2,14.5,13.9,17.5,13.2,13.9,12.9,11.5,12.8,15.4,15.0,17.0,16.5,13.5,13.7,12.9,11.3,9.4,7.6,6.6,9.9,10.1,3.1,-3.7,-3.8,-3.9,-3.9,-4.5,-3.2,-0.1,21.5,28.0,38.0,13.4,0.0,30.2,21.9,11.6,76.2,,,OBAnorm,,LD831_02097v2.403,,,,0,0
DENATRLA,2025-06-23 23:59:13.000,19.2,27.6,23.8,13.0,12.1,14.8,17.1,13.6,14.8,17.4,11.9,12.2,14.7,14.5,20.2,18.3,13.8,14.6,13.1,11.2,9.6,6.4,4.2,5.4,4.2,2.3,-4.1,-3.9,-3.8,-4.1,-4.5,-3.3,-0.1,21.6,29.0,40.7,13.4,0.0,30.3,21.9,11.7,76.2,,,OBAnorm,,LD831_02097v2.403,,,,0,0
DENATRLA,2025-06-23 23:59:14.000,27.2,25.2,23.7,13.6,15.9,15.2,17.7,14.6,16.7,19.4,13.4,14.4,14.0,16.1,23.0,19.5,14.2,14.6,14.2,12.0,10.0,7.3,7.4,9.9,9.7,1.2,-3.9,-3.8,-3.8,-4.0,-4.4,-3.2,-0.1,23.2,29.9,42.1,13.4,0.0,30.2,21.9,11.7,76.2,,,OBAnorm,,LD831_02097v2.403,,,,0,0
DENATRLA,2025-06-23 23:59:15.000,19.4,30.2,19.6,18.3,15.8,14.3,17.4,11.7,16.6,17.6,13.4,16.8,14.5,19.0,22.0,20.8,14.8,14.9,13.7,12.0,10.3,7.2,4.1,2.2,-0.3,-2.4,-2.4,-3.8,-3.9,-4.0,-4.5,-3.3,-0.3,22.6,29.3,38.4,13.4,0.0,30.2,21.9,11.7,76.2,,,OBAnorm,,LD831_02097v2.403,,,,0,0
DENATRLA,2025-06-23 23:59:16.000,23.0,27.1,20.7,18.5,15.0,11.4,17.2,12.5,14.8,15.1,14.5,15.9,14.4,18.3,18.9,16.4,15.1,15.7,13.9,12.3,10.6,7.8,4.3,2.3,-1.4,-1.4,-3.9,-3.9,-3.9,-4.0,-4.4,-3.3,-0.1,21.7,29.0,40.8,13.4,0.0,30.3,21.9,11.7,76.2,,,OBAnorm,,LD831_02097v2.403,,,,0,0
DENATRLA,2025-06-23 23:59:17.000,24.8,24.2,21.9,17.9,15.2,14.1,21.0,10.4,11.2,13.8,14.9,14.9,14.3,16.6,20.9,16.6,14.6,15.1,14.2,13.0,10.8,8.3,5.0,3.3,0.9,-1.2,-4.1,-3.9,-3.9,-4.0,-4.5,-3.2,-0.2,22.2,28.7,40.8,13.4,0.0,30.2,22.0,11.7,76.2,,,OBAnorm,,LD831_02097v2.403,,,,0,0
DENATRLA,2025-06-23 23:59:18.000,27.6,25.8,21.0,17.8,16.4,14.4,19.7,7.5,11.3,10.8,11.7,12.8,15.1,16.6,21.9,17.0,14.5,15.2,14.3,13.9,11.5,8.9,7.1,5.8,4.1,-2.9,-4.1,-3.9,-3.8,-4.0,-4.5,-3.3,-0.2,22.7,28.5,43.3,13.4,0.0,30.2,21.9,11.7,76.2,,,OBAnorm,,LD831_02097v2.403,,,,0,0
DENATRLA,2025-06-23 23:59:19.000,25.9,21.2,21.5,18.9,14.9,11.3,18.9,10.2,8.2,10.1,13.4,14.1,14.2,17.1,18.9,16.7,14.9,15.2,14.5,13.8,12.1,10.2,7.1,10.5,9.6,1.4,-4.0,-3.9,-3.9,-4.0,-4.5,-3.2,-0.2,22.8,28.1,43.7,13.4,0.0,30.3,22.0,11.7,76.2,,,OBAnorm,,LD831_02097v2.403,,,,0,0
DENATRLA,2025-06-23 23:59:20.000,25.4,20.8,20.3,17.9,17.4,14.1,15.7,9.7,7.2,10.1,12.9,11.8,15.0,15.3,18.5,16.3,15.1,15.2,13.9,12.8,11.4,8.6,5.9,5.1,6.1,1.2,-3.9,-3.9,-3.8,-4.0,-4.5,-3.3,-0.1,22.0,27.5,40.6,13.4,0.0,30.2,21.9,11.7,76.2,,,OBAnorm,,LD831_02097v2.403,,,,0,0
DENATRLA,2025-06-23 23:59:21.000,22.7,23.7,21.7,18.4,12.8,9.7,16.5,12.2,7.0,10.2,10.7,15.4,13.3,14.7,17.9,15.8,15.6,15.5,14.1,13.5,12.1,9.9,6.0,8.5,7.1,-1.1,-3.6,-3.8,-3.8,-3.8,-4.4,-3.1,-0.1,22.5,27.6,37.6,13.4,0.0,30.2,21.9,11.7,76.2,,,OBAnorm,,LD831_02097v2.403,,,,0,0
DENATRLA,2025-06-23 23:59:22.000,22.9,21.5,21.0,18.5,14.8,14.9,15.8,13.2,9.8,12.0,11.5,14.5,13.5,14.9,19.1,16.1,14.9,15.3,15.3,13.3,11.1,7.9,4.6,2.7,0.3,-0.4,-3.9,-3.8,-3.8,-3.8,-4.4,-3.2,-0.3,22.0,27.9,38.8,13.4,0.0,30.2,21.9,11.7,76.2,,,OBAnorm,,LD831_02097v2.403,,,,0,0
DENATRLA,2025-06-23 23:59:23.000,25.8,23.4,21.1,17.7,12.9,13.1,17.6,13.4,10.1,9.7,12.8,13.9,14.2,16.4,17.7,16.8,15.2,14.6,14.2,12.7,10.4,7.3,4.7,4.0,2.5,-2.3,-4.1,-3.9,-3.8,-4.0,-4.5,-3.4,-0.2,21.6,27.9,38.9,13.4,0.0,30.3,21.9,11.7,76.2,,,OBAnorm,,LD831_02097v2.403,,,,0,0
DENATRLA,2025-06-23 23:59:24.000,22.6,25.6,22.4,12.6,13.9,14.0,16.5,15.8,10.9,8.9,12.8,13.0,14.3,16.2,18.1,16.2,15.6,16.2,13.8,12.9,10.0,6.8,4.0,2.6,0.6,-3.4,-4.1,-3.9,-3.9,-4.0,-4.4,-3.2,-0.1,21.7,27.7,37.3,13.4,0.0,30.2,21.9,11.7,76.2,,,OBAnorm,,LD831_02097v2.403,,,,0,0
DENATRLA,2025-06-23 23:59:25.000,22.6,24.0,20.9,18.3,12.6,13.1,15.1,14.2,10.1,8.1,11.8,14.4,15.3,14.8,19.4,18.9,15.2,15.4,14.0,12.4,10.4,7.4,6.2,11.1,9.7,1.5,-4.0,-3.9,-3.9,-4.0,-4.5,-3.3,-0.4,22.8,28.2,37.9,13.4,0.0,30.2,21.9,11.7,76.2,,,OBAnorm,,LD831_02097v2.403,,,,0,0
DENATRLA,2025-06-23 23:59:26.000,25.4,24.1,20.5,17.0,14.0,12.2,13.5,14.0,8.6,8.5,13.1,14.0,18.2,14.9,19.9,17.0,17.3,15.9,15.2,13.0,10.2,7.0,4.3,2.9,6.0,0.0,-4.0,-3.9,-3.9,-4.0,-4.5,-3.4,-0.1,22.5,28.2,36.7,13.4,0.0,30.3,21.9,11.6,76.2,,,OBAnorm,,LD831_02097v2.403,,,,0,0
DENATRLA,2025-06-23 23:59:27.000,25.0,27.2,14.7,11.8,14.8,13.3,13.1,11.8,10.7,8.8,13.1,13.3,14.9,16.7,18.5,16.2,15.3,16.2,15.1,13.2,10.4,7.3,4.4,1.1,-2.7,-3.9,-4.0,-3.9,-3.9,-3.9,-4.5,-3.3,-0.1,21.8,27.6,38.8,13.4,0.0,30.2,21.9,11.6,76.2,,,OBAnorm,,LD831_02097v2.403,,,,0,0
DENATRLA,2025-06-23 23:59:28.000,23.3,21.7,18.0,17.4,11.3,12.6,10.0,15.2,8.7,13.2,13.8,13.3,16.2,17.8,19.9,17.4,16.0,15.3,14.8,13.3,10.8,7.5,3.6,5.2,3.6,0.7,-4.1,-3.9,-3.9,-4.1,-4.5,-3.1,-0.1,22.4,28.2,37.9,13.4,0.0,30.3,21.9,11.7,76.2,,,OBAnorm,,LD831_02097v2.403,,,,0,0
DENATRLA,2025-06-23 23:59:29.000,22.8,25.6,19.9,20.0,10.7,12.8,9.7,14.3,6.5,11.6,11.5,14.1,14.8,16.2,17.8,17.3,15.6,16.1,13.3,12.6,10.1,7.0,3.9,5.6,1.8,0.9,-3.9,-3.9,-3.8,-3.9,-4.5,-3.3,-0.2,21.9,28.4,38.6,13.4,0.0,30.2,21.9,11.7,76.2,,,OBAnorm,,LD831_02097v2.403,,,,0,0
DENATRLA,2025-06-23 23:59:30.000,25.5,21.9,20.8,17.8,13.4,7.8,11.2,13.5,7.6,9.0,10.2,14.0,15.5,15.8,18.7,19.4,16.2,15.6,14.1,12.4,10.3,6.8,6.6,9.5,4.2,-2.1,-4.1,-3.9,-3.9,-4.0,-4.6,-3.2,-0.1,22.6,28.4,35.6,13.4,0.0,30.2,21.9,11.7,76.2,,,OBAnorm,,LD831_02097v2.403,,,,0,0
DENATRLA,2025-06-23 23:59:31.000,24.2,21.3,22.7,20.5,14.8,11.6,11.5,8.0,7.5,8.8,12.4,14.2,14.5,16.9,19.0,20.2,19.0,14.9,14.2,12.2,9.3,6.0,5.2,8.1,8.0,0.5,-4.0,-3.9,-3.9,-4.0,-4.5,-3.4,-0.1,23.1,29.1,37.6,13.4,0.0,30.3,21.9,11.7,76.2,,,OBAnorm,,LD831_02097v2.403,,,,0,0
DENATRLA,2025-06-23 23:59:32.000,31.1,24.3,24.7,15.0,14.5,10.3,8.5,10.0,6.1,9.3,12.3,13.7,15.5,18.8,21.2,20.7,20.9,16.2,14.5,12.9,9.5,6.0,3.0,5.0,5.0,-3.2,-4.1,-3.9,-3.9,-4.0,-4.5,-3.4,-0.2,23.8,30.3,37.4,13.4,0.0,30.2,21.9,11.7,76.2,,,OBAnorm,,LD831_02097v2.403,,,,0,0
DENATRLA,2025-06-23 23:59:33.000,21.4,27.9,21.8,13.2,10.2,11.0,8.2,10.2,6.4,9.0,10.8,14.0,15.1,17.2,20.6,16.8,19.8,18.7,16.1,14.1,10.1,6.2,3.5,6.1,3.0,-1.3,-4.0,-3.9,-3.9,-4.0,-4.4,-3.3,-0.2,23.5,29.1,37.2,13.4,0.0,30.2,22.0,11.7,76.2,,,OBAnorm,,LD831_02097v2.403,,,,0,0
DENATRLA,2025-06-23 23:59:34.000,25.3,31.6,23.9,13.0,11.1,10.3,9.2,7.7,5.7,7.7,10.7,12.4,15.2,17.5,17.5,17.1,17.2,15.7,16.2,13.4,10.0,6.4,3.6,4.0,-0.2,-2.7,-4.0,-3.9,-3.9,-3.9,-4.5,-3.2,-0.3,22.3,31.4,40.8,13.4,0.0,30.2,21.9,11.7,76.2,,,OBAnorm,,LD831_02097v2.403,,,,0,0
DENATRLA,2025-06-23 23:59:35.000,29.0,31.7,27.5,14.3,10.8,10.1,10.2,5.3,4.1,5.8,10.4,12.9,14.1,16.0,16.0,16.0,14.7,14.9,16.0,12.4,9.0,6.5,4.0,4.1,1.3,-3.1,-4.0,-3.9,-3.9,-4.0,-4.4,-3.2,-0.2,21.4,30.9,42.3,13.4,0.0,30.2,22.0,11.7,76.2,,,OBAnorm,,LD831_02097v2.403,,,,0,0
DENATRLA,2025-06-23 23:59:36.000,30.0,32.4,27.4,16.4,13.1,10.5,10.0,9.0,4.5,5.5,11.8,14.2,13.7,16.1,16.8,14.2,15.1,15.1,14.1,11.7,9.0,5.8,3.4,5.8,1.7,-1.5,-4.0,-3.9,-3.9,-4.1,-4.5,-3.4,-0.1,21.0,31.4,42.8,13.4,0.0,30.2,22.0,11.7,76.2,,,OBAnorm,,LD831_02097v2.403,,,,0,0
DENATRLA,2025-06-23 23:59:37.000,35.2,35.5,26.9,16.2,10.7,10.6,9.1,7.3,2.7,4.2,8.8,12.1,13.7,15.6,16.2,15.1,14.7,16.0,14.3,11.8,9.5,5.9,3.4,1.6,2.2,-2.3,-4.0,-3.9,-3.9,-4.0,-4.5,-3.4,-0.1,21.1,30.4,41.7,13.4,0.0,30.2,21.9,11.7,76.2,,,OBAnorm,,LD831_02097v2.403,,,,0,0
DENATRLA,2025-06-23 23:59:38.000,33.6,35.3,27.2,18.4,12.3,9.7,11.4,8.5,5.6,4.7,8.0,14.1,14.1,15.3,15.4,15.8,14.8,14.7,13.9,11.1,8.4,5.8,4.2,5.9,0.9,-2.8,-4.0,-3.9,-3.8,-4.0,-4.5,-3.3,-0.1,20.7,34.6,45.5,13.4,0.0,30.2,21.9,11.7,76.2,,,OBAnorm,,LD831_02097v2.403,,,,0,0
DENATRLA,2025-06-23 23:59:39.000,35.8,33.2,25.6,18.1,11.9,11.7,10.2,9.5,6.7,3.4,10.0,13.1,14.1,16.2,16.3,16.1,14.9,14.5,13.9,11.5,8.9,5.5,4.6,5.2,4.0,0.1,-4.0,-3.9,-3.8,-4.0,-4.5,-3.3,-0.1,21.0,31.8,43.1,13.4,0.0,30.2,21.9,11.7,76.2,,,OBAnorm,,LD831_02097v2.403,,,,0,0
DENATRLA,2025-06-23 23:59:40.000,36.4,38.2,22.6,17.5,10.0,13.5,13.9,9.2,6.0,5.4,11.0,12.8,13.4,15.3,14.8,14.1,14.7,14.9,14.1,11.1,8.1,5.9,4.6,3.4,1.6,-3.5,-4.0,-3.9,-3.9,-4.1,-4.5,-3.3,-0.2,20.6,29.8,40.8,13.4,0.0,30.2,22.0,11.7,76.2,,,OBAnorm,,LD831_02097v2.403,,,,0,0
DENATRLA,2025-06-23 23:59:41.000,39.3,38.4,26.0,14.9,13.6,11.7,12.9,5.8,4.2,7.1,10.6,12.5,13.3,15.3,16.9,15.1,13.9,15.0,13.7,11.4,8.5,5.8,3.3,4.6,2.8,-2.1,-4.0,-3.9,-3.9,-4.0,-4.5,-3.3,-0.1,20.8,28.1,40.7,13.4,0.0,30.3,21.9,11.7,76.2,,,OBAnorm,,LD831_02097v2.403,,,,0,0
DENATRLA,2025-06-23 23:59:42.000,33.4,29.0,21.8,18.5,14.5,11.2,11.4,7.0,3.8,7.0,11.0,11.2,13.6,15.1,17.3,16.2,15.2,15.8,13.4,11.8,8.7,5.5,2.6,1.0,-1.4,-3.0,-3.3,-3.7,-3.8,-4.0,-4.4,-3.2,-0.1,20.8,29.4,38.9,13.4,0.0,30.3,22.0,11.7,76.2,,,OBAnorm,,LD831_02097v2.403,,,,0,0
DENATRLA,2025-06-23 23:59:43.000,31.7,29.3,19.7,15.0,11.5,10.2,9.4,8.1,6.1,7.8,8.6,12.3,13.1,16.5,16.6,14.8,14.3,14.4,14.2,11.2,8.6,6.1,3.3,3.9,1.5,-0.5,-4.0,-3.9,-3.8,-4.0,-4.5,-3.3,-0.1,20.6,27.8,37.0,13.4,0.0,30.3,22.0,11.7,76.2,,,OBAnorm,,LD831_02097v2.403,,,,0,0
DENATRLA,2025-06-23 23:59:44.000,26.9,34.8,18.8,9.8,10.5,10.7,11.4,7.9,6.4,7.1,11.8,14.6,12.6,13.6,16.2,14.5,13.9,14.3,13.3,10.6,7.8,5.6,4.5,5.1,5.7,-0.9,-4.0,-3.9,-3.8,-4.0,-4.4,-3.4,-0.1,20.4,26.5,35.9,13.4,0.0,30.3,22.0,11.7,76.2,,,OBAnorm,,LD831_02097v2.403,,,,0,0
DENATRLA,2025-06-23 23:59:45.000,25.5,31.7,16.5,15.6,11.7,11.0,7.1,8.9,4.3,8.1,10.2,13.2,13.5,14.5,16.0,14.0,14.1,14.9,13.1,10.8,8.0,4.7,2.9,4.4,-1.7,-3.4,-4.0,-3.9,-3.9,-4.0,-4.5,-3.4,-0.2,20.3,31.6,39.9,13.4,0.0,30.3,21.9,11.7,76.2,,,OBAnorm,,LD831_02097v2.403,,,,0,0
DENATRLA,2025-06-23 23:59:46.000,21.6,28.1,17.4,16.0,8.1,11.9,10.2,7.1,4.8,7.1,9.4,12.3,15.6,14.1,16.7,15.1,14.5,14.4,14.1,11.0,8.7,5.0,4.3,5.6,2.3,-1.3,-2.8,-3.9,-3.8,-4.0,-4.5,-3.3,-0.2,20.7,29.3,37.0,13.4,0.0,30.3,22.1,11.7,76.2,,,OBAnorm,,LD831_02097v2.403,,,,0,0
DENATRLA,2025-06-23 23:59:47.000,18.7,36.3,16.4,14.1,12.7,12.1,9.5,6.4,4.6,5.2,10.2,12.3,14.8,14.6,17.1,15.1,14.6,14.7,12.9,11.5,8.6,4.8,3.9,5.0,3.0,-2.9,-4.0,-3.9,-3.9,-4.0,-4.5,-3.2,-0.1,20.7,29.3,37.6,13.4,0.0,30.2,22.1,11.7,76.2,,,OBAnorm,,LD831_02097v2.403,,,,0,0
DENATRLA,2025-06-23 23:59:48.000,25.8,37.5,20.7,12.9,12.5,12.5,7.9,6.4,3.9,5.9,8.5,15.1,14.1,14.0,16.4,14.6,14.5,14.5,13.2,11.0,8.7,5.8,3.7,3.1,-1.5,-3.5,-4.0,-3.9,-3.9,-4.1,-4.5,-3.2,-0.2,20.3,29.9,38.1,13.4,0.0,30.3,22.0,11.7,76.2,,,OBAnorm,,LD831_02097v2.403,,,,0,0
DENATRLA,2025-06-23 23:59:49.000,25.8,32.5,22.4,16.7,11.2,11.6,9.3,7.7,5.1,7.5,8.9,13.5,11.9,14.8,15.4,14.4,13.5,14.0,13.5,10.5,8.1,5.8,6.3,7.7,3.9,-2.1,-4.0,-3.9,-3.9,-4.0,-4.5,-3.3,-0.2,20.5,32.4,40.7,13.4,0.0,30.2,22.0,11.7,76.2,,,OBAnorm,,LD831_02097v2.403,,,,0,0
DENATRLA,2025-06-23 23:59:50.000,25.3,37.3,23.0,13.0,9.2,11.9,9.2,8.7,6.5,8.3,8.9,11.9,13.7,13.3,15.7,15.2,14.4,14.5,12.9,10.9,8.7,6.0,4.0,4.4,3.8,1.9,-4.0,-3.9,-3.9,-4.0,-4.5,-3.3,-0.2,20.5,29.5,37.4,13.4,0.0,30.2,22.0,11.7,76.2,,,OBAnorm,,LD831_02097v2.403,,,,0,0
DENATRLA,2025-06-23 23:59:51.000,25.5,37.7,21.9,13.7,11.8,8.8,6.6,7.5,4.3,8.1,8.0,12.6,14.9,14.4,14.8,14.7,13.7,14.2,13.1,11.1,8.6,6.0,6.4,5.4,-1.6,-2.7,-3.9,-3.9,-3.9,-4.0,-4.5,-3.2,-0.2,20.4,28.3,36.9,13.4,0.0,30.2,22.0,11.7,76.2,,,OBAnorm,,LD831_02097v2.403,,,,0,0
DENATRLA,2025-06-23 23:59:52.000,23.5,38.4,22.8,17.5,13.6,10.0,10.4,8.6,5.3,11.5,7.4,11.9,16.5,14.4,15.5,14.7,13.9,14.5,12.9,11.7,9.1,7.0,8.5,11.6,5.4,4.4,-4.0,-3.9,-3.8,-4.0,-4.5,-3.3,0.0,21.4,28.5,37.1,13.4,0.0,30.3,21.9,11.7,76.2,,,OBAnorm,,LD831_02097v2.403,,,,0,0
DENATRLA,2025-06-23 23:59:53.000,26.1,31.4,19.6,17.4,9.4,9.1,4.8,8.5,6.5,7.8,8.0,11.1,15.7,13.3,15.9,14.0,13.9,14.3,12.4,10.8,8.4,5.5,2.9,3.9,0.9,-3.2,-4.0,-3.9,-3.9,-4.0,-4.5,-3.2,-0.1,19.9,26.3,34.6,13.4,0.0,30.2,22.0,11.7,76.2,,,OBAnorm,,LD831_02097v2.403,,,,0,0
DENATRLA,2025-06-23 23:59:54.000,25.6,32.8,16.7,14.2,13.5,9.9,7.9,7.4,3.8,9.1,8.5,11.9,13.3,13.9,15.1,14.1,13.8,13.7,12.8,11.5,8.5,5.2,3.0,6.2,1.2,0.3,-4.0,-3.9,-3.9,-4.0,-4.5,-3.3,-0.2,20.1,26.7,34.7,13.4,0.0,30.3,22.0,11.7,76.2,,,OBAnorm,,LD831_02097v2.403,,,,0,0
DENATRLA,2025-06-23 23:59:55.000,23.7,31.6,15.3,15.2,12.9,9.8,10.7,5.6,4.1,9.2,7.2,11.1,13.3,15.3,15.6,13.6,12.9,13.4,12.7,11.0,8.2,5.9,3.2,3.8,6.3,-3.0,-4.0,-3.8,-3.8,-3.9,-4.5,-3.1,-0.1,20.0,27.0,35.9,13.4,0.0,30.3,22.0,11.7,76.2,,,OBAnorm,,LD831_02097v2.403,,,,0,0
DENATRLA,2025-06-23 23:59:56.000,24.2,32.0,19.0,14.2,12.5,8.0,7.1,8.3,3.3,9.5,6.2,11.3,14.5,13.8,15.2,14.2,13.9,13.8,12.8,11.3,8.6,7.9,8.4,8.7,4.8,-2.7,-4.0,-3.9,-3.8,-3.9,-4.5,-3.3,-0.1,20.9,33.1,41.5,13.4,0.0,30.2,22.0,11.7,76.2,,,OBAnorm,,LD831_02097v2.403,,,,0,0
DENATRLA,2025-06-23 23:59:57.000,21.7,27.3,23.0,15.6,11.5,6.2,9.4,8.7,5.0,8.6,8.6,11.2,14.0,14.7,16.2,13.4,13.6,13.8,13.4,11.0,9.3,7.1,6.1,10.8,7.7,-0.2,-4.0,-3.9,-3.9,-4.1,-4.5,-3.3,-0.2,21.1,32.3,41.2,13.4,0.0,30.2,22.0,11.7,76.2,,,OBAnorm,,LD831_02097v2.403,,,,0,0
DENATRLA,2025-06-23 23:59:58.000,21.0,38.2,21.9,17.7,11.9,9.5,8.8,5.0,5.8,8.4,7.8,11.6,14.1,14.8,15.5,14.9,14.0,14.4,12.8,11.2,9.0,6.4,3.8,3.1,3.6,-2.7,-4.0,-3.9,-3.9,-4.0,-4.5,-3.2,-0.1,20.5,27.5,35.9,13.4,0.0,30.3,22.0,11.7,76.2,,,OBAnorm,,LD831_02097v2.403,,,,0,0
DENATRLA,2025-06-23 23:59:59.000,22.4,41.3,21.5,14.9,12.5,11.2,9.8,8.0,5.4,6.9,7.3,11.4,14.3,14.8,15.7,14.8,13.4,14.7,12.7,11.3,8.0,5.5,3.6,6.3,-0.1,-2.9,-4.0,-3.9,-3.9,-4.1,-4.5,-3.3,-0.2,20.2,27.5,36.0,13.4,0.0,30.2,22.0,11.7,76.2,,,OBAnorm,,LD831_02097v2.403,,,,0,0