SiteID,STime,H12p5,H15p8,H20,H25,H31p5,H40,H50,H63,H80,H100,H125,H160,H200,H250,H315,H400,H500,H630,H800,H1000,H1250,H1600,H2000,H2500,H3150,H4000,H5000,H6300,H8000,H10000,H12500,H16000,H20000,dbA,dbC,dbF,Voltage,WindSpeed,WindDir,TempIns,TempOut,Humidity,INVID,INSID,GChar1,GChar2,GChar3,AdjustmentsApplied,CalibrationAdjustment,GPSTimeAdjustment,GainAdjustment,Status
DENATRLA,2025-06-23 08:00:00.000,27.1,23.7,26.2,23.3,28.4,23.5,22.8,18.8,14.5,16.8,19.0,23.9,24.5,22.8,21.5,19.1,18.5,16.6,14.8,12.8,11.0,8.9,5.2,3.1,1.6,0.2,-1.3,-3.6,-3.7,-3.9,-4.4,-3.3,-0.1,24.0,34.2,52.8,13.4,0.0,18.5,25.1,14.5,80.7,,,OBAnorm,,LD831_02097v2.403,,,,0,0
DENATRLA,2025-06-23 08:00:01.000,20.3,29.2,27.1,21.8,23.7,23.8,20.3,17.3,13.4,19.8,25.4,26.0,25.4,25.8,23.4,20.7,19.2,16.1,14.3,13.0,11.2,8.5,4.8,2.8,3.3,3.8,4.6,-3.6,-3.8,-3.9,-4.4,-3.3,-0.1,25.6,38.9,57.2,13.4,0.0,18.5,25.1,14.5,80.7,,,OBAnorm,,LD831_02097v2.403,,,,0,0
DENATRLA,2025-06-23 08:00:02.000,28.6,27.7,30.0,27.9,26.0,25.6,22.5,21.8,19.6,19.2,20.9,26.5,30.0,27.8,22.4,22.3,19.5,16.2,14.5,13.1,11.4,11.0,8.8,9.2,11.3,4.4,-0.4,-3.6,-3.8,-3.8,-4.4,-3.2,-0.2,27.0,37.4,52.6,13.4,0.0,18.5,25.1,14.4,80.7,,,OBAnorm,,LD831_02097v2.403,,,,0,0
DENATRLA,2025-06-23 08:00:03.000,35.6,37.0,32.0,29.1,24.8,24.9,21.8,19.7,15.0,17.4,23.9,23.7,26.4,25.6,22.9,21.9,18.4,16.2,14.4,13.3,10.2,9.2,7.8,8.4,11.5,7.3,-2.1,-3.8,-3.8,-3.9,-4.4,-3.1,-0.2,25.2,36.9,54.3,13.4,0.0,18.6,25.1,14.4,80.1,,,OBAnorm,,LD831_02097v2.403,,,,0,0
DENATRLA,2025-06-23 08:00:04.000,39.8,33.7,24.8,25.2,26.7,27.6,22.9,20.3,17.5,21.2,26.7,26.1,28.5,27.2,22.2,21.0,20.2,16.8,15.0,13.3,10.7,8.9,4.6,3.9,1.9,0.4,-2.6,-3.8,-3.7,-3.9,-4.4,-3.1,-0.1,26.1,41.0,60.0,13.4,0.0,18.5,25.1,14.5,80.1,,,OBAnorm,,LD831_02097v2.403,,,,0,0
DENATRLA,2025-06-23 08:00:05.000,37.2,31.8,36.5,32.8,30.6,26.4,24.0,22.8,19.0,18.2,20.9,24.2,27.2,24.6,21.8,20.1,18.1,17.7,14.9,13.2,11.5,8.4,5.4,2.7,2.7,0.9,-2.3,-3.8,-3.7,-3.7,-4.2,-3.0,-0.2,25.1,39.8,58.0,13.4,0.0,18.5,25.1,14.5,80.1,,,OBAnorm,,LD831_02097v2.403,,,,0,0
DENATRLA,2025-06-23 08:00:06.000,38.3,37.8,38.7,33.5,30.8,27.3,22.0,17.3,13.4,21.4,25.6,27.7,27.8,28.2,24.3,22.9,20.9,17.3,14.5,14.1,11.5,8.6,6.3,6.0,2.6,0.2,-2.6,-3.7,-3.8,-3.8,-4.4,-3.1,-0.2,27.2,38.6,51.9,13.4,0.0,18.5,25.2,14.5,80.1,,,OBAnorm,,LD831_02097v2.403,,,,0,0
DENATRLA,2025-06-23 08:00:07.000,40.0,38.9,34.3,33.0,24.2,27.1,22.6,22.8,18.0,26.2,29.8,33.7,34.7,30.9,25.9,22.1,22.3,17.5,15.1,13.7,10.8,9.0,6.1,3.5,1.6,0.5,-2.6,-3.8,-3.8,-3.9,-4.4,-3.2,-0.1,31.1,42.6,53.8,13.4,0.0,18.5,25.1,14.4,80.1,,,OBAnorm,,LD831_02097v2.403,,,,0,0
DENATRLA,2025-06-23 08:00:08.000,38.3,35.7,34.8,27.5,28.8,26.6,25.5,25.6,20.0,26.9,32.8,36.6,37.2,32.6,29.0,26.4,25.0,17.8,15.1,13.5,10.9,9.7,7.5,12.2,8.3,7.7,0.4,-3.8,-3.7,-3.8,-4.4,-3.0,-0.1,30.6,41.2,55.0,13.4,0.0,18.6,25.1,14.4,80.1,,,OBAnorm,,LD831_02097v2.403,,,,0,0
DENATRLA,2025-06-23 08:00:09.000,34.3,31.4,34.1,32.0,32.4,28.5,23.2,24.2,21.6,22.4,30.5,33.9,32.9,28.9,28.0,25.5,21.5,16.5,14.5,13.0,11.0,9.3,5.8,6.0,8.6,4.0,-0.4,-3.1,-3.8,-3.8,-4.4,-3.2,-0.2,28.8,44.7,62.6,13.4,0.0,18.5,25.2,14.4,79.0,,,OBAnorm,,LD831_02097v2.403,,,,0,0
DENATRLA,2025-06-23 08:00:10.000,33.7,36.4,34.2,31.5,33.4,29.1,26.7,21.5,23.4,24.8,24.3,26.9,30.9,28.7,25.7,25.0,22.6,16.8,14.7,13.2,10.9,9.4,5.1,3.7,1.5,1.0,-2.4,-3.7,-3.7,-3.7,-4.3,-3.2,0.0,28.1,44.4,64.7,13.4,0.0,18.5,25.1,14.4,79.0,,,OBAnorm,,LD831_02097v2.403,,,,0,0
DENATRLA,2025-06-23 08:00:11.000,36.7,31.3,38.7,38.9,32.6,30.4,29.2,24.4,24.5,23.4,26.8,27.2,31.4,28.8,26.8,25.6,23.8,18.7,14.5,13.4,10.7,8.4,5.4,3.5,1.2,-0.6,-2.3,-2.9,-3.6,-3.8,-4.4,-3.1,0.0,28.9,42.2,63.0,13.4,0.0,18.5,25.1,14.4,80.1,,,OBAnorm,,LD831_02097v2.403,,,,0,0
DENATRLA,2025-06-23 08:00:12.000,41.7,46.8,37.9,33.7,33.4,27.1,22.9,24.0,23.5,24.3,28.8,30.5,34.4,27.8,24.9,24.0,21.6,16.9,14.1,13.0,11.2,9.1,5.7,7.8,4.9,0.4,-1.8,-3.8,-3.7,-3.9,-4.4,-3.3,-0.1,28.1,39.4,52.4,13.4,0.1,18.5,25.1,14.4,79.5,,,OBAnorm,,LD831_02097v2.403,,,,0,0
DENATRLA,2025-06-23 08:00:13.000,46.8,40.4,35.8,32.0,23.6,25.3,24.2,20.2,22.6,23.2,27.8,29.4,28.7,22.7,23.1,24.7,20.5,18.9,15.4,12.6,10.5,8.4,4.8,2.5,0.6,0.1,-2.5,-3.8,-3.8,-3.9,-4.4,-3.1,-0.1,27.1,38.5,54.3,13.4,0.3,17.8,25.1,14.4,77.2,,,OBAnorm,,LD831_02097v2.403,,,,0,0
DENATRLA,2025-06-23 08:00:14.000,38.5,34.7,28.7,24.8,27.1,24.5,20.2,21.6,21.6,21.7,26.5,30.5,29.5,26.8,27.0,26.5,22.5,17.6,14.7,12.4,10.2,10.8,8.3,12.5,13.7,7.6,-1.4,-3.7,-3.7,-3.8,-4.3,-3.1,-0.2,28.4,39.3,57.7,13.4,0.3,17.8,25.2,14.4,75.5,,,OBAnorm,,LD831_02097v2.403,,,,0,0
DENATRLA,2025-06-23 08:00:15.000,33.7,30.8,30.9,30.8,24.0,22.6,21.0,19.8,20.2,20.8,24.3,28.3,30.6,29.4,24.7,20.9,19.3,15.7,14.8,13.2,10.3,7.6,7.1,11.1,10.5,9.3,-0.3,-3.1,-3.8,-3.9,-4.4,-3.1,0.0,27.2,37.3,50.5,13.4,0.3,17.8,25.1,14.4,75.5,,,OBAnorm,,LD831_02097v2.403,,,,0,0
DENATRLA,2025-06-23 08:00:16.000,36.8,38.6,29.7,24.7,23.8,19.6,20.4,20.2,19.2,16.7,25.5,26.0,27.9,22.0,22.1,20.0,19.5,16.3,14.6,12.9,10.2,8.6,4.7,4.5,1.9,-0.6,-3.0,-3.6,-3.8,-3.9,-4.3,-3.2,0.0,25.0,35.2,50.6,13.4,0.3,17.8,25.1,14.4,75.5,,,OBAnorm,,LD831_02097v2.403,,,,0,0
DENATRLA,2025-06-23 08:00:17.000,37.5,32.5,27.7,26.3,26.2,24.7,22.3,19.3,19.4,20.0,26.3,27.9,30.6,25.8,23.9,22.3,19.8,16.0,15.0,13.0,10.8,7.9,4.5,2.7,1.2,-0.5,-2.5,-3.8,-3.8,-4.0,-4.4,-3.2,-0.2,26.6,37.3,52.1,13.4,0.3,17.8,25.2,14.4,75.5,,,OBAnorm,,LD831_02097v2.403,,,,0,0
DENATRLA,2025-06-23 08:00:18.000,33.1,29.5,26.6,27.5,24.7,24.5,23.8,19.1,18.6,23.1,26.9,29.6,33.8,29.2,24.4,22.7,19.2,16.0,14.2,12.6,10.2,8.2,3.8,2.9,0.2,0.4,0.1,-3.7,-3.8,-3.9,-4.5,-3.0,-0.1,28.0,38.3,46.0,13.4,0.3,17.9,25.1,14.4,75.5,,,OBAnorm,,LD831_02097v2.403,,,,0,0
DENATRLA,2025-06-23 08:00:19.000,27.4,28.8,28.3,24.6,23.5,26.1,19.9,18.8,19.4,23.2,25.7,26.3,26.8,27.3,23.2,24.9,19.5,16.5,13.8,12.7,10.3,8.6,5.4,3.9,2.7,1.5,0.3,-3.7,-3.5,-1.8,-4.1,-3.1,0.0,25.9,34.9,42.5,13.4,0.3,17.8,25.2,14.4,75.5,,,OBAnorm,,LD831_02097v2.403,,,,0,0
DENATRLA,2025-06-23 08:00:20.000,25.2,33.1,24.8,22.3,23.0,22.5,19.3,19.1,15.6,21.1,30.8,34.3,35.5,31.1,28.5,30.1,28.3,19.7,14.6,12.5,10.5,10.2,11.7,13.4,8.6,-0.1,-2.4,-3.7,-3.8,-3.9,-4.3,-3.2,-0.2,32.9,42.2,46.2,13.4,0.3,17.8,25.2,14.4,75.5,,,OBAnorm,,LD831_02097v2.403,,,,0,0
DENATRLA,2025-06-23 08:00:21.000,27.5,27.8,26.6,25.9,25.4,24.0,22.4,19.7,19.9,26.9,33.9,37.8,35.4,30.3,28.2,25.4,22.3,18.8,15.3,12.6,10.5,9.4,6.1,7.5,12.0,9.5,0.1,-3.7,-3.7,-3.8,-4.3,-3.2,-0.1,30.0,41.2,44.0,13.4,0.3,17.9,25.2,14.4,75.5,,,OBAnorm,,LD831_02097v2.403,,,,0,0
DENATRLA,2025-06-23 08:00:22.000,27.4,29.0,26.2,26.1,26.6,23.7,23.5,23.7,23.2,28.1,31.5,33.7,33.5,27.4,28.4,29.1,26.8,18.0,14.6,12.5,10.8,11.6,5.2,4.8,2.2,-0.2,-2.4,-3.6,-3.6,-3.6,-4.3,-2.9,-0.1,31.4,41.4,42.5,13.4,0.1,17.8,25.1,14.4,75.5,,,OBAnorm,,LD831_02097v2.403,,,,0,0
DENATRLA,2025-06-23 08:00:23.000,21.2,27.8,26.6,29.5,28.7,23.9,27.4,27.4,21.7,24.8,32.9,38.7,37.2,31.5,29.7,28.4,25.8,17.2,14.8,13.3,10.5,10.1,5.9,5.0,2.5,0.6,-1.6,-3.5,-3.7,-3.6,-4.3,-3.0,0.0,32.2,42.3,43.0,13.4,0.0,17.8,25.2,14.4,75.5,,,OBAnorm,,LD831_02097v2.403,,,,0,0
DENATRLA,2025-06-23 08:00:24.000,22.4,23.9,22.7,22.8,24.5,23.5,23.3,22.0,18.3,27.1,32.3,34.8,35.2,33.3,29.8,27.1,22.1,17.9,16.6,13.2,11.3,12.9,5.5,5.4,1.3,0.0,-1.7,-3.5,-3.6,-3.4,-4.1,-2.9,0.0,31.0,41.1,42.3,13.4,0.0,17.8,25.2,14.4,75.5,,,OBAnorm,,LD831_02097v2.403,,,,0,0
DENATRLA,2025-06-23 08:00:25.000,28.0,19.8,20.8,26.2,22.0,22.8,23.4,23.9,21.2,24.6,31.3,34.2,34.1,31.4,30.4,26.3,22.5,16.8,14.3,13.1,11.5,13.7,13.8,16.7,12.9,11.3,0.1,-3.8,-3.6,-3.8,-4.4,-3.2,-0.1,30.6,39.4,44.2,13.4,0.0,17.8,25.1,14.4,76.1,,,OBAnorm,,LD831_02097v2.403,,,,0,0
DENATRLA,2025-06-23 08:00:26.000,20.7,23.4,27.2,25.4,23.0,19.5,21.1,15.8,16.2,16.6,23.4,24.3,26.1,24.9,24.1,21.6,20.3,16.2,14.6,13.9,11.3,12.3,7.6,8.8,9.5,10.4,-0.7,-3.7,-3.7,-3.8,-4.4,-3.1,-0.1,25.7,34.1,37.7,13.4,0.0,17.8,25.2,14.4,76.1,,,OBAnorm,,LD831_02097v2.403,,,,0,0
DENATRLA,2025-06-23 08:00:27.000,24.9,25.8,24.1,23.9,28.0,20.0,16.7,19.6,14.8,18.1,24.5,25.4,24.7,24.2,21.2,20.3,17.5,15.9,14.3,14.5,11.4,13.0,7.0,7.1,5.2,1.7,-2.6,-3.7,-3.7,-3.7,-4.4,-3.2,-0.2,25.0,33.4,38.3,13.4,0.0,17.8,25.2,14.4,76.1,,,OBAnorm,,LD831_02097v2.403,,,,0,0
DENATRLA,2025-06-23 08:00:28.000,25.6,22.6,24.3,26.2,26.1,20.5,17.6,17.2,14.5,17.8,25.4,27.6,28.1,22.6,23.2,20.9,19.5,16.1,15.1,14.5,11.1,10.3,7.5,7.3,7.7,0.9,-2.6,-3.8,-3.8,-3.8,-4.4,-3.1,-0.1,26.5,36.1,39.2,13.4,0.0,17.8,25.2,14.4,76.1,,,OBAnorm,,LD831_02097v2.403,,,,0,0
DENATRLA,2025-06-23 08:00:29.000,27.4,25.4,21.8,21.3,22.5,19.4,18.5,17.1,14.7,26.8,33.3,36.3,38.3,34.5,30.2,24.1,21.4,16.1,14.2,14.2,10.4,10.5,5.6,3.8,1.8,0.6,-2.5,-3.8,-3.8,-3.8,-4.3,-3.3,0.0,32.4,42.8,43.6,13.4,0.0,17.8,25.2,14.4,76.1,,,OBAnorm,,LD831_02097v2.403,,,,0,0
DENATRLA,2025-06-23 08:00:30.000,23.7,22.6,24.3,27.3,22.2,19.6,19.0,23.3,22.6,29.1,35.4,35.0,38.2,34.1,32.9,29.3,27.0,20.0,14.6,13.6,10.7,10.7,8.8,4.3,1.6,0.1,-2.6,-3.8,-3.7,-3.7,-4.3,-3.1,-0.2,32.6,42.3,43.1,13.4,0.0,17.8,25.1,14.4,76.1,,,OBAnorm,,LD831_02097v2.403,,,,0,0
DENATRLA,2025-06-23 08:00:31.000,21.4,26.6,22.5,25.9,22.9,14.3,17.0,17.6,15.6,17.0,26.6,29.1,26.3,23.6,22.0,19.5,17.0,15.7,14.2,13.0,10.6,11.6,9.9,12.1,7.8,0.2,-2.6,-3.8,-3.7,-3.8,-4.3,-3.0,-0.2,25.2,33.7,37.9,13.4,0.0,17.8,25.2,14.4,76.1,,,OBAnorm,,LD831_02097v2.403,,,,0,0
DENATRLA,2025-06-23 08:00:32.000,27.5,28.4,23.5,24.0,19.3,16.7,16.8,14.6,9.4,20.1,24.8,23.0,26.1,25.0,23.2,20.6,17.9,15.8,14.2,13.4,10.4,9.7,9.4,8.0,8.1,3.8,-1.5,-3.7,-3.6,-3.7,-4.3,-2.9,-0.2,24.9,33.3,36.5,13.4,0.0,17.8,25.1,14.4,76.1,,,OBAnorm,,LD831_02097v2.403,,,,0,0
DENATRLA,2025-06-23 08:00:33.000,27.9,20.4,23.7,23.6,23.3,18.4,15.5,12.8,13.9,15.9,22.1,29.4,24.7,22.2,21.1,18.5,17.1,15.6,14.6,13.2,10.4,10.6,8.8,6.5,3.1,-0.3,-2.5,-3.7,-3.6,-3.7,-4.3,-3.2,-0.1,24.5,33.6,36.9,13.4,0.0,17.8,25.2,14.4,76.1,,,OBAnorm,,LD831_02097v2.403,,,,0,0
DENATRLA,2025-06-23 08:00:34.000,27.7,22.1,25.8,21.7,21.9,19.2,16.2,11.7,11.8,15.3,25.0,25.7,28.9,27.6,23.4,20.1,19.3,15.5,15.1,13.2,10.7,10.1,4.7,3.4,1.6,0.5,-2.2,-3.6,-3.6,-3.6,-4.2,-3.1,-0.2,26.1,34.8,37.3,13.4,0.0,17.8,25.2,14.4,76.1,,,OBAnorm,,LD831_02097v2.403,,,,0,0
DENATRLA,2025-06-23 08:00:35.000,25.6,25.4,23.9,19.6,18.9,16.7,19.3,16.6,13.4,15.4,25.3,26.9,27.3,24.5,21.9,18.2,16.9,15.2,14.6,13.2,10.6,9.6,6.1,9.4,7.7,2.3,-2.4,-3.8,-3.8,-3.8,-4.3,-3.0,-0.1,24.6,33.9,38.0,13.4,0.0,17.8,25.1,14.4,76.1,,,OBAnorm,,LD831_02097v2.403,,,,0,0
DENATRLA,2025-06-23 08:00:36.000,24.4,27.4,23.0,22.4,20.2,20.8,23.1,20.1,21.0,21.1,22.7,23.8,23.1,26.7,25.4,21.6,18.8,15.4,13.8,12.8,10.3,7.5,4.5,3.3,2.4,2.6,-2.6,-3.7,-3.8,-3.8,-4.4,-3.0,-0.2,25.8,34.8,38.3,13.4,0.0,17.9,25.2,14.4,76.1,,,OBAnorm,,LD831_02097v2.403,,,,0,0
DENATRLA,2025-06-23 08:00:37.000,23.3,27.0,22.6,22.1,21.5,22.6,20.6,21.8,17.7,20.3,23.4,30.0,27.4,24.8,21.2,21.0,19.2,16.2,14.6,12.7,10.2,11.0,8.2,10.3,7.5,8.2,0.0,-3.8,-3.8,-3.9,-4.4,-3.2,-0.1,26.0,35.7,38.0,13.4,0.0,17.8,25.2,14.4,76.1,,,OBAnorm,,LD831_02097v2.403,,,,0,0
DENATRLA,2025-06-23 08:00:38.000,26.8,25.1,24.9,27.5,24.4,21.4,23.8,23.0,17.9,21.2,23.2,27.5,28.7,26.3,23.9,19.8,18.2,15.7,14.6,12.7,10.2,7.8,4.0,3.3,3.9,4.2,-2.0,-3.8,-3.6,-3.6,-4.2,-3.0,-0.2,25.8,36.3,39.7,13.4,0.0,17.8,25.2,14.5,76.1,,,OBAnorm,,LD831_02097v2.403,,,,0,0
DENATRLA,2025-06-23 08:00:39.000,24.5,27.8,24.4,30.1,28.1,21.1,20.3,22.3,17.4,22.8,28.0,29.9,27.9,25.0,24.4,20.5,19.2,16.3,14.5,13.5,10.7,10.8,6.5,3.9,1.3,-0.1,-2.4,-3.8,-3.8,-3.8,-4.4,-3.1,-0.2,26.8,37.6,39.8,13.4,0.0,17.8,25.2,14.4,76.1,,,OBAnorm,,LD831_02097v2.403,,,,0,0
DENATRLA,2025-06-23 08:00:40.000,22.3,27.3,27.0,28.7,31.8,27.5,21.7,21.9,18.9,23.9,28.7,32.5,33.1,31.5,27.4,23.5,19.6,15.6,14.0,13.2,10.7,8.3,5.2,4.4,2.1,0.0,-2.9,-3.8,-3.7,-3.9,-4.4,-3.0,0.0,28.5,38.6,43.1,13.4,0.0,17.8,25.2,14.4,76.1,,,OBAnorm,,LD831_02097v2.403,,,,0,0
DENATRLA,2025-06-23 08:00:41.000,20.9,28.0,24.6,28.0,26.8,19.7,20.2,20.5,16.8,22.7,30.5,32.9,30.3,28.2,24.9,19.7,18.5,15.5,14.5,12.2,10.7,7.9,5.0,5.5,4.0,1.1,-2.3,-3.8,-3.7,-3.9,-4.4,-3.2,-0.2,27.2,37.9,40.8,13.4,0.0,17.8,25.2,14.4,76.1,,,OBAnorm,,LD831_02097v2.403,,,,0,0
DENATRLA,2025-06-23 08:00:42.000,21.1,26.4,25.7,21.5,25.3,21.0,19.3,18.6,16.8,20.3,26.1,26.5,26.3,24.1,20.2,18.5,17.7,14.7,13.6,12.1,9.8,8.8,5.4,5.1,2.8,0.9,-2.5,-3.7,-3.7,-3.4,-4.2,-3.1,-0.2,23.9,33.1,37.7,13.4,0.0,17.8,25.2,14.4,76.1,,,OBAnorm,,LD831_02097v2.403,,,,0,0
DENATRLA,2025-06-23 08:00:43.000,23.6,25.6,19.0,22.7,21.5,19.3,14.7,16.3,15.9,16.1,21.1,22.8,22.1,23.1,21.6,18.1,16.1,14.8,13.9,12.3,10.3,10.6,6.5,8.9,6.2,0.9,-2.2,-3.7,-3.7,-3.8,-4.5,-3.2,-0.1,23.9,31.6,37.0,13.4,0.0,17.8,25.2,14.5,76.1,,,OBAnorm,,LD831_02097v2.403,,,,0,0
DENATRLA,2025-06-23 08:00:44.000,28.6,28.6,22.4,16.7,20.6,20.1,12.3,14.6,13.4,14.4,21.5,25.9,25.0,21.1,20.5,18.0,16.2,15.2,14.6,12.3,10.5,11.1,8.7,7.0,9.6,2.6,-1.4,-3.5,-3.7,-3.8,-4.4,-3.0,-0.1,24.1,32.7,38.5,13.4,0.0,17.8,25.2,14.5,76.1,,,OBAnorm,,LD831_02097v2.403,,,,0,0
DENATRLA,2025-06-23 08:00:45.000,25.0,26.7,17.1,17.9,22.4,18.8,13.8,13.5,15.0,20.5,25.2,30.8,26.6,24.7,21.8,18.5,17.2,15.5,14.3,12.7,10.4,10.2,7.6,3.9,1.7,6.2,-1.3,-3.7,-3.8,-3.9,-4.3,-3.2,-0.1,25.1,34.8,40.6,13.4,0.0,17.8,25.2,14.5,76.1,,,OBAnorm,,LD831_02097v2.403,,,,0,0
DENATRLA,2025-06-23 08:00:46.000,27.3,25.9,24.8,24.7,22.5,18.9,14.7,15.0,14.0,14.1,25.4,24.5,25.4,21.0,20.2,18.2,17.4,15.2,14.5,12.7,10.2,9.9,7.3,5.1,1.6,11.2,0.7,-3.7,-3.8,-3.8,-4.4,-3.2,0.0,24.2,33.1,41.5,13.4,0.0,17.8,25.2,14.5,76.1,,,OBAnorm,,LD831_02097v2.403,,,,0,0
DENATRLA,2025-06-23 08:00:47.000,28.0,22.9,23.6,21.9,20.9,20.7,17.2,17.7,14.5,13.8,23.8,24.6,24.6,22.4,20.5,18.4,17.0,14.8,14.4,12.8,10.9,8.7,7.7,4.3,3.5,3.8,-1.0,-3.8,-3.8,-3.9,-4.4,-3.2,-0.2,23.9,32.5,39.7,13.4,0.0,17.8,25.2,14.5,76.1,,,OBAnorm,,LD831_02097v2.403,,,,0,0
DENATRLA,2025-06-23 08:00:48.000,20.2,22.7,23.7,24.0,24.8,21.4,16.8,14.8,13.3,20.3,23.0,25.4,24.8,22.9,21.0,18.1,17.0,15.8,14.5,13.2,11.1,8.0,5.0,4.4,2.1,0.8,-1.8,-3.8,-3.7,-3.6,-4.3,-3.0,-0.1,24.3,33.1,41.5,13.4,0.0,17.8,25.2,14.5,76.1,,,OBAnorm,,LD831_02097v2.403,,,,0,0
DENATRLA,2025-06-23 08:00:49.000,27.7,23.1,20.6,17.6,22.4,21.3,20.8,13.6,12.8,19.2,27.7,30.5,27.1,28.0,23.0,20.4,17.7,14.7,14.9,13.7,10.8,11.6,9.3,11.2,7.8,1.4,-1.9,-3.5,-3.4,-3.6,-4.2,-3.1,-0.1,26.3,36.0,45.3,13.4,0.0,17.8,25.2,14.5,76.7,,,OBAnorm,,LD831_02097v2.403,,,,0,0
DENATRLA,2025-06-23 08:00:50.000,23.4,24.2,21.2,23.1,24.3,22.5,20.8,19.8,15.3,19.2,25.3,29.8,27.0,29.8,23.9,19.4,17.2,16.6,14.5,13.2,11.0,9.4,8.0,11.2,9.8,5.3,-1.2,-3.8,-3.5,-3.8,-4.3,-3.0,-0.2,26.7,35.8,41.3,13.4,0.0,17.8,25.2,14.5,76.7,,,OBAnorm,,LD831_02097v2.403,,,,0,0
DENATRLA,2025-06-23 08:00:51.000,24.1,25.8,24.2,22.6,23.1,19.1,15.3,18.9,15.5,16.3,25.3,28.6,28.4,25.7,25.8,19.0,17.9,16.0,16.1,14.2,11.2,8.3,6.1,3.6,1.6,1.1,-2.2,-3.7,-3.7,-3.9,-4.4,-3.1,-0.1,26.6,36.2,44.3,13.4,0.0,17.8,25.2,14.5,76.7,,,OBAnorm,,LD831_02097v2.403,,,,0,0
DENATRLA,2025-06-23 08:00:52.000,26.2,25.3,26.1,21.8,21.4,25.7,22.6,22.3,16.9,26.9,31.2,32.1,32.1,30.2,28.2,22.8,19.1,16.0,15.1,13.6,10.7,7.9,4.8,2.5,1.2,1.1,-2.4,-3.8,-3.7,-3.9,-4.3,-3.1,-0.1,28.8,39.7,45.0,13.4,0.0,17.8,25.2,14.5,76.7,,,OBAnorm,,LD831_02097v2.403,,,,0,0
DENATRLA,2025-06-23 08:00:53.000,26.4,26.6,22.6,23.7,27.5,27.8,27.1,25.8,22.9,24.7,32.9,33.5,29.7,27.2,25.4,20.8,17.2,15.5,14.6,12.9,10.7,10.1,6.0,5.7,3.1,1.5,-1.6,-3.8,-3.8,-3.9,-4.4,-3.2,0.0,27.4,39.3,43.4,13.4,0.0,17.9,25.2,14.5,76.7,,,OBAnorm,,LD831_02097v2.403,,,,0,0
DENATRLA,2025-06-23 08:00:54.000,28.5,28.1,24.5,25.9,25.2,29.8,26.2,28.9,24.4,29.1,33.0,32.2,30.3,29.1,22.8,19.5,17.7,15.6,14.5,12.8,10.6,8.8,5.8,5.4,3.2,1.0,-2.1,-3.8,-3.6,-3.9,-4.4,-3.2,-0.2,28.5,41.3,48.5,13.4,0.0,17.9,25.2,14.5,76.7,,,OBAnorm,,LD831_02097v2.403,,,,0,0
DENATRLA,2025-06-23 08:00:55.000,25.9,24.9,24.5,27.1,26.9,28.2,28.0,31.4,23.0,33.9,38.7,37.7,33.0,29.1,26.2,20.4,17.7,15.5,14.3,12.6,10.7,8.6,7.1,6.6,5.4,8.4,-1.6,-3.6,-3.7,-3.9,-4.3,-3.2,-0.2,29.8,42.8,47.2,13.4,0.0,17.8,25.2,14.5,76.7,,,OBAnorm,,LD831_02097v2.403,,,,0,0
DENATRLA,2025-06-23 08:00:56.000,25.9,26.2,23.3,24.6,28.2,28.5,29.7,30.9,27.0,30.7,33.6,33.1,34.3,33.2,28.0,19.6,17.8,15.4,14.5,12.7,10.3,9.0,7.7,9.0,13.1,10.6,-0.2,-3.6,-3.7,-3.8,-4.4,-3.1,-0.1,30.2,41.4,42.7,13.4,0.0,17.8,25.2,14.5,76.7,,,OBAnorm,,LD831_02097v2.403,,,,0,0
DENATRLA,2025-06-23 08:00:57.000,28.9,21.9,22.8,25.1,27.9,29.7,28.1,29.2,25.9,27.3,30.5,36.0,34.5,32.5,27.9,20.1,17.3,15.7,14.7,14.0,10.6,9.8,7.5,6.9,6.8,5.5,-1.2,-3.5,-3.1,-3.4,-4.0,-2.9,-0.1,30.6,41.6,42.4,13.4,0.0,17.8,25.2,14.5,76.7,,,OBAnorm,,LD831_02097v2.403,,,,0,0
DENATRLA,2025-06-23 08:00:58.000,23.7,21.9,23.8,23.6,22.4,26.8,24.8,25.4,23.8,25.5,33.9,33.8,34.9,34.0,30.8,22.7,17.4,15.6,14.7,12.5,10.5,8.0,5.7,7.2,4.1,1.1,-2.2,-3.7,-3.7,-3.8,-4.4,-3.1,-0.1,29.5,39.6,41.6,13.4,0.0,17.8,25.2,14.5,76.7,,,OBAnorm,,LD831_02097v2.403,,,,0,0
DENATRLA,2025-06-23 08:00:59.000,25.6,21.3,26.2,21.7,25.5,28.9,24.6,23.8,20.3,23.4,24.2,27.0,32.4,29.7,27.6,19.5,16.6,15.6,14.1,12.6,10.7,8.4,6.2,4.1,2.4,1.0,-2.0,-3.7,-3.7,-3.8,-4.4,-3.0,-0.1,27.4,37.0,39.4,13.4,0.0,17.8,25.2,14.5,76.7,,,OBAnorm,,LD831_02097v2.403,,,,0,0
DENATRLA,2025-06-23 08:01:00.000,26.1,25.3,22.9,23.5,22.8,24.2,22.5,22.3,18.1,19.1,28.8,30.2,29.9,25.3,23.1,18.1,16.5,15.4,14.1,13.2,10.6,9.1,6.6,7.1,3.8,1.6,-1.9,-3.8,-3.8,-3.8,-4.3,-3.1,-0.3,26.7,37.9,39.5,13.4,0.0,17.9,25.2,14.5,76.7,,,OBAnorm,,LD831_02097v2.403,,,,0,0
DENATRLA,2025-06-23 08:01:01.000,26.6,24.6,23.4,22.2,20.4,24.1,21.4,19.4,21.6,25.7,34.5,36.2,29.3,26.8,24.2,19.3,17.0,15.8,14.7,12.6,10.9,8.0,5.3,3.5,2.9,1.7,-1.9,-3.7,-3.7,-3.5,-4.4,-3.2,-0.1,27.4,39.3,41.0,13.4,0.0,17.8,25.2,14.5,76.7,,,OBAnorm,,LD831_02097v2.403,,,,0,0
DENATRLA,2025-06-23 08:01:02.000,24.2,24.4,23.5,20.4,19.5,24.7,21.4,17.7,16.0,23.1,31.2,33.6,34.5,27.5,22.3,18.1,17.2,16.0,15.1,13.8,11.2,8.9,8.0,14.3,11.3,8.8,1.6,-3.2,-3.0,-3.1,-3.8,-2.5,0.1,28.9,39.7,41.4,13.4,0.0,17.8,25.2,14.5,76.7,,,OBAnorm,,LD831_02097v2.403,,,,0,0
DENATRLA,2025-06-23 08:01:03.000,24.1,21.9,22.8,20.7,24.1,24.4,20.4,17.5,15.3,23.7,30.5,32.5,31.4,28.4,21.6,18.6,16.7,15.3,15.1,13.2,11.2,9.0,6.1,10.6,10.5,9.9,-0.8,-3.6,-3.6,-3.8,-4.3,-3.1,-0.1,26.6,36.7,41.0,13.4,0.0,17.8,25.2,14.5,76.7,,,OBAnorm,,LD831_02097v2.403,,,,0,0
DENATRLA,2025-06-23 08:01:04.000,23.5,27.5,23.8,22.8,23.2,24.0,17.4,19.4,13.3,15.7,26.0,28.1,28.0,25.7,22.1,18.3,17.0,15.0,14.6,12.7,11.0,8.7,5.6,3.8,2.8,5.4,-0.5,-3.6,-3.7,-3.8,-4.3,-3.1,0.0,25.3,34.8,39.5,13.4,0.0,17.8,25.2,14.5,76.7,,,OBAnorm,,LD831_02097v2.403,,,,0,0
DENATRLA,2025-06-23 08:01:05.000,29.6,27.0,26.3,20.4,22.9,23.0,18.2,19.0,15.8,14.7,24.4,29.0,30.1,27.0,23.7,18.6,16.0,16.0,14.4,13.0,11.3,9.2,6.1,4.7,2.3,5.8,-1.1,-3.8,-3.8,-3.9,-4.4,-3.1,-0.1,26.4,35.9,41.0,13.4,0.0,17.8,25.2,14.5,76.7,,,OBAnorm,,LD831_02097v2.403,,,,0,0
DENATRLA,2025-06-23 08:01:06.000,28.7,24.7,25.3,21.1,17.4,20.0,18.5,20.6,14.1,21.8,27.1,27.7,33.0,30.3,25.1,17.3,16.7,15.3,15.0,13.2,11.1,8.9,6.9,7.4,5.6,2.5,-2.0,-3.8,-3.8,-3.9,-4.4,-3.2,-0.2,27.2,37.3,40.1,13.4,0.0,17.8,25.2,14.5,76.7,,,OBAnorm,,LD831_02097v2.403,,,,0,0
DENATRLA,2025-06-23 08:01:07.000,30.2,27.3,23.4,21.7,22.8,26.2,18.6,21.9,18.3,24.4,28.1,25.1,28.0,25.1,22.5,18.5,16.6,15.8,15.0,13.1,11.3,10.5,8.2,5.0,4.1,2.1,-2.0,-3.8,-3.8,-3.9,-4.4,-3.3,-0.1,26.0,35.8,43.3,13.4,0.0,17.8,25.2,14.5,76.7,,,OBAnorm,,LD831_02097v2.403,,,,0,0
DENATRLA,2025-06-23 08:01:08.000,26.9,29.4,19.5,19.4,24.5,20.8,23.2,17.5,22.1,22.4,29.2,30.5,29.5,27.7,24.3,19.0,17.8,15.7,15.9,13.3,11.4,10.1,10.9,15.0,11.9,2.5,-1.9,-3.5,-3.7,-3.8,-4.4,-3.2,-0.2,26.9,36.9,41.7,13.4,0.0,17.9,25.2,14.5,76.7,,,OBAnorm,,LD831_02097v2.403,,,,0,0
DENATRLA,2025-06-23 08:01:09.000,29.8,25.9,24.5,19.8,23.4,26.4,26.8,23.5,19.4,21.3,27.2,31.6,26.3,25.1,22.2,17.9,17.5,16.3,15.6,13.9,12.2,10.8,7.3,6.8,4.7,3.0,-1.8,-3.8,-3.7,-3.9,-4.3,-3.1,-0.2,25.8,36.4,41.6,13.4,0.0,17.9,25.2,14.5,76.7,,,OBAnorm,,LD831_02097v2.403,,,,0,0
DENATRLA,2025-06-23 08:01:10.000,24.2,26.8,21.2,22.3,24.5,26.2,25.4,25.6,21.8,21.4,28.1,31.2,29.1,27.8,22.5,17.5,17.4,16.3,15.6,14.1,12.5,10.7,7.1,6.6,4.4,3.9,-0.8,-3.8,-3.8,-3.9,-4.4,-3.1,-0.2,26.8,37.1,43.4,13.4,0.0,17.8,25.2,14.5,76.7,,,OBAnorm,,LD831_02097v2.403,,,,0,0
DENATRLA,2025-06-23 08:01:11.000,25.8,24.7,19.3,20.5,23.3,23.0,25.5,21.8,20.2,21.1,28.2,30.5,28.3,30.5,24.0,18.4,16.9,16.7,15.7,13.6,11.9,11.3,7.3,6.1,3.8,2.1,-1.3,-3.8,-3.8,-3.8,-4.4,-3.2,0.0,26.6,36.5,41.4,13.4,0.0,17.8,25.2,14.5,76.7,,,OBAnorm,,LD831_02097v2.403,,,,0,0
DENATRLA,2025-06-23 08:01:12.000,27.0,22.1,21.1,20.4,23.8,25.0,23.3,25.6,19.5,24.2,27.9,34.6,30.4,29.2,23.7,18.6,17.9,16.9,16.1,14.1,11.3,10.9,7.0,5.3,3.9,1.8,-1.7,-3.6,-3.7,-3.9,-4.4,-3.1,-0.2,28.8,40.0,44.6,13.4,0.0,17.8,25.2,14.5,76.7,,,OBAnorm,,LD831_02097v2.403,,,,0,0
DENATRLA,2025-06-23 08:01:13.000,26.5,29.5,24.8,25.4,25.3,27.8,27.0,26.2,25.2,23.0,29.3,35.1,36.4,32.3,23.5,20.1,18.3,17.6,16.9,14.6,11.7,10.3,7.8,7.7,7.7,4.3,-1.7,-3.8,-3.7,-3.9,-4.4,-3.2,-0.2,30.2,41.4,44.1,13.4,0.0,17.9,25.2,14.5,76.7,,,OBAnorm,,LD831_02097v2.403,,,,0,0
DENATRLA,2025-06-23 08:01:14.000,24.7,23.8,21.4,19.8,26.5,28.5,27.8,29.4,27.5,28.5,35.2,38.0,34.7,31.6,24.6,20.0,18.3,16.4,16.2,13.9,11.8,11.1,10.5,12.7,8.2,4.8,-1.4,-3.8,-3.7,-3.8,-4.5,-3.2,-0.1,31.0,43.2,46.5,13.4,0.0,17.9,25.2,14.5,76.7,,,OBAnorm,,LD831_02097v2.403,,,,0,0
DENATRLA,2025-06-23 08:01:15.000,18.7,27.2,25.3,21.9,27.7,26.0,29.4,31.6,25.9,31.9,36.6,35.6,35.3,34.0,26.5,21.5,18.6,17.2,15.9,13.8,11.7,9.7,8.4,8.6,9.0,4.4,-1.1,-3.8,-3.8,-3.9,-4.5,-3.2,-0.1,30.2,41.7,45.1,13.4,0.0,17.8,25.2,14.5,76.7,,,OBAnorm,,LD831_02097v2.403,,,,0,0
DENATRLA,2025-06-23 08:01:16.000,27.1,25.1,23.6,26.2,23.0,26.0,24.9,29.5,23.3,29.5,33.4,34.4,31.3,28.1,25.3,19.8,17.8,16.5,15.1,13.3,11.6,10.4,6.9,5.4,5.5,2.7,-2.0,-3.5,-3.8,-3.9,-4.4,-3.2,-0.1,28.0,39.3,43.0,13.4,0.0,17.8,25.2,14.5,76.7,,,OBAnorm,,LD831_02097v2.403,,,,0,0
DENATRLA,2025-06-23 08:01:17.000,23.2,20.7,22.4,24.1,26.1,24.7,25.2,27.4,23.7,30.5,32.6,28.0,34.7,33.5,26.8,20.3,17.9,16.4,15.0,14.0,11.3,9.7,6.0,3.2,2.3,1.4,-2.1,-3.7,-3.8,-3.9,-4.4,-3.2,-0.2,29.8,41.0,43.5,13.4,0.0,17.8,25.2,14.5,76.7,,,OBAnorm,,LD831_02097v2.403,,,,0,0
DENATRLA,2025-06-23 08:01:18.000,29.0,19.4,17.2,29.1,25.1,32.4,30.3,27.8,28.0,25.3,30.2,34.4,32.3,33.1,29.6,21.0,17.7,16.0,15.9,14.5,11.4,9.5,6.3,5.6,3.3,1.6,-2.0,-3.7,-3.7,-3.7,-4.4,-3.1,-0.1,29.7,40.7,45.4,13.4,0.0,17.9,25.2,14.5,76.7,,,OBAnorm,,LD831_02097v2.403,,,,0,0
DENATRLA,2025-06-23 08:01:19.000,27.7,23.8,28.1,27.9,26.5,33.3,27.5,23.3,24.5,26.4,26.9,32.7,29.9,28.8,26.1,19.1,18.0,15.9,15.9,13.8,11.6,10.2,5.7,4.4,2.8,2.1,-0.4,-3.0,-3.0,-3.4,-4.1,-3.0,-0.2,27.5,38.2,40.8,13.4,0.0,17.8,25.2,14.5,76.7,,,OBAnorm,,LD831_02097v2.403,,,,0,0
DENATRLA,2025-06-23 08:01:20.000,21.3,23.5,25.6,26.1,26.0,23.7,18.9,23.0,22.6,25.2,25.3,29.3,27.7,27.3,23.4,18.4,17.1,16.6,15.4,13.6,12.1,10.0,8.2,11.8,10.3,5.1,2.2,-1.9,-2.7,-3.8,-4.4,-3.2,-0.3,25.8,34.9,41.9,13.4,0.0,17.9,25.2,14.4,76.7,,,OBAnorm,,LD831_02097v2.403,,,,0,0
DENATRLA,2025-06-23 08:01:21.000,25.6,26.3,29.0,25.1,24.3,19.7,20.0,18.5,16.0,20.1,21.5,27.0,27.8,25.4,21.1,18.5,17.6,15.9,16.5,14.3,11.2,10.7,9.4,9.7,12.2,6.5,0.7,-2.7,-3.4,-3.9,-4.3,-3.2,-0.1,25.6,34.0,45.0,13.4,0.0,17.9,25.2,14.4,76.7,,,OBAnorm,,LD831_02097v2.403,,,,0,0
DENATRLA,2025-06-23 08:01:22.000,23.6,25.7,23.7,21.1,18.9,21.9,19.2,16.5,16.3,17.7,25.3,28.8,25.8,26.3,21.2,17.6,17.0,16.8,15.6,13.4,11.4,10.3,7.9,6.0,3.9,5.5,-1.8,-3.5,-3.8,-3.9,-4.5,-3.1,-0.1,25.2,34.5,43.7,13.4,0.0,17.8,25.2,14.4,76.7,,,OBAnorm,,LD831_02097v2.403,,,,0,0
DENATRLA,2025-06-23 08:01:23.000,23.7,26.3,20.2,21.2,19.2,22.6,21.1,17.8,15.5,19.1,23.9,29.6,29.2,31.0,22.2,17.1,15.6,15.0,14.6,13.0,10.9,10.4,7.8,5.8,4.1,2.5,-2.1,-3.2,-3.8,-3.9,-4.4,-3.1,-0.1,26.9,36.8,47.5,13.4,0.0,17.8,25.2,14.4,76.7,,,OBAnorm,,LD831_02097v2.403,,,,0,0
DENATRLA,2025-06-23 08:01:24.000,17.6,22.3,22.8,21.8,22.0,24.6,25.6,18.7,17.8,22.5,27.5,27.5,28.1,27.2,21.1,17.2,16.9,15.8,15.1,13.1,10.6,10.0,7.7,5.9,4.1,1.7,-2.3,-3.7,-3.8,-3.9,-4.4,-3.1,-0.1,25.2,35.5,46.3,13.4,0.0,17.8,25.2,14.4,76.7,,,OBAnorm,,LD831_02097v2.403,,,,0,0
DENATRLA,2025-06-23 08:01:25.000,23.3,20.9,22.8,22.1,24.2,24.4,23.5,18.6,17.4,21.8,28.5,27.7,28.0,29.5,24.4,17.1,16.7,16.4,14.6,13.4,10.9,10.2,8.1,5.5,3.6,0.5,-1.7,-3.8,-3.8,-3.9,-4.4,-3.2,-0.1,27.7,38.5,46.0,13.4,0.0,17.8,25.2,14.4,76.7,,,OBAnorm,,LD831_02097v2.403,,,,0,0
DENATRLA,2025-06-23 08:01:26.000,25.5,25.6,24.2,21.6,25.1,26.6,27.0,24.8,24.4,26.4,35.8,37.9,35.5,29.6,25.6,18.4,16.7,15.8,14.5,12.8,10.9,9.7,7.9,3.8,2.4,0.6,-2.4,-3.8,-3.8,-4.0,-4.4,-3.2,-0.1,29.7,41.9,46.3,13.4,0.0,17.8,25.2,14.4,76.7,,,OBAnorm,,LD831_02097v2.403,,,,0,0
DENATRLA,2025-06-23 08:01:27.000,28.1,25.4,21.9,22.1,22.7,29.3,27.8,28.0,27.8,27.8,32.2,35.7,29.6,29.1,27.8,18.9,17.0,15.3,14.4,13.2,11.7,11.4,12.1,15.5,15.4,8.1,-2.0,-3.8,-3.8,-3.9,-4.4,-3.1,0.0,28.4,40.1,42.2,13.4,0.0,17.8,25.2,14.4,76.7,,,OBAnorm,,LD831_02097v2.403,,,,0,0
DENATRLA,2025-06-23 08:01:28.000,22.6,24.5,22.1,23.6,24.0,28.9,31.8,29.9,27.4,27.4,28.2,29.2,30.5,28.6,23.3,17.1,17.4,15.8,14.9,13.2,11.0,10.7,9.5,7.6,6.4,3.5,-1.0,-3.7,-3.7,-3.9,-4.3,-3.1,-0.2,26.8,38.2,40.2,13.4,0.0,17.8,25.2,14.4,76.7,,,OBAnorm,,LD831_02097v2.403,,,,0,0
DENATRLA,2025-06-23 08:01:29.000,24.1,19.5,25.2,22.9,24.1,28.7,29.3,26.7,26.2,29.3,32.8,32.2,30.3,30.1,24.8,17.3,16.5,15.7,14.1,13.1,11.3,9.2,6.1,3.6,1.3,0.9,-2.6,-3.7,-3.7,-3.8,-4.4,-3.0,-0.3,29.0,41.4,43.8,13.4,0.0,17.8,25.2,14.4,76.7,,,OBAnorm,,LD831_02097v2.403,,,,0,0
DENATRLA,2025-06-23 08:01:30.000,24.3,25.4,27.5,25.1,25.7,25.9,28.9,27.2,30.6,28.5,36.1,39.2,34.7,31.8,23.3,17.7,17.3,16.3,15.1,13.1,11.3,9.2,6.5,3.7,1.5,3.0,-2.2,-3.6,-3.7,-3.8,-4.4,-3.2,-0.3,30.0,42.1,45.5,13.4,0.0,17.8,25.2,14.4,76.7,,,OBAnorm,,LD831_02097v2.403,,,,0,0
DENATRLA,2025-06-23 08:01:31.000,26.9,22.7,22.5,23.6,26.1,25.2,24.8,25.6,25.4,26.8,31.5,33.4,31.8,29.8,20.3,17.0,16.7,16.4,14.5,13.9,12.2,9.6,7.3,6.6,6.2,4.1,-1.4,-3.7,-3.7,-3.9,-4.4,-3.2,-0.2,27.3,37.9,44.5,13.4,0.0,17.9,25.2,14.5,76.7,,,OBAnorm,,LD831_02097v2.403,,,,0,0
DENATRLA,2025-06-23 08:01:32.000,26.9,23.2,25.4,22.5,20.4,24.1,27.3,22.2,24.0,24.4,30.9,37.1,36.3,33.0,24.7,17.7,16.1,15.8,14.8,14.1,12.3,9.8,6.5,6.7,4.3,2.5,-1.5,-3.7,-3.8,-3.8,-4.5,-3.2,-0.1,30.7,42.3,43.2,13.4,0.0,17.8,25.2,14.5,76.7,,,OBAnorm,,LD831_02097v2.403,,,,0,0
DENATRLA,2025-06-23 08:01:33.000,22.7,23.7,22.8,20.6,23.4,29.3,25.5,24.1,23.4,25.6,30.2,34.9,30.0,25.3,20.3,17.1,17.7,16.9,15.4,14.6,12.3,11.3,9.9,12.0,10.3,10.8,1.1,-3.5,-3.6,-3.2,-4.2,-2.8,-0.1,26.8,37.2,40.9,13.4,0.0,17.9,25.3,14.4,76.7,,,OBAnorm,,LD831_02097v2.403,,,,0,0
DENATRLA,2025-06-23 08:01:34.000,25.5,25.1,23.8,21.2,25.1,25.1,22.6,21.6,21.2,23.3,25.9,27.2,32.6,30.3,22.3,17.8,16.7,16.5,15.7,14.1,12.1,10.2,7.2,6.9,7.3,5.7,-1.3,-3.4,-3.7,-3.7,-4.5,-3.0,-0.2,27.9,38.1,41.2,13.4,0.0,17.8,25.2,14.4,76.7,,,OBAnorm,,LD831_02097v2.403,,,,0,0
DENATRLA,2025-06-23 08:01:35.000,23.7,18.4,20.0,22.1,18.9,21.4,19.4,22.5,26.4,26.3,27.0,32.7,31.5,29.0,22.3,17.8,16.6,16.7,15.8,14.3,12.0,10.5,7.3,6.9,4.9,2.3,-1.4,-3.7,-3.8,-3.8,-4.5,-3.1,-0.2,26.9,37.5,39.8,13.4,0.0,17.8,25.2,14.4,76.7,,,OBAnorm,,LD831_02097v2.403,,,,0,0
DENATRLA,2025-06-23 08:01:36.000,27.0,23.7,21.1,17.6,15.2,24.9,25.9,27.7,25.9,24.3,25.3,29.3,31.5,27.0,22.5,17.8,16.1,15.9,15.6,14.1,12.0,10.8,7.6,5.8,2.5,2.2,-1.2,-3.6,-3.7,-3.9,-4.4,-3.1,-0.2,26.2,37.2,41.1,13.4,0.0,17.8,25.2,14.4,76.7,,,OBAnorm,,LD831_02097v2.403,,,,0,0
DENATRLA,2025-06-23 08:01:37.000,23.2,17.5,24.1,24.5,19.5,21.8,28.6,27.3,26.1,21.7,27.8,29.1,26.2,26.8,21.2,17.4,16.4,16.2,16.2,14.4,12.6,9.9,7.0,4.8,2.5,1.6,-0.9,-3.6,-3.7,-3.9,-4.4,-3.1,-0.2,26.3,37.6,43.3,13.4,0.0,17.8,25.2,14.4,76.7,,,OBAnorm,,LD831_02097v2.403,,,,0,0
DENATRLA,2025-06-23 08:01:38.000,21.8,19.5,23.4,23.2,23.3,24.5,26.2,27.8,25.5,27.2,32.1,35.4,31.4,31.1,26.5,19.4,16.5,16.5,15.7,14.9,12.3,9.9,7.7,6.9,4.3,3.1,-0.7,-3.5,-3.7,-3.9,-4.4,-3.1,-0.1,28.7,39.8,47.4,13.4,0.0,17.8,25.2,14.4,76.7,,,OBAnorm,,LD831_02097v2.403,,,,0,0
DENATRLA,2025-06-23 08:01:39.000,25.5,18.0,26.2,25.6,23.8,21.2,22.6,27.1,23.6,24.8,27.4,31.4,28.8,27.7,24.6,18.6,17.4,16.5,15.9,14.0,12.4,10.8,8.3,8.5,5.6,5.0,-0.7,-3.5,-3.5,-3.8,-4.4,-3.0,-0.1,27.0,38.7,47.4,13.4,0.0,17.8,25.2,14.4,76.7,,,OBAnorm,,LD831_02097v2.403,,,,0,0
DENATRLA,2025-06-23 08:01:40.000,22.5,23.7,25.7,23.3,24.3,26.7,32.0,32.3,28.1,26.0,32.2,34.3,33.5,31.7,28.1,19.6,17.5,16.2,15.4,14.8,13.4,10.7,9.3,10.7,10.4,7.1,2.4,1.1,-0.5,-3.4,-4.3,-3.1,-0.2,29.5,41.2,46.9,13.4,0.0,17.8,25.2,14.4,76.7,,,OBAnorm,,LD831_02097v2.403,,,,0,0
DENATRLA,2025-06-23 08:01:41.000,26.9,23.7,24.6,26.1,20.8,33.2,29.3,29.4,26.7,22.1,26.4,29.3,29.6,28.5,21.3,17.4,17.0,16.8,16.1,15.4,13.3,11.0,9.1,10.6,9.5,6.9,3.0,2.2,0.5,-3.1,-4.3,-3.2,-0.2,26.6,36.5,42.1,13.4,0.0,17.8,25.2,14.5,76.7,,,OBAnorm,,LD831_02097v2.403,,,,0,0
DENATRLA,2025-06-23 08:01:42.000,28.8,24.8,21.1,21.8,21.3,25.0,23.2,22.3,18.9,21.7,31.4,29.5,26.5,26.9,22.0,17.4,17.4,17.0,16.0,14.8,13.1,11.4,11.8,8.9,7.9,6.2,2.3,1.1,0.1,-3.8,-4.4,-3.2,-0.1,26.4,36.9,47.8,13.4,0.0,17.8,25.2,14.5,76.7,,,OBAnorm,,LD831_02097v2.403,,,,0,0
DENATRLA,2025-06-23 08:01:43.000,27.0,26.1,22.9,21.6,22.8,22.8,25.3,21.7,23.1,24.1,26.3,27.9,26.4,24.3,20.3,18.1,16.4,16.5,15.8,14.6,11.9,10.7,8.0,7.1,4.8,2.9,-0.5,-3.2,-2.5,-3.9,-4.4,-3.1,-0.1,25.5,35.4,46.8,13.4,0.0,17.8,25.3,14.5,76.7,,,OBAnorm,,LD831_02097v2.403,,,,0,0
DENATRLA,2025-06-23 08:01:44.000,28.9,27.2,23.0,21.6,19.8,18.6,20.4,23.0,21.4,17.6,23.9,33.1,29.6,23.8,21.3,17.3,16.7,16.6,14.9,14.4,11.9,9.1,7.1,7.0,4.0,2.7,-1.1,-3.6,-3.7,-3.7,-4.3,-3.1,-0.1,25.7,35.9,43.9,13.4,0.0,17.8,25.2,14.5,76.7,,,OBAnorm,,LD831_02097v2.403,,,,0,0
DENATRLA,2025-06-23 08:01:45.000,28.7,22.7,24.0,25.7,20.0,21.9,21.1,21.7,13.0,22.1,21.8,26.7,26.9,21.6,19.8,17.8,17.3,16.5,15.7,14.9,11.9,11.8,9.4,4.8,2.4,1.9,-0.1,-3.3,-3.5,-3.5,-4.3,-3.1,-0.1,24.9,33.9,42.4,13.4,0.0,17.8,25.3,14.5,76.7,,,OBAnorm,,LD831_02097v2.403,,,,0,0
DENATRLA,2025-06-23 08:01:46.000,23.4,25.6,24.4,21.3,16.2,22.5,20.8,20.1,14.7,19.1,24.6,29.0,27.1,25.6,19.8,16.9,16.7,15.9,16.0,14.4,12.5,10.6,11.0,11.0,6.5,2.3,-0.7,-3.4,-3.7,-3.9,-4.4,-3.2,0.0,25.6,34.8,47.8,13.4,0.0,17.9,25.2,14.5,76.7,,,OBAnorm,,LD831_02097v2.403,,,,0,0
DENATRLA,2025-06-23 08:01:47.000,24.8,23.0,18.1,20.7,22.3,15.7,16.3,19.1,20.9,23.3,22.4,25.7,27.0,25.3,21.0,17.5,17.4,16.3,15.9,14.2,12.2,10.6,8.8,9.8,8.6,5.0,-0.1,-3.2,-3.8,-3.9,-4.3,-3.1,-0.1,25.3,34.0,45.8,13.4,0.0,11.4,25.2,14.4,77.2,,,OBAnorm,,LD831_02097v2.403,,,,0,0
DENATRLA,2025-06-23 08:01:48.000,29.8,21.8,24.1,23.7,19.6,18.2,17.0,14.1,17.8,22.2,23.5,28.3,27.3,23.6,20.5,17.3,17.4,16.8,15.3,14.2,12.1,9.2,6.7,7.1,2.2,1.3,-2.0,-3.7,-3.8,-3.9,-4.4,-3.1,0.0,24.7,35.1,55.7,13.4,0.0,35.9,25.2,14.4,79.5,,,OBAnorm,,LD831_02097v2.403,,,,0,0
DENATRLA,2025-06-23 08:01:49.000,29.9,22.6,26.0,25.0,19.1,20.1,18.0,15.2,16.0,17.8,21.8,22.7,25.0,22.5,18.7,17.0,16.8,16.8,15.8,13.3,11.7,10.2,6.2,6.9,2.5,4.1,-2.0,-3.7,-3.8,-3.9,-4.4,-3.1,0.0,23.8,32.0,46.5,13.4,0.0,35.9,25.2,14.5,80.7,,,OBAnorm,,LD831_02097v2.403,,,,0,0
DENATRLA,2025-06-23 08:01:50.000,27.4,31.0,27.2,24.2,20.4,20.0,17.6,11.5,11.5,13.8,18.4,22.3,22.9,20.3,17.7,16.6,16.8,16.8,15.3,14.3,12.1,11.9,9.3,5.4,3.1,4.0,-2.0,-3.8,-3.8,-3.9,-4.4,-3.3,-0.1,23.8,32.5,46.4,13.4,0.0,35.9,25.2,14.5,80.7,,,OBAnorm,,LD831_02097v2.403,,,,0,0
DENATRLA,2025-06-23 08:01:51.000,29.7,28.0,23.3,23.9,19.2,14.5,13.3,14.9,14.9,18.5,20.7,21.8,22.7,20.7,18.4,16.1,16.8,16.1,15.4,13.3,11.5,11.0,7.7,10.7,4.7,3.7,-1.9,-3.8,-3.8,-3.8,-4.4,-3.2,-0.1,23.7,33.6,49.6,13.4,0.0,35.9,25.3,14.5,80.1,,,OBAnorm,,LD831_02097v2.403,,,,0,0
DENATRLA,2025-06-23 08:01:52.000,31.2,28.7,24.2,23.3,21.0,17.8,18.3,16.6,15.3,15.7,19.2,22.1,20.2,21.4,17.9,16.7,16.5,16.6,15.8,14.1,11.9,9.9,8.8,11.9,10.3,2.7,-1.9,-3.8,-3.7,-3.8,-4.4,-3.2,0.0,24.1,31.8,46.7,13.4,0.0,34.5,25.2,14.5,77.8,,,OBAnorm,,LD831_02097v2.403,,,,0,0
DENATRLA,2025-06-23 08:01:53.000,32.1,29.5,22.2,20.3,19.8,18.7,13.4,17.2,16.0,17.0,19.3,20.5,21.4,21.8,17.0,16.3,16.8,16.5,15.6,14.3,11.7,13.0,7.7,8.5,10.5,5.5,-1.2,-3.4,-3.2,-3.6,-4.3,-3.3,-0.1,23.9,31.8,48.4,13.4,0.0,34.5,25.2,14.5,76.1,,,OBAnorm,,LD831_02097v2.403,,,,0,0
DENATRLA,2025-06-23 08:01:54.000,34.5,31.1,26.8,23.6,19.3,15.7,16.6,17.4,15.3,15.4,17.0,21.1,21.0,20.2,18.3,16.9,17.3,16.0,15.1,13.8,12.5,12.0,7.4,6.6,4.3,2.3,-2.0,-3.7,-3.7,-3.7,-4.4,-3.1,0.0,23.5,32.9,51.0,13.4,0.0,34.5,25.2,14.5,76.1,,,OBAnorm,,LD831_02097v2.403,,,,0,0
DENATRLA,2025-06-23 08:01:55.000,30.3,24.9,29.7,25.0,18.9,18.0,18.4,19.1,12.5,16.0,16.4,21.0,20.2,18.7,17.6,16.8,17.4,16.4,14.8,13.6,11.9,12.4,7.9,7.3,3.7,1.9,-2.0,-3.6,-3.8,-3.8,-4.4,-3.1,-0.2,23.5,35.6,53.1,13.4,0.0,34.5,25.2,14.4,76.1,,,OBAnorm,,LD831_02097v2.403,,,,0,0
DENATRLA,2025-06-23 08:01:56.000,29.7,27.6,26.6,22.3,21.2,16.6,18.1,16.8,14.9,12.3,17.1,19.5,19.7,18.8,17.4,16.2,16.5,16.5,15.6,14.0,12.7,11.4,7.0,6.3,3.2,2.3,-1.8,-3.8,-3.7,-3.8,-4.3,-3.0,-0.1,23.3,38.4,56.0,13.4,0.0,34.5,25.3,14.4,76.1,,,OBAnorm,,LD831_02097v2.403,,,,0,0
DENATRLA,2025-06-23 08:01:57.000,31.9,31.9,34.5,32.1,26.8,25.0,23.1,17.5,15.6,12.9,16.5,20.7,21.4,18.3,16.8,17.3,15.9,16.4,16.2,15.2,12.9,10.7,9.1,7.4,5.7,3.9,-0.9,-3.5,-3.7,-3.8,-4.3,-3.2,-0.2,23.7,36.7,55.4,13.4,0.0,34.5,25.2,14.4,76.1,,,OBAnorm,,LD831_02097v2.403,,,,0,0
DENATRLA,2025-06-23 08:01:58.000,37.9,36.8,34.0,29.6,27.0,21.2,17.3,12.1,13.4,13.0,16.0,17.9,18.7,18.9,17.3,16.9,16.8,17.2,16.2,14.3,13.2,10.6,7.9,6.6,3.2,2.2,-1.8,-3.8,-3.8,-3.8,-4.3,-3.2,-0.1,23.6,41.3,62.0,13.4,0.0,34.5,25.3,14.4,76.1,,,OBAnorm,,LD831_02097v2.403,,,,0,0
DENATRLA,2025-06-23 08:01:59.000,41.7,37.4,35.7,30.8,27.8,25.4,18.9,15.4,14.8,12.5,14.7,16.9,17.9,17.8,17.2,17.0,17.1,16.6,16.4,15.0,12.9,11.5,8.9,9.7,6.1,5.5,-1.2,-3.2,-3.8,-3.8,-4.3,-3.1,-0.2,23.8,35.7,56.7,13.4,0.0,34.5,25.3,14.5,76.1,,,OBAnorm,,LD831_02097v2.403,,,,0,0
DENATRLA,2025-06-23 08:02:00.000,40.0,34.9,37.8,31.6,25.8,24.0,15.6,14.2,13.7,12.8,15.2,17.7,18.5,18.2,17.7,16.8,16.7,16.3,16.6,15.1,13.8,11.1,9.0,9.2,8.3,5.8,-1.3,-3.8,-3.8,-3.8,-4.4,-3.2,-0.1,23.9,35.5,57.5,13.4,0.0,35.9,25.3,14.4,77.8,,,OBAnorm,,LD831_02097v2.403,,,,0,0
DENATRLA,2025-06-23 08:02:01.000,43.3,39.0,30.2,21.6,21.1,23.2,21.0,20.7,18.1,19.1,18.4,18.7,18.0,19.8,17.2,17.0,16.9,16.3,16.6,15.2,13.0,10.4,7.9,7.7,4.1,2.2,-2.0,-3.8,-3.8,-3.9,-4.4,-3.3,-0.2,23.8,40.4,58.4,13.4,0.0,35.9,25.3,14.4,80.1,,,OBAnorm,,LD831_02097v2.403,,,,0,0
DENATRLA,2025-06-23 08:02:02.000,34.5,28.3,31.4,33.9,28.4,27.1,20.3,15.6,15.8,20.3,19.0,19.7,20.8,19.2,17.6,16.6,17.1,16.3,16.5,15.3,13.2,13.0,9.1,5.5,3.6,1.8,-1.9,-3.8,-3.7,-3.8,-4.4,-3.3,-0.2,23.9,33.9,53.6,13.4,0.0,35.9,25.3,14.4,80.1,,,OBAnorm,,LD831_02097v2.403,,,,0,0
DENATRLA,2025-06-23 08:02:03.000,37.9,38.8,37.4,31.9,21.5,17.0,16.5,13.6,15.3,14.7,16.2,17.8,18.4,17.8,17.0,16.7,16.8,16.9,16.0,15.0,12.9,9.8,8.9,8.5,6.4,5.8,-1.5,-3.8,-3.7,-3.9,-4.4,-3.2,-0.2,23.5,33.7,51.9,13.4,0.0,35.9,25.2,14.4,80.1,,,OBAnorm,,LD831_02097v2.403,,,,0,0
DENATRLA,2025-06-23 08:02:04.000,36.4,35.4,29.8,24.3,21.7,17.8,14.7,13.2,13.9,14.1,17.1,20.6,18.5,17.3,17.0,16.7,16.6,16.0,16.3,15.1,13.0,12.5,8.6,8.3,5.1,3.8,-2.2,-3.8,-3.8,-3.8,-4.4,-3.2,0.0,23.8,36.5,57.3,13.4,0.0,35.9,25.2,14.4,80.1,,,OBAnorm,,LD831_02097v2.403,,,,0,0
DENATRLA,2025-06-23 08:02:05.000,34.6,31.5,26.6,27.2,23.8,20.4,20.2,18.6,18.0,16.8,22.0,22.4,21.3,18.3,17.9,16.7,16.7,16.6,16.6,14.8,12.8,13.5,9.4,9.0,4.7,3.0,-2.2,-3.7,-3.8,-3.9,-4.3,-3.1,0.0,24.1,34.3,51.9,13.4,0.0,35.9,25.3,14.4,80.1,,,OBAnorm,,LD831_02097v2.403,,,,0,0
DENATRLA,2025-06-23 08:02:06.000,33.3,27.2,34.0,26.6,19.1,16.5,18.7,16.6,14.4,15.3,19.1,22.1,21.5,19.1,17.9,16.6,16.7,16.4,16.4,14.9,13.4,10.3,7.7,7.8,5.5,2.6,-2.0,-3.8,-3.8,-3.7,-4.3,-3.3,-0.2,23.8,35.5,53.5,13.4,0.0,35.9,25.2,14.4,80.1,,,OBAnorm,,LD831_02097v2.403,,,,0,0
DENATRLA,2025-06-23 08:02:07.000,32.6,35.1,29.1,25.2,21.8,19.9,21.8,20.3,18.7,20.1,21.7,22.7,22.0,20.2,17.9,16.7,16.3,16.4,16.4,14.8,12.4,9.9,7.8,9.7,6.3,4.5,-2.1,-3.8,-3.8,-3.9,-4.4,-3.2,-0.2,24.0,35.9,52.5,13.4,0.0,35.9,25.3,14.4,80.1,,,OBAnorm,,LD831_02097v2.403,,,,0,0
DENATRLA,2025-06-23 08:02:08.000,36.1,32.8,34.9,28.2,22.6,20.9,22.8,19.9,17.9,18.3,23.5,22.4,21.4,22.0,17.9,16.6,16.5,15.7,15.9,14.6,12.3,11.3,8.0,7.4,5.0,3.3,-1.8,-3.8,-3.8,-4.0,-4.3,-3.2,-0.1,23.8,33.3,51.0,13.4,0.0,35.9,25.3,14.4,80.1,,,OBAnorm,,LD831_02097v2.403,,,,0,0
DENATRLA,2025-06-23 08:02:09.000,38.7,34.5,33.8,25.2,19.9,16.3,16.1,18.1,13.7,19.4,17.9,21.4,22.8,20.7,16.8,16.8,17.4,16.1,15.9,14.8,12.5,11.7,7.6,7.5,5.7,3.6,-2.2,-3.8,-3.8,-3.9,-4.4,-3.2,-0.1,23.8,33.1,49.7,13.4,0.0,35.9,25.3,14.4,80.1,,,OBAnorm,,LD831_02097v2.403,,,,0,0
DENATRLA,2025-06-23 08:02:10.000,36.3,29.1,27.2,24.5,19.4,16.9,16.8,15.6,12.2,17.5,15.9,18.3,20.2,19.3,16.9,16.3,16.6,16.8,16.0,14.9,12.5,12.5,7.6,8.1,6.2,1.9,-2.2,-3.8,-3.8,-3.9,-4.4,-3.4,-0.2,23.8,36.1,55.0,13.4,0.0,35.9,25.3,14.4,80.1,,,OBAnorm,,LD831_02097v2.403,,,,0,0
DENATRLA,2025-06-23 08:02:11.000,32.0,27.8,27.3,24.1,25.8,23.6,22.2,17.8,14.8,17.7,22.3,19.3,21.5,20.3,18.0,16.7,17.0,16.5,16.3,14.8,12.8,12.5,7.5,7.2,3.8,1.2,-2.7,-3.8,-3.8,-3.8,-4.4,-3.2,-0.2,23.9,35.7,55.2,13.4,0.0,35.9,25.3,14.4,80.1,,,OBAnorm,,LD831_02097v2.403,,,,0,0
DENATRLA,2025-06-23 08:02:12.000,35.0,30.1,33.9,29.5,24.3,22.7,22.6,20.9,19.4,18.4,21.0,24.0,20.8,21.7,17.7,16.9,16.4,15.9,16.1,14.8,13.2,10.9,6.7,5.2,3.8,0.2,-2.7,-3.8,-3.8,-3.9,-4.5,-3.1,-0.2,23.8,36.2,55.1,13.4,0.0,35.9,25.3,14.4,80.1,,,OBAnorm,,LD831_02097v2.403,,,,0,0
DENATRLA,2025-06-23 08:02:13.000,33.6,35.4,33.6,26.5,21.7,20.7,23.7,22.8,17.2,13.5,23.5,22.1,22.8,22.3,17.6,16.3,17.0,16.7,16.3,14.0,12.3,10.5,6.4,4.1,2.3,1.1,-2.4,-3.8,-3.8,-3.9,-4.4,-3.0,-0.1,23.9,34.5,53.4,13.4,0.0,35.9,25.3,14.4,80.1,,,OBAnorm,,LD831_02097v2.403,,,,0,0
DENATRLA,2025-06-23 08:02:14.000,33.6,38.0,29.8,26.4,18.6,19.4,19.7,21.1,17.2,17.5,17.8,20.6,23.1,18.6,16.8,16.6,16.6,16.8,15.6,14.2,11.8,10.1,5.5,3.6,1.2,1.0,-2.4,-3.8,-3.8,-4.0,-4.4,-3.2,-0.2,23.1,34.5,54.1,13.4,0.0,35.9,25.3,14.4,80.1,,,OBAnorm,,LD831_02097v2.403,,,,0,0
DENATRLA,2025-06-23 08:02:15.000,33.5,32.2,29.5,27.8,24.8,19.9,17.8,15.0,19.3,19.4,17.1,19.6,21.6,18.8,16.7,17.0,17.1,16.7,15.2,13.2,11.6,10.0,7.0,7.1,4.2,0.2,-2.7,-3.9,-3.8,-4.0,-4.4,-3.2,-0.1,23.0,33.4,53.4,13.4,0.0,35.9,25.3,14.4,80.1,,,OBAnorm,,LD831_02097v2.403,,,,0,0
DENATRLA,2025-06-23 08:02:16.000,36.4,29.9,26.2,23.6,20.2,18.1,17.5,15.5,17.9,17.9,16.7,20.1,22.0,22.2,16.5,16.4,16.8,16.0,15.1,13.8,11.9,9.5,7.4,6.1,6.0,2.9,-2.5,-3.7,-3.8,-3.9,-4.4,-3.2,0.0,23.4,31.8,50.5,13.4,0.0,35.9,25.3,14.4,80.1,,,OBAnorm,,LD831_02097v2.403,,,,0,0
DENATRLA,2025-06-23 08:02:17.000,33.7,32.2,27.2,22.9,19.8,18.2,16.9,14.8,13.1,15.3,18.8,23.6,22.0,21.0,17.0,16.0,17.1,15.6,15.3,14.4,11.3,10.1,12.1,15.5,3.1,0.9,-2.7,-3.8,-3.8,-3.9,-4.4,-3.1,-0.1,24.2,33.6,50.6,13.4,0.0,35.9,25.3,14.4,80.1,,,OBAnorm,,LD831_02097v2.403,,,,0,0
DENATRLA,2025-06-23 08:02:18.000,35.8,27.2,22.9,22.1,19.1,19.2,14.8,11.0,13.6,13.2,13.1,15.7,18.7,16.0,14.9,15.5,16.5,15.1,15.1,13.3,11.3,10.3,8.3,9.6,11.5,10.2,-1.0,-3.8,-3.8,-3.9,-4.4,-3.2,-0.1,23.3,33.2,52.9,13.4,0.0,35.9,25.3,14.4,80.1,,,OBAnorm,,LD831_02097v2.403,,,,0,0
DENATRLA,2025-06-23 08:02:19.000,33.8,29.8,27.0,23.1,19.8,18.1,15.9,12.7,9.7,12.7,14.0,16.6,15.0,16.7,16.1,16.1,16.3,15.7,15.3,13.3,11.3,9.6,6.1,5.0,3.7,1.7,-2.7,-3.8,-3.8,-3.9,-4.4,-3.2,-0.1,22.3,32.0,48.6,13.4,0.0,35.9,25.2,14.4,80.7,,,OBAnorm,,LD831_02097v2.403,,,,0,0
DENATRLA,2025-06-23 08:02:20.000,37.2,29.0,29.4,21.0,19.1,15.2,14.2,12.9,11.2,11.0,12.2,14.8,15.9,16.4,16.0,16.4,16.7,15.3,15.3,13.3,11.0,10.3,6.5,5.4,2.0,0.4,-2.5,-3.8,-3.8,-3.9,-4.4,-3.2,-0.1,22.5,31.4,50.2,13.4,0.0,35.9,25.3,14.4,80.7,,,OBAnorm,,LD831_02097v2.403,,,,0,0
DENATRLA,2025-06-23 08:02:21.000,34.7,28.5,25.8,17.9,19.8,15.8,15.0,15.7,12.0,10.7,13.9,15.9,17.0,16.4,16.3,16.2,15.9,16.0,15.0,13.5,10.7,9.9,5.7,4.8,2.8,1.4,-1.8,-3.8,-3.8,-3.7,-4.3,-3.1,-0.1,22.3,31.8,50.7,13.4,0.0,35.9,25.3,14.4,80.7,,,OBAnorm,,LD831_02097v2.403,,,,0,0
DENATRLA,2025-06-23 08:02:22.000,34.8,29.3,26.5,23.0,19.7,19.2,16.8,13.5,9.9,12.0,12.5,15.7,17.0,17.4,16.9,16.2,16.6,16.1,15.2,13.2,10.9,10.1,7.6,10.2,11.1,3.2,-1.8,-3.7,-3.7,-3.8,-4.3,-3.0,0.0,23.1,34.1,52.6,13.4,0.0,35.9,25.3,14.4,80.7,,,OBAnorm,,LD831_02097v2.403,,,,0,0
DENATRLA,2025-06-23 08:02:23.000,31.1,28.0,25.2,20.2,21.9,20.8,21.7,24.1,21.8,14.7,17.4,21.2,20.9,17.9,15.7,16.0,15.6,15.7,15.3,13.6,11.3,9.7,7.2,4.0,2.1,1.5,-2.1,-3.8,-3.8,-3.7,-4.4,-3.3,-0.1,22.8,35.1,57.2,13.4,0.0,35.9,25.3,14.4,81.2,,,OBAnorm,,LD831_02097v2.403,,,,0,0
DENATRLA,2025-06-23 08:02:24.000,32.2,28.3,29.4,27.2,23.9,19.8,22.3,16.3,19.4,17.2,15.7,19.9,21.8,17.1,16.9,16.9,15.8,16.2,14.7,13.6,10.7,9.5,5.9,3.1,1.7,0.7,-2.5,-3.8,-3.7,-3.8,-4.4,-3.0,-0.3,22.4,31.4,47.2,13.4,0.0,35.9,25.3,14.4,81.2,,,OBAnorm,,LD831_02097v2.403,,,,0,0
DENATRLA,2025-06-23 08:02:25.000,38.8,36.6,21.6,27.0,24.3,19.6,24.8,22.6,19.4,19.1,17.2,17.6,18.5,18.0,16.9,16.2,15.8,16.0,14.7,13.3,10.9,10.9,11.5,11.0,9.3,2.9,-1.6,-3.6,-3.7,-3.9,-4.4,-3.3,-0.1,23.5,34.1,46.6,13.4,0.0,35.9,25.3,14.4,81.2,,,OBAnorm,,LD831_02097v2.403,,,,0,0
DENATRLA,2025-06-23 08:02:26.000,36.0,26.4,23.9,23.7,19.8,22.5,28.3,29.5,25.1,24.1,20.1,20.1,18.1,17.5,15.9,15.3,15.8,16.1,15.9,13.4,11.0,11.9,6.8,6.6,4.2,3.4,-1.7,-3.8,-3.7,-3.8,-4.4,-3.1,-0.1,22.9,34.8,47.0,13.4,0.0,35.9,25.3,14.4,81.2,,,OBAnorm,,LD831_02097v2.403,,,,0,0
DENATRLA,2025-06-23 08:02:27.000,28.2,26.0,22.9,22.3,24.1,27.6,28.9,25.0,18.7,15.6,15.9,16.1,16.9,17.5,16.1,16.1,16.8,16.0,15.5,13.8,10.8,10.8,5.7,5.2,2.9,1.6,-2.7,-3.8,-3.8,-3.9,-4.4,-3.3,-0.2,22.6,32.7,50.2,13.4,0.0,35.9,25.3,14.4,81.2,,,OBAnorm,,LD831_02097v2.403,,,,0,0
DENATRLA,2025-06-23 08:02:28.000,28.8,29.0,27.4,25.5,17.4,25.2,22.2,18.2,19.4,17.2,17.9,15.0,18.8,14.6,14.9,16.0,16.0,15.9,15.3,13.1,10.4,12.1,7.9,8.3,3.6,4.0,-1.8,-3.8,-3.8,-3.9,-4.4,-3.1,-0.1,22.7,30.1,47.2,13.4,0.0,35.9,25.3,14.4,81.2,,,OBAnorm,,LD831_02097v2.403,,,,0,0
DENATRLA,2025-06-23 08:02:29.000,29.6,28.7,27.0,23.5,21.0,17.8,14.8,16.8,14.7,16.2,13.8,14.5,18.0,17.0,15.8,16.3,16.6,16.8,15.5,13.5,10.8,9.9,5.8,6.9,4.3,4.0,-1.7,-3.8,-3.8,-3.8,-4.3,-3.2,0.0,22.8,33.5,56.4,13.4,0.0,35.9,25.3,14.4,81.2,,,OBAnorm,,LD831_02097v2.403,,,,0,0
DENATRLA,2025-06-23 08:02:30.000,29.2,25.4,25.4,23.1,21.5,20.2,21.8,21.5,16.6,18.4,17.6,16.7,17.5,17.4,16.6,16.5,18.1,17.6,16.2,15.3,12.4,10.1,6.2,6.7,6.0,5.3,-1.4,-3.7,-3.8,-3.9,-4.4,-3.1,-0.2,23.7,36.7,55.2,13.4,0.0,35.9,25.3,14.4,81.2,,,OBAnorm,,LD831_02097v2.403,,,,0,0
DENATRLA,2025-06-23 08:02:31.000,23.4,27.2,30.6,25.9,23.3,22.7,22.8,25.0,20.6,20.5,23.6,21.1,18.8,17.5,16.9,16.5,17.7,17.3,16.7,15.5,12.6,11.6,6.8,5.0,4.1,2.2,-1.5,-3.7,-3.8,-3.8,-4.4,-3.3,-0.1,24.0,36.8,58.6,13.4,0.0,35.9,25.3,14.4,81.2,,,OBAnorm,,LD831_02097v2.403,,,,0,0
DENATRLA,2025-06-23 08:02:32.000,35.7,31.6,31.5,31.7,25.6,24.6,24.2,27.0,22.4,17.3,16.4,17.7,16.7,18.0,18.2,16.5,18.5,18.4,17.3,16.1,13.4,12.3,9.4,9.1,3.6,0.5,-1.9,-3.7,-3.8,-3.9,-4.4,-3.1,-0.2,24.5,35.5,54.2,13.4,0.0,35.9,25.3,14.4,81.2,,,OBAnorm,,LD831_02097v2.403,,,,0,0
DENATRLA,2025-06-23 08:02:33.000,33.7,35.1,28.2,28.0,23.8,21.8,19.7,23.3,16.9,17.9,13.9,19.0,18.2,16.9,17.5,17.4,18.6,18.9,18.4,16.4,14.0,11.9,12.1,12.1,10.6,4.0,-2.0,-3.8,-3.8,-3.8,-4.4,-3.1,-0.1,25.4,35.6,53.2,13.4,0.0,35.9,25.3,14.4,81.2,,,OBAnorm,,LD831_02097v2.403,,,,0,0
DENATRLA,2025-06-23 08:02:34.000,38.2,30.1,26.7,25.3,25.4,24.0,22.1,23.7,18.4,16.6,17.5,20.4,17.7,18.6,17.7,18.1,18.3,18.4,18.2,16.2,13.8,13.4,8.4,5.8,3.3,1.4,2.8,-0.9,-3.7,-3.8,-4.3,-3.3,-0.2,25.0,35.8,58.1,13.4,0.0,35.9,25.3,14.4,81.2,,,OBAnorm,,LD831_02097v2.403,,,,0,0
DENATRLA,2025-06-23 08:02:35.000,35.9,31.4,31.3,27.4,24.7,24.8,19.7,22.2,16.6,14.7,18.0,23.5,18.4,16.8,18.1,17.5,19.2,18.7,18.6,16.5,14.3,13.3,9.2,7.8,8.3,1.3,1.2,-2.0,-2.3,-3.8,-4.4,-3.1,-0.2,25.3,33.0,47.3,13.4,0.0,35.9,25.3,14.4,81.2,,,OBAnorm,,LD831_02097v2.403,,,,0,0
DENATRLA,2025-06-23 08:02:36.000,37.2,30.9,28.1,25.4,21.7,22.2,20.7,15.5,13.7,17.1,18.2,23.0,19.3,18.9,18.1,19.3,19.6,19.5,18.9,16.6,14.5,12.5,8.4,7.9,4.6,1.6,-1.8,-3.8,-3.8,-3.9,-4.4,-3.1,-0.2,25.5,34.0,49.5,13.4,0.0,35.9,25.3,14.4,81.2,,,OBAnorm,,LD831_02097v2.403,,,,0,0
DENATRLA,2025-06-23 08:02:37.000,27.8,28.7,30.0,27.8,23.4,24.4,23.1,25.3,17.1,16.2,18.1,21.3,20.5,19.4,18.3,17.9,19.2,19.9,18.6,16.7,13.8,12.5,7.5,4.7,1.7,0.2,-1.3,-3.7,-3.8,-3.9,-4.4,-2.9,-0.1,25.2,34.0,50.0,13.4,0.0,0.6,25.3,14.4,81.2,,,OBAnorm,,LD831_02097v2.403,,,,0,0
DENATRLA,2025-06-23 08:02:38.000,29.6,28.4,29.2,28.9,22.7,22.3,21.0,20.0,16.0,14.6,19.2,20.9,23.0,21.2,18.2,18.2,17.7,19.5,18.4,16.1,13.6,12.5,7.7,5.1,2.3,2.9,-2.0,-3.7,-3.8,-3.7,-4.4,-3.1,-0.2,25.2,33.1,48.7,13.4,0.0,0.4,25.3,14.4,81.2,,,OBAnorm,,LD831_02097v2.403,,,,0,0
DENATRLA,2025-06-23 08:02:39.000,30.6,26.8,24.4,26.1,24.1,25.3,22.1,17.1,15.2,15.5,19.9,20.1,21.8,20.0,19.1,19.0,20.1,19.4,18.0,15.8,13.3,14.2,9.3,8.3,6.4,2.4,-2.0,-3.8,-3.8,-4.0,-4.4,-3.3,-0.2,25.5,34.0,54.9,13.4,0.0,0.4,25.3,14.4,80.7,,,OBAnorm,,LD831_02097v2.403,,,,0,0
DENATRLA,2025-06-23 08:02:40.000,35.0,28.0,23.2,26.6,23.7,19.3,20.7,16.4,13.7,18.0,17.7,20.9,21.2,19.2,18.4,18.2,18.7,19.4,17.5,15.6,13.5,14.6,9.1,11.6,9.6,2.3,-1.9,-3.8,-3.8,-3.9,-4.4,-3.3,-0.3,25.5,34.1,55.2,13.4,0.0,0.4,25.3,14.4,80.7,,,OBAnorm,,LD831_02097v2.403,,,,0,0
DENATRLA,2025-06-23 08:02:41.000,31.5,20.0,26.3,25.1,19.2,24.7,23.3,19.8,19.1,16.7,15.7,20.1,22.6,19.0,18.7,19.5,19.8,20.0,17.8,15.9,13.5,13.9,8.7,8.8,5.0,2.5,-1.9,-3.8,-3.7,-3.9,-4.4,-3.3,0.0,25.6,33.1,47.0,13.4,0.0,0.4,25.3,14.4,80.7,,,OBAnorm,,LD831_02097v2.403,,,,0,0
DENATRLA,2025-06-23 08:02:42.000,29.1,30.8,23.0,24.7,23.7,23.3,21.1,16.8,16.2,16.0,17.8,18.3,18.9,17.5,18.7,18.7,19.3,19.0,17.9,16.2,14.1,15.3,9.7,7.5,4.2,1.1,-2.0,-3.8,-3.8,-3.9,-4.5,-3.0,-0.1,25.3,31.5,49.9,13.4,0.0,0.4,25.3,14.4,80.7,,,OBAnorm,,LD831_02097v2.403,,,,0,0
DENATRLA,2025-06-23 08:02:43.000,27.5,27.8,25.0,24.2,20.1,22.1,15.3,13.9,11.4,13.6,17.9,19.2,17.8,17.4,19.2,19.0,18.8,19.2,17.9,16.1,14.0,12.4,9.0,5.9,4.1,1.3,-2.2,-3.7,-3.7,-3.9,-4.4,-3.0,-0.2,25.1,31.5,49.9,13.4,0.0,0.4,25.3,14.4,80.7,,,OBAnorm,,LD831_02097v2.403,,,,0,0
DENATRLA,2025-06-23 08:02:44.000,24.6,26.6,23.6,23.1,20.2,16.5,16.1,18.4,13.4,16.0,16.6,19.9,18.4,19.1,18.4,19.6,19.7,19.8,17.7,15.5,13.8,13.8,7.5,5.3,2.3,0.5,-2.0,-3.6,-3.5,-3.8,-4.3,-3.0,-0.1,25.1,32.0,47.4,13.4,0.0,0.4,25.3,14.4,80.7,,,OBAnorm,,LD831_02097v2.403,,,,0,0
DENATRLA,2025-06-23 08:02:45.000,25.9,27.3,21.6,23.6,21.9,15.7,19.6,22.7,12.5,13.8,15.0,19.0,17.0,18.1,18.8,19.8,19.5,19.1,18.0,15.7,13.4,12.0,7.3,4.6,2.4,0.4,-1.7,-2.8,-2.0,-3.0,-3.9,-2.9,-0.1,25.0,30.7,42.2,13.4,0.0,0.4,25.3,14.4,80.7,,,OBAnorm,,LD831_02097v2.403,,,,0,0
DENATRLA,2025-06-23 08:02:46.000,30.8,23.5,21.1,20.1,21.3,18.2,17.1,17.0,12.2,15.2,17.3,15.6,16.3,17.9,18.3,18.9,18.9,18.7,17.4,16.0,13.3,10.7,7.3,6.5,1.8,1.3,-2.2,-3.8,-3.8,-3.8,-4.4,-3.1,-0.2,24.5,30.2,42.8,13.4,0.0,0.4,25.3,14.4,80.7,,,OBAnorm,,LD831_02097v2.403,,,,0,0
DENATRLA,2025-06-23 08:02:47.000,28.0,24.7,20.6,19.8,19.8,14.6,15.9,14.3,14.2,16.6,19.2,16.6,18.5,17.9,18.2,18.7,18.9,19.2,18.4,15.9,13.4,13.5,9.6,11.3,9.5,5.9,-1.9,-3.7,-3.8,-3.9,-4.5,-3.1,-0.1,25.3,31.4,45.5,13.4,0.0,0.4,25.3,14.4,80.7,,,OBAnorm,,LD831_02097v2.403,,,,0,0
DENATRLA,2025-06-23 08:02:48.000,24.4,26.6,21.2,21.5,18.2,15.8,20.6,23.9,14.9,16.6,17.8,17.8,17.3,19.2,18.3,18.4,18.8,18.9,18.0,16.6,14.0,13.2,8.1,7.4,8.0,6.5,1.2,-2.1,-3.7,-3.8,-4.4,-3.2,-0.1,25.1,31.6,39.1,13.4,0.0,0.4,25.3,14.4,81.2,,,OBAnorm,,LD831_02097v2.403,,,,0,0
DENATRLA,2025-06-23 08:02:49.000,24.5,26.2,22.7,22.1,22.0,22.2,22.5,21.3,19.7,19.5,22.3,21.5,18.2,19.4,18.5,17.7,18.7,18.4,18.5,16.2,13.7,14.6,8.3,7.5,3.0,4.0,-1.9,-3.8,-3.8,-3.9,-4.4,-3.1,-0.1,25.5,33.2,39.6,13.4,0.0,0.4,25.3,14.4,81.2,,,OBAnorm,,LD831_02097v2.403,,,,0,0
DENATRLA,2025-06-23 08:02:50.000,27.8,22.4,24.2,24.6,21.7,19.9,18.3,20.5,21.6,21.0,23.8,25.7,18.7,17.8,18.6,18.8,19.1,18.2,17.3,15.9,13.8,13.2,7.4,6.0,4.8,3.5,6.9,1.5,-3.8,-3.8,-4.5,-3.3,-0.2,24.9,32.5,43.3,13.4,0.0,0.4,25.3,14.4,81.2,,,OBAnorm,,LD831_02097v2.403,,,,0,0
DENATRLA,2025-06-23 08:02:51.000,27.7,28.8,23.6,23.0,22.1,17.3,18.8,18.4,17.7,12.4,14.7,17.2,17.0,16.7,17.8,17.8,18.9,19.1,18.0,15.3,13.3,12.7,7.8,8.9,8.5,1.4,-2.1,-3.8,-3.8,-4.0,-4.5,-3.2,-0.1,24.8,30.6,43.4,13.4,0.0,0.4,25.3,14.4,81.2,,,OBAnorm,,LD831_02097v2.403,,,,0,0
DENATRLA,2025-06-23 08:02:52.000,30.6,29.9,22.3,19.0,17.6,16.0,17.2,13.2,13.9,13.9,15.3,16.7,17.6,18.7,17.3,18.7,19.5,18.6,17.0,16.0,13.5,11.7,7.4,5.3,2.7,0.6,-2.5,-3.8,-3.8,-3.9,-4.4,-3.2,-0.1,24.6,30.9,41.7,13.4,0.0,0.4,25.3,14.4,81.2,,,OBAnorm,,LD831_02097v2.403,,,,0,0
DENATRLA,2025-06-23 08:02:53.000,30.9,30.4,24.6,20.1,16.9,20.3,18.6,17.4,12.5,14.4,15.7,15.9,16.7,17.4,17.2,19.3,19.4,18.4,17.1,15.9,13.8,12.3,8.0,7.6,4.4,2.4,-2.5,-3.2,-3.5,-3.9,-4.5,-3.1,-0.2,24.8,32.3,43.4,13.4,0.0,0.4,25.3,14.4,81.8,,,OBAnorm,,LD831_02097v2.403,,,,0,0
DENATRLA,2025-06-23 08:02:54.000,31.1,28.1,27.5,23.0,18.7,17.6,18.4,19.7,11.3,13.8,16.7,18.4,18.3,17.3,18.1,18.3,19.4,19.0,17.5,16.4,14.0,12.9,9.6,9.0,7.6,1.7,-2.2,-3.8,-3.8,-3.9,-4.5,-3.2,-0.2,25.1,30.3,38.9,13.4,0.0,0.4,25.3,14.4,81.8,,,OBAnorm,,LD831_02097v2.403,,,,0,0
DENATRLA,2025-06-23 08:02:55.000,31.6,34.1,23.6,19.3,18.6,17.2,16.8,18.3,14.8,12.6,16.5,16.8,18.7,17.1,17.4,19.5,19.1,19.3,17.9,16.4,13.4,11.8,9.3,7.7,7.0,3.5,-2.0,-3.8,-3.8,-4.0,-4.5,-3.1,0.0,25.1,30.1,38.1,13.4,0.0,0.4,25.3,14.4,81.8,,,OBAnorm,,LD831_02097v2.403,,,,0,0
DENATRLA,2025-06-23 08:02:56.000,31.7,29.4,23.1,19.9,16.0,16.8,15.4,14.6,11.3,10.2,15.3,17.0,16.2,17.2,18.1,19.4,18.5,19.3,18.2,15.4,13.2,11.9,8.3,4.9,2.4,0.3,-3.1,-3.8,-3.8,-3.9,-4.3,-3.1,-0.1,24.6,30.2,39.3,13.4,0.0,0.4,25.3,14.4,81.8,,,OBAnorm,,LD831_02097v2.403,,,,0,0
DENATRLA,2025-06-23 08:02:57.000,25.4,25.0,20.3,21.3,18.1,19.7,15.1,14.2,14.4,12.1,13.2,14.1,16.0,16.5,18.4,18.2,19.2,19.1,18.1,15.9,13.2,11.0,8.1,6.4,4.0,1.3,-1.8,-3.7,-3.8,-3.9,-4.4,-3.1,-0.2,24.6,29.7,38.6,13.4,0.0,0.4,25.3,14.4,81.8,,,OBAnorm,,LD831_02097v2.403,,,,0,0
DENATRLA,2025-06-23 08:02:58.000,27.1,27.6,20.8,19.4,19.6,18.4,14.0,13.3,11.9,9.8,14.7,15.5,15.9,16.6,18.1,18.0,19.6,18.7,17.2,15.8,13.6,11.8,9.9,5.8,3.0,6.2,-2.0,-3.8,-3.8,-3.8,-4.4,-3.1,-0.2,24.7,29.4,37.9,13.4,0.0,0.4,25.3,14.4,81.8,,,OBAnorm,,LD831_02097v2.403,,,,0,0
DENATRLA,2025-06-23 08:02:59.000,28.6,26.0,18.7,20.0,15.4,17.6,16.6,12.8,7.8,8.3,13.7,14.5,15.2,16.9,17.5,18.9,19.0,18.8,17.6,16.4,13.4,14.0,8.4,6.6,3.8,3.3,-1.9,-3.6,-3.7,-3.8,-4.4,-3.0,-0.1,24.9,29.7,38.2,13.4,0.0,0.4,25.3,14.4,81.8,,,OBAnorm,,LD831_02097v2.403,,,,0,0
DENATRLA,2025-06-23 08:03:00.000,25.3,26.4,20.8,22.9,20.5,17.5,16.7,14.2,9.6,9.1,14.0,13.4,16.0,16.6,16.8,17.7,18.4,18.3,18.0,16.0,13.5,12.9,8.9,8.2,2.9,4.6,-2.4,-3.8,-3.8,-3.9,-4.4,-3.3,-0.1,24.6,29.4,36.3,13.4,0.0,0.4,25.3,14.4,81.8,,,OBAnorm,,LD831_02097v2.403,,,,0,0
DENATRLA,2025-06-23 08:03:01.000,23.0,25.2,21.9,23.4,17.9,17.4,14.7,11.1,10.1,9.3,13.3,14.4,16.1,15.4,17.4,17.7,18.9,18.6,17.5,16.1,13.3,11.3,9.7,10.6,8.7,3.8,-2.5,-3.8,-3.8,-3.9,-4.4,-3.0,-0.1,24.6,29.0,37.4,13.4,0.0,0.4,25.3,14.4,81.8,,,OBAnorm,,LD831_02097v2.403,,,,0,0
DENATRLA,2025-06-23 08:03:02.000,26.1,21.6,19.4,20.3,17.2,16.2,15.7,12.8,8.3,9.5,11.0,14.1,15.4,15.1,16.7,17.3,18.7,18.4,17.3,15.5,12.6,14.8,8.1,8.7,8.0,3.7,-1.1,-3.6,-3.8,-3.9,-4.5,-3.1,-0.2,24.5,29.1,37.2,13.4,0.0,0.4,25.3,14.4,81.8,,,OBAnorm,,LD831_02097v2.403,,,,0,0
DENATRLA,2025-06-23 08:03:03.000,29.6,24.0,22.0,21.2,17.1,17.9,14.7,13.0,8.7,8.7,11.1,14.5,16.2,16.9,17.8,18.5,18.9,17.8,17.0,15.8,12.7,10.6,7.9,8.1,7.0,3.7,-0.3,-3.8,-3.8,-3.8,-4.4,-3.2,-0.1,24.4,29.7,42.5,13.4,0.0,0.4,25.3,14.4,81.2,,,OBAnorm,,LD831_02097v2.403,,,,0,0
DENATRLA,2025-06-23 08:03:04.000,25.9,25.9,24.3,19.6,16.9,15.4,14.5,11.2,6.8,8.1,10.2,22.5,15.4,16.8,22.6,17.9,21.0,19.7,18.7,19.2,15.5,14.8,8.9,6.8,4.2,4.4,3.1,-0.4,-0.6,-1.4,-2.1,-1.7,0.4,26.5,31.3,47.5,13.4,0.0,0.4,25.3,14.4,81.2,,,OBAnorm,,LD831_02097v2.403,,,,0,0
DENATRLA,2025-06-23 08:03:05.000,26.8,27.9,21.9,21.4,20.3,17.2,13.3,12.8,8.9,9.0,10.5,14.8,15.6,16.6,20.0,18.0,19.3,19.1,17.2,16.0,13.1,11.8,6.9,4.7,2.5,0.5,-2.2,-3.8,-3.7,-3.8,-4.4,-3.1,-0.1,24.6,29.3,40.2,13.4,0.0,0.4,25.3,14.4,81.2,,,OBAnorm,,LD831_02097v2.403,,,,0,0
DENATRLA,2025-06-23 08:03:06.000,27.5,24.3,19.8,19.1,18.2,14.8,12.1,11.7,9.8,10.6,12.3,13.2,14.8,16.4,17.3,16.8,18.7,18.6,17.6,16.1,13.0,11.8,7.1,4.1,2.1,6.9,-2.5,-3.7,-3.8,-3.9,-4.4,-3.1,-0.2,24.3,29.6,44.6,13.4,0.0,0.4,25.3,14.4,81.2,,,OBAnorm,,LD831_02097v2.403,,,,0,0
DENATRLA,2025-06-23 08:03:07.000,26.5,22.7,18.2,18.1,19.7,15.2,13.2,12.8,10.2,7.5,10.5,12.8,14.7,15.6,17.1,17.2,18.7,19.0,17.9,16.0,13.5,13.2,7.3,4.0,1.4,5.4,-2.4,-3.8,-3.8,-4.0,-4.4,-3.2,-0.2,24.5,35.6,52.4,13.4,0.0,0.4,25.3,14.4,81.2,,,OBAnorm,,LD831_02097v2.403,,,,0,0
DENATRLA,2025-06-23 08:03:08.000,26.5,24.7,26.2,24.8,25.8,22.1,18.1,18.5,11.1,7.6,11.6,13.7,14.7,16.0,17.2,18.0,18.4,18.9,17.4,16.1,12.7,10.7,7.2,6.8,3.2,2.4,-3.0,-3.8,-3.8,-3.9,-4.4,-3.2,-0.1,24.1,34.2,49.4,13.4,0.0,0.4,25.3,14.4,80.7,,,OBAnorm,,LD831_02097v2.403,,,,0,0
DENATRLA,2025-06-23 08:03:09.000,28.1,31.3,34.0,29.1,22.2,19.7,14.4,12.0,9.1,6.8,9.9,12.8,15.5,17.2,17.1,17.8,18.0,18.8,17.2,15.3,13.4,14.7,9.9,10.0,8.9,1.7,-0.2,-3.5,-3.0,-3.6,-4.3,-3.1,-0.2,24.9,34.4,50.4,13.4,0.0,0.4,25.3,14.4,80.7,,,OBAnorm,,LD831_02097v2.403,,,,0,0
DENATRLA,2025-06-23 08:03:10.000,37.0,36.0,31.0,24.6,19.2,19.5,15.9,12.3,7.0,9.0,10.9,13.3,15.6,16.4,17.3,18.1,19.1,18.4,17.4,15.9,13.3,13.2,9.0,5.3,3.9,1.9,-0.9,-3.5,-3.8,-3.8,-4.4,-3.1,-0.1,24.5,30.1,46.9,13.4,0.0,0.4,25.3,14.4,80.7,,,OBAnorm,,LD831_02097v2.403,,,,0,0
DENATRLA,2025-06-23 08:03:11.000,34.8,34.0,31.7,19.1,18.5,16.1,14.8,11.1,9.3,7.7,9.7,13.9,15.4,17.0,16.6,17.4,18.7,18.0,17.0,15.2,13.4,12.4,11.6,10.0,9.8,4.4,-2.6,-3.8,-3.8,-3.9,-4.4,-3.2,-0.2,24.5,30.7,47.1,13.4,0.0,0.4,25.3,14.4,80.7,,,OBAnorm,,LD831_02097v2.403,,,,0,0
DENATRLA,2025-06-23 08:03:12.000,35.7,31.1,24.6,20.4,17.8,17.7,13.4,10.4,5.1,7.5,11.0,13.1,14.3,16.1,17.9,17.0,18.2,18.0,16.5,15.2,12.7,10.6,6.6,4.5,2.5,1.2,-2.1,-3.7,-3.6,-3.6,-4.4,-3.1,0.0,23.8,30.2,47.8,13.4,0.0,0.4,25.3,14.4,80.1,,,OBAnorm,,LD831_02097v2.403,,,,0,0
DENATRLA,2025-06-23 08:03:13.000,31.8,25.9,24.6,24.0,21.2,13.6,14.8,10.1,8.6,8.6,10.9,13.1,15.2,16.8,19.5,17.9,19.6,18.3,16.9,16.1,13.6,13.7,8.1,7.9,5.1,1.4,-2.0,-3.4,-3.4,-3.3,-4.2,-3.0,-0.1,24.8,29.6,45.1,13.4,0.0,0.4,25.3,14.4,80.1,,,OBAnorm,,LD831_02097v2.403,,,,0,0
DENATRLA,2025-06-23 08:03:14.000,29.1,27.2,22.0,18.7,19.8,15.6,15.5,9.9,8.2,8.1,10.6,23.9,20.2,15.4,26.7,22.3,23.4,20.4,21.1,20.0,15.8,12.7,9.3,9.0,6.0,5.4,3.7,0.9,1.4,0.9,-1.4,-1.4,0.3,28.3,34.0,50.1,13.4,0.0,0.4,25.3,14.4,80.1,,,OBAnorm,,LD831_02097v2.403,,,,0,0
DENATRLA,2025-06-23 08:03:15.000,29.6,21.5,25.4,19.2,17.7,14.6,13.0,11.3,8.1,7.6,10.3,13.4,14.7,15.6,19.2,17.4,19.4,18.2,16.9,15.5,13.3,10.2,7.3,5.9,5.1,3.9,-0.1,-3.1,-3.0,-3.7,-4.2,-2.9,0.0,24.2,30.5,48.7,13.4,0.0,0.4,25.3,14.4,80.1,,,OBAnorm,,LD831_02097v2.403,,,,0,0
DENATRLA,2025-06-23 08:03:16.000,28.3,25.8,25.0,18.9,19.9,16.2,13.4,11.5,7.2,6.3,10.6,13.1,14.8,16.1,17.4,17.4,18.2,18.6,16.6,15.7,13.9,11.5,9.6,10.7,11.2,10.4,1.2,-3.0,-3.3,-3.8,-4.3,-3.1,-0.1,24.8,31.5,48.1,13.4,0.0,0.4,25.4,14.4,80.1,,,OBAnorm,,LD831_02097v2.403,,,,0,0
DENATRLA,2025-06-23 08:03:17.000,34.7,29.6,23.9,24.8,23.5,16.2,12.7,11.3,8.0,6.8,10.6,14.9,14.8,15.4,17.8,17.7,17.4,17.4,16.8,15.2,13.5,10.3,8.9,7.1,6.0,6.8,-0.6,-3.3,-3.7,-3.8,-4.4,-3.1,-0.1,23.8,29.9,46.8,13.4,0.0,0.4,25.3,14.4,80.1,,,OBAnorm,,LD831_02097v2.403,,,,0,0
DENATRLA,2025-06-23 08:03:18.000,34.0,25.4,20.5,26.1,23.6,15.0,13.8,14.2,9.7,8.6,11.5,14.0,14.0,15.6,17.5,17.8,17.8,17.6,16.0,15.3,13.0,12.6,12.6,15.5,9.1,4.3,-2.2,-3.7,-3.7,-3.9,-4.4,-3.1,0.0,24.8,29.5,42.7,13.4,0.0,0.4,25.3,14.4,80.1,,,OBAnorm,,LD831_02097v2.403,,,,0,0
DENATRLA,2025-06-23 08:03:19.000,31.4,26.3,21.4,17.4,18.6,12.6,15.0,10.2,9.7,8.1,10.5,12.5,14.4,16.4,17.2,16.9,18.0,17.1,15.8,15.0,12.2,9.5,6.1,4.3,3.9,2.9,-2.3,-3.8,-3.8,-3.9,-4.5,-3.1,-0.2,23.2,28.0,40.6,13.4,0.0,0.4,25.3,14.4,80.1,,,OBAnorm,,LD831_02097v2.403,,,,0,0
DENATRLA,2025-06-23 08:03:20.000,27.9,25.8,23.7,18.4,14.5,14.5,11.3,13.2,6.7,8.3,10.2,13.0,14.7,16.5,16.8,17.1,17.2,17.7,16.6,14.1,12.1,10.0,6.7,3.6,1.5,0.3,-2.6,-3.8,-3.8,-3.9,-4.5,-3.2,-0.1,23.3,28.4,37.4,13.4,0.0,0.4,25.4,14.4,80.1,,,OBAnorm,,LD831_02097v2.403,,,,0,0
DENATRLA,2025-06-23 08:03:21.000,24.8,22.8,21.8,17.6,16.5,15.5,11.2,13.1,5.9,8.4,11.2,14.5,15.1,15.9,17.4,16.8,17.5,17.1,15.6,14.8,12.5,9.6,6.3,5.6,6.1,1.0,-2.7,-3.8,-3.8,-4.0,-4.4,-3.1,-0.2,23.2,28.0,36.2,13.4,0.0,0.4,25.3,14.4,80.1,,,OBAnorm,,LD831_02097v2.403,,,,0,0
DENATRLA,2025-06-23 08:03:22.000,18.4,26.6,22.5,17.7,17.6,11.3,12.2,12.9,8.4,6.9,12.5,14.7,14.8,15.9,17.3,17.6,17.0,17.5,16.4,14.4,12.2,10.0,6.0,4.0,2.2,0.8,-2.3,-3.9,-3.8,-4.0,-4.4,-3.1,-0.2,23.2,28.4,35.6,13.4,0.0,0.4,25.3,14.4,80.1,,,OBAnorm,,LD831_02097v2.403,,,,0,0
DENATRLA,2025-06-23 08:03:23.000,24.9,23.7,20.7,20.0,16.0,14.5,10.7,14.0,10.2,8.8,10.9,13.1,14.5,16.6,17.9,16.5,18.2,18.9,17.4,14.6,12.5,9.6,6.2,5.6,4.3,2.1,9.1,6.3,-3.2,-3.5,-4.2,-3.0,0.1,24.1,28.7,37.5,13.4,0.0,0.4,25.3,14.4,80.1,,,OBAnorm,,LD831_02097v2.403,,,,0,0
DENATRLA,2025-06-23 08:03:24.000,26.8,22.5,22.0,17.6,19.0,13.8,12.1,12.9,8.0,8.0,9.0,14.7,15.0,15.8,18.1,16.6,17.8,17.6,16.5,15.6,13.7,11.5,8.4,11.4,8.2,2.3,10.2,4.7,-3.5,-3.6,-4.2,-3.0,0.1,24.5,28.3,36.3,13.4,0.0,0.4,25.3,14.4,80.1,,,OBAnorm,,LD831_02097v2.403,,,,0,0
DENATRLA,2025-06-23 08:03:25.000,23.2,21.7,22.5,20.5,15.9,14.8,12.3,12.7,9.6,8.8,10.8,14.8,15.4,16.4,18.1,16.6,17.5,18.1,16.5,15.0,13.2,10.5,9.5,8.4,10.2,5.2,4.7,4.3,-3.6,-3.7,-4.3,-3.1,-0.1,24.1,29.6,37.7,13.4,0.0,0.4,25.4,14.4,80.1,,,OBAnorm,,LD831_02097v2.403,,,,0,0
DENATRLA,2025-06-23 08:03:26.000,24.9,21.0,23.2,23.6,20.7,15.1,14.4,11.7,9.1,9.4,10.0,13.6,15.7,16.8,17.8,16.3,17.8,16.5,16.5,14.5,12.5,10.0,6.5,4.9,2.8,1.7,-2.8,-3.8,-3.8,-3.9,-4.4,-3.2,-0.1,23.1,28.3,36.5,13.4,0.0,0.4,25.3,14.4,79.5,,,OBAnorm,,LD831_02097v2.403,,,,0,0
DENATRLA,2025-06-23 08:03:27.000,24.4,22.1,26.2,19.0,16.8,16.8,13.6,11.7,10.0,9.2,9.9,14.0,16.2,16.1,16.8,15.8,16.9,17.2,16.1,14.3,12.1,11.4,7.1,4.4,3.9,5.0,-2.6,-3.8,-3.8,-3.9,-4.4,-3.1,0.1,23.2,28.0,39.0,13.4,0.0,0.4,25.3,14.4,79.5,,,OBAnorm,,LD831_02097v2.403,,,,0,0
DENATRLA,2025-06-23 08:03:28.000,25.9,22.6,22.3,18.6,16.0,15.2,14.5,14.2,8.8,8.2,10.8,12.9,14.3,15.9,16.8,16.5,17.4,16.9,16.3,14.6,11.7,9.8,6.8,6.1,5.7,2.3,-2.5,-3.8,-3.8,-3.9,-4.4,-3.0,0.0,23.2,28.4,37.8,13.4,0.0,0.4,25.4,14.4,79.5,,,OBAnorm,,LD831_02097v2.403,,,,0,0
DENATRLA,2025-06-23 08:03:29.000,26.6,20.7,19.8,19.3,18.9,17.9,14.4,13.6,8.2,8.5,10.5,13.4,14.8,16.1,17.0,16.5,16.7,16.8,16.1,14.2,12.5,10.1,7.0,4.5,3.2,2.4,-2.8,-3.8,-3.7,-3.9,-4.4,-3.2,-0.1,23.0,28.1,35.8,13.4,0.0,0.4,25.3,14.4,79.5,,,OBAnorm,,LD831_02097v2.403,,,,0,0
DENATRLA,2025-06-23 08:03:30.000,21.2,24.3,22.6,22.0,17.1,14.9,13.4,13.4,9.3,6.3,10.1,14.9,14.9,16.3,17.5,17.9,16.7,16.2,15.5,14.2,12.0,12.2,7.5,4.1,2.0,1.6,-2.2,-3.8,-3.8,-3.9,-4.4,-3.1,0.0,23.0,28.5,45.0,13.4,0.0,0.4,25.4,14.4,79.5,,,OBAnorm,,LD831_02097v2.403,,,,0,0
DENATRLA,2025-06-23 08:03:31.000,26.7,24.2,20.1,18.4,17.8,14.0,11.1,14.0,8.6,8.0,10.7,12.9,16.0,16.8,17.6,17.8,17.0,17.4,15.8,14.5,12.1,10.4,9.9,11.1,11.3,4.9,2.0,-3.8,-3.8,-3.9,-4.5,-3.1,-0.1,23.9,28.5,39.3,13.4,0.0,0.4,25.3,14.4,79.5,,,OBAnorm,,LD831_02097v2.403,,,,0,0
DENATRLA,2025-06-23 08:03:32.000,26.2,22.9,19.0,19.9,18.4,15.4,14.0,14.9,8.5,9.1,10.6,13.7,15.8,16.5,17.6,16.6,17.6,17.1,15.8,14.9,13.4,11.6,8.2,8.0,8.1,5.3,3.8,-3.3,-3.8,-4.0,-4.5,-3.1,-0.2,23.8,28.5,36.2,13.4,0.0,0.4,25.3,14.4,79.5,,,OBAnorm,,LD831_02097v2.403,,,,0,0
DENATRLA,2025-06-23 08:03:33.000,24.1,26.4,19.1,18.7,15.1,12.8,13.4,16.3,10.8,7.7,12.2,13.5,14.8,15.9,17.1,17.2,17.2,17.1,15.8,15.2,12.9,11.4,7.9,4.4,3.0,1.5,-1.3,-3.3,-3.8,-3.9,-4.4,-3.2,0.0,23.4,28.9,38.2,13.4,0.0,0.4,25.3,14.4,80.1,,,OBAnorm,,LD831_02097v2.403,,,,0,0
DENATRLA,2025-06-23 08:03:34.000,25.2,22.1,24.1,19.0,18.4,16.0,13.9,19.4,8.1,6.4,8.5,13.0,14.7,16.5,17.6,16.5,17.3,18.4,16.7,14.6,12.5,10.7,8.0,4.5,2.4,0.9,-2.7,-3.8,-3.8,-3.9,-4.4,-3.2,0.0,23.7,28.6,35.8,13.4,0.0,0.4,25.4,14.4,80.1,,,OBAnorm,,LD831_02097v2.403,,,,0,0
DENATRLA,2025-06-23 08:03:35.000,28.6,25.3,18.3,18.1,16.6,14.7,13.3,19.5,7.9,7.8,11.1,13.4,14.1,16.2,17.1,18.1,16.8,17.3,16.5,14.7,12.1,10.3,6.4,4.0,3.1,2.2,-1.7,-3.8,-3.8,-3.8,-4.3,-3.1,-0.2,23.3,28.5,39.9,13.4,0.0,0.4,25.3,14.4,80.1,,,OBAnorm,,LD831_02097v2.403,,,,0,0
DENATRLA,2025-06-23 08:03:36.000,23.5,23.4,21.5,21.6,16.2,15.1,13.2,18.4,8.3,8.5,10.8,12.5,15.5,16.3,17.2,16.3,17.5,17.4,16.3,15.6,13.6,12.3,6.7,5.8,5.7,3.8,0.9,3.3,-2.7,-3.8,-4.3,-3.2,-0.1,23.8,29.4,46.7,13.4,0.0,0.4,25.4,14.4,80.1,,,OBAnorm,,LD831_02097v2.403,,,,0,0
DENATRLA,2025-06-23 08:03:37.000,23.1,24.2,21.2,19.2,15.6,14.1,12.5,18.9,5.7,6.8,11.5,13.3,14.8,15.5,17.8,17.4,17.4,17.4,16.0,15.1,14.0,9.6,5.9,3.4,2.3,3.0,1.3,-1.0,-3.6,-3.9,-4.4,-3.0,0.0,23.4,30.9,50.2,13.4,0.0,0.4,25.4,14.4,80.1,,,OBAnorm,,LD831_02097v2.403,,,,0,0
DENATRLA,2025-06-23 08:03:38.000,24.0,28.0,27.1,19.7,18.4,16.6,11.2,14.2,8.3,8.0,10.5,12.2,15.4,16.2,16.5,17.0,17.7,17.0,16.2,15.7,13.8,10.4,7.1,7.9,9.7,4.1,-1.8,-3.8,-3.7,-3.9,-4.4,-3.1,0.1,23.8,30.6,49.4,13.4,0.0,0.4,25.4,14.4,80.7,,,OBAnorm,,LD831_02097v2.403,,,,0,0
DENATRLA,2025-06-23 08:03:39.000,31.3,25.6,22.9,20.8,20.5,14.9,12.6,14.2,9.0,8.7,8.9,13.8,15.2,16.1,17.3,16.8,17.0,16.7,15.8,14.4,12.5,10.9,6.6,4.0,2.7,2.4,-2.3,-3.8,-3.8,-4.0,-4.5,-3.0,0.0,23.0,30.3,50.4,13.4,0.0,0.4,25.4,14.4,80.7,,,OBAnorm,,LD831_02097v2.403,,,,0,0
DENATRLA,2025-06-23 08:03:40.000,27.8,28.3,26.3,23.1,19.3,17.4,13.4,13.7,8.9,8.1,9.9,13.6,14.4,16.3,16.1,17.1,17.5,17.3,16.0,14.5,12.0,9.0,6.0,3.8,2.8,4.2,-2.2,-3.8,-3.8,-4.0,-4.5,-3.0,0.1,23.0,31.8,49.5,13.4,0.0,0.4,25.3,14.4,80.7,,,OBAnorm,,LD831_02097v2.403,,,,0,0
DENATRLA,2025-06-23 08:03:41.000,29.9,24.8,25.5,24.3,18.4,17.9,17.3,11.4,12.8,8.0,11.1,12.9,15.1,15.4,17.3,17.2,17.5,16.9,15.8,14.3,12.2,9.7,6.9,4.7,4.9,0.9,-2.9,-3.8,-3.8,-3.9,-4.4,-3.1,0.0,23.1,36.2,58.3,13.4,0.0,0.4,25.4,14.4,80.1,,,OBAnorm,,LD831_02097v2.403,,,,0,0
DENATRLA,2025-06-23 08:03:42.000,26.0,26.4,33.0,27.9,27.1,23.7,16.2,15.7,11.9,9.4,11.2,12.7,15.3,15.8,17.0,16.8,17.2,16.7,16.4,14.6,12.4,10.4,7.1,4.5,2.6,0.5,-3.0,-3.8,-3.8,-4.0,-4.4,-3.1,-0.2,23.2,32.2,53.6,13.4,0.0,0.4,25.4,14.4,80.1,,,OBAnorm,,LD831_02097v2.403,,,,0,0
DENATRLA,2025-06-23 08:03:43.000,35.1,38.8,29.1,22.7,19.2,14.9,14.6,10.5,8.5,7.1,10.3,13.1,15.2,16.1,15.8,16.9,17.0,17.1,15.7,14.8,12.6,10.0,6.3,5.7,3.0,0.9,-2.7,-3.8,-3.7,-3.9,-4.4,-3.2,0.0,23.2,30.4,51.8,13.4,0.0,0.4,25.4,14.4,80.1,,,OBAnorm,,LD831_02097v2.403,,,,0,0
DENATRLA,2025-06-23 08:03:44.000,35.2,34.2,26.8,26.0,17.6,14.8,12.5,11.9,7.7,7.8,9.8,14.0,14.8,16.5,17.8,17.4,16.8,17.7,15.5,14.4,12.7,10.7,13.2,10.8,8.7,2.6,3.4,0.2,-3.7,-3.9,-4.4,-3.3,-0.1,24.0,28.4,40.2,13.4,0.0,0.4,25.3,14.4,80.1,,,OBAnorm,,LD831_02097v2.403,,,,0,0
DENATRLA,2025-06-23 08:03:45.000,33.8,27.5,22.2,19.9,15.1,12.1,12.8,12.6,7.3,7.0,10.1,13.2,13.8,16.8,16.3,16.9,17.2,17.4,16.2,14.5,12.5,9.4,7.2,4.7,6.2,2.0,-2.2,-3.8,-3.8,-4.0,-4.4,-3.2,-0.1,23.3,28.8,45.2,13.4,0.0,0.4,25.4,14.4,80.1,,,OBAnorm,,LD831_02097v2.403,,,,0,0
DENATRLA,2025-06-23 08:03:46.000,24.5,27.0,22.3,18.5,17.6,12.8,10.8,10.8,7.9,7.2,10.5,13.6,14.5,15.8,16.0,16.2,16.9,17.2,16.6,14.2,12.1,10.0,6.7,5.0,5.5,2.4,0.6,0.2,-3.3,-3.8,-4.4,-3.1,-0.1,23.0,28.2,41.7,13.4,0.0,0.4,25.4,14.4,80.1,,,OBAnorm,,LD831_02097v2.403,,,,0,0
DENATRLA,2025-06-23 08:03:47.000,26.2,25.5,23.6,21.6,16.1,14.0,12.4,11.4,9.7,6.8,11.1,13.3,14.1,16.5,16.8,16.3,17.3,18.0,16.0,14.2,12.6,8.9,6.1,3.7,3.9,2.9,-1.1,-3.2,-3.7,-4.0,-4.4,-3.2,0.0,23.1,28.0,40.9,13.4,0.0,0.4,25.3,14.4,80.1,,,OBAnorm,,LD831_02097v2.403,,,,0,0
DENATRLA,2025-06-23 08:03:48.000,29.6,25.0,21.6,16.6,13.9,11.1,14.2,13.5,6.7,7.2,10.8,12.2,14.6,15.1,16.4,17.3,17.0,16.2,15.7,14.9,12.3,9.4,6.4,5.7,4.5,5.5,1.2,-3.7,-3.7,-3.9,-4.5,-3.1,0.0,23.1,28.4,37.7,13.4,0.0,0.4,25.3,14.4,80.1,,,OBAnorm,,LD831_02097v2.403,,,,0,0
DENATRLA,2025-06-23 08:03:49.000,16.8,20.9,20.2,21.3,17.1,13.0,13.1,14.9,9.7,7.2,10.5,13.2,14.8,17.0,16.4,16.5,17.2,16.6,15.7,14.4,12.3,10.5,6.5,4.0,3.4,4.0,0.2,-3.5,-3.5,-3.8,-4.3,-3.1,-0.1,23.0,28.2,40.8,13.4,0.0,0.4,25.4,14.4,80.1,,,OBAnorm,,LD831_02097v2.403,,,,0,0
DENATRLA,2025-06-23 08:03:50.000,28.4,22.8,19.9,21.2,19.5,12.2,11.3,13.0,9.3,7.4,10.6,13.3,14.3,16.0,17.1,17.0,17.1,16.5,15.9,14.5,11.8,9.8,6.0,3.5,2.8,1.8,-1.3,-3.7,-3.8,-3.9,-4.4,-3.2,-0.3,22.8,27.8,38.6,13.4,0.0,0.4,25.3,14.4,80.1,,,OBAnorm,,LD831_02097v2.403,,,,0,0
DENATRLA,2025-06-23 08:03:51.000,27.5,26.6,19.5,18.6,16.2,13.4,11.8,11.9,6.7,7.4,10.7,12.4,14.7,16.5,17.3,16.9,16.7,16.5,15.8,14.5,12.2,9.9,6.7,5.6,5.8,2.0,-1.8,-3.5,-3.7,-3.8,-4.4,-3.2,-0.1,23.1,28.6,41.7,13.4,0.0,0.4,25.4,14.4,79.5,,,OBAnorm,,LD831_02097v2.403,,,,0,0
DENATRLA,2025-06-23 08:03:52.000,25.8,22.3,22.5,19.2,17.8,15.1,13.7,12.7,9.3,8.2,8.6,13.5,15.3,16.3,16.8,16.5,17.4,17.8,16.4,14.1,12.0,10.6,7.2,7.5,5.2,1.6,-1.2,-3.5,-3.6,-3.9,-4.3,-3.0,-0.1,23.4,28.8,36.5,13.4,0.0,0.4,25.4,14.4,79.5,,,OBAnorm,,LD831_02097v2.403,,,,0,0
DENATRLA,2025-06-23 08:03:53.000,21.6,26.3,28.0,19.8,17.6,18.1,13.3,13.9,10.1,7.8,11.0,12.2,15.3,15.6,17.4,17.6,18.0,17.6,16.2,15.0,13.4,10.6,7.4,7.9,7.8,4.6,0.8,-3.3,-3.3,-3.7,-4.3,-3.1,-0.1,23.8,29.8,36.5,13.4,0.0,0.4,25.4,14.4,79.5,,,OBAnorm,,LD831_02097v2.403,,,,0,0
DENATRLA,2025-06-23 08:03:54.000,26.8,21.8,24.3,20.1,18.5,12.9,13.3,11.9,9.7,6.4,9.1,12.7,15.8,17.1,17.6,17.2,17.1,17.6,15.9,15.3,12.7,9.8,6.4,4.3,2.7,2.7,-0.2,-3.3,-3.4,-3.8,-4.4,-3.0,-0.1,23.4,29.6,38.6,13.4,0.0,0.4,25.4,14.4,79.5,,,OBAnorm,,LD831_02097v2.403,,,,0,0
DENATRLA,2025-06-23 08:03:55.000,24.0,29.3,30.8,23.0,17.9,17.5,14.2,14.5,7.9,5.4,9.2,13.1,14.5,16.6,17.3,17.1,18.6,17.3,16.6,15.6,12.4,10.0,6.7,4.3,2.8,2.9,0.0,-3.3,-3.7,-3.8,-4.4,-3.1,0.0,23.7,28.4,36.0,13.4,0.0,0.4,25.4,14.4,79.5,,,OBAnorm,,LD831_02097v2.403,,,,0,0
DENATRLA,2025-06-23 08:03:56.000,21.7,27.9,23.2,19.6,19.0,14.2,10.9,12.4,8.7,7.4,10.4,12.4,14.9,16.5,18.0,17.4,17.1,17.8,17.0,14.8,12.8,10.9,7.6,6.5,5.2,6.0,1.2,-3.0,-3.6,-4.0,-4.5,-3.2,-0.2,23.8,28.5,38.2,13.4,0.0,0.4,25.4,14.4,79.5,,,OBAnorm,,LD831_02097v2.403,,,,0,0
DENATRLA,2025-06-23 08:03:57.000,27.7,22.2,21.4,17.1,17.3,13.8,12.2,11.6,9.2,7.2,9.2,12.9,14.3,16.5,17.6,18.0,18.0,18.1,17.1,16.1,13.1,10.4,8.0,7.0,6.8,6.3,2.4,-2.2,-3.3,-3.8,-4.4,-3.1,-0.1,24.2,28.5,34.2,13.4,0.0,0.4,25.4,14.4,79.5,,,OBAnorm,,LD831_02097v2.403,,,,0,0
DENATRLA,2025-06-23 08:03:58.000,20.9,23.7,20.0,19.3,17.5,16.5,12.2,14.6,7.6,7.9,11.4,14.1,15.2,16.6,18.0,18.1,17.2,18.1,17.3,15.8,13.5,11.0,8.3,5.5,5.7,6.1,4.7,8.4,-0.1,-3.4,-4.4,-3.1,0.0,24.3,28.8,36.8,13.4,0.0,0.4,25.4,14.4,79.5,,,OBAnorm,,LD831_02097v2.403,,,,0,0
DENATRLA,2025-06-23 08:03:59.000,28.2,22.4,20.8,21.4,15.1,15.2,11.0,11.6,7.8,7.7,10.6,13.2,16.2,16.3,17.2,17.7,18.0,17.5,16.6,15.3,13.3,11.1,8.2,6.2,6.1,4.9,3.5,-0.4,-2.8,-3.7,-4.4,-3.2,0.0,23.9,28.7,38.2,13.4,0.0,0.4,25.4,14.4,79.5,,,OBAnorm,,LD831_02097v2.403,,,,0,0
DENATRLA,2025-06-23 08:04:00.000,21.6,26.9,20.8,22.0,20.6,15.1,15.2,11.5,7.0,9.1,10.9,13.7,14.3,16.4,17.2,17.6,17.3,17.7,17.2,15.5,13.5,13.4,11.0,9.8,9.1,5.4,2.2,-1.6,-3.1,-3.9,-4.3,-3.1,0.0,24.6,28.9,43.3,13.4,0.0,0.4,25.4,14.4,79.5,,,OBAnorm,,LD831_02097v2.403,,,,0,0
DENATRLA,2025-06-23 08:04:01.000,24.8,26.1,18.4,18.3,16.1,15.0,12.4,10.6,7.8,8.4,11.9,14.3,14.4,16.2,19.1,18.3,17.1,18.0,17.0,16.0,13.2,11.2,8.7,8.6,6.2,3.2,0.8,-2.4,-3.3,-3.6,-4.3,-3.1,0.0,24.2,28.8,41.9,13.4,0.0,0.4,25.4,14.4,79.5,,,OBAnorm,,LD831_02097v2.403,,,,0,0
DENATRLA,2025-06-23 08:04:02.000,23.2,23.0,22.7,20.1,11.6,13.8,15.0,11.2,9.9,8.5,11.6,14.1,15.6,17.1,18.1,17.2,17.5,17.3,16.7,15.7,13.9,11.3,7.6,4.5,5.9,2.9,1.0,-2.8,-3.5,-3.9,-4.3,-3.3,0.0,24.0,28.9,40.6,13.4,0.0,0.4,25.4,14.4,79.5,,,OBAnorm,,LD831_02097v2.403,,,,0,0
DENATRLA,2025-06-23 08:04:03.000,27.0,25.2,22.1,20.0,17.1,15.8,13.2,11.3,7.0,9.2,11.2,13.6,15.2,16.6,18.0,18.6,18.3,17.5,17.7,16.0,13.4,11.6,8.0,5.0,4.2,2.9,1.0,-2.9,-3.5,-3.9,-4.4,-3.0,-0.2,24.3,30.6,48.3,13.4,0.0,0.4,25.4,14.4,79.5,,,OBAnorm,,LD831_02097v2.403,,,,0,0
DENATRLA,2025-06-23 08:04:04.000,23.9,25.8,22.4,21.5,17.5,17.1,13.8,13.5,8.7,6.1,11.2,13.7,15.6,16.8,18.5,18.3,17.6,17.7,16.9,16.4,15.5,12.6,9.2,7.3,6.7,3.4,0.6,-3.3,-3.6,-4.0,-4.4,-3.2,-0.2,24.6,29.8,46.4,13.4,0.0,0.4,25.4,14.4,79.5,,,OBAnorm,,LD831_02097v2.403,,,,0,0
DENATRLA,2025-06-23 08:04:05.000,24.5,24.7,20.1,19.5,18.4,15.2,13.3,10.9,10.6,8.5,12.0,14.8,17.3,18.5,18.2,17.9,17.4,18.0,17.8,16.2,14.5,12.3,7.8,4.7,2.9,3.4,-0.1,-3.4,-3.7,-3.9,-4.3,-3.3,-0.2,24.6,29.3,43.2,13.4,0.0,0.4,25.4,14.4,79.5,,,OBAnorm,,LD831_02097v2.403,,,,0,0
DENATRLA,2025-06-23 08:04:06.000,28.3,24.7,19.9,19.3,16.4,14.4,13.4,11.5,9.4,6.8,11.4,14.7,16.5,17.3,18.1,18.3,19.2,18.4,17.0,16.2,14.2,12.4,9.1,5.2,5.7,6.5,4.0,2.9,-2.3,-3.6,-4.2,-3.1,-0.2,24.7,29.4,39.7,13.4,0.0,0.4,25.4,14.4,79.5,,,OBAnorm,,LD831_02097v2.403,,,,0,0
DENATRLA,2025-06-23 08:04:07.000,25.9,26.6,22.4,20.2,17.6,15.3,13.7,11.5,7.4,8.1,11.3,14.9,16.9,18.0,18.1,17.5,18.0,18.0,17.1,16.2,14.4,11.6,10.0,9.4,7.6,2.5,-1.3,-3.5,-3.7,-3.9,-4.4,-3.1,-0.1,24.7,29.6,38.9,13.4,0.0,0.4,25.4,14.4,79.5,,,OBAnorm,,LD831_02097v2.403,,,,0,0
DENATRLA,2025-06-23 08:04:08.000,27.6,25.5,21.5,22.7,17.6,15.5,13.0,10.4,7.7,7.4,11.8,14.7,16.5,18.3,18.7,17.3,18.3,18.4,17.1,16.7,14.1,11.4,8.1,5.3,3.7,1.5,-2.1,-3.7,-3.7,-3.8,-4.5,-3.1,-0.1,24.5,29.2,36.2,13.4,0.0,0.4,25.4,14.4,80.1,,,OBAnorm,,LD831_02097v2.403,,,,0,0
DENATRLA,2025-06-23 08:04:09.000,26.8,25.6,23.6,20.3,18.3,14.7,15.1,12.3,9.0,8.0,11.8,14.3,16.2,18.3,19.0,18.0,18.2,18.7,17.7,16.7,13.8,11.6,7.6,4.5,3.4,1.5,0.6,-1.3,-3.8,-4.0,-4.3,-3.2,-0.1,24.7,29.6,40.2,13.4,0.0,0.4,25.4,14.4,80.1,,,OBAnorm,,LD831_02097v2.403,,,,0,0
DENATRLA,2025-06-23 08:04:10.000,25.8,27.4,21.6,22.9,18.1,15.4,14.2,12.9,5.4,7.8,10.7,14.5,15.1,16.8,18.2,18.4,17.8,18.8,17.7,16.5,14.1,10.7,7.5,3.9,2.3,0.9,-2.6,-3.8,-3.8,-3.9,-4.4,-3.2,-0.2,24.5,29.1,42.6,13.4,0.0,0.4,25.4,14.4,80.1,,,OBAnorm,,LD831_02097v2.403,,,,0,0
DENATRLA,2025-06-23 08:04:11.000,24.0,22.0,22.1,21.5,17.1,13.9,11.5,11.2,8.0,7.7,12.1,12.7,16.1,17.0,17.8,18.3,18.6,18.7,18.0,16.9,14.2,11.0,7.4,4.4,2.4,0.3,-2.8,-3.8,-3.8,-3.9,-4.5,-3.1,-0.1,24.6,29.6,40.3,13.4,0.0,0.4,25.4,14.4,80.1,,,OBAnorm,,LD831_02097v2.403,,,,0,0
DENATRLA,2025-06-23 08:04:12.000,27.1,20.2,23.9,21.3,18.4,14.5,13.0,9.7,8.8,8.4,11.8,14.4,16.0,18.5,18.6,17.4,17.8,18.7,17.3,16.0,13.8,11.1,7.9,4.9,3.8,0.6,-2.6,-3.7,-3.8,-3.9,-4.4,-3.1,-0.2,24.3,29.2,43.3,13.4,0.0,0.4,25.4,14.4,80.7,,,OBAnorm,,LD831_02097v2.403,,,,0,0
DENATRLA,2025-06-23 08:04:13.000,28.4,24.6,18.9,21.0,12.9,14.3,13.0,11.9,8.6,8.1,10.1,14.7,15.8,17.5,18.5,18.1,18.1,17.9,17.3,15.5,13.7,10.9,8.7,8.1,6.7,4.8,-1.0,-3.8,-3.7,-3.8,-4.4,-3.3,-0.2,24.3,29.2,42.9,13.4,0.0,0.4,25.4,14.4,80.7,,,OBAnorm,,LD831_02097v2.403,,,,0,0
DENATRLA,2025-06-23 08:04:14.000,27.1,26.1,19.1,15.9,19.1,15.0,13.6,11.5,8.3,8.5,11.5,14.6,15.5,17.5,18.0,17.4,17.7,18.8,17.7,15.9,14.4,12.7,7.7,4.4,3.6,4.8,1.8,1.0,-3.0,-3.9,-4.4,-3.2,0.0,24.6,29.5,41.4,13.4,0.0,0.4,25.4,14.4,80.7,,,OBAnorm,,LD831_02097v2.403,,,,0,0
DENATRLA,2025-06-23 08:04:15.000,22.4,28.0,20.6,19.7,18.0,16.2,11.1,12.8,11.0,9.0,11.4,14.7,17.1,17.9,18.3,18.1,18.3,18.2,17.8,15.6,14.4,12.6,8.4,6.0,7.4,1.6,-0.1,5.0,-3.6,-3.8,-4.3,-3.0,0.0,24.7,29.6,44.0,13.4,0.0,0.4,25.4,14.4,80.7,,,OBAnorm,,LD831_02097v2.403,,,,0,0
DENATRLA,2025-06-23 08:04:16.000,26.6,25.9,22.5,19.6,17.0,13.8,11.4,13.1,9.6,9.5,12.2,14.4,15.2,16.8,18.3,18.1,18.5,18.5,17.9,16.1,14.2,11.9,7.7,4.2,3.9,1.9,-2.4,-3.8,-3.8,-3.8,-4.4,-3.2,-0.2,24.6,29.4,44.7,13.4,0.0,0.4,25.4,14.4,80.7,,,OBAnorm,,LD831_02097v2.403,,,,0,0
DENATRLA,2025-06-23 08:04:17.000,28.9,27.4,25.3,19.7,15.0,14.2,14.3,11.9,9.5,9.2,11.5,12.4,17.0,18.1,18.7,18.1,17.8,18.6,17.9,16.4,13.9,11.3,8.1,4.5,2.4,0.8,-2.6,-3.8,-3.8,-3.9,-4.4,-3.1,-0.1,24.4,31.5,47.2,13.4,0.0,0.4,25.4,14.4,80.7,,,OBAnorm,,LD831_02097v2.403,,,,0,0
DENATRLA,2025-06-23 08:04:18.000,22.7,25.9,23.0,20.3,19.7,15.8,12.7,12.3,7.5,7.6,9.6,13.6,16.8,18.0,17.5,17.4,16.7,18.8,17.8,16.5,13.3,11.5,7.5,4.2,2.3,1.6,-2.0,-3.8,-3.8,-3.9,-4.4,-3.1,-0.2,24.3,29.7,46.4,13.4,0.0,0.4,25.4,14.4,80.7,,,OBAnorm,,LD831_02097v2.403,,,,0,0
DENATRLA,2025-06-23 08:04:19.000,30.4,28.7,24.5,20.7,16.5,13.2,13.7,11.2,9.6,8.5,10.3,14.8,15.1,17.1,17.5,18.0,17.9,18.2,17.7,16.3,13.9,11.1,7.6,4.4,2.2,4.0,2.6,-3.6,-3.7,-4.0,-4.4,-3.2,-0.1,24.2,28.8,42.0,13.4,0.0,0.4,25.4,14.4,80.7,,,OBAnorm,,LD831_02097v2.403,,,,0,0
DENATRLA,2025-06-23 08:04:20.000,33.9,27.8,24.9,21.2,16.1,14.3,13.3,10.2,7.6,7.4,11.7,11.9,15.0,17.7,18.0,16.7,17.5,18.2,17.2,15.6,14.0,10.7,7.6,4.3,2.4,1.1,-2.7,-3.9,-3.8,-3.9,-4.5,-3.0,0.0,24.1,29.8,45.7,13.4,0.0,0.4,25.4,14.4,80.7,,,OBAnorm,,LD831_02097v2.403,,,,0,0
DENATRLA,2025-06-23 08:04:21.000,23.6,23.4,23.9,17.6,16.6,16.7,10.5,11.8,7.7,8.8,8.8,14.1,15.3,16.5,18.2,18.0,18.6,18.5,17.5,15.8,13.4,10.7,7.6,4.8,2.6,0.9,-2.5,-3.8,-3.8,-3.9,-4.4,-3.2,-0.2,24.3,30.8,48.7,13.4,0.0,0.4,25.4,14.4,80.7,,,OBAnorm,,LD831_02097v2.403,,,,0,0
DENATRLA,2025-06-23 08:04:22.000,25.4,27.6,22.7,20.8,16.5,15.6,14.6,10.6,9.9,8.1,11.5,13.8,16.5,16.2,18.2,17.7,18.1,18.3,17.5,16.6,14.7,10.6,7.5,8.4,10.3,14.4,10.1,5.5,7.8,3.3,4.0,-2.7,-0.1,25.4,31.0,44.0,13.4,0.0,0.4,25.4,14.4,80.7,,,OBAnorm,,LD831_02097v2.403,,,,0,0
DENATRLA,2025-06-23 08:04:23.000,26.0,25.7,27.0,25.6,20.2,17.7,13.9,13.1,10.2,9.3,12.1,13.2,15.6,16.4,18.6,18.7,18.3,18.6,18.3,18.3,15.5,11.2,9.4,13.2,13.8,15.4,12.4,8.1,9.1,7.1,6.1,-2.5,-0.2,26.6,30.6,45.6,13.4,0.0,0.4,25.4,14.4,80.1,,,OBAnorm,,LD831_02097v2.403,,,,0,0
DENATRLA,2025-06-23 08:04:24.000,32.9,31.8,26.6,18.2,18.0,14.9,14.0,10.9,7.8,8.4,10.1,15.4,14.9,16.8,18.2,18.1,18.0,18.5,17.9,17.5,13.8,10.6,9.3,6.9,9.1,11.9,6.7,2.2,2.6,3.6,2.1,-2.9,0.0,25.2,30.1,44.0,13.4,0.0,0.4,25.4,14.4,80.1,,,OBAnorm,,LD831_02097v2.403,,,,0,0
DENATRLA,2025-06-23 08:04:25.000,27.8,25.6,21.0,21.6,18.6,15.2,12.7,11.7,7.9,8.2,9.7,13.3,15.4,16.2,17.6,18.5,18.3,18.6,17.1,15.6,14.2,11.1,7.8,4.8,2.7,2.3,-2.2,-3.8,-3.7,-3.9,-4.4,-3.2,-0.2,24.3,28.8,41.2,13.4,0.0,0.4,25.4,14.4,80.1,,,OBAnorm,,LD831_02097v2.403,,,,0,0
DENATRLA,2025-06-23 08:04:26.000,28.7,29.6,23.6,19.9,15.6,14.3,11.3,12.0,8.3,8.4,9.4,13.9,16.8,16.3,18.3,17.9,17.4,18.5,17.5,15.9,13.5,10.9,8.0,5.9,5.4,4.6,4.6,5.0,-3.6,-3.6,-4.1,-3.1,-0.1,24.5,29.9,43.5,13.4,0.0,0.4,25.5,14.4,80.1,,,OBAnorm,,LD831_02097v2.403,,,,0,0
DENATRLA,2025-06-23 08:04:27.000,29.2,20.1,20.4,18.2,15.6,15.9,12.0,11.4,6.2,7.6,10.7,13.2,16.0,16.9,17.8,17.5,18.4,17.6,16.8,15.8,13.6,11.2,8.0,6.0,6.8,3.2,2.1,1.4,-3.7,-3.8,-4.4,-3.1,-0.2,24.2,29.3,41.0,13.4,0.0,0.4,25.4,14.4,80.1,,,OBAnorm,,LD831_02097v2.403,,,,0,0
DENATRLA,2025-06-23 08:04:28.000,27.9,27.3,22.1,22.5,15.3,12.9,14.0,12.3,8.0,7.7,11.0,13.8,15.9,15.9,17.4,17.9,18.2,18.2,17.2,15.7,13.3,10.6,7.7,6.4,8.5,3.0,1.1,-0.9,-3.8,-4.0,-4.4,-3.1,-0.2,24.1,29.1,43.3,13.4,0.0,0.4,25.5,14.4,80.1,,,OBAnorm,,LD831_02097v2.403,,,,0,0
DENATRLA,2025-06-23 08:04:29.000,26.1,28.4,21.6,20.4,18.0,14.7,13.1,10.9,9.3,9.4,10.7,14.5,15.5,16.9,19.0,17.9,17.8,17.8,16.7,15.4,12.5,10.3,7.8,6.6,9.4,1.9,-2.3,-3.8,-3.8,-3.9,-4.5,-3.1,-0.1,24.0,29.0,40.4,13.4,0.0,0.4,25.4,14.4,80.1,,,OBAnorm,,LD831_02097v2.403,,,,0,0
DENATRLA,2025-06-23 08:04:30.000,25.7,25.7,23.3,18.7,14.5,12.4,10.6,12.4,8.4,6.6,8.3,12.9,15.2,16.4,17.8,18.4,17.9,17.7,16.6,15.9,13.2,11.0,8.8,6.5,7.6,1.5,-0.9,-3.8,-3.8,-4.0,-4.4,-3.3,-0.1,24.2,29.0,41.0,13.4,0.0,0.4,25.4,14.4,80.1,,,OBAnorm,,LD831_02097v2.403,,,,0,0
DENATRLA,2025-06-23 08:04:31.000,21.5,25.5,24.3,20.7,12.5,13.3,11.9,11.3,7.0,10.2,9.6,10.6,14.5,17.2,17.8,18.6,18.7,17.6,17.7,16.6,13.7,11.0,7.8,5.5,4.1,2.8,0.9,-3.6,-3.7,-3.8,-4.4,-3.2,-0.1,24.6,29.3,41.0,13.4,0.0,0.4,25.4,14.4,79.5,,,OBAnorm,,LD831_02097v2.403,,,,0,0
DENATRLA,2025-06-23 08:04:32.000,23.2,25.1,25.7,19.0,17.9,16.2,14.2,10.4,9.1,7.5,11.0,15.6,16.8,17.4,18.1,17.8,18.7,18.0,17.2,15.8,13.3,10.6,7.7,4.9,3.3,1.3,-1.0,-3.7,-3.5,-3.6,-4.3,-3.1,-0.1,24.1,29.9,43.9,13.4,0.0,0.4,25.5,14.4,79.5,,,OBAnorm,,LD831_02097v2.403,,,,0,0
DENATRLA,2025-06-23 08:04:33.000,28.3,27.1,21.4,17.9,17.1,14.2,13.8,11.6,8.1,8.2,9.2,13.1,15.3,16.1,18.2,18.0,17.9,17.8,16.7,15.4,13.6,10.9,8.4,7.9,5.8,1.2,-2.4,-3.8,-3.7,-3.8,-4.4,-3.1,-0.2,24.1,28.9,37.0,13.4,0.0,0.4,25.4,14.4,79.5,,,OBAnorm,,LD831_02097v2.403,,,,0,0
DENATRLA,2025-06-23 08:04:34.000,24.1,29.4,21.5,17.7,15.8,10.5,11.9,9.8,8.8,8.0,10.5,12.5,15.1,17.0,18.8,17.7,17.9,17.8,16.8,15.8,12.8,10.5,7.4,5.6,3.6,2.9,-2.8,-3.8,-3.7,-3.9,-4.4,-3.2,-0.2,23.8,29.2,41.6,13.4,0.0,0.4,25.4,14.4,79.5,,,OBAnorm,,LD831_02097v2.403,,,,0,0
DENATRLA,2025-06-23 08:04:35.000,29.3,24.0,24.2,17.0,16.9,12.1,12.3,11.2,6.2,7.2,10.0,14.0,15.0,16.7,18.9,17.9,17.5,17.3,16.9,15.2,12.8,10.1,7.1,7.3,3.2,4.2,-1.7,-3.8,-3.7,-3.9,-4.5,-3.2,-0.1,23.8,28.7,42.5,13.4,0.0,0.4,25.4,14.4,79.5,,,OBAnorm,,LD831_02097v2.403,,,,0,0
DENATRLA,2025-06-23 08:04:36.000,29.1,23.5,24.1,17.9,13.0,13.8,12.2,12.0,7.7,7.9,10.1,13.8,15.0,16.9,17.0,17.7,18.0,17.2,17.6,15.6,13.2,10.9,8.7,11.2,11.3,2.9,-1.8,-3.7,-3.7,-3.8,-4.3,-3.2,-0.1,24.5,29.0,45.2,13.4,0.0,0.4,25.5,14.4,79.5,,,OBAnorm,,LD831_02097v2.403,,,,0,0
DENATRLA,2025-06-23 08:04:37.000,30.5,22.4,20.0,17.0,14.8,16.2,13.2,9.7,6.4,6.5,9.1,13.5,16.0,16.9,17.2,17.6,17.8,17.4,17.6,15.2,12.9,10.0,7.0,4.0,2.3,1.3,-2.1,-3.7,-3.7,-3.8,-4.3,-3.0,-0.1,23.9,29.8,44.9,13.4,0.0,0.4,25.4,14.4,79.5,,,OBAnorm,,LD831_02097v2.403,,,,0,0
DENATRLA,2025-06-23 08:04:38.000,28.3,25.7,22.9,19.7,17.1,14.0,9.9,10.8,7.5,7.6,11.2,12.8,15.7,17.7,18.7,18.4,18.6,17.6,17.5,15.7,12.6,10.3,7.2,4.2,2.3,1.3,-1.7,-3.7,-3.7,-3.9,-4.4,-3.1,-0.1,24.0,28.8,39.9,13.4,0.0,0.4,25.4,14.4,79.5,,,OBAnorm,,LD831_02097v2.403,,,,0,0
DENATRLA,2025-06-23 08:04:39.000,25.2,28.0,24.4,18.7,18.1,13.0,13.5,10.6,7.8,7.9,11.1,14.0,16.0,17.6,18.3,17.2,18.0,18.3,17.3,15.5,13.2,10.7,7.1,4.3,2.2,1.1,-1.7,-3.7,-3.8,-3.9,-4.4,-3.2,-0.2,24.0,28.9,35.6,13.4,0.0,0.4,25.4,14.4,79.5,,,OBAnorm,,LD831_02097v2.403,,,,0,0
DENATRLA,2025-06-23 08:04:40.000,23.0,23.6,21.0,20.3,17.7,13.8,11.1,10.2,6.8,8.1,9.6,13.8,14.7,16.2,17.6,17.5,18.5,18.1,17.6,15.6,12.8,11.7,9.8,8.1,7.9,5.6,-1.7,-3.7,-3.7,-3.8,-4.4,-3.1,-0.2,24.4,28.8,35.9,13.4,0.0,0.4,25.4,14.4,79.0,,,OBAnorm,,LD831_02097v2.403,,,,0,0
DENATRLA,2025-06-23 08:04:41.000,26.3,21.3,21.6,18.4,18.1,12.6,13.1,10.5,7.8,5.5,10.1,12.1,15.0,16.8,17.3,17.7,17.0,17.0,16.8,15.6,13.4,10.4,6.8,5.1,3.6,2.3,-0.4,-3.6,-3.7,-3.8,-4.2,-3.0,0.0,23.5,28.4,38.8,13.4,0.0,0.4,25.4,14.3,78.9,,,OBAnorm,,LD831_02097v2.403,,,,0,0
DENATRLA,2025-06-23 08:04:42.000,28.5,26.3,21.9,20.5,15.0,15.0,13.6,12.4,6.1,5.6,9.7,13.8,16.6,16.5,17.5,17.3,17.2,17.8,17.2,16.0,13.5,11.3,8.8,10.2,9.7,3.1,-1.0,-3.7,-3.8,-3.9,-4.4,-3.1,-0.1,24.2,29.9,46.6,13.4,0.0,0.4,25.4,14.3,78.9,,,OBAnorm,,LD831_02097v2.403,,,,0,0
DENATRLA,2025-06-23 08:04:43.000,26.5,25.9,21.0,19.2,15.6,15.0,10.8,10.3,9.6,8.2,11.1,12.1,14.3,14.8,17.1,17.2,17.5,17.4,16.6,16.4,13.5,10.0,7.7,6.9,8.0,4.4,-1.6,-3.8,-3.8,-4.0,-4.4,-3.3,-0.1,23.9,29.3,41.3,13.4,0.0,0.4,25.5,14.4,79.5,,,OBAnorm,,LD831_02097v2.403,,,,0,0
DENATRLA,2025-06-23 08:04:44.000,28.9,25.8,23.5,18.7,17.6,14.3,13.6,12.5,7.9,7.5,10.2,13.4,16.4,16.4,16.5,17.1,17.0,18.1,17.0,15.9,13.4,11.0,10.8,4.6,4.7,3.4,2.1,1.8,-3.6,-3.9,-4.4,-3.3,-0.1,24.1,29.2,38.8,13.4,0.0,0.4,25.4,14.3,79.5,,,OBAnorm,,LD831_02097v2.403,,,,0,0
DENATRLA,2025-06-23 08:04:45.000,31.4,26.4,21.2,19.9,16.1,13.5,13.6,10.9,6.4,8.2,10.9,13.4,15.2,15.1,17.9,16.7,17.2,17.1,16.9,15.5,13.1,11.3,8.7,6.8,8.1,2.3,3.0,3.9,-3.3,-3.9,-4.3,-3.2,-0.2,23.8,29.6,43.0,13.4,0.0,0.4,25.5,14.3,79.5,,,OBAnorm,,LD831_02097v2.403,,,,0,0
DENATRLA,2025-06-23 08:04:46.000,28.5,25.6,22.6,20.5,14.9,14.6,11.1,11.0,8.1,9.0,10.8,12.0,14.7,16.3,17.9,17.2,17.0,17.0,16.0,14.8,12.7,10.9,7.2,6.0,7.1,2.1,4.3,2.3,-3.4,-3.9,-4.4,-3.1,-0.1,23.5,32.1,51.8,13.4,0.0,0.4,25.4,14.4,79.5,,,OBAnorm,,LD831_02097v2.403,,,,0,0
DENATRLA,2025-06-23 08:04:47.000,29.6,28.8,25.8,23.0,18.1,13.1,11.9,11.0,7.1,7.7,9.5,10.3,16.0,16.9,17.0,17.2,18.0,16.8,16.5,14.8,13.0,9.9,7.6,5.7,4.4,2.9,-0.5,-2.8,-3.6,-3.8,-4.4,-3.2,-0.1,23.5,29.9,47.3,13.4,0.0,0.4,25.5,14.4,79.5,,,OBAnorm,,LD831_02097v2.403,,,,0,0
DENATRLA,2025-06-23 08:04:48.000,33.1,29.4,28.4,21.2,18.8,14.8,11.0,10.4,8.7,5.6,9.3,13.6,14.8,16.3,18.0,18.0,17.4,17.3,17.0,14.9,12.9,9.8,7.5,6.7,4.9,2.9,-0.4,-1.0,-3.5,-3.9,-4.5,-3.3,-0.2,23.7,28.9,43.4,13.4,0.0,0.4,25.4,14.4,79.5,,,OBAnorm,,LD831_02097v2.403,,,,0,0
DENATRLA,2025-06-23 08:04:49.000,31.8,26.0,24.6,19.2,18.6,13.9,12.1,9.2,5.8,9.1,9.1,12.7,13.9,15.2,17.3,17.7,17.3,17.0,16.7,15.2,13.0,10.4,7.3,6.6,7.6,3.4,3.7,1.9,-2.9,-3.8,-4.3,-3.2,0.0,23.7,28.2,35.1,13.4,0.0,0.4,25.4,14.4,79.5,,,OBAnorm,,LD831_02097v2.403,,,,0,0
DENATRLA,2025-06-23 08:04:50.000,27.7,24.7,24.1,17.3,16.2,15.3,10.4,17.1,8.4,9.8,10.4,12.2,13.9,16.3,17.4,16.7,18.2,17.3,16.9,14.6,12.8,9.5,7.8,7.9,5.8,3.7,0.3,-2.8,-3.6,-3.8,-4.4,-3.1,-0.1,23.6,28.6,35.9,13.4,0.0,0.4,25.5,14.4,79.5,,,OBAnorm,,LD831_02097v2.403,,,,0,0
DENATRLA,2025-06-23 08:04:51.000,27.1,23.8,21.8,17.7,15.7,12.8,11.5,15.9,8.4,6.3,9.6,14.0,14.8,15.7,16.1,16.9,18.2,17.3,15.6,14.9,13.0,10.7,11.7,9.1,7.7,6.0,0.5,-3.1,-3.2,-3.7,-4.4,-3.2,-0.1,24.0,28.5,35.7,13.4,0.0,0.4,25.4,14.4,79.5,,,OBAnorm,,LD831_02097v2.403,,,,0,0
DENATRLA,2025-06-23 08:04:52.000,28.6,27.2,21.4,19.2,16.3,16.2,13.9,14.7,7.5,6.8,8.6,12.5,15.0,17.0,16.6,17.2,17.2,17.1,16.7,14.9,12.6,10.2,8.3,6.6,4.4,4.2,0.1,-3.5,-3.6,-3.8,-4.4,-3.0,-0.1,23.6,28.3,36.1,13.4,0.0,0.4,25.4,14.4,79.5,,,OBAnorm,,LD831_02097v2.403,,,,0,0
DENATRLA,2025-06-23 08:04:53.000,26.4,25.5,22.6,19.7,16.0,13.6,14.2,10.4,8.8,7.3,9.1,12.0,15.1,16.4,16.6,17.7,16.8,17.1,16.4,14.6,12.1,9.7,6.8,6.8,7.8,1.6,-0.8,-3.7,-3.7,-3.8,-4.3,-3.0,0.1,23.4,28.1,35.5,13.4,0.0,0.4,25.5,14.4,79.5,,,OBAnorm,,LD831_02097v2.403,,,,0,0
DENATRLA,2025-06-23 08:04:54.000,26.8,19.9,21.0,20.9,15.3,12.4,13.3,11.8,9.8,6.8,9.5,13.0,14.4,15.9,16.9,16.9,17.4,17.4,16.8,14.8,12.4,9.8,6.3,4.0,4.2,1.6,-1.3,-3.7,-3.6,-3.9,-4.4,-2.9,-0.1,23.3,28.8,36.4,13.4,0.0,0.4,25.5,14.4,79.5,,,OBAnorm,,LD831_02097v2.403,,,,0,0
DENATRLA,2025-06-23 08:04:55.000,29.0,17.8,24.1,22.6,19.4,12.2,11.7,9.8,7.1,7.2,9.6,13.0,14.4,16.0,17.2,17.2,17.3,18.1,16.8,15.5,12.8,9.6,6.3,3.9,2.1,2.0,-1.0,-3.8,-3.7,-3.9,-4.4,-3.0,0.1,23.5,29.0,36.3,13.4,0.0,0.4,25.4,14.4,79.5,,,OBAnorm,,LD831_02097v2.403,,,,0,0
DENATRLA,2025-06-23 08:04:56.000,21.9,26.3,23.7,18.6,18.0,15.2,11.8,12.0,9.9,6.8,9.7,13.3,15.1,16.1,16.3,16.3,17.4,17.7,16.2,14.9,11.7,9.6,6.1,3.4,1.6,2.4,-0.1,-3.8,-3.8,-3.9,-4.4,-3.0,0.1,23.2,28.8,38.4,13.4,0.0,0.4,25.5,14.4,79.5,,,OBAnorm,,LD831_02097v2.403,,,,0,0
DENATRLA,2025-06-23 08:04:57.000,30.0,20.6,23.1,14.6,15.7,15.9,12.4,11.1,7.4,6.3,9.8,12.1,15.5,16.9,17.0,18.1,17.7,17.3,17.2,14.6,13.0,11.2,7.9,8.1,6.0,1.2,-2.3,-3.8,-3.7,-3.7,-4.4,-3.1,-0.1,23.9,29.0,37.8,13.4,0.0,0.4,25.4,14.4,79.5,,,OBAnorm,,LD831_02097v2.403,,,,0,0
DENATRLA,2025-06-23 08:04:58.000,29.1,29.6,21.7,18.9,18.2,13.2,11.7,10.0,7.3,8.8,10.0,13.7,14.2,17.5,17.8,18.8,18.0,18.0,17.2,15.2,13.3,15.3,8.6,5.8,5.6,1.2,-2.5,-3.8,-3.7,-3.9,-4.4,-3.1,-0.1,24.6,29.5,37.1,13.4,0.0,0.4,25.4,14.4,79.5,,,OBAnorm,,LD831_02097v2.403,,,,0,0
DENATRLA,2025-06-23 08:04:59.000,32.8,22.9,25.8,21.7,15.8,14.6,12.7,11.9,8.8,7.6,9.9,13.2,15.3,17.1,17.9,18.0,18.4,17.9,17.2,16.2,13.2,13.0,9.0,5.4,4.3,1.9,-1.4,-3.7,-3.7,-3.7,-4.4,-3.1,-0.1,24.4,29.2,37.0,13.4,0.0,0.4,25.5,14.4,79.5,,,OBAnorm,,LD831_02097v2.403,,,,0,0
DENATRLA,2025-06-23 08:05:00.000,29.8,26.6,24.0,19.4,16.4,13.1,11.6,9.7,9.5,7.9,11.2,12.5,15.1,17.2,17.0,19.5,18.1,18.1,16.6,15.3,13.5,15.1,11.1,8.4,7.6,3.5,-0.2,-3.4,-3.5,-3.9,-4.4,-3.2,-0.1,24.7,29.1,35.6,13.4,0.0,0.4,25.5,14.4,79.5,,,OBAnorm,,LD831_02097v2.403,,,,0,0
DENATRLA,2025-06-23 08:05:01.000,28.1,24.9,22.9,20.6,18.5,14.1,14.1,11.9,8.1,7.0,10.2,13.3,16.2,16.6,17.2,18.3,17.8,17.7,16.9,15.9,12.9,16.4,9.1,6.6,6.3,3.9,0.7,-2.6,-3.0,-3.6,-4.4,-3.1,-0.1,24.6,30.0,39.1,13.4,0.0,0.4,25.5,14.4,79.5,,,OBAnorm,,LD831_02097v2.403,,,,0,0
DENATRLA,2025-06-23 08:05:02.000,26.9,24.4,21.5,19.3,17.6,14.4,13.6,12.7,6.6,8.3,11.6,12.7,14.4,15.3,17.9,17.8,17.0,17.4,16.9,15.5,13.5,10.8,9.8,16.0,15.8,7.4,1.8,-2.3,-3.0,-3.8,-4.4,-3.0,0.0,25.5,28.9,36.3,13.4,0.0,0.4,25.5,14.4,79.5,,,OBAnorm,,LD831_02097v2.403,,,,0,0
DENATRLA,2025-06-23 08:05:03.000,31.0,27.6,22.8,19.0,16.9,13.8,12.0,10.2,9.8,7.7,9.1,13.8,14.2,16.0,17.8,17.3,17.5,16.5,15.9,14.8,13.0,10.7,8.5,15.6,16.3,8.7,-0.2,-2.8,-3.3,-3.8,-4.3,-3.0,0.0,24.9,28.2,35.1,13.4,0.0,0.4,25.5,14.4,79.5,,,OBAnorm,,LD831_02097v2.403,,,,0,0
DENATRLA,2025-06-23 08:05:04.000,31.4,27.3,21.2,15.9,16.3,14.0,10.3,10.0,8.7,7.8,9.3,13.4,15.8,17.4,18.4,17.6,18.9,17.2,16.7,15.4,14.5,12.0,10.5,16.7,18.1,9.4,2.4,-2.0,-2.4,-3.3,-3.8,-2.9,-0.1,26.3,29.5,40.4,13.4,0.0,0.4,25.4,14.4,79.5,,,OBAnorm,,LD831_02097v2.403,,,,0,0
DENATRLA,2025-06-23 08:05:05.000,26.6,23.8,19.0,18.7,14.6,12.7,10.7,10.4,4.6,7.2,10.4,14.7,14.8,16.9,17.5,17.5,18.6,17.6,16.9,15.3,13.5,11.6,14.4,13.8,16.1,9.3,2.0,-2.6,-3.2,-3.5,-4.2,-3.2,-0.1,25.6,30.2,47.0,13.4,0.0,0.4,25.5,14.4,79.5,,,OBAnorm,,LD831_02097v2.403,,,,0,0
DENATRLA,2025-06-23 08:05:06.000,24.2,24.0,23.5,20.9,19.8,14.2,12.5,12.2,8.1,6.9,10.3,14.9,15.4,16.5,18.6,18.2,18.0,17.3,16.2,14.8,12.4,10.6,12.3,8.6,9.1,7.0,0.5,-3.5,-3.5,-3.8,-4.4,-3.1,0.0,24.2,29.3,47.8,13.4,0.0,0.4,25.4,14.4,79.5,,,OBAnorm,,LD831_02097v2.403,,,,0,0
DENATRLA,2025-06-23 08:05:07.000,25.3,29.0,22.9,17.5,17.6,12.9,11.6,12.3,7.2,7.4,11.6,12.4,14.0,16.9,18.1,18.4,18.3,16.7,16.6,15.1,13.1,13.6,18.4,12.9,15.4,9.7,-1.1,-3.5,-3.4,-3.7,-4.2,-3.2,-0.2,26.2,31.3,50.0,13.4,0.0,0.4,25.5,14.4,79.5,,,OBAnorm,,LD831_02097v2.403,,,,0,0
DENATRLA,2025-06-23 08:05:08.000,31.1,25.1,22.8,17.5,19.3,15.8,12.4,10.8,8.0,7.5,10.5,12.5,15.8,16.8,17.6,17.8,18.4,17.3,16.6,14.7,13.0,15.4,19.8,12.7,13.7,9.9,-0.9,-3.4,-3.2,-3.7,-4.1,-3.0,-0.2,26.5,32.1,51.0,13.4,0.0,0.4,25.5,14.4,79.5,,,OBAnorm,,LD831_02097v2.403,,,,0,0
DENATRLA,2025-06-23 08:05:09.000,24.7,25.4,28.4,22.2,18.7,15.0,13.9,10.0,9.3,7.5,11.1,14.0,15.8,17.5,17.6,16.9,18.2,17.0,16.7,15.0,13.1,15.2,19.1,11.8,13.5,9.1,-0.5,-3.3,-3.3,-3.8,-4.4,-2.9,-0.2,26.1,30.9,46.6,13.4,0.0,0.4,25.5,14.4,79.5,,,OBAnorm,,LD831_02097v2.403,,,,0,0
DENATRLA,2025-06-23 08:05:10.000,33.1,31.4,24.5,25.3,16.9,15.1,14.1,11.8,6.7,9.0,9.4,13.7,15.1,16.6,18.4,18.3,18.2,17.8,16.9,15.4,12.9,12.4,15.1,10.0,10.3,6.9,0.7,-3.3,-3.4,-3.8,-4.3,-3.2,-0.1,25.0,29.7,45.9,13.4,0.0,0.4,25.4,14.4,79.5,,,OBAnorm,,LD831_02097v2.403,,,,0,0
DENATRLA,2025-06-23 08:05:11.000,29.3,28.4,21.9,19.6,17.0,14.5,11.7,10.9,8.7,8.4,11.8,13.2,16.7,17.0,18.8,19.0,17.8,18.0,17.1,16.1,13.6,11.5,7.7,5.9,3.6,3.4,0.4,-3.6,-3.8,-3.8,-4.4,-3.0,-0.1,24.4,30.4,45.2,13.4,0.0,0.4,25.5,14.4,79.5,,,OBAnorm,,LD831_02097v2.403,,,,0,0
DENATRLA,2025-06-23 08:05:12.000,32.2,25.7,21.1,19.5,17.2,12.8,14.6,11.1,8.5,9.0,11.9,14.2,16.7,16.9,18.3,18.6,17.6,18.3,17.0,16.1,13.4,11.6,9.4,9.1,6.4,3.0,0.0,-3.4,-3.7,-3.9,-4.4,-3.1,-0.1,24.4,30.4,46.7,13.4,0.0,0.4,25.5,14.4,79.5,,,OBAnorm,,LD831_02097v2.403,,,,0,0
DENATRLA,2025-06-23 08:05:13.000,27.4,25.3,23.6,21.0,17.8,13.5,12.7,8.6,7.4,7.3,10.7,13.6,15.7,17.7,18.6,19.2,19.0,18.4,17.4,15.9,14.2,11.3,7.7,5.4,4.2,5.5,-0.1,-3.4,-3.7,-3.9,-4.3,-3.2,-0.1,24.6,33.8,51.7,13.4,0.0,35.9,25.5,14.5,79.5,,,OBAnorm,,LD831_02097v2.403,,,,0,0
DENATRLA,2025-06-23 08:05:14.000,29.7,31.4,26.3,24.3,19.4,14.2,13.0,11.1,9.5,7.9,10.0,15.5,16.8,16.8,17.5,18.8,19.0,18.4,17.4,16.5,14.7,12.6,11.5,12.1,14.5,10.6,1.6,-2.1,-2.8,-3.4,-4.1,-2.8,-0.2,25.8,35.0,55.9,13.4,0.0,332.3,25.5,14.5,77.8,,,OBAnorm,,LD831_02097v2.403,,,,0,0
DENATRLA,2025-06-23 08:05:15.000,35.6,30.1,31.5,22.7,25.1,19.2,15.5,11.4,7.4,8.7,13.4,14.5,16.1,17.2,18.2,18.4,18.6,18.0,16.8,15.9,13.8,12.6,10.4,12.0,14.0,8.3,0.1,-3.2,-3.5,-3.7,-4.4,-2.9,-0.1,25.2,30.9,47.8,13.4,0.0,346.3,25.5,14.6,77.8,,,OBAnorm,,LD831_02097v2.403,,,,0,0
DENATRLA,2025-06-23 08:05:16.000,36.9,30.4,29.3,21.8,17.6,12.5,10.5,10.4,9.8,8.8,12.0,15.2,16.1,17.5,17.3,18.5,18.9,17.9,17.3,16.6,13.6,11.1,7.6,5.9,3.7,2.7,-0.6,-3.5,-3.7,-3.9,-4.3,-3.1,-0.2,24.4,29.1,36.3,13.4,0.1,346.3,25.5,14.6,79.6,,,OBAnorm,,LD831_02097v2.403,,,,0,0
DENATRLA,2025-06-23 08:05:17.000,34.2,22.5,24.5,19.4,17.0,13.6,12.0,9.3,9.2,9.4,11.3,13.2,16.2,17.3,18.5,19.4,17.3,18.6,17.8,15.8,13.3,10.5,7.6,5.4,4.4,2.5,-0.7,-3.7,-3.7,-3.9,-4.5,-3.1,-0.1,24.4,29.3,39.1,13.4,0.2,346.3,25.5,14.6,78.4,,,OBAnorm,,LD831_02097v2.403,,,,0,0
DENATRLA,2025-06-23 08:05:18.000,25.5,24.4,22.3,20.4,15.2,15.7,14.3,11.0,8.2,9.1,9.9,13.2,15.8,17.0,18.8,18.2,18.5,18.4,16.6,15.4,14.4,14.5,16.7,14.6,16.0,9.8,1.4,-2.8,-3.1,-3.9,-4.3,-3.2,0.0,26.5,30.0,43.3,13.4,0.2,332.3,25.5,14.6,76.1,,,OBAnorm,,LD831_02097v2.403,,,,0,0
DENATRLA,2025-06-23 08:05:19.000,26.9,23.7,23.6,20.7,17.7,14.2,13.0,10.1,10.4,8.1,10.8,13.0,16.4,17.5,18.1,18.7,18.4,17.7,17.5,15.0,13.9,12.6,9.4,9.2,8.2,2.8,-1.0,-3.4,-3.5,-3.9,-4.4,-3.2,-0.2,24.4,29.3,43.1,13.4,0.2,346.3,25.5,14.6,77.3,,,OBAnorm,,LD831_02097v2.403,,,,0,0
DENATRLA,2025-06-23 08:05:20.000,24.2,25.1,24.0,19.2,15.7,14.1,14.1,10.2,8.0,8.8,12.5,13.7,16.4,17.4,18.3,18.9,18.8,17.7,17.4,16.4,14.1,10.4,8.1,5.9,3.9,2.0,-1.2,-3.6,-3.7,-3.9,-4.4,-3.3,-0.1,24.5,29.7,38.8,13.4,0.2,346.3,25.5,14.6,79.6,,,OBAnorm,,LD831_02097v2.403,,,,0,0
DENATRLA,2025-06-23 08:05:21.000,29.4,27.3,21.4,22.2,18.2,12.3,14.3,12.3,7.0,8.5,10.1,12.4,15.3,16.2,18.8,18.8,18.1,18.0,16.9,15.8,12.8,10.9,10.2,8.4,6.7,3.3,0.2,-3.5,-3.7,-4.0,-4.4,-3.2,-0.1,24.3,29.3,40.7,13.4,0.2,346.0,25.5,14.6,79.6,,,OBAnorm,,LD831_02097v2.403,,,,0,0
DENATRLA,2025-06-23 08:05:22.000,28.4,26.6,22.9,19.7,16.5,11.9,14.3,10.3,7.5,8.3,10.6,14.2,16.6,18.0,18.0,19.0,19.0,18.1,16.9,15.4,13.3,10.8,8.7,10.7,8.0,4.4,-0.7,-3.5,-3.3,-3.5,-4.2,-3.0,-0.1,24.6,29.0,39.9,13.4,0.2,346.3,25.5,14.6,79.6,,,OBAnorm,,LD831_02097v2.403,,,,0,0
DENATRLA,2025-06-23 08:05:23.000,26.0,27.6,23.7,19.5,15.4,15.4,12.2,11.0,8.5,7.1,11.2,13.9,16.5,17.1,19.8,18.3,18.2,18.9,16.9,15.5,13.3,10.6,8.2,10.7,4.8,1.6,-1.4,-3.7,-3.8,-3.9,-4.4,-3.1,0.0,24.5,29.6,42.3,13.4,0.2,346.4,25.5,14.6,79.6,,,OBAnorm,,LD831_02097v2.403,,,,0,0
DENATRLA,2025-06-23 08:05:24.000,25.4,24.4,22.7,18.1,17.9,14.5,11.0,10.5,7.9,8.7,11.3,14.5,16.5,17.5,18.9,18.9,19.1,17.5,17.4,15.4,13.2,10.8,7.6,6.3,3.3,2.0,-1.7,-3.7,-3.8,-3.9,-4.4,-3.2,0.0,24.3,28.9,40.3,13.4,0.2,346.3,25.5,14.6,79.6,,,OBAnorm,,LD831_02097v2.403,,,,0,0
DENATRLA,2025-06-23 08:05:25.000,29.9,26.5,20.4,14.0,13.1,15.1,12.5,9.4,8.8,7.2,11.1,14.0,16.2,17.8,18.7,18.6,19.1,18.5,17.5,16.1,13.6,10.9,7.2,4.4,2.5,1.5,-1.7,-3.7,-3.6,-3.9,-4.4,-3.3,-0.1,24.5,28.9,37.3,13.4,0.2,346.3,25.5,14.6,79.6,,,OBAnorm,,LD831_02097v2.403,,,,0,0
DENATRLA,2025-06-23 08:05:26.000,25.9,22.7,21.5,19.5,17.0,14.7,15.1,10.2,9.0,7.9,12.0,13.0,15.2,17.9,18.4,18.8,18.3,18.3,17.6,15.5,13.4,10.9,8.2,5.4,4.8,4.0,-1.2,-3.8,-3.8,-3.9,-4.3,-3.1,-0.1,24.4,28.8,37.1,13.4,0.1,346.4,25.5,14.6,79.6,,,OBAnorm,,LD831_02097v2.403,,,,0,0
DENATRLA,2025-06-23 08:05:27.000,23.6,18.1,19.5,20.6,17.5,14.7,13.0,11.8,8.8,7.8,10.1,14.9,16.3,17.4,18.7,19.2,19.0,17.7,16.7,16.0,13.6,11.4,8.0,5.7,5.2,2.7,-0.9,-3.8,-3.8,-3.9,-4.4,-3.2,-0.2,24.4,29.3,42.1,13.4,0.0,346.3,25.5,14.6,79.6,,,OBAnorm,,LD831_02097v2.403,,,,0,0
DENATRLA,2025-06-23 08:05:28.000,23.9,15.5,20.1,17.4,15.0,15.0,11.3,11.5,8.1,9.2,11.2,14.7,17.0,16.4,18.3,18.7,18.1,18.5,17.3,14.7,13.7,12.8,16.3,19.0,12.6,8.0,-1.4,-2.7,-3.6,-3.8,-4.4,-3.2,-0.2,26.5,29.5,42.7,13.4,0.0,346.3,25.5,14.6,79.6,,,OBAnorm,,LD831_02097v2.403,,,,0,0
DENATRLA,2025-06-23 08:05:29.000,22.9,25.6,20.7,19.3,16.3,14.8,14.0,11.4,5.9,9.2,12.2,14.9,16.5,17.9,18.3,18.4,18.2,18.1,16.5,16.0,13.6,11.0,7.2,5.1,6.2,1.5,-1.8,-2.0,-3.5,-3.8,-4.4,-3.2,-0.2,24.3,28.9,36.5,13.4,0.0,346.3,25.5,14.6,79.6,,,OBAnorm,,LD831_02097v2.403,,,,0,0
DENATRLA,2025-06-23 08:05:30.000,27.2,24.4,22.1,18.0,17.6,15.6,13.4,10.8,7.1,7.3,12.2,14.5,17.4,18.6,17.7,18.0,18.5,18.1,17.1,15.8,14.0,10.4,7.5,5.2,3.6,1.6,-1.3,-3.3,-3.7,-3.9,-4.4,-3.2,-0.3,24.2,29.2,36.5,13.4,0.0,346.3,25.5,14.6,79.6,,,OBAnorm,,LD831_02097v2.403,,,,0,0
DENATRLA,2025-06-23 08:05:31.000,22.6,20.4,23.7,20.2,18.2,13.5,16.3,8.9,8.2,9.7,12.6,16.2,16.8,17.7,16.8,19.2,18.6,18.6,17.2,16.4,14.5,11.0,8.4,8.0,9.8,7.4,1.7,-3.3,-3.7,-4.0,-4.4,-3.1,-0.1,24.9,29.7,36.9,13.4,0.0,346.3,25.5,14.6,79.6,,,OBAnorm,,LD831_02097v2.403,,,,0,0
DENATRLA,2025-06-23 08:05:32.000,24.7,25.4,21.6,22.1,15.6,13.8,19.6,12.4,11.1,10.1,11.3,14.7,16.7,17.5,18.5,17.7,18.4,17.9,17.6,16.5,14.1,11.6,10.9,10.4,11.6,7.4,2.2,-1.2,-3.8,-3.9,-4.4,-3.2,-0.2,25.1,29.9,38.6,13.4,0.0,346.3,25.5,14.6,79.6,,,OBAnorm,,LD831_02097v2.403,,,,0,0
DENATRLA,2025-06-23 08:05:33.000,27.9,25.7,21.7,19.9,19.3,15.3,19.6,11.9,9.3,11.6,11.7,14.0,17.0,16.8,18.9,18.7,18.4,18.2,17.5,16.2,14.1,11.1,8.0,7.2,7.7,2.8,-1.6,-3.7,-3.8,-3.9,-4.4,-3.2,-0.1,24.6,29.7,42.7,13.4,0.0,346.3,25.5,14.6,79.6,,,OBAnorm,,LD831_02097v2.403,,,,0,0
DENATRLA,2025-06-23 08:05:34.000,28.4,26.1,25.0,20.7,15.8,16.3,20.7,12.4,9.0,11.3,12.6,14.2,16.2,17.7,18.2,18.3,18.7,16.9,16.4,16.0,13.3,11.3,8.3,6.4,7.0,2.9,-1.1,-3.4,-3.6,-3.8,-4.4,-3.0,-0.1,24.3,29.8,39.9,13.4,0.0,346.3,25.5,14.6,79.6,,,OBAnorm,,LD831_02097v2.403,,,,0,0
DENATRLA,2025-06-23 08:05:35.000,24.9,23.4,21.9,18.9,16.7,15.4,21.0,15.6,8.8,10.2,13.6,14.7,17.3,18.2,17.9,18.8,18.7,18.0,17.6,15.9,14.2,11.8,9.8,10.3,11.0,3.8,-1.1,-3.4,-3.6,-3.9,-4.4,-3.2,-0.1,24.9,31.0,44.5,13.4,0.0,346.3,25.5,14.6,79.6,,,OBAnorm,,LD831_02097v2.403,,,,0,0
DENATRLA,2025-06-23 08:05:36.000,26.4,22.0,25.9,21.3,17.6,15.8,21.9,13.5,9.6,10.9,13.2,15.0,17.0,18.0,18.4,19.4,19.2,18.8,18.2,16.3,14.0,10.9,7.4,5.0,2.7,1.5,-2.1,-3.7,-3.7,-3.9,-4.4,-3.1,-0.2,24.8,31.7,48.6,13.4,0.0,346.3,25.5,14.6,79.6,,,OBAnorm,,LD831_02097v2.403,,,,0,0
DENATRLA,2025-06-23 08:05:37.000,28.9,28.9,23.9,20.2,20.2,16.2,19.7,14.0,12.8,10.8,14.1,13.7,16.0,17.4,17.7,18.1,18.8,18.0,16.9,15.8,13.2,10.9,8.3,6.7,6.0,1.1,-2.3,-2.9,-3.6,-3.7,-4.3,-3.1,-0.1,24.4,33.9,52.5,13.4,0.0,346.3,25.5,14.6,79.6,,,OBAnorm,,LD831_02097v2.403,,,,0,0
DENATRLA,2025-06-23 08:05:38.000,30.2,25.4,28.4,23.8,22.1,20.2,20.7,14.4,12.0,12.1,12.7,15.2,15.7,18.3,19.0,17.7,18.3,17.7,17.0,15.7,13.5,10.8,7.5,6.4,5.3,2.8,-0.8,-2.8,-3.6,-3.6,-4.4,-3.2,0.0,24.1,34.8,54.5,13.4,0.0,346.3,25.5,14.6,79.6,,,OBAnorm,,LD831_02097v2.403,,,,0,0
DENATRLA,2025-06-23 08:05:39.000,33.1,30.8,30.8,26.3,24.8,17.6,22.2,18.2,15.1,11.5,13.1,16.0,17.5,16.4,18.0,17.8,19.1,18.5,16.8,16.2,13.4,10.6,7.4,6.4,4.6,2.7,-1.6,-2.3,-3.5,-3.6,-4.1,-2.9,0.0,24.3,38.6,56.7,13.4,0.0,346.3,25.5,14.6,79.6,,,OBAnorm,,LD831_02097v2.403,,,,0,0
DENATRLA,2025-06-23 08:05:40.000,37.2,34.0,33.6,29.6,28.1,22.9,21.5,17.9,16.1,18.7,14.8,16.0,16.7,18.2,18.1,18.9,18.3,18.3,17.0,15.8,13.4,10.3,7.6,5.9,3.9,1.8,-1.6,-0.3,-3.3,-3.1,-3.7,-2.6,0.1,24.2,43.6,67.6,13.4,0.0,346.3,25.5,14.6,79.6,,,OBAnorm,,LD831_02097v2.403,,,,0,0
DENATRLA,2025-06-23 08:05:41.000,36.6,37.7,36.1,37.7,29.1,27.4,27.2,24.0,24.0,16.0,14.2,15.6,16.1,17.8,17.8,17.6,18.4,18.1,17.3,16.0,13.8,11.7,8.1,6.2,5.5,3.5,2.6,-3.2,-3.5,-3.7,-4.3,-2.9,0.0,24.5,42.4,63.0,13.4,0.0,346.3,25.5,14.6,79.6,,,OBAnorm,,LD831_02097v2.403,,,,0,0
DENATRLA,2025-06-23 08:05:42.000,43.0,42.3,41.6,38.9,33.7,27.0,22.5,20.8,18.5,13.5,15.2,15.1,16.5,17.7,18.1,18.9,19.1,17.7,17.5,15.8,14.0,11.5,11.6,12.1,9.4,6.4,1.0,-3.3,-3.5,-3.5,-4.2,-2.9,0.0,25.0,42.4,63.4,13.4,0.0,346.3,25.5,14.6,79.6,,,OBAnorm,,LD831_02097v2.403,,,,0,0
DENATRLA,2025-06-23 08:05:43.000,43.9,43.2,38.5,36.8,30.9,28.1,26.2,19.4,15.2,11.7,14.4,15.7,16.3,18.1,18.2,18.7,18.1,17.8,16.3,15.1,13.8,11.0,11.0,9.9,8.1,4.1,1.4,-2.9,-3.3,-3.5,-4.2,-2.9,-0.2,24.6,44.3,60.5,13.4,0.0,346.3,25.5,14.6,79.6,,,OBAnorm,,LD831_02097v2.403,,,,0,0
DENATRLA,2025-06-23 08:05:44.000,42.8,35.5,38.5,36.8,34.5,30.4,29.6,25.8,21.4,16.0,14.1,16.4,17.2,18.4,18.3,18.5,17.5,18.4,17.6,16.1,14.0,10.9,8.5,8.1,9.4,5.3,-0.1,-2.6,-3.5,-3.7,-4.2,-2.9,0.0,24.6,46.5,66.8,13.4,0.0,35.9,25.5,14.5,78.4,,,OBAnorm,,LD831_02097v2.403,,,,0,0
DENATRLA,2025-06-23 08:05:45.000,45.7,36.9,44.2,41.2,37.0,33.8,26.9,22.6,19.1,12.6,12.2,16.4,16.5,17.0,18.0,18.4,18.5,18.5,17.2,15.9,13.6,11.1,7.3,5.7,5.2,2.6,-0.6,-2.9,-3.3,-3.1,-4.0,-3.0,0.0,24.5,38.4,59.2,13.4,0.3,0.3,25.5,14.4,78.4,,,OBAnorm,,LD831_02097v2.403,,,,0,0
DENATRLA,2025-06-23 08:05:46.000,53.3,43.5,41.4,33.7,26.8,22.1,22.6,18.1,14.5,12.7,12.7,14.5,15.4,17.6,17.9,18.3,18.4,17.8,16.4,15.5,13.7,10.3,7.3,4.6,2.1,0.5,-2.3,-3.1,-3.4,-3.3,-4.2,-2.9,-0.1,24.0,38.6,59.7,13.4,0.6,0.4,25.5,14.4,79.0,,,OBAnorm,,LD831_02097v2.403,,,,0,0
DENATRLA,2025-06-23 08:05:47.000,46.3,39.0,31.7,32.3,28.3,27.3,25.3,17.1,13.0,9.2,10.7,16.1,17.1,17.4,18.5,18.5,18.7,17.8,17.1,15.7,14.1,12.9,11.0,13.2,10.8,4.3,-1.8,-3.1,-3.5,-3.4,-4.0,-3.0,0.0,25.2,36.3,54.6,13.4,0.6,0.3,25.5,14.4,78.4,,,OBAnorm,,LD831_02097v2.403,,,,0,0
DENATRLA,2025-06-23 08:05:48.000,40.4,38.0,35.0,30.6,24.6,19.8,25.5,13.1,11.6,9.3,10.8,16.1,17.0,17.9,19.0,18.7,18.1,18.0,17.7,15.9,13.6,11.5,10.8,10.0,9.1,5.2,0.9,-3.7,-3.6,-3.5,-4.2,-3.1,-0.1,24.8,35.1,59.4,13.4,0.7,0.3,25.5,14.4,78.4,,,OBAnorm,,LD831_02097v2.403,,,,0,0
DENATRLA,2025-06-23 08:05:49.000,39.2,32.4,29.9,27.7,18.1,17.8,21.3,11.3,8.8,10.5,11.4,14.3,15.8,17.9,18.7,17.9,19.4,18.4,17.2,15.7,13.7,11.4,9.7,8.0,9.2,3.6,-1.5,-3.3,-3.4,-3.5,-4.3,-3.0,-0.1,24.7,36.9,55.8,13.4,0.6,0.3,25.5,14.3,78.9,,,OBAnorm,,LD831_02097v2.403,,,,0,0
DENATRLA,2025-06-23 08:05:50.000,39.3,32.0,30.5,24.4,24.8,19.4,17.9,13.3,9.6,9.4,11.9,14.1,16.3,18.4,18.9,17.8,19.0,18.6,17.6,15.5,14.0,11.0,8.5,7.8,8.0,2.4,-1.3,-3.5,-3.4,-3.8,-4.3,-3.1,-0.1,24.6,32.0,50.6,13.4,0.5,0.3,25.5,14.3,78.9,,,OBAnorm,,LD831_02097v2.403,,,,0,0
DENATRLA,2025-06-23 08:05:51.000,35.2,35.8,27.1,21.2,22.0,14.4,16.8,11.6,10.5,9.9,12.7,15.0,15.7,17.8,19.4,18.1,18.2,17.5,17.2,15.8,13.1,11.1,7.8,6.0,5.2,3.2,0.2,-3.8,-3.8,-3.9,-4.3,-3.2,-0.1,24.3,31.3,49.4,13.4,0.5,0.9,25.5,14.3,78.9,,,OBAnorm,,LD831_02097v2.403,,,,0,0
DENATRLA,2025-06-23 08:05:52.000,39.3,34.6,25.5,22.0,19.8,15.4,19.2,12.1,9.2,8.8,11.4,14.5,17.2,17.8,18.2,18.3,19.2,18.9,17.9,16.0,14.3,12.7,11.3,10.5,10.1,6.3,10.0,-2.3,-3.8,-3.9,-4.4,-3.1,-0.2,25.4,30.9,49.9,13.4,0.5,0.9,25.5,14.3,79.5,,,OBAnorm,,LD831_02097v2.403,,,,0,0
DENATRLA,2025-06-23 08:05:53.000,32.8,31.0,25.2,21.7,16.8,15.9,20.7,12.2,9.0,8.5,12.4,14.9,15.9,17.2,18.2,19.0,18.8,18.0,18.0,15.9,14.7,11.3,8.7,6.5,5.7,7.5,12.1,-2.5,-3.8,-3.9,-4.3,-3.2,-0.2,25.0,32.9,53.7,13.4,0.4,0.9,25.5,14.3,78.4,,,OBAnorm,,LD831_02097v2.403,,,,0,0
DENATRLA,2025-06-23 08:05:54.000,27.6,25.4,25.0,17.5,20.2,16.2,20.4,13.7,11.3,11.0,12.7,14.7,17.2,16.5,18.9,18.6,18.9,18.7,17.8,16.6,14.7,11.2,8.2,5.4,5.3,1.9,-2.6,-3.6,-3.6,-3.8,-4.3,-3.1,-0.2,24.8,32.9,55.5,13.4,0.3,1.0,25.5,14.3,76.1,,,OBAnorm,,LD831_02097v2.403,,,,0,0
DENATRLA,2025-06-23 08:05:55.000,30.0,29.6,26.9,25.1,24.1,14.5,17.4,12.0,9.7,9.8,12.8,13.7,16.4,17.1,19.6,18.5,18.5,18.3,16.9,16.3,13.7,11.5,8.5,5.4,5.8,2.2,-2.1,-3.6,-3.8,-3.8,-4.3,-3.0,-0.2,24.6,31.0,51.7,13.4,0.3,1.0,25.5,14.3,75.5,,,OBAnorm,,LD831_02097v2.403,,,,0,0
DENATRLA,2025-06-23 08:05:56.000,35.5,31.7,26.0,22.6,18.5,15.4,15.5,13.9,8.9,8.6,12.8,15.0,17.0,18.0,18.8,19.0,19.2,19.1,18.1,16.2,14.5,12.2,10.3,7.3,5.2,10.0,15.6,-1.5,-3.8,-3.8,-4.4,-3.2,-0.1,25.7,30.4,49.5,13.4,0.3,1.0,25.5,14.3,75.5,,,OBAnorm,,LD831_02097v2.403,,,,0,0
DENATRLA,2025-06-23 08:05:57.000,30.4,23.4,26.3,20.0,13.7,14.8,16.3,11.7,9.8,9.4,11.9,15.5,17.4,18.4,19.5,19.3,19.1,18.6,17.6,16.5,14.5,11.5,8.1,5.5,6.6,16.7,17.2,0.5,-3.6,-3.8,-4.3,-3.0,-0.1,26.4,31.9,48.2,13.4,0.3,1.0,25.5,14.3,75.5,,,OBAnorm,,LD831_02097v2.403,,,,0,0
DENATRLA,2025-06-23 08:05:58.000,32.8,24.9,23.8,17.3,17.5,12.8,17.3,10.2,8.9,8.6,12.1,14.9,17.4,18.4,19.6,19.2,19.4,18.6,18.1,16.7,14.5,11.7,8.5,5.3,3.5,1.6,-1.6,-3.7,-3.5,-3.6,-4.1,-3.1,-0.1,25.0,33.4,54.9,13.4,0.3,1.0,25.5,14.3,75.5,,,OBAnorm,,LD831_02097v2.403,,,,0,0
DENATRLA,2025-06-23 08:05:59.000,33.4,22.3,27.3,22.7,20.0,16.2,18.6,11.2,9.4,9.1,13.1,15.7,16.8,19.0,19.2,19.8,19.6,18.6,17.9,16.2,14.7,11.9,11.5,10.2,10.3,6.2,-1.0,-3.4,-3.2,-3.4,-3.9,-2.7,0.1,25.6,36.7,55.5,13.4,0.3,1.0,25.5,14.3,75.5,,,OBAnorm,,LD831_02097v2.403,,,,0,0
DENATRLA,2025-06-23 08:06:00.000,36.2,28.1,28.6,28.1,20.7,17.6,24.0,16.3,14.2,14.3,14.7,13.9,15.6,20.1,19.6,18.5,19.6,17.9,18.2,17.4,15.0,11.9,8.1,5.2,4.6,9.4,14.3,-0.3,-3.0,-3.0,-4.0,-2.8,0.0,25.7,44.1,62.4,13.4,0.3,9.6,25.5,14.3,75.5,,,OBAnorm,,LD831_02097v2.403,,,,0,0
DENATRLA,2025-06-23 08:06:01.000,31.4,31.5,32.8,35.7,34.3,32.4,26.8,22.1,17.7,18.2,15.7,15.8,17.8,18.8,19.4,20.3,19.3,18.3,17.9,16.6,14.2,11.1,8.8,5.9,3.1,13.9,15.6,2.3,-3.4,-3.3,-3.9,-2.9,-0.1,26.1,44.9,62.3,13.4,0.3,21.4,25.5,14.3,76.7,,,OBAnorm,,LD831_02097v2.403,,,,0,0
DENATRLA,2025-06-23 08:06:02.000,38.4,41.5,37.1,36.8,34.8,25.7,26.1,19.2,15.1,18.5,15.3,16.9,17.5,18.9,18.3,19.7,21.1,19.1,18.1,17.4,15.3,12.2,9.2,8.2,6.9,6.4,5.3,-3.0,-3.2,-3.4,-4.2,-3.0,0.0,25.9,41.1,59.7,13.4,0.3,25.3,25.5,14.3,78.9,,,OBAnorm,,LD831_02097v2.403,,,,0,0
DENATRLA,2025-06-23 08:06:03.000,46.6,42.1,37.7,33.4,28.3,26.6,23.7,17.8,15.2,17.8,13.0,14.9,16.8,19.7,19.8,20.0,20.0,19.2,18.7,17.5,15.5,12.5,8.9,6.2,4.3,4.1,-0.1,-3.2,-3.4,-3.3,-4.3,-3.1,-0.1,25.8,40.3,60.9,13.4,0.1,54.5,25.5,14.3,79.5,,,OBAnorm,,LD831_02097v2.403,,,,0,0
DENATRLA,2025-06-23 08:06:04.000,46.3,37.2,36.4,33.6,27.4,26.8,20.5,19.3,16.5,10.4,14.2,17.4,18.8,19.5,20.6,20.6,20.6,19.2,18.3,17.1,15.5,12.7,11.0,9.4,8.4,4.7,9.4,-2.7,-3.6,-3.7,-4.3,-3.1,0.0,26.0,38.9,57.7,13.4,0.0,58.6,25.5,14.3,78.4,,,OBAnorm,,LD831_02097v2.403,,,,0,0
DENATRLA,2025-06-23 08:06:05.000,44.8,42.4,35.0,32.6,28.8,22.8,20.4,14.9,13.6,12.1,12.6,14.6,18.3,19.0,20.0,20.2,20.0,20.1,18.4,17.7,15.5,13.1,10.6,8.9,7.4,15.4,17.7,3.6,-3.6,-3.8,-4.4,-3.0,-0.1,27.2,38.2,57.4,13.4,0.0,70.0,25.5,14.3,78.9,,,OBAnorm,,LD831_02097v2.403,,,,0,0
DENATRLA,2025-06-23 08:06:06.000,40.3,39.3,33.4,30.3,26.4,23.2,19.0,15.3,12.6,12.0,14.1,16.8,18.0,19.2,19.9,19.9,20.6,20.5,19.1,18.2,15.6,13.2,10.7,10.2,8.1,8.7,8.3,-1.0,-3.6,-3.7,-4.3,-3.2,-0.1,26.6,39.5,53.6,13.4,0.2,83.5,25.5,14.3,79.5,,,OBAnorm,,LD831_02097v2.403,,,,0,0
DENATRLA,2025-06-23 08:06:07.000,38.9,37.7,36.3,30.4,25.9,25.1,19.4,16.7,15.0,12.1,12.5,16.0,17.9,19.9,20.3,20.6,20.3,19.5,19.7,18.2,15.5,13.4,10.0,6.8,4.8,2.8,-0.9,-3.7,-3.6,-3.7,-4.4,-3.2,-0.2,26.4,37.8,53.8,13.4,0.4,86.4,25.5,14.4,79.0,,,OBAnorm,,LD831_02097v2.403,,,,0,0
DENATRLA,2025-06-23 08:06:08.000,41.8,39.6,33.2,31.9,26.3,22.2,17.6,17.2,14.2,12.4,14.0,15.5,18.3,18.6,19.3,20.3,20.3,19.6,19.1,17.7,16.1,13.1,9.6,6.3,4.8,6.4,11.4,-3.0,-3.6,-3.8,-4.3,-3.1,-0.1,26.4,41.4,59.2,13.4,0.5,85.1,25.5,14.4,79.5,,,OBAnorm,,LD831_02097v2.403,,,,0,0
DENATRLA,2025-06-23 08:06:09.000,43.2,40.1,37.5,27.9,27.3,23.0,19.1,16.8,13.4,12.6,12.9,17.2,18.3,20.6,20.1,19.6,20.1,19.7,18.7,18.3,15.3,12.8,9.5,6.5,4.4,16.8,19.7,7.2,-3.7,-3.7,-4.4,-3.0,-0.1,27.6,37.5,56.3,13.4,0.5,88.8,25.5,14.4,79.0,,,OBAnorm,,LD831_02097v2.403,,,,0,0
DENATRLA,2025-06-23 08:06:10.000,42.2,41.8,27.3,30.4,25.2,20.6,17.1,16.2,11.9,10.5,13.9,17.9,17.8,20.0,20.8,19.9,20.0,19.5,18.9,17.5,15.7,12.5,10.7,13.1,6.6,11.6,14.5,1.6,-3.6,-3.7,-4.3,-3.2,0.0,26.8,38.2,57.9,13.4,0.5,85.4,25.5,14.4,79.0,,,OBAnorm,,LD831_02097v2.403,,,,0,0
DENATRLA,2025-06-23 08:06:11.000,39.1,35.5,31.9,30.7,25.0,23.3,19.6,17.9,13.7,12.5,12.1,15.5,18.4,18.4,19.8,20.3,19.9,20.4,19.4,18.0,15.4,12.8,9.2,7.4,5.9,3.7,0.5,-3.4,-3.6,-3.6,-4.3,-3.1,-0.1,26.2,39.2,56.0,13.4,0.5,88.9,25.5,14.4,79.0,,,OBAnorm,,LD831_02097v2.403,,,,0,0
DENATRLA,2025-06-23 08:06:12.000,36.7,39.6,33.4,28.7,24.1,22.0,18.9,15.8,13.2,13.6,13.5,15.7,17.8,19.8,19.8,19.6,19.7,19.7,19.3,17.4,15.5,13.1,10.3,7.2,4.6,2.9,-1.7,-3.7,-3.8,-3.9,-4.3,-2.9,0.0,26.0,40.5,60.7,13.4,0.5,88.9,25.5,14.4,79.5,,,OBAnorm,,LD831_02097v2.403,,,,0,0
DENATRLA,2025-06-23 08:06:13.000,35.6,36.9,36.3,31.8,27.7,21.6,18.9,15.2,16.6,11.7,14.1,16.1,18.6,18.0,19.7,20.0,20.3,19.4,19.3,17.9,15.7,12.8,9.3,6.8,4.8,2.8,-2.3,-3.7,-3.6,-3.9,-4.3,-3.1,-0.1,26.1,36.8,58.1,13.4,0.4,88.9,25.5,14.4,79.0,,,OBAnorm,,LD831_02097v2.403,,,,0,0
DENATRLA,2025-06-23 08:06:14.000,46.2,40.6,34.3,27.8,23.2,18.9,18.4,15.2,13.9,11.6,14.9,17.2,18.1,20.1,19.9,19.7,20.6,19.5,19.6,17.7,15.3,12.7,9.4,6.4,4.7,7.8,12.1,0.3,-3.8,-3.9,-4.5,-3.1,-0.1,26.5,35.5,52.3,13.4,0.4,91.4,25.5,14.3,78.9,,,OBAnorm,,LD831_02097v2.403,,,,0,0
DENATRLA,2025-06-23 08:06:15.000,44.4,38.1,32.2,30.8,25.2,20.3,16.4,13.0,11.5,11.6,13.0,15.8,17.7,17.3,19.3,20.8,19.8,19.4,18.4,17.6,15.5,14.1,11.8,13.6,13.6,7.2,7.8,-1.7,-3.8,-3.8,-4.4,-3.1,-0.1,26.7,32.6,47.2,13.4,0.4,96.5,25.5,14.3,80.1,,,OBAnorm,,LD831_02097v2.403,,,,0,0
DENATRLA,2025-06-23 08:06:16.000,35.0,31.3,28.1,21.8,15.3,15.9,17.3,12.8,9.6,10.6,13.0,15.9,17.6,18.4,20.0,20.2,19.9,19.5,18.6,17.6,14.9,13.5,12.5,11.1,8.8,5.4,1.3,-3.6,-3.7,-3.8,-4.4,-3.2,-0.2,26.1,32.2,49.9,13.4,0.3,96.9,25.5,14.4,79.5,,,OBAnorm,,LD831_02097v2.403,,,,0,0
DENATRLA,2025-06-23 08:06:17.000,36.0,30.4,26.1,20.7,19.5,14.8,16.1,13.2,11.7,12.4,12.4,14.2,17.6,17.9,20.0,19.5,19.9,20.1,18.9,17.6,15.1,12.2,9.1,6.1,3.8,2.1,-1.0,-3.7,-3.7,-3.8,-4.3,-3.0,0.1,25.8,41.3,61.3,13.4,0.3,93.0,25.6,14.4,78.4,,,OBAnorm,,LD831_02097v2.403,,,,0,0
DENATRLA,2025-06-23 08:06:18.000,35.2,30.9,32.1,31.5,24.2,24.8,17.2,13.4,12.1,11.5,12.6,15.7,18.4,17.3,19.9,19.4,19.6,19.0,18.3,17.0,15.3,12.1,9.0,6.0,3.6,5.4,1.4,-3.8,-3.7,-3.8,-4.4,-3.1,-0.2,25.4,37.7,56.8,13.4,0.3,96.9,25.6,14.4,79.0,,,OBAnorm,,LD831_02097v2.403,,,,0,0
DENATRLA,2025-06-23 08:06:19.000,38.9,37.0,34.1,29.9,24.9,20.8,21.4,14.2,14.2,10.0,14.1,15.5,16.7,19.3,18.6,19.9,19.3,18.9,18.2,17.7,15.8,12.1,8.9,7.1,4.3,6.8,6.9,-2.5,-3.7,-3.9,-4.4,-3.1,0.0,25.7,34.4,55.9,13.4,0.3,96.9,25.5,14.4,80.1,,,OBAnorm,,LD831_02097v2.403,,,,0,0
DENATRLA,2025-06-23 08:06:20.000,45.9,33.9,30.1,26.7,24.7,22.9,16.5,11.7,8.3,9.4,12.2,16.2,16.8,18.8,19.4,19.9,19.2,18.7,18.8,17.3,15.7,16.4,15.7,13.6,13.4,7.1,2.4,-3.7,-3.7,-3.5,-4.1,-3.0,-0.1,26.9,31.0,41.7,13.4,0.3,96.9,25.6,14.4,80.1,,,OBAnorm,,LD831_02097v2.403,,,,0,0
DENATRLA,2025-06-23 08:06:21.000,39.9,30.3,25.5,22.2,18.6,14.4,14.5,10.7,9.7,11.7,11.3,15.6,16.6,18.8,19.4,19.6,19.7,19.7,19.1,18.0,15.5,12.7,17.2,12.6,13.9,12.1,7.7,-1.3,-3.7,-3.7,-4.3,-3.1,0.0,27.2,30.8,44.5,13.4,0.3,96.9,25.5,14.4,80.1,,,OBAnorm,,LD831_02097v2.403,,,,0,0
DENATRLA,2025-06-23 08:06:22.000,29.1,27.6,21.5,21.6,16.5,15.2,14.7,11.9,9.2,10.8,11.7,15.3,17.2,18.9,19.7,19.8,19.0,19.2,18.8,17.5,14.9,12.0,9.6,6.6,5.6,2.8,-1.9,-3.8,-3.8,-3.9,-4.4,-3.1,0.0,25.6,30.6,41.7,13.4,0.3,96.9,25.6,14.4,80.1,,,OBAnorm,,LD831_02097v2.403,,,,0,0
DENATRLA,2025-06-23 08:06:23.000,28.6,22.7,23.4,23.9,20.5,16.1,16.5,12.1,11.7,9.8,11.8,15.1,17.4,17.5,19.9,20.0,19.4,19.3,19.0,17.3,15.2,11.6,8.8,6.6,4.9,2.7,-1.8,-3.8,-3.8,-3.8,-4.4,-3.2,-0.1,25.5,30.4,42.9,13.4,0.3,96.9,25.5,14.4,80.1,,,OBAnorm,,LD831_02097v2.403,,,,0,0
DENATRLA,2025-06-23 08:06:24.000,28.2,26.5,24.7,22.0,18.4,16.4,14.4,12.4,6.9,8.5,12.9,14.4,17.6,19.1,19.6,18.7,20.0,20.4,18.7,17.4,14.6,13.2,12.5,9.3,6.8,1.9,-1.8,-3.8,-3.7,-3.9,-4.3,-3.1,-0.2,26.0,30.5,44.0,13.4,0.3,96.9,25.6,14.4,80.1,,,OBAnorm,,LD831_02097v2.403,,,,0,0
DENATRLA,2025-06-23 08:06:25.000,22.9,22.5,23.6,23.0,20.9,15.5,13.8,13.0,8.1,10.1,12.5,14.6,15.8,17.6,18.2,18.8,19.1,19.8,19.4,17.6,15.6,13.2,11.7,11.0,10.8,7.0,-1.8,-3.8,-3.7,-3.7,-4.2,-3.0,-0.1,26.1,30.2,44.2,13.4,0.3,96.9,25.6,14.4,80.1,,,OBAnorm,,LD831_02097v2.403,,,,0,0
DENATRLA,2025-06-23 08:06:26.000,23.8,22.3,23.7,20.3,18.2,18.2,15.7,11.6,9.2,11.4,11.6,15.7,17.2,19.1,19.1,19.8,19.4,19.9,19.5,18.1,15.4,12.4,9.7,7.0,4.4,3.3,-0.4,-3.6,-3.7,-3.8,-4.3,-3.1,-0.1,25.9,31.5,46.6,13.4,0.2,100.5,25.5,14.4,80.1,,,OBAnorm,,LD831_02097v2.403,,,,0,0
DENATRLA,2025-06-23 08:06:27.000,23.1,25.1,21.9,21.8,21.8,16.8,15.4,13.6,9.8,8.9,11.7,15.4,16.4,18.5,20.1,18.6,18.8,19.6,18.9,17.2,15.5,14.4,16.0,16.9,10.5,4.5,0.0,-3.7,-3.7,-3.7,-4.3,-3.1,-0.1,26.9,30.9,44.1,13.4,0.0,100.7,25.5,14.4,80.7,,,OBAnorm,,LD831_02097v2.403,,,,0,0
DENATRLA,2025-06-23 08:06:28.000,25.7,27.4,28.2,22.8,17.9,14.1,15.6,11.9,9.5,8.5,11.7,14.7,17.8,18.0,19.1,19.6,19.3,19.4,18.7,17.3,14.6,11.7,9.7,7.1,4.3,2.7,-0.1,-3.7,-3.8,-3.8,-4.4,-3.0,-0.1,25.6,32.1,49.8,13.4,0.0,100.7,25.6,14.4,80.7,,,OBAnorm,,LD831_02097v2.403,,,,0,0
DENATRLA,2025-06-23 08:06:29.000,31.3,25.2,24.1,21.3,17.5,16.6,17.6,12.7,11.1,8.7,11.5,13.6,16.5,18.7,19.5,18.9,19.5,19.9,19.0,16.8,14.8,11.8,9.0,7.1,4.7,2.8,-0.6,-3.5,-3.5,-3.6,-4.3,-3.1,0.0,25.5,32.1,48.7,13.4,0.0,100.7,25.6,14.4,80.1,,,OBAnorm,,LD831_02097v2.403,,,,0,0
DENATRLA,2025-06-23 08:06:30.000,26.8,27.6,26.4,23.7,20.0,17.3,18.0,13.0,9.4,9.8,13.5,14.2,16.3,18.2,18.8,19.4,18.6,19.2,19.2,17.1,14.2,11.8,8.8,5.8,3.4,2.1,-1.9,-3.8,-3.6,-3.8,-4.4,-3.1,-0.1,25.4,31.1,48.4,13.4,0.0,100.8,25.6,14.4,80.1,,,OBAnorm,,LD831_02097v2.403,,,,0,0
DENATRLA,2025-06-23 08:06:31.000,28.8,28.8,24.9,24.0,20.1,16.8,15.1,14.8,7.8,10.0,13.7,14.5,16.8,17.5,19.2,19.6,19.6,20.0,19.5,17.7,14.7,11.7,8.6,5.4,3.3,3.7,2.5,-3.8,-3.8,-3.9,-4.3,-3.2,0.0,25.8,30.7,41.3,13.4,0.0,102.7,25.5,14.4,80.1,,,OBAnorm,,LD831_02097v2.403,,,,0,0
DENATRLA,2025-06-23 08:06:32.000,31.9,29.0,24.6,18.4,20.8,14.1,13.9,14.2,9.2,10.3,14.3,15.8,18.4,18.3,20.1,19.7,20.2,20.1,19.2,17.9,15.4,12.6,8.6,6.1,3.7,3.3,-0.5,-3.2,-3.3,-3.6,-4.1,-2.8,-0.1,26.1,30.8,40.8,13.4,0.0,103.4,25.6,14.4,80.1,,,OBAnorm,,LD831_02097v2.403,,,,0,0
DENATRLA,2025-06-23 08:06:33.000,31.9,25.7,23.3,21.3,20.2,16.5,14.1,13.8,9.6,9.8,13.1,19.2,18.3,18.4,21.9,19.1,20.2,20.7,20.0,18.6,15.4,13.1,9.7,7.3,4.3,3.6,1.2,-1.8,-2.8,-2.4,-3.3,-2.4,0.1,26.5,31.3,40.6,13.4,0.0,103.6,25.6,14.4,80.1,,,OBAnorm,,LD831_02097v2.403,,,,0,0
DENATRLA,2025-06-23 08:06:34.000,28.9,26.0,25.0,20.7,20.6,14.1,13.5,14.1,8.7,7.5,12.8,14.8,17.7,18.7,20.0,19.9,20.4,20.6,20.4,18.2,15.8,12.5,10.3,7.6,10.1,4.0,0.1,-3.2,-3.0,-3.6,-4.2,-3.1,-0.2,26.5,31.3,43.1,13.4,0.0,103.5,25.5,14.3,80.1,,,OBAnorm,,LD831_02097v2.403,,,,0,0
DENATRLA,2025-06-23 08:06:35.000,26.2,23.5,25.0,23.3,19.0,17.1,14.7,11.9,8.0,7.6,12.5,14.3,17.0,17.2,19.6,19.3,19.8,20.2,20.4,19.1,15.6,13.4,10.4,7.7,5.6,5.4,2.7,-2.8,-3.5,-3.7,-4.3,-3.0,0.0,26.6,30.7,42.9,13.4,0.0,103.6,25.6,14.3,80.1,,,OBAnorm,,LD831_02097v2.403,,,,0,0
DENATRLA,2025-06-23 08:06:36.000,23.3,25.1,25.2,23.4,19.7,14.3,12.7,11.5,9.7,7.9,11.8,13.7,16.9,18.0,19.2,19.0,19.7,20.4,20.3,19.6,16.4,14.3,15.0,15.2,14.0,10.5,4.5,-2.8,-3.7,-3.9,-4.5,-3.3,-0.2,27.6,31.4,47.4,13.4,0.0,104.1,25.6,14.3,80.1,,,OBAnorm,,LD831_02097v2.403,,,,0,0
DENATRLA,2025-06-23 08:06:37.000,31.1,27.6,25.6,15.4,19.2,16.2,15.2,10.9,7.0,8.6,12.2,14.8,17.6,18.5,19.6,19.4,20.4,21.1,21.2,19.6,16.7,13.7,10.3,8.3,6.9,6.4,2.6,-2.8,-3.4,-3.6,-4.5,-3.0,0.0,27.1,32.1,47.9,13.4,0.0,105.3,25.5,14.3,79.5,,,OBAnorm,,LD831_02097v2.403,,,,0,0
DENATRLA,2025-06-23 08:06:38.000,27.6,25.1,22.1,22.1,20.4,13.7,15.0,12.6,7.8,9.2,12.0,15.1,15.9,19.1,19.0,19.5,19.9,20.4,20.2,19.7,17.0,13.4,10.5,8.0,6.5,5.6,2.5,-2.7,-3.5,-3.9,-4.4,-3.0,-0.2,26.9,36.2,55.5,13.4,0.0,105.9,25.6,14.3,79.5,,,OBAnorm,,LD831_02097v2.403,,,,0,0
DENATRLA,2025-06-23 08:06:39.000,28.7,22.9,25.4,23.2,21.8,22.4,22.0,19.2,16.6,11.9,12.6,14.9,16.6,18.4,19.3,20.3,20.2,20.7,20.8,19.3,16.6,13.1,10.0,6.9,5.0,4.5,0.8,-3.4,-3.7,-3.9,-4.4,-3.0,-0.1,26.9,35.8,55.4,13.4,0.0,106.1,25.6,14.3,79.5,,,OBAnorm,,LD831_02097v2.403,,,,0,0
DENATRLA,2025-06-23 08:06:40.000,33.5,32.8,35.2,27.4,25.8,22.3,17.2,13.6,8.8,9.4,11.2,13.6,17.7,18.6,19.1,19.5,21.1,20.3,19.7,18.6,15.7,12.8,9.2,6.6,5.5,3.0,-0.5,-3.4,-3.7,-3.8,-4.4,-3.1,-0.1,26.4,32.5,51.3,13.4,0.0,106.1,25.6,14.3,79.5,,,OBAnorm,,LD831_02097v2.403,,,,0,0
DENATRLA,2025-06-23 08:06:41.000,38.2,37.5,31.2,23.3,22.1,17.3,16.1,14.4,10.8,9.5,11.7,13.6,16.3,18.6,18.2,19.5,20.1,19.3,19.4,18.2,15.2,11.8,9.6,6.4,6.6,2.0,-0.1,-3.4,-3.7,-3.9,-4.4,-3.1,-0.1,25.9,33.9,52.8,13.4,0.0,107.6,25.6,14.3,79.5,,,OBAnorm,,LD831_02097v2.403,,,,0,0
DENATRLA,2025-06-23 08:06:42.000,35.5,27.7,28.3,21.7,21.6,19.1,18.0,11.5,8.8,9.2,11.8,14.9,17.0,17.6,18.2,19.2,19.6,19.4,19.2,17.5,14.8,13.4,15.0,16.1,13.0,7.6,1.6,-3.7,-3.7,-3.9,-4.4,-3.2,-0.2,26.8,35.1,55.1,13.4,0.0,109.4,25.6,14.3,79.5,,,OBAnorm,,LD831_02097v2.403,,,,0,0
DENATRLA,2025-06-23 08:06:43.000,35.3,29.4,27.8,26.4,26.3,19.9,19.5,16.7,11.2,10.3,12.7,14.7,17.0,18.5,18.8,18.8,18.3,19.5,18.6,16.7,14.9,12.5,9.6,6.9,4.2,3.5,1.1,-3.5,-3.5,-3.9,-4.4,-3.0,0.0,25.4,35.1,52.0,13.4,0.0,109.5,25.6,14.3,79.5,,,OBAnorm,,LD831_02097v2.403,,,,0,0
DENATRLA,2025-06-23 08:06:44.000,39.9,32.2,29.7,25.3,26.1,21.9,19.4,15.8,10.0,10.6,12.6,14.8,17.5,17.7,19.8,19.8,20.5,19.9,18.8,16.8,13.9,11.8,8.7,5.8,3.7,2.1,1.3,-2.8,-3.4,-3.6,-3.8,-2.9,-0.1,25.5,35.2,53.8,13.4,0.0,109.5,25.6,14.3,79.5,,,OBAnorm,,LD831_02097v2.403,,,,0,0
DENATRLA,2025-06-23 08:06:45.000,32.3,31.9,34.4,26.4,23.3,22.0,17.9,15.8,9.7,10.1,14.2,15.0,17.8,18.1,19.9,18.7,19.7,19.6,19.4,17.5,15.2,12.0,9.0,7.0,5.1,10.6,6.5,-2.8,-3.7,-3.9,-4.4,-3.1,-0.1,26.0,33.9,52.0,13.4,0.0,109.5,25.6,14.3,79.5,,,OBAnorm,,LD831_02097v2.403,,,,0,0
DENATRLA,2025-06-23 08:06:46.000,38.2,33.2,31.2,29.5,25.7,18.7,12.4,13.0,10.1,9.5,14.0,15.6,16.7,17.7,18.8,19.6,19.9,20.3,18.7,17.4,15.2,12.4,9.0,5.8,3.5,5.9,3.0,-3.3,-3.7,-3.9,-4.4,-3.0,-0.1,25.8,32.2,49.3,13.4,0.0,109.5,25.5,14.3,79.5,,,OBAnorm,,LD831_02097v2.403,,,,0,0
DENATRLA,2025-06-23 08:06:47.000,31.0,34.9,25.4,24.6,18.9,18.2,16.9,14.4,7.8,9.6,15.7,15.9,17.0,18.4,18.8,19.2,20.3,20.1,18.4,17.0,14.8,12.5,9.0,6.0,3.3,1.9,2.8,-3.6,-3.7,-3.9,-4.3,-3.0,-0.2,25.7,31.9,48.2,13.4,0.0,109.5,25.6,14.3,79.5,,,OBAnorm,,LD831_02097v2.403,,,,0,0
DENATRLA,2025-06-23 08:06:48.000,37.5,29.6,24.6,19.9,21.2,15.4,18.4,13.7,9.8,8.9,16.1,15.4,17.9,19.4,19.0,19.6,19.5,19.7,18.9,17.5,15.3,13.7,11.3,10.7,7.9,4.4,1.5,-3.4,-3.4,-3.9,-4.3,-3.1,-0.1,26.0,32.2,48.1,13.4,0.0,109.5,25.5,14.3,79.5,,,OBAnorm,,LD831_02097v2.403,,,,0,0
DENATRLA,2025-06-23 08:06:49.000,32.8,29.8,25.2,22.6,21.8,18.1,14.4,13.4,10.8,9.0,16.2,15.0,17.5,19.0,19.8,19.7,20.4,19.7,18.8,17.8,15.8,14.3,17.7,19.1,14.6,13.1,8.5,-2.6,-3.6,-3.8,-4.4,-3.0,-0.2,28.1,32.4,49.4,13.4,0.0,109.5,25.6,14.3,79.5,,,OBAnorm,,LD831_02097v2.403,,,,0,0
DENATRLA,2025-06-23 08:06:50.000,27.7,26.5,22.1,23.6,16.9,16.2,16.3,13.6,11.4,9.5,14.1,14.8,17.2,18.4,19.1,19.9,20.2,19.8,18.9,18.0,15.2,12.7,9.0,5.9,5.0,8.6,4.1,-2.7,-3.6,-3.8,-4.4,-3.2,-0.1,26.0,32.8,50.0,13.4,0.0,109.5,25.6,14.4,79.5,,,OBAnorm,,LD831_02097v2.403,,,,0,0
DENATRLA,2025-06-23 08:06:51.000,35.1,30.2,27.7,22.6,20.1,14.9,15.3,9.7,11.7,10.1,13.5,16.1,18.4,18.9,20.3,19.4,20.0,20.1,19.0,17.3,14.8,12.4,8.9,7.1,7.5,3.6,-0.8,-3.5,-2.7,-3.6,-4.2,-3.0,-0.2,25.9,32.2,50.3,13.4,0.0,109.6,25.6,14.4,79.5,,,OBAnorm,,LD831_02097v2.403,,,,0,0
DENATRLA,2025-06-23 08:06:52.000,29.7,30.8,27.9,24.6,21.5,18.3,15.3,12.7,10.6,10.3,14.5,17.2,16.4,18.5,18.8,20.1,20.2,19.7,19.0,16.4,14.0,11.8,8.3,6.7,5.8,2.4,-1.4,-3.4,-3.2,-3.3,-4.2,-2.9,0.0,25.4,30.6,45.1,13.4,0.0,109.4,25.6,14.4,79.5,,,OBAnorm,,LD831_02097v2.403,,,,0,0
DENATRLA,2025-06-23 08:06:53.000,32.5,28.5,22.3,21.0,16.4,16.2,11.8,15.4,10.6,12.3,14.6,18.3,17.4,18.7,19.2,19.5,18.7,19.5,18.6,16.5,14.2,11.6,7.5,5.0,2.5,1.4,-1.5,-3.5,-3.4,-3.7,-4.3,-3.1,0.1,25.1,31.8,47.7,13.4,0.0,97.2,25.6,14.4,79.5,,,OBAnorm,,LD831_02097v2.403,,,,0,0
DENATRLA,2025-06-23 08:06:54.000,30.2,25.0,21.0,21.8,20.8,17.9,13.6,12.8,10.9,8.9,13.7,17.6,16.7,18.0,18.6,18.9,19.0,19.3,18.0,17.0,14.7,12.4,10.4,9.1,12.3,3.3,3.8,-0.9,-3.6,-3.7,-4.3,-3.1,-0.1,25.6,37.0,52.3,13.4,0.0,91.3,25.6,14.3,79.5,,,OBAnorm,,LD831_02097v2.403,,,,0,0
DENATRLA,2025-06-23 08:06:55.000,29.7,24.4,27.5,25.6,23.2,21.0,17.8,13.4,11.6,10.1,16.0,16.8,17.2,17.7,18.6,18.4,18.7,18.3,17.9,16.4,14.5,12.2,11.8,14.6,11.7,5.7,8.1,-0.6,-3.2,-3.5,-4.3,-3.1,0.0,25.8,37.6,58.2,13.4,0.0,86.3,25.6,14.3,79.5,,,OBAnorm,,LD831_02097v2.403,,,,0,0
DENATRLA,2025-06-23 08:06:56.000,33.4,32.1,33.5,27.0,25.4,19.3,15.1,14.2,10.5,9.4,16.4,17.6,14.8,18.7,18.6,18.9,19.8,19.1,18.3,17.5,15.2,12.3,8.3,6.4,5.9,26.5,22.6,11.2,-2.8,-3.6,-4.3,-2.9,-0.1,30.5,38.7,57.7,13.4,0.0,80.6,25.6,14.3,79.5,,,OBAnorm,,LD831_02097v2.403,,,,0,0
DENATRLA,2025-06-23 08:06:57.000,40.2,37.9,33.5,26.9,24.7,22.5,14.8,14.8,13.4,10.1,16.8,17.0,17.5,17.8,18.8,19.5,19.2,19.4,18.0,17.5,15.4,12.3,9.0,8.6,7.2,8.8,5.4,-2.9,-3.5,-3.8,-4.4,-3.2,0.0,25.7,34.4,54.0,13.4,0.0,80.5,25.6,14.3,79.5,,,OBAnorm,,LD831_02097v2.403,,,,0,0
DENATRLA,2025-06-23 08:06:58.000,40.3,37.5,27.4,27.9,22.5,16.4,14.5,15.7,12.7,7.8,16.3,18.3,16.7,19.1,19.0,18.9,20.2,18.5,19.1,17.6,15.1,12.5,8.4,6.8,8.1,4.4,3.5,-2.8,-3.5,-3.6,-4.3,-3.1,-0.1,25.7,31.8,48.3,13.4,0.0,79.5,25.6,14.3,79.5,,,OBAnorm,,LD831_02097v2.403,,,,0,0
DENATRLA,2025-06-23 08:06:59.000,40.8,30.1,30.0,25.2,20.2,13.9,14.2,18.0,12.9,7.3,17.7,16.5,17.5,16.4,18.5,18.5,18.8,19.0,18.1,17.0,14.7,11.9,8.2,6.9,5.7,2.0,4.7,-1.9,-3.3,-3.5,-4.3,-2.8,0.0,25.1,30.4,44.9,13.4,0.0,78.9,25.6,14.3,79.5,,,OBAnorm,,LD831_02097v2.403,,,,0,0
DENATRLA,2025-06-23 08:07:00.000,32.0,28.2,26.4,22.7,19.9,15.2,15.1,18.4,14.5,10.2,16.8,16.8,16.7,17.4,18.2,19.1,18.3,19.8,17.8,17.7,14.5,12.0,7.9,5.7,8.5,1.1,1.2,-3.8,-3.7,-3.7,-4.3,-3.0,-0.1,25.3,30.9,44.4,13.4,0.0,78.3,25.6,14.4,79.5,,,OBAnorm,,LD831_02097v2.403,,,,0,0
DENATRLA,2025-06-23 08:07:01.000,28.1,25.1,24.6,20.6,15.9,15.8,12.7,17.3,12.3,11.0,16.3,16.7,16.7,17.0,18.4,18.9,18.9,19.2,18.8,16.8,14.7,13.5,13.1,11.6,8.6,2.5,4.1,-3.3,-2.1,-3.7,-4.4,-3.2,0.0,26.0,30.6,46.4,13.4,0.0,78.3,25.6,14.4,80.1,,,OBAnorm,,LD831_02097v2.403,,,,0,0
DENATRLA,2025-06-23 08:07:02.000,24.7,26.5,28.0,21.6,16.1,16.0,11.8,16.8,11.3,11.4,14.5,15.6,17.8,17.4,18.5,19.4,18.8,19.0,18.3,17.9,15.0,13.3,13.4,12.1,7.0,5.5,2.8,-3.3,-3.5,-3.7,-4.2,-2.9,0.1,25.9,35.3,53.1,13.4,0.0,81.5,25.6,14.3,80.1,,,OBAnorm,,LD831_02097v2.403,,,,0,0
DENATRLA,2025-06-23 08:07:03.000,26.9,26.3,22.4,26.1,18.0,17.9,14.8,16.6,13.7,10.1,14.3,16.7,17.4,18.2,19.1,19.2,19.5,18.8,18.8,17.8,15.3,13.5,9.7,7.5,3.6,1.8,0.5,-2.2,-3.5,-3.5,-4.0,-3.0,0.1,25.6,38.9,60.2,13.4,0.0,93.9,25.6,14.3,80.1,,,OBAnorm,,LD831_02097v2.403,,,,0,0
DENATRLA,2025-06-23 08:07:04.000,30.5,33.1,29.8,25.1,24.3,22.3,18.4,16.7,14.2,9.6,15.5,15.5,15.4,18.1,20.1,19.6,19.5,19.2,18.6,17.3,14.6,11.8,8.6,7.3,6.9,2.6,-1.7,-3.7,-3.8,-3.8,-4.4,-3.0,-0.1,25.5,33.5,57.6,13.4,0.0,95.5,25.6,14.3,80.1,,,OBAnorm,,LD831_02097v2.403,,,,0,0
DENATRLA,2025-06-23 08:07:05.000,39.5,36.4,33.9,28.6,21.7,17.0,13.7,18.1,15.0,8.6,16.3,16.3,16.5,18.2,19.2,19.0,19.3,19.8,18.5,17.2,15.7,12.8,9.7,9.6,7.7,4.0,-0.6,-2.9,-3.6,-3.8,-4.4,-3.1,-0.2,25.8,30.9,46.9,13.4,0.0,95.5,25.6,14.3,80.1,,,OBAnorm,,LD831_02097v2.403,,,,0,0
DENATRLA,2025-06-23 08:07:06.000,41.8,35.1,24.9,21.6,17.8,17.2,16.0,16.6,16.7,9.8,17.1,18.1,16.4,18.0,20.0,18.9,19.8,19.9,19.0,17.2,14.8,12.4,8.4,6.9,4.6,1.2,-2.3,-3.8,-3.7,-3.8,-4.3,-3.0,-0.1,25.7,30.6,38.9,13.4,0.0,95.5,25.6,14.4,80.1,,,OBAnorm,,LD831_02097v2.403,,,,0,0
DENATRLA,2025-06-23 08:07:07.000,27.6,23.8,23.3,19.6,19.7,17.7,15.0,16.0,14.7,9.4,16.8,17.9,17.4,18.6,19.4,19.3,19.4,18.8,19.0,17.6,15.2,11.7,9.1,7.3,5.6,3.6,-1.4,-3.0,-3.7,-3.8,-4.3,-3.1,-0.1,25.7,34.3,52.7,13.4,0.0,95.5,25.6,14.4,80.1,,,OBAnorm,,LD831_02097v2.403,,,,0,0
DENATRLA,2025-06-23 08:07:08.000,28.1,23.2,24.1,25.1,27.5,17.9,16.3,16.3,13.1,10.3,15.6,20.1,18.1,18.7,19.7,17.9,19.0,19.7,19.4,17.9,14.9,12.2,9.1,5.9,5.1,5.7,1.3,-0.4,2.5,-3.4,-4.2,-3.1,-0.2,25.9,34.7,52.7,13.4,0.0,95.5,25.6,14.4,79.5,,,OBAnorm,,LD831_02097v2.403,,,,0,0
DENATRLA,2025-06-23 08:07:09.000,29.4,30.1,27.4,24.0,22.1,19.8,17.7,18.8,14.6,12.6,18.1,18.6,18.4,18.5,18.9,19.9,19.6,20.1,18.2,17.6,15.9,13.5,13.0,14.8,11.0,9.0,5.2,2.4,4.8,-2.9,-4.1,-3.0,-0.1,26.6,39.3,58.1,13.4,0.0,95.5,25.6,14.3,79.5,,,OBAnorm,,LD831_02097v2.403,,,,0,0
DENATRLA,2025-06-23 08:07:10.000,33.7,32.4,28.1,28.0,28.2,22.8,25.4,22.9,19.0,15.8,21.1,20.8,17.2,19.4,19.3,19.8,19.5,19.6,18.9,17.7,16.1,12.5,8.7,13.2,7.9,9.2,3.6,1.2,2.9,-2.5,-3.9,-2.7,0.0,26.3,38.3,59.3,13.4,0.0,95.5,25.6,14.3,79.5,,,OBAnorm,,LD831_02097v2.403,,,,0,0
DENATRLA,2025-06-23 08:07:11.000,39.0,37.0,36.9,35.3,31.9,25.3,21.1,17.9,17.7,15.6,20.2,19.9,18.0,17.8,19.3,19.6,19.9,19.8,18.7,16.6,14.6,12.4,8.7,6.4,4.1,4.6,0.8,0.0,1.9,-1.0,-2.9,-2.3,0.2,25.7,43.1,60.9,13.4,0.0,95.5,25.6,14.3,80.1,,,OBAnorm,,LD831_02097v2.403,,,,0,0
DENATRLA,2025-06-23 08:07:12.000,44.0,41.0,31.4,36.5,28.9,28.0,28.4,24.8,22.6,17.1,21.0,20.4,18.5,19.7,19.6,20.5,19.3,19.7,18.5,16.6,14.5,12.0,8.7,7.5,5.6,3.7,0.6,-2.6,-1.7,-1.6,-3.2,-2.4,0.2,25.7,44.3,62.7,13.4,0.0,95.6,25.6,14.3,80.1,,,OBAnorm,,LD831_02097v2.403,,,,0,0
DENATRLA,2025-06-23 08:07:13.000,41.7,39.5,41.7,36.7,34.5,33.5,28.8,27.7,21.8,19.3,20.2,19.9,21.1,19.5,20.7,20.0,20.0,19.4,19.0,16.9,14.9,12.3,8.5,5.8,5.7,7.5,4.9,-1.6,-2.0,-1.9,-3.3,-2.3,0.2,26.1,46.9,67.1,13.4,0.0,120.8,25.6,14.3,79.5,,,OBAnorm,,LD831_02097v2.403,,,,0,0
DENATRLA,2025-06-23 08:07:14.000,46.5,42.0,40.7,42.9,35.8,34.6,28.4,28.1,24.7,25.8,24.2,22.6,21.6,21.4,19.7,20.8,20.6,20.9,19.6,17.6,16.5,12.8,9.0,8.7,6.8,4.3,1.2,-0.9,-0.9,-1.6,-2.9,-2.2,0.2,27.3,54.1,68.2,13.4,0.0,178.7,25.6,14.3,78.4,,,OBAnorm,,LD831_02097v2.403,,,,0,0
DENATRLA,2025-06-23 08:07:15.000,46.2,46.6,41.0,41.2,45.8,39.3,39.4,37.9,33.9,31.6,28.4,27.7,23.0,22.5,20.3,20.3,20.4,20.6,19.2,17.9,16.3,13.0,13.0,12.5,13.8,6.7,3.8,-0.7,-0.2,-0.2,-2.3,-1.6,0.5,27.8,53.7,70.2,13.4,0.3,157.4,25.6,14.3,78.4,,,OBAnorm,,LD831_02097v2.403,,,,0,0
DENATRLA,2025-06-23 08:07:16.000,51.6,45.2,51.3,52.0,48.3,43.6,39.5,38.8,32.7,30.3,28.1,24.8,24.1,23.6,21.6,21.5,21.5,20.2,19.6,17.3,15.6,12.6,10.5,8.5,7.2,6.5,2.9,-0.1,-0.7,-0.7,-2.5,-1.6,0.6,27.6,53.4,73.2,13.4,0.5,157.4,25.6,14.3,78.9,,,OBAnorm,,LD831_02097v2.403,,,,0,0
DENATRLA,2025-06-23 08:07:17.000,61.2,55.3,49.5,45.8,45.8,41.2,35.6,36.5,31.6,27.1,27.1,23.8,21.4,21.8,20.5,20.6,19.8,19.7,19.3,18.0,15.6,12.4,10.0,7.8,6.5,3.0,1.1,-1.3,-1.0,-1.2,-2.5,-1.8,0.3,27.0,53.3,67.7,13.4,0.7,158.3,25.6,14.3,78.9,,,OBAnorm,,LD831_02097v2.403,,,,0,0
DENATRLA,2025-06-23 08:07:18.000,52.1,54.1,49.3,44.8,40.9,38.6,40.1,35.2,31.0,30.1,27.0,26.6,24.3,22.8,21.8,21.8,21.0,20.3,19.2,17.9,16.6,12.8,9.3,10.2,9.4,13.3,13.0,5.4,0.3,-0.5,-1.8,-1.5,0.7,27.9,54.7,73.9,13.4,1.0,172.8,25.6,14.3,78.9,,,OBAnorm,,LD831_02097v2.403,,,,0,0
DENATRLA,2025-06-23 08:07:19.000,53.3,51.5,52.0,50.0,43.4,40.2,38.4,35.5,32.8,26.9,23.2,24.6,22.6,19.6,21.4,21.3,20.9,19.5,19.2,17.4,15.0,12.4,11.7,11.1,5.3,3.3,1.2,-1.3,-0.6,-0.6,-2.4,-1.4,0.4,26.9,52.2,71.3,13.4,1.0,178.1,25.6,14.3,78.4,,,OBAnorm,,LD831_02097v2.403,,,,0,0
DENATRLA,2025-06-23 08:07:20.000,58.3,53.3,48.0,47.9,42.5,37.5,37.4,30.5,26.1,25.3,25.1,24.7,21.2,21.9,20.2,20.5,20.2,19.0,18.6,17.3,15.2,12.1,9.8,7.9,7.2,2.9,-0.1,-1.7,-1.3,-1.4,-2.8,-2.1,0.3,26.6,52.0,70.4,13.4,1.0,175.9,25.6,14.3,78.4,,,OBAnorm,,LD831_02097v2.403,,,,0,0
DENATRLA,2025-06-23 08:07:21.000,58.8,50.7,48.0,41.1,40.6,39.7,35.4,37.1,32.5,30.7,29.5,29.1,21.9,21.7,20.1,19.3,19.5,19.9,18.9,17.6,14.3,13.5,10.1,9.9,12.8,6.6,1.3,-1.3,-1.2,-0.9,-2.3,-1.7,0.7,27.3,52.9,73.3,13.4,1.0,176.3,25.6,14.3,78.4,,,OBAnorm,,LD831_02097v2.403,,,,0,0
DENATRLA,2025-06-23 08:07:22.000,53.0,53.4,48.3,43.1,39.8,41.6,36.6,33.0,29.3,25.1,24.2,24.4,19.5,18.6,19.4,19.9,20.0,19.5,18.9,16.9,14.5,13.6,17.7,14.9,22.6,14.7,6.5,-1.5,-1.0,-1.6,-3.0,-2.2,0.3,29.0,51.3,70.6,13.4,1.1,197.7,25.6,14.3,78.9,,,OBAnorm,,LD831_02097v2.403,,,,0,0
DENATRLA,2025-06-23 08:07:23.000,55.1,54.6,43.7,42.9,43.9,39.3,38.2,35.5,33.7,28.8,26.9,22.6,20.5,19.9,20.5,19.7,20.1,20.0,18.8,17.5,15.6,12.3,9.4,7.3,13.9,4.9,1.9,-1.7,-1.6,-1.2,-2.7,-2.0,0.6,26.9,53.3,71.3,13.4,1.1,211.0,25.6,14.3,79.5,,,OBAnorm,,LD831_02097v2.403,,,,0,0
DENATRLA,2025-06-23 08:07:24.000,55.5,53.4,47.2,46.6,44.1,39.8,37.3,34.4,31.6,26.1,24.7,22.7,21.8,18.9,19.3,19.9,19.4,19.7,19.1,17.6,15.9,12.7,9.5,6.4,3.4,2.9,-0.2,-2.8,-2.4,-2.7,-3.5,-2.7,0.1,26.3,49.0,66.2,13.4,1.1,198.5,25.6,14.3,78.9,,,OBAnorm,,LD831_02097v2.403,,,,0,0
DENATRLA,2025-06-23 08:07:25.000,56.0,54.1,48.0,45.2,40.2,38.7,34.2,33.9,29.0,23.9,25.3,26.1,19.9,20.2,19.1,20.2,20.4,19.7,19.4,17.5,15.4,13.7,12.0,12.7,7.5,7.8,4.2,-1.0,-2.2,-2.2,-3.5,-2.7,0.1,27.0,48.6,67.0,13.4,1.1,207.4,25.6,14.3,77.8,,,OBAnorm,,LD831_02097v2.403,,,,0,0
DENATRLA,2025-06-23 08:07:26.000,55.7,51.1,45.5,42.1,40.3,33.9,34.6,33.9,28.6,25.3,25.1,26.2,19.9,18.9,18.4,19.3,19.3,19.2,18.9,17.5,15.1,12.1,8.8,6.4,4.1,3.2,0.3,-2.2,-2.0,-1.0,-3.0,-2.3,0.3,25.9,47.3,69.8,13.4,1.2,215.7,25.6,14.3,77.8,,,OBAnorm,,LD831_02097v2.403,,,,0,0
DENATRLA,2025-06-23 08:07:27.000,51.8,48.3,47.1,38.7,41.3,34.4,32.1,28.2,27.6,17.9,25.8,22.6,20.0,18.7,19.1,18.7,19.5,19.1,19.1,17.5,15.5,13.3,14.5,12.1,8.7,5.1,0.0,-2.0,-2.0,-2.0,-3.6,-2.5,0.0,26.6,47.4,68.7,13.4,1.3,212.1,25.6,14.3,78.9,,,OBAnorm,,LD831_02097v2.403,,,,0,0
DENATRLA,2025-06-23 08:07:28.000,51.2,47.7,42.7,40.5,37.6,34.0,33.8,37.1,32.3,28.2,25.2,21.4,19.5,18.9,20.2,19.1,19.5,20.8,19.6,18.0,16.5,15.7,18.8,25.4,19.8,11.5,5.8,-1.1,-1.9,-2.4,-3.3,-2.1,0.5,31.0,49.8,67.5,13.4,1.4,203.3,25.6,14.3,79.5,,,OBAnorm,,LD831_02097v2.403,,,,0,0
DENATRLA,2025-06-23 08:07:29.000,52.7,48.7,46.4,43.7,44.2,35.9,39.4,34.8,35.0,23.3,19.7,18.0,18.4,18.6,19.5,19.8,20.0,20.1,19.8,18.3,18.4,14.7,12.1,25.2,24.9,23.3,5.9,-1.6,-1.8,-2.2,-3.6,-2.6,0.0,32.0,46.5,66.5,13.4,1.4,191.4,25.6,14.3,78.9,,,OBAnorm,,LD831_02097v2.403,,,,0,0
DENATRLA,2025-06-23 08:07:30.000,47.4,49.6,47.1,41.0,36.5,34.5,31.4,26.1,22.4,13.8,19.1,18.6,17.2,20.0,19.7,18.4,20.5,20.8,19.6,17.5,16.3,15.6,18.3,21.1,18.7,4.4,-0.7,-3.2,-3.2,-3.3,-4.2,-3.0,-0.1,28.9,37.8,55.5,13.4,1.3,175.8,25.6,14.2,78.9,,,OBAnorm,,LD831_02097v2.403,,,,0,0
DENATRLA,2025-06-23 08:07:31.000,50.7,43.6,40.0,31.3,26.8,24.8,21.3,21.5,18.0,14.0,18.0,19.2,17.3,18.7,19.3,19.7,21.0,20.2,19.9,18.2,17.6,16.0,19.5,24.3,21.2,22.3,6.8,-1.0,-3.2,-2.7,-4.0,-2.7,0.1,31.2,45.6,64.3,13.4,1.2,164.5,25.6,14.2,78.9,,,OBAnorm,,LD831_02097v2.403,,,,0,0
DENATRLA,2025-06-23 08:07:32.000,49.7,39.4,42.0,36.1,36.6,34.0,32.9,28.4,24.8,18.5,21.1,18.5,19.3,18.6,19.8,19.8,20.7,20.5,19.5,17.9,15.4,12.8,10.6,9.0,9.9,14.0,5.5,-3.2,-3.3,-3.2,-4.0,-2.6,0.4,26.9,47.6,69.1,13.4,1.1,155.5,25.6,14.2,78.9,,,OBAnorm,,LD831_02097v2.403,,,,0,0
DENATRLA,2025-06-23 08:07:33.000,38.3,40.2,44.8,41.7,38.9,35.8,34.3,28.2,24.6,22.2,26.3,25.1,18.4,18.0,19.1,20.5,20.8,20.6,19.3,18.0,15.5,13.4,18.1,28.7,24.1,14.8,6.8,-2.8,1.4,-3.4,-4.2,-3.0,0.0,32.8,46.2,66.3,13.4,1.0,146.5,25.6,14.2,79.5,,,OBAnorm,,LD831_02097v2.403,,,,0,0
DENATRLA,2025-06-23 08:07:34.000,46.2,45.5,40.3,38.9,32.9,32.1,28.0,25.1,20.5,15.4,30.1,28.2,17.8,19.3,19.4,20.3,20.4,19.8,19.6,18.3,15.1,12.5,9.2,9.7,36.2,8.9,5.5,-1.2,17.1,-3.0,-4.3,-2.1,0.0,38.0,46.4,63.8,13.4,1.0,167.4,25.6,14.2,79.5,,,OBAnorm,,LD831_02097v2.403,,,,0,0
DENATRLA,2025-06-23 08:07:35.000,51.0,43.9,38.5,36.8,33.3,32.0,24.5,23.1,20.0,10.5,21.3,18.3,17.2,18.2,19.7,20.1,20.4,20.8,18.9,18.2,16.0,12.4,8.9,6.0,30.6,2.6,-1.9,-3.4,-3.8,-3.6,-4.4,-3.1,-0.1,32.0,38.7,55.9,13.4,1.0,170.5,25.6,14.2,79.5,,,OBAnorm,,LD831_02097v2.403,,,,0,0
DENATRLA,2025-06-23 08:07:36.000,49.8,47.9,38.9,31.0,32.3,23.9,21.5,21.7,17.4,10.4,19.8,22.4,19.2,17.5,18.5,18.6,19.9,19.7,19.2,18.6,16.3,17.2,20.7,23.3,19.8,9.1,-1.0,-3.4,-3.7,-3.7,-4.4,-3.2,-0.1,29.9,38.0,59.4,13.4,0.9,172.8,25.6,14.2,78.9,,,OBAnorm,,LD831_02097v2.403,,,,0,0
DENATRLA,2025-06-23 08:07:37.000,48.2,37.0,33.9,30.3,29.0,25.6,19.9,20.4,13.9,8.8,19.2,21.7,17.5,18.2,18.4,18.5,19.9,20.1,18.8,18.2,16.0,12.9,9.7,7.9,8.4,9.9,0.1,-3.7,-3.7,-3.9,-4.4,-3.1,-0.2,26.1,32.5,52.2,13.4,0.7,173.1,25.6,14.2,79.5,,,OBAnorm,,LD831_02097v2.403,,,,0,0
DENATRLA,2025-06-23 08:07:38.000,38.1,37.1,32.1,24.3,20.9,18.4,16.2,15.6,10.8,9.6,18.2,15.4,17.1,17.3,18.9,19.6,19.7,20.0,18.9,18.1,16.0,15.3,17.9,20.0,15.7,6.9,0.1,-3.5,-3.8,-3.9,-4.4,-3.2,-0.2,28.2,34.0,51.0,13.4,0.6,173.5,25.6,14.2,79.5,,,OBAnorm,,LD831_02097v2.403,,,,0,0
DENATRLA,2025-06-23 08:07:39.000,34.7,29.7,27.4,23.3,23.0,18.9,15.2,16.9,8.8,9.4,16.1,16.1,16.8,17.1,19.4,19.7,19.6,20.4,19.1,18.1,17.0,13.3,12.9,18.7,17.5,22.9,6.6,-2.7,-3.8,-3.7,-4.4,-3.1,-0.1,29.3,32.9,51.0,13.4,0.6,173.5,25.6,14.2,79.5,,,OBAnorm,,LD831_02097v2.403,,,,0,0
DENATRLA,2025-06-23 08:07:40.000,33.4,33.1,26.4,23.1,19.2,16.1,15.5,16.9,8.5,9.7,13.6,14.3,18.2,17.9,18.7,19.7,19.8,19.7,18.5,17.5,15.9,13.0,11.5,16.6,13.2,6.1,6.3,-2.2,-3.5,-3.6,-4.4,-3.0,-0.1,26.8,31.5,42.0,13.4,0.6,173.5,25.6,14.2,80.1,,,OBAnorm,,LD831_02097v2.403,,,,0,0
DENATRLA,2025-06-23 08:07:41.000,36.9,30.0,27.2,23.0,16.0,15.7,15.6,19.6,8.6,8.7,14.8,15.9,17.4,17.1,19.2,19.0,19.3,19.7,19.5,18.3,16.2,16.4,21.0,19.8,12.5,10.2,-1.5,-3.2,-3.6,-3.9,-4.4,-3.1,-0.1,28.9,31.6,39.0,13.4,0.6,173.4,25.6,14.2,80.1,,,OBAnorm,,LD831_02097v2.403,,,,0,0
DENATRLA,2025-06-23 08:07:42.000,27.9,28.2,23.3,20.5,17.7,16.3,12.8,19.6,8.4,8.5,14.5,14.7,17.2,19.1,19.2,19.8,19.4,20.5,19.3,17.9,17.0,13.8,13.2,22.8,18.1,16.8,2.1,-3.1,-3.2,-3.8,-4.3,-3.3,0.0,29.2,31.6,35.6,13.4,0.6,173.5,25.6,14.2,79.5,,,OBAnorm,,LD831_02097v2.403,,,,0,0
DENATRLA,2025-06-23 08:07:43.000,30.1,29.9,24.2,19.8,19.5,13.8,14.1,18.2,11.2,8.6,16.2,15.0,17.6,18.9,18.6,19.6,20.7,20.0,18.6,18.0,15.3,16.8,22.8,18.4,13.9,11.8,-1.6,-3.7,-3.7,-3.9,-4.5,-3.2,-0.1,29.1,31.4,37.2,13.4,0.6,173.3,25.6,14.2,80.1,,,OBAnorm,,LD831_02097v2.403,,,,0,0
DENATRLA,2025-06-23 08:07:44.000,23.4,25.0,23.0,23.1,17.8,15.4,13.1,13.3,8.4,8.8,16.3,15.7,16.8,17.1,18.9,19.4,19.7,20.0,19.4,18.1,17.5,13.9,12.7,17.9,20.6,23.8,10.4,-2.0,-3.1,-3.5,-4.3,-3.1,-0.2,29.9,31.9,41.5,13.4,0.6,173.5,25.6,14.2,80.1,,,OBAnorm,,LD831_02097v2.403,,,,0,0
DENATRLA,2025-06-23 08:07:45.000,26.3,24.5,22.4,18.9,18.7,17.8,17.0,18.3,10.8,9.6,15.3,14.8,16.9,17.1,19.0,20.3,20.9,20.5,19.8,17.9,16.2,16.6,22.3,25.3,24.5,17.2,9.7,-2.5,-3.5,-3.7,-4.4,-3.3,-0.2,32.0,33.4,46.0,13.4,0.6,174.6,25.6,14.2,80.1,,,OBAnorm,,LD831_02097v2.403,,,,0,0
DENATRLA,2025-06-23 08:07:46.000,26.8,28.4,24.3,21.4,17.6,16.3,15.1,18.2,9.7,9.7,14.4,14.0,15.8,18.1,18.4,19.2,20.1,20.0,19.8,18.4,16.3,13.1,9.7,7.4,7.0,8.1,7.0,-2.3,-3.4,-3.8,-4.3,-3.1,-0.2,26.4,31.7,45.8,13.4,0.6,176.3,25.6,14.2,80.1,,,OBAnorm,,LD831_02097v2.403,,,,0,0
DENATRLA,2025-06-23 08:07:47.000,28.8,23.6,24.0,22.7,20.6,16.0,12.6,17.6,9.4,7.9,13.4,13.8,16.0,18.3,18.8,19.6,20.3,19.8,19.5,18.5,18.0,19.0,23.2,23.7,18.6,22.8,3.0,-3.5,-3.3,-3.0,-4.2,-3.1,-0.1,31.5,33.0,46.6,13.4,0.3,176.3,25.6,14.2,80.1,,,OBAnorm,,LD831_02097v2.403,,,,0,0
DENATRLA,2025-06-23 08:07:48.000,29.6,28.7,25.5,21.7,19.5,15.2,15.5,19.7,10.0,7.7,14.5,15.1,17.0,18.8,19.2,19.2,21.2,20.0,19.3,18.1,16.4,17.9,25.1,22.0,15.5,12.9,-0.2,-3.6,-3.6,-3.8,-4.4,-3.2,-0.2,31.0,33.9,48.6,13.4,0.0,176.3,25.6,14.3,80.1,,,OBAnorm,,LD831_02097v2.403,,,,0,0
DENATRLA,2025-06-23 08:07:49.000,31.7,28.2,26.1,21.7,21.2,18.1,16.5,21.8,7.7,8.0,12.0,14.4,17.3,17.3,18.6,19.3,20.0,19.8,19.1,17.9,17.6,15.4,11.1,16.8,24.7,25.2,13.5,-2.8,-3.7,-3.7,-4.4,-3.2,-0.2,31.2,33.7,51.8,13.4,0.0,176.3,25.6,14.3,80.1,,,OBAnorm,,LD831_02097v2.403,,,,0,0
DENATRLA,2025-06-23 08:07:50.000,29.9,29.7,25.7,21.9,22.0,20.2,13.8,21.3,9.6,7.3,11.7,14.7,16.1,17.8,17.7,19.4,20.1,20.1,19.3,17.7,15.9,18.4,24.0,20.4,12.5,26.3,20.6,0.1,-3.7,-3.8,-4.4,-3.2,-0.1,32.0,33.9,49.8,13.4,0.0,176.4,25.7,14.3,80.1,,,OBAnorm,,LD831_02097v2.403,,,,0,0
DENATRLA,2025-06-23 08:07:51.000,31.1,30.0,26.4,23.7,18.7,14.8,15.4,17.8,7.3,8.4,11.7,13.3,16.3,17.4,18.8,19.5,20.2,20.3,19.3,18.7,17.1,15.4,12.7,18.4,23.5,26.8,18.2,-1.8,-3.1,-2.2,-4.3,-3.2,-0.1,31.8,35.4,49.3,13.4,0.0,176.2,25.6,14.3,80.1,,,OBAnorm,,LD831_02097v2.403,,,,0,0
DENATRLA,2025-06-23 08:07:52.000,32.0,28.9,26.0,24.4,25.4,21.2,19.4,18.3,12.5,7.3,12.2,13.2,16.7,18.4,18.6,19.3,20.1,21.0,20.0,18.0,16.4,18.9,23.7,18.6,18.4,13.2,4.0,-3.1,-3.5,-3.9,-4.5,-3.2,-0.2,30.0,38.5,56.9,13.4,0.0,176.3,25.6,14.3,80.1,,,OBAnorm,,LD831_02097v2.403,,,,0,0
DENATRLA,2025-06-23 08:07:53.000,33.0,28.9,30.2,25.9,25.8,23.2,18.8,17.4,9.9,7.9,13.5,12.7,17.0,16.5,19.1,19.9,21.0,21.2,20.4,19.1,16.6,14.9,11.4,17.0,24.6,23.0,12.1,-2.4,-3.6,-3.5,-4.4,-3.2,-0.1,30.9,38.5,56.4,13.4,0.0,176.3,25.6,14.3,80.1,,,OBAnorm,,LD831_02097v2.403,,,,0,0
DENATRLA,2025-06-23 08:07:54.000,36.6,38.4,33.5,25.4,25.3,19.1,21.0,19.7,15.7,11.6,16.5,13.3,17.0,17.4,19.3,20.2,20.8,21.0,20.7,18.3,16.2,13.0,10.1,6.8,3.6,2.0,-2.5,-3.5,-3.6,-3.7,-4.3,-3.1,0.0,26.7,36.7,59.2,13.4,0.0,176.3,25.6,14.3,80.1,,,OBAnorm,,LD831_02097v2.403,,,,0,0
DENATRLA,2025-06-23 08:07:55.000,40.9,35.1,34.5,30.4,28.4,27.8,21.0,21.5,11.8,8.8,14.5,13.2,17.8,18.5,19.6,19.6,21.5,20.7,20.1,18.5,16.9,16.2,18.9,16.3,9.2,6.7,-1.9,-3.8,-3.7,-3.9,-4.4,-3.0,0.1,28.2,34.3,48.4,13.4,0.0,176.3,25.7,14.3,80.1,,,OBAnorm,,LD831_02097v2.403,,,,0,0
DENATRLA,2025-06-23 08:07:56.000,41.6,35.5,33.3,24.4,24.3,24.3,19.2,17.6,12.0,8.7,12.8,15.1,15.8,18.1,19.5,20.8,21.3,20.8,20.4,18.8,16.5,18.9,21.9,21.4,13.1,11.0,-0.9,-3.4,-3.7,-3.9,-4.5,-3.3,-0.2,29.8,34.8,49.3,13.4,0.0,176.1,25.6,14.3,80.1,,,OBAnorm,,LD831_02097v2.403,,,,0,0
DENATRLA,2025-06-23 08:07:57.000,32.0,30.0,33.7,23.5,24.5,17.5,17.0,20.6,9.6,10.1,12.9,14.7,17.9,17.9,19.4,19.6,20.2,21.1,19.8,19.5,18.0,18.4,21.0,22.0,22.2,25.0,14.8,-1.9,-3.6,-3.7,-4.4,-3.1,-0.1,31.9,35.7,50.9,13.4,0.0,164.7,25.7,14.3,80.1,,,OBAnorm,,LD831_02097v2.403,,,,0,0
DENATRLA,2025-06-23 08:07:58.000,38.9,32.5,31.3,28.4,26.7,20.3,18.4,17.3,10.6,10.3,12.2,15.0,18.3,18.9,20.1,21.1,21.0,20.3,19.7,18.8,16.5,13.7,9.9,6.8,5.8,5.9,-1.3,-3.6,-3.8,-4.0,-4.4,-3.2,-0.2,26.8,34.9,55.5,13.4,0.0,125.5,25.6,14.2,80.1,,,OBAnorm,,LD831_02097v2.403,,,,0,0
DENATRLA,2025-06-23 08:07:59.000,31.3,36.5,29.7,29.0,24.3,19.5,15.9,17.3,9.8,10.0,14.0,15.1,16.7,19.1,19.2,20.0,20.7,20.4,20.0,19.3,17.9,16.9,19.6,17.7,14.0,23.1,6.3,-2.1,-3.6,-3.5,-4.4,-3.1,-0.4,30.0,34.0,50.7,13.4,0.0,67.9,25.6,14.2,80.1,,,OBAnorm,,LD831_02097v2.403,,,,0,0
DENATRLA,2025-06-23 08:08:00.000,36.8,30.9,27.6,25.1,18.3,18.8,17.8,13.9,8.1,10.4,15.1,14.9,17.1,18.6,20.1,20.6,20.7,21.3,20.4,19.0,17.3,13.4,9.8,8.4,6.1,7.7,0.3,-2.6,-2.1,-3.9,-4.4,-3.2,0.0,26.9,34.3,54.0,13.4,0.0,46.3,25.6,14.2,80.1,,,OBAnorm,,LD831_02097v2.403,,,,0,0
DENATRLA,2025-06-23 08:08:01.000,35.8,27.0,27.2,24.6,24.5,19.5,18.4,18.5,9.6,10.9,13.3,13.4,17.7,18.4,19.4,20.1,21.5,21.4,19.8,18.9,16.8,13.1,10.3,7.3,4.7,4.6,1.1,-2.8,-2.8,-3.9,-4.4,-3.1,-0.1,26.9,33.1,50.5,13.4,0.0,39.2,25.6,14.2,80.1,,,OBAnorm,,LD831_02097v2.403,,,,0,0
DENATRLA,2025-06-23 08:08:02.000,38.5,31.9,26.9,21.6,20.1,18.1,17.4,20.9,7.7,8.0,12.8,15.2,16.4,17.0,18.9,19.9,20.6,21.2,19.7,18.8,16.5,17.6,21.6,19.9,10.1,7.2,0.2,-3.4,-3.5,-3.9,-4.4,-3.2,0.0,29.4,32.6,45.6,13.4,0.0,38.0,25.6,14.2,80.1,,,OBAnorm,,LD831_02097v2.403,,,,0,0
DENATRLA,2025-06-23 08:08:03.000,33.0,29.2,28.5,24.3,21.3,15.6,16.4,17.3,9.7,10.6,14.2,16.4,17.4,18.1,19.9,20.0,20.6,21.4,19.8,18.5,19.1,18.9,23.1,23.2,25.6,24.0,14.7,1.1,-2.5,-3.0,-4.3,-3.1,-0.1,32.7,33.6,42.9,13.4,0.0,36.6,25.6,14.2,80.1,,,OBAnorm,,LD831_02097v2.403,,,,0,0
DENATRLA,2025-06-23 08:08:04.000,32.1,28.8,20.7,21.3,21.0,17.8,15.7,13.3,8.4,8.9,14.6,15.9,17.7,19.1,19.5,20.2,21.1,21.3,20.5,18.5,16.9,13.5,10.2,7.4,6.6,8.6,9.3,-0.1,-2.8,-3.4,-4.4,-3.1,0.0,27.2,31.7,42.3,13.4,0.0,36.6,25.7,14.2,80.1,,,OBAnorm,,LD831_02097v2.403,,,,0,0
DENATRLA,2025-06-23 08:08:05.000,28.0,24.7,27.2,24.9,15.5,17.3,14.7,17.1,10.6,8.6,14.4,14.2,17.1,17.8,18.9,20.6,21.5,20.5,20.3,19.1,17.0,17.6,20.8,20.7,12.8,7.2,-1.1,-3.6,-3.7,-3.9,-4.4,-3.2,-0.1,29.5,32.1,42.1,13.4,0.0,36.6,25.6,14.2,80.1,,,OBAnorm,,LD831_02097v2.403,,,,0,0
DENATRLA,2025-06-23 08:08:06.000,26.5,26.3,26.0,24.8,20.8,17.1,13.6,16.6,9.9,9.4,18.2,14.6,16.6,17.6,20.0,20.5,20.7,21.9,20.9,19.0,16.6,13.9,10.7,8.2,10.2,2.0,-1.2,-3.7,-3.7,-3.8,-4.4,-3.2,-0.2,27.9,31.8,39.3,13.4,0.0,36.5,25.6,14.2,80.1,,,OBAnorm,,LD831_02097v2.403,,,,0,0
DENATRLA,2025-06-23 08:08:07.000,26.5,25.1,24.2,21.9,18.1,15.3,14.8,17.2,9.6,9.8,13.7,14.9,16.3,19.8,19.7,20.6,21.3,20.9,20.3,19.4,19.2,18.1,22.6,21.8,22.0,25.6,10.1,-0.8,-3.5,-3.4,-4.5,-3.2,0.0,32.1,33.1,41.4,13.4,0.0,36.5,25.7,14.2,80.1,,,OBAnorm,,LD831_02097v2.403,,,,0,0
DENATRLA,2025-06-23 08:08:08.000,24.9,27.3,26.5,22.1,18.9,16.8,14.0,14.2,10.2,9.2,14.0,15.4,17.2,19.0,19.6,20.4,21.8,21.3,19.9,18.6,16.3,14.5,15.5,15.4,10.3,5.4,-1.2,-3.7,-3.7,-3.7,-4.4,-3.0,-0.1,27.7,31.9,40.2,13.4,0.0,36.6,25.7,14.2,80.1,,,OBAnorm,,LD831_02097v2.403,,,,0,0
DENATRLA,2025-06-23 08:08:09.000,29.2,23.8,24.1,20.9,19.7,16.0,13.4,12.5,8.5,9.0,12.5,15.5,17.3,17.8,19.4,20.6,20.2,21.0,19.7,18.9,18.7,17.6,23.1,26.5,21.6,24.6,13.3,0.6,-3.6,-3.8,-4.4,-3.0,-0.1,32.9,33.7,39.9,13.4,0.0,36.6,25.7,14.2,80.1,,,OBAnorm,,LD831_02097v2.403,,,,0,0
DENATRLA,2025-06-23 08:08:10.000,27.0,28.2,29.0,24.3,18.5,16.7,15.3,17.0,12.2,8.7,14.7,14.8,18.2,19.8,19.6,20.9,21.4,21.7,20.4,19.0,16.9,13.9,11.8,10.3,9.9,10.8,4.5,-1.6,-3.2,-4.0,-4.3,-3.1,-0.1,27.5,31.6,40.4,13.4,0.0,36.6,25.7,14.2,79.5,,,OBAnorm,,LD831_02097v2.403,,,,0,0
DENATRLA,2025-06-23 08:08:11.000,25.9,26.3,27.0,22.6,18.8,16.4,13.8,15.0,10.6,9.9,13.0,16.9,17.1,17.3,20.4,20.2,20.9,22.0,20.9,19.6,19.3,17.6,22.3,22.5,17.3,26.3,12.1,0.1,-3.1,-3.4,-4.3,-3.1,-0.1,32.1,33.4,41.6,13.4,0.0,36.6,25.7,14.2,79.5,,,OBAnorm,,LD831_02097v2.403,,,,0,0
DENATRLA,2025-06-23 08:08:12.000,27.8,27.2,24.1,22.5,17.0,16.7,14.2,12.2,12.3,8.6,12.4,14.9,17.7,19.0,20.8,21.2,21.6,21.8,21.6,19.8,17.4,14.4,10.8,8.0,4.4,3.7,0.1,-3.4,-3.6,-3.9,-4.4,-3.2,-0.1,27.7,31.6,39.9,13.4,0.0,36.6,25.6,14.2,79.5,,,OBAnorm,,LD831_02097v2.403,,,,0,0
DENATRLA,2025-06-23 08:08:13.000,25.5,26.6,25.2,22.3,19.6,15.5,16.2,12.7,11.2,10.8,12.5,17.7,17.7,19.0,20.1,20.2,21.2,21.3,21.3,20.1,19.5,18.2,21.5,19.4,19.1,23.2,14.1,1.6,-3.2,-2.9,-4.4,-3.1,0.0,31.3,33.0,40.8,13.4,0.0,36.6,25.7,14.2,79.5,,,OBAnorm,,LD831_02097v2.403,,,,0,0
DENATRLA,2025-06-23 08:08:14.000,28.0,26.6,22.8,25.5,18.4,15.3,13.4,12.6,12.4,12.3,12.9,17.7,18.1,18.9,20.6,21.5,21.5,22.0,21.6,20.0,17.9,15.4,11.2,7.9,4.6,6.5,-0.5,-3.8,-3.7,-3.8,-4.4,-3.0,-0.1,28.0,31.9,39.9,13.4,0.0,36.6,25.7,14.2,79.5,,,OBAnorm,,LD831_02097v2.403,,,,0,0
DENATRLA,2025-06-23 08:08:15.000,24.1,25.3,25.6,22.9,18.5,16.0,14.9,15.9,11.3,9.3,13.2,15.9,18.7,18.6,20.6,21.2,21.5,22.5,21.3,19.5,17.8,17.5,13.3,15.4,16.9,8.5,-0.9,-3.7,-3.8,-3.9,-4.4,-3.2,-0.1,28.9,32.2,40.6,13.4,0.0,36.6,25.6,14.2,80.1,,,OBAnorm,,LD831_02097v2.403,,,,0,0
DENATRLA,2025-06-23 08:08:16.000,30.1,25.4,25.6,20.3,17.5,17.7,14.8,13.6,13.3,11.5,13.1,17.1,17.7,18.1,20.1,21.7,22.6,22.4,21.7,19.5,18.2,15.4,18.5,17.4,18.8,12.9,7.8,-2.7,-3.7,-3.8,-4.4,-3.0,0.0,29.5,33.1,48.7,13.4,0.0,36.6,25.6,14.2,80.1,,,OBAnorm,,LD831_02097v2.403,,,,0,0
DENATRLA,2025-06-23 08:08:17.000,30.0,20.0,24.1,24.4,16.7,18.7,17.4,13.8,14.2,12.6,12.4,16.4,17.7,18.1,20.7,21.8,22.0,22.6,22.2,20.3,20.3,16.1,11.5,19.5,18.3,21.8,7.3,-0.4,-3.2,-3.4,-4.3,-3.1,0.0,30.5,35.1,52.4,13.4,0.0,36.6,25.7,14.2,80.1,,,OBAnorm,,LD831_02097v2.403,,,,0,0
DENATRLA,2025-06-23 08:08:18.000,28.4,27.7,28.4,24.5,20.2,18.5,16.9,13.8,10.8,14.8,12.7,15.1,18.2,19.4,21.1,21.4,21.6,22.2,21.0,20.5,17.5,14.6,11.1,7.3,4.8,3.2,0.2,-3.4,-3.7,-3.8,-4.5,-3.2,-0.2,27.9,33.5,47.1,13.4,0.0,36.6,25.7,14.2,80.1,,,OBAnorm,,LD831_02097v2.403,,,,0,0
DENATRLA,2025-06-23 08:08:19.000,32.2,31.8,28.0,22.6,19.6,18.4,17.7,16.2,11.0,14.6,13.1,15.7,19.0,18.4,19.4,20.6,20.7,22.1,21.4,20.3,18.6,17.6,19.3,17.6,10.9,10.8,0.9,-3.1,-3.6,-3.8,-4.5,-3.1,-0.1,29.3,33.4,50.8,13.4,0.0,38.2,25.6,14.2,80.1,,,OBAnorm,,LD831_02097v2.403,,,,0,0
DENATRLA,2025-06-23 08:08:20.000,33.9,33.2,27.8,25.2,21.3,17.0,12.7,15.1,11.0,11.5,18.4,16.7,19.0,19.4,21.4,21.4,20.9,21.5,20.5,19.6,19.7,16.4,13.0,16.3,15.3,24.1,10.7,0.6,-3.3,-3.4,-4.4,-3.2,-0.1,30.2,34.2,49.9,13.4,0.0,45.7,25.7,14.2,80.1,,,OBAnorm,,LD831_02097v2.403,,,,0,0
DENATRLA,2025-06-23 08:08:21.000,32.5,28.3,21.2,22.9,21.4,16.5,16.8,14.9,10.2,11.8,18.7,17.1,18.4,19.6,20.7,20.8,21.3,21.9,21.1,19.9,17.6,15.4,11.0,7.1,5.4,3.7,0.4,-3.4,-3.6,-3.8,-4.4,-3.1,-0.2,27.8,33.3,49.0,13.4,0.0,47.4,26.0,14.2,80.1,,,OBAnorm,,LD831_02097v2.403,,,,0,0
DENATRLA,2025-06-23 08:08:22.000,33.3,32.1,27.2,23.4,21.4,17.1,16.8,13.9,12.4,12.4,20.9,17.0,19.1,20.0,21.9,21.5,21.5,21.4,21.3,19.4,18.0,17.1,19.8,22.3,18.3,14.7,6.4,-2.2,-3.2,-3.8,-4.3,-3.0,-0.1,30.3,33.9,47.6,13.4,0.0,47.5,25.7,14.2,80.1,,,OBAnorm,,LD831_02097v2.403,,,,0,0
DENATRLA,2025-06-23 08:08:23.000,30.7,29.7,24.4,24.3,19.2,17.3,17.5,14.5,11.0,10.9,20.8,16.2,18.9,20.5,21.0,23.1,22.8,22.5,21.7,19.7,18.8,16.3,13.7,15.7,15.3,19.7,7.9,-0.7,-3.1,-3.8,-4.3,-3.2,-0.1,29.6,34.2,48.4,13.4,0.0,47.5,25.7,14.2,80.1,,,OBAnorm,,LD831_02097v2.403,,,,0,0
DENATRLA,2025-06-23 08:08:24.000,28.9,30.9,27.0,25.0,20.9,16.9,14.7,14.5,11.6,11.4,23.7,17.3,20.1,19.4,21.1,22.3,22.3,22.7,21.9,19.7,18.3,15.0,11.6,8.3,6.0,5.2,2.4,-1.5,-3.0,-3.6,-4.3,-3.0,-0.1,28.4,33.1,44.6,13.4,0.0,47.5,25.6,14.2,80.1,,,OBAnorm,,LD831_02097v2.403,,,,0,0
DENATRLA,2025-06-23 08:08:25.000,30.7,30.8,27.4,23.0,20.6,19.5,17.1,14.5,12.2,11.8,23.1,17.7,18.7,22.0,20.8,22.8,23.1,23.2,21.9,20.5,20.2,19.5,19.3,17.7,21.8,25.8,15.3,0.9,-2.8,-3.5,-4.3,-3.0,-0.1,32.4,34.8,43.7,13.4,0.0,47.5,25.7,14.2,80.1,,,OBAnorm,,LD831_02097v2.403,,,,0,0
DENATRLA,2025-06-23 08:08:26.000,29.4,28.7,27.5,25.2,21.2,18.4,16.2,14.4,10.6,11.2,19.2,18.6,18.8,21.2,21.3,22.5,23.6,24.0,22.3,20.8,19.1,16.5,12.9,10.3,11.2,6.5,2.2,-2.5,-3.3,-3.7,-4.3,-3.0,-0.1,29.3,33.2,38.6,13.4,0.0,47.5,25.7,14.2,80.1,,,OBAnorm,,LD831_02097v2.403,,,,0,0
DENATRLA,2025-06-23 08:08:27.000,28.2,27.6,27.4,23.9,21.4,18.4,14.6,16.5,11.7,9.7,20.8,16.4,20.4,20.7,21.2,23.7,23.2,23.8,23.0,22.4,20.7,19.4,18.7,22.5,13.8,14.5,3.0,-1.9,-2.8,-3.4,-4.3,-3.2,-0.1,31.5,34.3,39.3,13.4,0.0,47.5,25.7,14.2,80.1,,,OBAnorm,,LD831_02097v2.403,,,,0,0
DENATRLA,2025-06-23 08:08:28.000,24.8,28.7,26.7,25.4,19.7,17.8,15.2,16.5,11.5,12.8,25.0,20.0,19.9,22.4,21.2,22.6,23.7,23.9,23.6,21.9,20.4,18.4,19.8,19.7,18.5,19.8,8.5,-1.0,-2.7,-3.3,-4.3,-3.2,-0.1,31.4,34.5,40.3,13.4,0.0,47.5,25.7,14.2,80.6,,,OBAnorm,,LD831_02097v2.403,,,,0,0
DENATRLA,2025-06-23 08:08:29.000,27.6,25.3,26.7,22.2,20.9,20.1,17.5,14.9,12.9,10.3,21.2,17.9,20.0,22.0,21.5,22.7,23.8,24.1,23.2,22.2,19.9,17.5,13.9,10.5,8.7,8.5,6.5,-0.1,-2.0,-3.2,-4.0,-2.9,0.0,30.5,34.2,45.1,13.4,0.0,47.5,25.7,14.2,80.6,,,OBAnorm,,LD831_02097v2.403,,,,0,0
DENATRLA,2025-06-23 08:08:30.000,27.1,26.9,25.5,24.3,23.6,18.1,15.9,13.3,14.5,11.5,22.0,18.3,19.1,22.5,21.9,22.7,23.2,23.8,23.0,22.1,20.8,20.5,18.7,19.3,15.3,18.5,4.4,-1.1,-2.3,-3.1,-4.2,-2.9,0.0,30.8,35.8,50.3,13.4,0.0,45.8,25.6,14.2,80.6,,,OBAnorm,,LD831_02097v2.403,,,,0,0
DENATRLA,2025-06-23 08:08:31.000,24.7,28.4,26.5,25.3,24.4,18.3,18.7,15.8,14.2,12.4,22.9,17.5,20.6,22.7,22.5,23.5,22.8,23.5,22.5,21.5,19.5,16.6,13.3,9.2,6.8,6.8,3.2,-1.3,-2.6,-3.4,-4.1,-3.0,-0.1,29.5,42.3,59.1,13.4,0.0,34.2,25.7,14.2,80.6,,,OBAnorm,,LD831_02097v2.403,,,,0,0
DENATRLA,2025-06-23 08:08:32.000,31.6,30.6,36.0,37.7,31.6,29.8,26.5,21.4,17.0,14.7,23.3,20.2,21.2,24.4,21.8,22.9,23.4,23.6,22.6,21.1,19.3,17.0,16.8,14.7,8.4,9.4,5.1,-0.6,-1.8,-2.8,-3.8,-2.9,0.1,30.1,46.9,64.6,13.4,0.0,0.3,25.7,14.2,80.6,,,OBAnorm,,LD831_02097v2.403,,,,0,0
DENATRLA,2025-06-23 08:08:33.000,38.9,42.2,42.6,39.3,36.2,34.8,32.5,28.8,22.7,23.9,28.7,19.9,20.3,22.2,21.9,23.4,23.9,23.6,22.7,21.4,20.0,16.6,13.3,17.0,12.2,19.6,4.3,-1.2,-2.2,-3.2,-4.0,-2.7,0.3,30.5,49.1,66.5,13.4,0.0,35.9,25.7,14.2,80.6,,,OBAnorm,,LD831_02097v2.403,,,,0,0
DENATRLA,2025-06-23 08:08:34.000,44.8,42.2,43.0,42.5,40.1,35.5,37.6,33.0,32.7,25.9,26.9,19.2,19.9,22.8,22.7,23.1,23.0,23.5,22.7,21.8,19.0,17.3,17.4,16.7,16.8,7.6,4.5,-0.3,-1.9,-3.2,-4.0,-2.8,0.2,30.3,49.4,67.2,13.4,0.0,331.3,25.7,14.3,78.9,,,OBAnorm,,LD831_02097v2.403,,,,0,0
DENATRLA,2025-06-23 08:08:35.000,49.6,48.7,45.1,44.6,40.6,37.9,29.5,27.4,18.6,15.4,24.9,21.4,21.1,22.3,23.4,23.3,23.4,24.2,23.1,22.1,20.3,17.9,16.8,20.6,20.5,21.1,9.4,2.0,0.2,-2.1,-3.7,-2.7,0.1,31.9,43.7,61.3,13.4,0.0,338.2,25.7,14.4,79.0,,,OBAnorm,,LD831_02097v2.403,,,,0,0
DENATRLA,2025-06-23 08:08:36.000,50.0,47.7,44.0,35.6,32.3,26.5,23.6,19.2,17.4,15.1,20.4,19.7,20.0,22.7,23.1,23.6,23.4,23.4,22.6,22.3,20.0,17.2,14.1,10.5,8.4,8.0,5.9,1.4,-0.2,-2.6,-3.8,-2.8,0.0,29.9,43.0,63.7,13.4,0.2,334.9,25.7,14.4,79.5,,,OBAnorm,,LD831_02097v2.403,,,,0,0
DENATRLA,2025-06-23 08:08:37.000,51.6,46.5,38.4,35.8,31.2,29.5,26.0,21.8,14.6,12.9,19.5,20.3,20.0,22.2,22.4,22.8,23.1,22.5,22.6,21.1,19.3,16.8,13.1,10.8,11.7,9.1,7.3,2.5,0.3,-2.5,-3.8,-2.9,0.0,30.0,35.8,55.0,13.4,0.6,330.5,25.7,14.4,79.0,,,OBAnorm,,LD831_02097v2.403,,,,0,0
DENATRLA,2025-06-23 08:08:38.000,44.5,45.4,35.4,31.0,29.5,22.2,19.3,16.9,15.0,14.3,18.6,19.2,20.8,22.9,22.3,23.4,23.7,23.2,22.2,21.1,20.8,19.2,20.5,20.3,17.9,19.4,9.7,4.2,1.9,-1.7,-3.6,-2.6,-0.1,31.1,40.8,60.2,13.4,0.7,330.5,25.7,14.4,79.5,,,OBAnorm,,LD831_02097v2.403,,,,0,0
DENATRLA,2025-06-23 08:08:39.000,45.2,37.9,28.4,29.9,24.8,25.2,24.1,22.1,17.7,17.1,20.6,18.9,21.1,22.0,21.9,22.6,23.0,23.2,23.2,21.0,18.9,16.5,13.7,10.3,8.4,8.9,8.2,4.5,2.2,-1.3,-2.8,-0.7,0.2,29.5,43.4,59.9,13.4,0.7,317.2,25.7,14.4,79.5,,,OBAnorm,,LD831_02097v2.403,,,,0,0
DENATRLA,2025-06-23 08:08:40.000,35.2,36.5,40.6,36.3,34.9,30.3,27.9,22.1,18.5,19.0,21.8,18.5,20.0,21.7,22.0,23.2,23.4,23.5,22.6,21.5,19.9,18.0,16.5,16.0,17.5,17.1,8.3,3.0,1.1,-1.6,-3.3,-2.3,0.0,30.6,42.1,62.2,13.4,0.6,330.6,25.7,14.4,79.5,,,OBAnorm,,LD831_02097v2.403,,,,0,0
DENATRLA,2025-06-23 08:08:41.000,42.2,43.9,39.2,35.9,33.1,29.6,26.4,22.1,19.7,17.7,20.0,18.9,20.9,22.0,23.0,22.9,23.2,23.1,22.6,21.4,19.8,16.8,13.5,11.0,9.3,8.3,6.8,2.8,0.7,-1.7,-3.0,-2.4,0.0,29.6,38.7,55.7,13.4,0.5,317.3,25.7,14.4,79.0,,,OBAnorm,,LD831_02097v2.403,,,,0,0
DENATRLA,2025-06-23 08:08:42.000,42.9,42.4,37.3,32.7,29.3,25.5,23.1,18.6,16.6,14.6,18.4,17.8,20.5,21.5,22.5,22.9,23.0,22.8,22.9,21.8,19.7,19.9,21.5,18.9,17.9,21.5,8.4,3.2,1.7,-0.9,-2.9,-2.1,0.0,31.6,42.9,58.8,13.4,0.5,330.9,25.7,14.4,79.0,,,OBAnorm,,LD831_02097v2.403,,,,0,0
DENATRLA,2025-06-23 08:08:43.000,41.3,38.1,36.8,37.6,33.9,32.0,23.3,24.4,18.5,17.8,21.1,19.8,19.7,22.1,22.6,22.9,23.2,23.5,23.3,21.6,20.3,17.9,14.7,15.5,16.3,11.9,7.8,1.8,-0.7,-2.9,-3.8,-2.9,0.0,30.3,42.8,55.1,13.4,0.5,332.9,25.7,14.4,79.0,,,OBAnorm,,LD831_02097v2.403,,,,0,0
DENATRLA,2025-06-23 08:08:44.000,42.3,42.5,40.5,40.7,33.3,31.2,25.8,28.9,25.7,21.0,17.5,18.3,19.5,22.1,21.8,22.7,23.7,23.5,23.8,22.7,20.7,18.1,14.6,11.6,9.1,8.4,6.3,1.9,-0.9,-2.9,-3.9,-2.8,-0.1,30.3,43.3,59.1,13.4,0.5,336.8,25.7,14.4,79.5,,,OBAnorm,,LD831_02097v2.403,,,,0,0
DENATRLA,2025-06-23 08:08:45.000,46.1,39.1,40.8,37.4,34.8,28.2,28.7,28.4,26.4,19.6,19.7,18.3,20.9,22.6,22.0,23.9,23.6,24.2,23.7,22.7,20.9,19.2,20.5,18.4,20.5,19.3,8.1,2.4,-0.1,-2.8,-3.8,-2.7,0.0,32.0,47.4,64.8,13.4,0.7,338.9,25.7,14.4,79.5,,,OBAnorm,,LD831_02097v2.403,,,,0,0
DENATRLA,2025-06-23 08:08:46.000,47.7,42.7,38.0,36.7,35.7,35.6,32.0,28.6,28.8,21.2,21.5,19.6,21.5,21.7,22.2,23.3,23.5,24.8,24.1,22.5,20.5,17.2,14.4,10.6,8.0,8.0,6.5,1.9,-0.5,-2.4,-3.6,-2.6,0.1,30.4,48.9,64.8,13.4,0.8,338.9,25.6,14.4,79.5,,,OBAnorm,,LD831_02097v2.403,,,,0,0
DENATRLA,2025-06-23 08:08:47.000,45.5,44.2,47.3,44.0,41.8,34.9,32.9,32.1,30.5,23.3,23.3,19.7,20.5,22.0,24.1,23.7,24.4,25.0,24.5,23.0,20.5,18.1,18.2,12.2,9.2,7.6,5.4,0.8,-1.3,-2.8,-3.9,-2.8,-0.1,31.3,48.5,63.5,13.4,0.9,345.9,25.7,14.3,78.9,,,OBAnorm,,LD831_02097v2.403,,,,0,0
DENATRLA,2025-06-23 08:08:48.000,51.2,48.1,45.9,42.6,38.4,36.7,29.0,27.0,23.4,20.9,20.3,20.4,21.4,22.2,23.4,23.2,24.6,24.7,23.6,23.0,21.9,18.9,17.6,17.7,11.7,19.0,6.5,1.1,-1.0,-2.8,-3.8,-2.6,0.1,31.4,47.3,61.3,13.4,1.0,35.9,25.7,14.2,79.5,,,OBAnorm,,LD831_02097v2.403,,,,0,0
DENATRLA,2025-06-23 08:08:49.000,55.1,51.0,43.9,40.7,38.8,32.3,30.6,29.3,28.4,21.7,20.1,19.7,20.7,23.1,23.8,24.7,25.0,25.2,24.4,23.1,21.8,18.9,16.5,20.4,17.7,13.0,8.9,2.6,-0.4,-2.7,-3.9,-2.7,0.0,32.0,45.7,61.9,13.4,1.1,0.4,25.7,14.2,79.5,,,OBAnorm,,LD831_02097v2.403,,,,0,0
DENATRLA,2025-06-23 08:08:50.000,53.0,47.2,46.6,38.1,34.7,32.5,27.3,26.7,20.2,15.1,20.3,20.8,21.7,22.3,24.2,24.7,25.6,24.6,24.4,23.3,21.1,18.2,15.2,17.1,12.5,13.0,6.8,2.1,-0.7,-2.9,-4.1,-2.9,0.0,31.5,38.9,57.3,13.4,1.1,0.4,25.7,14.2,78.9,,,OBAnorm,,LD831_02097v2.403,,,,0,0
DENATRLA,2025-06-23 08:08:51.000,51.6,48.4,38.8,29.4,29.5,24.6,24.5,20.3,16.2,16.6,17.6,21.6,21.6,22.1,23.6,25.4,25.4,26.0,25.8,24.1,22.0,18.8,15.9,16.3,13.1,16.9,6.6,1.5,-0.5,-3.0,-4.0,-2.8,0.2,32.3,38.2,54.4,13.4,1.1,3.8,25.7,14.2,78.9,,,OBAnorm,,LD831_02097v2.403,,,,0,0
DENATRLA,2025-06-23 08:08:52.000,49.7,37.4,31.3,31.1,28.1,21.1,20.6,17.9,16.7,18.6,20.3,21.7,22.4,23.6,24.3,24.5,24.9,25.4,25.2,24.1,21.5,18.9,15.9,12.0,9.7,8.1,5.2,1.0,-0.4,-2.3,-3.4,-2.3,0.2,31.6,46.3,65.1,13.4,1.0,4.2,25.7,14.2,78.9,,,OBAnorm,,LD831_02097v2.403,,,,0,0
DENATRLA,2025-06-23 08:08:53.000,36.5,39.8,38.6,36.1,30.6,31.0,30.8,27.0,23.4,20.2,20.1,20.4,21.0,22.4,24.2,25.1,24.9,25.6,24.8,23.7,23.2,19.0,15.3,21.2,15.0,18.5,6.0,0.8,-1.1,-2.4,-3.6,-2.7,0.0,32.5,44.4,64.6,13.4,0.9,4.2,25.7,14.2,78.9,,,OBAnorm,,LD831_02097v2.403,,,,0,0
DENATRLA,2025-06-23 08:08:54.000,47.0,44.5,41.2,36.0,35.9,29.5,27.6,25.6,20.6,20.6,19.7,20.0,21.8,22.3,23.1,24.8,24.7,25.3,25.3,23.1,21.2,18.0,15.2,11.0,8.3,7.3,4.4,0.0,-1.2,-2.3,-3.6,-2.7,0.0,31.2,43.2,61.7,13.4,0.8,4.2,25.7,14.2,78.9,,,OBAnorm,,LD831_02097v2.403,,,,0,0
DENATRLA,2025-06-23 08:08:55.000,47.6,43.7,38.1,34.6,31.1,30.1,23.0,24.7,20.9,20.4,21.3,20.7,21.6,22.2,24.3,24.0,24.3,24.5,24.3,23.0,20.8,18.3,14.9,11.9,8.8,8.4,5.0,-1.4,-1.7,-2.3,-3.5,-2.5,0.0,30.9,42.9,62.6,13.4,0.7,4.7,25.7,14.2,79.5,,,OBAnorm,,LD831_02097v2.403,,,,0,0
DENATRLA,2025-06-23 08:08:56.000,45.8,40.4,40.8,36.2,31.2,30.3,23.4,20.5,18.5,17.0,17.1,19.0,19.4,22.4,23.3,24.0,24.5,24.7,24.6,22.9,21.9,18.9,18.0,20.8,17.4,20.7,9.8,-0.7,-2.0,-2.6,-3.8,-2.6,0.0,32.3,48.3,66.5,13.4,0.6,5.6,25.7,14.2,79.5,,,OBAnorm,,LD831_02097v2.403,,,,0,0
DENATRLA,2025-06-23 08:08:57.000,44.0,41.4,39.8,34.8,36.0,31.8,29.2,26.9,20.5,21.9,19.4,19.1,21.8,22.8,24.0,24.4,24.8,24.9,24.4,23.6,21.5,18.7,15.5,11.8,7.9,8.4,5.6,-1.8,-2.6,-3.2,-3.9,-2.8,-0.1,31.2,48.1,68.4,13.4,0.6,6.3,25.7,14.2,79.5,,,OBAnorm,,LD831_02097v2.403,,,,0,0
DENATRLA,2025-06-23 08:08:58.000,50.2,46.1,43.3,40.2,38.5,35.3,27.8,23.4,20.8,18.5,18.3,19.8,21.3,22.7,23.7,24.2,24.9,25.1,25.4,24.3,22.1,18.9,16.2,12.1,8.0,5.6,1.6,-2.5,-2.7,-3.3,-4.2,-2.8,0.0,31.8,41.9,60.0,13.4,0.5,9.1,25.7,14.2,79.5,,,OBAnorm,,LD831_02097v2.403,,,,0,0
DENATRLA,2025-06-23 08:08:59.000,53.3,43.3,41.6,35.1,33.4,28.4,25.5,19.4,15.3,17.7,17.6,20.0,20.5,21.7,23.8,25.2,24.4,26.6,26.0,24.9,23.0,19.7,16.3,12.8,10.0,6.2,2.1,-1.9,-3.1,-3.6,-4.2,-3.0,0.1,32.4,42.7,60.2,13.4,0.4,19.4,25.7,14.2,78.9,,,OBAnorm,,LD831_02097v2.403,,,,0,0
DENATRLA,2025-06-23 08:09:00.000,47.4,45.3,35.5,31.8,29.7,23.5,21.0,19.1,17.4,16.9,18.8,20.1,21.3,23.0,24.4,24.5,26.1,26.1,26.0,25.1,23.4,20.6,17.4,18.1,14.9,16.6,4.3,-1.6,-2.3,-3.0,-3.9,-2.7,0.0,32.9,42.5,55.3,13.4,0.4,24.4,25.7,14.2,79.5,,,OBAnorm,,LD831_02097v2.403,,,,0,0
DENATRLA,2025-06-23 08:09:01.000,38.9,39.5,39.1,36.0,30.7,24.6,21.2,17.6,13.4,16.2,18.3,20.5,21.6,22.5,22.6,25.3,25.7,26.2,26.2,25.0,23.2,21.2,17.5,13.3,10.1,7.0,1.9,-1.9,-2.8,-3.3,-4.3,-3.1,0.0,32.6,36.9,50.0,13.4,0.4,36.0,25.7,14.2,80.1,,,OBAnorm,,LD831_02097v2.403,,,,0,0
DENATRLA,2025-06-23 08:09:02.000,47.0,47.7,32.9,26.4,24.1,20.2,18.7,16.4,13.9,17.1,19.2,19.6,21.6,24.1,24.0,25.1,26.1,27.1,26.0,25.0,22.9,20.7,16.6,12.7,9.4,6.2,1.2,-1.9,-2.5,-3.3,-4.2,-3.1,0.1,32.6,37.5,54.4,13.4,0.3,46.6,25.7,14.2,79.5,,,OBAnorm,,LD831_02097v2.403,,,,0,0
DENATRLA,2025-06-23 08:09:03.000,41.3,34.7,31.3,30.2,26.2,21.1,19.2,16.3,15.3,13.6,15.8,19.9,20.3,22.9,24.3,25.1,25.4,26.2,26.2,25.6,23.8,20.3,18.8,22.1,9.3,6.5,1.5,-2.0,-3.0,-3.7,-4.3,-3.1,-0.1,33.3,36.6,49.1,13.4,0.3,44.7,25.7,14.2,77.8,,,OBAnorm,,LD831_02097v2.403,,,,0,0
DENATRLA,2025-06-23 08:09:04.000,35.5,35.8,27.8,24.6,23.3,20.7,19.1,16.0,16.1,13.3,14.9,19.5,20.9,22.3,23.9,25.5,25.7,26.4,26.2,25.1,23.4,20.9,18.3,18.9,18.7,16.2,9.1,-1.6,-2.7,-3.5,-4.2,-3.0,-0.1,33.2,36.3,49.7,13.4,0.3,45.4,25.7,14.2,76.1,,,OBAnorm,,LD831_02097v2.403,,,,0,0
DENATRLA,2025-06-23 08:09:05.000,35.5,28.7,29.8,25.3,25.3,20.5,18.7,13.6,14.0,15.4,15.6,19.6,21.5,23.5,24.5,25.2,25.3,26.6,26.4,25.6,24.1,20.8,18.3,16.5,12.5,14.9,3.8,-0.9,-2.1,-3.5,-4.3,-3.1,-0.2,33.2,36.4,44.7,13.4,0.3,46.8,25.7,14.2,76.1,,,OBAnorm,,LD831_02097v2.403,,,,0,0
DENATRLA,2025-06-23 08:09:06.000,35.4,29.4,27.7,23.5,26.4,20.9,16.9,17.3,13.4,15.2,15.2,18.4,22.2,23.3,24.7,25.7,26.9,27.0,26.0,25.1,24.1,21.2,17.9,14.5,10.9,8.1,2.7,-1.2,-2.1,-3.3,-4.0,-3.0,-0.2,33.2,36.3,41.6,13.4,0.3,46.8,25.7,14.2,76.1,,,OBAnorm,,LD831_02097v2.403,,,,0,0
DENATRLA,2025-06-23 08:09:07.000,23.2,29.5,25.7,27.8,22.3,20.1,19.7,17.9,15.3,15.0,17.4,19.8,22.1,23.2,24.9,26.1,26.9,26.2,26.4,25.4,24.4,21.6,19.0,15.1,11.5,9.0,3.5,-0.5,-1.8,-3.3,-4.0,-2.9,-0.2,33.4,36.2,41.1,13.4,0.3,46.8,25.7,14.2,76.1,,,OBAnorm,,LD831_02097v2.403,,,,0,0
DENATRLA,2025-06-23 08:09:08.000,28.2,25.6,28.6,22.7,23.7,20.5,17.1,14.5,15.5,14.6,16.5,20.6,22.3,22.8,23.6,25.5,26.3,26.8,27.1,26.2,24.2,21.6,18.6,15.3,12.8,9.6,4.1,0.3,-1.7,-3.1,-4.3,-2.9,-0.2,33.4,36.1,40.6,13.4,0.3,46.8,25.7,14.2,76.1,,,OBAnorm,,LD831_02097v2.403,,,,0,0
DENATRLA,2025-06-23 08:09:09.000,30.2,27.9,29.0,21.1,21.9,20.6,19.5,12.7,13.6,14.7,16.3,19.0,22.5,24.0,24.6,25.7,25.7,26.4,25.9,25.6,24.6,22.1,18.5,15.9,13.5,17.1,6.0,-0.9,-2.0,-3.1,-4.2,-3.1,-0.2,33.3,36.1,40.2,13.4,0.3,46.8,25.7,14.2,76.1,,,OBAnorm,,LD831_02097v2.403,,,,0,0
DENATRLA,2025-06-23 08:09:10.000,27.0,26.4,21.2,23.0,22.8,21.3,17.3,15.1,15.4,15.7,17.6,19.5,22.3,23.2,24.0,25.5,26.9,26.4,26.9,26.0,24.2,21.2,18.4,18.2,17.6,13.4,3.2,-1.4,-2.6,-3.4,-4.4,-3.1,-0.2,33.6,36.8,41.0,13.4,0.3,46.8,25.7,14.2,76.1,,,OBAnorm,,LD831_02097v2.403,,,,0,0
DENATRLA,2025-06-23 08:09:11.000,30.0,27.7,28.6,28.8,23.8,20.7,20.2,15.3,12.8,13.7,16.4,20.5,23.7,24.2,24.9,25.0,26.9,27.2,27.0,25.9,24.1,20.7,17.8,14.7,11.9,12.2,16.8,11.2,-1.5,-3.2,-4.2,-3.1,-0.2,33.5,36.6,40.8,13.4,0.3,46.8,25.7,14.2,76.1,,,OBAnorm,,LD831_02097v2.403,,,,0,0
DENATRLA,2025-06-23 08:09:12.000,27.5,28.8,26.9,24.4,21.2,24.4,21.8,18.3,15.0,15.7,18.8,20.5,21.8,24.4,25.2,25.4,26.7,26.7,25.8,26.3,23.7,21.3,17.6,14.0,10.8,21.9,23.2,18.5,-0.6,-2.5,-4.0,-3.0,-0.2,34.2,36.7,41.9,13.4,0.1,46.8,25.7,14.2,76.1,,,OBAnorm,,LD831_02097v2.403,,,,0,0
DENATRLA,2025-06-23 08:09:13.000,29.5,32.1,25.6,23.3,25.6,23.4,19.7,17.6,13.8,15.8,18.0,20.1,23.1,25.3,25.7,26.7,26.2,27.1,27.1,26.3,25.1,21.8,19.3,15.6,11.7,9.6,5.5,0.4,-0.6,-2.2,-3.7,-2.8,0.0,33.9,37.0,41.0,13.4,0.0,46.8,25.7,14.2,76.1,,,OBAnorm,,LD831_02097v2.403,,,,0,0
DENATRLA,2025-06-23 08:09:14.000,28.7,26.9,24.4,25.3,26.6,22.5,20.2,17.9,16.4,16.3,18.9,19.8,21.9,23.6,25.0,25.8,26.5,27.3,26.7,26.5,24.3,21.8,18.9,14.6,11.4,7.9,3.6,0.0,-1.0,-2.3,-4.0,-3.0,-0.1,33.7,36.8,41.4,13.4,0.0,46.8,25.7,14.2,76.1,,,OBAnorm,,LD831_02097v2.403,,,,0,0
DENATRLA,2025-06-23 08:09:15.000,29.3,31.5,27.9,25.2,25.0,23.6,20.8,16.9,15.9,14.7,16.3,19.6,23.2,24.6,24.2,25.5,26.6,26.6,26.4,26.6,24.1,21.6,18.9,15.5,11.7,8.0,3.3,-0.2,-0.8,-2.0,-3.7,-2.8,-0.2,33.3,36.3,43.6,13.4,0.0,46.8,25.7,14.2,76.1,,,OBAnorm,,LD831_02097v2.403,,,,0,0
DENATRLA,2025-06-23 08:09:16.000,30.2,26.0,25.3,27.1,22.8,21.0,20.1,20.0,16.4,14.9,19.2,18.8,22.8,25.2,24.6,25.4,26.3,26.6,27.1,26.2,24.8,22.6,19.1,15.1,11.4,8.4,3.3,-0.7,-1.5,-2.8,-4.0,-2.8,0.0,33.7,37.0,48.9,13.4,0.0,46.8,25.7,14.2,76.1,,,OBAnorm,,LD831_02097v2.403,,,,0,0
DENATRLA,2025-06-23 08:09:17.000,26.5,30.0,29.4,26.1,24.8,21.6,20.6,17.6,15.1,16.1,19.2,19.3,22.3,23.7,24.7,25.6,26.3,26.8,26.9,25.8,23.8,21.4,18.3,14.7,10.9,7.7,3.5,-0.6,-1.5,-2.1,-3.5,-1.9,0.1,33.2,39.1,57.1,13.4,0.0,46.8,25.7,14.2,76.1,,,OBAnorm,,LD831_02097v2.403,,,,0,0
DENATRLA,2025-06-23 08:09:18.000,29.6,30.7,31.8,26.4,26.3,23.3,18.9,16.4,14.4,15.5,17.0,20.0,21.5,24.4,25.4,26.0,26.3,26.9,26.6,25.8,24.0,21.7,18.0,14.6,10.9,7.7,2.7,-1.3,-2.3,-3.2,-4.2,-3.1,0.0,33.5,37.3,53.9,13.4,0.0,46.8,25.7,14.2,76.1,,,OBAnorm,,LD831_02097v2.403,,,,0,0
DENATRLA,2025-06-23 08:09:19.000,34.8,28.4,27.3,25.4,24.5,23.6,19.0,14.6,15.9,15.9,17.0,19.2,22.4,22.4,24.4,26.3,25.8,26.8,27.4,26.8,24.1,22.0,18.4,14.6,10.6,7.7,3.2,-0.4,-2.0,-3.2,-4.2,-3.0,0.0,33.6,37.3,54.5,13.4,0.0,47.0,25.7,14.2,76.6,,,OBAnorm,,LD831_02097v2.403,,,,0,0
DENATRLA,2025-06-23 08:09:20.000,34.0,26.5,28.6,27.5,24.8,21.8,19.3,12.5,13.3,19.3,17.0,19.2,22.3,22.8,25.9,24.5,26.5,27.4,26.5,26.2,24.2,21.8,18.9,15.0,11.0,8.2,3.8,0.2,-1.2,-2.8,-3.9,-2.8,0.0,33.5,36.9,50.4,13.4,0.0,49.0,25.7,14.2,78.3,,,OBAnorm,,LD831_02097v2.403,,,,0,0
DENATRLA,2025-06-23 08:09:21.000,33.2,31.0,28.0,24.8,24.7,23.9,18.1,15.7,15.6,17.0,16.5,19.1,23.2,23.9,24.8,25.7,26.2,26.9,26.9,25.9,24.4,22.4,20.2,19.1,19.3,10.1,3.8,-0.5,-1.8,-3.3,-4.2,-3.1,0.0,34.0,36.9,45.2,13.4,0.0,49.0,25.7,14.2,80.1,,,OBAnorm,,LD831_02097v2.403,,,,0,0
DENATRLA,2025-06-23 08:09:22.000,31.4,23.4,27.2,25.8,20.8,21.4,19.0,15.2,13.8,17.7,17.7,20.1,23.4,23.8,25.4,26.0,27.1,27.5,26.8,26.6,24.7,22.2,19.4,15.5,12.3,11.0,6.2,-0.2,-1.6,-3.5,-4.4,-3.1,0.0,33.9,37.3,48.2,13.4,0.0,49.0,25.7,14.2,80.1,,,OBAnorm,,LD831_02097v2.403,,,,0,0
DENATRLA,2025-06-23 08:09:23.000,29.7,31.4,28.5,25.9,25.7,22.5,20.5,18.3,13.5,18.7,18.5,19.8,22.9,24.0,24.2,26.4,27.0,27.2,26.9,27.0,24.5,22.4,19.5,15.7,11.8,8.7,3.6,-1.1,-2.7,-3.6,-4.4,-3.2,0.0,34.0,37.5,52.6,13.4,0.0,49.0,25.7,14.2,80.1,,,OBAnorm,,LD831_02097v2.403,,,,0,0
DENATRLA,2025-06-23 08:09:24.000,28.8,30.9,28.1,25.6,23.6,20.2,18.2,16.1,14.2,16.7,16.5,18.8,22.7,23.5,25.6,26.9,27.3,27.5,27.5,26.4,25.4,22.3,19.0,15.8,12.7,8.6,3.1,-0.7,-1.9,-3.3,-4.1,-3.0,0.1,34.1,38.6,54.0,13.4,0.0,49.0,25.7,14.2,80.1,,,OBAnorm,,LD831_02097v2.403,,,,0,0
DENATRLA,2025-06-23 08:09:25.000,28.4,34.7,27.6,28.4,24.2,21.5,21.6,16.7,11.8,19.0,18.6,19.3,21.9,24.5,26.6,25.9,27.7,26.7,27.1,26.9,25.2,23.1,19.6,16.3,12.0,8.8,3.6,-1.1,-2.5,-3.6,-4.3,-3.0,0.1,34.3,37.5,50.1,13.4,0.0,49.0,25.7,14.2,80.1,,,OBAnorm,,LD831_02097v2.403,,,,0,0
DENATRLA,2025-06-23 08:09:26.000,37.2,34.9,30.4,26.9,24.7,21.4,20.2,13.8,14.6,14.9,19.2,19.6,23.5,25.2,26.1,26.7,27.4,28.3,28.1,27.8,26.4,23.7,20.8,17.0,13.4,10.6,5.1,0.9,-1.2,-2.8,-4.0,-2.9,0.0,35.0,38.1,49.1,13.4,0.0,49.0,25.7,14.2,80.1,,,OBAnorm,,LD831_02097v2.403,,,,0,0
DENATRLA,2025-06-23 08:09:27.000,39.5,31.7,25.5,26.1,24.1,24.2,21.0,17.5,13.3,17.6,18.6,20.7,23.1,24.1,26.0,26.9,27.9,28.3,28.6,28.1,27.0,24.0,20.8,17.4,13.7,11.0,5.7,1.4,-0.2,-3.1,-4.1,-2.9,0.1,35.5,38.4,50.4,13.4,0.0,49.0,25.7,14.2,80.1,,,OBAnorm,,LD831_02097v2.403,,,,0,0
DENATRLA,2025-06-23 08:09:28.000,32.0,32.3,26.7,28.3,26.6,22.3,19.9,20.1,13.6,18.4,19.1,22.3,23.8,25.1,26.3,27.3,28.0,29.1,29.2,28.7,26.4,24.9,24.1,21.7,18.0,14.8,7.4,2.2,-0.6,-3.1,-4.3,-3.1,0.0,36.1,38.6,49.8,13.4,0.0,49.0,25.7,14.2,80.1,,,OBAnorm,,LD831_02097v2.403,,,,0,0
DENATRLA,2025-06-23 08:09:29.000,33.0,31.1,25.0,24.8,25.4,23.7,19.3,18.1,14.9,14.8,18.6,22.7,23.7,25.3,27.1,27.6,27.5,28.4,28.8,28.3,27.1,24.8,21.7,19.1,17.1,29.4,28.5,25.0,2.9,-2.2,-4.1,-3.0,0.1,37.8,39.3,45.3,13.4,0.0,49.0,25.7,14.2,80.1,,,OBAnorm,,LD831_02097v2.403,,,,0,0
DENATRLA,2025-06-23 08:09:30.000,30.7,25.2,26.8,28.7,26.0,22.5,16.8,15.9,15.2,16.4,17.9,21.3,24.4,25.4,27.0,28.1,28.7,29.1,28.6,28.6,27.1,25.3,22.4,18.7,16.7,29.0,28.6,21.8,4.5,-2.6,-4.0,-3.1,0.0,37.7,39.6,49.3,13.4,0.0,49.0,25.7,14.2,80.1,,,OBAnorm,,LD831_02097v2.403,,,,0,0
DENATRLA,2025-06-23 08:09:31.000,31.4,32.9,29.2,30.6,27.8,25.3,21.2,16.8,14.7,17.9,18.4,20.9,23.9,25.9,26.9,26.9,29.1,28.8,29.0,29.2,27.8,25.8,23.1,19.1,16.5,14.0,9.2,3.7,0.3,-2.9,-4.3,-3.0,0.0,36.5,39.1,49.8,13.4,0.0,49.0,25.7,14.2,80.1,,,OBAnorm,,LD831_02097v2.403,,,,0,0
DENATRLA,2025-06-23 08:09:32.000,28.3,30.4,29.5,28.4,26.1,22.6,20.5,20.3,15.6,16.2,19.8,22.2,24.2,25.8,27.3,28.1,28.0,28.9,29.3,28.5,27.4,25.7,23.4,20.7,18.1,18.2,15.0,9.6,10.8,-1.2,-4.2,-3.2,-0.2,36.4,38.9,42.7,13.4,0.0,49.1,25.7,14.2,80.1,,,OBAnorm,,LD831_02097v2.403,,,,0,0
DENATRLA,2025-06-23 08:09:33.000,33.0,31.7,29.9,26.8,27.0,23.1,19.7,19.1,14.0,16.5,19.2,22.1,23.8,26.2,27.4,28.6,28.5,28.9,29.2,29.2,27.1,25.7,23.5,20.2,17.1,16.1,11.9,6.4,2.8,-2.3,-4.2,-3.2,-0.1,36.5,39.1,45.6,13.4,0.0,49.0,25.7,14.2,80.1,,,OBAnorm,,LD831_02097v2.403,,,,0,0
DENATRLA,2025-06-23 08:09:34.000,31.5,27.3,30.7,29.7,27.6,25.0,21.2,18.1,16.2,17.1,21.2,21.7,23.6,27.0,27.1,28.7,28.5,29.0,29.2,29.0,27.9,25.8,23.3,20.2,17.1,15.3,11.5,6.6,2.9,-1.9,-3.8,-3.0,-0.2,36.6,39.1,45.3,13.4,0.0,49.0,25.7,14.2,80.1,,,OBAnorm,,LD831_02097v2.403,,,,0,0
DENATRLA,2025-06-23 08:09:35.000,30.9,26.4,30.5,27.4,26.3,22.4,21.4,19.6,13.1,15.5,19.3,23.2,24.4,26.8,28.0,28.0,28.5,29.2,29.4,29.1,28.4,27.2,23.7,20.8,18.1,16.5,15.4,11.1,20.8,1.5,-3.4,-2.6,-0.1,37.0,39.7,46.6,13.4,0.0,49.0,25.7,14.2,80.1,,,OBAnorm,,LD831_02097v2.403,,,,0,0
DENATRLA,2025-06-23 08:09:36.000,31.3,28.1,30.0,30.6,25.2,23.8,22.1,21.2,17.1,15.1,20.3,22.2,24.3,27.5,28.5,28.7,28.4,29.2,29.9,29.2,28.0,26.2,23.7,21.6,19.0,16.2,12.5,6.7,3.3,-1.9,-4.0,-3.0,-0.1,37.0,40.1,48.9,13.4,0.0,49.0,25.7,14.2,80.1,,,OBAnorm,,LD831_02097v2.403,,,,0,0
DENATRLA,2025-06-23 08:09:37.000,34.4,31.2,27.3,29.7,25.3,25.8,20.0,19.8,16.6,16.9,20.8,22.0,24.8,26.5,27.6,28.0,28.2,29.2,30.2,29.7,28.0,26.5,24.2,20.5,17.4,15.7,11.2,5.8,2.4,-1.7,-3.9,-3.1,-0.1,37.0,40.2,55.5,13.4,0.0,49.0,25.7,14.2,80.1,,,OBAnorm,,LD831_02097v2.403,,,,0,0
DENATRLA,2025-06-23 08:09:38.000,35.1,29.5,30.8,32.0,27.8,21.7,24.3,19.5,19.3,16.4,21.6,22.5,25.3,27.1,28.0,27.9,29.0,29.0,29.7,29.7,27.1,25.9,23.6,20.2,17.1,15.0,18.7,9.4,1.8,-2.1,-4.1,-3.1,-0.3,36.9,40.4,56.6,13.4,0.0,49.0,25.7,14.2,80.1,,,OBAnorm,,LD831_02097v2.403,,,,0,0
DENATRLA,2025-06-23 08:09:39.000,40.4,33.6,31.7,29.0,26.8,24.2,23.6,20.2,16.5,16.5,20.9,22.3,24.6,26.1,27.1,28.3,29.2,29.4,29.6,30.0,28.0,26.0,22.8,19.8,17.3,32.1,36.7,34.7,5.1,-0.5,-2.1,-2.2,0.1,41.9,42.4,52.8,13.4,0.0,49.5,25.7,14.2,80.1,,,OBAnorm,,LD831_02097v2.403,,,,0,0
DENATRLA,2025-06-23 08:09:40.000,34.6,31.5,31.5,30.0,28.4,22.4,20.9,19.4,17.8,16.4,20.6,22.5,25.0,27.0,27.9,28.7,29.4,30.0,30.9,29.9,28.1,26.5,23.7,20.6,17.4,25.3,29.9,13.3,2.5,-1.1,-3.2,-2.6,0.0,38.3,41.9,57.0,13.4,0.0,54.1,25.7,14.2,80.1,,,OBAnorm,,LD831_02097v2.403,,,,0,0
DENATRLA,2025-06-23 08:09:41.000,38.2,33.9,33.2,32.3,29.0,25.8,23.1,21.0,18.2,16.2,21.6,22.9,25.1,27.8,28.7,29.8,29.4,29.6,29.4,29.6,29.1,26.7,24.1,20.3,17.2,14.4,10.1,4.6,1.5,-2.2,-3.8,-2.9,-0.1,37.2,40.2,53.4,13.4,0.0,56.8,25.7,14.2,80.1,,,OBAnorm,,LD831_02097v2.403,,,,0,0
DENATRLA,2025-06-23 08:09:42.000,43.8,34.8,34.1,28.4,26.4,25.9,21.4,18.7,17.2,16.8,23.5,22.9,25.4,28.3,29.2,28.7,29.0,29.4,30.2,29.6,28.5,26.2,24.0,21.8,19.1,14.5,9.7,4.6,1.4,-2.1,-3.8,-2.8,-0.1,37.3,40.1,47.9,13.4,0.0,58.3,25.7,14.2,79.5,,,OBAnorm,,LD831_02097v2.403,,,,0,0
DENATRLA,2025-06-23 08:09:43.000,41.0,35.0,31.7,27.8,28.8,25.8,22.3,20.8,17.1,17.3,21.1,22.8,25.8,27.0,28.4,29.1,29.4,29.7,30.4,29.4,28.4,26.0,24.1,22.1,18.4,16.4,10.9,5.1,2.0,-0.6,-1.9,-2.9,0.0,37.3,40.1,49.1,13.4,0.0,58.3,25.7,14.2,79.5,,,OBAnorm,,LD831_02097v2.403,,,,0,0
DENATRLA,2025-06-23 08:09:44.000,34.7,33.5,32.5,25.1,27.1,24.5,20.4,18.8,17.0,17.6,22.2,23.2,25.9,27.4,28.0,29.5,28.8,29.7,30.3,29.5,28.6,26.8,23.9,20.2,16.8,13.7,8.8,4.3,1.6,-0.7,-3.7,-2.9,-0.2,37.3,40.2,54.2,13.4,0.0,58.3,25.7,14.2,79.5,,,OBAnorm,,LD831_02097v2.403,,,,0,0
DENATRLA,2025-06-23 08:09:45.000,31.2,32.3,27.0,26.8,26.1,23.1,23.4,20.6,17.4,16.1,20.8,23.8,25.5,28.2,28.4,29.7,29.5,30.0,31.1,30.0,29.1,27.1,24.4,21.1,17.5,14.2,9.2,4.3,1.1,-1.8,-3.8,-3.0,-0.1,37.8,40.4,44.3,13.4,0.0,58.3,25.8,14.2,79.5,,,OBAnorm,,LD831_02097v2.403,,,,0,0
DENATRLA,2025-06-23 08:09:46.000,37.2,31.5,32.7,27.8,28.6,25.4,21.5,19.2,15.7,17.0,20.2,23.7,26.2,28.0,28.0,29.2,30.0,30.2,29.9,30.1,28.9,26.9,24.1,20.8,17.4,14.4,9.1,4.4,1.9,-1.4,-3.6,-3.0,-0.1,37.6,40.2,50.2,13.4,0.0,58.3,25.7,14.2,79.5,,,OBAnorm,,LD831_02097v2.403,,,,0,0
DENATRLA,2025-06-23 08:09:47.000,30.5,29.1,29.1,30.6,26.9,24.6,23.6,21.6,17.3,18.7,21.7,24.8,26.5,27.6,28.6,29.3,29.9,30.8,30.6,30.3,29.0,27.7,24.2,21.1,17.4,14.4,9.3,4.7,2.3,-0.9,-3.5,-2.7,0.0,37.8,40.7,52.0,13.4,0.0,58.2,25.8,14.2,79.5,,,OBAnorm,,LD831_02097v2.403,,,,0,0
DENATRLA,2025-06-23 08:09:48.000,34.4,29.7,30.5,29.0,26.6,26.0,24.5,21.0,19.3,20.8,24.1,25.5,26.9,27.4,28.6,30.1,30.4,30.7,30.9,31.0,28.7,26.8,24.2,20.7,17.4,14.6,10.1,6.0,3.5,0.1,-2.8,-2.5,-0.1,38.0,40.8,50.8,13.4,0.0,58.3,25.7,14.2,79.5,,,OBAnorm,,LD831_02097v2.403,,,,0,0
DENATRLA,2025-06-23 08:09:49.000,32.8,31.0,30.0,29.6,27.9,21.2,22.0,20.4,19.3,18.3,24.0,25.2,26.9,27.8,28.9,29.5,31.0,30.5,31.0,30.7,29.8,27.7,26.4,22.5,19.4,16.6,13.2,17.4,18.4,2.4,0.4,1.4,0.2,38.6,41.1,51.4,13.4,0.0,58.3,25.8,14.2,79.5,,,OBAnorm,,LD831_02097v2.403,,,,0,0
DENATRLA,2025-06-23 08:09:50.000,34.0,29.7,28.6,31.0,28.4,25.0,25.3,22.1,19.9,20.1,24.6,26.7,28.1,29.1,30.3,30.0,30.4,30.8,30.8,31.3,29.4,27.8,25.2,22.3,19.4,15.6,11.2,6.4,4.6,2.0,-0.6,-1.2,0.2,38.4,41.4,46.7,13.4,0.0,58.3,25.7,14.2,79.5,,,OBAnorm,,LD831_02097v2.403,,,,0,0
DENATRLA,2025-06-23 08:09:51.000,30.8,34.2,29.4,31.0,30.2,26.8,26.4,23.9,18.8,20.8,25.0,26.4,27.1,28.8,30.4,30.9,30.8,30.7,30.4,30.3,29.1,26.9,24.2,20.7,17.7,15.7,12.0,23.8,28.0,4.1,2.4,3.4,0.5,38.5,41.6,46.6,13.4,0.0,58.3,25.8,14.2,80.1,,,OBAnorm,,LD831_02097v2.403,,,,0,0
DENATRLA,2025-06-23 08:09:52.000,31.9,31.2,32.5,30.9,29.7,26.9,26.7,23.3,20.9,20.8,23.2,25.7,28.3,28.2,28.7,29.3,30.9,31.3,31.1,31.2,29.9,29.5,33.6,27.6,32.2,33.2,28.6,25.9,26.3,7.7,9.0,4.1,0.9,42.3,44.3,57.6,13.4,0.0,58.3,25.8,14.2,80.1,,,OBAnorm,,LD831_02097v2.403,,,,0,0
DENATRLA,2025-06-23 08:09:53.000,32.2,34.8,29.6,31.1,29.6,30.9,30.4,31.0,25.3,25.0,24.5,26.9,27.4,26.8,28.7,28.9,29.5,30.0,29.9,29.5,27.9,25.2,22.0,18.8,18.1,27.7,22.7,13.9,4.1,2.1,-0.8,-1.2,0.5,37.6,55.3,69.0,13.4,0.0,25.2,25.7,14.2,78.9,,,OBAnorm,,LD831_02097v2.403,,,,0,0
DENATRLA,2025-06-23 08:09:54.000,39.2,35.6,38.3,45.1,45.8,44.7,39.5,38.2,35.1,34.0,29.2,27.2,28.4,28.8,28.8,28.1,28.6,29.8,29.1,28.5,27.2,24.1,21.2,17.0,14.1,12.4,9.6,6.4,5.0,4.4,1.7,0.6,1.4,36.4,61.1,77.1,13.4,0.3,68.5,25.8,14.2,78.9,,,OBAnorm,,LD831_02097v2.403,,,,0,0
DENATRLA,2025-06-23 08:09:55.000,46.7,49.6,57.5,53.5,51.4,51.7,46.0,47.1,41.3,40.0,33.6,31.8,30.1,28.5,27.8,27.8,28.8,29.1,29.1,28.2,26.3,24.2,20.9,17.0,14.1,12.0,9.5,6.4,5.5,4.5,3.0,2.5,3.7,36.5,64.9,81.7,13.4,0.5,69.5,25.7,14.2,79.5,,,OBAnorm,,LD831_02097v2.403,,,,0,0
DENATRLA,2025-06-23 08:09:56.000,59.7,59.6,63.8,59.4,57.8,53.1,47.9,43.7,39.9,32.3,30.6,28.7,27.4,26.8,28.0,28.8,28.8,29.2,29.7,28.4,26.7,24.2,21.3,20.2,18.0,13.1,9.8,5.7,4.0,2.2,0.3,0.2,1.9,36.4,60.8,79.5,13.4,0.6,86.0,25.8,14.2,79.5,,,OBAnorm,,LD831_02097v2.403,,,,0,0
DENATRLA,2025-06-23 08:09:57.000,66.1,66.5,61.5,59.3,51.4,44.6,39.4,33.6,30.0,27.4,23.8,24.4,25.7,25.8,27.5,28.3,28.2,29.0,29.3,28.6,26.7,23.9,20.5,17.0,14.4,13.4,11.2,6.6,4.2,2.2,-0.6,-0.2,1.0,35.7,50.8,68.3,13.4,0.8,83.1,25.8,14.2,78.9,,,OBAnorm,,LD831_02097v2.403,,,,0,0
DENATRLA,2025-06-23 08:09:58.000,64.9,63.5,54.4,45.0,41.1,39.5,35.5,31.2,25.8,21.9,22.2,23.2,25.1,26.7,26.7,27.0,27.8,28.3,28.8,27.8,26.6,24.4,22.3,18.7,15.4,14.5,11.5,7.0,4.9,0.8,-2.1,-1.7,0.3,35.6,42.4,61.1,13.4,0.8,94.0,25.8,14.2,78.9,,,OBAnorm,,LD831_02097v2.403,,,,0,0
DENATRLA,2025-06-23 08:09:59.000,60.2,57.8,46.0,40.2,35.3,27.7,25.2,22.5,21.8,19.6,22.0,23.7,26.2,26.7,27.3,28.6,28.7,29.3,28.7,28.6,26.6,24.4,20.6,16.9,13.6,12.7,10.8,6.1,3.6,0.2,-1.9,-1.9,0.3,35.9,48.6,67.8,13.4,0.7,122.1,25.8,14.2,78.9,,,OBAnorm,,LD831_02097v2.403,,,,0,0
DENATRLA,2025-06-23 08:10:00.000,51.2,43.6,41.7,37.3,39.6,37.2,34.8,32.1,29.3,26.7,26.1,24.0,24.0,26.2,26.4,27.3,27.9,28.8,28.6,28.5,26.0,23.8,20.6,16.5,12.8,11.2,8.8,4.3,2.4,-0.1,-2.1,-1.7,0.5,35.5,52.9,72.9,13.4,0.6,100.5,25.8,14.1,78.9,,,OBAnorm,,LD831_02097v2.403,,,,0,0
DENATRLA,2025-06-23 08:10:01.000,47.4,48.2,45.1,44.8,43.2,43.3,39.6,38.4,34.0,30.0,26.1,24.0,24.8,25.3,26.0,27.6,28.6,29.0,29.1,27.7,26.5,24.1,20.3,16.7,13.0,10.6,7.4,3.7,2.2,0.2,-2.0,-1.8,0.4,35.5,53.0,71.0,13.4,0.5,55.2,25.8,14.1,78.9,,,OBAnorm,,LD831_02097v2.403,,,,0,0
DENATRLA,2025-06-23 08:10:02.000,51.5,52.3,50.5,43.3,44.7,37.4,31.7,30.2,26.6,23.1,20.5,23.8,23.7,25.5,25.9,27.3,28.3,28.8,28.8,28.7,26.9,23.4,20.6,16.4,12.9,11.4,8.3,3.8,1.8,-0.8,-3.1,-2.3,0.2,35.7,48.0,66.6,13.4,0.5,27.1,25.8,14.1,78.9,,,OBAnorm,,LD831_02097v2.403,,,,0,0
DENATRLA,2025-06-23 08:10:03.000,58.9,50.5,43.5,40.5,37.6,37.6,35.8,33.8,26.7,22.8,23.5,23.2,23.8,24.8,26.3,27.6,27.9,28.7,29.3,28.6,26.6,24.4,21.4,22.5,18.1,11.7,8.5,3.9,2.2,-0.4,-2.5,-2.0,0.2,36.1,49.3,65.7,13.4,0.5,324.3,25.8,14.2,78.9,,,OBAnorm,,LD831_02097v2.403,,,,0,0
DENATRLA,2025-06-23 08:10:04.000,51.6,50.3,47.5,44.0,39.8,38.4,32.3,29.7,22.3,24.4,23.1,23.4,25.0,25.3,26.1,28.0,27.8,29.8,30.1,29.1,27.1,24.6,25.6,24.4,22.5,18.0,10.1,3.3,1.2,-1.2,-3.0,-2.3,0.3,37.1,49.1,67.6,13.4,0.5,324.4,25.8,14.3,78.9,,,OBAnorm,,LD831_02097v2.403,,,,0,0
DENATRLA,2025-06-23 08:10:05.000,51.5,48.8,44.4,42.1,40.9,41.1,36.2,30.5,22.9,21.5,21.7,23.9,24.0,25.9,26.6,28.2,28.3,29.6,29.2,28.4,26.8,24.3,21.2,17.3,23.5,32.0,23.5,5.4,2.0,-1.6,-3.2,-2.4,0.1,38.3,47.0,64.7,13.4,0.4,323.9,25.8,14.3,78.4,,,OBAnorm,,LD831_02097v2.403,,,,0,0
DENATRLA,2025-06-23 08:10:06.000,50.7,48.3,41.0,36.3,38.1,34.6,31.8,30.0,25.7,22.7,20.0,22.7,23.8,25.9,27.0,27.6,28.2,29.2,29.3,28.8,26.8,23.9,21.1,17.3,27.5,39.4,35.2,25.9,2.2,-0.6,-2.4,-1.8,0.2,42.9,48.0,66.7,13.4,0.4,312.2,25.7,14.2,76.6,,,OBAnorm,,LD831_02097v2.403,,,,0,0
DENATRLA,2025-06-23 08:10:07.000,54.3,43.5,43.8,39.7,39.1,35.5,32.3,27.8,26.6,19.0,21.2,22.8,23.5,25.1,27.0,27.6,28.4,28.9,29.4,28.7,27.0,24.2,21.5,17.5,13.8,11.3,7.4,2.4,0.8,-0.9,-1.9,-1.9,0.6,35.8,44.7,59.2,13.4,0.4,311.8,25.7,14.2,76.6,,,OBAnorm,,LD831_02097v2.403,,,,0,0
DENATRLA,2025-06-23 08:10:08.000,50.9,44.4,44.6,40.0,35.0,27.0,22.9,20.9,17.6,16.5,19.3,22.8,23.9,26.1,26.7,27.4,28.7,29.7,29.7,29.1,27.3,24.9,21.9,18.0,14.0,11.3,6.8,1.4,-0.4,-2.1,-3.5,-2.7,0.1,36.3,44.3,59.3,13.4,0.4,324.9,25.7,14.2,78.3,,,OBAnorm,,LD831_02097v2.403,,,,0,0
DENATRLA,2025-06-23 08:10:09.000,49.4,48.7,40.4,35.9,35.2,31.3,34.1,27.0,26.4,22.6,23.0,22.9,23.6,26.4,27.2,29.0,29.3,29.1,30.0,29.1,28.0,25.4,22.3,18.4,14.7,12.4,8.1,3.1,1.0,-1.5,-3.2,-2.3,0.2,36.6,52.4,67.5,13.4,0.4,325.0,25.8,14.2,78.9,,,OBAnorm,,LD831_02097v2.403,,,,0,0
DENATRLA,2025-06-23 08:10:10.000,46.2,40.8,46.5,44.7,46.0,40.9,37.7,35.4,31.3,25.1,24.5,23.1,25.5,27.8,26.9,28.7,29.3,29.8,29.6,29.8,27.9,25.9,23.0,19.6,16.3,13.3,9.0,3.7,1.5,-1.5,-3.0,-2.2,0.2,37.0,52.8,70.3,13.4,0.4,331.4,25.8,14.2,78.9,,,OBAnorm,,LD831_02097v2.403,,,,0,0
DENATRLA,2025-06-23 08:10:11.000,51.9,53.1,50.1,47.3,45.4,43.9,34.5,34.2,25.0,21.4,20.2,23.6,25.5,27.5,28.2,28.4,29.7,30.1,30.4,30.0,29.1,27.0,25.8,22.9,18.4,15.3,8.9,3.6,1.5,-0.8,-2.7,-2.2,0.0,37.8,47.4,65.4,13.4,0.3,331.5,25.8,14.2,77.8,,,OBAnorm,,LD831_02097v2.403,,,,0,0
DENATRLA,2025-06-23 08:10:12.000,53.9,50.6,49.3,44.5,35.0,34.2,26.4,21.9,18.2,16.9,19.4,23.0,25.4,26.6,27.7,28.1,29.7,31.1,30.5,30.3,28.7,26.7,23.4,19.9,17.0,16.5,11.1,13.4,15.8,-1.0,-2.7,-2.0,0.0,37.7,41.4,56.9,13.4,0.2,318.4,25.8,14.3,77.8,,,OBAnorm,,LD831_02097v2.403,,,,0,0
DENATRLA,2025-06-23 08:10:13.000,51.2,51.7,35.9,34.4,31.1,28.6,25.1,20.5,17.3,17.1,20.8,23.3,24.4,25.9,27.7,28.0,29.8,29.4,30.2,29.7,27.9,25.9,23.0,19.8,16.6,14.2,10.5,15.5,18.7,-0.9,-2.7,-0.8,-0.1,36.9,39.9,51.1,13.4,0.2,331.8,25.8,14.3,79.5,,,OBAnorm,,LD831_02097v2.403,,,,0,0
DENATRLA,2025-06-23 08:10:14.000,47.4,40.3,33.3,28.9,26.0,28.1,22.0,21.1,15.4,17.1,20.5,22.9,26.1,26.4,26.7,28.3,28.4,29.6,30.1,30.5,27.9,25.1,23.0,19.8,16.5,13.5,9.1,4.4,3.7,1.3,-0.9,-1.0,0.4,36.9,39.8,51.2,13.4,0.2,331.6,25.8,14.3,79.5,,,OBAnorm,,LD831_02097v2.403,,,,0,0
DENATRLA,2025-06-23 08:10:15.000,40.3,31.6,30.1,27.3,28.0,23.8,21.4,21.5,15.5,16.0,21.1,23.9,26.7,26.7,28.0,29.0,29.3,29.4,30.2,29.4,28.2,25.7,22.9,19.3,16.3,14.1,8.8,4.1,2.2,-1.2,-3.2,-2.5,-0.1,36.9,40.3,55.3,13.4,0.2,327.4,25.7,14.2,79.5,,,OBAnorm,,LD831_02097v2.403,,,,0,0
DENATRLA,2025-06-23 08:10:16.000,34.2,33.1,28.5,30.0,28.7,26.5,21.0,18.6,17.8,17.5,21.9,23.6,25.3,25.5,26.9,28.6,29.1,29.3,29.6,30.2,27.2,25.8,22.5,18.8,26.4,37.1,33.0,13.1,6.6,-0.7,-2.9,-2.6,0.1,41.5,42.2,57.2,13.4,0.2,303.2,25.8,14.2,79.5,,,OBAnorm,,LD831_02097v2.403,,,,0,0
DENATRLA,2025-06-23 08:10:17.000,34.1,33.0,32.8,30.8,28.4,25.5,23.6,20.8,14.4,16.7,20.4,23.8,25.4,25.5,27.5,29.4,29.4,30.2,30.1,30.1,29.7,27.6,24.9,21.8,20.3,32.0,28.9,20.8,5.8,1.9,-0.7,-1.5,0.2,39.5,42.9,61.3,13.4,0.2,294.1,25.8,14.2,79.5,,,OBAnorm,,LD831_02097v2.403,,,,0,0
DENATRLA,2025-06-23 08:10:18.000,32.0,31.4,34.1,30.6,30.1,27.0,25.8,21.6,19.1,19.2,21.5,24.5,26.5,26.7,28.6,28.8,29.3,30.2,30.5,29.8,28.1,27.7,25.5,24.3,23.3,14.0,9.3,4.9,3.4,0.3,-2.1,-2.0,0.2,37.9,41.8,56.1,13.4,0.2,293.9,25.8,14.2,79.5,,,OBAnorm,,LD831_02097v2.403,,,,0,0
DENATRLA,2025-06-23 08:10:19.000,37.9,34.0,38.1,33.9,28.8,29.2,26.0,21.0,18.3,19.8,22.9,25.2,25.6,27.0,29.6,28.6,30.0,30.0,30.4,29.7,28.4,25.5,23.8,21.6,20.4,17.4,13.1,4.3,2.6,0.5,-1.4,-1.7,0.3,37.3,42.3,56.7,13.4,0.2,294.0,25.7,14.2,79.5,,,OBAnorm,,LD831_02097v2.403,,,,0,0
DENATRLA,2025-06-23 08:10:20.000,38.6,39.6,34.6,34.4,32.0,30.3,23.6,22.9,17.9,19.7,21.8,25.7,26.0,28.0,29.0,28.1,29.8,29.7,29.1,29.2,27.1,25.3,22.4,18.6,15.0,12.2,7.6,3.6,2.8,1.1,-1.0,-1.2,0.5,36.6,43.0,59.4,13.4,0.2,291.4,25.8,14.2,80.1,,,OBAnorm,,LD831_02097v2.403,,,,0,0
DENATRLA,2025-06-23 08:10:21.000,41.8,40.8,33.9,32.7,32.4,31.5,31.4,25.7,23.1,22.9,23.5,25.8,25.5,27.4,28.8,28.7,29.3,29.2,29.6,28.7,27.0,24.9,22.0,18.2,14.5,12.3,9.8,5.8,4.0,3.8,0.7,-0.2,0.8,36.4,45.7,62.8,13.4,0.1,278.1,25.8,14.2,78.9,,,OBAnorm,,LD831_02097v2.403,,,,0,0
DENATRLA,2025-06-23 08:10:22.000,37.8,35.2,39.7,35.0,35.6,33.3,28.7,26.4,23.4,24.0,24.0,25.6,25.5,28.2,27.8,29.3,29.4,30.1,29.5,29.7,27.6,24.9,22.0,17.7,14.3,11.7,7.5,3.8,3.3,2.4,-0.5,-0.9,0.6,36.6,47.6,67.4,13.4,0.1,199.1,25.8,14.2,78.9,,,OBAnorm,,LD831_02097v2.403,,,,0,0
DENATRLA,2025-06-23 08:10:23.000,45.9,41.6,43.3,40.9,37.3,34.8,36.9,34.0,28.9,26.0,26.0,24.4,26.2,26.0,27.5,28.2,28.8,29.8,29.3,28.2,26.4,24.0,20.9,17.4,14.4,10.8,7.1,3.3,2.3,0.7,-1.6,-1.4,0.7,35.9,52.6,70.1,13.4,0.3,170.6,25.7,14.1,79.5,,,OBAnorm,,LD831_02097v2.403,,,,0,0
DENATRLA,2025-06-23 08:10:24.000,45.0,42.7,49.5,47.5,39.7,39.6,34.3,30.4,25.0,21.4,20.2,23.1,25.0,26.9,27.3,26.9,28.5,29.2,29.3,27.7,26.2,23.6,20.6,16.6,12.7,10.3,6.8,2.2,1.9,0.4,-1.9,-2.1,0.0,35.5,47.7,67.5,13.4,0.4,167.7,25.7,14.1,79.5,,,OBAnorm,,LD831_02097v2.403,,,,0,0
DENATRLA,2025-06-23 08:10:25.000,48.7,55.3,44.0,45.1,34.8,34.9,29.6,24.9,20.6,19.8,21.9,22.8,25.5,26.2,27.2,28.0,28.5,28.7,28.8,27.5,26.6,24.2,21.1,17.3,13.8,11.9,8.5,3.5,1.9,0.0,-1.5,-0.9,0.5,35.5,49.6,68.9,13.4,0.5,172.4,25.8,14.1,79.5,,,OBAnorm,,LD831_02097v2.403,,,,0,0
DENATRLA,2025-06-23 08:10:26.000,52.2,43.2,42.2,40.7,35.9,36.9,31.3,32.2,26.4,18.4,20.7,22.6,22.8,25.6,26.2,27.3,28.2,28.3,27.7,27.4,26.1,24.2,20.1,16.8,12.9,11.1,8.6,4.0,2.0,-0.9,-2.7,-1.9,0.0,35.0,45.2,66.6,13.4,0.6,173.4,25.8,14.1,79.5,,,OBAnorm,,LD831_02097v2.403,,,,0,0
DENATRLA,2025-06-23 08:10:27.000,42.2,42.3,46.0,42.4,33.9,29.4,23.2,17.8,15.7,17.3,19.3,22.0,21.9,24.2,26.4,27.2,27.0,28.6,28.2,27.3,25.8,23.5,19.9,16.1,13.5,12.0,9.2,4.1,1.8,-1.5,-3.5,-2.5,-0.1,34.9,39.5,54.2,13.4,0.6,183.9,25.8,14.1,78.9,,,OBAnorm,,LD831_02097v2.403,,,,0,0
DENATRLA,2025-06-23 08:10:28.000,49.7,50.9,35.1,31.6,27.6,24.3,19.6,18.3,16.2,15.0,20.0,21.6,22.9,26.1,26.2,27.1,27.1,28.3,28.6,27.3,26.0,23.4,20.7,16.7,14.0,13.5,10.6,5.3,2.4,-1.7,-3.5,-2.7,-0.2,35.0,38.2,47.0,13.4,0.5,220.3,25.8,14.2,78.9,,,OBAnorm,,LD831_02097v2.403,,,,0,0
DENATRLA,2025-06-23 08:10:29.000,40.8,37.5,32.5,27.6,28.6,24.3,21.5,17.9,20.3,15.2,19.6,20.7,22.6,25.5,26.8,27.8,27.4,28.0,28.4,27.2,25.8,23.7,20.2,16.9,13.6,11.9,9.0,3.9,1.5,-1.8,-3.6,-2.6,0.0,34.9,37.9,44.5,13.4,0.5,243.5,25.8,14.2,78.9,,,OBAnorm,,LD831_02097v2.403,,,,0,0
DENATRLA,2025-06-23 08:10:30.000,35.6,34.3,28.2,28.7,24.7,22.8,20.0,17.7,15.5,16.3,20.0,20.6,22.2,25.0,26.0,26.7,26.8,28.2,27.7,27.3,25.8,23.2,20.3,16.7,13.0,10.8,7.5,2.6,0.4,-2.2,-4.0,-3.0,-0.1,34.7,38.9,53.1,13.4,0.5,255.5,25.8,14.2,78.9,,,OBAnorm,,LD831_02097v2.403,,,,0,0
DENATRLA,2025-06-23 08:10:31.000,30.2,31.1,30.1,29.5,28.2,27.3,22.4,18.1,18.1,14.5,18.5,19.7,22.4,24.1,25.5,26.9,26.9,27.5,27.9,27.0,25.0,22.3,19.3,15.2,12.4,10.5,7.5,1.7,-0.1,-2.6,-3.9,-2.8,0.0,34.4,38.0,50.7,13.4,0.4,255.6,25.8,14.2,79.5,,,OBAnorm,,LD831_02097v2.403,,,,0,0
DENATRLA,2025-06-23 08:10:32.000,31.4,31.6,33.1,28.9,25.7,22.6,21.7,17.7,15.2,14.6,20.3,20.0,20.9,23.9,26.3,27.4,27.8,27.6,27.5,26.5,24.9,22.3,19.1,15.6,12.1,10.0,6.3,1.5,-0.1,-1.8,-3.6,-2.7,0.2,34.3,41.1,56.6,13.4,0.4,245.3,25.8,14.2,78.3,,,OBAnorm,,LD831_02097v2.403,,,,0,0
DENATRLA,2025-06-23 08:10:33.000,36.6,31.3,33.1,33.0,29.5,24.7,22.7,18.0,14.9,13.8,18.7,20.4,23.8,24.5,25.9,25.9,27.8,27.9,27.5,27.3,24.7,22.1,19.2,15.1,11.8,10.0,6.6,1.7,-0.6,-2.5,-4.0,-2.9,0.2,34.3,39.6,53.0,13.4,0.4,255.3,25.8,14.2,78.9,,,OBAnorm,,LD831_02097v2.403,,,,0,0
DENATRLA,2025-06-23 08:10:34.000,43.1,42.0,33.5,34.4,31.4,25.0,21.3,17.3,14.3,14.9,18.1,21.9,22.6,24.0,25.8,26.7,27.1,28.4,27.1,26.7,24.7,21.8,18.4,15.3,11.9,9.9,6.5,1.9,-0.5,-2.7,-4.1,-2.9,0.1,34.1,38.5,54.5,13.4,0.4,223.4,25.8,14.1,80.0,,,OBAnorm,,LD831_02097v2.403,,,,0,0
DENATRLA,2025-06-23 08:10:35.000,38.0,35.6,31.5,28.8,29.1,20.5,20.1,19.0,16.0,14.2,17.4,22.0,23.9,24.5,26.1,27.1,27.7,28.2,28.0,27.3,25.1,22.7,19.4,15.9,13.0,10.6,7.7,3.0,0.0,-2.4,-3.9,-2.7,-0.1,34.6,40.5,57.3,13.4,0.3,192.2,25.8,14.1,79.5,,,OBAnorm,,LD831_02097v2.403,,,,0,0
DENATRLA,2025-06-23 08:10:36.000,37.7,31.6,32.9,28.4,31.3,26.4,24.0,19.8,18.8,15.0,18.3,21.7,23.5,24.5,27.3,26.8,27.4,27.3,27.9,26.7,25.5,22.5,19.7,16.0,13.0,11.4,9.2,3.8,0.9,-2.3,-3.6,-2.7,0.0,34.4,40.5,55.5,13.4,0.5,168.0,25.8,14.1,78.9,,,OBAnorm,,LD831_02097v2.403,,,,0,0
DENATRLA,2025-06-23 08:10:37.000,38.7,37.2,36.6,33.8,32.0,23.9,24.4,19.4,17.9,16.2,20.9,21.5,23.8,25.3,27.0,27.7,27.5,28.7,29.1,27.8,26.0,23.7,20.5,16.8,18.9,29.4,26.4,5.1,0.6,-1.7,-3.4,-2.6,0.2,37.1,40.4,59.7,13.4,0.9,172.4,25.8,14.1,78.9,,,OBAnorm,,LD831_02097v2.403,,,,0,0
DENATRLA,2025-06-23 08:10:38.000,37.4,40.3,30.9,31.5,30.2,28.6,24.7,20.6,19.6,16.9,18.8,21.8,22.9,25.7,27.1,27.2,27.9,28.8,28.1,27.0,26.0,22.8,19.7,15.8,16.5,24.6,22.6,19.2,-0.1,-1.9,-3.7,-2.8,0.1,35.6,41.2,57.6,13.4,1.2,168.8,25.8,14.1,78.9,,,OBAnorm,,LD831_02097v2.403,,,,0,0
DENATRLA,2025-06-23 08:10:39.000,38.2,35.3,36.0,32.0,28.0,25.8,22.8,20.5,19.3,17.0,20.0,22.0,24.0,24.1,25.7,26.6,27.8,28.0,27.6,27.5,25.5,22.8,19.5,16.0,12.3,9.7,5.5,1.3,-0.4,-0.5,-3.2,-2.4,0.1,34.6,41.2,58.9,13.4,1.2,168.8,25.8,14.1,78.9,,,OBAnorm,,LD831_02097v2.403,,,,0,0
DENATRLA,2025-06-23 08:10:40.000,41.0,39.5,35.5,34.6,30.7,26.8,23.6,18.5,15.5,17.0,19.7,22.2,23.4,25.1,26.0,26.8,28.2,27.8,28.1,26.7,25.7,22.9,19.7,16.0,12.6,10.0,5.3,0.6,-1.0,-2.2,-3.6,-2.6,0.2,34.6,37.6,48.6,13.4,1.1,171.7,25.8,14.1,79.5,,,OBAnorm,,LD831_02097v2.403,,,,0,0
DENATRLA,2025-06-23 08:10:41.000,40.8,39.6,33.4,26.9,24.3,21.5,19.2,17.9,16.6,16.8,19.8,22.6,22.9,23.7,25.5,27.8,27.3,28.1,28.1,27.1,25.2,22.6,19.5,15.8,11.5,9.2,4.9,0.6,-0.6,-1.1,-3.3,-2.6,0.1,34.6,38.0,49.8,13.4,1.0,174.4,25.8,14.1,79.5,,,OBAnorm,,LD831_02097v2.403,,,,0,0
DENATRLA,2025-06-23 08:10:42.000,37.0,29.6,32.1,28.8,24.9,23.4,20.9,19.4,17.6,17.6,20.0,22.2,24.5,24.8,26.1,26.4,27.8,28.4,27.9,26.7,25.2,22.8,19.4,14.9,11.3,8.5,4.1,0.5,0.2,-1.0,-2.7,-2.0,0.2,34.5,38.4,52.8,13.4,0.8,243.8,25.8,14.1,78.9,,,OBAnorm,,LD831_02097v2.403,,,,0,0
DENATRLA,2025-06-23 08:10:43.000,30.5,28.0,29.5,28.3,21.9,25.4,20.6,21.5,16.8,19.5,21.8,20.8,24.3,24.4,25.3,26.8,28.0,28.7,28.2,26.8,25.2,22.4,18.9,14.9,11.3,8.3,4.3,1.0,0.3,-0.9,-2.6,-2.1,0.2,34.5,39.1,52.4,13.4,0.7,267.5,25.8,14.1,79.5,,,OBAnorm,,LD831_02097v2.403,,,,0,0
DENATRLA,2025-06-23 08:10:44.000,32.1,30.3,31.4,27.7,24.5,25.6,23.3,19.4,15.6,16.5,19.1,22.7,24.1,25.5,26.0,26.6,27.8,28.2,27.9,27.1,25.0,22.4,19.2,15.3,11.2,8.1,4.0,0.4,-0.2,-1.2,-2.7,-2.1,0.3,34.6,42.1,61.8,13.4,0.8,267.5,25.8,14.1,79.5,,,OBAnorm,,LD831_02097v2.403,,,,0,0
DENATRLA,2025-06-23 08:10:45.000,34.4,32.8,37.7,35.0,28.8,28.3,21.9,21.0,19.7,18.1,21.3,22.1,23.8,26.2,25.5,26.9,27.4,28.6,28.1,26.4,25.1,22.7,19.7,16.2,12.5,8.6,4.9,1.2,0.4,-0.6,-2.7,-2.3,0.1,34.6,42.1,61.7,13.4,0.7,276.2,25.8,14.2,78.9,,,OBAnorm,,LD831_02097v2.403,,,,0,0
DENATRLA,2025-06-23 08:10:46.000,41.1,40.2,39.5,29.2,31.1,25.2,22.9,22.0,19.3,18.7,21.3,22.2,24.0,24.0,25.5,25.9,27.8,27.9,27.6,26.5,24.9,22.5,18.9,15.4,11.7,9.3,5.3,1.2,0.6,-0.9,-2.9,-2.2,0.0,34.2,44.9,63.7,13.4,0.7,284.2,25.8,14.2,78.9,,,OBAnorm,,LD831_02097v2.403,,,,0,0
DENATRLA,2025-06-23 08:10:47.000,45.3,39.6,39.7,38.5,33.4,30.6,30.2,28.2,21.4,19.1,19.1,21.9,22.6,24.6,25.7,26.7,27.4,28.4,27.4,26.9,24.8,22.0,19.3,16.0,11.8,9.3,5.5,1.6,0.9,-1.2,-2.7,-2.3,0.2,34.3,50.7,69.8,13.4,0.6,283.9,25.8,14.2,78.9,,,OBAnorm,,LD831_02097v2.403,,,,0,0
DENATRLA,2025-06-23 08:10:48.000,44.0,38.6,42.1,43.1,42.4,39.6,32.6,25.6,25.7,22.3,21.3,22.2,23.1,26.0,26.0,28.1,27.8,28.0,27.5,27.2,25.4,22.5,19.2,15.5,12.0,8.6,4.4,0.6,0.3,-1.2,-3.0,-1.8,0.8,34.6,55.4,72.8,13.4,0.5,284.2,25.8,14.2,78.9,,,OBAnorm,,LD831_02097v2.403,,,,0,0
DENATRLA,2025-06-23 08:10:49.000,50.5,47.8,44.9,48.1,48.7,42.6,36.6,35.3,28.3,23.4,20.4,21.4,22.6,24.9,25.8,26.4,26.3,27.6,27.4,26.1,24.6,21.7,18.2,14.8,11.1,8.1,3.3,0.0,-0.4,-1.5,-3.1,-1.9,0.7,33.7,58.5,75.9,13.4,0.5,284.4,25.8,14.2,78.9,,,OBAnorm,,LD831_02097v2.403,,,,0,0
DENATRLA,2025-06-23 08:10:50.000,51.5,51.2,54.4,48.1,43.8,42.9,31.0,26.2,20.9,16.1,18.7,20.3,22.3,24.0,25.4,26.1,26.5,26.9,26.9,25.3,24.0,21.3,18.2,14.5,10.6,7.4,2.6,-1.1,-1.4,-2.4,-3.8,-2.8,0.0,33.4,42.0,65.5,13.4,0.5,284.3,25.8,14.2,79.5,,,OBAnorm,,LD831_02097v2.403,,,,0,0
DENATRLA,2025-06-23 08:10:51.000,64.6,60.4,47.6,35.8,28.7,22.7,18.7,16.4,14.9,15.3,17.4,21.7,22.5,24.6,25.2,26.6,26.7,27.0,26.6,26.1,23.6,21.3,17.8,13.7,9.9,7.9,3.8,-0.3,0.3,-1.6,-3.8,-2.6,0.1,33.4,38.9,54.4,13.4,0.5,298.7,25.8,14.2,79.5,,,OBAnorm,,LD831_02097v2.403,,,,0,0
DENATRLA,2025-06-23 08:10:52.000,57.9,39.1,28.1,33.2,27.9,26.1,19.2,18.4,15.4,16.2,18.8,20.9,23.0,24.3,25.1,26.0,26.5,26.9,26.5,25.7,23.4,20.8,17.0,13.3,9.5,7.2,3.2,-0.7,-1.5,-2.4,-3.7,-2.6,0.2,33.0,37.4,51.5,13.4,0.6,329.7,25.8,14.2,79.5,,,OBAnorm,,LD831_02097v2.403,,,,0,0
DENATRLA,2025-06-23 08:10:53.000,36.9,36.9,31.0,29.7,25.1,20.5,21.5,18.6,14.9,17.2,20.1,22.0,22.7,24.7,26.1,25.6,26.3,25.8,26.6,24.9,22.5,20.8,17.0,13.0,10.3,12.4,8.3,0.0,1.2,0.8,-1.2,-1.7,0.4,32.7,36.9,52.1,13.4,0.5,330.8,25.8,14.2,79.5,,,OBAnorm,,LD831_02097v2.403,,,,0,0
DENATRLA,2025-06-23 08:10:54.000,33.6,27.8,25.6,27.5,26.2,23.8,19.5,18.4,16.2,15.7,20.5,20.5,23.9,24.3,25.5,26.3,26.2,26.6,25.5,24.3,22.9,20.0,16.5,12.7,15.8,27.3,21.5,2.1,0.1,-0.8,-2.4,-1.7,0.4,34.2,37.6,51.1,13.4,0.4,317.6,25.8,14.2,78.3,,,OBAnorm,,LD831_02097v2.403,,,,0,0
DENATRLA,2025-06-23 08:10:55.000,32.1,31.2,26.8,25.2,25.7,22.6,21.4,18.1,17.2,16.0,20.0,20.0,22.0,23.8,24.4,25.8,25.6,25.8,25.2,24.6,22.7,19.5,16.1,12.2,9.0,8.3,4.6,-0.9,-1.7,-1.9,-3.3,-2.3,0.2,32.2,35.9,49.6,13.4,0.4,330.9,25.8,14.2,78.9,,,OBAnorm,,LD831_02097v2.403,,,,0,0
DENATRLA,2025-06-23 08:10:56.000,30.2,31.9,29.8,24.1,22.1,22.5,18.6,14.4,14.8,16.4,21.4,21.1,22.5,23.4,25.8,25.7,26.1,26.3,25.5,23.5,22.2,19.1,15.7,12.2,10.2,11.9,10.7,16.3,15.2,12.1,5.6,2.3,1.2,32.4,36.5,45.6,13.4,0.4,331.0,25.8,14.2,80.1,,,OBAnorm,,LD831_02097v2.403,,,,0,0
DENATRLA,2025-06-23 08:10:57.000,28.9,32.4,27.9,26.5,21.4,20.7,20.0,17.4,13.2,16.3,17.1,20.6,23.5,24.2,24.5,25.2,25.9,26.2,25.5,24.5,22.5,19.2,16.2,11.8,8.9,8.6,5.3,2.2,3.2,1.2,1.5,-0.1,0.9,32.3,36.5,43.4,13.4,0.4,330.9,25.8,14.2,80.1,,,OBAnorm,,LD831_02097v2.403,,,,0,0
DENATRLA,2025-06-23 08:10:58.000,31.3,31.2,30.0,27.3,25.4,21.8,19.3,18.4,14.3,17.7,21.3,22.2,23.2,23.3,24.7,25.3,25.4,25.6,25.6,24.5,22.2,19.0,15.5,12.1,9.2,7.0,3.5,-0.2,-1.3,-1.7,-3.0,-2.4,0.1,32.1,37.8,53.9,13.4,0.4,331.0,25.8,14.2,80.1,,,OBAnorm,,LD831_02097v2.403,,,,0,0
DENATRLA,2025-06-23 08:10:59.000,31.5,32.5,26.9,28.0,27.0,24.3,23.7,20.4,16.1,19.7,22.5,23.0,24.0,24.7,24.8,26.4,26.1,26.3,25.4,23.9,22.0,19.9,19.7,27.5,23.3,34.9,28.1,25.9,22.9,7.9,6.2,0.1,0.7,38.9,42.7,59.8,13.4,0.4,331.0,25.8,14.2,80.1,,,OBAnorm,,LD831_02097v2.403,,,,0,0
DENATRLA,2025-06-23 08:11:00.000,28.4,32.1,34.1,33.1,31.5,31.4,30.0,27.4,26.0,26.0,24.1,23.7,23.7,24.3,24.8,25.0,26.4,26.8,25.1,24.4,21.7,19.5,18.3,20.9,20.1,23.6,21.0,16.8,12.7,1.7,-1.1,-1.0,0.7,33.9,53.2,70.9,13.4,0.4,339.5,25.8,14.2,80.1,,,OBAnorm,,LD831_02097v2.403,,,,0,0
DENATRLA,2025-06-23 08:11:01.000,37.6,38.8,41.7,45.5,41.2,39.8,39.7,36.4,35.2,33.0,27.6,25.6,23.5,24.9,24.4,24.4,25.5,25.9,24.2,23.3,21.0,18.0,16.1,11.8,8.4,7.8,3.6,0.6,0.2,0.3,-0.3,0.8,3.2,32.0,61.4,83.1,13.4,0.3,30.1,25.8,14.1,79.5,,,OBAnorm,,LD831_02097v2.403,,,,0,0
DENATRLA,2025-06-23 08:11:02.000,44.0,51.8,56.4,54.3,51.6,46.2,41.9,40.3,39.5,31.8,28.2,26.3,23.2,24.6,23.8,24.2,24.7,24.6,23.9,22.9,21.2,18.2,14.5,10.6,8.1,7.9,3.2,0.1,-0.3,0.5,-1.2,-0.4,1.5,31.5,59.3,77.8,13.4,0.5,61.5,25.8,14.0,78.9,,,OBAnorm,,LD831_02097v2.403,,,,0,0
DENATRLA,2025-06-23 08:11:03.000,59.5,57.9,60.1,57.3,47.6,47.1,39.1,37.0,33.7,31.7,25.9,26.2,22.2,23.3,23.8,25.4,25.7,25.3,23.6,23.0,20.4,17.8,14.9,10.8,8.2,7.6,2.4,-0.6,-0.8,-1.4,-2.8,-1.6,0.7,31.3,59.0,76.3,13.4,1.1,86.7,25.8,14.0,79.5,,,OBAnorm,,LD831_02097v2.403,,,,0,0
DENATRLA,2025-06-23 08:11:04.000,63.1,59.6,56.7,49.8,46.4,42.4,36.0,36.3,31.2,25.3,22.6,22.2,22.1,23.0,23.6,25.0,24.6,25.0,24.5,23.1,21.2,18.0,14.7,11.8,8.4,6.2,2.8,-0.7,-0.5,-2.1,-3.0,-1.6,1.0,31.1,55.7,76.3,13.4,1.4,92.2,25.8,14.0,79.5,,,OBAnorm,,LD831_02097v2.403,,,,0,0
DENATRLA,2025-06-23 08:11:05.000,60.8,61.9,54.3,48.2,42.4,41.4,35.2,30.0,26.6,19.7,19.4,22.1,22.7,23.1,24.8,24.5,26.2,25.2,24.7,23.1,21.7,18.8,15.7,12.3,9.0,7.0,3.6,-0.5,-0.4,-2.8,-3.7,-2.7,0.1,31.6,46.4,64.4,13.4,1.4,92.2,25.8,14.0,78.3,,,OBAnorm,,LD831_02097v2.403,,,,0,0
DENATRLA,2025-06-23 08:11:06.000,65.1,56.1,49.9,45.5,36.0,32.4,23.7,20.7,17.0,13.5,18.4,19.9,22.5,24.1,24.9,24.7,25.8,25.0,24.7,23.2,21.4,19.4,16.0,13.0,9.5,7.7,4.5,-0.9,-1.8,-2.9,-4.0,-2.9,0.0,31.7,47.0,62.9,13.4,1.2,85.4,25.8,14.0,78.9,,,OBAnorm,,LD831_02097v2.403,,,,0,0
DENATRLA,2025-06-23 08:11:07.000,50.5,50.8,39.0,35.4,32.8,29.3,29.7,23.3,17.9,16.4,18.1,20.5,20.8,23.6,24.0,25.1,25.5,26.1,24.6,23.4,21.8,19.5,16.4,13.2,10.1,9.3,6.4,0.1,-1.3,-3.2,-4.2,-2.9,0.1,31.9,47.3,68.4,13.4,1.0,85.1,25.8,14.0,79.5,,,OBAnorm,,LD831_02097v2.403,,,,0,0
DENATRLA,2025-06-23 08:11:08.000,51.5,43.9,41.8,38.8,37.9,32.2,26.4,23.7,19.8,14.5,19.5,20.6,21.1,23.0,23.8,24.6,25.9,25.5,24.3,23.1,22.0,20.0,17.1,13.0,10.3,10.2,6.4,1.2,0.1,-3.5,-4.3,-3.0,-0.1,31.6,44.0,65.3,13.4,0.9,106.3,25.8,14.0,78.9,,,OBAnorm,,LD831_02097v2.403,,,,0,0
DENATRLA,2025-06-23 08:11:09.000,53.0,50.1,40.4,30.0,34.9,27.8,19.8,17.2,14.6,15.6,19.0,20.4,20.2,23.2,25.2,25.7,24.5,25.6,24.9,24.1,21.7,19.3,16.1,12.2,9.6,10.3,5.5,0.3,1.5,-3.1,-4.0,-2.8,0.1,31.8,47.4,66.2,13.4,0.9,110.3,25.8,14.0,79.5,,,OBAnorm,,LD831_02097v2.403,,,,0,0
DENATRLA,2025-06-23 08:11:10.000,48.3,43.3,42.6,36.0,35.2,30.0,27.9,25.2,17.5,18.2,18.9,20.2,22.9,24.6,24.5,24.2,25.1,25.2,25.0,23.7,22.0,18.8,16.2,12.6,9.7,9.2,4.3,0.1,-1.8,-2.9,-4.0,-2.8,0.0,31.6,43.6,65.8,13.4,0.9,124.3,25.8,14.0,79.5,,,OBAnorm,,LD831_02097v2.403,,,,0,0
DENATRLA,2025-06-23 08:11:11.000,44.9,44.7,41.2,35.5,33.5,26.6,25.0,19.9,16.6,16.2,19.0,20.8,21.7,24.3,23.8,25.6,25.8,25.4,25.3,23.4,21.1,19.0,15.5,11.8,9.4,7.7,4.6,-0.2,-1.9,-3.1,-4.1,-2.9,-0.1,31.6,43.7,65.2,13.4,0.9,136.2,25.8,14.0,78.9,,,OBAnorm,,LD831_02097v2.403,,,,0,0
DENATRLA,2025-06-23 08:11:12.000,53.5,44.3,38.1,36.2,32.2,27.6,23.6,18.5,18.2,16.8,18.2,19.6,19.3,22.7,23.9,24.6,25.2,24.9,24.2,23.6,21.4,18.2,15.0,11.8,8.9,7.0,4.2,-0.9,-0.9,-3.1,-4.0,-2.9,0.0,31.2,41.8,60.8,13.4,0.9,145.7,25.8,14.0,79.5,,,OBAnorm,,LD831_02097v2.403,,,,0,0
DENATRLA,2025-06-23 08:11:13.000,45.1,42.4,38.5,34.0,30.2,26.4,23.7,21.9,18.2,16.0,17.5,20.4,21.9,23.1,24.4,24.2,25.7,24.7,24.3,22.2,20.2,18.2,17.3,14.6,8.6,10.7,4.1,-1.2,-3.0,-3.5,-4.2,-2.9,0.0,31.1,44.7,67.0,13.4,0.9,145.7,25.8,14.0,80.0,,,OBAnorm,,LD831_02097v2.403,,,,0,0
DENATRLA,2025-06-23 08:11:14.000,47.0,42.5,38.7,39.4,30.6,29.3,26.9,23.8,21.8,16.7,19.5,18.5,21.5,22.9,23.4,23.8,25.1,25.1,23.6,22.7,20.7,18.5,16.2,11.6,8.6,11.0,3.0,-1.3,-2.7,-3.4,-4.2,-2.9,-0.1,30.9,45.6,66.0,13.4,0.8,145.8,25.8,14.0,80.0,,,OBAnorm,,LD831_02097v2.403,,,,0,0
DENATRLA,2025-06-23 08:11:15.000,46.7,40.8,40.9,36.7,32.7,29.1,27.1,23.1,22.0,15.2,18.2,18.0,20.9,22.8,24.5,24.8,24.6,25.0,24.5,23.4,21.1,18.5,15.8,11.9,9.2,8.0,2.7,-1.3,-2.9,-3.4,-4.0,-2.8,-0.1,31.1,40.1,58.1,13.4,0.7,139.9,25.8,14.0,80.0,,,OBAnorm,,LD831_02097v2.403,,,,0,0
DENATRLA,2025-06-23 08:11:16.000,43.2,45.2,39.6,31.4,30.2,25.4,21.8,17.5,14.7,14.9,17.2,17.5,20.7,23.2,22.6,23.1,24.6,24.4,24.3,22.9,21.2,18.5,15.0,12.0,8.5,6.4,1.9,-2.6,-3.3,-3.7,-4.3,-3.1,-0.2,30.8,36.3,56.1,13.4,0.6,145.6,25.8,14.0,80.0,,,OBAnorm,,LD831_02097v2.403,,,,0,0
DENATRLA,2025-06-23 08:11:17.000,49.7,42.4,33.3,26.9,25.8,21.6,20.4,17.8,13.5,15.5,16.6,18.9,19.8,23.1,23.9,24.3,24.5,24.9,24.4,23.1,21.6,18.7,15.0,11.5,8.5,6.3,2.2,-2.1,-2.9,-3.4,-4.2,-3.1,-0.1,31.1,37.1,54.4,13.4,0.6,141.2,25.8,14.0,80.0,,,OBAnorm,,LD831_02097v2.403,,,,0,0
DENATRLA,2025-06-23 08:11:18.000,41.5,34.8,30.2,27.7,24.8,20.8,17.5,16.5,14.5,16.3,17.5,19.3,20.9,23.2,23.8,24.3,26.1,24.7,23.7,32.6,21.2,18.6,15.4,11.5,7.7,5.9,1.6,-2.6,-3.3,-3.6,-4.3,-3.0,-0.2,34.6,37.3,50.6,13.4,0.6,159.7,25.8,14.0,80.6,,,OBAnorm,,LD831_02097v2.403,,,,0,0
DENATRLA,2025-06-23 08:11:19.000,35.5,30.5,31.0,28.8,24.9,21.0,20.4,15.0,14.6,15.1,19.1,18.4,21.9,23.2,22.8,24.6,25.0,25.0,23.6,23.6,21.0,18.3,16.5,11.6,8.0,9.0,2.1,-1.8,-2.3,-3.2,-4.1,-3.0,0.0,31.1,36.4,48.9,13.4,0.5,161.5,25.8,14.0,80.0,,,OBAnorm,,LD831_02097v2.403,,,,0,0
DENATRLA,2025-06-23 08:11:20.000,39.3,32.2,29.5,23.1,23.2,23.3,20.0,17.0,13.9,16.2,18.2,17.6,22.7,22.7,23.7,23.8,25.4,25.1,24.5,23.1,20.9,18.5,15.8,11.7,8.4,11.8,3.1,-1.6,-3.4,-3.6,-4.3,-3.1,-0.1,31.2,36.3,48.1,13.4,0.4,161.6,25.8,14.0,80.0,,,OBAnorm,,LD831_02097v2.403,,,,0,0
DENATRLA,2025-06-23 08:11:21.000,32.4,35.0,29.2,24.6,21.9,19.2,18.6,15.2,14.4,15.6,18.0,18.8,20.9,22.9,24.2,24.5,24.4,25.0,24.3,23.7,21.8,17.9,16.0,11.5,8.6,13.3,2.5,-1.7,-3.3,-3.7,-4.3,-3.0,-0.1,31.3,35.6,48.3,13.4,0.4,162.8,25.8,14.0,79.5,,,OBAnorm,,LD831_02097v2.403,,,,0,0
DENATRLA,2025-06-23 08:11:22.000,37.3,37.9,29.6,21.5,24.9,21.3,17.9,15.0,13.2,16.1,18.5,18.4,21.4,22.2,22.4,24.6,28.4,25.2,25.5,38.6,21.3,18.4,16.1,11.8,8.7,10.0,2.2,-2.4,-3.3,-3.6,-4.3,-3.2,-0.1,39.4,40.3,48.0,13.4,0.4,156.4,25.8,14.0,79.5,,,OBAnorm,,LD831_02097v2.403,,,,0,0
DENATRLA,2025-06-23 08:11:23.000,37.0,33.9,29.1,24.0,21.5,19.3,16.0,16.3,12.9,17.3,17.4,19.4,21.9,22.0,23.5,23.4,24.2,24.7,24.0,24.0,20.8,18.4,15.2,11.6,9.7,5.8,0.7,-3.4,-3.4,-3.6,-4.4,-3.2,-0.1,31.0,34.8,45.5,13.4,0.4,162.9,25.8,14.0,80.6,,,OBAnorm,,LD831_02097v2.403,,,,0,0
DENATRLA,2025-06-23 08:11:24.000,28.3,28.6,27.2,24.3,19.5,17.3,19.0,14.7,13.0,14.7,16.6,19.0,22.3,23.7,24.0,23.8,25.2,24.7,23.7,22.9,21.1,18.1,15.0,11.4,8.1,5.8,1.4,-3.0,-3.1,-3.7,-4.2,-2.9,0.0,30.9,35.2,46.6,13.4,0.4,162.9,25.8,14.0,80.6,,,OBAnorm,,LD831_02097v2.403,,,,0,0
DENATRLA,2025-06-23 08:11:25.000,31.0,31.6,27.0,23.0,18.0,19.3,17.9,16.5,13.1,15.8,16.1,19.9,21.9,23.5,24.0,24.7,26.0,23.7,25.9,40.2,21.3,18.3,14.3,11.2,8.4,5.5,0.3,-3.3,-2.9,-3.0,-4.1,-2.9,-0.1,40.6,41.4,47.2,13.4,0.4,162.9,25.8,14.0,80.6,,,OBAnorm,,LD831_02097v2.403,,,,0,0
DENATRLA,2025-06-23 08:11:26.000,32.3,32.3,29.2,24.8,21.4,18.8,17.9,16.4,14.2,16.6,17.5,19.1,22.3,23.4,23.4,24.0,25.1,24.9,23.9,24.9,20.7,18.2,15.0,11.2,8.6,7.4,-0.2,-3.3,-3.7,-3.8,-4.3,-3.0,0.0,31.2,35.3,43.9,13.4,0.4,162.9,25.8,14.0,80.6,,,OBAnorm,,LD831_02097v2.403,,,,0,0
DENATRLA,2025-06-23 08:11:27.000,33.2,25.9,29.1,23.8,21.1,19.5,16.9,14.7,14.3,21.8,19.4,19.9,21.7,22.6,23.1,23.8,26.1,24.7,23.6,23.0,21.0,18.7,16.5,12.1,9.0,11.0,1.6,-2.6,-2.9,-3.6,-4.2,-2.8,-0.1,31.1,34.7,45.7,13.4,0.4,162.9,25.8,14.0,80.6,,,OBAnorm,,LD831_02097v2.403,,,,0,0
DENATRLA,2025-06-23 08:11:28.000,33.1,28.0,26.7,23.2,23.3,17.5,16.7,15.5,13.4,17.9,17.8,19.3,20.7,21.8,22.7,23.1,24.6,24.6,23.7,22.7,20.6,17.4,16.2,11.1,8.2,11.1,1.3,-2.7,-3.0,-3.5,-4.3,-2.9,0.0,30.6,35.1,51.4,13.4,0.4,162.9,25.8,14.0,80.6,,,OBAnorm,,LD831_02097v2.403,,,,0,0
DENATRLA,2025-06-23 08:11:29.000,30.0,28.6,20.5,23.7,19.3,19.0,19.0,15.3,13.1,17.4,17.2,19.4,21.3,22.4,22.9,24.7,23.6,24.0,23.5,22.6,20.3,17.2,14.8,11.1,7.9,5.8,0.6,-2.6,-3.0,-3.0,-4.0,-2.6,0.0,30.3,34.6,50.8,13.4,0.4,162.9,25.8,14.0,80.6,,,OBAnorm,,LD831_02097v2.403,,,,0,0
DENATRLA,2025-06-23 08:11:30.000,29.6,27.4,27.7,23.9,18.9,14.3,17.0,15.6,10.1,14.9,15.4,17.4,23.0,23.0,23.1,23.4,23.1,23.0,22.8,21.3,20.1,17.1,13.9,10.3,7.2,4.6,-0.1,-3.2,-3.0,-3.3,-3.9,-2.5,0.1,29.6,34.7,52.6,13.4,0.4,162.9,25.8,14.0,80.6,,,OBAnorm,,LD831_02097v2.403,,,,0,0
DENATRLA,2025-06-23 08:11:31.000,32.1,30.9,26.6,27.6,19.8,17.1,17.2,16.7,12.6,12.4,16.3,17.4,20.5,21.9,22.7,22.6,23.4,23.0,22.2,21.0,19.1,16.6,12.9,10.0,7.1,4.6,-0.4,-3.5,-3.6,-3.7,-4.3,-2.9,0.0,29.1,33.6,48.9,13.4,0.2,162.9,25.8,14.0,80.6,,,OBAnorm,,LD831_02097v2.403,,,,0,0
DENATRLA,2025-06-23 08:11:32.000,30.2,31.6,27.6,26.6,19.5,18.2,17.2,15.2,13.5,19.1,17.2,17.2,22.7,22.4,22.1,22.5,22.7,23.3,22.7,20.7,20.0,16.4,13.4,9.9,6.9,5.0,0.9,-3.5,-3.6,-3.7,-4.4,-3.1,-0.1,29.3,34.0,48.0,13.4,0.0,162.9,25.8,14.0,80.6,,,OBAnorm,,LD831_02097v2.403,,,,0,0
DENATRLA,2025-06-23 08:11:33.000,29.9,28.4,27.0,23.5,19.3,17.7,16.8,17.7,13.0,18.5,18.1,17.7,21.8,21.7,22.9,23.3,23.1,23.9,22.9,21.9,19.5,17.4,15.2,12.3,9.2,10.7,1.0,-2.7,-3.7,-3.7,-4.2,-3.3,-0.1,29.9,34.1,48.5,13.4,0.0,162.9,25.8,14.1,80.6,,,OBAnorm,,LD831_02097v2.403,,,,0,0
DENATRLA,2025-06-23 08:11:34.000,25.6,25.5,27.5,27.2,21.0,18.5,16.6,12.7,12.7,18.0,17.1,18.3,20.1,21.4,23.5,22.6,22.3,22.8,22.9,20.9,19.8,17.5,14.3,11.0,8.4,9.6,0.7,-3.3,-3.4,-3.4,-4.1,-2.9,-0.2,29.4,33.7,41.1,13.4,0.0,162.9,25.8,14.1,80.6,,,OBAnorm,,LD831_02097v2.403,,,,0,0
DENATRLA,2025-06-23 08:11:35.000,32.9,26.8,25.6,23.2,20.0,19.2,17.6,16.2,12.5,15.0,16.0,18.4,21.9,22.5,23.4,22.4,22.5,23.4,22.2,21.4,19.9,17.0,14.4,10.4,8.0,7.5,-0.1,-3.2,-3.7,-3.8,-4.4,-3.1,-0.2,29.5,34.0,46.6,13.4,0.0,162.9,25.8,14.1,80.6,,,OBAnorm,,LD831_02097v2.403,,,,0,0
DENATRLA,2025-06-23 08:11:36.000,29.3,29.3,25.1,25.3,19.9,15.5,17.1,16.1,13.5,18.5,15.7,18.8,19.1,21.3,22.3,22.6,22.5,23.2,23.2,21.5,19.6,16.7,14.2,10.6,8.0,5.4,-0.3,-3.6,-3.6,-3.8,-4.3,-3.0,0.0,29.6,33.9,42.1,13.4,0.0,162.9,25.8,14.1,80.6,,,OBAnorm,,LD831_02097v2.403,,,,0,0
DENATRLA,2025-06-23 08:11:37.000,30.2,30.0,27.9,25.1,22.9,21.2,18.7,14.7,14.2,18.0,15.6,18.5,20.5,21.9,22.0,22.8,23.4,24.4,28.0,33.6,20.6,17.9,14.8,11.8,8.6,6.4,3.1,-3.0,-2.2,-3.5,-4.3,-3.0,-0.1,35.5,37.2,43.6,13.4,0.0,162.9,25.8,14.1,80.6,,,OBAnorm,,LD831_02097v2.403,,,,0,0
DENATRLA,2025-06-23 08:11:38.000,30.6,29.1,28.7,25.8,19.5,19.4,17.6,16.5,13.9,18.3,15.9,18.3,22.1,21.6,23.1,23.2,23.4,23.1,23.0,21.7,19.3,17.6,14.6,10.8,7.5,5.1,0.0,-3.4,-3.5,-3.7,-4.4,-3.0,-0.1,29.7,33.9,43.2,13.4,0.0,162.9,25.8,14.1,80.6,,,OBAnorm,,LD831_02097v2.403,,,,0,0
DENATRLA,2025-06-23 08:11:39.000,26.9,24.0,26.0,25.0,19.5,20.2,17.6,15.5,14.4,17.8,15.3,19.0,21.7,21.7,22.9,23.0,22.6,24.0,22.9,21.6,19.6,17.4,14.3,10.6,7.9,4.7,-0.4,-3.4,-3.6,-3.7,-4.4,-3.1,0.0,29.7,34.1,45.0,13.4,0.0,162.9,25.8,14.1,80.6,,,OBAnorm,,LD831_02097v2.403,,,,0,0
DENATRLA,2025-06-23 08:11:40.000,33.5,27.1,21.4,22.7,20.5,21.0,15.3,15.8,11.1,17.7,13.9,18.6,20.9,21.6,22.1,23.0,22.8,23.5,23.0,21.6,19.1,16.9,14.1,10.8,7.4,5.1,-0.8,-3.7,-3.8,-3.9,-4.4,-3.0,0.0,29.5,34.8,52.0,13.4,0.0,162.9,25.8,14.1,80.6,,,OBAnorm,,LD831_02097v2.403,,,,0,0
DENATRLA,2025-06-23 08:11:41.000,22.1,23.4,28.0,24.4,21.6,19.7,16.8,16.6,13.1,15.4,15.8,17.7,21.8,21.8,22.2,22.7,22.7,23.4,22.7,22.0,19.3,17.2,13.9,10.1,7.9,5.6,-0.1,-3.3,-1.9,-3.2,-4.1,-2.9,0.0,29.6,33.9,48.8,13.4,0.0,161.7,25.8,14.1,80.6,,,OBAnorm,,LD831_02097v2.403,,,,0,0
DENATRLA,2025-06-23 08:11:42.000,33.7,33.1,25.3,20.9,19.8,20.6,18.4,14.9,12.8,15.5,14.9,17.2,20.3,20.7,22.6,22.6,22.7,22.9,22.3,20.8,19.0,16.6,14.0,9.5,8.4,16.1,9.9,-3.3,-3.3,-3.5,-4.3,-3.0,-0.1,29.4,34.6,52.6,13.4,0.0,143.1,25.8,14.1,80.6,,,OBAnorm,,LD831_02097v2.403,,,,0,0
DENATRLA,2025-06-23 08:11:43.000,34.6,28.6,23.7,20.5,20.2,17.9,21.7,17.9,14.5,19.3,15.0,18.0,20.8,21.6,21.9,23.2,22.2,22.2,21.7,20.5,18.5,15.9,13.1,9.2,11.2,19.4,15.6,0.3,-3.7,-3.7,-4.3,-3.0,0.1,29.5,38.3,57.4,13.4,0.0,123.5,25.8,14.1,80.6,,,OBAnorm,,LD831_02097v2.403,,,,0,0
DENATRLA,2025-06-23 08:11:44.000,34.0,28.5,27.3,30.4,25.3,21.0,17.9,16.4,12.8,17.4,15.4,16.5,20.7,20.6,21.6,22.1,22.5,23.0,21.8,20.6,18.9,15.8,12.3,8.9,6.4,3.8,-1.0,-3.6,-3.7,-3.9,-4.4,-3.1,0.0,28.8,36.1,51.8,13.4,0.0,91.5,25.8,14.1,80.6,,,OBAnorm,,LD831_02097v2.403,,,,0,0
DENATRLA,2025-06-23 08:11:45.000,36.9,36.1,33.8,26.6,24.9,19.9,17.0,14.6,12.0,15.1,15.6,19.1,21.2,20.8,22.1,22.7,21.7,22.7,22.8,20.7,19.1,16.1,13.0,9.7,6.0,4.0,-0.1,-3.3,-3.8,-3.9,-4.4,-3.2,-0.1,28.9,34.8,52.2,13.4,0.0,14.8,25.8,14.0,80.6,,,OBAnorm,,LD831_02097v2.403,,,,0,0
DENATRLA,2025-06-23 08:11:46.000,36.6,33.2,32.6,26.4,18.4,21.5,17.8,14.8,11.4,17.1,15.2,19.0,20.8,20.0,21.9,21.9,22.9,22.9,22.1,21.4,18.9,16.9,14.4,10.6,7.2,5.4,-1.4,-3.5,-3.8,-4.0,-4.4,-3.1,-0.1,29.2,34.2,52.3,13.4,0.0,11.2,25.8,14.0,78.9,,,OBAnorm,,LD831_02097v2.403,,,,0,0
DENATRLA,2025-06-23 08:11:47.000,38.1,35.9,26.0,23.5,18.3,16.5,17.2,14.4,12.1,15.8,13.8,17.9,21.1,22.1,22.1,21.7,21.9,23.1,22.1,20.7,19.5,16.6,14.7,10.7,7.8,6.1,-1.3,-3.7,-3.7,-3.8,-4.3,-3.2,-0.2,29.0,34.5,51.5,13.4,0.0,12.3,25.8,14.0,78.3,,,OBAnorm,,LD831_02097v2.403,,,,0,0
DENATRLA,2025-06-23 08:11:48.000,31.2,27.0,27.8,24.8,19.3,16.3,15.9,14.6,12.7,20.7,15.4,17.4,21.0,20.3,22.4,21.8,21.9,23.9,22.8,21.2,18.9,15.8,13.0,10.2,7.3,3.9,-1.5,-3.7,-3.8,-3.9,-4.4,-3.0,-0.1,29.1,36.9,55.6,13.4,0.0,4.2,25.8,14.0,80.0,,,OBAnorm,,LD831_02097v2.403,,,,0,0
DENATRLA,2025-06-23 08:11:49.000,32.1,30.7,26.9,28.0,27.6,18.3,16.5,15.4,13.1,17.6,15.6,16.9,21.0,21.4,22.3,21.8,21.8,22.6,22.1,21.2,18.6,16.2,12.7,9.1,6.0,3.6,-1.4,-3.8,-3.8,-3.9,-4.4,-3.2,-0.2,28.9,36.0,57.9,13.4,0.0,2.8,25.8,14.0,80.6,,,OBAnorm,,LD831_02097v2.403,,,,0,0
DENATRLA,2025-06-23 08:11:50.000,34.5,31.0,31.4,30.3,25.1,22.6,17.4,14.3,11.0,15.2,13.9,15.4,20.4,21.3,21.3,22.3,22.9,23.4,22.0,20.7,18.7,16.1,12.4,9.1,6.0,3.2,-1.9,-3.6,-3.8,-3.9,-4.5,-3.2,-0.1,28.7,37.6,59.8,13.4,0.0,2.8,25.8,14.0,80.6,,,OBAnorm,,LD831_02097v2.403,,,,0,0
DENATRLA,2025-06-23 08:11:51.000,37.8,37.7,29.1,32.1,24.8,20.7,17.7,16.3,14.2,15.3,15.3,17.1,21.9,19.8,20.4,22.0,22.1,22.2,22.5,21.4,18.7,15.7,12.8,9.3,7.1,3.4,-1.3,-3.7,-3.8,-3.9,-4.4,-3.0,-0.2,28.8,36.2,56.0,13.4,0.0,2.8,25.8,14.0,80.6,,,OBAnorm,,LD831_02097v2.403,,,,0,0
DENATRLA,2025-06-23 08:11:52.000,36.5,34.5,26.9,26.4,23.6,19.6,17.1,14.6,11.8,16.7,15.4,18.2,20.1,21.4,21.8,21.8,21.9,22.6,21.5,20.5,18.8,16.0,12.5,9.1,6.5,4.1,0.3,-3.5,-3.7,-3.7,-4.4,-3.2,-0.3,28.6,38.2,58.6,13.4,0.0,2.6,25.8,14.0,80.6,,,OBAnorm,,LD831_02097v2.403,,,,0,0
DENATRLA,2025-06-23 08:11:53.000,39.3,29.6,31.9,30.0,29.0,21.1,20.8,15.3,12.6,19.7,15.1,17.0,20.9,19.4,21.6,22.2,22.3,23.1,22.8,21.6,18.9,16.3,13.3,9.6,6.7,3.6,0.1,-3.4,-3.6,-3.9,-4.4,-3.2,-0.1,29.3,35.4,49.7,13.4,0.0,2.6,25.8,14.0,80.6,,,OBAnorm,,LD831_02097v2.403,,,,0,0
DENATRLA,2025-06-23 08:11:54.000,36.5,34.0,29.1,28.2,23.8,20.2,18.8,14.7,12.2,19.1,14.3,17.5,21.5,20.5,21.3,22.6,22.2,23.2,22.5,21.2,18.6,15.8,13.7,9.4,5.8,3.2,-1.7,-3.8,-3.8,-3.9,-4.5,-3.2,0.0,28.9,37.4,58.0,13.4,0.0,2.6,25.8,14.0,80.6,,,OBAnorm,,LD831_02097v2.403,,,,0,0
DENATRLA,2025-06-23 08:11:55.000,38.4,30.2,32.7,27.3,21.7,19.6,16.0,12.3,10.0,19.2,15.1,17.2,19.5,20.4,21.8,22.6,22.6,23.3,22.1,21.4,19.1,16.0,13.1,9.4,6.5,4.1,-1.3,-3.8,-3.7,-3.9,-4.4,-3.2,-0.2,28.9,35.1,54.9,13.4,0.0,2.6,25.8,14.0,80.6,,,OBAnorm,,LD831_02097v2.403,,,,0,0
DENATRLA,2025-06-23 08:11:56.000,35.9,37.6,30.3,27.1,20.5,17.4,16.6,15.8,12.8,15.3,15.5,16.9,20.9,21.2,21.7,22.3,22.9,24.6,23.4,21.4,18.7,16.3,14.1,10.6,7.5,7.2,3.1,-3.6,-3.8,-3.9,-4.4,-3.1,-0.2,29.7,34.0,48.7,13.4,0.0,2.6,25.8,14.0,80.6,,,OBAnorm,,LD831_02097v2.403,,,,0,0
DENATRLA,2025-06-23 08:11:57.000,34.9,32.2,28.6,22.2,20.1,18.7,17.3,13.5,9.5,14.1,13.9,17.4,19.9,21.8,22.5,21.8,23.2,22.6,22.7,21.3,18.8,15.7,13.7,10.3,6.7,4.1,-1.0,-3.8,-3.8,-3.9,-4.5,-3.2,-0.2,29.2,33.4,46.8,13.4,0.0,2.5,25.8,14.0,80.6,,,OBAnorm,,LD831_02097v2.403,,,,0,0
DENATRLA,2025-06-23 08:11:58.000,34.7,30.1,24.1,25.2,18.6,19.4,18.8,13.5,10.6,19.6,13.7,19.2,18.8,21.8,21.3,21.6,22.0,22.9,22.1,20.9,18.8,16.4,12.9,9.9,6.1,3.0,-1.2,-3.8,-3.7,-3.8,-4.4,-3.1,-0.2,28.7,33.2,45.5,13.4,0.0,2.6,25.8,14.0,80.6,,,OBAnorm,,LD831_02097v2.403,,,,0,0
DENATRLA,2025-06-23 08:11:59.000,30.7,27.1,23.1,23.4,20.9,18.7,15.7,16.5,11.9,20.6,15.4,17.0,20.2,21.1,21.5,21.5,23.1,22.7,21.9,21.0,19.3,16.4,13.2,9.4,6.1,3.1,-1.4,-3.7,-3.7,-3.8,-4.4,-3.0,-0.2,29.0,33.1,43.5,13.4,0.0,2.6,25.8,14.0,80.6,,,OBAnorm,,LD831_02097v2.403,,,,0,0
DENATRLA,2025-06-23 08:12:00.000,28.3,27.2,25.7,21.5,17.9,14.7,16.3,13.9,10.9,15.0,13.9,17.7,21.2,20.8,22.5,21.3,23.2,22.6,22.1,20.8,18.6,15.8,13.7,9.8,5.6,3.9,-1.8,-3.7,-3.7,-3.9,-4.4,-3.2,-0.2,28.8,33.8,49.1,13.4,0.0,2.6,25.8,14.0,80.6,,,OBAnorm,,LD831_02097v2.403,,,,0,0
DENATRLA,2025-06-23 08:12:01.000,31.6,25.9,25.0,23.7,24.1,18.9,20.8,18.7,15.2,15.3,14.4,17.6,19.7,19.6,21.8,22.1,21.5,22.3,21.7,20.3,18.4,15.2,12.9,9.7,5.9,3.6,-1.2,-3.6,-3.5,-3.8,-4.2,-3.1,-0.1,28.4,32.8,43.6,13.4,0.0,2.6,25.9,14.0,80.6,,,OBAnorm,,LD831_02097v2.403,,,,0,0
DENATRLA,2025-06-23 08:12:02.000,29.2,27.7,20.5,21.9,24.4,18.8,16.5,14.4,11.6,19.1,14.0,16.6,20.4,21.1,22.0,21.5,22.0,22.6,21.7,20.5,18.7,15.5,12.6,9.3,5.6,3.0,-1.1,-3.6,-3.6,-3.8,-4.4,-3.0,-0.2,28.5,33.1,40.2,13.4,0.0,2.6,25.8,14.0,80.6,,,OBAnorm,,LD831_02097v2.403,,,,0,0
DENATRLA,2025-06-23 08:12:03.000,29.6,27.8,25.2,23.3,20.5,18.6,17.4,14.4,11.8,20.0,15.2,18.0,20.5,20.9,21.3,21.7,22.4,22.7,22.0,21.3,18.7,15.4,12.9,9.9,6.6,3.1,-1.3,-3.7,-3.7,-3.9,-4.4,-3.1,-0.2,28.8,33.1,39.6,13.4,0.0,2.6,25.9,14.0,80.6,,,OBAnorm,,LD831_02097v2.403,,,,0,0
DENATRLA,2025-06-23 08:12:04.000,28.4,27.5,28.6,25.7,17.4,14.8,16.1,13.8,11.8,16.1,14.8,16.6,20.4,20.9,21.6,21.0,21.8,22.7,22.5,21.1,19.2,15.5,12.6,10.1,6.8,4.7,1.2,-3.3,-3.4,-3.8,-4.2,-3.1,-0.1,28.8,32.8,40.9,13.4,0.0,2.6,25.8,14.0,80.6,,,OBAnorm,,LD831_02097v2.403,,,,0,0
DENATRLA,2025-06-23 08:12:05.000,28.5,28.9,25.4,24.6,21.3,19.5,16.0,14.8,11.3,16.0,15.3,17.2,19.9,20.4,21.8,21.7,22.5,23.3,21.6,20.8,18.5,15.3,12.6,9.6,7.2,6.3,3.2,-1.4,-2.0,-2.9,-3.7,-2.7,-0.1,28.8,33.3,39.7,13.4,0.0,2.6,25.8,14.0,80.6,,,OBAnorm,,LD831_02097v2.403,,,,0,0
DENATRLA,2025-06-23 08:12:06.000,30.2,24.4,23.1,21.3,19.9,16.3,16.6,14.4,9.8,16.6,14.4,17.2,20.5,20.4,21.3,22.8,22.8,23.7,22.6,21.2,18.5,16.0,12.4,9.6,6.3,3.3,-1.1,-3.6,-3.5,-3.8,-4.4,-3.1,-0.1,29.1,33.0,39.1,13.4,0.0,2.6,25.9,14.0,80.6,,,OBAnorm,,LD831_02097v2.403,,,,0,0
DENATRLA,2025-06-23 08:12:07.000,30.6,32.1,27.4,21.2,17.3,16.3,15.6,12.3,11.3,18.5,13.9,16.7,19.9,20.4,21.9,22.5,22.4,23.4,22.7,21.2,18.9,16.7,13.6,9.7,10.0,18.5,13.4,-3.5,-3.7,-3.8,-4.4,-3.1,-0.2,29.8,33.1,41.3,13.4,0.0,2.6,25.8,14.0,80.6,,,OBAnorm,,LD831_02097v2.403,,,,0,0
DENATRLA,2025-06-23 08:12:08.000,30.5,28.3,26.6,22.7,16.7,19.5,15.1,12.5,10.8,17.4,15.0,18.2,19.1,20.9,22.4,23.1,23.0,23.0,22.4,21.2,18.8,15.8,13.7,10.0,10.6,19.3,15.2,6.0,-3.8,-3.9,-4.5,-3.1,-0.2,29.9,33.4,44.0,13.4,0.0,2.6,25.8,14.0,80.0,,,OBAnorm,,LD831_02097v2.403,,,,0,0
DENATRLA,2025-06-23 08:12:09.000,31.3,24.5,23.8,22.1,19.1,18.9,17.7,15.0,9.9,15.5,14.6,16.0,19.9,20.0,21.3,22.7,22.4,23.4,22.6,21.1,18.6,15.9,13.3,9.3,7.4,3.8,-1.4,-3.8,-3.8,-3.9,-4.4,-3.1,-0.1,29.1,32.9,39.8,13.4,0.0,2.6,25.8,14.0,80.0,,,OBAnorm,,LD831_02097v2.403,,,,0,0
DENATRLA,2025-06-23 08:12:10.000,26.6,28.9,24.2,22.9,21.6,18.2,16.3,12.8,11.4,13.3,14.2,16.2,20.8,20.2,20.6,21.1,22.3,22.9,22.7,21.1,18.3,15.4,13.4,9.1,6.4,3.3,-2.0,-3.7,-3.7,-3.9,-4.5,-3.2,0.0,28.7,32.6,37.5,13.4,0.0,2.6,25.8,14.0,80.0,,,OBAnorm,,LD831_02097v2.403,,,,0,0
DENATRLA,2025-06-23 08:12:11.000,22.7,26.4,26.7,23.7,20.6,14.6,15.4,12.3,8.7,13.6,15.1,16.2,19.1,20.4,21.4,21.9,21.9,22.0,21.6,20.5,18.0,15.2,11.9,8.3,5.2,2.5,-2.4,-3.8,-3.8,-4.0,-4.4,-3.2,-0.2,28.2,32.4,41.8,13.4,0.0,2.5,25.8,14.0,80.0,,,OBAnorm,,LD831_02097v2.403,,,,0,0
DENATRLA,2025-06-23 08:12:12.000,29.1,26.2,25.6,21.6,20.6,14.9,16.3,15.1,9.6,14.7,12.4,16.8,20.3,19.6,20.7,21.7,21.9,22.5,21.6,20.2,17.8,14.8,11.9,7.6,4.6,2.1,-2.6,-3.8,-3.8,-3.9,-4.4,-3.1,-0.2,28.2,32.1,41.9,13.4,0.0,2.6,25.9,14.0,80.0,,,OBAnorm,,LD831_02097v2.403,,,,0,0
DENATRLA,2025-06-23 08:12:13.000,29.9,30.0,23.9,24.1,19.7,17.4,12.9,12.9,11.4,16.4,15.0,17.6,19.7,20.2,20.6,21.8,22.0,22.2,21.9,20.5,17.8,14.8,12.2,8.2,4.6,2.0,-2.3,-3.7,-3.8,-3.9,-4.4,-3.2,-0.2,28.2,32.7,42.1,13.4,0.0,2.5,25.9,14.0,80.0,,,OBAnorm,,LD831_02097v2.403,,,,0,0
DENATRLA,2025-06-23 08:12:14.000,25.8,23.9,24.6,19.3,18.4,16.2,15.2,14.4,9.4,18.3,14.8,16.1,19.6,19.9,20.2,21.1,21.7,22.4,21.8,20.4,18.0,15.0,11.7,8.0,4.8,1.2,-2.7,-3.7,-3.7,-3.9,-4.3,-3.1,-0.2,28.2,32.4,42.6,13.4,0.0,2.6,25.9,14.0,80.0,,,OBAnorm,,LD831_02097v2.403,,,,0,0
DENATRLA,2025-06-23 08:12:15.000,26.6,26.3,27.0,23.9,21.8,18.1,16.3,12.3,10.6,16.8,12.9,16.7,20.0,19.6,21.7,21.5,22.5,22.6,21.7,20.0,18.4,15.4,11.5,7.9,4.6,1.7,-2.4,-3.6,-3.7,-3.8,-4.4,-3.1,-0.1,28.3,32.4,37.8,13.4,0.0,2.6,25.8,14.0,80.0,,,OBAnorm,,LD831_02097v2.403,,,,0,0
DENATRLA,2025-06-23 08:12:16.000,29.9,25.6,24.0,24.3,18.2,15.5,16.2,11.3,12.3,12.4,13.2,17.1,19.3,19.6,21.2,21.0,22.7,23.8,23.8,22.4,19.3,15.6,12.1,8.3,5.6,1.8,-2.4,-3.7,-3.7,-3.8,-4.4,-3.2,-0.2,29.4,32.6,40.3,13.4,0.0,2.6,25.8,14.0,80.0,,,OBAnorm,,LD831_02097v2.403,,,,0,0
DENATRLA,2025-06-23 08:12:17.000,28.6,29.0,23.1,20.4,18.5,17.0,14.2,13.7,10.9,12.5,13.0,16.1,20.5,19.9,21.7,21.3,21.8,22.9,21.9,21.0,18.6,16.0,12.7,9.9,5.4,2.1,-2.5,-3.8,-3.7,-3.8,-4.4,-3.1,-0.2,28.7,32.4,42.0,13.4,0.0,2.6,25.8,14.0,80.0,,,OBAnorm,,LD831_02097v2.403,,,,0,0
DENATRLA,2025-06-23 08:12:18.000,26.8,23.2,23.0,20.5,18.9,18.6,15.3,13.1,10.4,16.1,14.8,15.9,18.5,18.7,21.5,22.5,23.0,23.4,22.4,21.3,19.1,15.9,13.0,10.0,6.2,3.0,-1.4,-3.3,-3.5,-3.8,-4.4,-3.1,-0.2,29.0,32.6,42.9,13.4,0.0,2.6,25.9,14.0,80.6,,,OBAnorm,,LD831_02097v2.403,,,,0,0
DENATRLA,2025-06-23 08:12:19.000,27.2,25.2,25.0,22.4,18.7,17.8,15.3,11.6,10.4,17.6,14.8,17.7,19.1,19.5,21.1,21.7,22.0,23.1,23.0,21.4,18.3,15.9,12.5,9.2,5.7,3.5,-1.0,-3.0,-3.3,-3.8,-4.5,-3.2,-0.3,29.0,33.0,45.2,13.4,0.0,2.5,25.9,14.0,80.6,,,OBAnorm,,LD831_02097v2.403,,,,0,0
DENATRLA,2025-06-23 08:12:20.000,26.7,25.4,25.1,21.6,19.0,18.4,14.9,13.8,9.8,17.5,13.7,16.7,18.7,19.3,22.5,22.0,22.0,23.1,23.3,21.6,18.6,16.0,12.3,8.4,5.1,7.4,2.6,-3.4,-3.5,-3.9,-4.4,-3.2,-0.3,29.1,33.5,45.7,13.4,0.0,2.6,25.8,14.0,80.6,,,OBAnorm,,LD831_02097v2.403,,,,0,0
DENATRLA,2025-06-23 08:12:21.000,24.8,30.5,29.0,22.1,19.1,19.0,15.4,14.0,11.8,15.7,13.9,16.2,19.9,19.8,21.2,22.0,23.3,23.1,21.9,20.3,19.0,16.1,12.8,9.3,5.7,4.3,1.6,-3.3,-3.5,-3.9,-4.4,-3.1,-0.2,28.7,33.1,47.7,13.4,0.0,2.6,25.9,14.0,80.6,,,OBAnorm,,LD831_02097v2.403,,,,0,0
DENATRLA,2025-06-23 08:12:22.000,31.5,23.9,28.2,21.4,19.5,15.9,14.5,13.5,9.9,13.9,13.4,17.0,19.5,19.5,21.4,21.6,22.0,22.6,22.3,21.7,19.2,16.0,13.1,10.1,6.4,3.5,-0.2,-3.0,-3.3,-3.8,-4.3,-3.2,-0.3,28.9,33.7,44.5,13.4,0.0,2.6,25.9,14.0,80.6,,,OBAnorm,,LD831_02097v2.403,,,,0,0
DENATRLA,2025-06-23 08:12:23.000,32.3,23.9,28.0,23.2,20.3,19.3,14.5,13.6,11.0,20.1,13.4,17.0,20.3,19.6,21.3,22.1,22.6,22.6,23.0,21.7,19.3,16.2,13.4,9.7,6.6,3.4,-0.6,-3.4,-3.6,-3.9,-4.4,-3.2,-0.2,29.3,33.3,43.0,13.4,0.0,2.6,25.9,14.0,80.6,,,OBAnorm,,LD831_02097v2.403,,,,0,0
DENATRLA,2025-06-23 08:12:24.000,34.1,32.8,24.9,24.2,21.8,17.8,16.7,14.6,11.5,20.3,12.7,16.7,20.8,20.9,21.7,23.0,23.5,23.4,23.3,22.1,20.3,17.7,13.4,10.4,6.4,3.1,-0.7,-3.5,-3.4,-3.9,-4.3,-3.2,-0.2,29.8,33.8,44.1,13.4,0.0,2.6,25.9,14.0,80.6,,,OBAnorm,,LD831_02097v2.403,,,,0,0
DENATRLA,2025-06-23 08:12:25.000,28.2,27.4,28.3,22.8,21.7,17.6,15.9,11.8,10.1,16.7,15.0,15.1,19.6,19.6,22.1,21.2,22.1,24.1,23.1,20.9,19.4,16.1,13.6,12.0,6.7,3.7,-1.3,-3.7,-3.7,-4.0,-4.5,-3.1,-0.1,29.2,33.3,44.6,13.4,0.0,2.6,25.9,14.0,80.6,,,OBAnorm,,LD831_02097v2.403,,,,0,0
DENATRLA,2025-06-23 08:12:26.000,29.0,26.9,26.1,24.6,19.7,17.5,13.0,13.0,9.9,17.7,12.6,17.1,19.9,19.5,22.0,21.9,22.1,22.1,22.7,22.0,19.3,16.5,13.0,9.1,6.6,13.1,6.9,-3.6,-3.7,-3.9,-4.4,-3.2,-0.1,29.3,33.0,44.9,13.4,0.0,2.6,25.9,14.0,80.6,,,OBAnorm,,LD831_02097v2.403,,,,0,0
DENATRLA,2025-06-23 08:12:27.000,29.0,27.1,27.6,23.4,18.7,19.3,14.3,13.2,9.1,19.4,13.3,16.6,20.1,19.4,21.8,22.2,23.1,23.1,23.5,21.6,19.3,16.4,13.2,10.1,11.0,20.6,17.8,4.0,-3.7,-3.9,-4.4,-3.2,-0.2,30.3,33.9,44.7,13.4,0.0,2.6,25.9,14.0,80.6,,,OBAnorm,,LD831_02097v2.403,,,,0,0
DENATRLA,2025-06-23 08:12:28.000,24.7,29.5,27.6,21.6,21.2,19.0,16.3,12.8,10.6,16.8,13.7,15.5,19.0,20.8,21.8,22.8,23.3,24.0,23.2,21.5,19.4,16.4,13.7,9.4,5.9,2.8,-1.5,-3.8,-3.7,-3.9,-4.4,-3.1,-0.1,29.6,33.4,45.3,13.4,0.0,2.6,25.9,14.0,80.6,,,OBAnorm,,LD831_02097v2.403,,,,0,0
DENATRLA,2025-06-23 08:12:29.000,26.0,25.0,28.9,21.2,23.5,18.9,17.8,12.6,9.0,17.4,12.9,16.6,20.9,20.2,21.6,21.9,22.8,23.8,24.1,22.7,19.7,16.9,13.4,9.7,6.4,3.3,-0.6,-3.6,-3.6,-3.9,-4.4,-3.1,0.0,29.8,33.5,45.0,13.4,0.0,2.5,25.9,14.0,80.6,,,OBAnorm,,LD831_02097v2.403,,,,0,0
DENATRLA,2025-06-23 08:12:30.000,29.8,28.7,21.7,24.0,21.1,20.5,17.2,15.7,9.9,14.4,14.0,15.0,18.5,20.5,21.5,23.0,22.9,24.2,24.4,22.2,19.6,17.6,14.4,10.8,7.0,4.7,-0.3,-3.5,-3.6,-3.9,-4.4,-3.2,-0.1,30.1,33.6,48.1,13.4,0.0,2.6,25.9,14.0,80.6,,,OBAnorm,,LD831_02097v2.403,,,,0,0
DENATRLA,2025-06-23 08:12:31.000,27.9,29.0,25.7,22.6,22.0,16.0,15.7,14.0,9.8,21.0,14.3,16.2,20.0,21.1,21.7,23.0,24.0,25.2,24.0,22.5,20.7,18.1,14.8,11.4,7.7,5.4,-0.1,-3.0,-3.6,-3.9,-4.5,-3.2,-0.2,30.5,34.0,41.4,13.4,0.0,2.6,25.9,14.0,80.6,,,OBAnorm,,LD831_02097v2.403,,,,0,0
DENATRLA,2025-06-23 08:12:32.000,30.3,26.9,23.6,24.0,20.5,18.8,15.2,13.5,11.1,18.8,13.0,15.8,21.1,21.3,23.0,23.6,23.9,25.3,24.8,23.6,21.1,18.7,15.8,11.8,9.0,6.0,0.5,-3.1,-3.7,-3.9,-4.4,-3.2,-0.1,31.1,34.2,40.4,13.4,0.0,2.6,25.9,14.0,80.6,,,OBAnorm,,LD831_02097v2.403,,,,0,0
DENATRLA,2025-06-23 08:12:33.000,27.3,28.0,25.4,22.6,20.5,19.7,15.8,12.8,11.3,20.4,13.6,17.2,20.2,20.9,22.8,23.5,24.2,24.8,25.0,22.9,21.9,19.1,16.7,13.0,9.8,6.3,0.8,-2.9,-3.7,-3.8,-4.4,-3.1,-0.3,31.1,34.1,40.2,13.4,0.0,2.6,25.9,14.0,80.6,,,OBAnorm,,LD831_02097v2.403,,,,0,0
DENATRLA,2025-06-23 08:12:34.000,22.3,26.7,26.1,20.4,18.5,18.5,15.1,14.3,12.2,17.2,12.6,16.4,18.8,21.3,21.6,23.5,24.7,25.1,25.1,23.7,22.3,19.5,17.0,13.2,9.1,6.2,0.3,-2.8,-3.6,-3.7,-4.4,-3.2,-0.1,31.6,34.4,40.9,13.4,0.0,2.6,25.9,14.0,80.6,,,OBAnorm,,LD831_02097v2.403,,,,0,0
DENATRLA,2025-06-23 08:12:35.000,27.3,25.5,26.3,23.6,23.2,19.2,16.7,16.0,12.5,16.9,16.7,18.0,20.1,20.9,23.1,22.9,23.8,25.3,24.5,22.7,21.4,19.2,15.8,14.0,10.1,6.7,0.9,-3.0,-3.6,-3.7,-4.4,-3.2,-0.1,31.0,34.1,40.6,13.4,0.0,2.6,25.8,14.0,80.6,,,OBAnorm,,LD831_02097v2.403,,,,0,0
DENATRLA,2025-06-23 08:12:36.000,28.1,25.8,24.0,23.0,20.7,18.5,16.2,14.7,10.5,19.1,14.8,17.2,19.9,20.8,21.8,22.8,23.9,24.9,23.8,23.0,20.9,17.6,15.2,10.9,7.4,4.8,-0.9,-2.2,-2.7,-3.3,-4.4,-3.2,0.0,30.5,34.1,39.0,13.4,0.0,2.6,25.8,14.0,80.6,,,OBAnorm,,LD831_02097v2.403,,,,0,0
DENATRLA,2025-06-23 08:12:37.000,29.7,27.9,22.1,23.0,22.6,20.4,19.0,13.0,11.9,20.4,12.5,16.6,21.2,20.0,22.5,23.3,23.1,23.7,24.1,23.3,20.9,18.5,15.6,11.8,8.3,4.6,-0.5,-3.6,-3.6,-3.9,-4.4,-3.1,-0.2,30.7,34.0,39.6,13.4,0.0,2.6,25.9,14.0,81.2,,,OBAnorm,,LD831_02097v2.403,,,,0,0
DENATRLA,2025-06-23 08:12:38.000,26.5,26.4,21.4,23.5,22.1,17.8,15.4,12.5,11.0,21.0,14.9,16.3,20.1,19.1,22.0,23.7,23.9,24.9,24.5,22.9,21.6,18.3,15.5,12.4,7.8,4.3,-1.2,-3.7,-3.8,-3.9,-4.4,-3.2,-0.1,30.8,34.2,39.4,13.4,0.0,2.6,25.9,14.0,81.2,,,OBAnorm,,LD831_02097v2.403,,,,0,0
DENATRLA,2025-06-23 08:12:39.000,25.7,25.3,29.3,23.6,22.6,19.7,17.1,11.3,12.4,16.6,14.9,16.5,21.0,20.3,22.4,22.7,23.5,24.2,24.6,23.4,21.7,18.6,15.6,11.7,7.4,4.6,-0.4,-3.5,-3.7,-3.9,-4.4,-3.1,-0.2,30.8,34.2,40.1,13.4,0.0,2.6,25.9,14.0,81.2,,,OBAnorm,,LD831_02097v2.403,,,,0,0
DENATRLA,2025-06-23 08:12:40.000,26.4,30.1,26.5,25.0,20.7,19.0,15.5,15.0,12.8,19.9,14.8,16.8,23.1,21.8,21.6,22.6,24.3,24.3,24.2,23.1,21.7,18.9,15.7,11.9,8.7,5.2,0.3,-2.1,-3.5,-3.8,-4.4,-3.3,-0.2,30.8,34.3,39.7,13.4,0.0,2.5,25.9,14.0,81.2,,,OBAnorm,,LD831_02097v2.403,,,,0,0
DENATRLA,2025-06-23 08:12:41.000,26.0,29.5,25.9,23.2,17.5,18.1,17.6,14.7,11.5,18.9,16.6,17.0,20.3,20.6,21.7,23.3,23.3,24.4,24.3,23.0,21.5,18.6,15.3,11.9,7.7,5.4,1.3,-3.2,-3.6,-3.9,-4.5,-3.3,0.0,30.7,34.1,41.3,13.4,0.0,2.6,25.9,14.0,81.2,,,OBAnorm,,LD831_02097v2.403,,,,0,0
DENATRLA,2025-06-23 08:12:42.000,30.0,29.5,27.8,21.6,21.7,21.3,19.8,14.4,12.6,17.6,15.6,17.8,20.9,21.0,22.2,23.0,24.0,25.0,24.1,23.6,22.0,19.1,16.2,12.6,14.7,22.3,16.3,-0.1,-3.5,-3.8,-4.4,-3.3,-0.3,32.0,34.7,40.6,13.4,0.0,2.6,25.8,14.0,81.2,,,OBAnorm,,LD831_02097v2.403,,,,0,0
DENATRLA,2025-06-23 08:12:43.000,28.1,27.3,20.7,23.6,22.1,20.1,18.0,14.8,10.0,24.7,15.9,18.9,24.3,20.8,22.6,24.2,24.1,25.1,25.2,23.9,22.2,19.8,17.0,12.8,11.4,18.8,16.9,6.1,-3.3,-3.6,-4.4,-3.1,-0.1,32.0,35.1,41.2,13.4,0.0,2.6,25.9,14.0,81.2,,,OBAnorm,,LD831_02097v2.403,,,,0,0
DENATRLA,2025-06-23 08:12:44.000,26.0,25.8,24.0,21.0,21.9,20.9,18.9,15.5,10.5,19.4,15.3,17.7,20.4,21.9,23.9,24.0,25.7,25.3,24.8,24.2,21.9,19.9,17.5,13.9,10.4,7.2,2.4,-2.0,-3.2,-3.7,-4.4,-3.2,0.0,31.7,35.0,40.3,13.4,0.0,2.6,25.9,14.0,81.2,,,OBAnorm,,LD831_02097v2.403,,,,0,0
DENATRLA,2025-06-23 08:12:45.000,26.9,26.0,26.2,26.7,21.4,20.5,18.9,14.4,12.2,14.6,16.6,19.8,21.0,22.5,23.0,23.6,24.1,24.7,25.3,24.5,22.4,19.8,17.2,13.4,10.0,6.7,1.8,-1.9,-3.1,-3.7,-4.3,-3.2,-0.1,31.7,35.1,44.1,13.4,0.0,2.6,25.9,14.0,81.2,,,OBAnorm,,LD831_02097v2.403,,,,0,0
DENATRLA,2025-06-23 08:12:46.000,27.4,27.8,23.8,25.1,24.4,22.5,16.7,16.5,12.9,19.8,15.3,19.1,21.6,22.3,23.7,24.1,25.3,25.6,25.5,24.6,23.2,20.8,18.3,14.4,10.6,7.3,2.5,-1.4,-2.9,-3.5,-4.3,-3.2,-0.2,32.3,35.7,45.1,13.4,0.0,2.6,25.9,14.0,81.2,,,OBAnorm,,LD831_02097v2.403,,,,0,0
DENATRLA,2025-06-23 08:12:47.000,21.3,30.0,25.8,25.2,18.2,20.7,16.9,16.1,14.1,20.3,18.5,20.6,21.0,23.5,24.2,25.3,25.8,27.1,25.9,25.6,24.8,22.2,19.3,14.9,11.2,8.5,3.8,-0.9,-2.2,-3.3,-4.2,-3.2,-0.1,33.4,37.1,49.8,13.4,0.0,2.6,25.9,14.1,81.2,,,OBAnorm,,LD831_02097v2.403,,,,0,0
DENATRLA,2025-06-23 08:12:48.000,29.5,29.5,22.5,27.3,21.0,23.1,18.7,16.9,12.2,16.5,19.0,19.5,22.5,23.7,25.3,25.2,26.2,27.1,27.2,26.3,24.8,22.6,19.6,16.2,12.8,10.1,5.2,0.6,-0.8,-2.8,-4.2,-3.0,0.0,33.8,38.3,50.6,13.4,0.0,2.6,25.9,14.1,81.2,,,OBAnorm,,LD831_02097v2.403,,,,0,0
DENATRLA,2025-06-23 08:12:49.000,29.8,31.5,30.9,23.7,25.7,23.9,23.0,19.8,16.8,19.7,18.7,21.4,23.6,24.3,24.8,25.9,26.6,27.3,27.0,26.4,24.3,22.0,19.1,15.5,12.0,9.1,4.8,0.9,-0.6,-2.3,-3.8,-3.1,-0.2,33.7,38.6,53.3,13.4,0.0,2.6,25.9,14.1,81.2,,,OBAnorm,,LD831_02097v2.403,,,,0,0
DENATRLA,2025-06-23 08:12:50.000,36.4,36.7,31.5,26.7,24.2,23.5,21.2,17.9,13.8,19.5,20.7,23.3,23.7,24.3,24.5,26.0,25.3,26.5,27.2,27.0,25.1,22.2,19.8,15.9,12.5,10.4,6.8,3.0,0.1,-0.9,-3.0,-2.6,-0.1,33.9,38.5,51.4,13.4,0.0,7.7,25.9,14.1,81.2,,,OBAnorm,,LD831_02097v2.403,,,,0,0
DENATRLA,2025-06-23 08:12:51.000,39.9,32.8,36.3,28.7,22.4,23.6,23.1,17.9,15.6,21.1,21.7,23.2,25.1,25.1,26.7,26.3,27.2,28.0,28.6,28.0,26.6,24.9,21.8,18.1,14.6,12.3,8.7,5.1,2.8,0.4,-1.6,-1.5,0.3,35.4,39.3,54.9,13.4,0.0,45.3,25.9,14.1,81.2,,,OBAnorm,,LD831_02097v2.403,,,,0,0
DENATRLA,2025-06-23 08:12:52.000,38.2,35.4,27.7,29.9,23.4,22.5,22.3,20.7,16.9,22.1,24.5,25.5,24.9,25.7,26.8,27.2,28.5,28.8,29.6,28.8,27.7,25.8,22.4,18.5,15.3,12.7,9.1,5.5,2.5,0.8,-1.7,-1.8,0.1,36.3,40.6,56.0,13.4,0.0,61.7,25.9,14.1,81.2,,,OBAnorm,,LD831_02097v2.403,,,,0,0
DENATRLA,2025-06-23 08:12:53.000,35.1,32.0,31.3,28.2,30.0,26.9,24.8,23.3,17.7,21.9,22.9,25.7,24.9,26.8,26.6,28.7,27.6,29.1,29.1,29.3,27.5,25.3,22.3,18.6,14.8,12.6,9.1,5.7,2.9,1.3,-0.9,-1.2,0.3,36.3,44.3,61.3,13.4,0.0,61.7,25.9,14.1,81.2,,,OBAnorm,,LD831_02097v2.403,,,,0,0
DENATRLA,2025-06-23 08:12:54.000,36.2,32.9,35.2,38.7,32.8,30.4,26.8,23.6,21.1,21.5,24.0,26.3,25.5,25.7,26.9,27.3,28.6,29.3,29.1,28.9,27.7,25.1,21.7,17.7,14.3,12.0,8.7,4.6,2.8,1.3,-1.3,-1.5,0.3,36.3,49.2,68.7,13.4,0.0,61.3,25.9,14.1,81.2,,,OBAnorm,,LD831_02097v2.403,,,,0,0
DENATRLA,2025-06-23 08:12:55.000,46.6,36.9,38.8,39.1,38.2,36.7,37.6,34.5,34.3,28.3,26.3,27.7,26.9,26.9,28.1,27.5,28.5,29.6,29.4,28.9,27.7,24.3,21.5,18.2,14.1,12.0,7.9,4.7,3.7,2.2,-0.3,-0.7,0.8,36.3,52.9,70.3,13.4,0.0,39.1,25.9,14.1,81.2,,,OBAnorm,,LD831_02097v2.403,,,,0,0
DENATRLA,2025-06-23 08:12:56.000,45.2,43.5,53.0,48.1,45.8,42.2,34.6,29.6,28.3,23.5,25.2,27.1,26.0,26.5,26.7,27.0,29.0,29.5,29.4,29.0,27.2,25.3,21.4,17.9,14.1,11.4,7.8,4.6,3.3,1.8,-0.6,-0.8,0.4,36.2,43.7,60.5,13.4,0.4,239.9,25.9,14.2,80.6,,,OBAnorm,,LD831_02097v2.403,,,,0,0
DENATRLA,2025-06-23 08:12:57.000,55.0,51.8,45.5,38.3,34.3,27.0,25.9,21.5,20.4,23.2,26.1,27.5,26.4,27.5,27.5,29.5,28.8,30.5,30.0,29.2,28.0,25.4,21.9,18.0,14.7,12.5,9.3,6.3,4.5,3.2,0.9,0.1,0.7,36.8,42.5,57.4,13.4,1.0,242.5,25.9,14.2,80.6,,,OBAnorm,,LD831_02097v2.403,,,,0,0
DENATRLA,2025-06-23 08:12:58.000,52.8,44.4,35.8,35.1,30.0,27.4,26.7,24.1,23.1,24.7,24.9,28.0,27.1,27.2,28.1,28.5,29.7,30.0,30.5,29.9,29.1,26.8,23.4,20.2,16.8,15.0,11.3,8.9,6.0,4.3,1.3,0.3,1.0,37.6,51.8,66.2,13.4,1.2,244.7,25.9,14.2,80.6,,,OBAnorm,,LD831_02097v2.403,,,,0,0
DENATRLA,2025-06-23 08:12:59.000,43.2,37.8,44.3,40.0,42.0,38.5,39.1,36.0,28.2,26.2,28.5,27.2,28.3,28.4,29.1,28.6,28.8,29.9,30.2,29.6,28.5,26.4,23.3,19.1,16.0,13.8,10.2,7.1,6.0,4.7,2.1,0.9,1.0,37.1,48.0,69.3,13.4,1.1,291.9,25.9,14.2,80.1,,,OBAnorm,,LD831_02097v2.403,,,,0,0
DENATRLA,2025-06-23 08:13:00.000,43.2,42.4,53.2,43.6,39.2,31.9,26.0,20.4,21.9,23.0,25.0,25.8,25.7,26.3,27.6,28.1,28.2,29.3,29.1,28.2,27.2,23.8,20.5,16.3,12.8,10.2,7.0,4.6,4.6,4.0,2.0,0.7,0.8,35.7,44.6,63.1,13.4,1.1,153.0,25.9,14.2,80.1,,,OBAnorm,,LD831_02097v2.403,,,,0,0
DENATRLA,2025-06-23 08:13:01.000,56.7,49.2,35.7,30.2,29.2,29.8,30.2,25.0,21.7,21.1,23.6,24.8,25.9,25.8,25.8,26.2,27.3,28.0,27.7,27.0,25.9,22.5,19.7,15.3,11.6,9.4,6.1,3.4,3.6,2.3,0.8,-0.2,0.7,34.5,46.8,65.0,13.4,1.1,124.7,25.9,14.1,80.6,,,OBAnorm,,LD831_02097v2.403,,,,0,0
DENATRLA,2025-06-23 08:13:02.000,49.3,41.4,42.0,35.5,36.9,33.0,19.0,19.4,17.6,23.8,22.5,23.6,25.6,25.4,25.7,27.0,26.9,28.6,27.9,25.8,24.8,21.2,17.9,13.8,10.0,7.8,4.2,1.6,2.0,1.4,-1.5,-1.7,0.2,34.1,40.9,58.9,13.4,1.1,119.4,25.9,14.1,80.0,,,OBAnorm,,LD831_02097v2.403,,,,0,0
DENATRLA,2025-06-23 08:13:03.000,52.1,43.9,30.8,33.4,28.3,27.9,27.8,23.8,19.7,25.8,22.3,23.7,23.6,25.0,26.0,26.3,27.8,27.1,27.1,25.9,24.1,21.2,17.7,13.4,9.5,7.2,3.8,1.3,1.5,0.7,-1.2,-1.6,0.4,33.5,46.5,65.6,13.4,1.0,113.0,25.9,14.1,79.5,,,OBAnorm,,LD831_02097v2.403,,,,0,0
DENATRLA,2025-06-23 08:13:04.000,43.5,34.6,32.8,37.8,36.1,33.2,31.2,31.2,28.7,25.2,24.4,22.5,26.2,24.1,25.4,26.7,27.5,26.9,27.3,25.6,23.3,20.5,17.0,14.1,10.0,7.4,4.0,1.3,1.3,0.9,-1.3,-1.5,0.3,33.5,52.9,67.8,13.4,0.9,84.1,25.9,14.1,79.5,,,OBAnorm,,LD831_02097v2.403,,,,0,0
DENATRLA,2025-06-23 08:13:05.000,42.2,43.6,47.9,47.3,46.0,39.7,37.7,37.4,36.2,34.7,28.3,27.3,26.1,25.9,25.1,26.0,26.1,27.4,25.9,24.9,22.9,19.7,16.7,12.9,8.6,7.0,3.6,0.9,1.4,-0.1,-1.7,-1.1,1.1,33.4,61.9,74.8,13.4,0.8,29.0,25.9,14.1,80.0,,,OBAnorm,,LD831_02097v2.403,,,,0,0
DENATRLA,2025-06-23 08:13:06.000,48.3,45.8,53.6,57.1,52.7,47.6,46.1,42.1,37.8,31.0,27.9,26.0,25.9,24.3,24.4,25.7,27.2,26.7,26.0,25.1,23.4,20.5,16.5,12.6,10.2,14.7,11.1,4.5,6.6,6.3,4.2,2.5,3.1,33.4,57.8,82.5,13.4,1.0,21.5,25.9,14.0,79.5,,,OBAnorm,,LD831_02097v2.403,,,,0,0
DENATRLA,2025-06-23 08:13:07.000,53.5,61.3,62.2,51.6,41.3,43.0,41.7,38.4,36.8,31.3,27.6,24.5,24.4,25.2,25.1,26.4,26.2,27.5,26.7,25.5,23.5,21.0,17.5,13.7,10.3,8.0,5.2,2.7,2.0,1.5,-0.3,-0.4,1.9,33.5,57.7,78.1,13.4,1.4,38.0,25.9,14.0,79.5,,,OBAnorm,,LD831_02097v2.403,,,,0,0
DENATRLA,2025-06-23 08:13:08.000,66.0,61.9,54.7,54.3,48.9,46.6,39.3,36.7,32.0,25.8,22.7,23.7,25.2,24.8,25.5,25.7,26.9,27.7,26.4,24.7,23.2,20.7,17.3,13.2,9.8,7.1,3.3,1.2,0.7,-0.2,-0.6,-1.0,0.2,33.1,48.1,69.8,13.4,1.8,67.3,25.9,14.0,80.0,,,OBAnorm,,LD831_02097v2.403,,,,0,0
DENATRLA,2025-06-23 08:13:09.000,62.3,56.7,51.4,45.2,36.9,32.6,31.3,29.3,26.0,27.8,22.7,23.9,23.5,25.0,25.2,25.6,27.1,27.2,27.1,25.4,23.9,21.0,17.7,13.7,10.2,7.8,4.1,1.0,0.3,-0.4,-2.1,-1.9,0.2,33.4,45.6,68.8,13.4,1.8,65.9,25.9,14.0,80.0,,,OBAnorm,,LD831_02097v2.403,,,,0,0
DENATRLA,2025-06-23 08:13:10.000,55.5,49.2,43.8,38.9,36.2,30.3,24.5,20.9,18.0,23.1,22.6,24.2,25.7,24.8,25.9,26.8,26.5,26.9,26.4,26.0,24.1,21.3,18.2,13.8,9.4,7.8,4.2,1.3,0.2,-0.4,-2.6,-2.2,0.1,33.6,37.8,51.6,13.4,1.6,79.2,25.9,14.0,80.0,,,OBAnorm,,LD831_02097v2.403,,,,0,0
DENATRLA,2025-06-23 08:13:11.000,49.4,43.6,33.7,27.8,28.2,25.3,20.2,21.2,18.7,22.6,23.3,23.0,25.2,25.9,25.4,26.6,26.8,27.4,26.6,25.8,24.8,22.0,18.5,14.3,10.3,8.9,5.3,2.1,0.8,-0.5,-2.5,-2.1,0.4,33.8,41.4,58.2,13.4,1.4,78.6,25.9,14.0,78.9,,,OBAnorm,,LD831_02097v2.403,,,,0,0
DENATRLA,2025-06-23 08:13:12.000,41.8,30.8,28.0,30.2,29.4,27.7,24.1,18.6,19.0,23.3,23.5,24.9,25.4,25.5,25.1,26.9,27.0,28.2,27.4,27.1,25.6,23.2,19.8,15.7,11.7,9.3,6.2,2.4,2.2,1.3,-0.6,-1.5,0.2,34.6,44.6,62.7,13.4,1.2,77.5,25.9,14.0,78.9,,,OBAnorm,,LD831_02097v2.403,,,,0,0
DENATRLA,2025-06-23 08:13:13.000,40.1,33.3,33.3,35.5,32.1,29.1,28.3,23.9,21.9,29.3,23.3,24.3,26.1,25.4,26.6,26.8,27.9,28.9,29.3,28.3,27.3,25.3,21.9,18.5,14.6,11.8,8.8,8.5,9.2,3.6,4.5,-0.2,0.6,35.9,42.2,63.1,13.4,1.0,71.6,25.9,14.0,80.0,,,OBAnorm,,LD831_02097v2.403,,,,0,0
DENATRLA,2025-06-23 08:13:14.000,45.4,41.8,41.6,36.1,32.2,30.0,24.3,21.4,21.7,24.2,25.0,23.8,25.0,24.4,25.3,26.7,26.9,27.8,27.6,27.3,26.5,24.3,20.7,17.7,15.3,19.9,20.6,15.3,16.7,5.8,3.1,-1.2,0.8,35.4,52.8,75.2,13.4,0.8,63.5,25.9,14.0,80.0,,,OBAnorm,,LD831_02097v2.403,,,,0,0
DENATRLA,2025-06-23 08:13:15.000,41.1,43.6,37.2,42.6,39.4,35.0,32.9,29.1,26.9,28.2,24.9,23.5,25.5,24.4,25.1,25.9,27.5,28.1,28.4,27.2,26.0,23.2,20.4,17.4,14.4,17.9,19.5,12.9,13.5,7.5,1.4,-1.5,0.4,35.1,51.5,70.8,13.4,0.8,41.2,25.9,14.0,79.5,,,OBAnorm,,LD831_02097v2.403,,,,0,0
DENATRLA,2025-06-23 08:13:16.000,44.3,44.5,51.3,43.9,37.8,34.3,29.8,28.6,23.4,30.4,23.2,25.0,25.1,23.7,25.3,26.1,27.3,27.7,28.1,27.3,26.3,23.6,20.2,16.4,12.4,13.0,11.6,8.1,7.7,3.0,0.4,-0.9,0.7,34.9,53.7,73.1,13.4,0.8,50.6,25.9,14.0,79.5,,,OBAnorm,,LD831_02097v2.403,,,,0,0
DENATRLA,2025-06-23 08:13:17.000,51.7,56.7,43.3,43.2,43.5,38.6,36.4,33.9,30.2,27.9,22.2,23.0,24.8,24.3,25.7,26.1,27.2,27.4,27.3,25.8,25.0,22.8,18.6,14.7,10.7,8.2,5.5,2.3,1.4,1.3,-0.1,-0.5,0.7,33.9,49.0,69.6,13.4,1.1,58.1,25.9,14.0,80.0,,,OBAnorm,,LD831_02097v2.403,,,,0,0
DENATRLA,2025-06-23 08:13:18.000,54.6,53.7,47.6,42.2,39.7,35.2,31.3,30.4,27.8,22.4,24.6,24.6,25.7,23.9,24.6,25.3,25.3,26.7,26.4,25.0,23.6,20.3,16.4,12.2,8.7,6.0,2.7,0.1,0.4,-0.1,-1.4,-1.5,0.4,32.7,51.9,71.1,13.4,1.5,54.4,25.9,14.0,80.6,,,OBAnorm,,LD831_02097v2.403,,,,0,0
DENATRLA,2025-06-23 08:13:19.000,56.1,53.5,46.5,42.8,42.9,38.6,33.7,26.0,26.0,23.1,21.2,23.5,26.0,23.1,24.0,25.0,25.8,26.1,25.2,24.0,22.5,19.0,15.5,11.9,7.8,5.4,2.4,-1.0,-1.4,-1.9,-3.2,-2.3,0.5,32.0,53.5,73.2,13.4,1.5,54.4,25.9,14.0,80.0,,,OBAnorm,,LD831_02097v2.403,,,,0,0
DENATRLA,2025-06-23 08:13:20.000,57.1,48.1,45.9,41.2,36.6,37.3,32.1,32.7,24.1,28.8,19.7,21.1,23.7,23.9,23.3,24.1,24.6,25.3,24.2,23.3,21.2,18.0,14.0,10.8,7.6,4.6,0.9,-1.4,-1.1,-2.0,-3.4,-2.6,0.1,31.1,45.6,61.7,13.4,1.5,28.6,25.9,14.0,80.0,,,OBAnorm,,LD831_02097v2.403,,,,0,0
DENATRLA,2025-06-23 08:13:21.000,56.3,51.8,48.0,38.9,39.3,33.7,24.6,24.4,19.5,23.2,22.4,20.6,23.1,23.1,24.6,24.0,24.4,25.0,24.6,23.1,20.9,17.7,14.1,10.4,8.1,4.7,1.0,-1.1,-1.8,-1.6,-3.2,-2.4,0.3,31.0,48.3,66.4,13.4,1.5,28.6,25.9,14.0,80.0,,,OBAnorm,,LD831_02097v2.403,,,,0,0
DENATRLA,2025-06-23 08:13:22.000,54.1,51.6,41.8,37.9,35.5,31.6,33.6,28.9,26.7,25.5,21.6,21.1,22.7,22.4,23.2,23.2,23.9,24.9,24.3,23.0,20.8,18.1,14.4,9.7,6.4,3.9,1.0,-1.1,-0.3,0.1,-2.1,-2.1,0.2,30.8,49.8,68.0,13.4,1.4,40.1,25.9,14.0,80.0,,,OBAnorm,,LD831_02097v2.403,,,,0,0
DENATRLA,2025-06-23 08:13:23.000,48.9,45.9,46.0,43.9,42.4,35.6,32.6,31.9,26.2,25.6,22.0,20.6,25.3,23.0,23.9,23.6,24.8,25.1,24.0,22.9,20.6,17.6,14.3,10.1,6.7,5.5,2.3,0.5,-0.4,-1.1,-2.6,-1.7,0.4,30.9,51.7,71.7,13.4,1.3,44.3,25.9,14.0,80.0,,,OBAnorm,,LD831_02097v2.403,,,,0,0
DENATRLA,2025-06-23 08:13:24.000,54.7,48.4,46.5,43.4,38.0,39.4,37.9,34.9,29.7,28.8,24.8,22.8,23.5,23.2,22.5,24.5,23.7,24.4,23.1,21.9,19.2,16.4,13.0,8.1,5.3,5.2,2.6,-1.0,0.3,0.8,-0.5,-1.3,0.7,30.2,58.8,75.6,13.4,1.2,44.8,25.9,14.0,80.0,,,OBAnorm,,LD831_02097v2.403,,,,0,0
DENATRLA,2025-06-23 08:13:25.000,53.3,47.9,55.1,50.7,46.8,43.5,40.9,36.8,34.4,32.2,26.7,25.3,24.7,22.8,21.5,23.2,24.5,23.5,22.4,21.3,18.9,16.0,12.2,8.6,9.9,20.1,15.9,2.7,0.9,1.3,-0.3,-1.5,0.7,30.6,57.7,72.8,13.4,1.1,46.7,25.9,14.0,80.0,,,OBAnorm,,LD831_02097v2.403,,,,0,0
DENATRLA,2025-06-23 08:13:26.000,61.0,56.5,57.0,52.8,51.3,41.7,38.4,36.9,33.3,28.0,22.4,20.0,23.2,21.5,22.8,23.9,22.4,23.6,21.9,20.8,19.0,15.5,12.1,8.3,6.4,12.8,13.7,0.7,-1.2,-1.6,-2.5,-1.7,0.9,29.6,56.5,77.0,13.4,1.0,61.4,25.9,14.0,79.5,,,OBAnorm,,LD831_02097v2.403,,,,0,0
DENATRLA,2025-06-23 08:13:27.000,60.2,59.7,53.1,51.1,42.9,38.5,38.5,32.9,27.4,24.9,20.4,19.3,22.1,21.0,21.4,22.5,22.9,23.2,22.4,20.8,18.5,16.2,12.5,9.8,6.7,3.7,0.6,-1.5,-2.4,-3.3,-3.9,-2.7,-0.1,29.1,45.9,65.8,13.4,1.0,66.9,25.9,14.0,79.5,,,OBAnorm,,LD831_02097v2.403,,,,0,0
DENATRLA,2025-06-23 08:13:28.000,62.5,58.1,48.1,41.2,35.0,36.0,31.8,30.1,24.7,20.2,17.5,17.8,20.6,20.9,20.7,23.0,23.2,23.0,22.7,21.5,18.4,15.5,12.6,9.3,6.4,3.4,-0.6,-3.0,-3.2,-3.5,-4.1,-2.9,-0.1,29.2,45.0,65.8,13.4,1.0,75.5,25.9,14.0,79.5,,,OBAnorm,,LD831_02097v2.403,,,,0,0
DENATRLA,2025-06-23 08:13:29.000,58.4,45.3,39.7,33.8,35.4,29.4,27.0,29.7,24.4,20.6,17.4,18.4,21.1,20.3,21.5,22.9,22.0,23.2,22.7,21.6,19.3,15.8,12.9,9.8,6.7,3.3,-0.6,-2.8,-3.3,-3.6,-4.3,-3.1,-0.1,29.2,42.0,63.3,13.4,1.0,75.9,25.9,14.0,79.5,,,OBAnorm,,LD831_02097v2.403,,,,0,0
DENATRLA,2025-06-23 08:13:30.000,49.0,43.6,37.9,33.4,29.3,25.3,22.6,18.9,12.6,15.7,16.2,17.9,20.1,21.0,20.9,22.7,23.5,23.1,21.8,21.0,18.3,15.3,12.7,8.7,4.9,2.4,-1.5,-3.6,-3.5,-3.7,-4.3,-3.0,-0.1,28.8,38.2,55.7,13.4,1.0,76.1,25.9,14.0,79.5,,,OBAnorm,,LD831_02097v2.403,,,,0,0
DENATRLA,2025-06-23 08:13:31.000,44.5,39.3,33.9,32.7,24.3,22.2,15.9,14.8,12.7,13.8,14.0,17.3,18.5,19.8,20.4,21.6,23.0,22.7,22.4,20.0,18.1,15.5,11.7,8.1,4.5,2.1,-2.0,-3.5,-3.6,-3.9,-4.5,-3.2,-0.1,28.4,33.7,48.1,13.4,0.8,73.1,25.9,14.0,79.5,,,OBAnorm,,LD831_02097v2.403,,,,0,0
DENATRLA,2025-06-23 08:13:32.000,43.1,34.4,29.8,27.0,19.2,16.2,19.0,13.9,11.0,20.6,14.3,17.5,20.2,20.6,21.6,21.8,23.0,22.6,22.2,20.6,17.3,14.9,11.8,8.6,5.1,2.9,-0.6,-2.9,-3.2,-3.8,-4.4,-3.1,-0.2,28.6,33.5,43.0,13.4,0.7,76.1,25.9,14.0,80.0,,,OBAnorm,,LD831_02097v2.403,,,,0,0
DENATRLA,2025-06-23 08:13:33.000,36.8,30.7,27.1,23.8,24.6,20.1,15.3,13.1,12.2,15.1,14.5,17.3,21.3,20.0,22.8,22.5,22.3,23.4,22.4,20.8,17.7,15.3,11.7,7.7,4.3,2.1,-1.3,-3.0,-3.3,-3.7,-4.4,-3.1,-0.1,28.6,32.9,44.9,13.4,0.6,76.1,25.9,14.0,80.6,,,OBAnorm,,LD831_02097v2.403,,,,0,0
DENATRLA,2025-06-23 08:13:34.000,28.8,32.3,24.6,23.1,19.9,16.1,15.6,14.5,13.0,16.6,15.9,18.1,19.8,19.4,20.8,21.7,21.9,22.2,21.9,20.4,18.2,14.9,12.5,8.5,4.9,2.0,-1.8,-3.0,-3.5,-3.8,-4.3,-3.1,-0.2,28.3,33.6,48.3,13.4,0.4,73.1,26.0,14.0,78.9,,,OBAnorm,,LD831_02097v2.403,,,,0,0
DENATRLA,2025-06-23 08:13:35.000,27.0,28.3,28.1,20.5,20.0,17.4,17.6,12.5,8.7,15.5,14.0,16.4,20.0,20.2,21.6,22.0,22.2,22.5,21.9,20.8,17.5,14.5,11.8,8.8,4.9,2.5,-1.4,-3.4,-3.7,-3.8,-4.4,-3.0,-0.2,28.3,32.7,42.9,13.4,0.4,72.8,25.9,14.0,77.2,,,OBAnorm,,LD831_02097v2.403,,,,0,0
DENATRLA,2025-06-23 08:13:36.000,28.5,29.7,25.5,23.5,19.9,18.4,15.1,13.7,10.0,16.6,15.8,16.7,19.4,21.1,20.9,22.0,22.4,22.5,21.3,20.6,18.0,14.9,11.9,8.6,5.8,3.5,-0.4,-3.0,-3.5,-3.8,-4.4,-3.2,-0.1,28.3,34.1,52.0,13.4,0.4,72.7,25.9,14.0,76.6,,,OBAnorm,,LD831_02097v2.403,,,,0,0
DENATRLA,2025-06-23 08:13:37.000,34.6,25.0,24.9,25.4,20.2,19.0,13.9,14.4,9.7,17.1,16.4,17.7,18.9,19.8,21.8,21.3,22.0,22.6,22.0,19.9,17.8,15.3,12.1,9.2,6.4,4.8,1.4,-2.6,-3.4,-3.8,-4.4,-3.1,-0.3,28.2,37.5,57.3,13.4,0.4,74.4,25.9,14.0,76.6,,,OBAnorm,,LD831_02097v2.403,,,,0,0
DENATRLA,2025-06-23 08:13:38.000,29.2,33.8,26.2,26.6,24.7,23.5,21.5,18.4,13.7,15.9,17.0,16.1,19.6,21.0,21.2,22.5,23.3,23.2,22.0,20.3,18.2,14.9,11.6,8.9,6.3,5.6,3.2,-1.3,-2.7,-3.8,-4.4,-3.1,-0.1,28.8,41.4,60.2,13.4,0.4,86.8,25.9,14.0,78.3,,,OBAnorm,,LD831_02097v2.403,,,,0,0
DENATRLA,2025-06-23 08:13:39.000,35.0,35.7,36.2,35.8,28.1,29.3,19.9,16.1,10.7,17.9,15.1,16.9,19.1,20.7,21.1,21.8,21.9,22.3,21.6,19.9,18.3,15.1,11.6,7.9,5.7,4.0,1.1,-2.6,-3.3,-3.7,-4.4,-3.1,0.0,28.2,34.9,54.3,13.4,0.4,157.7,25.9,14.0,80.0,,,OBAnorm,,LD831_02097v2.403,,,,0,0
DENATRLA,2025-06-23 08:13:40.000,40.4,41.1,36.9,29.9,23.2,19.2,10.9,13.7,9.9,13.1,14.2,16.9,19.7,19.3,20.8,22.0,23.3,23.0,22.6,20.1,17.7,15.0,11.5,8.3,4.5,2.7,-0.9,-3.5,-3.5,-3.7,-4.3,-2.8,0.0,28.6,36.6,55.6,13.4,0.3,239.9,25.9,14.1,80.6,,,OBAnorm,,LD831_02097v2.403,,,,0,0
DENATRLA,2025-06-23 08:13:41.000,40.0,37.6,31.0,28.1,22.0,18.5,16.3,13.4,13.2,21.5,16.6,17.5,19.4,19.6,21.0,21.2,22.4,22.5,21.9,20.2,18.3,14.7,11.6,7.8,4.5,2.1,-0.9,-3.5,-3.7,-3.9,-4.5,-3.1,0.0,28.2,35.7,53.9,13.4,0.1,243.2,25.9,14.1,80.0,,,OBAnorm,,LD831_02097v2.403,,,,0,0
DENATRLA,2025-06-23 08:13:42.000,33.2,34.0,29.7,25.3,22.1,19.9,17.0,15.5,10.4,22.3,15.1,18.2,20.0,20.0,21.4,21.7,22.9,22.1,22.0,20.2,18.2,15.7,11.7,8.7,5.0,3.5,0.5,-3.1,-3.5,-3.8,-4.3,-3.1,-0.2,28.5,33.7,47.1,13.4,0.1,243.6,25.9,14.1,80.0,,,OBAnorm,,LD831_02097v2.403,,,,0,0
DENATRLA,2025-06-23 08:13:43.000,31.0,32.3,29.9,22.2,20.9,20.1,17.3,16.6,13.9,24.3,14.5,18.6,18.6,19.7,21.3,21.3,21.8,22.0,22.4,20.8,18.6,15.7,12.7,8.8,11.1,20.0,14.5,-1.1,-2.7,-3.2,-3.8,-2.6,0.0,29.4,34.5,49.4,13.4,0.1,243.7,25.9,14.1,80.6,,,OBAnorm,,LD831_02097v2.403,,,,0,0
DENATRLA,2025-06-23 08:13:44.000,36.1,31.9,30.9,26.8,21.6,20.0,16.6,14.0,11.7,19.9,14.5,16.3,19.2,19.9,21.0,22.2,22.7,23.2,22.3,19.8,18.1,15.4,11.9,8.8,10.3,18.6,13.8,5.9,-3.0,-3.6,-4.3,-3.0,-0.1,29.3,33.3,47.1,13.4,0.1,243.8,25.9,14.1,80.6,,,OBAnorm,,LD831_02097v2.403,,,,0,0
DENATRLA,2025-06-23 08:13:45.000,28.6,26.8,28.2,23.5,20.5,19.8,18.5,15.4,12.5,19.0,14.5,16.3,20.9,19.0,22.8,22.2,22.6,23.1,22.9,21.0,18.0,15.9,12.8,9.0,7.5,5.8,1.9,-1.9,-3.1,-3.9,-4.4,-3.3,-0.2,29.1,33.1,41.4,13.4,0.1,243.8,25.9,14.1,80.6,,,OBAnorm,,LD831_02097v2.403,,,,0,0
DENATRLA,2025-06-23 08:13:46.000,32.7,28.2,27.6,22.4,19.8,17.4,13.8,15.4,12.3,16.0,16.0,19.2,20.3,20.6,21.5,22.7,23.7,23.9,22.7,21.3,19.2,16.3,12.2,9.2,6.3,4.5,2.2,-1.9,-3.3,-3.8,-4.4,-3.1,-0.1,29.3,33.3,38.5,13.4,0.1,243.9,25.9,14.1,80.6,,,OBAnorm,,LD831_02097v2.403,,,,0,0
DENATRLA,2025-06-23 08:13:47.000,29.8,25.5,23.7,22.6,19.6,16.7,14.6,14.5,10.0,19.9,14.2,17.5,20.3,19.4,22.2,22.4,22.2,22.9,21.8,20.0,18.3,15.4,12.6,9.1,6.1,4.8,2.4,-1.4,-3.1,-3.8,-4.4,-3.1,-0.1,28.6,33.2,38.5,13.4,0.1,243.9,26.0,14.1,80.6,,,OBAnorm,,LD831_02097v2.403,,,,0,0
DENATRLA,2025-06-23 08:13:48.000,28.2,28.5,25.6,23.2,22.3,20.5,14.7,13.4,10.6,25.2,16.6,17.3,18.1,21.0,22.1,21.9,22.9,22.4,22.3,20.2,18.0,15.5,12.5,10.0,7.2,4.8,2.1,-1.9,-3.1,-3.8,-4.4,-3.1,0.0,28.6,34.2,41.3,13.4,0.1,243.9,26.0,14.1,80.6,,,OBAnorm,,LD831_02097v2.403,,,,0,0
DENATRLA,2025-06-23 08:13:49.000,28.4,28.4,27.0,24.5,19.9,18.5,15.0,14.7,10.6,30.8,20.9,16.0,21.4,20.0,21.5,22.9,22.8,23.4,22.2,21.1,17.8,15.1,12.0,8.5,6.1,4.7,2.0,-2.3,-3.2,-3.7,-4.0,-2.9,0.0,29.0,34.8,40.6,13.4,0.1,244.0,25.9,14.1,80.6,,,OBAnorm,,LD831_02097v2.403,,,,0,0
DENATRLA,2025-06-23 08:13:50.000,23.2,29.9,25.1,26.6,22.6,16.0,16.3,14.2,13.1,27.0,20.8,17.2,20.7,21.1,21.6,22.4,21.4,22.2,21.9,19.8,18.3,15.5,12.0,8.5,6.4,6.9,2.3,-1.9,-3.3,-3.9,-4.4,-3.2,-0.1,28.5,33.3,40.4,13.4,0.1,244.1,25.9,14.1,80.6,,,OBAnorm,,LD831_02097v2.403,,,,0,0
DENATRLA,2025-06-23 08:13:51.000,28.1,28.2,28.7,21.9,20.1,15.5,15.9,15.6,11.3,19.6,17.5,15.5,20.7,20.9,21.5,22.0,22.6,22.9,22.6,20.1,17.8,16.1,12.2,8.8,6.0,5.2,2.7,-1.9,-3.0,-3.8,-4.4,-3.1,-0.1,28.6,32.6,38.5,13.4,0.0,244.1,25.9,14.2,80.6,,,OBAnorm,,LD831_02097v2.403,,,,0,0
DENATRLA,2025-06-23 08:13:52.000,24.6,26.3,22.6,16.7,23.3,17.9,12.8,13.5,11.6,17.1,13.9,16.1,19.8,19.8,20.5,20.5,22.9,22.8,21.3,19.9,18.0,14.9,12.2,8.7,7.1,10.3,5.6,-1.9,-3.2,-3.7,-4.3,-3.0,-0.2,28.4,32.3,38.9,13.4,0.0,244.0,26.0,14.2,80.6,,,OBAnorm,,LD831_02097v2.403,,,,0,0
DENATRLA,2025-06-23 08:13:53.000,27.2,22.1,25.9,24.6,17.8,19.6,15.3,13.2,11.9,12.4,15.2,16.6,18.3,19.9,22.1,22.6,22.3,22.8,22.1,20.2,18.4,14.7,12.0,8.6,17.8,28.1,24.7,2.6,-2.5,-3.7,-4.4,-3.2,-0.2,32.8,34.2,38.8,13.4,0.0,244.0,25.9,14.2,80.6,,,OBAnorm,,LD831_02097v2.403,,,,0,0
DENATRLA,2025-06-23 08:13:54.000,29.4,26.5,25.1,23.3,20.5,17.4,17.9,15.3,10.3,16.2,15.1,17.9,21.2,21.0,21.0,22.3,22.4,23.6,21.8,20.3,18.2,14.8,12.1,8.9,9.8,19.5,21.2,12.0,-3.4,-4.0,-4.4,-3.2,0.0,30.0,33.4,39.3,13.4,0.0,244.1,25.9,14.2,81.2,,,OBAnorm,,LD831_02097v2.403,,,,0,0
DENATRLA,2025-06-23 08:13:55.000,26.8,22.7,26.8,24.5,22.2,18.9,14.8,13.6,11.9,20.0,17.3,17.0,18.7,18.2,20.2,22.6,23.2,22.6,22.4,20.5,18.1,16.0,13.7,9.4,7.1,6.2,4.1,-1.8,-3.3,-3.9,-4.4,-3.1,-0.1,28.7,32.8,38.7,13.4,0.0,244.0,25.9,14.2,81.2,,,OBAnorm,,LD831_02097v2.403,,,,0,0
DENATRLA,2025-06-23 08:13:56.000,26.6,29.2,21.8,22.4,23.5,16.9,14.9,12.3,7.6,15.1,15.6,16.0,18.8,19.7,21.4,21.5,22.2,23.2,21.6,19.7,18.1,15.0,12.5,9.2,7.1,6.4,3.5,-2.2,-3.5,-3.9,-4.5,-3.3,-0.1,28.3,32.6,41.6,13.4,0.0,244.0,25.9,14.2,81.2,,,OBAnorm,,LD831_02097v2.403,,,,0,0
DENATRLA,2025-06-23 08:13:57.000,24.8,25.8,27.6,24.9,20.6,17.2,13.4,13.5,11.0,15.6,16.5,17.1,20.3,20.0,20.9,21.9,23.3,23.2,22.6,21.0,19.1,15.7,12.5,9.4,6.1,6.9,1.9,-2.5,-3.6,-4.0,-4.4,-3.2,-0.2,29.1,32.8,42.2,13.4,0.0,244.1,25.9,14.2,81.2,,,OBAnorm,,LD831_02097v2.403,,,,0,0
DENATRLA,2025-06-23 08:13:58.000,27.0,23.7,24.0,23.4,19.5,16.5,13.6,12.8,10.8,15.1,13.9,15.2,19.7,19.8,21.3,22.8,22.3,22.0,22.0,20.7,17.9,14.8,11.4,8.3,5.9,4.4,1.0,-2.9,-3.6,-3.9,-4.4,-3.3,-0.3,28.4,32.2,38.4,13.4,0.0,244.1,25.9,14.2,81.2,,,OBAnorm,,LD831_02097v2.403,,,,0,0
DENATRLA,2025-06-23 08:13:59.000,28.0,25.0,26.4,21.0,21.6,16.1,14.7,13.5,10.0,18.7,16.1,16.0,21.3,20.8,20.9,21.8,21.8,22.6,21.5,20.1,17.1,14.6,11.5,7.7,5.3,4.0,0.8,-3.0,-3.6,-3.9,-4.5,-3.3,-0.2,28.1,33.0,41.7,13.4,0.0,244.0,25.9,14.2,81.2,,,OBAnorm,,LD831_02097v2.403,,,,0,0
DENATRLA,2025-06-23 08:14:00.000,26.7,24.9,20.7,22.4,18.9,14.7,14.2,13.5,11.6,26.0,21.3,17.7,26.4,22.8,19.6,21.1,21.5,22.5,21.7,20.2,17.1,15.3,12.1,7.8,5.7,3.6,0.1,-3.2,-3.7,-3.9,-4.4,-3.2,-0.2,28.4,34.1,44.6,13.4,0.0,244.1,25.9,14.2,81.2,,,OBAnorm,,LD831_02097v2.403,,,,0,0
DENATRLA,2025-06-23 08:14:01.000,25.1,28.4,24.6,24.2,17.7,17.1,15.9,14.9,10.7,27.2,18.4,14.6,20.1,21.0,21.4,21.6,21.7,22.6,21.9,20.3,18.0,15.2,12.0,8.5,5.4,3.3,-0.3,-3.5,-3.7,-3.9,-4.4,-3.2,-0.2,28.3,32.8,44.0,13.4,0.0,244.0,25.9,14.2,81.2,,,OBAnorm,,LD831_02097v2.403,,,,0,0
DENATRLA,2025-06-23 08:14:02.000,25.0,26.8,22.6,25.0,20.5,15.4,15.1,12.5,7.9,19.7,13.8,17.5,19.8,19.8,20.6,21.6,22.7,22.5,22.1,19.6,18.2,15.1,11.9,8.8,6.2,3.3,-1.0,-3.7,-3.7,-4.0,-4.5,-3.2,-0.2,28.3,34.1,52.8,13.4,0.0,244.1,25.9,14.2,81.2,,,OBAnorm,,LD831_02097v2.403,,,,0,0
DENATRLA,2025-06-23 08:14:03.000,30.3,25.5,25.2,24.6,22.9,14.5,15.3,12.4,9.0,14.6,13.5,15.8,20.3,19.5,21.0,21.3,22.5,22.5,21.9,20.4,18.6,15.3,12.5,9.2,6.3,3.3,-1.1,-3.8,-3.8,-3.9,-4.4,-3.0,-0.2,28.5,33.2,47.8,13.4,0.0,244.2,25.9,14.2,81.2,,,OBAnorm,,LD831_02097v2.403,,,,0,0
DENATRLA,2025-06-23 08:14:04.000,30.4,30.8,28.5,26.3,20.5,15.5,14.4,11.9,9.3,15.9,14.4,16.4,19.9,20.2,21.1,21.3,22.7,23.2,22.6,20.6,18.3,15.7,13.1,8.9,5.5,7.4,4.2,-2.5,-3.6,-2.4,-3.2,-3.1,-0.2,28.9,33.6,46.9,13.4,0.0,244.2,26.0,14.2,81.2,,,OBAnorm,,LD831_02097v2.403,,,,0,0
DENATRLA,2025-06-23 08:14:05.000,33.4,31.1,25.4,24.3,16.4,16.6,13.3,13.6,12.5,21.9,14.7,16.7,21.0,19.5,20.5,21.7,22.2,22.8,21.7,20.6,18.2,15.2,12.1,8.3,5.1,4.1,0.9,-3.6,-3.7,-3.9,-4.4,-3.2,-0.1,28.5,33.9,51.7,13.4,0.0,244.2,25.9,14.2,81.2,,,OBAnorm,,LD831_02097v2.403,,,,0,0
DENATRLA,2025-06-23 08:14:06.000,32.9,30.3,24.7,21.9,23.2,18.6,16.4,13.5,12.7,24.5,17.0,18.4,19.0,19.8,20.2,20.8,22.0,22.8,22.2,20.6,18.0,14.5,11.6,8.7,4.8,2.4,-1.2,-3.8,-3.8,-3.9,-4.4,-3.1,-0.2,28.3,33.9,50.6,13.4,0.0,244.2,26.0,14.2,81.2,,,OBAnorm,,LD831_02097v2.403,,,,0,0
DENATRLA,2025-06-23 08:14:07.000,31.3,32.3,26.9,22.9,17.3,18.0,15.3,15.1,12.0,25.5,15.3,17.2,20.3,19.7,20.4,20.5,23.0,22.8,22.7,20.3,18.0,14.7,11.5,8.3,4.7,2.2,-1.4,-3.6,-3.8,-3.8,-4.5,-3.1,-0.1,28.5,33.6,46.9,13.4,0.0,244.2,26.0,14.2,81.2,,,OBAnorm,,LD831_02097v2.403,,,,0,0
DENATRLA,2025-06-23 08:14:08.000,28.0,28.2,25.6,25.9,19.6,15.9,15.5,11.9,13.1,23.7,14.9,16.4,22.6,19.6,20.6,20.9,21.2,22.6,22.4,20.0,17.1,14.6,11.5,7.8,4.3,2.7,-0.5,-3.3,-3.6,-3.9,-4.4,-3.1,-0.2,28.1,33.8,47.6,13.4,0.0,244.2,25.9,14.2,81.2,,,OBAnorm,,LD831_02097v2.403,,,,0,0
DENATRLA,2025-06-23 08:14:09.000,31.5,30.1,26.1,24.0,19.6,17.0,17.1,13.0,11.2,26.2,17.1,17.0,19.6,18.6,21.1,21.4,21.2,22.7,22.1,20.5,18.4,14.9,11.7,8.5,5.1,4.0,1.5,-1.5,-2.7,-3.7,-4.3,-3.0,0.1,28.4,34.4,47.5,13.4,0.0,244.2,25.9,14.2,81.2,,,OBAnorm,,LD831_02097v2.403,,,,0,0
DENATRLA,2025-06-23 08:14:10.000,30.3,28.7,24.6,25.7,20.0,19.3,13.8,14.3,10.1,29.9,12.9,15.1,22.0,18.8,20.2,20.9,20.7,22.6,22.0,20.1,18.8,15.7,11.9,8.6,5.7,5.5,3.7,0.0,-1.8,-3.5,-4.3,-3.2,-0.1,28.4,36.7,53.2,13.4,0.0,244.3,25.9,14.2,81.2,,,OBAnorm,,LD831_02097v2.403,,,,0,0
DENATRLA,2025-06-23 08:14:11.000,30.8,27.3,32.5,28.5,22.2,16.7,14.1,10.6,9.6,23.5,15.4,16.1,20.1,19.5,20.3,20.8,21.2,22.7,22.7,21.0,18.7,15.5,12.6,9.0,6.0,5.4,3.6,-0.7,-2.2,-3.8,-4.4,-3.3,-0.2,28.6,34.5,51.7,13.4,0.0,244.3,26.0,14.2,81.2,,,OBAnorm,,LD831_02097v2.403,,,,0,0
DENATRLA,2025-06-23 08:14:12.000,37.0,34.4,30.7,23.1,21.2,15.4,13.8,13.8,11.3,19.5,12.4,15.9,21.5,20.5,20.8,21.6,22.2,22.8,22.8,21.9,19.7,16.8,13.4,9.9,7.1,5.9,3.9,-0.1,-2.2,-3.7,-4.4,-3.2,-0.2,29.4,35.7,51.9,13.4,0.0,244.2,26.0,14.2,81.2,,,OBAnorm,,LD831_02097v2.403,,,,0,0
DENATRLA,2025-06-23 08:14:13.000,36.8,30.9,31.8,22.6,21.5,18.3,14.1,12.3,12.2,19.3,14.5,17.2,22.6,20.4,21.2,21.9,22.8,23.2,23.7,21.8,19.8,17.3,14.1,10.3,7.1,6.7,4.1,-0.7,-2.8,-3.7,-4.5,-3.3,-0.1,29.6,34.4,50.7,13.4,0.0,244.3,25.9,14.2,81.2,,,OBAnorm,,LD831_02097v2.403,,,,0,0
DENATRLA,2025-06-23 08:14:14.000,35.7,34.0,29.7,23.3,23.3,18.7,16.3,11.8,11.2,22.3,19.2,18.1,22.0,20.0,21.3,22.2,22.8,23.3,23.3,21.4,19.3,16.4,13.8,10.1,6.5,6.1,3.8,-1.8,-3.2,-3.9,-4.4,-3.2,-0.2,29.6,34.3,53.2,13.4,0.0,244.3,26.0,14.2,81.2,,,OBAnorm,,LD831_02097v2.403,,,,0,0
DENATRLA,2025-06-23 08:14:15.000,35.6,33.9,25.6,26.0,21.5,17.3,15.4,13.7,11.0,24.5,13.0,17.2,20.4,20.5,21.6,22.9,24.1,24.1,24.0,22.3,20.1,17.5,14.2,10.6,7.2,5.6,3.1,-1.7,-3.0,-3.8,-4.3,-3.1,-0.1,30.2,34.2,45.9,13.4,0.0,244.2,25.9,14.2,81.2,,,OBAnorm,,LD831_02097v2.403,,,,0,0
DENATRLA,2025-06-23 08:14:16.000,33.8,25.6,26.0,23.2,21.0,16.1,13.8,12.9,10.5,21.7,13.7,18.4,19.7,21.3,21.6,21.9,23.5,23.7,23.6,21.8,19.9,17.0,13.8,10.0,7.3,6.0,3.5,-1.1,-2.9,-4.0,-4.5,-3.1,-0.1,29.8,33.5,42.9,13.4,0.0,244.3,26.0,14.2,81.2,,,OBAnorm,,LD831_02097v2.403,,,,0,0
DENATRLA,2025-06-23 08:14:17.000,29.0,31.2,24.5,25.9,17.9,17.9,15.6,14.7,12.6,18.1,14.6,16.7,19.7,19.7,20.9,23.1,23.4,24.0,23.1,22.4,19.9,17.0,13.8,10.5,7.5,6.4,3.6,-1.3,-2.8,-3.9,-4.3,-3.3,-0.2,29.8,33.6,42.3,13.4,0.0,244.3,26.0,14.2,81.2,,,OBAnorm,,LD831_02097v2.403,,,,0,0
DENATRLA,2025-06-23 08:14:18.000,26.5,29.8,23.5,23.8,20.9,18.7,14.9,13.0,10.5,20.2,14.2,15.9,18.2,19.6,21.1,22.0,23.1,23.4,22.9,21.4,19.2,16.5,13.1,9.8,7.7,7.1,4.8,0.1,-2.2,-3.8,-4.5,-3.2,-0.2,29.2,33.0,41.8,13.4,0.0,244.2,26.0,14.2,81.2,,,OBAnorm,,LD831_02097v2.403,,,,0,0
DENATRLA,2025-06-23 08:14:19.000,24.9,27.2,27.0,25.9,22.0,16.8,14.9,13.5,8.8,15.7,13.4,15.7,19.6,20.0,21.1,23.1,24.1,23.8,23.8,21.6,18.9,16.7,13.8,10.0,8.1,7.2,4.6,-0.4,-2.3,-3.8,-4.5,-3.2,-0.2,29.8,33.2,40.8,13.4,0.0,244.3,25.9,14.2,81.2,,,OBAnorm,,LD831_02097v2.403,,,,0,0
DENATRLA,2025-06-23 08:14:20.000,26.5,25.2,25.7,25.8,18.5,18.7,15.6,13.7,10.7,14.7,15.3,15.7,18.9,20.0,21.9,22.5,23.4,24.1,23.0,21.8,19.3,17.2,13.8,10.6,7.6,6.2,3.4,-1.0,-2.8,-3.8,-4.5,-3.3,-0.2,29.7,33.4,42.1,13.4,0.0,244.3,26.0,14.2,81.2,,,OBAnorm,,LD831_02097v2.403,,,,0,0
DENATRLA,2025-06-23 08:14:21.000,29.0,24.7,25.0,25.0,21.7,15.4,15.0,11.7,8.9,12.9,13.5,16.6,18.4,20.0,21.3,22.3,23.2,23.4,23.5,21.9,19.9,16.9,13.9,10.0,8.7,17.7,12.0,-0.9,-2.8,-3.8,-4.5,-3.2,-0.1,30.0,35.9,52.9,13.4,0.0,244.3,26.0,14.2,81.2,,,OBAnorm,,LD831_02097v2.403,,,,0,0
DENATRLA,2025-06-23 08:14:22.000,26.8,26.2,26.8,24.1,23.2,21.4,17.1,14.2,11.6,14.5,15.8,16.4,18.6,19.4,21.0,22.0,22.8,23.7,23.9,22.0,20.0,16.9,13.9,10.8,11.5,22.4,18.5,8.9,-3.0,-3.8,-4.4,-3.0,-0.2,30.9,35.6,55.4,13.4,0.0,244.3,26.0,14.2,81.2,,,OBAnorm,,LD831_02097v2.403,,,,0,0
DENATRLA,2025-06-23 08:14:23.000,30.1,34.0,30.9,25.4,21.5,20.3,17.2,12.0,12.4,13.5,13.7,16.1,19.6,20.0,22.3,22.9,23.9,24.4,24.3,22.4,19.8,17.2,14.1,10.2,6.9,5.1,1.9,-2.6,-3.2,-3.9,-4.4,-3.2,-0.2,30.2,33.8,47.5,13.4,0.0,244.3,26.0,14.2,81.2,,,OBAnorm,,LD831_02097v2.403,,,,0,0
DENATRLA,2025-06-23 08:14:24.000,33.9,29.5,24.9,22.9,21.6,20.7,15.7,15.0,9.9,13.7,14.2,15.5,20.1,21.5,21.3,23.1,22.8,24.5,23.8,22.7,20.3,17.7,13.9,10.6,6.5,8.8,5.6,-1.9,-3.4,-3.9,-4.4,-3.1,-0.2,30.2,34.0,45.7,13.4,0.0,244.3,26.0,14.2,81.2,,,OBAnorm,,LD831_02097v2.403,,,,0,0
DENATRLA,2025-06-23 08:14:25.000,32.1,25.8,25.9,24.8,18.5,20.8,15.7,14.0,11.2,11.5,14.4,17.4,19.5,21.5,22.7,22.6,23.7,24.6,23.5,22.5,20.4,17.7,14.4,10.7,7.2,7.7,6.0,-1.2,-3.1,-3.8,-4.5,-3.2,-0.1,30.4,34.2,47.4,13.4,0.0,244.4,26.0,14.2,81.8,,,OBAnorm,,LD831_02097v2.403,,,,0,0
DENATRLA,2025-06-23 08:14:26.000,22.6,25.6,28.0,24.8,23.3,17.9,18.6,13.9,10.6,16.0,15.5,16.7,19.8,20.9,23.2,22.1,23.7,25.0,24.0,22.7,20.5,18.1,14.5,10.9,7.7,5.4,1.7,-2.2,-3.2,-3.8,-4.4,-3.2,-0.1,30.5,33.7,42.5,13.4,0.0,244.3,26.0,14.2,81.8,,,OBAnorm,,LD831_02097v2.403,,,,0,0
DENATRLA,2025-06-23 08:14:27.000,32.9,30.2,23.4,22.8,20.3,15.8,15.0,11.3,12.3,12.2,14.7,17.6,18.7,20.1,20.3,23.2,24.5,25.3,25.0,22.8,19.9,17.4,14.1,10.4,8.4,5.0,1.0,-2.6,-3.0,-3.9,-4.4,-3.2,-0.2,30.6,34.0,42.4,13.4,0.0,244.3,26.0,14.2,81.8,,,OBAnorm,,LD831_02097v2.403,,,,0,0
DENATRLA,2025-06-23 08:14:28.000,24.8,28.8,21.6,22.5,22.1,20.1,15.6,14.8,12.2,12.3,15.6,17.3,18.8,20.5,20.8,22.5,23.3,24.4,24.2,22.1,20.2,17.5,14.1,10.2,6.6,4.6,1.7,-2.5,-3.4,-3.9,-4.4,-3.1,-0.2,30.0,34.3,47.1,13.4,0.0,244.2,25.9,14.2,81.8,,,OBAnorm,,LD831_02097v2.403,,,,0,0
DENATRLA,2025-06-23 08:14:29.000,28.2,28.9,25.0,27.2,23.8,19.7,16.6,13.4,13.5,13.9,13.8,17.3,18.5,20.6,21.6,22.8,22.4,23.6,24.0,22.5,20.6,17.6,13.9,10.5,7.2,6.4,5.0,0.1,-2.6,-3.9,-4.4,-3.3,-0.2,30.0,33.9,48.4,13.4,0.0,244.3,26.0,14.2,81.2,,,OBAnorm,,LD831_02097v2.403,,,,0,0
DENATRLA,2025-06-23 08:14:30.000,30.4,28.1,27.2,25.4,17.9,17.9,16.1,13.9,10.8,14.4,15.1,17.1,19.3,19.2,21.6,22.4,23.2,24.3,23.8,23.0,20.8,17.8,14.2,10.4,7.5,5.8,3.4,-1.1,-2.7,-3.8,-4.4,-3.1,-0.1,30.2,33.8,45.6,13.4,0.0,244.3,26.0,14.2,81.2,,,OBAnorm,,LD831_02097v2.403,,,,0,0
DENATRLA,2025-06-23 08:14:31.000,32.5,27.6,26.5,23.6,24.4,18.4,16.7,13.5,12.1,13.9,14.0,17.4,19.7,21.2,22.7,22.5,23.2,23.7,24.1,22.8,20.5,17.6,14.3,10.6,7.1,5.8,3.7,-0.2,-2.5,-3.8,-4.4,-3.2,-0.1,30.3,34.3,47.0,13.4,0.0,244.3,26.0,14.2,81.2,,,OBAnorm,,LD831_02097v2.403,,,,0,0
DENATRLA,2025-06-23 08:14:32.000,29.7,30.2,25.0,24.1,23.4,17.0,14.3,16.1,13.0,15.4,15.4,16.4,19.3,20.9,22.9,22.3,23.0,24.3,23.9,22.3,20.6,17.0,14.2,11.6,10.2,6.6,4.2,-0.3,-2.2,-3.7,-4.4,-3.2,-0.1,30.2,33.9,47.1,13.4,0.0,244.3,26.0,14.2,81.2,,,OBAnorm,,LD831_02097v2.403,,,,0,0
DENATRLA,2025-06-23 08:14:33.000,28.8,25.6,27.0,26.4,22.2,19.2,15.3,14.2,11.6,13.8,14.5,16.2,20.5,21.9,22.1,21.0,23.9,23.7,24.6,23.2,20.3,17.7,14.7,10.5,7.5,5.7,3.0,-1.0,-2.6,-3.9,-4.5,-3.2,-0.2,30.4,33.9,44.1,13.4,0.0,244.3,26.0,14.2,81.2,,,OBAnorm,,LD831_02097v2.403,,,,0,0
DENATRLA,2025-06-23 08:14:34.000,32.5,26.4,27.9,23.5,21.0,17.7,15.5,14.3,12.3,15.7,15.8,19.0,19.3,21.7,22.7,22.5,24.5,24.9,24.8,23.7,20.9,17.7,14.8,11.1,7.3,5.4,2.9,-1.0,-3.4,-3.9,-4.4,-3.2,-0.1,31.0,34.3,44.4,13.4,0.0,244.2,26.0,14.2,81.2,,,OBAnorm,,LD831_02097v2.403,,,,0,0
DENATRLA,2025-06-23 08:14:35.000,30.8,25.6,27.8,22.4,21.1,20.8,13.3,13.7,12.1,14.6,13.7,17.9,20.4,21.3,22.4,22.3,23.3,24.5,24.9,23.3,20.9,18.1,15.0,11.1,7.7,4.8,0.0,-3.4,-3.6,-4.0,-4.5,-3.1,-0.1,30.7,34.1,41.4,13.4,0.0,244.3,26.0,14.2,81.2,,,OBAnorm,,LD831_02097v2.403,,,,0,0
DENATRLA,2025-06-23 08:14:36.000,29.9,26.9,26.6,25.8,21.8,17.9,16.5,13.7,10.9,13.1,14.4,17.6,18.2,21.6,22.0,23.2,24.1,25.6,24.7,23.6,21.2,18.8,15.8,11.8,8.5,5.9,1.8,-2.2,-3.2,-3.8,-4.3,-3.0,-0.2,31.2,34.4,42.7,13.4,0.0,244.3,26.0,14.2,81.2,,,OBAnorm,,LD831_02097v2.403,,,,0,0
DENATRLA,2025-06-23 08:14:37.000,29.8,25.2,25.6,25.0,22.3,17.8,17.3,11.3,13.8,12.4,13.8,17.6,20.0,21.1,23.4,23.8,24.5,25.2,24.5,23.6,21.6,18.6,15.8,12.5,9.3,7.3,3.9,-0.8,-2.3,-3.4,-4.1,-3.1,-0.1,31.1,35.6,50.5,13.4,0.0,244.3,26.0,14.2,81.2,,,OBAnorm,,LD831_02097v2.403,,,,0,0
DENATRLA,2025-06-23 08:14:38.000,27.5,26.4,29.9,27.7,26.3,20.1,14.8,15.4,14.6,15.6,16.3,18.0,20.3,21.3,22.7,23.2,24.8,25.4,24.3,23.3,21.0,19.0,15.6,12.1,8.7,6.6,2.4,-2.1,-3.4,-3.7,-4.3,-3.1,-0.1,31.2,34.6,47.3,13.4,0.0,244.3,26.0,14.2,81.2,,,OBAnorm,,LD831_02097v2.403,,,,0,0
DENATRLA,2025-06-23 08:14:39.000,24.2,30.3,25.8,23.1,22.8,17.3,15.6,16.1,13.1,14.7,15.4,18.1,19.8,21.2,22.4,23.6,24.6,24.8,24.4,23.9,21.4,19.0,16.0,12.6,9.3,6.7,2.6,-2.0,-3.2,-3.9,-4.5,-3.3,0.0,31.2,34.4,41.9,13.4,0.0,244.2,26.0,14.2,81.2,,,OBAnorm,,LD831_02097v2.403,,,,0,0
DENATRLA,2025-06-23 08:14:40.000,30.2,32.9,26.4,25.5,21.9,17.5,17.2,15.8,12.6,11.5,15.1,17.1,20.2,21.3,22.5,23.9,23.7,24.6,24.6,24.0,22.3,18.8,16.0,12.8,9.4,9.3,7.1,-0.4,-3.3,-3.9,-4.4,-3.2,-0.2,31.2,34.4,41.2,13.4,0.0,244.2,26.0,14.2,80.6,,,OBAnorm,,LD831_02097v2.403,,,,0,0
DENATRLA,2025-06-23 08:14:41.000,27.4,25.8,25.7,25.4,23.2,19.9,17.4,13.8,13.4,15.3,12.8,18.4,20.7,20.8,23.0,23.9,25.1,25.6,24.9,24.0,21.5,19.0,16.1,11.8,8.8,6.5,2.5,-2.4,-3.4,-4.0,-4.4,-3.2,-0.1,31.5,34.5,38.6,13.4,0.0,244.2,26.0,14.2,80.6,,,OBAnorm,,LD831_02097v2.403,,,,0,0
DENATRLA,2025-06-23 08:14:42.000,30.2,27.9,23.2,23.8,22.9,19.4,14.9,15.4,12.5,12.7,14.4,17.1,19.1,22.5,23.3,22.6,24.1,25.7,24.4,23.9,22.1,18.7,15.7,13.1,9.4,7.8,4.7,-1.3,-3.1,-3.8,-4.4,-3.2,-0.1,31.4,34.6,39.3,13.4,0.0,244.2,25.9,14.2,80.6,,,OBAnorm,,LD831_02097v2.403,,,,0,0
DENATRLA,2025-06-23 08:14:43.000,24.8,27.7,25.3,25.8,22.1,17.4,16.4,14.8,14.9,13.5,15.6,18.4,20.9,22.0,22.3,24.0,24.8,25.4,25.7,23.9,21.4,18.9,16.0,12.8,9.9,15.4,14.0,2.6,-2.8,-3.8,-4.4,-3.3,-0.1,31.8,35.0,41.7,13.4,0.0,244.2,26.0,14.2,80.6,,,OBAnorm,,LD831_02097v2.403,,,,0,0
DENATRLA,2025-06-23 08:14:44.000,28.7,23.8,25.5,24.9,23.0,20.4,15.4,13.9,12.0,13.4,15.3,18.6,20.2,22.5,23.3,24.2,25.0,25.7,25.1,24.0,21.9,19.1,16.3,12.1,9.3,9.6,7.0,0.8,-1.9,-3.8,-4.4,-3.3,-0.1,31.6,34.9,40.8,13.4,0.0,244.2,26.0,14.2,80.6,,,OBAnorm,,LD831_02097v2.403,,,,0,0
DENATRLA,2025-06-23 08:14:45.000,28.5,26.5,29.1,26.4,19.8,20.1,16.9,16.3,15.1,12.6,15.0,19.2,19.7,21.3,22.9,24.4,24.7,26.0,25.3,23.5,21.7,18.5,15.9,12.4,9.2,7.9,5.3,1.0,-1.2,-3.7,-4.4,-3.1,-0.2,31.6,34.8,40.6,13.4,0.0,244.2,26.0,14.2,80.6,,,OBAnorm,,LD831_02097v2.403,,,,0,0
DENATRLA,2025-06-23 08:14:46.000,25.4,29.0,26.1,25.2,19.8,20.0,17.6,15.5,13.9,12.8,15.2,18.4,19.5,21.1,23.6,23.6,24.9,25.5,25.4,24.1,21.5,19.3,16.2,12.5,9.4,8.0,6.1,1.1,-1.6,-3.8,-4.4,-3.1,-0.2,31.7,34.8,39.9,13.4,0.0,244.2,26.0,14.2,80.6,,,OBAnorm,,LD831_02097v2.403,,,,0,0
DENATRLA,2025-06-23 08:14:47.000,29.5,27.5,21.7,26.6,22.8,18.8,17.5,13.5,12.8,13.1,14.5,18.2,20.2,22.5,23.2,24.2,25.3,25.7,24.8,23.9,21.6,19.3,16.5,13.1,10.1,9.0,6.8,1.2,-1.2,-3.6,-4.4,-3.2,-0.1,31.6,35.0,43.1,13.4,0.0,244.2,26.0,14.3,80.6,,,OBAnorm,,LD831_02097v2.403,,,,0,0
DENATRLA,2025-06-23 08:14:48.000,25.5,27.2,28.0,23.6,24.1,19.5,17.6,16.0,12.8,12.5,14.4,19.2,20.0,21.3,22.4,24.0,24.5,25.9,25.6,24.5,22.2,19.7,17.0,13.3,9.7,8.3,5.5,0.9,-1.2,-3.7,-4.4,-3.2,-0.1,31.9,35.8,47.4,13.4,0.0,244.2,26.0,14.3,80.6,,,OBAnorm,,LD831_02097v2.403,,,,0,0
DENATRLA,2025-06-23 08:14:49.000,29.4,29.8,26.6,27.3,21.1,23.0,22.0,15.2,14.2,11.6,15.3,17.1,21.1,21.7,23.0,24.2,24.7,25.0,25.0,24.0,22.0,19.1,16.5,12.6,9.0,7.1,3.8,-0.8,-2.4,-3.6,-4.4,-3.1,-0.2,31.5,35.2,48.0,13.4,0.0,244.2,26.0,14.3,80.6,,,OBAnorm,,LD831_02097v2.403,,,,0,0
DENATRLA,2025-06-23 08:14:50.000,25.8,32.7,27.8,24.5,25.0,19.8,17.2,14.5,12.1,11.6,16.7,18.7,20.6,22.1,22.7,23.0,24.3,25.0,25.7,24.1,22.0,19.4,16.1,12.3,8.7,6.0,1.9,-1.0,-2.4,-2.8,-4.3,-3.3,-0.2,31.5,34.7,46.5,13.4,0.0,244.2,26.0,14.3,80.6,,,OBAnorm,,LD831_02097v2.403,,,,0,0
DENATRLA,2025-06-23 08:14:51.000,31.7,28.9,23.4,23.1,23.6,15.2,17.7,12.0,12.5,12.5,15.0,17.5,21.4,22.6,23.1,24.3,25.8,26.2,26.3,24.8,22.4,19.9,16.6,12.3,8.7,5.5,1.0,-3.0,-3.5,-3.7,-4.4,-3.4,-0.2,32.3,35.6,46.1,13.4,0.0,244.2,26.0,14.3,80.6,,,OBAnorm,,LD831_02097v2.403,,,,0,0
DENATRLA,2025-06-23 08:14:52.000,30.8,27.3,26.1,26.2,24.2,20.9,18.4,14.7,13.0,11.7,14.6,19.4,21.1,22.7,23.9,25.2,26.2,26.0,25.9,24.8,23.5,20.6,17.6,13.8,10.8,8.9,5.2,-1.0,-2.3,-3.2,-4.2,-3.2,-0.1,32.7,35.7,47.0,13.4,0.0,244.2,26.0,14.3,80.6,,,OBAnorm,,LD831_02097v2.403,,,,0,0
DENATRLA,2025-06-23 08:14:53.000,23.7,28.5,23.5,21.8,20.0,21.3,15.6,15.5,13.9,13.6,17.6,19.7,22.3,21.7,24.7,24.9,25.9,26.2,26.0,25.1,23.4,20.8,17.7,13.6,10.0,6.9,1.2,-2.7,-3.4,-3.7,-4.3,-3.2,-0.1,32.7,35.7,43.4,13.4,0.0,244.2,26.0,14.3,80.6,,,OBAnorm,,LD831_02097v2.403,,,,0,0
DENATRLA,2025-06-23 08:14:54.000,28.0,25.0,25.3,24.2,20.4,18.6,18.2,14.7,12.2,11.3,15.7,18.8,20.6,22.6,23.0,24.4,25.7,27.1,26.4,24.7,22.6,20.4,16.9,13.1,9.6,6.5,2.5,-1.4,-2.8,-3.0,-4.3,-2.9,-0.2,32.6,36.0,47.3,13.4,0.0,240.9,26.0,14.3,80.6,,,OBAnorm,,LD831_02097v2.403,,,,0,0
DENATRLA,2025-06-23 08:14:55.000,30.5,24.7,27.8,23.3,21.9,19.8,19.5,16.4,11.0,11.6,16.8,19.0,21.5,23.5,23.8,24.5,26.1,26.4,25.7,24.8,22.3,20.3,17.3,14.2,10.5,9.5,4.4,-1.4,-3.0,-3.5,-4.2,-3.0,-0.1,32.4,36.1,48.1,13.4,0.0,223.6,26.0,14.2,80.6,,,OBAnorm,,LD831_02097v2.403,,,,0,0
DENATRLA,2025-06-23 08:14:56.000,32.1,27.4,27.4,25.5,23.7,18.3,16.0,17.9,14.8,12.5,17.4,20.5,22.6,23.3,24.6,25.3,26.4,25.9,25.4,24.0,22.9,20.4,17.6,13.6,9.8,15.5,13.7,1.7,-2.8,-3.4,-4.4,-3.1,-0.1,32.5,35.8,42.9,13.4,0.0,219.6,26.0,14.2,80.6,,,OBAnorm,,LD831_02097v2.403,,,,0,0
DENATRLA,2025-06-23 08:14:57.000,33.0,32.3,29.5,25.2,21.7,18.1,19.2,16.6,13.2,14.6,18.7,20.9,23.5,23.9,24.8,24.8,26.2,26.8,25.8,25.1,22.7,20.1,18.3,13.4,9.7,7.4,3.4,-0.9,-2.2,-3.0,-4.1,-2.9,-0.1,32.6,36.1,43.2,13.4,0.0,219.6,26.0,14.2,80.6,,,OBAnorm,,LD831_02097v2.403,,,,0,0
DENATRLA,2025-06-23 08:14:58.000,30.5,27.8,28.4,23.6,22.5,20.0,18.8,15.8,13.9,14.5,17.1,19.8,23.5,24.5,25.0,25.4,26.2,27.0,25.9,25.1,23.8,21.0,18.0,14.3,10.4,7.8,2.6,-1.5,-2.7,-2.9,-3.8,-2.8,-0.1,33.0,36.4,49.0,13.4,0.0,219.6,26.0,14.2,80.6,,,OBAnorm,,LD831_02097v2.403,,,,0,0
DENATRLA,2025-06-23 08:14:59.000,27.9,25.6,27.4,27.6,23.1,20.9,18.6,15.8,14.8,12.5,17.5,18.9,22.0,23.3,24.2,26.0,26.3,26.4,26.2,25.3,24.6,21.5,19.4,15.9,12.7,9.4,4.5,0.6,-1.8,-3.0,-4.1,-3.0,0.0,33.3,38.1,54.8,13.4,0.0,219.6,26.0,14.2,80.6,,,OBAnorm,,LD831_02097v2.403,,,,0,0
DENATRLA,2025-06-23 08:15:00.000,26.2,29.8,30.0,27.2,27.3,21.7,21.2,16.6,15.5,12.7,17.4,19.7,21.4,23.7,25.4,25.7,26.5,26.5,27.0,25.4,24.9,23.2,20.5,16.6,14.3,11.1,5.3,1.1,-1.2,-2.3,-3.8,-2.7,-0.2,33.8,39.3,56.3,13.4,0.0,219.6,26.0,14.2,80.6,,,OBAnorm,,LD831_02097v2.403,,,,0,0
DENATRLA,2025-06-23 08:15:01.000,33.7,33.1,34.4,30.1,28.3,24.2,19.6,17.0,15.5,14.6,17.3,19.6,21.3,23.3,23.1,26.6,25.8,26.0,26.2,25.7,23.9,22.4,19.7,15.9,13.1,10.3,4.4,0.3,-2.2,-3.3,-4.1,-3.0,0.0,33.3,37.9,52.6,13.4,0.0,219.6,26.0,14.2,80.6,,,OBAnorm,,LD831_02097v2.403,,,,0,0
DENATRLA,2025-06-23 08:15:02.000,38.4,36.5,33.5,27.8,26.6,21.7,20.4,13.6,13.9,12.5,17.2,18.8,22.6,24.5,25.9,26.5,25.4,26.5,26.0,26.0,24.6,22.2,19.7,16.1,12.7,10.3,4.0,-0.4,-2.0,-1.1,-4.0,-3.0,-0.1,33.5,38.7,55.1,13.4,0.0,219.6,26.0,14.2,80.6,,,OBAnorm,,LD831_02097v2.403,,,,0,0
DENATRLA,2025-06-23 08:15:03.000,35.8,34.8,33.8,29.8,23.2,22.8,18.8,15.8,13.9,14.1,16.4,19.9,22.3,24.3,24.6,26.4,26.4,26.4,26.7,26.5,25.0,22.7,19.9,17.6,15.2,10.2,4.0,-0.8,-2.7,-3.4,-4.2,-3.2,-0.1,33.8,38.4,55.1,13.4,0.0,221.0,26.0,14.2,80.6,,,OBAnorm,,LD831_02097v2.403,,,,0,0
DENATRLA,2025-06-23 08:15:04.000,34.8,35.8,31.4,28.8,24.6,22.3,19.3,17.5,13.5,13.5,15.9,20.5,21.8,22.1,24.5,25.3,26.2,27.1,26.5,26.5,25.3,22.4,20.1,16.3,12.8,9.6,3.6,-0.9,-2.7,-3.5,-4.3,-3.2,-0.1,33.8,39.4,58.0,13.4,0.0,236.8,26.0,14.2,80.6,,,OBAnorm,,LD831_02097v2.403,,,,0,0
DENATRLA,2025-06-23 08:15:05.000,36.7,38.2,32.2,30.1,24.6,22.6,20.2,15.3,12.8,13.6,15.7,19.5,22.6,23.4,24.9,25.8,26.1,27.3,27.5,26.7,25.5,23.2,20.3,16.6,13.1,10.1,5.9,-1.1,-2.9,-3.6,-4.3,-3.1,-0.1,34.2,40.9,58.1,13.4,0.0,240.1,26.0,14.2,80.6,,,OBAnorm,,LD831_02097v2.403,,,,0,0
DENATRLA,2025-06-23 08:15:06.000,39.9,37.1,32.3,32.9,27.8,22.1,20.1,15.6,13.2,13.9,15.3,20.7,21.9,23.8,25.1,25.8,27.3,27.1,27.4,27.3,24.9,22.0,19.7,16.5,12.5,8.9,3.6,-1.2,-2.9,-3.5,-4.2,-3.1,-0.1,34.2,41.1,58.4,13.4,0.0,242.6,25.9,14.3,80.1,,,OBAnorm,,LD831_02097v2.403,,,,0,0
DENATRLA,2025-06-23 08:15:07.000,40.0,39.2,35.0,32.3,29.8,23.6,20.9,16.5,14.1,14.7,16.9,20.4,22.7,24.3,25.8,27.1,26.5,27.5,27.5,26.6,25.2,22.4,19.3,16.2,12.5,9.0,3.4,-1.3,-2.8,-3.6,-4.4,-3.2,-0.1,34.1,40.3,57.3,13.4,0.0,233.5,26.0,14.3,78.9,,,OBAnorm,,LD831_02097v2.403,,,,0,0
DENATRLA,2025-06-23 08:15:08.000,42.4,41.6,34.6,30.6,27.6,22.3,20.9,16.1,16.4,15.7,17.9,20.8,22.5,24.9,25.8,26.5,25.7,27.3,26.7,25.9,25.0,22.1,19.5,15.5,12.1,8.6,2.9,-1.3,-2.4,-3.1,-4.3,-3.1,0.0,33.7,41.4,61.1,13.4,0.0,243.4,25.9,14.2,79.5,,,OBAnorm,,LD831_02097v2.403,,,,0,0
DENATRLA,2025-06-23 08:15:09.000,40.8,33.1,35.5,34.9,30.1,25.3,27.5,25.8,20.1,17.8,18.2,20.9,21.8,24.9,24.4,26.6,26.3,26.8,26.1,25.9,24.7,22.2,18.3,15.1,11.3,7.9,2.8,-0.8,-1.7,-2.9,-4.1,-3.0,0.0,33.4,43.0,63.8,13.4,0.1,243.5,26.0,14.3,80.6,,,OBAnorm,,LD831_02097v2.403,,,,0,0
DENATRLA,2025-06-23 08:15:10.000,40.6,37.8,38.3,37.3,31.4,32.2,28.7,25.4,19.6,17.0,18.7,19.9,21.6,23.4,24.9,25.7,25.9,26.8,26.6,25.6,24.2,21.7,17.8,14.4,11.4,7.8,3.1,-0.8,-2.3,-2.9,-4.0,-3.0,-0.1,33.2,42.7,57.9,13.4,0.3,243.5,26.0,14.3,79.5,,,OBAnorm,,LD831_02097v2.403,,,,0,0
DENATRLA,2025-06-23 08:15:11.000,43.6,35.6,34.5,36.3,35.6,32.4,25.0,26.6,19.5,16.2,19.3,20.6,23.0,24.1,25.5,25.6,26.5,26.3,26.3,25.6,24.1,21.4,18.8,15.2,11.5,8.4,3.5,-0.2,-1.8,-2.6,-4.3,-3.1,0.0,33.2,40.2,56.6,13.4,0.3,243.4,26.0,14.2,78.9,,,OBAnorm,,LD831_02097v2.403,,,,0,0
DENATRLA,2025-06-23 08:15:12.000,46.2,42.4,38.1,33.4,29.5,23.2,21.2,18.8,13.7,14.3,18.5,21.3,24.0,23.0,24.8,25.5,25.7,26.1,25.3,25.0,23.4,20.8,18.1,14.2,10.8,7.8,3.3,-0.9,-2.3,-3.0,-4.3,-3.1,-0.1,32.7,36.6,52.5,13.4,0.3,242.3,26.0,14.2,79.5,,,OBAnorm,,LD831_02097v2.403,,,,0,0
DENATRLA,2025-06-23 08:15:13.000,43.1,42.1,31.9,25.7,24.4,21.5,19.7,16.5,14.3,15.2,19.5,22.0,23.2,23.8,25.0,25.0,26.7,27.1,27.1,25.7,23.9,22.6,19.0,15.6,11.8,12.8,6.6,0.8,-1.8,-2.7,-4.0,-3.1,-0.2,33.7,37.4,51.7,13.4,0.3,231.7,26.0,14.2,79.5,,,OBAnorm,,LD831_02097v2.403,,,,0,0
DENATRLA,2025-06-23 08:15:14.000,42.0,36.5,23.8,24.3,26.0,21.1,19.3,16.4,14.8,16.6,18.2,22.1,23.6,25.1,25.6,25.3,26.0,26.9,26.5,26.7,24.8,22.6,19.7,15.8,13.0,15.7,11.6,3.7,-1.0,-2.6,-4.0,-3.0,-0.1,33.9,37.5,51.8,13.4,0.3,231.7,26.0,14.2,78.9,,,OBAnorm,,LD831_02097v2.403,,,,0,0
DENATRLA,2025-06-23 08:15:15.000,32.2,32.7,30.0,29.4,24.1,21.1,21.5,17.8,13.4,14.9,19.1,21.6,24.2,25.1,25.6,26.9,26.4,27.0,26.9,25.7,24.9,21.9,19.7,16.8,12.6,10.1,6.6,1.1,-0.8,-2.0,-3.7,-3.0,-0.1,33.8,37.3,50.1,13.4,0.3,241.3,26.0,14.2,78.9,,,OBAnorm,,LD831_02097v2.403,,,,0,0
DENATRLA,2025-06-23 08:15:16.000,28.6,32.8,29.1,25.9,25.1,23.0,21.2,17.8,15.9,14.1,18.4,20.7,23.9,24.5,24.5,25.6,26.4,27.0,26.3,25.2,24.3,21.5,18.6,16.1,14.6,8.7,4.1,-0.1,-1.4,-2.5,-3.9,-2.9,-0.2,33.2,36.7,41.7,13.4,0.3,241.3,26.0,14.2,80.1,,,OBAnorm,,LD831_02097v2.403,,,,0,0
DENATRLA,2025-06-23 08:15:17.000,27.3,33.6,28.0,24.6,26.2,23.3,22.0,17.8,14.9,13.5,17.6,21.1,22.5,24.3,24.8,24.7,25.9,26.6,25.8,25.2,23.2,20.7,17.4,13.8,10.6,7.0,2.2,-1.5,-2.6,-3.4,-4.2,-3.2,-0.2,32.7,36.1,43.9,13.4,0.3,241.3,26.0,14.2,80.1,,,OBAnorm,,LD831_02097v2.403,,,,0,0
DENATRLA,2025-06-23 08:15:18.000,34.1,25.0,25.2,27.1,21.6,18.5,18.6,16.4,17.2,14.8,16.7,19.7,24.1,24.2,25.2,25.7,26.1,26.2,26.6,25.7,24.0,21.7,18.4,15.3,11.7,8.9,3.9,-0.5,-2.0,-3.0,-4.1,-2.9,-0.1,33.4,36.7,44.6,13.4,0.3,241.3,26.0,14.2,80.1,,,OBAnorm,,LD831_02097v2.403,,,,0,0
DENATRLA,2025-06-23 08:15:19.000,28.7,31.8,26.3,27.5,24.3,24.3,20.9,17.3,15.7,15.1,17.9,20.6,22.9,24.3,25.3,25.1,25.2,27.0,26.0,25.6,23.3,21.1,19.0,16.0,12.6,10.3,4.9,0.3,-1.3,-3.0,-4.2,-3.2,-0.2,33.0,36.6,47.5,13.4,0.3,241.3,26.0,14.2,80.1,,,OBAnorm,,LD831_02097v2.403,,,,0,0
DENATRLA,2025-06-23 08:15:20.000,28.0,24.3,24.0,26.2,25.5,24.2,20.9,18.7,13.2,14.5,17.0,19.9,21.3,23.3,24.7,24.9,25.5,25.3,24.8,25.0,23.1,20.3,18.1,14.0,10.5,7.7,2.2,-2.1,-2.7,-3.2,-4.2,-3.2,0.0,32.3,37.4,55.5,13.4,0.3,241.3,26.0,14.2,80.1,,,OBAnorm,,LD831_02097v2.403,,,,0,0
DENATRLA,2025-06-23 08:15:21.000,30.1,30.3,24.4,27.5,26.3,25.2,24.2,19.5,13.5,13.5,15.6,19.3,21.1,22.2,23.8,24.1,26.5,26.5,25.7,25.1,23.3,20.6,17.5,14.2,11.0,7.6,1.9,-1.6,-1.2,-3.2,-4.2,-3.1,-0.2,32.6,38.7,55.8,13.4,0.3,241.3,26.0,14.2,80.1,,,OBAnorm,,LD831_02097v2.403,,,,0,0
DENATRLA,2025-06-23 08:15:22.000,33.5,30.3,32.7,29.7,24.5,28.4,24.4,20.8,15.3,15.2,17.1,20.5,21.5,22.6,24.1,25.7,25.9,26.4,26.2,25.5,24.4,22.0,18.5,15.6,12.2,8.8,2.7,-1.2,0.2,-3.3,-4.1,-3.1,-0.2,33.1,39.0,53.9,13.4,0.3,242.0,26.0,14.2,80.1,,,OBAnorm,,LD831_02097v2.403,,,,0,0
DENATRLA,2025-06-23 08:15:23.000,34.1,30.3,36.6,31.3,27.6,25.1,19.6,15.1,11.8,14.5,16.0,19.6,21.6,22.9,24.2,26.3,25.8,26.7,26.6,26.0,24.3,21.5,19.3,15.3,11.2,7.9,2.2,-1.2,-0.8,-3.2,-4.2,-3.0,-0.1,33.4,40.2,59.6,13.4,0.2,243.6,26.0,14.2,80.1,,,OBAnorm,,LD831_02097v2.403,,,,0,0
DENATRLA,2025-06-23 08:15:24.000,37.3,36.3,33.5,30.8,27.6,25.1,22.1,18.2,14.9,16.9,19.0,20.2,20.1,24.0,24.4,25.6,26.6,27.4,26.9,26.6,24.6,21.7,18.9,15.6,11.8,8.0,1.8,-2.2,-1.9,-3.2,-4.1,-3.0,-0.1,33.8,45.6,64.4,13.4,0.0,246.7,26.0,14.2,80.1,,,OBAnorm,,LD831_02097v2.403,,,,0,0
DENATRLA,2025-06-23 08:15:25.000,36.0,36.6,38.7,38.7,35.3,32.2,32.5,29.6,24.5,24.1,22.7,20.6,22.8,23.2,25.0,26.3,27.1,27.7,27.4,26.1,24.7,21.5,18.6,14.8,10.9,7.1,1.3,-2.6,-2.6,-3.4,-4.1,-2.8,0.1,33.8,51.7,70.3,13.4,0.0,247.1,26.0,14.2,80.1,,,OBAnorm,,LD831_02097v2.403,,,,0,0
DENATRLA,2025-06-23 08:15:26.000,42.4,44.0,45.8,44.4,44.5,42.2,39.6,35.9,27.7,24.7,23.2,21.8,22.7,23.5,24.8,25.1,27.4,28.0,27.4,26.9,24.4,21.5,19.6,15.9,11.9,8.1,2.7,-2.5,-2.5,-3.2,-3.9,-2.6,0.2,34.2,53.2,70.4,13.4,0.0,248.3,26.0,14.2,80.1,,,OBAnorm,,LD831_02097v2.403,,,,0,0
DENATRLA,2025-06-23 08:15:27.000,52.3,50.7,50.8,44.8,44.7,42.0,38.6,31.6,31.3,28.2,26.4,24.1,23.6,25.2,24.3,26.2,27.5,27.6,28.2,26.4,25.1,22.6,19.6,16.1,13.1,13.9,13.3,3.6,-2.3,-2.9,-3.8,-2.6,0.3,34.4,53.8,69.4,13.4,0.0,252.5,26.0,14.2,78.9,,,OBAnorm,,LD831_02097v2.403,,,,0,0
DENATRLA,2025-06-23 08:15:28.000,53.5,50.6,47.4,51.1,48.4,42.2,39.0,37.7,31.1,27.7,23.2,21.2,22.9,23.9,24.8,27.5,27.6,27.3,27.7,27.1,25.8,23.7,20.9,17.4,13.2,9.3,3.2,-1.8,-2.6,-3.2,-4.0,-2.7,0.2,34.8,51.3,68.1,13.4,0.0,257.9,26.0,14.2,78.9,,,OBAnorm,,LD831_02097v2.403,,,,0,0
DENATRLA,2025-06-23 08:15:29.000,50.9,48.8,47.7,44.3,41.2,38.6,34.0,33.5,29.9,21.4,19.2,20.6,21.3,24.4,25.4,26.1,27.5,28.3,28.4,27.6,26.2,24.6,22.1,18.6,14.3,10.5,4.0,-1.4,-3.2,-3.5,-4.1,-3.2,-0.2,35.4,48.9,64.5,13.4,0.0,268.9,26.0,14.2,80.1,,,OBAnorm,,LD831_02097v2.403,,,,0,0
DENATRLA,2025-06-23 08:15:30.000,58.0,54.2,48.2,42.0,40.2,35.4,32.1,28.8,21.6,20.2,18.6,20.6,21.9,25.0,26.3,26.8,28.0,28.5,28.5,28.7,27.6,25.4,23.1,19.2,15.6,11.2,4.9,-0.6,-2.7,-3.4,-4.1,-3.0,0.0,35.9,47.9,64.1,13.4,0.2,308.1,26.0,14.3,79.5,,,OBAnorm,,LD831_02097v2.403,,,,0,0
DENATRLA,2025-06-23 08:15:31.000,51.8,50.5,44.9,42.9,37.1,35.1,32.7,28.0,23.2,20.8,19.1,20.2,22.6,24.1,25.6,26.8,27.9,28.1,28.6,27.6,26.3,24.8,21.9,19.1,15.0,11.2,4.3,0.4,-1.6,-3.4,-4.2,-3.0,0.0,35.4,48.3,63.9,13.4,0.3,308.2,25.9,14.3,78.9,,,OBAnorm,,LD831_02097v2.403,,,,0,0
DENATRLA,2025-06-23 08:15:32.000,52.5,45.9,43.3,44.9,37.6,37.2,34.7,30.9,26.6,22.6,19.1,20.5,21.3,24.3,26.5,27.0,26.9,28.4,28.0,26.8,25.5,23.6,21.0,17.2,13.6,9.7,3.6,-1.5,-3.0,-3.2,-4.1,-2.9,0.0,34.7,49.3,64.3,13.4,0.4,314.4,26.0,14.3,79.5,,,OBAnorm,,LD831_02097v2.403,,,,0,0
DENATRLA,2025-06-23 08:15:33.000,50.5,46.3,49.4,43.5,41.4,39.5,32.7,29.3,23.9,20.4,18.7,19.6,23.1,24.0,25.6,25.3,27.4,27.1,27.6,25.9,25.2,22.2,19.7,15.9,12.2,8.1,2.1,-2.1,-3.0,-3.4,-4.1,-2.7,0.1,33.9,49.0,67.6,13.4,0.6,330.1,26.0,14.3,79.5,,,OBAnorm,,LD831_02097v2.403,,,,0,0
DENATRLA,2025-06-23 08:15:34.000,51.3,49.9,46.0,43.4,38.8,33.2,27.6,28.4,24.8,16.6,18.1,19.6,21.0,23.2,24.8,25.3,26.4,26.8,26.5,25.6,24.1,21.0,18.5,14.8,11.2,7.3,1.1,-2.1,-2.5,-3.4,-4.2,-2.9,-0.1,33.3,46.2,66.7,13.4,0.7,330.1,26.0,14.3,78.9,,,OBAnorm,,LD831_02097v2.403,,,,0,0
DENATRLA,2025-06-23 08:15:35.000,52.2,45.8,41.6,41.1,32.9,32.3,27.7,23.6,19.8,15.7,16.5,19.9,23.0,23.0,24.5,25.6,26.5,27.7,27.5,25.1,23.5,21.5,17.9,14.7,10.7,6.8,3.2,-2.1,-3.6,-3.8,-4.3,-2.9,-0.1,33.4,46.7,64.0,13.4,0.8,0.4,26.0,14.2,80.1,,,OBAnorm,,LD831_02097v2.403,,,,0,0
DENATRLA,2025-06-23 08:15:36.000,49.6,45.5,44.7,42.0,33.7,31.8,25.2,20.7,14.5,14.3,17.1,20.1,20.5,23.0,24.7,26.0,26.8,27.5,27.4,25.5,24.2,21.3,18.3,15.3,11.2,18.9,16.2,5.4,-3.6,-3.8,-4.4,-3.0,-0.1,33.9,41.0,60.4,13.4,0.9,4.4,26.0,14.1,80.0,,,OBAnorm,,LD831_02097v2.403,,,,0,0
DENATRLA,2025-06-23 08:15:37.000,51.3,49.1,38.5,30.1,29.0,31.7,25.3,22.8,18.8,17.3,16.6,20.2,20.8,22.2,24.0,25.6,27.0,27.6,27.4,26.5,24.8,22.2,19.7,16.0,12.5,15.1,16.4,4.6,-3.5,-3.7,-4.3,-3.0,-0.1,34.2,39.1,54.3,13.4,0.9,7.8,25.9,14.1,79.5,,,OBAnorm,,LD831_02097v2.403,,,,0,0
DENATRLA,2025-06-23 08:15:38.000,46.0,38.7,33.8,32.5,29.0,27.9,20.2,21.2,14.3,16.0,15.7,19.9,22.3,23.9,25.4,26.1,27.3,28.2,27.0,26.7,25.0,22.6,20.2,17.0,13.0,9.7,3.4,-1.8,-3.5,-3.7,-4.3,-3.0,-0.1,34.3,38.3,56.1,13.4,0.9,9.4,26.0,14.1,80.0,,,OBAnorm,,LD831_02097v2.403,,,,0,0
DENATRLA,2025-06-23 08:15:39.000,43.5,35.9,33.1,29.0,28.8,21.5,21.0,17.5,14.2,15.1,16.3,20.0,21.4,24.1,25.2,26.5,26.5,27.7,27.8,26.3,25.2,23.1,19.9,16.4,13.4,9.9,3.3,-1.9,-3.2,-3.4,-4.1,-3.0,-0.1,34.3,38.0,55.0,13.4,0.8,9.4,26.0,14.1,80.0,,,OBAnorm,,LD831_02097v2.403,,,,0,0
DENATRLA,2025-06-23 08:15:40.000,39.7,36.4,31.2,28.8,26.2,22.4,18.6,16.8,14.2,13.6,16.8,18.1,22.2,23.7,24.9,26.8,27.6,27.8,27.1,26.5,25.8,23.0,20.0,16.5,12.7,9.0,2.6,-2.3,-3.6,-3.8,-4.4,-3.1,-0.2,34.3,37.4,49.3,13.4,0.7,9.1,26.0,14.1,79.5,,,OBAnorm,,LD831_02097v2.403,,,,0,0
DENATRLA,2025-06-23 08:15:41.000,34.5,30.6,30.3,27.2,24.5,22.5,19.5,15.3,12.5,13.4,17.5,20.3,20.9,24.2,26.0,26.1,27.0,28.1,28.2,27.6,26.0,23.8,20.6,17.6,13.1,9.8,3.3,-2.0,-3.5,-3.7,-4.3,-3.2,-0.1,34.9,39.3,55.7,13.4,0.6,9.4,26.0,14.1,80.0,,,OBAnorm,,LD831_02097v2.403,,,,0,0
DENATRLA,2025-06-23 08:15:42.000,35.7,33.4,28.0,28.1,25.9,23.7,19.1,13.5,12.1,14.5,16.9,19.4,21.2,24.3,25.5,27.1,27.9,29.1,28.2,27.2,26.3,24.0,21.6,18.2,14.2,10.5,4.3,-1.3,-3.3,-3.5,-4.4,-3.2,-0.1,35.2,39.5,54.9,13.4,0.5,9.4,26.0,14.1,80.0,,,OBAnorm,,LD831_02097v2.403,,,,0,0
DENATRLA,2025-06-23 08:15:43.000,37.1,33.9,33.6,30.0,24.7,22.5,17.8,15.8,14.4,14.6,18.4,18.7,23.2,24.5,24.6,25.6,27.1,27.9,27.8,27.2,26.2,24.0,20.8,17.4,13.4,9.8,3.6,-1.9,-3.3,-3.7,-4.4,-3.1,0.0,34.8,39.6,55.9,13.4,0.5,9.4,26.0,14.1,80.0,,,OBAnorm,,LD831_02097v2.403,,,,0,0
DENATRLA,2025-06-23 08:15:44.000,38.2,35.6,31.0,29.9,26.2,23.5,18.0,15.7,15.0,15.0,16.2,20.7,21.9,23.3,25.0,26.3,27.8,27.5,27.2,26.8,26.1,22.9,20.7,17.2,13.6,9.3,3.1,-2.2,-3.1,-3.8,-4.3,-3.1,-0.2,34.5,38.6,56.5,13.4,0.5,15.8,26.1,14.1,80.6,,,OBAnorm,,LD831_02097v2.403,,,,0,0
DENATRLA,2025-06-23 08:15:45.000,40.0,32.9,34.5,29.9,26.6,24.1,17.4,16.4,14.7,14.2,17.5,19.5,22.0,24.1,24.1,25.2,27.0,27.2,27.2,26.6,26.5,22.9,20.1,17.0,13.1,9.5,2.9,-2.0,-3.5,-3.8,-4.4,-3.1,0.0,34.2,40.4,57.7,13.4,0.4,15.9,26.0,14.1,79.5,,,OBAnorm,,LD831_02097v2.403,,,,0,0
DENATRLA,2025-06-23 08:15:46.000,39.5,35.7,35.2,30.9,28.1,23.5,20.7,17.4,16.7,13.1,17.3,20.5,22.8,23.6,24.8,25.5,26.9,26.6,26.9,26.5,25.6,22.6,19.9,16.7,13.5,9.0,3.1,-2.5,-3.5,-3.7,-4.5,-3.2,-0.2,34.0,38.5,55.2,13.4,0.3,17.1,26.0,14.1,79.5,,,OBAnorm,,LD831_02097v2.403,,,,0,0
DENATRLA,2025-06-23 08:15:47.000,38.3,34.9,33.1,32.0,24.5,20.3,19.6,18.1,15.0,14.2,17.4,17.4,21.2,23.9,25.3,26.4,27.4,27.9,27.1,26.4,25.3,22.7,19.9,16.7,13.0,9.3,2.8,-2.4,-3.6,-3.9,-4.3,-3.1,-0.1,34.2,38.4,52.6,13.4,0.3,23.7,26.0,14.1,80.6,,,OBAnorm,,LD831_02097v2.403,,,,0,0
DENATRLA,2025-06-23 08:15:48.000,40.2,34.4,32.9,33.2,26.9,24.3,15.7,14.4,12.6,12.8,17.6,19.0,22.3,24.0,24.9,25.5,26.0,27.2,27.8,26.8,25.6,23.0,20.5,17.1,13.2,10.1,3.5,-1.9,-3.4,-3.7,-4.3,-3.2,-0.1,34.2,37.7,54.5,13.4,0.3,23.7,26.0,14.1,80.6,,,OBAnorm,,LD831_02097v2.403,,,,0,0
DENATRLA,2025-06-23 08:15:49.000,39.8,31.6,29.6,26.9,25.7,22.4,17.7,15.3,12.6,13.6,17.4,19.3,22.5,24.0,25.5,26.6,26.3,27.3,27.5,27.4,25.6,23.3,20.6,17.3,13.3,9.9,3.6,-2.0,-3.5,-3.7,-4.4,-3.2,0.0,34.5,37.3,44.0,13.4,0.3,22.9,26.0,14.1,79.5,,,OBAnorm,,LD831_02097v2.403,,,,0,0
DENATRLA,2025-06-23 08:15:50.000,34.7,31.3,27.0,29.3,26.0,23.7,19.8,16.3,11.6,13.3,19.4,18.3,22.3,24.1,25.8,26.3,26.5,27.1,27.4,27.4,25.9,23.9,20.9,17.8,13.5,9.9,3.6,-1.9,-3.5,-3.9,-4.4,-3.1,-0.1,34.5,37.8,49.5,13.4,0.3,22.9,26.0,14.1,77.2,,,OBAnorm,,LD831_02097v2.403,,,,0,0
DENATRLA,2025-06-23 08:15:51.000,32.9,31.4,25.5,27.1,25.4,21.1,17.5,16.7,12.5,14.9,16.6,19.7,21.3,23.1,25.3,26.3,26.4,27.8,27.4,26.9,25.9,23.5,20.1,17.0,13.6,9.9,3.4,-1.8,-3.3,-3.5,-4.3,-3.2,-0.2,34.4,38.1,51.5,13.4,0.3,23.7,26.0,14.1,78.9,,,OBAnorm,,LD831_02097v2.403,,,,0,0
DENATRLA,2025-06-23 08:15:52.000,27.7,32.4,29.5,28.7,28.0,21.9,20.4,13.7,13.8,12.8,16.3,21.1,23.6,24.8,25.9,26.6,27.1,27.4,27.3,26.9,26.0,23.6,20.4,16.9,12.8,12.8,7.6,0.7,-3.0,-3.6,-4.4,-3.2,-0.2,34.7,39.4,57.1,13.4,0.3,23.7,26.0,14.1,81.2,,,OBAnorm,,LD831_02097v2.403,,,,0,0
DENATRLA,2025-06-23 08:15:53.000,35.7,25.0,29.0,29.1,27.3,23.0,21.1,15.7,12.8,14.8,16.6,21.0,22.6,24.9,25.4,26.6,27.2,27.5,27.6,27.5,25.3,23.1,20.0,16.8,12.8,12.9,9.8,2.1,-2.6,-3.6,-4.4,-3.0,-0.2,34.4,38.6,58.0,13.4,0.3,23.7,26.0,14.1,81.2,,,OBAnorm,,LD831_02097v2.403,,,,0,0
DENATRLA,2025-06-23 08:15:54.000,37.9,35.0,30.3,29.8,25.5,23.4,19.1,14.3,12.9,13.5,18.0,19.7,22.8,24.9,26.3,27.0,27.4,27.7,27.7,27.5,26.0,23.1,20.5,17.5,13.5,9.7,4.4,-0.9,-2.8,-3.6,-4.5,-3.0,-0.1,34.7,37.6,49.6,13.4,0.3,23.7,26.0,14.1,81.2,,,OBAnorm,,LD831_02097v2.403,,,,0,0
DENATRLA,2025-06-23 08:15:55.000,38.8,33.8,29.6,29.7,25.8,21.2,17.2,14.7,11.6,13.5,17.4,20.7,22.7,24.6,25.2,27.3,27.6,27.6,27.6,27.9,26.7,24.3,21.5,17.8,14.3,10.5,4.7,-1.0,-3.0,-3.4,-4.3,-3.1,-0.1,35.1,37.9,50.3,13.4,0.3,23.7,26.0,14.1,80.6,,,OBAnorm,,LD831_02097v2.403,,,,0,0
DENATRLA,2025-06-23 08:15:56.000,30.4,28.9,29.2,24.9,25.0,22.5,16.3,13.3,13.4,14.8,17.7,19.2,22.2,23.7,25.7,27.1,28.3,28.1,28.5,28.6,27.5,25.5,22.5,19.1,15.3,11.6,5.2,-0.3,-2.8,-3.7,-4.4,-3.1,-0.1,35.9,38.4,51.6,13.4,0.3,23.7,26.0,14.1,80.6,,,OBAnorm,,LD831_02097v2.403,,,,0,0
DENATRLA,2025-06-23 08:15:57.000,27.4,31.3,28.8,27.1,25.5,19.4,18.2,16.4,12.1,14.7,18.5,19.5,21.3,24.5,26.4,27.0,27.6,28.9,28.1,29.0,27.5,24.9,22.6,19.3,15.7,11.9,5.6,-0.4,-3.1,-3.7,-4.3,-3.1,-0.3,35.8,38.6,51.0,13.4,0.3,23.7,26.0,14.1,80.6,,,OBAnorm,,LD831_02097v2.403,,,,0,0
DENATRLA,2025-06-23 08:15:58.000,34.4,27.0,25.3,24.1,24.0,22.2,19.3,14.3,12.2,15.2,18.0,19.6,22.4,23.6,25.3,26.3,27.4,28.9,28.4,28.2,27.1,24.9,22.4,18.8,15.5,11.3,4.7,-0.2,-2.9,-3.5,-4.4,-3.2,0.0,35.6,39.1,53.0,13.4,0.2,23.6,26.0,14.1,80.6,,,OBAnorm,,LD831_02097v2.403,,,,0,0
DENATRLA,2025-06-23 08:15:59.000,31.5,28.9,31.9,29.0,26.5,26.4,23.2,16.6,13.1,14.3,16.9,20.0,22.9,23.3,26.0,26.5,27.4,28.5,27.8,27.1,26.6,24.9,21.8,18.4,14.8,10.7,4.6,-0.5,-2.5,-3.1,-4.1,-3.2,-0.1,35.2,39.5,56.0,13.4,0.1,339.5,26.0,14.2,80.6,,,OBAnorm,,LD831_02097v2.403,,,,0,0
DENATRLA,2025-06-23 08:16:00.000,37.0,32.2,32.9,30.1,26.5,24.6,22.8,17.5,15.0,14.3,19.0,19.4,22.7,24.0,25.9,26.4,26.7,28.3,28.0,27.8,26.1,24.1,20.9,17.6,13.9,9.9,4.2,-1.0,-2.1,-3.1,-4.1,-3.0,-0.2,35.0,42.6,61.2,13.4,0.1,314.3,26.0,14.3,80.6,,,OBAnorm,,LD831_02097v2.403,,,,0,0
DENATRLA,2025-06-23 08:16:01.000,37.8,33.7,35.4,34.1,28.5,25.8,23.9,22.8,18.7,18.2,17.1,22.0,22.6,25.6,26.1,26.7,27.1,27.9,27.8,27.3,26.0,24.0,21.0,18.3,14.3,10.1,4.0,-0.4,-2.1,-2.6,-4.0,-2.9,0.0,34.9,43.0,62.9,13.4,0.1,292.1,26.0,14.2,80.6,,,OBAnorm,,LD831_02097v2.403,,,,0,0
DENATRLA,2025-06-23 08:16:02.000,40.5,41.9,38.5,33.3,33.8,29.4,23.8,25.0,19.9,18.2,18.9,20.8,23.2,23.7,25.9,26.8,27.3,27.7,28.0,27.5,26.3,23.7,21.3,17.9,14.4,13.4,7.5,0.1,-1.6,-2.4,-3.7,-2.7,0.0,34.9,45.2,65.4,13.4,0.2,288.9,26.0,14.2,80.6,,,OBAnorm,,LD831_02097v2.403,,,,0,0
DENATRLA,2025-06-23 08:16:03.000,40.8,41.5,39.7,37.3,32.8,33.0,31.3,28.6,22.7,19.1,19.8,20.1,21.9,24.5,26.2,26.4,27.2,28.0,27.9,26.4,25.0,23.4,20.7,17.1,13.5,9.4,4.5,-0.5,-1.8,-2.1,-3.7,-2.8,-0.1,34.6,46.9,67.0,13.4,0.7,290.0,26.0,14.2,80.6,,,OBAnorm,,LD831_02097v2.403,,,,0,0
DENATRLA,2025-06-23 08:16:04.000,43.0,42.6,42.0,39.3,38.0,33.7,29.6,29.2,25.4,17.0,18.0,20.0,23.0,24.2,25.3,25.4,27.2,27.6,27.4,26.7,25.1,22.6,20.1,16.7,12.4,9.0,3.3,-1.1,-2.4,-2.7,-3.9,-2.9,0.0,34.2,42.0,59.9,13.4,1.2,290.4,26.0,14.2,80.6,,,OBAnorm,,LD831_02097v2.403,,,,0,0
DENATRLA,2025-06-23 08:16:05.000,44.3,44.9,40.6,35.6,30.0,26.8,21.1,18.0,16.7,14.6,18.9,20.3,23.5,24.2,24.4,26.2,27.0,28.3,27.8,27.7,26.1,23.4,20.3,17.4,13.1,9.2,3.7,-0.2,-1.7,-1.9,-3.7,-2.8,0.0,34.8,39.7,60.4,13.4,1.3,290.6,26.0,14.2,81.2,,,OBAnorm,,LD831_02097v2.403,,,,0,0
DENATRLA,2025-06-23 08:16:06.000,48.5,36.8,38.7,33.1,28.4,23.9,20.4,17.8,12.9,14.2,15.0,20.7,22.7,23.9,25.2,26.5,27.6,27.7,27.6,26.8,26.0,22.9,20.4,16.9,13.0,9.6,3.7,-0.3,-1.4,-2.2,-3.8,-2.7,-0.1,34.5,38.2,55.6,13.4,1.3,290.5,26.0,14.2,81.2,,,OBAnorm,,LD831_02097v2.403,,,,0,0
DENATRLA,2025-06-23 08:16:07.000,42.6,37.7,30.9,28.3,22.7,23.0,19.3,16.4,14.9,14.0,17.6,20.8,23.6,24.7,25.8,26.2,26.9,28.0,27.2,26.7,25.3,23.5,20.3,16.2,12.5,18.0,12.1,3.0,-1.3,-2.3,-3.7,-3.0,-0.2,34.6,40.4,57.5,13.4,1.2,290.6,26.0,14.2,80.6,,,OBAnorm,,LD831_02097v2.403,,,,0,0
DENATRLA,2025-06-23 08:16:08.000,33.7,31.0,27.9,29.1,28.8,26.6,20.5,16.7,15.6,15.0,18.5,21.5,23.2,24.2,25.2,25.9,26.7,27.4,27.3,26.7,25.3,22.9,19.5,15.9,11.9,14.3,15.3,2.9,-1.4,-2.2,-3.6,-2.8,-0.1,34.2,38.4,56.7,13.4,1.1,278.9,26.0,14.2,80.1,,,OBAnorm,,LD831_02097v2.403,,,,0,0
DENATRLA,2025-06-23 08:16:09.000,37.0,32.4,31.6,31.1,27.8,23.9,20.4,18.1,14.1,15.1,17.0,20.2,22.0,24.8,24.6,25.9,26.7,27.2,26.9,26.5,24.6,22.0,18.7,15.7,11.4,7.9,3.0,-0.7,-0.9,-2.3,-3.7,-2.8,-0.2,33.7,38.9,55.4,13.4,1.1,290.0,26.0,14.2,80.6,,,OBAnorm,,LD831_02097v2.403,,,,0,0
DENATRLA,2025-06-23 08:16:10.000,42.2,38.0,33.0,29.0,25.8,23.4,21.6,17.5,17.0,15.1,19.2,21.0,22.5,22.8,24.4,25.4,25.2,27.0,25.5,25.7,23.7,21.8,18.3,14.4,10.9,7.1,2.6,-0.7,-0.7,-0.9,-3.6,-2.7,0.0,33.0,40.3,60.1,13.4,1.1,290.6,26.0,14.2,81.2,,,OBAnorm,,LD831_02097v2.403,,,,0,0
DENATRLA,2025-06-23 08:16:11.000,33.7,31.9,36.5,29.7,27.1,27.3,22.3,18.5,12.4,14.4,18.8,19.8,22.3,23.8,24.2,24.6,26.3,26.4,26.6,24.9,23.8,20.7,17.6,13.6,9.8,6.7,1.5,-1.9,-1.8,-2.5,-3.8,-2.9,0.0,32.9,37.9,54.2,13.4,1.1,290.6,26.0,14.2,80.6,,,OBAnorm,,LD831_02097v2.403,,,,0,0
DENATRLA,2025-06-23 08:16:12.000,42.2,39.3,30.9,30.3,27.1,22.3,18.0,16.1,13.4,14.3,16.0,19.6,21.3,22.6,23.6,24.7,27.0,27.4,26.6,26.0,23.8,21.5,18.0,15.0,10.8,7.0,1.5,-1.8,-2.1,-2.6,-3.9,-3.0,-0.1,33.3,36.8,51.5,13.4,1.1,290.6,26.1,14.2,80.1,,,OBAnorm,,LD831_02097v2.403,,,,0,0
DENATRLA,2025-06-23 08:16:13.000,40.7,33.0,25.4,23.6,28.0,22.3,19.3,14.1,15.7,14.3,18.3,20.0,21.5,21.6,23.3,25.0,26.3,27.6,27.7,26.2,24.2,21.8,18.6,15.4,10.9,7.2,1.9,-1.9,-2.3,-2.1,-3.8,-2.8,-0.1,33.6,37.0,50.2,13.4,0.9,290.6,26.0,14.2,80.1,,,OBAnorm,,LD831_02097v2.403,,,,0,0
DENATRLA,2025-06-23 08:16:14.000,35.8,34.7,29.2,28.1,23.9,22.5,18.7,15.6,13.6,13.6,16.2,20.2,20.6,23.4,24.6,25.3,26.8,27.5,27.2,26.1,23.5,21.3,18.1,14.3,10.5,6.8,1.5,-2.2,-2.5,-2.7,-3.9,-3.0,-0.1,33.4,36.7,49.7,13.4,0.8,290.6,26.0,14.2,80.6,,,OBAnorm,,LD831_02097v2.403,,,,0,0
DENATRLA,2025-06-23 08:16:15.000,33.2,33.5,28.1,27.3,26.8,21.3,17.6,16.7,14.0,15.0,18.3,20.7,21.8,23.6,24.2,25.2,26.8,27.0,26.9,25.3,23.6,20.8,17.6,14.2,10.1,6.5,1.4,-1.8,-2.6,-2.9,-4.0,-2.9,-0.2,33.1,37.2,50.7,13.4,0.7,290.5,26.0,14.2,80.6,,,OBAnorm,,LD831_02097v2.403,,,,0,0
DENATRLA,2025-06-23 08:16:16.000,30.9,28.7,27.0,27.7,26.1,21.7,19.6,16.9,13.7,13.9,16.3,18.8,22.1,23.0,23.9,24.5,25.3,26.3,25.7,24.8,23.3,20.8,17.8,14.7,11.3,6.6,0.9,-2.4,-2.5,-3.1,-4.1,-2.8,-0.1,32.6,39.2,55.6,13.4,0.6,290.6,26.0,14.2,80.6,,,OBAnorm,,LD831_02097v2.403,,,,0,0
DENATRLA,2025-06-23 08:16:17.000,31.4,30.6,32.0,33.0,29.2,26.1,22.0,18.4,15.6,13.9,17.7,19.9,20.4,22.2,22.4,24.5,26.2,26.2,26.2,24.6,22.3,20.3,16.4,13.4,9.3,6.0,0.6,-2.2,-2.4,-2.6,-3.9,-2.7,-0.1,32.2,47.8,64.7,13.4,0.6,290.6,26.0,14.2,81.2,,,OBAnorm,,LD831_02097v2.403,,,,0,0
DENATRLA,2025-06-23 08:16:18.000,33.9,38.0,34.9,37.7,36.5,38.5,36.5,34.3,31.1,25.7,21.8,20.8,22.2,23.4,23.8,25.0,24.9,25.7,24.7,23.3,22.1,19.7,15.8,12.5,8.9,5.5,1.3,-1.0,-1.0,-0.6,-2.4,-1.8,0.4,31.8,51.8,68.2,13.4,0.5,290.1,26.0,14.2,80.6,,,OBAnorm,,LD831_02097v2.403,,,,0,0
DENATRLA,2025-06-23 08:16:19.000,41.8,44.4,46.0,45.2,42.7,41.9,39.8,37.6,38.9,30.1,27.9,22.3,22.6,23.3,24.4,23.9,25.9,25.8,24.8,23.5,21.4,19.3,15.8,12.3,8.9,6.0,2.7,1.1,1.3,1.5,-0.8,-0.6,1.4,32.0,56.9,78.6,13.4,0.3,279.6,26.1,14.2,80.1,,,OBAnorm,,LD831_02097v2.403,,,,0,0
DENATRLA,2025-06-23 08:16:20.000,53.8,50.7,53.3,51.5,43.3,45.2,38.7,37.2,28.2,22.4,20.9,21.9,23.1,22.6,23.9,24.8,25.3,26.0,25.1,24.2,22.0,19.4,16.2,12.1,9.5,6.3,2.7,0.5,0.7,1.6,-0.4,-1.6,0.3,32.0,51.8,67.1,13.4,0.4,260.0,26.0,14.2,80.6,,,OBAnorm,,LD831_02097v2.403,,,,0,0
DENATRLA,2025-06-23 08:16:21.000,60.3,56.6,47.0,45.4,44.1,41.7,40.1,35.2,33.5,28.4,22.9,25.6,22.7,21.9,23.7,24.3,26.6,26.4,25.4,23.6,22.0,19.4,16.2,12.2,9.6,5.8,2.1,-0.7,-0.7,-0.9,-2.5,-1.8,0.5,32.3,55.5,72.8,13.4,0.4,243.7,26.0,14.2,80.6,,,OBAnorm,,LD831_02097v2.403,,,,0,0
DENATRLA,2025-06-23 08:16:22.000,56.4,51.1,48.6,47.9,48.6,43.5,44.3,40.4,41.1,34.2,31.8,27.9,24.5,25.0,24.8,24.0,25.3,26.3,25.9,23.6,21.9,19.2,16.3,12.8,9.6,8.9,7.2,0.4,-0.3,-0.4,-1.6,-0.8,1.6,32.7,58.2,78.6,13.4,0.5,234.8,26.0,14.2,80.1,,,OBAnorm,,LD831_02097v2.403,,,,0,0
DENATRLA,2025-06-23 08:16:23.000,53.7,52.8,52.0,53.4,50.1,47.6,44.5,40.7,35.7,34.0,26.9,26.4,22.8,23.7,23.8,24.3,25.2,26.3,25.5,23.9,22.1,19.6,16.2,12.6,9.3,15.9,15.9,3.7,-0.8,-0.9,-2.4,-1.7,0.3,32.4,54.9,70.7,13.4,0.7,230.0,26.0,14.2,80.1,,,OBAnorm,,LD831_02097v2.403,,,,0,0
DENATRLA,2025-06-23 08:16:24.000,53.7,58.3,48.9,49.3,46.7,43.6,38.3,33.3,31.1,20.3,17.7,18.1,21.4,22.7,24.1,24.0,25.8,26.2,26.0,23.9,22.3,19.5,16.5,12.8,9.1,5.4,0.8,-2.0,-1.7,-1.8,-3.4,-2.4,0.0,32.2,45.9,62.8,13.4,1.0,248.6,26.1,14.2,80.6,,,OBAnorm,,LD831_02097v2.403,,,,0,0
DENATRLA,2025-06-23 08:16:25.000,56.3,56.4,45.2,42.6,38.3,36.2,32.4,29.3,24.7,19.0,17.5,17.6,21.6,22.5,23.8,25.3,25.5,26.2,26.7,24.8,22.8,20.6,17.4,13.3,9.5,6.1,1.3,-2.0,-2.2,-1.1,-3.8,-2.7,-0.1,32.7,46.0,60.5,13.4,1.0,241.7,26.1,14.1,80.6,,,OBAnorm,,LD831_02097v2.403,,,,0,0
DENATRLA,2025-06-23 08:16:26.000,55.8,46.5,40.5,40.6,36.9,35.9,38.8,39.7,33.2,25.6,22.4,18.6,20.3,23.4,23.7,25.5,26.6,26.5,26.7,24.9,23.4,20.8,18.0,14.1,10.0,6.0,1.1,-2.2,-3.2,-3.3,-4.1,-2.9,0.0,33.0,51.2,64.9,13.4,1.0,232.4,26.0,14.1,80.6,,,OBAnorm,,LD831_02097v2.403,,,,0,0
DENATRLA,2025-06-23 08:16:27.000,48.8,42.8,40.1,40.6,45.3,42.4,38.1,34.4,29.6,29.7,23.3,19.8,20.9,22.6,24.1,25.0,26.9,26.7,27.1,25.5,24.0,21.8,18.8,14.7,10.9,6.6,1.0,-2.2,-2.7,-3.1,-3.5,-2.5,0.1,33.3,48.5,67.9,13.4,1.1,217.4,26.0,14.1,80.0,,,OBAnorm,,LD831_02097v2.403,,,,0,0
DENATRLA,2025-06-23 08:16:28.000,50.8,50.3,47.3,46.5,42.2,40.5,34.4,31.3,23.6,17.6,16.9,17.5,20.9,23.4,24.5,24.6,26.5,27.1,26.8,26.1,24.1,20.9,18.5,14.6,10.5,6.3,0.4,-2.8,-3.1,-3.4,-4.1,-2.7,0.0,33.4,45.7,63.4,13.4,1.1,226.5,26.0,14.1,80.0,,,OBAnorm,,LD831_02097v2.403,,,,0,0
DENATRLA,2025-06-23 08:16:29.000,53.3,51.1,44.7,41.1,37.4,30.2,27.3,24.9,19.6,16.3,17.5,18.1,20.7,23.5,23.6,26.1,26.0,27.0,27.1,25.7,23.8,21.4,18.3,14.5,11.3,7.9,2.4,-1.6,-2.4,-3.3,-4.1,-2.9,-0.1,33.4,46.1,61.8,13.4,1.1,207.8,26.1,14.1,80.6,,,OBAnorm,,LD831_02097v2.403,,,,0,0
DENATRLA,2025-06-23 08:16:30.000,48.7,42.2,37.5,35.2,33.3,34.3,29.8,30.7,27.6,23.9,22.2,20.7,21.3,23.7,24.4,24.8,26.1,26.4,27.0,25.9,24.3,21.1,18.1,14.6,11.3,7.5,2.4,-1.7,-1.8,-2.8,-4.0,-2.8,0.1,33.3,50.1,69.5,13.4,1.0,202.8,26.1,14.1,80.0,,,OBAnorm,,LD831_02097v2.403,,,,0,0
DENATRLA,2025-06-23 08:16:31.000,44.7,39.1,43.0,40.0,39.8,36.3,29.6,23.4,24.2,18.3,19.1,18.8,20.8,23.0,23.9,23.9,25.9,26.9,27.1,25.9,22.9,20.2,17.1,13.5,9.8,6.6,0.9,-2.5,-2.9,-3.4,-4.1,-2.8,0.0,33.0,48.8,63.7,13.4,0.8,198.1,26.0,14.1,79.5,,,OBAnorm,,LD831_02097v2.403,,,,0,0
DENATRLA,2025-06-23 08:16:32.000,49.7,48.4,42.4,41.2,41.2,32.8,33.6,34.9,30.0,24.3,22.4,24.9,20.8,22.4,24.3,25.2,25.9,26.6,25.3,24.4,22.6,19.5,16.2,13.0,9.3,5.8,0.3,-3.0,-3.0,-3.3,-3.8,-2.5,0.2,32.4,54.7,71.0,13.4,0.7,194.3,26.1,14.1,80.0,,,OBAnorm,,LD831_02097v2.403,,,,0,0
DENATRLA,2025-06-23 08:16:33.000,54.4,45.9,51.6,47.6,46.0,41.8,37.0,34.2,29.0,23.9,21.0,21.5,21.2,23.2,24.1,24.9,25.9,26.4,26.3,24.0,21.8,18.7,16.4,12.8,9.0,5.7,0.4,-2.9,-3.0,-3.3,-3.9,-2.5,0.1,32.1,53.2,66.3,13.4,0.7,191.2,26.0,14.0,80.0,,,OBAnorm,,LD831_02097v2.403,,,,0,0
DENATRLA,2025-06-23 08:16:34.000,56.4,53.5,49.6,45.9,45.3,36.9,32.8,29.2,24.9,22.4,19.0,22.1,20.8,23.3,23.2,24.5,26.1,25.9,25.8,23.8,21.4,18.8,15.6,12.3,8.5,8.7,9.5,0.0,-3.4,-3.5,-4.2,-2.9,0.1,31.9,48.8,67.5,13.4,0.7,155.2,26.0,14.0,80.0,,,OBAnorm,,LD831_02097v2.403,,,,0,0
DENATRLA,2025-06-23 08:16:35.000,56.9,57.2,43.7,37.8,36.0,35.4,35.4,30.1,27.6,23.2,19.0,20.1,20.2,22.4,24.0,24.3,25.5,26.2,24.6,23.5,21.5,19.5,16.4,12.1,8.3,16.0,12.2,3.1,-3.5,-3.7,-4.3,-3.1,0.0,31.8,50.5,68.7,13.4,0.9,103.6,26.1,14.0,80.0,,,OBAnorm,,LD831_02097v2.403,,,,0,0
DENATRLA,2025-06-23 08:16:36.000,53.8,46.8,49.9,45.7,38.2,37.5,30.3,28.3,22.9,15.9,17.7,20.5,20.4,22.8,23.1,23.8,24.6,26.1,25.4,23.5,21.1,19.0,16.2,12.9,8.3,6.1,3.8,-2.9,-3.3,-3.2,-4.1,-2.9,-0.2,31.5,43.1,61.6,13.4,0.9,87.3,26.1,14.0,80.0,,,OBAnorm,,LD831_02097v2.403,,,,0,0
DENATRLA,2025-06-23 08:16:37.000,53.9,51.4,39.9,34.5,30.2,26.9,21.9,19.3,14.5,13.7,17.8,21.6,21.7,22.7,25.2,24.4,25.6,26.3,26.0,23.8,22.0,18.9,16.5,12.4,9.2,5.2,-0.3,-3.2,-3.7,-3.6,-4.2,-3.0,-0.1,32.0,42.8,64.6,13.4,0.9,79.5,26.0,14.0,81.2,,,OBAnorm,,LD831_02097v2.403,,,,0,0
DENATRLA,2025-06-23 08:16:38.000,52.5,43.9,33.8,28.4,25.9,26.1,24.0,19.9,17.4,16.2,17.6,20.3,21.0,23.1,24.5,24.6,25.1,27.2,25.8,23.3,22.2,19.4,17.1,13.1,8.9,5.4,-0.4,-3.3,-3.7,-3.7,-4.4,-3.1,-0.1,32.1,44.9,65.1,13.4,0.9,68.9,26.1,14.0,81.7,,,OBAnorm,,LD831_02097v2.403,,,,0,0
DENATRLA,2025-06-23 08:16:39.000,41.6,42.6,35.4,36.6,34.7,30.9,28.0,24.6,22.1,15.9,17.9,19.7,22.1,23.2,24.6,24.9,24.4,26.1,25.6,23.6,21.5,19.3,16.4,12.1,8.9,5.5,-0.3,-3.4,-3.7,-3.7,-4.4,-3.0,-0.2,31.7,44.7,63.9,13.4,0.8,69.5,26.1,14.0,81.2,,,OBAnorm,,LD831_02097v2.403,,,,0,0
DENATRLA,2025-06-23 08:16:40.000,40.2,42.7,39.2,37.0,31.9,29.4,25.5,23.0,15.6,15.4,18.9,19.6,19.9,23.5,24.5,24.6,24.6,25.5,25.2,23.2,21.4,19.7,16.0,12.6,8.3,5.3,-0.9,-3.4,-3.7,-3.9,-4.5,-3.1,-0.1,31.7,41.8,61.7,13.4,0.7,76.3,26.1,14.0,80.6,,,OBAnorm,,LD831_02097v2.403,,,,0,0
DENATRLA,2025-06-23 08:16:41.000,50.9,39.0,41.2,35.2,29.7,25.6,19.5,19.9,14.7,14.6,17.5,21.0,21.8,24.3,23.4,23.9,24.9,25.0,25.0,23.4,21.8,18.6,15.5,12.1,8.8,5.3,-0.8,-3.6,-3.7,-3.8,-4.4,-3.2,-0.2,31.2,36.4,54.8,13.4,0.6,79.2,26.1,14.0,81.2,,,OBAnorm,,LD831_02097v2.403,,,,0,0
DENATRLA,2025-06-23 08:16:42.000,42.7,42.4,33.4,29.2,24.7,21.3,17.9,16.3,12.3,14.0,19.5,17.8,21.4,22.0,23.9,23.9,25.1,25.0,25.1,23.7,21.2,19.6,17.1,12.5,9.0,6.4,0.9,-3.1,-3.3,-3.7,-4.3,-3.1,-0.2,31.5,35.3,48.0,13.4,0.5,82.3,26.1,14.0,82.3,,,OBAnorm,,LD831_02097v2.403,,,,0,0
DENATRLA,2025-06-23 08:16:43.000,36.3,33.3,29.0,25.0,23.0,19.3,19.9,14.5,13.8,13.8,19.9,18.2,20.3,22.8,23.8,23.2,25.5,25.5,24.7,22.7,20.6,18.3,15.6,11.6,7.8,4.4,-1.4,-3.6,-3.7,-3.8,-4.4,-3.1,-0.2,31.1,35.6,48.8,13.4,0.4,79.0,26.0,14.0,81.2,,,OBAnorm,,LD831_02097v2.403,,,,0,0
DENATRLA,2025-06-23 08:16:44.000,34.2,33.0,26.1,27.0,22.9,20.3,17.9,16.3,12.5,14.2,16.1,19.4,21.0,23.1,25.3,24.9,24.7,25.3,24.8,22.9,20.5,17.9,14.7,11.1,7.4,4.4,-1.3,-3.7,-3.6,-3.9,-4.4,-3.3,-0.1,31.0,35.1,48.0,13.4,0.4,82.3,26.0,14.0,81.2,,,OBAnorm,,LD831_02097v2.403,,,,0,0
DENATRLA,2025-06-23 08:16:45.000,34.0,30.5,23.6,24.9,20.9,20.5,18.1,15.0,12.3,15.4,19.2,19.1,21.5,22.7,22.4,23.5,24.6,24.7,24.5,23.2,20.6,17.6,14.9,11.2,7.7,4.0,-1.2,-3.6,-3.7,-3.9,-4.4,-3.1,-0.1,30.9,34.7,50.3,13.4,0.4,82.3,26.0,14.0,82.3,,,OBAnorm,,LD831_02097v2.403,,,,0,0
DENATRLA,2025-06-23 08:16:46.000,35.9,31.1,23.5,21.3,22.6,22.2,16.0,13.4,12.9,13.9,17.9,17.6,20.6,21.4,23.0,23.2,24.0,24.8,23.6,22.6,20.5,17.4,14.2,10.8,6.4,3.6,0.1,-3.6,-3.8,-3.8,-4.4,-3.1,-0.1,30.4,34.4,46.7,13.4,0.4,82.1,26.1,14.0,82.3,,,OBAnorm,,LD831_02097v2.403,,,,0,0
DENATRLA,2025-06-23 08:16:47.000,28.4,28.7,21.7,23.1,21.8,20.6,17.5,18.0,11.9,12.9,18.1,19.5,20.7,21.7,22.0,23.4,24.0,24.2,23.1,22.5,19.8,16.5,13.8,10.5,6.9,21.4,19.2,8.6,-3.8,-3.9,-4.4,-3.3,-0.1,31.1,34.4,44.7,13.4,0.4,82.0,26.0,14.0,82.3,,,OBAnorm,,LD831_02097v2.403,,,,0,0
DENATRLA,2025-06-23 08:16:48.000,31.4,24.3,23.5,20.0,19.9,18.6,16.3,16.5,11.6,13.4,18.6,18.6,19.8,21.3,22.9,23.9,24.4,24.3,23.3,21.8,19.4,16.1,13.1,9.9,6.4,14.0,14.5,5.5,-3.6,-3.8,-4.4,-3.3,-0.2,30.2,34.1,44.7,13.4,0.4,77.2,26.1,14.0,82.3,,,OBAnorm,,LD831_02097v2.403,,,,0,0
DENATRLA,2025-06-23 08:16:49.000,29.0,25.3,25.8,23.0,22.6,19.3,18.4,16.3,13.4,11.9,17.0,17.8,22.6,22.2,22.6,23.6,22.8,24.1,22.9,22.0,19.5,16.8,13.6,10.3,6.7,3.1,-1.9,-3.8,-3.7,-3.8,-4.3,-3.3,-0.1,29.8,34.3,47.1,13.4,0.4,72.9,26.1,14.0,82.3,,,OBAnorm,,LD831_02097v2.403,,,,0,0
DENATRLA,2025-06-23 08:16:50.000,30.4,29.0,28.0,23.9,19.6,18.8,17.3,13.2,11.9,13.4,18.2,18.6,21.4,23.5,22.6,24.1,23.9,23.8,24.0,22.2,20.3,17.3,14.6,10.6,7.3,4.2,-0.9,-3.6,-3.7,-3.8,-4.5,-3.1,-0.1,30.3,34.3,44.2,13.4,0.4,72.3,26.1,14.0,82.3,,,OBAnorm,,LD831_02097v2.403,,,,0,0
DENATRLA,2025-06-23 08:16:51.000,28.8,28.4,26.5,24.1,22.8,20.1,17.9,15.0,13.2,13.5,19.6,18.7,19.6,22.3,22.2,23.7,24.7,24.3,24.0,22.4,20.5,17.2,14.0,10.8,6.6,3.6,-1.8,-3.6,-3.6,-3.8,-4.2,-3.1,-0.2,30.3,35.9,50.3,13.4,0.4,69.5,26.0,14.0,82.3,,,OBAnorm,,LD831_02097v2.403,,,,0,0
DENATRLA,2025-06-23 08:16:52.000,31.5,29.8,27.6,24.0,21.4,20.2,20.4,14.9,12.6,12.5,21.7,19.0,21.1,22.7,22.5,23.2,24.3,24.4,23.3,22.5,20.3,17.2,14.2,10.6,7.9,4.4,-0.7,-3.1,-3.6,-3.7,-4.3,-3.2,0.0,30.2,35.2,47.0,13.4,0.2,65.4,26.0,14.0,82.3,,,OBAnorm,,LD831_02097v2.403,,,,0,0
DENATRLA,2025-06-23 08:16:53.000,32.3,31.8,30.3,26.5,23.7,18.6,17.4,15.3,13.2,12.7,17.5,18.8,20.0,22.8,23.7,23.2,24.7,24.5,24.7,22.9,20.8,17.2,14.1,10.4,7.6,4.1,-1.1,-3.5,-3.5,-3.7,-4.3,-2.9,0.1,30.8,36.8,52.3,13.4,0.0,54.3,26.1,14.0,82.3,,,OBAnorm,,LD831_02097v2.403,,,,0,0
DENATRLA,2025-06-23 08:16:54.000,34.5,33.0,31.2,27.4,25.4,21.4,18.1,16.1,13.8,13.5,16.6,24.2,20.5,21.5,22.6,22.0,23.9,23.5,23.4,22.4,20.0,17.0,13.7,12.1,8.4,4.1,-1.2,-3.6,-3.7,-3.8,-4.3,-3.2,0.0,29.9,37.3,54.4,13.4,0.0,36.5,26.1,14.0,82.3,,,OBAnorm,,LD831_02097v2.403,,,,0,0
DENATRLA,2025-06-23 08:16:55.000,32.6,32.4,31.3,25.1,22.3,20.7,19.9,16.0,13.7,13.8,17.7,23.1,20.2,21.4,22.1,21.9,22.6,23.4,23.3,21.4,20.2,16.0,13.7,10.1,7.7,3.6,-1.4,-3.0,-3.4,-3.5,-4.3,-3.1,-0.2,29.6,38.4,56.8,13.4,0.0,28.6,26.1,14.0,82.3,,,OBAnorm,,LD831_02097v2.403,,,,0,0
DENATRLA,2025-06-23 08:16:56.000,32.5,35.2,31.9,31.8,26.4,19.8,17.6,14.7,12.8,13.2,19.5,21.8,19.0,21.2,22.0,22.3,23.1,23.9,22.7,21.1,18.9,16.3,12.6,9.2,5.5,2.7,-2.3,-3.6,-3.7,-3.8,-4.4,-3.2,-0.2,29.3,37.0,54.4,13.4,0.0,28.1,26.0,14.0,81.7,,,OBAnorm,,LD831_02097v2.403,,,,0,0
DENATRLA,2025-06-23 08:16:57.000,40.9,35.6,31.9,30.1,24.4,20.3,18.1,18.8,13.7,12.5,18.2,20.6,18.6,20.9,20.9,22.0,23.6,23.3,23.2,22.3,19.9,16.6,13.0,9.6,6.8,2.8,-0.3,-1.4,-3.4,-3.8,-4.4,-3.1,-0.1,29.6,37.8,55.4,13.4,0.0,26.5,26.1,14.0,81.7,,,OBAnorm,,LD831_02097v2.403,,,,0,0
DENATRLA,2025-06-23 08:16:58.000,38.5,32.9,33.3,32.6,25.5,23.1,19.5,18.6,15.5,13.3,19.7,16.8,18.1,20.5,20.8,22.3,23.0,24.0,23.7,22.6,20.3,17.5,13.6,10.8,7.8,4.3,1.7,0.0,0.4,-3.2,-4.4,-3.1,-0.2,30.0,38.5,57.1,13.4,0.0,24.4,26.1,14.0,81.7,,,OBAnorm,,LD831_02097v2.403,,,,0,0
DENATRLA,2025-06-23 08:16:59.000,40.5,38.8,31.1,28.7,24.2,22.4,23.6,23.2,17.9,14.8,19.3,16.6,19.0,20.7,20.7,21.7,22.6,23.5,22.8,22.1,20.4,16.7,13.4,10.5,8.1,11.2,11.7,4.9,7.7,-0.2,-3.7,-3.2,-0.2,29.6,37.5,57.0,13.4,0.0,24.4,26.1,14.0,81.7,,,OBAnorm,,LD831_02097v2.403,,,,0,0
DENATRLA,2025-06-23 08:17:00.000,38.1,37.1,32.4,28.9,28.3,24.5,21.4,17.7,14.5,10.8,18.3,21.0,19.6,21.1,20.7,21.2,22.7,23.7,22.0,21.4,19.4,17.1,14.2,11.9,10.1,16.9,12.9,6.4,8.8,1.0,-3.8,-3.1,-0.1,29.9,35.9,54.7,13.4,0.0,23.9,26.1,14.0,80.0,,,OBAnorm,,LD831_02097v2.403,,,,0,0
DENATRLA,2025-06-23 08:17:01.000,42.3,38.3,32.0,29.0,24.4,21.2,16.0,13.8,11.4,9.8,16.3,19.9,19.2,21.0,22.3,22.0,22.6,22.3,22.3,21.5,18.7,15.9,12.4,10.3,10.1,21.4,17.8,6.4,7.9,0.1,-3.8,-3.2,0.0,30.1,35.8,56.3,13.4,0.0,32.1,26.1,14.0,80.0,,,OBAnorm,,LD831_02097v2.403,,,,0,0
DENATRLA,2025-06-23 08:17:02.000,37.0,33.8,29.3,25.7,18.4,18.9,14.8,12.9,12.5,12.2,16.2,17.7,18.1,21.1,22.2,22.2,22.4,22.6,22.6,20.5,18.4,15.7,12.4,10.0,7.7,11.8,2.9,2.1,7.8,-3.3,-4.3,-3.1,-0.1,28.9,34.7,52.7,13.4,0.0,32.1,26.1,14.0,81.7,,,OBAnorm,,LD831_02097v2.403,,,,0,0
DENATRLA,2025-06-23 08:17:03.000,34.9,29.9,29.6,25.9,21.5,18.3,16.0,12.7,10.0,11.8,17.5,19.0,19.0,21.1,21.7,21.7,23.4,22.9,22.5,21.1,18.8,16.5,12.6,9.2,10.8,3.6,-0.3,0.3,-1.7,-3.4,-4.3,-3.0,-0.1,29.0,33.0,43.7,13.4,0.1,32.1,26.1,14.1,81.8,,,OBAnorm,,LD831_02097v2.403,,,,0,0
DENATRLA,2025-06-23 08:17:04.000,35.9,28.5,28.5,21.4,19.2,19.0,14.9,14.1,13.4,12.6,19.0,21.4,18.6,22.2,21.9,21.1,22.4,22.4,21.6,20.7,18.0,16.2,12.1,9.2,7.7,3.3,0.9,-0.5,-2.2,-3.5,-4.3,-3.2,-0.2,28.6,32.7,39.5,13.4,0.3,30.8,26.1,14.1,80.0,,,OBAnorm,,LD831_02097v2.403,,,,0,0
DENATRLA,2025-06-23 08:17:05.000,35.8,25.8,24.0,23.6,20.0,16.3,15.8,16.7,11.3,11.3,15.6,17.3,17.8,21.3,20.8,21.4,22.8,22.4,21.8,19.8,18.6,15.5,12.4,8.9,6.4,2.6,-1.9,-3.7,-3.7,-3.7,-4.4,-3.0,-0.1,28.4,33.4,49.1,13.4,0.3,32.3,26.0,14.1,80.0,,,OBAnorm,,LD831_02097v2.403,,,,0,0
DENATRLA,2025-06-23 08:17:06.000,23.6,26.7,25.2,24.2,21.6,17.5,15.4,13.5,9.1,11.6,16.5,18.6,18.9,22.1,22.5,22.6,23.1,23.6,23.2,21.3,18.7,16.5,14.6,10.6,6.9,2.9,-1.9,-3.7,-3.8,-3.8,-4.4,-3.2,0.0,29.6,33.5,43.3,13.4,0.3,32.4,26.1,14.1,81.8,,,OBAnorm,,LD831_02097v2.403,,,,0,0
DENATRLA,2025-06-23 08:17:07.000,25.3,31.0,23.4,25.5,21.6,17.6,17.3,14.2,10.2,12.9,15.0,18.3,19.2,21.1,21.7,22.8,22.7,24.4,23.9,22.0,19.2,15.9,13.7,10.8,7.5,3.6,-1.8,-3.4,-3.7,-3.7,-4.3,-3.2,0.0,29.8,33.4,40.2,13.4,0.3,32.5,26.1,14.1,81.8,,,OBAnorm,,LD831_02097v2.403,,,,0,0
DENATRLA,2025-06-23 08:17:08.000,30.8,27.3,27.8,21.1,22.6,18.1,16.4,15.6,11.7,12.7,16.5,18.3,19.6,22.5,22.2,21.7,23.2,23.5,22.2,20.8,18.3,16.5,13.4,10.8,6.4,3.2,-1.7,-3.6,-3.8,-3.8,-4.4,-3.0,-0.1,29.0,34.4,47.6,13.4,0.3,32.5,26.1,14.1,81.8,,,OBAnorm,,LD831_02097v2.403,,,,0,0
DENATRLA,2025-06-23 08:17:09.000,26.1,28.6,21.1,22.5,22.0,19.0,16.7,14.9,10.7,12.6,16.8,18.5,19.8,22.6,21.7,23.4,21.9,23.3,21.4,20.4,18.0,16.3,13.3,9.7,6.0,2.7,-2.3,-3.7,-3.8,-3.8,-4.3,-3.0,-0.2,28.7,37.4,57.6,13.4,0.3,32.3,26.1,14.1,81.8,,,OBAnorm,,LD831_02097v2.403,,,,0,0
DENATRLA,2025-06-23 08:17:10.000,29.6,32.3,29.1,25.5,23.6,20.2,18.3,13.1,12.5,13.5,15.7,19.7,20.0,21.5,21.7,22.0,22.7,22.0,21.2,20.0,18.1,15.4,12.5,9.0,5.3,1.8,-2.5,-3.8,-3.7,-3.8,-4.4,-3.0,-0.1,28.4,36.7,58.0,13.4,0.2,18.3,26.1,14.1,81.8,,,OBAnorm,,LD831_02097v2.403,,,,0,0
DENATRLA,2025-06-23 08:17:11.000,34.7,37.3,30.9,29.2,22.9,19.8,17.9,13.2,12.2,12.8,16.7,18.3,19.0,22.5,21.4,22.2,22.7,22.7,21.8,20.1,18.4,15.5,12.5,11.6,7.8,2.3,-1.7,-3.3,-3.8,-3.9,-4.4,-3.1,-0.1,28.7,36.4,53.5,13.4,0.1,311.7,26.1,14.2,81.8,,,OBAnorm,,LD831_02097v2.403,,,,0,0
DENATRLA,2025-06-23 08:17:12.000,41.7,34.0,29.5,26.6,20.7,20.8,16.2,15.5,11.4,12.5,16.0,18.9,22.0,20.5,22.0,22.5,23.3,23.4,21.5,20.8,18.1,15.4,12.5,9.7,7.4,3.3,-0.2,-2.4,-3.8,-3.9,-4.4,-3.3,-0.1,28.8,34.5,49.7,13.4,0.1,301.8,26.1,14.2,81.8,,,OBAnorm,,LD831_02097v2.403,,,,0,0
DENATRLA,2025-06-23 08:17:13.000,40.5,35.4,28.8,24.8,21.8,18.6,16.9,16.3,11.0,13.2,16.0,20.3,22.5,22.1,21.9,21.7,23.4,22.9,22.3,20.8,18.9,16.0,13.2,9.9,7.2,3.4,-2.1,-3.8,-3.7,-3.8,-4.4,-3.1,-0.3,29.2,34.1,46.6,13.4,0.1,297.5,26.1,14.2,81.8,,,OBAnorm,,LD831_02097v2.403,,,,0,0
DENATRLA,2025-06-23 08:17:14.000,35.9,33.2,28.1,23.9,21.3,17.7,15.3,15.1,12.5,11.7,17.6,18.8,22.5,22.2,22.5,22.9,23.4,24.6,22.3,22.0,19.8,16.9,14.0,10.3,6.8,3.2,-2.0,-3.7,-3.8,-3.9,-4.3,-3.1,-0.2,29.8,33.7,44.0,13.4,0.1,297.5,26.1,14.2,81.2,,,OBAnorm,,LD831_02097v2.403,,,,0,0
DENATRLA,2025-06-23 08:17:15.000,32.9,25.0,23.8,24.4,19.0,20.1,17.2,13.0,12.6,14.1,16.9,19.4,21.0,22.1,22.4,24.5,23.9,25.3,24.4,22.1,20.1,17.3,15.1,11.2,7.5,18.2,6.3,-3.6,-3.7,-3.8,-4.4,-3.2,-0.1,30.9,34.6,47.2,13.4,0.1,293.9,26.1,14.2,79.5,,,OBAnorm,,LD831_02097v2.403,,,,0,0
DENATRLA,2025-06-23 08:17:16.000,30.3,24.1,24.7,23.5,21.0,17.4,17.5,17.1,11.5,13.6,16.9,19.9,21.7,24.0,22.6,23.3,24.8,25.5,24.0,22.0,19.9,18.4,15.9,12.1,8.8,16.8,13.0,2.5,-3.5,-3.7,-4.4,-3.2,-0.1,31.1,34.7,47.1,13.4,0.1,306.7,26.0,14.2,77.2,,,OBAnorm,,LD831_02097v2.403,,,,0,0
DENATRLA,2025-06-23 08:17:17.000,27.0,25.5,24.5,23.4,20.4,18.9,17.7,15.1,11.7,12.1,16.2,18.6,20.4,22.7,22.5,23.4,24.1,24.7,24.3,22.6,20.7,17.4,15.0,10.9,7.3,3.8,-0.4,-2.7,-3.1,-3.2,-4.3,-3.0,-0.1,30.4,34.9,49.7,13.4,0.1,309.9,26.1,14.2,77.8,,,OBAnorm,,LD831_02097v2.403,,,,0,0
DENATRLA,2025-06-23 08:17:18.000,32.7,27.8,26.4,26.5,19.9,19.9,18.9,15.0,13.0,14.1,16.5,19.9,20.1,22.6,22.1,22.9,24.1,23.9,23.8,21.9,20.0,17.6,14.2,11.6,7.5,5.2,-0.5,-3.4,-3.3,-3.5,-4.4,-3.0,0.0,30.0,35.8,55.9,13.4,0.1,2.8,26.1,14.2,79.5,,,OBAnorm,,LD831_02097v2.403,,,,0,0
DENATRLA,2025-06-23 08:17:19.000,30.2,27.5,25.9,23.7,20.5,21.3,20.0,20.1,13.4,12.0,16.7,18.8,18.8,21.3,22.4,23.1,23.6,23.9,23.5,21.5,19.4,16.6,14.4,10.9,7.2,3.6,-0.8,-3.2,-3.1,-3.4,-4.2,-3.0,-0.2,29.9,37.5,54.5,13.4,0.1,23.4,26.1,14.1,81.2,,,OBAnorm,,LD831_02097v2.403,,,,0,0
DENATRLA,2025-06-23 08:17:20.000,30.8,32.7,28.9,30.3,28.5,22.4,21.3,20.1,15.7,12.1,17.6,19.8,20.5,22.2,22.8,22.0,24.4,23.8,24.1,22.8,20.0,17.1,13.9,12.0,7.8,5.8,0.0,-2.5,-2.7,-3.1,-3.9,-2.7,0.0,30.2,42.2,59.6,13.4,0.1,28.1,26.1,14.1,81.8,,,OBAnorm,,LD831_02097v2.403,,,,0,0
DENATRLA,2025-06-23 08:17:21.000,34.8,31.4,33.0,29.7,29.9,24.2,27.8,21.6,18.9,14.8,20.3,20.2,21.5,23.2,23.5,22.9,24.1,25.0,24.0,22.9,19.8,17.2,13.8,10.9,6.6,3.7,0.0,-2.2,-2.4,-2.6,-3.7,-2.7,0.1,30.6,40.5,61.7,13.4,0.0,30.7,26.1,14.1,80.6,,,OBAnorm,,LD831_02097v2.403,,,,0,0
DENATRLA,2025-06-23 08:17:22.000,38.1,38.1,34.8,34.8,34.7,30.9,24.7,22.3,18.5,18.7,17.5,18.7,20.0,20.2,21.5,23.8,24.1,24.8,23.1,21.4,19.5,16.4,13.5,10.7,6.7,3.8,0.2,-2.3,-2.1,-2.5,-3.3,-2.5,0.0,29.9,37.3,55.7,13.4,0.3,52.7,26.1,14.1,80.6,,,OBAnorm,,LD831_02097v2.403,,,,0,0
DENATRLA,2025-06-23 08:17:23.000,43.6,39.5,31.9,34.4,28.7,24.7,19.5,19.7,11.4,13.9,17.1,17.7,20.6,21.8,21.8,22.6,23.3,23.7,23.1,20.9,19.0,16.1,12.7,9.5,6.4,3.6,-0.4,-2.6,-2.7,-2.8,-3.9,-3.0,-0.1,29.3,40.3,58.4,13.4,0.6,50.6,26.1,14.1,81.2,,,OBAnorm,,LD831_02097v2.403,,,,0,0
DENATRLA,2025-06-23 08:17:24.000,35.6,34.8,30.4,29.2,27.9,28.2,25.6,21.8,18.1,13.9,18.4,17.6,20.7,21.2,21.3,22.3,22.7,22.4,22.5,20.9,18.8,15.8,12.4,8.6,5.5,3.0,-1.4,-3.2,-3.4,-3.4,-4.1,-2.9,0.0,28.9,41.1,61.6,13.4,0.7,50.1,26.1,14.1,81.2,,,OBAnorm,,LD831_02097v2.403,,,,0,0
DENATRLA,2025-06-23 08:17:25.000,38.6,36.6,34.6,34.6,27.8,26.3,20.4,15.8,14.7,16.3,16.1,17.7,20.8,20.9,21.3,22.3,23.1,22.7,22.1,20.8,18.8,15.7,12.7,10.3,6.7,3.2,-1.1,-3.2,-3.3,-3.5,-4.2,-2.9,0.0,28.9,38.7,61.1,13.4,0.8,42.6,26.1,14.1,81.2,,,OBAnorm,,LD831_02097v2.403,,,,0,0
DENATRLA,2025-06-23 08:17:26.000,46.6,41.4,35.8,30.1,27.7,20.2,18.8,14.2,13.7,14.2,15.5,18.0,21.3,20.6,20.6,22.2,22.4,23.0,22.7,21.1,18.7,15.4,12.4,9.7,5.8,3.5,-1.0,-3.1,-3.4,-3.3,-4.2,-3.0,0.0,28.9,38.6,59.3,13.4,0.9,42.2,26.1,14.1,81.2,,,OBAnorm,,LD831_02097v2.403,,,,0,0
DENATRLA,2025-06-23 08:17:27.000,44.7,38.0,34.7,26.9,24.2,23.4,23.0,19.5,16.6,15.0,15.6,17.2,19.7,19.3,21.0,21.2,22.7,22.3,22.4,21.2,19.1,16.4,14.2,10.5,6.3,3.7,-1.2,-3.2,-3.5,-3.5,-4.2,-2.9,0.0,29.0,42.6,59.9,13.4,1.0,43.8,26.1,14.1,81.2,,,OBAnorm,,LD831_02097v2.403,,,,0,0
DENATRLA,2025-06-23 08:17:28.000,40.1,34.4,33.2,34.6,30.5,30.7,25.5,23.1,18.7,15.9,15.6,17.1,19.8,21.4,22.6,22.7,23.1,23.5,23.0,21.5,19.3,16.4,13.8,10.8,7.1,4.0,-0.7,-2.6,-3.0,-3.3,-4.0,-2.7,0.0,29.6,42.1,62.3,13.4,1.0,46.1,26.1,14.1,81.2,,,OBAnorm,,LD831_02097v2.403,,,,0,0
DENATRLA,2025-06-23 08:17:29.000,39.7,40.8,38.6,32.9,29.4,27.2,25.5,20.5,17.2,14.8,16.1,17.1,20.2,21.7,22.2,22.5,22.9,24.4,23.6,21.9,19.9,17.3,14.5,11.1,7.7,4.4,-0.7,-3.0,-3.3,-3.3,-3.8,-2.9,0.1,30.0,42.5,59.8,13.4,1.0,46.1,26.1,14.1,81.2,,,OBAnorm,,LD831_02097v2.403,,,,0,0
DENATRLA,2025-06-23 08:17:30.000,47.0,41.6,36.7,34.1,32.4,27.6,23.5,20.7,14.7,12.7,14.9,17.7,20.6,21.6,22.6,22.9,23.9,25.7,23.6,22.9,20.6,17.9,14.8,11.0,7.3,4.4,-1.1,-3.3,-3.6,-3.7,-4.3,-3.1,-0.1,30.7,36.6,51.8,13.4,0.9,55.5,26.1,14.1,81.8,,,OBAnorm,,LD831_02097v2.403,,,,0,0
DENATRLA,2025-06-23 08:17:31.000,44.8,44.3,38.5,28.6,24.8,23.8,18.1,17.3,12.3,12.8,15.0,17.5,20.0,21.2,22.6,22.7,23.7,25.7,25.1,23.7,21.7,18.3,15.8,12.1,10.6,14.3,11.1,-3.1,-3.8,-3.8,-4.3,-3.2,0.0,31.4,36.1,54.2,13.4,0.9,57.0,26.1,14.1,81.8,,,OBAnorm,,LD831_02097v2.403,,,,0,0
DENATRLA,2025-06-23 08:17:32.000,42.8,41.5,30.5,26.0,22.6,19.8,15.6,16.4,11.9,11.6,14.5,17.1,20.4,20.8,22.6,24.3,24.2,25.5,24.9,24.8,22.6,19.3,16.0,12.6,8.9,6.9,4.9,-1.0,-3.5,-3.7,-4.2,-2.9,-0.2,31.7,35.4,52.6,13.4,0.8,59.3,26.1,14.1,81.2,,,OBAnorm,,LD831_02097v2.403,,,,0,0
DENATRLA,2025-06-23 08:17:33.000,34.5,35.4,28.5,23.4,22.0,18.2,16.2,13.2,11.6,12.2,15.4,17.4,22.0,22.3,22.5,23.4,24.6,25.6,25.1,24.2,22.0,19.2,16.2,13.2,9.6,6.2,0.3,-3.1,-3.3,-3.5,-4.2,-2.9,-0.2,31.5,36.6,54.8,13.4,0.7,59.3,26.1,14.1,81.8,,,OBAnorm,,LD831_02097v2.403,,,,0,0
DENATRLA,2025-06-23 08:17:34.000,29.4,27.4,31.4,23.2,25.5,22.1,14.0,16.5,13.7,13.6,15.4,17.3,20.8,21.9,22.5,23.0,24.3,25.0,24.6,23.6,21.2,18.6,15.7,12.8,8.9,5.4,0.4,-2.4,-3.3,-3.2,-4.2,-3.0,-0.2,31.1,34.6,46.4,13.4,0.6,59.4,26.1,14.1,81.2,,,OBAnorm,,LD831_02097v2.403,,,,0,0
DENATRLA,2025-06-23 08:17:35.000,32.0,30.9,29.2,22.3,19.9,22.5,18.1,14.1,12.6,14.5,16.6,18.6,20.0,22.3,23.5,24.1,24.3,25.0,24.8,23.5,21.2,17.9,14.9,11.9,7.7,4.5,-0.7,-3.5,-3.5,-3.9,-4.4,-3.2,-0.1,30.9,34.4,41.9,13.4,0.5,57.0,26.1,14.1,80.6,,,OBAnorm,,LD831_02097v2.403,,,,0,0
DENATRLA,2025-06-23 08:17:36.000,34.1,29.8,23.6,24.0,19.9,17.9,15.3,15.3,10.7,16.0,17.8,18.5,22.1,22.0,22.6,24.6,24.1,25.5,24.2,22.7,20.5,18.3,15.3,11.7,8.0,4.5,-0.8,-3.7,-3.8,-3.8,-4.3,-3.2,-0.1,31.0,34.4,40.9,13.4,0.5,59.4,26.1,14.1,81.8,,,OBAnorm,,LD831_02097v2.403,,,,0,0
DENATRLA,2025-06-23 08:17:37.000,28.8,24.0,24.1,24.2,21.3,17.6,17.4,13.8,10.7,16.4,14.6,16.2,20.5,21.6,22.2,22.9,23.6,23.8,24.5,23.1,20.7,17.4,14.1,10.7,8.4,4.6,-0.6,-3.5,-3.7,-3.9,-4.4,-3.2,-0.1,30.3,33.9,41.6,13.4,0.5,59.0,26.1,14.2,82.3,,,OBAnorm,,LD831_02097v2.403,,,,0,0
DENATRLA,2025-06-23 08:17:38.000,32.4,25.7,25.0,26.1,21.9,19.3,18.5,17.2,12.3,14.3,15.0,17.9,21.1,22.0,22.1,23.6,24.6,25.1,24.7,22.2,19.9,17.5,14.5,10.9,7.3,4.6,0.6,-3.3,-3.7,-3.9,-4.4,-3.2,-0.1,30.6,34.1,42.5,13.4,0.5,58.9,26.1,14.2,82.3,,,OBAnorm,,LD831_02097v2.403,,,,0,0
DENATRLA,2025-06-23 08:17:39.000,30.5,23.9,25.0,23.8,20.8,20.1,16.6,14.2,13.1,14.0,14.9,16.4,20.2,21.8,23.4,22.3,24.7,24.3,24.3,22.7,21.8,18.3,15.3,11.7,7.9,5.1,0.2,-2.9,-3.5,-3.9,-4.4,-3.2,-0.1,30.8,34.5,45.1,13.4,0.5,58.6,26.1,14.2,82.3,,,OBAnorm,,LD831_02097v2.403,,,,0,0
DENATRLA,2025-06-23 08:17:40.000,26.5,24.3,27.2,20.0,20.5,19.7,18.6,14.1,11.1,11.8,15.8,18.4,21.7,21.9,22.8,22.8,24.8,25.1,24.5,23.5,21.7,18.9,15.8,13.0,9.0,5.3,0.2,-2.8,-3.3,-3.8,-4.3,-3.1,-0.4,31.2,35.0,47.7,13.4,0.5,58.6,26.1,14.2,82.3,,,OBAnorm,,LD831_02097v2.403,,,,0,0
DENATRLA,2025-06-23 08:17:41.000,27.9,32.8,27.7,24.4,21.8,19.6,16.2,15.9,11.2,14.6,15.7,18.3,22.5,21.6,22.8,24.4,24.8,25.1,24.4,23.5,21.4,18.9,16.0,12.4,9.5,5.8,0.4,-2.7,-3.2,-3.6,-4.4,-3.2,-0.3,31.2,35.6,50.5,13.4,0.5,57.0,26.1,14.2,82.3,,,OBAnorm,,LD831_02097v2.403,,,,0,0
DENATRLA,2025-06-23 08:17:42.000,28.8,27.5,29.3,25.8,20.6,17.7,17.2,14.7,12.2,15.3,15.3,19.5,21.0,22.2,23.2,23.8,25.2,26.2,25.8,23.9,21.4,19.1,15.9,12.3,9.0,5.9,0.8,-2.7,-2.8,-3.6,-4.4,-3.1,-0.2,31.8,35.4,50.3,13.4,0.5,57.0,26.1,14.2,82.3,,,OBAnorm,,LD831_02097v2.403,,,,0,0
DENATRLA,2025-06-23 08:17:43.000,30.5,28.7,27.5,24.6,20.0,19.6,17.9,15.3,11.6,14.0,14.9,18.9,22.1,22.3,21.8,24.3,24.9,26.1,25.2,23.8,21.1,18.8,15.1,11.3,7.8,4.6,0.0,-3.0,-3.2,-3.5,-4.3,-3.1,-0.2,31.5,37.4,52.5,13.4,0.5,57.0,26.1,14.2,82.3,,,OBAnorm,,LD831_02097v2.403,,,,0,0
DENATRLA,2025-06-23 08:17:44.000,32.3,28.6,29.7,28.2,21.8,19.5,16.5,14.9,12.3,15.5,13.3,20.0,21.4,22.8,23.5,24.4,25.0,24.9,25.0,23.3,21.7,18.6,15.4,13.7,9.3,6.4,0.5,-2.9,-3.4,-3.5,-4.3,-3.1,-0.1,31.2,36.0,49.7,13.4,0.2,57.0,26.1,14.2,82.3,,,OBAnorm,,LD831_02097v2.403,,,,0,0
DENATRLA,2025-06-23 08:17:45.000,32.5,34.8,28.1,24.7,23.5,18.8,17.1,14.0,13.5,12.4,15.6,17.6,21.3,23.0,23.9,24.9,24.8,25.6,25.4,24.1,21.8,19.0,15.5,12.4,8.3,11.1,3.7,-2.9,-3.3,-3.6,-4.2,-3.0,-0.2,31.8,36.9,49.9,13.4,0.0,57.0,26.1,14.2,82.3,,,OBAnorm,,LD831_02097v2.403,,,,0,0
DENATRLA,2025-06-23 08:17:46.000,36.8,31.1,29.5,25.5,20.9,20.3,17.7,16.2,14.2,14.5,14.9,17.9,20.6,22.1,23.4,23.4,25.3,25.8,24.8,24.2,21.9,18.7,15.8,12.4,8.6,6.8,2.3,-2.6,-3.2,-3.6,-4.2,-3.2,-0.1,31.7,35.4,53.6,13.4,0.0,57.0,26.1,14.2,82.3,,,OBAnorm,,LD831_02097v2.403,,,,0,0
DENATRLA,2025-06-23 08:17:47.000,30.3,30.2,31.6,26.2,23.9,17.3,17.7,15.2,10.9,16.4,15.6,18.5,20.9,22.6,22.4,23.9,25.7,26.4,25.0,23.5,21.8,18.7,16.3,12.0,9.1,6.8,-0.3,-3.0,-3.3,-3.7,-4.4,-3.1,-0.2,31.6,35.6,49.9,13.4,0.0,57.0,26.1,14.2,82.3,,,OBAnorm,,LD831_02097v2.403,,,,0,0
DENATRLA,2025-06-23 08:17:48.000,35.5,35.9,23.6,24.0,23.5,21.1,18.0,15.3,12.1,10.6,15.9,18.4,20.7,22.3,23.2,23.5,25.5,25.1,24.7,22.9,21.4,18.8,19.0,12.1,8.5,11.2,0.3,-2.6,-3.1,-3.7,-4.3,-3.2,-0.1,31.4,36.3,53.4,13.4,0.0,56.8,26.1,14.2,82.3,,,OBAnorm,,LD831_02097v2.403,,,,0,0
DENATRLA,2025-06-23 08:17:49.000,33.7,29.6,26.2,26.7,23.2,17.9,19.4,16.1,14.4,13.3,13.7,19.0,20.1,20.9,23.5,23.8,24.2,24.7,25.0,22.9,20.7,18.3,18.6,11.8,9.0,18.8,0.7,-1.4,-2.8,-3.8,-4.4,-3.2,-0.2,31.3,36.7,49.4,13.4,0.0,44.8,26.1,14.2,82.3,,,OBAnorm,,LD831_02097v2.403,,,,0,0
DENATRLA,2025-06-23 08:17:50.000,34.3,30.0,31.5,25.9,25.6,21.8,16.9,13.9,12.5,16.6,13.2,17.9,21.8,21.4,22.8,23.2,24.4,25.3,24.2,22.7,20.4,18.3,17.0,11.7,9.4,17.1,1.1,-1.8,-3.6,-3.8,-4.4,-3.1,-0.1,31.2,35.7,50.7,13.4,0.0,4.7,26.1,14.2,81.2,,,OBAnorm,,LD831_02097v2.403,,,,0,0
DENATRLA,2025-06-23 08:17:51.000,38.1,31.8,31.0,26.1,23.4,20.2,15.3,15.8,13.7,14.8,16.3,17.5,22.6,21.2,23.4,23.7,24.2,24.9,24.4,23.1,21.0,17.7,15.4,11.6,7.7,4.2,-0.8,-3.2,-3.5,-3.7,-4.5,-3.2,0.0,30.9,36.4,49.2,13.4,0.0,346.2,26.1,14.3,81.2,,,OBAnorm,,LD831_02097v2.403,,,,0,0
DENATRLA,2025-06-23 08:17:52.000,37.4,31.5,29.2,30.6,28.6,21.6,20.4,21.2,15.8,14.8,16.3,19.6,20.9,21.0,22.9,23.3,24.8,25.3,24.3,22.7,21.7,17.4,15.3,11.6,7.6,4.4,-0.3,-3.0,-3.4,-3.5,-4.2,-3.0,-0.1,31.0,40.6,59.8,13.4,0.0,346.3,26.1,14.4,81.8,,,OBAnorm,,LD831_02097v2.403,,,,0,0
DENATRLA,2025-06-23 08:17:53.000,35.9,30.6,31.8,33.2,28.2,25.5,21.0,16.6,14.8,14.2,15.1,19.2,22.4,21.8,24.0,23.9,25.1,25.2,24.4,23.4,21.8,18.9,15.7,12.7,8.6,4.9,1.2,-3.0,3.7,-2.6,-4.3,-3.0,-0.1,31.4,38.5,58.2,13.4,0.1,336.4,26.1,14.4,81.2,,,OBAnorm,,LD831_02097v2.403,,,,0,0
DENATRLA,2025-06-23 08:17:54.000,41.8,42.1,32.3,31.2,28.9,17.6,15.4,12.4,14.5,14.9,15.8,19.3,21.9,21.8,23.5,23.6,25.0,25.4,24.1,23.1,21.9,19.2,15.3,11.6,7.9,4.7,-0.2,-2.8,-3.3,-3.4,-4.3,-3.0,0.0,31.2,34.6,45.7,13.4,0.3,332.4,26.1,14.4,79.5,,,OBAnorm,,LD831_02097v2.403,,,,0,0
DENATRLA,2025-06-23 08:17:55.000,36.9,30.8,29.2,23.0,21.5,21.1,16.7,12.1,12.9,14.3,14.2,18.6,20.4,22.2,22.8,24.6,23.9,24.5,24.4,23.0,21.3,18.4,15.1,11.6,7.8,4.1,-0.7,-2.9,-3.5,-3.6,-4.3,-3.2,-0.1,30.9,34.4,42.7,13.4,0.3,332.4,26.1,14.4,77.8,,,OBAnorm,,LD831_02097v2.403,,,,0,0
DENATRLA,2025-06-23 08:17:56.000,37.4,30.5,25.3,25.3,22.3,19.5,15.7,13.1,11.1,14.9,14.6,18.4,19.5,21.2,22.8,23.7,24.1,24.5,24.0,22.9,20.5,17.8,14.4,11.1,7.0,3.7,-0.9,-3.1,-2.9,-2.6,-4.2,-3.1,-0.1,30.5,33.8,41.2,13.4,0.3,332.4,26.1,14.4,77.8,,,OBAnorm,,LD831_02097v2.403,,,,0,0
DENATRLA,2025-06-23 08:17:57.000,30.5,25.7,24.4,21.4,21.1,17.6,16.8,14.2,10.8,13.7,14.8,17.9,21.1,22.1,23.5,23.1,24.1,23.8,23.1,22.0,19.4,16.7,13.3,9.8,6.0,2.7,-1.1,-2.7,-3.0,-3.3,-4.3,-3.1,-0.2,29.8,33.7,40.6,13.4,0.3,332.3,26.1,14.4,77.8,,,OBAnorm,,LD831_02097v2.403,,,,0,0
DENATRLA,2025-06-23 08:17:58.000,28.5,27.2,25.8,24.9,21.5,18.1,18.0,14.1,11.7,13.2,14.8,18.4,20.3,20.0,22.2,23.5,23.7,23.3,22.6,21.1,19.3,17.5,13.6,10.3,6.4,3.4,-1.1,-2.4,-3.2,-3.2,-4.3,-3.0,0.0,29.5,33.3,45.0,13.4,0.3,332.4,26.1,14.4,77.8,,,OBAnorm,,LD831_02097v2.403,,,,0,0
DENATRLA,2025-06-23 08:17:59.000,24.4,23.6,24.8,21.6,20.5,17.2,27.4,21.9,14.5,10.9,13.8,18.9,21.5,20.0,23.2,23.1,23.5,22.9,22.7,21.0,18.9,16.1,14.0,10.6,6.7,3.8,0.1,-2.0,-2.8,-3.1,-4.3,-3.0,-0.1,29.3,41.7,55.4,13.4,0.3,346.0,26.1,14.4,80.1,,,OBAnorm,,LD831_02097v2.403,,,,0,0
DENATRLA,2025-06-23 08:18:00.000,29.0,23.3,37.0,35.7,31.6,30.8,23.9,19.0,14.9,16.1,14.7,16.9,19.6,20.7,22.7,22.9,23.1,22.9,22.5,21.4,20.0,17.8,14.5,10.9,7.2,4.5,-0.1,-2.7,-3.2,-2.5,-4.2,-3.0,-0.1,29.5,40.2,58.9,13.4,0.3,291.0,26.1,14.4,82.4,,,OBAnorm,,LD831_02097v2.403,,,,0,0
DENATRLA,2025-06-23 08:18:01.000,42.4,40.7,35.8,36.2,32.0,28.7,20.1,19.5,14.0,15.2,14.8,17.0,19.2,21.0,22.3,23.1,22.5,22.7,22.9,21.3,20.3,16.7,15.0,10.6,7.8,10.0,1.5,-2.8,-3.5,-3.6,-4.3,-3.2,-0.2,29.6,36.9,60.0,13.4,0.2,276.0,26.1,14.3,82.4,,,OBAnorm,,LD831_02097v2.403,,,,0,0
DENATRLA,2025-06-23 08:18:02.000,39.7,38.6,35.9,30.4,27.5,23.4,19.4,17.1,13.0,13.7,14.2,17.5,18.9,20.6,21.8,22.4,24.1,23.1,22.5,20.8,19.3,16.4,14.5,11.2,7.9,11.8,7.6,-2.8,-3.5,-3.5,-4.4,-3.1,-0.1,29.4,39.7,54.9,13.4,0.1,260.1,26.1,14.3,81.2,,,OBAnorm,,LD831_02097v2.403,,,,0,0
DENATRLA,2025-06-23 08:18:03.000,39.4,36.8,32.7,30.3,31.4,28.4,27.7,24.4,17.1,14.7,13.8,17.6,18.6,21.2,21.5,22.1,22.9,23.4,22.3,20.9,19.5,16.1,12.7,9.2,5.5,4.5,-0.7,-3.3,-3.4,-3.6,-4.4,-3.1,-0.2,29.1,39.4,53.5,13.4,0.1,268.9,26.1,14.3,81.2,,,OBAnorm,,LD831_02097v2.403,,,,0,0
DENATRLA,2025-06-23 08:18:04.000,31.6,35.7,35.2,33.6,32.8,28.9,26.0,21.9,16.3,14.4,15.0,17.4,18.7,20.6,22.1,22.7,23.7,24.6,23.6,21.7,21.7,17.8,17.0,10.8,6.6,3.0,-0.8,-2.4,-3.2,-3.3,-4.1,-3.0,0.0,30.5,41.3,56.3,13.4,0.3,254.8,26.1,14.3,80.6,,,OBAnorm,,LD831_02097v2.403,,,,0,0
DENATRLA,2025-06-23 08:18:05.000,42.3,38.1,37.1,35.7,37.0,30.9,29.6,25.5,22.7,20.6,16.0,17.7,22.1,20.2,22.7,23.3,23.6,24.1,23.2,21.6,19.6,16.7,13.5,9.9,6.1,2.8,-1.3,-1.9,-1.7,-1.3,-3.2,-2.5,0.0,29.8,45.6,62.9,13.4,0.5,263.6,26.1,14.3,80.6,,,OBAnorm,,LD831_02097v2.403,,,,0,0
DENATRLA,2025-06-23 08:18:06.000,37.8,35.6,39.1,37.9,36.0,34.4,35.0,29.8,26.9,21.5,17.6,18.7,21.1,21.9,22.1,23.1,23.6,24.7,24.1,22.0,20.0,17.3,13.7,10.5,7.5,3.4,-1.4,-3.0,-3.4,-3.0,-4.0,-2.8,-0.1,30.2,46.3,59.0,13.4,0.6,263.6,26.1,14.3,81.2,,,OBAnorm,,LD831_02097v2.403,,,,0,0
DENATRLA,2025-06-23 08:18:07.000,41.4,44.4,43.4,41.9,39.9,37.2,29.7,27.7,22.4,16.8,15.4,18.5,20.3,20.8,21.9,24.0,24.7,24.6,24.2,22.3,20.8,17.4,14.8,11.1,7.5,3.7,-1.0,-3.1,-3.2,-2.6,-3.8,-2.9,0.0,30.7,41.5,57.2,13.4,0.6,263.7,26.1,14.3,80.6,,,OBAnorm,,LD831_02097v2.403,,,,0,0
DENATRLA,2025-06-23 08:18:08.000,49.9,48.2,41.4,37.0,32.2,27.9,23.4,17.6,14.6,12.9,15.6,17.8,20.6,22.0,22.4,24.0,23.9,24.5,23.8,22.3,20.4,16.9,15.3,11.4,8.3,8.6,0.1,-2.3,-2.3,-2.0,-3.8,-2.7,0.0,30.3,44.3,61.9,13.4,0.7,265.3,26.1,14.3,81.2,,,OBAnorm,,LD831_02097v2.403,,,,0,0
DENATRLA,2025-06-23 08:18:09.000,48.4,41.9,36.7,35.0,31.8,30.6,29.3,26.3,21.3,18.5,16.4,17.7,21.7,21.4,22.1,23.4,24.6,24.6,23.5,22.8,20.6,17.2,16.7,12.5,9.7,16.7,11.6,-2.0,-2.9,-2.7,-4.1,-2.9,-0.1,30.9,46.0,62.3,13.4,0.7,265.3,26.1,14.3,81.2,,,OBAnorm,,LD831_02097v2.403,,,,0,0
DENATRLA,2025-06-23 08:18:10.000,43.8,43.2,42.5,37.8,33.2,31.3,25.6,23.6,18.0,16.1,15.1,17.7,19.6,21.7,22.2,23.0,25.1,24.7,24.4,23.4,20.7,17.1,16.7,10.1,8.4,15.2,1.7,-1.9,-3.3,-3.0,-4.2,-2.9,-0.1,30.9,39.8,59.4,13.4,0.7,264.9,26.1,14.3,80.6,,,OBAnorm,,LD831_02097v2.403,,,,0,0
DENATRLA,2025-06-23 08:18:11.000,46.2,47.3,40.9,34.9,29.7,21.7,19.6,15.3,12.6,14.6,12.0,16.4,19.1,21.7,22.1,22.5,24.6,24.6,24.4,22.7,20.5,17.2,14.9,10.4,7.8,12.1,0.1,-2.5,-3.3,-3.2,-4.2,-3.0,0.0,30.5,41.9,62.7,13.4,0.8,253.4,26.1,14.3,80.6,,,OBAnorm,,LD831_02097v2.403,,,,0,0
DENATRLA,2025-06-23 08:18:12.000,46.6,44.5,34.3,31.0,33.3,27.9,24.4,18.9,19.7,13.9,16.0,16.9,18.7,20.6,21.5,23.0,24.3,24.4,23.3,21.8,19.8,17.1,13.2,10.8,6.3,7.9,2.0,-3.4,-3.6,-3.6,-4.3,-3.0,0.0,29.9,41.4,59.2,13.4,0.9,264.0,26.1,14.3,80.6,,,OBAnorm,,LD831_02097v2.403,,,,0,0
DENATRLA,2025-06-23 08:18:13.000,39.7,39.3,38.5,34.4,29.6,26.3,20.9,15.7,11.7,13.1,13.1,17.1,19.2,19.0,22.4,22.2,22.9,23.6,23.1,21.9,19.7,16.8,13.3,9.4,5.5,9.0,4.0,-2.4,-3.4,-3.4,-4.2,-3.0,-0.1,29.6,40.1,60.9,13.4,0.9,265.3,26.1,14.3,80.6,,,OBAnorm,,LD831_02097v2.403,,,,0,0
DENATRLA,2025-06-23 08:18:14.000,49.1,40.4,36.6,26.7,25.9,23.4,18.8,15.4,14.2,12.6,13.3,15.7,19.5,21.2,24.2,21.3,23.2,24.4,23.5,21.4,18.9,16.5,13.4,9.5,5.4,2.7,-1.9,-3.6,-3.7,-3.7,-4.3,-3.0,-0.1,29.6,36.7,54.0,13.4,0.8,265.3,26.1,14.3,81.2,,,OBAnorm,,LD831_02097v2.403,,,,0,0
DENATRLA,2025-06-23 08:18:15.000,41.7,38.9,33.7,29.4,28.2,22.8,17.2,14.2,13.1,10.8,13.7,15.0,19.1,19.8,20.4,22.2,22.7,23.1,23.0,20.9,18.7,16.1,13.2,9.8,5.7,2.7,-1.6,-3.3,-3.7,-3.7,-4.4,-3.2,-0.2,28.9,36.1,57.4,13.4,0.7,265.3,26.1,14.3,81.2,,,OBAnorm,,LD831_02097v2.403,,,,0,0
DENATRLA,2025-06-23 08:18:16.000,41.5,33.2,30.3,27.9,22.8,22.0,17.6,15.6,10.6,12.4,13.6,16.1,18.7,19.8,20.5,21.9,24.6,24.3,23.0,21.2,19.1,15.4,13.5,9.8,6.4,2.3,-1.8,-3.3,-3.6,-3.8,-4.4,-3.2,-0.2,29.5,33.3,46.5,13.4,0.7,265.3,26.1,14.3,81.2,,,OBAnorm,,LD831_02097v2.403,,,,0,0
DENATRLA,2025-06-23 08:18:17.000,37.3,35.4,30.5,26.8,21.6,15.2,14.4,11.8,10.9,11.2,13.6,15.2,18.1,20.0,21.3,22.4,23.3,23.2,22.6,20.5,18.5,15.0,12.7,9.7,7.2,3.2,-1.7,-3.3,-3.7,-3.6,-4.3,-3.1,-0.2,28.8,33.3,47.1,13.4,0.6,265.4,26.1,14.3,80.1,,,OBAnorm,,LD831_02097v2.403,,,,0,0
DENATRLA,2025-06-23 08:18:18.000,34.0,25.7,26.3,22.9,21.1,18.4,16.5,13.7,9.7,12.1,12.5,17.1,18.8,19.1,20.5,21.3,22.7,23.0,22.7,21.0,18.5,15.4,12.3,10.0,6.0,3.1,-1.0,-3.3,-3.8,-3.9,-4.4,-3.2,-0.2,28.8,32.7,45.9,13.4,0.4,265.0,26.1,14.3,80.1,,,OBAnorm,,LD831_02097v2.403,,,,0,0
DENATRLA,2025-06-23 08:18:19.000,26.5,28.9,24.8,22.9,20.6,15.8,13.8,12.5,9.5,13.2,14.0,15.5,17.9,18.4,20.5,21.3,22.4,23.2,22.5,20.5,18.0,15.4,12.4,9.5,6.7,2.7,-2.0,-3.3,-3.7,-3.8,-4.4,-3.1,-0.2,28.6,32.0,44.8,13.4,0.4,262.7,26.1,14.3,81.2,,,OBAnorm,,LD831_02097v2.403,,,,0,0
DENATRLA,2025-06-23 08:18:20.000,31.3,24.5,24.2,20.7,20.7,14.1,14.1,13.5,9.4,12.0,13.1,16.1,17.1,20.0,21.3,23.5,24.5,23.7,22.5,21.0,18.8,15.8,13.3,10.0,5.7,3.2,-2.1,-3.7,-3.7,-3.9,-4.5,-3.1,-0.1,29.5,33.7,47.7,13.4,0.4,251.7,26.1,14.3,80.6,,,OBAnorm,,LD831_02097v2.403,,,,0,0
DENATRLA,2025-06-23 08:18:21.000,28.3,22.4,22.7,24.2,20.5,18.6,16.8,11.2,9.8,15.6,12.8,16.8,19.7,21.0,22.7,22.6,22.2,23.4,23.4,21.2,18.1,14.7,12.6,8.7,5.7,2.3,-2.6,-3.8,-3.8,-3.9,-4.4,-3.2,0.0,28.8,32.7,49.3,13.4,0.4,251.8,26.1,14.3,80.6,,,OBAnorm,,LD831_02097v2.403,,,,0,0
DENATRLA,2025-06-23 08:18:22.000,27.7,28.4,25.8,22.7,20.8,15.9,14.2,13.2,12.0,13.8,10.9,15.5,17.4,19.1,20.7,21.8,22.3,22.4,22.3,20.6,18.5,15.5,12.7,8.5,5.3,1.9,-2.5,-3.2,-3.7,-3.9,-4.4,-3.1,-0.2,28.4,32.1,40.7,13.4,0.5,251.8,26.1,14.3,80.1,,,OBAnorm,,LD831_02097v2.403,,,,0,0
DENATRLA,2025-06-23 08:18:23.000,29.6,26.0,23.9,21.6,20.2,17.1,15.4,10.5,10.2,11.2,12.7,15.5,17.5,19.1,20.7,21.1,22.7,24.2,22.5,20.8,18.9,15.5,13.5,10.4,5.9,3.5,-0.8,-3.6,-3.7,-3.7,-4.5,-3.3,-0.2,29.3,32.6,39.3,13.4,0.5,262.4,26.1,14.3,80.1,,,OBAnorm,,LD831_02097v2.403,,,,0,0
DENATRLA,2025-06-23 08:18:24.000,27.0,28.4,24.1,23.4,20.8,16.7,16.7,13.0,10.0,11.2,13.1,13.9,18.2,18.5,20.6,22.3,22.9,23.5,22.4,20.6,18.1,15.1,12.9,10.2,5.9,1.8,-2.3,-3.7,-3.8,-3.9,-4.5,-3.2,-0.3,28.6,32.0,40.8,13.4,0.5,262.4,26.1,14.3,81.2,,,OBAnorm,,LD831_02097v2.403,,,,0,0
DENATRLA,2025-06-23 08:18:25.000,27.0,25.9,24.5,17.3,22.1,16.0,14.1,10.4,9.4,14.1,12.8,14.7,18.5,19.8,20.1,21.4,22.4,22.1,21.0,21.0,17.9,15.3,12.4,9.4,5.3,4.6,-1.1,-3.7,-3.8,-3.8,-4.4,-3.2,-0.2,28.2,32.0,36.9,13.4,0.5,262.4,26.1,14.3,81.2,,,OBAnorm,,LD831_02097v2.403,,,,0,0
DENATRLA,2025-06-23 08:18:26.000,22.0,23.0,23.3,22.6,21.4,16.1,15.3,12.4,9.0,15.0,12.0,15.7,18.2,18.8,19.9,20.7,22.2,22.0,22.0,20.6,18.1,15.0,11.9,8.3,4.6,14.7,7.4,-3.5,-3.8,-3.9,-4.4,-3.2,-0.2,28.5,32.1,38.1,13.4,0.5,262.4,26.1,14.3,81.2,,,OBAnorm,,LD831_02097v2.403,,,,0,0
DENATRLA,2025-06-23 08:18:27.000,30.5,25.3,23.7,23.3,20.3,16.3,13.4,9.9,8.0,14.7,11.5,15.5,18.1,19.4,21.3,21.5,22.4,23.4,21.5,19.2,18.0,14.8,11.6,7.5,6.2,12.5,10.4,-2.6,-3.8,-3.8,-4.4,-3.0,-0.1,28.4,32.0,36.7,13.4,0.5,262.4,26.1,14.3,81.2,,,OBAnorm,,LD831_02097v2.403,,,,0,0
DENATRLA,2025-06-23 08:18:28.000,25.5,27.2,27.5,19.2,18.8,16.3,15.2,11.8,10.7,23.3,12.7,15.1,18.2,20.1,19.3,20.6,22.8,22.5,21.4,19.8,17.7,15.2,12.6,8.8,5.9,2.1,-1.9,-3.8,-3.7,-3.9,-4.4,-3.2,-0.2,28.2,32.3,38.4,13.4,0.5,262.4,26.1,14.3,81.2,,,OBAnorm,,LD831_02097v2.403,,,,0,0
DENATRLA,2025-06-23 08:18:29.000,24.5,24.3,22.4,19.7,19.6,16.7,14.9,10.2,9.2,18.6,12.8,14.4,18.7,19.8,20.7,21.1,20.8,22.4,21.5,19.6,17.0,15.6,11.4,7.8,4.0,1.7,-2.1,-3.8,-3.8,-3.9,-4.4,-3.2,-0.2,27.6,31.6,39.8,13.4,0.5,262.4,26.1,14.3,81.2,,,OBAnorm,,LD831_02097v2.403,,,,0,0
DENATRLA,2025-06-23 08:18:30.000,25.3,28.2,20.4,20.7,17.7,16.1,13.7,11.7,12.2,14.8,13.8,15.0,19.9,19.6,21.5,20.6,21.6,22.7,22.0,19.9,17.9,14.9,11.7,8.3,5.8,2.2,-1.8,-3.8,-3.8,-3.8,-4.4,-3.3,-0.2,28.2,31.9,40.0,13.4,0.5,262.4,26.1,14.3,81.2,,,OBAnorm,,LD831_02097v2.403,,,,0,0
DENATRLA,2025-06-23 08:18:31.000,27.9,25.4,24.0,17.4,19.9,16.4,15.8,10.7,9.9,15.8,12.7,16.2,17.8,19.8,20.1,21.9,21.7,22.6,22.9,20.1,17.5,14.8,12.1,8.6,5.9,2.2,-1.8,-3.6,-3.6,-3.6,-4.3,-3.2,-0.2,28.3,32.0,41.8,13.4,0.2,262.4,26.1,14.3,81.2,,,OBAnorm,,LD831_02097v2.403,,,,0,0
DENATRLA,2025-06-23 08:18:32.000,22.7,26.3,21.6,22.2,19.0,13.5,12.2,11.4,10.0,14.3,12.3,15.3,18.7,19.0,20.5,20.7,23.1,22.6,22.3,19.5,17.1,15.0,12.7,9.0,5.1,2.8,-2.0,-3.8,-3.8,-3.9,-4.4,-3.2,-0.2,28.1,31.7,37.1,13.4,0.0,262.4,26.1,14.3,81.2,,,OBAnorm,,LD831_02097v2.403,,,,0,0
DENATRLA,2025-06-23 08:18:33.000,30.1,24.9,23.6,20.5,17.0,14.7,14.4,11.7,9.4,10.4,12.6,15.2,17.7,20.1,19.6,20.2,21.3,22.2,21.5,19.7,17.4,14.8,12.1,9.4,6.1,3.4,-1.8,-3.7,-3.7,-3.7,-4.3,-3.1,-0.1,27.7,31.6,38.2,13.4,0.0,262.4,26.1,14.3,81.2,,,OBAnorm,,LD831_02097v2.403,,,,0,0
DENATRLA,2025-06-23 08:18:34.000,26.4,26.0,24.0,24.3,19.2,16.7,14.1,11.5,10.3,10.1,11.4,16.0,18.7,19.0,20.2,21.6,21.9,22.1,21.4,20.8,18.3,15.6,12.4,9.4,5.6,2.7,-1.7,-3.8,-3.6,-3.7,-4.4,-3.0,-0.1,28.3,32.0,39.4,13.4,0.0,262.4,26.1,14.3,81.2,,,OBAnorm,,LD831_02097v2.403,,,,0,0
DENATRLA,2025-06-23 08:18:35.000,29.7,23.5,26.0,21.7,18.1,16.5,14.1,12.5,10.5,11.4,12.2,15.9,17.2,19.4,19.2,21.4,21.2,22.0,21.2,20.1,18.0,15.4,12.9,9.1,5.6,3.7,0.3,-3.6,-3.7,-3.9,-4.4,-3.1,-0.1,27.9,31.7,37.4,13.4,0.0,262.4,26.1,14.3,81.2,,,OBAnorm,,LD831_02097v2.403,,,,0,0
DENATRLA,2025-06-23 08:18:36.000,26.1,26.3,25.0,22.8,20.2,18.7,10.9,12.5,10.2,10.6,12.2,16.2,18.3,19.2,21.0,22.0,21.2,23.0,22.5,20.6,18.4,15.6,12.4,9.1,5.1,2.7,-1.2,-3.7,-3.7,-3.8,-4.4,-3.1,-0.2,28.6,32.2,36.9,13.4,0.0,262.4,26.1,14.3,81.2,,,OBAnorm,,LD831_02097v2.403,,,,0,0
DENATRLA,2025-06-23 08:18:37.000,23.3,25.7,19.9,24.2,21.8,17.9,17.2,11.5,10.6,10.8,13.3,14.4,18.2,19.7,21.2,21.7,22.0,22.3,22.2,20.6,18.8,15.6,12.1,9.7,6.0,2.6,-1.9,-3.7,-3.7,-3.8,-4.4,-3.2,-0.1,28.7,32.0,37.2,13.4,0.0,262.4,26.1,14.3,81.2,,,OBAnorm,,LD831_02097v2.403,,,,0,0
DENATRLA,2025-06-23 08:18:38.000,26.1,27.3,24.4,23.6,18.3,16.3,13.6,10.7,11.6,10.7,12.9,16.2,17.5,20.1,20.8,21.6,22.6,25.1,22.6,20.3,18.2,15.2,12.6,9.9,6.8,4.3,0.6,-2.8,-3.7,-3.9,-4.4,-3.0,-0.1,29.1,32.8,37.9,13.4,0.0,262.4,26.1,14.3,81.2,,,OBAnorm,,LD831_02097v2.403,,,,0,0
DENATRLA,2025-06-23 08:18:39.000,22.0,22.1,23.6,22.8,19.9,15.4,13.6,13.9,10.3,10.8,13.3,15.9,17.3,18.7,20.7,22.6,22.7,23.4,22.7,21.7,18.5,15.5,12.6,9.6,5.8,13.5,7.0,-3.2,-3.6,-3.8,-4.3,-3.2,-0.1,29.3,32.4,37.9,13.4,0.0,262.4,26.1,14.3,81.2,,,OBAnorm,,LD831_02097v2.403,,,,0,0
DENATRLA,2025-06-23 08:18:40.000,24.5,28.3,26.6,22.9,19.8,16.9,12.6,12.9,9.3,9.2,13.1,17.8,17.6,19.5,21.3,22.1,23.0,22.3,22.0,21.3,18.5,15.5,16.0,17.4,17.4,23.1,11.8,4.2,-2.8,-3.1,-4.0,-2.9,-0.1,30.7,33.1,39.2,13.4,0.0,262.4,26.2,14.3,81.2,,,OBAnorm,,LD831_02097v2.403,,,,0,0
DENATRLA,2025-06-23 08:18:41.000,29.0,25.1,24.4,20.5,19.2,15.8,14.4,11.9,10.9,8.9,12.9,15.9,19.0,20.9,21.2,21.3,22.2,22.8,21.2,20.8,18.9,15.6,12.4,9.4,6.0,4.8,0.2,-2.3,-2.9,-2.8,-4.0,-2.9,0.0,28.6,32.3,38.6,13.4,0.0,262.4,26.1,14.3,81.2,,,OBAnorm,,LD831_02097v2.403,,,,0,0
DENATRLA,2025-06-23 08:18:42.000,24.6,25.9,25.1,24.1,18.6,16.7,11.4,12.7,9.5,8.0,13.5,15.6,18.4,19.7,20.9,21.6,22.8,23.0,21.4,21.3,18.7,15.6,12.3,9.0,5.3,4.0,0.0,-3.5,-3.4,-3.5,-4.3,-3.1,-0.1,28.7,32.1,41.7,13.4,0.0,262.4,26.2,14.3,80.6,,,OBAnorm,,LD831_02097v2.403,,,,0,0
DENATRLA,2025-06-23 08:18:43.000,29.7,25.7,25.4,22.1,19.3,16.5,15.0,10.4,9.5,8.8,13.3,16.6,18.5,20.1,21.6,21.6,22.3,21.9,22.0,20.7,18.4,15.4,12.3,9.0,6.9,4.0,-0.9,-3.5,-3.7,-3.8,-4.4,-3.1,-0.2,28.6,34.6,51.4,13.4,0.0,262.4,26.1,14.3,80.6,,,OBAnorm,,LD831_02097v2.403,,,,0,0
DENATRLA,2025-06-23 08:18:44.000,22.5,22.4,23.7,24.4,19.6,18.4,17.7,12.9,8.7,9.3,11.7,16.3,18.6,18.7,19.9,21.6,22.4,23.4,22.4,20.9,18.8,15.3,12.4,9.1,5.7,3.1,-1.7,-3.7,-3.7,-3.8,-4.4,-3.0,-0.2,28.8,33.8,49.7,13.4,0.0,262.4,26.1,14.3,80.6,,,OBAnorm,,LD831_02097v2.403,,,,0,0
DENATRLA,2025-06-23 08:18:45.000,29.0,32.3,30.2,26.3,22.6,16.1,14.9,12.3,10.6,10.1,12.9,17.3,19.6,20.0,21.6,22.2,22.8,22.9,22.7,21.1,18.5,15.7,13.2,18.4,8.3,5.0,1.6,-3.2,-3.7,-3.8,-4.4,-3.2,-0.3,29.2,32.8,45.3,13.4,0.0,262.4,26.1,14.3,80.6,,,OBAnorm,,LD831_02097v2.403,,,,0,0
DENATRLA,2025-06-23 08:18:46.000,37.6,32.2,25.4,22.4,16.1,15.8,13.2,11.6,9.6,11.2,12.1,15.6,19.2,20.8,21.3,21.8,22.7,23.5,23.1,21.5,18.6,15.3,12.6,8.4,5.3,3.5,-0.8,-3.7,-3.8,-3.9,-4.5,-3.2,-0.2,29.0,33.1,48.7,13.4,0.0,262.4,26.2,14.3,80.6,,,OBAnorm,,LD831_02097v2.403,,,,0,0
DENATRLA,2025-06-23 08:18:47.000,31.8,30.4,23.6,23.6,20.3,17.3,15.5,11.2,11.6,9.7,12.5,15.5,17.5,19.2,21.1,22.4,22.7,23.9,22.3,21.5,18.8,15.9,13.1,9.8,7.6,6.6,-1.7,-3.8,-3.8,-4.0,-4.5,-3.1,-0.1,29.2,33.2,44.8,13.4,0.0,262.4,26.1,14.3,80.6,,,OBAnorm,,LD831_02097v2.403,,,,0,0
DENATRLA,2025-06-23 08:18:48.000,27.6,30.3,23.8,25.6,20.8,15.1,13.6,12.2,10.5,10.2,14.0,16.4,19.1,20.2,21.0,22.8,22.7,22.9,22.8,21.1,18.8,16.5,14.7,9.6,6.0,10.1,5.8,-1.5,-3.6,-3.7,-4.2,-3.1,-0.2,29.3,33.5,46.0,13.4,0.0,262.4,26.1,14.3,80.6,,,OBAnorm,,LD831_02097v2.403,,,,0,0
DENATRLA,2025-06-23 08:18:49.000,25.9,25.1,22.8,23.5,19.7,14.7,12.4,10.7,8.6,14.1,15.5,18.3,18.4,19.9,21.6,21.4,23.5,22.9,22.5,21.7,18.9,15.9,16.6,10.1,7.0,14.3,2.6,-2.4,-3.3,-3.6,-4.4,-3.0,-0.2,29.4,33.0,44.5,13.4,0.0,262.4,26.2,14.3,80.6,,,OBAnorm,,LD831_02097v2.403,,,,0,0
DENATRLA,2025-06-23 08:18:50.000,33.9,26.0,22.7,24.9,20.4,15.7,15.8,12.6,12.0,10.8,14.2,16.9,18.3,20.4,21.7,22.2,22.7,22.8,22.8,21.5,19.6,16.6,14.1,10.2,9.3,9.5,0.6,-0.8,-2.7,-3.8,-4.4,-3.1,-0.3,29.3,33.1,43.2,13.4,0.0,262.4,26.1,14.3,80.6,,,OBAnorm,,LD831_02097v2.403,,,,0,0
DENATRLA,2025-06-23 08:18:51.000,32.8,29.1,22.7,23.7,19.4,17.7,17.0,13.3,12.8,10.0,14.6,17.9,18.9,21.1,22.0,21.9,22.6,23.2,22.0,20.5,18.4,15.6,13.1,9.5,6.1,3.0,-2.1,-3.3,-3.1,-3.0,-3.9,-2.8,0.0,28.8,36.6,53.8,13.4,0.0,262.4,26.1,14.3,80.6,,,OBAnorm,,LD831_02097v2.403,,,,0,0
DENATRLA,2025-06-23 08:18:52.000,30.7,27.4,28.6,23.3,19.5,15.9,14.6,11.4,9.4,10.4,15.0,16.1,20.3,19.8,21.9,22.3,23.1,23.5,22.4,20.9,19.2,16.0,13.2,8.7,5.8,3.1,-0.6,-3.4,-3.7,-3.8,-4.4,-3.2,-0.1,29.1,37.7,56.5,13.4,0.0,262.4,26.1,14.3,80.6,,,OBAnorm,,LD831_02097v2.403,,,,0,0
DENATRLA,2025-06-23 08:18:53.000,36.8,33.7,31.7,24.5,24.2,18.3,17.3,15.4,11.6,10.3,14.9,19.3,19.8,21.2,21.6,22.1,23.6,24.1,22.8,21.0,19.3,15.9,13.3,10.1,5.9,4.7,0.9,-3.4,-3.7,-3.7,-4.4,-3.0,-0.1,29.4,36.4,57.5,13.4,0.0,262.4,26.1,14.3,80.6,,,OBAnorm,,LD831_02097v2.403,,,,0,0
DENATRLA,2025-06-23 08:18:54.000,37.7,33.6,35.1,29.6,21.1,17.0,17.2,12.2,12.5,12.3,16.7,17.8,20.9,20.4,20.5,21.4,22.9,22.9,23.0,21.4,18.8,16.3,13.4,9.4,6.1,10.3,2.6,-2.8,-3.5,-3.4,-4.2,-3.1,-0.2,29.1,36.2,56.1,13.4,0.0,261.0,26.1,14.3,80.6,,,OBAnorm,,LD831_02097v2.403,,,,0,0
DENATRLA,2025-06-23 08:18:55.000,39.5,31.3,31.9,28.1,25.0,20.9,18.6,16.1,10.3,11.7,13.7,16.3,20.4,20.5,21.3,21.3,23.1,23.3,22.7,21.0,19.1,15.9,12.5,8.6,6.5,6.6,2.8,-1.7,-1.4,-1.9,-3.5,-2.6,0.1,29.0,38.7,61.0,13.4,0.0,260.9,26.1,14.3,80.6,,,OBAnorm,,LD831_02097v2.403,,,,0,0
DENATRLA,2025-06-23 08:18:56.000,34.4,33.9,30.1,28.4,23.4,21.5,15.2,13.7,11.9,12.8,14.2,17.1,19.7,20.4,21.9,21.9,23.1,22.9,22.8,20.9,18.9,15.7,12.7,9.0,6.3,5.4,2.6,-3.2,-3.4,-3.4,-4.2,-2.9,-0.1,29.0,35.8,54.1,13.4,0.0,260.9,26.2,14.3,80.6,,,OBAnorm,,LD831_02097v2.403,,,,0,0
DENATRLA,2025-06-23 08:18:57.000,39.3,36.8,28.6,27.8,20.9,19.2,15.8,13.9,10.4,11.1,14.5,17.3,20.3,20.1,21.2,22.2,23.0,23.6,22.9,20.7,18.5,15.8,14.6,9.9,5.9,10.6,3.7,-3.3,-3.4,-3.6,-4.3,-3.0,-0.1,29.2,36.3,55.8,13.4,0.0,260.9,26.2,14.3,80.6,,,OBAnorm,,LD831_02097v2.403,,,,0,0
DENATRLA,2025-06-23 08:18:58.000,41.8,34.1,32.6,31.0,21.2,20.9,14.0,15.6,10.3,9.9,14.2,17.9,20.4,20.2,20.9,21.5,22.7,23.1,22.4,20.5,18.8,16.2,13.9,9.8,7.6,11.8,3.8,-2.6,-3.5,-3.5,-4.3,-3.0,-0.1,28.9,33.3,49.9,13.4,0.0,261.0,26.2,14.3,80.6,,,OBAnorm,,LD831_02097v2.403,,,,0,0
DENATRLA,2025-06-23 08:18:59.000,36.9,33.0,29.9,18.5,19.9,16.8,16.7,11.9,9.3,12.0,11.7,17.3,20.1,20.5,19.6,22.3,22.5,22.4,21.9,21.1,18.5,15.9,13.3,9.0,6.1,5.2,1.6,-1.9,-3.3,-3.2,-4.2,-3.0,-0.2,28.6,33.8,49.3,13.4,0.0,261.0,26.1,14.3,80.6,,,OBAnorm,,LD831_02097v2.403,,,,0,0
DENATRLA,2025-06-23 08:19:00.000,33.6,30.6,25.8,25.6,18.2,14.6,16.5,15.6,12.3,10.1,13.4,17.5,19.3,19.9,21.7,22.9,22.7,23.2,22.4,21.0,18.5,15.9,12.7,8.7,5.4,3.6,-0.7,-3.0,-3.1,-3.3,-4.2,-3.0,-0.1,28.9,34.2,49.4,13.4,0.0,261.0,26.1,14.3,80.6,,,OBAnorm,,LD831_02097v2.403,,,,0,0
DENATRLA,2025-06-23 08:19:01.000,30.1,25.3,25.5,26.5,21.3,17.9,14.3,12.5,12.5,8.9,12.0,16.8,19.1,19.9,21.2,21.3,22.1,23.1,22.8,21.0,18.2,16.0,12.3,8.5,4.9,2.5,-0.6,-2.4,-3.2,-2.7,-3.8,-2.6,0.0,28.8,32.3,45.2,13.4,0.0,261.0,26.1,14.3,80.6,,,OBAnorm,,LD831_02097v2.403,,,,0,0
DENATRLA,2025-06-23 08:19:02.000,33.8,31.6,23.6,21.7,19.0,17.1,14.0,15.0,11.6,11.7,11.2,16.4,18.6,19.0,21.0,21.4,21.6,22.7,22.4,20.1,17.9,15.0,11.6,8.3,5.2,3.9,0.9,-3.0,-3.0,-2.9,-4.0,-2.9,-0.2,28.3,32.8,49.4,13.4,0.0,261.0,26.1,14.3,80.6,,,OBAnorm,,LD831_02097v2.403,,,,0,0
DENATRLA,2025-06-23 08:19:03.000,31.5,26.6,24.2,22.1,19.6,15.2,15.7,15.4,12.8,11.5,13.3,15.9,17.7,19.6,21.0,21.6,22.5,21.8,21.4,20.5,18.1,16.5,13.7,9.5,6.3,3.5,-0.6,-3.0,-3.0,-2.9,-4.2,-3.0,-0.1,28.4,32.4,44.5,13.4,0.0,261.0,26.1,14.3,80.6,,,OBAnorm,,LD831_02097v2.403,,,,0,0
DENATRLA,2025-06-23 08:19:04.000,25.8,24.2,23.5,23.2,20.1,19.0,16.2,11.4,12.3,11.1,13.5,15.1,17.1,17.8,21.3,21.4,22.7,22.2,22.1,20.5,18.2,15.5,11.5,8.0,4.8,3.4,1.4,-2.9,-3.1,-2.5,-4.0,-2.8,-0.1,28.4,32.2,43.6,13.4,0.0,260.9,26.2,14.3,80.6,,,OBAnorm,,LD831_02097v2.403,,,,0,0
DENATRLA,2025-06-23 08:19:05.000,27.4,30.9,26.7,23.9,19.1,14.4,14.6,11.6,10.8,11.3,12.8,15.7,19.5,19.2,20.8,20.3,22.3,22.8,21.7,19.8,18.3,14.4,11.2,7.7,4.6,3.8,0.8,-3.3,-3.2,-2.7,-4.1,-2.8,0.0,28.1,32.6,44.1,13.4,0.0,260.1,26.1,14.3,80.6,,,OBAnorm,,LD831_02097v2.403,,,,0,0
DENATRLA,2025-06-23 08:19:06.000,25.0,24.3,24.7,25.5,19.8,16.1,14.7,16.7,12.0,8.7,14.6,17.9,18.6,19.9,19.4,20.9,21.5,22.3,21.5,20.1,17.5,14.6,11.3,8.6,5.4,2.0,-1.9,-3.2,-3.1,-3.0,-4.1,-2.9,0.0,27.9,32.2,42.9,13.4,0.0,258.5,26.1,14.3,81.2,,,OBAnorm,,LD831_02097v2.403,,,,0,0
DENATRLA,2025-06-23 08:19:07.000,31.2,27.5,24.3,24.3,19.1,13.8,14.2,12.1,12.4,10.6,13.0,15.1,17.2,19.2,20.0,21.1,21.8,22.9,21.8,20.2,17.6,15.6,12.1,8.0,4.4,4.4,5.0,-3.4,-3.7,-3.7,-4.4,-3.3,-0.2,28.1,32.1,40.0,13.4,0.0,247.1,26.1,14.3,81.2,,,OBAnorm,,LD831_02097v2.403,,,,0,0
DENATRLA,2025-06-23 08:19:08.000,28.6,28.0,20.2,21.9,22.2,17.7,14.7,12.3,10.9,9.9,13.5,17.3,16.4,18.6,20.6,21.0,21.5,22.5,21.1,20.5,17.6,15.4,13.9,8.5,4.7,12.9,3.8,-3.3,-3.5,-3.6,-4.3,-3.0,-0.1,28.3,32.1,38.6,13.4,0.0,247.1,26.2,14.3,81.2,,,OBAnorm,,LD831_02097v2.403,,,,0,0
DENATRLA,2025-06-23 08:19:09.000,26.7,30.8,23.8,23.3,22.4,13.6,14.0,11.5,9.2,8.1,11.6,17.2,17.5,18.8,19.5,20.3,22.0,22.3,21.6,20.5,17.9,15.0,12.6,9.0,6.7,10.4,6.7,-2.0,-1.6,-2.6,-3.0,-2.4,0.1,28.2,32.1,47.0,13.4,0.0,247.1,26.2,14.3,81.2,,,OBAnorm,,LD831_02097v2.403,,,,0,0
DENATRLA,2025-06-23 08:19:10.000,26.3,28.6,27.2,22.9,18.7,18.4,16.3,12.3,11.5,8.2,12.9,17.6,17.8,19.3,20.5,21.3,22.5,23.0,22.1,20.5,18.3,15.7,12.1,8.5,5.0,2.5,-0.7,-2.7,-2.8,-2.8,-3.6,-2.6,-0.2,28.4,32.4,45.5,13.4,0.0,247.1,26.2,14.3,81.2,,,OBAnorm,,LD831_02097v2.403,,,,0,0
DENATRLA,2025-06-23 08:19:11.000,27.0,27.4,22.6,23.4,21.4,15.7,14.0,12.4,8.7,9.2,13.1,17.0,18.7,19.7,20.1,20.4,22.0,23.1,22.1,20.3,18.2,15.5,12.1,8.2,4.9,3.8,4.9,1.5,-1.7,-3.4,-4.0,-2.8,-0.2,28.5,32.5,41.0,13.4,0.0,247.1,26.2,14.3,81.2,,,OBAnorm,,LD831_02097v2.403,,,,0,0
DENATRLA,2025-06-23 08:19:12.000,32.1,25.4,27.5,23.4,20.3,17.2,11.0,11.4,11.1,9.6,12.7,16.1,18.5,19.1,21.2,22.1,22.3,22.8,22.0,20.6,18.4,15.5,11.8,8.2,5.5,9.1,8.7,-3.2,-3.4,-3.7,-4.3,-3.1,-0.2,28.5,32.2,46.2,13.4,0.0,247.1,26.2,14.3,81.2,,,OBAnorm,,LD831_02097v2.403,,,,0,0
DENATRLA,2025-06-23 08:19:13.000,24.8,25.0,26.0,22.7,20.8,17.7,13.4,11.2,9.4,9.2,11.7,17.1,19.1,19.6,20.4,20.7,22.1,21.7,21.7,20.1,17.9,15.0,13.1,9.8,5.5,5.7,3.2,-1.1,-1.8,-2.7,-3.9,-2.8,-0.2,28.1,32.5,48.4,13.4,0.0,247.0,26.2,14.3,81.2,,,OBAnorm,,LD831_02097v2.403,,,,0,0
DENATRLA,2025-06-23 08:19:14.000,27.0,26.9,25.0,22.0,20.5,14.4,15.6,13.2,9.1,9.8,13.2,17.2,18.8,19.3,20.4,20.4,22.2,22.6,21.8,20.9,18.5,14.7,12.0,8.9,6.7,4.6,2.8,-1.4,-3.3,-3.8,-4.4,-3.1,-0.1,28.4,32.4,44.9,13.4,0.0,247.1,26.1,14.3,81.2,,,OBAnorm,,LD831_02097v2.403,,,,0,0
DENATRLA,2025-06-23 08:19:15.000,25.2,25.7,23.3,21.6,17.1,16.5,13.7,11.5,10.8,10.8,12.7,16.9,17.6,19.5,21.5,22.8,24.0,23.4,22.7,21.0,18.5,15.5,11.8,8.8,6.0,3.4,0.5,-3.8,-3.7,-3.8,-4.4,-3.0,0.0,29.0,32.6,44.0,13.4,0.0,247.2,26.1,14.4,81.2,,,OBAnorm,,LD831_02097v2.403,,,,0,0
DENATRLA,2025-06-23 08:19:16.000,27.7,24.8,23.0,26.4,18.7,18.1,14.0,13.0,10.2,9.5,13.4,16.4,18.2,18.2,21.0,21.7,23.1,22.6,22.0,20.8,18.8,15.4,12.5,8.6,4.9,3.7,4.7,-1.2,-3.5,-3.8,-4.2,-3.2,-0.2,28.7,32.9,46.3,13.4,0.0,247.1,26.2,14.3,81.2,,,OBAnorm,,LD831_02097v2.403,,,,0,0
DENATRLA,2025-06-23 08:19:17.000,29.1,25.0,23.3,23.1,19.0,17.6,15.4,12.8,9.3,7.7,11.3,15.9,16.7,18.4,19.9,19.7,22.2,22.2,22.0,21.8,18.4,15.3,12.2,8.8,5.6,11.9,7.3,-3.4,-3.8,-3.9,-4.3,-3.1,0.0,28.7,32.1,43.9,13.4,0.0,247.1,26.1,14.3,81.2,,,OBAnorm,,LD831_02097v2.403,,,,0,0
DENATRLA,2025-06-23 08:19:18.000,30.3,26.4,23.5,22.0,21.0,16.1,14.5,13.6,9.5,10.0,13.7,15.8,18.4,18.9,20.6,21.9,22.0,22.1,22.6,21.3,18.5,15.6,12.8,9.9,5.2,7.5,1.2,-2.9,-3.3,-3.4,-3.8,-2.8,0.0,28.5,32.7,48.5,13.4,0.0,247.0,26.2,14.4,81.2,,,OBAnorm,,LD831_02097v2.403,,,,0,0
DENATRLA,2025-06-23 08:19:19.000,29.0,28.3,26.5,23.0,21.2,16.1,13.9,12.2,10.5,10.0,13.8,15.7,17.1,19.7,20.3,21.3,21.8,23.3,22.0,21.2,19.1,15.4,12.3,9.4,5.9,5.4,2.6,-2.8,-3.7,-3.9,-4.4,-3.2,-0.2,28.7,32.5,43.6,13.4,0.0,247.1,26.2,14.4,81.2,,,OBAnorm,,LD831_02097v2.403,,,,0,0
DENATRLA,2025-06-23 08:19:20.000,28.0,28.4,22.8,24.2,21.0,17.1,14.4,10.9,9.8,11.5,13.0,15.1,16.5,19.7,20.2,22.0,22.5,22.6,22.9,20.8,19.1,15.4,12.3,9.2,7.1,2.5,-1.6,-3.7,-3.8,-3.9,-4.5,-3.1,-0.1,28.8,32.7,43.8,13.4,0.0,247.1,26.2,14.4,81.2,,,OBAnorm,,LD831_02097v2.403,,,,0,0
DENATRLA,2025-06-23 08:19:21.000,26.6,26.1,24.7,23.7,20.3,18.1,12.9,11.6,10.3,8.8,13.2,15.3,18.0,19.0,19.6,22.9,22.7,22.8,22.1,21.3,18.7,15.4,12.1,9.0,6.1,2.7,-0.3,-2.9,-3.5,-3.9,-4.4,-3.2,0.0,28.8,32.5,41.1,13.4,0.0,247.1,26.2,14.4,81.2,,,OBAnorm,,LD831_02097v2.403,,,,0,0
DENATRLA,2025-06-23 08:19:22.000,27.7,25.2,26.2,24.7,20.2,16.5,12.7,13.4,7.8,9.0,11.5,17.0,18.2,18.9,20.0,21.1,23.0,23.3,22.7,21.0,18.9,16.0,12.5,9.3,5.5,3.3,1.0,-3.7,-3.8,-3.9,-4.3,-3.0,-0.2,28.8,32.4,44.7,13.4,0.0,247.1,26.1,14.4,81.2,,,OBAnorm,,LD831_02097v2.403,,,,0,0
DENATRLA,2025-06-23 08:19:23.000,32.4,26.8,24.6,22.6,19.3,17.0,13.9,14.0,10.3,10.6,11.8,16.3,17.9,19.2,20.6,21.4,22.4,23.8,22.8,21.1,18.7,15.7,12.6,9.7,6.3,2.0,-2.5,-3.8,-3.8,-3.7,-4.4,-3.1,-0.2,28.9,32.4,44.4,13.4,0.0,247.1,26.1,14.4,81.2,,,OBAnorm,,LD831_02097v2.403,,,,0,0
DENATRLA,2025-06-23 08:19:24.000,25.8,27.7,26.2,24.5,19.1,19.8,14.3,10.3,9.7,11.3,13.0,15.4,17.3,18.9,21.0,21.4,22.3,22.8,22.8,21.2,18.5,16.0,12.4,8.5,5.2,16.9,9.7,-3.3,-3.8,-3.9,-4.4,-3.1,-0.2,29.2,32.5,43.4,13.4,0.0,247.1,26.2,14.4,81.2,,,OBAnorm,,LD831_02097v2.403,,,,0,0
DENATRLA,2025-06-23 08:19:25.000,28.9,22.8,24.8,22.8,19.4,17.2,14.0,12.0,7.0,8.7,13.2,15.8,17.0,18.9,21.2,22.5,23.4,23.2,22.8,21.8,19.7,16.0,13.2,9.3,8.7,13.9,14.7,1.7,-3.8,-3.9,-4.4,-3.1,-0.1,29.6,33.0,42.0,13.4,0.0,247.1,26.2,14.4,81.2,,,OBAnorm,,LD831_02097v2.403,,,,0,0
DENATRLA,2025-06-23 08:19:26.000,30.3,24.8,23.9,25.4,22.0,14.9,14.8,14.6,9.7,11.3,12.9,15.4,17.2,19.3,21.8,22.2,23.4,23.8,23.9,22.4,19.4,16.8,15.3,10.7,6.8,5.8,-0.7,-3.6,-3.8,-3.8,-4.5,-3.3,-0.2,29.9,34.3,52.9,13.4,0.0,247.1,26.2,14.4,81.2,,,OBAnorm,,LD831_02097v2.403,,,,0,0
DENATRLA,2025-06-23 08:19:27.000,25.8,26.5,25.5,23.9,20.3,19.8,14.7,12.1,12.1,9.6,15.7,17.4,19.2,21.3,21.8,22.3,23.5,25.4,24.4,22.8,19.7,16.6,15.0,12.1,7.5,9.0,6.7,-3.0,-3.8,-3.8,-4.4,-3.2,-0.2,30.4,34.4,51.1,13.4,0.0,247.1,26.1,14.4,81.2,,,OBAnorm,,LD831_02097v2.403,,,,0,0
DENATRLA,2025-06-23 08:19:28.000,30.7,26.3,27.4,25.0,18.8,17.4,12.8,13.4,11.8,12.3,12.5,17.4,18.4,22.1,21.2,22.1,23.9,25.1,24.7,22.0,20.3,17.0,13.9,9.5,6.2,5.5,0.4,-3.4,-3.6,-3.7,-4.3,-2.9,-0.2,30.4,34.6,46.7,13.4,0.0,247.2,26.2,14.4,81.2,,,OBAnorm,,LD831_02097v2.403,,,,0,0
DENATRLA,2025-06-23 08:19:29.000,22.5,26.0,26.4,22.4,20.8,17.2,18.6,12.3,11.6,12.3,14.4,15.6,18.7,21.4,22.4,22.5,24.3,25.2,24.3,22.5,20.2,17.7,14.2,9.7,5.8,3.3,0.9,-3.6,-3.7,-3.8,-4.4,-3.1,0.0,30.5,36.4,55.3,13.4,0.0,248.8,26.2,14.4,81.2,,,OBAnorm,,LD831_02097v2.403,,,,0,0
DENATRLA,2025-06-23 08:19:30.000,28.0,30.6,28.9,26.9,26.4,21.6,18.7,16.0,11.4,12.3,13.5,17.7,19.1,19.8,22.3,23.5,24.4,25.4,24.2,22.9,20.2,17.0,13.7,9.6,5.6,3.3,1.2,-3.6,-3.8,-3.8,-4.3,-3.1,-0.2,30.5,35.6,53.9,13.4,0.0,270.1,26.1,14.4,81.2,,,OBAnorm,,LD831_02097v2.403,,,,0,0
DENATRLA,2025-06-23 08:19:31.000,34.6,31.1,30.9,27.9,23.0,20.0,15.6,11.7,12.2,10.1,14.7,17.1,19.3,21.4,21.7,23.0,23.9,25.7,24.8,22.5,20.5,17.1,14.4,10.4,6.6,3.9,0.8,-3.4,-3.1,-3.2,-3.3,-2.6,-0.1,30.6,36.4,55.8,13.4,0.0,329.0,26.3,14.3,81.8,,,OBAnorm,,LD831_02097v2.403,,,,0,0
DENATRLA,2025-06-23 08:19:32.000,39.1,33.2,27.3,23.6,24.9,17.3,17.9,14.7,13.4,11.6,13.2,17.4,19.3,20.9,23.7,23.6,23.7,24.9,24.3,22.2,20.4,17.9,14.6,10.7,6.8,3.6,0.3,-3.5,-3.6,-3.7,-4.2,-2.9,-0.2,30.6,40.0,57.3,13.4,0.0,1.5,26.2,14.3,81.8,,,OBAnorm,,LD831_02097v2.403,,,,0,0
DENATRLA,2025-06-23 08:19:33.000,35.0,31.0,29.2,26.0,27.0,22.5,23.9,21.3,14.7,10.7,16.6,18.3,18.4,21.1,22.5,23.4,24.3,24.4,25.4,23.0,20.8,17.9,14.7,10.7,6.2,2.5,-1.7,-3.7,-3.7,-3.7,-4.3,-2.8,-0.1,30.8,39.9,58.4,13.4,0.0,1.5,26.2,14.2,81.8,,,OBAnorm,,LD831_02097v2.403,,,,0,0
DENATRLA,2025-06-23 08:19:34.000,35.4,36.0,34.8,33.5,28.7,28.8,23.3,17.4,13.8,12.6,14.2,18.4,19.2,20.8,22.6,23.6,24.1,24.3,24.4,22.7,20.3,16.7,13.8,9.5,5.8,3.6,2.7,-2.7,-3.5,-3.8,-4.3,-3.0,-0.1,30.3,41.7,58.6,13.4,0.0,1.8,26.2,14.2,80.6,,,OBAnorm,,LD831_02097v2.403,,,,0,0
DENATRLA,2025-06-23 08:19:35.000,44.2,39.2,33.2,29.4,28.2,26.5,24.5,26.8,20.1,13.6,15.7,17.3,19.2,20.8,21.0,23.0,23.1,24.8,24.2,23.0,20.3,17.6,14.3,10.8,6.3,4.3,2.6,-3.8,-3.6,-3.7,-4.2,-3.0,-0.1,30.3,42.2,59.2,13.4,0.0,1.7,26.2,14.2,80.6,,,OBAnorm,,LD831_02097v2.403,,,,0,0
DENATRLA,2025-06-23 08:19:36.000,41.4,38.5,41.6,35.4,31.4,27.7,23.4,18.7,17.5,12.7,15.7,16.5,19.0,21.3,21.5,23.1,23.9,23.6,24.8,23.0,20.8,18.3,15.2,11.4,7.0,8.4,1.2,-3.5,-3.6,-3.7,-4.2,-3.1,-0.1,30.6,40.1,55.8,13.4,0.2,1.7,26.2,14.2,81.8,,,OBAnorm,,LD831_02097v2.403,,,,0,0
DENATRLA,2025-06-23 08:19:37.000,42.0,44.2,39.9,34.1,32.3,27.2,22.7,20.2,19.4,13.9,15.7,17.3,19.2,19.2,21.0,22.7,22.7,23.5,23.7,22.0,20.0,16.9,13.3,10.2,6.2,2.6,-2.2,-3.4,-3.6,-3.8,-4.3,-3.1,0.0,29.6,38.4,54.3,13.4,0.4,1.7,26.2,14.2,81.2,,,OBAnorm,,LD831_02097v2.403,,,,0,0
DENATRLA,2025-06-23 08:19:38.000,44.5,40.4,36.2,32.6,31.4,23.7,21.1,19.7,13.6,11.8,14.2,17.1,19.8,20.4,22.6,22.5,23.5,23.5,23.5,22.4,20.3,16.3,12.9,9.2,5.1,2.6,-0.9,-2.2,-2.7,-3.4,-3.6,-2.3,-0.1,29.8,40.0,55.1,13.4,0.5,1.7,26.2,14.2,80.6,,,OBAnorm,,LD831_02097v2.403,,,,0,0
DENATRLA,2025-06-23 08:19:39.000,36.0,39.0,36.4,31.1,30.9,26.8,21.9,18.4,12.3,12.6,14.7,16.1,19.4,19.8,22.3,22.4,23.2,24.2,23.2,22.5,20.0,17.3,13.2,9.3,5.9,8.4,5.6,-2.9,-3.7,-3.5,-4.3,-3.1,-0.1,29.9,38.0,56.3,13.4,0.6,1.7,26.1,14.2,81.2,,,OBAnorm,,LD831_02097v2.403,,,,0,0
DENATRLA,2025-06-23 08:19:40.000,40.9,37.7,37.5,33.4,27.9,24.8,22.2,17.6,14.5,11.4,13.8,17.1,19.2,19.2,20.6,22.1,22.9,23.8,23.9,22.7,20.2,17.0,13.7,10.1,6.3,11.8,7.3,-2.4,-3.7,-3.8,-4.3,-3.0,-0.1,30.1,40.5,57.3,13.4,0.6,1.7,26.2,14.2,81.2,,,OBAnorm,,LD831_02097v2.403,,,,0,0
DENATRLA,2025-06-23 08:19:41.000,43.2,36.1,33.7,34.2,33.2,26.9,25.2,20.8,16.6,16.6,13.8,17.0,18.5,20.1,21.8,22.8,23.1,23.4,23.5,22.2,20.6,17.7,14.7,10.5,7.7,7.3,0.4,-3.1,-2.9,-3.1,-4.0,-2.8,0.1,30.0,39.3,58.3,13.4,0.7,1.7,26.2,14.2,80.6,,,OBAnorm,,LD831_02097v2.403,,,,0,0
DENATRLA,2025-06-23 08:19:42.000,42.0,40.0,37.2,32.8,27.7,28.6,23.9,21.7,17.5,16.3,14.3,16.5,18.8,19.3,21.8,22.1,23.0,24.2,23.8,23.0,20.8,18.1,14.2,10.3,6.4,5.6,5.4,-2.1,-2.9,-3.2,-3.8,-2.6,-0.1,30.2,39.0,54.9,13.4,0.7,1.7,26.2,14.2,81.2,,,OBAnorm,,LD831_02097v2.403,,,,0,0
DENATRLA,2025-06-23 08:19:43.000,40.9,37.9,37.6,35.5,30.6,26.7,22.5,19.7,17.0,13.6,14.7,15.6,19.3,21.1,22.4,22.9,23.6,24.4,23.9,22.9,20.5,18.2,17.1,10.7,6.9,5.9,0.9,-3.2,-3.7,-3.9,-4.3,-3.2,-0.1,30.6,39.1,57.0,13.4,0.7,1.7,26.2,14.2,81.2,,,OBAnorm,,LD831_02097v2.403,,,,0,0
DENATRLA,2025-06-23 08:19:44.000,41.5,35.8,32.0,34.4,28.2,23.0,23.2,23.7,22.9,13.1,15.9,17.0,19.0,21.4,21.1,22.3,23.4,23.8,24.3,22.8,20.6,18.5,20.1,11.0,7.0,10.7,-2.1,-3.3,-3.7,-3.8,-4.4,-3.2,-0.1,30.7,41.8,59.2,13.4,0.7,1.7,26.1,14.2,80.6,,,OBAnorm,,LD831_02097v2.403,,,,0,0
DENATRLA,2025-06-23 08:19:45.000,42.6,36.1,35.2,32.1,27.1,24.6,28.8,19.7,23.9,20.3,16.4,17.0,19.5,20.3,21.3,22.7,24.0,24.3,23.1,22.9,20.7,17.8,18.6,11.1,7.7,12.7,2.2,-1.3,-3.3,-3.9,-4.4,-3.1,-0.1,30.5,40.5,56.6,13.4,0.8,1.7,26.2,14.2,80.6,,,OBAnorm,,LD831_02097v2.403,,,,0,0
DENATRLA,2025-06-23 08:19:46.000,40.1,37.1,34.1,33.1,28.9,26.8,23.0,26.2,21.6,16.5,13.7,16.1,19.3,19.2,21.2,22.5,23.8,26.5,24.7,22.8,20.5,18.6,14.6,11.3,6.2,3.8,-1.5,-3.3,-3.8,-3.9,-4.4,-3.1,-0.1,31.2,40.5,54.9,13.4,0.9,1.9,26.2,14.2,80.6,,,OBAnorm,,LD831_02097v2.403,,,,0,0
DENATRLA,2025-06-23 08:19:47.000,44.2,33.9,35.2,33.3,30.7,25.7,20.9,19.2,13.3,12.1,15.3,16.9,18.2,21.2,21.5,22.4,23.7,24.2,23.7,23.1,20.3,21.7,17.4,10.8,6.9,3.2,0.9,-2.9,-3.7,-3.7,-4.3,-3.0,0.0,30.8,42.4,62.9,13.4,1.0,1.9,26.2,14.2,80.6,,,OBAnorm,,LD831_02097v2.403,,,,0,0
DENATRLA,2025-06-23 08:19:48.000,45.7,38.3,36.3,34.6,32.0,30.8,25.3,21.3,16.6,12.0,14.5,16.3,19.3,20.7,22.0,22.5,24.3,24.0,24.6,22.9,21.1,18.2,14.8,10.7,6.5,2.9,-1.4,-3.3,-3.6,-3.8,-4.4,-3.2,-0.1,30.6,42.9,58.2,13.4,1.0,1.9,26.2,14.2,80.6,,,OBAnorm,,LD831_02097v2.403,,,,0,0
DENATRLA,2025-06-23 08:19:49.000,45.6,41.3,40.3,39.9,35.2,30.9,26.4,21.7,18.0,11.4,14.0,17.3,18.5,19.2,22.6,22.8,23.3,24.4,23.8,22.6,20.9,17.3,14.5,10.2,6.3,2.6,-1.7,-3.1,-3.7,-3.8,-4.4,-3.2,-0.1,30.2,44.5,60.5,13.4,1.0,1.9,26.2,14.2,80.6,,,OBAnorm,,LD831_02097v2.403,,,,0,0
DENATRLA,2025-06-23 08:19:50.000,42.9,42.8,41.2,35.4,36.3,34.1,27.0,22.2,18.4,18.8,15.5,17.1,18.9,20.6,22.0,23.2,24.7,23.9,24.3,23.4,21.2,18.5,15.3,11.0,7.1,3.3,-1.4,-3.2,-3.7,-3.9,-4.4,-3.2,-0.1,30.8,41.0,56.7,13.4,1.0,1.9,26.2,14.2,80.6,,,OBAnorm,,LD831_02097v2.403,,,,0,0
DENATRLA,2025-06-23 08:19:51.000,43.0,43.7,42.9,37.0,33.2,27.8,26.0,18.8,16.2,16.1,13.5,16.9,19.3,20.4,20.8,22.9,23.5,24.3,24.6,23.8,22.5,19.5,15.4,11.7,7.5,3.5,-1.9,-3.8,-3.7,-3.7,-4.3,-3.1,-0.1,31.2,44.4,61.8,13.4,0.9,1.9,26.2,14.2,81.2,,,OBAnorm,,LD831_02097v2.403,,,,0,0
DENATRLA,2025-06-23 08:19:52.000,46.8,40.2,41.4,36.6,33.9,30.9,25.7,18.4,15.5,12.2,12.9,16.0,17.5,21.0,22.1,22.6,24.3,25.2,25.1,23.5,21.1,18.7,15.1,12.3,8.0,4.2,0.1,-3.2,-3.7,-3.8,-4.4,-3.0,-0.1,31.0,42.4,61.2,13.4,0.9,1.9,26.2,14.2,81.2,,,OBAnorm,,LD831_02097v2.403,,,,0,0
DENATRLA,2025-06-23 08:19:53.000,45.2,40.8,43.7,39.3,32.8,28.8,21.6,18.7,14.8,11.5,14.3,16.5,18.3,19.5,22.3,23.4,24.2,24.3,24.3,24.1,21.4,18.9,15.8,12.4,9.3,13.1,7.9,-3.2,-3.7,-3.6,-4.3,-2.9,-0.2,31.0,39.3,57.8,13.4,0.8,1.9,26.2,14.2,80.6,,,OBAnorm,,LD831_02097v2.403,,,,0,0
DENATRLA,2025-06-23 08:19:54.000,46.9,43.6,37.8,31.6,24.8,22.0,21.3,19.5,14.0,11.9,14.5,16.8,18.6,20.4,21.5,22.5,22.2,23.6,24.2,22.8,20.2,17.1,13.7,10.6,7.0,8.6,1.9,-2.1,-3.8,-3.7,-4.4,-3.1,0.0,30.0,42.7,58.7,13.4,0.7,1.9,26.2,14.2,80.6,,,OBAnorm,,LD831_02097v2.403,,,,0,0
DENATRLA,2025-06-23 08:19:55.000,43.8,39.9,37.0,36.9,30.9,29.3,20.2,19.4,12.3,9.9,13.5,16.9,18.8,19.6,21.4,21.8,23.4,23.2,23.3,22.2,19.8,16.9,13.4,9.0,5.2,2.2,-1.9,-3.3,-3.8,-3.9,-4.3,-3.0,-0.3,29.7,37.4,56.8,13.4,0.6,1.9,26.2,14.2,80.6,,,OBAnorm,,LD831_02097v2.403,,,,0,0
DENATRLA,2025-06-23 08:19:56.000,41.9,37.8,34.0,33.5,29.2,19.9,16.6,14.0,10.8,10.5,12.7,17.8,19.6,19.8,21.2,21.9,23.6,24.2,23.3,21.4,19.5,16.8,13.6,9.4,5.2,13.9,6.4,-3.7,-3.7,-3.9,-4.4,-3.2,-0.1,29.9,37.1,53.3,13.4,0.6,1.9,26.2,14.2,81.2,,,OBAnorm,,LD831_02097v2.403,,,,0,0
DENATRLA,2025-06-23 08:19:57.000,43.5,40.9,33.0,29.5,24.3,22.7,16.1,13.2,11.2,10.9,13.7,16.8,18.6,21.1,20.4,21.8,22.9,23.3,23.5,22.1,20.3,16.9,13.7,10.0,8.2,18.1,10.9,-1.4,-3.8,-3.9,-4.3,-3.3,-0.1,30.0,37.6,58.6,13.4,0.6,1.9,26.2,14.2,81.8,,,OBAnorm,,LD831_02097v2.403,,,,0,0
DENATRLA,2025-06-23 08:19:58.000,40.0,33.0,30.7,26.6,26.8,23.9,18.6,13.8,11.3,9.1,12.6,15.8,18.1,20.3,20.2,22.3,22.6,23.3,22.7,21.2,19.9,16.2,13.4,9.7,6.2,3.8,-0.8,-3.8,-3.8,-3.9,-4.4,-3.2,-0.2,29.3,37.0,53.3,13.4,0.5,1.9,26.2,14.3,80.6,,,OBAnorm,,LD831_02097v2.403,,,,0,0
DENATRLA,2025-06-23 08:19:59.000,38.9,30.4,33.7,28.8,21.0,19.8,15.6,13.3,11.4,9.7,14.0,16.4,18.0,19.9,21.0,22.4,23.5,23.8,23.6,21.5,18.7,16.3,13.6,10.3,7.4,3.3,-1.5,-3.7,-3.4,-3.5,-4.0,-2.9,-0.1,29.4,37.6,55.6,13.4,0.3,1.9,26.2,14.3,78.9,,,OBAnorm,,LD831_02097v2.403,,,,0,0
DENATRLA,2025-06-23 08:20:00.000,41.3,39.7,32.4,27.5,23.5,18.8,17.1,15.6,10.9,10.5,13.8,17.2,18.6,20.2,21.3,21.9,22.5,22.8,22.7,21.5,19.3,16.2,13.3,8.8,6.1,2.5,-1.8,-3.7,-3.7,-3.9,-4.4,-3.1,-0.2,29.2,41.8,61.5,13.4,0.3,1.9,26.2,14.3,77.8,,,OBAnorm,,LD831_02097v2.403,,,,0,0
DENATRLA,2025-06-23 08:20:01.000,38.2,33.0,32.6,31.0,27.8,25.7,22.4,19.6,17.5,12.0,13.1,15.5,18.7,19.9,21.8,22.3,23.3,24.0,23.4,22.5,19.1,16.2,13.7,10.3,7.2,2.8,-2.1,-3.7,-3.7,-3.9,-4.4,-3.2,0.1,29.7,42.4,62.3,13.4,0.3,1.9,26.2,14.3,77.8,,,OBAnorm,,LD831_02097v2.403,,,,0,0
DENATRLA,2025-06-23 08:20:02.000,41.3,38.4,38.8,35.3,31.5,30.3,25.1,24.0,21.4,18.0,14.0,17.6,18.4,19.6,20.9,21.6,23.4,24.1,23.7,21.5,20.3,17.4,13.8,10.9,6.8,3.3,-2.2,-3.8,-3.8,-3.9,-4.4,-3.1,0.0,29.9,44.5,62.7,13.4,0.3,1.9,26.2,14.3,77.8,,,OBAnorm,,LD831_02097v2.403,,,,0,0
DENATRLA,2025-06-23 08:20:03.000,40.6,38.9,41.5,39.2,33.3,31.0,25.2,20.7,15.5,13.4,10.8,16.6,17.9,21.1,21.3,21.8,23.4,22.6,23.4,21.6,19.6,16.4,13.7,9.5,5.0,2.9,-1.1,-3.8,-3.7,-3.9,-4.4,-3.1,-0.2,29.3,42.3,61.2,13.4,0.3,1.9,26.2,14.3,77.8,,,OBAnorm,,LD831_02097v2.403,,,,0,0
DENATRLA,2025-06-23 08:20:04.000,43.9,45.0,36.7,35.0,29.0,21.6,23.9,15.9,13.9,12.5,11.7,15.3,18.3,19.8,20.1,21.6,24.0,23.2,23.0,21.2,19.2,15.9,12.9,9.4,5.5,3.1,2.2,-3.4,-3.8,-3.9,-4.4,-3.3,-0.1,29.2,37.4,56.9,13.4,0.3,1.9,26.2,14.3,77.8,,,OBAnorm,,LD831_02097v2.403,,,,0,0
DENATRLA,2025-06-23 08:20:05.000,48.9,43.2,39.0,32.8,29.7,25.5,18.3,14.5,11.8,10.1,12.6,14.9,17.7,20.5,21.9,21.7,22.5,23.1,22.8,21.0,18.6,15.9,12.4,8.9,5.3,2.5,0.0,-3.7,-3.8,-3.9,-4.4,-3.1,-0.2,28.9,34.4,51.2,13.4,0.3,1.9,26.2,14.3,78.4,,,OBAnorm,,LD831_02097v2.403,,,,0,0
DENATRLA,2025-06-23 08:20:06.000,44.8,40.4,28.8,27.6,24.4,19.4,16.6,13.8,10.7,10.9,13.6,15.9,18.9,19.3,21.9,21.8,22.4,23.7,23.1,21.0,18.7,16.0,12.6,8.5,4.8,2.7,-1.2,-3.8,-3.8,-3.8,-4.4,-3.2,-0.1,29.0,36.8,53.7,13.4,0.3,1.9,26.2,14.3,78.4,,,OBAnorm,,LD831_02097v2.403,,,,0,0
DENATRLA,2025-06-23 08:20:07.000,35.3,33.7,32.7,28.1,25.8,19.6,16.1,13.9,9.7,10.7,12.0,16.4,19.0,21.1,21.6,22.1,23.0,22.6,23.0,21.4,19.1,16.2,12.8,10.0,7.2,2.8,-2.7,-3.7,-3.8,-3.9,-4.4,-3.1,-0.1,29.3,34.8,51.2,13.4,0.3,1.9,26.2,14.3,78.4,,,OBAnorm,,LD831_02097v2.403,,,,0,0
DENATRLA,2025-06-23 08:20:08.000,35.4,37.3,28.7,27.7,23.9,16.3,13.9,13.9,10.1,9.7,12.8,15.9,18.7,19.6,20.8,21.6,23.8,23.7,22.9,21.8,19.5,16.6,13.3,9.2,5.6,3.2,-1.9,-3.7,-3.8,-3.8,-4.4,-3.1,-0.2,29.5,34.4,52.2,13.4,0.1,1.9,26.2,14.3,78.4,,,OBAnorm,,LD831_02097v2.403,,,,0,0
DENATRLA,2025-06-23 08:20:09.000,38.2,36.1,27.8,24.8,20.0,17.5,15.3,14.7,7.9,10.4,13.8,16.8,16.7,20.4,20.6,21.7,23.5,23.5,24.3,22.1,20.4,17.0,13.9,9.7,6.9,15.3,6.8,-1.5,-3.8,-4.0,-4.4,-3.2,-0.2,30.1,33.8,47.8,13.4,0.0,1.9,26.2,14.3,78.4,,,OBAnorm,,LD831_02097v2.403,,,,0,0
DENATRLA,2025-06-23 08:20:10.000,33.7,31.0,28.5,26.7,22.6,16.8,15.0,11.4,11.1,10.8,11.6,15.9,18.5,20.5,21.8,21.5,23.3,23.7,23.3,22.3,20.2,17.1,13.9,9.7,5.4,2.2,-0.8,-3.0,-3.6,-3.7,-4.3,-3.2,-0.1,29.8,35.8,55.5,13.4,0.0,1.9,26.2,14.3,78.4,,,OBAnorm,,LD831_02097v2.403,,,,0,0
DENATRLA,2025-06-23 08:20:11.000,33.6,28.1,26.2,23.6,24.6,18.7,15.7,14.3,9.7,10.6,14.2,16.2,19.7,19.0,20.9,22.7,23.6,23.9,23.8,22.5,19.7,17.1,13.5,9.7,5.0,2.6,-0.9,-3.7,-3.6,-3.5,-4.3,-3.2,0.0,30.0,33.9,48.1,13.4,0.0,1.9,26.2,14.3,78.4,,,OBAnorm,,LD831_02097v2.403,,,,0,0
DENATRLA,2025-06-23 08:20:12.000,29.0,31.7,29.7,24.9,22.0,19.2,15.1,10.8,9.6,10.2,12.5,16.0,20.2,20.9,21.4,22.4,23.2,24.5,24.2,21.7,20.0,17.3,13.8,9.8,5.2,13.4,3.0,-3.7,-3.5,-3.8,-4.4,-3.1,-0.2,30.2,33.7,44.3,13.4,0.0,2.0,26.2,14.3,78.4,,,OBAnorm,,LD831_02097v2.403,,,,0,0
DENATRLA,2025-06-23 08:20:13.000,34.7,31.7,24.4,24.5,21.5,17.9,17.9,12.0,8.4,11.3,13.2,15.4,18.5,20.2,21.7,22.0,23.9,23.7,23.4,21.7,20.2,16.9,13.6,9.1,6.2,10.7,3.8,-3.4,-3.8,-3.9,-4.4,-3.2,0.0,29.7,33.6,46.9,13.4,0.0,1.9,26.2,14.3,78.4,,,OBAnorm,,LD831_02097v2.403,,,,0,0
DENATRLA,2025-06-23 08:20:14.000,27.9,28.7,25.4,27.1,19.7,17.3,13.5,13.9,11.2,10.6,11.8,17.2,18.3,20.4,21.2,22.4,23.3,23.0,24.0,22.3,19.3,17.0,13.3,8.9,5.5,3.1,1.4,-3.5,-3.8,-4.0,-4.4,-3.2,-0.1,29.8,33.3,44.5,13.4,0.0,1.9,26.2,14.3,78.4,,,OBAnorm,,LD831_02097v2.403,,,,0,0
DENATRLA,2025-06-23 08:20:15.000,29.7,28.0,26.0,20.0,20.2,16.3,16.1,13.4,10.7,10.1,14.1,16.7,19.4,20.6,21.9,22.9,22.8,23.8,23.4,21.7,20.3,16.7,13.5,9.1,4.9,1.7,-2.6,-3.8,-3.7,-3.8,-4.3,-3.1,-0.2,29.6,33.7,47.4,13.4,0.0,1.9,26.2,14.3,78.4,,,OBAnorm,,LD831_02097v2.403,,,,0,0
DENATRLA,2025-06-23 08:20:16.000,29.7,24.1,25.7,24.2,20.8,20.1,17.3,12.9,10.1,9.8,14.5,17.5,19.6,20.7,21.3,22.5,23.4,23.8,23.0,21.7,19.8,17.5,13.8,9.3,4.6,2.3,2.8,-2.4,-3.7,-3.7,-4.3,-3.2,-0.2,29.6,33.6,45.3,13.4,0.0,1.9,26.2,14.3,78.4,,,OBAnorm,,LD831_02097v2.403,,,,0,0
DENATRLA,2025-06-23 08:20:17.000,29.4,30.1,27.1,24.0,21.4,16.0,15.4,9.9,11.0,11.1,12.8,15.9,18.4,20.1,22.4,22.8,23.7,24.0,23.0,21.6,19.6,17.1,13.7,9.9,6.0,5.4,4.4,-3.3,-3.7,-3.8,-4.4,-3.2,0.0,29.6,33.4,45.4,13.4,0.0,1.9,26.2,14.3,78.4,,,OBAnorm,,LD831_02097v2.403,,,,0,0
DENATRLA,2025-06-23 08:20:18.000,32.0,30.6,26.5,21.4,21.8,17.2,14.3,12.7,10.9,10.6,14.2,16.7,19.7,20.3,22.4,22.4,22.7,24.0,23.1,21.7,20.6,17.3,13.4,9.2,6.1,2.3,-2.6,-3.7,-3.7,-3.8,-4.3,-3.1,-0.1,29.8,33.9,48.0,13.4,0.0,1.9,26.2,14.3,78.4,,,OBAnorm,,LD831_02097v2.403,,,,0,0
DENATRLA,2025-06-23 08:20:19.000,30.9,27.8,28.6,23.4,19.3,18.8,14.5,13.5,10.4,13.0,12.1,15.5,19.0,20.7,22.3,24.1,23.8,23.7,23.1,21.6,19.6,16.7,13.3,9.1,5.1,2.6,-0.7,-3.7,-3.6,-3.4,-4.0,-3.0,0.0,29.8,34.1,46.9,13.4,0.0,1.9,26.2,14.4,78.4,,,OBAnorm,,LD831_02097v2.403,,,,0,0
DENATRLA,2025-06-23 08:20:20.000,26.8,31.1,29.6,23.1,20.9,17.6,13.8,13.0,10.1,11.8,13.5,14.7,18.9,21.2,22.4,21.9,22.9,23.9,23.3,21.8,19.9,16.9,13.5,10.0,7.6,10.2,3.4,-3.8,-3.8,-3.9,-4.4,-3.2,-0.1,29.7,33.7,44.9,13.4,0.0,1.9,26.2,14.4,78.4,,,OBAnorm,,LD831_02097v2.403,,,,0,0
DENATRLA,2025-06-23 08:20:21.000,30.7,30.6,26.8,22.1,21.4,14.1,14.1,13.2,10.4,10.6,13.0,14.9,18.7,21.1,21.3,22.3,24.0,24.1,23.4,21.9,19.7,16.8,13.6,9.7,7.7,15.4,10.6,-1.1,-3.8,-3.9,-4.4,-3.3,-0.2,30.0,33.5,48.0,13.4,0.0,1.9,26.2,14.4,78.4,,,OBAnorm,,LD831_02097v2.403,,,,0,0
DENATRLA,2025-06-23 08:20:22.000,30.8,28.7,25.1,23.6,18.4,17.3,14.9,12.1,11.0,10.2,12.8,16.6,18.8,20.7,21.1,22.8,22.4,23.3,22.8,21.7,19.6,16.5,13.1,9.1,4.9,2.6,-0.3,-3.4,-3.7,-3.9,-4.4,-3.2,-0.1,29.2,33.5,46.8,13.4,0.0,1.9,26.2,14.4,78.4,,,OBAnorm,,LD831_02097v2.403,,,,0,0
DENATRLA,2025-06-23 08:20:23.000,32.6,28.7,26.2,23.4,20.7,19.2,14.2,13.2,8.3,12.8,12.7,16.9,19.2,20.1,21.2,22.4,23.0,23.9,22.6,21.9,19.6,16.4,13.2,9.1,6.0,2.9,-1.6,-3.7,-3.6,-3.7,-4.3,-3.1,-0.2,29.4,33.1,45.5,13.4,0.0,1.9,26.2,14.4,78.4,,,OBAnorm,,LD831_02097v2.403,,,,0,0
DENATRLA,2025-06-23 08:20:24.000,31.0,26.6,26.0,21.6,15.2,17.1,13.7,14.1,11.3,9.0,12.9,16.1,18.1,19.5,21.1,22.3,22.1,22.8,22.9,21.5,19.3,16.3,12.6,8.8,6.0,12.7,4.2,-3.2,-2.9,-3.4,-3.8,-2.8,-0.1,29.3,32.9,41.8,13.4,0.0,1.9,26.2,14.4,78.4,,,OBAnorm,,LD831_02097v2.403,,,,0,0
DENATRLA,2025-06-23 08:20:25.000,31.9,27.1,26.6,23.7,20.8,17.1,12.0,10.5,12.3,11.9,12.2,15.6,18.0,19.5,21.9,23.4,22.3,23.7,22.9,21.6,19.2,16.3,13.2,10.8,9.2,14.9,12.6,-2.6,-3.6,-3.7,-4.3,-2.9,-0.1,29.6,33.1,45.2,13.4,0.0,1.9,26.2,14.4,78.4,,,OBAnorm,,LD831_02097v2.403,,,,0,0
DENATRLA,2025-06-23 08:20:26.000,26.3,32.1,25.7,23.0,17.8,16.3,15.4,11.4,8.5,10.9,12.9,16.5,19.3,19.3,21.4,21.5,22.1,23.1,23.2,21.5,18.9,15.5,12.5,9.4,6.9,2.4,-2.2,-3.8,-3.8,-4.0,-4.5,-3.2,-0.1,29.0,33.3,48.1,13.4,0.0,1.9,26.2,14.4,78.4,,,OBAnorm,,LD831_02097v2.403,,,,0,0
DENATRLA,2025-06-23 08:20:27.000,27.3,26.2,28.4,25.3,20.2,17.4,12.0,13.2,10.4,10.5,14.3,16.6,17.2,19.9,21.7,21.4,22.2,23.5,22.1,21.4,18.9,16.2,12.9,9.4,5.9,2.6,-1.3,-3.8,-3.8,-3.7,-4.4,-3.1,-0.2,28.9,33.2,43.9,13.4,0.0,1.9,26.2,14.4,78.4,,,OBAnorm,,LD831_02097v2.403,,,,0,0
DENATRLA,2025-06-23 08:20:28.000,29.8,31.2,25.1,24.5,21.4,18.0,14.3,11.5,11.2,9.6,13.4,16.2,18.1,19.2,22.2,21.9,22.3,23.4,22.1,21.3,19.0,16.4,13.4,9.2,6.5,4.3,-1.1,-3.3,-3.8,-3.9,-4.4,-3.1,-0.2,28.9,35.1,49.3,13.4,0.0,1.9,26.2,14.4,79.0,,,OBAnorm,,LD831_02097v2.403,,,,0,0
DENATRLA,2025-06-23 08:20:29.000,30.4,26.8,28.5,25.7,22.2,17.9,14.7,12.3,13.0,10.3,12.7,15.9,18.0,19.7,20.5,21.4,22.6,22.7,22.1,21.2,18.9,15.4,13.1,10.4,6.1,3.0,-2.0,-3.8,-3.8,-4.0,-4.4,-3.3,-0.2,28.7,33.4,47.6,13.4,0.0,1.9,26.2,14.4,81.2,,,OBAnorm,,LD831_02097v2.403,,,,0,0
DENATRLA,2025-06-23 08:20:30.000,31.5,31.4,31.0,23.6,23.4,17.8,13.3,14.4,11.3,10.7,12.6,16.1,18.4,20.1,20.4,21.5,22.5,22.5,22.5,21.0,18.4,15.6,12.6,9.0,5.8,2.9,-0.7,-3.8,-3.8,-3.8,-4.4,-3.2,0.0,28.6,34.2,51.2,13.4,0.0,1.9,26.2,14.4,82.4,,,OBAnorm,,LD831_02097v2.403,,,,0,0
DENATRLA,2025-06-23 08:20:31.000,36.8,29.5,30.5,24.1,23.4,17.8,15.4,14.0,7.6,8.8,12.7,15.1,19.1,19.8,21.2,21.8,22.5,22.7,21.7,20.4,17.8,15.4,11.9,8.4,4.7,2.0,-0.7,-3.4,-3.3,-3.1,-4.1,-3.0,-0.1,28.4,34.5,52.1,13.4,0.0,1.9,26.2,14.4,81.8,,,OBAnorm,,LD831_02097v2.403,,,,0,0
DENATRLA,2025-06-23 08:20:32.000,32.3,31.1,27.8,28.3,20.4,15.9,17.0,12.8,10.9,8.2,11.4,16.3,18.1,18.9,20.6,22.1,21.9,22.7,21.4,20.1,17.8,14.9,11.4,7.8,4.7,2.6,-1.6,-3.7,-3.6,-3.8,-4.3,-3.1,-0.2,28.1,36.3,55.9,13.4,0.0,1.9,26.2,14.4,81.8,,,OBAnorm,,LD831_02097v2.403,,,,0,0
DENATRLA,2025-06-23 08:20:33.000,29.7,32.5,30.0,22.3,23.4,20.9,15.5,15.3,9.1,9.9,12.7,15.0,17.9,20.5,19.7,20.7,21.5,21.4,22.3,21.2,18.5,15.4,12.2,8.4,6.3,11.2,5.6,-3.7,-3.6,-3.8,-4.3,-3.0,0.0,28.4,33.9,49.6,13.4,0.0,1.9,26.3,14.4,80.1,,,OBAnorm,,LD831_02097v2.403,,,,0,0
DENATRLA,2025-06-23 08:20:34.000,35.4,35.5,31.3,21.2,22.4,18.1,15.6,14.4,11.4,10.9,13.7,13.8,17.1,18.8,21.6,21.0,21.7,22.7,22.0,19.7,17.7,15.0,12.0,8.8,5.8,5.5,3.5,-2.9,-3.8,-3.8,-4.4,-3.2,-0.3,28.1,33.8,49.4,13.4,0.0,1.9,26.2,14.4,79.5,,,OBAnorm,,LD831_02097v2.403,,,,0,0
DENATRLA,2025-06-23 08:20:35.000,39.8,32.3,26.7,24.3,18.6,19.2,14.9,12.1,11.5,9.4,12.1,14.3,18.2,18.6,20.3,22.0,23.5,22.9,21.7,20.0,18.0,14.6,11.5,8.4,4.4,1.3,-2.8,-3.7,-3.7,-3.7,-4.3,-3.2,-0.2,28.3,33.2,46.2,13.4,0.0,1.9,26.2,14.4,81.2,,,OBAnorm,,LD831_02097v2.403,,,,0,0
DENATRLA,2025-06-23 08:20:36.000,31.5,32.1,26.9,26.7,20.9,18.3,14.0,13.2,9.8,10.7,11.1,15.5,17.5,19.4,20.9,21.8,21.7,22.3,21.5,20.1,18.3,14.6,11.5,8.1,6.7,5.9,-1.7,-3.7,-3.6,-3.7,-4.4,-3.1,-0.2,28.1,32.8,53.0,13.4,0.0,341.5,26.2,14.5,81.3,,,OBAnorm,,LD831_02097v2.403,,,,0,0
DENATRLA,2025-06-23 08:20:37.000,32.1,27.8,27.5,22.5,18.8,16.8,14.8,13.7,8.8,9.2,10.6,16.4,17.9,19.8,20.1,20.8,22.6,22.0,21.2,20.1,17.8,14.5,11.4,7.8,4.5,15.8,7.2,-3.6,-3.6,-3.8,-4.4,-3.0,-0.2,28.2,33.0,47.6,13.4,0.1,312.5,26.2,14.6,81.3,,,OBAnorm,,LD831_02097v2.403,,,,0,0
DENATRLA,2025-06-23 08:20:38.000,31.9,30.2,26.8,27.0,21.5,17.6,15.2,13.1,10.1,8.7,12.6,15.6,18.3,19.1,20.1,21.1,22.5,22.2,21.6,19.5,18.2,15.4,11.9,11.6,7.0,16.7,13.3,-0.8,-3.8,-3.9,-4.4,-3.2,-0.2,28.7,33.3,46.8,13.4,0.2,312.5,26.2,14.6,79.6,,,OBAnorm,,LD831_02097v2.403,,,,0,0
DENATRLA,2025-06-23 08:20:39.000,33.4,28.7,28.1,22.5,21.1,14.3,10.8,9.4,8.0,10.0,12.9,15.2,17.4,18.5,21.3,21.2,23.0,22.7,22.1,19.8,18.7,15.2,12.4,9.1,6.0,3.8,-0.4,-3.6,-3.8,-3.9,-4.5,-3.2,-0.1,28.5,32.9,49.5,13.4,0.2,311.7,26.2,14.5,79.5,,,OBAnorm,,LD831_02097v2.403,,,,0,0
DENATRLA,2025-06-23 08:20:40.000,28.3,28.3,30.6,21.9,21.4,15.8,17.2,11.2,10.1,9.8,12.0,14.4,17.7,19.5,20.4,21.2,22.6,23.6,21.9,20.5,18.1,15.1,12.3,10.4,6.5,4.4,2.5,-3.5,-3.8,-3.9,-4.3,-3.1,-0.2,28.6,32.7,45.5,13.4,0.2,312.0,26.2,14.5,81.3,,,OBAnorm,,LD831_02097v2.403,,,,0,0
DENATRLA,2025-06-23 08:20:41.000,32.5,28.9,24.6,22.1,19.2,17.6,14.4,12.1,11.1,10.1,13.1,14.5,18.1,19.8,20.8,22.0,23.5,23.6,22.4,20.7,18.8,15.4,12.5,10.3,7.5,3.5,-0.3,-3.7,-3.7,-3.4,-4.3,-2.9,-0.1,29.0,33.1,45.7,13.4,0.2,312.1,26.2,14.5,80.7,,,OBAnorm,,LD831_02097v2.403,,,,0,0
DENATRLA,2025-06-23 08:20:42.000,29.1,29.8,25.5,21.9,19.9,18.5,12.2,13.4,10.8,10.7,12.4,15.4,18.3,17.9,20.3,21.9,22.2,22.8,21.6,20.3,18.1,15.3,11.9,8.5,4.9,3.3,5.2,-3.2,-3.8,-3.9,-4.4,-3.2,-0.2,28.3,32.5,47.8,13.4,0.2,312.0,26.3,14.5,80.7,,,OBAnorm,,LD831_02097v2.403,,,,0,0
DENATRLA,2025-06-23 08:20:43.000,29.6,31.1,26.6,23.4,20.4,15.3,13.7,15.5,8.5,9.1,12.2,15.0,17.6,19.2,19.7,20.7,22.3,23.4,22.2,20.2,17.8,15.4,11.9,8.5,4.7,2.3,1.0,-3.6,-3.8,-3.9,-4.4,-3.3,-0.1,28.4,32.3,43.3,13.4,0.2,312.0,26.2,14.5,80.7,,,OBAnorm,,LD831_02097v2.403,,,,0,0
DENATRLA,2025-06-23 08:20:44.000,24.4,27.4,26.5,25.7,20.4,15.6,15.2,13.0,7.8,9.7,13.7,15.3,18.2,19.5,21.2,21.4,21.8,22.8,21.8,20.2,18.0,15.3,11.4,7.7,5.5,2.0,-0.7,-3.4,-3.6,-3.6,-4.2,-3.1,0.1,28.2,32.9,40.2,13.4,0.2,312.1,26.2,14.5,80.7,,,OBAnorm,,LD831_02097v2.403,,,,0,0
DENATRLA,2025-06-23 08:20:45.000,28.1,27.2,25.0,25.3,20.2,15.5,13.7,13.8,10.4,9.9,13.6,14.7,19.1,19.2,20.4,21.8,22.4,22.7,21.7,19.9,17.9,15.0,12.4,8.4,5.5,5.9,3.2,-3.6,-3.8,-3.8,-4.4,-3.2,-0.2,28.3,32.4,39.2,13.4,0.2,312.0,26.2,14.5,80.7,,,OBAnorm,,LD831_02097v2.403,,,,0,0
DENATRLA,2025-06-23 08:20:46.000,29.3,30.6,28.9,23.1,21.6,18.0,13.6,11.6,10.2,10.1,12.9,16.2,18.5,19.8,20.7,21.8,21.3,22.6,21.6,20.0,18.2,15.1,12.2,8.9,5.1,2.4,-2.1,-3.8,-3.8,-3.9,-4.4,-3.2,-0.2,28.1,32.2,43.6,13.4,0.2,312.0,26.2,14.5,80.7,,,OBAnorm,,LD831_02097v2.403,,,,0,0
DENATRLA,2025-06-23 08:20:47.000,30.7,24.1,27.9,22.9,18.9,16.3,13.5,13.5,6.2,9.7,13.4,16.5,18.0,18.4,19.7,21.2,21.8,22.8,21.4,20.0,18.1,15.0,11.6,8.6,5.2,3.8,1.9,-3.6,-3.7,-3.9,-4.4,-3.1,-0.2,28.1,31.8,38.3,13.4,0.2,312.1,26.2,14.5,80.7,,,OBAnorm,,LD831_02097v2.403,,,,0,0
DENATRLA,2025-06-23 08:20:48.000,25.3,27.8,22.5,22.1,16.9,17.3,14.1,11.0,12.0,8.6,13.8,14.4,17.7,20.1,20.7,21.0,22.0,22.4,22.0,20.7,17.5,14.9,12.8,10.1,7.0,2.5,-2.4,-3.9,-3.8,-3.9,-4.3,-3.2,0.0,28.2,31.9,40.0,13.4,0.1,312.1,26.2,14.5,80.7,,,OBAnorm,,LD831_02097v2.403,,,,0,0
DENATRLA,2025-06-23 08:20:49.000,30.5,24.0,26.6,21.9,16.6,17.3,15.2,12.9,9.5,8.6,12.4,15.8,18.2,18.7,20.3,20.8,22.1,22.1,21.7,19.8,18.2,15.2,12.1,8.5,6.5,12.6,8.3,-3.5,-3.7,-3.8,-4.4,-3.1,-0.3,28.2,32.1,38.9,13.4,0.0,312.0,26.2,14.5,80.7,,,OBAnorm,,LD831_02097v2.403,,,,0,0
DENATRLA,2025-06-23 08:20:50.000,25.3,25.0,25.8,24.5,22.0,18.2,14.2,12.6,11.1,8.6,11.6,15.1,17.8,19.1,21.2,21.1,22.0,22.8,22.3,20.2,17.3,14.8,11.7,8.4,5.4,11.4,4.1,-3.5,-3.8,-3.8,-4.4,-3.2,-0.3,28.3,31.9,38.8,13.4,0.0,312.1,26.2,14.5,80.7,,,OBAnorm,,LD831_02097v2.403,,,,0,0
DENATRLA,2025-06-23 08:20:51.000,24.4,25.8,26.5,21.7,20.4,17.6,13.4,12.8,11.3,8.3,13.4,16.4,17.9,18.8,20.2,21.2,22.3,22.6,21.8,20.5,18.3,15.7,12.7,9.1,5.5,11.4,5.7,-1.5,-3.7,-3.7,-4.3,-3.3,-0.1,28.5,32.6,39.1,13.4,0.0,312.1,26.2,14.6,80.7,,,OBAnorm,,LD831_02097v2.403,,,,0,0
DENATRLA,2025-06-23 08:20:52.000,24.5,24.7,27.0,23.4,20.8,16.5,14.3,11.7,10.0,7.8,12.1,15.3,17.3,18.8,19.3,20.2,22.1,22.4,21.9,20.0,18.0,15.1,12.4,8.8,4.7,13.8,7.4,-2.4,-3.7,-3.9,-4.2,-3.0,-0.2,28.4,32.1,40.9,13.4,0.0,312.0,26.2,14.6,80.7,,,OBAnorm,,LD831_02097v2.403,,,,0,0
DENATRLA,2025-06-23 08:20:53.000,28.1,28.3,26.6,25.3,21.8,14.8,16.3,11.4,12.8,9.6,13.7,17.0,18.9,18.2,20.9,21.6,22.6,22.7,22.4,21.6,17.6,15.4,12.9,9.3,6.0,2.9,0.2,-3.2,-3.5,-3.3,-4.1,-3.0,-0.1,28.7,32.8,41.6,13.4,0.0,312.1,26.2,14.6,80.7,,,OBAnorm,,LD831_02097v2.403,,,,0,0
DENATRLA,2025-06-23 08:20:54.000,26.0,28.6,25.0,24.8,17.5,17.3,16.5,15.5,11.3,10.7,11.5,15.8,16.5,19.1,21.2,21.6,23.2,22.8,22.3,20.2,18.7,15.7,12.9,11.3,11.4,12.5,0.0,-3.8,-3.8,-3.7,-4.4,-3.2,-0.1,29.0,32.6,43.1,13.4,0.0,312.1,26.2,14.6,80.7,,,OBAnorm,,LD831_02097v2.403,,,,0,0
DENATRLA,2025-06-23 08:20:55.000,30.4,28.4,27.8,21.2,20.4,18.8,14.7,12.1,12.7,9.0,13.2,14.8,18.6,19.7,21.3,21.6,21.4,22.3,21.5,20.5,17.7,15.4,12.4,9.3,5.3,2.5,-2.0,-3.5,-3.7,-3.7,-4.3,-3.1,-0.1,28.2,32.4,43.3,13.4,0.0,312.0,26.2,14.6,80.7,,,OBAnorm,,LD831_02097v2.403,,,,0,0
DENATRLA,2025-06-23 08:20:56.000,28.6,26.2,26.6,23.1,20.4,16.6,16.9,15.1,9.0,11.6,12.7,15.4,19.1,20.3,20.0,21.2,22.2,22.3,20.8,19.8,18.4,15.2,11.7,7.8,6.1,2.3,-2.3,-3.7,-3.7,-3.8,-4.5,-3.2,0.0,28.0,32.3,42.9,13.4,0.0,312.1,26.2,14.6,80.7,,,OBAnorm,,LD831_02097v2.403,,,,0,0
DENATRLA,2025-06-23 08:20:57.000,29.3,25.6,25.0,24.4,19.0,17.4,15.4,12.0,10.0,11.1,13.6,15.2,17.7,19.8,22.2,21.5,22.6,22.5,22.3,21.1,18.0,15.9,12.6,8.2,4.8,2.4,-2.1,-3.8,-3.8,-3.8,-4.4,-3.2,-0.2,28.7,33.6,46.5,13.4,0.0,312.1,26.2,14.6,80.7,,,OBAnorm,,LD831_02097v2.403,,,,0,0
DENATRLA,2025-06-23 08:20:58.000,30.0,24.5,27.5,26.7,19.5,15.4,14.9,12.7,11.1,11.4,13.3,14.8,18.1,20.2,20.9,20.4,22.1,23.1,22.4,20.9,18.8,15.9,13.3,13.1,8.3,3.2,-1.8,-3.6,-3.7,-3.8,-4.4,-3.2,-0.2,28.9,34.8,51.2,13.4,0.0,312.0,26.2,14.6,80.7,,,OBAnorm,,LD831_02097v2.403,,,,0,0
DENATRLA,2025-06-23 08:20:59.000,31.2,28.2,28.6,23.8,24.0,19.7,14.1,11.8,9.8,10.5,13.8,17.3,19.1,20.9,20.9,21.6,22.1,22.6,22.6,21.3,19.1,15.8,12.2,8.7,6.6,3.1,-1.1,-3.7,-3.8,-3.6,-4.4,-3.0,-0.2,28.9,34.1,50.6,13.4,0.0,312.1,26.2,14.6,80.7,,,OBAnorm,,LD831_02097v2.403,,,,0,0
DENATRLA,2025-06-23 08:21:00.000,36.7,30.9,28.0,27.6,21.9,18.4,16.7,14.1,13.4,10.4,15.2,17.1,19.3,20.6,21.9,23.2,23.0,22.6,22.3,20.8,19.4,16.3,12.6,8.3,4.9,2.8,-1.1,-3.3,-3.5,-3.5,-4.2,-2.9,-0.1,29.0,36.5,57.4,13.4,0.0,312.0,26.2,14.6,80.7,,,OBAnorm,,LD831_02097v2.403,,,,0,0
DENATRLA,2025-06-23 08:21:01.000,34.0,25.9,29.0,25.8,23.3,18.8,19.6,16.9,13.5,13.2,14.1,18.6,19.2,19.6,21.9,23.1,23.5,21.9,22.3,21.0,19.0,15.9,12.4,8.3,5.2,3.3,-0.1,-2.4,-2.9,-2.7,-3.8,-2.7,-0.1,28.8,37.4,57.1,13.4,0.0,312.0,26.2,14.6,80.7,,,OBAnorm,,LD831_02097v2.403,,,,0,0
DENATRLA,2025-06-23 08:21:02.000,36.1,32.8,29.7,30.2,25.8,20.3,18.2,17.3,14.5,13.3,15.6,18.5,19.2,20.7,22.2,21.5,22.9,22.9,21.9,20.5,19.2,16.3,12.8,9.1,8.6,6.7,-0.8,-3.1,-3.4,-3.5,-4.2,-2.9,-0.1,28.9,36.8,55.3,13.4,0.0,312.1,26.2,14.6,81.3,,,OBAnorm,,LD831_02097v2.403,,,,0,0
DENATRLA,2025-06-23 08:21:03.000,40.5,37.4,29.5,26.3,25.2,24.6,18.5,16.6,15.7,13.2,15.2,18.2,20.0,22.0,22.0,22.0,23.3,23.2,22.8,21.9,20.3,18.2,15.3,12.4,8.3,8.7,3.4,-1.5,-3.2,-3.5,-4.4,-3.1,-0.2,30.0,37.0,53.3,13.4,0.0,312.1,26.2,14.6,81.3,,,OBAnorm,,LD831_02097v2.403,,,,0,0
DENATRLA,2025-06-23 08:21:04.000,37.5,32.4,31.9,28.0,25.4,25.6,20.8,16.8,12.6,12.6,15.6,18.9,20.1,21.3,22.5,22.9,23.8,23.6,23.4,22.5,20.6,18.2,14.2,10.1,6.7,7.1,3.5,-3.0,-3.6,-3.6,-4.3,-2.9,-0.1,30.0,35.7,53.3,13.4,0.0,312.1,26.2,14.6,81.3,,,OBAnorm,,LD831_02097v2.403,,,,0,0
DENATRLA,2025-06-23 08:21:05.000,40.2,33.7,27.2,27.4,23.0,18.5,18.3,16.1,13.2,13.8,14.6,18.4,20.5,21.6,23.3,23.0,22.6,23.2,23.5,21.8,20.1,17.1,13.6,10.0,6.3,4.0,-0.3,-3.5,-3.5,-3.7,-4.3,-3.2,-0.1,29.7,36.6,54.9,13.4,0.0,312.1,26.2,14.6,81.3,,,OBAnorm,,LD831_02097v2.403,,,,0,0
DENATRLA,2025-06-23 08:21:06.000,32.5,33.4,31.6,29.1,24.7,20.8,19.3,18.8,13.7,12.0,16.2,18.4,20.6,21.7,22.3,23.2,23.3,23.8,23.4,22.3,20.3,17.4,13.7,9.8,6.3,4.2,-0.1,-3.5,-3.5,-3.7,-4.3,-3.1,-0.1,29.9,41.2,58.0,13.4,0.0,312.1,26.2,14.6,81.3,,,OBAnorm,,LD831_02097v2.403,,,,0,0
DENATRLA,2025-06-23 08:21:07.000,35.9,33.4,31.4,33.4,30.3,27.1,32.5,31.9,29.5,27.1,21.9,20.7,22.0,22.0,21.8,23.6,23.1,23.5,23.1,21.7,19.8,16.9,13.9,10.5,7.8,5.7,0.5,-3.3,-3.4,-3.6,-4.1,-2.7,0.2,30.0,49.3,69.2,13.4,0.0,325.1,26.2,14.6,81.3,,,OBAnorm,,LD831_02097v2.403,,,,0,0
DENATRLA,2025-06-23 08:21:08.000,36.5,36.3,39.6,42.6,39.8,38.8,36.1,32.8,27.1,22.2,17.7,19.3,21.4,21.6,22.2,23.3,23.4,23.3,22.9,21.8,20.2,17.1,14.6,12.3,12.6,16.1,9.3,1.5,-3.4,-3.5,-4.2,-2.9,0.0,30.3,46.5,69.2,13.4,0.0,327.2,26.2,14.6,80.7,,,OBAnorm,,LD831_02097v2.403,,,,0,0
DENATRLA,2025-06-23 08:21:09.000,49.0,44.8,46.0,41.6,37.5,33.6,31.2,30.0,27.8,22.2,23.4,20.4,24.0,22.8,22.2,23.5,23.8,24.7,23.9,23.2,20.4,18.1,14.5,11.4,8.6,6.2,3.4,-1.9,-2.8,-2.9,-3.8,-2.8,0.1,30.6,47.1,67.6,13.4,0.0,326.3,26.2,14.5,80.1,,,OBAnorm,,LD831_02097v2.403,,,,0,0
DENATRLA,2025-06-23 08:21:10.000,47.6,47.4,45.4,42.0,40.2,37.1,36.0,32.8,28.5,28.7,27.2,21.8,24.7,24.0,22.9,22.7,24.5,23.9,24.3,23.1,20.8,18.2,15.1,11.6,9.0,6.6,2.5,-1.1,-2.1,-2.4,-3.6,-2.8,0.0,31.0,51.4,67.0,13.4,0.3,0.3,26.2,14.4,80.1,,,OBAnorm,,LD831_02097v2.403,,,,0,0
DENATRLA,2025-06-23 08:21:11.000,47.1,47.8,50.3,45.6,40.9,39.5,39.5,37.3,31.7,28.7,27.3,26.7,25.9,24.6,24.0,23.2,24.3,25.3,24.0,22.9,21.7,18.0,15.6,12.4,8.9,7.4,2.8,-1.1,-1.1,-1.7,-3.1,-2.1,0.5,31.6,53.9,71.0,13.4,0.8,0.3,26.2,14.4,80.1,,,OBAnorm,,LD831_02097v2.403,,,,0,0
DENATRLA,2025-06-23 08:21:12.000,50.3,49.0,52.5,49.0,46.1,46.8,43.4,39.4,36.7,35.7,29.0,28.1,26.2,24.8,24.3,25.1,24.2,25.0,24.4,23.5,21.3,19.1,15.5,12.3,10.6,20.1,14.9,0.8,-0.5,-0.9,-2.6,-1.9,0.5,32.5,56.2,73.9,13.4,1.1,0.4,26.2,14.4,80.1,,,OBAnorm,,LD831_02097v2.403,,,,0,0
DENATRLA,2025-06-23 08:21:13.000,55.9,52.9,47.8,46.2,45.9,47.1,47.9,41.9,40.8,35.2,30.4,27.4,24.0,25.9,24.9,25.2,25.5,25.6,24.7,24.0,21.4,18.5,15.4,11.8,9.5,12.2,3.5,0.1,0.7,-0.2,-1.8,-1.4,0.5,32.7,60.6,73.5,13.4,1.5,345.2,26.2,14.4,80.1,,,OBAnorm,,LD831_02097v2.403,,,,0,0
DENATRLA,2025-06-23 08:21:14.000,53.1,57.7,55.0,55.7,52.4,49.1,47.2,45.1,41.0,35.5,31.5,28.6,26.7,27.7,26.0,26.1,26.6,26.2,25.9,24.5,21.8,19.5,16.0,12.9,9.6,7.6,4.3,2.6,2.4,1.3,-0.4,-0.2,1.2,33.4,60.5,76.5,13.4,2.0,346.3,26.2,14.5,80.1,,,OBAnorm,,LD831_02097v2.403,,,,0,0
DENATRLA,2025-06-23 08:21:15.000,58.9,63.2,60.0,55.0,51.8,48.8,46.4,44.8,43.0,40.7,37.2,31.4,29.6,28.5,26.5,27.5,27.2,26.9,26.8,24.7,23.6,21.0,16.9,13.0,9.7,8.0,6.2,3.5,4.4,3.4,0.8,0.4,1.2,35.4,63.6,75.0,13.4,2.2,332.4,26.2,14.6,79.0,,,OBAnorm,,LD831_02097v2.403,,,,0,0
DENATRLA,2025-06-23 08:21:16.000,62.2,59.9,55.6,58.8,52.3,52.6,48.3,50.2,49.7,46.9,42.2,40.9,36.7,32.6,29.9,28.2,27.2,28.0,27.4,25.8,23.9,20.7,17.4,14.0,10.6,9.1,6.9,4.9,5.5,4.1,2.4,1.9,3.2,38.0,67.6,81.0,13.4,2.1,331.9,26.2,14.5,79.5,,,OBAnorm,,LD831_02097v2.403,,,,0,0
DENATRLA,2025-06-23 08:21:17.000,64.4,64.4,63.0,62.4,58.5,54.7,54.2,51.0,49.2,44.5,40.8,37.6,34.0,31.8,28.4,27.2,26.6,28.0,27.1,25.8,23.2,20.6,16.5,12.7,9.7,8.2,6.2,4.0,4.5,3.2,1.4,1.4,2.9,36.1,67.7,83.2,13.4,2.1,0.4,26.3,14.4,80.1,,,OBAnorm,,LD831_02097v2.403,,,,0,0
DENATRLA,2025-06-23 08:21:18.000,65.0,70.3,65.6,61.0,63.9,55.8,53.9,48.8,43.1,41.0,33.5,28.6,27.9,27.0,26.9,26.9,27.7,28.0,27.6,25.6,22.9,20.0,17.2,14.9,11.8,7.6,5.4,3.9,4.3,2.7,1.0,1.1,2.8,35.3,65.8,82.7,13.4,2.2,0.3,26.2,14.3,80.1,,,OBAnorm,,LD831_02097v2.403,,,,0,0
DENATRLA,2025-06-23 08:21:19.000,71.5,70.5,62.0,59.5,59.1,56.1,51.0,48.8,43.2,37.2,34.4,30.6,28.2,27.3,25.8,26.6,26.8,27.0,26.1,24.8,22.0,19.0,15.6,12.0,8.7,7.7,4.6,2.4,3.0,1.5,-0.4,-0.3,1.4,33.9,63.0,77.6,13.4,2.3,0.3,26.2,14.3,79.5,,,OBAnorm,,LD831_02097v2.403,,,,0,0
DENATRLA,2025-06-23 08:21:20.000,63.4,64.7,62.0,60.1,55.6,55.0,47.6,43.5,39.7,34.9,26.5,25.4,25.5,25.0,25.0,26.7,27.0,26.7,26.3,25.1,22.0,19.6,15.5,12.0,8.2,11.4,7.6,1.8,2.5,1.2,-0.8,-0.9,0.8,33.2,56.3,74.3,13.4,2.1,14.5,26.3,14.3,80.1,,,OBAnorm,,LD831_02097v2.403,,,,0,0
DENATRLA,2025-06-23 08:21:21.000,66.8,63.0,61.0,55.7,50.1,45.1,40.5,37.3,29.9,22.4,21.2,21.8,23.1,23.4,25.6,25.9,26.5,27.0,26.7,24.6,22.1,19.5,15.8,11.6,8.4,9.1,4.7,1.6,2.2,0.6,-1.5,-1.2,0.5,32.7,51.6,72.9,13.4,1.9,14.5,26.2,14.3,79.5,,,OBAnorm,,LD831_02097v2.403,,,,0,0
DENATRLA,2025-06-23 08:21:22.000,65.3,62.1,48.8,44.1,43.0,39.1,31.2,27.0,20.6,17.7,17.6,20.9,22.3,23.1,24.9,25.3,26.1,26.5,26.4,24.3,22.4,19.3,16.4,12.7,8.5,6.5,3.5,1.6,2.7,0.5,-1.6,-1.5,0.3,32.4,46.2,68.5,13.4,1.7,14.4,26.2,14.3,78.9,,,OBAnorm,,LD831_02097v2.403,,,,0,0
DENATRLA,2025-06-23 08:21:23.000,55.0,52.5,43.3,35.2,33.1,30.3,28.2,23.5,19.5,18.1,17.7,20.7,22.5,22.5,23.9,25.3,25.6,25.8,25.8,24.6,22.3,19.3,15.7,12.2,8.8,6.8,3.2,1.0,2.2,0.9,-1.9,-1.8,0.2,32.1,42.5,63.6,13.4,1.6,13.3,26.2,14.2,79.5,,,OBAnorm,,LD831_02097v2.403,,,,0,0
DENATRLA,2025-06-23 08:21:24.000,47.0,43.7,42.4,37.8,31.7,28.3,28.9,23.8,20.5,16.6,17.8,19.5,21.6,23.2,24.9,25.4,25.5,25.8,25.5,24.1,22.4,19.5,16.4,13.1,9.2,7.0,3.6,1.2,2.0,0.2,-1.7,-1.6,0.1,32.2,43.8,62.4,13.4,1.4,13.6,26.2,14.2,80.1,,,OBAnorm,,LD831_02097v2.403,,,,0,0
DENATRLA,2025-06-23 08:21:25.000,47.5,42.4,39.0,35.7,32.5,31.8,26.3,21.4,16.5,14.5,17.7,18.7,21.8,23.6,23.6,25.1,26.2,26.4,26.0,24.7,22.5,20.1,16.8,13.3,9.8,7.3,3.9,1.6,1.8,0.5,-1.9,-1.8,0.0,32.3,39.1,56.6,13.4,1.3,13.6,26.2,14.3,79.5,,,OBAnorm,,LD831_02097v2.403,,,,0,0
DENATRLA,2025-06-23 08:21:26.000,44.7,42.9,34.6,32.3,26.4,24.8,20.4,19.9,18.6,17.7,15.4,18.9,21.3,22.6,23.3,25.1,25.3,26.3,25.9,24.9,22.8,20.1,16.6,13.4,10.7,14.5,6.7,-0.5,0.1,-1.3,-3.0,-2.3,0.1,32.4,44.2,64.5,13.4,1.1,13.6,26.3,14.3,78.9,,,OBAnorm,,LD831_02097v2.403,,,,0,0
DENATRLA,2025-06-23 08:21:27.000,45.5,35.8,34.1,38.2,36.9,32.0,31.3,31.5,25.7,15.0,15.7,19.2,21.8,23.1,23.8,23.9,24.1,25.5,25.6,24.7,21.9,19.3,16.2,12.6,8.9,10.7,4.3,-1.2,-1.9,-2.7,-3.7,-2.5,0.1,31.9,51.1,69.5,13.4,0.9,13.6,26.2,14.3,78.9,,,OBAnorm,,LD831_02097v2.403,,,,0,0
DENATRLA,2025-06-23 08:21:28.000,43.0,42.7,41.0,39.4,34.2,29.0,27.1,25.1,19.4,16.7,17.3,18.5,19.9,21.6,22.9,24.2,25.1,25.3,26.0,24.5,21.6,18.8,16.5,13.2,10.9,7.2,2.2,-2.3,-2.5,-3.2,-4.0,-2.9,-0.1,31.8,40.2,64.4,13.4,0.8,9.3,26.2,14.3,78.9,,,OBAnorm,,LD831_02097v2.403,,,,0,0
DENATRLA,2025-06-23 08:21:29.000,44.7,47.4,48.3,42.9,31.1,26.2,21.2,18.2,15.7,13.0,15.9,17.5,21.2,20.7,23.6,23.9,24.9,25.5,25.5,23.8,21.8,19.4,15.5,12.2,10.2,7.3,0.7,-2.6,-2.8,-3.3,-4.2,-3.0,-0.2,31.5,38.8,57.4,13.4,0.7,9.1,26.2,14.3,79.5,,,OBAnorm,,LD831_02097v2.403,,,,0,0
DENATRLA,2025-06-23 08:21:30.000,55.2,48.7,34.0,30.8,30.8,25.1,24.2,19.3,16.7,13.2,13.6,18.1,20.8,21.5,22.8,24.5,25.7,24.6,25.3,23.3,21.5,18.7,16.4,12.3,9.3,7.7,1.5,-2.6,-2.5,-2.9,-4.1,-2.9,-0.1,31.4,36.9,53.6,13.4,0.6,9.3,26.2,14.3,80.6,,,OBAnorm,,LD831_02097v2.403,,,,0,0
DENATRLA,2025-06-23 08:21:31.000,40.3,36.4,30.4,30.3,26.4,21.7,21.3,21.1,18.0,12.0,13.1,18.4,20.3,22.7,23.3,23.5,24.6,25.3,25.0,23.9,21.1,18.9,15.7,12.8,10.8,15.1,6.2,-1.9,-2.7,-2.1,-3.8,-2.9,-0.1,31.4,40.2,57.2,13.4,0.5,19.7,26.3,14.3,80.1,,,OBAnorm,,LD831_02097v2.403,,,,0,0
DENATRLA,2025-06-23 08:21:32.000,36.0,28.4,35.2,29.5,32.1,27.0,22.1,19.0,18.9,15.9,15.9,18.3,21.1,22.2,22.8,24.6,24.4,24.8,25.3,23.6,21.7,18.8,15.5,11.9,8.8,6.9,6.5,-1.0,-2.4,-2.9,-4.0,-2.8,0.0,31.3,43.2,62.5,13.4,0.5,41.3,26.2,14.2,79.5,,,OBAnorm,,LD831_02097v2.403,,,,0,0
DENATRLA,2025-06-23 08:21:33.000,40.3,36.0,36.0,33.9,33.5,29.4,27.2,23.9,21.7,18.8,17.2,18.9,21.0,22.3,22.5,23.4,25.1,24.7,24.3,23.5,21.5,18.4,15.2,11.2,8.8,5.6,1.1,-2.4,-2.8,-3.2,-4.1,-3.0,-0.1,30.9,47.4,64.4,13.4,0.5,46.8,26.3,14.3,79.5,,,OBAnorm,,LD831_02097v2.403,,,,0,0
DENATRLA,2025-06-23 08:21:34.000,43.3,40.4,40.0,38.4,35.7,29.7,25.7,25.6,20.6,17.9,16.9,17.9,20.1,22.4,23.5,22.9,23.6,25.2,24.4,22.9,21.0,17.9,14.8,11.0,7.8,5.1,-0.1,-2.8,-2.9,-2.8,-3.9,-2.9,-0.2,30.7,44.1,60.5,13.4,0.6,133.9,26.2,14.3,79.5,,,OBAnorm,,LD831_02097v2.403,,,,0,0
DENATRLA,2025-06-23 08:21:35.000,50.0,45.7,40.4,36.6,35.2,30.5,28.7,25.6,20.3,17.5,15.9,18.4,20.0,21.5,22.4,23.5,24.0,25.2,23.3,22.0,20.6,17.7,14.4,10.8,7.5,4.8,0.1,-2.4,-2.4,-2.9,-4.0,-2.9,0.0,30.3,42.1,60.2,13.4,0.6,146.2,26.2,14.3,80.1,,,OBAnorm,,LD831_02097v2.403,,,,0,0
DENATRLA,2025-06-23 08:21:36.000,52.3,38.2,38.6,34.3,35.7,29.3,25.5,22.3,21.8,18.7,17.4,18.5,21.2,21.5,22.9,24.4,23.6,24.0,23.8,22.9,19.9,17.2,13.9,10.3,7.4,6.6,0.2,-3.0,-2.3,-2.7,-3.3,-3.0,0.0,30.2,42.7,61.8,13.4,0.6,157.4,26.2,14.3,80.1,,,OBAnorm,,LD831_02097v2.403,,,,0,0
DENATRLA,2025-06-23 08:21:37.000,49.4,44.1,37.3,37.9,33.5,30.2,27.4,24.9,22.9,17.4,14.9,18.6,20.2,21.1,23.3,23.7,23.8,24.4,24.3,22.0,20.3,17.4,14.8,10.5,8.2,5.3,-0.1,-2.5,-2.4,-2.0,-3.7,-2.7,0.0,30.4,38.9,54.5,13.4,0.6,162.4,26.3,14.3,80.1,,,OBAnorm,,LD831_02097v2.403,,,,0,0
DENATRLA,2025-06-23 08:21:38.000,43.0,42.0,38.1,32.6,28.9,25.2,19.9,17.4,14.2,14.7,16.0,18.1,20.6,21.4,22.2,23.2,24.4,24.1,23.7,21.7,20.3,17.3,14.1,10.1,7.1,4.4,-0.3,-2.7,-3.3,-3.4,-4.2,-3.1,-0.1,30.2,38.1,57.0,13.4,0.5,165.0,26.2,14.3,80.1,,,OBAnorm,,LD831_02097v2.403,,,,0,0
DENATRLA,2025-06-23 08:21:39.000,40.2,41.4,33.2,28.4,27.1,25.3,23.5,17.9,14.7,14.8,15.4,17.9,20.8,21.2,22.4,23.2,24.5,24.5,24.3,22.6,20.4,17.6,14.2,10.6,6.9,3.9,-0.6,-3.2,-3.3,-3.2,-4.0,-2.9,0.0,30.5,36.5,55.7,13.4,0.5,167.6,26.2,14.4,80.1,,,OBAnorm,,LD831_02097v2.403,,,,0,0
DENATRLA,2025-06-23 08:21:40.000,40.0,37.2,34.5,28.3,25.2,22.0,17.4,16.3,12.4,13.6,17.3,18.9,20.6,22.0,22.3,23.4,25.0,24.8,24.4,22.7,20.9,18.5,14.9,11.4,7.2,4.9,0.6,-2.6,-3.0,-3.4,-4.2,-3.1,0.0,30.9,36.4,54.8,13.4,0.5,176.9,26.2,14.4,81.2,,,OBAnorm,,LD831_02097v2.403,,,,0,0
DENATRLA,2025-06-23 08:21:41.000,33.7,34.3,32.3,29.0,25.9,20.6,18.4,16.5,11.9,14.6,16.7,18.1,20.4,22.7,23.5,22.9,25.4,25.4,24.5,22.6,21.6,19.0,15.5,11.4,9.2,13.6,6.1,-3.0,-3.4,-3.7,-4.3,-3.0,-0.1,31.2,34.9,48.6,13.4,0.4,177.0,26.2,14.4,80.1,,,OBAnorm,,LD831_02097v2.403,,,,0,0
DENATRLA,2025-06-23 08:21:42.000,29.4,36.3,28.4,22.0,21.9,17.9,18.8,15.4,13.5,12.3,15.3,16.9,20.6,21.9,23.0,23.4,24.9,25.1,24.1,23.2,20.7,17.4,14.5,10.9,7.8,7.7,3.5,-1.2,-3.6,-3.6,-4.3,-3.0,-0.2,30.7,35.4,46.8,13.4,0.4,181.5,26.3,14.4,80.1,,,OBAnorm,,LD831_02097v2.403,,,,0,0
DENATRLA,2025-06-23 08:21:43.000,33.6,27.2,29.0,26.6,22.3,19.6,17.2,16.8,13.0,13.6,14.7,19.1,20.1,21.6,22.7,23.3,24.7,25.1,24.6,22.6,20.1,17.8,14.4,10.8,7.1,4.2,0.3,-3.4,-3.5,-3.6,-4.3,-3.0,0.0,30.7,34.7,48.3,13.4,0.4,185.1,26.3,14.4,81.2,,,OBAnorm,,LD831_02097v2.403,,,,0,0
DENATRLA,2025-06-23 08:21:44.000,27.9,31.9,25.4,27.5,22.5,19.2,17.8,14.2,12.4,12.3,15.5,18.6,19.1,22.5,23.5,24.3,24.4,25.2,24.7,22.8,20.6,18.0,15.0,10.9,7.3,5.7,0.8,-2.8,-2.9,-2.8,-4.0,-2.8,-0.1,31.1,39.7,59.6,13.4,0.4,187.3,26.2,14.4,80.1,,,OBAnorm,,LD831_02097v2.403,,,,0,0
DENATRLA,2025-06-23 08:21:45.000,36.1,31.2,28.5,31.9,30.3,25.7,23.1,19.0,15.2,14.0,13.9,17.2,20.0,21.6,22.5,23.6,24.0,25.0,24.2,23.1,20.1,17.7,14.2,10.8,6.9,4.6,0.5,-2.7,-2.9,-3.1,-4.1,-2.8,-0.1,30.6,41.0,58.9,13.4,0.3,179.7,26.3,14.4,80.1,,,OBAnorm,,LD831_02097v2.403,,,,0,0
DENATRLA,2025-06-23 08:21:46.000,28.4,30.0,33.6,35.3,33.1,27.3,24.3,21.8,17.7,16.4,15.4,19.0,20.5,21.6,22.5,23.4,23.5,24.9,24.8,23.2,20.6,17.8,14.5,10.6,6.9,4.2,-0.5,-3.0,-3.1,-3.2,-4.2,-2.8,-0.2,30.7,44.0,62.3,13.4,0.3,189.1,26.2,14.4,81.2,,,OBAnorm,,LD831_02097v2.403,,,,0,0
DENATRLA,2025-06-23 08:21:47.000,44.5,36.4,41.4,37.4,35.5,31.9,32.4,26.2,21.0,17.7,15.9,18.1,20.3,21.2,23.5,24.2,24.4,25.0,25.0,23.0,20.9,18.1,14.5,11.5,8.2,4.8,0.9,-2.4,-3.0,-2.8,-3.8,-2.7,0.0,31.0,50.2,69.2,13.4,0.3,203.1,26.2,14.4,81.2,,,OBAnorm,,LD831_02097v2.403,,,,0,0
DENATRLA,2025-06-23 08:21:48.000,38.0,43.2,43.3,42.7,38.7,36.5,37.1,32.8,30.4,29.4,21.4,20.0,20.9,21.6,22.3,23.0,25.0,25.8,25.0,22.9,20.9,18.2,15.0,11.1,7.5,5.3,1.3,-2.7,-3.2,-3.2,-4.0,-2.6,0.0,31.2,50.4,69.9,13.4,0.3,232.7,26.2,14.4,80.1,,,OBAnorm,,LD831_02097v2.403,,,,0,0
DENATRLA,2025-06-23 08:21:49.000,41.2,50.6,45.0,45.6,42.0,37.8,34.1,30.3,24.1,20.1,16.6,17.8,20.1,22.3,23.2,23.4,23.6,24.8,24.4,22.7,20.7,18.0,14.7,11.4,7.5,5.4,1.0,-2.9,-3.4,-3.2,-4.1,-2.9,-0.2,30.7,43.3,61.0,13.4,0.3,266.4,26.2,14.4,80.1,,,OBAnorm,,LD831_02097v2.403,,,,0,0
DENATRLA,2025-06-23 08:21:50.000,48.0,50.6,46.7,38.9,32.5,31.4,23.2,23.0,16.7,20.8,19.9,17.2,22.6,23.6,22.5,22.7,24.9,24.6,24.5,22.6,20.8,18.3,15.4,11.3,8.3,5.5,1.5,-2.2,-2.5,-2.8,-4.2,-2.9,0.0,30.8,44.7,61.2,13.4,0.4,251.2,26.3,14.4,80.1,,,OBAnorm,,LD831_02097v2.403,,,,0,0
DENATRLA,2025-06-23 08:21:51.000,49.9,46.9,37.8,37.7,32.2,30.2,25.4,20.8,16.6,19.2,18.6,17.0,20.9,22.0,22.4,23.4,24.4,24.4,24.2,23.4,21.1,18.2,14.9,11.0,8.0,6.4,2.9,-1.8,-3.0,-3.7,-4.4,-3.1,0.0,30.8,43.5,62.5,13.4,0.5,247.3,26.3,14.4,80.1,,,OBAnorm,,LD831_02097v2.403,,,,0,0
DENATRLA,2025-06-23 08:21:52.000,44.1,44.3,42.6,39.7,33.8,29.7,21.6,17.9,14.8,10.0,14.7,16.7,20.4,22.0,23.6,23.9,23.8,24.9,24.3,22.7,20.7,18.5,15.1,11.8,8.5,6.9,4.6,-2.0,-2.9,-3.6,-4.4,-3.1,-0.1,30.7,34.9,49.6,13.4,0.5,243.6,26.3,14.4,79.5,,,OBAnorm,,LD831_02097v2.403,,,,0,0
DENATRLA,2025-06-23 08:21:53.000,49.8,47.0,38.2,28.5,23.8,19.7,19.7,15.6,12.4,11.4,15.5,18.3,20.7,21.2,22.4,22.7,23.5,24.3,23.9,23.3,21.3,18.3,15.1,11.3,7.8,6.1,2.9,-2.2,-3.0,-3.8,-4.4,-3.2,-0.2,30.8,34.8,48.6,13.4,0.5,243.6,26.2,14.4,79.5,,,OBAnorm,,LD831_02097v2.403,,,,0,0
DENATRLA,2025-06-23 08:21:54.000,44.3,32.4,29.4,24.1,25.2,18.2,18.2,15.0,13.5,11.0,13.5,16.7,20.4,21.7,22.0,24.0,23.8,25.3,24.4,22.9,21.0,18.8,15.7,12.0,8.5,6.0,1.1,-2.7,-3.3,-3.8,-4.4,-3.1,-0.1,31.0,37.1,55.9,13.4,0.5,243.3,26.3,14.4,80.7,,,OBAnorm,,LD831_02097v2.403,,,,0,0
DENATRLA,2025-06-23 08:21:55.000,31.2,32.6,27.3,24.0,26.5,22.1,17.8,14.5,11.1,13.8,13.5,16.9,19.4,21.2,23.4,24.1,24.9,25.2,24.2,22.4,20.9,18.7,15.6,12.2,9.0,8.0,2.4,-2.5,-3.3,-3.8,-4.4,-3.1,0.0,30.9,35.9,52.4,13.4,0.4,239.9,26.2,14.4,80.7,,,OBAnorm,,LD831_02097v2.403,,,,0,0
DENATRLA,2025-06-23 08:21:56.000,34.7,32.0,29.9,27.0,23.6,19.8,18.1,14.1,12.0,11.2,13.5,17.9,20.3,21.5,23.7,23.9,24.1,25.2,24.8,23.3,21.4,18.0,15.0,11.3,9.5,14.7,7.1,-3.0,-3.6,-3.8,-4.4,-3.3,-0.2,31.2,36.7,50.5,13.4,0.3,237.7,26.3,14.4,78.4,,,OBAnorm,,LD831_02097v2.403,,,,0,0
DENATRLA,2025-06-23 08:21:57.000,39.3,31.1,32.1,28.9,25.0,23.3,19.0,15.2,13.9,12.8,16.0,18.0,19.1,21.6,23.8,24.2,23.9,24.7,24.2,23.0,21.4,18.4,15.6,11.4,7.8,5.4,1.1,-2.9,-3.4,-3.9,-4.4,-3.1,-0.2,30.9,36.6,53.7,13.4,0.3,228.2,26.2,14.4,77.8,,,OBAnorm,,LD831_02097v2.403,,,,0,0
DENATRLA,2025-06-23 08:21:58.000,33.4,33.9,32.9,32.0,26.0,21.2,19.7,14.8,11.4,11.8,15.9,17.6,19.4,21.7,23.3,22.9,24.4,24.5,24.0,23.2,20.7,18.5,15.3,11.2,8.2,5.9,2.0,-2.9,-3.5,-3.9,-4.4,-3.1,0.0,30.8,35.4,51.9,13.4,0.3,237.4,26.2,14.4,80.1,,,OBAnorm,,LD831_02097v2.403,,,,0,0
DENATRLA,2025-06-23 08:21:59.000,31.4,37.9,31.0,27.8,20.3,20.7,18.1,16.3,13.0,12.6,15.3,19.0,21.0,21.0,23.4,22.8,24.2,24.8,23.7,22.5,21.0,18.6,15.3,11.2,7.9,5.2,0.7,-3.0,-3.4,-3.7,-4.4,-3.1,-0.2,30.6,35.3,51.3,13.4,0.3,237.4,26.3,14.4,80.7,,,OBAnorm,,LD831_02097v2.403,,,,0,0
DENATRLA,2025-06-23 08:22:00.000,31.1,32.0,31.7,26.0,23.7,16.4,18.5,15.0,13.6,11.3,15.0,18.7,20.4,22.2,23.7,23.9,25.2,24.3,24.1,23.2,20.9,18.8,14.8,11.4,8.4,5.8,1.1,-2.8,-3.5,-3.8,-4.3,-3.2,-0.2,31.0,35.3,48.0,13.4,0.3,237.6,26.2,14.4,80.7,,,OBAnorm,,LD831_02097v2.403,,,,0,0
DENATRLA,2025-06-23 08:22:01.000,30.7,32.2,29.6,26.8,24.2,19.0,16.6,15.5,11.5,12.2,14.5,18.6,21.5,22.4,22.9,24.7,25.1,25.1,24.7,23.5,21.6,18.7,15.6,11.8,9.4,7.0,1.8,-2.3,-3.3,-3.8,-4.3,-3.2,-0.1,31.3,35.2,46.5,13.4,0.3,237.7,26.3,14.4,80.7,,,OBAnorm,,LD831_02097v2.403,,,,0,0
DENATRLA,2025-06-23 08:22:02.000,32.0,29.2,28.6,25.1,22.1,19.3,16.4,17.0,11.4,13.2,14.1,19.2,20.6,22.2,22.7,23.7,25.5,25.3,24.9,24.1,21.9,19.1,16.3,13.0,9.6,6.9,1.3,-2.7,-3.4,-3.8,-4.4,-3.2,-0.1,31.6,35.3,47.6,13.4,0.3,233.1,26.3,14.4,80.7,,,OBAnorm,,LD831_02097v2.403,,,,0,0
DENATRLA,2025-06-23 08:22:03.000,26.7,31.4,27.1,25.5,22.0,17.2,16.7,14.1,11.8,11.8,17.2,19.8,21.4,22.5,24.1,24.6,25.0,26.2,25.2,23.9,22.9,20.1,17.9,14.2,11.1,8.2,2.5,-2.2,-3.2,-3.9,-4.4,-3.2,-0.1,32.2,36.0,52.9,13.4,0.3,225.4,26.3,14.4,80.7,,,OBAnorm,,LD831_02097v2.403,,,,0,0
DENATRLA,2025-06-23 08:22:04.000,30.2,30.8,28.7,24.8,23.9,21.0,17.0,15.7,13.7,12.2,15.4,19.1,20.0,22.2,23.7,24.4,25.7,26.1,26.0,25.3,23.3,20.6,18.3,14.5,11.4,8.2,2.9,-1.7,-3.5,-3.6,-4.4,-3.1,-0.1,32.6,36.1,46.7,13.4,0.3,225.4,26.3,14.4,80.1,,,OBAnorm,,LD831_02097v2.403,,,,0,0
DENATRLA,2025-06-23 08:22:05.000,32.3,34.3,28.2,28.1,22.7,19.3,18.6,16.8,14.6,12.1,16.2,19.6,21.5,22.7,25.0,25.7,25.4,26.6,26.3,25.2,23.5,20.9,18.5,14.3,11.7,8.6,2.5,-2.0,-3.4,-3.8,-4.4,-3.2,-0.2,33.0,36.3,47.2,13.4,0.1,225.4,26.3,14.4,80.1,,,OBAnorm,,LD831_02097v2.403,,,,0,0
DENATRLA,2025-06-23 08:22:06.000,31.8,30.5,30.8,24.9,22.4,23.5,19.5,13.6,14.5,14.5,15.9,18.9,21.6,22.6,23.9,25.1,26.3,26.9,26.3,24.6,23.1,20.1,17.2,13.6,10.1,7.4,1.7,-2.8,-3.6,-3.9,-4.3,-3.2,-0.1,32.7,36.3,45.8,13.4,0.0,225.4,26.2,14.4,80.1,,,OBAnorm,,LD831_02097v2.403,,,,0,0
DENATRLA,2025-06-23 08:22:07.000,28.8,29.8,25.2,26.7,24.7,22.5,17.3,14.4,13.6,13.2,15.6,18.7,20.4,22.2,24.0,25.4,27.1,27.7,26.8,25.5,23.2,20.8,17.1,13.6,10.1,7.3,1.4,-2.9,-3.6,-3.8,-4.3,-3.2,-0.1,33.2,36.3,48.1,13.4,0.0,225.4,26.2,14.4,80.1,,,OBAnorm,,LD831_02097v2.403,,,,0,0
DENATRLA,2025-06-23 08:22:08.000,35.5,27.7,30.8,22.1,20.7,18.0,17.8,16.2,12.6,12.0,14.2,18.8,21.0,24.2,23.9,25.3,25.9,26.2,26.4,25.3,23.6,20.6,17.7,14.0,10.7,7.1,1.9,-2.6,-3.4,-3.5,-4.3,-3.1,-0.1,32.9,35.9,45.1,13.4,0.0,225.4,26.3,14.4,80.1,,,OBAnorm,,LD831_02097v2.403,,,,0,0
DENATRLA,2025-06-23 08:22:09.000,28.8,32.3,28.4,20.7,22.7,21.0,19.0,16.2,12.4,12.8,15.9,19.3,19.1,22.9,22.8,23.7,25.3,25.9,25.7,24.9,22.6,20.2,16.6,13.5,9.7,7.1,1.7,-2.9,-3.6,-3.7,-4.4,-3.1,-0.1,32.2,35.3,42.3,13.4,0.0,225.4,26.2,14.4,80.7,,,OBAnorm,,LD831_02097v2.403,,,,0,0
DENATRLA,2025-06-23 08:22:10.000,31.9,29.1,24.4,26.0,22.4,20.0,17.5,16.7,13.8,9.7,16.0,17.7,21.7,23.2,23.3,24.5,25.9,26.2,25.3,24.1,22.6,19.8,16.4,12.6,9.1,6.2,2.2,-1.6,-3.7,-3.9,-4.4,-3.2,0.0,32.0,35.6,43.9,13.4,0.0,225.4,26.3,14.4,80.7,,,OBAnorm,,LD831_02097v2.403,,,,0,0
DENATRLA,2025-06-23 08:22:11.000,30.3,27.6,26.2,23.2,22.4,19.5,19.3,15.2,13.1,12.3,16.6,18.4,20.5,23.8,24.1,24.4,25.5,25.5,25.6,25.1,23.0,19.5,16.2,14.0,10.2,7.6,2.5,-2.9,-3.5,-3.8,-4.3,-3.2,-0.2,32.2,36.1,45.8,13.4,0.0,225.4,26.2,14.4,80.7,,,OBAnorm,,LD831_02097v2.403,,,,0,0
DENATRLA,2025-06-23 08:22:12.000,31.6,31.2,29.1,25.0,23.2,20.1,18.6,16.1,13.5,12.6,16.5,18.3,20.5,24.1,24.6,23.7,25.1,26.1,26.1,25.0,22.9,19.7,16.6,12.7,9.4,5.8,1.5,-2.8,-3.2,-3.3,-4.3,-2.9,0.0,32.4,36.9,52.9,13.4,0.0,225.4,26.3,14.4,80.7,,,OBAnorm,,LD831_02097v2.403,,,,0,0
DENATRLA,2025-06-23 08:22:13.000,31.2,31.3,29.8,28.6,23.8,19.8,20.5,16.7,14.8,14.0,17.1,19.6,20.6,22.8,24.9,24.8,25.3,26.5,26.5,25.5,23.2,20.2,17.9,13.1,9.7,6.7,3.5,-1.8,-3.3,-3.6,-4.3,-3.1,-0.1,32.8,38.1,54.4,13.4,0.0,225.4,26.3,14.4,80.7,,,OBAnorm,,LD831_02097v2.403,,,,0,0
DENATRLA,2025-06-23 08:22:14.000,30.8,31.9,33.8,26.8,21.7,23.4,20.5,15.4,12.7,14.5,16.0,20.3,20.6,22.8,25.7,25.4,26.7,26.5,26.2,25.3,24.1,20.8,17.7,14.0,10.7,8.0,2.9,-2.1,-3.1,-3.5,-4.3,-3.1,0.0,33.0,38.8,56.2,13.4,0.0,225.2,26.3,14.4,79.0,,,OBAnorm,,LD831_02097v2.403,,,,0,0
DENATRLA,2025-06-23 08:22:15.000,39.0,32.2,34.2,28.2,23.8,25.9,22.0,17.3,14.1,14.3,16.7,20.0,22.1,23.6,24.4,26.3,26.1,26.9,27.2,25.4,23.3,20.9,18.2,14.6,10.4,7.6,1.8,-2.4,-3.4,-3.6,-4.3,-3.1,-0.1,33.1,42.3,59.8,13.4,0.0,221.2,26.2,14.4,79.0,,,OBAnorm,,LD831_02097v2.403,,,,0,0
DENATRLA,2025-06-23 08:22:16.000,39.9,33.9,32.4,30.2,33.6,30.0,33.0,28.6,23.4,17.6,17.8,19.1,21.6,23.2,24.1,25.2,25.8,25.8,26.3,25.3,23.5,20.4,17.3,13.9,10.6,7.7,3.5,-1.3,-3.2,-3.6,-4.4,-3.0,0.0,32.6,42.3,59.5,13.4,0.0,218.0,26.2,14.4,80.7,,,OBAnorm,,LD831_02097v2.403,,,,0,0
DENATRLA,2025-06-23 08:22:17.000,40.2,39.9,38.3,34.5,37.2,30.1,28.3,20.8,15.3,11.3,16.4,19.9,19.6,22.5,24.1,24.8,25.6,26.3,26.6,25.0,23.4,20.2,17.7,14.0,10.6,9.9,3.2,-2.0,-3.2,-3.3,-4.1,-3.1,0.0,32.7,37.0,50.8,13.4,0.0,218.1,26.3,14.4,80.7,,,OBAnorm,,LD831_02097v2.403,,,,0,0
DENATRLA,2025-06-23 08:22:18.000,45.1,43.1,36.3,29.7,25.4,21.3,19.6,17.7,13.3,14.3,17.7,20.6,20.6,23.4,23.7,24.7,25.1,26.0,25.5,24.1,23.0,20.6,17.4,13.8,12.0,19.1,10.8,-2.3,-3.1,-3.0,-4.1,-3.0,-0.1,32.5,37.0,55.7,13.4,0.1,220.8,26.3,14.4,79.0,,,OBAnorm,,LD831_02097v2.403,,,,0,0
DENATRLA,2025-06-23 08:22:19.000,39.0,31.0,31.0,24.8,21.9,19.8,20.8,15.5,14.4,14.0,16.5,20.1,21.4,21.8,23.8,24.7,26.2,25.6,25.9,23.8,22.5,19.7,16.3,13.0,11.3,10.2,5.4,1.0,-2.8,-3.4,-4.2,-3.0,0.0,32.0,41.5,60.2,13.4,0.2,220.6,26.3,14.4,79.0,,,OBAnorm,,LD831_02097v2.403,,,,0,0
DENATRLA,2025-06-23 08:22:20.000,35.4,32.4,30.2,34.8,29.2,25.2,22.9,18.6,16.2,15.3,16.2,19.2,20.0,22.4,23.9,24.8,25.3,25.9,25.2,23.8,22.4,19.4,16.5,12.8,9.3,6.0,1.1,-2.5,-3.4,-3.5,-4.2,-3.1,-0.1,31.7,41.1,59.9,13.4,0.2,268.1,26.2,14.4,80.7,,,OBAnorm,,LD831_02097v2.403,,,,0,0
DENATRLA,2025-06-23 08:22:21.000,34.2,37.4,40.0,36.4,29.9,26.6,22.7,20.4,16.6,14.3,18.9,18.3,21.5,21.8,22.5,24.5,24.7,24.6,24.6,23.9,21.8,19.2,15.9,12.0,8.1,5.6,1.1,-2.0,-3.5,-3.4,-4.1,-3.0,0.0,31.3,43.9,61.9,13.4,0.3,289.8,26.3,14.4,79.5,,,OBAnorm,,LD831_02097v2.403,,,,0,0
DENATRLA,2025-06-23 08:22:22.000,35.0,40.3,39.0,37.3,32.4,29.3,22.3,18.7,14.9,13.8,15.7,19.1,20.7,21.4,23.4,23.7,23.8,24.8,23.6,23.1,21.8,19.2,15.4,11.9,8.3,6.0,0.6,-2.9,-3.4,-3.6,-4.3,-3.0,-0.2,30.9,41.8,60.3,13.4,0.3,304.2,26.2,14.4,79.5,,,OBAnorm,,LD831_02097v2.403,,,,0,0
DENATRLA,2025-06-23 08:22:23.000,48.2,40.0,35.4,34.2,28.9,24.6,22.0,19.5,14.7,14.7,14.9,18.6,20.5,22.8,22.8,24.1,24.5,24.0,23.9,23.4,21.2,18.7,15.5,11.7,8.1,5.8,1.3,-3.0,-3.1,-3.3,-4.1,-2.8,0.0,30.9,44.8,64.5,13.4,0.5,318.9,26.3,14.5,79.5,,,OBAnorm,,LD831_02097v2.403,,,,0,0
DENATRLA,2025-06-23 08:22:24.000,47.7,40.0,38.9,33.5,35.3,28.1,33.2,31.7,25.5,22.9,18.7,19.3,21.3,22.0,22.1,23.1,23.7,24.3,24.6,22.9,21.3,19.0,15.8,12.3,8.6,5.8,1.0,-2.6,-3.0,-3.2,-4.1,-3.0,0.0,30.9,51.3,68.1,13.4,0.6,345.8,26.2,14.3,79.5,,,OBAnorm,,LD831_02097v2.403,,,,0,0
DENATRLA,2025-06-23 08:22:25.000,46.2,43.6,48.2,44.3,45.2,38.5,33.9,31.4,29.2,20.7,18.2,19.5,20.3,22.4,22.4,22.9,24.0,24.5,24.2,22.7,21.8,18.8,15.6,12.0,8.5,5.5,1.8,-2.1,-3.5,-3.4,-4.2,-2.9,0.0,30.8,48.5,66.5,13.4,0.5,0.4,26.2,14.2,80.6,,,OBAnorm,,LD831_02097v2.403,,,,0,0
DENATRLA,2025-06-23 08:22:26.000,50.7,43.2,44.5,38.3,38.3,35.3,32.9,30.2,25.7,24.5,24.5,20.7,19.1,21.8,22.2,23.1,23.6,24.3,24.1,23.2,20.9,18.0,15.5,12.1,8.1,5.3,1.2,-2.7,-3.5,-3.4,-4.0,-2.8,0.1,30.7,48.0,67.0,13.4,0.6,15.4,26.3,14.2,80.1,,,OBAnorm,,LD831_02097v2.403,,,,0,0
DENATRLA,2025-06-23 08:22:27.000,51.4,49.6,46.3,43.1,39.8,36.5,34.7,32.7,28.8,24.0,19.4,17.5,20.5,20.6,22.7,23.1,24.5,24.6,23.9,23.2,21.1,18.7,15.5,12.5,8.7,5.1,2.2,-2.4,-3.1,-3.4,-4.1,-3.0,0.0,30.8,48.1,69.3,13.4,0.8,13.4,26.3,14.3,80.1,,,OBAnorm,,LD831_02097v2.403,,,,0,0
DENATRLA,2025-06-23 08:22:28.000,49.4,47.3,42.9,44.6,38.4,36.7,32.1,27.6,22.4,19.8,17.5,18.0,20.1,21.8,22.3,22.9,23.4,25.3,24.8,23.5,21.3,18.8,15.2,11.7,10.7,7.4,0.7,-1.3,-3.1,-3.7,-4.3,-3.0,0.1,31.1,47.0,65.8,13.4,0.9,13.2,26.3,14.3,80.6,,,OBAnorm,,LD831_02097v2.403,,,,0,0
DENATRLA,2025-06-23 08:22:29.000,47.6,48.4,41.7,41.5,37.2,33.6,30.4,25.0,27.0,21.4,16.7,18.1,18.9,21.0,22.7,23.7,24.6,25.3,25.2,23.7,21.5,18.5,14.9,11.6,7.9,5.2,-0.5,-3.5,-3.7,-3.6,-4.2,-3.0,-0.1,31.2,44.3,62.7,13.4,0.9,13.2,26.3,14.2,80.6,,,OBAnorm,,LD831_02097v2.403,,,,0,0
DENATRLA,2025-06-23 08:22:30.000,52.0,49.3,39.9,41.2,36.5,30.6,27.2,20.7,17.0,13.4,15.0,16.0,19.6,21.6,22.6,23.6,23.5,25.2,24.9,23.9,21.4,18.7,15.2,11.9,8.2,5.1,1.3,-2.6,-3.5,-3.6,-4.2,-2.9,-0.2,31.3,38.8,58.1,13.4,0.9,18.6,26.3,14.2,80.6,,,OBAnorm,,LD831_02097v2.403,,,,0,0
DENATRLA,2025-06-23 08:22:31.000,42.2,43.3,40.4,33.7,31.6,24.7,19.4,18.1,14.0,12.0,14.9,16.4,20.5,21.4,22.7,24.7,24.9,25.7,24.7,24.4,21.9,18.8,15.8,11.6,7.9,5.2,1.8,-1.7,-3.3,-3.7,-4.2,-3.1,0.0,31.6,38.0,59.1,13.4,0.9,8.5,26.3,14.2,80.1,,,OBAnorm,,LD831_02097v2.403,,,,0,0
DENATRLA,2025-06-23 08:22:32.000,44.7,39.7,34.0,31.1,24.9,25.0,20.7,15.1,13.2,11.2,16.0,18.5,20.7,21.8,22.6,23.9,25.3,25.7,24.9,23.1,22.0,18.9,15.4,11.4,7.7,4.8,-0.1,-3.1,-3.7,-3.7,-4.4,-3.1,-0.1,31.4,39.9,56.0,13.4,0.8,7.6,26.3,14.2,80.1,,,OBAnorm,,LD831_02097v2.403,,,,0,0
DENATRLA,2025-06-23 08:22:33.000,37.2,34.5,33.3,32.8,26.0,23.7,19.6,17.7,12.4,13.0,16.1,17.6,21.3,21.7,23.5,23.7,24.9,25.8,25.2,24.2,21.2,18.7,15.8,11.4,7.2,4.8,-0.2,-3.7,-3.8,-3.9,-4.4,-3.2,-0.1,31.6,37.0,52.0,13.4,0.7,7.4,26.3,14.2,80.1,,,OBAnorm,,LD831_02097v2.403,,,,0,0
DENATRLA,2025-06-23 08:22:34.000,38.8,36.3,33.5,28.8,22.6,22.5,17.5,16.2,14.5,11.0,14.9,18.8,20.2,22.0,22.4,24.4,24.9,24.8,24.7,24.2,21.1,18.3,15.1,11.4,9.0,20.3,13.5,0.1,-3.5,-3.8,-4.4,-3.2,-0.2,31.7,39.4,55.5,13.4,0.6,7.6,26.3,14.2,80.1,,,OBAnorm,,LD831_02097v2.403,,,,0,0
DENATRLA,2025-06-23 08:22:35.000,40.5,39.4,33.0,32.6,25.8,27.1,26.4,24.7,20.6,16.7,17.1,19.4,21.1,23.8,23.7,23.9,23.8,25.4,24.7,23.6,21.5,18.5,15.2,11.2,9.8,18.4,12.1,0.8,-3.8,-3.9,-4.4,-3.2,-0.2,31.5,43.9,59.4,13.4,0.5,7.4,26.2,14.2,79.5,,,OBAnorm,,LD831_02097v2.403,,,,0,0
DENATRLA,2025-06-23 08:22:36.000,39.9,32.9,36.9,35.0,30.9,27.9,22.9,18.2,14.8,14.7,16.8,20.3,21.1,22.2,23.8,24.1,24.2,25.0,24.6,23.6,22.1,18.7,15.7,12.6,8.8,5.5,1.1,-3.0,-3.6,-3.7,-4.2,-3.1,-0.1,31.4,46.3,65.9,13.4,0.5,7.6,26.3,14.2,79.5,,,OBAnorm,,LD831_02097v2.403,,,,0,0
DENATRLA,2025-06-23 08:22:37.000,44.5,46.3,32.4,31.4,35.3,30.3,29.2,26.6,23.3,21.1,17.6,20.4,21.8,23.4,23.8,24.0,25.1,26.1,25.3,23.7,22.6,19.8,16.4,12.2,8.2,5.6,2.2,-2.8,-3.0,-3.4,-4.2,-2.9,-0.1,32.0,47.9,65.6,13.4,0.5,12.9,26.3,14.2,80.1,,,OBAnorm,,LD831_02097v2.403,,,,0,0
DENATRLA,2025-06-23 08:22:38.000,42.4,44.6,42.3,40.9,35.0,32.2,29.6,25.8,20.7,16.7,17.7,19.9,21.4,22.7,25.4,24.7,25.1,25.5,25.1,24.7,22.5,20.2,16.9,12.7,8.9,5.9,1.0,-2.1,-2.8,-3.3,-4.2,-2.9,-0.1,32.1,44.6,62.3,13.4,0.6,24.8,26.3,14.2,80.1,,,OBAnorm,,LD831_02097v2.403,,,,0,0
DENATRLA,2025-06-23 08:22:39.000,48.8,50.2,42.2,35.6,33.5,27.7,29.5,25.0,21.3,17.0,19.4,18.2,22.7,23.5,24.7,24.7,25.1,26.0,25.8,23.9,22.8,20.2,17.2,14.0,10.6,6.6,1.7,-1.8,-2.8,-3.2,-4.0,-2.8,0.0,32.2,46.1,65.7,13.4,0.7,27.9,26.3,14.2,80.1,,,OBAnorm,,LD831_02097v2.403,,,,0,0
DENATRLA,2025-06-23 08:22:40.000,51.0,46.3,40.4,38.5,33.7,28.9,26.5,24.3,25.6,17.2,17.9,21.5,22.9,23.2,24.4,24.4,25.2,25.8,25.4,23.8,22.0,19.2,16.3,12.0,8.8,5.1,0.5,-2.5,-2.7,-2.7,-4.0,-2.9,0.0,31.8,46.5,66.7,13.4,0.9,28.2,26.3,14.2,79.5,,,OBAnorm,,LD831_02097v2.403,,,,0,0
DENATRLA,2025-06-23 08:22:41.000,46.7,43.1,40.6,38.1,33.7,32.1,27.6,26.0,23.5,19.0,20.5,20.4,22.5,23.6,24.4,25.3,24.8,25.9,25.6,23.6,22.0,19.1,16.5,12.4,8.8,5.6,0.8,-2.4,-2.8,-3.1,-4.1,-2.9,0.0,31.8,46.0,63.1,13.4,1.2,28.4,26.3,14.2,79.5,,,OBAnorm,,LD831_02097v2.403,,,,0,0
DENATRLA,2025-06-23 08:22:42.000,50.0,44.6,39.6,38.9,35.0,33.3,27.6,24.1,18.6,18.1,18.0,21.5,22.3,23.3,23.1,25.0,25.0,25.4,25.2,24.1,22.0,19.2,16.1,12.4,8.2,5.8,2.5,-1.0,-2.1,-2.5,-3.7,-2.8,0.1,31.8,43.9,65.6,13.4,1.4,39.4,26.3,14.2,79.5,,,OBAnorm,,LD831_02097v2.403,,,,0,0
DENATRLA,2025-06-23 08:22:43.000,44.7,44.6,41.1,38.6,36.8,30.9,27.9,25.6,23.5,21.4,20.1,21.4,23.5,23.4,23.7,24.8,25.4,25.8,25.5,24.2,22.6,19.1,15.5,12.1,9.3,7.2,6.6,-1.4,-2.4,-2.6,-3.8,-2.8,0.1,32.1,45.1,64.9,13.4,1.6,39.5,26.3,14.2,79.5,,,OBAnorm,,LD831_02097v2.403,,,,0,0
DENATRLA,2025-06-23 08:22:44.000,47.5,42.7,41.0,38.4,35.4,34.4,31.2,29.2,27.5,23.5,21.1,23.2,22.2,24.0,24.3,24.6,25.2,25.8,25.4,24.1,21.8,19.3,15.7,11.9,8.5,6.1,1.9,-1.2,-2.0,-2.3,-3.6,-2.5,0.1,31.9,48.2,69.9,13.4,1.8,39.8,26.3,14.2,80.1,,,OBAnorm,,LD831_02097v2.403,,,,0,0
DENATRLA,2025-06-23 08:22:45.000,49.0,40.9,45.3,39.7,38.6,33.6,37.3,37.6,32.4,31.7,27.7,24.6,25.5,24.6,23.3,24.5,25.2,25.6,24.5,23.7,22.0,19.5,15.1,12.0,8.3,6.3,3.0,0.2,-0.4,-1.1,-2.9,-2.1,0.4,32.1,54.2,71.5,13.4,1.9,36.0,26.3,14.2,80.1,,,OBAnorm,,LD831_02097v2.403,,,,0,0
DENATRLA,2025-06-23 08:22:46.000,49.2,45.5,48.6,46.3,44.4,43.9,42.7,41.5,39.9,33.7,28.5,26.6,25.6,24.8,24.8,24.3,25.0,25.6,25.5,24.8,22.7,20.0,16.2,14.0,11.3,8.2,4.4,0.6,-0.4,-1.4,-2.7,-1.7,0.4,32.6,55.5,68.5,13.4,1.8,0.3,26.3,14.2,79.5,,,OBAnorm,,LD831_02097v2.403,,,,0,0
DENATRLA,2025-06-23 08:22:47.000,54.6,53.4,54.8,51.7,48.9,45.3,41.1,39.3,38.5,32.2,28.2,25.7,26.8,24.3,24.1,24.9,26.0,25.7,26.0,25.5,23.8,20.7,17.5,13.9,10.9,12.8,6.1,1.3,0.0,-0.9,-2.8,-2.1,0.4,33.2,57.0,72.8,13.4,1.7,340.2,26.3,14.3,79.5,,,OBAnorm,,LD831_02097v2.403,,,,0,0
DENATRLA,2025-06-23 08:22:48.000,58.4,56.9,50.2,50.9,48.1,45.1,40.7,37.7,34.2,29.8,25.5,23.3,25.4,23.1,24.5,24.5,25.5,25.7,25.9,25.0,23.2,20.9,17.6,15.5,12.3,21.1,15.7,4.2,-0.6,-1.2,-2.9,-2.3,0.3,33.3,56.3,72.1,13.4,1.6,331.3,26.3,14.4,80.1,,,OBAnorm,,LD831_02097v2.403,,,,0,0
DENATRLA,2025-06-23 08:22:49.000,57.3,59.0,53.9,50.7,48.5,47.7,41.7,38.4,32.2,27.7,24.1,22.7,24.9,24.5,23.1,24.2,25.0,26.7,26.2,24.9,23.5,20.7,16.7,12.7,9.1,6.6,3.0,-0.1,-0.2,-1.0,-2.9,-2.4,0.2,32.7,53.6,72.3,13.4,1.4,330.6,26.3,14.4,80.7,,,OBAnorm,,LD831_02097v2.403,,,,0,0
DENATRLA,2025-06-23 08:22:50.000,54.0,53.8,53.9,50.5,47.1,42.0,35.8,32.8,29.9,24.4,22.7,24.2,23.3,23.5,23.9,25.3,25.2,26.5,25.9,25.6,23.3,20.7,17.3,12.8,9.0,6.7,3.2,-0.3,-1.0,-2.0,-3.5,-2.4,0.2,32.7,52.9,69.3,13.4,1.3,332.5,26.3,14.4,80.7,,,OBAnorm,,LD831_02097v2.403,,,,0,0
DENATRLA,2025-06-23 08:22:51.000,62.3,49.3,48.6,46.7,44.2,42.4,38.6,35.8,31.5,26.9,22.1,23.8,22.9,22.5,24.6,25.0,25.3,26.1,26.1,24.7,22.9,20.3,16.8,13.3,9.8,6.8,2.8,0.0,-0.3,-1.4,-3.0,-2.2,0.4,32.5,53.3,73.0,13.4,1.3,331.3,26.3,14.4,80.7,,,OBAnorm,,LD831_02097v2.403,,,,0,0
DENATRLA,2025-06-23 08:22:52.000,50.2,53.9,50.6,48.3,43.4,42.9,39.9,36.7,33.9,31.8,25.8,22.1,24.6,23.5,24.2,25.2,25.4,26.4,26.0,24.8,23.1,20.1,16.8,13.0,9.4,6.6,2.7,-0.2,-0.3,-1.3,-2.9,-2.1,0.2,32.6,54.0,69.7,13.4,1.2,332.9,26.3,14.4,80.7,,,OBAnorm,,LD831_02097v2.403,,,,0,0
DENATRLA,2025-06-23 08:22:53.000,55.0,51.3,51.2,50.3,47.1,44.6,39.7,37.3,33.9,25.2,22.5,21.7,22.9,23.2,23.9,25.3,25.6,25.9,25.5,24.9,22.2,20.3,16.1,12.6,8.4,6.1,3.2,-0.2,-0.6,-1.8,-3.1,-2.2,0.2,32.3,53.5,68.7,13.4,1.0,319.7,26.3,14.4,80.1,,,OBAnorm,,LD831_02097v2.403,,,,0,0
DENATRLA,2025-06-23 08:22:54.000,55.4,55.5,53.4,48.8,43.8,37.7,37.7,33.4,29.5,26.9,23.1,23.9,22.6,23.8,24.0,24.6,25.6,26.0,25.7,24.5,22.8,19.9,17.4,13.5,11.8,7.1,2.7,-0.6,-0.7,-1.6,-2.9,-1.6,0.9,32.5,56.6,74.9,13.4,0.8,333.0,26.3,14.4,80.1,,,OBAnorm,,LD831_02097v2.403,,,,0,0
DENATRLA,2025-06-23 08:22:55.000,54.6,52.9,49.6,50.5,46.6,43.7,41.0,40.4,33.3,33.7,27.5,24.9,25.8,24.9,25.7,24.3,27.1,25.9,26.4,25.5,23.5,20.9,17.7,14.1,10.5,7.8,3.7,-0.6,0.1,-1.6,-3.1,-1.9,0.5,33.3,56.5,72.5,13.4,0.7,333.0,26.3,14.4,80.1,,,OBAnorm,,LD831_02097v2.403,,,,0,0
DENATRLA,2025-06-23 08:22:56.000,57.0,53.2,50.8,49.7,50.4,46.6,43.1,37.3,35.3,26.4,21.9,21.6,22.1,24.1,23.4,25.3,26.3,26.6,26.5,25.2,23.1,20.7,17.5,14.0,10.3,8.4,2.7,-1.3,-1.6,-2.7,-4.0,-2.9,0.1,32.9,50.9,64.6,13.4,0.7,333.1,26.3,14.4,80.1,,,OBAnorm,,LD831_02097v2.403,,,,0,0
DENATRLA,2025-06-23 08:22:57.000,58.1,58.7,50.8,44.2,42.2,40.4,34.7,32.7,23.7,19.4,19.4,20.4,22.0,23.2,24.4,25.9,25.5,26.7,25.9,24.9,23.7,20.7,17.4,13.5,9.3,7.1,3.1,-1.3,-1.8,-3.3,-4.0,-2.9,-0.1,32.7,45.8,62.4,13.4,0.5,333.0,26.3,14.4,80.7,,,OBAnorm,,LD831_02097v2.403,,,,0,0
DENATRLA,2025-06-23 08:22:58.000,60.5,55.5,47.3,43.4,37.4,31.9,31.8,27.3,24.6,17.6,18.8,20.5,22.4,24.0,24.5,25.7,26.0,25.7,26.0,25.2,23.1,20.5,17.1,12.4,8.2,5.7,1.9,-2.2,-2.7,-3.4,-4.2,-2.8,0.1,32.6,50.7,68.8,13.4,0.3,319.7,26.3,14.4,78.4,,,OBAnorm,,LD831_02097v2.403,,,,0,0
DENATRLA,2025-06-23 08:22:59.000,53.0,49.8,43.5,42.4,42.1,39.9,34.3,31.1,27.3,23.5,21.5,20.7,21.9,23.3,24.1,24.7,25.2,26.2,25.6,24.5,23.1,20.3,16.8,12.4,8.5,5.6,1.8,-2.2,-2.9,-3.4,-4.2,-2.9,0.0,32.3,48.1,63.8,13.4,0.3,319.7,26.3,14.4,76.7,,,OBAnorm,,LD831_02097v2.403,,,,0,0
DENATRLA,2025-06-23 08:23:00.000,49.4,50.5,44.2,43.5,42.0,39.8,32.5,29.6,24.3,20.8,17.9,21.5,21.9,24.0,24.4,24.9,25.7,25.8,25.6,25.3,23.2,20.1,17.0,13.7,10.8,5.8,1.7,-1.8,-3.1,-3.5,-4.2,-3.0,0.0,32.5,49.4,67.9,13.4,0.3,319.7,26.3,14.4,76.7,,,OBAnorm,,LD831_02097v2.403,,,,0,0
DENATRLA,2025-06-23 08:23:01.000,54.6,47.1,47.5,45.3,39.6,33.6,30.3,28.9,24.6,20.9,16.7,19.1,20.5,23.5,24.3,24.5,25.3,25.8,25.5,24.7,22.5,19.6,16.0,11.9,8.3,7.0,3.5,-1.6,-2.8,-3.4,-4.1,-2.8,0.2,32.0,48.3,67.3,13.4,0.3,319.6,26.3,14.5,76.7,,,OBAnorm,,LD831_02097v2.403,,,,0,0
DENATRLA,2025-06-23 08:23:02.000,50.3,50.2,45.9,40.0,38.4,33.7,32.0,30.0,24.3,20.4,17.7,20.7,21.8,23.0,23.8,24.0,25.2,25.9,25.3,24.4,22.2,19.5,16.3,12.4,10.0,21.2,17.3,-1.2,-3.0,-3.5,-4.2,-3.0,-0.1,32.6,43.8,61.2,13.4,0.3,319.7,26.3,14.5,76.7,,,OBAnorm,,LD831_02097v2.403,,,,0,0
DENATRLA,2025-06-23 08:23:03.000,51.0,46.8,42.0,38.4,32.9,30.1,26.6,23.6,19.3,14.2,16.4,19.1,21.5,22.6,24.4,24.7,25.2,24.6,25.8,25.1,22.9,20.5,16.3,12.8,11.0,15.9,11.2,5.8,-3.0,-3.6,-4.4,-3.2,-0.2,32.2,38.9,60.9,13.4,0.3,319.7,26.3,14.5,76.7,,,OBAnorm,,LD831_02097v2.403,,,,0,0
DENATRLA,2025-06-23 08:23:04.000,46.6,46.1,36.4,29.8,29.2,22.5,17.3,16.4,13.5,12.0,15.3,19.4,21.5,23.5,23.6,24.8,25.0,25.4,24.8,24.2,22.7,19.9,16.6,12.7,8.6,5.7,1.3,-2.8,-2.5,-3.4,-4.4,-3.1,-0.2,31.9,38.2,56.5,13.4,0.3,319.7,26.3,14.4,76.7,,,OBAnorm,,LD831_02097v2.403,,,,0,0
DENATRLA,2025-06-23 08:23:05.000,46.9,37.0,30.7,29.6,27.3,23.7,23.2,19.4,14.2,14.1,16.7,19.7,20.8,22.5,23.4,25.0,25.0,25.8,25.6,24.8,22.9,19.9,16.3,12.6,8.5,5.6,0.8,-2.9,-3.2,-3.8,-4.3,-3.0,0.0,32.1,39.8,60.6,13.4,0.3,319.7,26.3,14.4,76.7,,,OBAnorm,,LD831_02097v2.403,,,,0,0
DENATRLA,2025-06-23 08:23:06.000,39.0,35.4,30.3,29.4,27.2,24.3,21.2,19.3,16.3,13.0,17.6,20.0,20.6,22.2,24.2,24.3,25.3,25.7,25.6,24.4,22.7,20.3,16.6,12.5,8.5,6.1,2.6,-2.1,-3.3,-3.7,-4.3,-3.1,-0.1,32.1,41.1,62.9,13.4,0.3,319.7,26.3,14.5,76.7,,,OBAnorm,,LD831_02097v2.403,,,,0,0
DENATRLA,2025-06-23 08:23:07.000,41.4,37.5,35.9,29.4,30.0,23.4,22.7,16.5,13.2,14.6,17.2,17.6,21.9,21.0,22.8,23.8,24.8,25.9,26.3,25.4,23.3,20.2,17.1,13.6,10.7,7.1,1.9,-2.7,-3.0,-3.7,-4.1,-2.9,-0.1,32.6,37.9,58.9,13.4,0.2,319.7,26.3,14.5,76.7,,,OBAnorm,,LD831_02097v2.403,,,,0,0
DENATRLA,2025-06-23 08:23:08.000,42.7,36.2,33.1,31.2,26.6,21.8,18.6,15.3,13.6,14.9,17.1,19.1,21.1,23.4,24.1,25.5,25.3,26.2,25.8,25.6,23.5,20.8,17.6,13.8,9.8,6.7,1.4,-2.3,-3.4,-3.2,-4.2,-2.7,0.0,32.8,38.0,54.4,13.4,0.0,319.7,26.3,14.5,76.7,,,OBAnorm,,LD831_02097v2.403,,,,0,0
DENATRLA,2025-06-23 08:23:09.000,39.1,35.9,29.8,25.9,24.6,20.9,19.7,15.4,15.0,14.9,17.0,19.9,22.4,22.3,23.7,25.3,25.9,26.3,26.0,26.0,24.3,21.2,18.1,14.9,11.8,7.1,2.2,-1.9,-2.6,-2.9,-4.0,-2.7,0.1,33.1,36.9,52.2,13.4,0.0,319.7,26.3,14.5,76.7,,,OBAnorm,,LD831_02097v2.403,,,,0,0
DENATRLA,2025-06-23 08:23:10.000,33.8,31.8,31.5,26.5,24.1,22.3,19.6,16.5,15.0,16.0,19.8,19.5,21.4,23.0,24.3,24.6,25.9,26.4,26.3,24.7,23.9,20.5,17.7,14.0,10.1,6.8,1.6,-2.2,-2.9,-3.3,-4.2,-3.0,0.0,32.7,36.7,50.8,13.4,0.0,319.7,26.3,14.5,76.7,,,OBAnorm,,LD831_02097v2.403,,,,0,0
DENATRLA,2025-06-23 08:23:11.000,39.2,37.2,29.2,26.0,24.1,22.5,18.6,16.2,15.8,15.1,15.7,21.6,22.4,22.9,24.5,25.5,26.1,26.3,26.4,24.8,23.7,20.7,18.0,13.5,10.3,7.2,2.3,-2.1,-2.6,-3.2,-4.0,-2.9,-0.1,32.8,36.3,45.3,13.4,0.0,319.7,26.3,14.5,76.7,,,OBAnorm,,LD831_02097v2.403,,,,0,0
DENATRLA,2025-06-23 08:23:12.000,33.4,33.2,28.7,28.1,23.7,19.6,16.5,15.8,14.1,14.6,18.1,20.1,21.9,22.5,24.9,25.5,26.5,26.8,26.2,25.6,23.3,21.2,18.1,14.3,10.6,7.0,2.4,-1.5,-2.4,-3.1,-4.1,-3.0,-0.1,33.1,36.6,49.3,13.4,0.0,319.7,26.3,14.5,76.7,,,OBAnorm,,LD831_02097v2.403,,,,0,0
DENATRLA,2025-06-23 08:23:13.000,27.9,28.7,27.2,27.7,21.1,21.7,18.7,16.9,15.1,15.0,16.9,20.6,23.6,23.9,25.6,26.1,26.5,26.4,26.5,25.4,23.7,21.0,17.6,13.7,9.9,6.9,2.9,-1.3,-2.6,-2.9,-3.9,-2.7,0.0,33.1,38.7,55.9,13.4,0.0,319.7,26.3,14.5,76.7,,,OBAnorm,,LD831_02097v2.403,,,,0,0
DENATRLA,2025-06-23 08:23:14.000,34.1,31.2,28.8,26.7,24.7,22.4,20.9,19.0,16.1,15.2,17.6,19.8,22.5,24.1,25.1,25.1,26.5,27.6,27.1,25.9,23.9,21.4,17.5,13.7,9.8,7.0,3.2,-1.2,-2.5,-2.9,-4.0,-2.8,-0.2,33.4,42.8,62.0,13.4,0.0,319.4,26.3,14.5,76.7,,,OBAnorm,,LD831_02097v2.403,,,,0,0
DENATRLA,2025-06-23 08:23:15.000,37.0,35.0,31.8,34.6,32.7,31.9,29.8,25.0,21.6,19.5,19.3,20.4,22.9,24.1,24.7,26.0,26.9,27.3,26.2,25.3,23.6,20.9,17.4,13.8,9.7,6.4,1.6,-1.7,-2.3,-2.7,-4.0,-2.9,-0.1,33.1,43.2,63.4,13.4,0.0,322.2,26.3,14.5,77.8,,,OBAnorm,,LD831_02097v2.403,,,,0,0
DENATRLA,2025-06-23 08:23:16.000,39.6,39.1,39.3,38.7,32.7,28.4,25.2,24.2,19.0,16.4,18.6,20.8,23.0,22.7,24.5,26.2,26.3,26.7,26.5,26.0,24.4,21.5,18.0,13.7,10.5,10.9,5.3,-1.6,-2.1,-2.7,-3.9,-2.7,0.1,33.5,47.8,65.2,13.4,0.0,289.7,26.3,14.5,80.1,,,OBAnorm,,LD831_02097v2.403,,,,0,0
DENATRLA,2025-06-23 08:23:17.000,45.2,43.0,39.7,35.9,35.8,32.0,29.6,26.1,20.1,17.0,19.8,21.6,23.9,24.9,25.7,26.1,26.5,26.8,26.8,26.5,24.7,21.8,18.3,14.6,12.3,21.8,15.2,0.1,-1.8,-2.8,-3.8,-2.8,0.1,34.0,44.3,66.1,13.4,0.5,255.3,26.3,14.4,81.2,,,OBAnorm,,LD831_02097v2.403,,,,0,0
DENATRLA,2025-06-23 08:23:18.000,43.8,47.8,43.3,32.7,36.5,33.0,27.8,26.2,20.0,19.4,18.8,21.8,22.7,24.5,25.7,25.0,27.0,27.5,27.3,26.1,24.5,22.0,18.5,15.1,11.9,9.2,5.7,-0.2,-1.9,-2.6,-4.1,-2.9,-0.1,33.8,44.4,65.9,13.4,1.0,255.1,26.3,14.4,80.7,,,OBAnorm,,LD831_02097v2.403,,,,0,0
DENATRLA,2025-06-23 08:23:19.000,50.2,43.8,41.8,37.6,35.4,30.8,25.8,18.1,17.7,13.5,20.1,21.6,23.3,24.6,24.8,26.4,26.5,28.4,27.3,26.4,24.6,21.9,18.6,14.6,11.0,7.9,2.7,-1.5,-2.6,-3.1,-4.0,-3.1,0.0,33.9,40.3,56.6,13.4,0.9,255.1,26.3,14.4,79.5,,,OBAnorm,,LD831_02097v2.403,,,,0,0
DENATRLA,2025-06-23 08:23:20.000,44.9,44.3,40.9,30.7,29.4,26.8,21.5,17.3,16.2,15.2,18.5,21.4,23.0,24.0,25.2,26.9,26.6,27.3,27.6,26.6,25.1,22.7,18.4,14.8,11.2,7.0,1.9,-1.9,-2.1,-2.5,-4.0,-2.8,-0.1,34.1,40.0,59.3,13.4,0.9,244.8,26.3,14.4,79.5,,,OBAnorm,,LD831_02097v2.403,,,,0,0
DENATRLA,2025-06-23 08:23:21.000,45.7,41.9,33.4,33.3,24.0,24.6,19.1,18.6,15.2,15.4,19.9,22.4,22.6,23.5,24.8,25.7,26.2,28.0,27.3,26.9,24.9,22.1,18.6,14.5,11.4,7.5,2.6,-1.6,-1.9,-2.5,-3.9,-2.8,-0.2,34.0,40.2,57.3,13.4,0.8,255.1,26.3,14.4,80.1,,,OBAnorm,,LD831_02097v2.403,,,,0,0
DENATRLA,2025-06-23 08:23:22.000,40.6,39.2,32.6,32.3,28.7,26.6,22.6,22.3,16.8,16.4,19.2,20.7,23.8,23.5,24.2,25.2,27.1,26.7,26.8,26.0,23.8,21.1,18.1,13.9,10.4,7.1,2.6,-1.2,-2.1,-2.7,-3.9,-2.8,-0.1,33.3,45.0,64.7,13.4,0.7,255.0,26.3,14.4,80.1,,,OBAnorm,,LD831_02097v2.403,,,,0,0
DENATRLA,2025-06-23 08:23:23.000,40.8,36.2,40.5,35.2,30.6,29.5,28.0,31.2,27.4,24.0,19.8,19.8,22.2,23.8,24.5,25.4,26.6,26.7,26.6,25.4,23.5,20.6,17.2,13.3,9.7,8.2,3.2,0.4,-1.9,-2.6,-3.5,-2.5,0.1,33.0,50.0,68.9,13.4,0.6,261.1,26.3,14.4,80.1,,,OBAnorm,,LD831_02097v2.403,,,,0,0
DENATRLA,2025-06-23 08:23:24.000,41.3,44.2,44.9,43.3,40.8,38.7,32.4,31.4,30.2,24.4,19.8,21.3,22.6,23.6,24.3,25.6,26.6,26.8,26.2,25.0,23.5,20.5,17.3,13.3,9.8,11.2,7.2,-1.2,-2.1,-2.9,-3.9,-2.7,0.0,32.9,47.6,67.9,13.4,0.5,321.9,26.3,14.4,80.1,,,OBAnorm,,LD831_02097v2.403,,,,0,0
DENATRLA,2025-06-23 08:23:25.000,50.9,46.7,48.8,39.7,41.4,37.6,31.2,26.1,23.3,25.8,20.8,21.1,22.5,23.7,25.1,25.4,25.7,27.5,26.7,25.2,23.7,20.9,17.6,14.0,10.7,8.6,3.5,0.2,-1.8,-2.7,-4.0,-2.7,0.1,33.2,51.1,67.3,13.4,0.6,321.9,26.3,14.4,79.0,,,OBAnorm,,LD831_02097v2.403,,,,0,0
DENATRLA,2025-06-23 08:23:26.000,52.9,47.1,46.5,45.0,40.8,40.4,39.0,35.1,33.3,27.2,21.3,20.6,22.7,23.3,23.9,25.3,25.9,26.8,26.7,25.1,22.9,20.0,16.9,14.5,10.6,8.1,3.4,-1.1,-1.8,-2.7,-3.9,-2.8,0.1,32.8,51.3,67.7,13.4,0.6,321.9,26.3,14.5,79.5,,,OBAnorm,,LD831_02097v2.403,,,,0,0
DENATRLA,2025-06-23 08:23:27.000,51.0,49.1,50.7,45.2,41.0,35.5,27.6,22.5,16.5,17.4,18.2,19.9,21.9,23.9,24.6,25.0,25.9,26.9,26.0,25.0,23.4,20.9,17.8,14.1,10.7,8.1,4.0,-0.1,-1.5,-3.0,-4.0,-2.9,0.1,32.8,49.2,66.0,13.4,0.5,321.9,26.3,14.4,79.5,,,OBAnorm,,LD831_02097v2.403,,,,0,0
DENATRLA,2025-06-23 08:23:28.000,56.6,55.8,45.0,34.7,40.2,39.9,36.8,33.0,28.5,24.1,20.9,22.0,21.9,22.1,23.2,24.6,26.3,26.2,25.6,24.7,22.7,20.6,17.1,13.7,10.1,8.7,6.2,1.6,-1.1,-2.9,-3.9,-2.7,0.2,32.5,54.3,71.1,13.4,0.6,309.2,26.3,14.4,79.5,,,OBAnorm,,LD831_02097v2.403,,,,0,0
DENATRLA,2025-06-23 08:23:29.000,52.2,49.7,55.4,47.8,44.7,43.5,34.0,30.1,26.3,19.5,18.2,19.8,22.8,23.7,25.0,25.2,25.8,26.3,26.2,24.8,22.8,20.2,17.6,13.9,10.8,8.2,5.5,0.9,-1.3,-2.6,-3.2,-2.0,0.8,32.7,56.6,74.6,13.4,0.7,299.5,26.3,14.4,79.5,,,OBAnorm,,LD831_02097v2.403,,,,0,0
DENATRLA,2025-06-23 08:23:30.000,54.4,53.1,48.6,47.1,41.2,44.4,41.2,36.6,32.0,28.4,21.0,20.6,22.4,22.5,24.4,25.8,26.5,26.9,25.8,24.7,23.3,21.0,17.4,13.3,10.5,8.0,3.9,-0.3,-1.9,-3.2,-4.0,-2.9,0.1,32.7,47.2,69.9,13.4,0.8,299.5,26.3,14.4,79.5,,,OBAnorm,,LD831_02097v2.403,,,,0,0
DENATRLA,2025-06-23 08:23:31.000,54.7,55.9,51.6,46.9,41.7,34.5,20.7,21.4,17.8,14.9,16.3,19.6,22.6,23.2,24.4,25.3,26.6,26.7,25.9,25.8,23.6,20.4,17.0,13.5,10.4,10.1,5.2,-1.3,-2.2,-3.2,-4.2,-3.1,-0.1,33.0,40.0,60.6,13.4,0.7,299.6,26.3,14.4,80.1,,,OBAnorm,,LD831_02097v2.403,,,,0,0
DENATRLA,2025-06-23 08:23:32.000,60.6,53.9,31.7,30.6,27.6,26.0,21.6,19.6,14.7,12.3,16.1,18.3,21.3,23.3,24.2,25.4,25.9,26.0,26.4,24.9,23.1,20.9,17.3,13.7,10.6,7.8,3.5,-0.7,-2.2,-3.2,-4.3,-3.2,-0.2,32.6,37.9,58.1,13.4,0.7,300.0,26.3,14.4,79.5,,,OBAnorm,,LD831_02097v2.403,,,,0,0
DENATRLA,2025-06-23 08:23:33.000,40.4,35.7,33.0,30.4,23.1,23.3,20.1,14.9,14.7,13.2,17.2,19.6,22.3,23.0,24.6,25.5,26.1,25.4,26.0,24.8,23.2,20.2,17.5,14.4,12.1,17.7,9.2,0.9,-1.4,-2.9,-4.1,-3.1,-0.1,32.8,37.5,50.7,13.4,0.6,300.0,26.3,14.4,79.0,,,OBAnorm,,LD831_02097v2.403,,,,0,0
DENATRLA,2025-06-23 08:23:34.000,34.3,36.6,31.3,28.3,27.3,20.3,19.8,18.2,14.0,12.0,15.0,18.9,22.7,23.7,23.3,25.1,25.8,25.8,26.0,24.2,22.8,20.5,16.8,13.3,13.2,22.0,17.0,4.1,-2.2,-2.9,-4.3,-3.0,-0.2,32.9,36.6,54.8,13.4,0.6,300.0,26.3,14.4,79.0,,,OBAnorm,,LD831_02097v2.403,,,,0,0
DENATRLA,2025-06-23 08:23:35.000,39.5,33.5,28.4,27.7,25.9,21.7,20.6,17.2,13.9,10.7,14.7,19.1,22.3,22.8,23.3,24.3,26.0,25.8,25.4,24.2,22.3,19.7,16.8,13.4,10.1,7.4,5.9,0.7,-2.1,-2.9,-4.2,-3.2,-0.1,32.1,35.7,44.7,13.4,0.6,321.3,26.3,14.4,79.5,,,OBAnorm,,LD831_02097v2.403,,,,0,0
DENATRLA,2025-06-23 08:23:36.000,35.8,31.9,27.9,26.1,22.3,20.9,19.6,17.7,14.7,13.9,16.5,16.8,22.6,24.2,24.3,25.4,25.7,25.8,25.7,24.3,21.9,20.1,17.3,13.7,10.7,8.4,4.0,0.5,-1.9,-2.3,-4.3,-3.0,0.0,32.2,41.7,62.7,13.4,0.6,321.5,26.3,14.4,80.1,,,OBAnorm,,LD831_02097v2.403,,,,0,0
DENATRLA,2025-06-23 08:23:37.000,31.0,24.8,29.6,26.5,30.1,24.4,28.7,23.0,23.0,16.2,16.1,19.3,20.6,23.3,24.2,26.0,25.7,26.0,25.6,23.9,22.4,19.9,16.7,12.5,9.5,7.1,3.1,-1.8,-3.0,-3.4,-4.2,-3.2,-0.2,32.0,44.0,63.5,13.4,0.6,321.6,26.3,14.4,80.1,,,OBAnorm,,LD831_02097v2.403,,,,0,0
DENATRLA,2025-06-23 08:23:38.000,37.3,41.4,38.2,37.3,31.2,34.1,23.6,16.1,12.1,12.8,15.6,19.4,20.9,22.5,23.2,24.8,25.3,24.9,24.1,23.5,22.0,19.3,15.7,14.6,10.1,9.5,3.5,-0.8,-2.9,-3.6,-4.4,-3.1,-0.1,31.5,36.0,52.1,13.4,0.6,321.7,26.3,14.4,80.1,,,OBAnorm,,LD831_02097v2.403,,,,0,0
DENATRLA,2025-06-23 08:23:39.000,45.9,43.5,30.2,29.7,22.3,18.9,19.7,16.0,11.6,12.6,17.5,20.1,21.0,22.7,23.5,24.8,25.2,25.9,24.6,23.6,21.9,19.7,16.5,13.7,10.9,8.8,4.5,0.3,-2.1,-2.9,-4.1,-3.1,-0.1,31.7,35.4,47.0,13.4,0.6,321.7,26.3,14.4,80.1,,,OBAnorm,,LD831_02097v2.403,,,,0,0
DENATRLA,2025-06-23 08:23:40.000,37.6,35.5,26.0,27.4,21.7,21.0,18.6,16.3,12.6,14.2,16.3,21.4,22.5,23.4,23.1,25.4,25.2,25.9,25.2,23.4,21.5,19.5,16.2,12.3,8.5,6.6,3.5,-1.8,-3.2,-3.6,-4.2,-3.1,-0.1,31.7,35.8,51.7,13.4,0.6,321.7,26.3,14.4,80.1,,,OBAnorm,,LD831_02097v2.403,,,,0,0
DENATRLA,2025-06-23 08:23:41.000,33.5,30.2,26.9,23.5,23.5,21.3,19.1,17.5,15.3,14.2,15.5,19.9,20.2,22.2,24.2,24.2,24.7,25.3,25.1,23.8,21.2,19.1,15.7,13.3,9.2,6.3,3.1,-1.0,-2.7,-3.3,-4.2,-3.0,-0.2,31.3,35.7,49.4,13.4,0.6,321.7,26.3,14.4,80.1,,,OBAnorm,,LD831_02097v2.403,,,,0,0
DENATRLA,2025-06-23 08:23:42.000,29.6,28.3,29.4,23.5,22.6,20.0,19.1,15.9,13.4,11.7,15.6,19.7,21.1,23.3,23.7,24.5,24.0,24.6,24.2,23.0,21.2,18.9,15.4,12.3,8.5,6.2,3.4,-0.9,-2.7,-3.5,-4.4,-3.2,-0.1,31.1,35.7,52.7,13.4,0.6,321.7,26.3,14.4,80.1,,,OBAnorm,,LD831_02097v2.403,,,,0,0
DENATRLA,2025-06-23 08:23:43.000,33.4,28.5,32.6,28.2,23.7,18.6,19.7,15.1,11.8,12.4,17.0,19.8,21.4,23.3,23.6,25.0,24.1,24.6,24.6,23.5,21.4,18.4,16.3,12.0,8.9,5.7,1.6,-2.4,-3.0,-3.4,-4.2,-3.0,-0.2,31.2,34.8,41.4,13.4,0.3,321.7,26.3,14.4,79.5,,,OBAnorm,,LD831_02097v2.403,,,,0,0
DENATRLA,2025-06-23 08:23:44.000,34.9,30.8,28.8,24.3,23.0,19.4,18.2,15.6,15.3,11.6,16.2,19.7,22.0,23.3,23.8,24.6,24.8,25.7,25.7,24.3,22.2,19.3,16.8,13.0,9.1,6.2,2.9,-1.3,-2.3,-2.8,-3.9,-2.9,-0.1,31.9,35.3,41.9,13.4,0.0,321.7,26.3,14.4,79.5,,,OBAnorm,,LD831_02097v2.403,,,,0,0
DENATRLA,2025-06-23 08:23:45.000,31.7,28.7,17.9,24.7,24.3,20.8,18.6,15.8,14.1,12.4,15.1,19.9,21.8,23.4,24.2,23.9,25.2,25.3,25.4,24.6,22.2,19.2,15.8,12.2,8.9,6.0,1.8,-2.6,-3.1,-3.3,-4.3,-3.1,-0.3,31.8,35.3,41.7,13.4,0.0,321.7,26.3,14.4,79.5,,,OBAnorm,,LD831_02097v2.403,,,,0,0
DENATRLA,2025-06-23 08:23:46.000,28.0,25.1,28.6,22.6,24.1,22.0,22.0,16.9,15.0,15.3,17.0,19.6,21.0,22.7,23.4,23.2,24.2,25.5,24.6,23.3,21.6,18.6,15.5,11.8,8.5,5.5,0.8,-2.9,-3.0,-3.4,-4.2,-3.1,0.0,31.2,34.8,39.7,13.4,0.0,321.8,26.3,14.4,79.5,,,OBAnorm,,LD831_02097v2.403,,,,0,0
DENATRLA,2025-06-23 08:23:47.000,28.0,26.0,26.9,23.3,21.8,23.3,20.8,17.6,13.1,14.2,14.2,19.9,22.0,22.9,23.1,24.1,24.3,25.2,24.6,23.1,21.5,18.3,15.2,11.5,9.6,7.0,0.9,-2.6,-2.8,-3.5,-4.1,-3.0,-0.1,31.2,35.1,39.7,13.4,0.0,321.5,26.3,14.4,79.5,,,OBAnorm,,LD831_02097v2.403,,,,0,0
DENATRLA,2025-06-23 08:23:48.000,27.7,28.3,23.2,25.2,22.2,22.3,17.9,17.7,13.3,13.3,15.2,18.6,22.4,23.3,23.7,24.1,24.8,24.4,23.5,22.9,21.9,19.1,15.6,12.9,11.7,16.5,11.4,-1.9,-2.8,-3.2,-4.1,-3.0,-0.2,31.2,34.7,40.1,13.4,0.0,321.7,26.3,14.4,79.5,,,OBAnorm,,LD831_02097v2.403,,,,0,0
DENATRLA,2025-06-23 08:23:49.000,26.8,26.5,29.5,22.5,25.5,18.9,18.2,15.4,13.5,13.1,15.7,19.0,21.2,21.5,22.1,23.9,23.8,23.9,22.8,23.2,20.8,18.8,15.3,11.9,10.9,14.5,9.9,2.5,-2.7,-3.3,-4.2,-3.2,-0.2,30.6,34.3,38.9,13.4,0.0,321.8,26.3,14.4,79.5,,,OBAnorm,,LD831_02097v2.403,,,,0,0
DENATRLA,2025-06-23 08:23:50.000,31.5,30.0,23.4,26.5,24.4,21.1,19.2,16.7,14.0,11.8,14.0,18.9,19.7,22.0,22.8,23.4,24.5,23.7,22.9,22.0,21.1,18.4,15.1,11.2,7.7,5.0,0.2,-2.6,-3.0,-3.5,-4.3,-3.1,-0.1,30.4,34.2,40.0,13.4,0.0,321.7,26.3,14.4,80.1,,,OBAnorm,,LD831_02097v2.403,,,,0,0
DENATRLA,2025-06-23 08:23:51.000,27.4,27.7,28.1,24.6,23.4,20.8,17.5,14.8,13.2,11.7,14.6,18.9,20.2,22.1,22.9,23.2,24.1,24.4,24.2,22.7,21.4,18.2,15.1,11.8,9.8,5.9,2.0,-1.6,-3.4,-3.6,-4.3,-3.0,-0.2,30.6,34.5,40.0,13.4,0.0,321.7,26.3,14.4,79.5,,,OBAnorm,,LD831_02097v2.403,,,,0,0
DENATRLA,2025-06-23 08:23:52.000,24.9,24.3,25.6,28.5,21.9,20.5,18.8,14.8,11.4,12.6,15.4,16.2,18.9,21.6,22.8,23.8,24.5,24.7,23.5,23.0,21.0,18.2,14.7,11.1,7.7,4.7,0.8,-3.0,-3.2,-3.4,-4.4,-3.1,-0.1,30.7,34.1,41.8,13.4,0.0,321.5,26.3,14.4,80.1,,,OBAnorm,,LD831_02097v2.403,,,,0,0
DENATRLA,2025-06-23 08:23:53.000,29.0,30.3,26.4,24.7,22.6,21.7,16.3,14.9,13.4,13.8,13.7,19.2,20.9,21.2,23.0,24.0,24.3,24.6,23.8,22.8,20.9,18.4,15.0,11.6,8.5,5.3,1.0,-2.5,-3.2,-3.5,-4.3,-3.1,-0.2,30.7,34.6,41.6,13.4,0.0,321.7,26.3,14.4,80.1,,,OBAnorm,,LD831_02097v2.403,,,,0,0
DENATRLA,2025-06-23 08:23:54.000,27.4,28.2,27.3,22.5,24.4,20.9,18.0,15.5,9.5,11.6,16.3,18.4,19.8,20.9,22.2,23.1,24.1,24.1,23.7,22.1,20.6,17.7,15.0,14.3,10.9,10.4,4.1,-3.1,-3.1,-3.4,-4.4,-3.1,-0.2,30.4,34.0,40.2,13.4,0.0,321.7,26.3,14.4,80.1,,,OBAnorm,,LD831_02097v2.403,,,,0,0
DENATRLA,2025-06-23 08:23:55.000,28.1,30.7,25.6,24.9,22.5,19.9,18.1,15.8,12.3,13.1,14.8,17.5,19.9,20.5,22.5,23.4,23.8,24.0,23.7,22.1,19.9,20.6,19.7,12.8,10.1,6.7,4.1,-2.3,-2.6,-2.2,-3.7,-2.8,-0.1,30.8,34.2,39.4,13.4,0.0,321.7,26.3,14.4,80.1,,,OBAnorm,,LD831_02097v2.403,,,,0,0
DENATRLA,2025-06-23 08:23:56.000,30.9,26.6,25.0,24.8,21.3,21.9,17.4,15.4,13.7,12.4,14.9,17.1,20.1,21.7,22.3,22.9,23.7,23.3,23.2,22.3,21.2,18.8,16.2,16.0,16.8,12.7,2.3,-2.2,-2.1,-2.7,-4.1,-2.8,-0.1,30.7,34.0,40.3,13.4,0.0,321.7,26.3,14.4,80.1,,,OBAnorm,,LD831_02097v2.403,,,,0,0
DENATRLA,2025-06-23 08:23:57.000,28.1,29.0,26.2,26.4,21.0,21.0,17.8,15.5,11.8,10.8,15.6,17.5,19.8,22.3,21.8,23.0,23.9,24.3,24.0,23.0,20.7,18.9,16.5,15.4,15.7,8.5,2.1,-1.9,-1.9,-1.5,-3.6,-2.8,-0.2,30.9,34.2,39.8,13.4,0.0,321.7,26.3,14.4,80.1,,,OBAnorm,,LD831_02097v2.403,,,,0,0
DENATRLA,2025-06-23 08:23:58.000,32.5,27.7,25.1,25.7,22.7,21.4,17.2,14.7,12.0,11.2,14.8,18.3,20.2,21.7,21.8,23.4,23.6,24.3,23.7,22.6,20.4,18.0,14.5,12.3,10.3,5.9,-0.3,-3.3,-3.4,-2.9,-4.2,-2.9,-0.1,30.4,33.9,39.8,13.4,0.0,321.7,26.3,14.4,80.1,,,OBAnorm,,LD831_02097v2.403,,,,0,0
DENATRLA,2025-06-23 08:23:59.000,27.7,25.5,25.7,25.0,21.0,21.8,16.6,15.1,11.9,11.9,13.3,17.9,19.9,22.0,23.2,23.8,24.1,24.7,23.1,22.3,20.7,17.9,16.6,20.0,20.9,11.0,2.9,-2.4,-3.0,-3.2,-4.2,-3.1,-0.2,31.4,34.5,41.0,13.4,0.0,321.7,26.3,14.4,80.1,,,OBAnorm,,LD831_02097v2.403,,,,0,0
DENATRLA,2025-06-23 08:24:00.000,26.9,30.1,25.4,20.9,23.5,19.5,17.1,16.7,13.2,12.7,14.2,17.6,19.7,21.6,22.8,23.9,23.9,24.6,23.7,22.9,20.3,18.4,15.8,14.5,17.4,8.6,0.2,-3.2,-3.3,-3.4,-4.4,-3.1,-0.1,30.9,34.5,40.5,13.4,0.0,321.7,26.4,14.4,80.1,,,OBAnorm,,LD831_02097v2.403,,,,0,0
DENATRLA,2025-06-23 08:24:01.000,30.8,28.8,26.4,25.0,22.8,20.0,15.1,17.1,14.0,12.8,14.2,16.4,18.5,20.6,22.9,24.0,24.4,24.7,24.4,22.8,20.8,17.6,14.7,11.1,9.3,4.6,-0.8,-3.6,-3.5,-3.7,-4.3,-3.0,-0.1,30.7,34.0,39.1,13.4,0.0,321.7,26.3,14.4,80.1,,,OBAnorm,,LD831_02097v2.403,,,,0,0
DENATRLA,2025-06-23 08:24:02.000,24.6,29.5,25.8,25.6,20.6,18.4,15.6,15.6,10.7,11.6,15.5,17.5,20.3,22.0,23.2,23.7,24.3,25.3,24.7,22.8,20.6,17.7,14.3,10.7,7.2,6.9,2.2,-1.9,-3.3,-3.2,-3.9,-2.8,-0.1,31.1,34.5,40.8,13.4,0.0,321.7,26.3,14.5,80.1,,,OBAnorm,,LD831_02097v2.403,,,,0,0
DENATRLA,2025-06-23 08:24:03.000,29.2,27.6,26.7,22.3,20.5,20.2,18.4,16.1,10.4,12.4,14.6,18.6,19.9,21.7,21.4,23.7,24.7,24.7,24.3,22.7,20.3,18.0,14.9,11.9,9.3,7.7,1.6,-3.2,-3.5,-3.4,-4.1,-3.1,-0.1,30.7,34.0,36.8,13.4,0.0,321.7,26.3,14.5,80.1,,,OBAnorm,,LD831_02097v2.403,,,,0,0
DENATRLA,2025-06-23 08:24:04.000,28.7,26.5,26.3,23.8,21.9,21.3,18.3,13.3,10.7,12.8,15.5,19.0,21.2,21.5,22.8,23.9,23.8,24.6,24.3,22.7,20.7,17.9,14.4,11.3,9.4,15.6,10.3,-3.1,-3.6,-3.5,-4.3,-3.1,-0.1,30.8,34.2,39.5,13.4,0.0,321.7,26.3,14.5,80.1,,,OBAnorm,,LD831_02097v2.403,,,,0,0
DENATRLA,2025-06-23 08:24:05.000,30.0,26.5,22.9,20.0,21.0,21.0,17.7,15.2,12.2,10.3,15.5,17.3,19.6,21.3,22.8,23.4,24.7,25.5,23.8,22.4,21.0,18.3,15.9,15.1,16.9,15.0,11.6,3.5,-3.2,-3.4,-4.2,-2.9,0.0,31.3,34.9,40.7,13.4,0.0,321.7,26.3,14.5,80.1,,,OBAnorm,,LD831_02097v2.403,,,,0,0
DENATRLA,2025-06-23 08:24:06.000,29.1,23.8,24.6,26.4,22.8,19.6,18.0,14.5,14.1,11.9,14.3,19.4,18.9,21.6,23.1,23.3,23.8,25.4,24.4,22.6,20.2,17.5,14.9,13.2,14.0,9.1,6.0,-1.6,-3.5,-3.7,-4.3,-3.0,-0.1,30.8,34.3,41.4,13.4,0.0,321.7,26.3,14.5,80.1,,,OBAnorm,,LD831_02097v2.403,,,,0,0
DENATRLA,2025-06-23 08:24:07.000,29.5,29.8,31.1,22.1,21.9,19.1,15.5,15.7,10.9,13.3,15.0,16.2,18.8,21.0,23.2,24.3,25.0,25.1,24.0,22.7,20.9,18.0,14.9,12.3,12.1,6.3,0.3,-3.1,-3.1,-3.4,-4.2,-2.9,-0.1,30.9,34.6,42.3,13.4,0.0,321.6,26.3,14.5,80.1,,,OBAnorm,,LD831_02097v2.403,,,,0,0
DENATRLA,2025-06-23 08:24:08.000,27.2,31.5,25.7,25.5,21.5,20.1,17.6,14.2,11.4,13.8,15.4,17.5,20.1,21.2,22.9,24.2,24.8,24.4,24.4,22.7,20.1,17.4,15.5,13.6,13.8,9.6,1.8,-2.5,-2.8,-2.7,-4.0,-2.8,0.0,30.6,35.5,49.1,13.4,0.0,321.7,26.3,14.5,80.1,,,OBAnorm,,LD831_02097v2.403,,,,0,0
DENATRLA,2025-06-23 08:24:09.000,27.5,30.7,28.8,27.3,24.2,21.1,16.3,18.0,12.2,12.5,14.6,17.5,20.4,21.2,23.7,23.9,24.9,24.8,23.8,22.0,20.0,17.5,15.2,12.3,10.2,7.5,3.7,-1.9,-2.3,-2.2,-3.5,-2.7,0.0,30.5,34.5,46.8,13.4,0.0,321.7,26.3,14.5,80.1,,,OBAnorm,,LD831_02097v2.403,,,,0,0
DENATRLA,2025-06-23 08:24:10.000,30.6,33.2,30.2,23.7,21.5,15.5,17.2,15.4,13.6,12.8,14.7,17.8,20.0,21.0,21.9,23.2,23.9,23.7,22.8,21.7,20.5,17.1,14.2,11.7,12.3,9.0,1.5,-2.9,-3.3,-3.3,-4.0,-2.8,-0.1,29.9,34.2,48.5,13.4,0.0,321.7,26.3,14.5,80.1,,,OBAnorm,,LD831_02097v2.403,,,,0,0
DENATRLA,2025-06-23 08:24:11.000,32.9,29.1,24.4,26.2,20.0,19.0,19.3,15.2,12.5,12.0,14.2,17.7,18.9,20.9,21.5,22.9,24.1,23.4,22.0,21.4,19.1,16.2,13.9,10.9,10.5,5.7,0.1,-2.9,-3.4,-3.4,-4.2,-3.0,-0.2,29.5,34.5,53.1,13.4,0.0,321.7,26.3,14.5,80.1,,,OBAnorm,,LD831_02097v2.403,,,,0,0
DENATRLA,2025-06-23 08:24:12.000,29.5,29.8,29.3,25.5,24.0,20.9,22.9,19.2,14.5,12.6,15.3,18.2,19.8,21.6,21.9,23.2,23.1,23.3,22.5,21.0,19.5,17.5,16.0,19.9,22.5,15.3,7.1,-0.4,-2.1,-3.5,-4.3,-3.1,-0.1,31.1,42.0,59.2,13.4,0.0,321.7,26.4,14.5,79.0,,,OBAnorm,,LD831_02097v2.403,,,,0,0
DENATRLA,2025-06-23 08:24:13.000,27.9,32.4,31.1,34.1,29.6,27.5,20.5,20.3,13.6,12.4,13.0,18.1,19.0,19.8,20.6,22.0,23.3,23.0,22.6,21.0,19.1,17.1,14.1,14.7,18.8,10.8,3.0,-1.1,-2.8,-3.8,-4.3,-3.0,-0.1,29.9,40.3,63.0,13.4,0.0,308.8,26.3,14.5,76.7,,,OBAnorm,,LD831_02097v2.403,,,,0,0
DENATRLA,2025-06-23 08:24:14.000,40.4,39.8,40.8,34.6,30.8,24.2,24.3,21.7,16.0,12.8,14.1,16.8,18.6,20.3,22.4,22.3,23.3,22.8,23.0,21.1,18.6,17.1,16.1,17.4,18.8,17.2,4.0,-1.3,-2.3,-3.7,-4.3,-3.2,-0.1,30.4,43.7,63.4,13.4,0.0,304.3,26.3,14.5,76.1,,,OBAnorm,,LD831_02097v2.403,,,,0,0
DENATRLA,2025-06-23 08:24:15.000,40.7,41.8,37.4,38.8,31.8,29.6,24.3,20.8,15.9,15.4,14.2,18.1,19.8,21.2,22.1,22.4,23.3,23.9,22.4,21.7,19.8,17.3,15.2,16.8,18.3,14.6,1.1,-2.6,-3.1,-3.8,-4.3,-3.0,-0.1,30.3,46.8,66.6,13.4,0.0,314.9,26.3,14.5,77.3,,,OBAnorm,,LD831_02097v2.403,,,,0,0
DENATRLA,2025-06-23 08:24:16.000,47.0,39.9,41.8,35.4,35.1,29.8,26.1,22.9,16.7,14.0,14.7,17.7,19.3,19.9,21.6,23.0,23.5,23.8,23.3,21.4,19.3,17.0,13.9,11.6,8.8,9.7,6.4,-2.8,-3.7,-3.8,-4.3,-3.2,-0.2,29.7,41.7,63.8,13.4,0.0,315.0,26.3,14.5,79.5,,,OBAnorm,,LD831_02097v2.403,,,,0,0
DENATRLA,2025-06-23 08:24:17.000,47.6,47.7,40.0,34.7,30.2,27.1,25.2,23.7,20.1,13.7,14.3,18.4,19.1,21.2,22.1,22.7,23.4,23.6,22.9,21.4,19.8,16.9,15.0,14.9,17.1,21.8,15.3,-2.9,-3.5,-3.7,-4.4,-3.1,0.0,30.9,43.1,64.3,13.4,0.1,315.0,26.3,14.5,80.1,,,OBAnorm,,LD831_02097v2.403,,,,0,0
DENATRLA,2025-06-23 08:24:18.000,42.7,39.3,42.3,40.1,33.8,26.2,21.0,18.3,16.6,15.4,12.9,18.2,19.2,22.2,21.8,23.0,22.9,23.3,23.4,21.5,19.7,17.9,15.4,18.8,19.3,15.9,8.3,0.3,-3.1,-3.8,-4.3,-3.2,-0.1,30.7,38.2,55.6,13.4,0.2,315.0,26.3,14.5,79.0,,,OBAnorm,,LD831_02097v2.403,,,,0,0
DENATRLA,2025-06-23 08:24:19.000,44.8,37.5,35.4,33.2,28.8,26.9,20.8,17.2,12.2,13.0,13.8,18.3,19.2,20.1,22.0,23.1,23.5,24.9,23.6,22.1,20.2,17.7,15.2,15.8,15.4,20.0,13.9,5.0,1.1,-3.8,-4.3,-3.3,-0.1,31.2,34.6,52.0,13.4,0.2,315.0,26.3,14.5,79.0,,,OBAnorm,,LD831_02097v2.403,,,,0,0
DENATRLA,2025-06-23 08:24:20.000,37.1,38.5,30.3,26.5,21.1,19.8,19.5,13.3,10.6,10.1,16.5,18.8,19.6,20.7,22.0,22.5,23.7,23.5,23.4,22.5,20.1,17.7,15.4,18.3,15.9,17.4,8.6,-2.0,-2.3,-3.8,-4.4,-3.1,-0.2,30.7,36.3,54.7,13.4,0.2,315.1,26.3,14.5,80.1,,,OBAnorm,,LD831_02097v2.403,,,,0,0
DENATRLA,2025-06-23 08:24:21.000,35.0,31.8,30.7,27.7,21.5,18.1,17.7,14.6,11.2,10.7,15.1,17.9,20.5,19.6,21.7,22.2,23.4,23.1,22.9,21.6,20.4,17.5,14.8,11.3,8.9,6.1,2.2,-2.5,-3.4,-3.6,-4.3,-3.3,-0.1,29.7,35.9,52.3,13.4,0.2,315.1,26.4,14.5,80.1,,,OBAnorm,,LD831_02097v2.403,,,,0,0
DENATRLA,2025-06-23 08:24:22.000,36.6,36.3,30.0,22.1,22.8,19.1,16.8,15.8,12.4,12.6,15.4,18.8,20.2,23.0,23.3,23.3,23.9,23.5,23.3,21.6,20.4,17.1,14.1,11.3,10.2,6.3,0.7,-2.9,-3.4,-3.7,-4.4,-3.1,-0.1,30.1,35.3,49.0,13.4,0.2,315.1,26.3,14.5,80.1,,,OBAnorm,,LD831_02097v2.403,,,,0,0
DENATRLA,2025-06-23 08:24:23.000,36.3,32.4,27.6,24.3,21.8,20.0,15.3,15.2,12.0,12.6,13.8,19.5,19.9,21.5,22.3,23.9,23.4,24.3,23.0,21.1,20.0,17.0,13.6,10.7,9.8,7.4,3.5,-2.8,-3.4,-3.7,-4.4,-3.3,-0.3,29.7,37.5,55.3,13.4,0.2,315.0,26.4,14.5,80.1,,,OBAnorm,,LD831_02097v2.403,,,,0,0
DENATRLA,2025-06-23 08:24:24.000,39.5,31.0,30.2,27.4,21.5,18.9,18.3,14.6,10.9,12.2,15.4,18.7,20.0,21.6,21.1,22.6,23.4,24.5,23.2,21.7,19.6,17.2,14.1,13.9,14.1,8.1,1.1,-2.8,-3.5,-3.7,-4.4,-3.0,-0.1,30.0,36.2,56.4,13.4,0.2,315.1,26.4,14.5,80.1,,,OBAnorm,,LD831_02097v2.403,,,,0,0
DENATRLA,2025-06-23 08:24:25.000,37.4,29.8,30.2,28.0,23.2,20.4,18.0,13.5,12.3,11.5,16.8,17.3,19.3,20.8,22.2,22.6,23.3,23.8,22.3,21.1,19.4,16.6,13.6,12.6,11.9,8.0,2.5,-3.1,-3.5,-3.7,-4.4,-3.1,-0.2,29.6,38.4,58.2,13.4,0.2,315.1,26.4,14.5,80.1,,,OBAnorm,,LD831_02097v2.403,,,,0,0
DENATRLA,2025-06-23 08:24:26.000,38.1,33.7,31.2,28.1,26.6,24.4,17.9,14.6,12.7,11.4,15.8,17.3,20.0,21.4,21.6,22.2,22.5,23.6,22.8,21.3,19.2,16.3,13.6,13.4,10.7,7.7,1.8,-3.4,-3.5,-3.8,-4.4,-3.1,-0.2,29.4,36.4,54.4,13.4,0.2,315.1,26.4,14.5,80.1,,,OBAnorm,,LD831_02097v2.403,,,,0,0
DENATRLA,2025-06-23 08:24:27.000,39.9,38.2,31.5,26.2,25.0,22.1,16.2,15.3,12.2,11.3,14.5,17.8,20.1,21.3,21.1,22.7,23.7,23.1,23.3,21.4,19.0,16.1,13.7,12.8,11.1,9.7,4.9,-2.5,-3.5,-3.6,-4.3,-3.1,-0.1,29.6,35.3,50.8,13.4,0.1,315.1,26.4,14.5,80.1,,,OBAnorm,,LD831_02097v2.403,,,,0,0
DENATRLA,2025-06-23 08:24:28.000,41.1,34.7,30.8,30.4,23.2,20.1,16.2,14.1,9.2,11.8,15.5,19.1,19.6,21.0,22.3,22.7,23.9,23.9,22.7,21.4,18.9,16.2,13.3,10.9,12.3,21.6,15.2,5.4,-3.6,-3.8,-4.4,-3.3,-0.2,30.5,36.6,54.1,13.4,0.0,315.1,26.4,14.5,80.1,,,OBAnorm,,LD831_02097v2.403,,,,0,0
DENATRLA,2025-06-23 08:24:29.000,38.9,33.0,26.4,27.4,22.6,20.4,17.6,14.6,10.1,11.5,14.4,15.7,19.0,20.7,21.6,22.6,23.1,23.7,22.8,21.4,19.4,16.8,14.2,12.0,10.9,8.4,8.0,2.2,-3.4,-3.5,-4.3,-3.1,-0.2,29.6,36.9,54.6,13.4,0.0,315.1,26.3,14.5,80.1,,,OBAnorm,,LD831_02097v2.403,,,,0,0
DENATRLA,2025-06-23 08:24:30.000,35.0,30.5,30.4,29.2,22.3,22.2,18.4,14.5,12.0,12.6,13.7,17.8,20.0,20.9,20.7,22.1,23.1,23.3,22.7,21.8,19.4,16.9,16.3,12.4,7.9,6.0,1.5,-3.6,-3.6,-3.9,-4.3,-3.1,-0.1,29.5,38.6,57.8,13.4,0.0,315.1,26.4,14.5,80.1,,,OBAnorm,,LD831_02097v2.403,,,,0,0
DENATRLA,2025-06-23 08:24:31.000,38.9,37.1,33.7,27.0,28.0,20.4,19.4,19.0,14.0,11.4,14.6,16.3,19.6,20.6,21.7,21.5,23.6,23.0,22.3,21.0,18.8,16.0,14.2,11.6,9.4,6.0,1.4,-2.8,-3.6,-3.9,-4.4,-3.2,-0.2,29.2,37.7,56.9,13.4,0.0,315.1,26.3,14.5,80.1,,,OBAnorm,,LD831_02097v2.403,,,,0,0
DENATRLA,2025-06-23 08:24:32.000,34.5,37.0,37.4,30.1,26.5,24.2,19.4,16.7,13.7,12.6,13.5,17.9,20.1,20.5,22.4,22.6,22.7,23.6,22.8,21.7,19.6,16.1,12.7,10.6,7.4,5.4,0.7,-3.1,-3.4,-3.8,-4.5,-3.0,-0.1,29.5,37.9,56.6,13.4,0.0,315.1,26.3,14.5,80.1,,,OBAnorm,,LD831_02097v2.403,,,,0,0
DENATRLA,2025-06-23 08:24:33.000,41.2,39.6,33.7,27.4,23.7,21.1,16.8,13.8,11.4,11.9,13.4,16.5,19.2,19.4,20.7,22.4,22.4,23.2,23.1,21.5,19.7,16.4,14.9,14.1,13.3,18.6,3.5,1.1,-3.4,-3.8,-4.4,-3.2,-0.1,30.0,36.7,57.6,13.4,0.0,315.0,26.4,14.5,80.1,,,OBAnorm,,LD831_02097v2.403,,,,0,0
DENATRLA,2025-06-23 08:24:34.000,39.9,36.9,34.2,27.2,24.1,20.6,17.8,16.2,12.5,12.3,12.8,16.3,18.1,20.5,20.6,21.6,22.0,23.4,23.2,21.1,19.4,17.1,17.3,12.4,10.7,8.4,2.3,-3.0,-3.2,-3.6,-4.3,-3.1,-0.2,29.6,35.1,55.6,13.4,0.0,315.1,26.4,14.5,80.1,,,OBAnorm,,LD831_02097v2.403,,,,0,0
DENATRLA,2025-06-23 08:24:35.000,39.9,34.1,29.5,26.5,21.1,18.5,17.1,14.3,10.5,10.3,12.5,17.0,19.5,19.8,20.3,21.9,22.0,22.6,23.3,21.7,19.1,15.3,15.6,9.3,6.2,4.6,-1.2,-3.6,-3.5,-3.8,-4.4,-3.1,-0.2,29.2,35.0,50.3,13.4,0.0,315.1,26.4,14.5,80.1,,,OBAnorm,,LD831_02097v2.403,,,,0,0
DENATRLA,2025-06-23 08:24:36.000,33.9,31.1,25.9,24.2,20.9,19.6,17.4,16.4,11.4,11.8,14.2,16.5,17.8,19.8,20.5,22.1,22.4,23.1,22.1,20.7,19.1,16.0,12.6,9.5,6.3,3.3,-1.4,-3.7,-3.7,-3.8,-4.4,-3.1,-0.1,28.8,34.2,50.8,13.4,0.0,315.1,26.4,14.5,80.1,,,OBAnorm,,LD831_02097v2.403,,,,0,0
DENATRLA,2025-06-23 08:24:37.000,34.0,32.4,25.7,25.9,21.9,16.7,16.6,13.4,12.3,10.2,13.6,17.4,18.2,20.1,20.7,21.8,22.5,23.4,22.7,21.2,18.9,15.8,13.2,9.7,5.9,3.8,-1.3,-3.7,-3.7,-3.8,-4.4,-3.1,0.0,29.0,32.9,47.3,13.4,0.0,315.1,26.4,14.5,79.5,,,OBAnorm,,LD831_02097v2.403,,,,0,0
DENATRLA,2025-06-23 08:24:38.000,39.5,28.3,28.3,24.4,21.4,16.3,17.8,14.6,10.6,10.7,12.7,17.1,17.7,19.4,20.1,22.5,22.9,22.9,22.6,21.0,18.9,15.8,12.9,10.6,8.4,5.0,-0.1,-3.7,-3.7,-3.8,-4.3,-3.1,-0.2,28.9,34.4,52.4,13.4,0.0,315.1,26.4,14.5,79.5,,,OBAnorm,,LD831_02097v2.403,,,,0,0
DENATRLA,2025-06-23 08:24:39.000,24.4,29.9,21.6,24.0,19.4,18.1,18.4,12.7,11.5,11.2,13.0,15.8,17.9,19.3,20.9,21.0,22.9,22.5,21.6,21.0,18.6,15.9,12.6,10.2,14.2,23.8,17.4,-2.8,-3.7,-3.9,-4.5,-3.2,-0.1,30.4,34.7,53.0,13.4,0.0,315.1,26.3,14.5,79.5,,,OBAnorm,,LD831_02097v2.403,,,,0,0
DENATRLA,2025-06-23 08:24:40.000,31.5,30.3,27.7,25.9,22.0,21.2,16.5,12.3,10.1,11.1,14.2,16.8,18.9,18.6,20.5,21.9,23.2,23.2,22.6,20.6,19.1,15.8,12.4,12.2,12.2,19.2,13.7,5.8,-3.5,-3.8,-4.4,-3.1,-0.1,29.8,33.4,43.7,13.4,0.0,315.1,26.4,14.5,80.1,,,OBAnorm,,LD831_02097v2.403,,,,0,0
DENATRLA,2025-06-23 08:24:41.000,33.6,32.8,27.8,25.9,21.1,18.8,14.6,12.0,11.2,10.9,13.3,16.7,18.2,19.7,20.3,21.7,21.9,22.7,23.1,21.0,19.0,16.2,14.1,13.2,14.1,11.9,4.8,-3.4,-3.4,-3.9,-4.5,-3.1,-0.2,29.3,32.9,45.4,13.4,0.0,315.1,26.3,14.5,80.1,,,OBAnorm,,LD831_02097v2.403,,,,0,0
DENATRLA,2025-06-23 08:24:42.000,26.2,30.5,24.0,23.8,20.5,15.9,16.8,13.1,9.7,11.3,13.5,16.2,18.9,20.2,21.6,20.2,22.7,22.8,22.6,20.9,18.7,15.5,13.2,14.9,14.4,11.1,2.3,-3.1,-3.5,-3.6,-4.2,-3.0,-0.1,29.2,33.2,47.9,13.4,0.0,315.1,26.3,14.5,80.1,,,OBAnorm,,LD831_02097v2.403,,,,0,0
DENATRLA,2025-06-23 08:24:43.000,31.7,24.9,24.9,23.5,20.5,17.9,14.7,11.4,11.7,13.0,13.2,15.0,19.2,21.4,20.4,20.8,21.9,22.4,22.0,20.4,18.0,16.2,13.7,18.8,19.3,11.8,2.3,-2.0,-2.7,-2.5,-3.4,-2.2,0.1,29.6,33.9,49.7,13.4,0.0,315.1,26.4,14.5,80.1,,,OBAnorm,,LD831_02097v2.403,,,,0,0
DENATRLA,2025-06-23 08:24:44.000,27.4,31.4,24.6,21.7,19.9,17.2,16.7,13.2,9.6,12.1,14.7,16.7,17.4,18.7,20.4,21.6,22.1,22.1,21.9,21.3,18.9,17.7,15.1,15.5,17.6,11.4,4.8,-2.2,-2.4,-3.6,-4.1,-3.0,-0.1,29.3,37.5,55.9,13.4,0.0,315.1,26.4,14.5,80.1,,,OBAnorm,,LD831_02097v2.403,,,,0,0
DENATRLA,2025-06-23 08:24:45.000,31.9,28.9,32.5,27.6,25.1,24.0,20.7,20.7,14.0,13.0,13.6,16.5,18.0,20.4,21.1,21.6,21.4,22.3,21.9,20.9,19.5,17.1,15.3,17.5,20.3,16.4,6.4,-2.0,-2.4,-3.6,-4.4,-3.2,-0.1,30.1,35.1,50.9,13.4,0.0,315.1,26.4,14.5,80.1,,,OBAnorm,,LD831_02097v2.403,,,,0,0
DENATRLA,2025-06-23 08:24:46.000,33.6,34.3,32.6,30.3,24.6,15.7,16.5,11.7,10.1,9.6,12.9,16.5,18.8,19.3,20.4,21.2,21.7,23.0,22.2,21.6,19.6,17.0,14.5,16.1,16.1,12.2,1.7,-1.7,-2.0,-3.7,-4.5,-3.0,-0.2,29.6,33.4,51.3,13.4,0.0,315.1,26.3,14.5,80.1,,,OBAnorm,,LD831_02097v2.403,,,,0,0
DENATRLA,2025-06-23 08:24:47.000,37.0,34.4,26.6,24.8,20.4,18.8,15.5,11.2,11.4,11.6,12.6,15.5,19.4,19.1,20.8,20.3,22.5,22.1,22.4,21.4,19.4,16.0,14.0,15.5,16.4,13.8,6.8,-0.1,-0.4,-3.8,-4.4,-3.3,-0.1,29.3,32.9,49.6,13.4,0.0,315.1,26.4,14.5,80.1,,,OBAnorm,,LD831_02097v2.403,,,,0,0
DENATRLA,2025-06-23 08:24:48.000,35.2,29.3,20.6,26.0,20.4,17.8,16.1,16.3,12.5,9.4,12.5,17.0,18.4,19.7,21.2,21.2,22.2,22.8,22.8,21.5,19.4,16.2,14.5,16.4,19.7,20.0,8.4,-1.3,-0.3,-3.8,-4.4,-3.2,-0.1,30.5,34.2,46.8,13.4,0.0,315.1,26.3,14.5,80.1,,,OBAnorm,,LD831_02097v2.403,,,,0,0
DENATRLA,2025-06-23 08:24:49.000,28.0,30.3,25.5,26.1,19.7,16.2,16.5,14.7,11.5,9.2,12.7,16.0,18.5,17.7,20.5,21.7,22.4,22.0,21.7,20.7,19.0,16.4,13.9,16.7,17.7,20.8,16.6,6.0,-1.6,-3.8,-4.4,-3.1,-0.1,30.2,33.8,50.6,13.4,0.0,315.1,26.4,14.5,80.7,,,OBAnorm,,LD831_02097v2.403,,,,0,0
DENATRLA,2025-06-23 08:24:50.000,30.0,25.1,27.8,24.7,20.8,20.4,16.7,13.5,10.5,10.6,12.8,15.3,18.8,19.3,20.2,22.0,21.9,24.2,21.8,21.0,18.7,16.1,14.4,15.7,17.1,12.0,6.7,-1.4,-3.0,-3.9,-4.3,-3.2,-0.1,29.5,32.9,44.5,13.4,0.0,315.1,26.4,14.5,80.7,,,OBAnorm,,LD831_02097v2.403,,,,0,0
DENATRLA,2025-06-23 08:24:51.000,31.8,31.9,24.6,23.8,19.1,19.6,16.3,13.4,10.5,11.0,13.1,15.8,17.9,19.1,19.9,21.5,21.5,21.5,21.1,20.0,18.2,15.9,14.0,14.8,16.9,13.6,5.6,-2.7,-3.2,-3.9,-4.4,-3.1,-0.2,28.7,35.0,54.4,13.4,0.0,315.1,26.4,14.5,80.7,,,OBAnorm,,LD831_02097v2.403,,,,0,0
DENATRLA,2025-06-23 08:24:52.000,32.3,29.9,25.5,24.0,22.0,16.5,15.4,13.0,11.7,12.1,13.7,16.2,17.4,19.3,20.9,20.8,20.4,22.4,21.2,20.2,18.5,16.2,14.1,17.0,18.0,14.1,4.1,-2.0,-2.3,-3.9,-4.4,-3.0,-0.2,29.2,40.3,57.4,13.4,0.0,315.1,26.4,14.5,80.7,,,OBAnorm,,LD831_02097v2.403,,,,0,0
DENATRLA,2025-06-23 08:24:53.000,22.9,28.6,27.7,29.6,31.4,25.3,27.7,23.0,21.3,16.3,15.2,17.0,18.2,19.0,20.3,21.2,22.0,22.0,21.5,20.4,18.4,15.7,12.8,13.4,12.1,9.3,1.5,-3.4,-3.5,-3.8,-4.4,-3.1,-0.1,28.5,38.0,54.1,13.4,0.0,315.1,26.4,14.5,80.7,,,OBAnorm,,LD831_02097v2.403,,,,0,0
DENATRLA,2025-06-23 08:24:54.000,36.5,31.3,38.6,34.1,31.2,24.5,19.0,16.5,9.0,12.0,14.9,16.7,19.5,18.9,19.5,21.4,22.2,22.4,22.1,20.7,18.9,16.4,14.6,15.9,16.4,13.1,3.9,-2.7,-2.8,-3.8,-4.3,-3.0,-0.1,29.2,37.2,57.6,13.4,0.0,315.1,26.4,14.5,80.7,,,OBAnorm,,LD831_02097v2.403,,,,0,0
DENATRLA,2025-06-23 08:24:55.000,43.4,39.5,29.8,28.5,26.8,22.4,22.0,19.7,14.3,12.3,14.2,14.8,16.9,19.4,19.9,21.5,22.2,22.4,21.8,20.4,19.2,18.5,18.5,16.1,21.4,13.7,4.9,-0.9,-2.3,-3.8,-4.5,-3.1,0.0,30.2,39.9,59.9,13.4,0.0,302.7,26.4,14.5,79.0,,,OBAnorm,,LD831_02097v2.403,,,,0,0
DENATRLA,2025-06-23 08:24:56.000,40.2,37.9,36.5,33.1,30.5,27.1,25.3,18.6,16.4,12.1,12.6,15.9,17.9,18.8,20.9,20.9,21.5,21.6,22.1,20.4,18.7,16.3,14.8,18.2,14.3,8.6,2.6,-2.6,-3.2,-3.9,-4.3,-3.1,-0.2,29.1,39.8,57.2,13.4,0.0,302.7,26.4,14.5,77.8,,,OBAnorm,,LD831_02097v2.403,,,,0,0
DENATRLA,2025-06-23 08:24:57.000,39.9,37.6,37.9,35.0,31.2,27.5,27.7,22.1,19.5,13.9,15.2,15.4,18.4,19.1,20.1,21.1,22.0,22.9,22.4,20.4,18.7,16.2,13.7,14.1,12.8,11.3,4.5,-3.1,-3.5,-3.9,-4.4,-3.2,-0.1,29.0,40.5,56.5,13.4,0.0,315.4,26.3,14.5,79.5,,,OBAnorm,,LD831_02097v2.403,,,,0,0
DENATRLA,2025-06-23 08:24:58.000,42.6,36.9,38.8,37.8,31.9,29.5,22.6,19.6,17.0,13.8,13.4,16.6,18.1,20.4,20.7,21.5,22.4,23.0,22.6,20.9,19.3,16.7,15.8,17.4,18.6,16.4,9.4,-1.6,-1.7,-3.7,-4.3,-3.2,0.0,30.2,43.9,62.8,13.4,0.0,324.2,26.4,14.5,80.7,,,OBAnorm,,LD831_02097v2.403,,,,0,0
DENATRLA,2025-06-23 08:24:59.000,42.4,39.5,35.9,36.6,33.3,32.5,32.6,31.1,30.8,22.0,17.6,17.5,18.7,18.8,20.7,20.3,22.2,22.9,22.8,21.7,19.3,16.9,16.3,18.8,18.6,14.2,4.5,-1.9,-2.5,-3.8,-4.4,-3.0,-0.1,30.1,39.0,57.6,13.4,0.1,340.5,26.4,14.5,79.5,,,OBAnorm,,LD831_02097v2.403,,,,0,0
DENATRLA,2025-06-23 08:25:00.000,42.7,39.7,38.1,35.4,31.9,27.4,19.0,13.5,12.3,12.5,12.9,16.0,17.0,18.0,20.4,22.2,22.1,22.3,22.0,21.5,19.5,16.8,15.5,17.2,20.3,17.1,8.3,0.1,-1.0,-3.8,-4.3,-3.0,-0.1,30.2,42.7,62.6,13.4,0.2,346.3,26.4,14.5,79.0,,,OBAnorm,,LD831_02097v2.403,,,,0,0
DENATRLA,2025-06-23 08:25:01.000,47.1,42.3,33.5,30.9,33.1,31.6,31.8,27.9,25.1,15.9,14.2,15.8,17.5,19.4,21.1,21.3,22.3,23.4,22.3,21.4,20.4,17.4,15.5,18.6,17.9,25.4,20.1,1.0,-3.3,-3.8,-4.3,-3.1,-0.3,31.9,43.6,62.8,13.4,0.2,346.3,26.4,14.5,80.1,,,OBAnorm,,LD831_02097v2.403,,,,0,0
DENATRLA,2025-06-23 08:25:02.000,37.7,32.5,43.4,38.5,32.9,27.0,24.4,17.5,13.6,11.4,14.1,17.9,18.5,20.0,20.5,21.7,22.6,23.6,22.2,21.1,19.3,17.0,14.6,16.9,17.1,12.2,6.3,-1.8,-3.3,-3.6,-4.3,-3.1,-0.2,29.9,39.6,57.5,13.4,0.2,346.3,26.4,14.5,80.1,,,OBAnorm,,LD831_02097v2.403,,,,0,0
DENATRLA,2025-06-23 08:25:03.000,46.7,41.9,36.7,35.1,31.0,24.4,20.5,19.1,11.7,11.7,13.8,15.5,16.5,19.5,20.5,21.6,22.9,23.1,22.3,22.1,20.3,16.6,14.4,14.9,13.1,9.9,3.5,-0.9,-3.0,-3.6,-4.3,-3.0,-0.3,29.6,41.3,59.0,13.4,0.2,346.0,26.4,14.5,80.1,,,OBAnorm,,LD831_02097v2.403,,,,0,0
DENATRLA,2025-06-23 08:25:04.000,42.2,40.2,38.4,32.0,32.3,28.1,25.9,18.9,16.5,12.5,13.8,16.3,18.1,19.4,21.0,21.6,22.1,23.2,22.6,21.5,20.9,16.9,15.5,16.8,15.0,10.1,3.7,-3.4,-1.9,-3.9,-4.4,-3.0,-0.1,29.9,38.8,56.5,13.4,0.2,346.3,26.4,14.5,80.1,,,OBAnorm,,LD831_02097v2.403,,,,0,0
DENATRLA,2025-06-23 08:25:05.000,41.2,40.8,36.4,30.9,31.0,23.2,19.8,14.8,11.9,11.3,10.4,15.9,19.5,19.7,20.7,21.4,22.6,23.4,24.6,22.6,20.4,17.2,14.9,16.6,16.7,12.0,5.2,-2.3,-1.1,-3.8,-4.4,-3.2,-0.2,30.5,38.3,55.6,13.4,0.2,346.3,26.4,14.5,80.1,,,OBAnorm,,LD831_02097v2.403,,,,0,0
DENATRLA,2025-06-23 08:25:06.000,41.4,37.5,32.3,28.0,27.2,21.6,21.2,15.1,11.4,10.7,13.5,17.5,19.3,19.6,21.1,21.7,22.5,23.9,22.4,22.2,20.0,18.3,16.4,19.4,18.6,14.6,4.6,-1.3,-0.3,-3.9,-4.4,-3.1,-0.2,30.5,41.0,60.8,13.4,0.2,346.3,26.4,14.5,80.1,,,OBAnorm,,LD831_02097v2.403,,,,0,0
DENATRLA,2025-06-23 08:25:07.000,43.8,33.4,35.0,31.6,32.9,21.4,24.5,18.6,13.2,12.6,12.6,15.7,18.3,19.1,20.7,21.6,21.9,22.7,22.6,21.7,20.3,17.6,15.5,15.3,16.6,14.6,4.1,-2.1,-1.1,-3.9,-4.4,-3.1,0.0,29.9,43.5,62.9,13.4,0.2,346.4,26.4,14.5,80.1,,,OBAnorm,,LD831_02097v2.403,,,,0,0
DENATRLA,2025-06-23 08:25:08.000,44.2,40.2,39.9,36.0,33.5,31.2,27.2,18.0,16.6,12.2,13.5,16.8,18.5,20.2,20.5,22.2,23.1,23.0,22.8,21.6,19.9,17.2,14.6,16.0,15.3,11.7,3.6,-0.3,-1.2,-3.8,-4.4,-3.1,0.0,29.8,40.2,65.0,13.4,0.2,346.3,26.4,14.5,80.1,,,OBAnorm,,LD831_02097v2.403,,,,0,0
DENATRLA,2025-06-23 08:25:09.000,45.1,39.9,37.5,32.5,29.6,24.7,18.0,16.2,11.9,9.4,13.3,16.4,18.4,20.0,21.1,22.1,22.4,23.3,22.8,22.6,20.6,17.1,15.8,19.0,18.9,11.2,7.5,3.2,5.5,-3.8,-4.3,-3.2,-0.1,30.6,33.9,48.3,13.4,0.1,346.4,26.4,14.5,80.1,,,OBAnorm,,LD831_02097v2.403,,,,0,0
DENATRLA,2025-06-23 08:25:10.000,49.4,39.7,28.8,31.0,22.7,19.2,17.1,13.7,12.3,10.5,14.1,17.2,19.8,20.6,22.0,23.0,22.6,23.2,23.3,22.8,20.7,18.1,16.5,18.5,20.0,12.1,4.1,0.7,0.6,-3.9,-4.4,-3.1,-0.1,30.9,33.7,46.9,13.4,0.0,346.3,26.4,14.5,80.7,,,OBAnorm,,LD831_02097v2.403,,,,0,0
DENATRLA,2025-06-23 08:25:11.000,37.4,33.4,23.9,23.3,20.7,17.5,16.1,15.9,10.4,11.4,13.6,15.7,18.8,21.0,22.9,22.9,22.4,24.0,24.3,22.9,20.7,19.2,16.2,15.5,15.0,13.2,5.0,-1.3,-0.9,-3.8,-4.4,-3.1,-0.1,30.9,34.0,45.5,13.4,0.0,346.4,26.4,14.5,80.7,,,OBAnorm,,LD831_02097v2.403,,,,0,0
DENATRLA,2025-06-23 08:25:12.000,31.1,26.3,26.6,22.9,21.1,18.7,16.9,15.4,11.6,11.6,13.6,17.9,19.4,20.6,22.3,23.0,23.8,23.7,24.6,22.6,21.0,18.0,14.9,13.9,12.9,10.6,2.2,-3.1,-2.8,-3.8,-4.3,-3.2,-0.1,30.7,34.3,47.0,13.4,0.0,346.4,26.4,14.5,80.7,,,OBAnorm,,LD831_02097v2.403,,,,0,0
DENATRLA,2025-06-23 08:25:13.000,28.3,28.2,25.1,23.1,21.3,17.8,15.6,14.9,8.8,11.8,15.2,17.7,19.5,21.4,22.1,22.0,23.5,24.2,24.0,23.3,20.8,17.8,14.7,13.1,11.1,16.9,8.9,-2.5,-3.7,-3.9,-4.4,-3.2,-0.1,30.7,34.3,45.9,13.4,0.0,346.4,26.4,14.5,80.7,,,OBAnorm,,LD831_02097v2.403,,,,0,0
DENATRLA,2025-06-23 08:25:14.000,31.6,29.0,29.9,20.1,22.3,18.2,16.3,13.1,11.0,8.5,13.4,18.1,19.8,21.0,22.0,22.9,23.4,24.3,23.3,23.0,21.0,17.6,15.1,12.0,9.9,19.1,11.8,2.1,-3.4,-3.6,-4.3,-3.1,-0.1,30.8,34.3,44.5,13.4,0.0,346.3,26.4,14.6,80.7,,,OBAnorm,,LD831_02097v2.403,,,,0,0
DENATRLA,2025-06-23 08:25:15.000,30.5,30.8,24.0,22.7,23.2,17.9,15.4,16.7,10.9,10.2,15.2,16.9,19.6,20.6,21.2,23.0,23.5,23.8,23.3,22.4,21.3,17.9,14.7,13.2,11.7,8.1,1.3,-3.0,-3.0,-2.7,-2.3,-2.9,0.0,30.3,33.9,45.3,13.4,0.0,346.4,26.4,14.6,81.3,,,OBAnorm,,LD831_02097v2.403,,,,0,0
DENATRLA,2025-06-23 08:25:16.000,31.9,29.5,25.6,22.3,18.3,17.6,15.9,17.5,13.0,13.1,15.7,18.3,20.9,22.0,22.3,23.4,23.5,23.4,23.7,22.6,20.3,18.2,15.9,15.9,13.7,11.8,9.5,1.7,-0.9,-3.8,-4.4,-3.2,-0.1,30.6,34.9,51.3,13.4,0.0,346.4,26.4,14.6,81.3,,,OBAnorm,,LD831_02097v2.403,,,,0,0
DENATRLA,2025-06-23 08:25:17.000,35.2,28.0,28.7,23.4,20.8,19.4,17.4,14.9,12.0,12.0,15.9,17.6,20.0,21.6,22.5,22.5,23.1,24.3,24.6,22.9,21.5,17.9,16.8,18.9,18.7,15.0,11.8,4.8,-1.2,-3.6,-4.3,-3.0,-0.1,31.4,35.0,44.8,13.4,0.0,346.4,26.4,14.6,81.3,,,OBAnorm,,LD831_02097v2.403,,,,0,0
DENATRLA,2025-06-23 08:25:18.000,29.9,31.9,27.8,23.2,22.6,21.0,17.1,16.5,12.9,11.7,15.1,17.6,21.2,21.7,23.4,23.8,24.0,24.2,24.3,22.8,21.4,19.1,16.1,14.7,14.3,12.7,5.5,-2.3,-2.8,-3.9,-4.3,-3.1,-0.1,31.1,35.2,45.0,13.4,0.0,346.4,26.4,14.6,81.3,,,OBAnorm,,LD831_02097v2.403,,,,0,0
DENATRLA,2025-06-23 08:25:19.000,32.8,30.7,27.7,23.4,22.4,20.9,17.8,16.9,13.0,12.0,15.4,18.4,20.9,21.3,23.0,23.4,24.2,24.7,24.1,23.7,21.8,19.9,17.1,14.5,11.2,7.3,3.7,-2.4,-3.5,-3.7,-4.3,-3.1,0.0,31.3,35.0,45.8,13.4,0.0,346.4,26.4,14.6,81.3,,,OBAnorm,,LD831_02097v2.403,,,,0,0
DENATRLA,2025-06-23 08:25:20.000,34.5,24.9,26.8,20.9,23.8,17.4,16.8,15.5,11.9,12.8,15.5,18.4,20.6,20.9,22.9,21.9,23.9,24.4,23.8,23.6,21.8,19.0,16.2,16.1,15.9,9.2,4.2,-2.4,-2.8,-3.7,-4.2,-3.0,-0.2,31.0,34.6,43.4,13.4,0.0,346.4,26.4,14.6,81.3,,,OBAnorm,,LD831_02097v2.403,,,,0,0
DENATRLA,2025-06-23 08:25:21.000,36.8,31.6,26.5,23.1,24.1,19.9,16.9,15.3,11.9,13.8,15.0,18.3,21.4,22.2,22.4,23.0,23.8,24.2,24.4,23.3,20.5,18.4,15.0,12.8,10.9,7.9,2.1,-3.1,-3.3,-3.5,-4.2,-3.0,0.0,30.8,34.9,42.9,13.4,0.0,346.3,26.4,14.6,81.3,,,OBAnorm,,LD831_02097v2.403,,,,0,0
DENATRLA,2025-06-23 08:25:22.000,31.1,29.1,24.9,25.0,22.7,20.0,19.2,18.2,12.8,15.0,17.0,19.4,21.2,22.4,23.2,23.6,24.1,24.7,24.7,23.4,21.8,19.5,15.7,12.7,11.5,8.4,4.0,-0.8,-2.4,-2.7,-3.9,-2.8,-0.1,31.4,35.1,44.8,13.4,0.0,346.3,26.4,14.6,81.3,,,OBAnorm,,LD831_02097v2.403,,,,0,0
DENATRLA,2025-06-23 08:25:23.000,34.7,28.6,27.5,21.4,21.8,22.2,20.6,17.3,13.3,14.5,17.9,20.0,21.6,22.6,24.2,24.5,24.8,25.5,24.9,23.9,22.3,19.9,17.6,16.5,15.9,12.4,4.4,-0.8,-0.8,-2.5,-3.5,-2.6,0.0,32.0,35.5,43.6,13.4,0.0,346.4,26.4,14.6,80.7,,,OBAnorm,,LD831_02097v2.403,,,,0,0
DENATRLA,2025-06-23 08:25:24.000,33.3,29.1,27.9,25.7,22.5,21.1,22.8,16.0,15.6,17.1,19.0,20.3,21.3,23.5,23.5,24.7,24.7,25.7,24.9,23.9,22.1,19.7,17.0,15.1,14.8,15.7,7.5,-0.8,-0.9,-1.6,-3.3,-2.4,0.2,32.1,37.5,53.9,13.4,0.0,346.3,26.4,14.6,80.7,,,OBAnorm,,LD831_02097v2.403,,,,0,0
DENATRLA,2025-06-23 08:25:25.000,28.9,27.0,29.6,26.3,24.3,23.1,23.0,15.8,17.6,16.5,20.9,22.7,23.2,23.4,24.2,25.2,24.4,25.8,25.1,24.1,22.6,20.0,17.4,14.4,13.7,21.2,17.8,1.4,-0.2,-0.6,-2.4,-1.8,0.2,32.8,50.5,66.6,13.4,0.0,346.4,26.4,14.6,80.7,,,OBAnorm,,LD831_02097v2.403,,,,0,0
DENATRLA,2025-06-23 08:25:26.000,30.5,27.8,36.1,34.1,37.5,36.3,40.6,35.4,32.9,25.0,27.0,26.2,24.9,25.2,24.2,25.9,25.3,25.8,25.3,24.5,23.2,20.5,17.5,14.9,12.5,10.1,8.4,3.2,1.1,0.3,-1.5,-1.3,0.8,32.6,55.5,72.5,13.4,0.0,346.4,26.4,14.6,80.7,,,OBAnorm,,LD831_02097v2.403,,,,0,0
DENATRLA,2025-06-23 08:25:27.000,38.5,46.4,52.4,50.5,47.5,44.7,37.9,33.3,33.2,29.7,27.1,27.1,24.5,24.9,24.7,24.9,25.6,25.9,25.3,23.8,23.3,20.1,18.2,14.6,13.0,10.8,5.6,1.7,1.3,0.6,-1.4,-0.8,1.4,32.8,56.7,73.3,13.4,0.0,342.3,26.4,14.5,80.7,,,OBAnorm,,LD831_02097v2.403,,,,0,0
DENATRLA,2025-06-23 08:25:28.000,56.2,55.3,53.0,50.4,50.2,45.4,45.4,38.4,38.4,29.3,24.3,23.6,23.8,25.2,24.1,25.9,25.4,26.1,25.5,24.7,22.9,19.8,17.9,14.1,11.8,8.7,3.7,0.2,0.0,-0.9,-2.4,-1.7,0.7,32.6,53.8,73.3,13.4,0.0,281.9,26.4,14.5,80.7,,,OBAnorm,,LD831_02097v2.403,,,,0,0
DENATRLA,2025-06-23 08:25:29.000,54.3,56.0,53.9,49.1,50.0,39.8,37.2,34.7,27.3,21.7,20.8,22.2,24.5,25.3,23.6,25.1,25.7,26.0,26.0,24.8,22.3,20.3,17.6,14.5,11.0,7.9,3.6,0.7,-0.5,-1.3,-2.6,-1.7,0.6,32.4,51.3,73.1,13.4,0.0,213.0,26.4,14.5,80.1,,,OBAnorm,,LD831_02097v2.403,,,,0,0
DENATRLA,2025-06-23 08:25:30.000,58.9,57.2,50.3,44.8,39.0,30.6,29.8,21.0,18.7,18.4,18.9,20.8,23.2,22.9,24.2,24.3,25.2,25.7,25.0,25.0,21.9,19.9,17.1,14.3,13.2,10.4,3.0,-0.7,-0.6,-1.4,-2.9,-2.2,0.1,32.1,42.8,62.9,13.4,0.3,204.7,26.4,14.5,79.0,,,OBAnorm,,LD831_02097v2.403,,,,0,0
DENATRLA,2025-06-23 08:25:31.000,54.9,54.6,44.9,34.5,29.7,24.7,21.5,20.2,15.5,16.5,20.7,20.8,22.2,22.9,23.2,24.6,24.6,26.2,25.2,23.8,22.2,20.1,17.4,13.9,12.9,8.5,3.5,0.8,1.0,0.0,-2.0,-1.8,0.1,32.1,41.2,60.7,13.4,0.6,219.5,26.4,14.5,79.5,,,OBAnorm,,LD831_02097v2.403,,,,0,0
DENATRLA,2025-06-23 08:25:32.000,47.6,42.5,35.3,34.0,29.0,23.0,21.3,18.1,16.6,18.0,20.4,23.1,21.8,23.2,24.1,24.2,26.1,25.7,25.7,24.2,22.9,20.1,16.9,13.2,10.9,8.6,2.2,0.2,-0.5,-0.1,-2.2,-1.9,0.3,32.3,45.7,66.7,13.4,0.5,221.9,26.4,14.5,80.1,,,OBAnorm,,LD831_02097v2.403,,,,0,0
DENATRLA,2025-06-23 08:25:33.000,48.4,42.4,38.2,35.2,31.3,30.6,29.2,27.0,24.8,20.7,21.1,19.6,22.1,23.3,24.4,24.6,25.8,26.0,25.7,24.5,22.6,19.3,16.8,13.3,10.9,8.8,2.2,-1.4,-1.6,-1.9,-3.3,-2.4,0.0,32.2,45.5,63.9,13.4,0.5,222.3,26.4,14.5,79.5,,,OBAnorm,,LD831_02097v2.403,,,,0,0
DENATRLA,2025-06-23 08:25:34.000,41.7,44.6,43.7,41.7,35.3,33.2,30.3,28.0,22.3,19.0,19.5,21.1,22.5,23.3,24.0,24.3,24.8,25.4,25.4,24.2,21.7,19.3,16.6,13.2,11.5,9.6,2.6,-1.5,-1.0,-1.6,-3.2,-2.5,-0.1,31.8,38.6,58.3,13.4,0.4,214.5,26.4,14.5,79.5,,,OBAnorm,,LD831_02097v2.403,,,,0,0
DENATRLA,2025-06-23 08:25:35.000,47.2,48.5,36.4,35.5,27.9,23.9,18.1,17.1,15.2,18.3,20.6,21.0,21.6,23.0,23.9,24.2,25.4,26.3,25.8,24.4,22.4,19.5,17.1,13.7,12.2,9.9,3.6,-1.2,-0.8,-1.5,-3.1,-2.3,0.1,32.2,35.8,46.8,13.4,0.4,200.1,26.4,14.5,79.5,,,OBAnorm,,LD831_02097v2.403,,,,0,0
DENATRLA,2025-06-23 08:25:36.000,42.8,36.4,31.4,27.2,22.2,21.4,18.4,16.2,14.9,15.1,18.2,20.6,22.2,23.0,23.1,24.1,25.0,25.3,25.2,24.4,21.4,18.7,16.1,15.1,15.7,17.9,8.8,-0.3,0.0,-2.6,-3.8,-2.6,0.0,31.9,37.5,57.3,13.4,0.5,25.8,26.4,14.4,79.0,,,OBAnorm,,LD831_02097v2.403,,,,0,0
DENATRLA,2025-06-23 08:25:37.000,35.9,30.6,25.1,30.5,27.9,24.5,24.5,23.3,18.2,17.3,18.2,20.3,21.9,22.1,21.9,23.2,25.0,24.8,24.6,23.5,21.1,17.9,15.7,13.3,15.2,19.1,13.6,-1.7,-2.0,-2.9,-3.9,-2.7,0.2,31.5,44.0,67.4,13.4,0.8,33.3,26.4,14.4,79.0,,,OBAnorm,,LD831_02097v2.403,,,,0,0
DENATRLA,2025-06-23 08:25:38.000,31.8,30.4,37.0,36.7,36.6,32.8,25.6,21.0,15.2,13.0,15.7,19.6,20.6,22.2,22.8,23.7,23.9,25.0,24.7,23.0,20.5,17.2,14.4,10.9,8.5,9.8,10.5,1.1,-2.3,-2.4,-3.6,-2.7,-0.1,30.8,40.6,62.4,13.4,0.9,23.6,26.4,14.4,79.5,,,OBAnorm,,LD831_02097v2.403,,,,0,0
DENATRLA,2025-06-23 08:25:39.000,45.8,39.0,39.0,35.6,24.6,21.6,18.7,16.6,12.7,13.1,16.5,18.9,20.1,21.2,22.6,22.6,23.9,24.5,24.3,22.5,20.2,17.8,13.8,11.1,9.0,8.6,2.5,-1.9,-2.4,-1.6,-3.2,-2.8,-0.1,30.4,36.2,58.8,13.4,0.8,1.6,26.4,14.4,79.5,,,OBAnorm,,LD831_02097v2.403,,,,0,0
DENATRLA,2025-06-23 08:25:40.000,42.1,43.9,34.6,26.5,23.2,20.9,18.7,16.9,11.7,14.7,16.5,18.6,21.5,21.2,22.9,22.8,23.3,24.6,24.6,22.6,20.0,17.4,14.4,11.7,7.8,4.2,-0.7,-3.0,-2.9,-3.1,-4.0,-2.8,-0.1,30.4,36.6,50.0,13.4,0.7,319.8,26.4,14.5,79.0,,,OBAnorm,,LD831_02097v2.403,,,,0,0
DENATRLA,2025-06-23 08:25:41.000,39.9,35.8,26.3,23.7,26.7,21.2,20.2,17.5,13.7,13.8,16.9,18.8,20.3,21.4,22.5,23.1,23.8,24.0,24.1,22.6,20.0,17.7,14.6,11.7,8.4,4.9,-0.1,-2.8,-3.2,-3.2,-4.1,-2.9,-0.1,30.2,37.5,56.4,13.4,0.6,259.5,26.4,14.5,79.5,,,OBAnorm,,LD831_02097v2.403,,,,0,0
DENATRLA,2025-06-23 08:25:42.000,29.8,27.8,35.9,26.8,24.1,22.5,18.2,15.2,12.7,13.8,18.3,18.5,19.7,21.0,22.1,22.8,24.0,24.0,23.5,22.6,19.9,17.1,14.6,11.9,9.7,6.0,1.0,-3.1,-3.3,-3.6,-4.2,-3.0,0.0,30.1,34.7,50.5,13.4,0.5,241.6,26.4,14.5,79.5,,,OBAnorm,,LD831_02097v2.403,,,,0,0
DENATRLA,2025-06-23 08:25:43.000,39.6,33.7,34.2,25.8,21.5,19.9,16.4,16.6,11.3,11.8,15.1,18.6,20.0,20.5,21.4,22.9,24.1,25.1,23.6,22.6,20.3,17.9,15.2,11.6,9.4,7.1,1.5,-2.8,-2.8,-3.6,-4.2,-2.9,-0.2,30.4,34.1,47.8,13.4,0.5,241.3,26.4,14.5,79.0,,,OBAnorm,,LD831_02097v2.403,,,,0,0
DENATRLA,2025-06-23 08:25:44.000,32.4,32.2,24.4,23.2,24.6,17.9,17.7,15.5,9.9,13.8,14.9,16.4,18.4,20.5,21.4,22.7,23.4,24.2,24.0,22.6,20.1,17.9,14.6,11.5,10.0,8.2,4.1,-2.1,-3.2,-3.5,-4.1,-2.9,0.0,30.3,34.1,45.8,13.4,0.5,241.4,26.4,14.5,79.5,,,OBAnorm,,LD831_02097v2.403,,,,0,0
DENATRLA,2025-06-23 08:25:45.000,31.5,27.0,28.8,23.8,22.2,19.1,17.0,16.7,11.4,12.1,16.4,18.3,19.9,20.1,21.3,22.7,24.2,24.3,23.3,22.5,20.3,17.3,14.7,12.6,9.8,6.9,1.9,-3.2,-3.2,-3.7,-4.0,-2.9,0.0,30.1,33.6,41.4,13.4,0.5,241.4,26.4,14.5,80.1,,,OBAnorm,,LD831_02097v2.403,,,,0,0
DENATRLA,2025-06-23 08:25:46.000,27.5,29.4,26.3,24.9,21.5,20.2,18.5,15.6,10.7,11.1,14.7,17.7,19.3,20.0,21.3,22.3,24.1,23.9,23.9,22.5,20.4,17.6,14.5,11.1,9.1,6.5,0.6,-3.2,-3.5,-3.7,-4.4,-3.0,-0.1,30.2,33.8,45.9,13.4,0.5,241.4,26.4,14.5,80.7,,,OBAnorm,,LD831_02097v2.403,,,,0,0
DENATRLA,2025-06-23 08:25:47.000,29.0,29.9,25.6,20.4,21.9,20.8,18.1,12.2,12.0,11.8,15.3,18.2,18.9,20.9,22.1,22.8,23.6,23.8,23.4,22.4,19.9,17.3,14.5,11.3,9.0,5.0,0.7,-3.3,-3.6,-3.7,-4.3,-3.1,-0.2,30.1,34.4,52.1,13.4,0.5,241.4,26.4,14.5,80.7,,,OBAnorm,,LD831_02097v2.403,,,,0,0
DENATRLA,2025-06-23 08:25:48.000,21.2,19.9,26.7,25.0,21.4,19.2,19.4,17.2,6.4,10.5,14.6,15.9,18.9,20.8,22.4,22.2,23.4,24.3,23.3,22.4,19.8,17.2,14.3,10.6,7.5,5.3,0.7,-3.2,-3.5,-3.8,-4.4,-3.1,-0.1,29.8,35.2,52.1,13.4,0.5,241.5,26.4,14.5,80.7,,,OBAnorm,,LD831_02097v2.403,,,,0,0
DENATRLA,2025-06-23 08:25:49.000,29.8,27.5,28.5,28.6,22.4,22.7,16.8,13.3,11.9,12.0,13.6,17.1,19.0,20.2,21.7,23.2,23.2,23.8,23.3,22.5,20.3,18.4,15.1,12.6,8.6,7.8,9.2,-0.5,-3.6,-3.8,-4.4,-3.2,-0.2,30.2,34.1,49.0,13.4,0.5,241.5,26.4,14.5,80.7,,,OBAnorm,,LD831_02097v2.403,,,,0,0
DENATRLA,2025-06-23 08:25:50.000,33.6,30.3,29.8,23.8,19.5,17.2,15.3,13.8,10.7,11.7,13.8,17.2,19.1,20.0,21.5,22.3,23.1,24.0,23.8,22.9,21.0,19.9,15.5,12.5,10.2,14.3,7.7,0.0,-3.5,-3.7,-4.3,-3.1,-0.1,30.6,34.1,45.0,13.4,0.5,241.5,26.4,14.5,80.7,,,OBAnorm,,LD831_02097v2.403,,,,0,0
DENATRLA,2025-06-23 08:25:51.000,31.0,27.9,28.8,27.3,22.1,18.8,18.2,16.3,11.9,11.6,13.9,16.9,18.6,20.9,21.6,23.3,24.3,24.7,23.8,22.7,21.0,18.3,15.1,11.1,10.3,22.2,14.5,-1.9,-3.6,-3.9,-4.4,-3.2,-0.1,31.4,34.2,41.4,13.4,0.5,241.5,26.4,14.5,80.7,,,OBAnorm,,LD831_02097v2.403,,,,0,0
DENATRLA,2025-06-23 08:25:52.000,24.9,29.2,24.9,24.2,19.3,18.6,16.0,15.1,12.3,11.2,14.4,15.5,18.8,21.0,21.5,23.3,23.5,25.0,23.8,22.4,21.1,18.8,15.7,12.6,9.0,5.9,1.3,-3.1,-3.6,-3.9,-4.4,-3.3,-0.1,30.7,33.8,45.3,13.4,0.2,241.5,26.4,14.5,80.7,,,OBAnorm,,LD831_02097v2.403,,,,0,0
DENATRLA,2025-06-23 08:25:53.000,28.4,27.1,26.6,26.4,22.9,15.7,16.4,14.9,10.2,9.9,13.6,16.5,18.0,20.8,21.7,22.9,24.5,24.5,24.1,22.7,21.6,19.1,15.8,12.4,8.5,5.6,0.4,-3.4,-3.6,-3.8,-4.4,-3.2,-0.2,30.7,34.7,49.7,13.4,0.0,241.5,26.4,14.5,80.7,,,OBAnorm,,LD831_02097v2.403,,,,0,0
DENATRLA,2025-06-23 08:25:54.000,27.7,26.4,22.4,25.2,22.7,17.3,17.3,14.7,10.8,12.5,13.9,17.5,19.3,21.3,23.0,23.8,24.7,25.0,24.8,23.3,22.1,19.3,16.5,12.9,9.4,6.1,0.2,-3.2,-3.4,-3.8,-4.4,-3.2,-0.2,31.3,36.5,51.6,13.4,0.0,241.1,26.4,14.5,80.7,,,OBAnorm,,LD831_02097v2.403,,,,0,0
DENATRLA,2025-06-23 08:25:55.000,32.5,28.0,26.4,26.0,27.0,19.2,18.3,15.0,11.0,11.6,14.5,18.6,19.3,22.5,22.9,24.1,25.1,25.2,24.2,22.9,21.6,18.7,15.5,12.1,8.0,4.8,-0.4,-3.4,-3.6,-3.8,-4.4,-3.1,-0.2,31.0,37.7,55.6,13.4,0.0,241.0,26.4,14.5,80.7,,,OBAnorm,,LD831_02097v2.403,,,,0,0
DENATRLA,2025-06-23 08:25:56.000,30.8,30.1,30.7,29.6,26.3,22.0,22.1,19.1,16.9,12.9,14.5,17.8,19.7,20.8,22.9,23.1,24.4,25.3,23.7,22.8,21.1,18.7,16.2,12.5,9.0,5.4,0.6,-3.2,-3.3,-3.5,-4.2,-3.1,-0.1,30.9,38.7,55.6,13.4,0.0,240.9,26.4,14.5,80.7,,,OBAnorm,,LD831_02097v2.403,,,,0,0
DENATRLA,2025-06-23 08:25:57.000,38.5,34.7,33.2,29.0,29.7,27.5,23.2,21.9,15.1,12.0,14.5,17.4,19.6,20.0,23.1,23.7,24.2,24.2,24.3,23.7,21.6,18.9,16.1,12.2,9.4,5.8,0.6,-3.1,-3.6,-3.7,-4.3,-3.1,-0.2,30.9,38.4,55.2,13.4,0.0,240.2,26.5,14.5,80.7,,,OBAnorm,,LD831_02097v2.403,,,,0,0
DENATRLA,2025-06-23 08:25:58.000,38.3,36.3,34.5,31.0,26.7,22.8,18.8,14.7,13.1,12.0,13.3,18.4,20.4,21.5,22.3,23.0,23.7,23.6,24.2,23.0,21.3,18.7,16.2,12.7,10.1,6.0,1.1,-2.9,-3.1,-3.5,-4.3,-3.1,-0.1,30.7,35.1,51.9,13.4,0.0,239.3,26.4,14.5,80.7,,,OBAnorm,,LD831_02097v2.403,,,,0,0
DENATRLA,2025-06-23 08:25:59.000,40.4,39.6,27.0,23.9,21.8,17.6,15.8,14.5,11.4,11.2,13.2,17.2,20.1,21.5,22.4,23.0,23.9,24.9,24.3,23.4,21.8,19.3,16.1,13.1,9.6,6.2,2.1,-3.2,-3.6,-3.8,-4.3,-3.1,-0.1,31.0,34.4,47.0,13.4,0.0,239.3,26.4,14.5,80.1,,,OBAnorm,,LD831_02097v2.403,,,,0,0
DENATRLA,2025-06-23 08:26:00.000,33.1,31.8,30.7,26.8,20.9,18.7,17.2,15.5,12.2,11.3,13.9,17.7,20.0,21.2,22.5,22.5,23.9,24.9,23.9,23.9,22.0,19.4,16.9,13.7,11.1,8.6,1.2,-2.8,-3.5,-3.9,-4.4,-3.1,0.0,31.2,34.5,44.5,13.4,0.0,239.3,26.4,14.5,80.1,,,OBAnorm,,LD831_02097v2.403,,,,0,0
DENATRLA,2025-06-23 08:26:01.000,35.3,24.1,26.2,23.6,21.8,21.5,14.3,11.6,11.5,9.9,12.3,16.4,19.3,21.0,23.0,23.9,25.3,25.0,25.0,24.1,22.4,20.8,17.5,14.4,11.4,8.8,2.2,-2.8,-3.4,-3.6,-4.3,-3.1,-0.1,31.9,35.0,45.0,13.4,0.0,239.3,26.4,14.5,80.1,,,OBAnorm,,LD831_02097v2.403,,,,0,0
DENATRLA,2025-06-23 08:26:02.000,31.2,29.1,26.5,25.4,21.0,16.5,17.0,13.8,11.7,11.1,13.8,16.7,18.8,20.8,22.5,23.8,24.7,25.8,25.4,23.7,23.4,20.3,17.2,13.6,12.4,18.3,8.1,-2.3,-3.3,-3.8,-4.2,-2.9,0.0,32.3,35.1,44.0,13.4,0.0,239.3,26.4,14.5,80.1,,,OBAnorm,,LD831_02097v2.403,,,,0,0
DENATRLA,2025-06-23 08:26:03.000,29.1,30.2,29.1,25.7,20.4,18.8,16.0,12.4,12.5,10.9,11.9,15.6,19.4,21.7,22.4,24.1,25.1,25.7,24.9,24.0,22.1,19.6,16.5,14.0,14.0,24.8,19.5,2.3,-3.0,-3.5,-4.1,-3.1,0.0,32.9,35.7,49.0,13.4,0.0,239.4,26.4,14.5,80.1,,,OBAnorm,,LD831_02097v2.403,,,,0,0
DENATRLA,2025-06-23 08:26:04.000,30.9,26.8,29.2,22.3,23.2,18.4,16.4,14.6,11.1,11.7,15.0,15.9,19.7,20.8,22.5,23.0,25.1,24.8,24.2,23.1,22.0,19.1,16.7,13.2,11.0,7.4,1.8,-2.4,-3.4,-3.5,-4.3,-3.0,-0.1,31.2,34.9,49.4,13.4,0.0,239.2,26.4,14.5,80.1,,,OBAnorm,,LD831_02097v2.403,,,,0,0
DENATRLA,2025-06-23 08:26:05.000,32.6,27.0,26.8,25.0,20.5,20.2,16.6,14.7,13.6,12.9,15.5,17.1,20.3,21.3,23.3,22.7,25.2,24.9,25.3,23.6,22.3,19.7,16.7,14.3,10.8,7.7,1.7,-2.6,-3.4,-3.7,-4.3,-3.0,-0.2,31.6,34.9,43.8,13.4,0.0,239.4,26.4,14.5,79.5,,,OBAnorm,,LD831_02097v2.403,,,,0,0
DENATRLA,2025-06-23 08:26:06.000,33.3,31.0,27.4,27.0,25.1,19.8,17.3,16.4,11.1,12.0,14.4,18.2,20.2,22.4,23.1,24.3,25.0,25.7,24.8,24.0,22.7,20.1,17.7,14.4,12.5,9.6,3.2,-1.3,-2.6,-3.0,-4.2,-3.0,-0.2,31.8,35.7,49.1,13.4,0.0,239.3,26.4,14.5,79.5,,,OBAnorm,,LD831_02097v2.403,,,,0,0
DENATRLA,2025-06-23 08:26:07.000,33.3,25.8,24.1,25.8,23.5,20.5,18.3,14.9,13.9,11.9,13.9,19.7,21.4,21.0,22.9,24.3,25.3,25.0,25.5,24.4,22.9,20.2,18.0,15.1,12.7,9.8,3.2,-1.6,-2.7,-3.5,-4.3,-2.9,0.0,32.1,39.6,55.7,13.4,0.0,243.1,26.4,14.5,79.5,,,OBAnorm,,LD831_02097v2.403,,,,0,0
DENATRLA,2025-06-23 08:26:08.000,28.1,29.4,29.0,26.9,25.8,27.2,24.3,20.7,15.1,13.4,15.1,18.3,19.7,22.8,23.9,24.4,25.5,25.5,24.8,23.7,22.6,19.9,17.0,14.9,13.4,10.2,3.3,-1.0,-2.8,-3.6,-4.4,-3.1,-0.1,31.9,41.2,60.3,13.4,0.0,238.8,26.4,14.5,77.8,,,OBAnorm,,LD831_02097v2.403,,,,0,0
DENATRLA,2025-06-23 08:26:09.000,35.0,32.8,35.2,30.6,26.4,19.5,16.8,15.8,12.9,11.7,14.1,17.4,20.0,21.7,22.8,23.8,26.1,25.2,25.2,24.2,22.3,19.2,16.5,14.1,11.1,8.2,2.5,-1.1,-2.8,-3.2,-4.2,-3.1,-0.1,31.8,35.7,51.9,13.4,0.0,255.0,26.4,14.5,77.8,,,OBAnorm,,LD831_02097v2.403,,,,0,0
DENATRLA,2025-06-23 08:26:10.000,39.8,42.3,22.2,25.3,24.4,19.7,17.0,14.9,11.8,13.7,15.9,18.3,21.5,21.1,23.9,23.7,24.5,24.9,24.5,23.6,22.1,19.5,16.1,13.1,11.8,10.5,2.7,-1.1,-2.3,-3.4,-4.4,-3.0,-0.2,31.5,37.1,53.8,13.4,0.0,260.0,26.4,14.5,79.5,,,OBAnorm,,LD831_02097v2.403,,,,0,0
DENATRLA,2025-06-23 08:26:11.000,29.6,28.8,32.2,26.8,19.3,20.1,16.4,16.2,12.6,13.0,17.0,19.4,20.3,21.9,22.9,24.0,25.2,25.3,24.7,23.6,21.8,19.9,16.8,14.7,14.5,11.1,5.9,-1.9,-2.4,-3.7,-4.4,-3.1,-0.2,31.6,35.4,52.6,13.4,0.0,260.1,26.4,14.5,79.5,,,OBAnorm,,LD831_02097v2.403,,,,0,0
DENATRLA,2025-06-23 08:26:12.000,35.2,33.1,26.7,24.7,21.8,18.8,16.7,15.5,11.8,13.4,14.7,19.6,19.7,22.5,22.6,24.2,24.6,24.0,24.0,23.2,21.5,18.8,15.8,13.5,11.7,8.6,3.1,-2.5,-3.3,-3.8,-4.4,-3.1,0.0,31.0,35.6,50.3,13.4,0.0,260.2,26.4,14.5,79.5,,,OBAnorm,,LD831_02097v2.403,,,,0,0
DENATRLA,2025-06-23 08:26:13.000,34.7,29.4,27.2,23.7,23.3,19.0,19.1,16.4,11.6,12.4,15.2,19.3,20.6,22.0,22.4,24.1,23.4,24.1,23.8,23.3,21.4,19.0,15.6,12.1,8.5,5.7,1.4,-2.6,-3.4,-3.8,-4.4,-3.2,-0.1,30.7,35.0,46.1,13.4,0.0,260.2,26.4,14.5,79.5,,,OBAnorm,,LD831_02097v2.403,,,,0,0
DENATRLA,2025-06-23 08:26:14.000,27.6,28.8,27.7,25.6,22.3,21.5,17.4,13.7,12.4,12.4,16.6,18.8,20.5,21.8,22.2,24.5,24.6,24.4,24.0,23.8,21.8,19.0,16.5,12.9,10.3,10.2,2.9,-2.4,-3.1,-3.6,-4.4,-3.2,-0.2,31.3,34.6,41.6,13.4,0.0,260.2,26.4,14.5,79.0,,,OBAnorm,,LD831_02097v2.403,,,,0,0
DENATRLA,2025-06-23 08:26:15.000,36.1,29.6,27.0,26.2,23.4,20.0,18.7,14.5,14.0,11.9,16.7,20.5,22.0,22.6,24.7,24.3,25.3,25.6,25.0,24.4,22.8,20.6,17.4,14.7,14.1,23.1,17.5,-1.4,-2.7,-3.5,-4.4,-3.2,-0.2,32.8,35.9,40.9,13.4,0.0,260.1,26.4,14.5,79.0,,,OBAnorm,,LD831_02097v2.403,,,,0,0
DENATRLA,2025-06-23 08:26:16.000,33.9,27.2,26.8,24.6,24.5,21.9,18.9,16.3,12.2,13.8,17.5,19.5,21.4,23.4,25.2,24.5,25.3,25.6,25.5,24.8,23.3,20.8,17.8,14.5,12.0,17.9,12.9,3.3,-2.6,-3.4,-4.3,-3.2,-0.2,32.8,36.2,43.6,13.4,0.0,260.2,26.4,14.5,79.0,,,OBAnorm,,LD831_02097v2.403,,,,0,0
DENATRLA,2025-06-23 08:26:17.000,28.9,30.1,28.4,28.2,24.1,23.9,22.1,16.0,13.2,12.3,16.5,18.9,20.8,22.5,23.9,24.4,25.7,26.6,26.1,25.3,24.0,21.6,18.3,15.5,11.7,8.6,7.0,3.9,-2.5,-3.5,-4.2,-3.2,-0.1,33.0,36.0,44.3,13.4,0.0,260.2,26.4,14.5,79.0,,,OBAnorm,,LD831_02097v2.403,,,,0,0
DENATRLA,2025-06-23 08:26:18.000,28.9,29.4,27.9,22.2,25.4,20.1,18.9,15.8,11.6,12.8,15.9,20.7,20.2,23.2,24.6,24.8,26.8,26.8,26.9,25.7,24.3,22.1,18.9,15.7,11.9,9.0,7.1,0.0,-2.1,-3.3,-4.2,-3.1,-0.3,33.4,36.4,43.3,13.4,0.0,260.2,26.4,14.6,79.0,,,OBAnorm,,LD831_02097v2.403,,,,0,0
DENATRLA,2025-06-23 08:26:19.000,30.7,33.0,24.1,25.0,25.9,21.8,17.1,14.9,14.8,14.1,15.7,20.5,21.9,22.8,24.7,25.0,26.7,27.1,27.4,25.9,24.4,22.4,19.2,15.8,11.9,8.8,4.2,-1.3,-2.5,-3.2,-4.2,-2.9,-0.2,33.7,36.6,42.9,13.4,0.0,260.2,26.4,14.5,79.0,,,OBAnorm,,LD831_02097v2.403,,,,0,0
DENATRLA,2025-06-23 08:26:20.000,30.1,29.8,27.0,26.8,24.4,19.8,18.5,16.5,13.2,13.5,16.8,20.3,21.8,22.7,25.7,26.9,26.5,28.3,27.4,26.7,25.7,23.3,20.5,16.7,13.0,9.4,4.3,-0.5,-1.7,-2.6,-4.0,-2.9,-0.2,34.6,37.3,44.8,13.4,0.0,260.2,26.4,14.5,79.0,,,OBAnorm,,LD831_02097v2.403,,,,0,0
DENATRLA,2025-06-23 08:26:21.000,30.4,26.3,27.6,27.2,23.9,20.6,18.1,16.4,14.5,14.4,17.0,21.4,21.2,23.3,25.3,26.6,26.6,27.8,28.1,26.8,25.8,23.3,20.0,16.6,13.3,10.8,6.5,-0.2,-2.3,-3.1,-4.2,-3.0,-0.1,34.5,37.3,44.2,13.4,0.0,260.2,26.4,14.6,79.0,,,OBAnorm,,LD831_02097v2.403,,,,0,0
DENATRLA,2025-06-23 08:26:22.000,31.6,32.4,28.9,26.6,27.4,20.6,16.2,16.4,12.5,12.6,18.1,19.9,22.2,23.9,24.9,26.2,27.0,28.4,29.0,27.9,26.2,24.1,21.1,17.5,13.8,11.1,6.3,1.0,-1.0,-2.2,-4.2,-3.1,-0.1,35.3,37.8,43.1,13.4,0.0,260.2,26.4,14.6,79.0,,,OBAnorm,,LD831_02097v2.403,,,,0,0
DENATRLA,2025-06-23 08:26:23.000,32.1,30.8,29.8,26.7,26.6,22.5,18.2,16.6,13.3,15.9,16.5,19.6,22.4,24.4,27.1,26.8,28.1,28.8,29.0,27.5,26.1,23.7,20.9,17.7,14.0,11.5,6.4,1.2,-1.1,-3.0,-4.1,-2.8,-0.1,35.3,37.8,42.6,13.4,0.0,260.2,26.4,14.6,79.0,,,OBAnorm,,LD831_02097v2.403,,,,0,0
DENATRLA,2025-06-23 08:26:24.000,30.0,30.2,28.0,23.2,26.8,23.9,19.7,17.2,13.8,15.7,16.5,20.7,21.2,23.7,25.9,26.2,28.1,28.7,28.5,27.9,26.6,24.2,20.9,17.7,14.3,10.8,6.3,1.1,-1.0,-2.7,-3.9,-2.8,0.0,35.4,37.8,41.2,13.4,0.0,260.2,26.4,14.6,79.0,,,OBAnorm,,LD831_02097v2.403,,,,0,0
DENATRLA,2025-06-23 08:26:25.000,27.0,26.6,26.3,27.4,27.5,21.9,20.3,18.0,16.2,17.0,17.9,20.8,20.9,25.3,25.0,26.7,29.0,28.6,28.6,28.0,26.7,24.4,21.2,18.1,14.3,10.5,6.0,1.1,-0.5,-1.6,-3.2,-2.2,0.0,35.5,38.3,46.6,13.4,0.0,260.2,26.4,14.6,79.0,,,OBAnorm,,LD831_02097v2.403,,,,0,0
DENATRLA,2025-06-23 08:26:26.000,26.9,30.6,29.4,25.8,25.0,22.9,17.3,17.5,15.7,16.0,19.4,20.8,23.9,25.4,26.7,27.1,28.6,28.6,29.1,28.2,26.6,23.9,21.3,17.7,13.3,10.3,5.7,0.8,-0.7,-1.4,-3.0,-2.2,0.1,35.6,39.0,52.8,13.4,0.0,260.2,26.4,14.6,79.0,,,OBAnorm,,LD831_02097v2.403,,,,0,0
DENATRLA,2025-06-23 08:26:27.000,30.7,28.6,29.9,29.2,25.6,24.2,24.4,19.7,17.6,17.8,20.5,21.5,23.4,26.3,25.8,27.4,28.1,27.5,28.5,27.6,25.6,23.4,20.2,16.5,12.8,9.5,4.6,0.3,-0.8,-1.6,-3.5,-2.3,0.0,35.0,42.8,56.9,13.4,0.0,260.1,26.4,14.6,79.0,,,OBAnorm,,LD831_02097v2.403,,,,0,0
DENATRLA,2025-06-23 08:26:28.000,32.6,32.5,33.5,36.9,35.9,34.0,33.0,28.7,21.9,19.5,17.9,22.5,23.4,24.6,26.1,26.9,27.2,28.3,28.6,27.4,26.0,23.1,20.3,16.2,12.4,8.8,4.3,0.3,-0.5,-1.5,-3.2,-2.4,0.0,34.9,44.0,59.3,13.4,0.0,260.9,26.4,14.6,79.0,,,OBAnorm,,LD831_02097v2.403,,,,0,0
DENATRLA,2025-06-23 08:26:29.000,40.7,40.6,35.6,33.7,34.4,30.4,32.8,26.9,19.9,17.6,18.9,21.0,21.3,25.0,26.1,26.8,28.5,28.5,28.0,26.7,26.0,23.3,20.3,16.8,12.9,9.2,4.0,0.2,-0.4,-1.5,-3.0,-2.3,0.1,34.8,45.7,60.0,13.4,0.0,266.3,26.4,14.6,79.0,,,OBAnorm,,LD831_02097v2.403,,,,0,0
DENATRLA,2025-06-23 08:26:30.000,43.7,41.5,43.8,41.5,35.0,34.1,34.4,29.6,22.5,18.2,19.0,22.4,23.1,24.6,25.7,25.6,26.8,28.4,27.7,28.0,26.2,22.8,20.0,16.6,12.5,9.5,4.3,0.8,0.1,-1.1,-2.9,-2.3,0.0,34.8,43.6,58.4,13.4,0.0,266.7,26.5,14.6,78.4,,,OBAnorm,,LD831_02097v2.403,,,,0,0
DENATRLA,2025-06-23 08:26:31.000,49.8,42.3,39.1,38.1,37.0,33.5,27.0,23.8,19.2,20.1,19.9,22.1,24.1,25.3,25.4,26.8,27.4,28.1,27.8,27.3,25.8,23.3,19.8,16.2,12.6,11.4,5.6,0.7,0.8,-0.8,-2.7,-2.3,0.1,34.7,48.5,63.9,13.4,0.0,259.7,26.4,14.6,77.8,,,OBAnorm,,LD831_02097v2.403,,,,0,0
DENATRLA,2025-06-23 08:26:32.000,49.5,40.6,39.2,38.4,37.6,32.4,34.8,32.9,28.4,24.8,21.1,22.5,21.9,25.7,25.1,25.7,27.9,27.8,27.9,27.8,25.2,22.7,19.7,15.7,13.6,19.6,13.2,1.8,-0.6,-1.8,-3.3,-2.4,0.2,34.8,50.9,66.1,13.4,0.2,270.8,26.4,14.6,78.4,,,OBAnorm,,LD831_02097v2.403,,,,0,0
DENATRLA,2025-06-23 08:26:33.000,44.7,42.9,47.3,44.8,40.4,36.6,35.0,33.9,29.8,24.1,20.2,21.9,22.6,23.3,25.3,26.4,28.0,27.4,27.9,27.6,25.0,22.6,18.8,15.2,11.6,9.1,4.9,0.6,0.0,-1.2,-2.8,-1.9,0.4,34.5,53.4,71.4,13.4,0.4,259.9,26.5,14.6,78.4,,,OBAnorm,,LD831_02097v2.403,,,,0,0
DENATRLA,2025-06-23 08:26:34.000,56.6,53.1,52.2,50.4,44.9,37.9,36.4,32.8,25.7,18.2,19.0,21.7,23.3,22.9,25.1,26.5,27.1,27.9,27.1,26.8,24.9,22.0,18.7,15.1,12.2,9.2,5.2,0.6,-0.4,-1.7,-3.2,-2.4,0.2,34.1,49.6,70.0,13.4,0.5,276.0,26.4,14.6,78.4,,,OBAnorm,,LD831_02097v2.403,,,,0,0
DENATRLA,2025-06-23 08:26:35.000,50.7,52.0,46.5,43.2,43.1,32.4,26.4,20.4,16.8,15.7,19.4,19.6,23.0,23.4,24.8,26.6,26.4,27.3,27.1,26.2,24.9,21.9,18.7,15.6,11.7,9.0,5.1,0.3,-0.8,-2.2,-3.7,-2.8,-0.1,33.9,43.2,63.3,13.4,0.5,264.8,26.4,14.6,79.0,,,OBAnorm,,LD831_02097v2.403,,,,0,0
DENATRLA,2025-06-23 08:26:36.000,58.6,45.2,39.8,35.4,31.6,26.8,19.5,16.6,15.1,15.1,16.1,20.8,22.7,24.7,25.7,25.4,26.0,26.7,27.1,26.1,24.8,22.2,18.8,15.4,12.0,8.4,5.5,0.6,-1.0,-2.4,-3.8,-2.8,-0.2,33.6,37.6,51.1,13.4,0.5,275.9,26.4,14.6,79.0,,,OBAnorm,,LD831_02097v2.403,,,,0,0
DENATRLA,2025-06-23 08:26:37.000,48.1,43.6,33.6,27.6,26.0,20.5,20.0,16.9,14.2,13.1,17.6,20.8,22.0,23.2,24.3,26.1,26.9,26.7,26.9,26.7,24.7,22.2,18.7,15.5,11.4,8.4,4.3,0.2,-1.5,-2.8,-4.0,-2.9,0.0,33.7,37.3,53.6,13.4,0.5,265.2,26.5,14.6,79.0,,,OBAnorm,,LD831_02097v2.403,,,,0,0
DENATRLA,2025-06-23 08:26:38.000,42.9,32.6,34.0,27.5,23.6,23.7,21.2,16.9,12.7,15.1,17.3,20.3,23.2,23.2,24.1,26.2,26.5,26.7,27.0,26.3,24.3,22.1,18.4,14.5,10.7,7.9,3.5,-0.9,-2.0,-3.1,-4.0,-2.9,0.1,33.5,38.8,56.1,13.4,0.5,276.3,26.4,14.6,79.0,,,OBAnorm,,LD831_02097v2.403,,,,0,0
DENATRLA,2025-06-23 08:26:39.000,36.1,30.8,29.4,31.1,24.1,25.4,20.1,20.1,14.9,12.4,16.3,19.9,23.1,24.0,25.0,25.8,25.7,26.9,26.5,25.7,24.0,20.6,17.5,13.5,10.3,7.3,3.2,-1.6,-2.0,-2.7,-3.9,-3.0,-0.1,33.1,42.3,61.8,13.4,0.5,265.2,26.4,14.6,79.0,,,OBAnorm,,LD831_02097v2.403,,,,0,0
DENATRLA,2025-06-23 08:26:40.000,33.1,32.9,34.6,33.1,30.6,25.2,24.4,18.4,12.2,14.3,18.4,19.6,22.6,23.9,24.3,26.1,25.5,25.7,25.6,24.6,22.5,20.1,17.0,13.3,9.4,7.1,3.8,-0.9,-1.9,-2.7,-3.9,-2.8,0.0,32.4,39.3,59.7,13.4,0.5,257.3,26.4,14.6,78.4,,,OBAnorm,,LD831_02097v2.403,,,,0,0
DENATRLA,2025-06-23 08:26:41.000,40.4,38.4,36.3,33.9,30.9,26.4,22.7,16.8,15.0,13.3,15.9,19.3,22.1,22.4,23.9,24.4,25.7,25.5,25.2,24.5,22.5,20.0,16.6,12.5,9.2,6.8,7.6,-0.3,-2.2,-2.9,-4.1,-3.0,-0.1,32.0,41.4,59.1,13.4,0.6,262.4,26.5,14.6,79.0,,,OBAnorm,,LD831_02097v2.403,,,,0,0
DENATRLA,2025-06-23 08:26:42.000,44.2,37.8,34.0,31.8,30.6,30.3,28.0,23.5,19.2,14.3,15.5,19.4,20.5,21.7,24.7,25.3,25.5,25.9,25.1,24.7,23.3,20.1,17.1,13.6,9.8,6.7,2.2,-1.3,-2.1,-3.1,-3.9,-3.0,0.0,32.3,41.6,59.6,13.4,0.7,262.4,26.5,14.6,79.0,,,OBAnorm,,LD831_02097v2.403,,,,0,0
DENATRLA,2025-06-23 08:26:43.000,44.7,40.4,41.7,36.3,32.1,27.4,22.8,17.4,15.0,15.3,16.8,19.9,21.4,22.8,24.1,25.1,25.7,26.7,26.1,24.9,23.3,21.2,17.7,13.9,10.3,7.1,2.5,-1.7,-2.3,-2.9,-4.0,-3.0,-0.1,32.8,42.4,63.3,13.4,0.7,262.4,26.5,14.6,79.0,,,OBAnorm,,LD831_02097v2.403,,,,0,0
DENATRLA,2025-06-23 08:26:44.000,44.0,37.4,35.5,33.9,34.0,27.5,23.9,22.1,16.3,13.2,15.3,18.2,23.0,22.2,24.7,24.8,25.3,26.3,26.0,24.3,22.9,20.2,16.9,13.2,9.7,6.5,1.8,-1.3,-2.3,-2.9,-4.0,-2.9,-0.1,32.3,39.7,59.6,13.4,0.6,262.4,26.5,14.6,77.8,,,OBAnorm,,LD831_02097v2.403,,,,0,0
DENATRLA,2025-06-23 08:26:45.000,42.3,38.3,35.5,28.1,29.8,24.1,18.5,14.8,14.4,12.7,16.3,18.2,20.3,21.8,24.4,24.1,26.4,25.1,26.1,24.8,23.1,19.8,15.8,12.7,8.5,6.3,2.1,-2.4,-2.8,-3.4,-4.1,-3.2,-0.1,32.4,36.0,48.9,13.4,0.5,262.4,26.5,14.6,78.4,,,OBAnorm,,LD831_02097v2.403,,,,0,0
DENATRLA,2025-06-23 08:26:46.000,39.6,38.4,35.1,27.0,23.5,23.1,17.7,13.2,14.2,10.5,16.1,18.1,20.8,22.0,23.3,24.9,24.8,26.4,25.7,23.9,21.9,19.1,16.1,13.6,9.6,9.3,6.9,7.7,4.8,0.8,-2.2,-3.0,-0.1,31.9,35.5,47.0,13.4,0.5,262.4,26.5,14.6,79.6,,,OBAnorm,,LD831_02097v2.403,,,,0,0
DENATRLA,2025-06-23 08:26:47.000,35.5,34.7,25.5,27.4,23.7,22.7,19.0,17.5,13.1,12.8,15.6,18.0,20.4,21.6,23.1,23.5,25.4,25.9,25.3,24.2,21.8,19.6,16.6,13.7,11.5,17.8,14.0,7.1,4.4,-0.6,-3.1,-3.0,-0.2,32.2,35.2,44.8,13.4,0.5,262.4,26.4,14.6,79.6,,,OBAnorm,,LD831_02097v2.403,,,,0,0
DENATRLA,2025-06-23 08:26:48.000,31.5,29.7,24.6,24.7,21.3,18.9,18.0,14.4,14.0,12.8,15.8,18.2,20.1,21.7,23.5,24.6,26.2,25.7,25.3,24.0,22.3,18.9,15.6,12.4,10.4,18.0,16.6,5.0,3.1,-2.4,-3.8,-3.1,-0.1,32.2,35.3,43.9,13.4,0.5,262.4,26.5,14.6,79.6,,,OBAnorm,,LD831_02097v2.403,,,,0,0
DENATRLA,2025-06-23 08:26:49.000,28.5,28.4,27.4,25.6,23.4,19.8,18.2,18.4,12.1,12.1,15.1,16.6,20.3,22.4,24.1,23.5,24.6,26.0,25.4,23.6,22.3,19.0,16.0,12.4,8.9,8.3,3.6,0.9,1.5,-2.9,-3.8,-3.1,-0.3,31.7,35.0,44.5,13.4,0.5,262.4,26.5,14.6,79.6,,,OBAnorm,,LD831_02097v2.403,,,,0,0
DENATRLA,2025-06-23 08:26:50.000,30.7,25.4,24.1,23.6,21.1,20.4,18.4,14.6,12.6,12.9,15.9,18.4,18.6,22.2,24.3,24.8,25.9,26.0,25.3,24.4,22.0,19.1,16.5,12.4,9.6,6.0,1.2,-2.8,-3.4,-3.7,-4.3,-3.1,-0.1,32.0,35.5,44.7,13.4,0.5,262.4,26.5,14.6,79.6,,,OBAnorm,,LD831_02097v2.403,,,,0,0
DENATRLA,2025-06-23 08:26:51.000,30.3,29.9,24.2,24.2,20.8,20.2,17.1,17.3,12.6,11.6,14.7,18.6,20.0,22.1,23.4,24.3,25.8,25.8,26.4,23.7,22.4,19.4,16.6,12.6,8.8,5.6,0.9,-3.1,-3.4,-3.7,-4.3,-3.0,-0.1,32.1,35.2,41.2,13.4,0.5,262.4,26.5,14.6,79.6,,,OBAnorm,,LD831_02097v2.403,,,,0,0
DENATRLA,2025-06-23 08:26:52.000,30.3,30.5,26.6,25.0,25.8,20.9,17.9,15.6,12.5,10.3,15.1,18.1,19.4,22.9,23.1,24.2,26.4,26.6,26.5,25.1,23.2,19.2,16.5,13.3,8.9,6.3,1.4,-3.1,-3.3,-3.8,-4.4,-3.1,-0.1,32.5,35.6,47.6,13.4,0.5,262.4,26.4,14.6,79.6,,,OBAnorm,,LD831_02097v2.403,,,,0,0
DENATRLA,2025-06-23 08:26:53.000,28.5,25.4,27.2,23.1,21.1,18.1,16.6,16.8,12.2,12.6,15.2,18.0,20.3,21.5,23.6,24.8,25.0,26.2,26.0,24.4,22.4,19.4,16.1,12.8,8.2,5.6,6.2,-0.7,-3.6,-3.9,-4.4,-3.2,-0.1,32.0,35.2,42.7,13.4,0.5,262.4,26.5,14.6,79.6,,,OBAnorm,,LD831_02097v2.403,,,,0,0
DENATRLA,2025-06-23 08:26:54.000,28.5,26.7,27.1,26.2,23.8,20.5,17.6,14.6,12.6,11.2,14.0,17.0,20.0,21.8,23.3,24.7,25.6,25.4,26.1,25.2,22.7,19.6,16.0,12.8,8.7,6.1,8.0,-1.2,-3.6,-3.9,-4.4,-3.2,-0.1,32.2,35.4,47.0,13.4,0.2,262.4,26.5,14.6,79.6,,,OBAnorm,,LD831_02097v2.403,,,,0,0
DENATRLA,2025-06-23 08:26:55.000,32.8,28.2,30.6,23.8,21.6,21.8,16.0,15.0,12.7,12.4,15.4,18.2,20.4,21.1,23.8,23.5,25.4,26.4,25.6,23.6,22.2,19.2,16.1,12.6,8.9,5.9,1.4,-3.0,-3.5,-3.8,-4.5,-3.1,-0.1,32.0,35.4,41.1,13.4,0.0,262.4,26.5,14.6,79.6,,,OBAnorm,,LD831_02097v2.403,,,,0,0
DENATRLA,2025-06-23 08:26:56.000,27.2,27.9,28.9,24.0,24.2,17.3,16.2,15.4,12.7,11.7,15.1,19.3,20.2,21.3,23.8,24.4,26.2,26.1,25.2,24.3,22.4,19.5,16.0,12.7,9.3,7.0,2.5,-2.4,-3.3,-3.8,-4.4,-3.2,-0.1,32.0,40.2,61.3,13.4,0.0,262.4,26.5,14.6,79.6,,,OBAnorm,,LD831_02097v2.403,,,,0,0
DENATRLA,2025-06-23 08:26:57.000,32.0,27.0,27.2,30.2,26.7,25.5,22.2,19.6,14.3,14.5,15.3,18.3,19.3,21.2,24.3,24.9,25.6,26.0,25.2,24.5,22.9,20.1,16.8,13.2,9.6,7.0,3.9,-0.8,-2.9,-3.6,-4.3,-3.0,-0.2,32.2,38.8,55.7,13.4,0.0,262.4,26.4,14.6,79.6,,,OBAnorm,,LD831_02097v2.403,,,,0,0
DENATRLA,2025-06-23 08:26:58.000,40.9,35.4,33.4,31.7,26.0,24.8,19.1,19.3,13.7,13.5,14.0,18.9,20.9,22.1,22.6,24.2,25.1,25.6,25.2,24.2,22.3,19.6,16.6,13.2,9.4,7.2,5.2,-0.4,-2.5,-3.8,-4.4,-3.2,-0.2,31.8,40.4,59.7,13.4,0.0,262.4,26.5,14.6,79.6,,,OBAnorm,,LD831_02097v2.403,,,,0,0
DENATRLA,2025-06-23 08:26:59.000,41.8,39.9,38.2,33.3,29.2,25.0,20.6,16.8,14.0,11.7,14.4,17.7,20.7,21.2,23.3,24.1,24.9,25.3,25.4,24.2,22.5,20.0,16.7,13.1,9.6,9.1,13.1,4.7,-2.2,-3.4,-4.2,-3.0,-0.1,31.9,39.8,59.5,13.4,0.0,262.4,26.5,14.6,79.6,,,OBAnorm,,LD831_02097v2.403,,,,0,0
DENATRLA,2025-06-23 08:27:00.000,39.8,37.9,33.1,32.4,25.8,25.6,18.9,15.8,13.3,10.2,14.3,18.1,20.3,21.7,23.3,23.9,25.2,26.0,25.5,25.1,22.4,19.9,17.0,13.6,9.7,8.4,12.6,2.9,-2.2,-3.5,-4.3,-3.1,-0.1,32.2,37.1,53.7,13.4,0.0,267.8,26.5,14.6,79.6,,,OBAnorm,,LD831_02097v2.403,,,,0,0
DENATRLA,2025-06-23 08:27:01.000,41.1,42.3,34.9,29.5,25.1,22.5,18.5,17.1,14.0,10.4,15.5,17.7,20.2,21.1,23.4,22.7,25.2,25.9,25.7,24.2,22.5,20.0,17.0,13.7,11.4,15.7,8.3,0.0,-2.6,-3.6,-4.3,-3.2,0.0,32.1,39.4,55.4,13.4,0.0,273.5,26.5,14.6,79.6,,,OBAnorm,,LD831_02097v2.403,,,,0,0
DENATRLA,2025-06-23 08:27:02.000,41.3,37.0,35.5,31.9,26.3,22.2,18.8,15.5,11.8,10.1,13.3,16.5,20.3,22.1,22.8,24.5,25.5,25.6,25.4,23.8,22.2,19.2,16.5,13.3,11.3,16.6,12.5,3.5,-2.6,-3.8,-4.4,-3.2,-0.1,32.0,37.9,55.6,13.4,0.0,273.3,26.5,14.6,78.4,,,OBAnorm,,LD831_02097v2.403,,,,0,0
DENATRLA,2025-06-23 08:27:03.000,37.7,38.4,32.6,25.4,25.7,21.5,19.2,18.9,16.0,12.8,15.1,17.7,20.7,21.3,21.8,24.1,25.5,26.1,25.8,23.6,21.5,18.7,15.6,12.4,8.6,6.8,4.3,-1.0,-2.9,-3.8,-4.4,-3.1,-0.2,31.7,38.0,57.6,13.4,0.0,301.3,26.5,14.6,78.4,,,OBAnorm,,LD831_02097v2.403,,,,0,0
DENATRLA,2025-06-23 08:27:04.000,40.4,32.3,30.7,27.9,26.5,23.0,21.8,16.3,13.4,13.0,13.2,18.1,19.7,21.9,23.3,23.9,25.7,25.5,25.8,24.1,21.8,19.5,16.5,12.4,8.8,6.1,3.8,-1.2,-2.9,-3.8,-4.4,-3.1,-0.1,31.7,39.5,58.2,13.4,0.2,340.0,26.5,14.6,80.1,,,OBAnorm,,LD831_02097v2.403,,,,0,0
DENATRLA,2025-06-23 08:27:05.000,38.8,32.5,29.1,29.7,26.3,23.2,19.0,17.1,14.4,10.9,14.5,17.0,19.9,20.7,23.1,25.0,25.1,25.9,25.4,24.2,22.0,19.7,16.4,13.1,9.7,7.1,4.6,-0.2,-2.4,-3.7,-4.3,-3.2,-0.1,31.9,41.1,56.5,13.4,0.3,340.0,26.5,14.6,79.0,,,OBAnorm,,LD831_02097v2.403,,,,0,0
DENATRLA,2025-06-23 08:27:06.000,42.8,32.6,39.2,34.5,32.1,25.4,21.6,16.6,13.3,12.1,14.3,17.6,19.0,21.7,22.6,24.0,25.5,25.3,25.1,24.2,22.6,20.0,17.3,13.8,10.2,8.7,6.6,1.9,-0.6,-3.3,-3.9,-2.9,-0.1,31.9,39.0,54.9,13.4,0.3,342.6,26.5,14.7,79.0,,,OBAnorm,,LD831_02097v2.403,,,,0,0
DENATRLA,2025-06-23 08:27:07.000,42.1,42.3,36.5,32.7,28.5,23.2,17.7,15.9,11.8,12.3,11.7,18.0,19.7,20.4,23.3,24.3,26.4,25.9,25.8,24.9,21.9,20.2,17.0,13.0,9.8,7.9,6.9,0.9,-1.3,-3.2,-4.1,-3.0,0.0,32.3,38.5,55.9,13.4,0.3,342.6,26.5,14.7,80.1,,,OBAnorm,,LD831_02097v2.403,,,,0,0
DENATRLA,2025-06-23 08:27:08.000,45.2,36.6,33.5,30.8,26.4,23.2,19.4,16.0,12.7,12.2,14.9,16.7,19.0,20.8,23.5,24.3,24.9,26.4,25.7,24.3,22.2,19.7,16.5,12.8,9.0,6.7,5.5,-1.0,-2.9,-3.7,-4.4,-3.1,-0.2,32.0,38.7,55.5,13.4,0.3,342.6,26.5,14.7,80.1,,,OBAnorm,,LD831_02097v2.403,,,,0,0
DENATRLA,2025-06-23 08:27:09.000,43.5,36.0,30.4,31.2,22.2,19.5,17.5,14.8,10.8,10.9,15.2,17.7,21.2,21.9,23.3,23.6,25.4,25.6,26.0,24.7,22.5,19.6,16.6,12.9,9.2,7.2,3.3,-1.5,-3.1,-3.7,-4.4,-3.0,0.0,32.2,38.7,56.7,13.4,0.3,328.8,26.5,14.7,77.9,,,OBAnorm,,LD831_02097v2.403,,,,0,0
DENATRLA,2025-06-23 08:27:10.000,38.5,37.1,34.9,27.5,25.9,20.6,17.9,15.9,13.2,12.5,14.7,18.2,19.3,21.2,23.5,25.0,25.2,26.4,26.3,24.9,22.7,20.1,16.9,13.0,9.3,6.4,2.5,-2.2,-3.4,-3.9,-4.4,-3.2,-0.2,32.3,40.4,57.9,13.4,0.3,328.8,26.5,14.7,77.3,,,OBAnorm,,LD831_02097v2.403,,,,0,0
DENATRLA,2025-06-23 08:27:11.000,41.1,37.9,34.5,35.2,31.0,26.7,22.5,16.1,15.7,13.1,14.7,16.7,19.8,22.8,24.0,24.5,25.4,26.6,26.5,24.9,22.5,19.9,17.0,13.4,9.3,6.0,1.3,-3.2,-3.7,-3.9,-4.4,-3.1,0.0,32.5,39.4,59.2,13.4,0.3,342.6,26.5,14.7,79.6,,,OBAnorm,,LD831_02097v2.403,,,,0,0
DENATRLA,2025-06-23 08:27:12.000,38.8,39.0,35.1,34.1,29.9,25.2,22.7,19.6,14.6,10.8,15.8,18.2,19.0,22.3,23.0,24.4,26.1,26.5,26.0,25.7,23.1,20.3,17.2,13.7,9.6,6.2,2.2,-3.1,-3.7,-3.8,-4.4,-3.1,-0.1,32.5,41.0,55.5,13.4,0.3,342.6,26.5,14.7,80.1,,,OBAnorm,,LD831_02097v2.403,,,,0,0
DENATRLA,2025-06-23 08:27:13.000,41.9,38.1,32.4,34.1,30.9,26.0,21.2,18.6,12.7,12.1,16.8,17.2,19.3,22.4,24.5,24.5,26.1,26.3,25.9,25.1,23.4,20.2,17.1,13.9,9.9,7.0,2.8,-2.5,-3.4,-3.9,-4.4,-3.1,-0.1,32.7,41.6,59.7,13.4,0.3,342.6,26.5,14.7,80.1,,,OBAnorm,,LD831_02097v2.403,,,,0,0
DENATRLA,2025-06-23 08:27:14.000,36.4,39.9,36.4,36.5,28.6,28.1,22.1,16.3,16.4,13.8,15.0,17.3,21.0,22.6,24.4,25.6,26.3,26.6,26.8,25.3,23.2,20.5,17.7,14.1,10.5,7.2,3.2,-2.1,-3.5,-3.8,-4.4,-3.0,-0.1,32.9,40.0,57.0,13.4,0.3,342.6,26.5,14.7,80.1,,,OBAnorm,,LD831_02097v2.403,,,,0,0
DENATRLA,2025-06-23 08:27:15.000,41.7,43.5,37.2,34.6,28.7,21.4,20.1,17.1,13.1,11.9,14.6,17.4,20.9,22.9,23.4,24.9,26.7,26.3,26.5,25.3,23.3,20.4,17.2,14.9,11.1,7.9,4.7,-1.6,-3.2,-3.9,-4.4,-3.1,-0.2,32.8,42.3,61.3,13.4,0.3,342.6,26.5,14.7,80.1,,,OBAnorm,,LD831_02097v2.403,,,,0,0
DENATRLA,2025-06-23 08:27:16.000,45.3,41.2,33.1,36.6,30.9,30.8,22.5,20.3,18.3,13.3,15.0,18.6,21.4,23.2,24.5,24.4,25.8,26.2,26.1,24.6,22.8,20.5,17.3,14.1,9.8,8.0,4.3,-2.0,-3.4,-3.9,-4.4,-3.2,-0.2,32.5,42.6,63.5,13.4,0.3,342.7,26.5,14.7,80.1,,,OBAnorm,,LD831_02097v2.403,,,,0,0
DENATRLA,2025-06-23 08:27:17.000,36.5,41.9,36.6,35.7,33.2,28.2,23.5,22.2,14.5,13.9,17.0,18.4,20.8,23.1,23.7,25.0,26.5,27.2,26.5,25.4,23.2,20.6,17.4,14.2,12.0,20.9,12.0,3.1,-3.4,-3.8,-4.4,-3.3,-0.2,33.3,39.9,54.5,13.4,0.3,342.6,26.5,14.7,80.1,,,OBAnorm,,LD831_02097v2.403,,,,0,0
DENATRLA,2025-06-23 08:27:18.000,46.8,45.1,38.0,34.2,28.0,22.6,16.6,16.3,11.0,13.3,15.6,18.7,22.1,23.1,24.9,25.7,25.9,26.6,26.5,25.8,23.7,21.7,18.0,14.7,10.6,8.1,4.5,-1.7,-3.5,-3.9,-4.4,-3.1,-0.2,33.2,38.1,57.1,13.4,0.1,342.6,26.5,14.7,80.1,,,OBAnorm,,LD831_02097v2.403,,,,0,0
DENATRLA,2025-06-23 08:27:19.000,41.8,41.2,33.9,30.0,24.9,20.5,17.3,17.1,12.3,13.2,15.5,17.9,21.5,24.2,25.0,26.7,27.1,27.0,26.5,25.4,23.8,21.3,18.3,14.5,10.4,7.6,2.4,-2.8,-3.5,-4.0,-4.4,-3.2,-0.1,33.2,37.2,50.4,13.4,0.0,342.5,26.5,14.7,80.1,,,OBAnorm,,LD831_02097v2.403,,,,0,0
DENATRLA,2025-06-23 08:27:20.000,40.6,33.9,31.4,24.6,23.4,20.8,18.0,14.0,13.2,13.7,15.1,18.6,21.7,23.8,25.1,24.8,25.6,27.1,26.4,25.6,24.5,21.3,18.1,14.5,10.5,6.9,7.7,-2.3,-3.7,-3.9,-4.4,-3.2,-0.1,33.3,36.9,50.1,13.4,0.0,342.4,26.5,14.7,80.1,,,OBAnorm,,LD831_02097v2.403,,,,0,0
DENATRLA,2025-06-23 08:27:21.000,35.5,33.8,31.6,25.9,21.4,21.5,20.0,15.3,13.2,13.8,15.4,18.4,22.1,23.5,24.3,24.4,25.8,26.2,26.0,24.8,23.0,20.6,17.2,13.9,9.3,6.3,6.3,-2.0,-3.8,-3.9,-4.4,-3.1,-0.1,32.5,35.9,46.7,13.4,0.0,342.7,26.5,14.7,80.1,,,OBAnorm,,LD831_02097v2.403,,,,0,0
DENATRLA,2025-06-23 08:27:22.000,33.1,29.1,27.9,25.8,24.1,21.1,17.6,16.2,13.4,12.3,16.2,18.9,21.6,23.2,23.7,24.7,25.3,26.2,25.8,24.8,22.8,20.2,16.9,13.2,9.2,5.4,1.4,-3.3,-3.7,-4.0,-4.4,-3.2,-0.2,32.3,35.8,49.6,13.4,0.0,342.6,26.5,14.7,80.1,,,OBAnorm,,LD831_02097v2.403,,,,0,0
DENATRLA,2025-06-23 08:27:23.000,34.2,29.3,22.9,24.4,21.4,19.2,18.6,16.1,11.8,12.9,14.9,16.2,19.9,22.6,23.8,23.8,25.8,25.5,26.3,25.2,23.2,20.4,17.7,13.4,9.5,6.8,1.5,-2.9,-3.7,-3.9,-4.4,-3.1,-0.2,32.4,36.0,49.5,13.4,0.0,342.6,26.5,14.7,80.1,,,OBAnorm,,LD831_02097v2.403,,,,0,0
DENATRLA,2025-06-23 08:27:24.000,29.8,22.3,30.4,26.0,23.0,21.2,18.4,18.0,11.8,12.0,16.6,19.1,21.0,22.5,24.5,24.5,26.4,25.8,25.6,24.8,22.7,20.9,17.6,13.9,10.3,7.0,1.3,-3.1,-3.7,-3.9,-4.5,-3.0,-0.1,32.4,38.3,54.7,13.4,0.0,342.7,26.5,14.7,80.1,,,OBAnorm,,LD831_02097v2.403,,,,0,0
DENATRLA,2025-06-23 08:27:25.000,30.3,31.9,33.3,26.8,25.6,22.5,17.8,14.4,13.1,12.5,15.3,19.3,21.6,22.5,23.9,24.6,25.2,26.3,26.4,24.9,23.6,20.9,18.1,14.5,10.1,7.1,1.8,-3.1,-3.7,-3.9,-4.5,-3.3,-0.3,32.7,36.4,48.2,13.4,0.0,342.3,26.5,14.7,80.1,,,OBAnorm,,LD831_02097v2.403,,,,0,0
DENATRLA,2025-06-23 08:27:26.000,35.4,35.9,33.1,26.7,25.0,20.9,20.2,16.6,14.0,11.4,13.8,18.5,20.6,22.5,23.8,24.8,26.1,26.3,25.9,24.8,23.9,21.2,18.4,14.4,10.5,7.3,2.2,-2.8,-3.4,-4.0,-4.5,-3.2,-0.1,32.7,37.0,53.8,13.4,0.0,342.6,26.5,14.7,80.1,,,OBAnorm,,LD831_02097v2.403,,,,0,0
DENATRLA,2025-06-23 08:27:27.000,37.5,34.0,28.2,30.0,23.9,20.9,20.0,14.6,12.1,13.6,15.8,19.1,21.7,22.7,23.6,25.4,26.1,26.4,27.0,25.8,24.1,21.5,18.1,14.5,10.7,7.8,3.1,-2.6,-3.6,-3.9,-4.4,-3.2,-0.1,33.2,36.8,49.7,13.4,0.0,342.6,26.5,14.7,80.1,,,OBAnorm,,LD831_02097v2.403,,,,0,0
DENATRLA,2025-06-23 08:27:28.000,31.0,31.6,32.9,27.7,23.9,20.3,17.5,18.5,13.0,12.4,15.6,17.9,20.4,22.0,24.1,25.7,26.1,26.3,26.3,25.9,23.8,21.4,18.8,14.9,11.3,7.8,3.2,-1.9,-3.4,-3.8,-4.3,-3.0,-0.1,33.2,36.8,53.9,13.4,0.0,342.6,26.5,14.7,80.1,,,OBAnorm,,LD831_02097v2.403,,,,0,0
DENATRLA,2025-06-23 08:27:29.000,38.8,27.7,30.7,24.6,22.6,19.0,17.7,16.6,14.2,14.9,16.4,20.7,21.8,23.2,24.7,25.3,25.8,26.9,26.9,26.4,24.6,22.4,19.4,15.4,11.7,9.0,4.4,-0.8,-2.8,-3.7,-4.4,-3.2,-0.1,33.5,36.8,48.5,13.4,0.0,342.6,26.5,14.7,80.1,,,OBAnorm,,LD831_02097v2.403,,,,0,0
DENATRLA,2025-06-23 08:27:30.000,31.9,31.1,30.2,26.2,25.7,21.9,19.7,16.5,13.1,15.7,18.1,20.2,22.0,23.8,24.4,25.7,26.1,27.0,26.9,26.2,24.5,22.4,18.7,15.2,11.0,8.7,5.2,0.2,-1.8,-3.3,-4.0,-2.9,-0.2,33.6,36.5,45.4,13.4,0.0,342.6,26.5,14.7,80.1,,,OBAnorm,,LD831_02097v2.403,,,,0,0
DENATRLA,2025-06-23 08:27:31.000,31.9,32.7,26.0,24.7,23.1,18.9,18.8,16.6,12.5,13.3,17.4,19.4,22.4,24.2,25.4,25.1,26.3,28.1,26.6,25.9,24.1,22.1,18.2,14.3,11.5,17.9,9.4,0.7,-1.2,-1.7,-3.7,-2.7,0.0,33.7,37.0,47.8,13.4,0.0,342.6,26.5,14.7,80.1,,,OBAnorm,,LD831_02097v2.403,,,,0,0
DENATRLA,2025-06-23 08:27:32.000,28.6,27.9,26.7,27.1,24.4,21.0,20.9,17.4,14.0,14.1,17.1,20.5,23.4,24.1,25.1,24.7,25.7,27.2,26.5,25.7,24.0,21.5,18.1,14.0,10.4,14.7,10.4,0.7,-2.7,-3.6,-4.3,-3.0,0.0,33.3,36.8,51.8,13.4,0.0,342.6,26.5,14.7,80.1,,,OBAnorm,,LD831_02097v2.403,,,,0,0
DENATRLA,2025-06-23 08:27:33.000,32.1,27.8,26.9,26.4,21.1,21.7,18.9,15.6,14.7,15.4,16.5,20.7,23.1,22.7,24.5,25.7,25.9,26.5,25.8,25.2,23.6,20.3,17.0,13.3,9.7,7.6,4.5,-0.2,-2.2,-3.5,-4.3,-2.9,-0.3,32.7,36.5,46.4,13.4,0.0,342.6,26.5,14.7,80.1,,,OBAnorm,,LD831_02097v2.403,,,,0,0
DENATRLA,2025-06-23 08:27:34.000,32.2,31.1,32.2,24.2,22.7,22.6,17.9,18.2,15.3,13.9,17.6,18.5,22.4,24.1,24.3,25.6,25.5,26.0,26.1,25.0,22.6,20.2,17.3,13.6,10.0,8.9,6.5,1.6,-0.9,-3.4,-4.3,-3.2,0.0,32.6,36.9,47.6,13.4,0.0,342.7,26.5,14.7,80.1,,,OBAnorm,,LD831_02097v2.403,,,,0,0
DENATRLA,2025-06-23 08:27:35.000,31.4,28.1,30.7,25.9,23.5,22.3,18.5,17.9,15.0,13.5,16.0,18.9,21.7,23.2,24.6,25.0,26.9,26.3,26.7,25.1,22.9,20.2,17.4,14.1,10.9,9.5,7.3,2.6,-0.1,-3.3,-4.3,-3.0,-0.1,32.8,36.4,48.3,13.4,0.0,342.6,26.5,14.7,80.1,,,OBAnorm,,LD831_02097v2.403,,,,0,0
DENATRLA,2025-06-23 08:27:36.000,26.4,29.7,29.8,26.9,22.8,20.9,16.5,18.1,13.9,14.0,16.8,19.9,21.4,24.8,24.4,25.1,26.0,26.9,26.6,25.6,23.3,21.2,18.2,14.2,11.5,10.6,8.1,3.4,1.1,-1.9,-4.0,-3.0,0.0,33.2,37.1,49.3,13.4,0.0,342.6,26.5,14.7,79.6,,,OBAnorm,,LD831_02097v2.403,,,,0,0
DENATRLA,2025-06-23 08:27:37.000,30.7,30.1,29.4,27.0,23.4,20.4,17.6,17.0,13.5,14.5,16.6,21.2,22.5,22.8,25.2,26.4,26.4,27.1,26.6,25.7,23.8,21.5,18.7,15.0,11.6,10.7,8.1,2.7,0.1,-3.2,-4.2,-2.9,-0.1,33.4,37.5,52.8,13.4,0.0,342.7,26.5,14.7,79.6,,,OBAnorm,,LD831_02097v2.403,,,,0,0
DENATRLA,2025-06-23 08:27:38.000,33.2,27.4,29.5,28.7,26.9,22.1,20.3,18.5,14.1,12.9,16.9,20.0,22.5,24.3,25.4,25.7,26.8,27.1,27.1,25.9,23.5,22.6,19.3,15.8,12.6,11.5,9.1,3.7,1.1,-2.4,-3.4,-2.9,-0.1,33.6,37.9,55.3,13.4,0.0,342.6,26.5,14.7,79.6,,,OBAnorm,,LD831_02097v2.403,,,,0,0
DENATRLA,2025-06-23 08:27:39.000,38.2,33.0,30.5,28.1,27.3,21.6,20.6,19.0,15.3,14.1,17.8,20.1,21.5,24.4,25.4,26.1,26.1,27.0,27.0,26.5,24.3,22.4,19.8,16.2,12.9,11.5,8.0,2.4,-0.6,-3.5,-4.3,-3.1,-0.2,33.9,37.2,50.1,13.4,0.0,342.6,26.5,14.7,79.6,,,OBAnorm,,LD831_02097v2.403,,,,0,0
DENATRLA,2025-06-23 08:27:40.000,36.7,30.8,30.3,26.9,23.3,22.6,19.6,18.0,14.7,14.4,18.7,21.7,23.5,23.7,26.0,26.2,27.3,27.8,27.8,26.8,24.8,22.9,19.8,16.0,12.8,11.7,8.9,2.8,-0.4,-3.4,-4.3,-3.2,-0.1,34.2,38.5,56.5,13.4,0.0,342.6,26.5,14.7,79.6,,,OBAnorm,,LD831_02097v2.403,,,,0,0
DENATRLA,2025-06-23 08:27:41.000,31.8,30.8,30.0,28.2,25.5,21.4,18.0,14.2,16.2,15.1,17.6,21.0,23.6,23.9,26.6,26.5,27.4,27.0,27.4,26.4,25.1,23.2,20.2,16.6,13.2,12.1,9.3,4.6,1.2,-3.5,-4.3,-3.3,-0.1,34.4,38.9,50.8,13.4,0.0,342.7,26.5,14.7,79.6,,,OBAnorm,,LD831_02097v2.403,,,,0,0
DENATRLA,2025-06-23 08:27:42.000,35.4,33.4,28.7,32.5,29.3,25.3,21.7,18.7,15.6,15.6,18.3,22.0,22.4,24.6,26.1,26.3,27.0,27.5,26.7,26.3,25.1,23.0,19.7,16.6,13.9,12.4,11.4,9.4,1.1,-2.9,-4.2,-3.0,-0.2,34.1,40.8,57.4,13.4,0.0,342.6,26.5,14.7,79.6,,,OBAnorm,,LD831_02097v2.403,,,,0,0
DENATRLA,2025-06-23 08:27:43.000,37.5,31.5,33.8,34.4,28.9,26.0,23.0,19.3,18.2,16.2,18.4,21.4,23.0,25.9,25.9,25.8,27.6,27.5,26.9,26.6,25.5,23.1,19.9,17.0,13.4,11.8,9.9,3.7,0.7,-3.2,-4.2,-3.0,-0.3,34.4,40.9,59.1,13.4,0.0,342.7,26.5,14.7,79.6,,,OBAnorm,,LD831_02097v2.403,,,,0,0
DENATRLA,2025-06-23 08:27:44.000,40.3,39.3,33.8,34.2,30.8,27.7,26.1,21.0,16.9,17.7,18.9,21.6,23.4,23.8,23.7,25.7,27.0,27.7,27.1,27.3,26.0,23.7,21.1,17.4,14.4,12.5,9.4,4.0,1.4,-2.3,-3.8,-2.9,-0.1,34.6,45.3,61.8,13.4,0.0,328.8,26.5,14.7,78.4,,,OBAnorm,,LD831_02097v2.403,,,,0,0
DENATRLA,2025-06-23 08:27:45.000,39.2,37.1,34.8,33.7,36.4,34.2,41.7,36.3,37.0,31.4,26.4,24.3,26.2,26.1,26.9,27.1,27.3,27.1,28.3,27.9,26.3,24.1,21.1,18.0,14.8,13.3,9.5,4.6,2.2,-1.5,-3.3,-2.1,0.3,35.5,59.0,74.4,13.4,0.0,342.2,26.5,14.7,78.4,,,OBAnorm,,LD831_02097v2.403,,,,0,0
DENATRLA,2025-06-23 08:27:46.000,43.9,38.9,56.5,53.7,49.9,46.6,47.4,42.7,39.7,35.9,32.7,29.1,26.8,26.4,26.9,27.3,27.0,28.6,28.4,27.2,25.9,23.7,21.3,17.4,14.5,18.0,11.4,4.3,2.4,-0.5,-1.5,-0.3,2.1,35.8,62.5,78.4,13.4,0.2,342.0,26.5,14.7,79.0,,,OBAnorm,,LD831_02097v2.403,,,,0,0
DENATRLA,2025-06-23 08:27:47.000,57.4,56.0,59.5,59.1,51.9,49.1,48.5,46.4,42.1,34.8,30.8,27.5,27.2,24.8,27.0,27.2,27.1,28.2,28.8,28.0,26.7,24.1,20.9,17.9,14.3,12.3,10.5,4.4,2.4,-0.3,-1.9,-1.4,0.8,35.6,58.8,76.0,13.4,0.4,328.2,26.5,14.7,78.4,,,OBAnorm,,LD831_02097v2.403,,,,0,0
DENATRLA,2025-06-23 08:27:48.000,59.4,61.8,58.8,56.5,48.1,45.4,41.9,41.2,36.0,31.9,25.6,24.4,27.4,25.6,27.0,27.5,27.8,28.7,29.0,28.2,26.6,24.2,20.9,17.6,14.4,11.4,7.8,3.3,1.2,-1.1,-3.2,-2.3,0.1,35.8,52.1,66.5,13.4,0.4,342.0,26.5,14.7,78.4,,,OBAnorm,,LD831_02097v2.403,,,,0,0
DENATRLA,2025-06-23 08:27:49.000,67.6,63.7,52.5,45.6,45.6,43.9,41.9,38.4,33.2,26.5,23.5,24.0,26.8,27.3,26.7,26.4,27.6,27.9,28.5,28.2,26.5,24.2,21.2,17.6,13.6,11.0,7.2,2.1,0.1,-1.8,-3.5,-2.7,0.0,35.5,50.8,67.7,13.4,0.5,328.7,26.5,14.7,78.4,,,OBAnorm,,LD831_02097v2.403,,,,0,0
DENATRLA,2025-06-23 08:27:50.000,54.3,53.5,48.7,44.1,43.0,41.6,35.5,33.0,25.0,23.2,24.9,23.7,24.5,25.2,25.6,25.8,27.9,29.1,28.4,27.4,26.0,24.1,20.8,17.4,13.6,11.4,7.9,2.9,0.2,-2.3,-3.8,-3.0,0.0,35.2,48.9,65.0,13.4,0.5,342.0,26.5,14.7,78.4,,,OBAnorm,,LD831_02097v2.403,,,,0,0
DENATRLA,2025-06-23 08:27:51.000,54.2,49.4,49.5,41.1,40.8,38.8,33.2,34.8,29.1,23.4,24.2,22.8,25.7,27.0,25.7,26.3,27.3,28.2,28.7,27.8,26.2,23.5,19.8,16.8,13.4,12.0,8.7,3.5,1.0,-1.9,-3.6,-2.6,0.1,35.2,54.0,70.0,13.4,0.6,342.0,26.5,14.7,79.0,,,OBAnorm,,LD831_02097v2.403,,,,0,0
DENATRLA,2025-06-23 08:27:52.000,52.3,48.8,48.6,45.3,43.0,40.6,37.1,33.2,25.8,23.2,21.7,21.2,23.4,24.3,25.0,27.2,28.0,29.1,28.3,27.1,26.7,23.2,20.4,16.4,13.7,13.0,7.8,2.5,2.3,-1.5,-3.4,-2.7,0.0,35.2,47.8,62.0,13.4,0.6,342.1,26.5,14.7,78.4,,,OBAnorm,,LD831_02097v2.403,,,,0,0
DENATRLA,2025-06-23 08:27:53.000,53.2,51.2,46.8,46.3,36.3,37.5,30.7,28.7,21.7,19.3,19.4,22.5,23.5,24.9,25.2,27.0,27.2,27.9,28.8,28.5,26.3,23.5,20.8,17.3,13.5,10.9,7.1,2.0,-0.1,-2.6,-3.9,-2.9,0.0,35.2,48.7,65.5,13.4,0.6,342.1,26.5,14.7,78.4,,,OBAnorm,,LD831_02097v2.403,,,,0,0
DENATRLA,2025-06-23 08:27:54.000,57.6,51.1,47.5,43.1,40.4,34.9,31.0,26.0,18.5,15.5,18.3,20.0,23.6,23.7,25.3,26.4,28.1,28.1,28.4,27.5,26.1,23.6,20.6,17.0,13.0,10.5,6.8,1.8,-0.3,-2.6,-4.0,-2.8,0.0,35.0,40.7,58.7,13.4,0.5,342.0,26.5,14.7,79.0,,,OBAnorm,,LD831_02097v2.403,,,,0,0
DENATRLA,2025-06-23 08:27:55.000,50.3,51.6,45.1,36.3,31.5,25.4,22.7,19.1,15.7,16.8,18.8,21.2,22.5,23.4,25.8,25.5,27.6,28.1,28.4,27.5,25.7,23.5,20.0,16.4,12.6,10.0,6.4,1.8,-0.4,-2.6,-4.0,-2.9,-0.2,34.8,42.6,60.7,13.4,0.4,328.3,26.5,14.7,78.4,,,OBAnorm,,LD831_02097v2.403,,,,0,0
DENATRLA,2025-06-23 08:27:56.000,43.5,37.2,36.4,32.1,33.2,29.8,26.5,22.3,18.6,16.9,18.0,21.3,21.4,24.6,24.8,26.0,26.6,28.0,28.2,27.6,25.2,22.8,19.9,16.1,12.7,10.0,6.9,1.7,-0.4,-2.7,-4.1,-2.9,0.0,34.6,45.2,65.2,13.4,0.4,342.1,26.5,14.7,79.0,,,OBAnorm,,LD831_02097v2.403,,,,0,0
DENATRLA,2025-06-23 08:27:57.000,40.9,39.2,38.8,34.9,34.8,31.2,29.4,26.5,25.1,19.7,19.7,21.2,22.4,23.4,25.3,26.1,27.3,28.3,27.8,27.4,25.5,22.5,19.3,16.0,12.2,9.6,6.2,1.5,-0.9,-2.9,-4.0,-3.0,-0.1,34.5,48.1,66.6,13.4,0.4,342.1,26.5,14.7,78.4,,,OBAnorm,,LD831_02097v2.403,,,,0,0
DENATRLA,2025-06-23 08:27:58.000,43.3,44.7,41.7,43.2,38.3,31.5,24.5,22.3,16.4,15.0,18.8,19.6,22.2,23.0,25.0,26.2,27.0,28.1,28.7,27.3,25.3,22.1,19.2,15.8,12.0,9.4,5.9,0.6,-1.1,-3.3,-4.3,-3.0,-0.2,34.6,42.1,61.4,13.4,0.4,342.1,26.5,14.7,78.4,,,OBAnorm,,LD831_02097v2.403,,,,0,0
DENATRLA,2025-06-23 08:27:59.000,45.1,48.4,39.9,34.9,30.9,25.9,27.9,21.3,16.4,14.8,15.6,20.9,21.2,23.2,24.5,25.5,27.2,28.0,27.9,26.8,25.4,23.5,21.8,23.8,29.0,20.9,9.5,4.3,3.5,-3.4,-4.2,-2.9,0.0,36.3,43.7,62.4,13.4,0.5,342.1,26.5,14.7,78.4,,,OBAnorm,,LD831_02097v2.403,,,,0,0
DENATRLA,2025-06-23 08:28:00.000,46.1,43.5,39.7,34.6,34.1,31.0,28.1,23.9,19.4,15.4,17.4,21.3,21.6,23.2,24.6,25.4,26.9,27.8,28.7,26.8,25.4,24.6,23.4,26.9,25.6,18.6,11.2,4.1,4.2,-3.4,-4.2,-3.0,-0.1,36.3,47.2,64.7,13.4,0.6,35.9,26.5,14.7,78.4,,,OBAnorm,,LD831_02097v2.403,,,,0,0
DENATRLA,2025-06-23 08:28:01.000,46.4,40.1,40.3,42.3,37.8,30.4,34.0,29.6,24.2,20.2,20.1,20.6,22.2,24.0,25.0,26.4,27.3,28.0,28.3,27.4,25.0,22.3,19.4,15.8,12.2,16.4,13.4,3.1,-2.9,-3.1,-4.1,-2.8,0.2,34.6,50.3,69.5,13.4,0.6,34.5,26.5,14.6,79.6,,,OBAnorm,,LD831_02097v2.403,,,,0,0
DENATRLA,2025-06-23 08:28:02.000,47.6,45.6,44.6,41.5,40.6,36.3,33.2,32.2,22.6,24.4,23.5,23.1,23.4,23.5,24.5,26.2,26.8,27.4,28.1,27.2,24.5,22.1,19.8,20.0,23.5,17.4,6.4,1.9,1.0,-2.8,-3.7,-2.4,0.5,35.0,54.9,71.7,13.4,0.7,35.9,26.5,14.5,79.5,,,OBAnorm,,LD831_02097v2.403,,,,0,0
DENATRLA,2025-06-23 08:28:03.000,53.7,46.9,46.2,48.7,45.1,40.8,42.3,41.5,36.3,33.5,27.4,23.8,23.2,23.8,25.3,26.0,27.4,27.5,28.1,27.3,25.7,23.4,21.3,22.4,24.9,16.6,8.6,4.2,2.3,-2.9,-3.9,-2.6,0.4,35.6,51.2,70.7,13.4,0.8,0.4,26.5,14.5,79.0,,,OBAnorm,,LD831_02097v2.403,,,,0,0
DENATRLA,2025-06-23 08:28:04.000,53.5,55.9,51.3,45.6,43.1,34.5,31.4,28.5,19.9,16.2,18.3,20.9,22.5,23.3,24.8,26.9,27.5,27.1,27.5,26.8,24.8,23.0,19.5,16.0,12.5,8.9,3.2,-1.4,-2.8,-3.3,-4.1,-2.8,-0.1,34.1,44.4,64.0,13.4,0.8,0.3,26.5,14.5,78.4,,,OBAnorm,,LD831_02097v2.403,,,,0,0
DENATRLA,2025-06-23 08:28:05.000,54.0,54.7,38.6,40.4,35.6,32.1,25.7,21.6,17.4,16.9,18.2,20.7,21.3,23.9,24.5,26.2,27.2,28.3,28.3,27.1,25.4,22.4,19.5,16.0,12.4,9.0,3.4,-1.4,-3.0,-2.9,-4.1,-2.9,0.0,34.6,42.3,62.0,13.4,0.8,0.3,26.6,14.5,79.0,,,OBAnorm,,LD831_02097v2.403,,,,0,0
DENATRLA,2025-06-23 08:28:06.000,47.7,45.0,40.7,35.8,30.2,26.2,18.9,18.6,11.9,14.2,16.0,20.5,22.3,23.8,24.5,25.6,27.3,27.9,27.9,26.9,24.6,21.9,18.5,15.1,11.3,7.8,2.2,-2.0,-3.2,-3.5,-4.2,-3.0,0.0,34.1,37.2,52.5,13.4,0.7,0.3,26.5,14.5,79.0,,,OBAnorm,,LD831_02097v2.403,,,,0,0
DENATRLA,2025-06-23 08:28:07.000,46.6,44.0,29.3,28.7,24.1,22.6,17.8,16.6,13.4,11.5,17.7,20.1,21.4,23.7,24.9,26.5,28.0,27.8,27.9,26.6,25.0,22.5,19.3,15.5,11.6,8.0,2.3,-2.5,-3.3,-3.4,-4.3,-3.2,-0.2,34.3,37.7,52.2,13.4,0.7,0.3,26.5,14.5,79.0,,,OBAnorm,,LD831_02097v2.403,,,,0,0
DENATRLA,2025-06-23 08:28:08.000,39.2,29.6,31.4,28.0,24.0,21.2,16.6,17.3,12.3,13.4,17.8,19.8,22.4,23.0,25.5,27.0,27.4,28.0,27.7,26.7,24.8,21.6,18.8,15.2,11.5,8.4,2.0,-2.0,-3.0,-3.7,-4.3,-3.1,-0.1,34.1,38.0,52.1,13.4,0.6,0.3,26.5,14.5,78.4,,,OBAnorm,,LD831_02097v2.403,,,,0,0
DENATRLA,2025-06-23 08:28:09.000,33.8,30.0,29.3,27.9,22.9,20.9,19.7,17.0,12.4,10.8,18.0,20.6,22.4,23.3,25.4,26.7,27.7,27.4,27.1,26.5,24.7,21.4,18.7,15.2,11.4,7.5,1.8,-2.5,-3.3,-3.6,-4.4,-3.0,-0.1,33.9,38.8,54.2,13.4,0.5,0.3,26.5,14.5,79.0,,,OBAnorm,,LD831_02097v2.403,,,,0,0
DENATRLA,2025-06-23 08:28:10.000,38.4,34.4,27.8,23.8,23.5,22.8,21.0,16.3,14.5,13.1,17.4,18.9,22.6,22.8,25.3,26.8,26.9,27.3,26.9,25.9,24.1,21.7,18.7,15.7,13.8,9.3,4.2,-1.5,-2.6,-3.7,-4.4,-3.2,-0.2,33.6,37.7,51.7,13.4,0.5,0.3,26.5,14.5,79.5,,,OBAnorm,,LD831_02097v2.403,,,,0,0
DENATRLA,2025-06-23 08:28:11.000,36.6,31.1,30.6,25.7,26.9,20.5,20.4,17.9,13.9,11.7,17.5,20.5,21.5,23.6,25.0,25.6,25.8,27.5,26.6,26.1,24.5,22.0,18.9,15.7,12.1,9.3,3.3,-1.6,-2.6,-3.6,-4.3,-3.1,-0.1,33.7,36.7,46.8,13.4,0.5,0.3,26.5,14.5,79.5,,,OBAnorm,,LD831_02097v2.403,,,,0,0
DENATRLA,2025-06-23 08:28:12.000,37.9,30.7,27.0,28.5,23.4,21.0,19.1,16.8,12.0,14.0,17.0,19.0,22.3,23.7,25.0,25.4,26.8,27.2,26.7,26.5,24.6,21.6,18.6,15.2,11.8,8.3,2.1,-2.4,-2.9,-3.6,-4.3,-3.1,-0.2,33.7,36.8,44.0,13.4,0.5,0.3,26.5,14.5,79.5,,,OBAnorm,,LD831_02097v2.403,,,,0,0
DENATRLA,2025-06-23 08:28:13.000,38.2,31.2,30.1,23.8,24.0,21.8,18.5,16.5,14.2,13.9,16.5,19.4,21.4,23.3,25.2,26.2,27.4,26.7,26.4,26.2,24.5,21.8,18.8,15.4,11.6,8.3,2.3,-2.1,-2.8,-3.5,-4.3,-3.2,-0.2,33.6,37.0,41.6,13.4,0.5,0.3,26.5,14.5,80.1,,,OBAnorm,,LD831_02097v2.403,,,,0,0
DENATRLA,2025-06-23 08:28:14.000,29.9,29.6,25.1,28.3,26.3,24.1,18.1,18.8,13.0,13.4,18.4,19.9,22.5,23.1,25.5,26.0,27.1,27.3,27.0,25.7,24.9,22.2,19.3,15.3,12.2,8.8,5.2,-1.5,-2.4,-3.2,-4.3,-2.9,-0.1,33.8,37.1,43.5,13.4,0.5,0.3,26.5,14.5,80.1,,,OBAnorm,,LD831_02097v2.403,,,,0,0
DENATRLA,2025-06-23 08:28:15.000,32.4,32.8,31.7,26.9,22.9,25.0,20.9,16.6,11.0,14.2,16.1,19.1,22.6,24.8,26.2,26.0,26.7,27.6,27.4,26.7,24.8,22.4,19.8,17.0,14.3,19.4,12.4,-1.0,-2.5,-3.5,-4.2,-2.9,-0.2,34.4,37.5,46.8,13.4,0.5,0.3,26.5,14.5,80.1,,,OBAnorm,,LD831_02097v2.403,,,,0,0
DENATRLA,2025-06-23 08:28:16.000,28.1,33.0,29.9,27.8,26.1,21.9,21.1,17.4,12.8,13.3,16.8,19.7,21.3,24.3,26.0,27.0,27.5,28.0,27.5,26.8,25.5,23.1,20.1,17.5,14.9,16.5,11.7,4.6,-2.0,-3.5,-4.2,-2.9,-0.1,34.6,38.3,52.6,13.4,0.5,0.3,26.5,14.5,80.1,,,OBAnorm,,LD831_02097v2.403,,,,0,0
DENATRLA,2025-06-23 08:28:17.000,31.8,32.0,30.2,23.9,26.5,22.8,21.3,18.1,13.3,13.8,17.6,20.0,23.0,25.8,26.5,26.6,28.2,28.3,28.5,27.4,26.8,24.7,21.4,17.9,15.1,12.0,6.2,1.3,-0.9,-3.2,-4.2,-3.3,-0.1,35.4,39.3,55.1,13.4,0.5,0.3,26.5,14.5,80.1,,,OBAnorm,,LD831_02097v2.403,,,,0,0
DENATRLA,2025-06-23 08:28:18.000,33.9,30.8,31.6,29.3,22.2,23.0,19.8,18.8,16.2,14.6,17.4,22.4,22.9,24.0,26.4,26.7,27.3,28.8,29.0,28.2,26.2,24.3,21.6,17.9,14.6,11.4,5.6,0.9,-1.2,-3.2,-4.2,-3.0,-0.1,35.5,38.6,54.6,13.4,0.2,0.3,26.5,14.5,80.1,,,OBAnorm,,LD831_02097v2.403,,,,0,0
DENATRLA,2025-06-23 08:28:19.000,36.7,36.7,33.8,27.0,24.5,22.6,20.0,20.7,16.2,13.7,16.7,21.1,23.6,25.6,27.3,26.5,27.8,29.1,29.1,28.2,27.2,24.7,22.7,18.4,15.6,12.5,6.7,2.1,-0.1,-2.8,-4.2,-3.1,-0.3,36.0,38.6,46.4,13.4,0.0,0.3,26.5,14.6,80.1,,,OBAnorm,,LD831_02097v2.403,,,,0,0
DENATRLA,2025-06-23 08:28:20.000,35.7,30.3,26.5,26.3,24.1,23.2,20.6,18.8,16.4,15.1,19.1,23.6,23.5,26.2,26.6,27.8,28.5,29.7,29.4,28.9,27.0,24.5,21.7,18.9,15.4,12.6,7.0,2.5,0.3,-2.8,-4.1,-3.0,-0.1,36.2,38.9,46.0,13.4,0.0,0.3,26.5,14.6,80.1,,,OBAnorm,,LD831_02097v2.403,,,,0,0
DENATRLA,2025-06-23 08:28:21.000,31.0,28.6,29.3,28.3,23.9,25.5,21.3,18.3,14.6,16.7,19.2,22.7,24.7,26.7,27.6,28.1,29.0,30.0,29.3,28.2,27.2,24.8,22.7,18.9,15.5,12.7,6.9,2.6,0.2,-2.6,-4.1,-3.0,0.0,36.3,39.0,44.7,13.4,0.0,0.3,26.6,14.6,80.1,,,OBAnorm,,LD831_02097v2.403,,,,0,0
DENATRLA,2025-06-23 08:28:22.000,32.5,24.0,29.8,26.3,27.1,24.8,22.2,19.6,17.4,15.0,19.0,22.6,25.2,26.3,27.2,28.4,28.8,28.7,29.5,28.5,27.1,24.7,21.9,18.5,15.6,12.5,6.5,1.9,-0.4,-2.7,-4.1,-3.1,-0.1,36.1,38.9,43.9,13.4,0.0,0.3,26.6,14.6,80.1,,,OBAnorm,,LD831_02097v2.403,,,,0,0
DENATRLA,2025-06-23 08:28:23.000,31.3,28.4,26.4,26.7,25.5,25.2,22.2,20.5,14.1,15.8,20.6,22.2,25.2,27.4,26.6,29.1,28.2,29.2,28.8,28.8,27.2,25.1,21.8,18.7,15.8,13.5,6.8,1.9,0.1,-2.3,-4.1,-3.1,0.0,36.1,39.3,48.6,13.4,0.0,0.3,26.5,14.6,80.1,,,OBAnorm,,LD831_02097v2.403,,,,0,0
DENATRLA,2025-06-23 08:28:24.000,25.9,27.8,31.8,27.3,25.1,23.8,23.1,19.7,16.9,17.8,19.1,22.0,25.5,26.0,27.9,28.4,29.1,29.6,29.4,29.2,27.7,25.7,22.9,20.0,16.9,14.3,8.3,3.9,1.5,-1.6,-3.7,-3.0,-0.1,36.7,40.7,55.0,13.4,0.0,0.3,26.5,14.6,80.1,,,OBAnorm,,LD831_02097v2.403,,,,0,0
DENATRLA,2025-06-23 08:28:25.000,31.4,29.8,32.3,29.3,29.0,26.5,22.4,21.2,17.2,19.3,21.0,25.1,26.2,26.5,27.7,28.6,29.2,29.9,30.6,30.2,29.4,27.7,25.0,21.7,18.9,16.6,11.5,7.7,4.7,0.6,-2.7,-2.5,-0.1,37.8,41.0,56.1,13.4,0.0,35.9,26.5,14.6,80.1,,,OBAnorm,,LD831_02097v2.403,,,,0,0
DENATRLA,2025-06-23 08:28:26.000,32.4,35.7,33.2,28.4,26.5,22.9,24.0,21.6,18.0,21.5,23.8,25.7,26.3,27.2,29.2,29.6,29.8,30.6,31.5,30.9,30.2,28.5,25.1,22.3,19.4,16.6,11.8,8.1,5.0,1.3,-1.9,-1.8,0.1,38.5,43.1,58.7,13.4,0.0,35.9,26.6,14.6,79.6,,,OBAnorm,,LD831_02097v2.403,,,,0,0
DENATRLA,2025-06-23 08:28:27.000,35.7,36.4,37.4,31.5,31.9,26.4,24.5,20.2,20.2,21.0,25.0,26.9,27.4,27.8,28.9,29.1,30.6,31.1,31.6,30.6,30.7,28.7,26.1,22.4,19.0,16.3,11.8,8.4,5.8,2.9,-0.2,-0.9,0.4,38.8,42.0,54.9,13.4,0.0,35.9,26.5,14.6,79.6,,,OBAnorm,,LD831_02097v2.403,,,,0,0
DENATRLA,2025-06-23 08:28:28.000,41.5,38.6,33.3,30.2,26.1,26.2,25.9,20.3,19.1,19.1,25.1,26.9,27.3,28.8,27.7,28.3,29.4,30.4,29.6,30.0,29.0,26.9,23.5,20.4,17.0,14.5,10.1,6.3,5.6,3.7,1.3,-0.2,0.6,37.3,41.8,57.3,13.4,0.0,35.9,26.5,14.6,79.6,,,OBAnorm,,LD831_02097v2.403,,,,0,0
DENATRLA,2025-06-23 08:28:29.000,42.8,42.2,34.4,34.3,27.5,24.8,23.2,21.0,21.1,20.4,21.7,25.1,25.5,26.4,27.5,28.7,28.4,29.6,29.7,29.2,27.8,25.7,22.8,19.1,16.1,13.3,10.0,6.4,6.1,4.3,1.4,-0.6,0.3,36.6,41.8,59.7,13.4,0.0,35.9,26.6,14.6,79.6,,,OBAnorm,,LD831_02097v2.403,,,,0,0
DENATRLA,2025-06-23 08:28:30.000,37.1,36.0,36.3,29.4,27.8,23.9,26.1,21.2,19.9,20.8,20.6,24.2,25.2,27.0,27.6,28.4,28.0,28.5,28.5,28.4,27.0,24.4,21.2,17.8,15.0,12.2,8.0,5.0,4.5,3.0,0.0,-1.3,0.3,35.8,42.8,59.4,13.4,0.0,35.9,26.5,14.6,79.6,,,OBAnorm,,LD831_02097v2.403,,,,0,0
DENATRLA,2025-06-23 08:28:31.000,42.0,38.7,35.0,34.3,31.8,28.1,27.4,24.5,20.5,22.2,20.8,23.9,24.9,24.6,27.6,27.5,27.5,28.3,28.7,27.9,26.7,24.6,21.5,17.9,15.0,12.1,7.2,3.9,3.5,2.0,-1.2,-1.7,0.2,35.6,47.2,64.1,13.4,0.0,35.9,26.6,14.6,79.6,,,OBAnorm,,LD831_02097v2.403,,,,0,0
DENATRLA,2025-06-23 08:28:32.000,42.7,42.8,41.8,39.3,39.8,32.7,35.4,33.9,31.5,32.1,28.7,25.9,26.8,26.2,27.6,27.1,28.3,28.9,29.4,28.9,27.5,24.6,21.7,18.9,15.5,13.1,8.2,4.4,2.7,1.5,-1.4,-1.7,0.2,36.3,51.3,66.1,13.4,0.0,0.3,26.5,14.6,79.6,,,OBAnorm,,LD831_02097v2.403,,,,0,0
DENATRLA,2025-06-23 08:28:33.000,45.9,44.0,46.5,44.8,43.5,43.7,39.2,36.5,37.2,34.6,29.9,26.9,25.6,27.0,28.0,28.1,28.5,28.6,29.7,29.3,27.2,25.4,22.3,18.6,15.5,12.8,8.5,4.0,2.7,0.4,-1.6,-1.7,0.2,36.5,56.8,68.5,13.4,0.4,6.5,26.5,14.6,79.0,,,OBAnorm,,LD831_02097v2.403,,,,0,0
DENATRLA,2025-06-23 08:28:34.000,47.3,52.3,51.5,50.7,48.8,44.6,41.6,39.4,37.4,36.1,32.9,28.8,27.3,25.9,26.7,28.1,29.6,29.3,29.4,28.7,27.7,25.5,22.5,18.8,15.7,13.6,9.4,4.9,3.1,1.1,-1.6,-1.9,0.2,36.7,55.8,70.9,13.4,1.1,15.1,26.5,14.6,78.4,,,OBAnorm,,LD831_02097v2.403,,,,0,0
DENATRLA,2025-06-23 08:28:35.000,54.4,51.6,54.8,54.0,49.0,44.1,42.5,39.5,37.3,37.2,32.2,29.3,27.8,27.4,27.9,28.9,29.7,30.4,30.1,29.2,28.0,26.1,22.7,19.7,17.9,22.1,16.8,5.4,3.7,1.5,-0.6,-1.4,0.8,37.5,56.7,72.0,13.4,1.6,17.7,26.5,14.6,79.0,,,OBAnorm,,LD831_02097v2.403,,,,0,0
DENATRLA,2025-06-23 08:28:36.000,61.5,55.2,54.0,55.2,48.7,43.3,44.1,42.1,39.9,35.9,33.9,29.6,29.7,27.4,28.3,29.1,28.9,30.0,30.0,29.3,28.1,25.4,22.4,18.7,16.7,15.4,13.3,7.7,5.3,3.0,0.7,0.6,1.0,37.2,55.0,68.3,13.4,2.0,18.6,26.5,14.6,79.0,,,OBAnorm,,LD831_02097v2.403,,,,0,0
DENATRLA,2025-06-23 08:28:37.000,59.6,56.0,52.2,52.0,49.9,46.2,45.4,43.5,41.5,37.4,35.2,30.8,29.4,27.1,27.6,28.5,29.2,30.2,30.1,28.6,28.0,25.6,22.4,19.0,15.8,13.8,10.8,7.0,6.0,3.6,1.6,1.1,2.2,37.0,62.5,77.3,13.4,2.2,16.3,26.5,14.6,79.0,,,OBAnorm,,LD831_02097v2.403,,,,0,0
DENATRLA,2025-06-23 08:28:38.000,59.5,54.5,54.7,57.2,51.7,47.5,45.0,41.6,36.7,29.1,26.5,23.6,25.1,26.7,26.9,28.0,29.5,29.6,29.1,28.7,27.0,25.3,21.5,18.4,15.0,12.7,9.1,5.6,4.5,3.6,1.8,2.5,1.3,36.3,53.1,73.9,13.4,2.5,23.7,26.5,14.6,79.6,,,OBAnorm,,LD831_02097v2.403,,,,0,0
DENATRLA,2025-06-23 08:28:39.000,68.3,64.6,54.5,48.9,43.4,40.7,37.4,35.4,29.1,22.6,22.6,24.0,25.7,26.3,26.8,28.1,29.0,29.2,29.7,28.6,27.5,25.4,21.9,18.8,15.2,12.4,8.2,4.2,2.8,1.2,-1.0,-0.9,0.5,36.3,50.2,72.2,13.4,2.9,45.0,26.5,14.6,79.0,,,OBAnorm,,LD831_02097v2.403,,,,0,0
DENATRLA,2025-06-23 08:28:40.000,61.2,56.0,49.5,44.9,38.5,32.9,28.6,27.1,23.8,20.6,21.3,22.9,25.4,25.3,26.9,27.8,28.5,30.0,29.3,29.0,27.4,24.4,21.8,18.4,14.9,12.2,7.4,3.3,2.5,1.1,-0.8,-1.5,0.3,36.3,46.2,64.2,13.4,2.9,40.1,26.5,14.6,78.4,,,OBAnorm,,LD831_02097v2.403,,,,0,0
DENATRLA,2025-06-23 08:28:41.000,55.1,51.0,46.0,39.9,36.8,33.3,30.7,24.8,26.4,23.3,20.6,22.4,24.5,25.0,27.5,27.8,29.9,29.8,29.5,29.2,27.8,25.0,22.4,18.7,14.9,12.2,6.9,2.5,1.0,-0.5,-2.2,-1.8,0.3,36.7,49.1,66.2,13.4,2.6,55.5,26.5,14.6,78.4,,,OBAnorm,,LD831_02097v2.403,,,,0,0
DENATRLA,2025-06-23 08:28:42.000,53.8,48.9,39.3,40.1,38.3,38.5,32.5,31.4,26.2,20.5,20.0,22.1,24.0,25.4,27.8,28.6,29.1,30.0,29.2,28.3,27.7,24.8,21.2,17.9,15.5,11.7,6.7,2.5,1.2,-0.8,-3.2,-2.4,0.1,36.3,48.6,67.5,13.4,2.2,58.9,26.5,14.6,77.8,,,OBAnorm,,LD831_02097v2.403,,,,0,0
DENATRLA,2025-06-23 08:28:43.000,47.5,50.5,44.9,41.4,35.3,30.9,27.6,21.9,18.7,15.9,18.9,21.7,22.3,25.1,26.5,27.7,29.0,29.5,29.1,28.3,27.1,24.5,21.1,17.3,14.0,10.6,5.6,0.8,-1.0,-2.3,-3.7,-2.7,0.1,35.9,43.0,65.8,13.4,1.8,58.9,26.5,14.6,78.4,,,OBAnorm,,LD831_02097v2.403,,,,0,0
DENATRLA,2025-06-23 08:28:44.000,50.6,44.6,42.2,34.8,32.5,26.6,23.3,19.6,17.5,16.8,18.3,21.4,23.9,25.3,26.4,27.5,28.6,29.6,29.6,28.5,27.2,25.1,22.1,18.5,14.7,11.4,5.8,0.5,-0.8,-2.3,-3.9,-2.9,0.0,36.2,40.7,58.9,13.4,1.4,58.9,26.5,14.6,79.0,,,OBAnorm,,LD831_02097v2.403,,,,0,0
DENATRLA,2025-06-23 08:28:45.000,49.6,48.6,38.0,32.6,28.9,25.4,23.5,18.9,17.0,16.1,19.4,22.6,23.7,24.5,26.7,27.7,28.2,29.7,30.5,29.0,27.8,25.4,22.5,18.8,14.3,10.8,5.9,0.3,-1.6,-3.0,-4.0,-2.9,-0.1,36.5,39.3,50.8,13.4,1.1,58.9,26.6,14.6,78.4,,,OBAnorm,,LD831_02097v2.403,,,,0,0
DENATRLA,2025-06-23 08:28:46.000,45.5,37.1,33.0,29.5,23.1,23.6,24.4,21.1,17.1,15.9,19.0,21.5,24.1,24.7,25.9,27.0,28.8,29.7,28.7,27.8,26.1,24.2,21.1,17.5,13.1,10.2,5.6,0.5,-0.8,-2.4,-3.8,-2.8,0.0,35.5,41.4,61.5,13.4,0.8,58.9,26.5,14.6,78.4,,,OBAnorm,,LD831_02097v2.403,,,,0,0
DENATRLA,2025-06-23 08:28:47.000,38.2,29.8,39.5,34.9,29.3,27.0,21.6,19.8,19.0,15.3,19.4,21.2,23.2,25.4,26.6,27.5,28.0,29.6,28.6,28.2,26.0,23.8,20.8,16.9,13.3,9.7,5.5,1.0,-0.5,-2.4,-4.0,-2.7,-0.1,35.6,39.4,57.3,13.4,0.7,56.6,26.5,14.6,77.8,,,OBAnorm,,LD831_02097v2.403,,,,0,0
DENATRLA,2025-06-23 08:28:48.000,35.9,40.6,32.3,26.2,26.7,23.5,23.2,19.2,14.9,14.4,18.7,21.1,23.2,24.8,27.0,26.4,28.3,29.4,28.1,27.4,25.2,22.9,20.0,15.9,12.2,13.1,7.7,-0.1,-1.4,-3.1,-4.1,-3.0,-0.1,34.9,38.9,55.4,13.4,0.7,58.9,26.5,14.6,78.4,,,OBAnorm,,LD831_02097v2.403,,,,0,0
DENATRLA,2025-06-23 08:28:49.000,37.3,33.8,32.9,28.7,26.7,21.6,20.8,17.6,16.9,13.7,17.5,21.2,22.3,24.2,25.4,26.7,27.8,28.2,28.6,27.1,25.4,22.9,19.9,16.3,13.7,21.1,16.7,4.6,-1.7,-2.9,-4.1,-3.0,-0.2,35.1,39.1,52.9,13.4,0.5,58.9,26.5,14.6,79.0,,,OBAnorm,,LD831_02097v2.403,,,,0,0
DENATRLA,2025-06-23 08:28:50.000,34.2,33.3,30.1,29.1,27.4,23.6,21.5,19.1,14.9,15.4,17.3,20.9,23.3,24.7,26.2,27.1,27.7,28.4,28.4,27.6,25.3,22.3,19.5,16.2,13.1,10.0,6.0,0.4,-1.7,-3.2,-4.1,-3.0,-0.2,34.8,39.0,55.1,13.4,0.3,56.6,26.5,14.6,77.8,,,OBAnorm,,LD831_02097v2.403,,,,0,0
DENATRLA,2025-06-23 08:28:51.000,36.1,32.8,34.0,29.6,28.4,20.6,21.8,17.2,16.2,15.9,18.3,21.3,23.3,25.5,26.4,27.9,28.2,28.5,28.5,27.8,25.5,23.1,20.1,16.6,13.1,10.7,5.9,0.6,-1.4,-3.0,-4.2,-3.1,0.0,35.0,39.6,59.2,13.4,0.3,56.6,26.6,14.6,75.6,,,OBAnorm,,LD831_02097v2.403,,,,0,0
DENATRLA,2025-06-23 08:28:52.000,37.7,35.6,29.4,28.5,22.5,21.3,22.3,19.6,17.0,13.7,17.9,19.8,23.6,24.9,26.1,26.7,28.5,29.1,28.7,27.9,26.5,23.6,20.6,17.4,13.5,10.6,5.6,0.9,-1.4,-3.0,-3.9,-3.1,-0.2,35.4,41.0,61.0,13.4,0.3,56.8,26.6,14.6,75.6,,,OBAnorm,,LD831_02097v2.403,,,,0,0
DENATRLA,2025-06-23 08:28:53.000,34.9,33.9,35.1,31.9,27.9,24.7,20.6,18.6,15.5,15.3,16.8,21.0,23.6,25.0,25.6,27.6,27.7,29.8,29.1,27.8,26.5,24.1,21.1,17.5,14.2,11.1,6.4,0.5,-1.7,-3.3,-4.3,-3.2,-0.1,35.6,38.9,52.1,13.4,0.3,59.2,26.6,14.6,77.3,,,OBAnorm,,LD831_02097v2.403,,,,0,0
DENATRLA,2025-06-23 08:28:54.000,37.7,39.4,31.8,30.2,26.8,26.6,21.0,20.9,15.1,15.1,17.4,21.9,23.5,24.9,26.1,27.2,28.1,29.1,28.2,28.7,26.4,24.8,22.0,18.4,15.1,11.4,6.3,1.1,-1.2,-3.0,-4.2,-3.1,-0.2,35.7,39.2,55.3,13.4,0.3,59.2,26.5,14.6,79.6,,,OBAnorm,,LD831_02097v2.403,,,,0,0
DENATRLA,2025-06-23 08:28:55.000,40.6,35.1,33.0,28.6,23.7,23.0,20.2,18.1,13.3,16.6,17.8,22.1,22.9,25.1,25.1,27.3,27.2,28.5,29.1,28.0,26.8,24.2,21.4,18.5,15.5,11.5,6.4,0.6,-1.5,-3.2,-4.3,-3.0,-0.1,35.5,39.1,52.6,13.4,0.3,69.7,26.5,14.6,79.6,,,OBAnorm,,LD831_02097v2.403,,,,0,0
DENATRLA,2025-06-23 08:28:56.000,36.0,31.2,29.0,27.7,24.5,21.5,20.3,18.3,15.6,15.7,16.8,21.9,23.3,24.0,26.7,27.3,28.4,28.5,28.5,28.5,27.2,24.7,21.8,18.2,14.3,11.5,6.4,0.4,-1.5,-3.2,-4.3,-3.1,0.0,35.7,38.5,45.3,13.4,0.3,69.8,26.5,14.6,79.6,,,OBAnorm,,LD831_02097v2.403,,,,0,0
DENATRLA,2025-06-23 08:28:57.000,36.3,33.9,31.3,29.3,25.9,24.0,22.5,19.3,17.4,16.9,18.6,22.8,23.5,25.1,26.4,26.2,28.1,29.0,29.5,28.5,27.0,24.8,22.1,18.4,14.9,11.5,6.1,1.0,-1.0,-3.1,-4.3,-3.1,-0.2,36.0,38.8,47.4,13.4,0.3,69.8,26.5,14.6,79.6,,,OBAnorm,,LD831_02097v2.403,,,,0,0
DENATRLA,2025-06-23 08:28:58.000,35.6,30.8,31.5,25.6,26.0,24.2,22.7,18.1,16.3,16.9,20.1,21.9,23.3,27.1,26.4,27.9,27.6,29.5,29.7,29.1,27.4,25.5,23.1,19.9,16.8,14.2,8.5,3.6,1.0,-1.8,-3.9,-3.0,-0.1,36.5,39.3,51.2,13.4,0.3,69.7,26.6,14.6,79.6,,,OBAnorm,,LD831_02097v2.403,,,,0,0
DENATRLA,2025-06-23 08:28:59.000,27.9,31.3,29.0,30.7,25.1,26.6,20.6,20.6,16.9,18.9,20.9,22.6,25.1,26.7,26.9,28.8,28.5,29.8,29.8,29.2,28.2,26.3,23.5,20.8,18.1,15.5,10.6,6.2,2.9,-0.4,-3.7,-2.5,-0.1,37.0,41.8,58.4,13.4,0.2,69.8,26.5,14.6,79.6,,,OBAnorm,,LD831_02097v2.403,,,,0,0
DENATRLA,2025-06-23 08:29:00.000,26.6,29.9,28.6,27.9,26.4,25.6,27.1,23.5,23.9,23.7,22.3,23.9,25.7,27.0,28.2,29.0,29.0,30.3,30.6,30.2,29.3,27.7,24.4,21.2,18.0,16.1,12.8,8.6,5.2,2.0,-1.9,-1.6,0.3,37.9,51.3,69.5,13.4,0.0,66.4,26.5,14.6,79.6,,,OBAnorm,,LD831_02097v2.403,,,,0,0
DENATRLA,2025-06-23 08:29:01.000,33.8,34.4,39.1,41.5,40.8,37.6,34.6,35.0,29.0,27.6,25.2,26.2,25.9,28.8,29.2,28.4,30.2,30.8,30.8,31.6,29.8,28.4,24.9,21.7,18.5,16.4,12.9,8.7,5.3,2.4,-1.7,-1.8,0.4,38.5,51.5,70.6,13.4,0.4,11.9,26.5,14.6,79.0,,,OBAnorm,,LD831_02097v2.403,,,,0,0
DENATRLA,2025-06-23 08:29:02.000,50.2,47.0,49.2,45.7,42.9,40.4,36.5,34.1,29.7,28.6,26.8,27.5,28.6,29.6,30.2,30.7,31.6,32.4,33.2,33.3,32.6,31.0,28.9,25.0,22.1,20.9,17.2,13.3,10.5,6.8,3.1,0.9,1.4,41.0,54.7,71.2,13.4,0.9,4.8,26.6,14.6,78.4,,,OBAnorm,,LD831_02097v2.403,,,,0,0
DENATRLA,2025-06-23 08:29:03.000,58.5,49.9,44.5,46.0,45.8,43.9,41.7,40.1,38.0,33.9,30.6,29.4,29.8,30.0,30.5,31.2,32.4,33.4,33.3,33.8,32.9,31.4,28.3,24.7,21.7,21.1,17.7,11.3,9.8,6.7,3.8,2.8,2.4,41.1,59.1,77.9,13.4,1.2,0.3,26.6,14.6,78.4,,,OBAnorm,,LD831_02097v2.403,,,,0,0
DENATRLA,2025-06-23 08:29:04.000,57.3,56.7,54.8,54.2,48.7,45.4,35.7,33.9,28.4,26.3,24.9,29.6,30.1,29.9,31.1,31.7,32.5,32.6,33.7,33.5,32.2,30.4,27.2,23.8,22.7,19.5,14.8,9.6,9.6,7.4,4.6,2.8,1.7,40.6,48.1,68.3,13.4,1.5,336.2,26.5,14.6,78.4,,,OBAnorm,,LD831_02097v2.403,,,,0,0
DENATRLA,2025-06-23 08:29:05.000,63.4,62.5,49.1,44.0,37.9,32.0,28.5,27.0,24.2,21.1,25.7,26.8,29.2,29.7,30.6,30.6,30.9,32.2,32.1,31.8,30.4,28.2,26.1,22.3,19.9,16.8,12.2,7.6,8.1,6.0,4.1,1.5,1.4,39.3,47.9,66.1,13.4,1.7,53.6,26.6,14.7,78.4,,,OBAnorm,,LD831_02097v2.403,,,,0,0
DENATRLA,2025-06-23 08:29:06.000,56.3,50.5,42.0,35.8,30.7,35.0,32.0,27.0,25.2,21.5,21.9,23.0,27.3,28.4,30.7,30.7,30.7,30.9,31.5,31.4,30.1,27.7,25.1,21.8,18.5,16.2,11.6,7.1,7.3,4.8,2.6,1.4,1.0,38.7,45.2,67.1,13.4,1.6,53.6,26.6,14.7,78.4,,,OBAnorm,,LD831_02097v2.403,,,,0,0
DENATRLA,2025-06-23 08:29:07.000,50.3,48.8,44.3,33.9,32.3,30.2,27.1,25.0,21.0,17.5,22.5,23.6,26.8,27.6,28.9,29.9,30.3,31.1,31.2,30.4,29.7,26.6,24.3,21.2,18.2,15.7,11.0,6.7,6.2,3.4,1.0,0.4,0.6,38.1,51.1,70.6,13.4,1.4,80.6,26.6,14.6,77.8,,,OBAnorm,,LD831_02097v2.403,,,,0,0
DENATRLA,2025-06-23 08:29:08.000,52.0,43.8,34.8,36.4,35.8,34.4,34.6,28.9,24.4,22.5,23.5,24.0,26.7,27.1,29.0,29.4,30.5,30.6,30.7,29.9,28.5,26.8,23.5,20.1,16.7,14.5,9.4,5.7,5.2,2.1,-0.5,-0.8,0.4,37.6,51.7,69.4,13.4,1.4,80.6,26.6,14.6,77.3,,,OBAnorm,,LD831_02097v2.403,,,,0,0
DENATRLA,2025-06-23 08:29:09.000,39.0,44.4,47.3,50.1,43.3,42.0,34.6,30.1,26.3,21.7,21.7,24.4,25.7,26.4,28.4,29.1,29.7,30.3,30.7,29.7,28.4,25.8,23.1,20.0,16.2,13.8,9.4,5.7,4.9,2.3,-0.5,-1.5,0.4,37.3,49.5,65.5,13.4,1.3,80.6,26.6,14.6,77.3,,,OBAnorm,,LD831_02097v2.403,,,,0,0
DENATRLA,2025-06-23 08:29:10.000,52.1,50.0,46.4,42.0,41.0,36.7,32.2,23.2,19.8,18.2,21.4,23.7,25.3,26.1,28.8,29.2,29.5,29.9,30.2,29.1,27.7,25.2,22.2,19.1,15.4,12.6,8.2,3.8,3.9,1.6,-0.7,-1.3,0.1,36.8,42.2,60.5,13.4,1.1,95.0,26.5,14.6,78.4,,,OBAnorm,,LD831_02097v2.403,,,,0,0
DENATRLA,2025-06-23 08:29:11.000,56.2,50.4,36.2,30.2,27.1,27.7,23.9,20.6,19.3,18.0,21.2,23.0,24.1,26.2,27.2,28.5,29.4,30.1,28.9,29.2,27.2,24.8,22.2,18.7,15.7,12.9,8.0,3.5,3.0,0.9,-1.7,-1.3,0.1,36.3,41.2,57.4,13.4,0.9,94.9,26.6,14.6,79.0,,,OBAnorm,,LD831_02097v2.403,,,,0,0
DENATRLA,2025-06-23 08:29:12.000,51.9,42.6,33.8,28.5,28.9,26.3,22.4,23.5,20.4,18.6,20.2,22.0,24.1,25.5,27.4,28.2,29.1,29.4,29.4,28.4,27.0,24.2,20.8,17.9,15.3,11.8,6.8,2.6,1.1,-0.4,-2.5,-2.3,0.2,35.9,43.9,61.2,13.4,0.7,95.0,26.5,14.6,78.4,,,OBAnorm,,LD831_02097v2.403,,,,0,0
DENATRLA,2025-06-23 08:29:13.000,38.8,37.1,38.8,40.2,34.0,30.0,26.5,23.6,17.9,14.9,18.7,22.8,24.3,25.8,27.6,28.5,29.3,29.3,29.2,28.4,26.9,24.5,21.6,19.8,15.9,11.6,6.7,2.4,1.2,-1.0,-3.1,-2.4,0.0,36.1,40.1,55.3,13.4,0.7,95.0,26.6,14.6,78.4,,,OBAnorm,,LD831_02097v2.403,,,,0,0
DENATRLA,2025-06-23 08:29:14.000,42.8,43.2,37.6,33.2,29.5,26.7,22.2,21.8,17.2,17.3,20.0,23.0,25.5,25.9,26.8,28.6,29.4,29.8,29.7,28.6,27.8,25.2,22.3,18.7,15.7,12.8,7.4,2.3,0.3,-1.7,-3.5,-2.8,0.0,36.5,42.2,59.1,13.4,0.6,95.0,26.6,14.6,79.0,,,OBAnorm,,LD831_02097v2.403,,,,0,0
DENATRLA,2025-06-23 08:29:15.000,38.4,34.0,32.5,31.9,31.6,29.1,23.0,21.0,17.5,17.3,19.5,23.1,23.7,26.7,26.9,28.4,28.8,29.7,29.7,29.5,27.6,25.8,22.8,19.1,15.7,13.5,8.4,3.3,1.2,-1.5,-3.6,-2.9,-0.1,36.8,40.6,56.8,13.4,0.4,91.2,26.5,14.6,77.3,,,OBAnorm,,LD831_02097v2.403,,,,0,0
DENATRLA,2025-06-23 08:29:16.000,40.1,36.1,37.9,32.9,29.4,27.5,22.7,21.7,16.2,18.2,20.5,23.6,24.9,27.6,28.6,29.4,29.7,30.0,30.1,29.5,27.8,26.6,23.3,20.5,16.8,14.2,9.1,3.8,1.8,-1.7,-3.8,-2.9,-0.1,37.2,40.3,48.1,13.4,0.4,95.0,26.6,14.6,77.3,,,OBAnorm,,LD831_02097v2.403,,,,0,0
DENATRLA,2025-06-23 08:29:17.000,44.2,38.4,32.5,30.8,27.6,23.3,23.3,23.4,14.8,17.2,19.8,24.2,25.6,26.8,28.9,29.6,29.5,30.4,30.3,29.7,28.6,26.7,23.6,19.7,16.9,14.3,9.9,5.0,2.3,-1.3,-3.4,-2.7,0.0,37.3,40.7,53.2,13.4,0.4,95.0,26.6,14.6,79.0,,,OBAnorm,,LD831_02097v2.403,,,,0,0
DENATRLA,2025-06-23 08:29:18.000,34.1,35.4,29.6,26.3,28.1,24.6,26.1,21.5,19.1,17.3,20.9,23.1,25.2,28.3,28.7,29.3,29.7,30.5,30.4,29.5,28.2,25.6,23.4,20.0,16.1,13.6,8.8,4.1,1.9,-1.2,-3.5,-2.6,-0.1,37.3,44.8,61.9,13.4,0.4,95.0,26.6,14.6,79.0,,,OBAnorm,,LD831_02097v2.403,,,,0,0
DENATRLA,2025-06-23 08:29:19.000,35.0,31.8,35.8,35.0,31.3,28.6,24.5,25.5,20.0,16.9,20.6,22.2,26.7,27.5,27.9,29.3,29.7,30.2,30.5,29.1,27.5,25.7,22.0,18.8,15.7,13.6,9.0,4.0,1.6,-1.6,-3.8,-2.8,-0.1,36.9,44.6,59.1,13.4,0.4,95.0,26.6,14.6,79.0,,,OBAnorm,,LD831_02097v2.403,,,,0,0
DENATRLA,2025-06-23 08:29:20.000,42.3,39.0,38.4,36.2,33.7,31.6,27.1,26.1,23.3,18.1,21.0,24.1,25.8,25.8,27.9,28.0,28.7,30.2,30.1,29.3,27.9,25.6,22.3,18.4,14.8,12.9,7.9,3.1,1.0,-1.5,-3.6,-2.8,0.0,36.6,43.8,63.0,13.4,0.4,95.8,26.6,14.6,79.0,,,OBAnorm,,LD831_02097v2.403,,,,0,0
DENATRLA,2025-06-23 08:29:21.000,49.2,44.0,39.8,37.0,35.3,31.5,23.2,20.5,17.9,16.9,20.5,22.7,25.5,26.8,27.6,28.3,29.1,29.8,29.8,29.1,28.2,25.0,21.9,19.3,15.6,12.5,7.3,2.5,0.7,-2.2,-3.9,-2.9,-0.1,36.6,40.1,56.6,13.4,0.4,100.1,26.6,14.6,79.0,,,OBAnorm,,LD831_02097v2.403,,,,0,0
DENATRLA,2025-06-23 08:29:22.000,48.2,43.1,34.5,30.6,24.7,23.1,20.5,20.0,19.1,15.4,20.4,23.4,25.6,26.3,27.3,28.7,28.4,29.9,30.0,28.4,26.9,24.8,21.5,18.0,14.5,11.8,6.7,1.8,0.2,-2.5,-3.9,-2.8,-0.1,36.3,39.7,53.0,13.4,0.4,100.2,26.6,14.6,79.0,,,OBAnorm,,LD831_02097v2.403,,,,0,0
DENATRLA,2025-06-23 08:29:23.000,43.3,35.6,29.7,31.1,27.9,22.6,24.2,21.6,18.5,18.5,21.7,24.5,25.6,26.1,28.1,28.4,29.8,29.8,29.9,28.6,27.3,24.3,21.3,18.3,15.2,12.2,6.8,2.1,0.5,-1.7,-3.3,-2.5,-0.1,36.3,40.7,53.2,13.4,0.3,100.2,26.6,14.6,79.0,,,OBAnorm,,LD831_02097v2.403,,,,0,0
DENATRLA,2025-06-23 08:29:24.000,35.5,32.7,29.8,30.4,23.8,24.9,25.5,22.4,18.8,19.2,22.0,25.4,26.3,27.2,28.2,28.4,29.3,30.1,30.1,29.1,27.4,24.7,21.6,17.6,14.5,11.7,7.1,2.6,0.8,-1.6,-3.2,-2.5,-0.1,36.6,41.8,56.6,13.4,0.1,96.2,26.6,14.6,77.3,,,OBAnorm,,LD831_02097v2.403,,,,0,0
DENATRLA,2025-06-23 08:29:25.000,33.0,34.3,32.4,36.2,29.5,27.4,24.3,18.9,15.1,21.1,22.2,24.3,26.0,26.7,27.6,28.5,29.7,30.1,29.7,29.1,26.8,24.8,21.8,19.0,15.6,12.6,7.5,2.7,0.8,-0.5,-2.9,-2.3,0.1,36.5,39.4,51.1,13.4,0.1,96.2,26.6,14.6,75.0,,,OBAnorm,,LD831_02097v2.403,,,,0,0
DENATRLA,2025-06-23 08:29:26.000,43.5,40.2,32.0,27.9,21.2,25.0,22.5,21.0,17.6,17.5,22.4,24.1,25.3,27.1,27.7,27.9,29.6,30.4,29.4,28.7,27.7,25.5,22.0,18.6,14.5,11.6,7.2,2.7,1.3,0.9,-0.1,-1.1,0.5,36.6,43.2,63.8,13.4,0.1,96.2,26.6,14.6,75.0,,,OBAnorm,,LD831_02097v2.403,,,,0,0
DENATRLA,2025-06-23 08:29:27.000,34.6,27.7,31.5,33.7,29.6,26.8,26.4,25.4,20.7,21.5,23.2,23.4,26.2,26.9,27.7,28.9,29.8,30.3,29.5,28.8,27.5,24.9,21.4,18.3,14.6,11.6,7.2,3.0,1.9,0.5,-0.4,-0.6,1.2,36.5,48.8,72.8,13.4,0.1,70.6,26.6,14.6,75.0,,,OBAnorm,,LD831_02097v2.403,,,,0,0
DENATRLA,2025-06-23 08:29:28.000,33.8,35.5,40.5,41.1,36.9,33.8,31.9,24.4,19.8,20.6,21.4,24.1,25.6,25.7,28.6,28.7,28.3,29.1,28.6,28.3,26.6,24.0,21.3,17.6,14.3,18.6,17.4,5.4,1.6,0.3,-1.5,-1.0,0.8,36.1,45.1,64.1,13.4,0.1,319.7,26.6,14.6,76.7,,,OBAnorm,,LD831_02097v2.403,,,,0,0
DENATRLA,2025-06-23 08:29:29.000,50.7,47.7,43.5,34.6,31.2,30.5,32.1,24.9,24.1,19.6,21.1,23.9,24.3,26.2,26.5,28.1,28.4,29.5,29.1,28.8,27.0,24.0,20.8,17.6,14.0,16.0,12.1,3.1,0.6,-1.0,-2.7,-2.3,0.1,36.0,47.0,67.3,13.4,0.2,319.7,26.6,14.7,78.4,,,OBAnorm,,LD831_02097v2.403,,,,0,0
DENATRLA,2025-06-23 08:29:30.000,52.3,39.0,44.4,41.5,39.4,33.8,28.0,25.4,20.7,18.8,19.7,22.3,24.5,26.4,26.6,28.0,28.3,28.6,28.7,28.0,26.4,24.4,21.0,17.4,14.0,10.8,6.2,1.8,0.1,-1.6,-3.3,-2.5,0.2,35.6,46.9,66.1,13.4,0.4,206.6,26.6,14.7,78.4,,,OBAnorm,,LD831_02097v2.403,,,,0,0
DENATRLA,2025-06-23 08:29:31.000,44.8,48.6,40.5,36.8,35.9,30.3,26.9,24.0,20.8,18.6,18.1,21.4,25.8,26.5,27.5,28.7,28.9,28.9,28.2,27.1,26.8,24.3,20.9,17.0,13.8,11.1,6.4,2.1,0.6,-1.0,-3.3,-2.4,0.0,35.5,42.9,63.6,13.4,0.6,198.5,26.6,14.7,78.4,,,OBAnorm,,LD831_02097v2.403,,,,0,0
DENATRLA,2025-06-23 08:29:32.000,42.8,44.8,37.6,36.8,33.6,30.8,27.9,25.6,19.0,15.4,20.1,22.1,25.2,25.9,27.1,28.0,29.2,29.0,28.9,28.6,27.0,24.9,21.8,18.0,15.1,11.5,7.1,2.3,0.5,-2.1,-3.8,-3.0,-0.2,36.1,42.8,60.6,13.4,0.6,217.4,26.6,14.7,78.4,,,OBAnorm,,LD831_02097v2.403,,,,0,0
DENATRLA,2025-06-23 08:29:33.000,48.0,43.3,37.4,35.7,29.3,28.2,24.2,21.1,17.6,17.7,19.3,22.5,26.1,27.6,27.4,29.4,29.4,29.1,29.7,29.0,28.3,25.7,22.9,19.3,15.9,12.6,7.9,2.8,0.5,-2.0,-3.6,-2.8,-0.1,36.8,40.4,55.3,13.4,0.5,243.5,26.6,14.7,77.9,,,OBAnorm,,LD831_02097v2.403,,,,0,0
DENATRLA,2025-06-23 08:29:34.000,44.4,40.0,36.7,30.7,27.6,25.6,23.7,17.9,16.9,17.7,19.8,22.2,25.8,27.3,28.1,28.3,29.1,31.3,30.5,29.8,28.7,26.7,23.7,20.9,17.4,14.6,10.0,4.9,3.7,-0.6,-3.3,-2.9,-0.1,37.5,40.6,53.7,13.4,0.5,243.7,26.6,14.7,77.3,,,OBAnorm,,LD831_02097v2.403,,,,0,0
DENATRLA,2025-06-23 08:29:35.000,41.9,38.9,24.5,31.1,25.9,25.2,23.7,20.2,18.9,18.1,20.7,23.8,25.6,27.8,29.1,29.9,29.1,31.0,30.5,29.9,28.6,27.0,24.2,20.6,17.4,14.8,9.5,4.6,2.0,-0.7,-3.2,-2.8,-0.2,37.7,41.4,55.8,13.4,0.4,229.7,26.6,14.7,78.4,,,OBAnorm,,LD831_02097v2.403,,,,0,0
DENATRLA,2025-06-23 08:29:36.000,36.9,34.1,34.0,32.6,28.7,28.5,29.8,24.7,18.8,17.4,21.0,23.1,26.7,26.6,27.1,29.0,30.0,29.5,30.2,29.0,28.1,25.8,22.6,19.2,15.6,14.1,7.8,2.7,2.0,-1.4,-3.0,-2.8,0.0,36.8,44.6,63.4,13.4,0.4,226.1,26.6,14.7,77.3,,,OBAnorm,,LD831_02097v2.403,,,,0,0
DENATRLA,2025-06-23 08:29:37.000,36.3,34.9,40.5,36.7,34.0,32.8,28.4,23.6,20.7,17.6,20.4,23.1,26.7,26.8,27.8,28.2,28.8,30.0,29.5,28.5,27.0,24.8,21.4,19.2,16.3,12.7,7.6,2.5,0.4,-1.7,-3.6,-2.9,-0.1,36.4,41.8,57.7,13.4,0.4,181.0,26.6,14.6,77.3,,,OBAnorm,,LD831_02097v2.403,,,,0,0
DENATRLA,2025-06-23 08:29:38.000,35.5,43.8,40.1,36.0,29.3,23.9,23.8,22.7,19.0,16.9,19.3,24.0,26.3,27.6,28.5,28.9,29.1,29.6,29.0,29.2,28.0,24.8,22.5,19.2,16.0,12.7,8.0,2.9,0.7,-1.3,-3.4,-2.8,0.0,36.6,44.0,56.6,13.4,0.5,186.9,26.6,14.6,77.8,,,OBAnorm,,LD831_02097v2.403,,,,0,0
DENATRLA,2025-06-23 08:29:39.000,43.2,40.8,34.5,34.8,33.1,32.0,27.4,23.9,20.8,18.2,19.6,23.2,28.0,28.2,27.7,28.6,29.5,30.2,29.5,29.3,27.7,26.1,23.0,20.0,18.3,13.0,7.8,2.7,0.6,-1.9,-3.7,-2.9,-0.1,36.9,41.1,55.6,13.4,0.5,193.7,26.6,14.6,77.8,,,OBAnorm,,LD831_02097v2.403,,,,0,0
DENATRLA,2025-06-23 08:29:40.000,43.0,44.3,36.8,33.4,27.0,23.3,23.0,22.2,18.3,18.2,20.3,23.8,25.9,27.0,27.0,28.4,29.9,29.7,30.0,29.3,28.0,26.2,23.2,19.9,16.6,13.0,7.9,2.8,0.6,-1.4,-3.6,-2.8,0.1,36.9,40.0,53.1,13.4,0.5,193.8,26.6,14.6,77.3,,,OBAnorm,,LD831_02097v2.403,,,,0,0
DENATRLA,2025-06-23 08:29:41.000,44.8,43.9,33.4,29.1,25.4,23.1,23.1,23.3,19.1,18.0,22.1,23.4,26.2,27.3,28.8,28.8,29.9,30.1,30.1,29.8,27.9,25.7,23.1,19.0,15.1,12.4,7.8,2.9,0.3,-1.8,-3.6,-3.0,-0.1,37.0,40.0,47.2,13.4,0.5,193.8,26.5,14.6,77.3,,,OBAnorm,,LD831_02097v2.403,,,,0,0
DENATRLA,2025-06-23 08:29:42.000,37.9,34.8,32.0,26.3,25.4,24.9,23.5,23.8,15.9,18.1,22.1,24.4,26.0,27.5,27.3,28.0,29.2,29.9,29.9,29.3,28.3,26.6,23.4,19.9,15.9,12.7,7.8,2.9,0.6,-1.6,-3.3,-2.6,-0.1,37.0,39.7,46.9,13.4,0.5,193.8,26.6,14.6,78.4,,,OBAnorm,,LD831_02097v2.403,,,,0,0
DENATRLA,2025-06-23 08:29:43.000,30.5,33.0,27.9,28.0,27.0,26.4,25.0,21.9,19.1,18.9,22.1,23.9,26.9,26.5,27.4,30.0,30.1,30.0,30.4,29.8,28.3,26.9,23.6,19.7,15.8,13.0,8.2,3.5,0.8,-0.9,-3.0,-2.3,0.1,37.4,40.5,54.2,13.4,0.5,193.8,26.6,14.6,78.4,,,OBAnorm,,LD831_02097v2.403,,,,0,0
DENATRLA,2025-06-23 08:29:44.000,33.0,30.8,30.6,28.0,26.5,26.3,24.7,23.4,20.3,18.2,19.9,24.7,26.1,27.5,28.5,29.6,29.2,30.2,30.6,30.0,28.7,26.7,23.7,19.9,16.3,13.0,8.3,4.0,1.5,-0.4,-2.4,-2.4,0.1,37.5,41.9,58.5,13.4,0.5,193.7,26.6,14.6,78.4,,,OBAnorm,,LD831_02097v2.403,,,,0,0
DENATRLA,2025-06-23 08:29:45.000,31.5,27.1,23.4,29.0,28.6,27.7,22.6,21.7,20.7,17.4,21.7,24.8,26.8,27.0,27.8,28.7,29.7,30.3,30.9,29.5,28.5,27.0,23.9,20.4,16.6,13.6,9.8,4.6,1.6,-1.0,-3.3,-2.7,-0.1,37.4,43.7,59.2,13.4,0.5,193.8,26.6,14.6,78.4,,,OBAnorm,,LD831_02097v2.403,,,,0,0
DENATRLA,2025-06-23 08:29:46.000,37.3,35.6,34.9,33.9,32.9,27.5,27.6,27.1,22.9,20.1,21.0,24.4,24.5,25.5,27.5,29.6,29.7,30.4,30.2,29.3,28.3,25.7,22.7,19.4,15.7,12.8,8.4,4.2,1.1,-1.4,-3.4,-2.8,0.0,37.0,46.7,62.6,13.4,0.5,192.3,26.6,14.6,78.4,,,OBAnorm,,LD831_02097v2.403,,,,0,0
DENATRLA,2025-06-23 08:29:47.000,42.0,41.0,42.8,39.6,34.1,27.8,30.6,26.3,23.1,19.5,21.6,24.7,25.8,26.8,27.6,28.4,29.4,29.1,30.0,29.4,27.8,26.0,22.9,19.1,15.8,12.9,9.3,4.4,0.6,-1.6,-3.5,-2.8,-0.1,36.7,44.6,63.0,13.4,0.5,192.4,26.6,14.6,78.4,,,OBAnorm,,LD831_02097v2.403,,,,0,0
DENATRLA,2025-06-23 08:29:48.000,49.3,44.6,40.3,35.7,35.7,30.3,27.6,24.8,22.1,21.1,21.4,24.9,25.6,26.6,27.2,28.0,29.8,30.0,30.6,29.8,28.6,26.5,24.0,19.9,17.2,14.3,10.8,6.3,2.7,-0.2,-2.9,-2.3,0.1,37.4,42.9,62.3,13.4,0.5,192.1,26.6,14.6,78.4,,,OBAnorm,,LD831_02097v2.403,,,,0,0
DENATRLA,2025-06-23 08:29:49.000,44.1,41.7,38.2,31.1,31.8,29.3,29.9,26.2,22.6,21.0,24.1,24.8,27.2,27.4,29.1,28.3,30.0,30.8,30.5,30.5,28.4,26.1,24.0,19.9,17.2,14.3,11.0,6.4,3.9,1.7,-1.5,-1.9,0.3,37.5,46.6,63.1,13.4,0.3,165.8,26.6,14.6,78.4,,,OBAnorm,,LD831_02097v2.403,,,,0,0
DENATRLA,2025-06-23 08:29:50.000,42.3,41.9,39.3,34.9,33.8,30.0,30.2,29.5,22.4,21.3,22.2,25.1,25.7,27.3,29.1,29.4,29.2,30.3,30.5,29.4,29.6,27.7,24.8,21.0,17.5,15.1,11.1,6.9,4.4,2.1,-1.5,-1.3,0.2,37.7,47.2,61.6,13.4,0.4,25.2,26.6,14.6,77.8,,,OBAnorm,,LD831_02097v2.403,,,,0,0
DENATRLA,2025-06-23 08:29:51.000,45.5,42.4,44.7,41.0,37.4,32.8,30.1,31.9,26.7,22.8,23.4,25.2,25.7,28.3,28.1,28.7,30.2,31.0,31.1,31.0,30.8,29.1,25.3,22.2,18.8,15.9,12.4,8.4,5.3,3.7,0.3,1.1,0.8,38.7,48.5,65.9,13.4,0.8,18.2,26.6,14.5,77.3,,,OBAnorm,,LD831_02097v2.403,,,,0,0
DENATRLA,2025-06-23 08:29:52.000,48.1,47.0,44.9,37.9,36.9,37.2,31.9,30.5,34.0,26.3,24.6,25.2,25.2,27.2,28.6,28.9,29.8,30.9,31.0,31.0,29.3,27.6,24.2,21.2,17.2,15.1,11.9,7.9,5.3,3.2,0.3,0.0,0.7,38.0,45.1,60.6,13.4,1.1,11.3,26.6,14.5,78.4,,,OBAnorm,,LD831_02097v2.403,,,,0,0
DENATRLA,2025-06-23 08:29:53.000,45.8,48.5,44.7,39.5,39.0,32.9,31.6,25.0,23.2,22.1,23.5,25.6,25.0,25.3,27.2,28.2,29.7,30.0,30.3,30.6,29.3,27.4,23.8,20.2,16.7,14.1,10.7,6.8,4.4,2.9,0.0,0.7,1.0,37.7,44.7,61.1,13.4,1.2,0.7,26.6,14.6,78.4,,,OBAnorm,,LD831_02097v2.403,,,,0,0
DENATRLA,2025-06-23 08:29:54.000,44.2,40.7,43.8,36.1,33.5,27.9,27.1,26.7,21.6,22.6,22.5,24.5,25.8,27.1,28.3,28.3,29.7,30.3,30.9,30.1,29.1,27.3,24.8,21.1,17.2,15.1,11.4,7.8,4.6,3.0,-0.2,-0.9,0.4,37.8,45.6,62.0,13.4,1.1,0.4,26.6,14.5,78.4,,,OBAnorm,,LD831_02097v2.403,,,,0,0
DENATRLA,2025-06-23 08:29:55.000,44.9,40.2,38.5,37.2,35.4,33.3,29.5,31.4,30.3,25.0,23.2,24.1,25.4,26.4,28.8,28.5,29.0,30.7,30.4,30.4,29.1,26.9,24.0,20.2,15.8,13.9,10.4,6.2,3.3,1.7,-1.1,-0.6,0.5,37.6,46.4,63.8,13.4,1.0,2.5,26.6,14.5,78.4,,,OBAnorm,,LD831_02097v2.403,,,,0,0
DENATRLA,2025-06-23 08:29:56.000,42.2,43.2,38.3,42.9,35.0,36.3,30.7,30.9,25.8,20.2,21.9,22.0,25.4,26.7,27.6,29.8,30.2,30.7,31.1,30.1,28.6,26.5,24.0,20.1,16.4,13.5,9.6,5.1,3.0,1.0,-0.8,-1.3,0.4,37.5,46.2,62.7,13.4,0.9,8.3,26.6,14.6,78.4,,,OBAnorm,,LD831_02097v2.403,,,,0,0
DENATRLA,2025-06-23 08:29:57.000,47.7,42.0,43.6,37.5,32.6,30.5,27.7,25.6,19.6,17.8,20.3,23.2,25.8,26.8,28.5,28.8,29.7,30.9,31.4,29.8,28.7,25.9,23.0,19.1,15.3,12.3,8.0,3.1,1.4,0.1,-2.0,-1.3,0.2,37.5,43.7,60.5,13.4,0.8,10.5,26.6,14.6,78.4,,,OBAnorm,,LD831_02097v2.403,,,,0,0
DENATRLA,2025-06-23 08:29:58.000,49.3,44.7,41.6,39.3,32.7,29.0,24.4,20.1,17.8,16.1,19.8,22.8,25.1,25.6,27.1,28.1,29.6,30.7,30.0,29.7,27.8,26.0,22.3,19.1,15.8,12.1,7.1,1.9,0.5,-1.2,-3.1,-2.7,0.0,37.0,40.3,54.0,13.4,0.8,12.6,26.7,14.6,78.4,,,OBAnorm,,LD831_02097v2.403,,,,0,0
DENATRLA,2025-06-23 08:29:59.000,45.7,46.1,33.2,26.8,27.5,22.0,18.9,23.5,17.0,16.7,20.5,22.7,24.0,26.2,27.4,28.8,29.8,29.5,29.7,29.4,27.6,25.7,22.3,19.1,16.0,12.0,6.5,1.1,0.0,-2.1,-3.7,-2.7,-0.1,36.7,41.9,58.1,13.4,0.7,12.6,26.6,14.6,79.0,,,OBAnorm,,LD831_02097v2.403,,,,0,0
DENATRLA,2025-06-23 08:30:00.000,34.5,35.8,31.8,31.1,29.3,25.2,24.6,21.4,16.3,15.8,18.0,20.8,24.7,25.3,27.3,28.5,29.1,29.6,29.8,28.9,27.1,24.1,20.8,17.4,13.3,9.5,4.7,-0.4,-1.2,-2.4,-3.7,-2.6,-0.1,36.2,41.3,58.2,13.4,0.6,12.6,26.6,14.6,79.0,,,OBAnorm,,LD831_02097v2.403,,,,0,0
DENATRLA,2025-06-23 08:30:01.000,37.0,37.9,33.8,32.2,32.4,27.4,25.6,21.5,16.9,16.3,17.6,21.4,23.9,25.3,26.4,27.7,29.5,29.5,29.5,28.6,27.0,23.8,20.6,17.3,13.0,9.2,4.5,-0.6,-1.4,-2.9,-4.1,-2.9,0.0,36.0,41.3,58.1,13.4,0.6,13.5,26.6,14.6,79.0,,,OBAnorm,,LD831_02097v2.403,,,,0,0
DENATRLA,2025-06-23 08:30:02.000,40.5,38.4,31.9,32.7,31.6,27.0,25.3,24.8,19.5,16.5,18.5,20.7,22.9,25.5,27.9,28.1,28.4,29.6,29.8,28.8,26.6,24.4,21.0,16.9,12.6,9.2,4.2,0.0,-1.6,-2.4,-3.3,-2.7,0.0,36.0,47.1,63.3,13.4,0.5,22.2,26.6,14.6,79.0,,,OBAnorm,,LD831_02097v2.403,,,,0,0
DENATRLA,2025-06-23 08:30:03.000,42.0,35.8,38.6,33.9,34.5,29.8,26.4,22.6,18.6,14.3,19.1,21.5,23.0,25.7,27.5,27.3,28.9,30.0,30.4,29.1,27.2,24.8,21.1,17.5,13.2,9.6,3.9,-1.2,-2.6,-3.4,-4.3,-3.1,0.0,36.5,41.4,61.7,13.4,0.5,25.5,26.6,14.6,79.0,,,OBAnorm,,LD831_02097v2.403,,,,0,0
DENATRLA,2025-06-23 08:30:04.000,49.4,43.6,34.9,34.5,28.9,26.8,23.1,21.0,16.0,15.8,17.8,20.5,23.7,26.7,28.2,28.9,30.1,30.0,29.9,28.5,27.2,24.7,22.0,18.1,14.2,10.4,4.3,-1.2,-2.3,-3.4,-4.2,-3.1,-0.2,36.5,40.9,59.2,13.4,0.5,25.5,26.6,14.6,79.6,,,OBAnorm,,LD831_02097v2.403,,,,0,0
DENATRLA,2025-06-23 08:30:05.000,49.6,42.0,30.5,27.8,24.3,26.0,23.8,19.4,17.8,15.8,17.1,22.4,22.8,24.6,25.6,27.6,29.0,28.9,29.8,29.3,27.2,24.4,21.4,17.6,14.1,10.2,4.7,-1.0,-1.2,-2.8,-3.9,-3.0,0.0,36.2,40.9,57.7,13.4,0.5,26.8,26.6,14.6,79.6,,,OBAnorm,,LD831_02097v2.403,,,,0,0
DENATRLA,2025-06-23 08:30:06.000,39.1,35.9,35.5,34.2,26.7,23.8,21.8,18.2,16.2,14.4,17.6,20.8,24.2,25.0,26.6,27.6,28.2,29.3,29.5,28.3,27.2,24.4,21.1,17.4,13.1,9.4,3.8,-1.4,-2.8,-3.7,-4.3,-3.0,-0.1,35.8,39.6,55.7,13.4,0.5,30.2,26.6,14.6,80.1,,,OBAnorm,,LD831_02097v2.403,,,,0,0
DENATRLA,2025-06-23 08:30:07.000,40.4,35.3,34.4,28.8,30.7,22.5,21.0,19.0,16.6,16.3,16.8,20.5,24.3,26.5,27.8,27.6,28.8,29.7,30.4,28.8,26.8,24.3,20.9,17.4,13.2,9.8,3.6,-1.7,-3.1,-3.6,-4.3,-3.2,-0.2,36.2,39.4,51.1,13.4,0.5,30.2,26.6,14.6,80.1,,,OBAnorm,,LD831_02097v2.403,,,,0,0
DENATRLA,2025-06-23 08:30:08.000,38.5,37.8,29.0,29.1,23.0,24.3,20.0,17.7,15.9,17.4,18.1,20.1,20.6,25.6,26.0,28.4,28.4,29.6,29.4,28.5,26.6,24.0,20.5,17.0,12.8,10.3,3.3,-2.5,-3.0,-3.6,-4.3,-3.2,-0.1,35.8,39.1,50.1,13.4,0.5,30.4,26.6,14.6,79.6,,,OBAnorm,,LD831_02097v2.403,,,,0,0
DENATRLA,2025-06-23 08:30:09.000,36.6,31.1,28.7,26.7,22.9,25.1,23.1,18.3,14.9,14.2,17.8,19.8,23.4,25.2,27.6,27.8,28.4,29.1,29.1,27.2,25.7,23.6,20.0,15.7,11.7,8.2,2.6,-2.4,-3.3,-3.4,-4.1,-3.0,0.0,35.2,38.7,50.8,13.4,0.5,30.9,26.6,14.6,80.1,,,OBAnorm,,LD831_02097v2.403,,,,0,0
DENATRLA,2025-06-23 08:30:10.000,38.7,34.7,31.1,25.9,26.7,23.4,21.2,19.7,17.6,15.8,18.3,21.4,22.9,25.5,26.7,28.3,27.9,28.8,28.9,27.6,25.6,23.4,20.0,16.2,11.8,8.2,3.4,-2.0,-3.1,-3.5,-4.2,-3.2,-0.1,35.2,40.2,58.7,13.4,0.5,33.3,26.6,14.6,80.1,,,OBAnorm,,LD831_02097v2.403,,,,0,0
DENATRLA,2025-06-23 08:30:11.000,32.8,33.0,33.0,31.0,29.7,25.7,23.5,21.8,16.8,16.0,16.5,20.7,24.7,24.9,26.1,27.8,28.8,29.0,28.8,27.4,25.9,24.0,19.9,16.7,12.7,9.1,3.4,-1.3,-2.9,-3.6,-4.2,-3.2,-0.2,35.3,39.4,51.9,13.4,0.2,42.0,26.6,14.6,80.1,,,OBAnorm,,LD831_02097v2.403,,,,0,0
DENATRLA,2025-06-23 08:30:12.000,32.6,34.3,30.9,29.1,27.7,22.1,20.4,20.0,15.3,17.2,17.7,22.3,24.7,27.0,26.7,27.6,28.1,29.7,28.8,27.9,26.0,23.7,21.4,17.7,13.4,8.9,3.7,-1.2,-2.7,-3.4,-4.2,-3.0,-0.2,35.7,39.4,51.2,13.4,0.0,41.9,26.6,14.6,80.1,,,OBAnorm,,LD831_02097v2.403,,,,0,0
DENATRLA,2025-06-23 08:30:13.000,41.6,36.5,33.0,31.5,24.2,24.1,21.5,19.4,15.5,15.2,18.5,22.1,23.1,25.1,26.5,27.4,28.1,28.8,28.2,27.2,25.4,23.7,20.6,17.0,13.5,8.8,3.4,-1.4,-2.9,-3.2,-4.0,-3.0,-0.2,35.0,38.7,49.6,13.4,0.0,42.0,26.6,14.6,80.1,,,OBAnorm,,LD831_02097v2.403,,,,0,0
DENATRLA,2025-06-23 08:30:14.000,37.3,34.7,34.2,29.8,25.9,25.7,20.5,16.1,16.2,15.6,18.4,21.2,24.3,26.0,27.1,27.6,27.8,28.9,27.8,26.8,25.0,22.8,19.1,15.2,11.7,8.0,2.6,-1.9,-3.0,-3.6,-4.3,-3.2,-0.2,34.7,39.2,54.5,13.4,0.0,41.5,26.6,14.7,80.1,,,OBAnorm,,LD831_02097v2.403,,,,0,0
DENATRLA,2025-06-23 08:30:15.000,37.0,34.3,30.9,28.9,25.0,21.0,20.6,18.0,15.1,15.4,19.0,21.7,23.3,25.2,26.8,26.7,27.9,28.3,27.5,26.8,25.0,22.3,19.2,15.5,11.3,7.5,1.8,-2.2,-2.8,-3.3,-4.3,-3.1,-0.1,34.3,38.8,57.3,13.4,0.0,37.2,26.6,14.7,80.1,,,OBAnorm,,LD831_02097v2.403,,,,0,0
DENATRLA,2025-06-23 08:30:16.000,33.6,33.8,31.0,27.7,26.1,23.9,20.1,19.5,15.5,15.4,17.7,21.1,23.2,24.0,25.3,27.3,27.5,27.0,27.7,26.5,24.0,22.0,18.9,14.6,10.7,7.0,1.6,-2.7,-3.4,-3.5,-4.3,-3.0,-0.2,34.0,38.0,53.9,13.4,0.0,17.1,26.6,14.6,78.4,,,OBAnorm,,LD831_02097v2.403,,,,0,0
DENATRLA,2025-06-23 08:30:17.000,39.0,33.2,30.6,27.7,25.0,22.2,20.2,19.5,15.0,15.9,17.8,20.6,23.4,23.8,26.2,27.0,27.4,28.0,27.4,26.3,24.2,21.9,18.3,14.6,10.7,7.0,1.9,-2.7,-3.2,-3.6,-4.2,-3.2,-0.2,34.1,38.9,54.4,13.4,0.0,12.0,26.6,14.6,77.8,,,OBAnorm,,LD831_02097v2.403,,,,0,0
DENATRLA,2025-06-23 08:30:18.000,33.4,31.7,30.3,29.3,29.5,24.7,24.0,21.2,16.9,14.9,18.1,20.7,23.1,23.5,25.7,27.2,27.4,28.0,27.9,25.3,24.5,21.5,18.5,14.9,10.6,7.3,1.7,-2.9,-3.3,-3.7,-4.2,-3.1,-0.1,33.9,39.4,54.9,13.4,0.0,11.7,26.6,14.6,79.6,,,OBAnorm,,LD831_02097v2.403,,,,0,0
DENATRLA,2025-06-23 08:30:19.000,35.3,32.1,32.5,28.0,29.4,20.7,18.2,16.8,17.0,15.5,17.4,21.9,23.8,25.2,25.9,27.2,28.2,28.9,27.9,26.2,24.8,21.8,18.4,14.9,11.0,7.7,1.7,-2.9,-3.2,-3.5,-4.2,-3.0,-0.1,34.4,38.4,52.6,13.4,0.0,12.0,26.6,14.6,80.1,,,OBAnorm,,LD831_02097v2.403,,,,0,0
DENATRLA,2025-06-23 08:30:20.000,39.9,36.5,33.0,29.3,24.6,22.5,20.9,14.4,14.7,15.8,18.7,22.0,21.9,25.1,26.1,26.1,27.7,27.6,27.4,26.0,24.1,21.7,18.4,14.4,10.5,9.1,3.6,-3.0,-3.5,-3.6,-4.3,-3.1,0.0,33.8,38.1,54.9,13.4,0.0,12.0,26.6,14.6,79.6,,,OBAnorm,,LD831_02097v2.403,,,,0,0
DENATRLA,2025-06-23 08:30:21.000,34.1,32.9,30.3,28.6,23.1,21.1,21.2,18.8,15.2,15.3,19.5,20.1,23.3,24.4,24.5,26.1,27.4,28.0,27.6,25.9,24.4,21.5,18.2,14.6,11.3,7.3,1.7,-2.8,-3.5,-3.6,-4.3,-3.0,-0.1,33.9,38.7,54.8,13.4,0.0,13.4,26.6,14.6,79.6,,,OBAnorm,,LD831_02097v2.403,,,,0,0
DENATRLA,2025-06-23 08:30:22.000,33.5,32.9,32.6,28.9,27.8,21.8,21.7,18.7,17.3,15.3,18.4,21.3,23.5,23.9,26.0,27.3,28.4,28.2,27.8,26.2,24.8,21.8,18.5,14.8,10.5,7.3,2.0,-2.2,-2.6,-2.8,-3.8,-3.1,-0.1,34.3,37.8,49.0,13.4,0.0,26.4,26.6,14.6,79.6,,,OBAnorm,,LD831_02097v2.403,,,,0,0
DENATRLA,2025-06-23 08:30:23.000,34.6,36.4,31.9,26.3,26.3,23.8,19.4,16.1,15.3,16.2,19.2,21.5,23.8,25.0,25.5,26.7,27.1,27.7,27.3,26.2,24.1,21.6,18.8,14.6,10.8,7.6,1.9,-2.8,-2.7,-3.3,-4.1,-3.0,-0.3,34.0,37.8,53.4,13.4,0.0,31.9,26.6,14.6,79.6,,,OBAnorm,,LD831_02097v2.403,,,,0,0
DENATRLA,2025-06-23 08:30:24.000,34.7,33.7,28.1,29.2,25.5,23.3,22.3,18.7,16.2,16.5,19.9,21.1,23.3,25.1,26.9,25.9,27.7,28.2,27.8,25.9,24.4,21.6,18.6,15.4,11.0,7.4,2.0,-2.6,-2.8,-3.3,-3.9,-2.8,0.0,34.1,37.6,48.1,13.4,0.0,31.8,26.6,14.6,79.6,,,OBAnorm,,LD831_02097v2.403,,,,0,0
DENATRLA,2025-06-23 08:30:25.000,33.9,33.0,29.1,29.6,24.8,20.8,20.3,19.7,13.8,15.8,17.0,21.7,24.3,23.8,24.6,26.4,27.5,27.4,27.9,26.4,24.3,21.9,18.5,17.0,11.5,7.6,2.0,-2.4,-2.8,-3.4,-4.0,-2.8,0.0,34.0,37.3,47.4,13.4,0.0,31.9,26.6,14.7,79.6,,,OBAnorm,,LD831_02097v2.403,,,,0,0
DENATRLA,2025-06-23 08:30:26.000,32.1,30.6,26.2,24.6,24.8,23.3,20.7,16.7,15.6,16.0,19.4,21.6,23.5,24.5,25.9,25.6,26.5,27.1,27.5,26.5,24.7,21.7,18.6,14.6,10.9,8.4,3.5,-2.6,-3.1,-3.5,-4.2,-3.0,0.0,33.7,38.1,55.3,13.4,0.0,38.8,26.6,14.7,79.6,,,OBAnorm,,LD831_02097v2.403,,,,0,0
DENATRLA,2025-06-23 08:30:27.000,32.4,32.1,26.9,24.9,25.0,22.2,18.5,18.0,15.9,16.4,17.9,20.6,23.4,24.4,24.7,26.7,27.1,27.0,26.8,26.4,24.2,21.8,18.0,14.4,10.7,8.4,2.2,-2.6,-3.5,-3.5,-4.2,-2.9,-0.1,33.7,40.3,60.2,13.4,0.0,54.0,26.6,14.7,79.6,,,OBAnorm,,LD831_02097v2.403,,,,0,0
DENATRLA,2025-06-23 08:30:28.000,34.6,30.9,34.2,30.1,25.5,28.5,22.5,22.5,18.9,14.7,18.2,20.8,22.4,25.1,25.1,26.8,27.7,27.5,27.2,26.0,24.1,21.3,18.4,14.5,10.4,6.9,1.3,-2.9,-3.3,-3.5,-4.2,-3.0,-0.1,33.7,40.8,58.2,13.4,0.0,53.8,26.6,14.7,77.9,,,OBAnorm,,LD831_02097v2.403,,,,0,0
DENATRLA,2025-06-23 08:30:29.000,36.9,34.7,36.7,33.3,28.1,27.1,22.2,19.1,16.1,16.4,17.5,20.9,23.3,24.8,24.5,26.2,26.2,27.1,27.2,26.0,24.3,21.7,18.1,15.0,10.8,8.8,2.4,-2.7,-3.3,-3.7,-4.3,-3.2,-0.1,33.7,38.3,54.6,13.4,0.0,56.6,26.6,14.7,76.1,,,OBAnorm,,LD831_02097v2.403,,,,0,0
DENATRLA,2025-06-23 08:30:30.000,42.1,38.1,32.1,28.1,23.5,21.9,18.0,17.1,14.9,14.7,17.6,22.3,22.9,23.6,26.3,26.6,26.8,27.8,26.9,26.4,24.2,21.5,18.2,14.7,10.8,8.7,3.4,-2.7,-3.5,-3.6,-4.4,-3.1,-0.3,33.8,37.8,54.3,13.4,0.0,61.0,26.6,14.7,77.3,,,OBAnorm,,LD831_02097v2.403,,,,0,0
DENATRLA,2025-06-23 08:30:31.000,41.6,36.0,31.0,27.3,26.7,20.6,20.0,17.7,15.5,15.6,18.9,20.6,22.4,22.9,25.5,26.6,28.0,26.8,26.9,26.0,24.2,22.0,18.5,15.0,11.3,8.0,2.0,-3.1,-3.5,-3.6,-4.3,-3.1,-0.2,33.7,37.5,51.8,13.4,0.0,61.5,26.7,14.7,79.6,,,OBAnorm,,LD831_02097v2.403,,,,0,0
DENATRLA,2025-06-23 08:30:32.000,37.8,32.8,28.0,26.9,25.9,21.6,22.4,17.4,14.1,15.9,18.8,20.2,22.2,23.6,25.8,26.3,26.6,28.7,27.3,26.7,25.0,22.0,19.1,15.8,12.0,9.3,3.4,-2.7,-3.5,-3.8,-4.4,-3.1,-0.1,34.3,37.5,48.0,13.4,0.0,61.5,26.6,14.7,79.6,,,OBAnorm,,LD831_02097v2.403,,,,0,0
DENATRLA,2025-06-23 08:30:33.000,31.8,31.5,31.6,25.1,22.6,21.3,20.4,16.3,15.2,14.7,18.2,20.0,22.6,24.0,25.8,27.3,27.4,27.9,27.3,26.8,24.9,22.1,19.0,16.3,12.2,9.0,1.8,-2.8,-3.4,-3.6,-4.2,-3.2,-0.1,34.2,38.4,54.8,13.4,0.0,61.5,26.6,14.7,79.6,,,OBAnorm,,LD831_02097v2.403,,,,0,0
DENATRLA,2025-06-23 08:30:34.000,33.6,28.8,29.0,26.2,24.8,21.2,21.5,18.2,18.2,14.0,18.8,20.1,22.5,23.3,26.4,26.2,27.6,27.6,27.3,26.2,24.6,21.6,19.3,15.3,11.5,7.8,2.0,-2.5,-2.7,-3.6,-4.1,-2.9,-0.2,34.0,38.1,52.4,13.4,0.0,61.5,26.6,14.7,79.6,,,OBAnorm,,LD831_02097v2.403,,,,0,0
DENATRLA,2025-06-23 08:30:35.000,34.9,33.8,34.7,30.6,26.3,22.6,21.1,17.6,16.2,16.0,18.4,20.8,22.8,25.1,26.2,25.9,27.4,27.6,28.3,27.1,24.6,21.7,19.2,14.7,11.5,8.6,2.4,-2.6,-3.3,-3.7,-4.4,-3.3,-0.1,34.2,38.6,55.0,13.4,0.0,61.5,26.6,14.7,79.6,,,OBAnorm,,LD831_02097v2.403,,,,0,0
DENATRLA,2025-06-23 08:30:36.000,36.5,28.6,31.2,26.6,23.3,23.2,21.6,18.5,17.5,16.6,16.1,21.4,23.2,25.2,25.0,26.2,28.2,28.6,27.7,26.9,24.4,21.9,19.3,16.0,12.0,10.0,7.2,-2.3,-3.3,-3.6,-4.3,-3.0,-0.2,34.4,40.2,58.5,13.4,0.0,61.2,26.6,14.7,79.6,,,OBAnorm,,LD831_02097v2.403,,,,0,0
DENATRLA,2025-06-23 08:30:37.000,35.0,28.5,32.4,32.3,24.6,24.6,21.5,16.8,16.5,12.7,16.1,20.5,23.0,25.4,25.7,26.4,27.7,28.1,27.5,26.9,24.4,22.3,19.2,14.9,12.0,9.2,5.2,-2.6,-3.3,-3.7,-4.3,-3.1,-0.2,34.3,39.8,58.1,13.4,0.0,46.1,26.6,14.7,79.6,,,OBAnorm,,LD831_02097v2.403,,,,0,0
DENATRLA,2025-06-23 08:30:38.000,40.6,36.9,33.4,30.7,27.7,21.6,20.7,16.7,13.9,13.8,18.4,20.0,21.4,24.1,25.6,26.6,27.3,27.7,27.2,26.0,24.6,22.4,19.4,15.4,11.3,8.0,2.6,-2.5,-3.2,-3.5,-4.2,-3.1,-0.1,34.0,39.8,58.9,13.4,0.0,31.9,26.7,14.7,79.6,,,OBAnorm,,LD831_02097v2.403,,,,0,0
DENATRLA,2025-06-23 08:30:39.000,38.6,40.7,30.7,33.2,27.8,24.6,21.5,17.8,15.6,15.6,15.4,22.2,23.2,24.3,25.2,26.0,26.7,28.3,28.1,27.1,24.6,21.5,18.7,15.1,11.0,8.7,3.7,-1.4,-2.7,-3.5,-4.3,-2.9,-0.1,34.2,39.9,57.1,13.4,0.0,31.5,26.6,14.7,79.6,,,OBAnorm,,LD831_02097v2.403,,,,0,0
DENATRLA,2025-06-23 08:30:40.000,37.4,30.4,37.0,32.1,27.0,24.9,22.7,17.8,15.5,15.4,17.7,22.2,23.6,25.0,26.6,26.4,27.4,28.9,28.0,26.9,25.0,22.5,19.1,16.3,12.4,9.7,4.8,-0.3,-2.3,-3.5,-4.3,-3.2,-0.1,34.6,40.7,56.3,13.4,0.0,30.3,26.6,14.7,77.9,,,OBAnorm,,LD831_02097v2.403,,,,0,0
DENATRLA,2025-06-23 08:30:41.000,40.2,36.5,35.6,33.6,27.9,26.2,21.6,20.3,19.7,15.7,18.8,20.5,22.8,24.0,25.5,26.9,27.4,28.2,28.4,26.7,24.7,22.4,19.2,16.2,12.7,9.9,5.0,-0.6,-2.4,-3.7,-4.3,-3.1,-0.2,34.4,42.9,59.3,13.4,0.0,31.5,26.6,14.7,77.9,,,OBAnorm,,LD831_02097v2.403,,,,0,0
DENATRLA,2025-06-23 08:30:42.000,42.2,36.6,37.4,35.0,30.5,28.4,25.7,22.8,17.4,17.6,17.0,21.6,23.8,23.8,25.7,26.0,26.0,28.4,27.6,26.9,24.9,22.1,18.6,15.2,12.0,8.7,3.7,-1.3,-2.2,-2.6,-3.7,-2.9,-0.2,34.1,43.2,60.2,13.4,0.2,26.9,26.6,14.7,79.6,,,OBAnorm,,LD831_02097v2.403,,,,0,0
DENATRLA,2025-06-23 08:30:43.000,44.0,44.1,37.5,35.5,32.9,28.8,26.4,23.6,18.6,16.2,18.7,21.9,22.9,24.4,26.1,26.6,26.5,27.4,27.7,26.8,25.2,22.4,19.3,15.3,12.4,9.9,4.6,0.5,-1.7,-3.4,-4.2,-2.9,-0.1,34.2,41.3,58.9,13.4,0.3,24.8,26.7,14.7,78.4,,,OBAnorm,,LD831_02097v2.403,,,,0,0
DENATRLA,2025-06-23 08:30:44.000,44.2,42.7,38.1,36.6,31.1,27.7,26.6,24.0,24.4,22.0,22.4,21.4,23.2,24.4,26.2,26.0,27.0,28.0,27.8,26.6,24.8,22.6,18.6,15.2,11.5,9.7,4.3,-1.0,-2.9,-3.3,-4.1,-2.9,0.0,34.3,47.9,66.9,13.4,0.4,19.1,26.7,14.7,78.4,,,OBAnorm,,LD831_02097v2.403,,,,0,0
DENATRLA,2025-06-23 08:30:45.000,47.0,36.7,39.6,42.3,40.3,32.8,34.1,34.2,36.2,28.7,24.3,22.9,23.2,24.1,25.2,26.5,27.6,27.9,27.6,26.9,24.9,22.3,19.7,16.1,13.1,9.8,4.9,-0.1,-2.2,-3.3,-4.1,-2.9,0.0,34.3,49.0,65.5,13.4,0.7,19.2,26.6,14.7,78.4,,,OBAnorm,,LD831_02097v2.403,,,,0,0
DENATRLA,2025-06-23 08:30:46.000,41.6,48.2,43.5,41.5,39.4,35.7,34.7,33.2,32.3,25.7,22.4,22.5,24.0,25.6,25.0,26.0,26.6,27.2,26.9,26.3,24.4,21.7,19.2,15.3,12.2,9.4,4.5,-0.4,-2.4,-3.1,-4.1,-3.0,-0.1,33.9,47.5,64.1,13.4,1.0,13.0,26.6,14.7,78.4,,,OBAnorm,,LD831_02097v2.403,,,,0,0
DENATRLA,2025-06-23 08:30:47.000,48.7,44.8,43.0,41.3,38.1,38.5,35.5,32.2,34.0,28.9,24.5,20.9,23.4,25.0,25.3,25.9,27.7,28.4,28.4,26.7,24.7,22.6,19.5,15.8,12.6,10.6,6.3,0.8,-1.8,-2.2,-4.1,-2.9,0.0,34.4,49.7,66.7,13.4,1.2,17.3,26.7,14.7,78.4,,,OBAnorm,,LD831_02097v2.403,,,,0,0
DENATRLA,2025-06-23 08:30:48.000,53.3,46.8,46.5,42.4,37.8,37.8,34.3,32.1,32.0,24.6,21.3,21.5,23.0,24.6,26.8,25.6,27.8,28.1,27.8,27.0,24.9,22.4,19.7,15.9,13.0,10.4,6.6,1.3,-1.0,-2.9,-4.1,-2.8,-0.1,34.5,48.4,64.0,13.4,1.3,17.1,26.7,14.7,77.9,,,OBAnorm,,LD831_02097v2.403,,,,0,0
DENATRLA,2025-06-23 08:30:49.000,52.2,50.6,45.1,41.8,39.7,35.2,32.9,29.3,24.9,20.0,18.1,21.0,22.6,25.6,26.9,26.9,27.3,29.1,28.0,26.4,25.0,22.5,19.5,15.9,12.5,10.2,6.4,1.4,-0.7,-2.7,-4.0,-2.9,-0.1,34.6,46.3,61.0,13.4,1.3,17.1,26.6,14.7,77.3,,,OBAnorm,,LD831_02097v2.403,,,,0,0
DENATRLA,2025-06-23 08:30:50.000,47.4,50.0,44.0,43.5,38.2,34.2,30.8,26.8,22.9,20.9,18.7,21.8,23.5,25.0,25.4,27.8,28.4,28.4,28.1,26.5,24.7,21.8,19.3,15.4,12.3,9.8,6.2,1.5,-0.8,-2.1,-3.4,-2.5,0.2,34.4,46.6,65.7,13.4,1.4,13.2,26.6,14.7,77.3,,,OBAnorm,,LD831_02097v2.403,,,,0,0
DENATRLA,2025-06-23 08:30:51.000,50.3,50.0,41.4,42.3,38.7,36.6,33.3,26.4,24.1,24.4,20.8,23.0,23.5,25.4,25.6,27.3,27.6,28.4,28.7,26.5,25.1,22.8,20.5,16.7,12.4,10.0,5.5,0.4,-1.6,-2.6,-3.6,-2.5,0.0,34.8,47.8,67.0,13.4,1.4,12.6,26.7,14.7,77.9,,,OBAnorm,,LD831_02097v2.403,,,,0,0
DENATRLA,2025-06-23 08:30:52.000,48.8,45.4,42.3,42.2,42.9,37.7,34.2,30.4,24.5,22.1,21.7,21.0,23.2,24.3,25.6,27.6,27.2,28.9,27.9,27.0,25.0,22.3,19.6,16.1,12.4,9.3,4.1,-0.7,-2.0,-2.8,-4.0,-2.9,-0.1,34.5,47.3,61.5,13.4,1.3,0.8,26.7,14.7,77.3,,,OBAnorm,,LD831_02097v2.403,,,,0,0
DENATRLA,2025-06-23 08:30:53.000,49.6,41.9,43.6,41.9,40.2,40.5,34.5,33.1,26.9,23.3,23.9,21.8,26.2,25.7,26.5,26.8,29.0,28.7,28.1,26.6,25.1,22.4,19.1,15.8,12.7,9.2,4.2,-0.5,-2.2,-2.9,-3.9,-2.7,0.1,34.8,51.2,70.2,13.4,1.3,0.5,26.7,14.6,77.3,,,OBAnorm,,LD831_02097v2.403,,,,0,0
DENATRLA,2025-06-23 08:30:54.000,45.5,45.0,45.0,43.2,44.1,39.3,40.6,38.2,33.6,29.5,27.3,28.8,26.7,26.6,26.1,27.0,28.2,28.6,28.5,27.7,26.2,23.2,20.0,16.3,12.4,9.6,5.1,-0.4,-1.6,-2.8,-3.8,-2.6,0.1,35.3,53.2,70.3,13.4,1.3,0.4,26.6,14.6,78.4,,,OBAnorm,,LD831_02097v2.403,,,,0,0
DENATRLA,2025-06-23 08:30:55.000,50.7,47.7,50.6,44.3,46.3,43.9,39.7,37.9,34.8,33.1,28.2,28.2,27.8,26.7,25.4,26.2,28.1,28.6,27.9,27.0,25.6,22.6,19.2,15.7,12.1,9.0,4.2,-0.4,-2.1,-2.9,-3.7,-2.7,0.1,34.9,52.5,69.7,13.4,1.4,0.3,26.6,14.6,77.8,,,OBAnorm,,LD831_02097v2.403,,,,0,0
DENATRLA,2025-06-23 08:30:56.000,52.4,53.8,50.4,46.3,45.3,41.7,38.7,38.0,33.9,30.8,27.0,26.7,27.1,26.6,25.7,27.1,28.6,27.8,28.0,26.9,25.2,22.6,19.2,15.6,11.9,8.8,3.7,-0.8,-2.1,-2.4,-3.5,-2.6,0.2,34.9,53.6,66.6,13.4,1.6,0.3,26.7,14.6,77.3,,,OBAnorm,,LD831_02097v2.403,,,,0,0
DENATRLA,2025-06-23 08:30:57.000,57.1,50.4,49.4,44.3,48.1,44.1,39.5,35.6,32.1,27.4,25.8,24.0,24.6,25.3,26.6,27.1,28.1,28.3,28.8,27.4,25.3,22.4,19.3,15.9,12.1,8.9,4.1,-0.7,-1.4,-2.7,-3.8,-2.8,0.1,34.7,51.9,69.3,13.4,1.8,0.3,26.6,14.6,77.8,,,OBAnorm,,LD831_02097v2.403,,,,0,0
DENATRLA,2025-06-23 08:30:58.000,54.8,51.1,50.1,47.5,47.7,41.8,38.0,34.5,27.3,18.7,20.4,24.0,23.5,24.6,25.6,26.9,27.1,27.0,27.8,26.6,25.3,22.8,19.1,15.5,11.7,8.5,3.3,-1.2,-2.4,-3.0,-4.0,-2.8,0.0,34.2,51.0,68.2,13.4,1.8,0.4,26.6,14.6,77.8,,,OBAnorm,,LD831_02097v2.403,,,,0,0
DENATRLA,2025-06-23 08:30:59.000,55.5,51.4,43.9,45.6,40.3,38.6,31.3,26.8,22.4,19.4,20.3,22.3,23.8,24.0,25.5,25.3,26.8,28.1,27.9,26.3,24.7,22.5,18.6,15.1,11.3,8.3,2.6,-1.6,-2.7,-3.3,-4.2,-2.9,-0.1,34.0,48.9,65.6,13.4,1.7,0.3,26.6,14.6,77.8,,,OBAnorm,,LD831_02097v2.403,,,,0,0
DENATRLA,2025-06-23 08:31:00.000,54.9,52.3,39.5,38.1,38.1,35.8,30.5,27.5,20.6,16.0,18.3,20.9,23.1,23.9,25.9,25.3,26.3,26.4,26.8,26.3,24.6,21.3,18.9,15.1,11.5,8.5,2.7,-1.5,-3.0,-3.1,-4.1,-3.0,0.0,33.5,44.5,63.2,13.4,1.4,0.3,26.6,14.7,77.9,,,OBAnorm,,LD831_02097v2.403,,,,0,0
DENATRLA,2025-06-23 08:31:01.000,49.6,47.0,44.6,42.1,34.1,29.1,23.0,20.7,17.3,14.2,18.0,20.6,23.4,25.3,25.1,25.4,26.5,27.1,27.4,25.9,24.3,21.6,18.9,15.0,11.3,8.7,3.2,-2.4,-3.3,-3.6,-4.2,-3.0,-0.1,33.7,45.2,65.4,13.4,1.2,0.3,26.7,14.7,77.3,,,OBAnorm,,LD831_02097v2.403,,,,0,0
DENATRLA,2025-06-23 08:31:02.000,51.7,49.1,31.2,33.8,27.6,22.6,22.3,20.4,16.9,15.2,18.2,21.1,23.1,24.7,26.0,27.2,27.2,26.8,27.9,26.5,24.7,21.7,18.8,15.4,12.1,8.6,3.9,-2.2,-3.5,-3.6,-4.4,-3.0,-0.2,34.1,38.1,55.4,13.4,0.9,0.3,26.7,14.7,77.9,,,OBAnorm,,LD831_02097v2.403,,,,0,0
DENATRLA,2025-06-23 08:31:03.000,44.6,42.9,38.4,32.1,26.2,21.7,20.0,19.5,15.1,14.5,20.5,22.2,22.6,25.0,26.4,25.0,27.1,28.2,28.1,26.7,25.0,22.4,19.7,15.4,12.2,9.1,3.3,-2.3,-3.3,-3.7,-4.3,-2.9,-0.2,34.4,39.5,58.3,13.4,0.7,0.3,26.7,14.7,77.9,,,OBAnorm,,LD831_02097v2.403,,,,0,0
DENATRLA,2025-06-23 08:31:04.000,48.1,41.0,34.1,27.3,25.4,22.1,19.7,18.3,15.4,16.5,20.3,22.0,24.2,24.4,26.0,27.4,28.2,27.3,27.9,27.1,24.9,23.2,20.1,16.7,13.2,9.6,4.4,-0.9,-2.9,-3.6,-4.3,-3.1,-0.2,34.6,41.0,58.5,13.4,0.6,0.3,26.7,14.7,77.3,,,OBAnorm,,LD831_02097v2.403,,,,0,0
DENATRLA,2025-06-23 08:31:05.000,37.5,35.2,31.3,30.9,31.9,27.9,24.9,22.3,17.5,17.9,18.8,20.8,24.5,23.4,25.2,26.8,27.6,27.7,28.2,27.2,25.6,23.3,20.6,17.0,13.0,9.7,4.7,-1.7,-3.1,-3.8,-4.3,-3.2,-0.1,34.7,40.1,58.7,13.4,0.6,0.3,26.7,14.7,77.9,,,OBAnorm,,LD831_02097v2.403,,,,0,0
DENATRLA,2025-06-23 08:31:06.000,38.6,32.2,34.8,31.2,27.8,25.5,20.5,18.8,14.2,16.1,18.2,21.4,23.4,24.0,26.2,26.5,27.7,29.1,28.4,28.0,26.4,23.5,20.5,16.3,13.0,10.3,4.9,-0.9,-2.6,-3.8,-4.3,-3.1,-0.2,35.2,38.6,54.9,13.4,0.6,0.3,26.6,14.7,79.0,,,OBAnorm,,LD831_02097v2.403,,,,0,0
DENATRLA,2025-06-23 08:31:07.000,45.0,37.5,32.7,28.0,24.3,19.4,18.3,16.3,15.6,15.2,19.3,20.1,23.5,26.2,25.4,25.6,28.3,28.3,28.6,27.4,25.6,23.7,20.4,17.4,13.2,10.7,6.7,0.9,-1.6,-3.6,-4.3,-3.1,-0.2,35.0,39.8,54.6,13.4,0.4,0.3,26.7,14.7,79.0,,,OBAnorm,,LD831_02097v2.403,,,,0,0
DENATRLA,2025-06-23 08:31:08.000,34.4,32.9,28.8,28.0,26.6,22.6,19.9,16.4,14.5,15.0,18.3,22.8,24.2,25.8,26.9,27.1,27.9,28.7,28.1,27.6,25.7,23.2,20.4,17.0,14.0,11.5,7.4,1.9,-1.1,-3.6,-4.4,-3.0,-0.2,35.1,39.7,55.1,13.4,0.3,0.4,26.7,14.7,77.9,,,OBAnorm,,LD831_02097v2.403,,,,0,0
DENATRLA,2025-06-23 08:31:09.000,33.2,34.3,34.3,31.7,25.8,22.3,19.0,18.5,14.9,15.8,17.5,21.8,23.6,23.9,26.8,27.2,28.2,28.6,28.5,27.2,26.0,24.2,20.9,17.9,14.7,12.3,9.2,3.5,0.5,-3.3,-4.3,-3.1,-0.2,35.3,39.4,56.3,13.4,0.3,0.4,26.6,14.7,75.6,,,OBAnorm,,LD831_02097v2.403,,,,0,0
DENATRLA,2025-06-23 08:31:10.000,38.4,34.3,31.8,25.4,26.6,23.3,20.8,19.7,15.9,14.7,20.4,21.8,24.8,26.1,26.2,27.3,28.5,28.5,28.8,28.2,26.9,24.5,21.9,18.7,16.0,13.7,9.2,3.8,0.4,-3.1,-4.3,-3.1,-0.1,35.8,39.5,56.3,13.4,0.3,0.4,26.7,14.7,75.0,,,OBAnorm,,LD831_02097v2.403,,,,0,0
DENATRLA,2025-06-23 08:31:11.000,35.3,35.2,30.7,29.3,24.4,23.2,21.3,18.8,15.9,15.0,21.0,22.1,25.3,26.8,26.3,28.4,28.6,28.6,28.8,28.8,27.5,24.9,22.2,19.1,16.1,13.7,8.8,3.3,-0.4,-3.2,-4.1,-3.1,-0.1,36.0,40.6,58.7,13.4,0.3,0.4,26.6,14.7,75.0,,,OBAnorm,,LD831_02097v2.403,,,,0,0
DENATRLA,2025-06-23 08:31:12.000,31.7,29.3,34.5,29.6,27.5,26.6,24.1,21.1,19.1,18.0,19.3,23.8,23.9,26.1,27.7,28.1,28.2,29.6,29.3,28.7,27.5,25.6,23.1,19.3,16.5,13.4,8.7,3.1,-0.3,-2.6,-4.1,-3.0,0.0,36.4,44.5,60.6,13.4,0.3,0.4,26.6,14.7,75.0,,,OBAnorm,,LD831_02097v2.403,,,,0,0
DENATRLA,2025-06-23 08:31:13.000,34.7,35.9,37.0,34.1,33.9,32.1,30.8,24.9,27.4,23.6,22.1,24.5,26.2,26.8,27.2,27.5,28.5,28.7,28.8,28.2,27.3,24.8,22.4,19.1,16.1,13.1,8.5,3.4,0.4,-2.7,-4.2,-2.9,0.0,36.0,45.9,63.0,13.4,0.3,0.4,26.7,14.7,76.7,,,OBAnorm,,LD831_02097v2.403,,,,0,0
DENATRLA,2025-06-23 08:31:14.000,43.8,42.6,42.1,37.5,36.3,35.1,35.0,32.1,29.6,27.6,24.1,23.6,26.5,26.4,28.3,27.8,28.0,28.7,29.1,28.5,27.1,25.0,21.8,18.4,15.5,12.9,9.3,3.8,0.6,-2.6,-4.1,-3.0,0.0,36.0,50.7,64.5,13.4,0.2,4.9,26.7,14.7,79.0,,,OBAnorm,,LD831_02097v2.403,,,,0,0
DENATRLA,2025-06-23 08:31:15.000,45.2,44.2,43.8,45.8,40.1,35.8,34.7,32.8,31.4,25.1,23.4,23.0,26.0,27.2,28.5,28.0,28.2,29.2,29.1,28.9,27.6,24.6,22.0,18.2,15.1,12.2,8.0,3.1,-0.1,-2.7,-4.1,-2.9,0.0,36.2,46.5,64.2,13.4,0.5,9.4,26.6,14.7,79.0,,,OBAnorm,,LD831_02097v2.403,,,,0,0
DENATRLA,2025-06-23 08:31:16.000,53.3,51.2,46.6,41.8,36.6,33.0,28.0,23.0,21.5,18.9,20.1,21.3,23.9,27.0,26.8,28.2,28.9,28.6,29.3,28.0,27.5,24.4,21.9,17.9,14.4,11.8,7.2,2.0,-0.1,-2.8,-4.2,-3.0,0.0,35.9,42.7,59.6,13.4,1.0,9.3,26.7,14.7,78.4,,,OBAnorm,,LD831_02097v2.403,,,,0,0
DENATRLA,2025-06-23 08:31:17.000,55.2,45.3,39.4,39.7,31.6,27.2,22.0,19.8,17.7,16.0,20.3,22.4,25.6,27.3,27.6,27.5,29.2,29.2,29.0,28.6,27.5,24.7,21.8,18.2,14.8,12.3,7.9,2.5,-0.1,-2.6,-4.0,-3.0,-0.1,36.3,40.8,59.0,13.4,1.0,9.3,26.7,14.7,79.0,,,OBAnorm,,LD831_02097v2.403,,,,0,0
DENATRLA,2025-06-23 08:31:18.000,49.4,40.1,33.7,32.4,27.3,23.3,22.6,21.8,17.3,17.0,23.2,22.5,26.5,27.3,28.5,28.7,28.8,29.5,30.0,29.3,28.5,25.4,22.2,18.6,15.1,12.4,8.1,2.8,0.6,-2.6,-4.1,-3.0,-0.2,36.7,39.6,47.3,13.4,0.9,9.1,26.7,14.7,78.4,,,OBAnorm,,LD831_02097v2.403,,,,0,0
DENATRLA,2025-06-23 08:31:19.000,42.5,37.5,25.3,26.8,24.5,20.8,19.6,20.7,17.8,17.6,20.6,23.0,26.7,26.2,27.3,27.7,28.9,29.9,29.4,29.0,27.2,25.3,22.0,18.1,14.8,12.4,8.3,3.2,0.8,-2.4,-4.0,-3.0,0.0,36.5,39.3,49.0,13.4,0.8,9.3,26.7,14.7,77.9,,,OBAnorm,,LD831_02097v2.403,,,,0,0
DENATRLA,2025-06-23 08:31:20.000,35.5,30.7,31.8,28.0,25.1,22.8,21.4,21.0,17.4,17.3,19.8,22.7,25.2,26.0,27.5,28.7,27.9,29.9,29.3,28.5,27.2,24.5,21.8,18.7,15.0,11.9,8.5,3.6,6.0,0.0,-2.9,-2.7,-0.1,36.0,39.9,51.8,13.4,0.7,9.3,26.6,14.7,78.4,,,OBAnorm,,LD831_02097v2.403,,,,0,0
DENATRLA,2025-06-23 08:31:21.000,32.5,29.7,27.0,31.2,28.4,25.9,23.2,21.3,18.3,17.5,18.6,22.1,24.3,25.1,26.9,27.8,27.9,28.8,28.4,27.7,25.7,23.6,20.6,16.9,13.2,10.3,5.5,2.5,1.2,-1.5,-3.3,-2.9,-0.1,35.1,41.4,58.3,13.4,0.5,9.3,26.7,14.7,79.0,,,OBAnorm,,LD831_02097v2.403,,,,0,0
DENATRLA,2025-06-23 08:31:22.000,31.3,33.9,33.3,32.4,29.8,24.6,22.1,24.0,17.3,18.7,21.4,22.5,24.9,25.2,27.2,27.3,27.7,28.3,28.2,28.0,26.5,23.6,20.8,16.9,12.8,12.6,8.9,1.9,1.2,-1.7,-3.3,-2.8,0.0,35.3,41.5,57.3,13.4,0.4,8.6,26.7,14.7,77.9,,,OBAnorm,,LD831_02097v2.403,,,,0,0
DENATRLA,2025-06-23 08:31:23.000,39.1,37.2,36.5,31.6,32.8,27.7,26.4,22.6,18.1,19.1,21.5,23.9,25.1,25.8,26.4,27.8,28.3,29.0,29.0,27.9,26.6,24.2,21.8,22.2,22.9,15.8,9.3,5.6,2.9,-1.2,-3.2,-2.4,0.2,36.1,48.5,65.8,13.4,0.4,35.9,26.7,14.7,77.9,,,OBAnorm,,LD831_02097v2.403,,,,0,0
DENATRLA,2025-06-23 08:31:24.000,40.0,38.8,36.9,41.7,39.4,34.1,30.0,30.2,24.9,20.3,23.3,22.9,24.0,26.1,27.5,28.4,29.2,28.3,29.5,28.7,26.8,24.9,22.3,21.2,20.9,13.6,7.9,5.1,1.3,-1.8,-3.4,-2.7,-0.1,36.4,41.9,60.2,13.4,0.4,337.1,26.7,14.8,79.0,,,OBAnorm,,LD831_02097v2.403,,,,0,0
DENATRLA,2025-06-23 08:31:25.000,39.5,48.0,39.3,39.5,32.2,29.9,22.8,21.9,19.2,18.7,22.4,24.7,25.4,26.5,27.9,28.7,28.8,29.3,29.7,28.5,26.9,24.8,22.3,19.0,15.1,12.2,9.5,7.4,1.3,-1.9,-3.6,-2.8,-0.1,36.3,39.9,50.5,13.4,0.3,322.6,26.7,14.9,77.9,,,OBAnorm,,LD831_02097v2.403,,,,0,0
DENATRLA,2025-06-23 08:31:26.000,54.5,46.9,33.2,30.8,27.8,24.1,23.2,19.6,17.6,18.1,18.9,21.3,25.2,26.5,26.6,26.7,28.3,29.1,29.9,28.4,27.1,24.8,22.5,24.4,26.9,19.5,17.4,7.7,2.9,-1.1,-3.6,-2.6,-0.1,37.0,41.1,56.8,13.4,0.3,336.3,26.7,14.9,77.9,,,OBAnorm,,LD831_02097v2.403,,,,0,0
DENATRLA,2025-06-23 08:31:27.000,32.2,35.0,27.9,30.5,27.4,28.8,28.7,23.9,19.2,18.1,21.1,24.5,26.2,25.5,27.0,28.0,28.7,28.9,28.8,27.9,27.1,25.1,23.1,22.4,21.8,18.1,12.5,12.7,7.6,-1.8,-3.6,-2.8,-0.2,36.5,44.1,60.6,13.4,0.3,336.4,26.7,14.9,79.0,,,OBAnorm,,LD831_02097v2.403,,,,0,0
DENATRLA,2025-06-23 08:31:28.000,35.1,35.8,37.9,38.0,31.5,30.4,25.7,21.8,20.1,18.8,20.7,24.4,24.8,26.8,26.3,28.3,28.2,29.4,29.0,28.1,26.4,26.8,24.0,23.4,18.1,13.3,6.9,3.0,0.6,-1.0,-3.4,-2.7,-0.1,36.5,46.7,61.5,13.4,0.3,336.4,26.6,14.9,79.0,,,OBAnorm,,LD831_02097v2.403,,,,0,0
DENATRLA,2025-06-23 08:31:29.000,43.0,45.4,38.3,40.6,37.7,34.0,33.7,32.1,23.7,23.1,23.0,24.0,24.8,25.3,26.5,27.9,29.0,28.7,29.0,28.5,26.3,24.2,21.4,18.3,14.4,11.4,6.2,1.9,0.0,-1.7,-3.3,-2.5,0.0,35.8,51.3,66.5,13.4,0.3,336.3,26.7,14.9,79.0,,,OBAnorm,,LD831_02097v2.403,,,,0,0
DENATRLA,2025-06-23 08:31:30.000,46.1,43.9,41.5,44.2,41.7,37.4,38.4,35.8,29.9,26.2,24.8,24.4,25.1,26.8,27.2,27.1,28.1,28.8,28.9,27.8,26.5,23.8,20.5,17.9,14.4,11.3,5.8,1.4,0.2,-1.8,-3.6,-2.5,0.1,35.5,52.3,70.8,13.4,0.3,341.3,26.7,14.9,79.0,,,OBAnorm,,LD831_02097v2.403,,,,0,0
DENATRLA,2025-06-23 08:31:31.000,50.1,46.8,50.3,45.6,44.2,36.1,35.1,33.2,28.3,29.5,25.1,24.0,25.2,27.0,26.0,27.8,27.8,28.1,28.0,27.7,26.1,23.7,20.8,16.7,13.5,10.2,5.3,0.8,-0.6,-2.0,-3.7,-2.7,0.2,35.1,54.8,69.9,13.4,0.4,346.2,26.7,14.9,77.9,,,OBAnorm,,LD831_02097v2.403,,,,0,0
DENATRLA,2025-06-23 08:31:32.000,57.2,54.5,50.6,47.8,47.0,43.4,38.6,36.8,32.7,28.1,23.0,23.8,26.4,24.4,27.2,27.4,27.7,28.6,28.2,27.7,26.4,23.4,20.5,17.2,13.2,10.4,5.3,0.5,-1.1,-2.6,-3.8,-2.6,0.1,35.1,52.0,69.5,13.4,0.9,340.8,26.7,14.9,77.3,,,OBAnorm,,LD831_02097v2.403,,,,0,0
DENATRLA,2025-06-23 08:31:33.000,51.9,56.1,54.2,47.7,41.4,41.5,36.4,29.9,25.3,25.0,20.4,23.8,24.9,26.0,26.7,27.0,27.2,28.3,28.4,27.3,25.8,23.3,20.1,16.1,13.0,10.3,6.1,1.3,-0.4,-2.4,-3.7,-2.7,0.1,34.9,48.9,66.6,13.4,1.2,340.2,26.7,14.9,78.5,,,OBAnorm,,LD831_02097v2.403,,,,0,0
DENATRLA,2025-06-23 08:31:34.000,56.6,53.7,47.2,40.8,42.4,39.1,35.2,30.4,25.9,19.6,20.3,23.5,24.7,25.1,26.5,27.0,26.9,28.0,27.5,26.9,25.6,22.7,20.1,16.2,13.1,14.2,7.7,2.7,0.0,-2.3,-2.9,-2.7,0.0,34.6,47.9,66.0,13.4,1.3,343.3,26.7,14.9,79.0,,,OBAnorm,,LD831_02097v2.403,,,,0,0
DENATRLA,2025-06-23 08:31:35.000,52.4,49.0,43.0,39.8,38.6,34.5,30.5,28.2,21.4,17.9,20.6,21.2,23.4,24.7,25.7,27.1,27.6,28.4,28.6,27.2,25.2,22.9,19.9,15.8,13.4,11.7,6.9,1.4,-0.4,-2.2,-3.7,-2.7,0.1,34.8,47.0,65.2,13.4,1.2,343.3,26.6,14.9,77.9,,,OBAnorm,,LD831_02097v2.403,,,,0,0
DENATRLA,2025-06-23 08:31:36.000,50.0,45.0,42.8,38.3,35.0,29.4,27.0,25.4,20.1,19.4,18.9,22.3,23.5,24.2,26.2,26.9,28.8,28.5,28.5,27.0,25.5,23.1,20.4,16.8,12.9,10.0,5.5,1.2,-0.7,-2.2,-3.8,-2.8,-0.1,35.0,46.8,63.5,13.4,1.0,343.4,26.7,14.9,77.9,,,OBAnorm,,LD831_02097v2.403,,,,0,0
DENATRLA,2025-06-23 08:31:37.000,50.3,44.4,43.0,42.1,36.2,32.4,30.6,23.8,20.6,17.3,19.2,20.6,24.3,25.2,27.2,27.8,28.4,28.8,28.5,27.5,26.4,23.3,20.1,16.9,13.5,10.3,5.4,1.2,-0.4,-1.4,-3.1,-2.7,-0.1,35.2,42.9,57.5,13.4,0.8,343.4,26.7,14.9,78.5,,,OBAnorm,,LD831_02097v2.403,,,,0,0
DENATRLA,2025-06-23 08:31:38.000,49.1,48.3,40.0,38.7,31.3,28.8,23.6,22.6,19.1,16.9,19.0,22.2,25.2,26.4,27.6,27.5,27.9,29.2,28.7,27.4,26.3,23.7,20.4,17.2,13.5,10.5,6.4,1.5,0.1,-1.4,-3.1,-2.7,-0.1,35.4,43.3,58.5,13.4,0.7,343.4,26.7,14.9,77.9,,,OBAnorm,,LD831_02097v2.403,,,,0,0
DENATRLA,2025-06-23 08:31:39.000,42.9,43.3,36.3,35.2,32.1,29.2,23.6,22.8,17.9,17.4,20.4,22.6,24.7,26.0,26.4,27.3,27.5,29.0,29.2,28.3,25.9,23.5,20.4,17.5,13.3,10.3,5.0,1.0,-0.2,-1.6,-3.3,-2.6,0.0,35.4,38.5,51.0,13.4,0.6,343.5,26.7,14.9,78.5,,,OBAnorm,,LD831_02097v2.403,,,,0,0
DENATRLA,2025-06-23 08:31:40.000,47.7,43.8,36.6,28.7,24.8,24.2,21.6,20.3,15.8,15.8,20.2,21.7,24.2,24.8,26.1,27.7,28.9,29.3,28.8,28.6,26.8,24.0,21.4,18.0,13.9,10.6,5.3,0.7,-0.4,-1.4,-3.2,-2.6,-0.2,35.8,39.0,52.2,13.4,0.5,329.6,26.7,14.9,77.9,,,OBAnorm,,LD831_02097v2.403,,,,0,0
DENATRLA,2025-06-23 08:31:41.000,40.9,36.4,30.1,27.9,25.9,23.2,21.9,22.0,16.2,17.8,20.1,23.1,25.1,26.1,27.1,27.6,29.3,29.6,28.4,28.4,26.7,24.4,20.9,17.3,13.6,10.7,5.5,0.4,-0.7,-1.6,-3.3,-2.7,-0.1,35.9,39.4,49.7,13.4,0.5,343.6,26.7,14.9,77.9,,,OBAnorm,,LD831_02097v2.403,,,,0,0
DENATRLA,2025-06-23 08:31:42.000,32.6,32.9,31.8,28.5,23.9,23.5,20.8,19.2,16.7,18.0,19.8,22.7,24.7,26.3,27.0,29.6,29.0,29.5,29.7,28.5,27.1,23.9,21.1,17.2,13.4,10.0,5.2,0.6,-0.2,-1.4,-3.1,-2.4,0.0,36.1,39.3,51.2,13.4,0.5,343.6,26.7,14.9,77.9,,,OBAnorm,,LD831_02097v2.403,,,,0,0
DENATRLA,2025-06-23 08:31:43.000,36.3,35.5,32.9,29.5,25.7,23.7,20.7,21.3,16.8,18.6,21.1,22.6,24.5,27.1,26.4,27.7,29.3,29.9,28.8,28.3,27.1,23.8,20.0,16.8,14.1,10.1,5.4,1.6,0.9,-0.2,-1.9,-1.9,0.3,35.9,39.2,51.2,13.4,0.5,343.6,26.7,14.9,77.9,,,OBAnorm,,LD831_02097v2.403,,,,0,0
DENATRLA,2025-06-23 08:31:44.000,32.9,28.6,29.8,27.3,25.2,25.8,22.6,20.8,18.2,17.6,21.5,24.1,26.1,27.2,28.2,28.9,29.5,28.9,28.1,28.4,26.7,23.6,20.4,17.0,13.1,10.3,5.9,1.9,1.0,0.5,0.2,-1.5,0.3,35.7,39.5,57.0,13.4,0.5,343.6,26.7,14.9,79.0,,,OBAnorm,,LD831_02097v2.403,,,,0,0
DENATRLA,2025-06-23 08:31:45.000,33.0,35.5,26.0,25.9,28.3,25.7,28.5,30.8,24.0,26.3,24.2,25.9,26.1,27.0,27.0,28.8,29.0,28.5,28.8,28.3,26.1,23.1,20.2,16.5,12.9,9.6,5.6,1.8,1.8,0.9,-0.3,-0.8,1.3,35.6,54.3,74.0,13.4,0.5,343.5,26.7,14.9,79.0,,,OBAnorm,,LD831_02097v2.403,,,,0,0
DENATRLA,2025-06-23 08:31:46.000,33.3,30.4,46.8,44.3,41.8,41.2,36.1,33.5,33.6,26.6,27.0,25.8,25.6,28.2,27.0,28.1,28.9,29.0,28.8,28.7,27.2,24.5,21.6,17.7,14.4,11.7,7.0,3.5,3.5,2.2,-0.3,-0.6,0.8,36.1,54.8,72.5,13.4,0.4,121.3,26.7,14.8,78.4,,,OBAnorm,,LD831_02097v2.403,,,,0,0
DENATRLA,2025-06-23 08:31:47.000,55.6,50.5,53.5,46.5,45.1,43.4,37.3,34.6,29.9,26.0,23.2,23.8,26.4,27.2,26.8,28.3,29.3,29.9,29.2,28.4,27.1,24.4,21.2,18.0,13.9,10.6,6.1,1.6,2.0,0.7,-1.5,-1.4,0.3,36.2,46.2,66.2,13.4,0.5,178.2,26.7,14.8,78.4,,,OBAnorm,,LD831_02097v2.403,,,,0,0
DENATRLA,2025-06-23 08:31:48.000,59.8,53.9,51.3,46.3,39.5,32.8,28.3,24.8,21.3,20.3,21.6,23.2,25.5,26.3,25.4,28.2,28.7,29.6,28.7,28.4,26.3,23.9,20.8,17.1,13.4,9.8,5.5,0.3,0.5,-0.5,-2.1,-2.0,0.1,35.7,44.0,62.9,13.4,0.7,157.5,26.7,14.8,78.4,,,OBAnorm,,LD831_02097v2.403,,,,0,0
DENATRLA,2025-06-23 08:31:49.000,54.5,49.2,37.9,31.6,30.0,29.1,24.4,23.5,20.8,18.5,22.3,22.9,25.3,25.3,26.7,27.5,28.0,29.6,29.6,27.9,26.7,24.2,21.3,17.0,13.2,9.7,5.6,0.2,-0.3,-1.7,-3.2,-2.5,0.1,35.8,43.7,63.9,13.4,0.6,132.7,26.7,14.7,77.3,,,OBAnorm,,LD831_02097v2.403,,,,0,0
DENATRLA,2025-06-23 08:31:50.000,48.4,43.6,38.3,34.2,33.4,31.0,27.5,24.9,24.0,19.3,20.7,24.4,23.8,25.8,26.7,28.2,27.3,29.0,28.7,28.2,26.2,23.6,20.6,16.7,12.6,9.2,4.2,-0.1,-0.9,-1.8,-3.3,-2.3,0.1,35.4,47.0,65.2,13.4,0.6,134.6,26.7,14.7,77.3,,,OBAnorm,,LD831_02097v2.403,,,,0,0
DENATRLA,2025-06-23 08:31:51.000,47.2,39.3,36.9,40.0,37.0,34.0,32.4,28.9,24.3,19.2,21.2,22.0,24.6,25.3,26.8,26.9,28.0,28.7,28.6,28.2,26.0,24.3,21.1,17.1,13.1,9.6,4.6,-0.3,-0.3,-1.9,-3.3,-2.2,0.1,35.5,46.9,63.5,13.4,0.5,138.7,26.7,14.7,78.4,,,OBAnorm,,LD831_02097v2.403,,,,0,0
DENATRLA,2025-06-23 08:31:52.000,38.3,43.7,45.3,42.3,37.8,35.2,35.0,28.3,25.1,22.4,21.3,23.1,24.6,25.4,27.5,26.8,28.4,29.3,28.8,27.7,26.2,23.4,20.7,16.5,13.3,9.7,4.9,-0.2,-0.7,-1.9,-3.2,-2.3,0.2,35.3,47.3,67.5,13.4,0.4,149.2,26.7,14.8,77.3,,,OBAnorm,,LD831_02097v2.403,,,,0,0
DENATRLA,2025-06-23 08:31:53.000,49.4,44.6,44.3,39.2,40.5,33.2,32.5,28.3,17.9,18.3,20.3,22.1,22.9,25.6,26.8,27.1,28.5,28.3,28.8,27.5,25.8,23.2,20.2,16.6,12.8,9.7,5.3,0.2,-0.6,-2.3,-3.7,-2.6,0.1,35.0,46.0,66.9,13.4,0.4,183.9,26.7,14.8,77.3,,,OBAnorm,,LD831_02097v2.403,,,,0,0
DENATRLA,2025-06-23 08:31:54.000,49.0,41.0,40.0,41.7,36.8,33.3,31.2,30.3,22.2,18.5,18.9,22.5,24.4,25.5,26.4,27.4,28.1,28.1,27.8,27.4,25.7,23.3,20.7,16.9,13.0,10.5,5.9,1.1,-0.4,-2.5,-3.9,-2.8,-0.1,35.1,40.7,61.0,13.4,0.5,183.9,26.7,14.8,77.9,,,OBAnorm,,LD831_02097v2.403,,,,0,0
DENATRLA,2025-06-23 08:31:55.000,46.6,41.9,39.5,37.7,31.7,27.0,22.6,19.6,16.4,19.5,22.2,22.9,23.9,25.8,27.4,27.8,28.7,28.8,29.4,28.7,27.0,24.2,21.2,17.7,14.3,11.4,6.9,1.7,-0.4,-2.4,-3.8,-2.8,0.0,35.9,40.7,57.0,13.4,0.5,189.0,26.7,14.8,77.9,,,OBAnorm,,LD831_02097v2.403,,,,0,0
DENATRLA,2025-06-23 08:31:56.000,49.9,39.7,34.1,28.3,27.5,23.9,21.9,20.3,19.4,19.0,20.8,23.1,25.0,25.9,27.2,27.7,28.6,29.0,29.1,28.3,27.4,24.5,21.6,17.7,13.7,11.5,7.2,1.8,-0.3,-2.4,-3.6,-2.6,0.0,35.9,40.3,58.2,13.4,0.6,196.3,26.7,14.8,77.9,,,OBAnorm,,LD831_02097v2.403,,,,0,0
DENATRLA,2025-06-23 08:31:57.000,34.1,34.4,35.9,30.4,28.3,21.9,21.0,22.3,15.6,17.9,21.8,24.0,24.7,26.5,25.9,27.6,29.3,28.7,29.6,28.6,26.7,24.2,21.4,17.6,13.6,10.7,6.4,1.3,-0.7,-2.6,-3.7,-2.7,-0.1,35.8,39.0,53.5,13.4,0.6,196.5,26.7,14.8,77.3,,,OBAnorm,,LD831_02097v2.403,,,,0,0
DENATRLA,2025-06-23 08:31:58.000,40.9,38.3,31.3,27.8,25.9,22.6,21.1,19.8,17.0,16.0,20.4,24.1,25.3,27.6,26.8,27.6,29.0,29.3,29.8,29.2,26.8,24.5,21.2,18.3,14.1,11.2,7.1,1.8,-0.8,-2.6,-3.9,-2.8,0.0,36.2,39.6,55.3,13.4,0.6,194.6,26.7,14.8,77.9,,,OBAnorm,,LD831_02097v2.403,,,,0,0
DENATRLA,2025-06-23 08:31:59.000,38.4,32.9,29.8,24.3,26.6,23.8,20.7,19.9,16.9,16.6,20.7,22.7,24.0,26.5,26.9,27.9,29.3,30.2,30.0,28.8,27.9,25.7,21.9,18.9,15.5,12.5,8.9,3.4,0.9,-1.9,-3.6,-2.6,-0.1,36.7,41.0,60.6,13.4,0.5,195.3,26.7,14.8,78.4,,,OBAnorm,,LD831_02097v2.403,,,,0,0
DENATRLA,2025-06-23 08:32:00.000,29.0,33.0,34.1,27.1,24.1,23.6,23.0,20.1,15.6,18.3,21.5,24.2,25.3,27.4,28.2,28.6,29.5,30.4,30.3,29.6,28.1,25.5,22.7,19.0,15.4,12.6,9.5,3.9,1.7,-1.2,-3.2,-2.4,0.0,37.1,42.6,60.6,13.4,0.4,206.0,26.7,14.8,77.3,,,OBAnorm,,LD831_02097v2.403,,,,0,0
DENATRLA,2025-06-23 08:32:01.000,35.0,36.5,34.5,33.3,30.4,26.8,24.6,21.1,20.4,17.2,21.0,23.6,25.1,26.4,28.0,28.7,29.3,30.0,30.0,29.3,27.6,25.0,22.6,19.0,15.0,12.2,8.6,3.4,1.3,-0.9,-2.6,-2.2,0.0,36.7,44.3,61.1,13.4,0.4,245.6,26.7,14.8,77.3,,,OBAnorm,,LD831_02097v2.403,,,,0,0
DENATRLA,2025-06-23 08:32:02.000,40.0,36.6,39.8,37.8,38.0,28.2,24.7,21.4,18.3,17.4,21.6,22.5,24.4,26.3,27.8,27.9,29.4,29.2,29.5,29.2,27.8,25.4,22.0,18.1,14.1,11.2,6.7,1.4,-0.2,-2.3,-3.7,-2.6,-0.1,36.4,41.7,60.0,13.4,0.4,256.4,26.7,14.8,78.4,,,OBAnorm,,LD831_02097v2.403,,,,0,0
DENATRLA,2025-06-23 08:32:03.000,42.4,43.5,36.7,34.4,28.9,26.2,21.6,19.4,14.7,17.6,20.4,22.5,24.6,27.5,27.8,28.0,29.6,29.1,29.2,28.6,27.1,24.6,21.4,17.7,13.8,10.7,6.1,0.5,-0.7,-2.6,-4.0,-3.0,-0.1,36.1,39.8,54.1,13.4,0.4,300.0,26.7,14.8,78.4,,,OBAnorm,,LD831_02097v2.403,,,,0,0
DENATRLA,2025-06-23 08:32:04.000,40.5,36.0,33.2,29.3,25.9,24.3,22.8,17.4,14.5,16.0,19.8,21.8,24.0,26.4,27.4,27.7,28.6,29.6,29.3,28.0,26.5,24.6,21.5,17.7,13.5,10.7,6.6,0.5,-1.3,-3.0,-4.1,-3.0,-0.1,35.9,40.3,52.9,13.4,0.4,325.2,26.7,14.9,78.5,,,OBAnorm,,LD831_02097v2.403,,,,0,0
DENATRLA,2025-06-23 08:32:05.000,41.2,35.3,33.5,31.0,28.1,25.1,21.2,20.1,14.9,16.2,19.0,22.3,24.8,26.0,26.9,27.5,28.8,29.5,29.8,28.4,26.8,24.2,21.3,17.7,14.1,10.6,6.1,0.7,-1.5,-3.3,-4.2,-2.9,-0.2,36.0,41.6,61.7,13.4,0.4,326.2,26.7,14.9,78.5,,,OBAnorm,,LD831_02097v2.403,,,,0,0
DENATRLA,2025-06-23 08:32:06.000,34.6,33.5,36.3,31.0,26.5,25.1,23.9,19.7,16.8,16.4,19.3,22.3,23.5,26.3,27.7,27.7,29.2,30.2,29.5,28.6,26.7,24.7,21.8,17.3,13.9,11.6,7.0,1.1,-1.0,-3.2,-4.1,-3.0,0.0,36.2,40.1,55.0,13.4,0.4,326.4,26.7,14.9,79.0,,,OBAnorm,,LD831_02097v2.403,,,,0,0
DENATRLA,2025-06-23 08:32:07.000,37.0,34.3,33.5,31.9,27.4,26.7,23.9,21.1,16.4,17.1,19.8,23.0,24.5,26.5,26.9,27.3,29.1,29.4,30.1,28.3,27.2,24.7,21.5,18.0,13.8,10.8,5.9,0.3,-1.7,-3.2,-4.1,-2.9,-0.2,36.1,40.6,58.1,13.4,0.4,326.4,26.7,14.9,79.0,,,OBAnorm,,LD831_02097v2.403,,,,0,0
DENATRLA,2025-06-23 08:32:08.000,33.4,38.6,35.6,32.4,27.6,27.7,19.5,18.1,15.4,16.6,21.0,22.6,25.3,26.2,27.0,28.6,28.9,29.6,30.3,29.2,27.6,24.4,21.6,17.4,14.3,10.9,6.3,0.9,-0.9,-2.4,-3.5,-2.7,-0.1,36.5,39.8,54.9,13.4,0.4,326.5,26.7,14.9,79.0,,,OBAnorm,,LD831_02097v2.403,,,,0,0
DENATRLA,2025-06-23 08:32:09.000,38.9,36.1,35.0,28.1,27.1,22.6,21.0,19.1,16.7,17.3,19.4,23.8,25.4,25.0,26.9,28.9,28.9,29.9,30.1,28.8,27.7,25.0,21.7,18.4,15.1,11.3,6.4,0.9,-0.6,-2.0,-3.4,-2.5,0.0,36.5,40.1,56.5,13.4,0.2,327.3,26.7,14.9,79.0,,,OBAnorm,,LD831_02097v2.403,,,,0,0
DENATRLA,2025-06-23 08:32:10.000,37.6,33.2,31.5,26.1,26.1,23.1,21.4,19.8,15.2,16.9,21.2,23.4,24.1,26.2,28.1,27.3,29.2,29.3,30.2,28.7,27.3,25.4,22.0,18.3,14.0,10.5,5.5,0.4,-1.5,-2.0,-3.4,-2.6,0.1,36.3,40.5,54.8,13.4,0.0,330.3,26.7,14.9,79.0,,,OBAnorm,,LD831_02097v2.403,,,,0,0
DENATRLA,2025-06-23 08:32:11.000,35.1,30.8,31.9,31.4,26.9,23.0,20.8,17.7,16.1,17.9,20.8,22.8,24.5,26.6,28.0,28.5,29.4,28.9,29.2,28.1,26.7,24.2,21.3,18.0,14.5,10.8,6.5,0.0,-1.3,-1.9,-3.5,-2.6,0.0,36.0,39.6,48.7,13.4,0.0,332.4,26.7,14.9,79.0,,,OBAnorm,,LD831_02097v2.403,,,,0,0
DENATRLA,2025-06-23 08:32:12.000,33.7,37.3,33.3,32.2,27.6,23.8,21.7,20.6,13.5,15.8,20.8,24.3,24.3,25.2,26.7,28.1,28.9,29.1,28.6,28.2,26.8,24.9,21.4,17.2,13.5,10.4,5.4,-0.5,-1.7,-2.5,-3.6,-2.8,0.0,35.8,39.0,48.3,13.4,0.0,332.4,26.7,14.9,79.0,,,OBAnorm,,LD831_02097v2.403,,,,0,0
DENATRLA,2025-06-23 08:32:13.000,36.6,34.3,31.6,27.7,26.6,23.4,21.4,20.0,14.4,14.9,20.0,23.5,25.5,26.2,26.2,27.8,28.6,30.0,28.6,27.9,26.4,24.1,20.5,16.8,13.1,9.4,4.5,-1.0,-2.0,-3.1,-3.9,-2.8,-0.1,35.6,38.9,47.7,13.4,0.0,333.0,26.7,14.9,79.0,,,OBAnorm,,LD831_02097v2.403,,,,0,0
DENATRLA,2025-06-23 08:32:14.000,31.8,32.5,27.3,29.8,26.9,24.9,23.0,16.5,16.1,15.1,19.2,23.0,24.8,25.9,26.4,28.2,29.2,29.9,29.1,28.4,26.7,24.0,20.9,17.4,12.7,9.5,4.2,-1.1,-1.9,-2.6,-3.9,-2.8,-0.1,35.9,39.0,48.9,13.4,0.0,333.5,26.7,14.9,79.0,,,OBAnorm,,LD831_02097v2.403,,,,0,0
DENATRLA,2025-06-23 08:32:15.000,33.9,34.3,30.4,29.3,24.7,24.5,21.1,20.5,16.4,13.8,19.0,21.4,24.5,25.3,27.0,28.8,28.1,30.0,29.1,28.9,26.4,23.9,21.0,17.4,13.0,9.9,4.3,-1.0,-2.6,-3.1,-4.0,-2.8,-0.1,35.9,39.0,48.1,13.4,0.0,0.4,26.7,14.8,79.0,,,OBAnorm,,LD831_02097v2.403,,,,0,0
DENATRLA,2025-06-23 08:32:16.000,32.1,32.3,29.2,25.7,25.4,25.4,20.4,17.6,15.2,16.3,18.0,22.7,23.8,25.1,26.5,27.9,28.8,29.2,28.5,28.5,26.0,24.1,20.5,16.9,13.1,9.3,3.9,-1.5,-2.7,-3.0,-4.1,-2.9,-0.1,35.5,39.3,53.4,13.4,0.0,6.5,26.7,14.7,79.0,,,OBAnorm,,LD831_02097v2.403,,,,0,0
DENATRLA,2025-06-23 08:32:17.000,33.7,34.8,30.1,30.6,28.9,25.8,22.0,19.8,15.3,16.9,20.0,22.8,25.1,25.1,26.4,28.6,29.0,29.7,29.4,28.4,26.8,24.2,21.3,18.4,14.6,10.0,5.0,-0.2,-2.0,-2.8,-3.4,-2.7,-0.1,36.0,39.1,50.4,13.4,0.0,6.5,26.7,14.7,79.0,,,OBAnorm,,LD831_02097v2.403,,,,0,0
DENATRLA,2025-06-23 08:32:18.000,33.0,35.2,32.7,27.6,25.6,23.7,21.6,17.5,14.1,16.5,19.8,23.0,23.2,25.3,27.4,27.5,27.5,29.0,29.3,28.2,26.7,24.3,21.2,17.4,13.8,11.2,5.6,-0.1,-2.1,-3.1,-4.0,-3.1,-0.1,35.7,38.8,46.2,13.4,0.0,6.6,26.7,14.7,79.0,,,OBAnorm,,LD831_02097v2.403,,,,0,0
DENATRLA,2025-06-23 08:32:19.000,35.1,33.7,30.0,26.8,26.4,24.7,20.9,18.2,16.0,15.4,19.6,23.1,24.2,25.3,26.8,27.5,29.8,29.9,29.1,29.0,26.7,24.6,21.2,17.6,14.4,12.0,7.8,1.0,-0.6,-3.0,-4.1,-2.9,-0.1,36.1,39.1,44.8,13.4,0.0,6.6,26.7,14.7,79.0,,,OBAnorm,,LD831_02097v2.403,,,,0,0
DENATRLA,2025-06-23 08:32:20.000,33.1,29.3,33.7,28.3,25.4,22.0,19.8,19.6,14.0,15.9,19.7,22.3,25.2,26.5,27.6,27.7,29.1,29.5,29.3,28.9,27.0,25.0,20.9,17.9,13.4,10.6,6.0,1.9,0.5,-2.2,-3.7,-2.8,-0.1,36.0,39.1,45.4,13.4,0.0,6.6,26.7,14.7,79.0,,,OBAnorm,,LD831_02097v2.403,,,,0,0
DENATRLA,2025-06-23 08:32:21.000,31.1,29.7,29.3,28.8,26.5,23.9,22.3,18.2,15.5,14.6,19.8,22.4,26.4,26.0,27.0,28.3,28.7,29.1,29.5,28.1,27.0,24.1,20.7,16.9,13.6,10.7,6.8,2.7,1.3,-2.3,-3.8,-3.0,-0.2,35.8,38.9,47.0,13.4,0.0,6.5,26.7,14.7,79.0,,,OBAnorm,,LD831_02097v2.403,,,,0,0
DENATRLA,2025-06-23 08:32:22.000,34.7,34.7,31.0,25.1,23.0,23.7,23.5,19.2,16.6,15.3,19.5,22.4,22.6,25.9,27.3,28.1,28.7,28.7,27.9,28.4,26.0,24.1,20.4,16.5,12.8,9.6,6.0,2.3,0.9,-2.3,-3.9,-3.0,-0.1,35.4,39.0,52.9,13.4,0.0,6.5,26.7,14.7,79.0,,,OBAnorm,,LD831_02097v2.403,,,,0,0
DENATRLA,2025-06-23 08:32:23.000,27.6,29.7,30.7,31.3,26.1,23.4,20.0,17.7,15.0,14.5,18.8,21.1,23.1,25.9,26.7,27.2,28.3,29.7,28.6,28.5,26.5,24.0,21.3,17.7,13.9,9.9,4.9,0.4,-0.4,-1.5,-3.5,-2.5,-0.1,35.8,39.1,48.4,13.4,0.0,6.5,26.7,14.7,79.0,,,OBAnorm,,LD831_02097v2.403,,,,0,0
DENATRLA,2025-06-23 08:32:24.000,33.2,33.0,27.4,30.0,28.1,23.9,22.0,15.6,16.5,16.0,20.5,22.2,24.6,24.6,26.1,28.1,28.7,29.5,29.8,28.8,26.4,23.9,20.9,17.2,13.3,10.4,4.9,0.2,-1.1,-2.4,-3.4,-2.7,-0.1,35.9,38.9,52.5,13.4,0.0,6.5,26.7,14.7,79.0,,,OBAnorm,,LD831_02097v2.403,,,,0,0
DENATRLA,2025-06-23 08:32:25.000,35.3,29.5,33.0,29.8,26.9,24.1,20.4,18.2,16.3,15.5,19.3,23.0,23.6,25.3,26.3,27.3,28.5,29.8,29.1,28.3,26.7,23.9,21.1,17.4,13.5,10.1,5.0,0.0,-1.2,-2.8,-4.0,-2.9,-0.1,35.8,41.0,57.9,13.4,0.0,6.5,26.7,14.7,79.0,,,OBAnorm,,LD831_02097v2.403,,,,0,0
DENATRLA,2025-06-23 08:32:26.000,34.5,30.5,30.3,30.5,29.9,26.7,21.6,20.7,15.5,14.6,19.1,22.3,23.8,26.3,27.4,28.0,28.9,29.3,29.4,28.7,26.8,24.1,20.8,17.6,13.5,10.2,5.4,1.0,-0.1,-2.1,-4.1,-2.9,-0.1,35.9,40.6,57.9,13.4,0.0,6.6,26.7,14.8,79.0,,,OBAnorm,,LD831_02097v2.403,,,,0,0
DENATRLA,2025-06-23 08:32:27.000,33.4,34.5,32.7,33.3,27.3,24.4,20.8,20.0,17.0,15.2,17.6,21.0,23.4,25.2,27.1,28.7,29.0,29.6,29.9,28.0,27.1,24.2,21.3,18.0,14.0,10.2,5.4,0.8,-0.2,-2.6,-3.9,-3.0,-0.1,36.0,41.7,55.7,13.4,0.0,6.6,26.7,14.8,79.0,,,OBAnorm,,LD831_02097v2.403,,,,0,0
DENATRLA,2025-06-23 08:32:28.000,43.7,36.5,35.4,33.4,28.5,26.0,23.9,21.4,15.8,18.0,19.6,20.7,26.1,25.1,27.8,28.4,28.4,29.0,29.4,28.4,27.0,24.1,21.7,17.1,13.2,10.3,5.8,1.6,0.1,-2.3,-3.9,-2.8,0.1,36.0,45.1,65.1,13.4,0.0,10.0,26.7,14.8,79.0,,,OBAnorm,,LD831_02097v2.403,,,,0,0
DENATRLA,2025-06-23 08:32:29.000,37.1,39.3,34.0,39.3,33.0,29.7,28.7,24.6,21.2,17.3,19.2,20.3,23.9,26.3,26.9,27.0,28.8,29.4,28.7,28.5,26.0,23.8,20.4,16.6,13.1,10.4,6.3,1.8,1.1,-0.2,-3.2,-2.7,0.0,35.7,45.4,64.5,13.4,0.0,10.2,26.7,14.8,79.0,,,OBAnorm,,LD831_02097v2.403,,,,0,0
DENATRLA,2025-06-23 08:32:30.000,45.1,44.3,38.5,37.8,34.9,28.7,29.9,27.3,24.9,19.0,19.6,20.3,25.1,25.5,26.9,28.5,28.7,29.8,29.4,28.8,26.8,24.7,21.5,18.4,14.7,12.8,9.6,2.0,0.1,-2.2,-3.5,-2.7,0.0,36.2,47.1,63.3,13.4,0.0,9.8,26.7,14.8,79.6,,,OBAnorm,,LD831_02097v2.403,,,,0,0
DENATRLA,2025-06-23 08:32:31.000,47.2,45.8,43.0,41.4,38.0,34.0,28.5,23.6,20.6,17.0,17.8,21.4,24.1,25.2,26.9,29.0,28.7,29.4,29.3,27.6,26.2,23.9,20.9,16.8,13.1,10.1,5.8,0.7,-0.6,-2.9,-4.1,-3.0,0.0,35.7,41.5,59.9,13.4,0.0,9.3,26.7,14.8,77.9,,,OBAnorm,,LD831_02097v2.403,,,,0,0
DENATRLA,2025-06-23 08:32:32.000,49.3,49.0,39.5,33.5,31.7,27.5,26.0,24.3,20.3,17.0,18.1,21.7,24.6,26.3,25.9,28.3,28.7,29.1,28.6,27.5,25.4,23.4,20.1,16.5,12.8,9.4,5.1,0.2,-0.8,-3.2,-4.1,-3.0,-0.1,35.2,40.7,59.0,13.4,0.0,13.7,26.7,14.8,77.9,,,OBAnorm,,LD831_02097v2.403,,,,0,0
DENATRLA,2025-06-23 08:32:33.000,49.5,40.7,33.3,30.4,28.2,27.0,23.6,19.4,15.6,16.8,19.6,20.5,22.5,25.8,27.6,28.4,28.0,27.4,28.9,27.7,25.8,23.5,20.2,16.8,13.2,9.7,5.3,0.6,-0.9,-3.1,-4.1,-3.1,-0.2,35.1,39.0,48.0,13.4,0.2,13.8,26.7,14.8,79.0,,,OBAnorm,,LD831_02097v2.403,,,,0,0
DENATRLA,2025-06-23 08:32:34.000,41.0,42.5,34.4,29.0,27.6,23.4,21.5,20.4,16.8,14.9,20.0,21.7,24.0,25.3,27.0,27.9,27.8,28.4,28.2,27.5,25.8,23.7,20.0,15.9,12.7,9.3,5.1,-0.1,-1.3,-3.2,-4.1,-3.0,-0.2,35.2,38.6,47.5,13.4,0.4,13.7,26.7,14.8,79.0,,,OBAnorm,,LD831_02097v2.403,,,,0,0
DENATRLA,2025-06-23 08:32:35.000,34.7,34.8,33.5,28.3,29.1,24.6,22.2,17.8,17.6,17.0,20.3,20.9,23.9,26.2,27.9,27.9,28.4,29.1,28.8,27.6,27.0,23.4,20.7,17.1,13.9,9.6,5.1,-0.1,-1.3,-3.0,-4.0,-3.0,0.0,35.5,39.0,52.9,13.4,0.4,13.7,26.8,14.8,79.6,,,OBAnorm,,LD831_02097v2.403,,,,0,0
DENATRLA,2025-06-23 08:32:36.000,34.3,32.3,28.5,29.9,24.9,23.0,21.8,20.3,17.6,15.8,21.5,22.9,25.8,27.0,27.2,28.3,28.6,28.8,29.3,28.1,27.1,24.8,22.5,19.0,15.6,11.8,6.0,0.3,-1.7,-3.1,-4.0,-3.1,-0.2,36.0,39.8,50.7,13.4,0.4,13.7,26.7,14.8,79.6,,,OBAnorm,,LD831_02097v2.403,,,,0,0
DENATRLA,2025-06-23 08:32:37.000,31.2,34.3,27.2,26.4,26.5,26.4,20.5,19.1,16.7,15.4,20.8,21.8,24.7,27.2,28.1,29.9,29.1,29.3,29.5,28.7,27.6,25.1,22.2,18.9,15.1,11.5,6.6,0.9,-1.0,-2.9,-4.0,-3.1,-0.1,36.5,40.0,53.2,13.4,0.4,13.7,26.7,14.8,79.6,,,OBAnorm,,LD831_02097v2.403,,,,0,0
DENATRLA,2025-06-23 08:32:38.000,31.4,34.5,30.8,29.2,27.5,23.8,18.8,19.4,16.9,15.4,21.5,22.9,23.7,27.1,28.0,29.5,29.7,29.9,29.2,29.4,27.9,25.7,22.8,19.2,14.9,11.3,6.7,0.3,-1.6,-3.2,-4.2,-3.1,-0.1,36.9,39.8,51.8,13.4,0.4,13.4,26.8,14.8,79.6,,,OBAnorm,,LD831_02097v2.403,,,,0,0
DENATRLA,2025-06-23 08:32:39.000,36.9,39.3,31.4,28.0,25.0,24.6,20.6,22.4,17.7,17.3,20.1,23.4,25.4,26.7,27.8,28.4,29.9,30.3,29.8,28.8,27.9,25.1,22.6,18.5,14.5,11.5,8.2,1.0,-1.5,-3.3,-4.2,-3.1,-0.2,36.7,40.1,51.2,13.4,0.4,13.4,26.7,14.8,79.6,,,OBAnorm,,LD831_02097v2.403,,,,0,0
DENATRLA,2025-06-23 08:32:40.000,33.8,32.6,32.6,30.4,26.5,25.3,20.6,20.5,18.2,16.0,20.4,22.4,24.5,27.0,27.9,29.4,29.6,30.2,29.5,29.1,27.3,25.1,22.1,17.9,13.5,10.8,6.5,0.6,-1.0,-2.8,-4.1,-3.0,-0.1,36.6,40.1,51.3,13.4,0.4,13.4,26.7,14.8,79.6,,,OBAnorm,,LD831_02097v2.403,,,,0,0
DENATRLA,2025-06-23 08:32:41.000,32.3,33.0,32.1,31.3,25.2,24.3,23.4,19.9,16.9,16.6,19.9,22.9,24.0,26.5,27.6,28.5,29.8,30.3,30.0,28.5,26.9,24.4,21.2,17.6,13.6,10.2,5.3,-0.1,-1.8,-2.8,-4.3,-3.1,-0.1,36.4,40.2,50.9,13.4,0.4,13.4,27.0,14.8,79.6,,,OBAnorm,,LD831_02097v2.403,,,,0,0
DENATRLA,2025-06-23 08:32:42.000,32.0,34.2,38.7,30.2,27.5,25.3,20.1,20.7,16.3,15.6,21.9,23.2,24.5,26.6,28.1,28.6,29.6,29.9,29.7,28.7,27.2,25.2,21.9,18.9,14.2,9.8,4.5,-0.5,-2.3,-2.9,-4.0,-3.1,-0.1,36.5,40.1,53.1,13.4,0.4,13.4,26.7,14.8,79.6,,,OBAnorm,,LD831_02097v2.403,,,,0,0
DENATRLA,2025-06-23 08:32:43.000,38.1,32.7,27.5,32.3,26.0,23.5,20.4,20.2,15.1,15.3,20.7,22.1,25.0,26.7,26.5,27.1,29.3,30.3,30.5,28.9,26.8,24.6,22.5,18.2,15.1,11.4,5.8,-0.4,-2.5,-3.4,-4.3,-3.1,0.0,36.5,39.6,51.2,13.4,0.2,13.3,26.7,14.8,79.6,,,OBAnorm,,LD831_02097v2.403,,,,0,0
DENATRLA,2025-06-23 08:32:44.000,28.6,37.6,35.3,28.2,28.0,21.3,20.9,20.5,14.5,16.6,19.5,22.1,25.1,27.6,27.1,28.2,29.3,29.5,29.6,28.3,26.8,24.5,21.3,17.6,13.5,10.2,5.6,0.1,-1.9,-3.3,-4.3,-3.1,-0.2,36.1,39.2,50.9,13.4,0.0,13.4,26.7,14.8,79.6,,,OBAnorm,,LD831_02097v2.403,,,,0,0
DENATRLA,2025-06-23 08:32:45.000,33.2,35.1,28.9,26.8,25.5,23.2,22.7,19.8,16.8,16.8,20.1,23.0,25.3,27.4,27.1,28.0,28.4,29.0,29.7,28.6,27.1,24.3,21.3,17.4,13.8,11.1,6.7,1.6,-0.8,-3.3,-4.2,-3.0,-0.2,36.0,39.3,47.6,13.4,0.0,13.3,26.7,14.8,79.6,,,OBAnorm,,LD831_02097v2.403,,,,0,0
DENATRLA,2025-06-23 08:32:46.000,33.0,30.6,30.9,28.7,26.6,23.4,21.1,19.6,17.7,17.1,20.7,23.7,24.0,27.2,28.0,28.7,29.3,29.2,29.6,29.1,27.6,25.0,22.3,18.7,15.4,12.9,9.9,4.3,1.2,-2.5,-4.1,-2.8,-0.1,36.5,39.5,50.5,13.4,0.0,13.4,26.7,14.8,79.6,,,OBAnorm,,LD831_02097v2.403,,,,0,0
DENATRLA,2025-06-23 08:32:47.000,35.5,30.6,31.3,29.7,25.8,23.0,21.1,22.0,17.2,18.1,20.4,21.5,24.6,27.0,28.1,28.7,29.3,29.5,29.4,28.5,27.4,24.7,22.0,18.3,14.8,12.3,9.5,4.0,1.3,-2.7,-4.0,-2.9,0.0,36.3,44.1,60.5,13.4,0.0,13.4,26.7,14.8,79.6,,,OBAnorm,,LD831_02097v2.403,,,,0,0
DENATRLA,2025-06-23 08:32:48.000,29.5,34.4,35.4,29.9,29.4,29.4,28.5,23.5,18.3,18.4,21.2,23.8,24.8,26.8,28.0,28.0,28.8,30.3,30.3,28.9,27.4,25.3,22.1,18.1,13.9,11.5,7.8,3.0,0.2,-2.4,-3.6,-2.6,0.1,36.6,49.5,65.0,13.4,0.0,12.9,26.7,14.8,77.9,,,OBAnorm,,LD831_02097v2.403,,,,0,0
DENATRLA,2025-06-23 08:32:49.000,29.5,41.2,40.7,39.5,37.7,34.1,32.8,31.7,26.2,23.3,21.0,23.0,24.8,25.4,28.4,28.0,28.9,29.6,29.5,29.0,28.1,25.6,22.8,19.5,14.1,11.6,7.9,3.0,0.8,-1.9,-3.5,-2.5,0.3,36.6,50.7,68.0,13.4,0.0,14.2,26.7,14.8,77.3,,,OBAnorm,,LD831_02097v2.403,,,,0,0
DENATRLA,2025-06-23 08:32:50.000,46.8,42.1,47.0,42.9,41.2,37.6,34.5,35.4,30.9,25.9,23.7,24.3,25.5,27.1,27.7,28.0,29.3,30.7,30.4,29.7,28.2,26.0,22.9,19.5,17.4,13.7,10.1,5.1,3.7,-0.8,-3.1,-2.2,0.4,37.2,56.0,72.6,13.4,0.2,15.0,26.7,14.8,79.0,,,OBAnorm,,LD831_02097v2.403,,,,0,0
DENATRLA,2025-06-23 08:32:51.000,56.9,53.9,45.2,45.5,42.8,42.6,40.8,38.0,33.5,33.5,28.0,27.1,27.2,27.5,28.9,28.5,29.1,30.5,30.2,29.8,29.2,26.3,23.4,19.6,15.9,13.6,10.2,6.5,5.1,-0.7,-3.3,-2.6,0.2,37.5,52.8,68.2,13.4,0.3,15.0,26.8,14.8,79.0,,,OBAnorm,,LD831_02097v2.403,,,,0,0
DENATRLA,2025-06-23 08:32:52.000,56.2,54.3,53.9,50.4,46.5,42.9,43.4,40.7,38.2,33.1,29.9,26.4,27.9,27.7,28.3,29.0,30.1,30.1,30.5,29.3,28.1,26.2,23.4,19.3,15.2,13.2,9.6,4.5,2.7,-1.0,-3.0,-2.0,0.6,37.3,59.0,73.8,13.4,0.6,15.1,26.7,14.8,78.4,,,OBAnorm,,LD831_02097v2.403,,,,0,0
DENATRLA,2025-06-23 08:32:53.000,60.0,55.4,54.2,53.3,51.0,49.8,43.7,41.2,37.6,33.3,26.9,27.9,26.7,27.4,28.4,28.8,28.9,29.7,30.2,29.8,28.1,25.3,22.3,18.4,14.5,11.4,7.0,2.1,-0.2,-1.5,-2.3,-0.9,1.9,36.9,58.1,77.1,13.4,1.0,14.9,26.7,14.8,79.0,,,OBAnorm,,LD831_02097v2.403,,,,0,0
DENATRLA,2025-06-23 08:32:54.000,53.5,59.9,55.2,55.1,50.3,44.1,40.6,40.0,36.5,26.9,23.9,21.8,26.1,26.7,27.4,27.9,29.0,29.9,29.1,28.4,27.4,24.9,22.3,18.3,14.1,11.4,6.3,1.4,-0.6,-2.3,-3.0,-1.5,1.2,36.2,55.1,76.2,13.4,1.3,19.5,26.8,14.8,78.4,,,OBAnorm,,LD831_02097v2.403,,,,0,0
DENATRLA,2025-06-23 08:32:55.000,60.7,57.8,58.1,48.0,46.4,41.4,39.4,36.9,35.0,29.0,26.6,24.6,25.1,25.1,27.5,28.0,29.5,30.1,29.8,29.0,27.0,24.8,22.0,17.9,13.8,10.5,6.0,1.1,-1.1,-2.8,-3.8,-2.6,0.4,36.4,51.8,73.4,13.4,1.5,18.6,26.7,14.8,78.4,,,OBAnorm,,LD831_02097v2.403,,,,0,0
DENATRLA,2025-06-23 08:32:56.000,60.1,53.5,50.8,48.5,41.7,43.3,32.4,32.7,30.9,21.8,20.0,21.7,25.2,27.0,27.3,29.2,28.9,29.5,29.6,28.4,27.2,23.7,21.3,19.1,15.6,11.2,5.9,0.3,-1.8,-3.1,-4.0,-2.8,-0.1,36.1,47.1,64.8,13.4,1.5,28.4,26.7,14.8,77.9,,,OBAnorm,,LD831_02097v2.403,,,,0,0
DENATRLA,2025-06-23 08:32:57.000,55.0,56.4,48.2,38.7,37.2,34.0,29.0,27.3,21.5,19.0,19.6,22.3,25.9,26.2,27.2,27.9,28.4,29.5,29.6,27.9,26.7,24.4,21.4,17.1,13.6,10.7,6.1,1.1,-1.0,-2.7,-3.5,-2.3,0.1,35.9,47.2,65.0,13.4,1.4,26.8,26.7,14.8,77.3,,,OBAnorm,,LD831_02097v2.403,,,,0,0
DENATRLA,2025-06-23 08:32:58.000,50.6,44.0,47.3,40.9,37.9,36.4,27.8,26.4,19.5,17.7,21.0,22.2,23.4,25.7,27.6,28.7,30.3,29.4,29.7,28.4,27.2,24.4,21.1,17.1,13.3,10.3,5.6,1.2,-1.2,-2.8,-3.8,-2.6,0.1,36.3,48.1,67.8,13.4,1.3,10.1,26.7,14.7,77.9,,,OBAnorm,,LD831_02097v2.403,,,,0,0
DENATRLA,2025-06-23 08:32:59.000,44.7,48.9,43.7,41.9,38.6,32.7,31.8,27.0,21.3,20.5,20.2,23.2,24.4,26.2,28.6,28.7,29.6,30.0,29.6,29.2,27.5,25.0,21.3,17.8,13.5,10.8,6.1,1.1,-0.9,-2.8,-3.9,-2.7,0.1,36.5,44.6,65.8,13.4,1.4,13.9,26.8,14.7,77.3,,,OBAnorm,,LD831_02097v2.403,,,,0,0
DENATRLA,2025-06-23 08:33:00.000,48.1,46.2,43.9,35.2,35.9,31.6,27.4,21.4,17.8,17.9,19.9,23.0,24.0,26.3,27.3,28.5,29.2,29.7,29.4,29.1,27.4,25.2,22.2,18.2,14.5,11.7,7.0,2.0,0.2,-1.7,-3.5,-2.6,-0.1,36.4,41.4,59.1,13.4,1.4,21.5,26.7,14.8,77.3,,,OBAnorm,,LD831_02097v2.403,,,,0,0
DENATRLA,2025-06-23 08:33:01.000,50.3,43.5,39.1,34.6,31.1,28.1,24.3,22.7,19.4,18.5,22.9,24.9,25.4,25.2,27.8,29.2,29.5,29.3,30.3,29.9,27.8,25.8,22.2,18.1,14.5,11.4,7.1,2.8,0.7,-1.2,-3.1,-2.2,0.1,37.0,41.0,53.9,13.4,1.2,21.4,26.8,14.8,77.9,,,OBAnorm,,LD831_02097v2.403,,,,0,0
DENATRLA,2025-06-23 08:33:02.000,38.9,38.8,36.0,30.2,25.2,25.7,20.9,19.5,19.5,20.2,22.5,24.2,25.4,26.3,28.4,29.1,29.7,29.8,29.5,29.3,27.3,25.2,22.3,18.6,14.7,12.4,7.9,3.9,2.9,0.2,-1.2,-1.5,0.4,36.6,43.8,62.5,13.4,0.9,20.4,26.7,14.8,77.9,,,OBAnorm,,LD831_02097v2.403,,,,0,0
DENATRLA,2025-06-23 08:33:03.000,36.5,39.5,37.9,35.7,29.4,27.6,27.2,22.4,25.1,21.0,24.0,24.9,25.4,27.4,29.0,29.0,28.9,29.6,29.7,29.5,28.1,25.5,23.1,19.0,16.8,12.6,7.9,4.0,2.9,0.9,-0.3,0.0,2.0,36.8,54.5,75.6,13.4,0.6,23.3,26.7,14.8,77.9,,,OBAnorm,,LD831_02097v2.403,,,,0,0
DENATRLA,2025-06-23 08:33:04.000,38.1,40.8,47.7,45.8,44.1,39.2,34.3,34.7,31.0,26.3,26.2,25.1,26.3,27.2,29.4,29.2,29.7,30.0,30.0,29.6,28.1,25.7,22.7,18.9,15.1,13.0,8.7,4.2,3.8,2.3,0.5,0.3,2.0,37.0,56.3,77.8,13.4,0.7,92.6,26.8,14.8,77.9,,,OBAnorm,,LD831_02097v2.403,,,,0,0
DENATRLA,2025-06-23 08:33:05.000,44.9,55.3,54.0,44.4,44.1,41.9,34.7,32.4,27.8,28.6,25.2,24.2,26.1,27.0,27.7,29.1,29.7,29.9,30.3,29.2,27.8,26.1,23.3,19.1,16.2,13.6,8.8,4.8,3.6,1.5,-0.6,-0.6,1.0,37.1,60.6,75.2,13.4,1.1,120.1,26.8,14.8,77.3,,,OBAnorm,,LD831_02097v2.403,,,,0,0
DENATRLA,2025-06-23 08:33:06.000,60.3,51.7,45.7,52.7,51.4,43.4,40.2,35.7,34.3,24.6,24.1,25.4,25.8,26.6,27.6,28.7,29.8,30.2,30.2,29.8,28.9,26.0,23.0,19.6,16.1,13.6,8.4,4.0,2.2,-0.6,-2.5,-2.0,0.2,37.2,51.7,69.9,13.4,1.3,111.5,26.8,14.8,76.7,,,OBAnorm,,LD831_02097v2.403,,,,0,0
DENATRLA,2025-06-23 08:33:07.000,59.8,63.5,61.0,51.2,42.1,40.2,38.2,35.1,34.5,30.1,25.6,24.7,25.3,27.0,28.1,29.3,29.6,30.3,30.4,29.2,27.8,25.6,23.2,20.0,16.0,13.3,7.6,3.0,2.4,0.0,-1.6,-1.2,1.1,37.1,57.3,73.4,13.4,1.3,111.5,26.8,14.7,76.7,,,OBAnorm,,LD831_02097v2.403,,,,0,0
DENATRLA,2025-06-23 08:33:08.000,64.1,57.9,52.1,51.2,46.8,46.2,39.6,39.5,33.5,30.6,24.8,27.3,26.6,27.1,28.9,28.5,28.7,30.3,29.8,29.7,27.9,26.2,22.7,19.1,16.6,14.2,9.0,3.8,1.8,-1.0,-2.6,-1.5,1.2,37.1,57.4,77.7,13.4,1.2,97.0,26.8,14.7,77.9,,,OBAnorm,,LD831_02097v2.403,,,,0,0
DENATRLA,2025-06-23 08:33:09.000,59.5,57.2,52.6,50.0,49.3,43.7,38.2,37.0,32.9,27.3,25.2,27.6,26.6,26.6,28.4,28.9,28.5,29.6,30.0,29.3,28.1,26.2,23.5,20.5,16.9,14.0,8.9,4.2,1.8,-1.0,-2.9,-1.9,0.8,36.9,53.5,74.1,13.4,1.2,112.7,26.8,14.7,77.3,,,OBAnorm,,LD831_02097v2.403,,,,0,0
DENATRLA,2025-06-23 08:33:10.000,61.4,56.7,52.8,47.6,46.4,41.1,37.8,33.2,29.3,27.0,26.5,25.4,25.7,26.1,27.8,28.7,29.2,29.8,29.3,30.0,28.3,26.0,24.0,21.4,18.1,15.7,8.9,4.2,2.2,-0.9,-3.1,-2.5,0.2,37.1,50.1,67.4,13.4,1.0,134.2,26.8,14.7,77.3,,,OBAnorm,,LD831_02097v2.403,,,,0,0
DENATRLA,2025-06-23 08:33:11.000,58.2,55.7,49.2,42.0,44.3,35.6,30.1,23.7,22.4,20.9,22.4,24.0,25.3,27.5,28.2,29.3,29.4,29.3,29.7,29.1,28.3,26.2,23.1,19.7,16.3,13.9,8.2,3.8,2.0,-0.7,-0.7,-1.5,0.1,37.0,43.1,61.2,13.4,0.9,139.9,26.8,14.7,77.3,,,OBAnorm,,LD831_02097v2.403,,,,0,0
DENATRLA,2025-06-23 08:33:12.000,57.8,48.3,40.4,35.7,32.0,30.1,29.7,24.9,20.4,19.7,21.3,24.0,26.5,28.2,28.5,29.4,28.9,29.8,29.9,29.8,28.6,26.5,23.3,20.0,16.4,13.5,8.4,3.8,2.1,-1.3,-3.5,-2.6,-0.1,37.2,43.2,57.9,13.4,0.9,167.9,26.8,14.7,76.7,,,OBAnorm,,LD831_02097v2.403,,,,0,0
DENATRLA,2025-06-23 08:33:13.000,45.0,40.4,35.8,30.3,31.5,30.1,26.6,24.3,19.5,18.3,21.7,23.7,25.8,26.9,28.7,29.3,29.5,30.3,30.3,30.3,28.7,26.6,23.7,19.8,16.7,14.0,8.9,5.4,2.9,-0.3,-3.0,-2.4,0.0,37.4,42.4,56.9,13.4,0.9,181.2,26.7,14.8,76.7,,,OBAnorm,,LD831_02097v2.403,,,,0,0
DENATRLA,2025-06-23 08:33:14.000,42.2,35.6,36.6,35.3,29.8,29.0,25.1,21.4,18.6,20.2,22.7,24.4,27.1,28.0,28.6,29.0,30.4,29.9,30.6,29.7,27.8,26.5,23.7,20.5,17.5,15.1,10.8,7.3,4.2,0.9,-2.1,-2.3,0.1,37.3,42.2,57.5,13.4,0.8,197.0,26.8,14.8,77.3,,,OBAnorm,,LD831_02097v2.403,,,,0,0
DENATRLA,2025-06-23 08:33:15.000,42.5,35.2,35.6,33.9,28.9,31.1,29.9,28.9,24.1,22.2,22.3,24.5,25.5,27.9,28.5,29.1,29.5,30.6,29.9,28.6,27.7,25.5,22.7,19.5,16.6,13.9,10.0,6.3,3.9,0.5,-2.2,-2.2,0.2,36.8,47.3,64.3,13.4,0.8,241.9,26.7,14.8,77.9,,,OBAnorm,,LD831_02097v2.403,,,,0,0
DENATRLA,2025-06-23 08:33:16.000,40.6,36.8,37.1,39.7,36.1,34.3,31.4,27.3,26.6,29.1,24.0,25.4,27.0,27.7,28.3,29.7,30.2,29.5,30.1,29.4,28.5,26.7,23.3,20.1,17.0,14.7,10.5,6.9,4.6,2.2,-1.1,-1.4,0.7,37.4,54.2,71.2,13.4,1.1,237.7,26.8,14.8,77.3,,,OBAnorm,,LD831_02097v2.403,,,,0,0
DENATRLA,2025-06-23 08:33:17.000,44.8,48.5,44.1,48.5,43.0,44.5,43.0,39.4,35.7,31.9,29.0,28.0,28.1,28.1,27.9,30.2,30.7,30.7,31.1,29.7,29.1,27.1,24.8,22.4,20.1,15.2,11.5,7.5,5.4,3.0,0.0,0.0,1.8,38.1,58.0,77.4,13.4,1.6,256.6,26.8,14.8,76.2,,,OBAnorm,,LD831_02097v2.403,,,,0,0
DENATRLA,2025-06-23 08:33:18.000,52.3,54.2,54.1,52.9,48.6,46.1,41.2,37.2,33.9,24.3,24.3,24.5,27.4,28.3,28.4,28.8,29.5,30.6,30.7,29.3,28.4,25.6,23.4,19.8,16.7,14.8,10.5,5.4,4.0,1.3,-1.6,-2.1,0.2,37.1,49.3,65.8,13.4,1.9,257.0,26.8,14.8,76.7,,,OBAnorm,,LD831_02097v2.403,,,,0,0
DENATRLA,2025-06-23 08:33:19.000,59.3,59.5,57.0,49.1,39.1,37.9,32.8,28.1,24.2,20.0,21.6,24.3,26.6,27.2,28.1,29.2,30.1,29.9,30.2,29.3,28.2,26.1,23.2,19.7,15.7,13.0,9.4,4.6,3.2,1.0,-2.3,-2.1,0.0,37.1,42.3,57.5,13.4,1.8,256.9,26.7,14.8,77.3,,,OBAnorm,,LD831_02097v2.403,,,,0,0
DENATRLA,2025-06-23 08:33:20.000,56.2,50.4,44.3,30.4,33.9,30.6,25.9,26.0,20.9,19.6,20.3,23.0,26.6,26.5,27.7,28.8,29.0,29.6,30.0,28.6,27.0,25.4,22.4,18.6,14.5,12.7,9.0,3.6,2.3,-0.3,-2.4,-2.2,0.1,36.6,41.9,57.7,13.4,1.5,256.4,26.8,14.8,77.3,,,OBAnorm,,LD831_02097v2.403,,,,0,0
DENATRLA,2025-06-23 08:33:21.000,45.9,40.5,39.0,33.0,27.2,28.6,26.1,22.6,19.0,18.8,21.1,24.0,24.7,26.7,27.1,28.6,30.0,31.2,30.9,29.5,27.3,25.5,22.6,19.1,15.3,12.0,8.6,3.6,2.1,-0.7,-2.9,-2.4,0.1,36.9,43.2,57.1,13.4,1.3,251.7,26.8,14.8,77.3,,,OBAnorm,,LD831_02097v2.403,,,,0,0
DENATRLA,2025-06-23 08:33:22.000,43.1,39.5,38.1,37.1,33.2,30.4,24.2,22.3,20.2,16.9,20.6,23.8,25.9,27.2,28.9,28.1,29.3,30.0,30.0,29.1,27.5,25.0,21.9,17.9,14.1,11.4,7.0,2.4,1.1,-1.1,-3.1,-2.5,-0.1,36.6,40.8,55.8,13.4,1.1,239.8,26.8,14.8,77.3,,,OBAnorm,,LD831_02097v2.403,,,,0,0
DENATRLA,2025-06-23 08:33:23.000,40.1,39.0,39.9,37.6,24.8,21.9,23.5,21.1,18.2,17.5,20.1,24.0,25.3,26.6,27.8,28.2,29.5,30.2,30.7,29.5,27.0,24.3,21.5,18.0,13.9,11.0,6.1,1.3,0.7,-1.3,-3.5,-2.7,0.0,36.6,39.7,46.4,13.4,0.9,245.8,26.8,14.8,77.9,,,OBAnorm,,LD831_02097v2.403,,,,0,0
DENATRLA,2025-06-23 08:33:24.000,44.6,40.6,30.2,29.3,27.7,24.1,23.7,21.0,18.4,19.3,21.3,23.3,25.6,28.4,28.2,27.6,29.1,30.4,29.9,29.2,27.1,24.3,21.2,17.2,13.4,10.7,5.7,1.0,-0.2,-2.2,-3.8,-2.9,-0.1,36.5,40.0,51.1,13.4,0.8,257.4,26.8,14.8,77.3,,,OBAnorm,,LD831_02097v2.403,,,,0,0
DENATRLA,2025-06-23 08:33:25.000,33.4,31.0,31.5,30.5,26.5,25.3,22.6,22.1,18.5,16.9,21.3,23.5,24.5,26.1,27.6,28.9,28.6,29.6,30.0,29.1,26.7,24.3,21.3,19.2,16.4,12.0,7.5,1.1,-0.5,-2.3,-3.6,-3.0,0.0,36.2,39.1,46.2,13.4,0.7,278.8,26.8,14.8,77.9,,,OBAnorm,,LD831_02097v2.403,,,,0,0
DENATRLA,2025-06-23 08:33:26.000,32.0,35.1,30.6,27.7,25.1,22.5,22.9,19.3,17.5,18.6,22.2,23.5,25.8,26.8,28.7,28.2,29.1,29.9,29.1,28.8,27.1,24.8,21.1,17.6,13.5,10.6,6.5,1.2,-0.5,-2.6,-3.8,-3.0,0.0,36.2,39.5,48.4,13.4,0.6,280.2,26.8,14.8,77.9,,,OBAnorm,,LD831_02097v2.403,,,,0,0
DENATRLA,2025-06-23 08:33:27.000,33.8,31.2,32.2,31.5,26.2,22.3,23.6,20.5,19.1,20.1,21.1,22.5,26.7,26.7,27.8,28.1,28.4,29.4,29.2,28.1,26.6,24.4,21.2,17.0,12.8,10.0,5.8,0.8,-1.3,-1.9,-3.7,-2.8,-0.1,35.8,40.2,52.9,13.4,0.6,294.5,26.8,14.8,77.9,,,OBAnorm,,LD831_02097v2.403,,,,0,0
DENATRLA,2025-06-23 08:33:28.000,27.1,27.9,33.5,32.0,26.2,22.2,22.5,19.8,19.0,17.6,21.1,23.2,24.4,27.0,26.9,28.1,29.1,30.0,29.5,28.7,27.0,24.1,21.0,17.0,12.9,10.3,5.2,0.0,-1.7,-3.2,-4.0,-3.1,-0.1,36.0,40.0,54.7,13.4,0.6,300.1,26.8,14.8,78.4,,,OBAnorm,,LD831_02097v2.403,,,,0,0
DENATRLA,2025-06-23 08:33:29.000,34.4,35.9,32.1,32.5,26.3,24.2,24.0,19.6,18.1,18.7,19.6,22.0,24.5,26.1,27.0,27.5,28.8,28.9,29.1,28.0,26.9,23.5,20.4,17.1,12.9,9.8,4.7,-0.7,-2.4,-3.0,-4.1,-3.0,0.0,35.7,40.8,57.5,13.4,0.4,300.1,26.8,14.8,78.4,,,OBAnorm,,LD831_02097v2.403,,,,0,0
DENATRLA,2025-06-23 08:33:30.000,36.4,36.3,29.9,31.1,26.9,25.6,23.4,19.3,17.5,16.5,19.7,22.6,22.2,26.2,26.8,28.2,28.5,28.8,29.0,28.3,26.0,24.0,20.7,17.0,13.1,9.8,4.6,-0.6,-2.2,-3.2,-4.1,-3.0,-0.1,35.5,40.1,58.7,13.4,0.3,288.1,26.8,14.9,76.2,,,OBAnorm,,LD831_02097v2.403,,,,0,0
DENATRLA,2025-06-23 08:33:31.000,32.3,36.3,34.6,32.9,28.1,24.9,23.4,22.4,18.2,14.9,18.9,21.7,24.7,26.1,26.6,27.2,29.0,29.2,29.0,28.3,26.4,23.7,21.0,16.1,13.3,9.9,4.1,-1.1,-2.4,-3.2,-4.2,-3.0,-0.1,35.7,41.9,56.5,13.4,0.3,300.8,26.8,14.9,76.2,,,OBAnorm,,LD831_02097v2.403,,,,0,0
DENATRLA,2025-06-23 08:33:32.000,39.0,35.2,34.3,33.7,31.8,28.2,25.9,21.8,17.5,18.4,19.4,22.7,24.5,25.5,27.0,27.6,28.6,28.8,28.5,27.8,26.0,23.5,20.7,20.4,15.6,11.1,5.3,-0.8,-1.9,-2.9,-4.1,-2.8,-0.2,35.4,41.8,58.2,13.4,0.3,305.7,26.8,14.8,78.4,,,OBAnorm,,LD831_02097v2.403,,,,0,0
DENATRLA,2025-06-23 08:33:33.000,39.1,35.7,34.9,37.2,28.3,26.1,23.7,20.8,19.8,14.5,18.9,22.5,23.1,24.1,26.5,27.5,27.8,29.0,29.0,28.1,26.0,23.2,20.6,17.4,13.3,10.5,5.4,-0.1,-1.8,-3.2,-4.2,-3.2,-0.2,35.3,39.2,53.9,13.4,0.3,305.7,26.8,14.8,78.4,,,OBAnorm,,LD831_02097v2.403,,,,0,0
DENATRLA,2025-06-23 08:33:34.000,45.7,38.3,30.4,34.1,30.2,25.8,22.0,20.7,17.4,17.4,19.4,20.5,23.5,23.6,26.7,27.4,28.0,29.6,29.2,27.5,26.4,23.6,20.5,16.9,12.8,9.8,4.5,-0.5,-2.2,-3.0,-4.0,-3.1,-0.1,35.5,40.5,59.3,13.4,0.3,296.3,26.8,14.9,78.5,,,OBAnorm,,LD831_02097v2.403,,,,0,0
DENATRLA,2025-06-23 08:33:35.000,42.2,32.4,32.6,29.7,26.8,25.9,24.1,21.0,17.6,16.7,19.1,21.1,23.9,24.5,26.9,27.2,27.5,29.5,29.5,27.5,26.4,24.3,20.7,17.5,14.1,10.7,5.0,-0.1,-1.8,-3.4,-4.3,-3.0,-0.1,35.5,39.7,56.2,13.4,0.3,274.8,26.8,14.8,78.4,,,OBAnorm,,LD831_02097v2.403,,,,0,0
DENATRLA,2025-06-23 08:33:36.000,36.3,33.8,32.9,30.9,26.2,25.0,23.7,18.8,18.8,17.5,20.3,23.0,25.3,25.5,27.5,28.3,29.0,29.8,29.2,28.4,26.7,24.7,21.5,18.2,14.4,11.6,5.7,0.2,-1.8,-3.5,-4.2,-3.0,-0.1,36.0,41.2,59.5,13.4,0.2,248.0,26.8,14.8,77.3,,,OBAnorm,,LD831_02097v2.403,,,,0,0
DENATRLA,2025-06-23 08:33:37.000,39.1,33.9,33.9,31.1,29.3,26.7,24.5,22.4,19.5,18.6,22.3,23.6,25.9,26.1,26.8,28.3,29.3,29.5,28.8,28.4,27.1,24.8,22.4,18.7,15.0,12.1,6.4,1.3,-0.7,-3.0,-4.3,-3.0,-0.2,36.1,40.6,52.7,13.4,0.2,228.5,26.8,14.8,76.7,,,OBAnorm,,LD831_02097v2.403,,,,0,0
DENATRLA,2025-06-23 08:33:38.000,37.9,36.0,36.7,33.5,30.0,30.9,27.9,26.5,19.5,18.0,20.2,23.4,24.8,26.0,28.1,28.4,29.6,29.6,29.6,28.6,27.6,25.2,22.6,19.2,15.8,13.1,7.0,1.8,0.1,-3.0,-4.0,-3.2,-0.1,36.4,40.5,51.2,13.4,0.2,234.1,26.8,14.8,77.9,,,OBAnorm,,LD831_02097v2.403,,,,0,0
DENATRLA,2025-06-23 08:33:39.000,34.2,30.9,33.6,30.7,30.1,27.1,26.8,25.2,23.9,25.3,25.7,27.4,26.0,26.7,26.5,28.4,29.3,30.2,29.6,29.0,27.6,25.7,23.1,19.7,16.5,13.1,6.8,1.6,-0.4,-2.9,-4.2,-3.0,-0.1,36.7,41.4,52.1,13.4,0.2,234.1,26.8,14.8,78.4,,,OBAnorm,,LD831_02097v2.403,,,,0,0
DENATRLA,2025-06-23 08:33:40.000,33.1,32.1,37.5,32.7,34.6,31.3,28.9,27.0,24.1,23.6,26.0,30.6,28.3,27.3,27.8,28.9,29.4,29.8,29.9,29.7,28.3,26.2,25.0,22.7,19.8,16.3,9.7,4.3,1.6,-2.3,-4.1,-2.9,-0.2,37.4,41.6,52.0,13.4,0.2,234.1,26.8,14.8,78.4,,,OBAnorm,,LD831_02097v2.403,,,,0,0
DENATRLA,2025-06-23 08:33:41.000,37.1,29.0,33.7,30.2,29.4,31.6,25.1,24.8,20.8,21.0,23.5,28.4,27.5,27.2,27.4,28.2,29.5,29.8,30.6,29.6,28.7,26.8,25.0,21.6,18.8,16.6,12.3,8.1,5.1,-0.1,-3.3,-2.7,-0.1,37.4,40.8,51.0,13.4,0.2,234.0,26.8,14.8,78.4,,,OBAnorm,,LD831_02097v2.403,,,,0,0
DENATRLA,2025-06-23 08:33:42.000,39.1,33.7,32.2,29.3,30.3,27.1,26.0,22.4,21.6,21.2,22.3,25.9,24.9,26.0,27.8,28.8,29.7,30.4,30.4,29.8,28.8,26.1,23.7,20.5,17.1,15.1,9.8,5.4,2.6,-1.7,-3.9,-2.9,-0.2,37.4,41.2,49.8,13.4,0.2,234.0,26.8,14.8,78.4,,,OBAnorm,,LD831_02097v2.403,,,,0,0
DENATRLA,2025-06-23 08:33:43.000,33.8,32.5,34.1,34.4,32.1,31.0,25.6,25.2,21.7,22.7,24.3,27.4,26.9,27.8,28.7,29.5,29.0,30.3,30.8,29.8,28.3,26.8,24.4,21.1,17.1,15.0,10.0,5.2,2.8,-1.0,-3.5,-2.9,-0.1,37.4,40.9,48.6,13.4,0.2,234.0,26.8,14.8,78.4,,,OBAnorm,,LD831_02097v2.403,,,,0,0
DENATRLA,2025-06-23 08:33:44.000,37.1,32.1,31.6,29.9,29.7,27.8,27.4,26.2,22.3,24.8,25.9,27.1,27.9,26.9,27.7,28.6,29.6,29.8,29.8,30.0,29.5,27.2,24.4,20.8,18.0,15.8,11.4,6.3,3.0,-0.5,-3.6,-2.9,-0.1,37.5,41.7,45.7,13.4,0.2,234.0,26.8,14.8,78.4,,,OBAnorm,,LD831_02097v2.403,,,,0,0
DENATRLA,2025-06-23 08:33:45.000,32.5,33.3,34.0,31.4,31.7,32.4,32.6,29.1,23.8,21.1,22.8,27.6,28.5,27.4,28.9,28.9,29.2,30.2,30.8,30.1,28.3,26.7,24.3,20.7,17.1,14.3,9.5,4.5,1.6,-1.6,-3.7,-2.8,0.0,37.5,40.9,44.0,13.4,0.2,234.0,26.8,14.8,78.4,,,OBAnorm,,LD831_02097v2.403,,,,0,0
DENATRLA,2025-06-23 08:33:46.000,30.5,30.7,33.7,26.9,31.2,28.2,24.3,22.4,17.5,19.4,23.5,27.9,29.4,28.5,28.7,28.7,29.7,29.9,30.3,30.0,28.9,27.1,24.3,21.7,18.5,14.9,9.6,4.0,1.5,-1.9,-3.9,-3.0,0.0,37.7,41.3,47.9,13.4,0.1,234.1,26.8,14.8,78.4,,,OBAnorm,,LD831_02097v2.403,,,,0,0
DENATRLA,2025-06-23 08:33:47.000,32.4,32.0,30.1,31.7,31.8,30.2,27.4,25.6,19.9,22.8,28.1,30.1,29.6,29.9,29.8,29.7,30.2,30.0,30.8,30.2,29.6,27.6,24.8,21.5,17.9,15.2,10.8,5.3,2.7,-1.2,-3.6,-3.0,0.0,38.2,43.0,55.7,13.4,0.0,234.0,26.8,14.8,78.4,,,OBAnorm,,LD831_02097v2.403,,,,0,0
DENATRLA,2025-06-23 08:33:48.000,29.5,34.8,30.7,33.0,32.3,27.2,33.6,30.3,26.8,22.9,29.4,31.6,31.8,30.3,28.8,30.2,30.4,31.4,31.0,30.7,29.9,28.0,25.0,21.9,18.5,15.5,10.5,5.3,2.6,-1.6,-3.8,-3.0,0.0,38.5,43.8,57.3,13.4,0.0,234.0,26.8,14.8,78.4,,,OBAnorm,,LD831_02097v2.403,,,,0,0
DENATRLA,2025-06-23 08:33:49.000,32.6,31.2,34.3,36.4,35.1,35.0,30.5,23.8,21.4,20.4,24.6,26.7,28.0,28.9,29.1,29.8,30.2,30.8,30.7,30.4,29.9,27.7,25.6,21.8,18.8,15.9,10.9,5.5,2.6,-1.3,-4.0,-3.1,-0.3,38.3,42.4,54.5,13.4,0.0,234.1,26.7,14.8,78.4,,,OBAnorm,,LD831_02097v2.403,,,,0,0
DENATRLA,2025-06-23 08:33:50.000,36.5,36.3,33.1,32.3,32.3,29.3,26.7,24.7,20.6,20.9,25.2,27.0,27.2,28.7,29.0,28.8,30.1,31.1,31.4,30.3,29.4,27.9,24.7,21.5,17.7,14.6,10.0,4.7,1.7,-1.8,-3.9,-2.9,-0.1,38.1,41.9,51.8,13.4,0.0,234.1,26.8,14.8,78.4,,,OBAnorm,,LD831_02097v2.403,,,,0,0
DENATRLA,2025-06-23 08:33:51.000,39.8,41.5,33.1,33.3,31.8,28.6,28.5,28.5,25.3,23.3,29.6,29.6,29.7,29.3,29.5,29.0,30.1,30.0,31.0,30.7,29.4,27.7,24.4,20.9,17.2,14.6,10.7,5.2,2.2,-1.4,-3.7,-2.8,-0.1,38.1,43.4,58.8,13.4,0.0,234.1,26.8,14.9,78.5,,,OBAnorm,,LD831_02097v2.403,,,,0,0
DENATRLA,2025-06-23 08:33:52.000,35.7,36.8,35.5,33.1,31.2,32.1,31.2,28.7,22.7,23.2,22.6,25.8,27.6,28.1,29.2,29.1,30.7,31.0,31.2,30.8,30.2,28.0,25.8,21.7,18.1,15.7,11.9,6.4,3.5,-0.4,-3.1,-2.4,0.0,38.6,45.9,65.6,13.4,0.0,234.1,26.8,14.9,78.5,,,OBAnorm,,LD831_02097v2.403,,,,0,0
DENATRLA,2025-06-23 08:33:53.000,36.4,35.8,40.4,38.1,33.7,32.6,29.0,25.9,24.2,22.0,24.1,26.7,27.6,28.0,29.7,30.0,29.8,31.2,31.6,30.9,30.5,28.6,25.6,22.2,18.3,16.1,12.2,7.4,4.3,1.6,-1.3,-1.4,0.3,38.8,48.4,65.1,13.4,0.0,234.1,26.8,14.9,78.5,,,OBAnorm,,LD831_02097v2.403,,,,0,0
DENATRLA,2025-06-23 08:33:54.000,41.6,40.4,37.6,39.1,36.3,34.7,31.6,31.1,26.4,24.8,25.5,27.2,28.2,28.6,28.9,29.7,30.0,31.3,31.4,31.4,29.3,28.0,24.8,21.6,18.4,15.1,11.4,7.1,5.0,2.5,0.7,0.3,0.8,38.4,49.1,67.5,13.4,0.0,234.1,26.8,14.9,77.9,,,OBAnorm,,LD831_02097v2.403,,,,0,0
DENATRLA,2025-06-23 08:33:55.000,42.8,45.7,43.5,43.3,39.2,34.9,36.7,33.5,29.5,26.7,25.0,27.9,28.5,28.8,28.6,30.1,30.3,30.8,31.1,30.4,29.1,27.3,24.2,20.4,16.2,13.8,10.3,5.5,3.5,2.2,-0.4,-0.6,0.5,38.1,50.0,66.0,13.4,0.3,48.4,26.8,14.8,77.9,,,OBAnorm,,LD831_02097v2.403,,,,0,0
DENATRLA,2025-06-23 08:33:56.000,56.6,45.4,45.4,43.2,40.6,39.6,37.8,35.6,33.2,32.1,28.8,28.7,29.3,29.5,28.2,29.7,30.1,30.6,30.8,30.1,28.8,26.6,23.0,19.6,15.9,13.0,9.1,5.0,3.3,2.1,-0.3,-0.2,1.0,37.6,59.1,74.7,13.4,1.0,30.0,26.8,14.7,78.4,,,OBAnorm,,LD831_02097v2.403,,,,0,0
DENATRLA,2025-06-23 08:33:57.000,48.8,47.5,51.0,48.7,47.3,47.3,42.3,42.8,38.0,32.5,29.0,29.4,29.4,28.1,29.1,29.3,30.1,29.6,30.3,30.0,28.7,26.3,23.0,19.1,15.4,12.5,8.5,4.3,2.5,1.2,-1.4,-1.3,0.3,37.5,56.7,70.0,13.4,1.4,14.2,26.8,14.7,78.4,,,OBAnorm,,LD831_02097v2.403,,,,0,0
DENATRLA,2025-06-23 08:33:58.000,61.9,56.3,51.7,52.2,47.8,45.0,39.1,36.2,35.1,33.4,27.0,27.4,29.8,28.5,28.7,28.0,30.0,31.0,30.4,30.0,28.2,25.9,22.4,18.9,15.1,12.2,7.6,3.3,1.9,0.5,-1.5,-0.9,1.4,37.5,56.6,73.3,13.4,1.6,16.0,26.8,14.7,78.4,,,OBAnorm,,LD831_02097v2.403,,,,0,0
DENATRLA,2025-06-23 08:33:59.000,64.3,60.5,53.8,49.5,47.9,43.7,43.2,37.5,35.2,31.3,30.0,28.2,28.4,28.1,27.8,28.6,29.2,30.4,31.1,30.1,28.6,26.1,23.0,19.2,15.3,13.1,8.8,4.0,2.6,0.3,-1.8,-1.4,0.7,37.5,55.5,72.3,13.4,1.8,26.3,26.8,14.7,77.9,,,OBAnorm,,LD831_02097v2.403,,,,0,0
DENATRLA,2025-06-23 08:34:00.000,61.3,60.0,50.8,54.4,50.3,44.8,39.5,38.1,35.2,33.1,28.5,29.0,29.4,29.3,30.2,29.5,29.2,29.9,30.2,29.7,28.6,26.4,23.0,19.6,15.9,12.6,8.6,4.0,2.1,-0.8,-3.0,-2.2,0.4,37.4,53.6,70.6,13.4,1.8,26.3,26.8,14.7,77.9,,,OBAnorm,,LD831_02097v2.403,,,,0,0
DENATRLA,2025-06-23 08:34:01.000,58.6,58.8,53.5,48.8,45.1,43.7,39.4,34.1,28.7,26.7,27.0,27.1,30.1,28.2,28.4,28.7,29.6,30.4,29.5,29.4,28.0,25.4,23.8,21.2,18.8,14.5,8.5,3.2,1.0,-1.1,-2.7,-1.8,0.6,37.1,54.9,70.5,13.4,1.8,14.8,26.8,14.7,77.9,,,OBAnorm,,LD831_02097v2.403,,,,0,0
DENATRLA,2025-06-23 08:34:02.000,57.7,53.2,51.1,49.8,43.1,40.9,32.8,27.7,21.6,25.2,26.4,30.6,28.3,27.9,28.2,28.5,29.3,29.6,29.1,28.1,27.4,24.9,21.7,18.1,14.3,11.8,7.7,2.7,0.9,-1.6,-3.4,-2.6,0.0,36.4,45.5,66.0,13.4,1.8,18.4,26.8,14.7,77.3,,,OBAnorm,,LD831_02097v2.403,,,,0,0
DENATRLA,2025-06-23 08:34:03.000,59.1,53.9,44.9,35.1,37.5,32.8,37.7,33.4,24.5,28.9,29.3,31.0,30.7,29.5,29.3,28.5,29.5,28.8,29.9,28.9,27.1,24.5,21.4,17.7,13.8,11.5,7.6,4.2,1.7,-0.4,-2.9,-2.1,0.3,36.5,54.2,72.2,13.4,1.6,33.0,26.8,14.7,77.3,,,OBAnorm,,LD831_02097v2.403,,,,0,0
DENATRLA,2025-06-23 08:34:04.000,52.6,47.2,47.5,46.0,43.5,39.5,35.5,31.7,26.5,27.3,28.2,32.6,30.7,29.6,29.0,28.0,29.5,30.4,29.5,29.2,27.3,25.1,21.8,17.4,13.8,10.8,6.9,2.3,0.5,-0.9,-2.9,-2.3,0.1,36.8,46.5,61.6,13.4,1.4,49.6,26.8,14.7,77.9,,,OBAnorm,,LD831_02097v2.403,,,,0,0
DENATRLA,2025-06-23 08:34:05.000,56.6,55.3,47.4,39.0,35.3,31.6,31.5,28.0,19.6,28.1,33.3,36.5,30.8,30.4,29.3,29.7,29.4,30.2,29.5,29.3,27.5,24.9,22.0,17.7,14.1,11.3,7.5,2.7,0.6,-0.6,-2.4,-1.8,0.3,37.1,49.2,69.1,13.4,1.2,55.3,26.8,14.7,77.9,,,OBAnorm,,LD831_02097v2.403,,,,0,0
DENATRLA,2025-06-23 08:34:06.000,52.2,48.7,39.0,36.2,35.5,35.2,33.4,28.9,28.3,34.7,41.0,43.9,41.6,38.3,35.5,32.0,29.6,29.0,29.8,28.8,27.4,25.2,21.9,17.7,13.9,11.6,7.6,3.2,1.7,0.6,-1.7,-1.4,0.3,39.9,52.8,68.3,13.4,1.2,135.3,26.8,14.7,78.4,,,OBAnorm,,LD831_02097v2.403,,,,0,0
DENATRLA,2025-06-23 08:34:07.000,42.6,43.3,48.5,40.4,37.8,38.0,36.1,32.2,26.8,32.2,39.2,41.0,37.2,34.1,32.9,31.2,29.5,30.1,29.1,28.7,28.0,25.3,21.9,18.5,14.4,11.3,7.8,4.0,2.1,1.7,-0.5,-0.7,0.6,37.3,47.9,64.3,13.4,1.2,135.3,26.8,14.8,79.0,,,OBAnorm,,LD831_02097v2.403,,,,0,0
DENATRLA,2025-06-23 08:34:08.000,58.1,47.0,44.8,37.6,37.0,35.2,33.0,29.2,26.8,29.6,33.6,33.1,30.3,31.6,30.6,30.5,30.1,29.8,29.9,29.9,27.6,25.6,22.0,17.8,14.1,11.1,8.1,5.6,3.8,3.6,2.2,3.3,1.6,37.3,43.9,57.2,13.4,1.1,129.5,26.8,14.8,78.4,,,OBAnorm,,LD831_02097v2.403,,,,0,0
DENATRLA,2025-06-23 08:34:09.000,50.4,46.4,41.4,38.2,32.6,32.2,29.6,24.3,20.0,26.3,27.5,32.5,30.8,30.1,28.3,29.4,29.7,29.5,29.2,28.7,27.1,24.9,21.7,19.4,17.5,14.6,9.6,4.6,4.3,2.9,0.5,0.1,0.7,36.7,42.5,57.9,13.4,0.9,129.5,26.8,14.8,78.4,,,OBAnorm,,LD831_02097v2.403,,,,0,0
DENATRLA,2025-06-23 08:34:10.000,45.8,41.2,32.2,34.4,34.0,34.0,28.3,24.4,22.2,24.3,27.9,29.9,28.5,28.9,28.2,29.0,29.7,29.7,30.2,28.4,26.5,24.5,21.2,17.1,14.0,11.0,7.4,3.7,3.6,2.8,1.2,0.6,1.0,36.6,46.9,60.5,13.4,0.8,134.9,26.8,14.8,78.4,,,OBAnorm,,LD831_02097v2.403,,,,0,0
DENATRLA,2025-06-23 08:34:11.000,37.0,38.7,36.6,35.7,35.6,31.3,33.8,26.6,24.4,28.8,28.9,31.8,32.8,32.4,30.4,29.9,29.3,29.4,29.3,28.7,27.2,24.1,21.2,16.9,13.6,10.6,6.9,3.2,2.6,1.6,-0.5,-0.3,0.9,36.7,49.6,69.0,13.4,0.7,134.9,26.8,14.8,79.0,,,OBAnorm,,LD831_02097v2.403,,,,0,0
DENATRLA,2025-06-23 08:34:12.000,34.4,40.6,45.1,47.0,45.4,35.4,34.3,27.6,23.6,26.9,28.7,30.5,29.7,30.0,29.8,28.3,30.3,29.4,28.4,28.4,27.0,23.6,21.0,16.8,12.9,10.5,6.4,2.6,2.2,1.3,-1.3,-1.2,0.6,36.2,43.4,57.5,13.4,0.6,129.7,26.8,14.8,79.0,,,OBAnorm,,LD831_02097v2.403,,,,0,0
DENATRLA,2025-06-23 08:34:13.000,49.2,50.4,38.5,36.1,35.9,29.9,27.3,24.4,21.6,21.5,26.8,26.7,28.7,28.8,28.0,28.7,29.3,29.4,29.0,27.3,26.1,23.2,20.0,15.7,12.5,9.6,6.1,2.4,2.4,2.0,-0.5,-0.5,0.4,35.6,46.9,62.2,13.4,0.5,135.5,26.8,14.8,79.0,,,OBAnorm,,LD831_02097v2.403,,,,0,0
DENATRLA,2025-06-23 08:34:14.000,48.7,40.3,43.2,41.8,38.3,33.1,37.3,36.8,34.5,33.1,31.6,31.3,29.8,27.9,27.6,28.4,29.4,28.2,27.8,27.6,26.2,23.0,20.4,16.6,12.7,10.4,6.9,3.7,3.9,3.5,0.6,0.0,1.0,35.6,56.6,74.0,13.4,0.4,154.2,26.8,14.8,79.0,,,OBAnorm,,LD831_02097v2.403,,,,0,0
DENATRLA,2025-06-23 08:34:15.000,40.5,42.0,56.0,49.0,47.1,44.8,42.6,38.3,38.0,34.6,32.1,32.2,29.7,29.2,27.7,28.4,28.8,28.3,27.8,27.2,26.3,23.4,20.4,16.7,13.2,10.7,7.4,3.6,3.7,2.3,0.3,0.3,1.5,35.8,60.2,77.6,13.4,0.5,157.9,26.8,14.8,77.9,,,OBAnorm,,LD831_02097v2.403,,,,0,0
DENATRLA,2025-06-23 08:34:16.000,53.2,53.6,55.8,53.3,52.9,48.5,44.9,41.9,39.3,35.5,35.3,33.6,32.5,31.3,29.8,28.8,28.9,29.1,28.3,27.5,26.5,23.5,20.7,16.9,13.1,10.2,6.1,2.7,2.1,1.7,-0.2,0.4,2.1,36.3,59.4,77.8,13.4,0.7,169.5,26.8,14.8,78.4,,,OBAnorm,,LD831_02097v2.403,,,,0,0
DENATRLA,2025-06-23 08:34:17.000,58.8,60.7,57.1,51.6,50.9,50.0,42.4,40.0,33.8,32.7,33.0,33.8,30.3,28.8,27.8,29.1,28.3,28.1,28.5,27.4,26.2,22.9,19.9,16.5,12.7,9.9,6.0,2.0,1.4,1.4,-0.9,-1.0,0.7,35.4,54.0,74.0,13.4,0.9,192.0,26.8,14.7,78.4,,,OBAnorm,,LD831_02097v2.403,,,,0,0
DENATRLA,2025-06-23 08:34:18.000,65.3,59.9,53.4,50.8,45.9,43.2,35.7,34.0,29.8,30.9,34.0,35.6,30.5,29.7,29.0,27.9,29.1,29.3,28.3,27.4,25.9,24.3,20.7,18.1,14.6,10.3,6.1,2.0,1.4,0.6,-1.4,-1.4,0.6,36.1,53.5,73.5,13.4,1.2,179.6,26.8,14.7,77.9,,,OBAnorm,,LD831_02097v2.403,,,,0,0
DENATRLA,2025-06-23 08:34:19.000,60.2,55.8,47.7,47.2,44.7,40.0,42.6,38.3,34.0,32.6,36.7,35.0,33.8,33.4,30.7,29.3,28.5,28.4,27.9,27.4,25.9,24.1,20.9,18.0,13.7,10.9,6.5,2.0,1.3,0.3,-1.3,-1.2,0.7,36.3,54.3,75.5,13.4,1.8,166.6,26.8,14.7,77.9,,,OBAnorm,,LD831_02097v2.403,,,,0,0
DENATRLA,2025-06-23 08:34:20.000,57.9,52.0,51.7,48.6,45.4,42.2,37.6,35.0,28.2,32.2,31.6,31.0,27.9,29.6,28.9,28.2,28.1,29.1,28.2,27.5,26.0,23.6,21.1,17.0,13.7,10.7,6.2,1.5,0.8,-0.4,-2.4,-1.8,0.3,35.6,47.0,63.6,13.4,2.1,173.4,26.8,14.7,78.4,,,OBAnorm,,LD831_02097v2.403,,,,0,0
DENATRLA,2025-06-23 08:34:21.000,57.8,54.4,46.9,38.2,35.5,33.5,30.0,27.3,23.2,32.1,36.6,34.3,32.5,30.3,30.0,28.8,28.3,29.3,28.6,27.4,26.7,23.6,20.9,17.6,13.8,11.0,6.6,1.6,0.4,-1.4,-3.0,-2.1,0.2,36.2,47.2,67.6,13.4,2.1,169.2,26.8,14.7,78.4,,,OBAnorm,,LD831_02097v2.403,,,,0,0
DENATRLA,2025-06-23 08:34:22.000,54.3,45.1,43.0,36.3,35.7,36.4,27.9,23.8,24.9,27.6,34.0,32.8,32.2,30.8,30.6,29.0,28.9,29.7,28.4,27.8,26.4,23.9,21.0,17.6,13.8,11.0,6.0,1.2,-0.5,-1.8,-3.4,-2.2,0.2,36.2,46.1,66.1,13.4,1.9,166.3,26.8,14.7,77.9,,,OBAnorm,,LD831_02097v2.403,,,,0,0
DENATRLA,2025-06-23 08:34:23.000,46.1,44.6,39.5,38.6,35.2,36.3,29.1,29.0,23.5,23.7,23.8,29.1,30.2,29.0,28.6,28.9,29.0,29.2,29.1,27.0,26.4,23.3,21.1,17.5,14.1,10.8,5.3,0.1,-1.5,-2.6,-3.6,-2.8,0.2,35.8,45.5,63.1,13.4,1.6,187.3,26.8,14.7,77.9,,,OBAnorm,,LD831_02097v2.403,,,,0,0
DENATRLA,2025-06-23 08:34:24.000,49.9,43.9,42.8,38.4,32.6,34.2,28.5,26.9,21.1,25.7,26.4,26.5,29.6,29.0,27.7,29.1,29.1,28.8,27.6,27.3,26.2,23.9,20.6,17.2,13.8,10.0,4.7,-0.2,-0.9,0.1,-3.1,-2.5,0.0,35.5,43.8,62.3,13.4,1.4,187.4,26.8,14.7,78.4,,,OBAnorm,,LD831_02097v2.403,,,,0,0
DENATRLA,2025-06-23 08:34:25.000,46.6,46.1,41.3,37.2,36.5,31.1,26.6,23.6,22.4,24.5,28.9,29.3,28.6,29.0,27.3,28.4,28.2,28.5,28.3,27.8,26.3,24.4,22.0,18.8,16.0,11.1,4.9,-0.1,-1.0,-1.6,-3.3,-2.6,0.0,35.8,41.4,57.8,13.4,1.2,182.4,26.8,14.7,77.9,,,OBAnorm,,LD831_02097v2.403,,,,0,0
DENATRLA,2025-06-23 08:34:26.000,43.9,45.1,36.1,35.0,29.0,27.8,22.5,24.3,22.7,26.7,32.1,33.7,33.2,28.5,28.4,27.9,27.8,28.5,28.4,27.3,25.9,23.6,20.5,17.1,12.8,9.4,3.9,-1.4,-2.7,-3.1,-3.9,-3.0,-0.3,35.5,42.9,56.1,13.4,1.0,157.0,26.8,14.7,77.3,,,OBAnorm,,LD831_02097v2.403,,,,0,0
DENATRLA,2025-06-23 08:34:27.000,42.4,38.8,36.8,32.3,30.1,28.8,25.6,22.3,20.4,30.3,35.2,32.1,32.0,28.4,28.8,27.3,27.4,28.4,28.9,27.2,26.1,23.8,20.5,16.8,12.8,9.1,3.3,-1.6,-2.8,-3.0,-4.1,-2.9,0.0,35.7,45.8,60.6,13.4,0.9,164.8,26.8,14.7,77.3,,,OBAnorm,,LD831_02097v2.403,,,,0,0
DENATRLA,2025-06-23 08:34:28.000,36.6,35.8,35.4,35.7,35.5,34.1,32.2,26.8,27.6,28.7,31.1,30.0,29.6,27.5,28.3,28.7,27.7,28.5,28.9,27.1,25.1,22.9,20.2,15.7,11.9,8.7,2.8,-1.7,-3.0,-3.1,-4.2,-3.0,-0.1,35.2,43.1,61.5,13.4,0.8,176.1,26.8,14.7,77.3,,,OBAnorm,,LD831_02097v2.403,,,,0,0
DENATRLA,2025-06-23 08:34:29.000,41.8,41.6,40.6,38.9,29.6,31.3,29.0,24.2,24.7,25.7,29.7,26.8,27.6,26.8,27.8,27.3,28.5,28.5,28.9,27.7,25.8,22.9,20.1,16.3,12.2,8.8,2.6,-2.2,-3.0,-3.5,-4.1,-3.0,-0.1,35.3,41.0,52.0,13.4,0.8,209.4,26.8,14.7,77.3,,,OBAnorm,,LD831_02097v2.403,,,,0,0
DENATRLA,2025-06-23 08:34:30.000,44.6,42.5,35.6,30.1,30.1,28.6,25.5,24.4,24.3,28.7,31.2,29.5,28.5,26.8,27.8,27.5,28.2,29.0,28.1,27.3,25.5,23.1,19.6,16.1,12.5,8.8,3.1,-1.9,-2.9,-3.4,-4.3,-3.0,-0.1,35.2,41.3,57.3,13.4,0.8,203.0,26.8,14.7,77.9,,,OBAnorm,,LD831_02097v2.403,,,,0,0
DENATRLA,2025-06-23 08:34:31.000,41.7,34.9,34.1,32.5,30.1,27.3,25.3,21.7,21.8,25.6,30.5,30.7,26.8,27.8,28.6,27.5,27.9,28.2,28.6,27.8,26.2,23.2,20.9,16.5,12.7,9.6,3.8,-1.2,-2.8,-3.1,-3.9,-2.8,-0.1,35.4,41.1,52.0,13.4,0.8,177.4,26.8,14.7,77.9,,,OBAnorm,,LD831_02097v2.403,,,,0,0
DENATRLA,2025-06-23 08:34:32.000,39.8,35.7,31.3,32.0,28.8,25.2,25.3,22.9,19.4,26.1,31.6,29.0,25.4,26.6,26.4,27.2,27.7,29.3,29.2,27.8,26.2,23.9,21.9,20.3,16.0,11.3,4.9,-0.5,-1.8,-2.1,-3.4,-2.4,-0.1,35.7,40.2,48.3,13.4,0.7,197.8,26.8,14.7,77.3,,,OBAnorm,,LD831_02097v2.403,,,,0,0
DENATRLA,2025-06-23 08:34:33.000,38.8,31.7,32.3,30.4,32.5,28.6,25.1,23.5,20.9,25.4,24.4,26.6,26.2,26.7,27.4,26.6,28.1,28.6,28.3,28.4,26.9,24.1,20.6,17.2,13.5,9.7,4.1,-1.4,-3.0,-3.5,-4.2,-3.1,-0.2,35.7,40.4,48.4,13.4,0.6,201.1,26.8,14.7,77.9,,,OBAnorm,,LD831_02097v2.403,,,,0,0
DENATRLA,2025-06-23 08:34:34.000,37.1,32.4,31.3,27.0,30.4,30.3,27.7,21.7,25.2,31.8,34.4,34.7,32.5,31.8,29.3,28.7,28.0,28.5,29.1,27.5,26.2,23.3,20.3,16.8,12.5,9.4,3.5,-2.2,-3.4,-3.7,-4.4,-3.2,-0.1,36.0,43.3,48.3,13.4,0.5,201.2,26.8,14.7,78.4,,,OBAnorm,,LD831_02097v2.403,,,,0,0
DENATRLA,2025-06-23 08:34:35.000,34.3,35.3,26.4,32.3,28.1,30.6,29.4,22.6,25.1,33.4,36.4,38.6,30.7,31.0,30.2,27.9,27.7,28.7,27.7,27.1,25.6,23.0,19.8,16.2,12.4,9.3,3.9,-1.3,-3.2,-3.8,-4.5,-3.1,-0.2,35.9,44.1,53.0,13.4,0.4,193.1,26.9,14.7,76.1,,,OBAnorm,,LD831_02097v2.403,,,,0,0
DENATRLA,2025-06-23 08:34:36.000,33.1,34.9,33.4,29.8,29.8,28.7,26.7,25.0,27.5,32.7,35.7,34.9,34.0,31.8,29.0,29.6,28.5,29.0,29.0,27.7,26.2,23.3,20.7,16.9,12.8,9.8,4.9,-0.7,-2.9,-3.7,-4.4,-3.2,-0.1,36.6,43.8,51.3,13.4,0.4,201.2,26.8,14.7,76.1,,,OBAnorm,,LD831_02097v2.403,,,,0,0
DENATRLA,2025-06-23 08:34:37.000,35.3,31.2,33.7,31.3,27.0,29.0,28.1,24.5,27.4,34.9,36.4,38.1,37.1,35.3,30.3,27.5,27.4,28.4,29.2,27.6,25.7,23.5,20.6,16.7,12.8,9.3,4.9,-0.5,-2.6,-3.6,-4.3,-3.0,-0.2,36.5,44.3,49.3,13.4,0.4,201.2,26.8,14.7,78.4,,,OBAnorm,,LD831_02097v2.403,,,,0,0
DENATRLA,2025-06-23 08:34:38.000,30.0,31.0,30.8,28.1,26.8,27.3,27.2,26.8,26.8,33.2,36.2,34.7,33.0,30.4,31.8,29.1,28.3,28.6,29.1,27.3,25.4,22.5,19.6,16.4,12.3,9.8,5.7,0.2,-2.0,-3.7,-4.4,-3.2,-0.1,35.9,42.8,46.5,13.4,0.4,201.2,26.8,14.7,78.4,,,OBAnorm,,LD831_02097v2.403,,,,0,0
DENATRLA,2025-06-23 08:34:39.000,30.4,30.0,32.0,28.6,29.7,29.1,26.1,22.9,27.5,30.8,33.6,35.1,31.6,28.2,27.5,27.9,26.9,27.6,28.7,27.5,25.5,22.4,19.9,18.5,15.0,9.6,5.6,0.4,-1.4,-3.5,-4.3,-3.0,-0.1,35.4,41.9,45.7,13.4,0.4,201.2,26.8,14.7,78.4,,,OBAnorm,,LD831_02097v2.403,,,,0,0
DENATRLA,2025-06-23 08:34:40.000,29.5,27.2,31.1,30.2,30.6,29.0,27.5,21.7,22.1,28.0,30.3,33.7,32.3,29.3,26.9,26.4,27.2,28.6,29.3,27.6,26.1,23.0,20.4,17.5,15.6,11.5,7.0,1.0,-1.8,-3.7,-4.4,-3.1,-0.1,35.5,41.2,44.6,13.4,0.4,201.2,26.8,14.7,78.4,,,OBAnorm,,LD831_02097v2.403,,,,0,0
DENATRLA,2025-06-23 08:34:41.000,29.9,30.3,34.1,30.0,31.4,25.9,25.7,23.5,21.2,28.1,30.8,28.8,26.0,26.5,26.7,26.4,27.4,28.0,28.4,27.1,25.2,23.2,20.5,16.7,12.8,9.8,5.4,-0.2,-2.5,-3.6,-4.3,-2.9,-0.1,34.9,39.8,44.0,13.4,0.4,201.2,26.8,14.8,78.4,,,OBAnorm,,LD831_02097v2.403,,,,0,0
DENATRLA,2025-06-23 08:34:42.000,33.8,31.1,31.0,31.0,28.2,26.2,20.2,17.8,22.4,30.2,29.3,32.6,31.0,27.3,27.9,27.0,27.4,29.1,28.5,28.7,25.7,23.9,20.9,17.1,13.2,9.5,5.0,-0.4,-2.2,-3.5,-4.4,-3.1,-0.1,35.7,40.7,44.6,13.4,0.4,201.2,26.8,14.8,78.4,,,OBAnorm,,LD831_02097v2.403,,,,0,0
DENATRLA,2025-06-23 08:34:43.000,34.7,31.0,32.1,31.8,26.3,22.5,23.3,19.8,21.3,26.5,30.3,31.4,28.1,26.5,27.0,27.0,28.1,28.6,28.1,27.8,25.6,23.7,20.8,16.7,13.1,9.4,4.9,-0.7,-2.5,-3.6,-4.3,-3.0,-0.2,35.3,40.1,43.1,13.4,0.4,201.2,26.8,14.8,78.4,,,OBAnorm,,LD831_02097v2.403,,,,0,0
DENATRLA,2025-06-23 08:34:44.000,34.1,31.4,29.5,28.5,26.8,24.3,22.1,19.6,19.1,27.3,28.6,31.3,31.1,27.5,28.0,27.6,27.9,29.2,29.3,28.4,26.5,24.0,21.5,17.6,13.9,9.7,5.0,-0.3,-2.5,-3.4,-4.4,-3.2,0.0,36.0,40.5,43.3,13.4,0.2,201.2,26.8,14.8,78.4,,,OBAnorm,,LD831_02097v2.403,,,,0,0
DENATRLA,2025-06-23 08:34:45.000,32.7,31.1,28.3,26.4,29.1,23.5,24.0,19.0,20.5,27.2,31.4,32.7,31.4,27.9,27.8,27.4,28.3,29.4,29.0,28.2,26.8,23.7,21.2,17.5,13.7,9.9,4.8,-0.6,-2.8,-3.8,-4.4,-3.0,-0.2,36.0,40.8,44.5,13.4,0.0,201.2,26.8,14.8,78.4,,,OBAnorm,,LD831_02097v2.403,,,,0,0
DENATRLA,2025-06-23 08:34:46.000,31.7,31.5,30.6,27.8,23.5,23.8,22.4,20.5,23.0,25.4,27.4,28.2,27.8,27.3,26.8,26.5,27.2,28.6,29.6,28.4,26.7,24.3,21.4,17.7,15.1,10.4,4.9,-0.5,-2.6,-3.7,-4.4,-3.2,0.0,35.7,39.5,43.8,13.4,0.0,201.2,26.8,14.8,78.4,,,OBAnorm,,LD831_02097v2.403,,,,0,0
DENATRLA,2025-06-23 08:34:47.000,33.2,28.1,30.7,27.4,26.4,26.1,23.8,22.8,21.9,27.5,28.7,28.3,29.3,25.9,25.8,27.6,28.3,29.1,29.3,27.8,26.1,23.8,22.7,18.4,16.5,11.6,6.9,-0.6,-2.5,-3.1,-3.8,-2.6,0.0,35.8,40.1,44.5,13.4,0.0,201.2,26.8,14.8,78.4,,,OBAnorm,,LD831_02097v2.403,,,,0,0
DENATRLA,2025-06-23 08:34:48.000,34.8,31.2,31.1,30.9,27.1,26.0,22.2,19.1,18.5,28.9,32.0,33.0,30.4,28.5,28.2,27.9,28.7,28.9,29.3,27.9,26.4,24.3,21.3,17.4,13.5,10.2,4.8,-0.3,-2.4,-3.5,-4.3,-3.2,-0.2,36.1,41.4,45.9,13.4,0.0,201.2,26.8,14.8,78.4,,,OBAnorm,,LD831_02097v2.403,,,,0,0
DENATRLA,2025-06-23 08:34:49.000,28.8,29.8,31.3,29.2,27.3,25.4,24.8,21.3,19.8,27.8,33.0,31.6,29.9,27.4,27.5,27.3,29.3,30.1,30.1,28.8,26.8,24.1,20.8,17.0,13.6,10.4,4.6,-0.2,-2.4,-3.6,-4.3,-3.1,0.0,36.2,40.8,45.8,13.4,0.0,201.2,26.8,14.8,78.4,,,OBAnorm,,LD831_02097v2.403,,,,0,0
DENATRLA,2025-06-23 08:34:50.000,31.8,32.4,29.3,31.2,27.4,26.7,25.3,21.5,23.8,27.8,28.5,26.5,27.7,27.1,27.6,27.6,28.1,28.3,28.5,27.5,26.1,23.4,20.6,16.5,12.5,9.8,4.0,-0.6,-2.3,-3.6,-4.3,-3.0,-0.1,35.3,39.9,47.3,13.4,0.0,201.2,26.8,14.8,78.4,,,OBAnorm,,LD831_02097v2.403,,,,0,0
DENATRLA,2025-06-23 08:34:51.000,33.3,29.5,32.5,28.6,24.2,27.2,25.4,23.9,23.9,30.8,32.3,28.9,28.7,27.9,30.0,27.1,28.3,28.3,28.6,27.8,25.6,23.1,20.3,16.8,12.4,9.3,3.7,-0.6,-2.3,-3.7,-4.3,-3.2,-0.3,35.6,41.2,44.6,13.4,0.0,201.2,26.8,14.8,78.4,,,OBAnorm,,LD831_02097v2.403,,,,0,0
DENATRLA,2025-06-23 08:34:52.000,31.8,31.4,32.4,32.7,27.0,28.4,28.9,25.8,19.4,30.5,31.3,28.0,26.0,27.5,28.5,27.4,28.2,28.0,29.2,27.1,26.0,23.5,20.6,16.9,13.1,9.5,3.9,-0.9,-2.4,-3.5,-4.4,-3.1,-0.2,35.3,40.3,43.6,13.4,0.0,201.2,26.8,14.8,78.4,,,OBAnorm,,LD831_02097v2.403,,,,0,0
DENATRLA,2025-06-23 08:34:53.000,30.1,32.7,28.0,31.1,30.2,27.9,28.9,23.7,20.8,30.8,32.1,29.6,30.7,26.9,27.2,27.9,27.8,28.2,29.0,27.9,25.4,24.0,24.8,20.2,13.4,10.2,5.1,0.0,-2.3,-3.5,-4.3,-2.9,0.0,36.0,41.0,44.3,13.4,0.0,201.2,26.8,14.8,78.4,,,OBAnorm,,LD831_02097v2.403,,,,0,0
DENATRLA,2025-06-23 08:34:54.000,28.5,27.2,28.9,29.1,31.1,24.3,26.4,19.6,21.0,27.7,27.7,30.0,30.5,27.5,27.9,27.4,27.8,29.3,29.4,27.8,26.2,23.6,20.9,22.4,19.4,17.7,12.3,2.3,-1.6,-3.2,-4.1,-3.0,-0.1,36.0,40.4,43.7,13.4,0.0,201.2,26.8,14.8,78.4,,,OBAnorm,,LD831_02097v2.403,,,,0,0
DENATRLA,2025-06-23 08:34:55.000,31.2,25.2,33.2,31.4,27.3,23.6,26.4,20.3,20.8,27.5,31.2,29.8,30.3,27.2,26.1,26.4,28.1,29.5,29.4,28.1,25.7,23.5,20.2,16.7,13.1,10.5,6.0,0.7,-1.7,-2.8,-3.8,-2.7,0.0,35.7,40.6,43.4,13.4,0.0,201.2,26.8,14.8,78.4,,,OBAnorm,,LD831_02097v2.403,,,,0,0
DENATRLA,2025-06-23 08:34:56.000,25.3,26.8,33.1,33.7,28.9,25.1,25.7,23.8,20.8,26.8,31.9,27.5,26.7,26.2,26.9,27.4,28.5,29.4,29.3,27.8,26.2,23.2,20.2,17.3,12.9,10.1,5.5,0.5,-1.2,-2.0,-3.3,-2.5,0.0,35.6,39.6,45.8,13.4,0.0,201.2,26.8,14.8,78.4,,,OBAnorm,,LD831_02097v2.403,,,,0,0
DENATRLA,2025-06-23 08:34:57.000,27.6,28.4,30.0,26.2,25.7,22.1,25.9,22.5,20.7,31.2,29.3,27.0,28.1,26.1,27.3,28.0,27.9,29.6,29.2,28.1,26.4,23.9,21.5,17.4,14.7,11.0,5.9,0.8,-1.0,-1.5,-2.8,-2.1,0.4,35.9,54.9,67.6,13.4,0.0,201.2,26.8,14.8,78.4,,,OBAnorm,,LD831_02097v2.403,,,,0,0
DENATRLA,2025-06-23 08:34:58.000,31.6,33.0,31.4,31.6,38.4,40.2,36.9,34.2,29.9,29.4,32.3,29.6,29.4,25.6,27.5,28.4,28.3,29.7,29.2,28.0,26.6,24.7,21.3,17.6,13.9,10.8,7.0,2.3,1.9,1.0,-0.5,-0.9,0.5,36.1,48.2,67.3,13.4,0.0,201.2,26.8,14.8,78.4,,,OBAnorm,,LD831_02097v2.403,,,,0,0
DENATRLA,2025-06-23 08:34:59.000,31.6,45.1,54.5,49.6,40.5,36.7,31.3,24.8,23.2,28.3,29.8,28.5,29.3,26.8,27.5,28.2,28.6,29.7,29.7,28.7,27.2,24.5,21.3,18.0,15.2,11.5,7.4,2.4,0.4,-1.6,-2.8,-2.0,0.3,36.3,50.5,69.1,13.4,0.0,182.5,26.8,14.8,78.4,,,OBAnorm,,LD831_02097v2.403,,,,0,0
DENATRLA,2025-06-23 08:35:00.000,59.2,58.0,45.7,36.8,40.7,37.4,31.6,25.3,22.2,24.1,29.0,30.2,28.7,27.9,27.7,28.6,29.5,30.3,29.8,29.0,27.3,24.5,21.1,17.9,14.1,11.7,7.5,2.7,0.9,-0.8,-2.6,-2.0,0.2,36.6,51.0,64.6,13.4,0.0,153.5,26.8,14.8,78.4,,,OBAnorm,,LD831_02097v2.403,,,,0,0
DENATRLA,2025-06-23 08:35:01.000,49.9,51.0,44.2,42.4,39.2,34.6,30.4,27.0,23.2,23.7,25.4,25.9,26.2,26.4,26.9,28.8,29.4,30.0,29.7,28.6,27.1,24.7,21.9,19.8,17.1,13.2,9.4,3.8,2.5,0.1,-2.0,-1.5,0.3,36.4,43.6,61.6,13.4,0.0,143.3,26.8,14.8,78.4,,,OBAnorm,,LD831_02097v2.403,,,,0,0
DENATRLA,2025-06-23 08:35:02.000,51.0,53.0,48.6,42.2,33.7,28.9,20.3,23.0,17.6,22.3,25.1,23.3,26.9,26.0,26.8,28.0,29.3,29.7,29.5,28.9,27.3,25.4,22.0,19.0,16.7,12.9,10.0,4.8,2.0,-1.4,-3.2,-2.5,0.1,36.5,40.6,53.1,13.4,0.0,150.0,26.8,14.7,78.4,,,OBAnorm,,LD831_02097v2.403,,,,0,0
DENATRLA,2025-06-23 08:35:03.000,54.3,49.2,32.3,27.2,26.6,24.3,22.5,22.4,15.9,19.2,22.3,24.2,26.1,26.6,28.0,29.0,29.3,29.7,29.1,29.1,27.2,25.2,22.3,18.5,15.3,13.5,9.7,4.5,1.7,-2.2,-3.5,-2.7,0.0,36.4,40.6,56.3,13.4,0.0,167.8,26.8,14.7,77.9,,,OBAnorm,,LD831_02097v2.403,,,,0,0
DENATRLA,2025-06-23 08:35:04.000,42.4,37.8,35.8,30.8,29.3,25.5,22.8,19.8,17.1,17.7,23.0,25.5,26.3,26.7,28.0,28.4,29.3,29.2,29.5,28.9,27.9,25.5,22.4,19.3,15.7,13.4,9.7,4.2,1.0,-2.3,-4.0,-2.9,-0.1,36.5,43.1,60.3,13.4,0.0,175.5,26.8,14.8,77.9,,,OBAnorm,,LD831_02097v2.403,,,,0,0
DENATRLA,2025-06-23 08:35:05.000,37.0,35.7,32.9,33.4,29.3,26.7,22.4,24.4,18.7,19.5,21.8,25.4,26.6,27.3,27.9,28.6,29.2,29.5,30.1,30.1,28.0,25.5,23.4,19.6,16.7,14.2,10.5,5.2,1.8,-2.4,-3.9,-2.9,-0.2,37.0,42.2,60.5,13.4,0.0,131.7,26.8,14.7,78.4,,,OBAnorm,,LD831_02097v2.403,,,,0,0
DENATRLA,2025-06-23 08:35:06.000,36.4,36.9,38.6,36.0,30.7,27.1,21.6,22.9,18.9,20.0,23.3,27.2,25.9,27.8,27.7,28.8,29.4,29.8,29.9,29.6,27.8,25.8,22.9,20.3,16.7,14.7,10.5,5.5,2.2,-2.6,-4.1,-3.1,-0.1,37.0,40.8,57.1,13.4,0.0,115.8,26.8,14.7,78.4,,,OBAnorm,,LD831_02097v2.403,,,,0,0
DENATRLA,2025-06-23 08:35:07.000,39.8,34.5,36.1,30.4,30.4,26.4,22.5,21.2,19.1,21.7,22.0,25.5,27.4,26.4,28.3,28.3,29.0,29.8,30.0,29.6,29.1,25.8,23.5,20.2,17.6,14.2,10.2,4.4,1.2,-2.8,-4.2,-3.0,0.0,37.2,40.3,46.2,13.4,0.0,110.9,26.8,14.7,78.4,,,OBAnorm,,LD831_02097v2.403,,,,0,0
DENATRLA,2025-06-23 08:35:08.000,36.1,33.8,32.4,30.2,28.9,25.4,22.1,23.9,22.7,28.9,28.9,27.8,28.6,28.0,28.4,29.0,29.6,29.9,30.1,30.0,29.1,26.7,24.6,21.0,18.4,14.2,9.4,2.9,-0.4,-3.1,-4.4,-3.0,-0.2,37.7,41.8,50.5,13.4,0.0,101.7,26.9,14.7,78.4,,,OBAnorm,,LD831_02097v2.403,,,,0,0
DENATRLA,2025-06-23 08:35:09.000,32.9,30.5,31.5,28.9,27.8,28.8,22.7,25.3,22.3,29.6,35.8,37.2,34.8,29.3,29.8,29.9,30.2,31.1,30.9,30.4,28.9,26.4,24.0,20.4,16.6,12.8,7.3,2.1,-1.1,-3.3,-4.3,-3.1,-0.2,38.2,44.3,50.1,13.4,0.0,101.3,26.8,14.7,78.4,,,OBAnorm,,LD831_02097v2.403,,,,0,0
DENATRLA,2025-06-23 08:35:10.000,34.2,33.6,30.2,30.5,27.9,30.7,26.7,28.2,24.6,25.9,31.7,32.4,31.6,27.7,29.5,30.1,30.3,30.9,30.9,30.2,28.7,26.4,23.5,20.3,17.1,12.8,7.4,2.1,-1.0,-2.5,-3.9,-2.7,-0.1,37.9,41.7,49.6,13.4,0.0,101.3,26.9,14.7,78.4,,,OBAnorm,,LD831_02097v2.403,,,,0,0
DENATRLA,2025-06-23 08:35:11.000,36.3,35.2,34.8,29.5,29.6,27.6,24.4,23.1,19.7,23.9,28.2,29.8,28.7,28.7,28.7,29.0,29.8,30.1,29.5,30.1,28.2,26.2,23.3,19.8,15.8,12.5,6.7,1.8,-1.4,-1.9,-3.4,-2.4,-0.1,37.2,41.2,50.6,13.4,0.0,101.3,26.8,14.7,78.4,,,OBAnorm,,LD831_02097v2.403,,,,0,0
DENATRLA,2025-06-23 08:35:12.000,34.4,33.4,33.0,25.6,30.9,26.8,27.1,23.6,21.1,25.4,28.3,26.3,29.0,29.0,27.6,28.3,28.9,29.6,30.2,28.9,28.4,25.1,22.7,18.6,14.9,11.8,6.3,1.0,-1.3,-2.6,-3.9,-2.8,-0.1,36.9,40.7,48.0,13.4,0.0,101.1,26.8,14.7,78.4,,,OBAnorm,,LD831_02097v2.403,,,,0,0
DENATRLA,2025-06-23 08:35:13.000,36.1,31.1,35.4,28.5,25.9,29.6,26.5,22.9,20.5,20.2,24.3,25.8,27.8,27.4,28.6,28.4,29.3,29.9,29.7,29.6,28.5,26.2,23.7,21.5,16.2,12.4,6.4,1.0,-1.0,-1.4,-3.4,-2.7,0.0,37.2,41.0,49.5,13.4,0.0,100.7,26.8,14.8,78.4,,,OBAnorm,,LD831_02097v2.403,,,,0,0
DENATRLA,2025-06-23 08:35:14.000,27.9,29.5,31.4,31.2,25.1,28.2,25.6,22.9,17.2,18.6,23.4,24.9,27.3,27.8,28.3,29.5,29.2,29.8,29.8,29.1,28.1,25.6,23.1,20.3,20.9,16.4,8.9,1.6,-1.4,-1.9,-0.8,-2.5,-0.1,37.0,41.8,54.2,13.4,0.0,98.0,26.9,14.7,78.4,,,OBAnorm,,LD831_02097v2.403,,,,0,0
DENATRLA,2025-06-23 08:35:15.000,30.6,37.5,35.2,34.4,29.7,25.9,24.5,19.4,15.7,21.6,24.7,29.2,29.9,27.8,27.4,27.8,29.2,30.0,30.0,29.4,27.6,25.5,22.5,18.9,15.2,11.7,5.6,0.9,-1.2,-1.8,-2.7,-2.5,0.0,36.7,41.6,55.6,13.4,0.0,73.7,26.9,14.7,78.4,,,OBAnorm,,LD831_02097v2.403,,,,0,0
DENATRLA,2025-06-23 08:35:16.000,39.8,37.7,37.8,33.1,25.9,27.3,24.3,22.4,18.5,23.2,26.5,28.4,26.3,25.8,27.0,27.2,29.1,29.2,29.5,28.9,27.7,25.5,22.1,18.6,15.4,11.6,5.6,1.0,-2.2,-2.8,-4.0,-2.9,-0.1,36.5,41.1,57.2,13.4,0.0,342.6,26.8,14.8,77.9,,,OBAnorm,,LD831_02097v2.403,,,,0,0
DENATRLA,2025-06-23 08:35:17.000,42.2,37.5,32.3,31.2,26.7,26.6,25.1,24.0,19.3,18.8,25.3,26.4,24.6,25.6,27.4,27.9,28.6,29.6,29.4,28.7,27.5,25.3,22.4,19.2,15.4,11.6,5.5,0.4,-1.8,-2.8,-3.9,-2.8,-0.1,36.4,41.1,56.9,13.4,0.0,324.0,26.8,14.9,77.9,,,OBAnorm,,LD831_02097v2.403,,,,0,0
DENATRLA,2025-06-23 08:35:18.000,39.1,33.0,33.7,33.8,30.9,27.8,25.4,21.4,17.9,19.5,22.3,24.9,25.8,26.2,27.3,28.4,29.8,29.5,30.4,29.9,27.9,25.6,22.4,19.3,15.3,12.4,7.7,2.7,2.1,-2.6,-4.1,-3.1,-0.2,36.8,40.2,54.9,13.4,0.2,22.9,26.9,14.8,78.4,,,OBAnorm,,LD831_02097v2.403,,,,0,0
DENATRLA,2025-06-23 08:35:19.000,34.5,38.9,34.4,31.0,24.2,24.2,22.4,23.6,18.6,18.4,24.7,27.7,27.9,26.3,27.5,27.5,28.7,29.4,29.9,29.2,28.3,25.7,23.3,19.9,16.4,13.3,8.0,3.8,4.0,-1.5,-3.9,-3.1,-0.1,36.8,40.3,56.5,13.4,0.3,28.4,26.9,14.7,77.9,,,OBAnorm,,LD831_02097v2.403,,,,0,0
DENATRLA,2025-06-23 08:35:20.000,35.3,37.7,30.7,25.5,26.1,25.3,21.9,21.6,18.6,18.6,24.4,25.6,25.8,26.9,27.5,28.4,29.2,29.6,30.0,28.6,28.6,25.9,23.2,21.3,17.9,13.8,9.5,3.1,3.0,-1.7,-3.8,-3.0,-0.3,36.9,39.8,51.5,13.4,0.4,40.0,26.8,14.7,77.9,,,OBAnorm,,LD831_02097v2.403,,,,0,0
DENATRLA,2025-06-23 08:35:21.000,32.8,34.8,32.7,29.9,22.9,24.4,20.5,18.3,17.6,17.8,20.8,23.7,24.2,25.5,27.7,28.1,28.7,29.2,28.9,29.1,28.0,25.9,22.5,18.9,15.3,11.7,6.7,0.7,-1.2,-3.1,-4.3,-3.1,-0.2,36.4,39.5,50.2,13.4,0.5,38.5,26.9,14.7,77.9,,,OBAnorm,,LD831_02097v2.403,,,,0,0
DENATRLA,2025-06-23 08:35:22.000,34.6,34.1,27.9,27.6,25.3,23.1,21.2,20.4,13.9,18.7,20.3,21.8,24.7,26.3,27.4,27.6,28.4,29.3,29.5,28.3,27.8,25.4,22.6,18.5,15.3,11.5,5.2,-0.4,-3.0,-3.6,-4.3,-3.0,-0.2,36.3,39.1,45.0,13.4,0.5,40.4,26.8,14.7,77.9,,,OBAnorm,,LD831_02097v2.403,,,,0,0
DENATRLA,2025-06-23 08:35:23.000,32.3,32.1,32.1,29.3,24.2,24.6,22.6,20.7,15.9,18.6,24.4,26.1,28.6,26.4,27.8,27.1,28.1,29.1,28.8,28.5,27.8,24.4,21.9,18.5,14.5,11.0,4.7,-0.4,-2.5,-3.2,-4.3,-3.2,-0.2,35.9,39.2,46.1,13.4,0.5,40.4,26.8,14.7,77.3,,,OBAnorm,,LD831_02097v2.403,,,,0,0
DENATRLA,2025-06-23 08:35:24.000,35.2,27.9,27.4,29.3,26.6,25.4,24.4,24.9,20.9,17.0,19.8,24.6,26.5,26.5,26.5,28.0,28.2,28.6,28.9,28.1,26.3,24.3,21.7,18.0,14.6,10.6,4.7,-0.8,-2.8,-3.7,-4.2,-3.2,-0.2,35.6,39.0,45.9,13.4,0.5,40.4,26.8,14.7,77.3,,,OBAnorm,,LD831_02097v2.403,,,,0,0
DENATRLA,2025-06-23 08:35:25.000,32.7,28.9,30.4,28.5,27.2,23.4,24.6,21.7,20.0,16.6,19.3,27.3,28.5,26.0,27.8,27.5,28.0,28.5,28.2,27.1,26.2,23.7,20.6,16.9,13.1,9.3,3.4,-1.5,-3.1,-3.7,-4.4,-3.0,-0.2,35.3,39.2,45.8,13.4,0.5,40.4,26.9,14.7,78.4,,,OBAnorm,,LD831_02097v2.403,,,,0,0
DENATRLA,2025-06-23 08:35:26.000,31.2,28.1,27.1,28.5,28.0,24.9,22.9,24.7,23.4,18.1,22.2,24.5,25.0,25.0,25.2,27.5,28.3,28.7,28.5,27.4,25.6,23.5,20.2,17.1,12.9,9.5,3.5,-0.7,-2.6,-3.3,-4.3,-3.1,-0.1,35.1,38.7,46.3,13.4,0.5,40.4,26.8,14.7,79.0,,,OBAnorm,,LD831_02097v2.403,,,,0,0
DENATRLA,2025-06-23 08:35:27.000,31.8,33.3,27.4,28.3,25.1,22.6,22.5,24.8,23.1,17.5,19.8,24.6,26.8,26.4,26.8,27.1,29.0,28.8,28.9,26.9,26.2,23.2,22.6,21.3,17.6,11.9,4.6,-1.4,-3.2,-3.4,-4.2,-3.0,-0.1,35.6,39.1,44.7,13.4,0.5,40.4,26.9,14.7,79.0,,,OBAnorm,,LD831_02097v2.403,,,,0,0
DENATRLA,2025-06-23 08:35:28.000,32.1,34.7,32.3,26.7,24.1,24.5,21.9,22.3,22.0,17.5,22.6,21.3,24.5,25.8,26.7,27.5,27.3,28.4,28.6,27.7,25.4,22.8,19.8,16.5,13.1,10.9,5.5,-0.7,-2.3,-2.9,-3.8,-2.8,-0.1,34.9,38.4,44.0,13.4,0.5,40.4,26.9,14.7,79.0,,,OBAnorm,,LD831_02097v2.403,,,,0,0
DENATRLA,2025-06-23 08:35:29.000,33.9,31.2,33.3,27.8,21.2,25.2,22.0,19.4,19.1,17.6,21.6,21.8,22.4,25.3,25.7,26.9,27.2,29.4,28.6,27.6,25.6,23.1,19.9,16.8,12.3,8.9,3.0,-1.9,-2.9,-3.0,-4.2,-2.8,-0.1,35.1,38.1,42.7,13.4,0.5,40.4,26.8,14.8,79.0,,,OBAnorm,,LD831_02097v2.403,,,,0,0
DENATRLA,2025-06-23 08:35:30.000,31.9,34.6,31.6,26.5,23.9,22.5,19.5,20.4,19.9,20.0,22.0,21.8,23.2,23.9,25.2,27.4,28.0,28.8,28.2,27.6,25.8,22.8,20.0,16.4,12.9,8.9,2.8,-1.8,-2.9,-3.3,-4.1,-2.8,0.1,34.9,37.9,42.8,13.4,0.5,40.4,26.9,14.8,79.6,,,OBAnorm,,LD831_02097v2.403,,,,0,0
DENATRLA,2025-06-23 08:35:31.000,32.2,28.9,28.1,24.0,25.4,21.5,21.0,16.5,16.8,18.5,21.6,22.7,23.7,26.0,27.5,26.8,28.1,28.0,28.4,27.8,25.9,23.1,20.6,16.9,13.2,8.9,3.0,-1.9,-3.0,-3.4,-4.2,-3.0,-0.1,35.1,38.9,52.9,13.4,0.5,40.4,26.8,14.8,79.6,,,OBAnorm,,LD831_02097v2.403,,,,0,0
DENATRLA,2025-06-23 08:35:32.000,27.3,30.1,31.9,25.5,27.5,25.8,26.6,23.2,18.5,17.1,19.7,21.8,24.4,26.0,27.1,27.4,28.3,28.9,27.7,26.9,25.9,23.6,21.1,17.4,14.6,11.1,4.6,0.2,-2.2,-2.4,-3.4,-2.6,0.0,35.2,42.4,64.6,13.4,0.2,40.4,26.9,14.8,79.6,,,OBAnorm,,LD831_02097v2.403,,,,0,0
DENATRLA,2025-06-23 08:35:33.000,27.1,30.7,33.5,33.1,31.1,30.5,27.0,23.9,20.1,17.3,19.2,22.9,23.9,26.4,26.6,27.1,28.7,28.7,29.4,28.5,26.9,23.9,21.6,18.0,14.1,10.1,5.0,0.8,-1.4,-1.4,-3.9,-3.0,0.0,35.7,44.4,67.0,13.4,0.0,40.4,26.9,14.8,79.6,,,OBAnorm,,LD831_02097v2.403,,,,0,0
DENATRLA,2025-06-23 08:35:34.000,36.8,37.6,37.8,34.4,33.9,28.6,35.0,29.1,26.3,25.6,23.3,23.1,24.3,25.5,27.7,27.8,28.3,29.7,30.3,28.8,27.1,24.3,22.1,18.9,15.7,12.6,5.5,-0.9,-2.2,-3.1,-4.0,-2.5,0.4,36.2,53.6,70.7,13.4,0.0,40.4,26.9,14.8,79.6,,,OBAnorm,,LD831_02097v2.403,,,,0,0
DENATRLA,2025-06-23 08:35:35.000,42.4,39.7,49.1,45.4,41.2,40.9,36.1,34.8,31.0,24.0,22.7,22.9,23.9,25.3,26.4,27.3,27.7,28.8,29.4,27.9,26.0,23.3,20.6,17.0,12.8,8.8,2.9,-1.8,-3.4,-3.6,-4.2,-2.9,0.1,35.4,48.1,69.9,13.4,0.0,40.3,26.9,14.8,79.6,,,OBAnorm,,LD831_02097v2.403,,,,0,0
DENATRLA,2025-06-23 08:35:36.000,51.3,51.0,45.9,46.2,38.9,36.7,28.6,24.1,22.5,16.8,18.1,22.0,23.0,24.4,26.7,27.1,28.3,28.4,28.5,27.0,25.8,22.6,19.5,15.9,11.6,7.9,2.0,-2.6,-3.3,-3.7,-4.3,-3.1,-0.1,34.8,39.5,56.3,13.4,0.0,20.8,26.8,14.8,79.6,,,OBAnorm,,LD831_02097v2.403,,,,0,0
DENATRLA,2025-06-23 08:35:37.000,60.0,46.2,35.1,30.6,26.4,23.9,19.6,17.8,21.4,16.6,18.3,22.7,22.9,24.1,26.5,26.6,27.9,28.4,27.9,26.4,25.2,22.4,19.2,15.4,11.3,7.5,2.2,-2.7,-3.3,-3.7,-4.1,-2.9,-0.2,34.5,38.0,46.2,13.4,0.0,20.4,26.8,14.8,79.0,,,OBAnorm,,LD831_02097v2.403,,,,0,0
DENATRLA,2025-06-23 08:35:38.000,45.1,38.6,30.5,26.2,22.3,22.0,18.2,16.1,21.9,15.7,20.0,22.9,24.0,25.4,26.5,26.1,28.2,28.5,28.4,27.3,25.8,23.0,19.5,16.3,11.9,8.2,2.4,-2.2,-3.1,-2.3,-4.3,-3.0,-0.1,35.0,38.6,52.3,13.4,0.0,20.4,26.8,14.8,79.0,,,OBAnorm,,LD831_02097v2.403,,,,0,0
DENATRLA,2025-06-23 08:35:39.000,30.8,31.4,30.5,25.3,25.3,23.1,19.3,17.3,16.2,15.2,18.9,22.6,22.5,24.6,26.1,27.5,28.7,30.5,29.7,27.9,25.9,23.5,20.7,18.5,14.4,9.2,2.9,-2.2,-3.4,-3.7,-4.3,-3.3,-0.1,35.8,39.8,54.2,13.4,0.0,20.4,26.9,14.8,79.0,,,OBAnorm,,LD831_02097v2.403,,,,0,0
DENATRLA,2025-06-23 08:35:40.000,35.5,33.0,34.5,26.3,24.8,22.9,18.3,16.2,19.2,15.3,16.5,20.4,22.3,24.9,27.2,27.5,28.1,28.9,29.0,27.8,26.6,23.7,20.7,17.5,14.7,9.5,2.9,-2.5,-3.4,-3.5,-4.3,-3.2,-0.2,35.5,39.6,54.7,13.4,0.0,20.4,26.9,14.8,79.0,,,OBAnorm,,LD831_02097v2.403,,,,0,0
DENATRLA,2025-06-23 08:35:41.000,31.8,36.7,33.8,32.3,27.1,21.3,21.5,16.5,20.0,14.6,16.8,19.1,22.1,24.6,25.3,26.5,27.6,29.1,28.1,27.2,25.0,22.6,20.2,17.8,14.8,8.8,2.6,-2.8,-3.5,-3.8,-4.4,-3.2,-0.1,34.8,38.4,55.1,13.4,0.0,20.4,26.9,14.8,79.0,,,OBAnorm,,LD831_02097v2.403,,,,0,0
DENATRLA,2025-06-23 08:35:42.000,39.2,36.9,29.7,28.7,25.0,23.4,19.2,18.2,16.8,12.7,16.0,20.8,22.4,24.2,25.2,26.4,26.6,27.8,27.6,26.6,25.3,23.3,20.2,18.3,15.1,11.1,4.5,-2.0,-3.5,-3.7,-4.3,-3.0,-0.1,34.4,39.4,54.3,13.4,0.0,20.4,26.9,14.8,79.0,,,OBAnorm,,LD831_02097v2.403,,,,0,0
DENATRLA,2025-06-23 08:35:43.000,32.8,32.1,29.3,29.5,23.6,21.4,20.0,16.7,18.3,13.4,16.9,20.0,21.5,23.7,26.0,26.5,26.7,27.9,27.0,26.4,24.5,21.4,18.3,14.9,10.7,7.2,1.2,-3.0,-3.6,-3.7,-4.4,-3.1,-0.1,33.8,45.3,63.4,13.4,0.0,20.4,26.9,14.8,79.0,,,OBAnorm,,LD831_02097v2.403,,,,0,0
DENATRLA,2025-06-23 08:35:44.000,34.1,33.6,39.6,34.1,32.7,30.3,30.3,19.7,20.8,16.3,17.7,19.1,22.1,24.7,26.2,26.5,26.7,27.0,26.8,26.0,23.2,20.9,17.6,14.0,9.9,6.5,0.6,-3.4,-3.8,-3.8,-4.4,-3.1,0.0,33.2,44.1,64.7,13.4,0.0,20.4,26.9,14.8,79.0,,,OBAnorm,,LD831_02097v2.403,,,,0,0
DENATRLA,2025-06-23 08:35:45.000,44.2,41.7,43.1,36.7,31.7,32.3,23.9,21.7,19.6,15.8,17.1,20.4,21.9,22.1,23.7,25.7,27.1,26.7,26.7,25.6,24.1,20.7,17.2,13.7,9.8,5.8,0.2,-3.5,-3.7,-3.8,-4.3,-3.1,-0.2,33.1,41.5,59.6,13.4,0.0,20.4,26.9,14.8,79.0,,,OBAnorm,,LD831_02097v2.403,,,,0,0
DENATRLA,2025-06-23 08:35:46.000,47.6,44.9,34.0,34.8,29.4,26.0,27.1,24.4,21.5,18.2,17.9,19.7,21.6,23.1,24.1,26.2,26.4,26.2,26.4,25.2,23.5,21.0,17.6,13.8,9.7,6.3,0.5,-3.5,-3.6,-3.9,-4.4,-3.2,-0.2,32.9,46.3,63.3,13.4,0.0,20.4,26.9,14.8,79.0,,,OBAnorm,,LD831_02097v2.403,,,,0,0
DENATRLA,2025-06-23 08:35:47.000,41.3,41.9,42.1,40.6,35.6,32.5,29.4,26.2,23.8,17.6,18.6,19.7,21.5,24.1,24.3,25.5,26.3,27.2,26.9,25.6,23.7,20.8,18.0,14.0,10.3,6.6,1.1,-3.4,-3.6,-3.7,-4.3,-2.9,0.1,33.4,46.8,65.2,13.4,0.0,20.1,26.8,14.8,78.4,,,OBAnorm,,LD831_02097v2.403,,,,0,0
DENATRLA,2025-06-23 08:35:48.000,48.4,45.3,44.3,41.5,39.6,35.6,33.8,32.1,28.3,24.3,19.1,18.1,22.3,24.1,24.5,25.7,26.8,27.9,27.6,25.9,24.2,21.2,18.3,14.3,10.3,6.6,0.8,-2.9,-3.5,-3.7,-4.3,-3.0,-0.1,33.7,45.8,63.6,13.4,0.0,18.7,26.9,14.8,77.9,,,OBAnorm,,LD831_02097v2.403,,,,0,0
DENATRLA,2025-06-23 08:35:49.000,45.4,44.7,45.1,40.6,37.2,33.5,30.0,25.5,28.1,19.9,17.5,19.7,22.7,24.2,25.2,26.0,27.0,28.4,27.7,27.0,24.8,21.9,20.2,16.2,14.6,9.3,3.1,-2.9,-3.7,-3.8,-4.4,-3.1,-0.1,34.3,46.3,61.0,13.4,0.0,19.4,26.9,14.8,77.9,,,OBAnorm,,LD831_02097v2.403,,,,0,0
DENATRLA,2025-06-23 08:35:50.000,45.6,44.8,39.5,40.8,37.4,35.8,33.0,29.9,24.3,21.1,16.4,20.2,23.2,23.3,25.5,26.7,27.8,28.2,28.2,26.7,24.6,22.3,19.7,15.4,11.9,8.3,2.4,-2.1,-3.6,-3.8,-4.3,-2.9,0.0,34.5,49.2,69.1,13.4,0.2,19.2,26.9,14.8,77.9,,,OBAnorm,,LD831_02097v2.403,,,,0,0
DENATRLA,2025-06-23 08:35:51.000,46.7,45.1,45.2,44.9,38.3,36.9,36.1,32.8,30.4,27.4,21.9,21.0,21.9,24.3,25.8,26.7,27.6,28.5,28.5,27.4,25.2,22.8,20.0,16.1,12.1,8.2,2.4,-2.6,-3.5,-3.9,-4.4,-3.1,-0.2,34.8,46.3,61.6,13.4,0.4,19.2,26.8,14.8,77.3,,,OBAnorm,,LD831_02097v2.403,,,,0,0
DENATRLA,2025-06-23 08:35:52.000,50.7,47.9,45.9,42.0,38.2,33.6,35.6,31.8,27.6,23.7,21.2,22.0,22.5,25.2,25.3,27.6,27.4,29.0,28.8,27.2,25.2,22.8,19.6,16.3,12.1,7.9,2.6,-2.1,-3.6,-3.9,-4.4,-3.2,-0.1,34.9,45.2,63.0,13.4,0.4,18.5,26.9,14.8,77.3,,,OBAnorm,,LD831_02097v2.403,,,,0,0
DENATRLA,2025-06-23 08:35:53.000,50.7,47.8,40.7,39.5,38.7,33.8,32.8,30.8,27.7,22.3,19.2,21.4,22.2,25.0,27.5,27.3,28.0,28.4,28.6,27.3,25.9,23.0,19.7,15.7,12.2,8.7,3.8,-2.0,-3.5,-3.9,-4.4,-3.3,-0.2,35.0,43.2,61.3,13.4,0.5,19.2,26.9,14.8,77.3,,,OBAnorm,,LD831_02097v2.403,,,,0,0
DENATRLA,2025-06-23 08:35:54.000,49.3,44.1,36.5,38.9,33.8,30.1,25.9,18.6,17.4,14.2,17.2,20.6,22.0,25.4,25.6,26.5,28.0,28.9,29.2,28.0,26.1,23.5,20.3,16.6,12.4,9.1,4.4,-1.2,-2.9,-3.8,-4.4,-3.3,-0.2,35.2,38.3,49.9,13.4,0.5,19.2,26.9,14.8,77.9,,,OBAnorm,,LD831_02097v2.403,,,,0,0
DENATRLA,2025-06-23 08:35:55.000,44.8,35.8,34.5,28.1,26.9,21.2,18.0,18.4,23.4,14.0,16.3,22.0,22.7,24.3,25.8,27.3,27.9,28.9,29.0,27.3,26.0,23.8,20.9,18.5,12.8,9.1,4.2,-1.1,-3.0,-3.9,-4.4,-3.2,-0.2,35.3,38.0,43.0,13.4,0.5,18.5,26.9,14.8,77.3,,,OBAnorm,,LD831_02097v2.403,,,,0,0
DENATRLA,2025-06-23 08:35:56.000,44.8,34.8,28.1,26.3,21.4,21.6,18.6,16.5,23.6,16.7,17.3,20.9,22.5,25.1,26.1,27.8,28.4,28.5,28.5,27.4,26.2,23.6,20.4,17.4,18.7,12.6,5.3,-1.1,-3.1,-3.8,-4.4,-3.2,-0.2,35.3,38.0,43.3,13.4,0.5,19.2,26.9,14.8,77.9,,,OBAnorm,,LD831_02097v2.403,,,,0,0
DENATRLA,2025-06-23 08:35:57.000,29.5,31.2,28.6,25.5,24.0,19.7,19.3,15.8,22.0,15.2,17.2,20.2,22.9,24.4,25.8,26.3,28.0,29.2,29.5,27.8,26.1,23.8,20.6,17.2,12.8,9.6,4.8,-1.0,-2.9,-3.7,-4.4,-3.2,-0.2,35.4,38.5,53.4,13.4,0.5,19.2,26.9,14.8,78.4,,,OBAnorm,,LD831_02097v2.403,,,,0,0
DENATRLA,2025-06-23 08:35:58.000,30.9,30.9,29.6,27.7,23.1,20.4,20.7,16.1,19.2,14.0,17.5,20.9,22.6,24.6,26.0,27.0,28.3,28.3,28.5,27.8,25.7,23.7,20.3,16.7,12.6,9.5,4.9,-0.7,-2.4,-3.5,-4.2,-3.1,-0.3,35.0,39.1,55.8,13.4,0.5,19.2,26.9,14.8,78.4,,,OBAnorm,,LD831_02097v2.403,,,,0,0
DENATRLA,2025-06-23 08:35:59.000,32.3,32.0,30.1,26.7,26.1,22.3,17.7,18.1,17.1,14.9,17.6,21.2,23.0,24.8,26.5,26.7,27.3,28.0,28.6,27.6,26.1,23.4,20.2,16.3,12.5,9.0,4.8,-1.0,-2.6,-3.7,-4.3,-3.1,0.0,34.9,39.4,57.5,13.4,0.5,19.2,26.9,14.8,78.4,,,OBAnorm,,LD831_02097v2.403,,,,0,0
DENATRLA,2025-06-23 08:36:00.000,32.8,31.0,32.4,28.0,27.0,22.1,19.3,17.9,17.0,14.4,18.0,19.8,22.6,24.6,26.1,26.1,26.9,27.8,28.7,27.8,26.5,23.8,20.8,17.3,12.9,9.8,5.3,-0.1,-2.3,-3.4,-4.3,-3.0,-0.1,35.0,42.0,60.3,13.4,0.3,19.2,26.9,14.8,77.3,,,OBAnorm,,LD831_02097v2.403,,,,0,0
DENATRLA,2025-06-23 08:36:01.000,37.8,30.9,31.2,32.5,29.7,24.2,23.8,20.1,16.9,16.0,16.1,18.8,22.2,24.1,25.0,26.1,27.2,28.7,28.3,28.2,25.9,23.5,20.6,16.8,12.6,9.6,4.9,-0.7,-2.8,-3.7,-4.4,-3.2,-0.1,35.1,43.7,62.2,13.4,0.2,18.5,26.9,14.8,75.0,,,OBAnorm,,LD831_02097v2.403,,,,0,0
DENATRLA,2025-06-23 08:36:02.000,41.1,36.6,39.0,37.9,34.6,28.2,24.8,16.9,17.2,13.8,18.1,20.3,23.1,24.5,25.9,27.2,27.7,28.6,28.8,27.0,25.6,23.7,20.8,16.4,12.7,9.2,4.5,-1.2,-2.9,-3.8,-4.4,-3.3,0.0,35.0,41.7,59.3,13.4,0.2,18.5,26.9,14.8,74.4,,,OBAnorm,,LD831_02097v2.403,,,,0,0
DENATRLA,2025-06-23 08:36:03.000,46.1,36.8,38.9,33.9,28.2,26.5,23.3,22.0,19.7,16.4,17.9,20.0,22.6,24.3,26.1,27.2,28.2,28.3,29.1,27.4,26.2,23.7,20.6,16.3,12.6,9.4,5.3,-0.1,-2.6,-3.5,-4.4,-3.2,-0.2,35.1,44.1,58.9,13.4,0.2,18.5,26.9,14.8,74.4,,,OBAnorm,,LD831_02097v2.403,,,,0,0
DENATRLA,2025-06-23 08:36:04.000,42.4,39.2,42.1,40.0,35.0,28.3,24.6,23.9,21.0,16.3,15.5,20.6,22.6,24.6,26.2,26.4,28.2,28.7,29.3,28.0,25.9,24.5,21.1,19.7,15.8,10.3,5.3,-0.6,-2.8,-3.7,-4.3,-3.1,0.0,35.6,42.4,63.0,13.4,0.2,18.5,26.9,14.8,75.6,,,OBAnorm,,LD831_02097v2.403,,,,0,0
DENATRLA,2025-06-23 08:36:05.000,41.9,42.9,37.6,37.0,32.3,27.6,25.1,21.4,21.5,15.8,16.6,21.2,21.8,24.5,26.0,28.0,27.9,28.5,29.0,28.5,27.0,24.3,21.1,18.0,13.8,11.7,6.7,-0.1,-2.5,-3.6,-4.3,-3.1,-0.2,35.8,44.2,64.3,13.4,0.2,19.2,26.9,14.8,77.9,,,OBAnorm,,LD831_02097v2.403,,,,0,0
DENATRLA,2025-06-23 08:36:06.000,45.9,38.6,36.2,35.9,33.9,31.4,27.8,24.3,22.3,17.0,18.2,20.7,24.0,24.9,26.7,27.2,27.8,28.0,29.7,29.0,27.0,24.6,21.2,17.9,13.4,10.0,5.6,0.1,-2.4,-3.8,-4.3,-3.2,-0.1,35.8,43.0,60.9,13.4,0.2,19.2,26.9,14.8,78.4,,,OBAnorm,,LD831_02097v2.403,,,,0,0
DENATRLA,2025-06-23 08:36:07.000,45.4,42.0,39.9,38.9,33.4,29.8,22.8,17.4,16.1,14.7,17.9,19.2,22.7,23.9,25.8,27.1,27.4,29.2,29.0,28.9,27.3,24.1,21.5,17.8,13.8,10.5,6.2,-0.1,-2.4,-3.7,-4.3,-3.1,-0.2,35.8,40.3,57.8,13.4,0.2,19.2,26.9,14.8,79.0,,,OBAnorm,,LD831_02097v2.403,,,,0,0
DENATRLA,2025-06-23 08:36:08.000,42.9,43.8,34.5,29.5,26.9,25.2,21.0,18.0,18.1,16.2,16.2,20.7,23.9,23.5,26.6,27.3,28.1,29.1,29.4,28.6,27.4,24.6,21.7,18.3,14.1,11.0,6.3,0.3,-2.2,-3.4,-4.2,-2.9,-0.1,35.9,41.8,59.6,13.4,0.2,19.2,26.9,14.8,79.0,,,OBAnorm,,LD831_02097v2.403,,,,0,0
DENATRLA,2025-06-23 08:36:09.000,41.1,36.5,38.1,34.8,31.8,24.5,22.1,18.4,18.5,14.5,17.1,20.9,22.3,24.9,25.1,26.3,27.6,29.4,29.7,28.5,27.0,25.1,21.7,18.1,14.1,10.3,5.7,-0.3,-2.7,-3.7,-4.3,-3.1,-0.1,36.0,39.6,51.0,13.4,0.2,19.2,26.9,14.8,79.0,,,OBAnorm,,LD831_02097v2.403,,,,0,0
DENATRLA,2025-06-23 08:36:10.000,38.0,38.5,36.8,32.3,26.2,20.6,18.7,18.8,15.3,12.8,17.6,20.0,23.1,25.3,26.4,27.4,28.5,28.6,29.4,29.0,28.0,25.5,22.4,18.7,14.7,10.8,5.1,-0.8,-2.8,-3.8,-4.4,-3.1,-0.2,36.2,38.6,47.1,13.4,0.1,19.2,26.9,14.8,79.0,,,OBAnorm,,LD831_02097v2.403,,,,0,0
DENATRLA,2025-06-23 08:36:11.000,42.7,37.3,30.5,30.5,26.6,20.6,15.8,16.5,11.8,14.0,15.2,20.1,23.6,25.4,26.3,27.9,28.6,29.6,29.5,28.9,28.1,24.8,21.5,18.8,14.8,10.8,5.3,-0.8,-3.1,-3.9,-4.4,-3.1,-0.2,36.4,38.8,46.5,13.4,0.0,19.2,26.9,14.8,79.0,,,OBAnorm,,LD831_02097v2.403,,,,0,0
DENATRLA,2025-06-23 08:36:12.000,33.3,31.4,31.1,28.2,26.8,19.2,18.7,15.8,13.8,15.6,17.9,20.9,22.3,25.1,26.8,27.5,29.6,29.6,30.2,29.7,28.1,25.3,22.8,20.5,16.9,11.2,5.3,-0.9,-3.1,-3.9,-4.5,-3.2,-0.3,36.9,39.1,49.7,13.4,0.0,19.2,26.9,14.8,79.0,,,OBAnorm,,LD831_02097v2.403,,,,0,0
DENATRLA,2025-06-23 08:36:13.000,28.0,31.6,28.1,26.8,24.9,21.7,18.7,16.1,15.3,14.6,16.7,20.1,23.5,25.9,26.8,28.4,29.4,29.4,29.8,29.4,27.7,24.7,22.4,18.8,15.1,12.2,7.4,-1.1,-3.4,-3.6,-4.4,-3.2,-0.2,36.4,39.0,43.9,13.4,0.0,19.2,26.9,14.8,79.0,,,OBAnorm,,LD831_02097v2.403,,,,0,0
DENATRLA,2025-06-23 08:36:14.000,30.0,30.1,31.0,26.4,23.2,23.2,20.9,16.8,18.2,13.8,15.3,20.2,23.8,24.6,25.6,27.5,28.1,30.0,29.6,29.0,27.1,24.8,21.6,18.7,14.1,10.3,4.2,-2.0,-3.5,-3.8,-4.4,-3.1,-0.1,36.2,38.4,41.6,13.4,0.0,19.2,26.9,14.8,79.0,,,OBAnorm,,LD831_02097v2.403,,,,0,0
DENATRLA,2025-06-23 08:36:15.000,30.7,28.5,29.1,28.8,23.2,23.1,18.6,16.2,14.4,15.4,18.3,21.1,23.6,25.9,27.2,27.4,28.5,29.1,29.3,28.5,27.7,25.2,22.1,18.6,14.3,10.1,4.3,-1.7,-3.5,-3.9,-4.4,-3.1,-0.1,36.1,38.7,42.0,13.4,0.0,19.2,26.9,14.8,79.0,,,OBAnorm,,LD831_02097v2.403,,,,0,0
DENATRLA,2025-06-23 08:36:16.000,31.7,28.7,30.0,27.7,26.4,20.8,18.3,16.6,16.0,14.4,16.3,20.4,23.0,25.9,26.7,27.8,28.8,29.8,29.5,28.7,27.6,25.3,22.3,18.8,14.7,10.9,4.8,-1.4,-3.2,-3.8,-4.3,-3.3,-0.1,36.4,38.9,42.6,13.4,0.0,19.2,26.9,14.8,79.0,,,OBAnorm,,LD831_02097v2.403,,,,0,0
DENATRLA,2025-06-23 08:36:17.000,30.2,28.7,26.1,29.3,27.4,22.7,19.2,19.0,17.7,13.4,17.1,19.2,24.0,25.0,26.4,27.9,28.8,29.4,30.0,28.8,28.1,25.5,22.6,18.9,14.5,10.3,4.5,-1.7,-3.5,-3.8,-4.4,-3.3,-0.2,36.4,38.9,42.5,13.4,0.0,19.2,26.9,14.8,79.0,,,OBAnorm,,LD831_02097v2.403,,,,0,0
DENATRLA,2025-06-23 08:36:18.000,28.6,32.2,30.1,25.0,24.4,24.0,18.6,14.1,21.8,14.3,17.1,18.7,22.7,24.7,26.1,27.1,28.7,29.5,29.4,28.8,27.4,25.2,22.3,18.7,14.9,10.2,4.3,-1.8,-3.3,-3.9,-4.4,-3.1,-0.3,36.1,38.4,42.8,13.4,0.0,19.2,26.9,14.8,79.0,,,OBAnorm,,LD831_02097v2.403,,,,0,0
DENATRLA,2025-06-23 08:36:19.000,29.8,32.5,30.1,27.5,24.2,23.0,15.4,17.8,20.8,13.6,16.4,19.8,23.0,24.6,26.0,28.7,28.3,28.7,29.0,28.5,26.8,24.8,21.7,18.0,14.1,10.5,4.3,-1.0,-3.2,-3.8,-4.4,-3.1,-0.1,35.8,38.3,43.2,13.4,0.0,19.2,26.9,14.8,79.6,,,OBAnorm,,LD831_02097v2.403,,,,0,0
DENATRLA,2025-06-23 08:36:20.000,32.7,32.8,26.9,24.5,25.1,23.2,17.8,16.2,17.3,14.7,15.9,20.1,23.6,25.0,26.2,27.8,28.4,29.4,29.0,28.4,26.8,24.1,21.3,18.7,14.8,11.3,5.5,-0.8,-3.1,-3.6,-4.4,-3.0,0.0,35.7,38.5,45.3,13.4,0.0,19.2,26.9,14.8,79.6,,,OBAnorm,,LD831_02097v2.403,,,,0,0
DENATRLA,2025-06-23 08:36:21.000,31.0,30.4,30.3,24.5,25.8,23.4,18.8,15.2,15.8,13.7,17.4,21.5,23.5,24.6,26.7,27.8,27.8,29.2,29.1,27.8,26.6,24.6,22.2,20.8,16.7,14.1,5.9,-1.6,-3.3,-3.7,-4.4,-3.2,-0.1,35.8,38.6,52.4,13.4,0.0,19.2,26.9,14.8,79.6,,,OBAnorm,,LD831_02097v2.403,,,,0,0
DENATRLA,2025-06-23 08:36:22.000,32.2,32.9,28.6,29.2,23.0,19.8,20.7,15.5,17.1,15.2,16.0,21.1,24.2,25.2,26.4,26.6,28.3,29.1,29.1,28.3,27.4,24.4,21.8,18.2,14.2,11.0,5.2,-0.6,-2.6,-3.5,-4.3,-3.0,0.0,36.0,39.8,53.8,13.4,0.0,19.2,26.9,14.8,79.6,,,OBAnorm,,LD831_02097v2.403,,,,0,0
DENATRLA,2025-06-23 08:36:23.000,31.6,28.1,34.0,27.3,27.4,22.3,17.5,15.4,17.8,15.7,20.2,21.0,21.5,25.3,25.5,27.1,28.5,29.3,28.9,27.8,26.2,24.3,21.2,17.2,13.9,10.1,5.1,-0.2,-1.9,-3.3,-4.1,-3.0,-0.2,35.5,39.7,56.7,13.4,0.0,19.2,26.9,14.8,79.6,,,OBAnorm,,LD831_02097v2.403,,,,0,0
DENATRLA,2025-06-23 08:36:24.000,34.9,37.7,32.4,30.7,24.7,22.9,20.5,17.0,14.6,17.8,18.2,20.8,22.9,24.4,26.6,26.2,28.4,29.2,29.2,27.9,27.0,24.3,21.3,17.9,14.4,11.2,5.2,0.8,-1.2,-3.0,-3.9,-2.9,-0.1,35.8,40.8,57.7,13.4,0.0,15.4,26.9,14.8,79.6,,,OBAnorm,,LD831_02097v2.403,,,,0,0
DENATRLA,2025-06-23 08:36:25.000,39.2,33.5,27.7,30.9,27.1,25.4,20.8,18.8,16.3,15.8,19.1,20.8,22.8,24.4,26.5,28.3,28.5,29.4,29.4,28.4,26.9,24.2,21.3,17.9,14.3,10.9,5.0,0.7,-1.3,-2.3,-3.1,-2.6,0.1,35.9,41.2,58.5,13.4,0.0,324.0,26.9,14.9,78.5,,,OBAnorm,,LD831_02097v2.403,,,,0,0
DENATRLA,2025-06-23 08:36:26.000,38.5,38.4,37.6,29.1,31.3,30.7,30.9,27.2,22.4,18.8,17.9,22.0,24.2,25.2,25.2,27.4,28.4,29.1,29.5,27.9,26.6,24.1,20.7,17.0,13.7,9.7,4.0,-0.6,-2.0,-2.2,-3.5,-2.5,0.4,35.7,50.3,71.5,13.4,0.0,304.5,26.9,15.0,78.5,,,OBAnorm,,LD831_02097v2.403,,,,0,0
DENATRLA,2025-06-23 08:36:27.000,41.6,36.3,46.5,47.7,38.5,38.8,22.4,19.2,19.3,15.3,19.8,20.4,23.8,26.0,26.5,27.3,28.2,28.1,28.5,27.2,26.0,23.5,20.5,17.4,14.3,9.3,3.1,-1.7,-2.3,-3.0,-4.1,-2.9,-0.2,35.1,38.7,54.4,13.4,0.0,305.9,26.9,15.0,79.1,,,OBAnorm,,LD831_02097v2.403,,,,0,0
DENATRLA,2025-06-23 08:36:28.000,49.9,51.7,34.8,26.1,24.4,22.1,18.3,16.7,17.8,15.1,16.2,20.4,23.3,25.0,27.1,26.5,28.1,29.3,28.2,27.6,26.1,22.6,20.9,19.1,16.2,11.2,5.8,-0.3,-1.9,-2.9,-4.1,-3.1,-0.1,35.2,40.1,58.1,13.4,0.1,293.6,26.9,15.0,77.9,,,OBAnorm,,LD831_02097v2.403,,,,0,0
DENATRLA,2025-06-23 08:36:29.000,43.7,32.0,28.1,25.2,26.8,22.6,19.7,17.4,15.4,15.4,16.5,21.0,22.1,24.6,26.1,26.8,27.6,28.1,27.6,25.9,24.9,21.9,19.4,15.9,12.4,9.2,3.3,-1.8,-3.0,-3.7,-4.2,-3.0,-0.1,34.3,38.4,55.9,13.4,0.3,305.9,26.9,15.0,77.9,,,OBAnorm,,LD831_02097v2.403,,,,0,0
DENATRLA,2025-06-23 08:36:30.000,37.8,38.9,32.7,28.2,24.9,24.3,17.4,15.8,16.1,15.6,15.0,20.3,22.2,24.5,26.6,26.2,27.2,28.2,27.3,26.5,24.5,22.5,18.9,16.1,12.3,9.4,3.0,-2.4,-3.0,-3.6,-4.3,-3.1,-0.2,34.0,37.8,50.3,13.4,0.3,305.9,26.9,15.0,79.1,,,OBAnorm,,LD831_02097v2.403,,,,0,0
DENATRLA,2025-06-23 08:36:31.000,40.8,35.7,31.0,29.4,24.9,23.0,17.1,15.5,16.7,12.4,16.4,19.4,22.9,24.5,25.6,25.8,26.7,28.3,27.8,26.1,24.7,22.0,18.7,15.9,12.1,8.7,3.2,-2.5,-3.3,-3.6,-4.3,-3.1,-0.1,34.2,38.6,53.2,13.4,0.3,305.9,26.9,15.0,79.1,,,OBAnorm,,LD831_02097v2.403,,,,0,0
DENATRLA,2025-06-23 08:36:32.000,34.9,31.0,30.8,30.6,25.7,21.5,21.9,17.6,17.1,16.0,18.0,20.5,22.1,23.7,25.3,27.2,28.8,29.2,28.7,27.0,25.1,23.3,19.8,16.2,12.7,11.2,2.6,-2.4,-3.4,-3.7,-4.4,-3.0,0.0,34.9,40.9,60.4,13.4,0.3,305.9,26.9,15.0,79.6,,,OBAnorm,,LD831_02097v2.403,,,,0,0
DENATRLA,2025-06-23 08:36:33.000,36.0,33.3,34.5,34.9,31.2,27.3,28.1,24.4,19.2,15.3,16.5,18.7,22.5,23.8,25.2,27.7,28.1,28.3,28.6,26.8,25.7,22.6,20.1,16.4,12.8,9.7,3.6,-2.6,-3.4,-3.6,-4.4,-3.2,-0.1,34.8,41.3,60.8,13.4,0.3,305.9,26.9,15.0,79.6,,,OBAnorm,,LD831_02097v2.403,,,,0,0
DENATRLA,2025-06-23 08:36:34.000,35.3,37.7,34.8,32.3,26.9,25.0,20.3,16.9,13.5,12.6,16.2,18.7,23.7,24.1,26.4,26.7,28.0,28.1,28.7,27.4,25.9,22.9,20.8,16.9,12.9,9.1,3.3,-2.8,-3.7,-3.8,-4.4,-3.1,-0.2,35.1,38.4,51.8,13.4,0.3,309.3,26.9,15.0,79.6,,,OBAnorm,,LD831_02097v2.403,,,,0,0
DENATRLA,2025-06-23 08:36:35.000,43.7,34.2,30.8,27.9,25.0,25.4,21.3,15.3,16.8,14.5,16.3,20.4,20.7,24.7,26.6,26.9,26.9,28.7,29.0,28.2,25.8,23.2,20.7,16.8,13.4,10.2,3.1,-2.6,-3.7,-3.7,-4.4,-3.1,-0.2,35.1,38.8,58.1,13.4,0.3,309.6,26.9,15.0,79.6,,,OBAnorm,,LD831_02097v2.403,,,,0,0
DENATRLA,2025-06-23 08:36:36.000,32.9,33.5,28.8,28.3,27.4,20.7,20.8,17.0,16.9,12.8,16.5,18.1,23.2,24.5,25.8,27.0,27.6,28.4,28.6,27.1,25.2,23.0,20.1,16.5,12.6,9.4,2.6,-2.9,-3.5,-3.7,-4.4,-3.2,-0.1,34.7,38.2,50.9,13.4,0.3,309.6,26.9,15.0,79.6,,,OBAnorm,,LD831_02097v2.403,,,,0,0
DENATRLA,2025-06-23 08:36:37.000,34.6,28.9,33.1,27.0,24.9,21.5,19.5,16.3,17.0,13.6,16.6,20.3,22.9,24.2,24.7,26.3,26.5,27.8,27.7,26.5,24.9,22.5,19.5,15.9,13.7,9.4,2.0,-2.9,-3.7,-3.9,-4.3,-3.0,-0.1,34.1,37.1,49.1,13.4,0.3,309.6,26.9,15.0,79.6,,,OBAnorm,,LD831_02097v2.403,,,,0,0
DENATRLA,2025-06-23 08:36:38.000,37.0,29.1,30.2,28.8,25.4,22.6,17.5,17.3,16.8,13.4,16.2,20.5,22.2,24.3,25.0,26.7,28.2,28.2,27.5,26.3,24.5,21.9,19.8,16.8,13.8,11.7,4.5,-2.8,-3.7,-3.9,-4.4,-3.2,-0.1,34.3,37.6,47.3,13.4,0.1,309.7,26.9,15.0,79.6,,,OBAnorm,,LD831_02097v2.403,,,,0,0
DENATRLA,2025-06-23 08:36:39.000,35.3,31.2,28.0,26.6,26.5,22.4,18.7,13.0,12.9,13.0,15.5,19.4,21.2,23.8,25.0,26.8,27.4,28.7,28.8,26.4,24.4,22.2,19.4,16.0,12.0,8.7,1.6,-3.0,-3.7,-3.8,-4.4,-3.1,-0.2,34.5,37.9,52.6,13.4,0.0,309.7,27.0,15.0,79.6,,,OBAnorm,,LD831_02097v2.403,,,,0,0
DENATRLA,2025-06-23 08:36:40.000,30.2,33.4,26.0,28.6,24.2,22.0,20.4,14.3,13.1,12.4,14.2,19.0,22.8,23.6,25.1,25.9,27.4,29.1,28.7,27.9,24.5,22.3,19.4,16.0,11.9,8.2,2.1,-2.7,-3.7,-3.8,-4.4,-3.1,-0.1,34.7,38.1,50.0,13.4,0.0,309.7,26.9,15.0,79.6,,,OBAnorm,,LD831_02097v2.403,,,,0,0
DENATRLA,2025-06-23 08:36:41.000,35.5,29.5,28.8,28.1,26.2,20.9,19.5,16.8,15.1,12.0,16.3,19.6,22.2,24.5,25.2,25.9,28.3,28.3,27.9,26.1,25.1,22.2,19.2,15.7,12.0,8.6,3.8,-2.7,-3.6,-3.7,-4.3,-3.0,-0.3,34.2,37.5,47.9,13.4,0.0,309.7,26.9,15.0,79.6,,,OBAnorm,,LD831_02097v2.403,,,,0,0
DENATRLA,2025-06-23 08:36:42.000,32.5,32.3,29.6,28.3,24.7,20.5,19.1,16.3,14.0,13.0,16.1,18.2,21.2,24.1,25.4,25.8,28.0,27.8,27.7,26.2,24.5,21.9,18.9,15.5,11.5,8.1,2.0,-3.1,-3.6,-3.6,-4.3,-3.0,-0.1,34.0,37.5,49.8,13.4,0.0,309.7,26.9,15.0,79.6,,,OBAnorm,,LD831_02097v2.403,,,,0,0
DENATRLA,2025-06-23 08:36:43.000,36.4,30.0,30.4,29.8,24.8,20.9,19.0,16.1,16.2,12.5,15.4,19.6,22.7,23.6,25.7,26.1,26.9,28.3,28.2,26.5,24.4,21.7,18.4,15.3,11.1,7.6,1.6,-3.0,-3.6,-3.8,-4.4,-3.1,0.0,34.1,37.8,50.2,13.4,0.0,309.7,26.9,15.0,79.6,,,OBAnorm,,LD831_02097v2.403,,,,0,0
DENATRLA,2025-06-23 08:36:44.000,34.2,29.9,24.7,25.1,25.3,20.0,18.4,17.3,17.3,13.3,16.1,19.6,20.9,23.9,24.8,25.7,27.1,27.5,27.7,25.3,24.5,22.3,19.2,15.6,11.7,8.6,2.4,-3.1,-3.6,-3.7,-4.3,-3.2,-0.2,33.8,38.0,52.7,13.4,0.0,309.7,26.9,15.0,79.6,,,OBAnorm,,LD831_02097v2.403,,,,0,0
DENATRLA,2025-06-23 08:36:45.000,34.3,34.5,32.6,26.5,25.9,20.9,18.3,13.1,13.7,15.3,17.0,19.1,21.9,22.7,24.6,25.9,26.8,27.7,27.9,25.8,24.6,21.9,18.3,15.2,11.5,8.0,1.5,-3.4,-3.7,-3.7,-4.2,-3.1,-0.1,33.9,36.8,46.7,13.4,0.0,309.7,26.9,15.0,79.6,,,OBAnorm,,LD831_02097v2.403,,,,0,0
DENATRLA,2025-06-23 08:36:46.000,37.2,32.0,32.8,25.0,23.1,20.9,17.6,16.3,16.9,13.8,16.0,20.8,22.0,23.3,26.1,25.8,28.4,27.9,27.8,26.0,24.6,22.2,19.9,18.2,12.8,8.2,2.0,-3.1,-3.5,-3.9,-4.4,-3.2,-0.1,34.3,37.2,47.9,13.4,0.0,309.7,26.9,15.0,79.6,,,OBAnorm,,LD831_02097v2.403,,,,0,0
DENATRLA,2025-06-23 08:36:47.000,39.5,30.3,26.3,24.2,22.7,20.6,16.8,17.0,14.0,13.6,14.6,19.9,21.5,22.6,25.0,26.3,26.0,26.8,27.2,25.8,24.2,21.9,19.5,17.0,17.5,12.1,4.8,-2.9,-3.6,-3.8,-4.3,-3.0,-0.2,33.6,36.9,49.2,13.4,0.0,309.7,26.9,15.0,79.6,,,OBAnorm,,LD831_02097v2.403,,,,0,0
DENATRLA,2025-06-23 08:36:48.000,30.6,28.2,30.1,27.6,24.2,21.8,18.2,15.4,14.7,13.3,14.5,19.4,20.9,24.0,24.8,25.0,26.8,27.1,27.3,25.7,24.3,22.7,19.7,15.8,12.0,9.2,2.8,-2.6,-3.6,-3.6,-4.3,-3.3,-0.2,33.7,36.6,41.9,13.4,0.0,309.7,26.9,15.0,79.6,,,OBAnorm,,LD831_02097v2.403,,,,0,0
DENATRLA,2025-06-23 08:36:49.000,29.8,28.9,27.0,26.9,26.1,18.5,17.1,16.7,13.9,14.4,17.0,20.0,21.7,22.8,25.2,26.3,26.3,27.5,28.1,25.8,24.9,22.6,19.2,15.2,12.1,8.5,2.2,-2.9,-3.6,-3.7,-4.3,-3.1,-0.2,34.0,36.8,41.7,13.4,0.0,309.7,26.9,15.0,79.6,,,OBAnorm,,LD831_02097v2.403,,,,0,0
DENATRLA,2025-06-23 08:36:50.000,35.1,30.0,25.2,23.6,22.7,21.0,16.7,16.0,16.8,13.2,15.7,18.9,22.0,24.0,24.9,25.9,26.5,27.1,26.4,25.2,23.9,21.9,18.4,15.4,11.5,8.6,2.0,-3.1,-3.7,-3.9,-4.3,-3.2,-0.1,33.3,36.4,41.8,13.4,0.0,309.7,26.9,15.0,79.6,,,OBAnorm,,LD831_02097v2.403,,,,0,0
DENATRLA,2025-06-23 08:36:51.000,29.6,23.2,30.0,20.9,23.8,18.8,16.0,16.2,18.1,13.7,15.4,19.4,20.8,24.2,26.2,26.6,27.4,27.3,27.1,25.2,23.4,21.2,18.4,15.5,11.4,8.1,2.1,-2.6,-3.6,-3.8,-4.2,-3.2,-0.1,33.6,36.6,41.3,13.4,0.0,309.7,26.9,15.0,79.6,,,OBAnorm,,LD831_02097v2.403,,,,0,0
DENATRLA,2025-06-23 08:36:52.000,33.0,29.6,28.8,24.4,24.1,19.3,17.5,16.0,16.4,12.9,16.1,19.4,21.1,23.5,25.7,25.7,26.8,27.4,26.8,26.9,24.5,21.6,18.9,16.0,12.2,8.3,2.3,-3.1,-3.6,-3.6,-4.3,-3.2,-0.2,33.7,36.3,40.9,13.4,0.0,309.7,26.9,15.0,79.6,,,OBAnorm,,LD831_02097v2.403,,,,0,0
DENATRLA,2025-06-23 08:36:53.000,27.3,30.8,24.5,22.8,21.7,19.5,19.3,17.3,19.4,14.3,15.6,19.1,21.5,24.5,25.4,26.9,27.0,27.7,27.0,26.5,24.8,22.1,18.9,16.2,12.8,10.9,2.9,-2.9,-3.6,-3.7,-4.4,-3.0,0.0,34.0,37.1,40.7,13.4,0.0,309.7,26.9,15.0,79.1,,,OBAnorm,,LD831_02097v2.403,,,,0,0
DENATRLA,2025-06-23 08:36:54.000,25.6,29.9,28.2,25.6,25.4,20.0,15.4,16.7,19.1,14.2,16.7,19.5,22.1,23.5,25.0,26.5,27.2,27.5,27.1,26.2,24.9,22.1,19.0,16.7,12.1,8.6,2.9,-2.4,-3.4,-3.7,-4.2,-3.2,-0.1,33.9,37.1,46.3,13.4,0.0,309.7,26.9,15.0,79.1,,,OBAnorm,,LD831_02097v2.403,,,,0,0
DENATRLA,2025-06-23 08:36:55.000,27.0,29.0,29.6,26.2,22.4,21.9,18.5,15.6,17.3,13.8,15.1,20.8,22.3,23.7,24.9,25.5,27.1,27.7,26.8,25.9,23.9,22.2,19.5,18.7,15.6,9.9,2.8,-1.7,-3.2,-2.9,-4.0,-3.1,-0.1,33.8,37.4,50.4,13.4,0.0,309.7,26.9,15.1,79.1,,,OBAnorm,,LD831_02097v2.403,,,,0,0
DENATRLA,2025-06-23 08:36:56.000,31.2,32.0,30.1,26.2,24.1,20.6,20.9,16.5,14.3,14.5,16.3,20.3,21.8,23.6,24.4,25.2,26.8,26.8,26.7,25.3,24.0,21.8,18.4,17.3,15.3,12.0,7.3,0.8,-3.4,-3.5,-4.2,-3.1,0.1,33.4,40.3,59.5,13.4,0.0,309.7,26.9,15.0,79.1,,,OBAnorm,,LD831_02097v2.403,,,,0,0
DENATRLA,2025-06-23 08:36:57.000,31.1,30.1,32.4,29.5,28.0,25.4,23.1,19.0,18.9,15.6,17.0,19.2,22.2,23.6,24.5,26.3,26.6,26.8,26.5,25.3,24.3,21.3,18.2,15.8,11.1,8.3,2.9,-2.3,-2.7,-2.3,-3.7,-2.5,0.3,33.3,48.6,68.4,13.4,0.0,312.1,27.0,15.0,79.1,,,OBAnorm,,LD831_02097v2.403,,,,0,0
DENATRLA,2025-06-23 08:36:58.000,41.7,36.9,40.3,35.0,37.0,31.1,33.6,26.4,22.9,20.7,19.3,20.7,22.1,24.0,24.9,26.6,27.8,28.2,26.3,24.8,23.9,21.4,18.4,16.8,12.6,8.8,2.8,-1.7,-1.7,-2.3,-3.4,-2.3,0.3,33.6,52.0,73.7,13.4,0.0,336.9,27.0,15.0,78.5,,,OBAnorm,,LD831_02097v2.403,,,,0,0
DENATRLA,2025-06-23 08:36:59.000,40.4,37.6,45.9,42.0,41.1,39.7,37.0,35.7,30.5,26.2,21.5,21.6,23.5,23.5,25.0,26.2,27.8,27.8,26.8,25.3,23.8,21.8,18.4,14.8,10.9,7.6,2.5,-1.7,-2.2,-2.1,-3.2,-1.9,0.8,33.7,54.9,70.1,13.4,0.0,297.4,26.9,15.0,77.3,,,OBAnorm,,LD831_02097v2.403,,,,0,0
DENATRLA,2025-06-23 08:37:00.000,50.6,48.0,46.3,45.2,47.4,44.4,38.4,35.0,30.1,25.0,21.5,21.8,23.1,23.7,25.4,26.7,27.9,27.1,26.5,25.5,23.7,22.0,19.2,15.4,11.4,7.8,3.1,-1.5,-1.8,-1.8,-3.0,-1.5,0.8,33.7,56.4,74.4,13.4,0.0,295.5,26.9,15.0,77.3,,,OBAnorm,,LD831_02097v2.403,,,,0,0
DENATRLA,2025-06-23 08:37:01.000,55.8,55.2,52.2,50.8,45.2,40.6,37.4,34.8,28.6,25.0,21.2,21.8,22.1,23.9,25.3,27.1,27.9,28.9,27.6,26.6,24.0,21.8,19.8,16.4,12.4,8.4,2.8,-1.6,-1.9,-2.4,-3.5,-2.5,0.3,34.4,52.8,71.4,13.4,0.2,294.2,26.9,15.0,77.9,,,OBAnorm,,LD831_02097v2.403,,,,0,0
DENATRLA,2025-06-23 08:37:02.000,61.1,53.7,52.7,48.4,41.1,39.3,30.0,23.5,18.9,16.0,16.9,18.3,22.7,23.9,25.5,26.5,27.2,28.1,27.5,26.3,23.5,21.6,18.5,17.6,16.5,9.5,3.6,-1.7,-1.7,-1.1,-3.1,-2.5,0.1,34.0,44.6,65.7,13.4,0.4,292.1,26.9,15.0,77.3,,,OBAnorm,,LD831_02097v2.403,,,,0,0
DENATRLA,2025-06-23 08:37:03.000,62.2,54.6,41.9,39.6,34.1,29.4,25.2,22.7,19.4,16.1,15.9,20.2,21.4,23.4,25.1,26.4,26.7,28.4,27.0,25.7,24.2,21.4,18.7,18.7,13.9,9.1,2.3,-2.3,-2.8,-2.5,-3.6,-2.7,0.0,33.9,42.5,63.3,13.4,0.4,264.2,27.0,15.0,77.3,,,OBAnorm,,LD831_02097v2.403,,,,0,0
DENATRLA,2025-06-23 08:37:04.000,51.5,45.4,44.0,37.8,31.7,25.3,24.4,20.6,16.0,14.6,17.3,20.7,21.6,22.3,25.3,26.1,26.6,27.3,27.3,25.7,24.0,21.3,18.5,17.4,14.7,13.0,2.4,-1.1,-3.0,-3.2,-4.0,-2.8,0.0,33.8,44.3,59.6,13.4,0.4,264.4,26.9,14.9,77.3,,,OBAnorm,,LD831_02097v2.403,,,,0,0
DENATRLA,2025-06-23 08:37:05.000,48.1,40.8,43.5,37.1,33.1,27.2,21.8,17.8,15.6,13.5,17.6,19.4,21.4,24.1,24.5,24.9,27.4,27.3,27.1,25.3,24.4,21.5,19.1,16.6,15.7,9.2,3.9,-2.6,-3.4,-3.6,-4.2,-3.0,-0.1,33.6,37.7,57.5,13.4,0.4,263.4,26.9,14.9,77.9,,,OBAnorm,,LD831_02097v2.403,,,,0,0
DENATRLA,2025-06-23 08:37:06.000,47.6,41.6,38.0,29.0,24.8,22.0,18.7,17.4,14.1,17.2,17.7,20.1,21.3,23.8,24.1,25.3,26.6,28.0,27.1,26.0,24.2,20.9,18.3,15.0,11.2,9.2,2.7,-1.8,-1.9,-1.9,-3.4,-2.5,0.2,33.7,38.7,56.2,13.4,0.4,263.0,26.9,14.9,77.9,,,OBAnorm,,LD831_02097v2.403,,,,0,0
DENATRLA,2025-06-23 08:37:07.000,47.3,36.8,28.1,30.1,29.1,22.8,20.8,18.3,22.2,19.3,18.2,21.7,22.0,23.1,24.6,25.6,26.5,27.6,28.4,25.5,24.2,21.1,18.6,15.4,11.2,8.1,2.9,-1.6,-2.1,-1.7,-2.5,-1.2,0.5,33.7,52.5,70.6,13.4,0.4,262.2,26.9,14.9,77.9,,,OBAnorm,,LD831_02097v2.403,,,,0,0
DENATRLA,2025-06-23 08:37:08.000,30.8,36.8,41.7,38.9,31.6,37.2,34.5,31.4,25.3,21.3,21.4,21.3,21.5,23.6,24.9,25.4,27.0,27.7,27.6,25.9,23.9,20.8,18.0,16.6,12.5,8.1,3.4,0.0,0.2,0.8,0.1,-0.8,0.5,33.8,49.3,66.4,13.4,0.3,262.6,26.9,14.9,77.3,,,OBAnorm,,LD831_02097v2.403,,,,0,0
DENATRLA,2025-06-23 08:37:09.000,39.1,46.2,48.4,44.9,41.2,31.2,28.6,24.7,19.5,20.2,19.3,22.3,22.9,24.0,25.0,26.0,27.3,27.2,26.5,25.4,23.7,21.1,17.5,14.4,10.8,7.1,2.2,-1.5,-1.7,-1.6,-2.9,-2.1,0.2,33.2,45.1,64.1,13.4,0.2,265.2,27.0,14.9,75.6,,,OBAnorm,,LD831_02097v2.403,,,,0,0
DENATRLA,2025-06-23 08:37:10.000,60.4,54.3,40.4,34.4,35.0,34.1,27.9,26.0,24.1,18.2,18.3,21.1,23.1,23.7,24.2,25.8,26.0,27.4,27.4,25.3,22.9,21.0,18.1,15.2,10.8,8.9,2.2,-1.7,-1.9,-2.0,-2.3,-1.9,0.2,33.2,47.0,67.7,13.4,0.2,276.5,27.0,14.9,75.6,,,OBAnorm,,LD831_02097v2.403,,,,0,0
DENATRLA,2025-06-23 08:37:11.000,47.7,41.6,44.8,38.7,33.9,30.9,27.7,23.4,20.3,16.8,19.8,20.7,20.8,23.1,25.8,27.0,26.8,28.0,27.1,25.6,23.6,21.2,18.7,14.9,11.3,10.2,4.0,-2.3,-2.2,-2.0,-3.1,-2.3,0.1,33.7,43.5,62.9,13.4,0.2,282.0,26.9,14.9,77.3,,,OBAnorm,,LD831_02097v2.403,,,,0,0
DENATRLA,2025-06-23 08:37:12.000,49.3,45.1,43.7,37.9,32.9,26.8,23.2,19.4,17.6,16.3,19.4,19.5,21.5,23.6,25.3,25.7,26.2,27.0,27.0,24.9,24.1,21.9,19.2,17.2,15.5,11.9,3.6,-2.2,-2.7,-2.8,-3.8,-2.8,0.0,33.5,43.4,61.1,13.4,0.2,284.9,26.9,14.9,77.3,,,OBAnorm,,LD831_02097v2.403,,,,0,0
DENATRLA,2025-06-23 08:37:13.000,45.8,40.9,35.9,33.8,31.0,28.5,24.4,21.2,18.5,14.8,19.7,20.5,22.1,23.3,24.8,25.4,26.9,26.8,25.7,24.6,23.2,20.4,17.3,13.6,10.2,7.4,2.8,-2.3,-2.5,-3.0,-4.0,-2.9,0.0,32.8,38.9,58.2,13.4,0.2,283.3,27.0,14.9,76.7,,,OBAnorm,,LD831_02097v2.403,,,,0,0
DENATRLA,2025-06-23 08:37:14.000,46.5,41.6,37.2,30.6,26.1,25.6,18.6,18.0,18.4,15.9,17.7,19.1,20.5,23.2,24.1,24.4,26.6,26.6,25.4,24.3,22.8,20.3,17.4,14.2,11.8,7.2,1.8,-2.0,-2.7,-2.9,-3.9,-2.9,0.0,32.4,36.5,49.9,13.4,0.2,271.8,27.0,14.9,76.2,,,OBAnorm,,LD831_02097v2.403,,,,0,0
DENATRLA,2025-06-23 08:37:15.000,43.7,36.7,27.8,25.5,24.7,22.4,21.1,16.6,16.7,14.3,18.2,20.9,22.6,23.0,25.1,25.6,25.7,27.7,26.3,25.0,23.0,20.8,17.7,13.8,10.2,7.0,1.8,-2.8,-2.9,-2.7,-3.9,-2.8,0.0,33.0,41.0,62.0,13.4,0.2,281.7,27.0,14.9,76.7,,,OBAnorm,,LD831_02097v2.403,,,,0,0
DENATRLA,2025-06-23 08:37:16.000,35.1,30.1,29.0,28.8,24.6,20.0,21.1,17.4,18.4,14.8,17.0,20.1,21.1,22.8,25.0,25.9,26.5,27.8,26.4,25.1,23.2,21.3,18.1,14.7,10.2,8.4,1.5,-2.2,-2.3,-2.5,-3.6,-2.8,-0.1,33.2,38.4,57.7,13.4,0.3,280.9,27.0,14.9,76.2,,,OBAnorm,,LD831_02097v2.403,,,,0,0
DENATRLA,2025-06-23 08:37:17.000,38.2,33.2,37.0,34.2,23.9,22.4,20.3,17.8,16.3,14.8,16.4,19.5,22.0,23.8,24.3,25.4,26.4,26.7,26.6,24.6,23.3,20.6,17.3,14.3,10.3,7.6,0.9,-3.3,-3.6,-3.6,-4.1,-3.1,-0.1,32.7,36.6,51.3,13.4,0.4,268.6,26.9,14.9,76.2,,,OBAnorm,,LD831_02097v2.403,,,,0,0
DENATRLA,2025-06-23 08:37:18.000,42.2,35.9,29.8,23.0,25.2,19.6,18.3,18.6,14.7,12.4,14.6,19.9,23.2,23.9,24.8,25.6,26.6,26.9,26.4,25.3,23.4,21.2,17.9,14.8,11.2,8.7,2.2,-2.5,-2.4,-2.3,-3.8,-2.8,-0.1,33.2,38.0,56.4,13.4,0.4,262.9,26.9,14.9,77.3,,,OBAnorm,,LD831_02097v2.403,,,,0,0
DENATRLA,2025-06-23 08:37:19.000,36.4,30.8,27.5,27.4,19.8,19.9,19.4,19.5,14.5,14.9,14.2,18.8,21.7,22.6,24.0,24.3,25.8,26.7,26.5,24.1,22.6,20.5,17.2,14.0,10.4,6.8,0.6,-3.4,-3.3,-3.6,-4.3,-3.1,-0.2,32.4,39.8,57.2,13.4,0.4,263.0,27.0,14.9,77.3,,,OBAnorm,,LD831_02097v2.403,,,,0,0
DENATRLA,2025-06-23 08:37:20.000,32.0,30.1,35.2,32.2,27.8,22.3,16.1,15.8,14.7,13.5,16.8,19.0,20.9,21.2,23.9,24.9,26.0,26.0,26.5,24.5,22.8,20.0,16.8,13.1,10.3,6.8,1.2,-3.3,-3.5,-3.7,-4.3,-3.1,-0.1,32.3,37.1,54.4,13.4,0.4,263.0,27.0,14.9,77.3,,,OBAnorm,,LD831_02097v2.403,,,,0,0
DENATRLA,2025-06-23 08:37:21.000,40.0,37.5,35.2,29.4,25.1,21.2,16.9,14.7,15.2,13.7,16.3,18.5,21.0,22.6,24.4,24.9,26.1,26.9,25.9,24.2,22.5,20.3,18.5,17.9,15.6,8.2,2.8,-3.2,-3.6,-3.7,-4.3,-3.1,-0.1,32.8,35.9,49.2,13.4,0.4,263.0,27.0,14.9,77.3,,,OBAnorm,,LD831_02097v2.403,,,,0,0
DENATRLA,2025-06-23 08:37:22.000,33.9,35.2,28.8,24.5,20.7,18.8,16.8,15.6,14.7,14.0,14.5,19.6,20.5,22.9,23.6,24.8,25.0,25.8,24.7,24.6,23.1,19.7,16.4,13.6,10.3,8.8,3.7,-2.9,-3.5,-3.7,-4.2,-3.1,-0.1,32.0,36.5,48.7,13.4,0.4,263.0,26.9,14.9,77.3,,,OBAnorm,,LD831_02097v2.403,,,,0,0
DENATRLA,2025-06-23 08:37:23.000,35.5,30.2,29.0,29.7,26.5,20.9,18.1,16.3,13.1,13.7,15.4,18.2,21.2,22.8,24.1,24.6,25.6,26.0,25.9,24.4,23.0,19.3,16.7,15.5,12.1,7.8,2.3,-3.2,-3.5,-3.6,-4.2,-3.2,-0.1,32.2,40.6,62.5,13.4,0.4,263.0,27.0,14.9,77.3,,,OBAnorm,,LD831_02097v2.403,,,,0,0
DENATRLA,2025-06-23 08:37:24.000,35.6,31.2,35.1,31.5,29.6,25.0,21.5,19.7,14.8,12.7,15.2,16.9,21.8,23.1,23.0,24.8,25.6,26.1,25.4,24.5,22.5,19.6,17.0,14.6,10.5,7.1,1.3,-3.2,-3.6,-3.7,-4.3,-3.2,-0.1,32.2,39.8,58.6,13.4,0.4,262.8,27.0,14.9,77.9,,,OBAnorm,,LD831_02097v2.403,,,,0,0
DENATRLA,2025-06-23 08:37:25.000,37.2,37.5,37.6,36.7,28.1,21.4,17.7,18.5,14.3,14.1,15.6,19.5,19.9,22.4,24.3,24.7,24.9,26.4,25.3,24.5,21.3,19.2,16.7,13.4,9.4,6.4,0.3,-3.5,-3.7,-3.9,-4.4,-3.3,-0.1,31.8,36.9,50.7,13.4,0.4,263.0,27.0,14.9,77.9,,,OBAnorm,,LD831_02097v2.403,,,,0,0
DENATRLA,2025-06-23 08:37:26.000,41.1,40.5,33.0,29.0,21.9,21.5,18.1,16.2,12.9,12.2,16.1,18.2,20.4,22.1,24.5,24.5,25.0,25.8,24.8,24.7,22.0,19.6,16.8,13.4,9.6,8.1,0.5,-3.5,-3.7,-3.9,-4.4,-3.2,-0.1,31.8,36.7,50.9,13.4,0.2,263.0,27.0,14.9,77.9,,,OBAnorm,,LD831_02097v2.403,,,,0,0
DENATRLA,2025-06-23 08:37:27.000,38.0,35.7,32.3,29.9,24.6,18.4,17.9,16.7,14.2,12.3,15.0,19.1,20.0,21.8,23.6,24.4,25.1,25.7,24.9,24.0,22.2,19.2,16.7,13.0,9.4,6.4,0.7,-3.5,-3.7,-3.8,-4.4,-3.2,-0.1,31.7,36.0,49.5,13.4,0.0,263.0,27.0,14.9,77.9,,,OBAnorm,,LD831_02097v2.403,,,,0,0
DENATRLA,2025-06-23 08:37:28.000,34.6,34.1,30.8,27.6,23.8,18.8,16.8,14.5,13.6,14.3,15.9,16.7,20.6,22.1,23.3,24.9,25.8,26.0,25.6,23.6,22.5,19.3,16.3,13.3,10.0,6.2,1.2,-3.5,-3.8,-3.9,-4.4,-3.1,-0.1,32.1,36.9,49.0,13.4,0.0,263.0,27.0,14.9,77.9,,,OBAnorm,,LD831_02097v2.403,,,,0,0
DENATRLA,2025-06-23 08:37:29.000,33.2,34.4,29.7,28.8,22.2,21.0,17.7,16.4,13.0,12.3,14.4,17.6,21.3,21.8,23.9,25.3,26.1,26.0,25.2,24.7,22.5,19.5,16.8,13.5,10.4,6.7,0.6,-3.1,-3.7,-3.8,-4.3,-3.1,-0.1,32.1,36.8,48.2,13.4,0.0,263.0,27.0,14.9,77.9,,,OBAnorm,,LD831_02097v2.403,,,,0,0
DENATRLA,2025-06-23 08:37:30.000,35.4,32.1,29.1,27.3,20.4,20.3,18.1,15.9,11.4,14.2,13.9,18.5,19.4,21.2,23.7,24.4,25.5,26.6,26.0,23.9,21.9,19.4,16.1,15.1,12.7,7.1,0.9,-3.3,-3.7,-3.8,-4.4,-3.1,-0.1,32.2,36.8,52.6,13.4,0.0,263.0,27.0,14.9,77.9,,,OBAnorm,,LD831_02097v2.403,,,,0,0
DENATRLA,2025-06-23 08:37:31.000,35.8,30.0,32.6,28.3,23.8,18.8,15.8,16.9,14.6,14.5,15.9,17.0,20.8,22.1,24.5,24.8,25.6,25.3,25.0,23.9,22.2,20.3,17.3,15.4,11.0,7.3,0.3,-3.2,-3.6,-3.8,-4.3,-3.1,-0.2,31.9,36.0,49.3,13.4,0.0,263.0,27.0,14.9,77.9,,,OBAnorm,,LD831_02097v2.403,,,,0,0
DENATRLA,2025-06-23 08:37:32.000,36.9,36.0,28.3,25.4,22.3,18.9,18.7,15.2,15.6,11.3,14.5,17.3,18.5,20.5,23.9,23.8,25.6,26.2,25.8,23.7,22.8,19.5,17.7,15.6,13.3,8.6,2.3,-3.6,-3.8,-3.7,-4.2,-3.0,-0.2,32.2,36.8,52.7,13.4,0.0,263.0,27.0,14.9,77.9,,,OBAnorm,,LD831_02097v2.403,,,,0,0
DENATRLA,2025-06-23 08:37:33.000,34.4,29.2,29.1,23.1,21.1,23.4,17.8,13.8,14.3,10.8,14.0,18.1,19.5,20.7,23.0,24.4,26.1,25.3,25.2,24.0,22.3,20.2,17.4,13.6,10.1,6.1,0.4,-3.6,-3.7,-3.6,-4.3,-3.2,-0.2,31.9,36.1,50.0,13.4,0.0,263.0,26.9,14.9,77.9,,,OBAnorm,,LD831_02097v2.403,,,,0,0
DENATRLA,2025-06-23 08:37:34.000,34.5,34.3,32.2,26.1,21.9,20.6,17.1,15.1,11.7,11.7,16.2,17.2,19.9,21.3,23.3,24.1,26.3,27.3,25.6,24.1,22.0,19.7,17.1,14.4,11.6,7.6,0.9,-3.4,-3.8,-3.9,-4.4,-3.2,-0.1,32.3,37.0,50.9,13.4,0.0,263.0,27.0,14.9,77.3,,,OBAnorm,,LD831_02097v2.403,,,,0,0
DENATRLA,2025-06-23 08:37:35.000,32.7,31.2,30.6,26.7,25.0,25.1,20.9,17.7,14.5,12.7,15.0,17.2,19.9,21.6,22.8,24.8,26.7,26.6,26.4,24.4,22.8,20.4,17.7,14.2,9.8,6.9,0.8,-3.5,-3.7,-3.9,-4.3,-3.0,-0.1,32.6,36.0,50.4,13.4,0.0,263.0,27.0,14.9,77.3,,,OBAnorm,,LD831_02097v2.403,,,,0,0
DENATRLA,2025-06-23 08:37:36.000,34.2,30.1,33.5,28.9,19.7,18.4,17.6,13.9,11.8,11.9,15.3,17.9,18.7,20.5,23.4,24.5,25.2,24.8,24.6,22.9,21.7,18.6,15.5,12.0,8.2,5.4,-0.5,-3.4,-3.8,-3.9,-4.3,-3.0,0.0,31.1,40.2,59.7,13.4,0.0,263.0,27.0,14.9,77.9,,,OBAnorm,,LD831_02097v2.403,,,,0,0
DENATRLA,2025-06-23 08:37:37.000,27.8,29.5,26.9,29.5,27.7,23.9,32.2,25.1,19.0,21.7,21.4,20.0,21.6,21.9,22.9,23.4,24.9,25.3,24.8,24.0,20.8,19.3,16.0,11.7,8.5,5.3,-0.3,-3.5,-3.7,-3.7,-4.2,-2.7,0.1,31.4,48.9,68.6,13.4,0.0,261.4,27.0,14.9,77.3,,,OBAnorm,,LD831_02097v2.403,,,,0,0
DENATRLA,2025-06-23 08:37:38.000,32.0,34.4,41.2,39.8,39.8,37.5,35.9,28.6,25.8,18.6,15.4,18.0,18.7,21.6,24.3,23.1,24.8,25.0,24.3,23.8,21.6,18.7,15.3,12.0,8.5,5.6,-0.1,-3.4,-3.6,-3.6,-4.2,-3.1,0.1,31.1,44.3,60.8,13.4,0.0,244.4,27.0,14.9,77.3,,,OBAnorm,,LD831_02097v2.403,,,,0,0
DENATRLA,2025-06-23 08:37:39.000,46.3,46.9,44.7,37.9,37.3,31.1,17.9,15.2,12.4,13.2,15.2,18.9,20.9,22.8,23.3,24.1,24.9,26.0,24.5,23.6,21.4,18.7,16.3,13.3,9.2,6.8,1.2,-2.9,-3.5,-3.5,-4.3,-3.1,-0.1,31.6,37.1,52.3,13.4,0.0,186.3,27.0,14.8,76.2,,,OBAnorm,,LD831_02097v2.403,,,,0,0
DENATRLA,2025-06-23 08:37:40.000,52.6,50.7,31.8,30.1,23.7,19.7,20.1,16.2,13.1,12.7,15.2,19.8,19.8,21.4,23.7,25.1,25.8,26.3,25.1,24.7,23.2,19.5,16.8,14.0,10.5,7.1,0.9,-3.3,-3.5,-3.6,-4.2,-3.0,-0.1,32.3,39.1,59.5,13.4,0.0,177.5,27.0,14.8,76.2,,,OBAnorm,,LD831_02097v2.403,,,,0,0
DENATRLA,2025-06-23 08:37:41.000,42.6,29.8,33.6,32.6,27.9,24.0,19.4,14.2,12.4,13.3,16.6,18.2,20.7,22.6,24.3,24.8,27.6,28.3,27.3,24.5,22.9,20.8,17.7,14.2,10.3,6.4,0.7,-3.3,-3.7,-3.7,-4.3,-3.0,-0.1,33.2,39.4,57.3,13.4,0.0,177.5,27.0,14.9,77.9,,,OBAnorm,,LD831_02097v2.403,,,,0,0
DENATRLA,2025-06-23 08:37:42.000,37.2,36.1,33.1,31.8,29.9,27.4,20.6,17.8,15.7,10.7,12.5,17.5,20.9,23.1,23.9,24.6,25.7,25.9,25.3,24.6,23.1,20.6,17.8,17.4,16.7,7.5,1.0,-3.4,-3.3,-3.6,-4.3,-3.1,-0.1,32.6,37.4,54.3,13.4,0.0,177.5,27.0,14.9,77.9,,,OBAnorm,,LD831_02097v2.403,,,,0,0
DENATRLA,2025-06-23 08:37:43.000,35.2,31.6,33.9,29.3,24.1,21.2,17.6,16.3,14.2,14.4,15.0,18.9,20.6,22.6,23.7,26.3,26.5,26.8,25.1,24.3,22.2,20.0,18.3,17.0,16.2,9.0,3.5,-3.0,-3.7,-3.8,-4.4,-3.1,-0.1,32.7,40.9,62.4,13.4,0.0,177.5,27.0,14.9,77.9,,,OBAnorm,,LD831_02097v2.403,,,,0,0
DENATRLA,2025-06-23 08:37:44.000,36.6,36.3,35.5,30.0,30.0,26.6,20.5,20.7,16.7,13.3,16.4,18.2,21.4,22.0,23.8,24.7,25.4,26.7,26.4,24.1,21.7,19.4,16.2,13.6,10.4,6.5,0.8,-3.3,-3.5,-3.8,-4.4,-3.1,-0.2,32.1,36.3,55.8,13.4,0.0,177.6,27.0,14.9,77.9,,,OBAnorm,,LD831_02097v2.403,,,,0,0
DENATRLA,2025-06-23 08:37:45.000,32.1,38.6,29.2,28.6,24.8,17.0,18.1,14.7,13.7,13.0,16.5,19.7,21.6,21.7,23.3,24.0,25.3,25.6,25.6,24.2,22.5,20.1,17.1,13.7,10.7,7.6,4.3,-1.2,-1.0,-3.4,-4.2,-3.0,-0.1,32.0,35.7,48.2,13.4,0.0,179.4,27.0,14.9,77.9,,,OBAnorm,,LD831_02097v2.403,,,,0,0
DENATRLA,2025-06-23 08:37:46.000,43.7,34.6,29.8,25.5,23.3,18.9,18.0,15.0,15.1,13.0,15.6,18.5,21.2,21.3,24.2,24.5,25.9,26.2,25.0,23.8,22.2,19.6,16.2,12.6,9.7,10.0,7.7,2.7,3.8,-2.9,-4.2,-3.2,-0.1,31.8,36.8,56.6,13.4,0.0,179.5,27.0,14.9,77.9,,,OBAnorm,,LD831_02097v2.403,,,,0,0
DENATRLA,2025-06-23 08:37:47.000,29.5,29.8,28.2,28.5,24.0,20.4,18.6,11.8,12.5,11.4,15.8,18.7,21.0,22.5,23.6,25.2,25.2,26.0,25.1,24.0,22.2,19.5,15.9,12.8,10.5,9.2,6.3,2.1,4.3,-2.6,-4.2,-3.1,-0.1,31.9,36.2,52.8,13.4,0.0,179.5,27.0,14.9,77.9,,,OBAnorm,,LD831_02097v2.403,,,,0,0
DENATRLA,2025-06-23 08:37:48.000,32.2,32.7,30.0,23.1,23.8,19.1,18.5,14.9,12.1,12.0,16.1,18.0,19.5,22.4,22.9,25.2,24.8,25.2,24.3,23.5,21.1,18.8,15.5,12.3,9.5,8.6,4.3,0.0,4.2,-1.8,-4.3,-3.1,-0.1,31.2,37.3,54.2,13.4,0.0,179.4,27.0,14.9,77.9,,,OBAnorm,,LD831_02097v2.403,,,,0,0
DENATRLA,2025-06-23 08:37:49.000,34.6,32.5,33.0,25.5,22.2,20.7,17.8,13.7,11.4,13.9,14.3,18.1,21.4,22.5,23.7,23.9,25.6,25.6,24.9,23.1,20.8,18.6,15.8,11.7,8.6,6.1,0.3,-1.5,4.7,-2.7,-4.3,-3.1,-0.2,31.3,35.3,47.7,13.4,0.0,180.4,27.0,14.9,77.9,,,OBAnorm,,LD831_02097v2.403,,,,0,0
DENATRLA,2025-06-23 08:37:50.000,36.1,34.0,34.9,26.0,18.9,21.4,16.9,15.1,11.7,13.3,14.2,18.6,21.6,22.0,23.9,23.0,24.8,25.6,24.9,23.5,20.9,19.2,16.1,12.8,9.2,6.9,-0.2,-3.4,-3.5,-3.6,-4.2,-3.0,-0.1,31.4,35.2,48.1,13.4,0.0,180.3,27.0,14.9,77.9,,,OBAnorm,,LD831_02097v2.403,,,,0,0
DENATRLA,2025-06-23 08:37:51.000,35.6,32.6,26.9,25.6,18.4,21.0,17.9,16.3,10.7,13.7,16.3,18.8,21.0,22.7,22.9,24.6,25.3,25.5,24.8,23.9,21.6,18.7,16.5,12.9,8.8,5.7,0.6,-3.4,-3.6,-3.7,-4.4,-3.1,-0.1,31.5,35.5,47.0,13.4,0.0,180.4,27.0,14.9,77.9,,,OBAnorm,,LD831_02097v2.403,,,,0,0
DENATRLA,2025-06-23 08:37:52.000,33.4,32.8,25.4,25.6,18.9,20.9,17.4,17.4,11.4,10.3,15.7,17.9,21.4,21.5,22.6,24.1,25.8,26.5,25.7,23.4,21.2,18.8,16.0,12.5,8.9,5.4,0.6,-3.4,-3.7,-3.8,-4.4,-3.2,-0.1,31.8,35.6,46.9,13.4,0.0,180.4,27.0,14.9,77.9,,,OBAnorm,,LD831_02097v2.403,,,,0,0
DENATRLA,2025-06-23 08:37:53.000,31.0,27.5,30.0,22.6,21.7,21.1,16.6,15.9,12.4,13.1,15.4,18.4,19.4,21.7,24.1,24.9,25.4,26.3,25.3,23.1,21.4,18.5,15.8,11.7,7.9,6.1,0.8,-3.5,-3.6,-3.8,-4.4,-3.1,-0.2,31.5,36.6,50.3,13.4,0.0,180.3,27.0,14.9,77.9,,,OBAnorm,,LD831_02097v2.403,,,,0,0
DENATRLA,2025-06-23 08:37:54.000,37.2,27.0,27.4,29.4,20.3,22.2,18.7,18.1,12.3,10.8,16.1,17.4,21.7,21.3,24.1,24.1,24.8,25.1,24.9,23.9,21.4,18.9,16.4,12.8,8.9,6.6,1.5,-3.3,-3.6,-3.9,-4.4,-3.0,-0.2,31.5,35.0,48.4,13.4,0.0,180.3,27.0,14.9,77.9,,,OBAnorm,,LD831_02097v2.403,,,,0,0
DENATRLA,2025-06-23 08:37:55.000,33.0,34.6,28.5,24.0,19.1,19.8,17.1,15.7,12.4,13.0,15.7,19.1,20.4,21.7,23.3,24.8,25.3,25.5,25.0,23.6,21.4,19.0,16.0,12.8,9.3,6.1,0.9,-3.1,-3.4,-3.6,-4.2,-3.1,-0.1,31.5,35.9,52.0,13.4,0.0,180.4,27.0,14.9,77.9,,,OBAnorm,,LD831_02097v2.403,,,,0,0
DENATRLA,2025-06-23 08:37:56.000,29.6,27.9,27.1,23.4,19.3,19.5,18.3,16.5,10.8,13.2,15.0,17.9,20.6,21.7,23.0,24.6,25.6,26.7,25.4,24.3,21.8,18.4,15.9,12.4,8.6,5.9,0.6,-3.4,-3.7,-3.8,-4.3,-3.0,-0.2,31.9,35.8,46.8,13.4,0.0,180.3,27.0,14.9,77.9,,,OBAnorm,,LD831_02097v2.403,,,,0,0
DENATRLA,2025-06-23 08:37:57.000,33.1,30.6,28.6,27.0,24.7,20.8,18.8,15.8,14.6,11.7,16.0,18.2,19.4,22.1,24.1,24.2,25.5,25.5,24.9,23.8,21.2,18.7,16.0,12.5,8.8,6.3,1.7,-3.0,-3.3,-3.8,-4.3,-3.1,-0.1,31.5,34.9,44.7,13.4,0.0,179.9,27.0,14.9,77.9,,,OBAnorm,,LD831_02097v2.403,,,,0,0
DENATRLA,2025-06-23 08:37:58.000,34.4,26.5,28.0,24.7,22.4,20.4,18.3,16.5,10.9,12.4,15.8,19.4,21.2,22.1,23.5,24.0,24.7,25.2,24.9,23.9,21.8,20.5,17.4,15.7,13.8,6.4,1.1,-3.3,-3.7,-3.8,-4.4,-3.2,-0.1,31.8,35.2,42.4,13.4,0.0,155.7,27.0,14.9,77.9,,,OBAnorm,,LD831_02097v2.403,,,,0,0
DENATRLA,2025-06-23 08:37:59.000,25.1,28.8,27.2,26.6,19.6,17.7,17.7,15.7,13.7,12.7,16.4,18.8,21.4,22.5,23.9,24.1,24.9,25.2,24.7,23.9,21.6,19.1,16.2,14.2,12.8,11.1,5.6,-1.9,-3.0,-3.7,-4.4,-3.2,-0.1,31.4,34.9,38.6,13.4,0.0,138.3,27.0,14.9,77.9,,,OBAnorm,,LD831_02097v2.403,,,,0,0
DENATRLA,2025-06-23 08:38:00.000,27.4,32.6,26.4,24.8,22.3,20.8,18.4,14.8,12.9,12.2,14.4,17.8,21.7,22.1,22.6,24.2,25.0,24.9,25.3,23.9,21.2,19.2,15.6,12.2,9.2,7.7,4.2,-1.0,-2.8,-3.7,-4.3,-3.1,-0.2,31.3,35.0,40.4,13.4,0.0,133.4,27.0,14.9,77.9,,,OBAnorm,,LD831_02097v2.403,,,,0,0
DENATRLA,2025-06-23 08:38:01.000,27.1,30.1,24.8,22.8,22.4,22.3,15.2,17.8,15.3,13.6,15.7,19.0,21.3,23.6,22.8,23.1,24.9,25.4,25.2,23.9,22.6,19.5,16.1,12.3,9.7,7.9,4.6,-1.0,-3.0,-3.8,-4.4,-3.2,-0.2,31.7,35.2,39.9,13.4,0.0,133.3,27.0,14.9,77.9,,,OBAnorm,,LD831_02097v2.403,,,,0,0
DENATRLA,2025-06-23 08:38:02.000,31.1,30.4,27.8,25.0,24.5,21.2,16.4,15.0,14.5,14.5,15.8,18.2,21.6,23.4,24.1,24.0,25.6,26.0,25.6,24.8,23.5,19.6,16.4,13.1,10.2,8.2,4.2,-1.3,-2.9,-3.4,-4.3,-3.0,-0.1,32.4,35.5,40.1,13.4,0.0,132.6,27.0,14.9,77.9,,,OBAnorm,,LD831_02097v2.403,,,,0,0
DENATRLA,2025-06-23 08:38:03.000,34.8,27.7,26.7,22.7,22.1,19.8,17.0,15.0,13.0,12.6,17.0,18.5,21.4,22.1,23.0,24.2,25.4,25.8,25.0,24.3,23.1,20.4,16.7,13.1,9.6,7.9,3.8,-1.6,-3.1,-3.8,-4.5,-3.1,-0.1,32.1,35.4,40.8,13.4,0.0,128.0,27.0,14.9,77.9,,,OBAnorm,,LD831_02097v2.403,,,,0,0
DENATRLA,2025-06-23 08:38:04.000,29.7,25.7,26.9,29.0,23.6,18.7,18.0,15.7,15.8,13.4,16.7,18.4,21.2,23.2,24.1,24.7,24.5,25.9,25.3,23.9,22.0,18.7,15.9,12.6,9.4,7.5,4.7,-2.3,-3.4,-3.8,-4.3,-3.1,-0.2,31.7,35.1,46.1,13.4,0.0,126.7,27.0,14.9,77.9,,,OBAnorm,,LD831_02097v2.403,,,,0,0
DENATRLA,2025-06-23 08:38:05.000,31.8,27.7,25.8,25.6,21.5,18.1,15.2,16.4,12.4,13.7,16.3,18.7,21.3,21.8,23.9,23.8,25.3,25.2,25.2,23.2,22.2,18.6,16.2,13.0,9.1,7.4,3.2,-2.6,-3.6,-3.8,-4.4,-3.1,-0.3,31.5,35.4,45.4,13.4,0.0,126.7,27.0,14.8,77.9,,,OBAnorm,,LD831_02097v2.403,,,,0,0
DENATRLA,2025-06-23 08:38:06.000,27.5,30.7,26.4,23.2,22.4,19.7,18.3,16.2,13.4,12.0,16.1,17.5,20.9,22.9,24.3,25.1,25.4,25.8,25.0,23.7,22.2,20.0,19.2,21.2,15.9,15.0,5.5,-3.0,-3.6,-3.9,-4.3,-3.1,-0.1,32.5,35.2,43.2,13.4,0.0,126.7,27.0,14.8,77.9,,,OBAnorm,,LD831_02097v2.403,,,,0,0
DENATRLA,2025-06-23 08:38:07.000,28.2,29.2,29.1,22.3,21.5,18.2,18.5,16.1,13.3,12.0,15.3,16.8,20.1,22.3,24.2,24.6,25.4,25.3,24.8,24.1,21.9,19.6,16.6,13.2,10.1,8.4,4.0,-2.4,-3.4,-3.8,-4.3,-3.3,-0.2,31.7,34.8,39.6,13.4,0.0,126.7,27.0,14.8,77.9,,,OBAnorm,,LD831_02097v2.403,,,,0,0
DENATRLA,2025-06-23 08:38:08.000,33.2,27.7,26.5,18.5,21.7,20.4,18.6,17.3,13.0,11.9,16.2,17.2,19.8,22.0,23.3,23.6,24.5,26.0,24.8,23.2,20.9,18.2,15.1,11.4,8.0,6.4,2.4,-3.4,-3.7,-3.8,-4.3,-3.1,0.0,31.2,34.6,44.4,13.4,0.0,126.7,27.0,14.9,77.9,,,OBAnorm,,LD831_02097v2.403,,,,0,0
DENATRLA,2025-06-23 08:38:09.000,30.8,27.2,25.2,24.1,19.2,17.1,18.9,13.8,13.1,14.1,16.3,18.5,19.9,22.2,23.7,24.2,25.3,25.6,25.1,23.7,21.1,18.9,15.7,12.0,9.2,6.0,3.2,-3.5,-3.6,-3.8,-4.3,-3.1,-0.2,31.5,34.9,45.3,13.4,0.0,126.7,27.0,14.9,77.9,,,OBAnorm,,LD831_02097v2.403,,,,0,0
DENATRLA,2025-06-23 08:38:10.000,30.3,26.2,27.6,26.5,20.7,19.2,15.4,16.9,13.1,12.7,14.8,18.7,20.4,21.0,23.4,24.9,25.3,26.0,25.7,24.4,22.3,18.6,15.4,13.8,9.6,7.7,3.0,-3.3,-3.7,-3.9,-4.4,-3.3,-0.2,31.9,35.9,46.7,13.4,0.0,126.7,27.0,14.9,77.9,,,OBAnorm,,LD831_02097v2.403,,,,0,0
DENATRLA,2025-06-23 08:38:11.000,30.8,27.5,23.8,24.5,20.8,18.5,17.2,14.2,12.6,13.5,15.0,19.2,20.8,22.7,23.5,23.2,24.5,24.6,24.5,23.4,21.6,18.7,15.6,12.4,8.9,6.0,2.9,-2.7,-3.6,-3.8,-4.4,-3.2,-0.2,31.1,35.0,46.4,13.4,0.0,124.5,27.0,14.9,77.9,,,OBAnorm,,LD831_02097v2.403,,,,0,0
DENATRLA,2025-06-23 08:38:12.000,33.8,34.1,30.6,27.3,19.9,19.3,15.6,14.5,13.4,13.3,15.9,18.7,21.0,22.3,23.5,23.6,24.3,25.0,25.9,24.2,21.6,19.2,16.6,13.6,10.2,9.4,7.3,-3.2,-3.7,-3.8,-4.4,-3.1,-0.1,31.6,35.4,47.4,13.4,0.0,118.9,27.0,14.9,78.5,,,OBAnorm,,LD831_02097v2.403,,,,0,0
DENATRLA,2025-06-23 08:38:13.000,31.7,29.0,25.4,23.9,17.4,18.3,18.8,15.9,13.4,11.8,14.8,19.1,20.3,23.2,23.8,24.3,24.0,25.3,24.8,23.3,21.6,18.7,15.5,11.9,8.5,5.5,0.6,-2.6,-1.2,-3.4,-4.3,-3.1,-0.2,31.2,35.5,49.6,13.4,0.0,97.2,27.0,14.8,78.4,,,OBAnorm,,LD831_02097v2.403,,,,0,0
DENATRLA,2025-06-23 08:38:14.000,26.4,29.3,31.0,22.5,21.4,20.4,16.8,15.7,10.5,12.4,17.8,19.0,21.5,22.9,24.2,24.2,24.7,25.2,25.3,23.1,22.1,19.1,17.2,15.8,12.9,6.8,1.7,-3.3,-3.8,-3.8,-4.4,-3.0,-0.1,31.6,35.6,50.3,13.4,0.0,72.2,27.0,14.8,78.4,,,OBAnorm,,LD831_02097v2.403,,,,0,0
DENATRLA,2025-06-23 08:38:15.000,33.3,31.0,27.6,25.6,24.0,19.1,17.7,14.6,14.2,10.7,15.9,18.3,21.5,21.5,23.8,24.0,26.3,25.6,24.8,24.2,22.0,18.9,16.5,17.1,14.6,9.5,3.2,-2.9,-3.7,-3.8,-4.3,-3.2,-0.2,31.9,35.3,44.3,13.4,0.0,68.5,27.0,14.8,78.4,,,OBAnorm,,LD831_02097v2.403,,,,0,0
DENATRLA,2025-06-23 08:38:16.000,35.6,22.8,24.4,26.3,21.9,22.3,15.0,14.7,13.1,12.8,15.1,17.2,21.6,21.9,24.1,24.1,24.9,24.7,24.6,23.8,21.5,19.0,15.2,12.6,9.4,5.6,0.8,-3.6,-3.8,-3.9,-4.4,-3.3,-0.1,31.3,34.5,42.4,13.4,0.0,68.5,27.0,14.8,78.4,,,OBAnorm,,LD831_02097v2.403,,,,0,0
DENATRLA,2025-06-23 08:38:17.000,30.0,30.8,23.8,24.2,23.9,17.3,15.8,14.7,14.4,12.8,15.6,18.6,21.4,22.3,23.6,24.6,25.1,24.9,25.5,23.9,21.7,19.0,15.9,12.3,10.5,5.7,0.1,-3.4,-3.6,-3.7,-4.3,-3.3,-0.2,31.5,34.9,42.9,13.4,0.0,68.5,27.0,14.8,78.4,,,OBAnorm,,LD831_02097v2.403,,,,0,0
DENATRLA,2025-06-23 08:38:18.000,31.3,27.7,21.9,26.8,22.6,18.6,19.0,17.0,11.3,12.9,16.3,16.7,19.8,21.3,22.8,24.6,24.9,25.3,24.9,23.3,21.5,19.7,16.4,12.4,8.7,5.5,0.6,-3.3,-3.5,-3.5,-4.3,-3.1,-0.1,31.5,34.7,39.4,13.4,0.0,68.5,27.0,14.8,78.4,,,OBAnorm,,LD831_02097v2.403,,,,0,0
DENATRLA,2025-06-23 08:38:19.000,29.8,30.0,23.8,23.1,22.2,19.7,16.5,16.4,12.4,11.6,13.7,16.9,19.7,21.5,22.1,24.1,24.6,26.1,25.2,23.7,22.0,18.6,15.7,11.8,7.9,5.3,-0.2,-3.5,-3.6,-3.7,-4.3,-3.2,-0.1,31.6,34.9,41.1,13.4,0.0,68.5,27.0,14.8,78.4,,,OBAnorm,,LD831_02097v2.403,,,,0,0
DENATRLA,2025-06-23 08:38:20.000,28.9,29.9,26.0,25.5,22.1,19.4,18.2,15.5,14.4,11.8,14.5,17.3,19.4,21.8,23.4,24.6,26.0,26.5,25.9,24.0,21.1,18.4,15.7,11.6,7.9,4.9,0.3,-3.4,-3.6,-3.7,-4.4,-3.1,-0.1,31.7,35.0,40.1,13.4,0.0,68.5,27.0,14.9,78.5,,,OBAnorm,,LD831_02097v2.403,,,,0,0
DENATRLA,2025-06-23 08:38:21.000,30.3,28.5,28.7,24.3,23.0,19.2,18.1,12.5,11.3,13.5,14.3,17.9,19.9,21.2,23.1,23.9,25.9,25.6,25.3,23.1,21.0,18.8,15.7,12.3,8.6,5.6,0.1,-3.2,-3.7,-3.7,-4.4,-3.0,-0.2,31.6,35.7,50.1,13.4,0.0,68.5,27.0,14.9,78.5,,,OBAnorm,,LD831_02097v2.403,,,,0,0
DENATRLA,2025-06-23 08:38:22.000,28.4,28.4,27.4,26.8,24.0,23.5,21.0,17.1,14.2,13.2,15.4,18.7,20.5,22.2,23.8,23.8,25.9,26.7,25.3,23.5,21.5,19.5,15.1,12.3,8.6,6.0,1.3,-3.4,-3.7,-3.8,-4.4,-3.2,-0.1,31.8,38.3,52.2,13.4,0.0,69.1,27.0,14.9,78.5,,,OBAnorm,,LD831_02097v2.403,,,,0,0
DENATRLA,2025-06-23 08:38:23.000,24.3,30.2,30.9,28.3,24.4,23.4,20.5,16.5,12.7,11.3,17.3,19.4,19.3,21.2,23.7,24.1,25.4,25.6,24.4,23.5,21.4,18.8,15.4,11.8,8.7,5.2,0.5,-2.9,-3.4,-3.6,-4.3,-3.2,-0.1,31.3,37.5,58.1,13.4,0.0,81.8,27.0,14.9,78.5,,,OBAnorm,,LD831_02097v2.403,,,,0,0
DENATRLA,2025-06-23 08:38:24.000,37.3,34.5,34.0,29.6,22.3,22.7,20.5,18.1,10.8,12.2,14.3,17.8,21.3,22.1,22.3,24.1,24.2,25.4,24.4,23.2,20.6,18.3,19.2,19.4,16.8,12.2,2.6,-3.3,-3.6,-3.9,-4.4,-3.2,-0.2,31.7,37.3,56.1,13.4,0.0,106.1,27.0,14.9,78.5,,,OBAnorm,,LD831_02097v2.403,,,,0,0
DENATRLA,2025-06-23 08:38:25.000,42.6,32.4,30.3,25.6,23.9,19.1,17.2,17.0,13.5,13.1,15.2,18.3,19.8,21.9,22.5,23.9,24.8,25.5,24.8,23.3,21.5,19.0,15.2,11.7,8.3,5.7,2.2,-2.8,-3.4,-3.8,-4.4,-3.2,-0.2,31.2,34.8,47.5,13.4,0.0,125.6,27.0,14.9,78.5,,,OBAnorm,,LD831_02097v2.403,,,,0,0
DENATRLA,2025-06-23 08:38:26.000,35.0,31.6,31.0,28.8,22.2,20.2,16.6,15.8,10.9,13.1,15.1,16.9,20.0,21.0,22.9,23.0,24.6,24.3,24.3,22.7,20.8,18.6,15.0,11.5,8.2,5.5,2.1,-2.9,-3.6,-3.8,-4.4,-3.3,-0.3,30.6,34.2,42.3,13.4,0.0,132.5,27.0,14.9,78.5,,,OBAnorm,,LD831_02097v2.403,,,,0,0
DENATRLA,2025-06-23 08:38:27.000,35.7,26.9,26.2,22.4,18.8,21.0,19.0,16.2,11.5,12.0,14.8,19.0,21.4,21.7,22.7,24.3,24.4,25.1,24.6,23.1,21.4,18.1,15.3,12.6,9.4,5.3,0.7,-3.4,-3.6,-3.8,-4.4,-3.2,0.0,31.0,34.4,41.6,13.4,0.0,136.2,27.0,14.9,79.0,,,OBAnorm,,LD831_02097v2.403,,,,0,0
DENATRLA,2025-06-23 08:38:28.000,31.8,26.9,26.9,21.9,20.5,17.9,16.3,15.0,13.9,14.3,15.9,19.0,21.1,22.3,24.2,24.4,24.8,25.1,24.4,23.0,20.8,18.3,15.2,11.5,7.9,5.0,-0.4,-3.6,-3.7,-3.8,-4.3,-3.2,-0.1,31.0,35.0,44.7,13.4,0.0,149.6,27.0,14.9,79.0,,,OBAnorm,,LD831_02097v2.403,,,,0,0
DENATRLA,2025-06-23 08:38:29.000,25.8,28.6,29.3,26.3,22.4,18.7,17.2,16.3,12.9,12.6,15.5,19.2,21.6,21.9,22.9,24.0,25.1,25.1,25.0,23.2,21.9,18.2,15.3,13.3,9.4,8.1,4.2,-3.1,-3.6,-3.8,-4.4,-3.2,-0.1,31.3,34.8,46.6,13.4,0.0,155.5,27.0,14.9,79.0,,,OBAnorm,,LD831_02097v2.403,,,,0,0
DENATRLA,2025-06-23 08:38:30.000,30.8,22.5,28.1,24.5,21.8,19.1,17.0,15.9,12.4,13.2,15.4,19.1,20.4,21.5,23.4,23.7,23.9,25.1,23.5,23.1,20.7,17.7,14.7,11.4,9.0,8.7,0.7,-3.2,-3.5,-3.7,-4.4,-3.0,-0.1,30.6,36.8,51.0,13.4,0.0,155.7,27.0,14.9,79.0,,,OBAnorm,,LD831_02097v2.403,,,,0,0
DENATRLA,2025-06-23 08:38:31.000,23.9,24.6,25.4,28.9,24.9,20.0,21.7,16.9,18.4,17.7,19.1,20.7,19.6,21.9,23.4,24.5,26.0,26.8,25.3,23.5,21.5,18.7,15.9,13.9,12.3,7.9,2.6,-2.3,-2.7,-2.1,-3.2,-2.2,0.4,32.0,49.8,67.4,13.4,0.0,162.1,27.0,14.9,79.0,,,OBAnorm,,LD831_02097v2.403,,,,0,0
DENATRLA,2025-06-23 08:38:32.000,29.4,32.9,34.5,33.2,36.0,39.8,38.2,37.2,35.6,29.8,26.9,22.8,23.8,24.3,23.1,24.6,25.1,25.6,25.1,23.6,21.1,18.4,14.8,11.9,7.9,5.3,1.3,-1.4,-1.1,-0.6,-2.4,-1.6,0.7,31.8,54.8,74.4,13.4,0.0,310.3,27.0,15.0,78.5,,,OBAnorm,,LD831_02097v2.403,,,,0,0
DENATRLA,2025-06-23 08:38:33.000,43.1,36.8,47.5,43.5,46.1,42.7,42.2,42.6,40.1,35.8,28.0,26.5,24.7,23.3,22.9,23.2,25.3,25.9,25.1,23.6,22.3,19.7,19.3,18.1,10.2,7.2,2.3,-0.9,-1.0,-0.8,-2.0,-0.9,1.3,32.6,57.3,76.3,13.4,0.4,309.9,27.0,15.0,77.9,,,OBAnorm,,LD831_02097v2.403,,,,0,0
DENATRLA,2025-06-23 08:38:34.000,57.5,50.8,51.9,50.8,47.9,45.8,43.4,39.8,35.6,34.7,28.1,24.3,24.8,24.4,24.0,24.6,25.6,26.8,25.6,23.9,23.0,20.4,17.6,15.2,19.6,13.4,5.7,0.2,-0.3,-0.4,-1.4,-0.5,2.0,33.6,62.2,77.5,13.4,1.0,295.8,27.0,15.0,78.5,,,OBAnorm,,LD831_02097v2.403,,,,0,0
DENATRLA,2025-06-23 08:38:35.000,60.1,57.7,53.2,54.6,51.1,51.2,45.7,44.7,42.2,36.1,30.1,27.7,24.5,22.8,23.2,24.2,25.0,25.7,25.0,23.7,21.8,18.6,15.7,12.2,8.6,5.5,1.4,-0.9,-1.1,-1.0,-2.5,-1.6,0.9,32.0,59.1,76.2,13.4,1.3,303.7,27.0,14.9,78.5,,,OBAnorm,,LD831_02097v2.403,,,,0,0
DENATRLA,2025-06-23 08:38:36.000,61.5,56.4,63.2,56.8,48.6,46.1,43.3,41.8,41.9,34.1,30.0,25.5,24.4,24.0,24.2,24.3,25.3,25.8,25.5,24.5,21.6,18.8,16.3,12.5,8.9,5.8,2.2,0.7,0.6,0.2,-0.8,0.1,2.3,32.7,59.2,79.5,13.4,1.3,287.5,27.0,14.9,77.3,,,OBAnorm,,LD831_02097v2.403,,,,0,0
DENATRLA,2025-06-23 08:38:37.000,63.7,56.5,57.2,52.8,52.2,50.2,44.3,38.7,35.8,31.4,26.2,22.7,21.7,22.2,23.9,24.0,25.2,25.8,25.4,23.6,21.7,19.0,15.5,13.6,11.5,7.9,3.4,-0.1,0.8,-0.2,-1.8,-1.4,0.6,31.9,55.0,72.8,13.4,1.3,246.2,27.0,14.9,77.3,,,OBAnorm,,LD831_02097v2.403,,,,0,0
DENATRLA,2025-06-23 08:38:38.000,64.6,59.2,52.1,50.4,46.8,41.0,34.6,36.7,31.6,24.4,19.7,19.2,20.4,22.0,23.2,23.1,24.1,25.9,25.8,23.4,21.7,18.7,16.2,11.9,8.4,5.4,0.9,-2.1,-1.3,-2.0,-3.1,-2.2,0.3,31.5,51.0,70.5,13.4,1.3,251.5,27.0,14.9,77.9,,,OBAnorm,,LD831_02097v2.403,,,,0,0
DENATRLA,2025-06-23 08:38:39.000,57.6,53.7,49.5,44.9,42.5,34.3,29.3,28.5,21.9,15.0,14.9,18.4,20.0,21.5,23.4,23.9,24.3,26.1,25.3,22.9,21.1,18.9,15.7,12.2,8.4,6.5,0.5,-2.5,-2.5,-2.9,-4.0,-2.8,0.1,31.4,44.3,64.1,13.4,1.2,260.4,27.0,14.9,77.9,,,OBAnorm,,LD831_02097v2.403,,,,0,0
DENATRLA,2025-06-23 08:38:40.000,59.6,53.3,47.1,38.0,37.0,31.2,22.4,23.2,18.2,17.2,16.1,20.3,20.8,22.3,23.5,22.8,24.6,25.4,25.1,23.3,21.2,18.7,15.2,11.5,8.1,5.3,0.1,-2.3,-2.8,-3.2,-4.0,-3.0,0.0,31.1,46.6,64.0,13.4,1.1,273.5,27.0,14.9,77.3,,,OBAnorm,,LD831_02097v2.403,,,,0,0
DENATRLA,2025-06-23 08:38:41.000,51.5,46.0,42.0,40.3,34.2,32.0,29.7,24.1,19.5,13.5,16.9,19.6,17.4,21.5,23.5,24.0,24.8,26.2,25.6,24.7,22.1,19.7,16.9,13.3,9.8,6.6,0.8,-2.2,-3.3,-3.1,-4.0,-2.8,0.0,32.0,47.0,64.7,13.4,1.1,328.4,27.0,14.9,76.7,,,OBAnorm,,LD831_02097v2.403,,,,0,0
DENATRLA,2025-06-23 08:38:42.000,45.2,46.9,37.7,34.1,37.4,30.1,29.1,27.4,20.5,16.1,16.1,17.8,19.9,22.2,22.8,23.9,25.0,26.4,25.4,25.1,22.6,20.5,18.1,15.5,12.4,6.6,1.6,-2.6,-3.4,-3.5,-4.1,-3.0,-0.1,32.4,44.3,62.7,13.4,1.0,314.3,27.0,14.9,76.7,,,OBAnorm,,LD831_02097v2.403,,,,0,0
DENATRLA,2025-06-23 08:38:43.000,51.0,43.3,46.1,41.0,33.9,29.9,25.2,20.4,12.8,13.6,16.7,18.9,20.2,21.7,22.8,24.0,26.2,26.2,26.5,25.3,22.5,20.2,17.8,15.1,12.2,7.5,3.3,-2.8,-3.4,-3.6,-4.1,-2.9,-0.2,32.7,36.7,53.6,13.4,0.8,314.1,27.0,14.9,76.2,,,OBAnorm,,LD831_02097v2.403,,,,0,0
DENATRLA,2025-06-23 08:38:44.000,52.7,48.2,36.6,27.9,22.7,20.4,19.9,16.5,14.9,12.9,16.2,18.2,21.3,22.2,22.5,24.3,25.3,26.9,26.3,25.0,23.3,20.4,16.8,13.0,9.8,6.4,0.8,-3.2,-3.6,-3.6,-4.3,-3.0,-0.1,32.4,37.4,56.3,13.4,0.7,301.5,27.0,14.9,76.7,,,OBAnorm,,LD831_02097v2.403,,,,0,0
DENATRLA,2025-06-23 08:38:45.000,46.2,36.7,30.7,23.7,23.3,21.6,17.6,15.4,13.0,14.1,17.1,18.4,21.4,21.1,23.1,24.3,24.7,25.8,25.6,24.6,22.5,19.9,17.5,13.6,10.3,6.6,1.8,-3.5,-3.7,-3.9,-4.4,-3.0,-0.1,32.1,35.6,48.9,13.4,0.7,314.1,27.0,14.9,77.9,,,OBAnorm,,LD831_02097v2.403,,,,0,0
DENATRLA,2025-06-23 08:38:46.000,40.2,31.7,28.3,23.2,22.3,20.8,17.9,14.4,12.4,13.5,17.0,18.9,20.4,22.2,24.4,25.6,26.2,26.3,26.5,24.6,22.8,20.2,17.5,13.6,11.1,7.3,1.2,-3.2,-3.4,-3.3,-3.9,-3.0,-0.1,32.7,36.0,47.4,13.4,0.6,314.1,27.0,14.9,76.2,,,OBAnorm,,LD831_02097v2.403,,,,0,0
DENATRLA,2025-06-23 08:38:47.000,34.2,28.9,26.9,23.0,21.3,18.1,17.1,15.5,13.8,12.6,16.6,17.1,20.6,21.1,24.1,23.8,25.3,25.9,26.1,24.5,22.4,19.7,16.8,13.4,9.8,6.1,1.1,-3.4,-3.7,-3.8,-4.4,-3.1,-0.1,32.0,35.2,44.0,13.4,0.4,301.5,27.1,14.9,73.9,,,OBAnorm,,LD831_02097v2.403,,,,0,0
DENATRLA,2025-06-23 08:38:48.000,32.0,32.7,26.9,27.2,19.7,20.2,18.2,16.4,14.0,12.4,13.8,18.8,20.4,22.7,23.8,23.8,24.8,25.9,26.1,25.3,22.9,19.9,16.6,12.9,9.6,6.4,0.9,-3.4,-3.7,-3.8,-4.5,-3.2,-0.1,32.3,35.5,42.5,13.4,0.4,301.6,27.0,14.9,73.3,,,OBAnorm,,LD831_02097v2.403,,,,0,0
DENATRLA,2025-06-23 08:38:49.000,26.1,31.6,23.5,23.1,23.0,18.3,18.1,16.8,13.2,13.7,15.9,19.4,20.9,21.8,22.3,24.1,25.3,26.7,25.3,25.0,22.7,20.3,17.4,16.6,12.6,6.9,0.9,-3.3,-3.5,-3.8,-4.4,-3.2,-0.1,32.4,35.2,39.6,13.4,0.4,301.6,27.1,14.9,73.3,,,OBAnorm,,LD831_02097v2.403,,,,0,0
DENATRLA,2025-06-23 08:38:50.000,29.7,28.5,28.5,27.8,21.0,21.1,15.0,13.0,13.2,13.0,15.4,20.5,20.8,21.8,23.2,24.1,25.7,26.0,25.9,24.0,21.9,19.8,18.4,15.9,12.5,8.7,1.5,-3.4,-3.7,-3.8,-4.3,-3.1,-0.1,32.2,35.2,41.7,13.4,0.4,301.3,27.1,14.9,73.3,,,OBAnorm,,LD831_02097v2.403,,,,0,0
DENATRLA,2025-06-23 08:38:51.000,29.8,28.9,24.2,25.1,19.3,19.4,14.7,13.6,11.8,12.5,16.7,18.2,19.8,22.2,22.4,24.4,24.9,25.3,25.5,24.3,22.3,19.4,16.0,12.8,9.1,6.0,0.2,-3.5,-3.7,-3.8,-4.4,-3.2,-0.2,31.9,35.3,46.1,13.4,0.4,301.6,27.0,14.9,73.3,,,OBAnorm,,LD831_02097v2.403,,,,0,0
DENATRLA,2025-06-23 08:38:52.000,30.9,26.4,27.4,27.5,20.8,19.5,17.0,15.0,14.7,11.7,16.9,19.4,19.6,21.5,23.1,24.5,24.6,25.1,25.7,24.2,21.8,19.1,16.1,12.4,9.0,6.1,0.7,-3.5,-3.6,-3.7,-4.3,-3.1,-0.2,31.5,35.1,44.7,13.4,0.4,301.6,27.0,14.9,73.3,,,OBAnorm,,LD831_02097v2.403,,,,0,0
DENATRLA,2025-06-23 08:38:53.000,25.5,22.6,31.8,26.3,20.6,20.4,18.9,15.9,10.8,10.2,13.9,17.5,20.1,21.5,22.8,23.7,24.4,25.7,25.1,24.4,21.5,18.7,16.5,13.4,9.6,6.4,1.1,-3.1,-3.5,-3.7,-4.3,-3.0,-0.2,31.6,34.6,39.9,13.4,0.4,301.5,27.0,14.9,73.3,,,OBAnorm,,LD831_02097v2.403,,,,0,0
DENATRLA,2025-06-23 08:38:54.000,27.0,29.5,25.3,24.1,21.6,17.1,16.3,14.0,13.9,13.5,17.0,18.3,19.6,21.6,23.1,24.3,25.3,26.1,25.4,23.5,21.6,18.9,16.7,15.5,11.5,9.6,1.4,-2.9,-3.6,-3.6,-4.2,-3.2,-0.1,31.9,35.1,43.4,13.4,0.4,301.6,27.0,14.9,73.9,,,OBAnorm,,LD831_02097v2.403,,,,0,0
DENATRLA,2025-06-23 08:38:55.000,29.8,31.0,25.7,22.9,25.7,18.7,16.5,15.3,11.6,12.3,17.2,18.5,21.1,22.0,23.4,23.1,25.6,25.2,25.1,24.3,21.8,19.2,16.0,13.4,9.8,6.8,2.2,-2.4,-3.4,-3.8,-4.3,-3.1,-0.2,31.7,35.5,47.6,13.4,0.4,301.5,27.0,14.9,73.9,,,OBAnorm,,LD831_02097v2.403,,,,0,0
DENATRLA,2025-06-23 08:38:56.000,25.2,30.8,24.9,24.8,21.6,16.6,16.6,14.7,10.6,12.3,17.2,19.5,20.5,21.2,22.8,24.1,25.5,26.4,26.2,23.6,22.8,21.2,21.2,24.1,19.3,14.1,8.3,-1.5,-3.3,-3.8,-4.3,-3.3,-0.2,33.4,36.0,47.5,13.4,0.2,301.6,27.1,14.9,73.9,,,OBAnorm,,LD831_02097v2.403,,,,0,0
DENATRLA,2025-06-23 08:38:57.000,30.6,25.7,27.4,26.6,25.0,21.0,18.2,13.3,11.0,12.5,15.3,16.8,20.3,22.1,22.9,22.6,24.4,25.7,26.3,24.3,21.8,19.0,15.9,12.7,11.6,8.4,5.3,0.8,-3.0,-3.6,-4.4,-3.0,-0.2,31.9,35.3,48.6,13.4,0.0,301.6,27.0,14.9,73.9,,,OBAnorm,,LD831_02097v2.403,,,,0,0
DENATRLA,2025-06-23 08:38:58.000,33.8,29.1,28.8,24.7,20.3,19.0,18.4,13.1,12.2,11.5,14.2,18.4,20.9,21.1,23.0,24.4,24.9,25.8,26.2,25.2,22.6,19.3,16.4,12.6,8.6,5.7,0.6,-3.5,-3.8,-3.8,-4.4,-3.0,-0.1,32.1,35.3,48.7,13.4,0.0,301.5,27.1,14.9,73.9,,,OBAnorm,,LD831_02097v2.403,,,,0,0
DENATRLA,2025-06-23 08:38:59.000,34.5,31.3,27.5,21.7,20.4,20.2,15.6,15.2,11.8,11.8,15.9,17.7,20.1,20.7,23.2,23.1,24.6,24.7,25.6,24.9,21.6,19.4,16.7,12.4,8.8,5.9,0.5,-3.4,-3.6,-3.8,-4.4,-3.2,-0.2,31.7,35.5,50.2,13.4,0.0,301.5,27.0,14.9,73.9,,,OBAnorm,,LD831_02097v2.403,,,,0,0
DENATRLA,2025-06-23 08:39:00.000,29.9,32.2,22.1,23.3,25.0,19.9,15.5,14.0,12.6,11.8,16.5,18.5,20.7,22.0,22.1,24.2,25.1,25.1,26.0,24.7,22.0,19.2,17.0,14.6,15.6,11.4,1.3,-3.1,-3.5,-3.5,-4.3,-3.0,-0.2,32.1,35.3,47.1,13.4,0.0,301.5,27.0,15.0,73.9,,,OBAnorm,,LD831_02097v2.403,,,,0,0
DENATRLA,2025-06-23 08:39:01.000,30.9,31.6,28.2,24.8,21.0,20.2,17.5,15.2,11.0,12.1,15.8,18.1,21.5,21.4,22.4,23.7,25.2,25.5,25.4,24.6,22.0,19.5,16.1,12.1,8.3,6.0,-0.1,-3.4,-3.6,-3.7,-4.3,-3.1,-0.1,31.7,35.0,45.9,13.4,0.0,301.6,27.0,15.0,73.9,,,OBAnorm,,LD831_02097v2.403,,,,0,0
DENATRLA,2025-06-23 08:39:02.000,30.8,25.4,27.2,26.9,25.0,21.1,17.0,16.5,11.5,11.8,15.0,17.6,19.4,21.4,23.3,23.2,24.5,26.4,26.3,25.1,22.4,19.1,16.4,14.0,9.1,7.1,0.2,-3.6,-3.8,-3.9,-4.4,-3.1,-0.2,32.2,35.3,44.6,13.4,0.0,301.6,27.0,15.0,73.9,,,OBAnorm,,LD831_02097v2.403,,,,0,0
DENATRLA,2025-06-23 08:39:03.000,29.6,27.3,25.6,24.1,24.1,23.0,16.5,15.3,11.5,11.9,17.5,17.0,20.6,21.9,23.1,23.6,24.8,26.0,26.1,25.2,22.9,20.0,17.1,13.8,10.3,8.5,-0.1,-2.5,-3.3,-3.3,-4.3,-3.2,-0.2,32.3,35.3,42.8,13.4,0.0,301.6,27.0,15.0,73.9,,,OBAnorm,,LD831_02097v2.403,,,,0,0
DENATRLA,2025-06-23 08:39:04.000,28.9,28.0,26.1,22.9,22.6,19.7,17.0,16.8,12.7,10.6,20.5,18.7,21.0,21.5,23.5,23.7,25.2,26.9,26.1,24.5,22.9,19.8,17.1,13.2,9.5,5.6,0.2,-3.6,-3.6,-3.9,-4.4,-3.1,-0.2,32.3,35.3,38.9,13.4,0.0,301.5,27.0,15.0,73.9,,,OBAnorm,,LD831_02097v2.403,,,,0,0
DENATRLA,2025-06-23 08:39:05.000,30.6,24.8,26.4,20.6,21.9,20.5,17.6,14.3,11.2,12.7,16.9,17.5,20.6,21.7,23.1,24.4,25.4,26.6,26.4,25.3,22.9,20.1,16.7,13.4,12.3,10.3,4.0,4.6,2.7,-2.1,-3.9,-1.7,0.2,32.6,35.8,42.8,13.4,0.0,301.6,27.1,15.0,73.9,,,OBAnorm,,LD831_02097v2.403,,,,0,0
DENATRLA,2025-06-23 08:39:06.000,33.5,29.6,28.0,22.7,23.6,21.5,19.3,11.2,12.9,10.8,15.6,18.0,20.1,23.4,23.8,24.0,25.3,25.5,25.9,24.7,22.3,20.2,18.1,17.9,18.6,13.6,2.3,-3.4,-3.8,-3.7,-4.4,-3.0,-0.2,32.7,35.4,42.1,13.4,0.0,301.5,27.1,15.0,73.9,,,OBAnorm,,LD831_02097v2.403,,,,0,0
DENATRLA,2025-06-23 08:39:07.000,32.0,30.5,26.9,27.5,21.2,19.9,16.6,14.6,12.1,11.1,16.6,19.2,20.1,22.5,22.6,23.4,24.5,26.3,26.7,24.3,22.9,20.4,18.4,19.9,17.6,9.8,5.0,-1.9,-3.1,-3.4,-4.3,-3.1,-0.1,32.7,35.7,49.0,13.4,0.0,301.6,27.1,15.0,74.5,,,OBAnorm,,LD831_02097v2.403,,,,0,0
DENATRLA,2025-06-23 08:39:08.000,31.4,29.9,20.8,20.0,20.8,19.7,19.4,15.0,12.1,14.1,16.7,18.8,21.5,21.5,22.8,24.6,25.3,25.9,26.2,24.5,22.4,19.4,16.5,12.7,8.9,6.5,0.3,-3.2,-3.6,-3.8,-4.4,-3.2,-0.2,32.1,36.3,53.7,13.4,0.0,301.6,27.1,15.0,75.6,,,OBAnorm,,LD831_02097v2.403,,,,0,0
DENATRLA,2025-06-23 08:39:09.000,29.2,31.7,29.5,21.4,23.0,20.1,15.1,15.9,13.9,13.3,15.3,16.3,20.9,22.8,21.9,24.0,25.1,25.9,26.3,24.0,21.7,19.2,15.8,12.2,8.1,4.9,-0.2,-3.4,-3.6,-3.7,-4.3,-3.1,-0.1,31.8,35.4,51.0,13.4,0.0,314.1,27.0,15.0,77.9,,,OBAnorm,,LD831_02097v2.403,,,,0,0
DENATRLA,2025-06-23 08:39:10.000,32.6,32.7,27.3,21.2,21.6,19.5,15.6,12.5,12.1,11.8,19.8,17.5,19.4,23.4,22.3,24.3,25.5,26.4,25.6,23.5,21.9,19.4,16.0,12.7,8.9,6.6,-0.3,-3.4,-3.7,-3.9,-4.4,-3.2,-0.2,31.8,35.4,48.2,13.4,0.0,319.1,27.0,15.0,78.5,,,OBAnorm,,LD831_02097v2.403,,,,0,0
DENATRLA,2025-06-23 08:39:11.000,35.8,30.8,26.9,25.2,20.1,18.0,13.7,13.9,13.0,11.1,21.2,19.1,20.6,22.1,22.7,25.0,24.9,26.0,26.2,24.1,22.2,19.5,17.1,14.1,9.4,7.2,0.2,-3.4,-3.7,-3.8,-4.4,-3.1,-0.1,32.1,36.1,52.7,13.4,0.0,330.2,27.1,15.0,78.5,,,OBAnorm,,LD831_02097v2.403,,,,0,0
DENATRLA,2025-06-23 08:39:12.000,29.4,28.2,29.4,24.2,20.6,17.8,17.3,16.4,13.7,11.2,22.0,18.1,20.0,23.7,23.6,25.1,24.6,26.6,26.0,24.3,21.4,18.6,16.0,12.6,8.8,6.3,0.9,-3.1,-3.6,-3.9,-4.4,-3.1,-0.1,32.0,36.2,52.5,13.4,0.0,330.3,27.0,15.0,78.5,,,OBAnorm,,LD831_02097v2.403,,,,0,0
DENATRLA,2025-06-23 08:39:13.000,33.2,30.5,31.8,24.3,23.8,20.6,18.9,16.0,12.8,11.8,19.3,18.7,20.9,23.7,23.6,24.0,25.9,26.8,25.8,23.7,21.2,20.5,17.9,16.2,14.6,8.4,2.1,-2.8,-3.5,-3.9,-4.4,-3.0,-0.2,32.3,36.3,51.0,13.4,0.0,330.3,27.0,15.0,78.5,,,OBAnorm,,LD831_02097v2.403,,,,0,0
DENATRLA,2025-06-23 08:39:14.000,28.5,31.5,27.2,26.8,21.9,20.1,17.8,15.3,14.6,12.4,27.6,19.8,21.3,23.4,22.6,24.1,24.3,25.9,25.8,23.3,21.2,18.9,16.1,12.0,8.7,7.1,1.4,-2.6,-3.6,-3.8,-4.4,-3.2,-0.2,31.5,35.6,46.4,13.4,0.0,330.3,27.1,15.0,78.5,,,OBAnorm,,LD831_02097v2.403,,,,0,0
DENATRLA,2025-06-23 08:39:15.000,34.2,33.7,28.2,27.8,21.1,18.5,15.5,14.3,13.1,13.1,24.4,18.7,21.4,22.2,23.8,23.4,25.1,25.8,25.2,23.5,21.3,19.3,16.6,13.8,10.2,7.9,1.4,-2.6,-3.4,-3.4,-4.4,-3.1,-0.1,31.7,35.3,41.8,13.4,0.0,330.4,27.1,15.0,78.5,,,OBAnorm,,LD831_02097v2.403,,,,0,0
DENATRLA,2025-06-23 08:39:16.000,33.1,26.5,28.5,25.3,21.5,19.5,19.3,15.0,13.9,11.9,22.5,18.6,21.5,22.1,22.4,23.8,24.9,25.9,25.1,23.4,21.3,18.7,15.6,11.9,8.2,5.3,0.9,-3.3,-3.6,-3.9,-4.4,-3.2,-0.1,31.3,34.8,43.9,13.4,0.0,330.3,27.1,15.0,78.5,,,OBAnorm,,LD831_02097v2.403,,,,0,0
DENATRLA,2025-06-23 08:39:17.000,25.9,27.5,21.9,24.1,23.6,19.2,18.8,15.5,13.2,11.2,21.4,18.6,21.1,24.1,23.0,24.2,24.8,25.5,24.4,23.1,20.8,18.2,15.6,12.1,8.2,7.7,0.9,-3.5,-3.7,-3.9,-4.3,-3.2,-0.1,31.2,35.1,45.6,13.4,0.0,330.4,27.0,15.0,78.5,,,OBAnorm,,LD831_02097v2.403,,,,0,0
DENATRLA,2025-06-23 08:39:18.000,27.5,26.5,26.1,23.7,24.6,21.3,17.4,16.3,11.5,11.8,17.9,18.6,21.7,22.0,23.2,23.9,24.6,25.7,25.9,24.2,21.9,18.8,16.3,13.0,9.4,7.4,0.2,-3.1,-3.7,-3.8,-4.4,-3.1,-0.2,31.8,35.4,48.1,13.4,0.0,330.3,27.1,15.0,79.1,,,OBAnorm,,LD831_02097v2.403,,,,0,0
DENATRLA,2025-06-23 08:39:19.000,32.2,29.0,28.0,22.5,23.2,21.2,18.3,15.0,13.9,13.0,23.1,20.0,20.7,23.3,23.9,24.3,24.9,25.1,24.8,24.8,21.9,19.7,17.5,13.8,9.0,5.7,0.7,-3.3,-3.5,-3.6,-4.2,-2.9,-0.2,32.0,35.7,45.3,13.4,0.0,330.4,27.1,15.0,79.1,,,OBAnorm,,LD831_02097v2.403,,,,0,0
DENATRLA,2025-06-23 08:39:20.000,31.9,29.5,27.6,23.8,21.2,21.1,18.3,16.3,13.1,13.3,22.3,19.8,21.9,23.2,22.4,23.8,24.8,26.0,25.6,23.9,21.6,19.7,15.8,12.0,7.7,5.2,0.3,-3.3,-3.5,-3.9,-4.3,-3.1,-0.2,31.7,35.2,44.6,13.4,0.0,330.3,27.1,15.0,79.1,,,OBAnorm,,LD831_02097v2.403,,,,0,0
DENATRLA,2025-06-23 08:39:21.000,28.3,28.7,27.2,25.6,24.1,20.0,14.2,15.8,14.1,12.8,19.2,19.8,22.2,21.7,23.7,24.1,24.7,25.8,25.8,24.4,22.6,19.2,19.5,20.0,18.5,13.5,7.1,-3.0,-3.4,-3.7,-4.4,-3.3,-0.2,32.6,35.8,46.6,13.4,0.0,330.4,27.0,15.0,79.1,,,OBAnorm,,LD831_02097v2.403,,,,0,0
DENATRLA,2025-06-23 08:39:22.000,30.1,25.0,23.9,25.0,22.1,17.0,18.0,15.0,14.8,12.7,21.2,19.2,22.2,23.7,23.0,23.7,24.2,25.5,25.5,23.9,21.6,19.0,16.3,13.2,11.8,6.7,2.6,-2.1,-3.3,-3.8,-4.4,-3.2,-0.2,31.6,35.4,46.3,13.4,0.0,330.3,27.1,15.0,79.1,,,OBAnorm,,LD831_02097v2.403,,,,0,0
DENATRLA,2025-06-23 08:39:23.000,27.7,26.1,25.7,27.3,22.5,20.4,14.2,16.6,13.6,13.3,24.8,19.2,21.4,24.0,24.4,24.2,25.2,25.7,25.7,23.4,21.6,19.3,16.7,14.5,11.7,8.9,1.5,-2.3,-3.4,-3.2,-3.8,-2.7,0.1,31.8,35.8,47.2,13.4,0.0,330.4,27.1,15.0,79.1,,,OBAnorm,,LD831_02097v2.403,,,,0,0
DENATRLA,2025-06-23 08:39:24.000,31.2,28.0,26.2,27.4,21.5,19.1,16.7,17.1,12.7,13.6,19.8,18.8,22.1,23.9,23.4,24.6,24.5,26.1,25.4,23.4,21.4,19.3,15.6,11.7,8.7,5.3,0.3,-3.2,-3.4,-3.8,-4.4,-3.2,-0.1,31.6,35.6,49.1,13.4,0.0,330.3,27.1,15.0,79.1,,,OBAnorm,,LD831_02097v2.403,,,,0,0
DENATRLA,2025-06-23 08:39:25.000,28.5,28.7,25.0,26.8,20.8,18.5,17.9,11.9,13.8,14.0,25.5,20.4,20.7,24.2,23.6,25.0,25.3,25.6,25.6,24.0,21.9,19.2,16.3,13.3,10.4,7.9,1.2,-2.3,-3.3,-3.7,-4.4,-3.0,0.0,32.0,36.0,52.0,13.4,0.0,330.4,27.0,15.0,79.1,,,OBAnorm,,LD831_02097v2.403,,,,0,0
DENATRLA,2025-06-23 08:39:26.000,34.1,34.3,28.0,25.4,18.7,18.8,18.9,15.3,14.5,13.2,25.3,20.6,21.4,23.4,24.6,25.1,26.4,26.0,25.5,23.9,21.8,20.0,16.4,13.2,9.3,6.0,1.9,-2.5,-3.1,-3.7,-4.3,-3.2,-0.1,32.1,35.9,49.8,13.4,0.0,330.4,27.0,15.0,79.1,,,OBAnorm,,LD831_02097v2.403,,,,0,0
DENATRLA,2025-06-23 08:39:27.000,30.3,27.1,28.1,25.0,22.2,19.1,18.3,15.1,12.7,14.2,20.0,20.6,21.9,22.6,23.8,24.9,26.9,26.7,26.8,24.6,22.8,20.5,16.7,14.3,10.2,8.2,3.2,-1.1,-2.8,-3.6,-4.2,-3.1,-0.1,32.8,35.9,46.3,13.4,0.0,330.4,27.0,15.0,79.1,,,OBAnorm,,LD831_02097v2.403,,,,0,0
DENATRLA,2025-06-23 08:39:28.000,32.1,30.0,27.0,20.6,19.0,19.7,17.4,15.1,13.8,13.9,19.8,20.7,22.0,24.0,24.3,24.5,26.0,25.7,25.6,24.7,22.4,20.0,17.2,13.9,9.9,7.9,3.5,-1.8,-3.1,-3.6,-4.3,-3.0,-0.1,32.4,37.6,52.0,13.4,0.0,330.4,27.1,15.0,79.1,,,OBAnorm,,LD831_02097v2.403,,,,0,0
DENATRLA,2025-06-23 08:39:29.000,31.2,26.4,22.2,23.6,22.5,22.0,19.6,18.6,13.7,15.4,21.8,21.1,22.4,23.4,25.1,25.6,26.4,26.6,26.0,23.7,22.8,19.4,16.6,12.5,9.5,7.4,2.7,-1.5,-2.6,-3.3,-4.0,-3.0,-0.2,32.3,41.1,58.4,13.4,0.0,330.3,27.1,15.0,79.1,,,OBAnorm,,LD831_02097v2.403,,,,0,0
DENATRLA,2025-06-23 08:39:30.000,26.1,34.9,31.8,33.5,29.0,25.3,25.1,19.0,16.9,16.7,19.5,20.4,23.4,24.4,23.9,25.2,25.5,26.2,26.0,24.4,22.4,19.8,16.6,13.1,9.4,7.7,2.9,-1.1,-2.1,-3.1,-3.8,-2.8,0.0,32.3,40.6,57.1,13.4,0.0,330.4,27.1,15.0,79.1,,,OBAnorm,,LD831_02097v2.403,,,,0,0
DENATRLA,2025-06-23 08:39:31.000,38.0,41.7,35.7,34.4,30.0,27.4,27.3,26.1,21.1,17.6,21.4,22.2,22.3,23.4,24.1,25.2,25.7,25.8,26.6,24.9,22.7,20.2,16.9,13.1,9.3,7.2,3.6,-0.6,-1.9,-3.1,-3.6,-2.6,-0.1,32.5,42.5,60.0,13.4,0.0,332.7,27.1,15.0,79.1,,,OBAnorm,,LD831_02097v2.403,,,,0,0
DENATRLA,2025-06-23 08:39:32.000,43.1,39.1,35.9,35.1,35.4,31.1,28.0,25.6,23.9,21.2,20.5,22.0,23.3,24.2,24.2,25.7,25.8,25.7,25.9,24.2,22.3,19.3,16.0,14.2,9.5,8.1,3.4,-0.3,-1.6,-3.0,-4.0,-2.9,-0.1,32.2,43.7,62.6,13.4,0.0,332.6,27.1,15.0,77.9,,,OBAnorm,,LD831_02097v2.403,,,,0,0
DENATRLA,2025-06-23 08:39:33.000,38.9,32.8,40.2,36.6,37.0,35.7,31.2,28.9,23.6,21.0,24.9,22.5,22.5,24.0,23.3,25.2,25.2,25.7,25.7,23.9,21.2,19.2,16.6,15.7,13.8,11.3,3.9,-0.8,-2.0,-3.1,-3.9,-2.7,0.0,32.1,43.9,63.9,13.4,0.0,332.6,27.1,15.0,77.9,,,OBAnorm,,LD831_02097v2.403,,,,0,0
DENATRLA,2025-06-23 08:39:34.000,44.8,42.7,39.1,39.2,35.4,30.4,25.7,20.2,17.8,16.9,20.9,21.1,21.8,25.5,24.5,24.7,25.1,25.6,25.6,24.3,22.4,19.5,16.8,14.2,10.5,9.1,4.7,-0.4,-2.1,-3.6,-4.3,-2.9,-0.1,32.1,40.9,60.5,13.4,0.0,332.7,27.1,15.0,79.1,,,OBAnorm,,LD831_02097v2.403,,,,0,0
DENATRLA,2025-06-23 08:39:35.000,42.7,41.1,40.3,37.9,33.0,27.1,24.2,19.9,16.2,15.4,19.8,19.6,22.7,24.1,24.9,24.7,26.1,26.7,25.8,24.3,22.7,20.1,16.6,13.2,9.9,7.9,4.8,0.0,-1.8,-2.5,-3.8,-3.2,0.0,32.6,42.7,59.7,13.4,0.0,332.7,27.1,15.0,79.1,,,OBAnorm,,LD831_02097v2.403,,,,0,0
DENATRLA,2025-06-23 08:39:36.000,43.5,41.7,39.6,37.2,30.7,27.7,20.4,20.1,13.7,14.8,23.1,21.6,23.7,25.1,24.8,25.2,26.0,26.5,26.9,25.6,23.6,21.0,18.2,14.8,11.2,9.0,4.5,0.2,-2.1,-3.4,-4.2,-3.0,-0.1,33.1,39.5,54.6,13.4,0.1,332.7,27.1,15.0,77.3,,,OBAnorm,,LD831_02097v2.403,,,,0,0
DENATRLA,2025-06-23 08:39:37.000,46.9,38.0,34.7,33.9,26.3,23.0,19.4,17.1,14.3,14.2,22.3,21.8,21.0,24.5,25.3,27.9,27.0,27.9,27.4,25.5,24.3,21.0,18.2,15.0,11.1,9.5,4.9,-0.1,-2.5,-3.5,-4.2,-3.2,-0.1,33.9,38.8,53.0,13.4,0.3,332.7,27.1,15.1,77.4,,,OBAnorm,,LD831_02097v2.403,,,,0,0
DENATRLA,2025-06-23 08:39:38.000,44.5,35.3,32.1,29.0,26.8,24.0,21.2,17.6,13.3,14.9,21.8,22.4,24.2,24.5,25.0,26.0,27.0,27.7,27.9,26.0,24.9,21.5,18.9,16.1,13.1,10.9,6.3,1.2,0.4,-2.6,-4.0,-3.0,0.0,34.1,38.7,50.8,13.4,0.3,332.7,27.1,15.1,79.1,,,OBAnorm,,LD831_02097v2.403,,,,0,0
DENATRLA,2025-06-23 08:39:39.000,36.0,36.2,30.8,27.5,26.2,24.4,20.8,18.3,13.5,15.7,20.9,21.5,23.0,24.5,25.0,26.2,26.4,28.2,27.4,26.7,25.3,21.9,19.5,16.7,13.9,14.8,10.0,5.5,8.3,0.0,-3.5,-3.0,0.0,34.4,41.3,56.5,13.4,0.3,332.7,27.1,15.1,79.1,,,OBAnorm,,LD831_02097v2.403,,,,0,0
DENATRLA,2025-06-23 08:39:40.000,36.4,35.4,35.7,24.1,32.3,24.3,25.6,21.1,19.2,17.6,23.7,22.8,24.4,24.1,26.5,26.7,26.4,27.7,27.5,26.6,25.4,22.3,19.3,16.5,14.9,14.5,9.7,5.2,8.6,0.4,-3.4,-2.8,-0.1,34.3,48.5,64.1,13.4,0.3,332.8,27.1,15.1,79.1,,,OBAnorm,,LD831_02097v2.403,,,,0,0
DENATRLA,2025-06-23 08:39:41.000,37.7,38.8,36.3,42.0,37.5,39.0,33.3,27.0,25.1,18.8,19.5,22.0,23.1,25.5,26.2,26.8,27.3,28.1,28.1,27.0,25.7,23.6,20.3,17.3,14.0,11.8,6.9,3.8,6.2,-1.1,-3.9,-2.9,-0.1,34.8,44.9,62.8,13.4,0.3,332.7,27.1,15.1,79.1,,,OBAnorm,,LD831_02097v2.403,,,,0,0
DENATRLA,2025-06-23 08:39:42.000,48.1,46.9,43.9,40.8,37.1,32.5,22.8,22.1,16.2,16.4,20.3,23.7,22.9,24.4,26.7,27.5,27.0,28.4,28.7,27.9,26.4,23.8,20.6,17.5,13.9,12.3,7.0,3.3,-1.0,-2.7,-3.3,-2.9,-0.1,35.2,39.2,54.5,13.4,0.3,332.7,27.1,15.1,79.1,,,OBAnorm,,LD831_02097v2.403,,,,0,0
DENATRLA,2025-06-23 08:39:43.000,54.7,41.6,38.1,30.6,25.5,20.7,21.4,18.0,16.7,15.6,22.4,21.8,23.4,25.0,26.3,26.7,28.9,28.0,28.3,27.8,25.4,22.8,20.7,18.6,15.0,10.8,6.2,-0.1,-2.1,-3.2,-4.2,-3.0,-0.1,34.9,38.1,45.8,13.4,0.3,332.8,27.1,15.1,79.1,,,OBAnorm,,LD831_02097v2.403,,,,0,0
DENATRLA,2025-06-23 08:39:44.000,39.3,37.3,31.4,26.6,23.0,22.5,21.4,13.1,15.6,16.3,20.5,20.7,22.4,25.1,25.5,26.9,27.5,28.5,28.0,27.5,25.1,22.4,20.0,16.4,12.6,10.2,4.8,0.0,-1.8,-3.1,-4.0,-2.9,0.0,34.8,37.5,50.1,13.4,0.3,332.8,27.1,15.1,79.6,,,OBAnorm,,LD831_02097v2.403,,,,0,0
DENATRLA,2025-06-23 08:39:45.000,33.3,32.7,25.9,26.0,19.2,20.4,20.1,17.9,14.2,13.5,19.7,22.2,23.8,24.6,25.3,27.5,27.1,27.9,27.7,27.1,25.8,22.8,20.3,17.1,12.9,9.4,3.3,-1.4,-2.5,-2.7,-2.5,-2.6,-0.1,34.6,37.4,43.4,13.4,0.3,332.7,27.1,15.1,79.1,,,OBAnorm,,LD831_02097v2.403,,,,0,0
DENATRLA,2025-06-23 08:39:46.000,32.1,28.3,26.4,24.8,23.1,21.6,17.5,16.3,13.2,14.4,20.9,21.5,22.8,24.8,26.8,26.1,26.9,27.3,27.5,26.5,24.3,21.2,18.3,14.5,10.5,7.5,2.4,-1.7,-2.7,-3.2,-4.2,-2.9,-0.1,33.8,37.0,42.4,13.4,0.2,332.7,27.1,15.1,77.4,,,OBAnorm,,LD831_02097v2.403,,,,0,0
DENATRLA,2025-06-23 08:39:47.000,27.2,29.6,23.7,26.2,23.1,21.2,19.3,18.2,13.9,15.3,19.9,21.6,23.2,24.6,25.6,26.8,27.7,28.0,26.8,25.2,24.1,21.1,18.1,14.2,10.5,8.1,2.8,-1.3,-2.3,-2.7,-4.1,-2.9,-0.1,33.6,37.1,43.7,13.4,0.1,319.2,27.1,15.1,76.8,,,OBAnorm,,LD831_02097v2.403,,,,0,0
DENATRLA,2025-06-23 08:39:48.000,29.7,31.8,28.8,28.7,21.8,22.6,19.0,18.0,14.3,12.9,22.2,21.7,23.3,24.9,26.4,27.2,27.2,28.0,27.0,25.5,24.4,21.3,19.0,14.3,10.3,7.1,2.7,-1.5,-2.6,-3.0,-3.9,-2.8,0.0,33.8,37.0,49.6,13.4,0.1,332.7,27.1,15.1,79.1,,,OBAnorm,,LD831_02097v2.403,,,,0,0
DENATRLA,2025-06-23 08:39:49.000,30.7,29.3,27.1,25.2,19.7,21.0,17.9,16.8,14.0,13.8,19.5,20.4,22.5,25.0,24.9,26.0,26.7,27.2,26.4,24.9,23.6,20.8,18.1,15.9,11.9,8.4,2.1,-1.4,-2.7,-3.3,-4.2,-3.1,-0.2,33.2,36.5,47.9,13.4,0.1,332.7,27.1,15.1,79.1,,,OBAnorm,,LD831_02097v2.403,,,,0,0
DENATRLA,2025-06-23 08:39:50.000,26.6,28.1,26.1,26.1,22.6,19.3,19.4,15.4,15.7,13.8,18.5,20.4,22.3,24.1,24.7,25.6,25.8,26.8,26.0,25.1,23.0,20.3,18.2,14.0,10.0,7.4,2.1,-1.9,-2.7,-3.6,-4.2,-3.2,-0.2,32.8,37.8,51.8,13.4,0.1,332.7,27.1,15.1,79.1,,,OBAnorm,,LD831_02097v2.403,,,,0,0
DENATRLA,2025-06-23 08:39:51.000,30.8,26.8,29.6,25.7,23.4,23.0,15.0,13.8,14.0,14.7,17.0,21.0,21.9,23.9,25.1,25.8,25.2,25.9,25.4,24.3,22.7,20.4,18.8,16.2,13.8,7.7,2.1,-1.8,-2.7,-3.5,-4.2,-3.0,0.0,32.5,39.1,58.0,13.4,0.1,332.4,27.1,15.1,79.1,,,OBAnorm,,LD831_02097v2.403,,,,0,0
DENATRLA,2025-06-23 08:39:52.000,28.2,30.2,35.0,29.9,26.9,23.7,20.4,17.8,14.1,12.1,17.7,19.0,20.5,22.7,24.2,25.0,25.6,25.7,25.6,24.3,22.9,19.8,17.2,13.5,10.2,7.9,2.2,-1.7,-2.3,-3.3,-4.1,-3.0,-0.1,32.2,39.2,57.9,13.4,0.1,332.7,27.1,15.1,79.1,,,OBAnorm,,LD831_02097v2.403,,,,0,0
DENATRLA,2025-06-23 08:39:53.000,39.5,38.8,32.7,33.0,27.9,22.9,18.5,18.1,14.5,14.5,19.5,20.2,21.6,23.3,24.3,25.1,25.1,25.7,26.3,24.5,22.6,19.8,17.1,12.6,9.0,5.9,0.6,-2.7,-3.1,-3.7,-4.3,-3.0,-0.1,32.2,40.7,57.9,13.4,0.1,332.7,27.1,15.1,79.1,,,OBAnorm,,LD831_02097v2.403,,,,0,0
DENATRLA,2025-06-23 08:39:54.000,41.8,40.2,36.0,35.7,30.3,26.3,21.7,19.8,16.0,16.2,17.2,17.8,22.1,23.5,23.8,25.3,25.9,25.6,26.0,24.0,22.9,19.8,17.0,13.0,9.4,6.8,1.0,-2.6,-3.3,-3.7,-4.3,-3.0,-0.1,32.2,42.6,61.0,13.4,0.1,332.7,27.1,15.1,79.1,,,OBAnorm,,LD831_02097v2.403,,,,0,0
DENATRLA,2025-06-23 08:39:55.000,40.4,38.3,40.4,38.2,33.6,29.5,24.7,20.9,15.1,18.0,20.4,19.0,20.2,23.4,23.5,24.9,26.3,26.0,25.9,25.0,23.2,20.0,17.0,12.8,9.3,6.1,1.5,-2.7,-3.3,-3.6,-4.2,-3.1,-0.1,32.5,46.5,64.9,13.4,0.1,332.7,27.1,15.1,79.1,,,OBAnorm,,LD831_02097v2.403,,,,0,0
DENATRLA,2025-06-23 08:39:56.000,38.9,42.1,39.5,36.4,36.8,29.9,32.7,27.3,24.2,19.7,22.0,18.1,21.1,23.1,22.9,25.1,26.4,26.4,26.0,24.7,23.1,20.4,17.4,15.3,11.0,9.5,1.3,-2.6,-3.5,-3.7,-4.3,-3.0,0.0,32.7,46.5,65.5,13.4,0.1,332.7,27.1,15.1,79.1,,,OBAnorm,,LD831_02097v2.403,,,,0,0
DENATRLA,2025-06-23 08:39:57.000,44.3,42.6,40.6,41.5,39.0,36.9,31.2,26.9,18.5,18.9,22.2,18.6,21.6,22.2,23.5,25.0,25.3,26.3,26.1,24.6,23.0,20.3,16.8,12.7,9.1,5.9,1.2,-2.3,-3.1,-3.7,-4.3,-3.0,0.0,32.4,46.0,64.4,13.4,0.0,332.7,27.1,15.1,79.1,,,OBAnorm,,LD831_02097v2.403,,,,0,0
DENATRLA,2025-06-23 08:39:58.000,47.1,49.4,42.9,39.5,39.4,30.1,26.6,23.5,17.0,15.6,18.1,17.6,21.8,23.3,23.9,25.0,25.2,26.4,25.7,25.0,22.9,20.3,17.0,13.8,10.2,6.8,1.8,-1.7,-2.4,-3.6,-4.4,-3.3,0.0,32.4,42.0,60.6,13.4,0.0,332.7,27.1,15.1,79.1,,,OBAnorm,,LD831_02097v2.403,,,,0,0
DENATRLA,2025-06-23 08:39:59.000,47.1,47.3,40.4,33.9,32.7,28.5,21.8,17.8,13.7,12.9,20.2,19.4,21.6,23.6,24.5,25.6,25.8,26.4,26.4,24.6,22.0,20.3,17.6,14.6,11.9,8.2,1.4,-1.8,-3.1,-3.7,-4.4,-3.1,-0.1,32.6,38.5,53.0,13.4,0.0,332.7,27.1,15.1,79.1,,,OBAnorm,,LD831_02097v2.403,,,,0,0
DENATRLA,2025-06-23 08:40:00.000,44.8,44.9,38.2,31.5,26.6,22.1,21.0,15.3,14.7,13.0,20.8,18.1,20.7,23.0,23.2,24.5,26.1,26.4,26.2,25.3,23.2,20.1,17.0,13.8,9.1,7.9,0.8,-2.9,-3.3,-3.5,-4.2,-3.1,-0.2,32.7,38.3,56.7,13.4,0.0,332.7,27.1,15.1,79.1,,,OBAnorm,,LD831_02097v2.403,,,,0,0
DENATRLA,2025-06-23 08:40:01.000,36.4,39.2,35.9,30.7,30.0,25.7,19.0,18.0,13.4,12.6,20.9,19.3,21.4,23.1,23.1,25.6,25.7,26.5,26.8,25.3,23.5,20.8,17.8,17.8,12.8,8.9,1.2,-3.0,-3.4,-3.5,-4.2,-2.9,-0.2,33.1,37.3,53.6,13.4,0.0,332.7,27.1,15.1,78.5,,,OBAnorm,,LD831_02097v2.403,,,,0,0
DENATRLA,2025-06-23 08:40:02.000,39.9,37.3,32.3,26.9,24.4,22.4,20.1,17.3,10.9,13.1,19.0,20.4,22.4,22.8,24.5,25.8,26.5,26.4,27.4,25.4,23.5,21.4,18.4,14.5,11.0,7.7,2.9,-3.0,-3.5,-3.6,-4.4,-3.1,-0.1,33.3,37.1,51.4,13.4,0.0,332.7,27.1,15.1,78.5,,,OBAnorm,,LD831_02097v2.403,,,,0,0
DENATRLA,2025-06-23 08:40:03.000,32.3,33.1,30.3,25.6,22.9,23.0,19.6,16.7,13.0,14.3,19.7,20.1,23.8,25.2,24.8,25.9,26.7,27.2,27.0,26.8,24.4,21.1,18.6,15.0,10.9,7.7,1.9,-2.9,-3.5,-3.8,-4.3,-3.0,0.1,33.8,38.3,55.4,13.4,0.0,332.7,27.1,15.1,78.5,,,OBAnorm,,LD831_02097v2.403,,,,0,0
DENATRLA,2025-06-23 08:40:04.000,33.5,33.3,25.0,26.5,26.3,20.4,19.7,16.6,12.9,14.8,22.7,19.3,20.8,24.3,25.1,26.1,27.3,28.1,27.8,27.4,25.0,22.7,19.4,15.3,11.4,8.0,2.0,-2.9,-3.6,-3.8,-4.3,-3.0,-0.1,34.5,37.8,55.1,13.4,0.0,332.8,27.1,15.1,79.1,,,OBAnorm,,LD831_02097v2.403,,,,0,0
DENATRLA,2025-06-23 08:40:05.000,32.8,31.8,24.9,29.6,24.8,23.0,18.8,16.9,14.8,15.7,22.0,20.2,23.3,24.9,26.0,26.7,27.4,28.0,28.7,27.1,26.0,23.4,20.4,17.3,13.4,10.1,3.4,-1.8,-3.4,-3.6,-4.3,-3.2,-0.1,34.8,37.6,49.4,13.4,0.0,332.8,27.1,15.1,79.1,,,OBAnorm,,LD831_02097v2.403,,,,0,0
DENATRLA,2025-06-23 08:40:06.000,34.6,34.2,27.2,26.2,24.4,23.8,19.1,17.5,13.5,16.0,21.4,19.9,21.8,24.2,25.4,25.8,27.8,28.3,28.9,27.7,26.2,23.8,20.4,16.7,13.1,8.7,3.3,-1.8,-3.1,-3.5,-4.3,-3.0,-0.1,35.0,37.7,47.7,13.4,0.0,332.7,27.1,15.1,79.1,,,OBAnorm,,LD831_02097v2.403,,,,0,0
DENATRLA,2025-06-23 08:40:07.000,28.1,29.2,27.2,26.6,23.4,19.2,20.9,17.3,15.0,13.8,19.2,21.0,22.0,24.2,25.5,27.3,27.5,29.3,28.7,27.7,25.8,23.0,19.9,16.6,13.0,10.0,4.0,-0.8,-2.7,-3.6,-4.3,-3.0,0.0,35.1,37.7,44.8,13.4,0.0,332.7,27.1,15.1,79.1,,,OBAnorm,,LD831_02097v2.403,,,,0,0
DENATRLA,2025-06-23 08:40:08.000,28.1,29.8,27.2,24.8,25.2,23.2,19.8,14.4,12.3,13.1,18.9,21.4,23.1,25.0,25.9,27.4,27.6,28.8,28.2,27.6,25.7,23.2,20.5,16.6,12.9,9.3,3.7,-0.9,-2.7,-3.1,-4.1,-2.8,0.0,34.9,38.2,53.5,13.4,0.0,332.7,27.1,15.1,79.1,,,OBAnorm,,LD831_02097v2.403,,,,0,0
DENATRLA,2025-06-23 08:40:09.000,27.2,27.5,25.9,26.5,21.1,20.1,19.0,17.5,14.7,14.9,18.8,20.9,22.6,24.4,25.7,26.6,27.8,28.7,28.3,27.7,26.3,23.9,21.1,18.3,14.2,12.1,3.9,-1.1,-2.9,-3.4,-4.2,-3.0,-0.1,35.2,38.5,52.2,13.4,0.0,332.7,27.1,15.1,79.1,,,OBAnorm,,LD831_02097v2.403,,,,0,0
DENATRLA,2025-06-23 08:40:10.000,29.9,28.9,31.1,29.9,27.7,23.0,19.6,17.4,16.2,15.2,18.1,21.9,23.3,24.2,25.2,27.4,27.6,29.7,29.2,28.4,27.3,23.8,20.9,17.3,13.4,10.0,5.1,-0.2,-2.7,-3.3,-4.2,-3.0,-0.2,35.7,41.4,59.1,13.4,0.0,332.7,27.1,15.1,79.1,,,OBAnorm,,LD831_02097v2.403,,,,0,0
DENATRLA,2025-06-23 08:40:11.000,32.9,33.2,35.2,32.2,31.3,26.6,20.0,19.9,19.2,14.7,19.8,21.5,23.8,25.6,25.1,27.9,27.9,29.2,29.1,28.5,27.0,24.4,21.7,17.9,13.9,10.7,5.2,-0.4,-2.6,-3.4,-4.3,-3.2,-0.2,35.7,39.7,53.4,13.4,0.0,332.7,27.1,15.1,79.1,,,OBAnorm,,LD831_02097v2.403,,,,0,0
DENATRLA,2025-06-23 08:40:12.000,41.4,40.8,32.0,30.0,27.3,24.4,19.7,18.1,16.2,14.1,22.3,20.8,23.2,24.5,26.5,27.2,28.3,29.3,29.4,27.7,26.8,24.5,21.2,17.4,13.1,9.5,4.3,-1.4,-2.8,-3.7,-4.3,-3.1,0.0,35.7,39.3,55.8,13.4,0.0,332.8,27.1,15.1,79.1,,,OBAnorm,,LD831_02097v2.403,,,,0,0
DENATRLA,2025-06-23 08:40:13.000,42.8,35.6,30.9,27.6,24.5,23.5,20.3,17.5,14.2,15.8,19.1,21.2,23.1,25.0,27.4,27.1,28.2,29.1,28.9,28.4,27.0,25.0,21.8,18.1,14.0,10.4,4.9,-0.6,-2.4,-3.3,-4.3,-3.0,-0.1,35.8,38.6,47.6,13.4,0.0,332.8,27.1,15.1,79.1,,,OBAnorm,,LD831_02097v2.403,,,,0,0
DENATRLA,2025-06-23 08:40:14.000,36.4,37.2,29.7,29.5,22.9,23.2,18.9,18.1,15.4,15.6,19.3,21.5,23.7,25.4,27.4,28.3,28.7,29.2,28.5,28.8,27.1,24.3,21.8,18.0,13.4,9.7,4.7,-0.9,-2.6,-3.1,-4.3,-3.0,0.0,35.8,38.7,49.0,13.4,0.0,332.8,27.1,15.1,79.1,,,OBAnorm,,LD831_02097v2.403,,,,0,0
DENATRLA,2025-06-23 08:40:15.000,38.9,29.9,25.4,28.1,27.2,21.9,18.5,18.5,12.4,14.3,18.3,21.6,22.9,25.3,26.6,27.2,27.2,29.7,29.6,28.7,27.0,24.3,21.1,18.0,14.0,10.1,4.4,-0.4,-2.0,-3.3,-4.2,-3.1,-0.1,35.9,38.3,49.0,13.4,0.0,332.7,27.1,15.1,79.1,,,OBAnorm,,LD831_02097v2.403,,,,0,0
DENATRLA,2025-06-23 08:40:16.000,29.2,32.0,27.7,26.9,23.2,23.3,19.4,17.4,13.9,17.1,20.0,19.2,23.3,24.8,26.5,27.3,28.1,29.5,29.0,28.2,27.0,24.1,21.0,17.5,13.8,10.1,4.8,0.4,-1.2,-3.2,-4.2,-3.0,-0.1,35.6,38.2,45.1,13.4,0.0,332.8,27.1,15.1,78.5,,,OBAnorm,,LD831_02097v2.403,,,,0,0
DENATRLA,2025-06-23 08:40:17.000,30.7,28.9,27.6,26.4,24.0,22.8,19.2,15.6,13.6,14.8,19.6,21.2,23.7,24.3,26.1,26.4,27.5,28.7,28.5,28.0,26.0,23.4,21.3,18.3,15.0,10.3,5.4,0.9,-0.6,-3.0,-4.2,-3.0,0.0,35.2,37.9,43.7,13.4,0.0,332.7,27.1,15.1,78.5,,,OBAnorm,,LD831_02097v2.403,,,,0,0
DENATRLA,2025-06-23 08:40:18.000,27.2,29.7,30.3,26.5,27.8,20.8,19.1,16.4,14.6,15.0,17.1,20.0,21.4,24.5,24.6,25.9,27.3,28.3,28.3,27.6,25.7,23.1,20.5,17.9,13.1,8.7,3.7,-1.3,-2.3,-3.6,-4.3,-3.0,0.0,34.7,37.5,49.4,13.4,0.0,332.8,27.1,15.1,78.5,,,OBAnorm,,LD831_02097v2.403,,,,0,0
DENATRLA,2025-06-23 08:40:19.000,30.8,27.5,26.2,25.9,20.6,21.9,17.7,18.7,16.7,14.5,19.7,21.5,23.3,24.9,24.8,26.0,27.9,29.0,28.7,27.3,25.3,23.1,20.6,16.7,14.6,11.0,4.7,0.0,-1.5,-3.1,-4.1,-3.0,-0.1,35.0,37.9,45.7,13.4,0.0,332.8,27.2,15.1,78.5,,,OBAnorm,,LD831_02097v2.403,,,,0,0
DENATRLA,2025-06-23 08:40:20.000,30.6,28.8,30.0,27.2,25.0,21.0,18.6,17.6,15.1,13.6,19.0,21.4,23.6,25.0,26.4,26.6,27.9,28.5,28.6,28.2,26.3,24.0,21.0,17.0,13.2,10.0,5.2,1.1,-0.7,-2.5,-4.0,-3.0,-0.1,35.3,38.7,56.3,13.4,0.0,332.8,27.1,15.1,77.9,,,OBAnorm,,LD831_02097v2.403,,,,0,0
DENATRLA,2025-06-23 08:40:21.000,30.9,31.4,32.2,25.5,25.3,23.9,21.4,18.9,14.4,13.6,18.7,22.3,23.4,24.9,27.0,26.8,27.5,28.1,28.4,26.6,25.0,23.2,20.5,16.4,12.9,9.9,5.5,1.5,-0.6,-2.5,-4.0,-3.0,0.0,34.7,37.9,47.4,13.4,0.0,332.7,27.1,15.1,77.9,,,OBAnorm,,LD831_02097v2.403,,,,0,0
DENATRLA,2025-06-23 08:40:22.000,33.3,30.9,30.5,27.5,22.9,23.7,19.9,18.4,15.6,14.7,18.7,20.9,24.6,24.6,25.9,26.7,27.1,28.6,28.5,27.3,25.0,22.9,19.5,15.8,12.3,10.0,3.6,-0.4,-1.5,-2.5,-3.9,-2.8,0.0,34.8,37.6,47.8,13.4,0.0,332.8,27.1,15.1,77.9,,,OBAnorm,,LD831_02097v2.403,,,,0,0
DENATRLA,2025-06-23 08:40:23.000,35.5,28.8,29.6,24.3,23.2,22.3,19.0,16.4,16.3,17.2,20.0,22.5,23.2,23.7,26.6,26.7,27.6,27.5,28.0,27.0,24.6,22.7,19.9,17.3,13.0,10.2,3.6,-0.6,-1.7,-2.2,-3.5,-2.6,0.1,34.4,38.4,53.5,13.4,0.0,332.7,27.1,15.1,77.9,,,OBAnorm,,LD831_02097v2.403,,,,0,0
DENATRLA,2025-06-23 08:40:24.000,33.7,27.2,30.9,27.4,26.5,22.8,19.6,15.9,15.3,15.7,20.2,21.7,23.9,24.9,25.4,27.0,27.7,28.6,28.3,26.4,25.0,22.7,19.0,15.4,11.1,8.1,3.2,-0.7,-1.8,-2.4,-3.7,-2.4,0.2,34.5,39.0,58.5,13.4,0.0,332.7,27.1,15.1,77.9,,,OBAnorm,,LD831_02097v2.403,,,,0,0
DENATRLA,2025-06-23 08:40:25.000,30.9,28.3,29.8,27.6,26.7,22.3,20.3,19.6,16.2,17.6,21.2,23.5,24.0,25.1,25.2,26.2,27.9,27.8,28.6,27.5,25.2,23.0,19.5,15.7,11.7,8.9,3.8,0.1,-0.8,-1.7,-2.9,-2.2,0.3,34.7,38.1,49.9,13.4,0.0,332.7,27.1,15.1,77.9,,,OBAnorm,,LD831_02097v2.403,,,,0,0
DENATRLA,2025-06-23 08:40:26.000,36.2,35.2,28.7,27.9,24.3,22.4,18.5,17.4,14.9,17.6,21.7,22.8,24.6,25.3,25.2,27.9,27.8,28.2,29.2,27.7,25.7,23.6,20.7,18.1,14.4,11.2,5.2,1.5,-0.1,-0.9,-2.3,-1.7,0.2,35.3,38.2,48.2,13.4,0.0,332.8,27.1,15.1,77.9,,,OBAnorm,,LD831_02097v2.403,,,,0,0
DENATRLA,2025-06-23 08:40:27.000,32.9,30.9,29.7,25.0,24.3,22.7,18.9,18.4,14.8,19.5,21.8,25.3,24.4,26.3,26.8,27.5,28.1,28.3,28.7,28.4,26.5,24.7,21.1,18.7,15.6,12.8,8.0,3.1,0.5,0.0,-2.0,-1.6,0.3,35.6,38.6,43.5,13.4,0.0,332.7,27.1,15.1,78.5,,,OBAnorm,,LD831_02097v2.403,,,,0,0
DENATRLA,2025-06-23 08:40:28.000,31.7,33.7,30.3,27.5,22.8,24.3,22.7,19.1,17.7,20.1,23.7,23.3,24.6,26.3,27.8,28.4,29.5,29.8,30.0,28.5,27.8,25.3,22.3,18.6,15.6,12.7,8.2,4.3,2.5,1.1,-0.7,-0.8,0.5,36.6,40.4,50.2,13.4,0.0,332.8,27.1,15.1,78.5,,,OBAnorm,,LD831_02097v2.403,,,,0,0
DENATRLA,2025-06-23 08:40:29.000,30.1,32.0,26.4,27.4,27.5,25.1,24.8,20.0,19.5,22.3,22.5,25.0,25.8,26.9,27.6,27.8,29.7,30.3,29.3,29.4,27.6,25.0,22.1,18.0,14.5,11.0,6.5,3.2,1.8,0.7,-1.2,-1.1,0.4,36.7,47.9,62.5,13.4,0.0,332.7,27.1,15.1,78.5,,,OBAnorm,,LD831_02097v2.403,,,,0,0
DENATRLA,2025-06-23 08:40:30.000,35.0,32.0,39.3,39.1,37.6,36.6,40.4,36.4,31.0,29.7,26.7,26.3,26.2,25.5,27.8,28.4,29.1,30.7,30.5,29.0,28.0,25.5,23.1,19.2,15.0,11.8,6.8,2.7,1.3,0.0,-1.7,-1.3,0.8,37.0,56.3,74.1,13.4,0.0,270.7,27.1,15.1,77.4,,,OBAnorm,,LD831_02097v2.403,,,,0,0
DENATRLA,2025-06-23 08:40:31.000,43.6,45.9,48.1,48.8,47.7,47.5,40.5,36.2,33.6,30.0,24.3,25.4,23.9,26.5,27.9,28.4,29.1,30.6,29.8,29.4,27.3,25.8,22.1,18.9,14.9,11.8,7.7,4.2,3.0,0.9,-1.2,-1.0,0.9,36.7,56.0,74.3,13.4,0.3,234.8,27.1,15.1,77.4,,,OBAnorm,,LD831_02097v2.403,,,,0,0
DENATRLA,2025-06-23 08:40:32.000,56.2,54.5,53.7,50.6,43.1,41.7,41.9,40.1,32.8,31.3,27.2,27.0,26.8,26.7,27.3,29.1,28.8,30.2,29.7,29.3,27.7,24.9,21.8,18.1,14.4,12.0,8.3,4.6,3.3,0.5,-1.0,-0.6,1.5,36.9,61.4,76.9,13.4,0.8,267.6,27.1,15.0,77.3,,,OBAnorm,,LD831_02097v2.403,,,,0,0
DENATRLA,2025-06-23 08:40:33.000,57.0,57.1,54.1,54.7,55.9,51.0,44.5,41.6,38.0,33.1,26.4,26.6,26.4,26.1,27.7,27.9,28.4,29.3,30.3,29.1,27.3,24.7,21.7,18.5,16.3,11.9,7.7,3.5,2.4,-0.1,-1.5,-1.2,0.8,36.4,56.1,75.4,13.4,1.1,268.1,27.1,15.0,77.3,,,OBAnorm,,LD831_02097v2.403,,,,0,0
DENATRLA,2025-06-23 08:40:34.000,64.9,58.5,55.0,53.4,45.8,42.2,33.6,29.6,24.2,19.3,21.7,22.4,25.8,25.7,27.4,27.7,29.7,30.2,29.6,28.5,26.5,23.8,21.2,17.5,16.7,13.5,9.2,4.4,2.9,0.0,-2.2,-1.8,0.2,36.2,47.2,65.3,13.4,1.0,250.0,27.1,15.0,77.3,,,OBAnorm,,LD831_02097v2.403,,,,0,0
DENATRLA,2025-06-23 08:40:35.000,62.4,55.5,49.0,43.0,37.2,31.1,25.0,22.8,19.0,19.0,20.5,23.9,25.2,25.0,27.0,28.5,29.2,29.4,29.7,28.0,26.6,23.9,21.2,17.0,13.8,11.0,7.2,3.9,3.0,0.0,-1.5,-1.7,0.3,35.9,47.5,67.4,13.4,0.9,247.0,27.1,15.0,77.3,,,OBAnorm,,LD831_02097v2.403,,,,0,0
DENATRLA,2025-06-23 08:40:36.000,50.3,45.1,40.6,37.1,38.4,29.9,28.3,28.4,24.9,18.6,21.6,23.1,24.8,25.9,27.3,27.9,27.9,29.8,29.0,28.2,26.7,24.2,21.1,17.3,13.4,10.6,6.8,3.6,2.1,0.7,-1.3,-1.5,0.5,35.8,44.8,64.2,13.4,0.9,235.5,27.1,15.0,77.3,,,OBAnorm,,LD831_02097v2.403,,,,0,0
DENATRLA,2025-06-23 08:40:37.000,48.3,43.8,40.9,37.1,32.2,27.1,25.6,24.6,23.1,19.0,20.8,22.8,25.5,25.8,26.7,27.4,28.5,29.4,29.5,27.6,26.6,24.2,21.1,18.0,13.7,10.7,6.1,2.1,0.7,-1.1,-3.0,-2.4,0.1,35.7,42.4,61.8,13.4,0.8,242.4,27.1,15.0,76.8,,,OBAnorm,,LD831_02097v2.403,,,,0,0
DENATRLA,2025-06-23 08:40:38.000,50.8,42.5,43.6,34.4,29.6,25.4,22.1,20.8,16.6,17.8,20.4,22.5,24.9,26.9,26.9,27.3,28.7,29.0,29.3,28.3,27.2,24.1,21.2,17.0,13.5,10.6,5.3,1.1,0.2,-1.5,-2.8,-2.4,0.1,35.8,43.7,62.5,13.4,0.8,231.4,27.1,15.0,77.3,,,OBAnorm,,LD831_02097v2.403,,,,0,0
DENATRLA,2025-06-23 08:40:39.000,47.2,43.5,36.1,37.0,33.4,27.7,26.6,22.5,19.0,19.1,20.7,21.4,24.1,25.6,26.7,27.1,28.2,28.9,28.3,27.9,26.7,23.9,20.5,16.8,12.9,10.0,4.7,0.6,0.2,-1.3,-3.2,-2.5,0.0,35.3,45.3,63.4,13.4,0.7,230.4,27.1,15.0,77.3,,,OBAnorm,,LD831_02097v2.403,,,,0,0
DENATRLA,2025-06-23 08:40:40.000,41.1,43.0,38.8,34.3,33.6,32.1,27.3,24.8,19.7,19.4,20.7,24.3,24.3,25.3,26.7,27.9,28.6,29.6,29.5,28.4,26.3,23.4,20.6,17.0,12.8,9.3,4.7,0.9,-0.3,-1.8,-3.3,-2.5,0.0,35.8,47.3,64.0,13.4,0.6,225.0,27.1,15.0,77.3,,,OBAnorm,,LD831_02097v2.403,,,,0,0
DENATRLA,2025-06-23 08:40:41.000,46.1,42.2,45.2,41.8,38.7,33.4,29.4,25.7,19.6,18.7,22.2,23.7,25.6,25.6,25.4,27.5,28.9,29.9,29.3,28.1,26.6,24.1,21.0,17.3,12.9,9.9,4.9,0.8,-0.4,-2.1,-3.6,-2.7,-0.1,35.9,42.0,61.1,13.4,0.5,198.3,27.2,15.0,76.8,,,OBAnorm,,LD831_02097v2.403,,,,0,0
DENATRLA,2025-06-23 08:40:42.000,47.5,48.1,39.7,33.0,32.2,28.3,25.7,20.8,17.0,15.4,19.7,22.2,24.3,25.0,26.1,28.1,29.3,30.0,29.0,27.9,26.1,23.0,19.9,16.4,12.5,9.3,4.4,0.0,-0.6,-1.7,-3.4,-2.5,0.1,35.5,39.3,55.8,13.4,0.5,186.6,27.1,15.0,76.8,,,OBAnorm,,LD831_02097v2.403,,,,0,0
DENATRLA,2025-06-23 08:40:43.000,46.4,43.7,30.4,30.3,27.9,22.9,21.2,19.9,17.2,19.3,21.4,21.5,25.9,25.4,26.1,27.5,27.8,29.7,29.6,28.5,26.5,24.2,20.5,16.6,13.0,9.6,5.3,1.3,0.1,-1.1,-2.9,-2.3,0.1,35.9,39.7,57.4,13.4,0.4,148.1,27.1,14.9,77.9,,,OBAnorm,,LD831_02097v2.403,,,,0,0
DENATRLA,2025-06-23 08:40:44.000,40.5,34.9,31.6,28.7,24.9,25.4,21.1,18.8,17.2,18.7,21.8,23.1,24.1,25.2,26.5,28.1,29.1,30.0,30.0,28.7,27.1,24.6,21.7,19.0,14.0,11.2,5.0,1.3,0.0,-1.0,-2.6,-2.2,0.2,36.3,42.0,61.8,13.4,0.4,122.6,27.2,14.9,76.2,,,OBAnorm,,LD831_02097v2.403,,,,0,0
DENATRLA,2025-06-23 08:40:45.000,35.2,35.8,31.5,29.9,28.2,25.5,25.6,20.0,17.8,18.8,23.6,24.0,24.4,25.9,26.6,28.5,28.8,29.9,29.3,28.9,26.7,24.5,21.1,18.2,15.6,10.7,6.9,1.1,0.1,-1.7,-3.0,-2.1,0.2,36.1,42.4,64.6,13.4,0.4,102.7,27.1,14.9,76.2,,,OBAnorm,,LD831_02097v2.403,,,,0,0
DENATRLA,2025-06-23 08:40:46.000,38.2,37.9,33.7,32.7,29.4,26.2,23.6,22.2,17.8,16.1,20.3,22.9,24.8,24.9,26.7,27.5,27.7,29.8,29.7,28.3,26.5,24.5,21.3,18.0,14.0,10.6,4.7,0.3,-0.3,-1.5,-3.1,-2.4,0.0,35.9,41.8,58.4,13.4,0.4,98.2,27.1,14.9,77.9,,,OBAnorm,,LD831_02097v2.403,,,,0,0
DENATRLA,2025-06-23 08:40:47.000,41.1,39.4,38.5,31.5,31.9,28.8,21.0,19.3,17.7,17.8,20.8,21.5,24.7,24.8,26.7,27.9,28.3,29.3,29.9,28.6,27.0,24.0,21.7,17.6,13.7,10.6,5.2,0.7,-0.7,-2.1,-3.6,-2.6,0.0,36.0,40.8,59.0,13.4,0.3,66.3,27.1,14.9,77.9,,,OBAnorm,,LD831_02097v2.403,,,,0,0
DENATRLA,2025-06-23 08:40:48.000,41.1,38.6,35.0,30.1,24.1,23.3,21.9,19.2,16.3,17.5,19.6,22.8,24.4,26.2,26.8,28.0,28.5,29.5,29.3,28.3,26.9,24.3,20.8,17.4,13.7,10.3,4.3,-0.5,-1.9,-2.4,-3.6,-2.6,-0.2,35.9,39.8,55.1,13.4,0.2,64.2,27.1,14.9,77.9,,,OBAnorm,,LD831_02097v2.403,,,,0,0
DENATRLA,2025-06-23 08:40:49.000,39.6,37.6,31.1,28.1,26.6,26.7,28.2,22.3,18.4,17.6,20.0,22.5,24.3,25.9,26.3,27.7,28.2,28.8,28.9,27.7,26.2,23.9,21.0,17.6,13.7,9.8,4.3,-0.5,-1.7,-2.7,-3.8,-2.7,0.0,35.4,42.2,57.6,13.4,0.4,54.6,27.1,14.9,77.9,,,OBAnorm,,LD831_02097v2.403,,,,0,0
DENATRLA,2025-06-23 08:40:50.000,37.6,32.4,36.5,32.6,31.6,28.9,27.1,26.7,27.1,21.2,21.6,21.5,24.1,25.7,27.7,28.3,28.3,29.1,29.1,28.4,26.4,23.1,20.4,17.1,13.0,9.8,4.7,-0.6,-1.1,-1.5,-3.1,-2.5,0.0,35.6,47.8,64.1,13.4,0.5,47.7,27.1,14.9,77.3,,,OBAnorm,,LD831_02097v2.403,,,,0,0
DENATRLA,2025-06-23 08:40:51.000,37.2,40.4,39.1,41.0,36.1,34.6,33.5,32.1,24.1,20.9,20.5,21.4,23.7,25.2,26.1,27.5,28.0,29.7,28.3,27.7,26.1,23.4,20.4,16.6,12.8,9.6,4.1,-0.8,-2.0,-2.7,-3.9,-2.8,0.0,35.2,43.8,59.2,13.4,0.6,27.8,27.1,14.9,77.3,,,OBAnorm,,LD831_02097v2.403,,,,0,0
DENATRLA,2025-06-23 08:40:52.000,48.3,49.1,43.4,38.5,31.0,30.1,27.7,30.3,23.8,20.7,19.2,21.7,24.3,25.2,26.3,28.0,28.2,29.5,28.8,27.4,25.7,23.2,21.0,19.0,15.3,12.5,4.3,-0.7,-2.1,-2.6,-3.9,-2.9,-0.2,35.4,45.8,61.5,13.4,0.7,22.9,27.1,14.9,77.9,,,OBAnorm,,LD831_02097v2.403,,,,0,0
DENATRLA,2025-06-23 08:40:53.000,45.0,47.2,39.9,37.8,32.3,31.0,30.8,31.1,20.4,20.2,20.2,21.9,25.0,25.1,25.7,27.6,28.4,29.7,28.1,27.4,25.5,23.2,20.5,18.7,16.6,9.0,3.9,-0.4,-2.0,-2.5,-4.0,-3.0,-0.1,35.4,47.4,63.7,13.4,1.0,16.3,27.1,14.8,77.9,,,OBAnorm,,LD831_02097v2.403,,,,0,0
DENATRLA,2025-06-23 08:40:54.000,44.5,43.7,43.9,39.6,37.2,35.5,29.1,21.6,17.7,14.5,17.6,21.4,23.5,24.2,26.4,27.2,28.1,28.5,28.5,26.8,25.5,23.1,20.4,18.6,16.4,12.2,5.2,-1.0,-2.6,-3.5,-4.1,-3.1,-0.1,34.9,41.0,60.2,13.4,1.1,5.3,27.2,14.8,77.3,,,OBAnorm,,LD831_02097v2.403,,,,0,0
DENATRLA,2025-06-23 08:40:55.000,53.0,44.0,40.0,35.9,28.5,22.7,17.9,17.6,16.4,15.6,18.1,19.1,24.1,25.2,26.5,27.5,27.6,28.1,28.2,26.7,25.2,22.6,19.9,16.2,11.4,8.5,3.0,-2.2,-3.3,-3.7,-4.3,-3.1,-0.2,34.6,39.1,54.2,13.4,1.0,325.5,27.2,14.9,77.3,,,OBAnorm,,LD831_02097v2.403,,,,0,0
DENATRLA,2025-06-23 08:40:56.000,50.9,40.8,31.9,29.6,24.9,24.4,19.2,18.5,14.8,17.2,17.8,20.5,22.8,24.4,26.6,27.2,28.0,28.5,27.7,26.7,25.1,23.1,19.6,16.4,12.0,9.9,4.6,-1.0,-2.6,-3.6,-4.2,-3.2,0.0,34.6,39.5,56.2,13.4,0.8,321.8,27.2,15.0,77.3,,,OBAnorm,,LD831_02097v2.403,,,,0,0
DENATRLA,2025-06-23 08:40:57.000,35.4,37.3,33.5,31.9,29.9,23.6,20.7,18.5,15.6,16.5,18.0,21.1,24.2,25.4,26.0,26.9,27.9,28.1,28.7,27.2,25.1,23.1,19.6,15.8,13.2,9.8,5.0,-1.0,-2.6,-3.5,-4.1,-3.1,0.0,34.8,38.5,56.6,13.4,0.7,283.9,27.1,15.0,76.8,,,OBAnorm,,LD831_02097v2.403,,,,0,0
DENATRLA,2025-06-23 08:40:58.000,39.5,35.1,29.1,27.3,24.5,22.0,18.7,16.4,15.4,16.0,18.9,20.9,23.2,25.0,26.0,27.9,28.0,27.9,28.4,27.0,25.1,22.6,19.9,16.3,13.8,9.8,4.3,-1.2,-2.7,-3.6,-4.3,-3.2,0.0,34.7,38.4,52.3,13.4,0.7,291.0,27.1,15.0,76.8,,,OBAnorm,,LD831_02097v2.403,,,,0,0
DENATRLA,2025-06-23 08:40:59.000,38.8,32.9,29.0,27.7,23.7,20.2,17.6,16.5,13.5,15.5,18.5,20.1,23.1,26.2,27.6,27.7,27.4,29.3,28.6,27.7,25.7,22.9,20.0,16.5,12.3,9.5,4.6,-0.8,-2.4,-3.6,-4.4,-3.1,-0.1,35.2,38.4,50.7,13.4,0.5,290.9,27.1,15.0,77.9,,,OBAnorm,,LD831_02097v2.403,,,,0,0
DENATRLA,2025-06-23 08:41:00.000,35.6,32.6,30.2,28.9,25.7,24.1,19.9,15.2,14.4,14.2,18.8,21.4,22.9,25.3,26.8,26.8,27.9,28.3,28.2,27.8,25.1,23.0,20.5,16.2,12.5,8.6,4.3,-1.1,-2.8,-3.8,-4.3,-3.1,-0.2,34.9,38.0,46.3,13.4,0.4,280.2,27.2,15.0,76.2,,,OBAnorm,,LD831_02097v2.403,,,,0,0
DENATRLA,2025-06-23 08:41:01.000,33.3,31.1,30.1,26.8,22.8,22.1,19.6,17.3,15.3,15.4,18.5,21.0,23.6,24.5,26.7,28.4,28.1,28.7,28.0,26.9,25.3,22.3,19.7,16.4,12.9,9.9,5.7,-0.4,-2.0,-3.5,-4.3,-3.1,-0.1,34.7,37.9,51.3,13.4,0.4,300.0,27.1,15.0,75.6,,,OBAnorm,,LD831_02097v2.403,,,,0,0
DENATRLA,2025-06-23 08:41:02.000,25.6,31.7,30.1,29.4,25.2,22.2,18.3,16.9,16.9,12.9,17.2,19.1,23.1,25.1,26.6,26.5,27.4,27.7,27.3,26.4,24.8,22.3,19.5,16.3,11.7,9.7,6.1,0.4,-1.7,-3.7,-4.4,-3.3,-0.1,34.3,38.6,56.6,13.4,0.4,307.3,27.1,15.0,77.3,,,OBAnorm,,LD831_02097v2.403,,,,0,0
DENATRLA,2025-06-23 08:41:03.000,25.5,26.8,28.4,24.8,24.3,22.9,22.4,20.0,16.0,15.5,17.5,22.1,23.7,24.9,26.2,26.9,27.6,27.6,28.1,26.8,25.1,22.5,19.8,16.1,12.0,10.3,6.4,1.0,-1.4,-3.6,-4.3,-3.2,-0.1,34.5,39.0,53.7,13.4,0.4,308.0,27.1,15.0,78.5,,,OBAnorm,,LD831_02097v2.403,,,,0,0
DENATRLA,2025-06-23 08:41:04.000,31.2,29.8,32.3,29.9,25.2,22.0,19.9,17.0,15.8,16.5,19.4,22.0,24.1,24.5,26.7,26.1,27.7,28.2,28.2,26.9,25.4,22.4,20.4,18.0,17.2,11.1,6.6,0.9,-1.8,-3.6,-4.3,-3.3,-0.1,34.8,38.0,46.1,13.4,0.4,314.7,27.2,15.0,78.5,,,OBAnorm,,LD831_02097v2.403,,,,0,0
DENATRLA,2025-06-23 08:41:05.000,36.3,36.7,29.3,29.9,27.5,22.6,19.9,16.6,15.3,15.8,17.9,21.3,23.5,25.4,25.7,26.9,27.3,28.5,28.0,27.0,25.3,22.5,19.4,15.8,11.6,10.0,5.2,-0.2,-2.2,-3.4,-4.2,-3.0,-0.2,34.6,37.7,48.8,13.4,0.4,318.8,27.2,15.1,78.5,,,OBAnorm,,LD831_02097v2.403,,,,0,0
DENATRLA,2025-06-23 08:41:06.000,34.6,29.1,27.8,28.3,23.5,22.8,19.9,16.7,13.1,14.7,16.2,22.0,24.4,23.8,26.0,26.6,27.7,28.2,28.5,26.4,25.3,21.8,18.6,15.2,11.3,8.8,5.5,0.4,-1.8,-3.4,-4.3,-3.1,-0.1,34.4,38.0,49.3,13.4,0.4,321.1,27.2,15.1,78.5,,,OBAnorm,,LD831_02097v2.403,,,,0,0
DENATRLA,2025-06-23 08:41:07.000,28.7,26.4,28.8,26.7,24.3,23.7,20.4,19.3,17.0,16.9,18.6,22.2,23.8,25.4,25.6,27.0,27.6,27.8,27.0,26.3,25.2,23.0,20.2,18.2,14.7,11.6,5.2,0.7,-1.7,-2.8,-4.0,-3.0,-0.2,34.5,38.2,51.0,13.4,0.4,326.9,27.2,15.1,79.1,,,OBAnorm,,LD831_02097v2.403,,,,0,0
DENATRLA,2025-06-23 08:41:08.000,31.0,33.4,28.6,29.1,24.2,24.1,20.6,17.0,16.7,16.4,16.9,20.7,23.4,24.1,26.5,26.2,27.6,28.2,28.1,26.6,24.3,21.9,19.0,15.0,11.1,9.1,3.6,-1.6,-3.0,-3.4,-4.3,-3.0,-0.2,34.2,39.4,54.8,13.4,0.4,342.7,27.1,15.1,79.1,,,OBAnorm,,LD831_02097v2.403,,,,0,0
DENATRLA,2025-06-23 08:41:09.000,31.7,34.5,31.6,28.9,28.9,23.4,22.6,17.3,14.5,16.9,18.0,20.8,22.7,24.5,26.1,26.2,27.2,27.7,27.9,26.2,24.2,22.3,19.2,14.9,11.3,7.3,2.2,-2.6,-3.3,-3.6,-4.2,-3.2,0.0,34.1,39.7,55.5,13.4,0.2,343.5,27.1,15.1,79.1,,,OBAnorm,,LD831_02097v2.403,,,,0,0
DENATRLA,2025-06-23 08:41:10.000,34.2,36.4,36.9,29.5,28.2,22.9,20.6,16.9,12.7,14.8,18.1,22.1,23.1,24.1,25.0,25.7,27.1,28.1,27.8,26.7,25.0,22.0,18.9,14.9,10.5,7.0,2.2,2.4,0.1,-0.6,-2.1,4.6,5.0,34.1,38.2,54.8,13.4,0.0,343.6,27.2,15.1,79.1,,,OBAnorm,,LD831_02097v2.403,,,,0,0
DENATRLA,2025-06-23 08:41:11.000,37.0,37.7,34.7,27.7,23.2,21.2,20.5,16.1,15.4,14.3,16.6,18.9,21.9,24.6,25.0,26.2,26.9,28.5,27.9,26.4,24.2,21.4,18.9,15.1,11.5,7.1,2.2,-2.4,-3.4,-3.4,-4.1,-3.0,0.0,34.0,37.6,52.0,13.4,0.0,343.5,27.1,15.1,79.1,,,OBAnorm,,LD831_02097v2.403,,,,0,0
DENATRLA,2025-06-23 08:41:12.000,35.9,35.4,32.0,26.7,24.9,24.0,19.6,17.1,14.3,16.8,18.5,18.7,23.8,24.2,25.0,26.6,26.7,26.9,27.8,26.6,24.0,21.7,18.2,16.2,11.3,6.8,1.3,-3.1,-3.5,-3.7,-4.3,-3.0,0.0,33.9,37.4,51.0,13.4,0.0,343.6,27.2,15.1,79.1,,,OBAnorm,,LD831_02097v2.403,,,,0,0
DENATRLA,2025-06-23 08:41:13.000,33.5,28.6,28.2,26.0,24.6,21.3,20.8,18.1,13.6,15.1,17.2,18.8,23.1,23.4,24.8,25.8,27.5,27.3,27.2,26.1,24.4,21.7,18.5,14.6,10.5,6.6,1.2,-3.0,-3.5,-3.7,-4.4,-3.1,-0.2,33.7,37.5,52.5,13.4,0.0,343.7,27.2,15.1,79.1,,,OBAnorm,,LD831_02097v2.403,,,,0,0
DENATRLA,2025-06-23 08:41:14.000,32.4,31.4,27.6,26.7,23.3,22.5,19.9,15.5,16.2,16.1,17.1,19.5,22.2,22.8,24.9,26.0,27.7,27.6,27.9,26.3,23.9,21.5,18.1,14.0,10.0,6.5,1.2,-3.0,-3.4,-3.6,-4.2,-3.0,-0.1,33.9,37.4,51.5,13.4,0.0,343.7,27.1,15.1,79.1,,,OBAnorm,,LD831_02097v2.403,,,,0,0
DENATRLA,2025-06-23 08:41:15.000,26.4,34.8,27.6,26.5,24.9,22.0,18.3,16.6,12.9,15.6,17.0,19.4,23.6,24.5,25.8,25.9,27.2,27.3,27.5,26.6,24.0,21.5,18.2,14.4,9.9,6.3,1.5,-2.8,-2.6,-2.9,-3.8,-2.7,-0.1,33.8,40.2,56.4,13.4,0.0,343.6,27.2,15.1,79.1,,,OBAnorm,,LD831_02097v2.403,,,,0,0
DENATRLA,2025-06-23 08:41:16.000,30.9,32.1,30.4,24.2,24.7,23.6,25.8,21.7,19.6,16.8,16.8,19.5,22.4,24.5,24.8,25.8,27.8,28.0,27.4,25.8,23.8,22.2,22.2,18.3,15.9,12.9,3.8,-2.6,-2.9,-2.7,-3.8,-2.8,0.0,34.3,43.2,63.0,13.4,0.0,343.6,27.2,15.1,79.1,,,OBAnorm,,LD831_02097v2.403,,,,0,0
DENATRLA,2025-06-23 08:41:17.000,33.1,31.8,37.2,36.4,34.4,30.9,24.6,20.2,14.3,16.3,16.9,19.8,23.3,23.8,25.7,25.6,27.0,27.7,27.4,26.3,24.1,21.7,18.9,14.7,11.4,9.2,3.1,-2.0,-3.2,-3.2,-4.1,-3.0,0.0,33.9,42.1,59.3,13.4,0.0,343.6,27.2,15.1,79.1,,,OBAnorm,,LD831_02097v2.403,,,,0,0
DENATRLA,2025-06-23 08:41:18.000,45.2,41.1,39.6,34.7,27.7,22.7,20.6,16.5,14.3,16.3,17.0,20.2,21.6,24.4,24.6,26.4,27.6,28.0,27.1,26.1,24.3,21.5,18.8,15.2,11.8,9.4,2.0,-2.5,-3.3,-3.6,-4.4,-3.1,-0.1,33.8,37.7,52.5,13.4,0.0,36.3,27.1,15.0,79.1,,,OBAnorm,,LD831_02097v2.403,,,,0,0
DENATRLA,2025-06-23 08:41:19.000,48.1,39.8,36.2,30.4,26.0,21.3,19.9,18.9,15.9,14.0,17.8,21.4,23.9,23.1,25.2,26.7,27.3,27.8,27.5,25.8,24.3,21.9,19.4,16.6,12.7,11.9,1.9,-2.4,-3.2,-3.6,-4.3,-3.1,-0.1,34.1,37.4,46.0,13.4,0.0,16.9,27.1,14.9,79.0,,,OBAnorm,,LD831_02097v2.403,,,,0,0
DENATRLA,2025-06-23 08:41:20.000,38.9,35.0,28.9,26.9,23.6,21.1,19.6,15.2,13.3,16.1,18.2,21.6,24.3,24.2,26.6,26.9,28.1,28.4,27.3,26.5,25.0,22.3,19.8,16.4,12.2,9.5,2.7,-2.0,-2.5,-3.2,-4.1,-3.2,-0.2,34.4,37.5,46.6,13.4,0.0,27.7,27.1,14.9,79.0,,,OBAnorm,,LD831_02097v2.403,,,,0,0
DENATRLA,2025-06-23 08:41:21.000,33.0,32.3,28.9,27.0,21.3,20.5,20.2,18.0,13.8,17.8,17.0,21.5,23.8,24.4,26.5,27.3,28.1,28.2,27.7,26.6,25.4,22.6,19.5,17.0,12.9,11.0,2.9,-2.0,-2.9,-3.4,-4.2,-3.0,-0.2,34.5,38.1,47.6,13.4,0.0,27.7,27.2,14.9,79.0,,,OBAnorm,,LD831_02097v2.403,,,,0,0
DENATRLA,2025-06-23 08:41:22.000,29.3,28.2,29.1,27.8,24.4,24.2,19.5,18.4,14.3,18.1,18.3,22.4,24.1,24.5,25.6,27.1,27.8,28.0,27.7,26.9,25.1,22.5,19.6,15.8,11.6,8.1,2.6,-1.6,-2.3,-3.5,-4.1,-3.1,-0.1,34.4,37.8,48.9,13.4,0.0,27.7,27.2,14.9,79.0,,,OBAnorm,,LD831_02097v2.403,,,,0,0
DENATRLA,2025-06-23 08:41:23.000,29.2,32.5,32.6,30.9,23.8,23.1,18.3,19.9,15.6,15.2,18.8,22.4,24.0,24.8,25.8,26.0,28.1,28.0,27.4,26.8,24.7,22.0,19.0,15.2,11.0,7.8,2.5,-1.7,-2.8,-3.4,-4.2,-3.1,-0.1,34.2,37.5,45.5,13.4,0.0,27.7,27.2,14.9,79.0,,,OBAnorm,,LD831_02097v2.403,,,,0,0
DENATRLA,2025-06-23 08:41:24.000,26.6,31.1,28.3,24.6,25.9,22.8,20.6,19.5,14.2,16.6,20.2,21.4,24.4,25.0,25.8,26.6,28.1,27.2,27.9,26.7,24.6,22.5,20.6,17.7,17.2,10.0,6.1,-0.9,-2.0,-2.5,-3.6,-2.9,-0.2,34.5,37.5,43.5,13.4,0.0,27.7,27.2,14.9,79.0,,,OBAnorm,,LD831_02097v2.403,,,,0,0
DENATRLA,2025-06-23 08:41:25.000,29.0,33.4,27.8,28.1,24.6,23.0,20.3,16.7,15.1,15.9,20.3,22.7,23.3,25.2,26.0,26.6,26.7,28.4,27.8,27.2,25.4,22.4,19.6,15.8,12.5,9.7,5.1,1.5,-0.2,-1.7,-3.7,-3.0,0.0,34.6,37.7,42.6,13.4,0.0,27.7,27.2,14.9,79.0,,,OBAnorm,,LD831_02097v2.403,,,,0,0
DENATRLA,2025-06-23 08:41:26.000,30.9,30.6,23.6,26.9,22.1,25.1,22.2,17.8,16.9,16.3,20.1,22.4,24.3,24.3,25.8,25.9,27.5,27.7,27.6,26.0,24.5,22.3,18.8,15.2,11.9,9.5,4.5,0.6,-0.9,-2.4,-3.8,-2.9,0.0,34.1,37.4,44.7,13.4,0.0,27.7,27.2,14.9,79.0,,,OBAnorm,,LD831_02097v2.403,,,,0,0
DENATRLA,2025-06-23 08:41:27.000,31.2,26.9,28.3,28.7,21.4,22.5,18.0,17.3,14.3,15.9,19.6,21.8,23.8,23.4,24.8,26.0,27.3,27.7,27.4,26.2,23.9,21.4,18.9,15.8,12.9,8.9,2.6,-1.8,-2.8,-2.8,-3.9,-3.0,-0.2,33.9,38.6,53.4,13.4,0.0,27.7,27.2,14.9,79.0,,,OBAnorm,,LD831_02097v2.403,,,,0,0
DENATRLA,2025-06-23 08:41:28.000,33.9,32.1,30.2,26.5,24.5,25.3,24.4,23.4,21.5,20.1,20.1,20.4,22.6,24.5,25.5,26.1,26.5,27.8,27.1,26.6,25.2,22.1,19.9,16.1,14.0,10.0,3.1,-0.9,-1.9,-2.4,-3.4,-2.6,0.1,34.1,48.1,64.8,13.4,0.0,27.7,27.2,14.9,79.0,,,OBAnorm,,LD831_02097v2.403,,,,0,0
DENATRLA,2025-06-23 08:41:29.000,30.2,34.5,39.1,41.1,34.2,36.2,35.7,33.9,29.5,24.1,20.2,21.2,23.5,24.1,24.9,26.3,28.2,28.0,28.0,27.3,24.9,22.6,19.9,16.5,13.7,10.3,4.4,0.2,-1.3,-2.9,-3.9,-2.7,0.2,34.6,48.8,67.2,13.4,0.0,27.7,27.2,14.9,79.0,,,OBAnorm,,LD831_02097v2.403,,,,0,0
DENATRLA,2025-06-23 08:41:30.000,44.8,43.9,45.9,40.0,40.6,39.0,34.1,26.5,18.6,17.7,17.7,21.9,22.2,24.3,25.4,26.0,27.7,27.6,27.8,27.0,24.4,21.3,19.0,16.0,12.5,9.8,3.4,-0.8,-2.2,-3.0,-3.8,-2.8,0.0,34.1,41.2,64.2,13.4,0.0,27.7,27.2,14.9,79.0,,,OBAnorm,,LD831_02097v2.403,,,,0,0
DENATRLA,2025-06-23 08:41:31.000,54.3,49.7,38.3,32.4,26.8,26.3,22.7,20.2,13.9,17.2,19.3,21.5,23.2,24.2,24.5,26.4,27.0,28.2,27.4,27.2,25.0,22.3,19.3,16.1,11.6,8.6,3.0,-1.1,-1.6,-2.8,-3.8,-2.8,0.0,34.3,38.5,55.8,13.4,0.0,24.3,27.2,14.9,79.0,,,OBAnorm,,LD831_02097v2.403,,,,0,0
DENATRLA,2025-06-23 08:41:32.000,50.6,39.9,35.2,24.9,28.1,24.9,19.3,18.1,14.3,15.2,19.4,21.7,21.9,24.1,25.5,26.5,27.4,28.1,27.6,27.0,24.6,21.9,18.8,14.7,11.1,7.9,3.2,-1.1,-1.9,-2.5,-3.9,-2.9,0.0,34.3,39.2,53.2,13.4,0.0,2.5,27.2,14.9,79.0,,,OBAnorm,,LD831_02097v2.403,,,,0,0
DENATRLA,2025-06-23 08:41:33.000,42.4,35.3,29.7,27.7,28.0,24.4,21.5,18.3,16.6,17.5,19.6,20.4,23.0,23.6,25.8,25.7,26.9,27.8,27.0,26.0,23.7,22.1,20.1,18.7,15.7,10.5,4.6,0.5,-0.4,-0.9,-3.2,-2.7,0.0,33.9,42.4,62.1,13.4,0.0,346.2,27.2,15.0,78.5,,,OBAnorm,,LD831_02097v2.403,,,,0,0
DENATRLA,2025-06-23 08:41:34.000,37.2,37.2,31.7,33.5,33.7,29.3,24.6,22.4,22.9,19.2,19.7,22.6,23.7,24.0,24.7,26.2,26.9,27.2,26.4,25.3,24.6,21.4,19.7,16.1,15.3,11.6,4.5,-0.4,-1.4,-2.2,-3.2,-2.1,0.4,33.7,48.6,63.7,13.4,0.0,346.4,27.0,15.1,78.5,,,OBAnorm,,LD831_02097v2.403,,,,0,0
DENATRLA,2025-06-23 08:41:35.000,42.1,42.2,42.0,39.7,38.4,35.6,31.2,25.8,21.4,18.2,19.3,21.7,23.5,23.6,25.6,26.4,25.8,27.3,26.8,25.8,24.2,21.3,18.4,14.7,11.2,8.3,3.5,-0.9,-2.0,-2.3,-3.1,-2.5,0.0,33.5,42.7,62.1,13.4,0.0,346.4,27.2,15.1,78.5,,,OBAnorm,,LD831_02097v2.403,,,,0,0
DENATRLA,2025-06-23 08:41:36.000,48.3,48.8,48.2,36.9,37.0,30.1,21.4,19.0,15.0,17.1,18.7,21.2,22.9,24.8,25.5,26.1,26.2,27.5,26.6,26.2,24.6,21.1,18.6,17.7,12.8,8.9,3.7,-1.3,-1.9,-2.1,-3.4,-2.8,-0.1,33.7,37.1,51.0,13.4,0.0,346.4,27.2,15.1,78.5,,,OBAnorm,,LD831_02097v2.403,,,,0,0
DENATRLA,2025-06-23 08:41:37.000,50.3,41.4,34.2,25.7,23.1,23.8,21.4,17.3,16.8,17.2,16.0,20.6,23.3,22.4,24.9,26.2,26.1,26.8,26.3,26.0,23.7,21.5,18.6,14.8,11.4,7.5,2.8,-1.4,-2.3,-2.5,-3.7,-2.8,-0.1,33.2,37.0,47.1,13.4,0.0,346.2,27.2,15.1,78.5,,,OBAnorm,,LD831_02097v2.403,,,,0,0
DENATRLA,2025-06-23 08:41:38.000,41.8,29.5,26.3,24.7,22.8,21.9,21.5,18.1,14.0,16.0,17.4,21.5,21.2,23.2,25.6,25.8,26.4,27.4,27.3,26.4,24.1,21.5,18.3,14.5,10.8,7.5,2.8,-2.0,-2.7,-3.3,-3.9,-2.9,0.0,33.7,38.4,55.3,13.4,0.0,346.3,27.2,15.1,78.5,,,OBAnorm,,LD831_02097v2.403,,,,0,0
DENATRLA,2025-06-23 08:41:39.000,27.2,32.1,31.2,29.7,26.4,24.4,19.7,18.1,18.5,17.5,17.9,21.0,22.3,24.3,25.1,25.6,26.4,27.8,28.1,26.6,24.7,21.6,18.4,15.0,10.9,8.2,2.7,-1.9,-2.1,-3.1,-4.1,-3.0,-0.2,34.0,42.0,56.9,13.4,0.0,346.4,27.2,15.1,78.5,,,OBAnorm,,LD831_02097v2.403,,,,0,0
DENATRLA,2025-06-23 08:41:40.000,31.9,34.3,33.7,35.6,32.9,26.6,25.7,20.3,18.7,16.1,17.9,21.2,23.2,24.8,25.8,26.7,26.7,27.4,27.6,25.8,24.5,21.3,19.0,15.3,11.2,7.8,2.8,-1.8,-2.5,-3.3,-4.2,-3.1,0.0,33.9,44.3,62.5,13.4,0.0,339.3,27.2,15.1,78.5,,,OBAnorm,,LD831_02097v2.403,,,,0,0
DENATRLA,2025-06-23 08:41:41.000,37.4,42.6,38.3,37.0,31.8,30.5,27.3,24.3,17.6,16.5,18.4,22.0,22.4,24.5,26.6,26.7,28.1,27.1,27.3,26.9,24.7,22.7,20.0,19.3,18.0,12.1,4.8,-1.3,-2.7,-3.2,-4.2,-3.0,-0.1,34.6,41.1,62.7,13.4,0.0,229.9,27.2,15.1,78.5,,,OBAnorm,,LD831_02097v2.403,,,,0,0
DENATRLA,2025-06-23 08:41:42.000,43.2,42.8,39.2,34.9,30.9,23.4,27.1,18.8,17.6,16.9,17.7,20.1,22.8,22.7,26.7,26.7,28.0,29.5,27.5,27.0,24.6,22.9,20.2,17.0,14.4,9.9,4.5,-0.6,-2.2,-3.1,-4.1,-3.0,0.1,34.8,45.9,65.7,13.4,0.0,206.8,27.2,15.0,77.3,,,OBAnorm,,LD831_02097v2.403,,,,0,0
DENATRLA,2025-06-23 08:41:43.000,46.8,42.5,32.5,39.8,34.8,33.6,30.3,26.4,22.5,17.1,18.4,20.9,22.2,24.7,26.1,26.2,27.4,27.6,27.5,26.6,25.1,22.7,20.2,18.0,14.0,10.0,4.7,-1.2,-2.6,-3.3,-4.0,-2.9,-0.2,34.4,43.9,63.0,13.4,0.0,186.6,27.2,15.0,77.3,,,OBAnorm,,LD831_02097v2.403,,,,0,0
DENATRLA,2025-06-23 08:41:44.000,45.1,40.1,42.2,37.7,35.4,28.8,25.0,20.7,17.6,15.4,17.5,20.9,22.8,24.4,25.2,26.3,26.9,28.4,28.2,26.8,25.7,23.0,20.5,19.5,14.9,10.5,5.0,-1.0,-2.7,-3.3,-4.2,-3.0,-0.1,34.8,45.9,64.0,13.4,0.0,142.2,27.2,15.0,77.3,,,OBAnorm,,LD831_02097v2.403,,,,0,0
DENATRLA,2025-06-23 08:41:45.000,45.7,46.1,37.4,33.7,35.1,32.8,24.8,21.1,19.4,17.8,16.6,20.4,22.4,24.6,25.6,26.3,27.9,28.4,28.6,27.2,26.1,22.9,20.3,16.3,12.8,9.1,3.5,-1.3,-2.5,-3.1,-4.2,-3.0,0.0,34.8,48.1,67.3,13.4,0.3,124.5,27.2,14.9,77.3,,,OBAnorm,,LD831_02097v2.403,,,,0,0
DENATRLA,2025-06-23 08:41:46.000,46.1,45.4,39.3,37.2,33.8,36.0,30.4,25.2,22.4,18.2,18.6,21.7,23.5,25.5,25.4,26.5,27.7,28.4,28.1,27.5,25.2,22.3,19.4,15.8,12.2,8.7,3.1,-1.9,-2.6,-3.3,-4.2,-3.0,-0.1,34.6,43.2,59.5,13.4,0.6,130.0,27.2,14.9,77.9,,,OBAnorm,,LD831_02097v2.403,,,,0,0
DENATRLA,2025-06-23 08:41:47.000,48.5,48.0,45.6,38.0,36.4,27.0,24.0,20.5,17.7,17.2,19.4,22.0,22.4,24.5,25.6,27.5,28.0,29.7,28.7,27.0,26.0,22.7,19.4,15.7,11.6,9.5,3.3,-1.8,-2.8,-3.2,-3.9,-2.9,0.0,35.0,44.0,63.2,13.4,0.6,127.7,27.2,14.9,77.9,,,OBAnorm,,LD831_02097v2.403,,,,0,0
DENATRLA,2025-06-23 08:41:48.000,49.9,45.2,35.7,38.9,32.5,28.0,23.8,19.8,19.0,17.0,19.7,20.9,22.9,24.5,25.2,26.7,27.8,28.4,28.5,26.7,24.8,22.1,18.7,15.3,11.1,7.9,2.4,-2.2,-3.0,-3.3,-4.1,-2.9,-0.1,34.5,39.5,58.1,13.4,0.6,126.3,27.2,14.9,77.3,,,OBAnorm,,LD831_02097v2.403,,,,0,0
DENATRLA,2025-06-23 08:41:49.000,46.5,36.8,37.8,30.9,29.1,26.1,22.1,16.6,18.1,17.8,18.9,22.9,22.1,24.7,25.7,27.5,27.8,28.6,28.5,27.7,25.7,21.8,19.4,16.8,12.2,8.5,2.7,-2.0,-2.9,-3.1,-4.0,-2.8,-0.1,34.8,40.1,55.2,13.4,0.5,117.2,27.2,14.9,77.3,,,OBAnorm,,LD831_02097v2.403,,,,0,0
DENATRLA,2025-06-23 08:41:50.000,45.2,43.1,30.2,28.6,28.2,27.1,27.3,23.4,16.9,17.4,19.4,20.8,22.3,24.4,25.1,26.4,27.5,28.1,27.7,26.3,24.9,21.3,18.7,15.0,11.8,7.9,2.8,-1.8,-2.2,-2.5,-3.9,-2.7,0.2,34.1,47.7,68.2,13.4,0.5,108.5,27.2,14.9,77.3,,,OBAnorm,,LD831_02097v2.403,,,,0,0
DENATRLA,2025-06-23 08:41:51.000,37.2,33.0,40.5,36.4,36.0,28.8,27.2,22.9,18.6,15.5,17.2,21.5,23.0,24.2,26.3,26.3,27.2,27.6,27.7,26.6,24.6,22.2,19.2,17.5,14.2,9.5,3.3,-2.0,-2.9,-3.3,-4.2,-2.9,-0.1,34.2,42.8,62.0,13.4,0.4,98.9,27.2,14.9,77.3,,,OBAnorm,,LD831_02097v2.403,,,,0,0
DENATRLA,2025-06-23 08:41:52.000,44.6,45.5,42.1,34.6,31.2,31.7,27.6,24.6,20.7,17.7,20.4,21.3,21.6,24.8,26.9,26.9,26.9,27.4,27.8,26.7,25.0,22.2,19.4,16.5,12.2,10.6,4.7,-0.7,-2.3,-2.8,-3.8,-2.9,0.0,34.3,40.7,62.3,13.4,0.4,89.5,27.2,14.9,77.3,,,OBAnorm,,LD831_02097v2.403,,,,0,0
DENATRLA,2025-06-23 08:41:53.000,41.2,44.0,38.5,32.1,31.0,26.8,24.3,21.1,15.6,17.7,17.6,21.2,24.1,25.0,25.5,27.3,28.6,29.2,29.2,26.9,25.3,22.2,19.4,16.6,13.2,9.9,3.9,-1.4,-2.4,-2.9,-4.0,-2.8,0.0,35.0,44.3,61.7,13.4,0.4,56.2,27.2,14.9,76.7,,,OBAnorm,,LD831_02097v2.403,,,,0,0
DENATRLA,2025-06-23 08:41:54.000,43.7,35.5,38.3,36.0,32.4,30.3,22.0,20.0,15.8,15.0,17.3,20.2,22.9,23.3,25.3,26.8,27.6,28.0,28.5,26.6,25.2,22.0,18.7,18.3,14.6,10.6,4.0,-1.5,-2.2,-3.3,-4.2,-3.0,-0.2,34.5,40.6,55.6,13.4,0.4,48.9,27.2,14.9,76.7,,,OBAnorm,,LD831_02097v2.403,,,,0,0
DENATRLA,2025-06-23 08:41:55.000,42.3,40.9,33.4,32.4,29.8,25.4,24.0,21.5,17.7,15.6,18.2,20.6,22.9,24.3,25.2,26.8,27.4,27.8,27.9,26.6,25.1,21.7,18.7,15.7,11.8,8.1,2.7,-1.7,-2.8,-3.3,-4.0,-2.8,0.0,34.2,45.0,67.5,13.4,0.6,1.6,27.2,14.9,77.3,,,OBAnorm,,LD831_02097v2.403,,,,0,0
DENATRLA,2025-06-23 08:41:56.000,43.8,37.4,37.5,34.8,33.1,30.8,27.9,22.3,19.1,16.4,18.2,20.9,22.0,24.7,24.8,25.4,26.8,28.3,27.2,25.9,24.3,21.4,18.4,14.6,11.2,7.6,2.3,-2.3,-3.1,-3.6,-4.2,-3.0,-0.1,33.7,45.4,64.4,13.4,0.8,1.6,27.2,14.8,77.3,,,OBAnorm,,LD831_02097v2.403,,,,0,0
DENATRLA,2025-06-23 08:41:57.000,39.5,44.2,37.5,35.7,35.0,34.9,31.3,24.4,18.7,17.8,14.5,20.4,22.9,24.8,25.9,26.5,26.8,27.7,27.5,25.9,24.2,21.2,18.0,16.7,12.0,12.6,2.8,-2.3,-3.2,-3.5,-4.2,-2.7,0.0,33.9,42.4,58.7,13.4,0.8,2.3,27.2,14.8,76.7,,,OBAnorm,,LD831_02097v2.403,,,,0,0
DENATRLA,2025-06-23 08:41:58.000,42.1,41.2,40.4,37.1,29.9,27.9,22.4,19.1,15.1,14.6,17.3,20.6,21.7,23.9,26.4,27.0,26.8,27.5,27.2,25.4,24.1,21.6,17.9,14.2,10.6,6.9,2.4,-2.3,-3.2,-3.7,-4.4,-3.2,-0.1,33.5,38.8,56.9,13.4,0.7,2.5,27.2,14.8,77.3,,,OBAnorm,,LD831_02097v2.403,,,,0,0
DENATRLA,2025-06-23 08:41:59.000,44.3,46.7,34.3,31.5,26.3,21.2,19.7,18.8,15.2,14.1,17.1,19.7,22.6,23.8,25.3,25.2,26.4,27.6,27.4,25.0,23.8,21.5,18.0,14.9,10.4,11.4,3.7,-1.8,-3.2,-3.8,-4.4,-3.1,-0.1,33.4,41.9,61.5,13.4,0.5,16.3,27.2,14.8,77.3,,,OBAnorm,,LD831_02097v2.403,,,,0,0
DENATRLA,2025-06-23 08:42:00.000,40.3,31.9,32.4,27.1,26.4,23.2,22.3,18.6,17.2,14.8,15.3,19.7,24.0,23.5,24.5,24.5,26.8,27.1,27.1,25.9,24.0,20.6,18.1,14.0,10.1,7.0,2.7,-1.9,-3.3,-3.6,-4.2,-3.2,-0.2,33.4,43.7,63.6,13.4,0.5,27.2,27.2,14.8,77.3,,,OBAnorm,,LD831_02097v2.403,,,,0,0
DENATRLA,2025-06-23 08:42:01.000,38.5,39.6,35.8,35.0,29.8,24.4,21.2,16.6,14.4,15.1,18.2,20.3,22.0,23.8,24.9,25.4,27.1,27.1,26.6,25.6,24.0,21.3,19.0,17.3,12.6,10.3,2.9,-2.0,-3.4,-3.9,-4.4,-3.2,0.0,33.5,40.6,60.3,13.4,0.4,58.3,27.2,14.8,77.9,,,OBAnorm,,LD831_02097v2.403,,,,0,0
DENATRLA,2025-06-23 08:42:02.000,45.4,37.0,37.4,32.2,26.8,27.0,17.7,16.6,14.5,12.9,17.1,19.2,22.0,23.5,24.9,24.7,27.0,26.8,27.5,26.0,24.2,21.4,18.2,15.1,11.5,9.7,3.1,-1.9,-3.3,-3.7,-4.3,-3.1,-0.1,33.5,37.8,55.4,13.4,0.3,91.0,27.2,14.8,76.2,,,OBAnorm,,LD831_02097v2.403,,,,0,0
DENATRLA,2025-06-23 08:42:03.000,40.9,41.7,33.2,31.8,25.3,19.8,18.1,15.8,12.6,14.0,16.8,18.9,20.8,24.0,24.3,25.4,26.5,27.0,27.0,25.7,23.4,20.6,16.8,14.1,10.2,7.8,3.9,-1.3,-3.0,-3.8,-4.5,-3.2,-0.1,33.1,36.5,49.6,13.4,0.3,112.6,27.2,14.9,75.6,,,OBAnorm,,LD831_02097v2.403,,,,0,0
DENATRLA,2025-06-23 08:42:04.000,39.6,35.9,30.7,28.0,21.0,18.8,16.8,13.6,12.7,14.7,16.3,19.3,21.4,23.3,24.9,25.7,26.0,27.2,26.9,25.4,23.4,20.3,17.5,14.8,10.4,8.3,3.3,-2.1,-3.4,-3.8,-4.3,-3.2,0.0,33.2,36.7,51.8,13.4,0.3,117.3,27.2,14.9,77.3,,,OBAnorm,,LD831_02097v2.403,,,,0,0
DENATRLA,2025-06-23 08:42:05.000,37.1,33.9,29.9,25.3,23.6,20.9,17.8,15.7,14.9,13.3,15.4,19.5,20.1,22.9,24.5,26.0,27.1,26.5,26.7,25.5,23.2,20.5,17.8,14.2,10.4,10.3,3.3,-2.0,-3.4,-3.9,-4.4,-3.0,-0.1,33.1,36.2,43.4,13.4,0.3,119.8,27.2,14.9,77.9,,,OBAnorm,,LD831_02097v2.403,,,,0,0
DENATRLA,2025-06-23 08:42:06.000,32.2,30.7,26.3,23.9,21.6,20.8,18.9,15.5,13.6,13.7,16.6,19.4,21.6,22.3,24.5,25.2,26.4,27.4,26.8,25.2,23.4,21.2,17.8,13.7,10.3,7.1,2.4,-2.3,-3.4,-3.9,-4.3,-3.2,-0.2,33.1,36.4,47.0,13.4,0.3,121.0,27.2,14.9,77.3,,,OBAnorm,,LD831_02097v2.403,,,,0,0
DENATRLA,2025-06-23 08:42:07.000,28.3,30.6,26.7,25.0,25.9,21.3,17.1,15.6,10.2,12.3,15.9,18.7,21.7,23.1,23.7,25.0,26.2,27.3,26.7,25.0,23.5,21.2,18.2,14.5,10.2,7.8,2.0,-2.0,-3.3,-3.8,-4.4,-3.1,-0.2,33.1,36.1,43.9,13.4,0.3,121.2,27.2,14.9,77.9,,,OBAnorm,,LD831_02097v2.403,,,,0,0
DENATRLA,2025-06-23 08:42:08.000,29.0,31.3,30.1,23.8,22.6,22.1,17.6,16.0,14.0,13.9,15.9,19.2,21.5,23.9,25.0,25.7,26.7,28.2,27.1,25.8,24.3,20.9,18.4,15.3,12.6,7.1,1.9,-2.6,-3.6,-3.8,-4.4,-3.2,-0.1,33.7,36.5,46.6,13.4,0.3,121.3,27.3,14.9,77.9,,,OBAnorm,,LD831_02097v2.403,,,,0,0
DENATRLA,2025-06-23 08:42:09.000,32.2,27.5,27.7,26.6,22.6,18.7,16.9,17.0,14.2,14.3,15.5,18.3,20.5,22.4,23.4,25.7,26.5,27.5,26.8,26.1,23.4,20.5,17.4,15.1,10.2,8.5,2.7,-1.8,-3.3,-3.8,-4.4,-3.1,-0.2,33.2,36.4,42.5,13.4,0.3,121.3,27.2,14.9,77.9,,,OBAnorm,,LD831_02097v2.403,,,,0,0
DENATRLA,2025-06-23 08:42:10.000,28.7,28.4,28.5,23.4,23.9,23.3,17.3,15.6,14.2,15.4,16.4,18.6,21.3,23.7,25.3,25.4,26.5,27.8,27.2,26.8,24.4,21.8,19.4,15.2,11.6,9.0,3.9,-0.9,-2.6,-3.4,-4.3,-3.2,-0.2,34.0,37.3,48.9,13.4,0.3,121.3,27.2,14.9,77.9,,,OBAnorm,,LD831_02097v2.403,,,,0,0
DENATRLA,2025-06-23 08:42:11.000,27.3,27.8,29.5,29.2,25.8,21.0,17.9,15.9,13.3,13.7,16.5,20.0,21.6,23.1,23.9,25.2,26.9,26.8,26.7,25.9,23.4,20.4,18.5,15.3,11.7,9.6,3.7,-0.4,-2.6,-3.4,-4.2,-3.0,-0.1,33.2,36.3,47.0,13.4,0.2,121.4,27.2,14.9,77.9,,,OBAnorm,,LD831_02097v2.403,,,,0,0
DENATRLA,2025-06-23 08:42:12.000,34.4,28.8,26.5,26.5,24.8,22.2,17.2,16.3,12.1,13.0,16.2,18.8,20.5,22.6,23.9,25.0,26.2,27.4,27.4,26.2,24.2,20.9,19.0,15.1,11.1,8.0,3.3,-1.6,-3.0,-3.7,-4.4,-3.3,-0.1,33.6,36.4,43.4,13.4,0.0,121.4,27.2,14.9,77.9,,,OBAnorm,,LD831_02097v2.403,,,,0,0
DENATRLA,2025-06-23 08:42:13.000,31.4,31.5,26.8,23.4,24.1,22.4,19.2,16.1,13.4,13.2,14.9,19.0,21.0,24.1,25.8,25.8,26.9,27.8,27.6,25.7,23.6,21.1,18.3,15.1,11.4,7.7,2.6,-2.1,-3.2,-3.8,-4.4,-3.1,-0.1,33.6,37.1,47.5,13.4,0.0,121.4,27.2,14.9,77.9,,,OBAnorm,,LD831_02097v2.403,,,,0,0
DENATRLA,2025-06-23 08:42:14.000,28.4,30.3,27.3,27.1,24.0,22.0,20.1,15.5,13.9,15.5,16.3,19.5,21.0,22.6,24.4,25.7,27.2,27.3,27.6,26.5,24.4,21.8,18.7,15.5,12.2,7.9,2.7,-2.6,-3.5,-3.7,-4.3,-3.2,-0.1,33.8,38.1,53.6,13.4,0.0,121.3,27.2,14.9,77.9,,,OBAnorm,,LD831_02097v2.403,,,,0,0
DENATRLA,2025-06-23 08:42:15.000,27.8,32.5,25.4,27.6,24.0,20.7,18.8,15.7,11.9,12.2,16.8,18.4,21.2,23.3,24.0,25.7,26.1,27.2,27.0,25.8,23.8,21.5,17.7,16.0,11.3,7.2,2.4,-2.2,-3.4,-3.5,-4.3,-3.1,-0.1,33.2,41.6,59.0,13.4,0.0,121.4,27.1,14.9,77.9,,,OBAnorm,,LD831_02097v2.403,,,,0,0
DENATRLA,2025-06-23 08:42:16.000,37.3,35.1,31.6,31.6,27.9,23.6,22.1,19.5,16.2,13.3,15.2,18.5,21.1,23.5,24.0,25.4,25.8,27.8,27.0,25.1,23.2,20.8,17.8,15.3,11.1,7.6,1.8,-2.4,-3.1,-3.0,-4.2,-3.1,-0.1,33.1,42.6,59.7,13.4,0.0,110.9,27.2,14.9,77.9,,,OBAnorm,,LD831_02097v2.403,,,,0,0
DENATRLA,2025-06-23 08:42:17.000,40.7,37.5,41.9,37.4,30.3,29.0,28.5,24.0,21.1,17.7,16.2,18.3,21.0,23.9,24.3,25.3,25.5,26.7,26.6,25.7,23.2,20.3,17.3,14.8,11.8,6.8,1.3,-2.7,-3.6,-3.7,-4.3,-3.2,-0.1,32.9,43.6,62.0,13.4,0.0,73.3,27.2,14.9,77.9,,,OBAnorm,,LD831_02097v2.403,,,,0,0
DENATRLA,2025-06-23 08:42:18.000,44.0,39.5,38.5,40.8,34.3,32.1,27.0,22.5,20.1,16.6,17.3,19.0,20.8,21.7,24.8,25.1,26.8,26.9,27.2,25.8,23.6,20.3,17.6,15.6,11.4,9.9,1.3,-2.9,-3.6,-3.7,-4.2,-2.9,0.0,33.1,45.0,65.5,13.4,0.0,37.4,27.2,14.8,77.9,,,OBAnorm,,LD831_02097v2.403,,,,0,0
DENATRLA,2025-06-23 08:42:19.000,46.7,38.1,41.8,40.2,36.1,32.1,29.9,24.2,21.1,17.9,17.8,18.8,20.6,23.3,24.8,25.3,26.3,26.8,26.7,25.8,23.6,21.5,19.0,15.4,11.2,7.7,1.2,-2.3,-3.6,-3.7,-4.1,-2.8,0.1,33.3,52.7,68.8,13.4,0.0,330.9,27.2,14.8,76.7,,,OBAnorm,,LD831_02097v2.403,,,,0,0
DENATRLA,2025-06-23 08:42:20.000,47.3,43.5,42.3,44.6,36.8,42.5,40.5,38.2,34.5,32.8,30.2,24.9,23.3,24.2,24.7,25.5,26.1,26.8,26.8,25.7,23.4,21.6,18.7,15.5,11.2,13.2,1.6,-2.0,-3.1,-2.9,-3.1,-1.6,1.5,33.8,60.8,78.7,13.4,0.3,346.1,27.2,14.9,76.7,,,OBAnorm,,LD831_02097v2.403,,,,0,0
DENATRLA,2025-06-23 08:42:21.000,48.0,44.1,50.6,47.1,51.2,48.0,46.1,43.1,40.4,35.8,31.8,26.2,23.4,23.6,23.7,25.1,25.5,26.7,26.9,26.1,23.4,21.5,18.6,14.4,11.0,7.4,2.3,-2.1,-3.2,-3.2,-3.6,-1.9,0.9,33.6,60.0,78.1,13.4,0.7,36.0,27.2,14.9,77.9,,,OBAnorm,,LD831_02097v2.403,,,,0,0
DENATRLA,2025-06-23 08:42:22.000,60.0,60.3,60.3,53.9,47.5,46.6,42.8,37.7,31.3,21.7,20.4,19.2,20.8,22.5,25.0,25.4,26.6,26.4,27.2,25.3,23.5,20.3,18.7,16.4,12.2,9.9,1.4,-2.8,-3.6,-3.8,-4.3,-3.0,-0.2,33.2,41.9,59.2,13.4,0.9,345.7,27.2,14.9,77.3,,,OBAnorm,,LD831_02097v2.403,,,,0,0
DENATRLA,2025-06-23 08:42:23.000,62.8,64.8,49.5,44.5,39.2,30.1,23.8,26.3,21.1,18.0,14.9,19.5,21.7,23.3,23.5,24.8,25.6,27.1,27.0,25.6,23.3,20.0,17.4,13.8,9.8,6.9,2.9,-2.4,-3.5,-3.8,-4.4,-3.0,0.0,33.0,45.1,63.3,13.4,0.8,315.7,27.2,15.0,76.8,,,OBAnorm,,LD831_02097v2.403,,,,0,0
DENATRLA,2025-06-23 08:42:24.000,55.7,48.4,41.6,39.1,36.4,30.6,29.5,20.3,16.8,14.4,15.9,18.8,20.6,22.5,24.7,25.5,26.1,27.3,27.1,25.6,23.2,20.2,18.0,16.1,13.3,8.7,4.2,-1.5,-3.2,-3.7,-4.2,-3.1,-0.1,33.1,43.6,61.3,13.4,0.7,329.3,27.2,15.0,77.3,,,OBAnorm,,LD831_02097v2.403,,,,0,0
DENATRLA,2025-06-23 08:42:25.000,37.8,42.9,39.3,36.3,34.1,29.4,26.2,20.5,15.9,15.0,16.3,18.8,20.9,22.9,23.7,25.7,25.6,26.9,26.6,25.1,23.1,20.6,16.9,15.3,10.4,7.0,2.5,-2.0,-3.2,-3.8,-4.4,-3.0,-0.2,32.7,43.4,63.5,13.4,0.7,329.2,27.2,15.0,77.3,,,OBAnorm,,LD831_02097v2.403,,,,0,0
DENATRLA,2025-06-23 08:42:26.000,45.8,45.4,41.9,38.2,30.9,25.9,20.9,19.0,16.0,13.3,13.7,17.8,20.7,22.4,24.0,24.1,25.2,25.8,25.9,24.6,22.5,19.7,16.9,13.1,9.1,6.1,1.4,-2.9,-3.6,-3.8,-4.4,-3.1,0.0,32.2,44.2,62.9,13.4,0.5,329.3,27.2,15.0,77.3,,,OBAnorm,,LD831_02097v2.403,,,,0,0
DENATRLA,2025-06-23 08:42:27.000,47.9,42.7,38.8,36.0,35.1,30.9,27.3,21.2,16.7,13.5,14.8,18.3,21.2,22.7,23.4,24.4,25.1,26.2,26.0,24.8,22.1,20.1,17.1,14.3,9.7,6.8,2.9,7.6,4.7,3.4,-1.2,-1.1,0.4,32.2,41.0,58.1,13.4,0.4,316.1,27.2,15.0,76.8,,,OBAnorm,,LD831_02097v2.403,,,,0,0
DENATRLA,2025-06-23 08:42:28.000,40.4,40.6,37.1,38.2,32.6,28.7,25.9,19.2,15.7,12.1,15.6,17.2,20.1,22.5,24.0,24.5,24.8,26.0,25.8,24.7,22.0,19.8,17.1,14.6,11.1,7.8,3.0,-2.2,-3.2,-3.7,-4.3,-3.0,0.0,32.1,42.6,59.5,13.4,0.4,331.6,27.2,15.0,76.2,,,OBAnorm,,LD831_02097v2.403,,,,0,0
DENATRLA,2025-06-23 08:42:29.000,47.9,40.1,35.9,29.6,27.4,25.9,23.6,21.5,17.7,15.1,16.0,17.4,21.1,23.1,24.1,24.4,25.2,26.0,26.2,23.9,22.1,19.7,16.7,13.3,10.6,8.3,3.5,-1.3,-3.0,-3.6,-4.2,-2.7,0.2,32.0,42.0,65.0,13.4,0.4,338.3,27.2,15.0,77.3,,,OBAnorm,,LD831_02097v2.403,,,,0,0
DENATRLA,2025-06-23 08:42:30.000,43.8,40.2,38.1,32.6,32.4,27.5,26.1,19.1,14.6,14.0,12.6,17.0,20.3,22.2,22.5,24.6,25.7,26.2,25.8,24.6,22.1,19.2,16.4,13.0,9.2,6.8,3.3,-1.4,-3.0,-3.7,-4.3,-3.1,-0.1,32.0,42.5,61.3,13.4,0.4,343.9,27.2,15.0,77.9,,,OBAnorm,,LD831_02097v2.403,,,,0,0
DENATRLA,2025-06-23 08:42:31.000,44.3,41.3,41.7,36.6,33.3,27.0,20.0,18.6,13.5,13.2,14.8,19.2,19.9,21.7,23.8,24.2,24.5,25.8,25.5,24.3,22.2,19.2,16.2,13.6,9.9,7.9,2.3,-2.5,-3.5,-3.9,-4.4,-3.1,-0.1,31.8,37.4,59.2,13.4,0.4,344.0,27.2,15.0,77.9,,,OBAnorm,,LD831_02097v2.403,,,,0,0
DENATRLA,2025-06-23 08:42:32.000,44.5,43.0,35.5,29.2,27.1,21.6,19.0,15.3,12.7,11.2,13.7,18.2,20.5,21.8,23.3,23.2,25.0,26.3,25.6,24.3,21.6,19.6,16.5,13.5,10.0,7.8,4.5,-0.6,-2.7,-3.8,-4.4,-3.1,-0.1,32.0,35.6,50.9,13.4,0.4,344.2,27.2,15.0,77.9,,,OBAnorm,,LD831_02097v2.403,,,,0,0
DENATRLA,2025-06-23 08:42:33.000,42.1,38.9,28.8,23.2,23.1,20.8,15.1,16.6,13.4,12.5,15.5,18.1,20.7,21.4,22.8,23.5,24.5,25.9,25.9,25.4,22.4,19.5,16.5,13.0,9.8,7.3,3.7,-1.5,-3.1,-3.9,-4.4,-3.2,-0.1,32.2,35.9,51.0,13.4,0.4,344.2,27.2,15.0,77.9,,,OBAnorm,,LD831_02097v2.403,,,,0,0
DENATRLA,2025-06-23 08:42:34.000,29.7,29.3,26.0,25.6,22.1,20.7,16.4,15.8,13.7,13.4,15.2,17.3,21.2,22.1,23.1,23.8,25.1,26.0,25.2,24.8,22.3,19.2,16.4,12.9,9.3,6.1,1.6,-2.9,-3.7,-3.8,-4.3,-3.1,0.0,31.9,35.3,48.4,13.4,0.4,344.2,27.2,15.0,77.9,,,OBAnorm,,LD831_02097v2.403,,,,0,0
DENATRLA,2025-06-23 08:42:35.000,33.7,29.2,30.3,24.9,19.2,22.0,19.7,15.5,12.9,11.3,13.9,18.4,20.6,21.3,23.2,23.8,25.2,25.7,25.7,24.6,22.0,18.9,15.9,12.5,8.8,5.8,1.3,-2.7,-3.6,-3.9,-4.4,-3.2,-0.1,31.8,36.6,52.6,13.4,0.4,344.2,27.3,15.0,77.9,,,OBAnorm,,LD831_02097v2.403,,,,0,0
DENATRLA,2025-06-23 08:42:36.000,34.0,29.1,21.7,24.1,21.8,20.6,18.6,14.8,12.0,11.9,13.9,17.6,19.7,21.1,22.2,23.7,25.6,25.6,25.9,23.9,21.4,19.8,16.2,12.5,8.9,6.3,1.2,-3.2,-3.6,-3.9,-4.4,-3.2,-0.1,31.7,37.5,55.2,13.4,0.2,344.2,27.2,15.0,77.9,,,OBAnorm,,LD831_02097v2.403,,,,0,0
DENATRLA,2025-06-23 08:42:37.000,28.1,26.3,30.0,27.9,24.1,20.7,19.1,13.6,12.9,11.9,14.7,18.0,20.0,21.8,22.7,23.3,24.5,25.1,24.9,23.4,21.2,18.0,15.9,12.3,8.5,6.2,1.4,-3.0,-3.6,-3.9,-4.3,-2.7,-0.1,31.2,36.3,54.8,13.4,0.0,344.2,27.2,15.0,77.9,,,OBAnorm,,LD831_02097v2.403,,,,0,0
DENATRLA,2025-06-23 08:42:38.000,40.1,33.0,30.7,25.8,24.6,23.6,17.9,13.9,12.4,13.1,16.5,17.6,20.5,21.5,22.5,24.5,25.2,25.5,25.6,23.3,21.0,18.7,16.3,17.5,14.5,7.8,1.0,-3.1,-3.7,-4.0,-4.4,-3.2,0.0,31.6,37.0,54.2,13.4,0.0,344.2,27.2,15.0,78.5,,,OBAnorm,,LD831_02097v2.403,,,,0,0
DENATRLA,2025-06-23 08:42:39.000,40.0,29.8,27.8,26.1,25.4,18.9,15.8,19.2,13.5,11.9,15.5,17.6,19.6,22.1,23.0,23.9,24.6,26.7,25.6,24.1,21.4,18.7,16.0,13.6,10.1,8.6,1.0,-3.0,-3.7,-4.0,-4.4,-3.1,-0.2,31.8,36.1,50.5,13.4,0.0,344.2,27.2,15.0,77.9,,,OBAnorm,,LD831_02097v2.403,,,,0,0
DENATRLA,2025-06-23 08:42:40.000,33.5,33.7,29.2,27.7,23.3,20.9,15.5,17.0,11.3,11.7,13.5,18.1,19.9,21.6,22.4,24.5,25.2,26.2,25.9,23.7,22.4,19.8,17.2,13.6,8.8,6.6,0.3,-3.4,-3.7,-3.9,-4.4,-3.2,0.0,32.0,36.6,53.4,13.4,0.0,344.2,27.2,15.1,77.9,,,OBAnorm,,LD831_02097v2.403,,,,0,0
DENATRLA,2025-06-23 08:42:41.000,34.0,35.8,28.0,22.9,19.8,20.3,16.9,13.8,12.9,12.2,15.1,17.2,20.3,22.6,24.0,23.6,25.0,25.2,25.1,23.5,21.2,18.5,16.1,13.3,8.8,8.1,0.4,-3.3,-3.7,-3.9,-4.4,-3.2,-0.2,31.3,35.5,50.0,13.4,0.0,344.2,27.2,15.1,78.5,,,OBAnorm,,LD831_02097v2.403,,,,0,0
DENATRLA,2025-06-23 08:42:42.000,32.1,32.0,26.3,25.8,24.6,19.1,16.2,14.9,11.8,11.4,13.9,16.8,19.9,22.8,22.9,24.1,24.7,26.1,24.7,24.0,21.1,18.5,17.1,15.9,13.2,7.6,-0.4,-3.2,-3.7,-3.9,-4.4,-3.1,0.0,31.6,35.0,45.4,13.4,0.0,344.3,27.2,15.1,78.5,,,OBAnorm,,LD831_02097v2.403,,,,0,0
DENATRLA,2025-06-23 08:42:43.000,30.1,28.9,31.0,25.6,21.7,19.7,17.1,16.8,11.1,13.5,15.2,16.6,19.6,21.3,24.1,24.9,25.5,26.3,25.0,23.2,21.4,18.2,16.0,13.9,9.6,8.0,0.3,-3.6,-3.8,-4.0,-4.4,-3.3,-0.1,31.6,34.9,46.0,13.4,0.0,344.3,27.2,15.1,78.5,,,OBAnorm,,LD831_02097v2.403,,,,0,0
DENATRLA,2025-06-23 08:42:44.000,33.4,27.3,24.9,24.7,23.8,19.7,15.6,14.5,13.9,12.6,15.2,15.4,20.1,21.3,22.5,23.4,24.6,25.4,25.3,23.8,21.0,18.6,15.8,12.4,9.0,7.8,0.6,-3.5,-3.8,-3.9,-4.4,-3.2,0.0,31.4,34.5,47.9,13.4,0.0,344.3,27.2,15.1,79.1,,,OBAnorm,,LD831_02097v2.403,,,,0,0
DENATRLA,2025-06-23 08:42:45.000,27.8,29.5,25.1,24.1,20.1,20.3,15.2,16.5,13.9,12.2,15.3,17.8,19.5,20.7,22.6,24.0,24.8,25.8,25.0,23.0,21.0,18.6,15.7,14.1,10.6,7.7,-0.1,-3.4,-3.8,-3.9,-4.5,-3.1,-0.2,31.2,35.0,47.4,13.4,0.0,345.9,27.2,15.0,79.1,,,OBAnorm,,LD831_02097v2.403,,,,0,0
DENATRLA,2025-06-23 08:42:46.000,19.8,28.6,27.6,23.8,21.6,17.8,18.0,12.9,11.1,13.2,15.3,17.1,19.1,22.5,23.3,23.7,25.2,25.4,24.7,23.8,21.0,19.2,15.9,12.8,9.7,7.2,-0.1,-3.6,-3.8,-3.9,-4.4,-3.1,0.0,31.4,35.3,46.9,13.4,0.0,23.6,27.2,14.9,79.0,,,OBAnorm,,LD831_02097v2.403,,,,0,0
DENATRLA,2025-06-23 08:42:47.000,27.7,31.3,25.2,22.8,23.7,18.9,17.9,16.9,13.1,12.0,13.1,18.0,20.6,22.0,23.7,23.2,23.8,24.8,25.5,23.4,21.1,18.8,15.5,13.2,8.5,6.7,-0.7,-3.4,-3.8,-3.9,-4.4,-3.1,-0.1,31.2,34.8,45.4,13.4,0.0,25.8,27.2,14.9,77.3,,,OBAnorm,,LD831_02097v2.403,,,,0,0
DENATRLA,2025-06-23 08:42:48.000,27.4,32.1,28.1,23.9,21.1,15.9,18.2,13.8,12.3,11.1,14.4,17.5,20.0,21.8,22.8,24.0,24.1,24.8,25.0,23.6,21.0,18.2,15.8,13.5,9.9,4.7,-0.4,-3.7,-3.8,-3.9,-4.5,-3.2,-0.1,31.2,34.5,44.9,13.4,0.0,26.9,27.2,14.9,76.2,,,OBAnorm,,LD831_02097v2.403,,,,0,0
DENATRLA,2025-06-23 08:42:49.000,33.5,31.3,24.4,24.7,21.1,17.6,14.6,13.4,11.8,13.0,15.8,17.2,20.7,22.0,23.5,24.7,25.4,25.4,25.1,23.4,21.0,18.2,16.3,13.1,10.2,9.4,0.9,-3.6,-3.8,-4.0,-4.4,-3.1,-0.2,31.4,34.8,42.2,13.4,0.0,26.9,27.2,14.9,78.5,,,OBAnorm,,LD831_02097v2.403,,,,0,0
DENATRLA,2025-06-23 08:42:50.000,30.1,29.9,28.1,24.8,20.5,18.5,17.7,11.6,11.4,12.7,15.8,15.7,18.4,21.6,23.9,24.0,24.8,25.0,25.2,23.6,21.6,19.3,16.1,13.7,9.4,5.6,-0.2,-3.7,-3.8,-3.9,-4.4,-3.1,-0.1,31.4,34.5,41.5,13.4,0.0,26.9,27.2,14.9,79.6,,,OBAnorm,,LD831_02097v2.403,,,,0,0
DENATRLA,2025-06-23 08:42:51.000,30.7,25.7,26.9,25.4,20.8,19.8,16.2,15.4,11.8,11.6,14.2,17.9,20.0,21.7,23.0,23.6,25.6,25.4,24.7,23.7,21.3,18.5,16.1,13.6,10.1,8.0,0.2,-3.6,-3.8,-3.9,-4.3,-3.2,0.0,31.4,35.0,42.0,13.4,0.0,26.8,27.2,14.9,79.6,,,OBAnorm,,LD831_02097v2.403,,,,0,0
DENATRLA,2025-06-23 08:42:52.000,28.3,24.6,29.1,26.5,23.4,16.6,14.2,14.0,10.1,11.5,13.8,18.3,20.6,21.4,24.2,24.0,25.2,26.7,25.8,23.1,22.1,18.8,15.9,12.9,8.8,5.4,-0.1,-3.6,-3.7,-4.0,-4.4,-3.3,0.0,31.8,35.0,42.7,13.4,0.0,26.9,27.2,14.9,79.6,,,OBAnorm,,LD831_02097v2.403,,,,0,0
DENATRLA,2025-06-23 08:42:53.000,24.9,30.2,26.9,23.0,18.4,20.2,16.8,13.7,12.2,12.5,15.9,16.1,20.1,22.0,24.1,25.2,25.5,25.9,25.0,23.7,21.5,20.0,17.2,13.3,9.1,6.4,-0.4,-3.6,-3.8,-3.9,-4.4,-3.2,-0.2,31.7,35.1,43.3,13.4,0.0,26.8,27.2,14.9,79.6,,,OBAnorm,,LD831_02097v2.403,,,,0,0
DENATRLA,2025-06-23 08:42:54.000,29.7,29.8,28.5,23.2,21.1,19.3,15.8,16.3,12.5,12.8,14.5,18.3,20.2,21.5,23.4,23.1,24.1,24.6,24.4,22.9,21.0,18.5,15.6,14.4,8.9,8.2,3.4,-3.7,-3.7,-3.9,-4.4,-3.0,-0.1,31.0,34.4,42.8,13.4,0.0,26.8,27.2,14.9,80.2,,,OBAnorm,,LD831_02097v2.403,,,,0,0
DENATRLA,2025-06-23 08:42:55.000,31.1,29.1,27.1,23.9,20.4,19.5,16.1,15.4,12.7,13.1,14.2,16.4,20.6,22.2,22.8,24.2,24.2,25.2,24.4,23.0,21.0,18.0,14.9,11.4,7.1,4.7,-1.0,-3.8,-3.8,-3.8,-4.4,-3.1,-0.1,30.8,34.2,40.6,13.4,0.0,26.9,27.2,14.9,80.2,,,OBAnorm,,LD831_02097v2.403,,,,0,0
DENATRLA,2025-06-23 08:42:56.000,31.0,30.4,28.3,23.7,21.4,17.9,16.7,13.7,11.2,12.8,15.8,19.6,19.9,22.7,23.7,23.8,24.7,23.9,24.7,23.3,21.0,17.9,15.8,14.3,10.4,7.9,3.1,-3.7,-3.7,-3.8,-4.4,-3.2,-0.1,31.0,34.5,44.3,13.4,0.0,26.8,27.2,14.9,80.2,,,OBAnorm,,LD831_02097v2.403,,,,0,0
DENATRLA,2025-06-23 08:42:57.000,25.0,26.4,22.4,22.3,21.6,19.6,16.4,16.7,12.8,12.4,15.8,17.0,20.7,22.3,22.2,22.8,24.8,25.0,23.9,22.8,20.6,17.7,14.8,11.7,8.1,5.1,0.0,-3.7,-3.8,-3.8,-4.3,-3.0,-0.1,30.6,34.0,39.3,13.4,0.0,26.8,27.2,14.9,80.2,,,OBAnorm,,LD831_02097v2.403,,,,0,0
DENATRLA,2025-06-23 08:42:58.000,31.7,28.1,25.0,24.8,18.8,18.2,16.8,13.5,12.1,12.4,15.7,16.9,20.5,22.4,23.2,22.9,24.4,25.0,23.9,22.5,20.8,18.2,15.0,11.3,7.7,4.8,0.2,-3.2,-3.5,-3.5,-4.2,-3.2,-0.2,30.8,34.3,42.6,13.4,0.0,26.9,27.2,14.9,80.2,,,OBAnorm,,LD831_02097v2.403,,,,0,0
DENATRLA,2025-06-23 08:42:59.000,27.7,28.1,25.3,25.8,20.2,19.1,16.0,15.6,14.1,13.1,15.1,18.3,20.4,21.6,22.4,22.9,25.0,25.6,25.0,23.4,20.6,18.4,15.4,11.4,7.9,5.1,-0.2,-3.6,-3.7,-3.8,-4.4,-3.0,0.1,31.1,34.8,42.0,13.4,0.0,26.8,27.2,14.9,80.2,,,OBAnorm,,LD831_02097v2.403,,,,0,0
DENATRLA,2025-06-23 08:43:00.000,29.0,26.9,29.4,23.9,21.3,15.8,16.9,16.4,11.3,12.4,15.4,18.2,20.3,22.1,23.3,24.4,24.2,25.1,25.3,23.3,20.2,18.1,15.4,13.1,10.3,6.7,0.4,-3.2,-3.5,-3.4,-4.3,-3.2,0.0,31.2,34.6,39.4,13.4,0.0,26.8,27.3,14.9,80.2,,,OBAnorm,,LD831_02097v2.403,,,,0,0
DENATRLA,2025-06-23 08:43:01.000,31.5,30.6,27.0,24.9,20.7,16.5,16.2,15.0,12.8,12.8,14.0,17.8,21.2,21.9,23.2,24.3,24.5,25.1,24.6,22.9,21.0,18.4,15.7,11.8,7.8,5.2,0.9,-3.7,-3.8,-3.8,-4.4,-3.1,-0.1,30.9,34.3,39.7,13.4,0.0,26.9,27.2,14.9,80.2,,,OBAnorm,,LD831_02097v2.403,,,,0,0
DENATRLA,2025-06-23 08:43:02.000,26.7,28.0,27.4,24.9,22.3,19.4,14.8,14.9,13.3,12.9,14.9,17.3,20.4,21.5,23.1,24.2,24.8,25.7,24.9,22.6,21.0,18.3,15.0,11.1,7.4,4.9,0.2,-3.7,-3.7,-3.9,-4.5,-3.1,0.0,31.1,34.7,41.9,13.4,0.0,26.9,27.2,14.9,80.2,,,OBAnorm,,LD831_02097v2.403,,,,0,0
DENATRLA,2025-06-23 08:43:03.000,27.0,24.6,24.3,20.6,21.4,19.4,16.2,14.5,13.2,13.9,15.0,19.3,21.6,22.5,24.1,24.4,24.3,25.1,24.4,23.1,20.7,18.0,14.8,11.0,7.9,5.0,0.2,-3.5,-3.7,-3.9,-4.3,-3.2,-0.1,31.0,34.9,40.0,13.4,0.0,26.8,27.2,14.9,80.2,,,OBAnorm,,LD831_02097v2.403,,,,0,0
DENATRLA,2025-06-23 08:43:04.000,31.9,29.5,26.8,25.3,18.4,19.2,15.0,15.6,12.6,12.1,15.9,18.4,21.7,23.2,23.6,24.4,25.1,25.6,24.8,23.6,21.4,18.5,15.2,11.3,7.7,5.2,0.2,-3.6,-3.8,-3.9,-4.4,-3.2,-0.1,31.3,34.7,40.2,13.4,0.0,26.9,27.3,14.9,80.2,,,OBAnorm,,LD831_02097v2.403,,,,0,0
DENATRLA,2025-06-23 08:43:05.000,32.7,27.8,28.7,26.1,19.4,18.7,16.1,16.0,12.4,12.5,17.4,16.9,21.4,21.8,23.5,23.5,24.7,24.5,24.8,23.6,21.5,18.6,15.7,12.0,8.3,5.7,0.9,-3.3,-3.6,-3.9,-4.3,-3.1,-0.2,31.2,34.7,42.8,13.4,0.0,26.8,27.2,14.9,80.2,,,OBAnorm,,LD831_02097v2.403,,,,0,0
DENATRLA,2025-06-23 08:43:06.000,30.2,29.1,25.0,22.6,21.7,18.4,14.3,11.0,8.4,15.1,15.7,18.7,21.0,22.2,23.1,23.2,24.6,25.3,24.9,23.5,20.7,18.4,15.4,11.5,8.0,5.7,0.8,-3.3,-3.6,-3.8,-4.4,-3.1,0.0,31.1,34.5,43.7,13.4,0.0,26.8,27.2,14.9,80.2,,,OBAnorm,,LD831_02097v2.403,,,,0,0
DENATRLA,2025-06-23 08:43:07.000,26.3,32.2,26.2,21.7,19.9,17.0,18.4,15.8,11.2,13.5,15.6,17.8,19.6,22.8,23.1,23.4,24.7,25.5,24.6,23.0,20.9,18.5,14.8,11.6,7.4,5.1,0.3,-3.3,-3.6,-3.7,-4.4,-3.1,-0.2,31.0,34.4,47.6,13.4,0.0,26.8,27.2,14.9,80.2,,,OBAnorm,,LD831_02097v2.403,,,,0,0
DENATRLA,2025-06-23 08:43:08.000,31.3,28.3,24.9,23.7,19.5,17.9,16.6,16.0,12.2,12.4,15.6,16.8,20.4,21.6,23.0,23.5,24.5,25.2,24.6,23.1,20.1,17.5,15.0,11.1,7.1,4.4,-0.2,-3.0,-3.6,-3.7,-4.2,-3.0,-0.1,30.8,34.4,45.9,13.4,0.0,26.9,27.2,14.9,80.2,,,OBAnorm,,LD831_02097v2.403,,,,0,0
DENATRLA,2025-06-23 08:43:09.000,28.2,27.0,26.0,24.8,22.2,19.1,16.3,15.4,13.6,12.0,13.8,17.8,19.8,22.3,23.3,24.1,24.3,24.5,24.2,22.5,20.1,17.0,14.2,10.4,7.5,4.6,-0.4,-3.4,-3.7,-3.8,-4.3,-3.0,-0.2,30.4,34.4,47.1,13.4,0.0,26.9,27.2,14.9,80.2,,,OBAnorm,,LD831_02097v2.403,,,,0,0
DENATRLA,2025-06-23 08:43:10.000,26.5,27.9,25.6,26.4,24.1,17.2,15.9,15.7,12.0,12.1,14.4,18.4,19.5,21.2,21.9,23.5,23.4,24.4,24.0,21.4,19.2,16.6,14.2,10.2,6.9,3.9,-0.4,-3.5,-3.5,-3.7,-4.0,-2.9,-0.1,29.9,34.0,44.8,13.4,0.0,26.9,27.2,14.9,80.2,,,OBAnorm,,LD831_02097v2.403,,,,0,0
DENATRLA,2025-06-23 08:43:11.000,26.0,26.4,27.8,23.1,19.4,16.7,14.5,15.8,11.5,11.9,15.1,17.8,19.9,20.3,21.4,23.3,23.3,24.3,23.6,22.2,19.5,16.3,13.2,10.0,7.3,4.6,0.4,-2.8,-3.0,-3.0,-3.4,-2.6,0.0,29.9,33.7,43.4,13.4,0.0,26.9,27.2,14.9,80.2,,,OBAnorm,,LD831_02097v2.403,,,,0,0
DENATRLA,2025-06-23 08:43:12.000,31.9,28.3,27.5,24.6,22.2,19.8,16.4,12.3,12.2,11.8,16.0,17.6,19.9,19.8,22.5,22.7,23.9,23.6,23.6,22.1,19.6,17.5,13.5,10.7,7.4,4.5,-0.4,-3.3,-3.4,-3.8,-4.3,-3.1,-0.2,29.8,34.5,48.6,13.4,0.0,26.8,27.2,14.9,80.2,,,OBAnorm,,LD831_02097v2.403,,,,0,0
DENATRLA,2025-06-23 08:43:13.000,31.7,27.3,24.3,22.5,21.0,20.7,16.0,14.5,12.5,12.8,14.7,17.1,19.9,21.3,21.6,22.8,23.7,24.6,23.3,22.2,19.8,17.1,14.2,10.8,6.9,4.7,0.0,-3.5,-3.4,-3.7,-4.2,-2.7,-0.1,30.0,34.8,51.3,13.4,0.0,26.9,27.2,14.9,80.2,,,OBAnorm,,LD831_02097v2.403,,,,0,0
DENATRLA,2025-06-23 08:43:14.000,34.0,30.4,28.5,25.2,23.1,18.6,16.6,14.2,12.1,10.9,14.1,17.7,19.1,21.3,22.6,23.1,23.4,23.5,23.3,21.1,19.0,16.5,12.9,9.6,6.7,4.1,-0.5,-3.4,-3.7,-3.8,-4.3,-3.1,0.0,29.3,34.3,50.8,13.4,0.0,26.9,27.3,14.9,80.2,,,OBAnorm,,LD831_02097v2.403,,,,0,0
DENATRLA,2025-06-23 08:43:15.000,29.9,32.6,26.0,24.6,21.6,20.2,15.7,11.9,10.6,13.4,15.2,17.7,19.7,21.1,21.5,22.4,23.2,24.0,22.9,21.8,20.2,16.4,14.2,10.7,7.5,4.9,-0.6,-3.6,-3.6,-3.8,-4.4,-3.0,0.0,29.7,35.0,51.6,13.4,0.0,26.8,27.3,14.9,80.2,,,OBAnorm,,LD831_02097v2.403,,,,0,0
DENATRLA,2025-06-23 08:43:16.000,30.3,32.9,26.8,21.9,21.9,17.9,18.0,19.5,15.4,12.4,14.3,17.4,19.7,20.9,22.5,23.6,23.5,24.5,23.9,22.2,20.4,17.9,14.7,10.8,7.2,4.3,-0.1,-3.4,-3.7,-3.8,-4.2,-2.6,-0.3,30.2,36.3,54.0,13.4,0.0,26.8,27.3,14.9,80.2,,,OBAnorm,,LD831_02097v2.403,,,,0,0
DENATRLA,2025-06-23 08:43:17.000,29.7,26.9,29.8,28.1,25.5,21.8,17.3,15.5,12.1,12.2,14.8,18.1,20.5,20.0,21.3,23.3,23.4,24.2,24.1,22.7,20.6,17.4,14.5,11.5,7.7,4.7,0.9,-3.2,-3.3,-3.5,-4.3,-3.0,-0.2,30.3,37.8,52.8,13.4,0.0,26.9,27.3,14.9,80.2,,,OBAnorm,,LD831_02097v2.403,,,,0,0
DENATRLA,2025-06-23 08:43:18.000,35.8,33.2,31.6,27.5,24.2,21.8,19.1,16.8,11.4,14.3,14.2,17.9,20.1,20.7,22.6,23.0,24.8,25.2,24.1,22.6,19.9,17.7,14.2,10.6,7.4,4.8,1.1,-2.9,-3.2,-3.4,-4.2,-2.9,-0.1,30.4,38.9,58.1,13.4,0.0,26.8,27.3,14.9,79.6,,,OBAnorm,,LD831_02097v2.403,,,,0,0
DENATRLA,2025-06-23 08:43:19.000,33.8,36.3,36.4,27.6,26.0,24.8,20.3,16.8,15.5,14.0,15.1,16.8,19.4,20.3,22.8,23.0,24.3,25.0,24.6,22.4,20.1,17.2,13.9,12.1,9.1,6.1,0.2,-3.2,-3.4,-3.4,-4.1,-2.9,-0.1,30.6,35.4,57.5,13.4,0.0,26.9,27.2,14.9,79.6,,,OBAnorm,,LD831_02097v2.403,,,,0,0
DENATRLA,2025-06-23 08:43:20.000,36.3,39.3,32.0,28.8,21.3,18.5,17.4,16.1,12.8,13.9,15.1,17.7,19.5,21.0,22.3,22.6,23.9,24.9,23.8,22.3,20.4,16.8,13.5,11.3,8.6,6.5,0.0,-3.3,-3.5,-3.7,-4.2,-2.8,-0.1,30.3,35.5,49.0,13.4,0.0,26.8,27.2,14.9,79.6,,,OBAnorm,,LD831_02097v2.403,,,,0,0
DENATRLA,2025-06-23 08:43:21.000,35.9,35.2,28.7,26.6,23.1,20.8,19.1,14.9,13.6,13.7,15.4,18.3,20.4,20.6,21.1,22.7,23.4,23.8,23.9,22.1,19.7,17.1,13.6,10.4,6.9,4.3,-0.5,-3.6,-3.7,-3.7,-4.2,-2.8,-0.1,29.9,35.4,49.9,13.4,0.0,26.8,27.2,14.9,79.6,,,OBAnorm,,LD831_02097v2.403,,,,0,0
DENATRLA,2025-06-23 08:43:22.000,35.4,29.6,29.7,27.4,23.6,21.0,17.4,16.0,12.6,13.1,14.3,17.5,19.7,21.1,22.4,23.1,24.8,25.0,24.2,22.8,21.1,17.6,13.7,10.6,7.2,4.7,-0.2,-3.1,-3.7,-3.8,-4.3,-2.8,-0.2,30.7,35.4,50.6,13.4,0.0,25.8,27.2,14.9,77.9,,,OBAnorm,,LD831_02097v2.403,,,,0,0
DENATRLA,2025-06-23 08:43:23.000,34.9,29.9,28.4,28.3,18.1,17.6,20.6,13.1,12.4,13.4,15.4,18.1,20.5,21.1,23.0,23.4,24.3,25.1,24.4,22.5,20.6,17.5,14.9,10.6,7.1,4.4,-0.7,-3.4,-3.6,-3.6,-4.3,-2.9,-0.2,30.6,35.8,52.5,13.4,0.0,26.8,27.2,14.9,77.9,,,OBAnorm,,LD831_02097v2.403,,,,0,0
DENATRLA,2025-06-23 08:43:24.000,35.4,28.8,29.2,24.1,22.8,21.0,17.6,14.1,13.8,11.7,15.4,18.3,20.0,21.3,23.1,23.3,23.8,24.9,23.9,23.1,20.9,16.8,13.9,10.6,6.9,3.8,-0.9,-3.5,-3.7,-3.7,-4.0,-2.8,-0.1,30.5,34.9,50.6,13.4,0.0,26.8,27.3,14.9,79.0,,,OBAnorm,,LD831_02097v2.403,,,,0,0
DENATRLA,2025-06-23 08:43:25.000,34.2,34.1,26.4,24.6,21.8,19.4,16.9,14.9,13.0,13.0,14.5,16.9,19.7,21.0,22.6,23.9,24.6,24.2,24.1,23.5,20.4,17.1,14.4,10.9,7.9,4.7,-0.4,-3.5,-3.7,-3.7,-4.3,-2.9,-0.1,30.6,35.9,50.9,13.4,0.0,26.8,27.3,14.9,79.0,,,OBAnorm,,LD831_02097v2.403,,,,0,0
DENATRLA,2025-06-23 08:43:26.000,36.6,30.1,23.8,26.1,20.7,20.7,15.6,14.1,12.2,13.3,13.7,18.4,20.0,21.0,21.8,22.8,24.1,24.5,24.5,23.2,20.4,17.7,14.8,11.0,7.2,4.5,-0.4,-3.5,-3.7,-3.8,-4.2,-2.9,-0.1,30.4,35.3,51.6,13.4,0.0,26.9,27.2,14.9,79.0,,,OBAnorm,,LD831_02097v2.403,,,,0,0
DENATRLA,2025-06-23 08:43:27.000,31.0,28.1,29.8,23.1,22.5,17.2,16.4,14.4,12.6,12.0,14.9,15.8,20.5,21.6,21.2,23.6,23.1,24.0,23.7,22.4,20.1,17.1,14.3,11.1,6.8,4.4,-1.1,-3.6,-3.7,-3.8,-4.2,-2.8,-0.2,30.1,34.2,48.1,13.4,0.0,26.9,27.2,14.9,79.0,,,OBAnorm,,LD831_02097v2.403,,,,0,0
DENATRLA,2025-06-23 08:43:28.000,30.0,32.8,29.2,22.2,22.0,18.7,16.6,15.3,12.1,11.8,14.8,17.5,21.0,21.8,21.9,22.8,23.7,24.3,24.5,22.7,20.1,17.4,14.1,10.9,7.4,4.0,-0.6,-3.5,-3.6,-3.6,-4.2,-2.5,0.0,30.3,34.1,39.2,13.4,0.0,26.8,27.3,14.9,79.0,,,OBAnorm,,LD831_02097v2.403,,,,0,0
DENATRLA,2025-06-23 08:43:29.000,32.4,28.6,26.7,26.2,22.8,19.5,17.8,13.3,13.3,12.2,13.7,18.4,20.0,21.8,22.7,23.3,23.3,25.1,24.4,23.0,20.4,17.9,15.4,11.0,7.3,3.8,-1.3,-3.7,-3.7,-3.8,-4.2,-2.6,-0.1,30.7,34.3,43.2,13.4,0.0,26.8,27.2,14.9,79.0,,,OBAnorm,,LD831_02097v2.403,,,,0,0
DENATRLA,2025-06-23 08:43:30.000,34.0,27.0,27.9,24.6,23.3,17.8,17.2,12.2,12.4,12.4,14.8,17.9,20.5,21.5,22.1,23.3,24.4,25.1,24.4,23.9,20.4,17.5,14.6,11.1,7.4,4.2,-0.9,-3.7,-3.7,-3.7,-4.2,-2.9,0.0,30.8,34.1,41.5,13.4,0.0,26.9,27.3,14.9,79.0,,,OBAnorm,,LD831_02097v2.403,,,,0,0
DENATRLA,2025-06-23 08:43:31.000,26.0,27.8,26.4,23.2,21.2,17.8,15.3,14.6,10.6,10.1,15.5,17.6,19.5,21.9,23.6,22.4,23.9,25.2,24.5,23.5,21.0,17.7,14.2,10.4,7.6,4.5,-0.6,-3.6,-3.7,-3.9,-4.3,-3.0,-0.1,30.7,34.5,39.2,13.4,0.0,26.8,27.2,14.9,79.0,,,OBAnorm,,LD831_02097v2.403,,,,0,0
DENATRLA,2025-06-23 08:43:32.000,25.9,27.9,25.5,22.5,23.5,20.9,17.7,15.4,11.8,12.5,16.3,18.4,19.6,21.1,21.9,22.9,24.4,25.1,24.1,23.2,20.8,17.8,15.2,11.0,9.1,4.6,-0.3,-3.3,-3.6,-3.8,-4.4,-3.0,-0.1,30.7,34.0,40.9,13.4,0.0,26.8,27.3,14.9,79.0,,,OBAnorm,,LD831_02097v2.403,,,,0,0
DENATRLA,2025-06-23 08:43:33.000,27.5,29.7,27.3,25.5,18.6,17.0,18.2,13.6,12.0,12.5,15.5,18.0,19.6,20.9,22.3,23.8,24.5,24.2,23.6,22.6,20.6,18.2,15.9,15.9,15.8,8.6,-0.4,-3.0,-3.3,-3.8,-4.4,-3.0,0.0,30.8,34.2,41.8,13.4,0.0,26.8,27.2,14.9,79.0,,,OBAnorm,,LD831_02097v2.403,,,,0,0
DENATRLA,2025-06-23 08:43:34.000,23.9,31.0,27.1,22.5,21.2,17.4,16.8,14.5,13.1,12.9,15.2,17.5,18.6,21.3,22.0,24.0,23.8,24.7,24.1,22.6,20.7,18.1,14.3,10.4,7.1,3.5,-1.1,-3.2,-3.1,-3.7,-4.4,-3.1,0.1,30.5,34.2,43.5,13.4,0.0,26.9,27.3,14.9,79.0,,,OBAnorm,,LD831_02097v2.403,,,,0,0
DENATRLA,2025-06-23 08:43:35.000,29.2,29.9,24.1,23.4,22.7,20.5,16.0,14.7,10.6,13.8,14.9,17.7,18.4,22.0,23.1,23.4,24.6,24.8,24.6,22.4,21.0,17.9,14.5,10.6,6.6,4.2,-1.0,-3.6,-3.7,-3.8,-4.4,-3.2,-0.2,30.6,34.0,44.6,13.4,0.0,26.8,27.3,14.9,79.6,,,OBAnorm,,LD831_02097v2.403,,,,0,0
DENATRLA,2025-06-23 08:43:36.000,29.3,28.9,27.8,24.4,20.5,16.1,17.8,15.3,12.2,11.9,14.6,17.6,20.3,21.7,22.1,23.2,23.9,25.3,24.4,22.7,21.0,17.7,14.6,11.2,7.5,4.7,-0.2,-3.4,-3.7,-3.7,-4.3,-3.2,0.0,30.8,34.5,46.4,13.4,0.0,26.9,27.2,14.9,79.6,,,OBAnorm,,LD831_02097v2.403,,,,0,0
DENATRLA,2025-06-23 08:43:37.000,30.6,27.8,25.3,20.3,23.2,18.9,14.3,13.6,12.2,12.3,14.6,18.2,19.0,21.0,23.0,23.0,23.9,25.3,24.9,22.9,20.3,18.3,15.2,11.1,7.5,4.0,-0.8,-3.5,-3.5,-3.8,-4.3,-2.9,-0.1,30.7,38.6,58.4,13.4,0.0,26.8,27.2,15.0,79.6,,,OBAnorm,,LD831_02097v2.403,,,,0,0
DENATRLA,2025-06-23 08:43:38.000,27.7,26.8,27.6,26.2,23.1,21.4,18.9,17.9,12.5,13.0,14.3,16.9,18.9,22.0,22.3,22.8,23.7,24.5,24.1,23.1,20.2,17.8,14.5,10.9,7.1,4.2,-0.4,-3.5,-3.4,-3.6,-4.3,-2.9,-0.1,30.4,39.5,58.5,13.4,0.0,26.9,27.3,15.0,79.6,,,OBAnorm,,LD831_02097v2.403,,,,0,0
DENATRLA,2025-06-23 08:43:39.000,27.0,28.0,33.1,33.0,26.2,26.6,22.5,19.6,14.9,13.7,13.8,17.6,20.8,22.4,22.7,23.5,24.5,24.6,23.9,23.6,20.4,17.5,14.5,10.5,7.6,4.6,0.6,-2.6,-2.7,-3.6,-4.3,-3.0,0.0,30.7,38.9,59.7,13.4,0.0,26.8,27.3,15.0,79.6,,,OBAnorm,,LD831_02097v2.403,,,,0,0
DENATRLA,2025-06-23 08:43:40.000,37.9,40.4,30.8,31.8,29.9,22.9,20.2,15.5,14.9,10.8,14.6,18.1,20.0,21.7,23.3,23.9,24.2,24.8,24.4,22.6,20.5,17.2,14.5,10.9,7.2,5.2,2.4,-1.5,-2.2,-3.6,-4.2,-3.0,-0.1,30.6,36.1,55.9,13.4,0.0,26.9,27.2,15.0,80.2,,,OBAnorm,,LD831_02097v2.403,,,,0,0
DENATRLA,2025-06-23 08:43:41.000,41.3,37.2,31.5,26.0,22.6,22.4,20.6,18.1,10.6,12.2,15.3,18.0,19.9,21.4,23.9,23.6,24.4,25.5,24.3,22.8,19.9,17.1,14.8,11.4,9.8,7.3,2.6,-1.1,-1.7,-3.3,-4.2,-3.0,-0.1,30.9,38.7,57.1,13.4,0.0,26.8,27.2,15.0,80.2,,,OBAnorm,,LD831_02097v2.403,,,,0,0
DENATRLA,2025-06-23 08:43:42.000,36.3,29.5,30.3,33.2,27.5,26.5,20.4,17.3,13.3,11.7,15.3,18.5,20.2,21.6,24.2,24.1,23.3,26.0,24.2,22.4,20.5,17.2,13.7,10.8,7.9,5.9,1.9,-1.9,-2.1,-3.4,-4.2,-3.0,-0.1,30.8,41.0,59.8,13.4,0.0,26.9,27.3,15.0,80.2,,,OBAnorm,,LD831_02097v2.403,,,,0,0
DENATRLA,2025-06-23 08:43:43.000,38.3,32.6,33.9,30.0,24.6,22.4,19.0,17.5,12.5,11.3,16.9,17.9,20.4,22.3,23.4,23.3,24.5,24.7,23.7,22.6,20.3,17.3,14.0,10.6,7.2,5.1,1.1,-2.4,-3.0,-3.6,-4.3,-3.1,-0.2,30.5,41.6,62.6,13.4,0.0,26.0,27.2,15.0,78.5,,,OBAnorm,,LD831_02097v2.403,,,,0,0
DENATRLA,2025-06-23 08:43:44.000,36.3,36.8,38.9,34.6,28.6,24.3,23.2,18.2,13.9,14.5,15.9,18.6,19.7,21.5,22.5,23.5,23.1,24.9,24.0,22.6,20.2,17.5,14.3,11.4,7.6,5.2,1.6,-2.1,-2.6,-3.6,-4.2,-2.9,-0.1,30.5,43.1,63.5,13.4,0.0,26.0,27.3,15.0,76.8,,,OBAnorm,,LD831_02097v2.403,,,,0,0
DENATRLA,2025-06-23 08:43:45.000,46.9,42.7,35.4,36.9,29.5,26.7,23.0,19.6,17.5,13.3,15.4,18.1,20.1,22.0,22.9,23.4,24.6,25.0,24.7,22.0,20.7,17.1,14.2,10.7,8.2,5.6,2.1,-1.9,-2.6,-3.7,-4.3,-3.0,0.0,30.5,37.6,59.1,13.4,0.0,27.6,27.3,14.9,77.9,,,OBAnorm,,LD831_02097v2.403,,,,0,0
DENATRLA,2025-06-23 08:43:46.000,45.7,41.3,36.3,30.6,27.1,22.2,19.9,18.0,12.5,12.3,15.3,17.5,20.6,21.0,23.3,22.8,24.4,24.5,24.9,22.6,19.3,17.4,14.1,10.5,7.4,5.1,1.7,-2.4,-3.1,-3.7,-4.4,-3.1,-0.1,30.4,37.1,54.6,13.4,0.0,39.0,27.3,14.9,79.6,,,OBAnorm,,LD831_02097v2.403,,,,0,0
DENATRLA,2025-06-23 08:43:47.000,48.4,36.4,32.8,28.2,26.9,21.9,21.5,13.2,13.4,13.7,14.4,16.5,19.8,21.9,22.3,23.3,23.9,24.9,24.2,22.3,19.9,16.6,13.7,11.1,7.1,5.1,1.3,-2.3,-3.0,-3.8,-4.4,-3.1,0.0,30.2,36.8,54.7,13.4,0.0,39.1,27.3,14.9,79.0,,,OBAnorm,,LD831_02097v2.403,,,,0,0
DENATRLA,2025-06-23 08:43:48.000,36.0,34.5,29.6,30.2,27.5,24.8,20.1,16.5,14.0,13.6,16.2,18.7,19.1,20.9,22.6,23.3,24.9,23.8,23.8,21.5,19.8,16.6,13.5,10.0,6.9,4.5,1.2,-2.5,-3.2,-3.6,-4.2,-3.1,-0.1,30.1,38.3,56.3,13.4,0.0,39.1,27.2,14.9,79.0,,,OBAnorm,,LD831_02097v2.403,,,,0,0
DENATRLA,2025-06-23 08:43:49.000,37.0,33.1,34.6,29.2,28.8,24.0,20.8,16.0,15.5,15.3,15.7,18.2,19.6,20.4,22.9,23.2,24.8,24.3,23.2,21.5,19.2,16.4,13.5,9.5,6.7,5.1,2.0,-1.8,-3.0,-3.5,-4.1,-3.1,0.0,29.9,38.6,60.5,13.4,0.0,39.1,27.3,14.9,79.0,,,OBAnorm,,LD831_02097v2.403,,,,0,0
DENATRLA,2025-06-23 08:43:50.000,33.0,36.7,34.7,30.8,23.4,21.4,17.7,13.9,14.3,13.9,15.9,19.0,19.0,21.4,22.5,23.5,23.7,24.1,23.7,21.5,20.1,17.3,15.5,10.5,7.4,5.6,2.6,-1.5,-2.8,-3.2,-4.3,-3.1,-0.1,30.1,37.0,53.6,13.4,0.1,39.2,27.3,14.9,78.5,,,OBAnorm,,LD831_02097v2.403,,,,0,0
DENATRLA,2025-06-23 08:43:51.000,37.8,35.5,32.2,27.3,21.5,23.9,18.9,17.5,14.9,14.0,14.7,18.1,21.0,20.8,22.8,23.9,23.6,24.9,24.1,23.2,20.2,17.6,14.8,11.3,7.7,6.5,3.2,-1.2,-2.8,-3.7,-4.4,-3.0,-0.1,30.7,42.9,61.8,13.4,0.1,48.7,27.3,14.9,76.7,,,OBAnorm,,LD831_02097v2.403,,,,0,0
DENATRLA,2025-06-23 08:43:52.000,37.9,32.2,36.2,34.3,29.4,26.7,20.4,19.4,13.0,14.0,14.4,17.4,18.3,21.9,22.5,23.2,24.7,24.8,24.2,22.6,20.2,16.9,14.7,11.8,10.4,7.8,4.1,-0.7,-2.5,-3.6,-4.3,-2.9,0.0,30.4,37.1,57.9,13.4,0.1,58.4,27.2,14.9,76.7,,,OBAnorm,,LD831_02097v2.403,,,,0,0
DENATRLA,2025-06-23 08:43:53.000,42.4,41.1,33.1,29.3,24.7,20.1,18.4,13.9,12.2,10.7,13.9,17.5,18.7,20.4,21.8,23.2,24.2,24.8,23.3,21.7,19.9,17.2,16.3,13.6,9.8,7.8,3.3,-1.3,-2.4,-3.3,-4.1,-2.9,0.0,30.3,36.2,53.9,13.4,0.1,51.6,27.2,14.9,78.5,,,OBAnorm,,LD831_02097v2.403,,,,0,0
DENATRLA,2025-06-23 08:43:54.000,43.5,35.2,31.1,28.1,23.6,22.2,17.5,14.3,12.3,11.6,15.3,17.5,19.1,20.7,22.0,22.8,23.6,24.2,23.6,21.9,19.3,16.4,13.8,10.5,7.3,5.7,3.0,-1.3,-2.4,-3.3,-4.1,-2.8,0.1,29.9,38.7,60.9,13.4,0.2,51.6,27.3,14.9,77.9,,,OBAnorm,,LD831_02097v2.403,,,,0,0
DENATRLA,2025-06-23 08:43:55.000,37.3,35.0,27.7,29.0,24.2,21.4,23.4,23.0,20.5,17.4,16.8,17.7,18.2,21.4,22.3,23.1,24.6,24.1,23.6,22.2,20.6,17.5,14.4,11.8,10.2,7.6,3.8,-0.4,-2.2,-3.4,-4.2,-2.9,0.1,30.2,50.5,68.2,13.4,0.3,49.7,27.3,14.9,75.6,,,OBAnorm,,LD831_02097v2.403,,,,0,0
DENATRLA,2025-06-23 08:43:56.000,32.7,27.1,45.1,38.2,39.3,33.8,31.3,27.4,23.7,18.8,15.1,17.3,19.3,21.4,22.6,23.8,25.7,24.8,23.5,21.7,20.0,18.0,16.3,12.3,8.5,7.5,4.0,0.0,-2.2,-3.7,-4.3,-3.1,0.0,30.6,47.4,64.8,13.4,0.3,50.6,27.3,14.9,76.2,,,OBAnorm,,LD831_02097v2.403,,,,0,0
DENATRLA,2025-06-23 08:43:57.000,49.0,48.1,44.8,38.7,33.2,32.9,27.8,23.0,19.5,13.9,13.7,17.3,19.7,20.8,21.9,23.4,24.0,24.8,23.1,22.1,19.5,16.8,14.0,10.4,7.2,6.7,4.1,-0.7,-2.6,-3.6,-4.3,-3.1,-0.1,30.0,44.6,62.6,13.4,0.3,50.6,27.3,14.9,78.5,,,OBAnorm,,LD831_02097v2.403,,,,0,0
DENATRLA,2025-06-23 08:43:58.000,51.6,46.9,41.3,38.2,33.4,28.6,24.6,18.6,16.9,13.8,15.0,18.0,19.3,20.9,21.9,23.6,24.5,24.0,23.5,21.2,19.5,16.6,14.3,11.5,9.0,7.4,2.9,-1.4,-3.0,-3.7,-4.3,-3.1,-0.2,30.0,38.3,54.6,13.4,0.3,51.2,27.3,14.9,78.5,,,OBAnorm,,LD831_02097v2.403,,,,0,0
DENATRLA,2025-06-23 08:43:59.000,49.1,50.5,38.2,32.5,27.6,22.9,18.8,15.1,13.5,13.2,14.0,17.8,19.2,21.7,23.3,23.5,23.5,23.8,23.3,21.9,19.4,17.1,14.1,10.7,7.1,5.9,3.4,-1.0,-2.8,-3.8,-4.3,-3.2,0.0,29.9,36.1,53.1,13.4,0.3,53.0,27.3,14.9,78.5,,,OBAnorm,,LD831_02097v2.403,,,,0,0
DENATRLA,2025-06-23 08:44:00.000,45.3,39.3,31.1,29.3,23.8,18.9,18.9,15.8,13.2,11.9,14.6,19.1,20.4,20.2,22.3,23.5,23.9,23.8,24.3,22.6,19.9,16.8,14.0,11.5,8.4,8.0,3.9,-0.4,-2.4,-3.6,-4.3,-3.0,0.0,30.4,36.3,57.1,13.4,0.2,53.0,27.3,14.9,77.9,,,OBAnorm,,LD831_02097v2.403,,,,0,0
DENATRLA,2025-06-23 08:44:01.000,34.7,35.2,29.4,26.9,22.8,22.0,17.2,14.6,12.6,14.4,18.3,18.0,20.1,22.0,23.6,23.7,24.1,25.0,23.6,22.4,20.4,17.4,13.8,11.1,7.2,5.6,3.1,-1.3,-2.7,-3.7,-4.3,-3.0,-0.2,30.4,34.4,45.9,13.4,0.2,51.0,27.3,14.9,76.7,,,OBAnorm,,LD831_02097v2.403,,,,0,0
DENATRLA,2025-06-23 08:44:02.000,33.0,34.8,24.3,25.1,21.5,17.8,18.5,12.2,11.6,14.6,15.3,18.0,19.9,21.6,22.1,23.2,24.5,24.7,23.5,22.1,19.2,16.3,13.2,11.3,8.8,7.8,2.5,-1.8,-2.9,-3.8,-4.4,-3.1,-0.1,30.1,34.2,48.9,13.4,0.2,53.0,27.3,14.9,77.3,,,OBAnorm,,LD831_02097v2.403,,,,0,0
DENATRLA,2025-06-23 08:44:03.000,32.0,28.8,23.5,25.0,22.3,16.9,16.5,14.7,11.1,15.6,15.4,19.4,18.5,21.1,22.4,23.5,24.3,24.6,23.4,22.2,19.5,17.7,15.4,12.7,9.0,6.2,2.1,-1.4,-3.0,-3.6,-4.2,-3.1,-0.1,30.2,34.3,50.1,13.4,0.2,53.0,27.3,14.9,78.5,,,OBAnorm,,LD831_02097v2.403,,,,0,0
DENATRLA,2025-06-23 08:44:04.000,29.3,28.7,25.3,23.9,22.0,18.8,15.8,14.0,13.6,11.8,15.2,17.9,19.8,21.5,22.6,24.0,22.9,24.4,24.0,22.7,20.1,17.6,14.4,10.2,7.2,6.2,3.8,-1.3,-2.8,-3.7,-4.3,-3.3,-0.2,30.3,34.0,44.4,13.4,0.2,53.0,27.3,15.0,78.5,,,OBAnorm,,LD831_02097v2.403,,,,0,0
DENATRLA,2025-06-23 08:44:05.000,30.5,29.1,28.2,24.4,20.6,20.7,17.4,12.7,12.8,12.3,15.5,19.6,20.3,20.4,22.5,23.3,24.0,24.7,23.6,22.1,20.5,17.1,13.9,9.8,6.7,5.2,2.2,-1.9,-3.2,-3.7,-4.3,-3.0,0.0,30.2,36.7,53.8,13.4,0.2,53.0,27.3,15.0,79.1,,,OBAnorm,,LD831_02097v2.403,,,,0,0
DENATRLA,2025-06-23 08:44:06.000,26.9,26.4,28.8,30.1,25.4,22.6,22.0,15.5,13.1,13.3,15.3,17.9,19.5,20.0,22.5,23.6,24.2,24.3,23.8,21.7,19.6,17.1,14.1,11.7,8.3,6.1,2.2,-1.8,-3.0,-3.5,-4.3,-3.0,-0.2,30.2,38.0,57.7,13.4,0.2,53.0,27.3,15.0,79.1,,,OBAnorm,,LD831_02097v2.403,,,,0,0
DENATRLA,2025-06-23 08:44:07.000,29.8,33.2,29.4,28.7,24.9,20.3,17.8,17.0,13.9,10.9,15.9,17.1,19.7,21.4,23.3,23.2,24.0,24.4,23.4,21.6,19.8,16.5,13.3,9.8,6.6,5.0,1.6,-2.2,-3.2,-3.5,-4.3,-3.1,-0.1,30.1,38.0,58.9,13.4,0.2,53.0,27.3,15.0,79.1,,,OBAnorm,,LD831_02097v2.403,,,,0,0
DENATRLA,2025-06-23 08:44:08.000,40.1,35.4,35.9,29.3,26.9,20.4,16.8,14.0,13.4,12.1,14.8,18.3,19.0,22.0,22.6,23.6,23.5,24.9,24.1,22.1,19.4,16.6,13.5,11.5,8.2,5.8,1.4,-2.0,-3.3,-3.6,-4.2,-3.2,-0.1,30.1,34.2,47.3,13.4,0.2,53.0,27.3,15.0,78.5,,,OBAnorm,,LD831_02097v2.403,,,,0,0
DENATRLA,2025-06-23 08:44:09.000,39.8,36.7,29.1,24.9,22.5,15.8,16.3,14.5,13.1,11.8,13.8,17.8,20.0,21.5,23.3,23.3,24.2,24.0,23.2,22.1,20.0,17.2,14.4,11.3,7.7,5.1,1.4,-2.5,-3.4,-3.8,-4.4,-3.2,-0.1,30.1,34.0,46.6,13.4,0.2,53.0,27.3,15.0,78.5,,,OBAnorm,,LD831_02097v2.403,,,,0,0
DENATRLA,2025-06-23 08:44:10.000,37.1,31.7,25.4,26.3,20.4,17.2,16.3,14.5,11.7,12.9,15.8,18.5,19.1,22.2,21.7,23.8,23.5,24.6,24.0,22.2,20.1,17.1,13.8,10.5,6.8,5.5,2.6,-1.7,-3.0,-3.6,-4.4,-3.1,-0.1,30.4,33.9,47.4,13.4,0.1,53.0,27.3,14.9,78.5,,,OBAnorm,,LD831_02097v2.403,,,,0,0
DENATRLA,2025-06-23 08:44:11.000,28.9,28.9,26.3,25.8,16.8,17.7,16.2,13.4,13.7,12.9,15.1,17.4,21.4,21.0,22.3,23.2,23.4,23.9,24.1,22.4,19.9,16.6,14.1,10.5,7.6,6.6,3.9,-0.9,-2.4,-3.8,-4.4,-3.1,-0.2,30.1,34.2,51.0,13.4,0.0,53.0,27.3,14.9,78.5,,,OBAnorm,,LD831_02097v2.403,,,,0,0
DENATRLA,2025-06-23 08:44:12.000,30.9,28.3,25.5,23.6,23.0,20.4,17.6,15.8,13.3,11.8,14.5,18.2,20.4,21.9,23.5,24.0,24.0,24.8,24.0,22.7,20.2,17.4,14.4,11.3,8.5,7.3,4.6,-0.3,-2.4,-3.8,-4.3,-3.0,0.0,30.6,36.9,58.0,13.4,0.0,53.0,27.3,15.0,78.5,,,OBAnorm,,LD831_02097v2.403,,,,0,0
DENATRLA,2025-06-23 08:44:13.000,28.9,24.4,26.0,28.2,20.4,22.1,17.4,14.1,10.9,13.4,15.4,16.9,20.1,21.7,22.8,23.8,23.7,24.5,24.3,22.3,20.0,17.9,15.2,12.4,8.5,7.3,4.4,-0.5,-2.7,-3.9,-4.5,-3.2,-0.1,30.5,35.2,53.4,13.4,0.0,53.0,27.3,15.0,78.5,,,OBAnorm,,LD831_02097v2.403,,,,0,0
DENATRLA,2025-06-23 08:44:14.000,32.8,32.1,24.8,23.6,22.8,19.4,16.8,16.2,11.9,12.0,15.2,18.3,20.6,21.9,22.5,23.1,24.1,24.9,25.2,23.6,20.9,17.9,15.0,11.5,8.5,7.5,4.8,-0.3,-2.6,-3.8,-4.4,-3.2,-0.2,31.0,34.7,49.1,13.4,0.0,53.0,27.3,15.0,78.5,,,OBAnorm,,LD831_02097v2.403,,,,0,0
DENATRLA,2025-06-23 08:44:15.000,35.4,28.7,24.2,22.0,23.1,19.8,17.1,15.6,11.7,13.7,15.2,17.9,19.6,21.6,23.0,24.0,24.8,24.8,24.0,23.4,20.2,17.8,14.9,12.2,10.4,7.3,4.5,-0.5,-2.5,-3.7,-4.4,-3.1,-0.2,30.7,34.1,42.8,13.4,0.0,53.0,27.3,15.0,77.9,,,OBAnorm,,LD831_02097v2.403,,,,0,0
DENATRLA,2025-06-23 08:44:16.000,31.2,25.0,25.0,23.2,18.4,20.3,18.7,15.2,11.5,11.1,13.9,18.6,20.4,21.5,22.9,23.4,24.1,24.1,23.7,23.0,20.8,18.8,15.7,13.3,11.5,9.1,4.2,-0.7,-2.6,-3.7,-4.3,-3.2,0.0,30.8,34.3,41.9,13.4,0.0,53.0,27.3,14.9,77.9,,,OBAnorm,,LD831_02097v2.403,,,,0,0
DENATRLA,2025-06-23 08:44:17.000,28.5,28.8,28.3,24.0,20.7,18.7,19.2,15.7,11.9,12.5,13.4,17.2,20.3,21.2,23.3,23.0,24.3,24.6,24.9,22.5,21.1,17.8,14.4,11.1,9.9,7.1,5.0,0.1,-3.0,-3.7,-4.2,-3.2,0.0,30.7,34.4,43.8,13.4,0.0,53.0,27.3,14.9,77.9,,,OBAnorm,,LD831_02097v2.403,,,,0,0
DENATRLA,2025-06-23 08:44:18.000,24.9,26.5,28.7,23.9,21.1,16.6,17.7,14.4,11.2,13.1,14.0,18.6,20.8,22.1,22.1,23.6,24.7,24.8,24.7,23.0,21.6,18.2,15.6,11.5,8.6,6.6,3.0,-1.4,-2.9,-3.7,-4.4,-3.3,-0.2,31.0,34.6,49.5,13.4,0.0,53.0,27.3,14.9,77.9,,,OBAnorm,,LD831_02097v2.403,,,,0,0
DENATRLA,2025-06-23 08:44:19.000,29.3,30.3,26.1,22.9,22.0,20.7,16.9,13.2,13.5,12.4,15.2,18.0,19.7,21.3,23.2,23.4,23.9,23.8,24.2,22.8,20.8,18.4,14.9,11.3,7.8,6.1,2.5,-2.0,-3.4,-3.8,-4.4,-3.1,-0.1,30.5,34.3,46.2,13.4,0.0,53.0,27.3,14.9,77.9,,,OBAnorm,,LD831_02097v2.403,,,,0,0
DENATRLA,2025-06-23 08:44:20.000,29.3,30.4,24.2,25.3,22.0,17.7,17.9,14.3,14.3,13.2,14.4,18.5,20.4,21.0,22.5,23.6,23.6,25.4,24.8,22.7,20.8,18.0,15.5,13.1,12.6,7.1,2.0,-2.4,-3.2,-3.8,-4.4,-3.2,0.0,30.9,34.6,48.3,13.4,0.0,53.0,27.3,14.9,77.9,,,OBAnorm,,LD831_02097v2.403,,,,0,0
DENATRLA,2025-06-23 08:44:21.000,28.8,28.5,28.0,20.1,21.2,20.9,17.1,15.0,10.9,12.7,14.3,16.0,19.0,21.3,21.7,23.1,23.9,24.6,24.5,22.7,20.6,18.2,15.1,11.2,7.4,5.2,0.9,-3.0,-3.3,-3.8,-4.3,-3.1,-0.1,30.6,34.4,47.9,13.4,0.0,53.0,27.3,14.9,77.9,,,OBAnorm,,LD831_02097v2.403,,,,0,0
DENATRLA,2025-06-23 08:44:22.000,31.1,28.6,27.5,23.1,22.2,20.0,16.4,15.0,12.4,12.6,16.8,18.6,20.0,20.5,22.5,22.9,24.1,24.8,24.8,22.9,21.0,18.2,15.2,12.0,8.7,5.2,0.5,-3.0,-3.4,-3.8,-4.4,-3.1,-0.1,30.8,35.3,52.6,13.4,0.0,53.0,27.4,14.9,77.9,,,OBAnorm,,LD831_02097v2.403,,,,0,0
DENATRLA,2025-06-23 08:44:23.000,31.8,30.8,26.0,26.1,22.8,19.4,18.0,14.5,14.1,12.1,13.8,18.9,20.6,21.6,22.5,23.7,25.0,24.9,24.4,23.6,21.2,18.2,15.5,11.8,8.1,5.9,2.4,-2.6,-3.5,-3.8,-4.3,-3.0,-0.3,31.0,35.1,51.6,13.4,0.0,53.0,27.3,14.9,77.9,,,OBAnorm,,LD831_02097v2.403,,,,0,0
DENATRLA,2025-06-23 08:44:24.000,34.5,30.5,28.1,25.3,21.9,21.7,18.3,16.6,13.6,12.1,15.5,18.1,20.5,21.4,22.3,23.3,24.0,25.0,24.9,22.7,20.8,17.8,14.9,11.6,8.1,5.1,0.4,-3.1,-3.6,-3.8,-4.4,-3.2,-0.2,30.8,35.1,47.8,13.4,0.0,53.0,27.3,14.9,77.9,,,OBAnorm,,LD831_02097v2.403,,,,0,0
DENATRLA,2025-06-23 08:44:25.000,35.3,28.7,27.6,26.7,20.7,19.3,14.9,14.4,12.6,12.1,15.7,16.9,21.2,21.9,23.3,22.4,26.0,26.4,25.6,24.5,22.1,19.3,16.6,13.5,9.2,6.3,1.4,-3.0,-3.3,-3.7,-4.4,-3.1,-0.2,32.1,35.4,46.0,13.4,0.0,53.0,27.3,14.9,77.9,,,OBAnorm,,LD831_02097v2.403,,,,0,0
DENATRLA,2025-06-23 08:44:26.000,31.9,33.7,26.5,25.4,21.8,21.0,18.3,17.1,12.6,12.1,16.1,18.5,20.1,23.4,23.0,24.2,25.0,24.9,24.6,22.9,21.3,18.7,16.6,14.5,9.8,8.1,2.9,-1.2,-3.2,-3.8,-4.4,-3.3,-0.2,31.2,35.9,49.7,13.4,0.0,53.0,27.3,14.9,77.9,,,OBAnorm,,LD831_02097v2.403,,,,0,0
DENATRLA,2025-06-23 08:44:27.000,29.5,29.8,23.5,27.1,23.9,22.5,19.5,16.4,13.5,12.8,15.1,18.3,20.2,22.7,23.2,23.8,24.4,25.7,24.8,23.7,21.3,18.7,15.6,12.4,8.3,6.7,3.1,-2.4,-3.2,-3.8,-4.4,-3.1,-0.1,31.3,36.1,49.9,13.4,0.0,53.0,27.3,14.9,77.9,,,OBAnorm,,LD831_02097v2.403,,,,0,0
DENATRLA,2025-06-23 08:44:28.000,29.7,30.1,26.8,28.5,23.0,21.9,17.7,17.7,13.7,13.8,16.5,17.8,19.9,22.7,23.5,23.8,24.6,25.2,24.8,23.8,21.4,18.9,15.6,12.5,10.1,6.8,2.0,-2.1,-3.2,-3.8,-4.4,-3.0,0.0,31.2,36.4,53.6,13.4,0.0,53.0,27.3,14.9,77.9,,,OBAnorm,,LD831_02097v2.403,,,,0,0
DENATRLA,2025-06-23 08:44:29.000,34.6,31.3,28.2,28.3,25.3,21.2,19.2,15.3,13.9,11.8,14.7,18.5,21.5,21.5,23.0,23.5,24.7,25.6,24.7,23.5,20.7,18.2,15.1,11.7,8.6,6.5,3.8,-1.1,-3.1,-3.7,-4.3,-3.1,-0.1,31.0,38.0,54.2,13.4,0.0,53.0,27.3,14.9,77.9,,,OBAnorm,,LD831_02097v2.403,,,,0,0
DENATRLA,2025-06-23 08:44:30.000,31.1,34.2,28.9,27.9,24.5,23.0,20.8,16.6,13.8,14.3,15.4,18.0,20.2,22.7,23.3,23.9,24.0,25.1,25.0,23.4,21.4,18.8,17.7,11.9,8.7,6.6,3.6,-1.2,-2.6,-3.5,-4.2,-3.0,-0.1,31.3,40.6,61.2,13.4,0.0,52.9,27.3,14.9,77.9,,,OBAnorm,,LD831_02097v2.403,,,,0,0
DENATRLA,2025-06-23 08:44:31.000,38.2,32.3,30.7,32.5,29.3,26.3,22.9,21.9,21.7,18.6,17.7,17.8,20.5,21.7,22.3,24.0,24.8,24.4,24.8,23.2,20.9,18.2,14.8,11.2,8.1,6.7,1.8,-2.2,-2.9,-3.6,-4.3,-3.0,-0.1,30.9,43.8,61.6,13.4,0.0,43.8,27.3,14.9,77.3,,,OBAnorm,,LD831_02097v2.403,,,,0,0
DENATRLA,2025-06-23 08:44:32.000,42.3,41.7,34.2,35.7,32.8,30.1,27.6,22.7,19.9,18.1,14.3,17.1,18.9,20.6,23.0,23.2,24.7,25.3,25.0,23.9,21.3,18.5,14.9,11.4,7.9,5.4,1.6,-1.8,-3.3,-3.4,-4.2,-3.1,-0.2,31.2,40.4,61.4,13.4,0.0,41.1,27.3,14.9,77.3,,,OBAnorm,,LD831_02097v2.403,,,,0,0
DENATRLA,2025-06-23 08:44:33.000,46.4,43.8,40.4,37.3,30.0,26.8,21.6,20.9,13.0,12.7,14.6,17.3,19.6,20.3,22.5,24.2,24.2,25.8,25.7,24.1,21.9,19.1,16.2,12.7,9.0,6.2,2.2,-2.6,-3.6,-3.7,-4.3,-2.8,0.0,31.7,40.2,60.7,13.4,0.3,41.1,27.3,14.9,77.9,,,OBAnorm,,LD831_02097v2.403,,,,0,0
DENATRLA,2025-06-23 08:44:34.000,46.8,36.1,35.6,31.5,27.6,23.8,21.8,19.2,14.3,12.0,15.0,17.8,20.0,22.0,22.7,23.9,25.1,25.8,26.0,24.6,22.3,19.2,16.8,13.1,10.3,7.8,0.6,-1.2,-3.4,-3.7,-4.3,-3.1,0.0,31.9,38.1,62.3,13.4,0.6,41.3,27.3,14.9,77.9,,,OBAnorm,,LD831_02097v2.403,,,,0,0
DENATRLA,2025-06-23 08:44:35.000,43.2,39.4,30.0,29.2,20.9,22.8,19.6,15.8,11.0,12.2,13.6,18.3,19.7,20.8,23.1,23.8,24.2,25.0,25.4,24.0,22.4,19.1,16.6,12.4,8.4,6.1,2.7,-3.0,-3.6,-3.8,-4.3,-3.1,0.1,31.5,34.9,44.9,13.4,0.7,41.3,27.3,14.9,77.3,,,OBAnorm,,LD831_02097v2.403,,,,0,0
DENATRLA,2025-06-23 08:44:36.000,40.5,36.9,28.9,25.4,22.1,20.4,17.5,14.8,12.9,11.6,14.2,17.2,18.8,21.4,23.1,23.8,25.9,26.3,26.5,24.6,22.5,20.2,16.8,13.2,9.3,5.7,0.3,-3.1,-3.7,-3.8,-4.3,-3.0,-0.2,32.3,35.5,46.3,13.4,0.7,39.7,27.3,14.9,76.7,,,OBAnorm,,LD831_02097v2.403,,,,0,0
DENATRLA,2025-06-23 08:44:37.000,38.3,29.9,30.2,25.1,24.2,17.3,15.4,14.4,13.7,11.5,14.5,18.5,19.7,22.4,24.3,24.9,25.0,25.7,25.7,25.5,23.3,19.8,17.5,14.1,11.4,7.7,2.0,-1.8,-3.4,-3.7,-4.4,-3.1,-0.1,32.4,35.9,50.3,13.4,0.6,41.3,27.3,14.9,77.3,,,OBAnorm,,LD831_02097v2.403,,,,0,0
DENATRLA,2025-06-23 08:44:38.000,31.4,28.2,22.9,25.5,22.0,19.9,16.3,14.3,13.1,13.9,14.4,18.5,20.1,21.3,23.6,24.1,26.1,26.1,26.9,26.0,23.4,20.6,17.2,14.1,9.8,7.2,2.2,-2.9,-3.7,-3.7,-4.4,-3.0,0.0,32.9,37.3,57.9,13.4,0.5,39.7,27.3,14.9,77.3,,,OBAnorm,,LD831_02097v2.403,,,,0,0
DENATRLA,2025-06-23 08:44:39.000,32.3,25.7,29.6,26.9,24.2,19.4,15.3,15.7,11.7,13.5,13.8,19.1,20.3,22.1,23.4,24.5,26.1,26.7,27.3,25.5,23.0,20.9,17.6,14.0,10.4,7.3,1.2,-2.9,-3.6,-3.8,-4.4,-3.1,-0.1,33.0,36.9,53.0,13.4,0.5,41.3,27.3,14.9,77.3,,,OBAnorm,,LD831_02097v2.403,,,,0,0
DENATRLA,2025-06-23 08:44:40.000,34.1,30.4,29.6,26.4,23.5,17.7,18.5,14.6,12.8,11.4,16.0,18.3,20.5,22.0,23.9,24.5,25.9,26.9,27.0,25.2,23.2,21.0,18.0,15.6,12.2,8.1,2.3,-0.8,-3.6,-3.8,-4.4,-3.2,0.1,32.9,36.1,51.2,13.4,0.5,41.3,27.3,14.9,77.9,,,OBAnorm,,LD831_02097v2.403,,,,0,0
DENATRLA,2025-06-23 08:44:41.000,37.8,30.4,30.2,25.8,23.2,20.0,16.6,15.6,14.1,12.8,16.4,18.4,20.2,21.9,22.1,25.1,25.6,27.0,26.0,25.6,23.5,20.3,17.6,13.5,9.7,5.7,-0.1,-3.4,-3.7,-3.7,-4.4,-3.0,-0.2,32.8,35.6,46.6,13.4,0.5,41.4,27.3,14.9,77.9,,,OBAnorm,,LD831_02097v2.403,,,,0,0
DENATRLA,2025-06-23 08:44:42.000,33.2,28.3,26.6,24.4,23.5,19.8,16.6,15.9,13.2,12.3,14.6,18.0,20.8,21.8,23.9,24.7,26.0,26.2,25.9,25.4,22.7,20.1,16.5,13.4,9.6,5.5,0.5,-2.2,-3.7,-3.9,-4.4,-3.2,-0.1,32.5,35.2,42.4,13.4,0.5,41.3,27.3,14.9,77.9,,,OBAnorm,,LD831_02097v2.403,,,,0,0
DENATRLA,2025-06-23 08:44:43.000,30.7,26.9,25.9,22.8,24.1,18.3,15.0,14.8,12.1,13.7,15.7,16.2,18.7,20.8,23.2,24.1,25.5,26.9,27.1,24.8,22.5,20.2,18.4,17.1,14.1,8.8,2.5,-2.0,-3.7,-3.9,-4.4,-3.0,-0.1,32.7,35.7,42.1,13.4,0.5,41.4,27.3,14.9,77.9,,,OBAnorm,,LD831_02097v2.403,,,,0,0
DENATRLA,2025-06-23 08:44:44.000,30.0,21.8,24.9,23.3,24.7,22.0,16.3,14.3,11.1,12.8,15.0,18.7,19.8,22.5,22.9,24.4,25.4,26.3,25.8,24.7,22.9,20.0,17.1,13.6,13.2,7.3,0.2,-3.4,-3.7,-3.8,-4.4,-3.0,-0.1,32.2,35.4,44.1,13.4,0.5,41.4,27.3,14.9,77.9,,,OBAnorm,,LD831_02097v2.403,,,,0,0
DENATRLA,2025-06-23 08:44:45.000,28.0,30.3,26.6,25.8,24.9,20.2,17.5,11.5,13.9,12.2,16.1,19.0,20.7,22.1,23.1,24.2,25.0,25.9,26.0,24.7,22.7,20.1,17.6,13.5,9.4,5.9,0.2,-3.3,-3.7,-3.8,-4.4,-3.1,-0.2,32.2,35.1,40.5,13.4,0.5,41.3,27.3,14.9,77.9,,,OBAnorm,,LD831_02097v2.403,,,,0,0
DENATRLA,2025-06-23 08:44:46.000,31.7,28.7,28.5,25.1,18.4,20.9,16.6,15.4,12.7,12.1,16.3,18.1,19.8,21.5,22.7,24.1,24.7,26.3,26.0,24.7,22.5,20.1,17.0,14.9,9.4,7.4,3.0,-2.2,-3.4,-3.5,-4.3,-3.1,-0.1,32.1,35.0,41.2,13.4,0.5,41.3,27.3,14.9,77.9,,,OBAnorm,,LD831_02097v2.403,,,,0,0
DENATRLA,2025-06-23 08:44:47.000,25.2,29.9,25.1,24.8,22.1,19.7,14.6,15.3,12.4,12.1,15.6,18.2,20.4,20.4,24.1,24.6,25.5,25.7,25.5,24.3,22.4,19.6,16.4,12.9,8.6,5.8,-0.1,-3.1,-3.6,-3.6,-4.3,-3.1,-0.1,32.0,35.6,51.1,13.4,0.3,41.3,27.3,14.9,77.9,,,OBAnorm,,LD831_02097v2.403,,,,0,0
DENATRLA,2025-06-23 08:44:48.000,30.0,26.6,26.9,25.9,22.7,17.9,15.0,16.5,11.7,13.4,15.4,17.3,19.9,22.9,23.8,25.0,25.4,26.2,25.5,24.6,22.6,19.7,16.8,13.1,9.6,6.9,2.4,-1.6,-3.3,-3.8,-4.3,-3.1,-0.1,32.1,36.3,54.2,13.4,0.0,41.3,27.3,14.9,77.9,,,OBAnorm,,LD831_02097v2.403,,,,0,0
DENATRLA,2025-06-23 08:44:49.000,24.9,26.4,28.5,27.3,22.6,20.4,17.6,15.3,12.0,10.9,15.1,17.4,20.7,21.0,23.6,25.1,26.1,26.4,25.8,24.5,23.1,20.0,17.1,14.2,10.8,7.2,1.2,-2.4,-3.7,-3.7,-4.3,-3.1,-0.1,32.4,35.4,44.0,13.4,0.0,41.4,27.3,14.9,77.9,,,OBAnorm,,LD831_02097v2.403,,,,0,0
DENATRLA,2025-06-23 08:44:50.000,33.5,27.7,27.2,22.9,21.8,19.6,17.0,13.9,13.0,13.9,15.6,18.4,19.5,22.0,24.7,24.4,26.0,26.3,25.3,24.5,22.5,19.2,16.3,13.0,9.0,6.1,1.4,-2.8,-3.4,-3.8,-4.3,-3.2,-0.1,32.1,35.5,46.2,13.4,0.0,41.3,27.3,14.9,77.9,,,OBAnorm,,LD831_02097v2.403,,,,0,0
DENATRLA,2025-06-23 08:44:51.000,34.0,32.2,26.8,23.5,24.7,19.2,15.3,15.4,11.8,12.8,14.7,18.0,20.5,21.6,24.2,25.1,25.2,25.9,25.6,23.9,22.3,19.0,16.1,12.2,8.6,6.7,1.0,-3.1,-3.6,-3.9,-4.4,-3.0,-0.1,31.7,35.0,44.2,13.4,0.0,41.3,27.3,14.9,77.9,,,OBAnorm,,LD831_02097v2.403,,,,0,0
DENATRLA,2025-06-23 08:44:52.000,28.2,28.2,23.6,25.1,25.0,18.8,15.3,14.4,12.1,12.4,14.4,19.1,19.2,22.3,23.1,25.0,25.7,25.7,24.8,24.1,22.0,18.9,15.6,11.7,8.1,5.7,1.3,-2.9,-3.5,-3.4,-4.4,-3.1,-0.2,31.7,35.2,41.4,13.4,0.0,41.4,27.3,14.9,77.9,,,OBAnorm,,LD831_02097v2.403,,,,0,0
DENATRLA,2025-06-23 08:44:53.000,27.1,28.5,28.2,24.8,20.3,19.2,17.4,11.8,12.3,11.1,14.4,18.1,20.6,21.9,23.8,24.4,24.4,26.1,25.3,23.5,22.6,19.4,15.7,12.4,8.1,5.3,0.9,-3.4,-3.6,-3.9,-4.4,-3.1,-0.1,31.7,34.7,41.8,13.4,0.0,41.3,27.3,14.9,77.9,,,OBAnorm,,LD831_02097v2.403,,,,0,0
DENATRLA,2025-06-23 08:44:54.000,28.1,28.9,27.8,22.0,23.2,20.7,16.5,14.0,13.7,12.5,16.3,17.1,20.2,21.4,23.1,24.5,25.4,25.4,24.7,23.7,22.2,19.1,15.7,11.9,8.4,5.4,0.8,-3.2,-3.6,-3.8,-4.3,-3.0,-0.1,31.6,35.0,42.2,13.4,0.0,41.4,27.3,14.9,77.9,,,OBAnorm,,LD831_02097v2.403,,,,0,0
DENATRLA,2025-06-23 08:44:55.000,28.0,27.4,26.1,27.0,21.2,19.9,17.4,16.9,12.1,12.3,13.9,18.1,20.3,23.0,24.0,24.1,24.8,26.3,25.6,24.1,21.9,19.2,16.4,12.3,8.7,5.3,0.1,-2.6,-3.3,-3.3,-4.1,-2.8,0.1,32.0,35.6,50.6,13.4,0.0,41.3,27.3,14.9,77.9,,,OBAnorm,,LD831_02097v2.403,,,,0,0
DENATRLA,2025-06-23 08:44:56.000,24.2,31.0,22.2,23.9,26.0,19.6,15.6,14.0,13.1,12.0,14.9,17.7,20.7,22.0,23.6,23.8,25.1,26.0,26.3,24.7,22.6,19.5,16.3,12.8,8.9,5.4,0.2,-3.2,-3.4,-3.0,-4.0,-2.6,0.0,32.1,35.3,46.6,13.4,0.0,41.4,27.3,14.9,77.9,,,OBAnorm,,LD831_02097v2.403,,,,0,0
DENATRLA,2025-06-23 08:44:57.000,30.6,23.3,26.8,23.0,18.8,19.8,14.9,15.0,14.2,11.8,15.5,18.1,20.9,22.1,24.0,24.4,25.4,25.3,26.1,24.4,23.0,19.7,17.3,14.5,10.7,6.7,1.2,-2.4,-3.4,-3.7,-4.4,-3.1,-0.1,32.2,35.4,51.5,13.4,0.0,41.3,27.3,14.9,77.9,,,OBAnorm,,LD831_02097v2.403,,,,0,0
DENATRLA,2025-06-23 08:44:58.000,26.3,31.1,27.2,25.3,23.3,20.4,18.2,13.9,9.6,12.3,16.4,18.5,20.1,22.8,23.8,23.7,25.5,26.0,26.2,24.7,22.8,20.6,17.6,14.2,9.5,6.3,0.6,-3.3,-3.5,-3.9,-4.4,-3.1,-0.1,32.3,35.3,48.3,13.4,0.0,41.3,27.3,14.9,77.9,,,OBAnorm,,LD831_02097v2.403,,,,0,0
DENATRLA,2025-06-23 08:44:59.000,26.7,26.4,26.1,23.0,24.5,18.3,18.1,12.6,11.2,12.2,14.4,18.3,20.0,22.3,23.5,24.6,25.9,26.7,26.6,26.0,24.0,20.7,17.4,13.9,10.4,6.6,0.6,-3.2,-3.7,-3.8,-4.3,-3.1,-0.1,33.1,36.0,45.7,13.4,0.0,41.4,27.3,14.9,77.9,,,OBAnorm,,LD831_02097v2.403,,,,0,0
DENATRLA,2025-06-23 08:45:00.000,23.6,26.0,26.2,24.1,23.2,20.8,18.9,13.8,12.6,13.1,14.3,17.9,22.1,22.2,23.7,24.8,24.9,26.3,26.6,26.0,23.9,20.9,17.6,14.3,10.6,6.9,0.8,-3.5,-3.7,-3.8,-4.4,-3.1,-0.1,33.0,35.5,40.5,13.4,0.0,41.3,27.3,14.9,77.9,,,OBAnorm,,LD831_02097v2.403,,,,0,0
DENATRLA,2025-06-23 08:45:01.000,29.3,26.8,26.3,24.4,23.6,20.3,16.8,14.3,13.1,11.2,15.2,19.2,21.1,22.1,23.7,24.3,25.4,26.5,27.0,25.6,23.9,20.7,18.0,15.2,10.5,8.0,2.8,-2.7,-3.5,-3.7,-4.3,-3.2,0.0,33.0,35.5,40.8,13.4,0.0,41.3,27.3,14.9,77.9,,,OBAnorm,,LD831_02097v2.403,,,,0,0
DENATRLA,2025-06-23 08:45:02.000,30.0,27.9,21.5,21.7,23.2,19.3,17.4,15.5,11.3,12.4,15.6,18.2,19.9,21.9,24.0,24.6,24.8,25.7,26.6,26.1,24.0,20.8,18.4,15.9,13.1,9.0,1.4,-2.7,-3.6,-3.8,-4.2,-2.9,0.0,33.0,35.6,40.7,13.4,0.0,41.3,27.3,14.9,77.9,,,OBAnorm,,LD831_02097v2.403,,,,0,0
DENATRLA,2025-06-23 08:45:03.000,22.2,26.0,26.6,24.1,24.1,19.2,14.8,12.8,11.3,11.4,15.0,19.7,20.1,22.0,24.5,24.8,26.3,27.4,26.6,25.8,24.0,21.3,18.7,14.7,11.1,7.6,0.8,-3.0,-3.7,-3.8,-4.3,-3.1,0.0,33.3,36.0,41.4,13.4,0.0,41.3,27.3,14.9,77.9,,,OBAnorm,,LD831_02097v2.403,,,,0,0
DENATRLA,2025-06-23 08:45:04.000,30.8,26.3,26.8,24.2,24.4,21.4,15.3,14.7,11.6,12.8,16.2,19.6,20.9,22.8,24.2,25.2,25.8,27.3,27.0,25.6,23.7,20.8,17.8,14.3,10.3,7.2,1.2,-3.1,-3.7,-3.8,-4.4,-3.1,-0.2,33.3,35.9,41.2,13.4,0.0,41.3,27.3,14.9,77.9,,,OBAnorm,,LD831_02097v2.403,,,,0,0
DENATRLA,2025-06-23 08:45:05.000,26.5,23.9,25.8,23.3,24.5,20.6,16.0,14.5,10.9,13.3,15.2,18.3,21.0,23.0,24.0,24.5,26.1,27.2,26.9,26.3,24.8,21.4,18.5,15.2,11.7,8.1,2.7,-2.0,-3.5,-3.8,-4.4,-3.0,0.0,33.4,35.9,40.0,13.4,0.0,41.3,27.3,14.9,77.9,,,OBAnorm,,LD831_02097v2.403,,,,0,0
DENATRLA,2025-06-23 08:45:06.000,28.2,26.7,25.9,23.2,19.5,20.2,16.9,14.8,14.2,12.3,13.9,18.1,22.8,23.0,23.8,25.6,26.3,26.6,26.8,25.5,24.0,21.3,19.0,16.4,12.2,8.6,1.8,-2.2,-3.5,-3.6,-4.2,-2.9,-0.1,33.4,35.8,40.0,13.4,0.0,41.4,27.3,14.9,77.9,,,OBAnorm,,LD831_02097v2.403,,,,0,0
DENATRLA,2025-06-23 08:45:07.000,29.8,25.1,24.4,25.7,20.1,21.5,15.7,15.2,12.8,11.5,15.1,18.4,22.2,23.3,24.3,26.3,26.2,26.6,26.8,25.5,24.1,20.9,18.1,14.8,10.8,7.5,1.3,-2.9,-3.3,-3.3,-4.1,-3.0,-0.1,33.1,36.0,39.3,13.4,0.0,41.3,27.3,14.9,77.9,,,OBAnorm,,LD831_02097v2.403,,,,0,0
DENATRLA,2025-06-23 08:45:08.000,26.5,23.3,22.4,26.3,22.3,21.7,17.6,14.3,12.9,11.9,15.4,18.6,21.8,22.2,23.9,25.4,26.8,27.2,27.0,26.5,24.7,21.8,18.8,15.6,11.4,8.2,3.0,-1.4,-3.5,-3.7,-4.3,-3.0,-0.2,33.7,36.2,40.3,13.4,0.0,41.4,27.3,14.9,77.9,,,OBAnorm,,LD831_02097v2.403,,,,0,0
DENATRLA,2025-06-23 08:45:09.000,25.9,26.0,24.8,23.9,22.3,21.9,16.2,15.1,11.0,11.4,15.4,19.0,20.9,22.9,25.0,24.8,26.6,26.8,26.3,25.1,24.0,21.2,17.5,14.3,10.3,8.0,2.9,-3.1,-3.6,-3.8,-4.3,-3.2,-0.1,33.1,36.1,46.4,13.4,0.0,41.3,27.3,14.9,77.9,,,OBAnorm,,LD831_02097v2.403,,,,0,0
DENATRLA,2025-06-23 08:45:10.000,26.8,28.7,23.7,22.5,22.0,19.9,17.1,14.7,13.4,10.4,15.0,19.2,21.6,23.2,23.9,24.7,25.2,25.5,25.3,24.6,22.3,20.3,17.1,14.3,10.1,6.5,0.4,-3.2,-3.6,-3.6,-4.2,-2.9,-0.1,32.1,35.3,50.1,13.4,0.0,46.1,27.3,14.9,77.9,,,OBAnorm,,LD831_02097v2.403,,,,0,0
DENATRLA,2025-06-23 08:45:11.000,26.1,28.1,27.3,23.9,20.0,18.8,16.4,14.0,12.7,13.4,15.0,18.2,20.6,23.3,23.3,25.6,25.2,25.7,25.0,24.7,21.8,19.3,16.3,12.7,8.6,5.6,0.7,-2.2,-3.3,-3.7,-4.4,-3.0,0.0,31.8,35.1,43.0,13.4,0.0,46.1,27.3,14.9,77.9,,,OBAnorm,,LD831_02097v2.403,,,,0,0
DENATRLA,2025-06-23 08:45:12.000,33.8,27.6,26.2,25.6,23.1,18.1,16.3,15.2,13.1,13.1,14.8,17.5,21.1,23.1,24.0,24.4,24.5,24.1,24.3,23.6,21.6,19.4,16.3,13.3,10.7,7.5,0.5,-3.0,-3.7,-3.6,-4.4,-3.2,-0.1,31.1,34.5,40.8,13.4,0.0,46.1,27.4,14.9,77.9,,,OBAnorm,,LD831_02097v2.403,,,,0,0
DENATRLA,2025-06-23 08:45:13.000,28.8,26.4,27.3,25.0,21.8,15.7,18.6,16.5,12.9,13.1,15.0,19.3,21.8,22.8,23.2,25.4,24.4,25.3,24.5,24.0,22.3,19.2,16.5,13.4,9.2,6.1,0.8,-3.1,-3.4,-3.7,-4.3,-3.1,-0.1,31.6,34.8,38.2,13.4,0.0,46.4,27.3,14.9,77.9,,,OBAnorm,,LD831_02097v2.403,,,,0,0
DENATRLA,2025-06-23 08:45:14.000,24.9,25.6,26.3,24.4,20.3,20.8,16.8,15.4,13.1,12.1,14.7,18.1,21.2,22.1,23.7,24.6,25.5,25.3,25.3,24.4,22.5,19.4,16.3,12.6,8.7,5.3,1.7,-1.7,-3.3,-3.7,-4.3,-3.2,-0.1,31.8,35.3,41.8,13.4,0.0,46.4,27.3,14.9,77.9,,,OBAnorm,,LD831_02097v2.403,,,,0,0
DENATRLA,2025-06-23 08:45:15.000,29.6,25.5,25.0,24.7,19.7,21.5,18.4,14.7,13.1,11.0,15.7,19.4,21.1,23.4,24.0,24.0,25.0,25.3,25.5,23.2,21.9,18.8,16.2,12.3,8.4,5.2,1.3,-2.5,-3.6,-3.8,-4.3,-3.1,0.0,31.5,34.8,42.1,13.4,0.0,46.4,27.3,14.9,77.9,,,OBAnorm,,LD831_02097v2.403,,,,0,0
DENATRLA,2025-06-23 08:45:16.000,28.1,27.9,28.5,24.4,23.6,18.8,18.7,15.7,13.5,11.9,15.3,18.8,22.2,22.5,23.8,23.3,25.2,24.8,24.7,23.5,21.3,19.0,15.3,11.8,7.6,4.2,-0.2,-3.5,-3.6,-3.7,-4.3,-2.9,-0.2,31.4,35.8,50.3,13.4,0.0,46.4,27.3,14.9,77.9,,,OBAnorm,,LD831_02097v2.403,,,,0,0
DENATRLA,2025-06-23 08:45:17.000,29.2,24.8,26.5,25.9,24.1,21.4,19.1,14.6,12.2,12.1,15.0,18.4,21.1,21.4,23.6,24.7,25.2,25.1,25.3,23.3,21.0,18.0,15.3,12.6,9.5,6.9,-0.4,-2.8,-3.7,-3.7,-4.4,-3.1,-0.2,31.2,35.2,48.9,13.4,0.0,46.5,27.3,14.9,77.9,,,OBAnorm,,LD831_02097v2.403,,,,0,0
DENATRLA,2025-06-23 08:45:18.000,28.2,26.0,29.7,26.1,23.7,19.6,16.1,14.8,11.6,12.6,14.6,18.6,20.3,22.1,21.8,24.6,25.3,25.3,25.4,23.8,21.7,18.3,15.8,14.0,11.8,6.5,0.9,-2.7,-3.6,-3.7,-4.3,-3.2,-0.1,31.5,34.5,44.5,13.4,0.0,46.4,27.3,14.9,77.9,,,OBAnorm,,LD831_02097v2.403,,,,0,0
DENATRLA,2025-06-23 08:45:19.000,30.8,28.1,25.1,23.6,20.7,18.4,17.7,14.1,11.8,12.1,14.6,17.9,19.0,21.2,22.1,23.7,25.3,24.4,23.9,23.1,20.4,17.7,14.2,10.6,7.1,4.9,-0.1,-2.7,-3.3,-3.8,-4.3,-3.1,-0.1,30.6,34.4,48.0,13.4,0.0,46.4,27.4,14.9,77.9,,,OBAnorm,,LD831_02097v2.403,,,,0,0
DENATRLA,2025-06-23 08:45:20.000,27.3,28.1,26.2,22.3,20.2,19.4,16.8,14.3,11.8,10.9,12.6,17.7,20.7,21.3,22.9,23.8,24.8,25.6,25.0,23.1,20.8,18.1,15.6,10.7,7.2,4.6,2.3,-2.7,-3.6,-3.7,-4.3,-3.0,-0.2,31.0,34.8,47.8,13.4,0.0,46.5,27.3,14.9,77.9,,,OBAnorm,,LD831_02097v2.403,,,,0,0
DENATRLA,2025-06-23 08:45:21.000,31.2,27.3,24.7,21.5,21.7,19.3,18.6,15.6,12.2,12.0,12.6,16.9,19.2,21.5,22.3,23.7,24.6,24.7,24.2,22.5,19.9,17.3,13.9,10.1,6.4,4.7,1.7,-3.4,-3.1,-3.7,-4.3,-3.0,-0.1,30.4,34.2,46.9,13.4,0.0,46.4,27.3,14.9,77.9,,,OBAnorm,,LD831_02097v2.403,,,,0,0
DENATRLA,2025-06-23 08:45:22.000,34.1,29.5,25.6,23.2,20.6,21.5,14.4,15.2,12.0,12.3,12.6,17.6,20.1,20.5,22.2,23.3,24.1,24.1,24.1,22.6,19.4,17.0,13.6,9.7,5.7,3.1,-1.5,-3.7,-3.7,-3.8,-4.4,-3.1,-0.2,30.1,34.2,47.5,13.4,0.0,46.4,27.4,14.9,77.9,,,OBAnorm,,LD831_02097v2.403,,,,0,0
DENATRLA,2025-06-23 08:45:23.000,30.6,28.0,23.9,23.6,22.9,20.9,17.1,15.2,12.8,10.8,12.2,17.2,19.4,20.9,22.7,23.7,23.8,24.6,24.2,22.8,20.2,17.7,14.9,10.7,7.3,3.6,-0.8,-3.5,-3.7,-3.9,-4.3,-3.0,-0.1,30.5,34.4,50.6,13.4,0.0,46.4,27.3,14.9,77.9,,,OBAnorm,,LD831_02097v2.403,,,,0,0
DENATRLA,2025-06-23 08:45:24.000,30.8,28.5,26.6,23.9,21.7,19.9,18.5,14.3,11.9,12.0,13.1,17.2,20.4,21.2,22.5,23.6,24.8,24.9,24.0,22.4,20.2,17.4,14.2,11.0,7.3,4.9,1.6,-2.4,-3.7,-3.9,-4.4,-3.2,-0.1,30.4,34.6,50.5,13.4,0.0,46.5,27.3,14.9,77.9,,,OBAnorm,,LD831_02097v2.403,,,,0,0
DENATRLA,2025-06-23 08:45:25.000,29.5,25.1,24.8,21.2,19.2,19.2,15.5,13.4,12.6,10.2,14.9,16.8,19.7,20.3,22.7,23.3,24.0,24.1,24.1,22.2,19.9,17.2,13.9,10.6,6.7,3.3,-1.0,-3.6,-3.8,-3.9,-4.4,-3.1,-0.2,30.2,34.6,48.6,13.4,0.0,46.4,27.3,14.9,77.9,,,OBAnorm,,LD831_02097v2.403,,,,0,0
DENATRLA,2025-06-23 08:45:26.000,27.4,25.4,26.8,24.3,24.2,19.7,17.9,14.8,9.8,10.2,12.5,16.2,19.1,20.8,22.9,23.1,23.6,24.1,23.8,21.6,19.3,17.5,14.5,11.5,7.9,6.2,5.2,-1.0,-3.1,-3.7,-4.4,-3.1,-0.2,30.0,34.0,46.4,13.4,0.0,46.4,27.3,14.9,78.5,,,OBAnorm,,LD831_02097v2.403,,,,0,0
DENATRLA,2025-06-23 08:45:27.000,33.1,31.6,26.3,22.8,22.7,20.6,17.6,14.4,9.5,11.6,12.8,16.3,17.5,20.0,20.9,22.2,23.3,24.4,24.0,21.9,19.2,18.1,15.3,13.2,11.1,7.4,4.3,-2.6,-3.7,-3.8,-4.4,-3.0,-0.1,30.1,34.2,46.2,13.4,0.0,46.4,27.3,14.9,78.5,,,OBAnorm,,LD831_02097v2.403,,,,0,0
DENATRLA,2025-06-23 08:45:28.000,34.1,28.7,25.2,23.6,22.2,19.2,16.6,15.0,9.6,10.8,11.8,16.5,18.0,20.7,21.1,22.5,23.4,24.7,23.3,21.8,20.5,17.3,14.1,12.6,10.5,6.6,-0.7,-2.6,-3.7,-3.7,-4.3,-3.1,-0.3,30.1,34.1,46.3,13.4,0.0,46.4,27.3,14.9,77.3,,,OBAnorm,,LD831_02097v2.403,,,,0,0
DENATRLA,2025-06-23 08:45:29.000,30.3,27.8,28.1,24.2,24.5,20.4,15.8,14.6,10.8,12.1,12.8,16.8,18.8,19.8,21.3,22.3,24.1,25.0,24.7,23.0,19.6,16.7,13.6,10.8,6.6,3.6,-1.6,-3.5,-3.7,-3.8,-4.4,-3.1,-0.1,30.5,33.8,44.2,13.4,0.0,46.5,27.3,14.9,77.3,,,OBAnorm,,LD831_02097v2.403,,,,0,0
DENATRLA,2025-06-23 08:45:30.000,35.1,30.9,26.3,21.5,22.3,19.5,17.9,12.8,10.7,11.9,12.8,13.3,18.3,19.7,21.9,21.9,23.4,24.3,24.4,21.9,19.9,17.5,15.2,11.4,9.1,6.0,1.0,-2.5,-3.6,-3.7,-4.2,-3.1,-0.2,30.1,34.1,50.2,13.4,0.0,46.4,27.4,14.9,79.0,,,OBAnorm,,LD831_02097v2.403,,,,0,0
DENATRLA,2025-06-23 08:45:31.000,28.0,27.6,25.2,20.8,21.2,20.0,17.2,11.7,10.7,10.2,12.1,17.5,20.7,19.2,21.5,22.6,24.6,25.1,23.6,22.7,19.9,17.1,15.1,10.7,7.6,4.1,-0.8,-3.0,-3.5,-3.6,-4.2,-2.9,-0.2,30.4,35.0,48.9,13.4,0.0,46.4,27.4,14.9,79.0,,,OBAnorm,,LD831_02097v2.403,,,,0,0
DENATRLA,2025-06-23 08:45:32.000,30.0,31.4,26.9,24.4,21.1,17.6,14.6,13.9,11.6,11.1,12.2,15.8,18.8,18.9,21.0,22.2,24.1,24.2,23.9,21.6,19.3,16.7,13.5,9.3,5.5,2.8,-1.0,-2.7,-3.7,-3.7,-4.2,-3.0,-0.1,29.6,33.4,44.9,13.4,0.1,46.5,27.4,14.9,79.0,,,OBAnorm,,LD831_02097v2.403,,,,0,0
DENATRLA,2025-06-23 08:45:33.000,34.7,32.1,30.4,22.1,19.9,18.6,16.4,11.9,11.7,10.8,13.6,15.2,18.0,20.1,21.5,21.8,23.7,24.2,23.5,21.8,19.7,16.6,13.3,9.9,5.6,2.6,-1.8,-3.5,-3.8,-3.9,-4.4,-3.0,-0.1,29.8,33.1,40.0,13.4,0.2,44.6,27.3,14.9,77.3,,,OBAnorm,,LD831_02097v2.403,,,,0,0
DENATRLA,2025-06-23 08:45:34.000,34.9,29.7,24.9,23.9,20.2,18.7,16.1,13.4,10.7,10.3,14.8,15.6,19.1,19.9,20.8,22.3,24.3,24.5,23.3,22.2,19.4,16.6,14.9,12.7,9.0,5.1,-0.9,-3.7,-3.8,-3.8,-4.3,-3.2,-0.2,30.0,33.5,41.7,13.4,0.2,46.4,27.3,14.9,77.3,,,OBAnorm,,LD831_02097v2.403,,,,0,0
DENATRLA,2025-06-23 08:45:35.000,28.7,24.6,24.5,23.5,19.1,17.5,16.0,12.7,9.5,12.4,15.0,16.6,19.5,20.4,21.9,22.6,24.8,24.5,23.8,22.0,19.7,17.2,13.4,10.2,5.8,3.4,-0.8,-3.8,-3.7,-3.6,-4.2,-2.8,-0.2,30.1,33.9,42.3,13.4,0.2,46.4,27.4,14.9,79.6,,,OBAnorm,,LD831_02097v2.403,,,,0,0
DENATRLA,2025-06-23 08:45:36.000,29.1,27.6,26.2,22.1,22.7,21.1,15.5,13.4,10.9,12.5,14.5,18.6,19.7,21.0,22.2,22.0,23.9,24.1,24.0,22.1,19.1,17.2,13.5,9.6,5.6,3.8,0.3,-2.6,-3.7,-3.9,-4.4,-3.0,-0.2,30.0,34.0,47.2,13.4,0.2,46.4,27.3,14.9,79.6,,,OBAnorm,,LD831_02097v2.403,,,,0,0
DENATRLA,2025-06-23 08:45:37.000,26.5,29.5,24.1,26.4,24.8,17.3,16.9,15.5,10.2,11.5,12.7,18.2,19.8,20.3,21.2,22.3,23.7,24.5,23.9,22.1,20.1,17.6,13.8,10.4,6.8,3.5,-1.4,-3.3,-3.6,-3.8,-4.4,-3.2,-0.1,30.0,34.3,45.3,13.4,0.2,46.5,27.4,14.9,79.6,,,OBAnorm,,LD831_02097v2.403,,,,0,0
DENATRLA,2025-06-23 08:45:38.000,25.8,27.8,24.8,25.8,22.3,18.0,15.5,15.1,11.6,10.2,13.9,18.0,18.8,21.1,21.5,21.9,23.5,25.1,24.0,22.1,20.2,17.4,14.0,12.3,10.2,5.2,3.3,-3.0,-3.7,-3.7,-4.4,-3.1,-0.1,30.3,34.8,49.5,13.4,0.2,46.5,27.4,14.9,79.6,,,OBAnorm,,LD831_02097v2.403,,,,0,0
DENATRLA,2025-06-23 08:45:39.000,27.4,24.1,30.4,28.8,21.5,19.4,18.5,14.2,11.1,11.5,14.8,17.3,19.3,21.6,22.1,23.1,24.2,23.9,24.0,21.9,19.9,17.5,16.0,13.1,8.7,7.0,0.4,-3.2,-3.8,-3.9,-4.4,-3.1,-0.1,30.2,34.3,49.1,13.4,0.2,46.4,27.4,14.9,79.6,,,OBAnorm,,LD831_02097v2.403,,,,0,0
DENATRLA,2025-06-23 08:45:40.000,33.4,27.4,30.4,22.7,20.4,16.5,15.6,13.0,9.2,10.1,14.9,17.7,20.0,20.8,22.8,24.0,23.3,23.9,23.5,22.6,20.0,17.4,14.2,10.1,6.3,4.2,0.2,-2.5,-3.8,-3.9,-4.4,-3.1,-0.1,30.2,33.9,47.0,13.4,0.2,46.5,27.4,14.9,79.6,,,OBAnorm,,LD831_02097v2.403,,,,0,0
DENATRLA,2025-06-23 08:45:41.000,26.8,29.7,25.4,23.6,20.1,18.4,18.0,14.6,10.4,9.4,14.2,17.7,18.3,20.6,22.5,23.0,23.0,24.5,24.5,23.2,20.9,17.9,14.0,11.1,7.3,5.0,1.6,-3.5,-3.7,-3.9,-4.5,-3.2,-0.2,30.5,34.1,47.9,13.4,0.2,46.4,27.3,14.9,79.6,,,OBAnorm,,LD831_02097v2.403,,,,0,0
DENATRLA,2025-06-23 08:45:42.000,30.7,26.6,26.1,20.3,23.4,17.2,15.5,12.4,9.5,11.7,15.2,16.5,17.5,21.1,21.8,23.3,24.4,24.3,23.7,23.3,20.4,17.2,14.7,13.2,9.8,7.1,-0.6,-3.1,-3.6,-3.7,-4.4,-3.1,-0.1,30.6,34.2,50.2,13.4,0.1,46.5,27.4,14.9,79.6,,,OBAnorm,,LD831_02097v2.403,,,,0,0
DENATRLA,2025-06-23 08:45:43.000,29.7,29.4,26.2,22.6,24.2,19.3,14.9,12.7,10.8,11.0,14.2,16.8,20.5,21.9,21.8,23.1,24.6,25.3,24.1,22.7,20.7,17.3,13.9,10.6,6.7,4.3,0.3,-2.2,-3.6,-3.6,-4.3,-3.0,-0.1,30.4,33.7,42.0,13.4,0.0,46.4,27.4,14.9,79.6,,,OBAnorm,,LD831_02097v2.403,,,,0,0
DENATRLA,2025-06-23 08:45:44.000,25.1,28.7,24.0,21.2,20.6,20.3,16.1,11.9,11.7,9.9,14.2,18.0,20.1,20.5,22.3,22.6,24.2,25.1,24.1,23.0,20.9,17.1,14.3,12.7,8.3,7.4,0.4,-2.5,-3.8,-3.9,-4.3,-3.1,-0.1,30.7,33.8,40.0,13.4,0.0,46.4,27.4,14.9,79.6,,,OBAnorm,,LD831_02097v2.403,,,,0,0
DENATRLA,2025-06-23 08:45:45.000,30.6,27.7,20.3,16.6,19.0,19.3,15.4,9.1,11.9,9.4,13.6,18.1,18.7,19.6,23.0,23.2,23.4,24.9,25.0,23.4,20.1,17.9,15.1,11.6,8.3,6.3,2.1,-2.0,-3.3,-3.6,-4.4,-3.1,-0.1,30.8,34.1,39.7,13.4,0.0,46.5,27.4,14.9,79.6,,,OBAnorm,,LD831_02097v2.403,,,,0,0
DENATRLA,2025-06-23 08:45:46.000,30.9,26.9,23.7,26.8,22.5,19.7,17.0,15.0,10.0,10.5,14.3,17.4,18.8,20.7,23.2,23.7,24.5,24.7,24.3,22.3,20.2,17.1,14.5,11.0,7.5,5.6,1.2,-2.8,-3.4,-3.6,-4.3,-3.1,-0.2,30.5,33.6,38.4,13.4,0.0,46.4,27.3,14.9,79.6,,,OBAnorm,,LD831_02097v2.403,,,,0,0
DENATRLA,2025-06-23 08:45:47.000,32.0,24.8,22.3,21.6,19.9,16.4,14.1,12.4,11.8,11.6,13.6,17.8,18.8,21.0,23.3,23.2,23.8,24.2,23.5,21.7,20.2,17.2,14.0,10.3,6.9,4.9,0.3,-3.1,-3.4,-3.6,-4.2,-3.1,-0.1,29.9,33.3,39.8,13.4,0.0,46.4,27.4,14.9,79.6,,,OBAnorm,,LD831_02097v2.403,,,,0,0
DENATRLA,2025-06-23 08:45:48.000,27.7,26.5,24.3,19.9,19.4,16.9,13.3,10.8,11.3,11.1,14.7,19.4,20.6,20.1,22.1,23.3,23.5,24.8,23.9,21.8,19.4,17.3,15.5,14.4,12.0,8.1,3.3,-1.6,-3.7,-3.8,-4.3,-3.2,-0.1,30.4,33.7,41.6,13.4,0.0,46.4,27.4,14.9,79.6,,,OBAnorm,,LD831_02097v2.403,,,,0,0
DENATRLA,2025-06-23 08:45:49.000,24.5,25.3,23.5,20.2,23.5,16.5,16.0,14.9,10.8,12.3,13.1,17.6,19.6,20.8,22.4,22.7,23.0,24.5,23.2,21.3,19.3,16.4,13.6,11.8,10.6,6.3,0.2,-2.6,-3.0,-2.5,-3.8,-3.0,0.0,29.7,34.1,47.2,13.4,0.0,46.4,27.4,14.9,79.6,,,OBAnorm,,LD831_02097v2.403,,,,0,0
DENATRLA,2025-06-23 08:45:50.000,29.3,27.1,24.8,20.3,17.6,18.6,15.4,16.0,12.4,10.6,15.4,18.7,19.1,20.7,21.4,22.2,23.8,23.9,24.3,22.2,19.5,17.7,17.2,15.5,11.6,9.1,0.5,-0.9,-3.2,-3.4,-4.2,-3.0,-0.1,30.4,34.3,49.1,13.4,0.0,46.4,27.4,15.0,79.6,,,OBAnorm,,LD831_02097v2.403,,,,0,0
DENATRLA,2025-06-23 08:45:51.000,33.2,27.3,28.7,26.5,19.2,18.2,16.9,12.5,11.3,9.5,14.3,18.0,20.0,20.9,21.8,23.7,24.6,24.6,23.7,21.5,19.8,18.0,17.1,10.5,8.0,4.5,1.4,-2.7,-3.4,-3.5,-4.2,-3.1,-0.2,30.3,34.8,47.5,13.4,0.0,46.4,27.4,15.0,80.2,,,OBAnorm,,LD831_02097v2.403,,,,0,0
DENATRLA,2025-06-23 08:45:52.000,32.1,30.8,26.6,25.8,18.8,21.2,16.0,14.1,12.6,10.8,14.6,15.9,19.6,21.0,22.1,23.2,23.4,24.3,23.3,21.8,20.1,17.2,13.4,9.7,6.5,3.6,-0.3,-2.9,-3.2,-3.4,-4.1,-3.0,-0.2,29.8,34.5,49.7,13.4,0.0,37.7,27.4,15.0,80.2,,,OBAnorm,,LD831_02097v2.403,,,,0,0
DENATRLA,2025-06-23 08:45:53.000,32.0,30.9,29.8,25.7,22.7,19.9,17.7,17.5,14.2,14.7,16.2,18.0,18.6,21.5,22.4,23.1,23.9,24.7,24.3,21.8,19.7,16.9,13.5,9.8,5.8,3.9,-0.3,-2.3,-3.0,-3.1,-4.0,-2.8,0.0,30.2,47.8,64.7,13.4,0.0,299.7,27.4,15.0,80.2,,,OBAnorm,,LD831_02097v2.403,,,,0,0
DENATRLA,2025-06-23 08:45:54.000,33.5,30.5,37.8,36.5,36.4,35.8,36.0,33.3,28.3,22.8,18.8,20.1,20.6,21.6,22.2,23.1,24.6,23.6,23.2,22.2,19.6,16.6,15.0,12.6,12.2,7.1,2.5,-1.4,-3.2,-3.3,-3.9,-2.8,0.0,30.4,52.8,67.7,13.4,0.2,230.4,27.4,15.1,79.6,,,OBAnorm,,LD831_02097v2.403,,,,0,0
DENATRLA,2025-06-23 08:45:55.000,35.3,46.3,48.8,45.4,46.0,40.5,37.6,36.5,35.0,26.6,18.7,18.2,20.3,21.2,21.8,23.6,24.0,25.0,24.0,22.6,20.1,17.2,14.3,10.7,7.1,3.8,-0.3,-2.3,-3.0,-2.8,-3.6,-2.8,-0.1,30.4,44.5,65.9,13.4,0.6,230.3,27.4,15.1,79.1,,,OBAnorm,,LD831_02097v2.403,,,,0,0
DENATRLA,2025-06-23 08:45:56.000,53.3,51.3,48.7,41.3,37.5,32.3,28.0,23.0,17.4,13.3,13.5,17.7,19.5,20.0,21.8,23.5,24.2,25.1,24.0,21.9,19.6,16.9,14.4,10.0,6.3,3.1,-0.9,-2.8,-3.3,-3.2,-4.1,-3.0,0.0,30.2,37.9,56.8,13.4,0.9,230.3,27.4,15.0,78.5,,,OBAnorm,,LD831_02097v2.403,,,,0,0
DENATRLA,2025-06-23 08:45:57.000,58.7,53.1,38.0,33.3,28.6,27.0,17.2,13.0,10.4,10.8,14.0,17.5,18.3,19.8,21.6,23.8,24.4,25.0,24.2,22.5,20.3,17.7,14.3,10.4,6.7,4.5,1.4,-2.3,-3.5,-3.7,-4.3,-2.9,-0.1,30.5,37.5,57.3,13.4,0.7,230.4,27.4,15.0,78.5,,,OBAnorm,,LD831_02097v2.403,,,,0,0
DENATRLA,2025-06-23 08:45:58.000,46.5,36.8,33.2,24.6,22.0,21.6,21.8,18.2,12.2,11.7,13.9,18.1,18.5,21.7,23.5,22.6,25.0,25.9,24.0,22.6,20.2,18.8,15.6,13.4,9.5,7.1,-0.1,-1.7,-3.6,-3.6,-4.2,-3.1,-0.2,30.9,39.7,61.3,13.4,0.6,230.4,27.4,15.0,78.5,,,OBAnorm,,LD831_02097v2.403,,,,0,0
DENATRLA,2025-06-23 08:45:59.000,39.9,34.3,32.7,32.4,26.1,24.0,16.8,16.2,13.1,10.9,13.8,18.6,19.0,20.9,21.8,23.0,24.3,24.6,24.2,23.3,20.3,18.0,14.9,11.0,7.1,4.1,-0.5,-3.5,-3.6,-3.7,-4.3,-3.0,0.0,30.7,36.4,55.7,13.4,0.5,230.3,27.4,15.0,78.5,,,OBAnorm,,LD831_02097v2.403,,,,0,0
DENATRLA,2025-06-23 08:46:00.000,42.6,36.9,34.7,29.1,26.4,22.5,16.5,13.6,11.0,11.9,15.4,15.4,20.3,21.8,22.5,23.6,25.5,25.2,24.4,23.2,21.0,18.2,14.9,11.7,7.3,6.4,0.0,-3.4,-3.7,-3.9,-4.3,-3.2,-0.1,31.0,35.1,47.2,13.4,0.4,201.6,27.4,15.0,77.9,,,OBAnorm,,LD831_02097v2.403,,,,0,0
DENATRLA,2025-06-23 08:46:01.000,34.7,35.3,31.3,26.4,23.5,21.3,15.0,12.2,9.8,11.1,13.2,16.5,18.7,21.1,22.2,23.9,24.1,25.7,25.0,24.2,20.9,18.3,15.8,12.1,9.8,7.4,-0.1,-3.4,-3.5,-3.8,-4.3,-3.1,-0.2,31.3,34.3,42.1,13.4,0.5,185.3,27.4,15.0,77.9,,,OBAnorm,,LD831_02097v2.403,,,,0,0
DENATRLA,2025-06-23 08:46:02.000,34.8,28.4,28.3,24.3,19.0,16.7,15.2,11.5,8.3,10.1,14.6,17.0,19.2,21.7,23.4,21.6,24.7,24.7,24.7,22.3,20.2,18.3,15.3,12.4,10.5,7.4,0.2,-3.1,-3.5,-3.8,-4.3,-3.0,0.0,30.7,34.5,48.8,13.4,0.5,177.9,27.4,14.9,77.3,,,OBAnorm,,LD831_02097v2.403,,,,0,0
DENATRLA,2025-06-23 08:46:03.000,31.3,29.7,24.4,20.6,22.6,18.5,16.3,12.9,10.6,10.5,11.8,18.1,18.8,20.5,23.2,23.1,24.2,24.8,24.1,21.8,20.3,16.8,14.6,11.2,8.7,5.5,0.4,-3.3,-3.7,-3.8,-4.4,-3.0,-0.2,30.4,35.6,52.4,13.4,0.5,185.4,27.4,14.9,77.3,,,OBAnorm,,LD831_02097v2.403,,,,0,0
DENATRLA,2025-06-23 08:46:04.000,29.2,19.3,26.6,24.4,21.9,18.6,16.8,12.5,12.9,12.3,13.9,15.9,19.3,21.7,22.1,22.9,22.6,25.0,23.9,22.1,19.9,17.6,14.5,11.1,6.7,3.9,-0.3,-2.7,-3.4,-3.7,-4.2,-3.1,-0.2,30.1,35.0,50.6,13.4,0.5,185.4,27.4,14.9,78.5,,,OBAnorm,,LD831_02097v2.403,,,,0,0
DENATRLA,2025-06-23 08:46:05.000,33.6,31.2,23.2,25.0,21.3,18.8,17.2,14.1,10.8,10.8,12.7,17.3,19.5,20.9,21.7,23.3,23.8,24.4,22.8,22.1,19.3,16.5,16.1,17.5,12.2,10.8,3.9,-1.7,-3.5,-3.7,-4.4,-3.0,-0.1,30.3,34.9,52.5,13.4,0.5,185.4,27.4,14.9,77.9,,,OBAnorm,,LD831_02097v2.403,,,,0,0
DENATRLA,2025-06-23 08:46:06.000,35.3,27.6,28.5,23.8,20.7,20.0,15.6,13.9,11.9,10.9,13.0,17.3,18.7,21.0,21.6,22.2,23.8,23.2,23.3,22.0,19.6,17.4,13.9,10.0,6.5,3.8,-0.6,-3.6,-3.7,-3.7,-4.3,-3.0,-0.1,29.8,35.8,51.3,13.4,0.5,185.4,27.4,14.9,78.5,,,OBAnorm,,LD831_02097v2.403,,,,0,0
DENATRLA,2025-06-23 08:46:07.000,35.4,29.8,26.1,22.6,21.4,18.3,14.9,12.1,9.5,9.7,13.6,16.4,18.7,20.9,22.0,23.3,24.7,24.7,23.8,22.3,19.0,15.7,13.0,9.2,6.0,3.4,1.7,-3.2,-3.7,-3.9,-4.3,-3.0,-0.2,29.9,33.9,48.3,13.4,0.5,185.4,27.4,15.0,78.5,,,OBAnorm,,LD831_02097v2.403,,,,0,0
DENATRLA,2025-06-23 08:46:08.000,30.6,30.3,27.9,24.2,19.9,17.3,16.7,13.0,8.4,11.3,14.7,18.3,19.7,20.2,21.1,23.0,23.3,23.7,22.6,21.5,18.9,16.0,13.3,11.6,7.5,6.6,1.8,-3.4,-3.7,-3.9,-4.3,-3.2,-0.2,29.5,33.1,43.4,13.4,0.5,185.4,27.4,15.0,78.5,,,OBAnorm,,LD831_02097v2.403,,,,0,0
DENATRLA,2025-06-23 08:46:09.000,38.7,23.2,26.0,22.5,20.4,18.0,15.6,11.9,11.1,11.0,14.0,17.1,18.7,20.9,22.1,23.0,23.7,23.6,23.1,21.8,19.3,16.5,13.6,11.1,9.4,6.0,-0.5,-3.3,-3.7,-3.7,-4.3,-3.1,-0.1,29.6,33.2,40.2,13.4,0.5,185.4,27.4,15.0,78.5,,,OBAnorm,,LD831_02097v2.403,,,,0,0
DENATRLA,2025-06-23 08:46:10.000,28.7,22.3,26.4,23.6,20.6,17.6,15.8,14.2,13.0,11.5,15.7,18.4,20.0,22.4,22.9,22.8,24.0,24.0,24.1,22.4,19.6,17.0,14.2,11.7,9.6,8.6,0.7,-3.5,-3.5,-3.7,-4.4,-3.0,-0.1,30.2,33.7,39.3,13.4,0.5,185.4,27.4,15.0,78.5,,,OBAnorm,,LD831_02097v2.403,,,,0,0
DENATRLA,2025-06-23 08:46:11.000,26.7,23.0,25.6,22.0,21.2,16.5,16.6,14.1,8.3,12.4,15.3,18.1,19.7,21.2,21.9,23.1,23.2,24.2,23.6,22.0,19.6,17.1,14.2,10.2,6.6,4.7,-0.2,-3.1,-3.2,-3.4,-4.2,-3.1,-0.2,30.1,33.6,39.8,13.4,0.2,185.4,27.4,15.0,79.1,,,OBAnorm,,LD831_02097v2.403,,,,0,0
DENATRLA,2025-06-23 08:46:12.000,27.2,26.6,26.1,24.3,22.2,18.1,17.6,16.1,11.9,10.6,13.4,17.5,20.6,20.8,22.6,23.4,22.9,23.6,24.0,22.6,19.9,16.8,13.8,10.0,7.5,4.5,1.7,-1.6,-3.2,-3.6,-4.3,-3.1,-0.2,30.1,33.3,38.4,13.4,0.0,185.4,27.4,15.0,79.1,,,OBAnorm,,LD831_02097v2.403,,,,0,0
DENATRLA,2025-06-23 08:46:13.000,28.2,25.3,25.5,25.0,20.6,16.7,16.6,14.0,12.2,11.9,14.7,17.0,19.3,21.1,21.9,22.5,24.1,24.9,23.5,22.6,20.5,18.3,17.6,14.3,13.8,9.4,3.5,-0.2,-2.7,-3.1,-4.1,-3.1,-0.2,30.6,33.9,41.3,13.4,0.0,185.4,27.4,15.0,79.1,,,OBAnorm,,LD831_02097v2.403,,,,0,0
DENATRLA,2025-06-23 08:46:14.000,21.0,23.4,23.4,21.9,21.0,18.3,16.3,13.0,11.2,12.6,13.6,17.5,19.0,22.0,22.4,23.1,23.6,24.0,24.3,21.9,20.4,17.8,15.9,11.5,7.7,7.3,2.3,-2.1,-3.1,-3.6,-4.3,-3.0,-0.2,30.2,33.7,48.7,13.4,0.0,185.4,27.4,15.0,79.1,,,OBAnorm,,LD831_02097v2.403,,,,0,0
DENATRLA,2025-06-23 08:46:15.000,26.3,25.3,25.7,23.7,19.7,20.0,16.5,14.0,11.7,10.7,12.4,18.0,20.0,21.2,22.3,22.7,24.0,25.2,24.1,23.2,20.6,18.2,15.5,13.0,8.3,6.4,2.6,-1.3,-3.0,-3.7,-4.4,-3.2,-0.1,30.8,34.8,44.3,13.4,0.0,185.4,27.4,15.0,79.1,,,OBAnorm,,LD831_02097v2.403,,,,0,0
DENATRLA,2025-06-23 08:46:16.000,27.2,29.8,24.3,22.7,21.6,20.3,15.8,15.2,11.0,11.5,14.5,19.7,20.4,22.0,22.8,23.0,24.5,24.6,24.7,23.7,21.0,18.6,16.8,16.0,14.9,10.9,3.4,-0.5,-3.3,-3.8,-4.4,-3.1,-0.1,31.4,34.5,46.6,13.4,0.0,185.4,27.4,15.0,79.1,,,OBAnorm,,LD831_02097v2.403,,,,0,0
DENATRLA,2025-06-23 08:46:17.000,28.8,28.8,25.8,25.5,21.2,17.0,15.7,13.5,10.3,10.0,14.2,17.1,19.5,21.5,22.8,22.4,23.9,25.3,24.5,23.8,21.5,18.4,16.3,12.4,8.7,7.0,2.0,-2.0,-3.4,-3.7,-4.4,-3.0,-0.1,31.1,35.2,50.4,13.4,0.0,185.4,27.4,15.0,78.5,,,OBAnorm,,LD831_02097v2.403,,,,0,0
DENATRLA,2025-06-23 08:46:18.000,33.0,24.3,23.8,25.6,23.7,20.4,17.2,14.1,9.9,12.1,14.8,17.9,19.5,20.5,23.1,23.2,23.7,24.6,24.8,23.9,21.1,18.2,15.4,12.4,8.1,6.1,2.3,-1.8,-3.2,-3.8,-4.4,-3.1,-0.3,31.0,35.1,49.1,13.4,0.0,184.3,27.4,15.0,76.2,,,OBAnorm,,LD831_02097v2.403,,,,0,0
DENATRLA,2025-06-23 08:46:19.000,27.8,22.0,27.7,23.9,23.6,18.7,15.9,13.3,9.4,12.4,13.5,17.6,19.9,21.2,21.7,23.6,24.6,25.3,25.3,23.8,21.5,18.0,15.9,12.8,9.7,5.8,1.5,-1.3,-3.3,-3.6,-4.1,-2.9,-0.1,31.3,34.7,46.7,13.4,0.0,188.9,27.4,15.0,74.5,,,OBAnorm,,LD831_02097v2.403,,,,0,0
DENATRLA,2025-06-23 08:46:20.000,36.5,30.7,27.4,22.2,22.5,19.1,16.3,13.8,12.2,11.7,14.0,17.4,19.8,20.8,21.8,23.1,24.1,24.7,25.0,23.1,21.0,18.6,15.3,12.3,8.3,5.7,2.6,-1.6,-3.4,-3.7,-4.4,-3.1,-0.2,30.7,34.1,44.9,13.4,0.0,189.0,27.4,15.0,74.5,,,OBAnorm,,LD831_02097v2.403,,,,0,0
DENATRLA,2025-06-23 08:46:21.000,33.3,28.1,24.9,25.7,22.8,17.9,13.2,12.9,11.1,10.7,13.8,17.2,19.1,21.6,21.6,22.6,25.0,25.6,24.9,22.8,20.4,17.8,14.8,13.6,9.0,7.3,1.5,-1.2,-3.3,-3.7,-4.3,-3.1,0.0,31.0,34.1,38.2,13.4,0.0,189.1,27.4,15.0,74.5,,,OBAnorm,,LD831_02097v2.403,,,,0,0
DENATRLA,2025-06-23 08:46:22.000,33.3,24.4,25.5,24.5,22.8,20.5,17.3,13.8,13.8,11.7,15.0,17.5,18.2,21.1,22.5,23.4,24.4,24.9,24.9,23.4,21.3,18.3,15.3,12.5,8.8,6.0,2.6,-2.1,-3.1,-3.6,-4.3,-3.0,-0.1,31.1,34.1,40.0,13.4,0.0,189.1,27.4,15.0,74.5,,,OBAnorm,,LD831_02097v2.403,,,,0,0
DENATRLA,2025-06-23 08:46:23.000,31.0,25.1,22.4,24.8,23.0,19.3,16.7,12.2,11.4,11.7,13.3,15.6,19.0,19.9,22.0,23.1,24.2,25.7,24.7,23.7,21.1,18.2,15.6,12.3,8.1,5.5,1.9,-1.9,-2.9,-3.5,-4.3,-3.1,0.0,31.1,34.0,39.6,13.4,0.0,189.1,27.4,15.0,74.5,,,OBAnorm,,LD831_02097v2.403,,,,0,0
DENATRLA,2025-06-23 08:46:24.000,25.2,29.6,26.8,22.7,20.1,17.8,13.7,15.1,10.9,11.1,14.3,17.4,19.2,20.9,22.1,22.6,24.3,25.8,24.7,22.6,20.2,17.5,14.2,10.4,7.4,5.1,1.3,-1.8,-2.7,-3.0,-4.0,-2.8,-0.1,30.8,37.2,54.5,13.4,0.0,189.1,27.4,15.0,74.5,,,OBAnorm,,LD831_02097v2.403,,,,0,0
DENATRLA,2025-06-23 08:46:25.000,25.2,23.2,27.9,24.0,24.9,22.6,19.5,17.6,14.7,12.6,14.9,18.0,18.6,21.2,22.1,22.5,24.5,25.0,24.2,22.3,20.1,19.4,16.6,15.2,10.1,9.7,2.8,-0.4,-2.9,-3.5,-4.3,-3.2,-0.1,30.7,38.3,53.3,13.4,0.0,189.1,27.4,15.0,74.5,,,OBAnorm,,LD831_02097v2.403,,,,0,0
DENATRLA,2025-06-23 08:46:26.000,26.7,32.3,33.1,34.6,30.1,23.9,23.3,18.2,12.7,12.1,15.9,16.9,20.1,20.9,21.6,23.2,24.3,23.6,23.6,22.4,20.0,19.4,15.3,13.3,8.9,5.1,1.6,-2.1,-3.2,-3.5,-4.3,-3.0,-0.1,30.3,36.0,51.5,13.4,0.0,192.7,27.4,15.0,74.5,,,OBAnorm,,LD831_02097v2.403,,,,0,0
DENATRLA,2025-06-23 08:46:27.000,39.4,39.6,30.3,29.3,22.8,19.9,19.4,14.8,12.3,12.4,15.4,18.2,20.1,20.7,22.1,22.8,24.2,24.0,24.2,21.1,19.6,16.0,13.0,9.7,6.2,3.7,1.4,-2.3,-3.2,-3.8,-4.3,-3.2,-0.1,29.7,37.7,56.6,13.4,0.0,195.0,27.4,15.0,76.8,,,OBAnorm,,LD831_02097v2.403,,,,0,0
DENATRLA,2025-06-23 08:46:28.000,36.6,33.6,29.8,28.2,25.3,25.5,18.6,14.5,11.2,11.9,15.3,17.3,19.0,20.4,22.3,22.3,23.7,24.6,23.9,21.8,19.0,16.2,13.2,11.5,8.3,7.2,2.5,-1.9,-3.5,-3.8,-4.4,-3.1,0.0,30.0,37.7,54.0,13.4,0.0,197.8,27.4,15.0,78.5,,,OBAnorm,,LD831_02097v2.403,,,,0,0
DENATRLA,2025-06-23 08:46:29.000,37.8,36.5,33.2,29.5,29.4,22.5,19.1,15.3,13.7,11.9,13.5,16.9,20.6,20.7,21.3,23.3,23.1,23.9,24.9,22.4,19.7,16.4,13.1,9.3,6.7,6.1,1.6,-2.5,-3.5,-3.8,-4.4,-3.2,0.0,30.1,34.4,51.3,13.4,0.0,197.3,27.4,15.0,78.5,,,OBAnorm,,LD831_02097v2.403,,,,0,0
DENATRLA,2025-06-23 08:46:30.000,38.2,37.8,30.7,29.0,22.7,18.2,16.3,14.2,12.4,11.2,14.2,16.8,19.0,20.4,22.3,22.6,23.6,24.9,24.6,21.2,19.6,16.8,13.3,9.2,7.4,6.9,4.4,-2.2,-3.6,-3.8,-4.4,-3.2,-0.1,30.0,35.6,48.1,13.4,0.0,197.1,27.4,15.0,79.1,,,OBAnorm,,LD831_02097v2.403,,,,0,0
DENATRLA,2025-06-23 08:46:31.000,34.3,31.8,27.0,23.6,24.3,20.0,19.2,16.1,14.0,10.7,13.5,17.6,19.3,21.5,21.7,22.6,23.3,24.2,23.7,21.4,19.3,16.3,13.4,9.8,6.5,3.7,-0.3,-3.5,-3.7,-3.7,-4.3,-3.1,-0.1,29.7,36.2,54.5,13.4,0.0,193.1,27.4,15.0,79.1,,,OBAnorm,,LD831_02097v2.403,,,,0,0
DENATRLA,2025-06-23 08:46:32.000,30.2,33.2,31.3,31.4,26.8,23.4,17.7,15.2,11.0,11.5,14.2,17.7,19.3,19.8,22.0,22.7,23.6,23.5,22.7,21.4,19.1,16.4,13.9,10.9,8.9,7.9,1.8,-2.3,-3.4,-3.6,-4.4,-3.3,-0.2,29.4,34.4,53.0,13.4,0.0,176.1,27.4,15.0,77.3,,,OBAnorm,,LD831_02097v2.403,,,,0,0
DENATRLA,2025-06-23 08:46:33.000,28.9,37.1,29.0,26.9,24.1,19.9,16.7,14.6,8.2,11.5,14.2,16.7,20.5,20.5,22.7,22.0,23.0,24.1,23.4,21.5,19.4,16.5,13.2,9.8,6.7,5.0,0.5,-2.8,-3.3,-3.6,-4.4,-3.2,0.0,29.6,38.2,56.3,13.4,0.0,176.4,27.4,14.9,77.3,,,OBAnorm,,LD831_02097v2.403,,,,0,0
DENATRLA,2025-06-23 08:46:34.000,34.3,30.4,26.4,27.1,25.2,16.9,17.6,16.1,13.8,10.6,12.9,18.0,19.1,21.4,22.6,22.8,24.3,24.1,24.3,22.5,20.4,17.3,14.8,12.9,9.0,8.7,2.1,-1.3,-3.0,-3.7,-4.2,-3.1,-0.1,30.4,38.0,54.7,13.4,0.0,176.2,27.4,14.9,79.0,,,OBAnorm,,LD831_02097v2.403,,,,0,0
DENATRLA,2025-06-23 08:46:35.000,26.5,34.6,32.2,30.3,25.5,21.0,16.7,14.0,13.4,11.5,12.6,18.2,20.9,21.5,22.5,22.6,23.7,24.6,23.6,21.9,20.8,18.9,15.1,13.1,7.6,4.5,0.6,-2.8,-3.3,-3.6,-4.3,-3.1,0.0,30.4,36.2,53.4,13.4,0.0,176.2,27.4,14.9,79.0,,,OBAnorm,,LD831_02097v2.403,,,,0,0
DENATRLA,2025-06-23 08:46:36.000,42.9,36.8,31.1,25.5,22.8,18.7,17.1,14.4,11.6,11.9,14.2,17.9,18.6,20.8,22.3,23.6,22.8,23.6,24.0,22.2,20.4,19.7,16.1,14.6,9.6,6.4,1.1,-1.9,-3.4,-3.5,-4.3,-3.1,-0.2,30.4,35.4,54.5,13.4,0.0,174.9,27.4,14.9,79.0,,,OBAnorm,,LD831_02097v2.403,,,,0,0
DENATRLA,2025-06-23 08:46:37.000,40.2,34.3,28.7,28.8,22.2,18.6,17.2,12.4,12.0,9.9,12.5,18.2,20.3,22.2,22.1,22.5,23.4,23.2,23.7,22.7,20.5,17.0,14.6,11.2,7.3,6.4,5.6,-2.3,-3.0,-3.6,-4.3,-3.1,-0.2,30.1,35.7,50.6,13.4,0.0,173.5,27.4,14.9,79.6,,,OBAnorm,,LD831_02097v2.403,,,,0,0
DENATRLA,2025-06-23 08:46:38.000,35.2,31.8,28.3,24.1,24.7,17.7,18.0,12.8,11.9,12.0,14.4,19.1,20.0,21.0,22.0,22.7,23.8,25.6,24.7,23.3,20.3,17.2,14.1,11.2,7.4,6.4,3.0,-0.1,-3.0,-3.4,-4.3,-3.0,-0.1,30.9,35.1,54.1,13.4,0.0,173.1,27.4,14.9,79.6,,,OBAnorm,,LD831_02097v2.403,,,,0,0
DENATRLA,2025-06-23 08:46:39.000,28.5,33.2,34.2,24.7,21.2,18.6,15.8,14.3,10.9,12.3,13.4,16.4,18.9,20.6,22.0,22.3,23.9,25.1,24.1,22.6,20.2,17.0,14.9,12.3,9.2,8.4,4.7,-2.3,-3.3,-3.6,-4.1,-2.9,0.0,30.3,33.7,46.6,13.4,0.0,173.1,27.4,15.0,79.6,,,OBAnorm,,LD831_02097v2.403,,,,0,0
DENATRLA,2025-06-23 08:46:40.000,32.4,33.2,23.4,25.0,19.1,19.2,16.7,13.1,10.4,12.8,12.7,17.0,19.4,21.8,21.4,23.0,24.4,24.3,23.5,22.0,20.5,20.5,16.2,16.0,9.8,6.2,1.3,-2.6,-3.0,-3.5,-4.2,-2.9,-0.1,30.6,33.8,41.3,13.4,0.0,173.1,27.4,15.0,79.6,,,OBAnorm,,LD831_02097v2.403,,,,0,0
DENATRLA,2025-06-23 08:46:41.000,29.7,30.2,25.4,23.2,21.5,17.2,16.7,14.2,11.4,11.6,13.5,17.1,19.4,21.1,23.3,22.8,23.9,24.9,23.5,21.8,20.0,17.1,13.9,10.9,7.9,5.0,2.0,-1.5,-2.9,-2.9,-3.7,-2.7,0.0,30.2,33.6,41.9,13.4,0.0,173.1,27.4,15.0,80.2,,,OBAnorm,,LD831_02097v2.403,,,,0,0
DENATRLA,2025-06-23 08:46:42.000,29.9,28.5,24.0,21.9,20.0,15.8,15.2,14.1,12.0,11.1,15.7,16.1,18.9,21.0,22.1,23.9,23.8,24.3,23.1,21.5,19.5,16.1,14.3,11.9,8.9,6.9,6.2,-0.3,-3.2,-3.8,-4.3,-3.1,-0.1,29.8,33.5,40.4,13.4,0.0,173.1,27.4,15.0,80.2,,,OBAnorm,,LD831_02097v2.403,,,,0,0
DENATRLA,2025-06-23 08:46:43.000,28.6,21.7,26.4,23.5,22.8,17.3,15.8,13.9,9.9,10.9,12.5,16.6,19.2,20.4,21.9,22.3,22.8,24.5,21.9,21.0,18.9,15.9,13.3,9.3,6.3,4.8,1.3,-3.1,-3.6,-4.0,-4.4,-3.1,0.0,29.2,33.0,41.1,13.4,0.0,173.1,27.4,15.0,80.2,,,OBAnorm,,LD831_02097v2.403,,,,0,0
DENATRLA,2025-06-23 08:46:44.000,27.3,26.7,24.3,26.5,22.2,17.7,14.7,12.8,12.4,10.7,12.5,15.6,19.3,20.2,20.9,22.9,23.6,23.8,23.0,20.4,19.1,16.4,14.5,12.2,9.3,8.0,2.1,-1.7,-3.4,-3.8,-4.4,-3.0,-0.2,29.4,32.9,44.5,13.4,0.0,173.1,27.5,15.0,80.2,,,OBAnorm,,LD831_02097v2.403,,,,0,0
DENATRLA,2025-06-23 08:46:45.000,27.2,26.6,27.2,18.9,19.6,16.6,16.8,15.1,11.0,10.4,13.0,17.1,18.7,20.0,21.7,21.7,22.9,23.2,22.9,20.6,19.0,16.2,13.4,12.3,7.5,5.3,-0.5,-2.6,-3.7,-3.9,-4.3,-3.1,-0.1,29.2,33.2,44.0,13.4,0.0,171.3,27.4,15.0,79.6,,,OBAnorm,,LD831_02097v2.403,,,,0,0
DENATRLA,2025-06-23 08:46:46.000,28.8,28.8,22.4,20.3,20.9,15.8,15.3,14.9,11.3,9.6,13.7,16.9,19.4,20.4,20.9,21.2,22.6,23.3,23.3,21.2,18.9,17.3,14.3,10.2,7.1,8.7,3.9,-1.3,-3.7,-3.9,-4.4,-3.1,-0.1,29.5,32.9,44.5,13.4,0.0,171.3,27.4,15.0,79.6,,,OBAnorm,,LD831_02097v2.403,,,,0,0
DENATRLA,2025-06-23 08:46:47.000,32.3,29.3,24.6,23.9,17.8,16.0,15.9,10.4,12.1,10.9,14.6,17.8,19.4,19.7,21.5,22.6,22.3,22.7,22.9,21.1,19.3,16.2,12.7,10.1,6.4,6.2,5.5,-1.9,-3.4,-3.9,-4.4,-3.1,-0.2,29.3,33.1,43.7,13.4,0.0,171.3,27.4,15.0,79.6,,,OBAnorm,,LD831_02097v2.403,,,,0,0
DENATRLA,2025-06-23 08:46:48.000,27.0,26.2,24.4,20.8,18.8,18.1,14.5,11.0,11.8,12.2,12.6,17.1,20.1,21.4,21.9,21.3,22.5,22.7,23.1,21.0,19.2,16.7,13.8,11.0,8.5,4.9,0.2,-3.2,-3.7,-3.7,-4.3,-3.2,-0.1,29.1,33.7,46.7,13.4,0.0,171.3,27.4,15.0,79.6,,,OBAnorm,,LD831_02097v2.403,,,,0,0
DENATRLA,2025-06-23 08:46:49.000,33.3,22.0,25.2,19.8,17.8,18.7,13.7,12.8,8.5,9.0,14.0,16.0,20.7,19.8,22.3,22.6,22.8,23.5,23.0,21.0,18.4,16.3,12.8,9.8,6.1,3.5,-0.4,-3.5,-3.7,-3.8,-4.4,-3.2,-0.3,29.2,33.5,46.3,13.4,0.0,171.3,27.4,15.0,79.6,,,OBAnorm,,LD831_02097v2.403,,,,0,0
DENATRLA,2025-06-23 08:46:50.000,33.7,32.3,23.6,23.8,18.7,16.7,18.1,13.4,10.6,10.3,14.9,18.6,19.4,19.2,22.0,23.4,23.1,23.1,23.2,21.4,19.3,19.2,16.1,14.7,12.8,9.9,3.0,-0.3,-3.2,-3.8,-4.4,-3.2,-0.2,30.1,34.2,46.0,13.4,0.0,171.0,27.4,15.0,80.2,,,OBAnorm,,LD831_02097v2.403,,,,0,0
DENATRLA,2025-06-23 08:46:51.000,33.4,26.8,27.0,20.2,20.9,18.1,17.1,11.9,13.1,9.4,14.9,17.4,19.6,21.6,23.2,23.1,24.1,23.9,22.5,20.7,18.8,15.9,12.9,10.0,5.9,4.1,1.0,-3.3,-3.6,-3.9,-4.3,-3.1,-0.2,29.3,33.5,46.1,13.4,0.0,171.0,27.4,15.0,80.2,,,OBAnorm,,LD831_02097v2.403,,,,0,0
DENATRLA,2025-06-23 08:46:52.000,36.5,30.5,23.0,23.7,18.9,17.3,14.7,11.3,11.6,10.2,15.6,16.7,20.0,20.6,22.7,22.9,23.3,23.5,23.3,20.9,19.1,15.5,14.4,12.2,9.6,6.6,-0.7,-2.8,-3.7,-3.9,-4.4,-3.1,-0.2,29.6,33.4,42.6,13.4,0.0,171.0,27.4,15.0,80.2,,,OBAnorm,,LD831_02097v2.403,,,,0,0
DENATRLA,2025-06-23 08:46:53.000,35.2,27.3,25.2,25.4,21.7,17.5,15.8,14.4,10.4,12.2,14.6,16.3,20.1,19.3,21.3,23.0,23.9,23.6,22.8,20.8,18.2,16.0,13.4,9.2,5.3,2.8,-0.6,-2.8,-3.6,-3.7,-4.3,-3.1,-0.1,29.1,34.5,50.2,13.4,0.0,171.0,27.4,15.0,80.2,,,OBAnorm,,LD831_02097v2.403,,,,0,0
DENATRLA,2025-06-23 08:46:54.000,32.7,28.9,24.7,21.8,21.0,17.4,15.8,11.4,11.4,11.4,13.7,16.7,19.9,20.3,22.5,22.9,23.7,23.5,22.4,20.6,18.1,15.9,13.5,9.9,6.4,4.1,-0.3,-3.2,-3.7,-3.8,-4.3,-3.0,0.1,29.2,35.0,52.8,13.4,0.0,170.6,27.4,15.0,80.2,,,OBAnorm,,LD831_02097v2.403,,,,0,0
DENATRLA,2025-06-23 08:46:55.000,27.3,28.5,25.4,24.3,22.0,20.1,16.7,13.8,13.2,10.8,14.8,17.9,18.8,20.2,21.6,22.7,23.3,23.6,22.9,20.7,18.4,16.2,13.7,10.2,7.1,4.7,0.3,-3.1,-3.7,-3.9,-4.4,-3.1,-0.2,29.2,34.7,49.8,13.4,0.0,165.6,27.4,15.0,80.2,,,OBAnorm,,LD831_02097v2.403,,,,0,0
DENATRLA,2025-06-23 08:46:56.000,38.2,30.3,28.1,27.9,21.2,19.0,15.9,13.8,13.3,9.6,13.2,16.9,20.4,21.0,21.5,22.0,23.8,23.2,22.4,20.7,19.1,16.1,13.0,9.7,5.7,3.8,0.0,-3.3,-3.6,-3.9,-4.4,-3.2,0.0,29.2,34.1,49.4,13.4,0.0,160.8,27.4,15.0,80.2,,,OBAnorm,,LD831_02097v2.403,,,,0,0
DENATRLA,2025-06-23 08:46:57.000,32.2,30.7,28.5,25.5,22.2,18.3,15.9,14.3,10.5,11.7,14.8,16.6,18.9,20.6,21.9,22.3,23.3,23.6,22.2,20.6,18.4,15.6,13.1,10.9,7.4,5.4,-0.3,-3.3,-3.8,-3.9,-4.4,-3.1,-0.1,29.0,34.6,49.8,13.4,0.0,149.9,27.4,15.0,80.2,,,OBAnorm,,LD831_02097v2.403,,,,0,0
DENATRLA,2025-06-23 08:46:58.000,34.1,30.0,27.9,25.5,22.1,18.8,17.2,12.8,12.0,9.6,14.5,17.1,19.7,21.3,21.6,22.2,22.8,22.8,22.2,20.7,17.6,15.2,12.6,8.8,5.1,3.3,-0.8,-3.0,-3.7,-3.9,-4.4,-3.1,-0.3,28.6,34.0,51.4,13.4,0.0,98.8,27.4,15.0,78.5,,,OBAnorm,,LD831_02097v2.403,,,,0,0
DENATRLA,2025-06-23 08:46:59.000,30.4,32.5,26.4,22.0,18.1,18.0,14.6,12.7,11.3,11.5,12.7,17.0,18.8,20.2,21.9,21.8,22.7,22.6,22.0,20.4,18.1,16.9,15.3,10.8,7.6,10.6,1.2,-2.2,-3.7,-3.7,-4.4,-3.0,-0.3,29.1,34.7,52.5,13.4,0.0,92.3,27.4,15.0,79.1,,,OBAnorm,,LD831_02097v2.403,,,,0,0
DENATRLA,2025-06-23 08:47:00.000,31.6,29.9,29.3,23.9,21.5,17.4,19.3,14.4,12.5,9.5,13.4,16.0,19.7,20.5,22.0,22.3,23.7,23.3,21.5,20.6,18.0,18.5,15.4,10.3,7.0,2.6,-0.8,-3.7,-3.7,-3.9,-4.4,-3.1,-0.1,29.1,35.9,56.5,13.4,0.0,92.0,27.4,15.0,80.2,,,OBAnorm,,LD831_02097v2.403,,,,0,0
DENATRLA,2025-06-23 08:47:01.000,31.1,32.9,29.7,25.2,23.3,20.7,18.1,14.1,12.7,10.6,14.5,16.7,18.7,18.8,20.7,21.4,22.4,22.9,22.0,20.1,17.3,15.2,12.9,10.5,6.7,6.0,2.7,-2.8,-3.4,-3.9,-4.3,-3.1,-0.2,28.4,35.2,55.4,13.4,0.0,91.8,27.4,15.0,80.2,,,OBAnorm,,LD831_02097v2.403,,,,0,0
DENATRLA,2025-06-23 08:47:02.000,33.2,32.7,30.5,24.0,19.5,18.3,16.0,15.0,10.5,10.6,14.2,17.2,17.7,19.9,20.8,22.1,22.8,22.5,21.8,20.6,18.2,16.0,13.6,9.5,5.9,4.2,1.5,-1.6,-3.1,-3.8,-4.4,-3.2,0.0,28.6,34.7,53.1,13.4,0.0,91.3,27.4,15.0,80.2,,,OBAnorm,,LD831_02097v2.403,,,,0,0
DENATRLA,2025-06-23 08:47:03.000,32.9,24.4,27.4,26.5,18.7,18.6,13.7,12.1,11.1,10.7,13.3,16.8,19.4,19.9,21.8,21.7,22.7,22.3,21.4,20.1,18.2,18.2,13.0,10.6,6.6,8.8,3.4,-1.2,-3.0,-3.9,-4.4,-3.0,-0.2,28.7,32.7,46.2,13.4,0.0,91.3,27.3,15.0,79.6,,,OBAnorm,,LD831_02097v2.403,,,,0,0
DENATRLA,2025-06-23 08:47:04.000,33.0,33.4,25.3,20.6,19.9,17.5,14.9,13.8,9.0,9.0,13.8,16.3,19.3,20.2,21.3,21.1,22.2,22.4,21.7,20.3,17.7,14.4,12.9,11.9,9.4,7.6,1.2,-1.7,-3.2,-3.7,-4.3,-3.2,-0.2,28.3,33.2,50.0,13.4,0.1,91.3,27.4,15.0,79.6,,,OBAnorm,,LD831_02097v2.403,,,,0,0
DENATRLA,2025-06-23 08:47:05.000,32.3,26.6,25.9,22.0,21.6,18.4,15.3,14.6,9.8,10.0,12.3,16.8,18.8,20.2,20.5,21.9,22.3,22.4,22.1,20.2,17.5,15.3,13.8,11.9,8.2,7.0,2.5,-2.3,-3.3,-3.8,-4.4,-3.2,-0.2,28.5,33.0,49.8,13.4,0.1,91.3,27.4,15.0,77.3,,,OBAnorm,,LD831_02097v2.403,,,,0,0
DENATRLA,2025-06-23 08:47:06.000,29.8,26.0,24.6,21.2,20.8,15.7,16.6,14.7,11.7,10.5,13.8,15.9,19.0,19.1,21.3,22.5,22.4,22.8,22.6,20.8,17.8,16.1,13.9,9.9,6.3,4.0,0.1,-2.8,-3.4,-3.9,-4.5,-3.2,-0.1,28.8,33.4,45.7,13.4,0.1,87.7,27.4,15.0,75.6,,,OBAnorm,,LD831_02097v2.403,,,,0,0
DENATRLA,2025-06-23 08:47:07.000,32.7,25.1,27.8,22.7,22.1,18.3,14.7,14.3,11.0,11.0,13.2,16.4,19.5,19.5,21.4,22.6,22.3,22.3,22.1,19.8,18.0,16.1,15.9,15.8,11.0,10.1,0.6,-2.2,-3.6,-3.8,-4.3,-3.1,-0.1,28.9,32.5,43.6,13.4,0.1,87.7,27.4,15.0,75.6,,,OBAnorm,,LD831_02097v2.403,,,,0,0
DENATRLA,2025-06-23 08:47:08.000,28.2,31.0,27.1,17.0,21.4,18.2,14.1,14.6,10.1,10.1,13.9,15.6,18.9,20.4,20.5,21.4,21.4,22.2,21.3,19.8,18.3,16.9,13.7,11.7,7.6,4.8,1.2,-2.5,-3.2,-3.7,-4.4,-3.1,-0.1,28.4,32.3,43.0,13.4,0.1,87.7,27.4,15.0,75.6,,,OBAnorm,,LD831_02097v2.403,,,,0,0
DENATRLA,2025-06-23 08:47:09.000,28.1,22.0,24.7,23.7,21.1,17.0,14.2,12.2,10.5,9.9,14.1,15.1,18.1,20.2,21.7,21.5,22.3,22.9,21.4,20.3,18.5,19.4,15.3,12.1,7.3,4.0,-1.0,-3.3,-3.7,-3.8,-4.3,-3.2,-0.2,29.0,32.7,41.8,13.4,0.1,87.7,27.4,15.0,75.6,,,OBAnorm,,LD831_02097v2.403,,,,0,0
DENATRLA,2025-06-23 08:47:10.000,28.8,29.2,22.7,22.8,19.1,16.8,14.2,14.5,11.8,11.9,13.7,16.0,18.3,19.7,20.4,21.8,22.3,22.7,21.2,20.1,17.6,16.5,16.2,14.8,9.1,6.1,0.0,-2.1,-3.6,-3.8,-4.4,-3.3,-0.1,28.7,32.4,47.6,13.4,0.1,87.7,27.4,15.0,75.6,,,OBAnorm,,LD831_02097v2.403,,,,0,0
DENATRLA,2025-06-23 08:47:11.000,28.1,25.8,26.5,21.5,20.8,20.2,16.1,14.5,11.8,11.3,14.7,16.6,18.5,20.1,21.3,22.2,22.5,22.6,22.3,20.1,17.9,15.1,12.9,10.6,8.2,4.2,-0.2,-3.3,-3.6,-3.9,-4.4,-3.1,-0.2,28.5,33.1,49.5,13.4,0.1,87.6,27.4,15.0,75.6,,,OBAnorm,,LD831_02097v2.403,,,,0,0
DENATRLA,2025-06-23 08:47:12.000,30.6,28.0,26.9,25.3,16.1,15.1,16.8,14.3,11.6,12.7,14.0,15.6,17.4,18.7,21.5,22.0,22.8,22.7,22.2,20.3,18.1,15.7,14.8,14.0,9.4,9.0,-0.2,-1.9,-3.1,-3.3,-3.6,-2.9,-0.1,28.9,34.3,51.0,13.4,0.1,87.4,27.4,15.0,75.6,,,OBAnorm,,LD831_02097v2.403,,,,0,0
DENATRLA,2025-06-23 08:47:13.000,22.2,22.4,27.3,20.6,19.4,19.7,15.1,13.5,12.6,10.1,11.9,15.1,18.3,20.0,21.2,22.3,22.0,22.1,22.4,20.2,17.7,15.6,13.9,10.3,6.8,3.9,-0.8,-3.4,-3.6,-3.7,-4.4,-3.0,-0.2,28.5,36.3,54.1,13.4,0.1,83.6,27.4,15.0,75.6,,,OBAnorm,,LD831_02097v2.403,,,,0,0
DENATRLA,2025-06-23 08:47:14.000,34.3,27.8,24.0,22.3,25.4,20.6,19.1,17.7,15.4,10.4,12.3,16.3,17.6,20.3,20.3,21.4,22.6,21.8,20.8,19.4,18.0,18.4,18.0,16.7,14.6,13.9,-0.6,-3.2,-3.7,-3.8,-4.2,-3.0,-0.3,29.3,40.2,59.7,13.4,0.1,76.6,27.4,15.0,75.0,,,OBAnorm,,LD831_02097v2.403,,,,0,0
DENATRLA,2025-06-23 08:47:15.000,33.7,26.8,33.3,34.2,26.8,26.7,27.7,16.4,16.2,11.3,12.1,16.1,18.5,18.9,20.3,21.1,21.9,22.0,20.1,18.6,17.7,21.5,16.5,13.1,9.6,3.4,-0.7,-3.4,-3.7,-3.9,-4.3,-3.0,0.0,28.9,39.2,60.2,13.4,0.0,70.5,27.4,15.0,76.8,,,OBAnorm,,LD831_02097v2.403,,,,0,0
DENATRLA,2025-06-23 08:47:16.000,36.5,36.7,38.4,33.4,30.2,24.9,17.4,15.9,11.2,11.6,13.6,15.7,17.7,18.4,21.5,20.9,22.4,21.2,20.5,19.4,17.1,15.9,12.7,8.9,6.6,9.2,0.9,-1.6,-3.5,-3.7,-4.3,-3.3,-0.1,27.8,41.4,60.5,13.4,0.0,58.4,27.4,15.0,79.1,,,OBAnorm,,LD831_02097v2.403,,,,0,0
DENATRLA,2025-06-23 08:47:17.000,42.4,37.6,34.9,29.6,28.8,25.6,27.4,25.8,22.7,21.3,18.9,17.2,18.5,18.4,21.2,21.2,22.3,22.0,20.8,19.5,17.3,15.3,12.5,10.2,7.3,7.7,0.5,-3.1,-3.6,-3.7,-4.2,-3.0,-0.1,28.1,49.7,65.3,13.4,0.0,6.2,27.4,15.0,79.1,,,OBAnorm,,LD831_02097v2.403,,,,0,0
DENATRLA,2025-06-23 08:47:18.000,39.8,34.4,41.0,41.9,40.7,38.9,36.6,32.6,26.9,23.2,18.7,18.8,18.1,19.8,19.8,21.8,22.4,22.0,21.4,20.0,18.7,16.3,13.7,10.5,6.7,3.8,0.2,-2.7,-3.5,-3.7,-4.1,-2.8,0.2,28.6,50.6,71.4,13.4,0.0,326.2,27.4,15.1,77.9,,,OBAnorm,,LD831_02097v2.403,,,,0,0
DENATRLA,2025-06-23 08:47:19.000,49.5,45.7,47.8,43.9,39.4,39.8,30.7,29.2,26.1,23.6,18.1,18.1,17.9,18.0,20.2,21.4,22.2,22.6,21.3,19.3,17.4,15.2,14.4,11.5,8.4,5.1,-1.0,-1.4,-3.4,-3.5,-4.0,-2.9,0.0,28.2,49.3,65.4,13.4,0.0,309.4,27.4,15.1,77.9,,,OBAnorm,,LD831_02097v2.403,,,,0,0
DENATRLA,2025-06-23 08:47:20.000,56.7,50.7,48.6,41.0,37.4,35.4,30.3,26.8,21.8,17.2,15.8,16.4,16.1,19.6,20.0,21.4,23.4,23.7,22.0,20.9,19.3,19.8,15.3,13.5,10.4,9.1,2.5,-3.2,-3.4,-3.4,-4.1,-2.8,0.1,29.6,49.2,66.8,13.4,0.0,297.9,27.4,15.1,79.1,,,OBAnorm,,LD831_02097v2.403,,,,0,0
DENATRLA,2025-06-23 08:47:21.000,54.3,49.5,45.6,41.4,41.2,37.7,36.4,35.2,32.0,28.6,24.1,19.6,19.5,21.3,20.5,21.5,21.7,21.6,20.9,19.2,17.2,18.8,14.5,10.7,10.9,8.5,1.0,-2.7,-3.4,-3.4,-3.9,-2.1,0.8,28.8,56.3,76.2,13.4,0.1,295.8,27.4,15.1,77.9,,,OBAnorm,,LD831_02097v2.403,,,,0,0
DENATRLA,2025-06-23 08:47:22.000,46.2,49.5,48.9,48.7,48.8,43.7,35.7,36.3,29.3,21.9,21.0,18.3,17.4,20.2,20.0,20.8,21.4,21.9,21.0,20.5,18.8,15.6,13.5,11.1,8.2,12.1,5.4,1.1,-3.5,-3.6,-4.2,-3.1,-0.1,28.5,44.1,66.0,13.4,0.3,295.8,27.5,15.1,76.2,,,OBAnorm,,LD831_02097v2.403,,,,0,0
DENATRLA,2025-06-23 08:47:23.000,55.6,52.7,53.4,48.9,35.1,24.9,18.0,16.6,10.7,10.2,14.3,16.6,18.1,19.5,20.3,21.1,22.1,21.7,21.5,20.1,18.0,14.7,12.3,10.7,8.2,4.9,0.1,-2.8,-3.5,-3.8,-4.4,-3.2,-0.1,28.0,35.7,53.5,13.4,0.3,323.3,27.4,15.1,76.8,,,OBAnorm,,LD831_02097v2.403,,,,0,0
DENATRLA,2025-06-23 08:47:24.000,56.6,53.9,33.0,27.6,24.2,19.0,17.7,14.1,12.1,10.5,14.0,16.8,18.1,19.3,19.9,21.8,23.7,23.2,22.0,20.0,17.9,18.0,17.0,13.1,9.4,4.6,2.0,-3.5,-3.6,-3.7,-4.3,-3.2,-0.1,29.3,39.9,58.4,13.4,0.3,324.1,27.4,15.1,77.9,,,OBAnorm,,LD831_02097v2.403,,,,0,0
DENATRLA,2025-06-23 08:47:25.000,42.7,35.8,31.7,31.5,24.0,22.6,21.8,15.3,11.7,9.8,13.0,15.6,18.3,19.7,21.3,20.8,22.7,22.0,20.7,18.7,17.5,17.6,23.5,13.6,10.6,4.1,-0.5,-3.5,-3.7,-3.9,-4.4,-3.2,-0.1,29.6,37.8,53.3,13.4,0.3,324.1,27.5,15.1,77.9,,,OBAnorm,,LD831_02097v2.403,,,,0,0
DENATRLA,2025-06-23 08:47:26.000,36.2,37.4,34.6,29.6,23.7,21.9,17.0,15.0,10.7,9.5,12.1,17.1,18.4,18.6,20.3,21.1,21.5,22.3,21.8,20.3,18.4,16.4,13.9,10.9,8.4,5.4,1.8,-1.7,-3.2,-3.8,-4.4,-3.2,-0.2,28.4,34.6,53.4,13.4,0.3,322.0,27.4,15.1,77.9,,,OBAnorm,,LD831_02097v2.403,,,,0,0
DENATRLA,2025-06-23 08:47:27.000,46.4,40.0,29.4,27.6,22.9,16.5,17.8,15.9,10.0,8.9,12.0,15.1,17.7,19.4,20.9,20.8,23.2,22.3,21.9,19.9,18.0,14.6,11.6,9.4,6.2,4.7,0.2,-3.2,-3.3,-3.6,-4.4,-3.1,-0.2,28.2,37.7,52.9,13.4,0.2,309.3,27.4,15.1,76.2,,,OBAnorm,,LD831_02097v2.403,,,,0,0
DENATRLA,2025-06-23 08:47:28.000,33.4,30.2,33.3,30.9,27.8,22.0,21.8,17.9,13.1,11.0,11.7,15.6,18.5,20.5,21.4,22.0,22.4,23.0,22.2,20.7,18.0,17.1,20.2,22.1,16.2,8.8,0.8,-2.2,-3.4,-3.7,-4.3,-3.0,-0.1,30.4,38.8,60.4,13.4,0.2,290.6,27.4,15.1,73.9,,,OBAnorm,,LD831_02097v2.403,,,,0,0
DENATRLA,2025-06-23 08:47:29.000,35.2,38.9,37.0,31.8,25.6,23.5,21.3,14.7,10.5,10.7,11.4,16.3,18.5,18.7,20.5,21.7,22.5,22.5,21.7,19.8,17.9,15.6,12.9,10.2,6.6,7.6,1.4,-1.0,-3.6,-3.8,-4.4,-3.0,-0.1,28.3,34.4,55.4,13.4,0.2,292.9,27.4,15.1,73.3,,,OBAnorm,,LD831_02097v2.403,,,,0,0
DENATRLA,2025-06-23 08:47:30.000,37.5,38.9,27.0,26.9,18.6,16.7,15.5,12.8,10.5,11.1,12.4,15.6,18.4,18.2,20.8,20.9,22.2,22.1,20.6,19.5,17.5,14.6,13.1,10.7,8.8,7.3,2.4,-2.7,-3.7,-3.8,-4.3,-3.2,-0.2,27.9,32.9,48.0,13.4,0.2,297.9,27.4,15.1,73.3,,,OBAnorm,,LD831_02097v2.403,,,,0,0
DENATRLA,2025-06-23 08:47:31.000,37.7,28.4,26.5,21.6,20.0,17.9,15.0,13.2,10.5,10.0,12.8,14.7,17.6,18.8,18.9,21.0,21.5,20.9,21.2,18.5,16.7,13.9,12.0,8.3,5.9,4.8,-0.4,-3.6,-3.6,-3.9,-4.4,-3.1,-0.1,27.2,31.1,40.1,13.4,0.2,306.4,27.5,15.1,73.3,,,OBAnorm,,LD831_02097v2.403,,,,0,0
DENATRLA,2025-06-23 08:47:32.000,35.3,31.6,28.3,22.6,17.2,15.9,14.2,13.6,9.5,10.6,11.6,16.9,17.9,19.2,20.4,20.8,21.5,21.4,20.3,18.7,15.9,14.1,11.4,10.5,8.4,7.8,-1.5,-3.6,-3.8,-3.9,-4.4,-3.1,-0.2,27.3,31.9,39.9,13.4,0.2,301.4,27.5,15.1,74.5,,,OBAnorm,,LD831_02097v2.403,,,,0,0
DENATRLA,2025-06-23 08:47:33.000,26.8,22.3,26.7,19.6,16.8,15.2,13.7,12.4,8.8,10.8,11.6,15.8,17.6,18.8,20.7,21.4,21.6,21.9,20.5,19.3,16.5,14.1,10.7,7.9,5.0,2.6,-1.3,-3.7,-3.7,-3.8,-4.4,-3.1,-0.1,27.5,33.9,51.2,13.4,0.2,309.4,27.5,15.1,76.8,,,OBAnorm,,LD831_02097v2.403,,,,0,0
DENATRLA,2025-06-23 08:47:34.000,26.6,28.4,28.3,21.2,17.4,12.5,14.3,14.0,9.2,10.6,11.4,14.9,17.2,19.1,20.6,21.2,21.7,22.1,20.9,18.8,17.0,13.5,12.2,10.2,9.2,6.3,0.7,-2.7,-3.5,-3.6,-4.2,-3.2,-0.1,27.7,33.0,50.9,13.4,0.2,308.6,27.5,15.1,77.4,,,OBAnorm,,LD831_02097v2.403,,,,0,0
DENATRLA,2025-06-23 08:47:35.000,35.0,31.9,25.7,20.2,18.6,16.8,15.7,13.3,9.5,9.9,11.4,15.8,17.9,18.3,21.0,21.4,21.2,20.5,20.2,18.3,16.2,13.8,10.9,8.2,6.7,4.7,-1.4,-3.6,-3.6,-4.0,-4.4,-3.2,-0.2,26.9,31.5,42.7,13.4,0.2,308.6,27.4,15.1,77.4,,,OBAnorm,,LD831_02097v2.403,,,,0,0
DENATRLA,2025-06-23 08:47:36.000,34.0,28.5,26.7,22.5,21.8,17.6,15.5,12.1,9.9,10.4,12.2,15.6,18.1,19.3,21.1,21.7,21.7,21.8,20.4,18.3,16.6,14.0,11.5,8.7,5.9,3.6,-1.9,-3.6,-3.7,-3.9,-4.5,-3.1,-0.2,27.5,31.8,47.3,13.4,0.2,308.7,27.5,15.1,77.4,,,OBAnorm,,LD831_02097v2.403,,,,0,0
DENATRLA,2025-06-23 08:47:37.000,24.3,24.8,25.9,21.2,17.7,15.4,14.8,12.0,10.4,9.8,13.5,15.9,17.6,20.2,20.7,22.0,22.4,22.4,21.2,19.7,17.1,14.5,12.4,10.0,7.4,5.5,0.7,-3.1,-3.8,-4.0,-4.4,-3.2,-0.2,28.1,33.4,51.4,13.4,0.1,308.4,27.4,15.1,77.4,,,OBAnorm,,LD831_02097v2.403,,,,0,0
DENATRLA,2025-06-23 08:47:38.000,33.2,24.1,21.8,22.3,20.7,17.3,13.5,14.0,11.3,8.1,12.8,15.9,19.1,19.6,20.3,20.8,21.9,22.3,21.3,19.5,17.1,14.5,11.5,8.2,6.4,9.0,0.1,-3.1,-3.8,-4.0,-4.4,-3.3,-0.2,27.9,34.6,51.1,13.4,0.0,300.1,27.4,15.1,77.4,,,OBAnorm,,LD831_02097v2.403,,,,0,0
DENATRLA,2025-06-23 08:47:39.000,28.8,22.5,29.7,21.7,20.5,20.3,13.7,11.7,9.3,12.2,13.8,14.9,17.3,19.4,20.3,20.7,22.3,22.4,21.5,19.4,17.4,14.4,12.6,12.0,10.3,7.9,2.2,-3.0,-3.8,-3.9,-4.5,-3.2,-0.1,28.1,35.1,55.1,13.4,0.0,237.0,27.5,15.0,77.9,,,OBAnorm,,LD831_02097v2.403,,,,0,0
DENATRLA,2025-06-23 08:47:40.000,36.0,31.3,30.1,27.6,19.9,18.5,14.0,12.5,10.7,10.5,13.3,16.1,17.7,20.1,20.9,21.8,21.8,21.8,20.5,20.0,17.3,16.3,12.1,9.3,5.8,2.8,-2.2,-3.9,-3.8,-3.9,-4.4,-3.2,-0.2,27.9,34.8,52.4,13.4,0.0,195.8,27.5,15.0,77.9,,,OBAnorm,,LD831_02097v2.403,,,,0,0
DENATRLA,2025-06-23 08:47:41.000,31.9,35.1,29.7,22.6,20.1,17.7,13.0,14.4,10.8,9.8,12.8,16.7,18.0,20.4,21.2,21.3,21.9,21.9,21.1,19.7,17.7,15.6,13.7,11.7,8.0,5.4,1.0,-2.2,-3.8,-4.0,-4.4,-3.2,-0.2,28.2,40.6,57.2,13.4,0.0,195.9,27.4,15.0,77.3,,,OBAnorm,,LD831_02097v2.403,,,,0,0
DENATRLA,2025-06-23 08:47:42.000,33.3,30.1,32.7,36.3,33.9,29.7,26.6,17.9,12.6,10.6,12.8,16.6,18.1,20.3,21.6,22.4,23.8,23.5,22.1,20.2,18.0,16.1,12.7,10.1,6.4,14.3,-0.7,-3.4,-3.8,-3.9,-4.3,-3.1,-0.1,29.0,36.5,53.6,13.4,0.0,189.0,27.5,15.0,76.8,,,OBAnorm,,LD831_02097v2.403,,,,0,0
DENATRLA,2025-06-23 08:47:43.000,37.5,40.9,35.7,31.6,25.5,21.0,15.7,15.4,12.4,12.5,12.4,15.5,18.6,19.5,20.5,21.6,22.3,23.4,22.7,20.5,18.3,15.3,12.3,9.2,7.2,5.6,0.6,-3.8,-3.8,-3.8,-4.4,-3.1,-0.1,28.8,35.5,52.9,13.4,0.0,200.7,27.5,15.0,77.3,,,OBAnorm,,LD831_02097v2.403,,,,0,0
DENATRLA,2025-06-23 08:47:44.000,41.2,37.9,32.4,25.6,23.0,19.0,16.9,16.1,11.9,12.7,14.2,16.7,18.5,20.3,20.0,22.2,22.8,22.9,22.9,21.0,18.3,15.4,12.7,9.8,6.3,4.0,-1.2,-3.6,-3.8,-3.9,-4.4,-3.1,-0.1,28.9,35.2,52.9,13.4,0.2,200.5,27.5,15.0,77.3,,,OBAnorm,,LD831_02097v2.403,,,,0,0
DENATRLA,2025-06-23 08:47:45.000,35.6,32.9,31.9,28.2,20.1,20.7,18.0,14.6,11.4,10.9,14.2,17.5,18.0,20.0,21.6,21.6,22.9,23.3,22.9,21.0,18.1,15.7,12.8,12.3,8.3,4.3,-2.2,-3.8,-3.8,-3.9,-4.4,-3.1,-0.1,29.0,36.1,54.1,13.4,0.4,206.8,27.5,15.0,77.3,,,OBAnorm,,LD831_02097v2.403,,,,0,0
DENATRLA,2025-06-23 08:47:46.000,30.2,32.5,30.1,27.0,25.7,22.5,18.9,15.7,10.0,11.5,13.7,16.5,17.9,20.5,21.6,21.8,22.9,23.5,23.0,21.0,18.7,16.5,13.9,9.7,6.2,3.3,-2.4,-3.8,-3.9,-4.0,-4.4,-3.1,0.0,29.2,35.2,51.9,13.4,0.4,208.9,27.5,15.0,77.9,,,OBAnorm,,LD831_02097v2.403,,,,0,0
DENATRLA,2025-06-23 08:47:47.000,39.3,33.7,29.9,27.2,25.6,19.7,18.3,15.7,12.3,11.6,12.9,16.3,18.5,19.0,20.0,21.7,24.3,23.8,23.8,21.8,18.8,16.5,14.8,13.7,15.5,14.8,1.7,-2.2,-3.8,-3.9,-4.4,-3.1,-0.3,30.1,38.1,55.8,13.4,0.4,208.9,27.5,15.0,76.8,,,OBAnorm,,LD831_02097v2.403,,,,0,0
DENATRLA,2025-06-23 08:47:48.000,37.3,32.0,31.7,30.8,27.0,24.7,20.4,15.6,10.9,9.2,13.0,17.4,18.7,19.2,20.8,22.4,23.2,24.1,23.5,21.2,18.5,15.9,13.1,9.6,10.9,11.5,2.0,-2.3,-3.8,-3.9,-4.4,-3.1,0.0,29.5,34.1,53.8,13.4,0.3,200.0,27.5,15.0,74.5,,,OBAnorm,,LD831_02097v2.403,,,,0,0
DENATRLA,2025-06-23 08:47:49.000,37.0,38.3,30.9,28.7,23.8,17.6,14.0,13.2,10.6,11.2,13.0,14.7,19.0,20.1,21.8,22.0,22.7,23.1,22.7,20.2,18.5,15.9,13.6,10.9,8.2,5.9,-1.4,-3.6,-3.8,-3.9,-4.4,-3.2,-0.1,28.9,36.9,54.0,13.4,0.3,199.5,27.5,15.0,74.5,,,OBAnorm,,LD831_02097v2.403,,,,0,0
DENATRLA,2025-06-23 08:47:50.000,37.9,32.5,28.4,24.2,21.6,16.5,14.4,10.2,8.0,8.1,12.8,16.7,17.7,19.3,20.7,21.8,22.5,24.1,22.7,20.0,18.2,16.2,13.6,9.9,5.9,3.4,-1.7,-3.6,-3.8,-3.9,-4.5,-3.1,-0.1,29.0,34.4,52.9,13.4,0.3,205.5,27.5,15.0,76.8,,,OBAnorm,,LD831_02097v2.403,,,,0,0
DENATRLA,2025-06-23 08:47:51.000,32.5,38.2,25.9,23.4,20.5,14.5,16.0,11.2,10.3,11.7,12.4,16.7,17.5,20.1,21.3,22.3,23.1,22.6,22.6,20.8,18.7,15.6,14.0,13.1,8.2,8.3,-0.2,-3.5,-3.8,-4.0,-4.4,-3.3,-0.1,29.0,33.2,49.9,13.4,0.3,205.5,27.5,14.9,77.9,,,OBAnorm,,LD831_02097v2.403,,,,0,0
DENATRLA,2025-06-23 08:47:52.000,37.4,32.8,25.7,23.3,18.2,15.6,15.4,11.5,11.9,11.8,13.5,14.9,18.4,20.0,21.9,22.4,23.3,23.9,22.2,20.4,18.1,17.5,13.3,10.9,7.2,8.2,3.4,-2.4,-3.8,-3.9,-4.4,-3.3,-0.1,29.3,33.4,49.6,13.4,0.3,205.6,27.5,14.9,77.9,,,OBAnorm,,LD831_02097v2.403,,,,0,0
DENATRLA,2025-06-23 08:47:53.000,30.1,27.2,26.3,22.9,20.8,15.3,14.0,13.7,10.8,10.5,11.7,16.0,18.6,21.5,21.7,23.2,22.2,23.3,22.3,20.7,18.5,17.1,14.3,12.7,10.1,9.2,0.6,-2.9,-3.8,-3.9,-4.4,-3.2,-0.1,29.2,34.4,51.7,13.4,0.3,205.4,27.5,15.0,77.9,,,OBAnorm,,LD831_02097v2.403,,,,0,0
DENATRLA,2025-06-23 08:47:54.000,29.6,28.3,26.9,21.9,21.8,16.2,13.9,11.7,11.2,11.5,12.4,16.1,18.3,20.2,21.3,22.8,22.0,23.0,22.0,20.8,18.4,16.2,14.2,9.8,7.0,4.0,-1.0,-3.8,-3.8,-4.0,-4.4,-3.1,0.0,28.9,32.6,49.0,13.4,0.3,205.6,27.5,15.0,77.9,,,OBAnorm,,LD831_02097v2.403,,,,0,0
DENATRLA,2025-06-23 08:47:55.000,30.6,29.7,26.7,23.7,15.9,16.3,15.9,11.2,10.2,11.4,15.4,16.3,18.9,20.7,21.7,22.3,23.2,23.4,22.6,21.1,19.0,16.3,14.1,12.5,10.7,11.1,5.2,-2.0,-3.8,-4.0,-4.4,-3.2,-0.2,29.4,33.8,47.7,13.4,0.3,205.5,27.5,15.0,77.9,,,OBAnorm,,LD831_02097v2.403,,,,0,0
DENATRLA,2025-06-23 08:47:56.000,34.1,29.1,24.4,23.9,14.5,14.2,13.6,13.6,11.3,12.0,13.9,17.5,18.8,19.8,21.1,21.2,21.7,23.8,22.6,20.3,18.5,15.8,13.3,10.1,7.0,7.5,0.4,-2.2,-3.8,-3.9,-4.4,-3.1,-0.2,28.8,33.2,49.6,13.4,0.3,205.5,27.5,15.0,77.9,,,OBAnorm,,LD831_02097v2.403,,,,0,0
DENATRLA,2025-06-23 08:47:57.000,26.0,25.5,27.4,22.3,20.6,17.7,16.5,12.1,12.3,10.9,13.6,16.0,18.2,20.1,22.2,21.8,21.7,22.8,21.9,20.4,18.4,15.5,13.1,10.0,6.9,5.4,-1.2,-3.8,-3.8,-3.9,-4.4,-3.1,-0.1,28.6,32.1,42.6,13.4,0.2,205.6,27.5,15.0,77.9,,,OBAnorm,,LD831_02097v2.403,,,,0,0
DENATRLA,2025-06-23 08:47:58.000,30.0,27.6,21.2,20.9,17.0,16.1,12.7,12.0,8.1,11.4,13.2,16.5,17.9,20.2,21.2,21.7,21.5,22.7,21.9,20.2,17.9,16.6,13.2,11.4,8.0,7.0,-0.8,-3.6,-3.8,-4.0,-4.4,-3.2,0.0,28.5,31.9,39.9,13.4,0.0,205.4,27.5,15.0,77.9,,,OBAnorm,,LD831_02097v2.403,,,,0,0
DENATRLA,2025-06-23 08:47:59.000,29.4,26.9,23.0,22.9,16.1,15.1,13.6,13.1,11.2,10.2,13.4,16.2,19.0,20.1,22.0,22.3,22.7,22.6,22.8,20.2,18.0,15.6,12.3,9.1,5.9,5.5,-0.7,-3.8,-3.8,-3.9,-4.4,-3.0,-0.1,28.6,32.4,40.6,13.4,0.0,205.6,27.5,15.0,77.9,,,OBAnorm,,LD831_02097v2.403,,,,0,0
DENATRLA,2025-06-23 08:48:00.000,25.5,23.3,25.2,23.3,18.7,14.7,16.3,14.5,7.4,10.9,10.8,17.4,18.4,19.6,21.7,22.1,22.0,21.8,21.6,20.2,17.5,15.5,14.7,12.0,10.9,12.7,-1.1,0.8,-3.8,-3.9,-4.4,-3.0,-0.1,28.5,32.3,38.8,13.4,0.0,205.6,27.5,15.0,77.9,,,OBAnorm,,LD831_02097v2.403,,,,0,0
DENATRLA,2025-06-23 08:48:01.000,27.0,28.6,22.9,17.9,19.2,15.6,16.7,13.6,12.4,8.7,10.4,16.2,19.4,20.3,21.7,22.4,22.6,22.7,22.2,21.8,18.8,16.2,14.5,10.6,8.6,7.7,2.6,-2.8,-3.8,-4.0,-4.4,-3.0,-0.2,29.2,32.6,36.3,13.4,0.0,205.5,27.5,15.0,77.9,,,OBAnorm,,LD831_02097v2.403,,,,0,0
DENATRLA,2025-06-23 08:48:02.000,27.3,26.6,27.1,21.7,19.9,17.5,14.8,14.3,10.4,11.1,13.2,16.0,18.0,20.8,22.3,22.0,22.7,23.0,23.0,20.8,18.5,16.3,14.0,12.9,9.9,8.3,4.3,1.1,-3.6,-4.0,-4.4,-3.2,-0.2,29.2,32.6,37.9,13.4,0.0,205.6,27.5,15.0,77.9,,,OBAnorm,,LD831_02097v2.403,,,,0,0
DENATRLA,2025-06-23 08:48:03.000,25.0,22.2,25.9,22.9,15.1,17.0,13.8,14.3,9.1,11.4,14.8,17.5,19.2,20.8,21.8,21.7,21.9,22.7,21.8,20.2,18.1,18.8,14.2,10.8,8.4,9.2,0.5,-3.6,-3.8,-4.0,-4.4,-3.0,-0.1,28.9,32.5,43.2,13.4,0.0,205.6,27.5,15.0,77.9,,,OBAnorm,,LD831_02097v2.403,,,,0,0
DENATRLA,2025-06-23 08:48:04.000,26.8,28.6,25.3,21.2,18.0,17.6,16.6,14.2,14.2,10.8,14.1,16.6,19.8,20.8,21.9,21.9,21.4,23.3,22.4,20.4,17.7,17.1,13.1,10.9,7.9,8.1,0.3,-3.1,-3.7,-3.9,-4.3,-3.2,0.0,28.8,32.5,39.8,13.4,0.0,205.6,27.5,15.0,78.5,,,OBAnorm,,LD831_02097v2.403,,,,0,0
DENATRLA,2025-06-23 08:48:05.000,24.4,21.8,23.4,25.4,18.9,15.7,16.0,14.8,10.8,10.4,13.8,16.7,18.4,20.9,22.4,22.9,22.1,22.8,21.5,20.4,17.5,15.0,12.3,8.9,5.3,8.3,0.4,-3.7,-3.8,-3.9,-4.4,-3.0,-0.2,28.5,32.7,38.9,13.4,0.0,205.6,27.5,15.0,78.5,,,OBAnorm,,LD831_02097v2.403,,,,0,0
DENATRLA,2025-06-23 08:48:06.000,26.0,25.1,25.2,23.8,20.1,17.3,13.6,13.5,11.3,10.0,12.3,16.6,18.1,20.0,20.9,21.8,21.7,22.8,22.3,21.3,18.4,15.7,13.9,9.6,6.5,4.8,-0.2,-3.5,-3.8,-3.8,-4.4,-3.2,-0.2,28.8,32.4,38.4,13.4,0.0,205.6,27.4,15.0,78.5,,,OBAnorm,,LD831_02097v2.403,,,,0,0
DENATRLA,2025-06-23 08:48:07.000,26.7,23.6,28.1,22.1,17.0,17.1,15.2,15.9,11.6,11.0,14.3,16.3,18.1,20.1,21.2,21.2,21.9,22.3,21.5,19.8,18.6,15.7,13.4,13.2,9.9,9.0,1.2,-2.3,-3.8,-3.9,-4.4,-3.1,0.0,28.5,32.3,38.8,13.4,0.0,205.6,27.5,15.0,78.5,,,OBAnorm,,LD831_02097v2.403,,,,0,0
DENATRLA,2025-06-23 08:48:08.000,25.5,26.9,22.0,23.3,20.4,15.1,15.6,13.6,11.9,11.8,13.6,16.9,17.4,20.0,21.0,22.0,21.9,21.3,21.5,19.5,18.1,14.6,12.6,9.3,6.2,9.6,0.7,-1.7,-3.8,-3.9,-3.8,-3.0,-0.2,28.1,31.5,39.0,13.4,0.0,205.6,27.5,15.0,78.5,,,OBAnorm,,LD831_02097v2.403,,,,0,0
DENATRLA,2025-06-23 08:48:09.000,27.0,26.0,25.4,22.6,19.2,15.8,14.4,13.9,11.5,11.5,13.4,16.3,19.2,20.2,21.2,21.7,21.6,22.2,21.8,20.6,17.6,15.4,13.5,22.3,13.8,9.9,-0.7,-3.6,-3.8,-4.0,-4.4,-3.2,-0.2,29.8,32.4,38.8,13.4,0.0,205.6,27.5,15.0,78.5,,,OBAnorm,,LD831_02097v2.403,,,,0,0
DENATRLA,2025-06-23 08:48:10.000,29.5,21.7,19.2,21.3,18.8,16.0,13.2,14.4,10.1,11.5,13.3,16.6,19.4,20.9,21.2,22.1,22.3,22.7,22.2,20.5,17.6,15.1,12.4,12.6,9.9,7.8,1.2,-2.6,-3.6,-3.7,-4.3,-3.1,-0.1,28.6,32.3,40.1,13.4,0.0,205.6,27.5,15.0,78.5,,,OBAnorm,,LD831_02097v2.403,,,,0,0
DENATRLA,2025-06-23 08:48:11.000,23.0,23.1,20.7,21.0,19.4,13.8,15.6,13.3,10.1,11.1,13.2,16.2,18.0,20.5,21.0,21.7,21.3,22.8,22.6,20.2,18.8,16.4,13.2,9.8,6.8,5.5,0.1,-2.8,-3.7,-3.9,-4.4,-2.9,-0.1,28.6,32.3,46.9,13.4,0.0,205.6,27.5,15.0,78.5,,,OBAnorm,,LD831_02097v2.403,,,,0,0
DENATRLA,2025-06-23 08:48:12.000,26.1,22.5,26.8,20.8,18.6,14.0,16.8,13.7,10.3,11.6,14.1,17.3,18.6,20.8,22.2,21.6,22.8,22.3,22.3,20.8,18.4,15.7,15.1,14.7,12.9,10.4,1.0,-3.0,-3.7,-3.8,-4.4,-3.1,-0.2,29.2,33.2,46.4,13.4,0.0,205.6,27.5,15.0,78.5,,,OBAnorm,,LD831_02097v2.403,,,,0,0
DENATRLA,2025-06-23 08:48:13.000,24.1,22.3,22.2,21.5,18.9,15.8,14.2,13.9,13.0,10.4,13.1,15.9,18.2,20.2,20.6,21.7,22.0,21.9,21.6,20.8,18.3,15.5,12.8,9.6,7.4,6.5,1.0,-2.3,-3.8,-3.9,-4.3,-3.2,-0.2,28.4,32.4,45.6,13.4,0.0,205.6,27.5,15.1,78.5,,,OBAnorm,,LD831_02097v2.403,,,,0,0
DENATRLA,2025-06-23 08:48:14.000,25.5,23.0,20.7,21.1,18.9,14.8,14.0,14.1,10.7,11.7,13.4,17.9,19.9,21.2,21.3,21.3,21.2,21.7,22.1,20.3,17.9,15.6,13.5,11.0,9.6,9.7,0.0,-3.3,-3.8,-3.8,-4.2,-3.0,-0.1,28.4,32.3,44.7,13.4,0.0,205.6,27.5,15.0,78.5,,,OBAnorm,,LD831_02097v2.403,,,,0,0
DENATRLA,2025-06-23 08:48:15.000,33.5,24.7,24.5,20.1,18.0,14.9,11.9,14.3,11.3,10.2,13.2,16.1,18.3,20.0,21.4,22.0,22.3,22.3,22.1,21.3,17.9,14.8,12.7,9.5,6.1,10.8,1.8,-2.1,-3.8,-3.9,-4.3,-2.9,-0.1,28.5,32.5,39.2,13.4,0.0,205.6,27.5,15.0,78.5,,,OBAnorm,,LD831_02097v2.403,,,,0,0
DENATRLA,2025-06-23 08:48:16.000,28.1,27.3,22.1,20.1,19.9,15.3,16.4,16.1,10.5,10.5,14.0,16.2,19.1,19.2,20.6,22.4,22.5,23.6,21.7,20.1,18.5,16.8,13.7,11.3,7.4,8.8,0.3,-2.9,-3.8,-3.9,-4.4,-3.1,-0.1,28.9,32.1,43.6,13.4,0.0,205.6,27.5,15.0,78.5,,,OBAnorm,,LD831_02097v2.403,,,,0,0
DENATRLA,2025-06-23 08:48:17.000,27.9,29.4,25.7,20.4,14.4,13.4,15.2,11.4,9.3,11.3,13.7,15.6,18.7,20.3,20.5,21.7,22.2,22.4,20.9,19.5,17.9,16.3,13.2,10.8,8.0,6.4,1.5,-3.4,-3.8,-3.9,-4.4,-3.0,-0.2,28.3,32.0,42.6,13.4,0.0,205.6,27.8,15.0,78.5,,,OBAnorm,,LD831_02097v2.403,,,,0,0
DENATRLA,2025-06-23 08:48:18.000,22.4,26.9,23.3,20.8,16.9,15.5,16.6,15.1,9.9,7.3,11.4,16.8,17.1,20.0,21.1,20.9,21.3,22.0,21.1,19.2,17.2,14.6,12.9,11.9,10.3,11.0,3.5,-2.0,-3.4,-3.5,-4.2,-3.1,-0.2,28.0,31.8,40.7,13.4,0.0,205.6,27.5,15.0,78.5,,,OBAnorm,,LD831_02097v2.403,,,,0,0
DENATRLA,2025-06-23 08:48:19.000,25.4,24.2,24.7,19.4,19.0,17.8,14.8,12.7,10.9,9.7,13.4,15.6,17.8,19.7,21.8,20.5,22.3,22.1,21.2,19.3,16.5,14.6,12.2,8.6,5.2,7.2,0.4,-2.7,-3.8,-3.8,-4.3,-3.0,-0.1,27.9,31.8,39.5,13.4,0.0,205.6,27.5,15.1,79.1,,,OBAnorm,,LD831_02097v2.403,,,,0,0
DENATRLA,2025-06-23 08:48:20.000,27.8,26.6,23.2,24.3,17.5,16.8,16.0,12.3,12.6,9.8,13.0,16.3,17.5,18.3,20.8,21.0,21.3,21.9,20.9,18.4,16.7,15.1,14.6,12.0,10.0,7.0,-1.7,-2.8,-2.8,-3.9,-4.4,-3.1,-0.1,27.7,31.2,37.8,13.4,0.0,205.6,27.5,15.1,79.1,,,OBAnorm,,LD831_02097v2.403,,,,0,0
DENATRLA,2025-06-23 08:48:21.000,28.6,27.2,22.4,20.6,18.6,14.9,14.1,11.0,12.5,10.0,13.0,15.4,18.0,19.2,19.9,20.5,22.4,21.6,21.5,19.3,16.6,16.7,13.6,8.8,5.6,2.6,-1.2,-3.8,-3.7,-3.8,-4.4,-3.2,-0.1,27.8,31.5,37.1,13.4,0.0,205.6,27.5,15.1,79.1,,,OBAnorm,,LD831_02097v2.403,,,,0,0
DENATRLA,2025-06-23 08:48:22.000,26.5,22.6,23.0,22.0,17.5,16.1,13.6,13.9,10.0,10.7,13.1,15.4,16.8,18.3,20.9,21.3,22.3,23.8,20.3,19.1,16.9,16.5,20.9,11.9,8.1,4.5,-2.1,-3.6,-3.8,-3.9,-4.5,-3.2,-0.2,29.0,32.4,39.4,13.4,0.0,205.6,27.5,15.1,79.1,,,OBAnorm,,LD831_02097v2.403,,,,0,0
DENATRLA,2025-06-23 08:48:23.000,23.2,27.2,25.0,22.3,16.5,15.5,15.3,12.2,11.0,10.4,12.7,15.0,19.2,17.6,20.7,20.3,20.7,21.6,20.6,19.3,16.2,13.8,11.5,8.0,4.9,7.7,2.3,-0.9,-3.6,-3.9,-4.4,-3.2,-0.2,27.2,31.1,39.5,13.4,0.0,205.6,27.5,15.1,79.1,,,OBAnorm,,LD831_02097v2.403,,,,0,0
DENATRLA,2025-06-23 08:48:24.000,28.4,26.5,24.8,21.0,18.2,15.2,15.7,13.0,11.7,11.5,11.7,14.5,18.1,18.5,20.4,19.9,20.9,21.0,21.0,19.8,16.6,14.0,12.1,10.4,6.4,4.5,-2.0,-3.8,-3.8,-4.0,-4.4,-3.1,0.0,27.3,31.4,38.5,13.4,0.0,205.6,27.5,15.1,79.1,,,OBAnorm,,LD831_02097v2.403,,,,0,0
DENATRLA,2025-06-23 08:48:25.000,28.0,26.9,26.4,17.6,18.5,14.1,16.2,14.7,11.0,9.7,14.5,15.2,17.2,19.6,19.7,20.9,21.5,21.5,20.3,19.3,16.8,13.8,11.3,7.9,8.5,9.4,4.1,-0.6,-3.3,-3.5,-4.3,-3.0,-0.2,27.4,31.6,37.6,13.4,0.0,205.6,27.5,15.1,79.1,,,OBAnorm,,LD831_02097v2.403,,,,0,0
DENATRLA,2025-06-23 08:48:26.000,26.9,24.9,26.4,21.0,17.2,15.2,15.8,11.5,11.7,10.4,11.8,14.6,17.8,19.4,20.4,20.5,21.4,21.2,21.0,19.1,17.2,13.8,10.6,7.6,8.2,13.7,6.7,1.6,-3.7,-4.0,-4.5,-3.2,-0.1,27.6,31.1,36.3,13.4,0.0,205.6,27.5,15.1,79.1,,,OBAnorm,,LD831_02097v2.403,,,,0,0
DENATRLA,2025-06-23 08:48:27.000,25.5,27.5,23.3,24.6,18.3,15.7,12.0,11.5,12.5,9.5,14.4,14.8,17.1,20.5,19.5,21.4,21.4,22.7,21.8,20.0,17.1,15.0,13.5,12.3,10.8,10.4,-1.9,-2.9,-3.8,-3.8,-4.4,-3.1,-0.2,28.3,31.8,36.2,13.4,0.0,205.6,27.5,15.1,79.1,,,OBAnorm,,LD831_02097v2.403,,,,0,0
DENATRLA,2025-06-23 08:48:28.000,28.0,25.1,24.6,20.3,14.9,19.9,15.1,11.3,12.4,10.8,13.2,15.7,19.2,20.1,21.1,20.9,22.2,21.9,21.7,20.5,17.3,14.2,11.8,7.8,4.5,1.5,-2.8,-3.9,-3.7,-3.7,-4.4,-3.1,-0.2,28.0,31.6,36.1,13.4,0.0,205.6,27.5,15.1,79.1,,,OBAnorm,,LD831_02097v2.403,,,,0,0
DENATRLA,2025-06-23 08:48:29.000,23.0,18.6,23.3,19.1,17.5,14.7,14.1,13.3,10.4,10.5,13.0,15.7,17.7,18.8,20.1,20.0,21.5,21.5,21.0,20.3,17.6,14.1,11.1,8.0,4.1,3.4,-0.3,-2.2,-3.4,-3.8,-4.3,-3.0,-0.1,27.7,31.5,37.3,13.4,0.0,205.6,27.5,15.1,79.1,,,OBAnorm,,LD831_02097v2.403,,,,0,0
DENATRLA,2025-06-23 08:48:30.000,25.2,24.3,24.5,22.2,18.3,15.0,13.9,13.5,11.4,10.4,12.8,16.2,18.2,18.3,20.2,20.3,21.5,22.6,21.4,19.7,17.0,18.4,18.4,14.1,9.2,9.7,3.3,-1.0,-3.6,-3.9,-4.5,-3.2,-0.1,28.8,31.7,37.7,13.4,0.0,205.6,27.5,15.1,79.1,,,OBAnorm,,LD831_02097v2.403,,,,0,0
DENATRLA,2025-06-23 08:48:31.000,25.9,23.0,26.4,18.6,17.9,18.7,16.5,11.8,10.5,10.0,13.8,15.5,19.2,19.8,21.4,20.6,19.7,21.5,21.6,19.7,17.6,14.5,12.0,8.2,4.8,4.2,2.8,-2.0,-3.5,-3.8,-4.4,-3.1,-0.3,27.6,32.6,45.8,13.4,0.0,205.6,27.5,15.1,79.1,,,OBAnorm,,LD831_02097v2.403,,,,0,0
DENATRLA,2025-06-23 08:48:32.000,23.8,24.2,26.3,21.0,18.5,18.7,14.9,12.6,10.5,10.6,12.2,16.6,18.1,20.4,20.8,21.1,22.1,21.6,21.4,19.6,17.3,14.4,12.6,12.0,11.5,13.1,4.5,-1.2,-3.5,-3.8,-4.4,-3.2,-0.2,28.2,33.3,50.5,13.4,0.0,205.6,27.5,15.1,79.1,,,OBAnorm,,LD831_02097v2.403,,,,0,0
DENATRLA,2025-06-23 08:48:33.000,30.2,26.6,29.8,22.6,16.7,14.0,12.8,13.0,11.2,10.2,13.7,16.0,18.4,19.6,20.2,21.6,21.9,22.0,22.1,19.7,17.1,14.6,12.5,9.8,9.8,7.7,-0.2,-2.9,-2.4,-2.7,-4.3,-3.0,0.0,28.1,37.3,57.0,13.4,0.0,205.6,27.5,15.1,79.1,,,OBAnorm,,LD831_02097v2.403,,,,0,0
DENATRLA,2025-06-23 08:48:34.000,32.5,29.2,33.8,30.1,21.8,21.0,18.3,13.9,12.4,12.1,15.0,16.8,17.0,20.9,21.4,22.5,22.8,22.5,21.4,20.4,17.5,15.0,12.0,8.6,5.0,3.3,0.5,-3.1,-3.5,-3.9,-4.4,-3.0,-0.1,28.2,42.3,62.1,13.4,0.0,205.6,27.5,15.1,79.1,,,OBAnorm,,LD831_02097v2.403,,,,0,0
DENATRLA,2025-06-23 08:48:35.000,35.8,32.8,33.7,29.5,25.3,26.9,23.0,14.0,13.7,10.2,12.2,15.5,19.4,19.5,20.9,22.5,22.3,22.3,21.5,20.0,17.6,14.7,12.5,11.2,8.2,5.5,0.7,-2.6,-3.5,-3.9,-4.4,-3.1,-0.1,28.3,35.8,55.8,13.4,0.0,206.7,27.5,15.1,79.1,,,OBAnorm,,LD831_02097v2.403,,,,0,0
DENATRLA,2025-06-23 08:48:36.000,40.8,36.8,36.0,32.5,22.2,18.0,16.7,12.5,9.1,11.4,12.1,15.0,19.0,19.3,22.0,20.9,21.6,21.8,20.8,19.6,17.7,14.2,11.4,9.7,5.6,7.9,2.5,0.0,-3.4,-3.9,-4.3,-3.2,-0.3,27.7,39.6,58.1,13.4,0.0,207.2,27.5,15.1,79.1,,,OBAnorm,,LD831_02097v2.403,,,,0,0
DENATRLA,2025-06-23 08:48:37.000,48.0,39.0,30.5,29.0,25.2,27.0,25.7,18.9,17.2,13.4,11.5,15.2,17.8,19.3,21.4,20.5,22.0,21.7,21.6,19.9,17.2,14.3,12.3,11.5,7.8,10.5,2.0,-2.2,-3.4,-3.8,-4.4,-3.2,-0.2,28.2,37.6,56.3,13.4,0.0,212.0,27.5,15.1,78.5,,,OBAnorm,,LD831_02097v2.403,,,,0,0
DENATRLA,2025-06-23 08:48:38.000,32.0,36.5,39.2,33.2,27.2,22.0,16.4,15.9,8.9,9.8,14.2,17.0,19.1,18.8,20.6,21.7,22.3,22.3,21.4,19.5,17.6,16.4,13.1,8.7,5.4,3.7,1.1,-2.6,-3.6,-3.9,-4.4,-3.2,-0.1,28.1,33.5,53.9,13.4,0.0,212.0,27.5,15.1,78.5,,,OBAnorm,,LD831_02097v2.403,,,,0,0
DENATRLA,2025-06-23 08:48:39.000,45.3,36.7,29.1,20.8,19.2,19.6,17.3,14.6,11.6,12.4,14.3,15.3,19.3,20.0,20.3,20.7,21.7,21.1,21.3,19.3,17.1,15.1,11.4,8.2,5.1,4.8,3.1,-1.8,-3.2,-3.8,-4.3,-3.0,-0.1,27.7,33.6,48.7,13.4,0.0,212.0,27.5,15.1,78.5,,,OBAnorm,,LD831_02097v2.403,,,,0,0
DENATRLA,2025-06-23 08:48:40.000,35.4,28.6,29.6,22.5,17.8,18.0,16.0,12.4,10.5,10.1,12.8,16.4,19.0,20.6,21.4,21.5,22.1,22.3,20.8,19.5,16.6,14.1,13.1,12.2,11.3,8.3,1.1,-2.0,-3.5,-3.9,-4.4,-3.2,-0.1,28.1,33.4,52.0,13.4,0.0,212.0,27.5,15.1,78.5,,,OBAnorm,,LD831_02097v2.403,,,,0,0
DENATRLA,2025-06-23 08:48:41.000,32.9,28.6,28.0,23.9,20.8,16.9,13.0,12.6,11.4,10.9,12.5,15.6,19.0,19.4,21.0,21.2,22.1,22.2,22.4,19.9,17.7,14.8,12.8,12.0,9.0,12.4,5.7,0.5,-3.4,-3.7,-4.3,-3.0,0.0,28.4,33.8,52.7,13.4,0.0,212.0,27.5,15.1,78.5,,,OBAnorm,,LD831_02097v2.403,,,,0,0
DENATRLA,2025-06-23 08:48:42.000,34.4,30.0,25.6,24.0,21.1,18.9,15.7,10.5,10.1,11.0,13.6,16.1,18.9,20.1,20.5,21.6,22.0,22.1,21.6,19.7,17.9,15.3,12.1,8.5,8.5,7.5,5.3,-0.7,-3.5,-3.7,-4.3,-3.2,-0.2,28.1,33.2,49.7,13.4,0.0,212.0,27.5,15.1,78.5,,,OBAnorm,,LD831_02097v2.403,,,,0,0
DENATRLA,2025-06-23 08:48:43.000,27.3,28.1,25.8,24.2,19.5,15.1,15.7,13.0,12.6,10.6,13.6,16.7,19.6,20.0,20.4,21.0,21.1,22.5,22.4,20.1,17.6,16.1,12.1,8.1,5.2,4.0,0.4,-1.7,-3.3,-3.7,-4.3,-3.1,-0.1,28.3,33.1,48.1,13.4,0.0,212.0,27.5,15.1,78.5,,,OBAnorm,,LD831_02097v2.403,,,,0,0
DENATRLA,2025-06-23 08:48:44.000,32.5,31.6,28.0,20.8,21.2,19.4,16.0,14.1,11.5,11.0,14.4,17.5,18.5,21.4,21.1,20.9,21.5,20.8,21.5,19.4,16.9,13.8,11.4,9.0,6.0,4.6,-0.7,-3.4,-3.7,-3.9,-4.4,-3.1,-0.3,27.5,32.7,47.2,13.4,0.0,212.0,27.5,15.1,78.5,,,OBAnorm,,LD831_02097v2.403,,,,0,0
DENATRLA,2025-06-23 08:48:45.000,32.1,28.3,23.2,22.7,19.8,14.3,13.6,13.1,10.3,11.3,13.2,17.7,17.6,19.5,21.2,20.7,20.8,21.8,20.5,18.7,17.1,14.0,10.9,7.4,4.0,1.8,-0.6,-3.5,-3.7,-3.9,-4.3,-3.1,-0.3,27.2,31.7,43.1,13.4,0.0,212.1,27.5,15.1,78.5,,,OBAnorm,,LD831_02097v2.403,,,,0,0
DENATRLA,2025-06-23 08:48:46.000,32.5,27.1,28.0,21.3,18.7,17.1,11.5,13.6,10.2,10.7,13.5,16.8,18.4,19.4,19.5,20.3,20.8,21.5,20.6,19.7,17.0,14.3,10.6,7.4,5.0,2.2,-0.2,-3.4,-3.7,-3.8,-4.4,-3.1,-0.1,27.3,32.0,48.3,13.4,0.0,212.1,27.5,15.1,78.5,,,OBAnorm,,LD831_02097v2.403,,,,0,0
DENATRLA,2025-06-23 08:48:47.000,31.4,29.5,22.8,21.3,16.3,14.6,14.6,12.2,11.2,9.4,13.5,15.3,18.5,20.5,21.3,21.3,22.1,22.0,21.5,19.5,18.2,14.3,12.8,10.6,8.5,6.8,-0.4,-3.7,-3.8,-3.8,-4.4,-3.1,-0.2,28.1,32.1,45.6,13.4,0.0,212.0,27.5,15.1,78.5,,,OBAnorm,,LD831_02097v2.403,,,,0,0
DENATRLA,2025-06-23 08:48:48.000,27.0,28.4,25.3,15.7,17.1,16.7,15.4,15.3,11.9,9.6,13.7,15.0,18.3,19.5,19.9,19.8,21.0,21.8,21.2,19.6,17.0,14.7,10.8,7.7,5.2,5.6,4.4,1.5,-2.4,-3.9,-4.4,-3.0,-0.1,27.4,32.8,49.2,13.4,0.0,212.1,27.5,15.1,78.5,,,OBAnorm,,LD831_02097v2.403,,,,0,0
DENATRLA,2025-06-23 08:48:49.000,26.3,28.9,26.1,19.4,18.1,17.4,13.9,12.5,11.2,10.3,13.3,15.8,18.8,19.3,20.6,20.7,21.5,21.5,21.0,19.9,16.9,14.3,11.7,8.9,6.7,5.1,-1.1,-3.4,-3.8,-3.9,-4.4,-3.1,-0.1,27.6,36.3,55.7,13.4,0.0,212.0,27.5,15.1,78.5,,,OBAnorm,,LD831_02097v2.403,,,,0,0
DENATRLA,2025-06-23 08:48:50.000,29.6,29.2,28.0,30.0,23.5,18.6,16.1,14.3,10.2,10.4,12.6,15.6,17.7,18.8,20.1,21.1,21.3,22.0,20.8,19.4,17.4,14.3,11.4,7.4,5.4,4.9,-0.3,-3.4,-3.7,-3.9,-4.4,-3.1,-0.2,27.6,33.1,48.6,13.4,0.0,212.0,27.5,15.1,78.5,,,OBAnorm,,LD831_02097v2.403,,,,0,0
DENATRLA,2025-06-23 08:48:51.000,30.8,33.5,29.5,23.0,20.1,16.2,13.5,12.1,10.2,10.4,10.9,16.2,18.7,18.8,21.2,21.5,21.0,22.0,21.2,19.8,17.2,13.7,11.8,11.7,12.5,14.8,-1.4,-3.5,-3.7,-3.8,-4.4,-3.2,-0.1,28.1,32.6,47.7,13.4,0.0,212.0,27.5,15.1,78.5,,,OBAnorm,,LD831_02097v2.403,,,,0,0
DENATRLA,2025-06-23 08:48:52.000,33.9,32.5,25.5,20.3,17.7,16.7,13.1,13.1,11.1,10.0,14.0,17.0,18.7,18.8,19.9,20.4,20.8,21.7,20.1,18.7,16.7,14.4,12.1,8.1,5.2,3.5,-2.8,-3.8,-3.7,-4.0,-4.3,-3.2,-0.2,27.2,33.0,45.5,13.4,0.0,212.0,27.5,15.1,78.5,,,OBAnorm,,LD831_02097v2.403,,,,0,0
DENATRLA,2025-06-23 08:48:53.000,28.7,26.9,29.0,22.7,20.1,17.4,13.3,11.7,10.5,10.0,13.5,15.9,18.2,19.7,20.9,21.2,21.7,22.0,21.0,19.5,17.6,14.5,10.7,7.8,4.1,1.5,-1.8,-3.7,-3.7,-3.7,-4.3,-3.1,0.0,27.7,33.3,50.5,13.4,0.0,212.0,27.5,15.1,78.5,,,OBAnorm,,LD831_02097v2.403,,,,0,0
DENATRLA,2025-06-23 08:48:54.000,33.5,29.7,27.7,26.1,19.8,17.8,14.2,15.5,10.9,12.8,14.0,16.5,17.7,19.1,21.6,20.9,21.4,21.6,21.7,19.9,17.9,14.8,10.8,7.5,4.0,3.3,1.6,-1.1,-3.8,-3.9,-4.4,-3.1,-0.1,27.8,32.6,49.9,13.4,0.0,212.0,27.5,15.1,78.5,,,OBAnorm,,LD831_02097v2.403,,,,0,0
DENATRLA,2025-06-23 08:48:55.000,32.3,29.7,27.8,22.7,21.2,16.6,14.5,15.9,12.0,10.8,14.3,17.0,17.8,20.4,21.6,21.7,22.2,21.9,21.3,20.1,17.7,14.3,12.3,10.6,6.2,4.5,-2.6,-3.8,-3.8,-3.9,-4.4,-3.1,-0.2,28.1,32.9,48.4,13.4,0.0,212.0,27.5,15.1,78.5,,,OBAnorm,,LD831_02097v2.403,,,,0,0
DENATRLA,2025-06-23 08:48:56.000,28.1,24.9,28.5,22.4,20.7,16.6,13.5,12.2,10.0,9.5,12.5,15.8,19.0,20.0,21.1,21.5,21.8,22.2,20.7,20.2,17.8,15.0,13.5,11.2,7.0,4.1,-2.7,-3.7,-3.7,-3.7,-4.4,-3.2,-0.1,28.1,32.1,41.1,13.4,0.0,212.1,27.5,15.1,78.5,,,OBAnorm,,LD831_02097v2.403,,,,0,0
DENATRLA,2025-06-23 08:48:57.000,28.5,28.6,22.4,23.0,17.7,15.7,13.3,13.1,11.1,10.7,13.7,16.5,19.0,19.3,19.8,20.5,21.3,21.6,20.4,19.2,17.4,15.2,10.9,7.3,6.7,4.4,-0.6,-3.8,-3.8,-3.9,-4.3,-3.2,-0.2,27.5,31.8,42.6,13.4,0.0,212.1,27.5,15.1,78.5,,,OBAnorm,,LD831_02097v2.403,,,,0,0
DENATRLA,2025-06-23 08:48:58.000,31.2,28.9,26.1,22.2,20.6,15.7,13.2,13.0,9.1,9.7,13.2,15.6,19.3,19.3,21.0,20.7,21.4,21.7,20.9,19.1,17.3,14.2,10.8,7.4,4.3,3.0,-1.2,-3.6,-3.1,-3.8,-4.3,-3.1,-0.1,27.6,31.9,40.8,13.4,0.0,212.0,27.5,15.1,78.5,,,OBAnorm,,LD831_02097v2.403,,,,0,0
DENATRLA,2025-06-23 08:48:59.000,28.3,25.9,26.4,21.1,19.8,12.7,13.5,12.8,10.6,11.1,13.9,16.4,16.9,20.2,19.9,21.2,21.7,21.8,21.0,19.2,17.2,14.7,12.1,9.8,7.2,6.4,3.8,-1.4,-3.3,-3.9,-4.5,-3.0,-0.1,27.6,32.0,43.9,13.4,0.0,212.1,27.5,15.1,78.5,,,OBAnorm,,LD831_02097v2.403,,,,0,0
DENATRLA,2025-06-23 08:49:00.000,28.2,23.2,25.6,23.4,18.8,17.3,16.8,10.8,11.9,11.9,13.2,15.7,18.6,19.7,21.6,21.3,21.6,21.3,21.2,19.5,17.2,14.4,12.9,13.5,12.1,7.3,1.4,-3.0,-3.6,-3.8,-4.4,-3.1,-0.2,28.0,32.0,48.7,13.4,0.0,212.0,27.5,15.1,78.5,,,OBAnorm,,LD831_02097v2.403,,,,0,0
DENATRLA,2025-06-23 08:49:01.000,31.6,27.8,25.3,19.9,18.6,15.2,15.7,11.6,9.6,8.6,12.6,16.3,18.8,19.4,21.0,20.2,21.7,21.5,21.0,19.6,17.8,15.8,14.0,8.6,13.1,16.5,5.4,-0.6,-3.7,-3.9,-4.4,-3.1,-0.1,28.5,32.6,46.8,13.4,0.0,212.0,27.5,15.1,78.5,,,OBAnorm,,LD831_02097v2.403,,,,0,0
DENATRLA,2025-06-23 08:49:02.000,30.0,24.9,23.5,22.7,17.1,14.0,15.4,12.1,9.3,10.5,12.6,15.2,18.3,19.9,20.8,20.7,21.5,21.1,21.5,19.7,17.6,13.8,11.6,8.7,5.0,2.7,-2.0,-3.5,-3.7,-3.8,-4.4,-3.2,-0.2,27.7,32.8,47.2,13.4,0.0,212.1,27.5,15.1,78.5,,,OBAnorm,,LD831_02097v2.403,,,,0,0
DENATRLA,2025-06-23 08:49:03.000,33.2,28.7,23.7,23.2,16.9,16.7,15.7,14.2,10.5,10.9,14.5,16.9,19.3,19.4,20.0,20.1,21.8,22.0,20.9,19.5,17.2,14.5,12.8,11.9,6.4,4.8,-0.7,-1.6,-3.1,-3.9,-4.4,-3.1,-0.1,27.7,34.4,52.1,13.4,0.0,212.0,27.5,15.1,78.5,,,OBAnorm,,LD831_02097v2.403,,,,0,0
DENATRLA,2025-06-23 08:49:04.000,30.7,25.0,25.5,24.1,19.2,18.7,15.5,14.1,10.7,9.5,12.8,16.9,18.2,20.2,20.4,20.6,20.5,21.0,21.0,18.9,16.7,14.2,11.3,8.4,5.4,2.9,-1.1,-3.4,-3.7,-3.9,-4.3,-3.2,0.0,27.2,34.2,50.7,13.4,0.0,211.9,27.5,15.1,78.5,,,OBAnorm,,LD831_02097v2.403,,,,0,0
DENATRLA,2025-06-23 08:49:05.000,32.9,31.3,30.3,24.0,20.6,18.4,15.5,14.7,11.9,9.5,12.0,16.8,18.2,18.3,20.9,20.8,21.5,21.5,20.4,18.8,16.9,14.2,12.5,12.1,10.8,11.5,5.9,-0.3,-3.6,-3.9,-4.4,-3.1,-0.1,27.6,35.3,54.4,13.4,0.0,212.3,27.5,15.1,78.5,,,OBAnorm,,LD831_02097v2.403,,,,0,0
DENATRLA,2025-06-23 08:49:06.000,32.5,35.6,32.6,27.3,20.1,17.4,12.6,14.4,9.9,11.0,12.5,17.0,18.5,19.9,20.2,21.7,20.6,20.9,19.5,19.3,16.9,14.8,12.1,7.7,8.4,8.3,-2.0,-3.8,-3.8,-3.8,-4.5,-3.1,-0.1,27.3,34.6,54.1,13.4,0.0,212.4,27.5,15.1,78.5,,,OBAnorm,,LD831_02097v2.403,,,,0,0
DENATRLA,2025-06-23 08:49:07.000,34.6,33.1,28.5,24.1,24.2,21.5,17.2,13.8,9.3,11.7,14.4,17.1,18.4,19.5,19.6,20.9,21.4,21.6,20.6,19.3,16.8,15.8,15.0,9.6,7.6,4.7,-2.7,-3.7,-3.7,-3.8,-4.3,-3.0,-0.1,27.8,33.1,49.1,13.4,0.0,212.4,27.5,15.1,78.5,,,OBAnorm,,LD831_02097v2.403,,,,0,0
DENATRLA,2025-06-23 08:49:08.000,35.0,32.8,26.9,24.0,19.9,17.6,16.9,14.4,11.7,10.5,13.2,17.0,17.8,18.8,21.0,21.0,21.9,20.9,21.6,19.4,18.1,16.1,13.3,8.6,5.4,5.3,-2.0,-3.4,-3.6,-3.9,-4.3,-3.1,0.0,27.8,32.6,48.4,13.4,0.0,212.4,27.5,15.1,78.5,,,OBAnorm,,LD831_02097v2.403,,,,0,0
DENATRLA,2025-06-23 08:49:09.000,36.6,30.6,21.3,24.6,20.7,16.9,14.2,15.3,11.6,9.4,11.9,16.5,18.8,18.7,20.1,20.8,21.8,21.3,21.1,19.9,18.2,15.1,11.2,7.6,4.8,4.2,-1.2,-3.8,-3.8,-3.9,-4.3,-3.0,-0.2,27.9,32.4,50.0,13.4,0.0,212.4,27.5,15.1,79.1,,,OBAnorm,,LD831_02097v2.403,,,,0,0
DENATRLA,2025-06-23 08:49:10.000,33.3,28.1,27.2,22.7,17.9,15.1,15.3,15.3,11.7,10.2,14.3,18.1,19.4,20.6,21.2,21.3,21.9,20.9,20.6,19.4,17.7,16.1,14.9,14.6,10.8,7.2,1.6,-0.6,-3.5,-3.6,-4.2,-2.9,-0.1,28.1,32.1,44.3,13.4,0.0,212.4,27.5,15.1,79.1,,,OBAnorm,,LD831_02097v2.403,,,,0,0
DENATRLA,2025-06-23 08:49:11.000,26.7,30.6,25.7,23.2,18.5,18.1,15.0,14.1,12.1,11.4,12.8,17.1,19.2,19.8,20.8,21.6,22.3,22.4,21.6,20.2,17.6,16.6,11.3,8.2,7.1,8.6,3.0,-1.6,-3.6,-3.8,-4.4,-3.2,-0.1,28.4,33.2,46.1,13.4,0.0,212.4,27.5,15.1,79.1,,,OBAnorm,,LD831_02097v2.403,,,,0,0
DENATRLA,2025-06-23 08:49:12.000,27.6,26.0,26.1,22.6,17.9,15.8,15.6,10.6,12.9,11.9,14.1,17.0,19.3,19.3,21.2,21.8,22.2,22.4,21.4,20.0,18.0,15.0,12.9,11.9,8.0,4.0,-1.0,-3.2,-3.6,-3.8,-4.3,-3.1,0.0,28.3,32.5,39.9,13.4,0.0,208.4,27.5,15.1,79.1,,,OBAnorm,,LD831_02097v2.403,,,,0,0
DENATRLA,2025-06-23 08:49:13.000,28.1,29.2,25.5,20.4,20.2,18.1,17.0,12.4,11.4,12.0,16.3,18.3,19.4,19.6,22.0,21.9,22.0,21.7,21.8,19.9,17.7,15.6,11.7,8.2,5.0,3.6,0.6,-3.5,-3.6,-3.8,-4.4,-3.1,-0.2,28.1,32.8,43.2,13.4,0.0,206.6,27.5,15.1,79.6,,,OBAnorm,,LD831_02097v2.403,,,,0,0
DENATRLA,2025-06-23 08:49:14.000,30.0,33.3,22.7,23.9,17.9,19.7,15.2,14.5,11.3,12.4,15.7,18.8,19.5,20.5,21.4,21.2,21.3,22.6,21.3,19.9,17.7,15.2,11.6,8.0,5.8,3.7,0.4,-3.1,-3.4,-3.8,-4.3,-2.9,-0.1,28.1,32.5,38.7,13.4,0.0,206.6,27.5,15.1,79.6,,,OBAnorm,,LD831_02097v2.403,,,,0,0
DENATRLA,2025-06-23 08:49:15.000,28.4,25.7,29.5,20.3,18.1,17.4,16.0,14.2,11.7,12.7,15.9,19.3,19.1,22.3,21.0,22.0,21.9,22.2,21.7,21.6,19.5,15.4,13.4,11.4,9.1,4.7,-0.2,-2.8,-2.1,-3.3,-4.1,-2.9,-0.1,28.9,33.2,41.2,13.4,0.0,206.6,27.5,15.1,79.6,,,OBAnorm,,LD831_02097v2.403,,,,0,0
DENATRLA,2025-06-23 08:49:16.000,30.9,29.0,21.7,24.2,20.6,17.9,14.0,14.1,12.1,12.8,16.3,18.3,19.1,20.7,21.2,22.2,21.7,22.7,21.4,20.6,18.9,16.5,12.9,8.8,5.0,3.3,-0.5,-2.9,-3.0,-3.3,-4.0,-2.9,-0.1,28.6,33.8,48.9,13.4,0.0,206.6,27.6,15.1,79.6,,,OBAnorm,,LD831_02097v2.403,,,,0,0
DENATRLA,2025-06-23 08:49:17.000,27.7,24.6,29.2,21.8,18.9,20.0,18.9,14.7,13.5,15.2,16.3,19.2,20.2,21.2,22.8,21.8,22.5,22.8,22.0,20.5,19.1,16.1,12.8,10.1,7.1,3.8,0.4,-3.0,-3.3,-3.3,-4.1,-2.9,0.1,28.9,39.3,62.9,13.4,0.0,206.8,27.5,15.2,79.7,,,OBAnorm,,LD831_02097v2.403,,,,0,0
DENATRLA,2025-06-23 08:49:18.000,33.9,31.8,36.3,28.4,26.0,22.8,21.9,19.6,13.6,15.0,16.5,19.2,21.0,19.7,22.2,23.3,23.1,23.2,22.4,21.0,18.7,17.2,14.9,12.9,8.4,6.2,2.3,-1.7,-3.3,-3.5,-4.2,-2.9,-0.1,29.5,41.9,62.4,13.4,0.0,223.1,27.5,15.2,79.7,,,OBAnorm,,LD831_02097v2.403,,,,0,0
DENATRLA,2025-06-23 08:49:19.000,30.2,34.3,33.6,32.1,30.9,28.2,25.9,24.5,21.0,18.2,19.5,20.8,19.1,21.5,21.6,22.2,23.3,22.7,22.3,21.3,19.2,16.1,12.3,8.5,5.1,6.7,-0.6,-3.2,-3.2,-2.9,-4.0,-2.8,0.0,29.2,44.6,62.1,13.4,0.0,232.6,27.5,15.2,79.1,,,OBAnorm,,LD831_02097v2.403,,,,0,0
DENATRLA,2025-06-23 08:49:20.000,35.2,37.3,41.3,39.7,37.0,31.5,30.7,25.2,18.6,17.3,19.2,18.7,19.3,21.4,22.6,23.9,23.3,23.9,22.4,21.0,18.6,15.6,13.3,8.9,5.9,4.3,-0.4,-2.8,-2.9,-3.0,-3.7,-2.5,0.1,29.4,46.9,65.3,13.4,0.0,331.8,27.4,15.1,79.1,,,OBAnorm,,LD831_02097v2.403,,,,0,0
DENATRLA,2025-06-23 08:49:21.000,43.4,39.5,41.0,42.0,39.5,34.5,34.2,30.3,27.5,21.7,21.3,20.0,19.6,21.2,22.9,23.2,23.1,23.3,22.4,19.9,18.1,15.3,12.0,8.0,5.1,2.7,-0.8,-2.4,-2.3,-2.6,-3.3,-2.1,0.3,29.0,50.7,69.1,13.4,0.3,346.0,27.5,15.1,78.5,,,OBAnorm,,LD831_02097v2.403,,,,0,0
DENATRLA,2025-06-23 08:49:22.000,47.1,47.7,44.5,43.5,42.4,39.7,34.9,32.6,29.0,26.3,24.1,21.8,21.1,21.6,23.2,23.2,23.1,23.1,21.9,20.6,18.3,16.0,12.5,9.0,8.1,5.8,1.5,-1.4,-1.9,-2.2,-3.2,-1.9,0.4,29.3,53.7,72.7,13.4,0.7,7.7,27.5,15.1,77.9,,,OBAnorm,,LD831_02097v2.403,,,,0,0
DENATRLA,2025-06-23 08:49:23.000,48.5,46.6,47.3,42.9,42.5,39.8,35.3,36.8,29.6,27.1,20.3,19.8,20.7,21.6,22.2,22.9,22.8,23.1,23.1,20.5,18.5,15.7,13.0,8.7,11.6,9.5,2.8,1.0,-1.1,-1.7,-3.3,-2.3,0.2,29.3,50.5,71.2,13.4,0.8,330.7,27.5,15.1,78.5,,,OBAnorm,,LD831_02097v2.403,,,,0,0
DENATRLA,2025-06-23 08:49:24.000,55.8,51.3,48.9,41.0,37.4,37.1,34.6,29.7,25.9,24.6,18.9,19.1,19.9,20.3,21.5,22.7,22.5,23.7,23.0,21.1,18.4,15.8,12.4,8.6,5.7,10.2,2.7,-0.2,-2.6,-2.9,-3.4,-2.1,0.6,29.4,53.3,72.7,13.4,0.8,327.3,27.5,15.1,78.5,,,OBAnorm,,LD831_02097v2.403,,,,0,0
DENATRLA,2025-06-23 08:49:25.000,53.4,49.3,49.1,49.8,43.9,40.7,37.9,34.8,24.7,21.5,19.6,20.4,19.8,19.9,21.3,22.7,22.8,23.8,23.0,21.0,18.3,15.6,12.1,8.7,5.4,3.6,0.0,-2.8,-3.0,-3.0,-3.8,-2.5,0.3,29.2,51.2,70.4,13.4,0.7,39.7,27.5,15.0,77.9,,,OBAnorm,,LD831_02097v2.403,,,,0,0
DENATRLA,2025-06-23 08:49:26.000,50.8,51.5,47.6,45.9,43.5,37.4,34.3,28.9,28.1,20.6,19.4,18.7,21.5,20.8,21.9,23.3,22.6,23.3,22.3,21.4,18.1,15.6,12.4,8.8,5.7,4.6,-0.1,-3.4,-3.2,-3.2,-3.9,-2.6,0.3,29.1,51.5,72.0,13.4,0.7,54.4,27.5,15.0,77.9,,,OBAnorm,,LD831_02097v2.403,,,,0,0
DENATRLA,2025-06-23 08:49:27.000,53.3,45.2,49.5,46.3,40.9,35.0,32.4,27.4,24.1,17.4,18.2,19.4,19.4,20.7,21.8,23.1,23.1,23.2,22.2,21.6,19.2,16.0,14.2,13.5,10.6,13.7,12.7,5.3,6.5,1.6,-2.5,-2.9,0.1,29.6,47.4,67.2,13.4,0.8,54.4,27.5,15.0,77.9,,,OBAnorm,,LD831_02097v2.403,,,,0,0
DENATRLA,2025-06-23 08:49:28.000,49.0,52.7,45.9,40.8,34.8,33.6,26.6,24.3,21.2,15.4,19.0,19.2,20.5,20.8,23.0,23.3,22.5,23.4,23.2,21.7,19.4,17.5,12.6,12.2,9.6,13.2,11.9,6.0,8.5,4.6,-0.8,-2.7,0.0,29.8,40.4,60.5,13.4,0.7,55.6,27.5,15.0,77.3,,,OBAnorm,,LD831_02097v2.403,,,,0,0
DENATRLA,2025-06-23 08:49:29.000,52.4,46.2,40.3,33.8,30.1,24.5,21.6,18.7,14.6,16.2,17.1,19.5,20.7,21.3,22.8,21.8,23.2,22.7,22.4,21.0,18.5,16.7,12.5,10.1,8.0,13.7,13.3,5.4,7.3,4.0,-0.7,-2.5,-0.1,29.4,42.9,59.5,13.4,0.6,55.6,27.6,15.0,77.9,,,OBAnorm,,LD831_02097v2.403,,,,0,0
DENATRLA,2025-06-23 08:49:30.000,51.0,43.0,30.9,31.4,24.4,30.6,26.9,25.4,20.6,19.8,18.5,21.0,22.0,21.2,22.3,22.7,22.8,23.2,21.8,20.6,18.4,15.7,12.6,9.7,7.3,5.9,2.5,-1.9,-0.8,-1.9,-3.8,-2.9,-0.1,28.9,43.5,63.2,13.4,0.5,60.6,27.5,15.0,77.9,,,OBAnorm,,LD831_02097v2.403,,,,0,0
DENATRLA,2025-06-23 08:49:31.000,37.9,37.7,36.6,36.7,32.8,29.7,24.9,22.8,18.0,16.0,18.0,20.5,20.1,21.3,22.1,22.5,22.9,23.0,22.0,20.6,18.5,15.2,11.6,8.2,5.2,3.6,-0.6,-3.2,-3.1,-3.1,-3.6,-2.8,-0.1,28.8,39.5,58.7,13.4,0.5,92.8,27.5,15.0,77.9,,,OBAnorm,,LD831_02097v2.403,,,,0,0
DENATRLA,2025-06-23 08:49:32.000,45.7,43.2,40.2,33.3,29.6,27.8,26.6,23.0,19.5,19.9,17.6,18.1,21.1,21.9,21.9,22.2,23.2,23.2,22.1,20.5,18.0,15.3,12.7,10.7,6.8,5.8,2.6,-0.9,-1.7,-3.1,-3.7,-2.9,0.0,28.9,44.2,61.8,13.4,0.5,174.8,27.5,15.0,77.9,,,OBAnorm,,LD831_02097v2.403,,,,0,0
DENATRLA,2025-06-23 08:49:33.000,47.2,39.0,39.9,39.6,35.1,34.9,29.5,25.9,23.0,18.1,18.2,19.3,21.3,21.5,22.8,23.0,22.7,23.1,22.2,21.0,19.0,15.8,12.1,8.8,5.8,4.2,1.8,-2.2,-2.4,-3.2,-4.2,-2.7,0.1,29.1,41.7,60.2,13.4,0.5,170.2,27.5,15.0,77.9,,,OBAnorm,,LD831_02097v2.403,,,,0,0
DENATRLA,2025-06-23 08:49:34.000,43.0,43.6,36.4,39.3,34.2,31.5,26.7,23.8,20.3,17.1,17.5,19.0,21.6,22.2,22.8,22.4,23.7,23.3,22.4,21.0,18.8,16.5,13.5,11.1,7.7,7.6,1.3,-2.7,-2.9,-3.0,-4.0,-2.8,0.0,29.5,41.7,60.9,13.4,0.5,170.1,27.5,15.0,77.9,,,OBAnorm,,LD831_02097v2.403,,,,0,0
DENATRLA,2025-06-23 08:49:35.000,46.1,39.1,39.8,35.4,29.5,30.1,21.3,21.9,19.6,16.0,15.5,19.8,20.2,21.0,22.6,22.6,22.8,22.7,22.4,21.1,18.9,16.2,12.7,9.2,5.7,6.0,4.3,-2.1,-3.3,-3.4,-4.2,-2.8,0.0,29.1,39.6,63.7,13.4,0.5,180.1,27.5,15.0,77.3,,,OBAnorm,,LD831_02097v2.403,,,,0,0
DENATRLA,2025-06-23 08:49:36.000,42.1,42.9,36.6,31.6,29.6,22.7,19.3,14.8,13.3,12.4,14.5,19.3,20.3,21.9,21.7,23.3,22.9,23.4,22.4,21.4,18.8,16.0,13.5,10.6,7.6,7.1,4.5,1.9,-3.2,-3.5,-4.2,-3.1,-0.2,29.3,34.3,52.2,13.4,0.5,188.4,27.5,15.1,77.9,,,OBAnorm,,LD831_02097v2.403,,,,0,0
DENATRLA,2025-06-23 08:49:37.000,42.4,43.8,29.4,28.7,21.8,18.5,17.2,15.1,14.2,13.2,16.2,20.0,22.0,22.2,22.6,23.3,23.1,22.6,22.4,20.4,18.2,16.0,12.7,11.0,7.1,5.0,0.8,-2.8,-3.4,-3.4,-4.2,-3.1,-0.1,29.1,34.1,51.5,13.4,0.5,184.9,27.6,15.0,77.3,,,OBAnorm,,LD831_02097v2.403,,,,0,0
DENATRLA,2025-06-23 08:49:38.000,36.8,31.9,24.0,20.9,21.8,17.9,17.1,16.7,9.7,12.7,15.9,16.9,20.2,21.1,22.3,21.7,23.0,23.1,22.3,20.7,18.7,15.6,12.3,9.0,11.1,10.9,4.6,-1.2,-3.1,-3.4,-4.1,-3.0,0.0,29.1,33.8,51.6,13.4,0.5,192.1,27.5,15.0,77.3,,,OBAnorm,,LD831_02097v2.403,,,,0,0
DENATRLA,2025-06-23 08:49:39.000,32.1,24.1,24.6,24.0,18.4,18.5,15.3,14.0,14.1,10.8,16.8,19.1,19.4,21.5,21.4,23.4,23.3,22.9,22.0,21.2,18.8,15.8,12.1,9.2,7.4,6.1,3.4,1.9,-1.2,-3.5,-4.2,-3.0,-0.1,29.2,34.2,48.6,13.4,0.5,192.2,27.6,15.1,77.9,,,OBAnorm,,LD831_02097v2.403,,,,0,0
DENATRLA,2025-06-23 08:49:40.000,29.6,28.8,28.1,21.5,19.7,20.3,17.1,15.6,13.6,12.5,15.4,17.8,20.0,21.1,21.9,23.3,22.5,23.1,22.7,21.2,19.3,16.8,13.0,9.6,6.6,7.9,5.2,-0.9,-2.5,-3.5,-4.0,-2.7,-0.1,29.3,33.6,48.6,13.4,0.4,192.2,27.5,15.1,76.8,,,OBAnorm,,LD831_02097v2.403,,,,0,0
DENATRLA,2025-06-23 08:49:41.000,29.9,26.2,27.9,20.9,21.1,20.3,16.8,16.4,12.5,11.4,15.3,19.2,20.4,22.2,22.4,23.0,23.1,24.0,23.3,20.9,19.2,16.3,14.5,12.9,8.1,4.7,0.5,-2.5,-2.7,-3.6,-4.4,-3.1,-0.1,29.7,33.6,41.2,13.4,0.3,184.5,27.6,15.1,76.2,,,OBAnorm,,LD831_02097v2.403,,,,0,0
DENATRLA,2025-06-23 08:49:42.000,34.8,26.1,25.0,22.0,20.7,19.1,17.5,17.4,13.3,12.0,15.4,17.8,20.6,22.7,22.6,23.4,22.8,23.5,22.2,21.6,19.1,16.0,13.7,10.4,8.5,5.5,0.9,-3.1,-3.2,-3.6,-4.2,-3.1,-0.3,29.4,33.4,45.5,13.4,0.3,192.2,27.5,15.0,77.3,,,OBAnorm,,LD831_02097v2.403,,,,0,0
DENATRLA,2025-06-23 08:49:43.000,29.8,25.5,22.7,24.8,20.1,20.7,17.8,16.2,13.1,12.5,15.5,17.0,20.3,22.2,23.1,23.3,23.4,23.8,22.8,21.4,18.6,16.3,13.7,9.5,5.9,4.3,-0.1,-3.3,-3.4,-3.6,-4.3,-3.1,-0.1,29.5,33.6,47.2,13.4,0.3,192.2,27.5,15.0,77.9,,,OBAnorm,,LD831_02097v2.403,,,,0,0
DENATRLA,2025-06-23 08:49:44.000,25.1,25.1,21.8,23.3,22.5,17.1,15.8,14.2,13.9,12.6,15.9,18.5,21.1,20.9,22.2,22.3,23.0,23.8,22.2,21.5,19.0,16.9,13.3,10.1,7.0,10.0,10.6,1.0,-3.4,-3.7,-4.2,-3.0,-0.2,29.5,33.4,49.6,13.4,0.3,192.2,27.6,15.1,77.9,,,OBAnorm,,LD831_02097v2.403,,,,0,0
DENATRLA,2025-06-23 08:49:45.000,20.3,25.5,26.5,22.2,20.3,21.3,15.2,14.7,13.0,12.9,14.7,17.4,21.4,22.3,22.9,23.1,23.7,24.6,23.3,21.8,19.2,16.1,13.0,9.5,6.8,9.9,10.0,-1.0,-3.6,-3.7,-4.2,-3.1,0.0,29.9,34.1,48.1,13.4,0.3,181.8,27.6,15.1,77.9,,,OBAnorm,,LD831_02097v2.403,,,,0,0
DENATRLA,2025-06-23 08:49:46.000,28.9,25.0,25.2,23.7,19.7,19.0,18.7,16.8,12.7,12.7,13.8,17.6,20.4,21.7,21.9,23.6,24.3,25.4,24.7,22.1,20.5,16.3,13.4,10.5,7.4,9.8,3.1,-3.5,-3.4,-3.6,-4.3,-3.1,-0.2,30.5,34.3,48.5,13.4,0.3,177.1,27.5,15.1,77.9,,,OBAnorm,,LD831_02097v2.403,,,,0,0
DENATRLA,2025-06-23 08:49:47.000,28.4,27.2,23.8,21.1,21.6,17.6,17.0,15.1,12.2,12.6,16.1,17.6,19.4,21.0,23.2,24.4,23.9,24.3,24.3,22.1,20.0,17.0,13.4,10.4,6.4,6.7,5.3,-0.6,-2.6,-3.4,-4.1,-2.8,-0.1,30.2,34.2,45.3,13.4,0.3,172.7,27.6,15.0,78.5,,,OBAnorm,,LD831_02097v2.403,,,,0,0
DENATRLA,2025-06-23 08:49:48.000,30.5,28.7,26.2,21.1,23.5,19.3,16.7,15.5,12.8,12.8,15.1,18.4,21.1,21.5,22.8,22.8,23.8,23.6,23.0,22.0,19.9,16.7,14.2,11.9,9.1,7.8,4.0,-1.4,-3.4,-3.8,-4.4,-3.2,-0.2,29.8,34.1,47.3,13.4,0.3,169.3,27.6,15.0,78.5,,,OBAnorm,,LD831_02097v2.403,,,,0,0
DENATRLA,2025-06-23 08:49:49.000,30.8,24.2,24.5,22.1,21.0,19.0,18.1,16.5,12.9,12.1,15.2,17.6,21.3,21.8,22.9,22.8,23.6,24.3,23.3,21.6,19.9,17.5,14.1,11.0,11.6,10.5,1.9,-3.3,-3.6,-3.6,-4.2,-2.9,0.1,30.0,34.2,48.6,13.4,0.3,169.3,27.6,15.1,78.5,,,OBAnorm,,LD831_02097v2.403,,,,0,0
DENATRLA,2025-06-23 08:49:50.000,33.0,30.5,25.8,23.5,23.0,17.4,15.9,15.4,14.3,13.3,16.3,17.3,20.1,21.0,21.7,22.8,23.9,23.9,23.5,22.1,19.7,16.3,13.5,10.0,6.2,9.1,5.4,3.9,6.1,-2.9,-4.3,-3.0,-0.1,29.8,33.7,44.0,13.4,0.2,169.2,27.6,15.1,78.5,,,OBAnorm,,LD831_02097v2.403,,,,0,0
DENATRLA,2025-06-23 08:49:51.000,30.1,29.5,25.6,24.1,17.6,19.4,17.8,15.6,11.4,11.7,13.2,17.7,19.6,21.1,22.5,23.3,24.0,23.8,23.0,21.3,19.4,16.6,14.2,11.0,7.8,7.6,6.9,-1.5,-3.5,-3.7,-4.4,-3.1,-0.1,29.8,33.5,41.7,13.4,0.0,169.2,27.5,15.1,78.5,,,OBAnorm,,LD831_02097v2.403,,,,0,0
DENATRLA,2025-06-23 08:49:52.000,31.0,28.4,26.7,25.2,18.5,19.2,16.0,16.4,13.3,12.6,15.7,18.5,21.5,22.2,22.6,22.5,24.0,23.5,23.0,20.9,19.4,16.3,13.4,9.2,6.1,4.4,1.5,-3.4,-3.6,-3.8,-4.3,-3.1,-0.1,29.4,33.7,43.4,13.4,0.0,169.2,27.5,15.1,78.5,,,OBAnorm,,LD831_02097v2.403,,,,0,0
DENATRLA,2025-06-23 08:49:53.000,26.4,26.3,25.4,22.5,22.6,20.4,15.8,15.3,13.3,13.9,13.3,19.3,18.9,21.5,22.4,23.2,23.2,23.1,23.0,20.9,19.2,16.8,13.8,9.7,5.9,9.3,2.6,-1.7,-3.5,-3.7,-4.3,-2.9,-0.1,29.4,34.2,49.6,13.4,0.0,169.2,27.5,15.1,78.5,,,OBAnorm,,LD831_02097v2.403,,,,0,0
DENATRLA,2025-06-23 08:49:54.000,27.3,27.4,26.7,23.9,22.2,20.6,19.6,13.7,13.8,12.1,15.1,16.5,20.8,21.2,22.7,21.7,23.6,22.5,22.1,20.7,19.1,15.8,13.4,10.5,10.8,14.0,3.3,-1.6,-3.1,-3.4,-4.2,-3.0,-0.1,29.3,33.9,48.5,13.4,0.0,169.2,27.5,15.1,78.5,,,OBAnorm,,LD831_02097v2.403,,,,0,0
DENATRLA,2025-06-23 08:49:55.000,32.3,26.4,26.1,24.2,21.4,19.7,17.6,16.1,13.8,11.1,16.7,18.2,20.6,21.6,23.5,22.7,21.9,23.2,21.8,21.3,18.7,16.2,13.1,9.4,8.6,8.0,-0.7,-2.6,-2.8,-3.5,-4.3,-3.0,-0.1,29.1,34.6,51.9,13.4,0.0,162.0,27.5,15.1,79.1,,,OBAnorm,,LD831_02097v2.403,,,,0,0
DENATRLA,2025-06-23 08:49:56.000,30.8,26.7,23.6,23.9,21.4,16.6,14.2,15.3,12.0,12.2,16.6,18.7,20.5,21.3,23.0,23.5,23.2,22.6,22.6,20.5,19.1,16.0,13.0,11.2,10.1,7.8,1.9,-1.5,-3.7,-3.8,-4.4,-3.0,-0.1,29.4,33.5,41.2,13.4,0.0,138.3,27.5,15.1,79.1,,,OBAnorm,,LD831_02097v2.403,,,,0,0
DENATRLA,2025-06-23 08:49:57.000,33.8,32.3,24.0,23.1,22.0,16.4,19.3,15.9,12.7,12.2,16.8,18.9,20.3,20.4,21.9,23.8,22.9,23.8,22.5,20.9,19.0,16.2,13.8,11.9,9.7,5.0,-0.7,-3.6,-3.6,-3.8,-4.3,-3.1,-0.2,29.2,34.5,45.8,13.4,0.0,133.8,27.6,15.1,79.1,,,OBAnorm,,LD831_02097v2.403,,,,0,0
DENATRLA,2025-06-23 08:49:58.000,32.4,24.8,25.9,24.9,20.4,17.9,17.7,16.6,14.4,13.2,14.9,18.8,21.5,21.7,23.0,23.1,22.8,22.8,22.3,20.8,18.6,16.1,12.9,9.6,6.6,3.4,-1.7,-3.6,-3.7,-3.7,-4.3,-3.0,0.0,29.1,34.7,52.9,13.4,0.0,125.0,27.6,15.1,79.1,,,OBAnorm,,LD831_02097v2.403,,,,0,0
DENATRLA,2025-06-23 08:49:59.000,30.0,28.3,30.4,25.3,21.6,18.4,17.1,14.9,13.8,12.2,16.1,18.1,19.9,22.3,21.7,23.0,22.0,23.0,22.7,21.6,18.3,15.4,13.7,11.5,8.6,5.6,-0.6,-2.6,-2.2,-3.0,-3.9,-3.0,-0.1,29.1,34.7,47.9,13.4,0.0,109.2,27.5,15.1,79.1,,,OBAnorm,,LD831_02097v2.403,,,,0,0
DENATRLA,2025-06-23 08:50:00.000,34.5,30.7,28.1,28.2,21.9,17.8,17.8,14.0,13.2,12.6,16.1,18.5,19.4,21.6,21.8,22.5,23.5,23.3,22.5,21.0,18.7,16.4,14.1,11.5,7.6,3.9,-0.3,-3.7,-3.1,-3.4,-4.1,-3.0,-0.1,29.2,36.2,56.0,13.4,0.0,101.2,27.6,15.1,79.1,,,OBAnorm,,LD831_02097v2.403,,,,0,0
DENATRLA,2025-06-23 08:50:01.000,35.0,35.0,29.9,23.6,22.0,19.0,18.7,16.0,11.7,11.8,15.5,18.4,19.3,21.6,22.1,22.7,22.9,22.8,21.9,20.8,18.5,14.9,13.0,10.9,8.4,3.4,-1.7,-3.7,-3.5,-3.5,-4.1,-2.9,0.0,28.9,36.4,55.4,13.4,0.0,100.5,27.6,15.1,79.1,,,OBAnorm,,LD831_02097v2.403,,,,0,0
DENATRLA,2025-06-23 08:50:02.000,34.2,32.2,27.0,29.2,25.5,20.8,19.8,18.5,14.9,12.8,15.7,18.9,20.9,20.2,22.4,22.6,22.1,22.7,22.1,20.2,18.0,15.6,14.2,13.0,8.9,5.7,-1.4,-3.2,-3.6,-3.5,-4.2,-3.0,0.0,28.9,40.1,61.9,13.4,0.0,99.6,27.5,15.1,79.1,,,OBAnorm,,LD831_02097v2.403,,,,0,0
DENATRLA,2025-06-23 08:50:03.000,36.0,34.5,32.5,25.8,23.3,21.6,20.9,15.6,12.7,13.1,15.9,18.5,21.1,21.4,23.3,22.6,22.3,22.7,22.0,20.7,17.9,16.4,13.4,8.3,5.8,4.0,0.4,-2.1,-3.1,-3.3,-4.1,-2.7,0.0,28.9,37.7,59.2,13.4,0.0,95.6,27.5,15.1,79.6,,,OBAnorm,,LD831_02097v2.403,,,,0,0
DENATRLA,2025-06-23 08:50:04.000,42.3,35.0,33.6,31.6,25.3,23.6,17.9,16.8,13.0,13.5,15.7,19.3,20.0,22.0,22.2,22.8,22.8,22.6,22.3,20.6,18.0,17.6,14.2,9.1,8.6,9.9,6.1,0.4,-3.2,-3.4,-4.1,-2.8,-0.1,29.1,34.1,47.7,13.4,0.0,95.6,27.6,15.1,79.6,,,OBAnorm,,LD831_02097v2.403,,,,0,0
DENATRLA,2025-06-23 08:50:05.000,42.9,36.5,28.2,24.7,21.4,20.8,17.1,15.3,11.5,12.4,15.8,18.4,20.5,22.1,21.8,23.2,22.8,22.6,22.4,21.6,18.3,15.9,12.7,11.6,9.3,9.1,-1.6,-3.5,-3.1,-2.7,-4.2,-2.8,0.0,29.2,33.8,49.0,13.4,0.0,95.6,27.5,15.1,79.6,,,OBAnorm,,LD831_02097v2.403,,,,0,0
DENATRLA,2025-06-23 08:50:06.000,38.2,31.2,25.7,23.2,18.3,18.0,17.4,15.2,14.2,14.5,17.2,18.5,20.3,20.7,21.7,22.7,23.3,24.0,22.8,21.8,18.8,16.1,13.3,10.6,6.6,4.1,0.2,-3.6,-3.4,-3.6,-4.1,-2.9,-0.2,29.6,33.7,47.1,13.4,0.0,95.6,27.6,15.1,79.6,,,OBAnorm,,LD831_02097v2.403,,,,0,0
DENATRLA,2025-06-23 08:50:07.000,29.2,31.9,26.6,22.9,19.7,19.1,16.6,12.3,11.0,14.0,15.5,19.0,19.7,22.1,22.0,23.4,22.6,23.6,23.4,21.1,19.3,16.8,14.1,11.8,11.3,9.7,-0.7,-2.3,-3.1,-3.4,-3.8,-2.8,-0.1,29.7,33.5,40.0,13.4,0.0,95.6,27.6,15.1,79.6,,,OBAnorm,,LD831_02097v2.403,,,,0,0
DENATRLA,2025-06-23 08:50:08.000,30.8,28.7,24.9,21.0,19.8,18.1,17.7,15.8,12.2,14.3,16.7,18.6,20.0,20.5,22.9,23.3,23.0,23.6,23.4,22.2,20.6,16.9,13.8,10.2,8.7,7.2,2.7,-1.4,-3.5,-3.5,-4.3,-3.0,0.0,30.0,33.7,41.1,13.4,0.0,95.6,27.6,15.1,79.1,,,OBAnorm,,LD831_02097v2.403,,,,0,0
DENATRLA,2025-06-23 08:50:09.000,27.3,30.2,27.3,20.8,20.6,18.6,17.4,15.1,13.2,13.1,14.1,18.7,20.5,22.8,22.9,24.1,23.9,24.2,24.1,22.8,20.2,17.7,15.2,13.6,19.0,22.1,9.7,1.4,-3.3,-3.5,-4.2,-3.0,-0.1,31.6,34.4,42.0,13.4,0.0,95.6,27.6,15.1,79.1,,,OBAnorm,,LD831_02097v2.403,,,,0,0
DENATRLA,2025-06-23 08:50:10.000,23.6,28.6,24.4,23.8,19.5,21.5,18.2,14.5,12.4,13.0,15.2,18.1,21.6,21.5,22.3,24.6,23.5,24.9,24.6,23.0,20.1,17.3,14.1,11.0,8.4,5.1,-0.3,-3.4,-3.4,-3.4,-4.3,-2.8,-0.2,30.6,34.2,38.9,13.4,0.0,95.6,27.6,15.1,79.1,,,OBAnorm,,LD831_02097v2.403,,,,0,0
DENATRLA,2025-06-23 08:50:11.000,26.9,25.5,25.6,21.4,21.5,19.2,17.9,15.2,11.7,13.5,15.9,18.5,21.4,22.7,23.5,24.1,23.7,24.7,24.3,22.6,20.9,18.0,15.1,12.1,9.0,6.3,-0.3,-2.4,-2.7,-2.8,-3.9,-2.7,0.0,30.7,34.2,39.8,13.4,0.0,106.3,27.5,15.1,79.1,,,OBAnorm,,LD831_02097v2.403,,,,0,0
DENATRLA,2025-06-23 08:50:12.000,28.1,25.2,27.7,23.9,19.9,19.1,17.6,15.3,10.6,12.1,15.0,18.5,20.8,22.2,23.1,24.4,24.3,24.5,24.2,22.5,20.9,17.8,13.9,10.8,7.6,4.0,-0.7,-3.6,-3.5,-3.5,-4.2,-3.0,-0.2,30.6,34.3,44.8,13.4,0.0,114.5,27.6,15.0,79.1,,,OBAnorm,,LD831_02097v2.403,,,,0,0
DENATRLA,2025-06-23 08:50:13.000,29.5,25.2,26.1,20.3,21.0,21.8,17.6,15.4,12.4,10.7,16.7,19.3,19.8,21.3,23.2,24.4,24.8,24.4,23.9,22.9,21.1,17.7,14.1,11.2,7.1,4.2,0.3,-2.4,-3.5,-3.6,-4.3,-3.1,-0.1,30.7,34.6,48.0,13.4,0.0,114.8,27.6,15.0,78.5,,,OBAnorm,,LD831_02097v2.403,,,,0,0
DENATRLA,2025-06-23 08:50:14.000,29.3,28.5,26.1,20.3,24.2,18.3,16.8,16.0,13.0,12.7,15.0,18.8,20.4,22.7,22.9,23.3,23.4,23.6,24.1,21.7,20.2,16.8,13.2,9.9,5.9,4.8,0.9,-3.2,-3.6,-3.6,-4.2,-3.1,-0.1,30.1,33.9,43.7,13.4,0.0,114.8,27.6,15.0,78.5,,,OBAnorm,,LD831_02097v2.403,,,,0,0
DENATRLA,2025-06-23 08:50:15.000,29.8,29.2,27.5,22.5,22.0,19.6,15.7,15.7,12.3,11.7,15.2,18.1,19.7,21.7,22.7,23.8,22.7,23.5,23.3,22.1,19.8,16.4,14.5,11.5,9.6,9.4,2.3,-0.3,-3.6,-3.6,-4.3,-3.1,-0.2,29.8,33.2,38.4,13.4,0.0,114.8,27.6,15.1,78.5,,,OBAnorm,,LD831_02097v2.403,,,,0,0
DENATRLA,2025-06-23 08:50:16.000,30.2,24.6,24.7,24.5,21.1,17.5,18.2,13.2,12.0,12.3,14.7,17.8,20.7,21.1,23.4,23.8,22.8,22.5,23.4,21.4,19.4,15.8,12.7,8.9,5.5,3.4,0.5,-3.0,-3.6,-3.7,-4.3,-3.0,-0.1,29.6,33.3,39.8,13.4,0.0,114.8,27.6,15.1,78.5,,,OBAnorm,,LD831_02097v2.403,,,,0,0
DENATRLA,2025-06-23 08:50:17.000,26.1,26.0,24.5,22.1,19.0,18.0,18.2,12.5,12.0,13.1,16.4,19.3,19.9,21.1,22.4,22.2,23.6,23.8,23.2,21.6,19.5,16.5,13.4,9.4,5.9,3.6,-1.4,-3.5,-3.5,-3.7,-4.3,-3.0,-0.1,29.6,36.2,53.5,13.4,0.0,114.8,27.6,15.1,77.9,,,OBAnorm,,LD831_02097v2.403,,,,0,0
DENATRLA,2025-06-23 08:50:18.000,30.1,23.0,26.7,23.9,23.5,21.9,18.7,15.3,12.9,13.2,15.7,18.4,19.6,22.0,23.1,23.5,23.0,24.3,23.5,22.0,19.3,16.8,13.3,9.9,7.2,5.5,-0.4,-3.1,-3.6,-3.6,-4.2,-3.0,0.0,29.8,35.7,50.7,13.4,0.0,114.9,27.6,15.1,77.9,,,OBAnorm,,LD831_02097v2.403,,,,0,0
DENATRLA,2025-06-23 08:50:19.000,28.6,24.8,31.8,25.9,23.1,20.6,16.8,16.8,13.2,12.0,16.8,19.2,20.6,22.5,22.9,22.2,23.8,24.7,24.1,22.3,20.1,17.2,14.1,11.4,7.2,9.7,3.1,0.4,-3.5,-3.1,-4.3,-3.1,-0.1,30.4,34.7,48.6,13.4,0.0,114.8,27.6,15.1,77.9,,,OBAnorm,,LD831_02097v2.403,,,,0,0
DENATRLA,2025-06-23 08:50:20.000,37.0,34.0,33.5,21.4,21.4,19.4,15.6,16.2,11.4,11.5,17.0,18.6,20.9,21.5,23.2,24.2,24.6,24.3,23.7,22.2,20.0,16.8,13.2,9.5,7.2,6.5,0.8,-1.8,-3.3,-3.2,-4.2,-3.0,-0.1,30.2,34.5,45.2,13.4,0.0,114.8,27.6,15.1,77.9,,,OBAnorm,,LD831_02097v2.403,,,,0,0
DENATRLA,2025-06-23 08:50:21.000,36.0,29.9,27.6,25.3,16.7,19.1,15.9,16.0,13.0,14.2,15.8,19.1,20.7,23.2,23.0,22.9,23.2,24.0,23.3,22.0,19.5,17.0,13.4,13.1,13.7,11.0,5.4,1.4,-3.4,-3.6,-4.3,-3.1,-0.3,30.1,34.6,49.0,13.4,0.0,114.8,27.6,15.1,77.9,,,OBAnorm,,LD831_02097v2.403,,,,0,0
DENATRLA,2025-06-23 08:50:22.000,32.5,26.0,27.4,24.8,19.0,17.6,18.3,15.5,12.9,13.5,16.6,19.4,21.1,21.4,22.3,23.5,24.1,24.0,24.1,21.6,19.6,16.8,13.4,9.5,6.4,3.9,-1.5,-3.3,-3.6,-3.8,-4.4,-3.1,-0.1,30.0,35.8,48.1,13.4,0.0,114.8,27.6,15.1,77.9,,,OBAnorm,,LD831_02097v2.403,,,,0,0
DENATRLA,2025-06-23 08:50:23.000,33.9,30.2,26.8,26.0,22.0,21.6,18.2,15.2,14.1,13.0,16.7,20.2,19.9,22.6,23.8,23.8,23.8,24.0,23.5,21.7,19.9,17.0,13.4,8.9,5.9,7.2,2.8,-2.4,-3.5,-3.5,-4.2,-3.0,-0.1,29.9,34.7,50.3,13.4,0.0,114.9,27.6,15.1,77.9,,,OBAnorm,,LD831_02097v2.403,,,,0,0
DENATRLA,2025-06-23 08:50:24.000,34.5,33.6,26.3,23.1,22.4,20.5,18.4,15.8,12.9,13.0,16.2,18.4,19.9,21.7,23.0,24.3,24.4,24.2,23.5,22.4,20.6,17.5,14.3,11.9,8.7,6.6,-0.8,-3.3,-3.6,-3.7,-4.3,-3.1,-0.1,30.4,35.5,53.1,13.4,0.0,114.8,27.6,15.1,77.9,,,OBAnorm,,LD831_02097v2.403,,,,0,0
DENATRLA,2025-06-23 08:50:25.000,33.7,32.1,21.6,22.3,23.0,19.9,18.0,16.8,10.6,13.4,15.6,19.6,21.2,21.9,23.9,23.3,23.3,23.6,23.8,22.1,19.8,17.6,13.9,9.8,6.1,4.1,-0.3,-3.6,-3.5,-3.7,-4.4,-3.0,-0.2,30.1,34.4,50.7,13.4,0.0,114.8,27.5,15.1,78.5,,,OBAnorm,,LD831_02097v2.403,,,,0,0
DENATRLA,2025-06-23 08:50:26.000,32.1,31.2,26.5,24.0,22.0,18.8,17.2,14.2,11.8,12.9,16.3,18.7,20.3,21.8,23.2,23.4,23.9,24.4,23.5,22.2,20.2,16.8,14.3,12.2,8.1,8.6,1.4,-1.7,-3.4,-3.7,-4.2,-3.1,-0.1,30.3,34.4,47.0,13.4,0.0,114.8,27.6,15.1,78.5,,,OBAnorm,,LD831_02097v2.403,,,,0,0
DENATRLA,2025-06-23 08:50:27.000,33.9,30.2,26.4,23.7,19.9,21.7,16.0,16.4,12.6,13.4,16.3,18.5,21.7,22.5,23.0,23.0,24.1,24.0,24.1,22.8,21.4,17.6,14.4,10.3,6.6,4.6,-0.1,-3.5,-3.3,-3.6,-4.3,-3.1,-0.1,30.5,34.6,42.0,13.4,0.0,98.0,27.6,15.1,78.5,,,OBAnorm,,LD831_02097v2.403,,,,0,0
DENATRLA,2025-06-23 08:50:28.000,30.6,28.7,28.9,24.6,20.7,20.3,17.4,15.4,11.7,13.9,15.2,18.9,20.5,21.8,22.4,23.5,23.7,24.7,23.8,22.8,20.7,17.6,15.1,12.4,9.9,6.3,-0.7,-3.3,-3.3,-3.3,-4.0,-2.9,-0.1,30.6,34.4,45.9,13.4,0.0,86.0,27.6,15.1,78.5,,,OBAnorm,,LD831_02097v2.403,,,,0,0
DENATRLA,2025-06-23 08:50:29.000,28.8,29.0,30.6,24.6,20.9,18.7,17.5,15.0,11.8,11.8,16.4,17.3,21.2,22.7,22.3,24.0,24.5,23.7,24.8,22.5,20.2,17.5,13.6,9.4,6.2,3.7,-1.4,-3.5,-3.7,-3.7,-4.3,-3.0,-0.1,30.5,34.2,41.0,13.4,0.0,86.0,27.5,15.1,77.9,,,OBAnorm,,LD831_02097v2.403,,,,0,0
DENATRLA,2025-06-23 08:50:30.000,29.0,29.6,25.2,24.5,22.2,20.1,15.0,15.4,13.3,11.8,15.9,18.0,20.8,21.9,21.8,23.3,23.2,24.7,24.0,22.2,20.2,16.8,13.9,9.3,6.2,3.1,-0.7,-3.4,-3.5,-3.6,-4.2,-3.2,-0.1,30.1,34.9,53.8,13.4,0.0,86.0,27.6,15.1,77.9,,,OBAnorm,,LD831_02097v2.403,,,,0,0
DENATRLA,2025-06-23 08:50:31.000,27.6,24.2,26.6,24.8,22.0,18.6,15.5,14.4,10.5,12.7,16.0,18.8,20.4,21.7,22.3,22.7,23.9,24.0,23.3,21.8,20.2,17.8,14.1,13.9,8.6,6.0,0.1,-2.7,-3.0,-3.0,-4.2,-3.1,-0.2,30.2,35.1,49.3,13.4,0.0,86.0,27.6,15.1,77.9,,,OBAnorm,,LD831_02097v2.403,,,,0,0
DENATRLA,2025-06-23 08:50:32.000,29.8,29.6,29.5,23.7,21.0,19.9,19.1,16.5,11.7,11.1,17.7,18.5,20.7,22.5,23.2,23.0,23.8,23.9,23.7,22.0,19.9,17.2,13.7,9.5,6.4,3.8,0.0,-3.1,-3.2,-3.3,-4.2,-3.0,-0.2,30.0,36.6,55.7,13.4,0.0,86.7,27.6,15.1,77.9,,,OBAnorm,,LD831_02097v2.403,,,,0,0
DENATRLA,2025-06-23 08:50:33.000,32.2,31.6,28.6,27.0,25.5,22.1,20.3,16.1,16.0,12.5,16.4,19.5,21.4,22.0,23.7,23.0,23.9,24.2,23.1,21.6,19.5,16.5,13.2,9.0,5.1,3.0,-0.7,-3.6,-3.5,-3.6,-4.3,-3.1,0.0,29.8,38.8,56.4,13.4,0.0,95.4,27.6,15.1,77.9,,,OBAnorm,,LD831_02097v2.403,,,,0,0
DENATRLA,2025-06-23 08:50:34.000,34.5,32.9,35.8,30.2,27.2,21.0,16.7,16.2,15.6,12.4,17.7,19.4,20.3,21.9,22.3,23.4,23.5,23.9,23.5,21.9,19.2,16.7,14.3,13.8,10.3,6.0,-0.7,-2.8,-2.9,-3.4,-4.1,-3.0,-0.2,30.0,35.6,51.4,13.4,0.0,109.4,27.6,15.1,77.9,,,OBAnorm,,LD831_02097v2.403,,,,0,0
DENATRLA,2025-06-23 08:50:35.000,38.9,34.6,30.0,23.9,21.6,23.8,18.7,15.1,11.9,15.1,18.2,20.9,21.3,21.5,23.0,23.4,24.4,24.3,23.7,21.6,19.3,16.6,13.0,8.9,5.9,2.9,-0.4,-3.0,-3.3,-3.4,-4.0,-2.9,-0.1,30.0,35.9,52.2,13.4,0.0,108.0,27.6,15.1,77.4,,,OBAnorm,,LD831_02097v2.403,,,,0,0
DENATRLA,2025-06-23 08:50:36.000,34.7,33.5,28.6,28.4,21.2,20.2,18.5,18.7,14.2,12.8,16.5,20.1,22.6,22.5,22.7,22.6,23.9,24.0,23.4,21.4,19.0,16.1,12.9,8.8,5.9,4.8,0.5,-3.0,-2.5,-3.2,-4.1,-2.8,-0.1,29.8,36.5,50.6,13.4,0.0,120.9,27.6,15.1,77.4,,,OBAnorm,,LD831_02097v2.403,,,,0,0
DENATRLA,2025-06-23 08:50:37.000,35.5,32.8,28.6,27.2,23.3,22.1,18.1,17.2,15.3,14.8,16.3,21.3,21.6,22.8,23.1,23.6,24.0,24.4,23.4,21.9,19.4,16.2,13.2,11.4,7.8,4.4,0.5,-2.5,-3.3,-2.8,-3.7,-2.7,-0.1,30.1,46.1,64.7,13.4,0.2,156.6,27.6,15.1,77.9,,,OBAnorm,,LD831_02097v2.403,,,,0,0
DENATRLA,2025-06-23 08:50:38.000,35.5,30.5,31.9,29.8,31.5,31.4,30.1,27.2,25.9,28.2,23.1,21.8,21.7,21.7,22.9,22.6,23.3,24.3,23.9,21.1,19.3,15.9,12.7,8.8,6.1,3.8,0.0,-2.2,-2.5,-2.6,-3.5,-2.4,0.3,29.8,53.7,69.9,13.4,0.5,206.1,27.6,15.1,77.4,,,OBAnorm,,LD831_02097v2.403,,,,0,0
DENATRLA,2025-06-23 08:50:39.000,36.1,40.1,48.6,46.7,45.1,42.1,42.4,39.8,37.5,31.2,26.2,24.3,22.7,24.0,23.2,23.4,23.6,24.5,22.6,21.7,19.3,16.6,13.7,13.1,11.1,11.5,1.9,-0.6,-2.0,-2.3,-3.2,-2.3,0.4,31.0,56.5,72.6,13.4,0.9,202.2,27.6,15.1,76.2,,,OBAnorm,,LD831_02097v2.403,,,,0,0
DENATRLA,2025-06-23 08:50:40.000,50.3,54.2,53.4,50.9,47.5,46.0,45.5,45.4,42.9,37.8,33.8,30.0,31.6,27.4,26.1,24.1,23.3,24.0,22.8,21.3,19.0,17.8,13.9,9.3,7.4,6.1,3.4,2.0,1.8,2.0,2.1,2.1,4.2,33.2,65.3,79.5,13.4,1.3,175.6,27.6,15.1,76.8,,,OBAnorm,,LD831_02097v2.403,,,,0,0
DENATRLA,2025-06-23 08:50:41.000,56.5,55.3,56.0,57.0,57.5,49.4,49.3,45.2,41.0,35.9,29.3,30.3,22.7,23.2,22.1,22.9,23.1,23.9,23.0,21.7,19.3,15.6,12.8,9.5,7.3,7.8,3.9,1.2,-0.4,-0.6,-2.1,-1.1,1.2,29.9,54.0,75.0,13.4,1.6,168.6,27.6,15.1,76.8,,,OBAnorm,,LD831_02097v2.403,,,,0,0
DENATRLA,2025-06-23 08:50:42.000,59.6,60.5,61.4,58.2,45.3,38.6,35.9,33.7,25.5,18.9,18.6,21.7,22.2,22.5,22.9,23.3,23.4,23.8,23.5,22.0,19.9,16.0,13.9,11.2,8.4,7.6,2.9,-0.4,-1.3,-1.9,-2.1,-2.4,0.2,30.1,45.6,64.0,13.4,1.6,168.6,27.6,15.0,77.3,,,OBAnorm,,LD831_02097v2.403,,,,0,0
DENATRLA,2025-06-23 08:50:43.000,62.2,61.7,45.4,42.9,38.6,35.6,29.6,25.6,19.4,16.4,18.5,19.5,21.9,22.6,24.0,23.6,23.6,24.4,23.2,22.0,19.8,16.4,13.3,9.9,6.7,5.6,2.9,-1.0,-2.0,-2.9,-3.8,-2.8,0.1,30.0,45.8,66.0,13.4,1.4,162.3,27.6,15.0,76.8,,,OBAnorm,,LD831_02097v2.403,,,,0,0
DENATRLA,2025-06-23 08:50:44.000,50.3,44.7,41.9,39.0,37.2,30.5,28.8,25.9,22.6,19.3,16.8,20.9,22.0,23.2,22.8,23.4,23.9,23.8,23.3,21.5,19.3,16.2,13.3,9.1,6.4,8.5,3.6,0.0,-2.1,-2.7,-3.9,-2.7,0.0,29.8,46.8,66.2,13.4,1.2,177.3,27.6,15.0,76.2,,,OBAnorm,,LD831_02097v2.403,,,,0,0
DENATRLA,2025-06-23 08:50:45.000,44.2,42.8,45.0,39.2,35.4,35.0,30.4,27.9,23.4,17.2,16.8,18.8,21.1,22.7,22.4,24.0,23.4,23.6,23.1,21.1,18.9,15.5,12.4,8.7,6.6,7.9,3.5,0.0,-1.6,-2.1,-3.5,-2.7,0.1,29.7,47.1,65.1,13.4,1.1,160.7,27.6,15.0,77.3,,,OBAnorm,,LD831_02097v2.403,,,,0,0
DENATRLA,2025-06-23 08:50:46.000,52.0,45.8,47.6,39.0,39.6,34.2,26.3,20.1,19.0,17.3,15.6,18.5,21.3,22.1,22.7,23.3,23.7,23.4,22.7,21.0,18.5,16.1,15.1,12.4,10.4,10.5,3.9,0.4,-1.0,-2.0,-3.4,-2.8,0.0,29.5,38.7,56.3,13.4,0.9,176.0,27.6,14.9,77.3,,,OBAnorm,,LD831_02097v2.403,,,,0,0
DENATRLA,2025-06-23 08:50:47.000,46.2,50.9,36.3,33.3,27.5,21.5,21.4,17.9,14.5,14.2,15.8,19.4,20.5,20.7,22.0,23.2,23.2,23.9,22.3,21.1,19.1,15.2,12.6,9.5,6.0,4.9,2.8,-0.2,-0.8,-1.9,-3.5,-2.6,-0.2,29.3,35.3,53.9,13.4,0.7,198.6,27.6,15.0,76.8,,,OBAnorm,,LD831_02097v2.403,,,,0,0
DENATRLA,2025-06-23 08:50:48.000,45.3,37.7,29.5,29.4,22.2,20.0,19.7,16.6,15.1,13.5,15.9,18.0,19.8,21.3,21.8,23.4,23.4,23.4,22.5,20.9,18.3,15.5,13.6,11.2,9.4,10.1,4.7,1.5,-0.8,-1.4,-3.4,-2.7,0.0,29.3,36.6,58.2,13.4,0.6,197.7,27.6,15.0,75.6,,,OBAnorm,,LD831_02097v2.403,,,,0,0
DENATRLA,2025-06-23 08:50:49.000,36.0,30.0,30.5,29.0,23.3,21.2,20.0,16.9,14.4,13.6,15.8,18.0,20.3,21.2,22.2,22.6,23.5,23.9,23.1,21.0,18.7,15.9,12.6,9.0,6.1,5.6,3.2,-1.3,-2.3,-3.1,-4.1,-3.0,0.0,29.3,35.8,54.0,13.4,0.6,207.6,27.6,15.0,76.2,,,OBAnorm,,LD831_02097v2.403,,,,0,0
DENATRLA,2025-06-23 08:50:50.000,28.5,34.3,28.2,25.3,23.5,19.9,18.3,15.1,11.8,12.5,13.7,18.5,20.3,21.3,22.0,22.7,23.4,23.5,22.0,21.4,18.4,15.2,12.3,9.3,7.4,6.6,1.7,-2.1,-2.6,-3.3,-4.1,-3.0,-0.1,29.2,35.1,48.6,13.4,0.5,207.6,27.6,15.0,77.3,,,OBAnorm,,LD831_02097v2.403,,,,0,0
DENATRLA,2025-06-23 08:50:51.000,30.4,35.7,31.9,25.4,23.9,19.2,18.2,15.8,13.4,12.4,13.0,17.6,18.8,20.0,22.8,21.8,22.6,23.4,22.6,20.6,18.9,15.7,13.1,10.8,8.3,5.9,1.0,-2.6,-3.3,-3.6,-4.3,-3.1,-0.1,29.1,33.9,46.7,13.4,0.4,207.5,27.6,15.0,76.2,,,OBAnorm,,LD831_02097v2.403,,,,0,0
DENATRLA,2025-06-23 08:50:52.000,34.0,31.4,30.7,26.2,21.1,18.0,16.8,12.7,11.9,10.8,11.3,16.3,19.9,20.5,23.0,22.5,23.4,24.0,22.8,20.9,18.8,16.1,13.0,10.1,5.5,4.1,1.1,-2.6,-3.2,-3.5,-4.2,-3.1,0.0,29.4,34.6,52.1,13.4,0.4,207.3,27.6,15.0,76.2,,,OBAnorm,,LD831_02097v2.403,,,,0,0
DENATRLA,2025-06-23 08:50:53.000,32.0,29.9,32.1,23.2,21.4,20.6,17.7,17.5,12.0,11.1,14.1,16.2,19.7,22.0,22.4,22.8,24.1,23.5,22.6,20.8,18.9,15.6,13.0,11.1,8.5,6.0,0.6,-3.0,-3.5,-3.7,-4.3,-3.1,-0.2,29.4,35.2,50.5,13.4,0.4,207.1,27.6,15.0,77.3,,,OBAnorm,,LD831_02097v2.403,,,,0,0
DENATRLA,2025-06-23 08:50:54.000,33.7,32.0,24.2,25.3,21.6,21.4,17.6,14.5,10.2,11.7,12.5,18.2,19.4,21.4,21.5,21.9,22.5,23.0,22.4,21.2,18.3,15.3,13.4,11.9,8.9,6.4,0.8,-2.7,-3.4,-3.6,-4.1,-3.0,-0.1,28.9,41.6,58.8,13.4,0.4,207.1,27.6,15.0,77.3,,,OBAnorm,,LD831_02097v2.403,,,,0,0
DENATRLA,2025-06-23 08:50:55.000,34.2,30.5,32.0,30.9,27.7,23.7,23.9,22.1,19.0,16.2,13.7,16.7,18.8,22.1,22.0,22.2,22.3,23.1,21.7,20.6,17.8,15.1,11.8,8.0,5.5,12.0,2.7,-1.2,-3.3,-3.7,-4.3,-3.1,-0.1,28.6,43.4,60.2,13.4,0.4,206.6,27.6,15.0,77.3,,,OBAnorm,,LD831_02097v2.403,,,,0,0
DENATRLA,2025-06-23 08:50:56.000,39.2,34.6,36.5,35.1,32.3,31.2,28.8,27.8,24.2,15.9,12.7,16.8,19.3,20.4,20.9,22.9,23.0,22.5,21.7,19.8,18.1,15.0,12.7,10.8,7.2,5.6,1.0,-2.5,-3.3,-3.5,-4.2,-2.9,-0.1,28.5,40.7,61.3,13.4,0.3,178.2,27.6,15.0,77.3,,,OBAnorm,,LD831_02097v2.403,,,,0,0
DENATRLA,2025-06-23 08:50:57.000,48.1,43.8,36.9,33.8,30.9,28.4,22.7,20.2,14.9,13.1,14.4,16.2,19.6,20.6,21.4,22.4,22.7,23.3,22.4,20.9,18.4,15.6,11.9,8.4,5.6,3.8,0.8,-3.0,-3.3,-3.7,-4.4,-3.0,-0.3,28.8,39.9,56.3,13.4,0.2,132.9,27.6,15.0,75.6,,,OBAnorm,,LD831_02097v2.403,,,,0,0
DENATRLA,2025-06-23 08:50:58.000,45.1,39.6,36.7,30.6,28.8,26.6,27.6,23.2,19.2,13.5,14.7,17.5,19.3,20.8,21.9,21.9,22.4,23.3,22.4,20.5,18.3,15.0,12.0,8.4,5.8,3.6,0.2,-3.0,-3.3,-3.3,-4.3,-3.0,-0.2,28.7,40.5,60.3,13.4,0.2,108.5,27.6,14.9,73.9,,,OBAnorm,,LD831_02097v2.403,,,,0,0
DENATRLA,2025-06-23 08:50:59.000,43.7,38.5,33.5,32.6,33.6,28.6,25.2,22.0,18.2,13.2,14.8,16.8,18.5,21.5,22.1,22.0,22.2,23.1,22.0,20.2,18.3,15.2,13.0,11.3,7.0,4.5,0.0,-3.0,-3.6,-3.7,-4.3,-3.1,-0.2,28.7,38.9,57.9,13.4,0.2,68.6,27.6,14.9,73.9,,,OBAnorm,,LD831_02097v2.403,,,,0,0
DENATRLA,2025-06-23 08:51:00.000,42.3,37.4,34.6,31.9,30.5,25.6,21.3,19.7,12.8,11.4,15.1,16.7,17.5,20.1,21.4,22.2,22.5,22.3,22.1,20.0,18.2,15.3,12.0,9.4,5.2,10.3,2.1,-1.5,-3.1,-3.7,-4.3,-3.0,-0.1,28.5,38.2,56.1,13.4,0.2,64.9,27.6,14.9,76.2,,,OBAnorm,,LD831_02097v2.403,,,,0,0
DENATRLA,2025-06-23 08:51:01.000,43.4,37.0,33.9,31.8,23.7,21.7,21.9,17.6,12.3,12.6,14.2,16.6,18.1,21.0,21.1,21.9,22.8,22.6,22.0,20.8,19.0,15.7,12.1,9.3,9.0,5.1,0.3,-3.0,-3.5,-3.7,-4.4,-3.1,-0.1,28.7,37.6,53.4,13.4,0.2,61.3,27.6,14.9,77.9,,,OBAnorm,,LD831_02097v2.403,,,,0,0
DENATRLA,2025-06-23 08:51:02.000,39.4,38.0,31.4,29.9,24.9,20.5,17.2,16.4,10.3,12.7,14.8,16.7,18.8,20.5,20.5,22.4,22.4,23.1,22.1,20.8,18.3,16.3,13.2,12.3,10.3,10.1,0.3,-2.1,-3.5,-3.7,-4.3,-3.0,-0.1,29.0,39.0,60.0,13.4,0.2,44.5,27.6,14.9,77.9,,,OBAnorm,,LD831_02097v2.403,,,,0,0
DENATRLA,2025-06-23 08:51:03.000,40.2,35.3,31.3,27.8,23.8,21.9,25.4,23.6,19.3,14.0,14.7,17.3,18.8,20.9,21.2,23.0,22.7,23.6,22.6,21.3,18.5,15.9,12.7,8.7,5.7,5.5,0.8,-2.2,-3.4,-3.2,-3.5,-2.7,0.0,29.1,43.7,61.4,13.4,0.2,42.7,27.6,14.9,76.7,,,OBAnorm,,LD831_02097v2.403,,,,0,0
DENATRLA,2025-06-23 08:51:04.000,39.3,36.3,38.0,38.0,32.3,30.9,25.2,20.7,16.0,13.4,15.4,18.2,19.0,19.8,21.1,21.7,23.3,23.3,22.1,20.8,18.6,15.7,12.2,8.2,5.3,3.7,-0.6,-3.1,-3.6,-3.8,-4.2,-3.0,-0.1,28.9,45.6,63.0,13.4,0.3,18.9,27.6,14.9,76.7,,,OBAnorm,,LD831_02097v2.403,,,,0,0
DENATRLA,2025-06-23 08:51:05.000,44.8,39.3,38.9,38.3,34.2,29.7,24.9,23.1,17.7,13.9,16.4,17.3,19.2,20.9,21.9,22.4,22.4,23.7,22.6,20.2,18.4,15.4,13.3,11.3,8.5,7.3,2.2,-1.4,-3.5,-3.6,-4.0,-3.1,-0.1,29.1,40.0,62.7,13.4,0.5,18.9,27.6,14.9,77.3,,,OBAnorm,,LD831_02097v2.403,,,,0,0
DENATRLA,2025-06-23 08:51:06.000,45.5,40.0,39.3,32.6,32.4,23.4,19.8,17.2,13.4,11.5,14.9,17.5,19.9,20.1,22.5,23.1,22.8,23.3,22.3,20.5,18.8,15.4,11.7,8.8,5.4,4.1,-0.1,-3.2,-3.6,-3.7,-4.3,-2.9,-0.1,28.9,43.9,61.4,13.4,0.6,7.2,27.6,14.9,77.3,,,OBAnorm,,LD831_02097v2.403,,,,0,0
DENATRLA,2025-06-23 08:51:07.000,48.5,43.0,37.9,32.3,27.7,28.7,23.4,20.2,14.7,13.4,14.0,17.1,20.4,19.6,21.6,23.1,23.6,23.1,22.6,21.1,18.4,15.7,13.3,9.1,6.2,3.8,-0.8,-3.1,-3.5,-3.6,-4.2,-3.0,0.0,29.0,47.2,66.6,13.4,0.7,16.8,27.6,14.9,77.9,,,OBAnorm,,LD831_02097v2.403,,,,0,0
DENATRLA,2025-06-23 08:51:08.000,44.3,42.2,42.4,35.4,31.5,28.7,16.0,15.9,13.4,11.4,14.5,18.0,20.2,22.1,22.0,22.0,22.8,23.3,22.0,21.1,18.8,16.3,12.6,8.5,5.7,3.7,0.8,-2.4,-3.6,-3.7,-4.4,-3.2,-0.1,28.9,37.0,56.0,13.4,0.7,17.2,27.6,14.9,77.9,,,OBAnorm,,LD831_02097v2.403,,,,0,0
DENATRLA,2025-06-23 08:51:09.000,53.6,50.2,35.1,26.1,22.5,18.7,18.1,15.8,12.7,12.2,13.8,17.7,19.9,20.9,22.1,21.8,23.5,22.9,22.3,20.9,18.6,15.5,12.5,9.2,6.8,3.8,-0.5,-3.3,-3.6,-3.7,-4.3,-2.9,-0.1,28.9,36.9,57.2,13.4,0.6,25.2,27.6,14.9,77.3,,,OBAnorm,,LD831_02097v2.403,,,,0,0
DENATRLA,2025-06-23 08:51:10.000,50.5,33.0,35.4,29.8,25.5,20.4,20.9,15.8,11.9,11.9,12.6,16.6,19.0,20.9,22.1,23.0,22.5,23.5,22.5,20.5,18.1,15.3,14.5,12.3,10.0,5.7,0.1,-2.8,-3.6,-3.6,-4.3,-3.0,-0.1,29.1,35.9,52.0,13.4,0.6,25.4,27.6,14.9,77.3,,,OBAnorm,,LD831_02097v2.403,,,,0,0
DENATRLA,2025-06-23 08:51:11.000,31.9,34.2,32.5,27.7,21.9,21.3,18.9,17.3,9.6,11.7,14.8,16.7,19.0,20.9,22.5,22.1,22.8,23.6,22.3,20.9,18.8,15.7,12.6,9.4,7.3,7.9,2.1,-2.5,-3.1,-3.6,-4.3,-3.0,-0.2,29.2,36.5,51.7,13.4,0.6,25.8,27.6,14.9,77.9,,,OBAnorm,,LD831_02097v2.403,,,,0,0
DENATRLA,2025-06-23 08:51:12.000,33.7,30.8,36.4,26.8,25.2,20.4,16.7,15.6,11.9,14.9,15.2,17.9,18.5,21.4,22.1,22.8,22.3,23.7,23.2,21.5,18.2,15.5,12.9,10.2,7.1,5.4,2.4,-1.3,-2.9,-3.6,-4.3,-3.1,-0.1,29.3,35.7,53.8,13.4,0.6,27.9,27.6,14.9,78.5,,,OBAnorm,,LD831_02097v2.403,,,,0,0
DENATRLA,2025-06-23 08:51:13.000,26.7,31.7,39.8,24.8,24.0,19.4,16.8,15.4,13.0,11.9,16.6,17.9,19.0,21.6,22.1,21.2,22.9,23.7,22.5,21.3,18.1,15.8,14.9,14.4,10.4,9.5,4.9,-0.2,-2.6,-3.7,-4.3,-3.1,0.0,29.3,35.1,54.2,13.4,0.6,36.7,27.6,14.9,78.5,,,OBAnorm,,LD831_02097v2.403,,,,0,0
DENATRLA,2025-06-23 08:51:14.000,31.4,33.5,32.6,25.6,20.3,18.2,17.8,15.9,13.2,12.7,15.5,16.8,19.3,20.1,21.5,22.1,23.6,25.0,23.0,20.8,18.9,16.1,12.9,9.9,6.5,7.0,3.5,-0.8,-2.8,-3.7,-4.3,-3.1,-0.1,29.6,36.2,54.4,13.4,0.6,39.4,27.6,14.9,78.5,,,OBAnorm,,LD831_02097v2.403,,,,0,0
DENATRLA,2025-06-23 08:51:15.000,34.3,29.1,32.8,26.4,21.1,21.6,18.6,16.4,13.0,13.5,16.1,16.5,20.1,20.8,22.6,23.0,23.1,23.3,22.4,21.5,19.2,16.1,12.9,9.7,6.7,6.3,3.4,-1.6,-2.9,-3.7,-4.3,-3.0,-0.2,29.3,34.3,52.5,13.4,0.6,39.4,27.6,14.9,78.5,,,OBAnorm,,LD831_02097v2.403,,,,0,0
DENATRLA,2025-06-23 08:51:16.000,31.3,32.8,33.9,21.7,20.8,18.7,16.3,15.4,11.3,12.5,14.5,17.9,18.9,21.2,21.7,23.1,23.4,23.0,23.2,21.1,19.3,15.9,12.6,9.8,7.0,6.4,3.6,-1.1,-2.7,-3.5,-4.3,-3.0,-0.2,29.3,33.8,47.4,13.4,0.6,39.4,27.6,14.9,78.5,,,OBAnorm,,LD831_02097v2.403,,,,0,0
DENATRLA,2025-06-23 08:51:17.000,35.3,31.4,29.4,24.6,19.1,19.2,16.9,15.4,12.2,10.9,14.4,18.4,19.9,20.8,21.3,22.2,22.9,23.4,22.9,21.9,18.8,15.9,13.1,10.0,6.8,9.1,3.4,-1.3,-2.7,-3.7,-4.4,-3.1,-0.1,29.3,35.3,51.0,13.4,0.6,39.4,27.6,14.9,79.0,,,OBAnorm,,LD831_02097v2.403,,,,0,0
DENATRLA,2025-06-23 08:51:18.000,29.1,28.8,33.0,23.0,21.5,20.1,15.7,15.6,12.2,10.0,13.6,16.9,19.5,20.9,21.7,22.1,22.0,23.4,22.1,21.1,18.4,15.7,13.2,10.2,8.7,6.5,3.9,-0.8,-2.8,-3.7,-4.3,-3.1,0.0,29.0,35.1,49.5,13.4,0.6,39.4,27.6,14.9,79.0,,,OBAnorm,,LD831_02097v2.403,,,,0,0
DENATRLA,2025-06-23 08:51:19.000,29.7,31.2,36.7,25.2,20.0,18.5,16.8,17.5,11.0,11.5,13.9,16.9,20.1,19.3,22.1,23.0,23.0,22.8,22.3,21.1,18.5,15.7,13.2,10.6,9.9,8.3,5.3,0.9,-1.9,-3.7,-4.4,-3.1,0.0,29.0,37.2,52.7,13.4,0.3,39.4,27.6,14.9,79.0,,,OBAnorm,,LD831_02097v2.403,,,,0,0
DENATRLA,2025-06-23 08:51:20.000,26.7,34.1,34.5,25.9,21.1,22.0,17.5,16.9,13.2,11.7,13.1,16.4,19.9,20.8,21.3,23.1,23.1,23.3,23.2,20.6,19.0,16.6,12.8,9.9,7.7,7.7,5.0,0.7,-2.2,-3.6,-4.3,-3.1,-0.1,29.3,37.1,48.1,13.4,0.0,39.4,27.6,14.9,79.0,,,OBAnorm,,LD831_02097v2.403,,,,0,0
DENATRLA,2025-06-23 08:51:21.000,36.1,36.4,39.7,24.7,20.5,22.7,16.8,15.3,10.9,11.9,14.4,18.2,19.3,20.0,22.8,22.7,22.8,23.7,22.8,21.3,18.8,15.6,12.7,9.2,6.9,6.2,3.9,-0.7,-2.7,-3.6,-4.3,-3.2,-0.2,29.4,37.8,48.7,13.4,0.0,39.4,27.6,15.0,79.1,,,OBAnorm,,LD831_02097v2.403,,,,0,0
DENATRLA,2025-06-23 08:51:22.000,31.9,38.9,38.3,28.1,24.0,22.8,18.3,14.7,13.6,10.8,13.1,16.4,19.3,20.7,21.9,23.0,22.7,23.3,22.6,21.0,19.2,16.2,14.1,12.9,10.2,10.8,4.1,-0.1,-2.4,-3.3,-4.1,-2.9,-0.1,29.4,37.4,48.4,13.4,0.0,39.4,27.6,15.0,79.6,,,OBAnorm,,LD831_02097v2.403,,,,0,0
DENATRLA,2025-06-23 08:51:23.000,28.3,38.2,41.4,23.9,21.8,19.9,16.3,15.9,11.4,12.5,13.9,16.8,19.6,21.8,22.4,24.4,23.4,23.9,23.3,21.7,19.0,16.6,14.1,10.6,7.1,6.6,3.7,-0.9,-2.7,-3.7,-4.4,-3.0,-0.1,29.8,34.7,42.6,13.4,0.0,42.9,27.6,15.0,79.6,,,OBAnorm,,LD831_02097v2.403,,,,0,0
DENATRLA,2025-06-23 08:51:24.000,30.4,39.3,38.1,24.1,21.0,23.6,16.9,16.7,12.1,12.4,13.9,16.5,19.7,20.7,21.7,22.9,22.6,24.1,23.4,21.0,19.1,15.8,14.1,9.7,6.8,5.8,2.9,-1.3,-2.9,-3.7,-4.3,-3.0,-0.1,29.5,37.4,50.0,13.4,0.0,48.7,27.6,15.0,79.6,,,OBAnorm,,LD831_02097v2.403,,,,0,0
DENATRLA,2025-06-23 08:51:25.000,20.8,35.5,36.4,24.2,23.6,22.7,18.2,17.0,12.2,13.0,15.3,17.2,20.4,21.8,22.2,22.6,23.9,24.1,22.2,21.2,18.8,15.7,12.8,10.0,6.7,6.6,3.0,-1.1,-2.8,-3.6,-4.3,-3.1,-0.2,29.5,35.3,47.0,13.4,0.0,56.4,27.6,15.0,79.6,,,OBAnorm,,LD831_02097v2.403,,,,0,0
DENATRLA,2025-06-23 08:51:26.000,30.1,36.7,39.3,22.2,20.4,18.6,17.8,15.9,11.5,13.2,14.7,17.4,19.2,20.9,22.1,23.7,23.5,24.3,22.8,21.2,18.6,16.1,13.2,12.1,10.3,6.4,2.3,-1.7,-3.1,-3.6,-4.4,-3.1,-0.2,29.5,35.9,45.0,13.4,0.0,56.3,27.6,15.0,79.1,,,OBAnorm,,LD831_02097v2.403,,,,0,0
DENATRLA,2025-06-23 08:51:27.000,34.2,36.5,37.0,23.4,22.0,19.8,18.5,16.1,11.5,12.2,15.5,17.7,20.1,21.4,22.0,23.3,22.7,23.6,22.9,21.6,19.0,15.8,13.2,9.5,6.9,5.6,1.7,-2.3,-3.4,-3.7,-4.4,-3.1,-0.2,29.3,35.2,44.4,13.4,0.0,56.3,27.6,15.0,79.6,,,OBAnorm,,LD831_02097v2.403,,,,0,0
DENATRLA,2025-06-23 08:51:28.000,27.7,36.2,34.7,23.9,23.3,18.8,16.1,16.3,12.3,12.9,14.7,16.7,19.8,20.9,21.7,22.3,23.5,24.4,22.7,21.2,18.9,16.0,13.2,11.3,7.4,5.7,0.8,-2.6,-3.4,-3.8,-4.3,-3.2,-0.2,29.6,34.8,45.3,13.4,0.0,56.3,27.6,15.0,79.6,,,OBAnorm,,LD831_02097v2.403,,,,0,0
DENATRLA,2025-06-23 08:51:29.000,31.7,33.2,34.7,21.8,21.1,19.8,17.7,16.2,11.0,12.3,15.2,17.0,20.7,21.1,21.9,21.5,22.0,23.7,23.1,20.4,18.9,16.4,13.8,9.4,6.1,6.2,0.9,-3.0,-3.4,-3.6,-4.4,-3.1,-0.1,29.0,35.8,53.0,13.4,0.0,56.4,27.6,15.0,79.6,,,OBAnorm,,LD831_02097v2.403,,,,0,0
DENATRLA,2025-06-23 08:51:30.000,32.4,36.0,31.1,26.2,24.4,21.1,19.1,14.5,11.8,12.6,12.6,18.6,19.5,21.2,21.7,22.8,23.8,23.8,23.4,21.0,18.2,15.3,12.0,9.8,6.4,5.1,0.9,-3.2,-3.4,-3.6,-4.2,-3.1,-0.2,29.4,39.8,53.0,13.4,0.0,56.4,27.6,15.0,79.6,,,OBAnorm,,LD831_02097v2.403,,,,0,0
DENATRLA,2025-06-23 08:51:31.000,33.9,34.9,31.8,31.7,29.7,25.0,21.9,18.0,14.3,13.8,14.4,18.3,20.5,20.7,22.0,23.1,23.1,22.8,22.5,20.5,18.8,15.6,13.0,11.5,10.2,8.2,-0.6,-2.9,-3.6,-3.7,-4.1,-2.9,-0.1,29.0,43.9,63.7,13.4,0.0,33.4,27.6,15.0,77.3,,,OBAnorm,,LD831_02097v2.403,,,,0,0
DENATRLA,2025-06-23 08:51:32.000,39.5,38.4,41.8,36.7,34.8,30.4,28.5,25.4,20.6,15.7,16.3,19.6,21.2,21.7,22.7,22.7,23.3,24.0,23.4,21.5,19.4,15.9,12.8,9.5,6.6,6.3,0.1,-2.9,-3.1,-3.7,-4.3,-2.9,0.0,29.6,43.5,65.6,13.4,0.0,337.5,27.6,15.1,76.8,,,OBAnorm,,LD831_02097v2.403,,,,0,0
DENATRLA,2025-06-23 08:51:33.000,41.3,43.6,43.3,37.5,35.2,30.5,20.6,18.2,14.5,14.7,17.5,18.9,20.9,21.8,22.4,23.5,23.0,23.4,23.8,21.5,19.6,16.3,12.4,9.0,6.0,6.0,0.2,-3.2,-3.5,-3.8,-4.2,-2.9,-0.1,29.7,37.3,56.5,13.4,0.0,335.4,27.6,15.2,78.5,,,OBAnorm,,LD831_02097v2.403,,,,0,0
DENATRLA,2025-06-23 08:51:34.000,40.5,43.9,39.6,32.3,20.1,21.0,17.4,14.1,13.3,13.0,17.0,18.8,20.4,21.3,21.7,22.7,22.3,23.6,23.0,21.6,19.4,16.3,14.3,10.5,7.7,5.0,0.2,-3.1,-3.3,-3.5,-4.2,-3.0,0.0,29.4,37.1,54.5,13.4,0.0,335.4,27.6,15.2,79.1,,,OBAnorm,,LD831_02097v2.403,,,,0,0
DENATRLA,2025-06-23 08:51:35.000,42.4,40.7,36.3,25.6,21.6,19.6,18.0,13.7,12.9,13.2,15.9,18.5,21.2,22.2,22.3,22.4,23.1,23.2,22.2,21.2,19.3,16.9,13.0,9.9,6.8,5.6,1.8,-1.7,-2.8,-3.6,-4.2,-2.9,-0.1,29.3,36.6,52.2,13.4,0.1,335.4,27.6,15.2,77.9,,,OBAnorm,,LD831_02097v2.403,,,,0,0
DENATRLA,2025-06-23 08:51:36.000,28.8,35.5,34.2,24.7,24.8,22.4,18.2,16.9,12.2,12.8,17.3,19.6,20.7,21.3,23.2,22.8,23.1,23.3,22.8,21.3,19.1,16.2,12.7,9.5,6.0,4.1,1.2,-2.6,-3.2,-3.6,-4.0,-2.9,0.0,29.3,36.4,48.0,13.4,0.2,335.5,27.6,15.2,77.9,,,OBAnorm,,LD831_02097v2.403,,,,0,0
DENATRLA,2025-06-23 08:51:37.000,37.3,40.6,30.8,25.4,22.8,21.1,16.5,16.3,12.9,13.8,16.9,17.6,20.1,20.3,22.2,21.8,23.2,22.8,22.7,21.3,18.9,16.1,13.9,11.7,8.7,6.1,1.5,-2.4,-3.0,-2.6,-4.1,-2.6,0.0,29.2,35.6,47.2,13.4,0.2,335.4,27.6,15.2,79.1,,,OBAnorm,,LD831_02097v2.403,,,,0,0
DENATRLA,2025-06-23 08:51:38.000,37.1,35.0,34.2,22.6,23.0,18.1,16.6,15.3,13.4,13.0,15.5,17.2,19.9,21.3,22.4,22.4,23.0,22.9,23.2,20.8,19.5,16.1,12.3,9.2,6.8,5.8,0.4,-3.1,-3.4,-3.6,-4.1,-2.9,-0.2,29.3,37.1,44.9,13.4,0.2,335.5,27.6,15.2,78.5,,,OBAnorm,,LD831_02097v2.403,,,,0,0
DENATRLA,2025-06-23 08:51:39.000,31.1,39.7,35.3,24.0,20.0,17.3,16.4,14.7,13.7,12.7,14.6,18.0,19.9,20.4,22.3,22.9,23.0,23.7,22.6,21.0,19.1,16.6,13.0,10.0,7.6,8.0,0.2,-3.4,-3.4,-3.6,-4.2,-2.9,-0.1,29.4,35.9,45.7,13.4,0.2,335.4,27.6,15.2,78.5,,,OBAnorm,,LD831_02097v2.403,,,,0,0
DENATRLA,2025-06-23 08:51:40.000,33.2,41.1,37.4,24.0,21.2,19.2,14.9,17.3,12.0,10.7,15.3,18.3,21.1,22.0,23.0,23.5,23.7,23.3,23.0,21.1,18.2,15.9,12.4,9.6,5.7,4.3,-0.7,-3.3,-3.5,-3.4,-3.9,-2.7,0.0,29.3,35.1,43.0,13.4,0.2,335.5,27.6,15.2,78.5,,,OBAnorm,,LD831_02097v2.403,,,,0,0
DENATRLA,2025-06-23 08:51:41.000,28.2,36.0,34.9,24.3,21.0,17.2,17.2,16.5,13.6,12.9,17.8,19.3,21.1,20.6,22.4,22.8,23.5,23.9,22.6,21.1,18.7,16.1,12.3,9.6,6.0,4.9,0.1,-3.0,-3.3,-3.2,-3.9,-2.6,-0.1,29.3,35.1,43.2,13.4,0.2,335.5,27.6,15.2,78.5,,,OBAnorm,,LD831_02097v2.403,,,,0,0
DENATRLA,2025-06-23 08:51:42.000,27.2,37.4,33.6,26.2,23.4,19.2,19.2,16.3,13.1,13.7,17.1,18.3,19.6,21.5,22.5,22.5,23.6,23.7,23.1,21.4,18.8,16.5,14.4,12.0,11.6,9.8,1.2,-2.9,-3.3,-3.3,-4.1,-3.0,-0.2,29.7,36.1,45.6,13.4,0.2,335.5,27.6,15.2,78.5,,,OBAnorm,,LD831_02097v2.403,,,,0,0
DENATRLA,2025-06-23 08:51:43.000,29.6,37.7,34.0,24.3,22.0,19.4,16.8,16.2,13.9,12.9,16.6,18.5,19.9,21.1,22.1,22.2,24.5,24.4,22.9,21.3,19.1,16.5,13.8,10.3,6.9,4.5,-0.1,-3.3,-3.4,-3.5,-4.3,-3.1,-0.1,29.7,40.0,58.7,13.4,0.2,335.5,27.6,15.2,78.5,,,OBAnorm,,LD831_02097v2.403,,,,0,0
DENATRLA,2025-06-23 08:51:44.000,30.6,38.7,29.7,22.2,26.0,21.9,22.5,17.9,13.0,12.8,15.7,19.1,20.5,22.0,22.0,23.2,24.1,23.8,23.1,21.4,19.7,16.4,14.2,12.9,13.5,10.3,0.6,-2.5,-3.2,-3.4,-4.1,-2.9,-0.1,30.0,41.5,65.8,13.4,0.2,335.7,27.6,15.2,78.5,,,OBAnorm,,LD831_02097v2.403,,,,0,0
DENATRLA,2025-06-23 08:51:45.000,34.1,37.9,38.6,36.3,25.1,24.5,17.2,14.0,14.5,13.2,17.1,16.8,19.8,20.7,21.6,23.1,24.0,23.9,23.2,21.5,19.3,17.0,14.3,10.3,7.7,4.7,0.2,-3.2,-3.3,-3.4,-4.2,-2.9,-0.1,29.8,37.0,52.7,13.4,0.1,337.9,27.6,15.2,78.5,,,OBAnorm,,LD831_02097v2.403,,,,0,0
DENATRLA,2025-06-23 08:51:46.000,43.4,42.0,31.4,26.7,22.2,21.8,21.3,15.2,12.7,13.3,14.8,18.8,20.8,20.7,23.1,22.7,23.6,24.1,23.1,21.9,18.8,15.9,13.0,9.7,6.9,4.8,0.3,-3.5,-3.6,-3.6,-4.1,-3.0,0.0,29.5,37.7,55.1,13.4,0.0,337.9,27.6,15.2,77.9,,,OBAnorm,,LD831_02097v2.403,,,,0,0
DENATRLA,2025-06-23 08:51:47.000,32.6,38.3,35.4,27.7,24.0,22.1,18.9,16.2,13.1,12.9,14.2,16.7,21.0,21.4,22.9,22.8,23.2,24.1,22.6,21.5,18.9,15.9,13.8,12.5,8.6,8.0,-0.8,-3.3,-3.6,-3.6,-4.2,-3.0,-0.1,29.5,42.6,62.5,13.4,0.0,38.1,27.6,15.1,77.9,,,OBAnorm,,LD831_02097v2.403,,,,0,0
DENATRLA,2025-06-23 08:51:48.000,34.7,37.2,38.2,30.4,26.8,23.4,19.6,13.1,12.8,12.8,15.0,17.6,19.4,21.0,21.8,22.6,23.1,23.2,22.9,20.9,19.1,15.1,13.2,9.0,6.1,4.6,0.7,-2.8,-3.3,-3.6,-4.3,-3.1,-0.3,29.1,36.6,55.5,13.4,0.0,94.7,27.6,15.0,77.9,,,OBAnorm,,LD831_02097v2.403,,,,0,0
DENATRLA,2025-06-23 08:51:49.000,41.5,42.2,39.6,27.4,21.6,16.7,15.9,16.1,13.9,10.6,14.4,16.7,19.4,21.6,21.7,22.2,22.7,23.2,22.1,20.5,19.0,15.7,13.5,11.4,6.9,5.2,2.0,-3.6,-3.5,-3.8,-4.3,-3.0,-0.2,29.0,35.2,53.0,13.4,0.0,149.6,27.7,15.0,77.9,,,OBAnorm,,LD831_02097v2.403,,,,0,0
DENATRLA,2025-06-23 08:51:50.000,43.3,39.9,30.4,24.1,21.7,19.0,15.4,13.8,10.4,12.2,14.3,18.3,19.9,20.5,21.8,23.6,22.5,22.9,22.5,20.3,17.9,15.4,12.2,10.5,7.6,7.6,-0.4,-3.4,-3.6,-3.7,-4.4,-3.2,-0.1,28.9,37.3,58.5,13.4,0.0,157.5,27.6,15.1,77.9,,,OBAnorm,,LD831_02097v2.403,,,,0,0
DENATRLA,2025-06-23 08:51:51.000,34.7,34.3,31.2,27.9,23.1,20.5,18.0,16.6,12.4,10.5,15.0,17.3,19.8,20.4,22.5,22.1,23.3,22.9,22.3,20.4,17.9,14.9,12.4,9.5,6.4,3.9,-0.5,-3.7,-3.5,-3.7,-4.3,-3.1,-0.1,28.6,36.3,52.1,13.4,0.0,157.5,27.7,15.1,77.9,,,OBAnorm,,LD831_02097v2.403,,,,0,0
DENATRLA,2025-06-23 08:51:52.000,34.2,38.4,32.4,25.8,22.0,20.3,16.5,15.7,10.6,12.1,14.5,18.6,18.6,19.9,22.3,21.3,22.2,22.9,21.8,20.0,17.5,14.2,11.4,8.4,5.4,3.5,-0.1,-2.4,-3.3,-3.7,-4.4,-3.1,-0.2,28.3,35.5,49.7,13.4,0.0,157.5,27.6,15.1,77.9,,,OBAnorm,,LD831_02097v2.403,,,,0,0
DENATRLA,2025-06-23 08:51:53.000,38.4,38.6,36.6,22.4,20.4,19.5,14.6,13.0,12.6,12.6,15.3,17.3,18.7,19.9,21.7,22.3,23.0,23.0,21.7,20.9,18.0,15.4,13.1,11.4,9.1,6.0,1.7,-2.6,-3.5,-3.8,-4.3,-3.2,-0.2,28.8,35.4,53.9,13.4,0.0,167.2,27.6,15.1,77.9,,,OBAnorm,,LD831_02097v2.403,,,,0,0
DENATRLA,2025-06-23 08:51:54.000,33.4,36.0,36.3,20.1,21.3,18.9,13.8,15.2,12.2,12.1,14.3,16.7,18.9,21.1,21.3,23.2,22.6,22.8,21.9,19.9,18.3,15.6,13.9,11.2,7.7,6.4,3.9,-1.2,-2.8,-3.7,-4.3,-3.1,-0.1,28.7,36.1,54.6,13.4,0.0,178.9,27.7,15.1,77.9,,,OBAnorm,,LD831_02097v2.403,,,,0,0
DENATRLA,2025-06-23 08:51:55.000,27.9,36.7,34.4,24.5,23.9,22.8,20.3,17.7,13.4,12.5,14.8,17.0,19.8,21.4,21.8,22.7,22.6,22.7,22.1,20.2,17.5,15.4,12.2,10.9,6.6,6.1,3.9,-2.1,-3.3,-3.9,-4.4,-3.2,-0.2,28.6,38.3,57.5,13.4,0.0,178.9,27.6,15.1,77.9,,,OBAnorm,,LD831_02097v2.403,,,,0,0
DENATRLA,2025-06-23 08:51:56.000,32.8,36.5,33.7,30.7,22.1,18.9,18.7,14.9,13.5,13.8,15.3,17.6,19.1,20.8,21.6,22.1,22.9,22.3,22.5,20.3,18.3,15.1,11.6,8.8,6.2,5.6,3.2,-1.5,-3.1,-3.6,-4.3,-3.1,-0.1,28.6,38.6,56.4,13.4,0.0,178.9,27.6,15.1,77.9,,,OBAnorm,,LD831_02097v2.403,,,,0,0
DENATRLA,2025-06-23 08:51:57.000,34.9,37.1,37.8,28.1,27.0,19.1,18.7,16.7,11.3,12.6,15.1,17.8,19.0,21.5,22.2,22.4,22.7,22.5,21.8,19.8,17.8,15.2,12.1,8.6,6.4,6.0,3.4,-1.2,-2.9,-3.7,-4.4,-3.1,-0.2,28.4,37.0,52.8,13.4,0.0,178.9,27.7,15.1,77.9,,,OBAnorm,,LD831_02097v2.403,,,,0,0
DENATRLA,2025-06-23 08:51:58.000,39.2,36.8,37.9,26.1,22.6,20.6,18.6,15.3,11.9,11.9,13.9,17.4,19.9,20.9,22.1,22.3,22.5,22.1,21.7,19.6,17.9,15.5,13.5,11.9,9.6,6.9,3.3,-1.0,-2.9,-3.6,-4.1,-3.1,-0.1,28.5,35.9,52.1,13.4,0.0,178.9,27.6,15.1,77.9,,,OBAnorm,,LD831_02097v2.403,,,,0,0
DENATRLA,2025-06-23 08:51:59.000,38.6,39.7,35.0,25.4,23.8,19.3,17.3,16.8,12.9,12.2,13.4,16.8,18.4,20.3,21.5,22.7,22.4,22.2,21.4,20.0,17.8,14.8,12.1,8.8,6.5,5.8,3.3,-1.1,-2.9,-3.6,-4.3,-3.0,-0.1,28.3,41.4,60.4,13.4,0.0,178.8,27.7,15.1,77.9,,,OBAnorm,,LD831_02097v2.403,,,,0,0
DENATRLA,2025-06-23 08:52:00.000,31.7,37.7,35.6,28.6,27.6,23.4,21.8,18.8,17.3,12.8,15.2,16.7,19.3,20.8,22.1,21.2,21.4,21.8,21.4,19.7,17.7,14.6,12.3,12.0,7.1,6.4,4.2,-1.0,-2.5,-3.6,-4.3,-2.9,-0.1,27.9,40.6,58.4,13.4,0.0,177.6,27.6,15.1,76.8,,,OBAnorm,,LD831_02097v2.403,,,,0,0
DENATRLA,2025-06-23 08:52:01.000,42.1,39.1,41.2,32.8,28.7,24.3,22.6,19.0,15.3,14.0,13.7,17.3,19.3,19.7,22.2,22.3,22.6,22.0,21.6,19.8,17.7,15.4,13.0,11.6,8.6,7.0,4.6,0.3,-2.3,-3.6,-4.3,-2.9,0.0,28.6,44.1,63.6,13.4,0.0,147.7,27.6,15.0,74.5,,,OBAnorm,,LD831_02097v2.403,,,,0,0
DENATRLA,2025-06-23 08:52:02.000,44.1,41.1,40.3,35.1,30.8,27.5,23.7,18.2,14.3,13.8,13.8,17.5,19.6,21.4,21.2,21.0,21.8,22.9,21.6,19.7,17.8,14.6,11.7,9.1,5.8,6.6,3.8,-0.9,-2.7,-3.7,-4.4,-3.1,0.0,28.2,42.3,60.5,13.4,0.0,141.2,27.6,15.0,74.5,,,OBAnorm,,LD831_02097v2.403,,,,0,0
DENATRLA,2025-06-23 08:52:03.000,44.4,43.1,39.2,33.0,28.9,23.4,19.7,19.3,16.4,13.1,15.6,16.3,19.1,19.8,22.7,22.2,22.3,22.4,21.5,20.2,18.0,15.3,12.0,8.5,6.6,7.2,4.0,-0.6,-2.5,-3.7,-4.3,-3.1,-0.1,28.3,39.9,56.5,13.4,0.0,148.0,27.7,15.0,76.8,,,OBAnorm,,LD831_02097v2.403,,,,0,0
DENATRLA,2025-06-23 08:52:04.000,43.2,42.8,41.9,32.8,27.7,23.6,18.6,17.3,16.6,13.1,16.5,17.7,18.6,21.3,21.8,22.3,21.7,21.9,21.6,19.6,17.6,14.9,12.0,10.1,7.5,6.6,4.6,-0.4,-2.3,-3.7,-4.3,-3.1,-0.1,28.2,40.7,57.9,13.4,0.0,147.0,27.6,15.0,77.9,,,OBAnorm,,LD831_02097v2.403,,,,0,0
DENATRLA,2025-06-23 08:52:05.000,45.2,42.3,41.8,29.0,29.2,23.1,18.4,16.7,17.1,12.5,14.1,18.5,18.4,21.7,21.7,22.6,22.4,22.4,22.1,21.4,18.2,15.6,12.3,8.6,6.5,6.2,3.8,-1.0,-2.4,-3.7,-4.3,-3.0,-0.2,28.7,39.5,58.6,13.4,0.0,146.2,27.7,15.0,77.9,,,OBAnorm,,LD831_02097v2.403,,,,0,0
DENATRLA,2025-06-23 08:52:06.000,36.9,43.3,40.1,29.9,24.6,21.2,18.7,17.0,12.2,13.0,15.9,19.0,19.1,21.4,22.0,22.3,22.2,22.1,21.8,20.3,18.0,14.7,12.8,11.1,9.1,8.5,4.0,-0.9,-2.6,-3.7,-4.4,-3.1,-0.1,28.5,40.2,58.0,13.4,0.0,146.2,27.6,15.1,77.9,,,OBAnorm,,LD831_02097v2.403,,,,0,0
DENATRLA,2025-06-23 08:52:07.000,38.1,39.7,37.5,28.6,27.5,21.0,17.7,14.4,10.7,11.0,15.5,18.3,19.2,21.4,22.4,22.5,22.1,22.1,21.7,20.2,18.1,15.3,12.3,9.7,7.5,7.3,5.0,0.5,-1.8,-3.6,-4.3,-3.2,-0.1,28.5,37.4,56.1,13.4,0.0,145.8,27.6,15.1,77.9,,,OBAnorm,,LD831_02097v2.403,,,,0,0
DENATRLA,2025-06-23 08:52:08.000,39.4,41.1,36.6,28.7,21.3,18.2,16.9,15.7,11.4,9.4,14.9,18.0,18.9,21.6,22.5,22.7,22.1,22.7,21.4,20.9,18.2,15.8,13.6,12.0,9.6,7.7,5.4,1.0,-1.4,-3.6,-4.2,-2.5,-0.1,28.8,36.5,50.9,13.4,0.0,145.7,27.7,15.1,77.9,,,OBAnorm,,LD831_02097v2.403,,,,0,0
DENATRLA,2025-06-23 08:52:09.000,35.8,39.8,36.4,23.4,20.2,19.6,17.2,15.7,13.1,10.2,14.1,17.9,19.8,21.0,21.2,22.1,21.9,21.5,21.1,20.4,18.4,15.8,12.7,9.8,8.1,8.0,5.7,1.2,-1.2,-3.3,-3.9,-2.8,-0.1,28.3,35.6,48.3,13.4,0.0,145.5,27.7,15.1,77.9,,,OBAnorm,,LD831_02097v2.403,,,,0,0
DENATRLA,2025-06-23 08:52:10.000,31.2,37.7,34.8,21.8,20.8,18.3,15.7,15.5,10.0,10.8,14.6,17.3,19.2,19.9,22.1,22.8,22.0,22.3,21.9,20.1,18.3,15.1,12.2,9.4,7.6,7.0,4.3,0.0,-2.0,-3.4,-4.1,-3.0,-0.1,28.5,36.8,49.4,13.4,0.0,145.2,27.7,15.1,77.9,,,OBAnorm,,LD831_02097v2.403,,,,0,0
DENATRLA,2025-06-23 08:52:11.000,28.7,37.4,36.5,26.9,22.6,18.8,15.0,13.5,12.4,12.0,14.5,16.5,20.8,21.1,21.4,22.3,22.0,22.6,21.8,20.4,18.4,15.8,12.4,10.0,8.0,6.6,3.9,-0.4,-2.4,-3.6,-4.4,-3.1,-0.3,28.6,37.9,51.0,13.4,0.0,144.2,27.7,15.1,78.5,,,OBAnorm,,LD831_02097v2.403,,,,0,0
DENATRLA,2025-06-23 08:52:12.000,34.4,39.7,38.9,25.9,20.9,19.5,18.6,15.1,11.9,12.6,13.1,17.5,20.5,19.4,22.3,22.0,22.3,22.8,22.1,20.9,17.9,15.2,13.4,10.7,7.9,7.5,3.0,-1.2,-2.8,-3.5,-4.2,-2.8,-0.2,28.7,35.8,48.5,13.4,0.0,144.1,27.7,15.1,78.5,,,OBAnorm,,LD831_02097v2.403,,,,0,0
DENATRLA,2025-06-23 08:52:13.000,31.0,41.9,36.8,24.6,20.6,20.6,17.5,15.9,13.2,12.4,15.0,16.3,19.4,20.9,21.8,21.7,23.3,22.5,22.4,20.5,18.3,15.8,12.6,9.9,7.7,5.6,2.0,-2.5,-3.3,-3.8,-4.3,-3.2,-0.2,28.7,36.3,47.1,13.4,0.0,144.2,27.7,15.0,78.5,,,OBAnorm,,LD831_02097v2.403,,,,0,0
DENATRLA,2025-06-23 08:52:14.000,31.7,38.2,34.4,24.3,20.8,20.4,16.3,13.7,10.5,14.3,14.7,17.6,20.0,20.9,21.6,21.7,22.4,22.5,21.9,20.9,18.0,15.8,12.2,9.4,6.7,6.1,1.6,-2.6,-3.4,-3.8,-4.3,-3.1,-0.1,28.5,35.2,50.7,13.4,0.0,144.2,27.7,15.0,78.5,,,OBAnorm,,LD831_02097v2.403,,,,0,0
DENATRLA,2025-06-23 08:52:15.000,35.5,37.8,33.4,21.8,23.1,20.2,18.6,15.7,11.6,12.3,13.8,16.1,17.7,20.4,21.5,22.1,22.0,22.4,21.8,21.0,18.2,15.9,13.8,15.4,10.0,9.0,1.3,-1.3,-3.5,-3.7,-4.4,-3.0,-0.2,29.0,34.6,45.6,13.4,0.0,144.3,27.6,15.0,78.5,,,OBAnorm,,LD831_02097v2.403,,,,0,0
DENATRLA,2025-06-23 08:52:16.000,33.7,38.0,35.5,23.6,23.2,20.1,15.5,15.7,10.5,12.6,14.4,17.3,18.5,20.2,21.5,21.7,22.4,21.7,21.7,20.6,17.6,15.1,12.5,11.4,6.8,4.9,2.3,-3.2,-3.4,-3.6,-3.8,-2.8,-0.1,28.3,35.0,44.4,13.4,0.0,144.2,27.7,15.0,78.5,,,OBAnorm,,LD831_02097v2.403,,,,0,0
DENATRLA,2025-06-23 08:52:17.000,31.0,36.7,33.2,22.3,21.2,19.1,16.0,14.0,11.8,14.2,13.4,17.6,18.3,20.2,21.7,22.4,22.8,21.8,22.1,21.0,18.6,15.4,12.3,9.2,6.1,3.9,0.4,-3.4,-3.6,-3.9,-4.4,-3.2,-0.3,28.7,35.8,43.0,13.4,0.0,144.2,27.7,15.0,78.5,,,OBAnorm,,LD831_02097v2.403,,,,0,0
DENATRLA,2025-06-23 08:52:18.000,25.9,36.7,35.9,26.3,20.6,17.1,18.4,16.4,12.7,11.5,13.6,14.9,19.5,21.6,21.9,22.3,22.5,22.8,22.0,21.0,18.6,15.9,12.2,10.1,6.5,6.2,0.0,-3.3,-3.4,-3.7,-4.3,-3.2,-0.1,28.8,36.3,44.7,13.4,0.0,144.2,27.7,15.1,78.5,,,OBAnorm,,LD831_02097v2.403,,,,0,0
DENATRLA,2025-06-23 08:52:19.000,27.4,38.5,37.5,21.5,19.9,20.5,15.2,15.6,12.8,10.9,14.2,17.6,18.4,21.0,21.8,22.2,21.6,22.1,22.4,21.3,18.5,16.9,16.3,13.2,9.0,8.3,0.4,0.2,0.3,-3.4,-4.4,-3.1,-0.1,29.3,35.1,42.1,13.4,0.0,144.2,27.7,15.1,78.5,,,OBAnorm,,LD831_02097v2.403,,,,0,0
DENATRLA,2025-06-23 08:52:20.000,27.0,38.7,36.5,21.3,24.2,21.4,17.7,14.8,11.0,11.6,15.1,16.4,18.3,19.4,22.1,22.1,22.7,22.0,23.0,20.9,18.4,16.1,13.0,9.7,6.9,4.7,-1.0,-3.6,-3.6,-3.6,-4.3,-3.1,-0.2,28.8,35.1,42.4,13.4,0.0,144.2,27.7,15.1,78.5,,,OBAnorm,,LD831_02097v2.403,,,,0,0
DENATRLA,2025-06-23 08:52:21.000,30.1,38.5,32.9,22.9,22.8,20.2,17.3,15.4,11.7,10.9,13.7,16.0,18.3,20.4,21.5,22.0,22.1,22.9,22.7,20.6,18.4,15.7,12.5,9.8,7.6,4.3,0.0,-3.7,-3.6,-3.9,-4.5,-3.2,-0.1,28.7,35.0,42.3,13.4,0.0,144.2,27.7,15.1,78.5,,,OBAnorm,,LD831_02097v2.403,,,,0,0
DENATRLA,2025-06-23 08:52:22.000,25.6,38.0,33.6,20.6,22.8,17.7,16.6,15.8,11.7,10.0,13.0,17.7,17.8,20.7,21.3,22.5,21.8,22.1,22.0,20.9,19.3,15.6,14.1,12.6,11.9,6.9,-1.2,-2.2,-3.5,-3.8,-4.4,-3.0,-0.2,28.8,34.3,41.1,13.4,0.0,144.2,27.7,15.1,78.5,,,OBAnorm,,LD831_02097v2.403,,,,0,0
DENATRLA,2025-06-23 08:52:23.000,28.1,36.8,30.4,24.1,21.7,19.0,15.6,13.6,9.3,11.2,14.5,16.8,18.1,19.3,20.9,21.1,22.8,23.0,23.3,21.8,19.2,16.2,12.8,9.3,5.7,3.8,-1.1,-3.7,-3.7,-3.9,-4.4,-3.2,0.0,29.3,34.5,43.3,13.4,0.0,144.2,27.7,15.1,78.5,,,OBAnorm,,LD831_02097v2.403,,,,0,0
DENATRLA,2025-06-23 08:52:24.000,29.4,38.1,28.5,25.9,19.4,20.1,17.3,13.3,10.9,10.2,13.9,15.8,19.4,20.9,21.1,22.1,22.0,23.4,22.4,20.9,19.4,16.6,13.7,11.2,10.4,5.9,-1.0,-2.3,-3.6,-3.8,-4.4,-3.3,-0.2,29.3,34.3,49.6,13.4,0.0,144.2,27.7,15.1,78.5,,,OBAnorm,,LD831_02097v2.403,,,,0,0
DENATRLA,2025-06-23 08:52:25.000,26.9,37.8,28.5,17.9,17.7,16.4,17.8,15.9,11.6,10.1,14.5,15.6,19.1,20.3,21.8,21.4,22.4,22.7,22.3,21.1,19.4,16.4,13.6,9.4,6.1,4.1,-0.6,-2.2,-3.1,-3.9,-4.4,-3.1,-0.2,28.9,34.3,46.0,13.4,0.0,144.2,27.6,15.1,78.5,,,OBAnorm,,LD831_02097v2.403,,,,0,0
DENATRLA,2025-06-23 08:52:26.000,26.0,35.2,30.3,23.1,20.5,18.5,16.4,15.5,11.9,10.3,14.3,15.2,18.5,20.4,22.1,22.0,23.6,23.8,21.9,21.3,19.3,16.9,13.3,10.8,6.8,4.7,-0.7,-3.1,-3.6,-3.6,-4.2,-2.9,-0.1,29.3,33.7,42.9,13.4,0.0,144.2,27.6,15.1,79.1,,,OBAnorm,,LD831_02097v2.403,,,,0,0
DENATRLA,2025-06-23 08:52:27.000,28.7,37.1,25.6,26.6,22.3,17.0,17.4,14.6,13.3,10.6,12.9,14.5,19.4,20.9,21.7,21.7,22.6,23.3,22.3,21.4,19.6,17.2,14.0,11.2,7.8,5.5,-0.1,-3.3,-3.6,-3.8,-4.3,-3.0,-0.1,29.3,33.9,44.3,13.4,0.0,144.2,27.7,15.1,79.1,,,OBAnorm,,LD831_02097v2.403,,,,0,0
DENATRLA,2025-06-23 08:52:28.000,28.9,29.4,28.5,25.3,22.8,19.9,19.2,12.2,11.8,11.0,13.7,16.9,19.2,20.3,20.7,22.4,23.1,23.7,22.9,21.5,20.0,17.3,14.8,12.9,9.5,7.1,0.4,-2.7,-3.3,-3.7,-4.3,-3.2,-0.2,29.8,34.0,44.1,13.4,0.0,144.2,27.7,15.1,79.1,,,OBAnorm,,LD831_02097v2.403,,,,0,0
DENATRLA,2025-06-23 08:52:29.000,30.6,32.9,27.3,23.0,21.9,18.4,17.5,13.5,13.4,13.6,14.5,16.9,20.3,21.8,22.2,22.3,22.8,23.1,24.0,22.6,20.7,18.1,15.5,12.0,9.0,9.3,1.1,-3.1,-3.6,-3.8,-4.3,-3.0,-0.1,30.2,34.1,40.2,13.4,0.0,144.3,27.7,15.1,79.1,,,OBAnorm,,LD831_02097v2.403,,,,0,0
DENATRLA,2025-06-23 08:52:30.000,28.0,33.7,29.2,22.6,18.0,18.4,15.3,16.0,12.6,10.8,13.2,17.3,18.8,21.8,23.8,24.0,24.4,24.1,25.2,23.6,21.1,18.9,15.7,13.4,9.8,6.5,1.6,-3.2,-2.8,-3.8,-4.4,-3.2,-0.1,31.1,35.0,41.7,13.4,0.0,144.3,27.7,15.1,79.1,,,OBAnorm,,LD831_02097v2.403,,,,0,0
DENATRLA,2025-06-23 08:52:31.000,25.1,34.6,24.6,20.4,21.6,18.8,18.6,16.2,12.7,11.4,14.7,17.2,20.2,22.2,23.1,23.5,23.8,24.6,23.9,24.5,22.4,20.0,16.5,12.8,10.3,6.7,1.3,-2.9,-2.8,-3.9,-4.4,-3.1,-0.2,31.4,35.0,41.3,13.4,0.0,144.3,27.7,15.1,79.1,,,OBAnorm,,LD831_02097v2.403,,,,0,0
DENATRLA,2025-06-23 08:52:32.000,27.8,35.1,28.6,24.1,20.6,21.2,16.9,15.2,11.1,10.3,15.4,18.6,20.5,21.4,22.9,23.7,25.1,25.0,25.1,24.1,22.7,20.0,17.8,15.5,14.0,9.6,2.1,-1.6,-3.4,-3.8,-4.4,-3.0,-0.2,31.8,35.1,40.6,13.4,0.0,144.3,27.6,15.1,79.1,,,OBAnorm,,LD831_02097v2.403,,,,0,0
DENATRLA,2025-06-23 08:52:33.000,31.9,33.8,28.4,23.6,22.9,19.9,19.1,14.4,12.5,12.1,15.1,16.9,21.1,22.1,22.0,23.9,24.5,24.7,25.2,23.5,22.3,20.5,17.5,13.9,11.1,7.8,2.1,-2.4,-3.5,-3.7,-4.3,-3.2,-0.2,31.7,35.2,41.0,13.4,0.0,144.2,27.7,15.1,79.1,,,OBAnorm,,LD831_02097v2.403,,,,0,0
DENATRLA,2025-06-23 08:52:34.000,27.7,33.5,28.0,24.8,21.6,20.4,18.4,15.7,11.0,11.7,15.0,17.8,20.5,22.3,22.6,24.5,24.7,25.1,24.6,24.0,23.3,20.7,18.0,15.3,11.7,8.5,2.8,-2.1,-2.6,-3.7,-4.2,-3.1,0.0,31.9,35.4,47.2,13.4,0.0,144.3,27.7,15.1,79.1,,,OBAnorm,,LD831_02097v2.403,,,,0,0
DENATRLA,2025-06-23 08:52:35.000,28.1,33.9,28.3,24.6,21.3,18.5,19.1,15.8,13.0,12.1,16.5,17.9,20.7,23.0,23.8,24.7,24.8,24.5,25.3,23.8,23.2,20.8,18.5,14.4,11.3,8.5,2.5,-2.3,-3.1,-3.7,-4.4,-3.0,-0.2,31.9,35.5,41.0,13.4,0.0,144.3,27.7,15.1,79.1,,,OBAnorm,,LD831_02097v2.403,,,,0,0
DENATRLA,2025-06-23 08:52:36.000,29.4,32.6,27.2,25.6,22.7,21.4,19.4,16.2,13.9,13.6,14.0,18.1,20.6,21.8,23.7,24.3,24.8,25.7,25.0,23.7,22.8,20.8,18.0,15.0,11.7,8.8,2.7,-2.0,-3.2,-3.8,-4.3,-3.2,-0.1,31.9,35.4,42.6,13.4,0.0,144.3,27.7,15.1,79.1,,,OBAnorm,,LD831_02097v2.403,,,,0,0
DENATRLA,2025-06-23 08:52:37.000,32.9,34.1,25.0,24.7,23.9,20.8,15.7,14.2,12.6,12.9,15.0,18.3,20.9,22.0,22.2,23.5,24.5,24.5,24.1,23.4,22.0,19.3,16.1,13.2,9.9,6.9,1.5,-2.3,-3.2,-3.6,-4.3,-3.1,-0.2,31.1,34.6,42.0,13.4,0.0,144.2,27.7,15.1,79.1,,,OBAnorm,,LD831_02097v2.403,,,,0,0
DENATRLA,2025-06-23 08:52:38.000,29.8,33.4,26.2,24.0,22.3,22.0,18.3,14.0,12.7,10.6,16.1,18.0,20.0,20.5,22.5,22.6,23.4,23.8,23.5,22.8,19.8,17.0,14.6,11.0,7.9,5.4,0.6,-3.1,-3.3,-3.7,-4.4,-3.2,0.0,29.9,34.1,41.9,13.4,0.0,144.3,27.7,15.1,79.1,,,OBAnorm,,LD831_02097v2.403,,,,0,0
DENATRLA,2025-06-23 08:52:39.000,28.6,33.0,26.3,22.3,17.2,20.6,14.0,14.9,13.7,10.8,13.7,17.8,19.0,20.8,21.9,23.3,23.8,23.7,23.3,22.5,20.6,17.8,14.8,11.7,8.9,6.4,1.7,-1.3,-2.6,-3.2,-4.3,-3.1,-0.1,30.1,34.3,42.5,13.4,0.0,144.2,27.7,15.1,78.5,,,OBAnorm,,LD831_02097v2.403,,,,0,0
DENATRLA,2025-06-23 08:52:40.000,25.5,32.0,27.2,25.4,21.6,19.0,17.9,16.0,13.8,11.7,14.7,18.8,20.1,22.5,22.2,23.3,23.8,23.7,23.1,21.8,20.7,17.9,15.2,12.4,9.0,7.4,1.0,-1.8,-3.0,-3.3,-4.1,-3.1,-0.1,30.2,34.6,40.7,13.4,0.0,144.3,27.7,15.1,78.5,,,OBAnorm,,LD831_02097v2.403,,,,0,0
DENATRLA,2025-06-23 08:52:41.000,22.1,34.2,24.7,18.6,19.6,20.4,16.4,14.9,12.1,11.5,14.7,17.9,21.1,22.3,22.4,23.0,24.7,23.0,23.3,23.1,21.4,20.9,15.4,13.2,9.2,5.8,1.4,-0.7,-2.2,-2.5,-4.1,-2.9,-0.2,30.7,34.8,40.8,13.4,0.0,144.3,27.7,15.1,78.5,,,OBAnorm,,LD831_02097v2.403,,,,0,0
DENATRLA,2025-06-23 08:52:42.000,30.6,35.9,29.7,23.3,22.8,21.9,18.9,13.6,13.9,14.5,16.0,18.5,20.9,21.7,22.9,24.9,24.2,23.7,23.6,22.9,21.3,20.8,16.3,14.4,10.4,9.6,2.0,-1.3,-2.4,-3.3,-4.3,-2.9,-0.2,31.1,34.7,39.7,13.4,0.0,144.2,27.7,15.2,78.5,,,OBAnorm,,LD831_02097v2.403,,,,0,0
DENATRLA,2025-06-23 08:52:43.000,27.4,33.3,29.5,22.3,20.9,21.5,21.1,16.9,13.0,13.3,14.2,18.7,21.2,21.9,23.4,23.5,24.6,24.3,23.7,22.2,20.0,18.6,15.1,12.4,10.2,7.7,1.9,-1.5,-2.9,-3.1,-4.2,-3.0,-0.1,30.5,34.5,42.1,13.4,0.0,144.2,27.7,15.2,78.5,,,OBAnorm,,LD831_02097v2.403,,,,0,0
DENATRLA,2025-06-23 08:52:44.000,26.3,31.9,27.3,23.7,21.7,17.4,19.9,17.7,14.2,12.9,16.1,18.9,20.8,23.2,24.5,23.3,24.0,24.4,23.9,22.4,20.7,18.4,15.5,12.9,9.9,8.1,2.0,2.0,-0.8,-1.3,-4.0,-3.1,-0.3,30.7,34.8,44.0,13.4,0.0,144.3,27.7,15.2,78.5,,,OBAnorm,,LD831_02097v2.403,,,,0,0
DENATRLA,2025-06-23 08:52:45.000,28.1,30.2,27.6,25.1,22.5,21.4,18.4,15.6,15.9,13.1,16.6,18.5,21.1,23.3,24.3,24.7,24.6,24.4,23.7,22.8,21.3,17.8,14.7,12.3,8.8,7.5,1.2,-2.0,-2.6,-3.0,-4.2,-3.0,-0.2,31.0,35.1,45.0,13.4,0.0,144.3,27.7,15.2,78.5,,,OBAnorm,,LD831_02097v2.403,,,,0,0
DENATRLA,2025-06-23 08:52:46.000,31.9,28.9,26.2,22.7,23.6,23.0,20.5,16.6,12.6,12.1,15.7,18.2,20.9,22.1,24.4,24.8,24.3,25.6,24.8,23.8,21.4,18.0,14.7,11.3,8.3,5.5,0.5,-2.6,-2.8,-3.1,-4.2,-3.1,-0.1,31.3,35.4,46.5,13.4,0.0,144.3,27.7,15.2,78.5,,,OBAnorm,,LD831_02097v2.403,,,,0,0
DENATRLA,2025-06-23 08:52:47.000,31.1,29.7,26.7,26.1,23.6,20.4,20.1,14.6,15.2,12.6,15.9,18.5,21.1,22.2,23.7,24.8,24.8,24.5,25.1,22.8,21.3,18.4,15.1,12.4,9.3,8.4,1.2,-1.9,-2.8,-3.1,-4.2,-3.1,-0.1,31.2,35.7,45.9,13.4,0.0,144.2,27.7,15.2,78.5,,,OBAnorm,,LD831_02097v2.403,,,,0,0
DENATRLA,2025-06-23 08:52:48.000,33.1,31.2,27.1,25.4,22.8,22.3,18.9,16.9,15.6,14.0,15.2,17.9,20.5,23.1,24.6,24.1,25.9,24.7,24.9,23.4,21.6,18.6,15.7,12.5,9.2,8.2,2.0,-0.8,-1.8,-2.7,-3.9,-3.0,-0.1,31.4,35.4,43.9,13.4,0.0,144.2,27.7,15.2,78.5,,,OBAnorm,,LD831_02097v2.403,,,,0,0
DENATRLA,2025-06-23 08:52:49.000,32.0,32.9,31.7,27.5,22.1,18.9,19.3,17.3,14.3,12.2,15.3,19.9,19.9,22.6,23.2,24.6,24.6,24.9,25.0,23.9,21.4,19.3,16.9,15.5,11.8,9.4,1.5,-1.3,-1.3,-2.0,-3.9,-2.9,0.0,31.6,36.1,46.3,13.4,0.0,144.2,27.7,15.2,78.5,,,OBAnorm,,LD831_02097v2.403,,,,0,0
DENATRLA,2025-06-23 08:52:50.000,27.3,30.7,26.1,27.0,24.6,22.9,19.4,19.0,16.8,13.4,15.2,18.7,21.6,22.6,24.7,24.7,24.5,25.5,24.8,23.7,22.0,19.3,16.2,12.4,9.4,8.0,1.5,-1.4,-2.5,-3.0,-4.1,-3.1,0.0,31.5,36.1,48.4,13.4,0.0,144.3,27.7,15.2,78.5,,,OBAnorm,,LD831_02097v2.403,,,,0,0
DENATRLA,2025-06-23 08:52:51.000,32.7,34.8,31.8,28.8,23.6,23.0,21.1,19.2,14.2,13.2,15.3,18.1,20.5,22.3,22.9,24.0,24.6,24.9,24.5,23.5,21.4,18.4,15.3,12.0,8.3,5.9,1.1,-2.6,-3.0,-3.3,-4.1,-3.1,-0.1,31.2,36.1,49.0,13.4,0.0,144.2,27.7,15.2,78.5,,,OBAnorm,,LD831_02097v2.403,,,,0,0
DENATRLA,2025-06-23 08:52:52.000,31.3,33.6,25.8,26.2,21.9,19.8,19.0,18.7,14.4,12.8,15.7,18.5,20.0,21.9,23.7,24.1,25.1,25.5,24.3,23.4,21.8,20.1,15.5,12.2,8.7,6.7,0.8,-2.7,-3.0,-3.3,-4.1,-2.9,-0.1,31.4,36.7,50.4,13.4,0.0,144.3,27.7,15.2,77.9,,,OBAnorm,,LD831_02097v2.403,,,,0,0
DENATRLA,2025-06-23 08:52:53.000,31.8,33.7,28.1,26.6,25.5,22.8,20.2,17.9,12.9,11.8,15.9,17.6,20.5,22.4,23.3,24.0,25.7,25.3,25.1,23.1,20.7,18.2,15.1,11.4,7.6,5.7,0.3,-3.2,-3.0,-3.3,-4.2,-3.1,-0.1,31.3,37.8,53.4,13.4,0.0,144.3,27.7,15.2,77.9,,,OBAnorm,,LD831_02097v2.403,,,,0,0
DENATRLA,2025-06-23 08:52:54.000,31.7,37.0,33.0,29.2,26.7,21.5,18.9,16.6,14.4,13.9,16.4,18.9,20.8,22.4,22.6,24.0,24.6,25.1,24.4,23.6,21.3,18.4,15.1,11.5,7.5,5.2,0.2,-3.1,-3.4,-3.5,-4.3,-3.0,-0.1,31.0,36.5,47.9,13.4,0.0,143.7,27.7,15.2,77.9,,,OBAnorm,,LD831_02097v2.403,,,,0,0
DENATRLA,2025-06-23 08:52:55.000,35.6,37.3,33.2,27.2,24.5,20.4,19.0,16.6,12.5,12.3,16.2,16.6,20.2,23.2,23.3,24.1,25.3,25.3,25.2,23.9,21.0,18.7,15.6,12.9,8.5,6.0,0.4,-3.3,-3.3,-3.5,-4.2,-3.1,-0.1,31.7,36.2,50.0,13.4,0.0,140.3,27.6,15.2,77.9,,,OBAnorm,,LD831_02097v2.403,,,,0,0
DENATRLA,2025-06-23 08:52:56.000,37.2,38.5,27.4,26.8,21.6,22.7,22.4,16.6,11.1,12.5,15.2,18.1,20.8,22.7,22.1,24.6,25.0,25.4,25.7,24.0,21.3,18.5,16.4,13.0,9.4,7.0,1.3,-2.6,-3.4,-3.6,-4.3,-3.1,-0.2,31.6,35.7,46.3,13.4,0.0,128.1,27.7,15.2,78.5,,,OBAnorm,,LD831_02097v2.403,,,,0,0
DENATRLA,2025-06-23 08:52:57.000,29.5,33.9,27.9,26.4,25.9,18.5,21.1,18.4,14.7,11.4,16.6,18.6,21.0,23.2,23.3,24.8,25.9,25.5,26.3,23.9,21.6,18.9,15.9,12.5,8.8,6.7,1.2,-2.9,-3.4,-3.5,-4.1,-3.2,-0.1,31.8,36.7,51.3,13.4,0.0,119.0,27.7,15.2,78.5,,,OBAnorm,,LD831_02097v2.403,,,,0,0
DENATRLA,2025-06-23 08:52:58.000,30.9,31.8,28.0,28.4,19.4,23.3,19.3,17.5,13.3,13.6,16.5,19.4,20.2,22.0,23.2,24.5,25.4,25.2,25.6,24.9,22.1,18.9,15.9,12.0,8.2,5.6,0.3,-2.9,-3.5,-3.6,-4.2,-3.0,-0.1,31.8,36.3,48.7,13.4,0.0,112.9,27.7,15.2,78.5,,,OBAnorm,,LD831_02097v2.403,,,,0,0
DENATRLA,2025-06-23 08:52:59.000,32.7,35.9,29.4,25.3,24.4,21.5,21.2,18.6,13.2,11.8,15.2,18.9,22.4,22.8,24.8,24.3,25.1,25.7,25.5,24.7,22.4,19.7,16.1,12.0,8.8,5.9,0.4,-3.2,-3.4,-3.5,-4.3,-3.0,-0.2,32.0,37.1,47.8,13.4,0.0,108.3,27.7,15.2,78.5,,,OBAnorm,,LD831_02097v2.403,,,,0,0
DENATRLA,2025-06-23 08:53:00.000,34.1,36.2,32.5,25.8,23.3,20.6,19.2,16.7,14.2,12.5,14.9,18.5,21.3,23.0,23.7,24.7,26.0,26.1,26.2,24.2,22.4,19.5,16.0,11.9,8.5,5.7,0.6,-2.6,-3.5,-3.6,-4.3,-3.2,-0.1,32.2,37.1,46.8,13.4,0.0,103.7,27.7,15.1,78.5,,,OBAnorm,,LD831_02097v2.403,,,,0,0
DENATRLA,2025-06-23 08:53:01.000,31.1,37.6,32.0,25.0,23.4,22.5,19.4,18.8,12.1,14.0,16.6,20.0,21.7,23.3,25.3,25.1,24.8,26.0,26.3,25.2,23.2,20.0,16.3,12.6,9.1,6.1,0.4,-2.9,-3.4,-3.7,-4.4,-3.1,-0.1,32.7,36.5,43.9,13.4,0.0,99.7,27.7,15.1,78.5,,,OBAnorm,,LD831_02097v2.403,,,,0,0
DENATRLA,2025-06-23 08:53:02.000,32.9,38.8,30.4,27.7,24.3,22.7,19.1,18.4,14.0,11.6,15.9,17.8,22.1,23.9,24.2,24.8,25.9,26.8,26.0,24.8,22.6,20.6,16.9,12.9,9.4,6.2,0.3,-2.8,-2.9,-3.5,-4.2,-3.0,0.0,32.5,35.7,46.1,13.4,0.0,90.8,27.7,15.1,78.5,,,OBAnorm,,LD831_02097v2.403,,,,0,0
DENATRLA,2025-06-23 08:53:03.000,29.1,34.7,27.7,26.9,18.4,21.5,17.5,15.5,13.6,12.0,16.7,19.1,20.9,23.2,23.7,24.9,25.7,26.3,26.1,24.8,23.5,21.2,17.5,14.2,9.9,6.7,1.4,-3.0,-3.3,-3.6,-4.2,-3.0,-0.1,32.7,36.2,41.7,13.4,0.0,87.8,27.7,15.1,77.9,,,OBAnorm,,LD831_02097v2.403,,,,0,0
DENATRLA,2025-06-23 08:53:04.000,30.3,27.7,24.9,26.8,25.7,20.9,18.3,16.7,12.8,12.7,14.8,18.2,21.1,22.8,23.7,24.9,25.5,25.9,26.0,24.9,22.7,20.3,17.2,13.2,9.7,6.6,1.4,-3.0,-3.5,-3.5,-4.2,-3.2,-0.1,32.4,36.1,45.2,13.4,0.0,96.8,27.7,15.1,77.9,,,OBAnorm,,LD831_02097v2.403,,,,0,0
DENATRLA,2025-06-23 08:53:05.000,31.6,30.4,30.2,25.5,22.0,22.9,19.3,14.3,13.5,13.5,15.4,19.0,21.5,22.7,25.0,25.3,25.5,26.8,26.4,24.9,22.8,20.3,17.1,13.2,9.4,6.8,1.6,-2.9,-3.3,-3.3,-4.2,-3.0,-0.2,32.6,36.3,47.2,13.4,0.0,105.9,27.7,15.1,77.9,,,OBAnorm,,LD831_02097v2.403,,,,0,0
DENATRLA,2025-06-23 08:53:06.000,31.2,32.6,28.7,29.3,26.3,20.5,16.4,15.6,13.7,11.1,16.8,18.8,20.4,24.0,24.6,25.0,25.9,26.7,26.1,25.0,23.5,20.0,16.8,13.3,9.7,7.0,0.5,-3.1,-3.1,-3.4,-4.2,-3.0,0.0,32.6,36.5,47.9,13.4,0.0,106.0,27.7,15.1,77.9,,,OBAnorm,,LD831_02097v2.403,,,,0,0
DENATRLA,2025-06-23 08:53:07.000,31.2,30.9,29.3,24.4,23.3,20.3,17.6,16.8,12.6,12.7,17.7,18.6,22.3,23.9,24.6,25.6,26.7,26.9,26.2,24.7,22.7,20.1,16.8,12.7,8.8,6.2,1.1,-2.1,-1.8,-2.2,-3.0,-2.1,0.3,32.8,37.0,51.6,13.4,0.0,106.0,27.7,15.1,77.9,,,OBAnorm,,LD831_02097v2.403,,,,0,0
DENATRLA,2025-06-23 08:53:08.000,27.0,33.1,30.6,23.1,23.1,20.5,20.4,16.5,14.4,14.2,15.5,22.1,21.5,23.3,24.4,24.9,25.3,27.3,26.0,25.0,22.0,20.0,16.6,12.7,8.7,5.6,0.7,-2.9,-3.4,-3.5,-4.3,-3.1,0.0,32.6,36.7,54.0,13.4,0.0,106.0,27.7,15.1,77.9,,,OBAnorm,,LD831_02097v2.403,,,,0,0
DENATRLA,2025-06-23 08:53:09.000,33.6,31.2,28.1,23.0,25.7,21.6,16.5,16.1,14.5,12.8,16.7,20.6,22.5,23.6,24.6,25.9,25.7,26.5,26.1,24.6,22.6,20.0,17.2,12.3,8.2,5.4,0.6,-2.7,-2.8,-3.2,-4.2,-3.0,0.0,32.4,36.4,47.1,13.4,0.0,107.1,27.7,15.2,77.9,,,OBAnorm,,LD831_02097v2.403,,,,0,0
DENATRLA,2025-06-23 08:53:10.000,33.1,32.4,28.1,24.5,23.7,22.1,18.8,16.0,12.5,13.4,18.1,20.7,21.7,22.9,25.2,25.6,26.4,27.3,26.5,24.8,22.2,20.0,16.5,12.4,8.2,5.9,1.0,-2.7,-2.5,-2.9,-4.1,-3.0,-0.1,32.8,36.3,43.4,13.4,0.0,115.2,27.7,15.1,77.9,,,OBAnorm,,LD831_02097v2.403,,,,0,0
DENATRLA,2025-06-23 08:53:11.000,31.6,31.8,31.8,22.8,23.9,22.4,20.2,18.3,13.0,14.3,17.2,20.5,21.0,22.9,24.9,25.5,26.1,26.5,26.0,24.5,22.0,19.4,15.2,11.8,8.0,6.4,0.7,-2.8,-2.8,-2.9,-3.8,-3.0,-0.2,32.2,35.9,43.1,13.4,0.0,118.9,27.7,15.1,77.9,,,OBAnorm,,LD831_02097v2.403,,,,0,0
DENATRLA,2025-06-23 08:53:12.000,33.8,31.6,26.1,24.3,16.6,22.2,20.4,18.2,13.4,13.8,17.6,18.8,22.7,23.1,24.2,25.7,25.8,25.4,25.4,23.9,21.7,19.4,15.8,15.2,10.4,13.2,1.4,-2.3,-3.0,-3.3,-4.2,-3.1,-0.2,31.9,35.6,41.9,13.4,0.0,118.9,27.7,15.1,77.9,,,OBAnorm,,LD831_02097v2.403,,,,0,0
DENATRLA,2025-06-23 08:53:13.000,23.9,31.9,26.4,27.8,22.7,21.2,18.8,18.5,13.0,15.1,18.0,20.2,22.3,23.4,23.5,24.9,25.2,25.0,24.9,23.7,21.1,19.0,16.2,13.0,10.1,9.1,1.0,-2.8,-2.7,-2.9,-4.2,-2.9,-0.1,31.4,35.2,40.9,13.4,0.0,119.4,27.7,15.1,77.9,,,OBAnorm,,LD831_02097v2.403,,,,0,0
DENATRLA,2025-06-23 08:53:14.000,28.2,30.1,26.0,25.2,23.8,23.1,19.9,17.1,11.6,12.8,16.9,19.4,21.5,23.0,23.9,24.2,26.2,26.0,25.5,22.8,20.3,18.2,14.6,10.8,7.9,6.9,0.6,-3.3,-3.4,-3.6,-4.2,-3.0,-0.2,31.4,35.7,48.4,13.4,0.0,119.4,27.7,15.2,77.9,,,OBAnorm,,LD831_02097v2.403,,,,0,0
DENATRLA,2025-06-23 08:53:15.000,27.4,27.7,27.6,27.1,23.6,20.0,21.2,14.2,14.2,14.7,15.4,18.2,19.5,21.9,23.3,25.0,25.3,24.6,24.7,23.6,20.5,17.8,14.7,16.5,12.4,20.5,6.3,3.9,-3.1,-3.4,-4.2,-3.0,-0.1,31.7,40.6,61.5,13.4,0.0,119.4,27.7,15.1,77.9,,,OBAnorm,,LD831_02097v2.403,,,,0,0
DENATRLA,2025-06-23 08:53:16.000,26.5,23.8,29.3,26.3,26.5,22.7,20.3,21.0,14.7,14.9,15.6,20.7,21.3,23.7,23.5,24.2,25.7,24.9,24.1,22.4,20.6,18.6,15.6,17.0,12.4,21.1,3.4,1.1,-3.4,-3.4,-4.2,-3.0,0.1,31.7,42.3,64.4,13.4,0.0,103.3,27.7,15.1,76.2,,,OBAnorm,,LD831_02097v2.403,,,,0,0
DENATRLA,2025-06-23 08:53:17.000,32.0,29.6,36.0,34.4,32.2,29.1,26.3,24.5,22.1,15.7,16.7,20.1,22.0,22.7,24.1,24.4,25.2,25.0,24.5,23.2,20.6,17.6,14.4,12.3,7.9,8.3,0.0,-3.1,-3.2,-3.7,-4.3,-3.2,-0.1,31.0,41.2,59.2,13.4,0.0,82.4,27.7,15.1,74.5,,,OBAnorm,,LD831_02097v2.403,,,,0,0
DENATRLA,2025-06-23 08:53:18.000,41.6,40.0,40.2,33.9,32.8,26.6,26.3,22.8,21.9,18.2,17.9,19.7,21.8,21.8,25.5,24.4,25.7,25.2,25.2,23.5,21.1,18.4,14.6,13.2,9.8,12.8,3.0,-2.4,-3.3,-3.6,-4.3,-3.1,-0.1,31.5,43.1,58.3,13.4,0.0,80.2,27.7,15.1,76.2,,,OBAnorm,,LD831_02097v2.403,,,,0,0
DENATRLA,2025-06-23 08:53:19.000,42.6,41.8,39.7,36.7,31.1,32.2,28.8,26.5,21.9,15.8,16.8,18.8,21.7,23.3,24.0,24.7,24.8,25.5,24.3,22.6,21.2,18.4,15.2,13.0,9.0,7.2,1.6,-2.6,-2.7,-2.8,-3.8,-2.8,0.0,31.2,40.3,57.6,13.4,0.1,56.7,27.7,15.1,77.9,,,OBAnorm,,LD831_02097v2.403,,,,0,0
DENATRLA,2025-06-23 08:53:20.000,38.3,40.4,39.6,31.0,28.8,27.9,22.9,19.4,17.3,15.0,15.9,20.2,22.2,22.5,23.6,25.0,25.2,25.4,25.2,23.3,20.7,17.8,14.5,11.3,8.1,6.1,1.3,-2.4,-2.9,-3.1,-3.8,-2.8,0.0,31.4,44.2,65.0,13.4,0.3,46.9,27.7,15.1,77.4,,,OBAnorm,,LD831_02097v2.403,,,,0,0
DENATRLA,2025-06-23 08:53:21.000,43.6,41.2,37.4,32.3,31.0,30.8,33.6,33.5,28.7,22.5,19.8,20.4,22.4,23.8,23.9,25.6,25.0,25.2,25.5,23.6,21.3,18.5,14.9,12.5,9.1,10.5,1.2,-2.3,-2.9,-3.4,-4.0,-2.6,0.0,31.8,48.9,68.0,13.4,0.5,33.8,27.7,15.1,76.8,,,OBAnorm,,LD831_02097v2.403,,,,0,0
DENATRLA,2025-06-23 08:53:22.000,44.0,42.7,44.1,42.5,42.1,38.3,32.0,30.8,28.5,20.8,19.6,21.4,21.5,23.2,24.0,25.1,25.4,25.7,25.1,24.0,21.5,19.8,15.4,13.5,8.8,7.0,1.3,-2.0,-2.4,-2.9,-3.3,-2.7,0.0,31.8,47.5,66.0,13.4,0.8,29.1,27.7,15.1,77.4,,,OBAnorm,,LD831_02097v2.403,,,,0,0
DENATRLA,2025-06-23 08:53:23.000,46.6,48.5,44.4,41.2,37.8,34.4,34.7,31.1,33.3,28.4,24.6,22.6,23.4,24.0,23.8,25.1,25.5,25.7,24.8,22.8,21.5,18.7,14.4,12.3,9.2,6.5,1.7,-1.7,-2.1,-2.4,-3.5,-2.3,0.1,31.7,54.0,69.2,13.4,1.0,28.5,27.7,15.1,77.4,,,OBAnorm,,LD831_02097v2.403,,,,0,0
DENATRLA,2025-06-23 08:53:24.000,45.0,48.9,49.3,45.0,44.8,42.1,37.3,34.4,31.2,27.5,23.3,20.8,22.7,23.6,24.5,24.7,25.9,25.5,24.4,23.5,20.4,17.9,14.4,13.7,9.6,6.8,1.7,-1.1,-1.1,-1.7,-3.1,-2.2,0.3,31.4,51.2,70.6,13.4,1.3,27.4,27.7,15.1,76.8,,,OBAnorm,,LD831_02097v2.403,,,,0,0
DENATRLA,2025-06-23 08:53:25.000,59.2,53.6,48.4,45.4,43.2,38.2,33.9,30.6,30.2,21.7,20.3,19.6,21.3,23.0,23.5,24.4,25.0,25.7,24.8,22.4,20.6,17.7,14.6,11.3,8.7,8.2,2.3,-1.0,-1.1,-1.6,-3.0,-2.2,0.2,31.0,47.9,67.2,13.4,1.6,27.0,27.7,15.1,77.4,,,OBAnorm,,LD831_02097v2.403,,,,0,0
DENATRLA,2025-06-23 08:53:26.000,57.7,50.6,50.6,44.7,35.9,34.6,35.8,32.8,30.2,30.0,25.0,23.2,24.8,24.0,23.4,23.4,25.1,24.9,24.2,22.5,20.3,18.0,14.6,14.8,10.9,15.2,6.3,4.8,0.6,-0.5,-1.9,-1.0,0.8,31.5,57.8,75.3,13.4,1.7,26.4,27.7,15.1,77.4,,,OBAnorm,,LD831_02097v2.403,,,,0,0
DENATRLA,2025-06-23 08:53:27.000,54.5,48.7,50.4,51.0,48.3,44.4,41.7,37.9,33.2,30.5,26.9,23.0,23.3,23.0,23.9,23.9,24.1,25.0,24.8,23.2,20.7,19.9,17.2,13.7,10.0,8.7,2.4,-0.4,-0.7,-1.4,-2.9,-2.1,0.1,31.5,51.8,70.1,13.4,1.6,24.4,27.7,15.0,77.3,,,OBAnorm,,LD831_02097v2.403,,,,0,0
DENATRLA,2025-06-23 08:53:28.000,53.3,57.0,52.5,51.3,42.4,39.2,36.0,30.9,24.2,19.9,17.4,20.4,22.7,22.0,23.9,24.5,25.3,24.7,23.9,22.8,20.4,17.8,16.5,16.2,14.7,9.9,2.4,-1.2,-1.2,-2.1,-3.2,-2.4,0.2,31.1,46.4,65.3,13.4,1.6,29.5,27.7,15.0,77.3,,,OBAnorm,,LD831_02097v2.403,,,,0,0
DENATRLA,2025-06-23 08:53:29.000,59.5,55.3,45.5,37.7,38.2,36.6,29.0,24.6,17.4,16.6,18.0,19.8,22.7,22.4,23.8,24.0,24.4,24.8,24.5,23.0,20.2,17.8,14.2,12.1,10.6,8.6,1.8,-1.5,-2.2,-2.9,-3.6,-2.3,0.4,30.9,50.4,69.6,13.4,1.5,22.5,27.7,15.0,76.8,,,OBAnorm,,LD831_02097v2.403,,,,0,0
DENATRLA,2025-06-23 08:53:30.000,48.8,43.9,42.7,41.2,42.0,42.5,33.8,30.2,28.6,22.0,18.7,19.0,21.0,22.2,24.0,23.6,24.7,24.9,24.5,22.7,20.3,17.6,14.0,13.2,9.7,15.0,1.9,-1.6,-2.7,-2.9,-3.6,-2.5,0.4,30.9,49.6,69.1,13.4,1.5,15.7,27.7,15.0,76.8,,,OBAnorm,,LD831_02097v2.403,,,,0,0
DENATRLA,2025-06-23 08:53:31.000,45.1,45.0,47.4,45.0,41.1,36.6,31.4,28.0,24.4,16.4,16.5,18.7,21.1,21.9,23.2,24.2,25.1,24.8,24.6,22.8,20.3,17.7,15.2,16.9,13.2,15.6,2.6,-1.2,-2.8,-3.0,-3.7,-2.7,0.0,31.3,43.5,64.7,13.4,1.5,14.2,27.7,15.0,76.8,,,OBAnorm,,LD831_02097v2.403,,,,0,0
DENATRLA,2025-06-23 08:53:32.000,55.2,51.6,46.9,40.3,38.5,30.0,22.1,20.5,15.1,13.4,17.7,20.8,21.9,22.4,23.1,23.5,25.2,24.8,25.6,23.3,20.6,18.0,14.8,11.6,9.0,7.3,1.7,-2.2,-2.9,-3.1,-4.0,-2.7,0.0,31.2,41.1,59.3,13.4,1.3,13.6,27.7,15.0,76.8,,,OBAnorm,,LD831_02097v2.403,,,,0,0
DENATRLA,2025-06-23 08:53:33.000,51.2,43.4,33.1,36.3,25.7,24.4,19.0,19.0,13.9,12.1,16.3,18.3,21.7,22.0,23.9,24.8,25.7,25.4,24.6,22.7,20.6,18.4,15.6,17.2,11.4,20.3,3.3,-1.2,-3.0,-3.3,-3.9,-2.7,0.1,31.8,35.5,47.4,13.4,1.0,14.1,27.7,15.0,76.8,,,OBAnorm,,LD831_02097v2.403,,,,0,0
DENATRLA,2025-06-23 08:53:34.000,48.0,40.8,30.0,27.6,20.9,19.2,19.3,15.6,15.1,11.7,15.9,20.6,21.3,22.4,24.3,24.7,25.7,25.1,24.5,23.0,21.1,19.4,16.3,16.8,11.8,11.4,1.3,-2.4,-3.2,-3.5,-4.1,-3.0,0.0,31.6,35.5,47.7,13.4,0.9,13.0,27.7,15.0,77.3,,,OBAnorm,,LD831_02097v2.403,,,,0,0
DENATRLA,2025-06-23 08:53:35.000,35.1,30.3,25.8,25.2,21.5,20.3,19.8,18.0,13.3,14.3,16.1,19.9,21.1,23.2,23.9,23.7,24.5,25.0,24.4,23.3,20.9,18.3,15.7,13.7,10.2,10.8,2.6,-2.1,-3.4,-3.6,-4.2,-3.0,-0.2,31.2,35.8,51.4,13.4,0.7,13.0,27.7,15.0,76.8,,,OBAnorm,,LD831_02097v2.403,,,,0,0
DENATRLA,2025-06-23 08:53:36.000,32.0,28.4,31.5,28.0,20.7,19.1,18.0,17.7,14.1,12.7,18.0,19.0,21.8,22.6,24.3,23.9,24.5,25.0,24.3,23.4,20.6,18.8,16.1,18.3,14.8,20.6,3.2,-0.2,-3.1,-3.4,-4.1,-2.9,0.0,31.7,38.7,58.3,13.4,0.5,12.6,27.7,15.0,76.8,,,OBAnorm,,LD831_02097v2.403,,,,0,0
DENATRLA,2025-06-23 08:53:37.000,29.8,28.4,29.8,27.4,25.6,17.2,20.1,16.7,14.2,13.6,17.1,19.8,22.2,23.3,24.0,24.5,25.5,24.8,24.9,22.2,21.0,17.8,14.9,14.8,11.4,15.7,2.2,-0.2,-3.0,-3.4,-4.2,-2.8,0.0,31.3,41.5,58.9,13.4,0.5,12.4,27.7,15.0,77.9,,,OBAnorm,,LD831_02097v2.403,,,,0,0
DENATRLA,2025-06-23 08:53:38.000,33.3,31.8,34.1,33.5,32.1,26.7,25.7,16.6,11.8,13.2,16.8,20.0,20.3,21.8,22.7,24.2,24.9,25.0,24.8,22.6,20.1,17.5,14.9,13.2,9.7,6.8,0.5,-3.3,-3.5,-3.5,-4.2,-2.9,-0.1,30.9,41.1,58.5,13.4,0.5,12.2,27.7,15.0,77.9,,,OBAnorm,,LD831_02097v2.403,,,,0,0
DENATRLA,2025-06-23 08:53:39.000,42.4,39.5,39.7,36.9,31.6,22.5,20.1,17.8,13.1,14.7,16.4,18.2,20.5,22.7,23.5,24.1,24.4,24.9,24.6,22.3,19.6,17.9,15.8,15.0,11.8,8.7,0.4,-3.4,-3.6,-3.7,-4.2,-3.0,-0.1,30.9,36.4,53.7,13.4,0.4,12.2,27.7,15.0,76.8,,,OBAnorm,,LD831_02097v2.403,,,,0,0
DENATRLA,2025-06-23 08:53:40.000,45.5,40.1,36.3,27.7,23.8,20.8,15.5,14.0,13.2,12.3,15.0,18.6,22.4,22.6,23.8,24.0,24.8,24.7,24.1,22.4,20.2,17.2,14.0,10.1,7.0,5.0,0.3,-3.3,-3.5,-3.8,-4.3,-2.9,-0.1,30.4,34.7,47.9,13.4,0.2,9.6,27.7,15.1,74.5,,,OBAnorm,,LD831_02097v2.403,,,,0,0
DENATRLA,2025-06-23 08:53:41.000,42.5,32.8,29.0,23.9,23.1,18.7,18.8,13.6,11.9,12.3,14.5,18.6,21.9,21.9,23.7,23.3,23.9,24.9,24.0,22.2,20.0,17.2,14.3,11.9,8.4,6.9,0.8,-3.3,-3.6,-3.6,-4.3,-2.9,-0.1,30.4,34.4,42.2,13.4,0.2,9.6,27.8,15.1,73.9,,,OBAnorm,,LD831_02097v2.403,,,,0,0
DENATRLA,2025-06-23 08:53:42.000,33.0,27.1,28.0,25.0,21.2,19.3,16.6,16.3,12.1,12.8,16.9,19.5,20.9,22.5,23.5,23.5,24.2,24.4,24.3,22.3,20.5,23.0,17.4,25.6,21.4,25.4,10.1,6.7,-3.1,-3.6,-4.3,-3.0,0.1,33.8,35.7,46.6,13.4,0.2,9.6,27.7,15.1,73.9,,,OBAnorm,,LD831_02097v2.403,,,,0,0
DENATRLA,2025-06-23 08:53:43.000,30.4,29.8,26.4,25.4,21.4,19.4,18.4,16.3,11.1,13.8,16.3,19.9,21.3,22.0,23.7,23.9,24.6,23.9,23.5,23.0,20.1,18.3,15.6,10.8,8.0,9.0,8.9,6.9,-1.9,-3.5,-4.3,-3.1,0.0,30.6,34.7,47.0,13.4,0.2,9.6,27.7,15.1,73.3,,,OBAnorm,,LD831_02097v2.403,,,,0,0
DENATRLA,2025-06-23 08:53:44.000,30.5,26.9,24.6,25.2,20.9,21.4,14.8,16.6,11.7,13.8,15.6,18.3,21.0,23.0,23.2,24.2,24.6,24.4,24.1,22.3,20.2,17.7,14.7,15.3,12.2,16.5,11.8,-0.5,-3.6,-3.6,-4.3,-3.0,-0.1,30.9,35.8,50.8,13.4,0.2,9.6,27.7,15.1,73.3,,,OBAnorm,,LD831_02097v2.403,,,,0,0
DENATRLA,2025-06-23 08:53:45.000,31.5,31.6,26.8,25.7,19.9,18.0,17.8,16.7,14.9,11.8,15.5,17.8,20.7,23.1,23.8,23.7,23.9,24.1,23.3,22.0,21.0,18.0,14.2,11.2,8.0,5.8,0.3,-3.1,-3.0,-3.2,-4.1,-3.0,-0.1,30.4,34.4,44.5,13.4,0.2,9.6,27.7,15.1,73.3,,,OBAnorm,,LD831_02097v2.403,,,,0,0
DENATRLA,2025-06-23 08:53:46.000,34.1,27.0,28.9,24.7,20.3,18.6,16.3,15.4,14.3,14.1,15.9,19.4,21.2,22.1,23.5,23.7,23.8,24.2,24.2,22.1,20.0,17.6,15.6,13.5,13.2,9.6,-0.1,-2.6,-3.6,-3.7,-4.3,-3.1,-0.2,30.5,34.8,43.9,13.4,0.2,9.6,27.7,15.1,73.9,,,OBAnorm,,LD831_02097v2.403,,,,0,0
DENATRLA,2025-06-23 08:53:47.000,34.1,30.5,29.4,24.7,23.0,19.3,18.2,15.7,11.8,14.1,16.3,19.8,21.5,22.4,24.2,23.7,23.6,24.9,24.9,21.8,19.8,17.1,13.7,10.9,7.7,5.8,0.3,-3.5,-3.6,-3.7,-4.4,-3.1,-0.2,30.6,34.7,41.4,13.4,0.2,9.6,27.7,15.1,73.9,,,OBAnorm,,LD831_02097v2.403,,,,0,0
DENATRLA,2025-06-23 08:53:48.000,30.5,27.7,28.4,27.8,22.4,19.3,18.4,14.8,13.8,14.4,17.4,17.6,21.1,22.4,23.3,24.0,24.3,25.2,24.4,22.8,20.2,16.8,14.0,10.8,7.5,5.6,0.2,-3.6,-3.6,-3.8,-4.2,-3.1,-0.1,30.7,34.7,40.6,13.4,0.2,9.6,27.4,15.1,73.9,,,OBAnorm,,LD831_02097v2.403,,,,0,0
DENATRLA,2025-06-23 08:53:49.000,30.3,28.4,28.4,26.6,22.3,19.8,19.7,14.4,14.6,12.7,15.1,18.6,19.9,22.9,23.8,24.5,24.5,24.7,24.0,22.1,20.0,18.0,14.7,12.6,9.6,7.3,0.7,-3.3,-3.6,-3.8,-4.3,-3.1,-0.1,30.6,34.6,40.2,13.4,0.1,9.6,27.7,15.1,73.9,,,OBAnorm,,LD831_02097v2.403,,,,0,0
DENATRLA,2025-06-23 08:53:50.000,28.9,29.1,26.2,24.2,21.5,21.0,17.1,16.4,10.2,13.7,16.0,19.0,21.8,21.8,23.5,23.9,23.8,24.4,24.0,23.0,20.1,17.9,14.3,10.4,7.3,5.2,0.4,-3.3,-3.5,-3.7,-4.4,-3.1,-0.1,30.5,34.4,39.3,13.4,0.0,9.6,27.7,15.1,73.9,,,OBAnorm,,LD831_02097v2.403,,,,0,0
DENATRLA,2025-06-23 08:53:51.000,29.6,31.3,26.5,25.7,23.5,20.9,19.7,15.8,14.3,11.9,16.5,18.4,20.9,22.5,24.1,23.0,23.8,24.5,24.5,22.2,20.2,17.3,14.4,10.7,7.7,6.3,1.3,-3.0,-3.4,-3.7,-4.4,-3.1,-0.1,30.5,34.7,41.5,13.4,0.0,9.6,27.7,15.1,73.9,,,OBAnorm,,LD831_02097v2.403,,,,0,0
DENATRLA,2025-06-23 08:53:52.000,31.9,27.2,26.4,23.8,23.6,21.3,18.2,17.9,12.4,11.5,16.3,19.6,20.7,21.9,22.8,23.7,24.3,24.9,24.3,22.2,19.8,17.2,16.1,13.2,9.4,7.1,1.6,-2.4,-3.2,-3.7,-4.2,-3.1,-0.2,30.5,34.6,42.1,13.4,0.0,9.6,27.7,15.1,73.9,,,OBAnorm,,LD831_02097v2.403,,,,0,0
DENATRLA,2025-06-23 08:53:53.000,28.1,29.3,27.0,28.7,25.1,18.9,17.6,15.6,12.2,13.3,15.8,17.8,20.1,22.6,23.9,24.0,24.1,24.7,24.4,22.7,20.2,17.0,15.5,12.2,8.6,6.8,1.7,-2.6,-3.2,-3.7,-4.2,-3.2,-0.1,30.8,35.1,44.3,13.4,0.0,9.6,27.7,15.1,73.9,,,OBAnorm,,LD831_02097v2.403,,,,0,0
DENATRLA,2025-06-23 08:53:54.000,28.7,29.5,27.8,26.3,23.4,22.1,20.8,15.6,11.0,12.6,16.0,19.1,20.7,20.7,22.9,23.7,24.9,24.3,24.0,22.3,20.0,17.5,14.3,10.9,9.3,6.6,2.2,-1.9,-2.7,-3.6,-4.4,-3.1,-0.1,30.4,34.7,43.1,13.4,0.0,9.6,27.7,15.1,73.9,,,OBAnorm,,LD831_02097v2.403,,,,0,0
DENATRLA,2025-06-23 08:53:55.000,25.0,30.9,21.6,30.0,24.2,21.4,17.8,16.9,14.6,13.5,17.4,19.5,20.9,22.0,23.6,23.7,24.6,25.0,24.0,22.0,19.8,17.5,13.9,10.8,7.8,6.6,3.1,-1.2,-2.2,-3.4,-4.4,-3.2,-0.1,30.5,34.8,44.5,13.4,0.0,9.6,27.7,15.1,73.9,,,OBAnorm,,LD831_02097v2.403,,,,0,0
DENATRLA,2025-06-23 08:53:56.000,31.3,28.4,24.0,27.5,25.1,21.8,16.7,15.4,12.7,11.8,17.2,18.4,20.2,22.2,23.8,22.2,24.8,25.0,24.2,22.8,20.6,17.7,14.5,12.7,9.2,8.3,3.9,-0.7,-1.8,-3.4,-4.2,-3.0,-0.1,30.8,35.3,46.5,13.4,0.0,9.6,27.7,15.1,73.9,,,OBAnorm,,LD831_02097v2.403,,,,0,0
DENATRLA,2025-06-23 08:53:57.000,20.0,31.2,26.7,27.3,21.8,22.4,19.0,16.4,13.8,12.3,14.8,18.4,20.7,21.6,23.1,23.6,24.7,25.3,24.1,23.1,20.4,17.9,14.5,10.9,8.6,7.4,4.3,0.4,-0.8,-3.2,-4.3,-3.1,-0.2,30.9,35.9,48.6,13.4,0.0,9.6,27.7,15.1,74.5,,,OBAnorm,,LD831_02097v2.403,,,,0,0
DENATRLA,2025-06-23 08:53:58.000,28.5,35.1,28.2,28.3,27.9,21.2,19.6,13.6,14.2,13.2,15.4,19.3,20.7,22.5,23.4,25.0,25.2,24.4,24.4,22.6,20.7,17.1,14.3,12.4,8.6,8.7,4.1,0.1,-0.8,-3.3,-4.1,-3.1,-0.1,30.9,35.5,49.2,13.4,0.0,9.6,27.8,15.1,74.5,,,OBAnorm,,LD831_02097v2.403,,,,0,0
DENATRLA,2025-06-23 08:53:59.000,31.5,30.6,30.8,26.9,23.0,22.4,19.7,14.3,12.9,12.0,15.8,17.7,21.9,21.9,23.6,24.0,24.6,24.8,24.4,22.7,20.3,17.2,13.8,10.9,7.8,7.8,4.0,0.0,-1.1,-3.4,-4.3,-3.1,0.0,30.7,34.9,46.9,13.4,0.0,9.6,27.8,15.1,74.5,,,OBAnorm,,LD831_02097v2.403,,,,0,0
DENATRLA,2025-06-23 08:54:00.000,33.8,30.3,29.3,27.6,23.8,21.3,20.7,14.0,11.1,13.0,14.4,18.0,20.9,22.2,23.8,23.7,24.5,24.7,24.3,22.2,19.9,17.4,14.4,12.9,9.5,9.9,3.9,-0.5,-2.0,-3.6,-4.3,-3.0,-0.1,30.6,35.1,42.2,13.4,0.0,9.6,27.7,15.1,74.5,,,OBAnorm,,LD831_02097v2.403,,,,0,0
DENATRLA,2025-06-23 08:54:01.000,32.3,25.7,27.7,26.7,25.4,21.4,20.1,15.4,15.3,13.2,16.0,18.2,21.3,22.4,22.6,24.4,24.6,24.5,23.8,22.4,20.7,17.8,14.9,11.9,8.8,8.5,3.5,-0.9,-2.4,-3.4,-4.2,-3.0,-0.2,30.7,35.0,44.1,13.4,0.0,9.6,27.7,15.1,74.5,,,OBAnorm,,LD831_02097v2.403,,,,0,0
DENATRLA,2025-06-23 08:54:02.000,30.4,27.5,29.3,26.0,25.9,20.3,19.0,16.5,13.2,12.1,16.7,19.3,20.3,22.2,24.3,24.4,24.4,24.7,24.3,23.1,21.1,18.2,14.7,11.6,8.3,7.7,2.8,-1.6,-2.7,-3.7,-4.3,-3.0,-0.1,31.0,35.4,46.1,13.4,0.0,9.6,27.7,15.1,74.5,,,OBAnorm,,LD831_02097v2.403,,,,0,0
DENATRLA,2025-06-23 08:54:03.000,29.2,31.2,27.6,26.7,24.1,22.5,18.5,15.3,13.5,14.2,16.9,18.3,20.3,22.8,22.3,23.6,25.4,24.8,24.2,22.2,20.6,17.7,15.0,18.1,14.7,10.6,2.4,-1.8,-2.8,-3.7,-4.3,-2.9,-0.1,31.1,34.5,45.5,13.4,0.0,9.6,27.7,15.1,74.5,,,OBAnorm,,LD831_02097v2.403,,,,0,0
DENATRLA,2025-06-23 08:54:04.000,28.2,29.8,29.5,25.0,22.2,19.6,16.5,15.2,12.8,11.3,14.7,17.6,21.2,21.2,23.3,23.5,24.4,24.2,23.8,21.7,19.6,16.9,13.7,11.7,7.2,6.3,1.4,-2.4,-3.2,-3.6,-4.1,-3.0,0.0,30.1,34.4,44.9,13.4,0.0,9.6,27.8,15.1,74.5,,,OBAnorm,,LD831_02097v2.403,,,,0,0
DENATRLA,2025-06-23 08:54:05.000,32.6,29.0,24.4,24.7,22.3,18.5,19.1,14.7,12.0,11.7,14.2,16.4,20.0,21.1,23.4,23.7,23.5,23.6,23.0,21.1,19.6,17.2,14.4,12.7,9.0,6.9,0.7,-3.0,-3.4,-3.6,-4.3,-3.0,-0.1,29.8,34.3,50.1,13.4,0.0,9.6,27.7,15.1,74.5,,,OBAnorm,,LD831_02097v2.403,,,,0,0
DENATRLA,2025-06-23 08:54:06.000,28.7,28.1,26.9,23.2,21.4,16.6,18.8,16.7,12.5,10.5,15.0,17.8,19.7,23.3,22.9,23.3,23.8,24.1,23.3,21.6,18.5,15.9,12.7,9.6,6.9,4.9,0.9,-3.1,-3.4,-3.6,-4.3,-3.0,-0.1,29.8,34.7,43.9,13.4,0.0,9.6,27.7,15.1,74.5,,,OBAnorm,,LD831_02097v2.403,,,,0,0
DENATRLA,2025-06-23 08:54:07.000,28.9,31.8,29.5,25.6,21.2,19.9,16.2,15.3,11.0,10.9,14.7,17.6,21.0,21.9,22.8,23.3,23.3,24.2,22.9,21.4,19.2,16.4,13.6,11.2,7.8,7.6,1.5,-2.4,-3.3,-3.6,-4.2,-3.1,-0.2,29.8,34.5,42.4,13.4,0.0,9.6,27.7,15.2,74.5,,,OBAnorm,,LD831_02097v2.403,,,,0,0
DENATRLA,2025-06-23 08:54:08.000,27.2,32.4,29.6,25.5,20.8,19.9,15.4,16.1,12.2,13.4,15.6,18.5,20.7,21.7,23.1,23.4,23.2,23.8,23.4,21.5,19.3,17.2,13.5,10.5,8.2,9.3,2.1,-2.1,-2.3,-2.4,-3.9,-2.4,-0.1,29.7,34.1,39.8,13.4,0.0,9.6,27.7,15.2,74.5,,,OBAnorm,,LD831_02097v2.403,,,,0,0
DENATRLA,2025-06-23 08:54:09.000,31.0,30.2,26.3,27.3,19.2,17.8,17.8,17.2,13.0,10.7,15.7,17.7,20.0,21.8,23.0,22.3,24.0,24.2,24.1,22.2,19.6,17.2,13.7,10.6,7.5,5.8,0.8,-2.7,-3.4,-3.7,-4.3,-3.1,0.0,30.1,34.4,40.6,13.4,0.0,9.6,27.8,15.2,74.5,,,OBAnorm,,LD831_02097v2.403,,,,0,0
DENATRLA,2025-06-23 08:54:10.000,36.8,29.4,25.0,24.9,21.2,19.9,19.5,15.4,12.0,11.9,13.9,17.6,19.9,21.3,23.1,23.3,23.7,23.1,23.8,22.0,19.1,16.4,13.5,11.9,9.7,9.7,0.9,-2.7,-3.4,-3.7,-4.5,-3.0,-0.2,30.0,34.4,40.2,13.4,0.0,9.6,27.7,15.2,74.5,,,OBAnorm,,LD831_02097v2.403,,,,0,0
DENATRLA,2025-06-23 08:54:11.000,32.3,33.4,26.5,26.5,21.3,17.5,17.7,17.2,11.9,11.4,14.5,17.8,20.3,22.0,22.2,22.7,23.9,23.9,23.8,22.3,20.1,17.6,14.5,10.8,7.5,6.0,1.0,-3.3,-3.6,-3.7,-4.4,-3.1,-0.1,30.0,33.9,41.3,13.4,0.0,9.6,27.7,15.2,74.5,,,OBAnorm,,LD831_02097v2.403,,,,0,0
DENATRLA,2025-06-23 08:54:12.000,27.7,29.0,28.3,26.7,22.3,19.1,16.0,14.8,12.6,11.4,15.0,16.7,19.9,21.6,21.4,22.6,23.9,23.9,23.3,22.2,19.7,16.4,13.7,11.6,7.5,8.9,1.5,-3.0,-3.4,-3.8,-4.3,-3.0,-0.1,29.9,33.9,40.8,13.4,0.0,9.6,27.7,15.2,74.5,,,OBAnorm,,LD831_02097v2.403,,,,0,0
DENATRLA,2025-06-23 08:54:13.000,33.5,31.7,28.2,22.6,23.3,19.9,17.6,16.2,11.3,13.1,13.7,18.4,19.5,21.7,22.2,23.1,24.5,23.9,23.7,22.4,19.2,16.8,13.4,10.2,6.9,4.5,-0.1,-2.9,-3.5,-3.6,-4.2,-3.1,-0.1,30.1,34.3,39.6,13.4,0.0,9.6,27.7,15.2,74.5,,,OBAnorm,,LD831_02097v2.403,,,,0,0
DENATRLA,2025-06-23 08:54:14.000,25.8,26.4,27.5,25.1,24.2,20.9,18.1,14.1,11.8,12.2,15.4,17.9,20.3,21.9,22.4,24.0,23.6,24.3,23.7,22.2,19.7,16.8,13.6,16.0,9.7,8.0,0.4,-3.4,-3.6,-3.6,-4.3,-3.1,-0.2,30.2,34.1,43.6,13.4,0.0,9.6,27.7,15.2,74.5,,,OBAnorm,,LD831_02097v2.403,,,,0,0
DENATRLA,2025-06-23 08:54:15.000,28.8,27.8,28.5,24.6,21.4,20.1,15.6,15.1,11.5,12.1,15.0,20.4,19.8,20.6,23.2,23.7,23.8,24.4,24.1,22.3,19.8,17.0,14.1,11.6,8.0,5.4,-0.1,-3.3,-3.6,-3.6,-4.2,-3.0,-0.1,30.3,34.3,42.5,13.4,0.0,9.6,27.8,15.2,74.5,,,OBAnorm,,LD831_02097v2.403,,,,0,0
DENATRLA,2025-06-23 08:54:16.000,28.3,29.2,28.3,24.2,24.0,21.8,14.9,14.4,12.7,11.3,15.9,17.6,19.0,21.2,21.8,22.1,22.9,24.4,23.5,21.2,18.9,16.4,13.0,9.6,6.8,6.8,-0.6,-3.5,-3.6,-3.7,-4.3,-3.1,-0.2,29.6,34.3,44.7,13.4,0.0,9.6,27.7,15.2,74.5,,,OBAnorm,,LD831_02097v2.403,,,,0,0
DENATRLA,2025-06-23 08:54:17.000,26.8,28.2,29.7,23.3,21.5,17.6,15.7,14.3,12.1,12.3,14.3,17.3,19.8,21.4,21.5,23.1,23.1,23.5,23.0,21.1,18.8,16.7,13.1,11.5,7.2,6.2,0.2,-3.1,-3.6,-3.7,-4.4,-3.0,-0.2,29.4,33.2,41.8,13.4,0.0,9.6,27.7,15.2,74.5,,,OBAnorm,,LD831_02097v2.403,,,,0,0
DENATRLA,2025-06-23 08:54:18.000,30.6,32.0,28.2,22.9,20.4,16.8,16.7,15.5,10.1,10.1,15.8,17.6,19.1,21.3,22.6,23.4,23.5,24.5,23.6,21.6,19.5,16.6,13.3,9.6,6.5,4.4,-0.2,-3.5,-3.5,-3.6,-4.4,-3.1,-0.1,29.8,33.7,38.6,13.4,0.0,9.6,27.7,15.2,74.5,,,OBAnorm,,LD831_02097v2.403,,,,0,0
DENATRLA,2025-06-23 08:54:19.000,33.7,28.4,27.1,24.2,20.2,18.2,16.9,16.8,12.2,10.2,15.1,18.3,19.4,21.4,21.6,23.1,23.0,24.1,23.0,21.4,19.9,17.1,14.2,10.3,7.2,4.4,0.1,-3.0,-3.3,-3.4,-4.4,-3.0,-0.2,29.8,34.0,39.7,13.4,0.0,9.6,27.7,15.2,74.5,,,OBAnorm,,LD831_02097v2.403,,,,0,0
DENATRLA,2025-06-23 08:54:20.000,27.0,30.3,25.2,23.7,22.5,20.4,19.0,16.1,10.8,11.5,13.8,16.6,19.1,20.8,22.2,23.6,23.8,23.3,23.5,22.0,19.6,18.0,14.2,10.8,7.5,4.6,0.4,-3.1,-3.3,-3.8,-4.3,-3.2,-0.1,29.9,33.9,39.7,13.4,0.0,9.6,27.7,15.2,74.5,,,OBAnorm,,LD831_02097v2.403,,,,0,0
DENATRLA,2025-06-23 08:54:21.000,30.3,29.1,27.1,21.8,19.5,21.1,17.7,14.0,11.3,10.4,14.9,17.3,19.1,21.1,22.3,23.0,23.7,24.0,22.8,22.6,19.8,17.0,13.3,10.0,6.7,4.7,1.4,-2.5,-3.0,-3.6,-4.2,-3.0,-0.1,29.8,33.5,38.2,13.4,0.0,9.6,27.7,15.2,74.5,,,OBAnorm,,LD831_02097v2.403,,,,0,0
DENATRLA,2025-06-23 08:54:22.000,31.3,32.3,27.4,23.3,18.8,19.6,17.6,14.0,13.8,11.3,15.4,18.0,19.6,21.2,22.9,23.1,23.2,23.5,23.0,22.1,19.9,17.0,13.6,10.0,6.7,5.4,0.6,-2.7,-3.2,-3.5,-4.2,-3.0,-0.2,29.8,33.3,38.4,13.4,0.0,9.6,27.8,15.2,75.1,,,OBAnorm,,LD831_02097v2.403,,,,0,0
DENATRLA,2025-06-23 08:54:23.000,30.9,26.3,25.2,21.1,21.2,18.0,18.8,12.0,13.7,11.8,14.2,18.4,19.4,20.3,22.8,22.1,23.8,24.4,24.1,22.4,19.4,16.4,13.3,9.7,6.4,4.3,0.2,-2.8,-3.2,-3.5,-4.3,-3.0,-0.1,30.1,33.9,41.3,13.4,0.0,9.6,27.7,15.2,75.1,,,OBAnorm,,LD831_02097v2.403,,,,0,0
DENATRLA,2025-06-23 08:54:24.000,31.3,26.3,23.7,23.8,20.9,18.7,18.3,15.8,12.9,12.5,16.2,17.4,20.8,22.0,23.7,23.8,23.8,24.7,24.7,22.3,20.5,17.4,14.1,12.2,10.1,9.3,0.7,-2.7,-3.3,-3.5,-4.1,-3.1,-0.1,30.6,40.5,61.8,13.4,0.0,9.6,27.8,15.2,75.1,,,OBAnorm,,LD831_02097v2.403,,,,0,0
DENATRLA,2025-06-23 08:54:25.000,21.2,26.0,28.9,30.6,28.0,26.1,24.4,22.7,15.6,13.4,15.7,19.6,18.8,20.8,24.4,23.5,25.6,25.4,24.4,23.0,20.4,17.8,14.2,11.0,7.4,5.4,0.3,-2.9,-3.3,-3.4,-4.0,-2.8,-0.1,30.9,41.4,57.6,13.4,0.0,9.6,27.8,15.2,75.1,,,OBAnorm,,LD831_02097v2.403,,,,0,0
DENATRLA,2025-06-23 08:54:26.000,33.0,38.9,40.3,37.8,29.2,24.7,20.1,15.4,13.0,12.5,16.2,18.7,18.9,21.5,23.1,23.6,23.9,24.5,24.8,23.3,20.5,17.3,14.0,10.6,7.2,4.0,-0.3,-3.4,-3.5,-3.7,-4.2,-2.9,-0.2,30.7,35.0,47.6,13.4,0.0,9.6,27.7,15.2,75.1,,,OBAnorm,,LD831_02097v2.403,,,,0,0
DENATRLA,2025-06-23 08:54:27.000,44.7,40.8,33.0,26.8,20.7,18.6,17.6,16.7,12.2,9.9,15.9,18.6,20.2,21.4,22.0,23.1,24.2,25.0,24.4,23.0,20.9,17.4,14.7,11.3,8.4,5.5,-0.1,-2.4,-3.2,-3.2,-3.8,-2.7,-0.1,30.7,35.7,55.6,13.4,0.0,9.6,27.8,15.2,75.1,,,OBAnorm,,LD831_02097v2.403,,,,0,0
DENATRLA,2025-06-23 08:54:28.000,37.3,35.5,25.2,26.4,23.9,17.7,17.5,14.8,12.7,12.4,15.5,18.8,19.7,21.4,23.8,22.7,23.9,25.0,25.2,22.9,21.4,18.6,15.2,12.1,7.9,6.7,0.0,-3.3,-3.3,-3.8,-4.3,-2.9,-0.1,30.9,35.4,51.4,13.4,0.0,9.8,27.7,15.2,76.8,,,OBAnorm,,LD831_02097v2.403,,,,0,0
DENATRLA,2025-06-23 08:54:29.000,26.5,29.7,25.8,27.9,22.6,19.1,18.5,18.0,12.3,12.6,15.6,18.7,20.4,21.6,22.8,23.9,24.1,25.5,24.9,23.5,21.7,18.6,15.2,11.3,7.9,4.9,0.1,-3.3,-3.5,-3.8,-4.4,-3.1,-0.2,31.2,34.8,44.8,13.4,0.0,9.8,27.8,15.2,78.5,,,OBAnorm,,LD831_02097v2.403,,,,0,0
DENATRLA,2025-06-23 08:54:30.000,34.0,31.4,23.7,25.7,20.6,18.1,19.4,18.5,13.8,12.6,14.0,19.9,20.1,21.6,23.2,24.9,24.0,24.9,25.3,23.6,21.6,18.6,15.8,12.1,8.3,5.3,0.1,-3.4,-3.4,-3.7,-4.3,-3.1,-0.1,31.4,35.0,44.6,13.4,0.0,9.8,27.7,15.2,78.5,,,OBAnorm,,LD831_02097v2.403,,,,0,0
DENATRLA,2025-06-23 08:54:31.000,27.3,28.2,27.8,25.2,23.8,19.9,16.5,15.5,13.6,12.2,16.7,18.9,19.5,22.4,23.4,23.7,25.0,25.5,25.1,24.0,21.7,19.2,16.1,13.7,10.2,8.9,0.7,-3.2,-3.5,-3.9,-4.3,-3.0,-0.1,31.6,34.8,45.3,13.4,0.0,9.9,27.8,15.2,77.9,,,OBAnorm,,LD831_02097v2.403,,,,0,0
DENATRLA,2025-06-23 08:54:32.000,31.0,30.5,27.2,23.8,20.7,19.2,18.6,15.3,13.0,11.4,17.3,18.5,21.1,22.4,22.8,24.7,24.8,26.0,24.8,24.4,21.6,18.0,15.3,12.0,8.0,5.4,0.3,-3.2,-3.6,-3.7,-4.3,-3.2,-0.1,31.5,36.5,52.6,13.4,0.0,9.8,27.8,15.2,77.9,,,OBAnorm,,LD831_02097v2.403,,,,0,0
DENATRLA,2025-06-23 08:54:33.000,29.3,25.1,24.5,27.3,29.6,21.0,18.7,15.8,14.2,11.8,17.3,18.9,21.5,22.3,22.6,24.3,24.7,24.8,24.2,24.0,21.6,18.6,15.5,12.8,11.1,9.7,0.4,-2.9,-3.4,-3.7,-4.3,-3.0,-0.1,31.3,35.6,50.7,13.4,0.0,9.8,27.8,15.2,77.9,,,OBAnorm,,LD831_02097v2.403,,,,0,0
DENATRLA,2025-06-23 08:54:34.000,27.2,30.5,28.0,27.7,24.7,21.8,20.3,17.9,12.1,15.5,17.2,18.6,21.7,22.5,23.1,24.6,24.9,25.6,25.0,23.9,21.1,18.7,15.7,11.6,8.2,5.7,0.5,-3.3,-3.3,-3.6,-4.3,-2.9,0.0,31.4,36.1,52.6,13.4,0.0,9.8,27.7,15.2,77.9,,,OBAnorm,,LD831_02097v2.403,,,,0,0
DENATRLA,2025-06-23 08:54:35.000,33.1,34.2,24.2,27.8,23.4,18.2,18.4,18.4,14.1,15.5,14.9,19.9,21.8,23.1,24.0,24.3,25.2,26.2,25.5,23.0,21.8,18.9,15.9,12.0,8.4,5.8,0.7,-3.2,-3.2,-3.3,-4.2,-3.0,-0.1,31.7,35.9,49.7,13.4,0.0,9.9,27.7,15.2,77.9,,,OBAnorm,,LD831_02097v2.403,,,,0,0
DENATRLA,2025-06-23 08:54:36.000,27.9,29.2,29.8,26.1,24.3,20.7,18.4,16.8,13.0,15.3,17.7,20.0,21.5,23.9,25.2,24.8,25.2,25.4,25.5,24.4,23.1,20.8,17.1,15.2,11.4,10.6,2.1,-2.7,-3.3,-3.6,-4.3,-3.0,-0.2,32.3,37.1,57.2,13.4,0.0,9.9,27.7,15.2,77.9,,,OBAnorm,,LD831_02097v2.403,,,,0,0
DENATRLA,2025-06-23 08:54:37.000,32.1,31.4,26.2,25.3,23.9,22.2,20.9,18.5,14.0,13.2,17.2,20.1,22.3,23.6,24.1,24.5,25.8,25.6,26.2,25.1,22.5,19.8,17.6,16.0,13.4,9.2,1.7,-2.2,-3.1,-3.6,-4.4,-3.1,-0.1,32.4,37.1,55.0,13.4,0.0,9.8,27.7,15.2,77.9,,,OBAnorm,,LD831_02097v2.403,,,,0,0
DENATRLA,2025-06-23 08:54:38.000,33.0,33.4,31.6,30.2,26.0,23.6,19.7,18.9,12.7,12.7,16.3,20.5,22.3,22.5,24.0,24.8,24.4,26.2,25.8,24.6,22.9,19.8,17.2,13.0,9.7,7.0,1.3,-2.7,-3.2,-3.6,-4.3,-3.0,0.0,32.2,36.0,48.4,13.4,0.0,9.8,27.8,15.2,77.9,,,OBAnorm,,LD831_02097v2.403,,,,0,0
DENATRLA,2025-06-23 08:54:39.000,35.4,33.4,29.0,26.9,25.0,21.9,17.8,15.8,11.9,14.3,17.3,19.4,22.1,22.6,24.7,24.3,25.6,26.3,26.2,24.7,22.3,20.2,17.0,13.7,10.0,8.6,1.6,-2.6,-3.3,-3.6,-4.3,-3.2,-0.1,32.3,35.9,48.8,13.4,0.0,9.9,27.8,15.2,78.5,,,OBAnorm,,LD831_02097v2.403,,,,0,0
DENATRLA,2025-06-23 08:54:40.000,32.1,30.9,27.0,25.7,22.5,20.4,18.2,14.7,13.6,14.3,16.2,20.8,22.4,23.5,24.4,25.1,25.8,25.0,25.9,23.4,21.6,19.3,16.7,16.1,10.8,7.7,2.1,-2.8,-3.1,-3.5,-4.3,-3.1,-0.1,31.9,36.5,51.2,13.4,0.0,9.8,27.8,15.2,78.5,,,OBAnorm,,LD831_02097v2.403,,,,0,0
DENATRLA,2025-06-23 08:54:41.000,31.6,30.9,31.0,27.5,18.6,19.8,20.0,17.0,13.8,13.4,15.6,20.6,23.5,22.9,24.6,24.2,25.3,25.8,25.7,24.5,22.4,19.2,16.5,12.3,8.8,7.0,2.6,-1.8,-2.7,-3.5,-4.3,-3.1,-0.1,32.0,35.6,47.3,13.4,0.0,9.8,27.8,15.2,78.5,,,OBAnorm,,LD831_02097v2.403,,,,0,0
DENATRLA,2025-06-23 08:54:42.000,29.5,32.1,29.5,24.8,22.5,20.1,19.0,17.2,13.3,14.2,16.6,20.5,24.0,22.4,24.6,25.5,26.1,26.1,26.0,24.5,22.3,19.6,16.3,13.5,9.9,7.9,3.7,-0.9,-2.4,-3.4,-4.3,-3.2,-0.1,32.5,35.9,43.0,13.4,0.0,9.8,27.7,15.2,78.5,,,OBAnorm,,LD831_02097v2.403,,,,0,0
DENATRLA,2025-06-23 08:54:43.000,29.4,30.4,24.2,22.9,20.7,21.8,18.1,17.1,15.7,13.2,18.0,21.4,23.4,24.2,25.3,25.7,24.8,25.2,25.4,24.4,22.6,20.1,17.4,15.4,13.0,10.2,3.8,-0.9,-2.2,-3.3,-4.1,-3.2,-0.1,32.3,35.9,43.5,13.4,0.0,9.8,27.8,15.2,78.5,,,OBAnorm,,LD831_02097v2.403,,,,0,0
DENATRLA,2025-06-23 08:54:44.000,25.7,29.9,27.7,25.0,22.9,19.7,21.3,17.6,13.1,14.5,18.2,21.4,23.0,24.2,25.0,25.7,25.1,25.9,25.4,24.0,21.6,18.8,15.4,12.1,9.3,7.9,4.4,-0.8,-2.4,-3.2,-4.2,-2.9,-0.2,31.9,36.2,47.7,13.4,0.0,9.9,27.8,15.2,78.5,,,OBAnorm,,LD831_02097v2.403,,,,0,0
DENATRLA,2025-06-23 08:54:45.000,29.1,28.7,28.8,25.3,22.5,21.5,19.9,18.0,15.3,13.3,18.0,19.8,22.5,23.3,25.2,24.1,25.2,25.6,25.2,23.8,21.2,18.7,15.4,13.1,9.8,9.5,5.0,0.3,-1.8,-3.1,-4.2,-3.1,-0.1,31.6,35.6,43.6,13.4,0.0,9.9,27.8,15.2,78.5,,,OBAnorm,,LD831_02097v2.403,,,,0,0
DENATRLA,2025-06-23 08:54:46.000,28.6,28.0,28.7,27.0,23.9,20.6,20.0,18.4,14.8,14.4,15.6,17.9,21.2,23.5,23.4,24.6,25.2,25.4,24.5,23.4,20.4,18.1,17.5,14.5,14.7,13.3,5.2,0.7,-1.5,-2.7,-4.1,-3.0,-0.1,31.6,34.9,40.5,13.4,0.0,9.9,27.7,15.2,78.5,,,OBAnorm,,LD831_02097v2.403,,,,0,0
DENATRLA,2025-06-23 08:54:47.000,28.9,34.9,24.6,24.1,21.7,22.0,18.6,16.4,14.3,14.5,16.7,18.3,21.0,22.5,23.4,24.4,24.2,24.5,24.4,23.1,20.7,17.8,14.4,11.4,8.6,7.6,4.5,0.3,-1.5,-3.0,-4.1,-3.1,-0.1,30.9,35.1,47.5,13.4,0.0,9.8,27.8,15.2,78.5,,,OBAnorm,,LD831_02097v2.403,,,,0,0
DENATRLA,2025-06-23 08:54:48.000,29.1,28.2,28.1,26.1,21.5,19.3,18.0,16.9,13.1,13.0,16.6,19.2,20.9,23.1,23.0,24.6,24.0,25.3,23.9,22.4,20.7,17.8,15.0,12.6,9.1,9.4,3.7,0.2,-1.3,-3.4,-4.3,-3.1,-0.1,30.8,34.7,43.0,13.4,0.0,9.8,27.8,15.2,78.5,,,OBAnorm,,LD831_02097v2.403,,,,0,0
DENATRLA,2025-06-23 08:54:49.000,28.6,26.7,24.7,25.3,20.3,18.5,19.1,18.1,14.1,14.3,15.5,19.4,21.0,23.1,23.6,24.4,25.0,24.7,24.3,22.9,20.7,18.3,14.4,11.6,8.3,6.3,2.6,-0.7,-2.7,-3.5,-4.3,-3.2,-0.1,30.8,34.8,43.3,13.4,0.0,9.9,27.8,15.2,78.5,,,OBAnorm,,LD831_02097v2.403,,,,0,0
DENATRLA,2025-06-23 08:54:50.000,29.5,29.1,24.8,26.9,20.1,20.5,19.5,16.5,12.3,13.1,17.7,19.7,22.2,22.5,22.3,24.4,24.5,24.0,24.6,22.2,20.8,17.9,14.8,11.2,8.9,6.9,3.2,-0.9,-2.5,-3.6,-4.3,-3.1,-0.2,30.6,34.4,42.8,13.4,0.0,9.8,27.8,15.2,78.5,,,OBAnorm,,LD831_02097v2.403,,,,0,0
DENATRLA,2025-06-23 08:54:51.000,29.0,31.0,27.0,24.6,18.2,20.2,17.8,16.0,11.8,12.3,17.6,20.3,21.0,22.2,24.3,23.4,24.6,24.7,24.1,23.6,20.8,17.5,14.5,11.2,8.1,6.5,2.4,-1.8,-2.9,-3.3,-4.2,-3.0,-0.1,30.9,34.6,42.5,13.4,0.0,9.8,27.8,15.2,78.5,,,OBAnorm,,LD831_02097v2.403,,,,0,0
DENATRLA,2025-06-23 08:54:52.000,29.2,27.0,25.4,24.8,22.8,18.7,18.6,15.7,14.6,12.8,16.6,19.8,21.1,23.2,23.6,25.0,24.8,24.8,24.8,22.4,20.3,17.5,15.2,15.3,9.3,10.2,1.8,-1.3,-2.7,-3.5,-4.2,-3.0,-0.2,30.9,34.9,41.7,13.4,0.0,9.8,27.8,15.2,78.5,,,OBAnorm,,LD831_02097v2.403,,,,0,0
DENATRLA,2025-06-23 08:54:53.000,25.7,28.9,23.2,22.8,22.5,20.0,20.2,19.2,13.5,14.0,16.8,19.9,23.0,22.4,22.2,23.4,24.3,24.0,23.7,22.3,19.7,16.9,14.3,13.3,9.6,7.4,1.1,-2.0,-3.4,-3.5,-4.2,-3.1,-0.1,30.4,34.4,40.3,13.4,0.0,9.9,27.8,15.3,78.5,,,OBAnorm,,LD831_02097v2.403,,,,0,0
DENATRLA,2025-06-23 08:54:54.000,23.4,29.5,30.1,21.5,20.2,19.2,20.1,16.5,14.0,14.6,17.6,19.1,21.3,22.7,23.0,23.2,23.8,24.8,23.6,22.8,19.9,17.8,14.8,10.6,7.5,5.2,1.0,-2.8,-3.1,-3.6,-4.2,-3.1,-0.2,30.4,34.2,39.1,13.4,0.0,9.8,27.7,15.3,78.5,,,OBAnorm,,LD831_02097v2.403,,,,0,0
DENATRLA,2025-06-23 08:54:55.000,28.5,27.2,24.3,25.9,20.6,20.1,17.4,17.9,12.7,12.4,17.3,19.6,21.4,22.5,22.7,23.9,24.6,25.3,24.3,22.4,19.9,17.2,13.2,9.8,6.9,4.8,0.2,-2.9,-2.8,-3.5,-3.8,-3.0,-0.1,30.6,34.6,40.3,13.4,0.0,9.8,27.8,15.3,78.5,,,OBAnorm,,LD831_02097v2.403,,,,0,0
DENATRLA,2025-06-23 08:54:56.000,30.0,26.7,25.1,25.7,21.9,22.2,20.6,14.6,13.1,14.0,17.0,19.7,21.4,22.8,22.9,23.6,23.4,24.5,23.7,22.4,19.9,16.9,14.1,12.8,9.7,8.7,-0.1,-3.2,-3.5,-3.7,-4.4,-3.1,-0.1,30.3,34.2,39.7,13.4,0.0,9.8,27.8,15.3,78.5,,,OBAnorm,,LD831_02097v2.403,,,,0,0
DENATRLA,2025-06-23 08:54:57.000,30.5,28.3,26.4,22.9,21.0,20.4,18.3,17.7,13.5,13.8,17.6,18.5,20.5,22.7,23.0,22.7,25.0,24.7,23.0,22.9,19.4,17.1,13.4,10.4,7.1,4.2,-0.2,-3.0,-3.0,-3.7,-4.3,-3.0,-0.1,30.3,34.5,42.1,13.4,0.0,9.8,27.8,15.3,78.5,,,OBAnorm,,LD831_02097v2.403,,,,0,0
DENATRLA,2025-06-23 08:54:58.000,27.6,26.1,28.7,24.9,23.7,20.3,17.6,17.4,13.5,12.5,15.8,19.8,21.9,21.8,23.0,22.4,24.0,24.3,23.6,21.8,19.7,16.9,13.5,11.1,8.5,5.7,-0.6,-3.4,-3.6,-3.6,-4.3,-3.1,-0.1,30.0,34.3,41.2,13.4,0.0,9.8,27.8,15.3,78.5,,,OBAnorm,,LD831_02097v2.403,,,,0,0
DENATRLA,2025-06-23 08:54:59.000,26.1,30.2,24.9,26.4,23.4,18.6,17.4,14.9,12.4,11.3,16.4,18.2,19.0,21.1,22.5,23.2,23.6,24.2,22.8,21.8,19.7,16.3,14.2,10.1,7.2,4.0,-0.9,-3.5,-3.6,-3.7,-4.3,-3.2,0.0,29.8,38.2,55.7,13.4,0.0,345.4,27.8,15.4,78.0,,,OBAnorm,,LD831_02097v2.403,,,,0,0
DENATRLA,2025-06-23 08:55:00.000,30.6,28.1,25.4,24.9,26.3,22.0,21.2,14.9,14.4,11.7,16.4,19.4,19.8,21.9,21.7,23.4,23.5,23.8,23.2,21.3,19.1,16.4,13.5,12.1,8.2,13.4,-0.6,-3.4,-3.8,-3.5,-4.3,-3.1,-0.1,29.7,40.1,59.2,13.4,0.0,345.3,27.8,15.5,78.0,,,OBAnorm,,LD831_02097v2.403,,,,0,0
DENATRLA,2025-06-23 08:55:01.000,28.4,37.1,35.2,28.7,28.6,22.0,18.8,16.3,10.9,11.8,16.9,18.3,20.9,21.6,22.9,24.0,23.6,24.3,22.6,21.7,19.8,16.4,12.4,10.2,6.4,3.4,-0.7,-3.1,-3.3,-3.1,-4.3,-3.0,-0.2,29.7,35.0,47.7,13.4,0.0,345.4,27.8,15.5,78.0,,,OBAnorm,,LD831_02097v2.403,,,,0,0
DENATRLA,2025-06-23 08:55:02.000,43.8,40.2,34.2,24.0,21.1,20.2,17.5,16.6,13.9,12.9,14.8,19.5,20.9,21.4,23.6,24.0,23.2,23.6,22.7,21.4,19.0,16.0,13.3,12.0,8.8,7.1,-0.5,-3.4,-3.6,-3.8,-4.2,-3.1,-0.2,29.6,34.7,46.6,13.4,0.0,345.4,27.8,15.5,78.0,,,OBAnorm,,LD831_02097v2.403,,,,0,0
DENATRLA,2025-06-23 08:55:03.000,43.0,35.3,26.4,26.2,24.0,19.9,17.8,15.9,13.2,12.9,15.9,18.4,20.2,22.1,23.1,22.9,23.7,24.3,23.5,21.4,19.4,16.3,13.3,9.9,6.1,4.2,-0.4,-3.3,-3.7,-3.8,-4.3,-3.1,-0.1,29.9,34.3,47.5,13.4,0.0,345.4,27.8,15.5,78.0,,,OBAnorm,,LD831_02097v2.403,,,,0,0
DENATRLA,2025-06-23 08:55:04.000,35.5,33.8,25.3,21.6,19.9,20.4,18.9,18.2,15.0,12.6,16.7,16.3,19.6,21.5,22.0,23.4,22.7,23.6,22.7,21.2,18.5,16.7,12.8,9.8,6.6,3.4,-1.0,-3.3,-3.6,-3.6,-4.3,-3.1,-0.1,29.3,33.4,46.1,13.4,0.0,345.4,27.8,15.5,78.0,,,OBAnorm,,LD831_02097v2.403,,,,0,0
DENATRLA,2025-06-23 08:55:05.000,27.8,34.2,26.3,25.1,21.7,19.9,18.1,16.9,12.9,11.2,16.4,17.7,19.3,21.4,22.1,23.7,23.6,24.1,23.2,21.2,19.0,16.4,13.1,9.4,7.4,4.3,-0.9,-3.6,-3.7,-3.8,-4.4,-3.2,-0.2,29.5,33.8,45.8,13.4,0.0,345.4,27.8,15.5,77.4,,,OBAnorm,,LD831_02097v2.403,,,,0,0
DENATRLA,2025-06-23 08:55:06.000,27.6,29.1,24.7,24.9,19.4,20.0,17.8,14.2,13.9,13.2,15.4,17.9,21.1,22.0,22.0,22.8,23.4,24.2,23.7,21.6,19.0,16.4,13.5,9.0,6.1,3.3,-1.3,-3.7,-3.7,-3.8,-4.3,-3.0,-0.1,29.8,33.9,42.8,13.4,0.0,345.3,27.8,15.5,77.4,,,OBAnorm,,LD831_02097v2.403,,,,0,0
DENATRLA,2025-06-23 08:55:07.000,31.1,28.3,26.6,24.3,18.6,19.2,19.5,15.4,11.9,13.4,14.4,18.5,20.3,21.6,23.2,22.7,23.9,23.5,22.7,21.6,19.5,16.8,14.3,11.8,9.3,6.4,-0.9,-3.2,-3.6,-3.8,-4.4,-3.2,-0.2,29.7,34.0,41.1,13.4,0.0,345.4,27.8,15.5,77.4,,,OBAnorm,,LD831_02097v2.403,,,,0,0
DENATRLA,2025-06-23 08:55:08.000,29.0,30.1,26.9,27.2,22.5,18.4,16.2,17.6,12.3,14.3,15.0,17.9,20.6,20.7,22.2,23.4,24.6,24.2,23.0,21.5,19.9,17.2,13.8,11.0,8.0,6.7,-0.7,-3.4,-3.6,-3.7,-4.4,-3.1,-0.2,30.0,34.5,40.8,13.4,0.0,345.4,27.8,15.5,77.4,,,OBAnorm,,LD831_02097v2.403,,,,0,0
DENATRLA,2025-06-23 08:55:09.000,28.4,29.5,24.6,23.0,22.6,21.9,19.5,14.5,13.2,14.2,15.4,18.4,20.4,20.9,23.6,24.1,24.5,23.6,22.7,21.9,19.0,16.4,13.4,10.1,6.6,3.7,-1.1,-3.6,-3.6,-3.8,-4.3,-3.0,-0.1,29.8,33.8,44.4,13.4,0.0,345.4,27.8,15.5,77.4,,,OBAnorm,,LD831_02097v2.403,,,,0,0
DENATRLA,2025-06-23 08:55:10.000,29.8,32.3,28.1,22.4,19.7,19.6,19.5,14.9,11.0,11.8,16.3,19.0,20.0,22.3,22.6,23.4,23.5,23.2,23.1,21.5,19.0,16.9,15.1,10.2,6.9,3.9,-1.0,-3.7,-3.6,-3.8,-4.3,-3.1,-0.1,29.6,33.7,43.2,13.4,0.0,345.4,27.8,15.5,77.4,,,OBAnorm,,LD831_02097v2.403,,,,0,0
DENATRLA,2025-06-23 08:55:11.000,25.9,32.7,26.6,24.5,20.4,18.2,18.7,13.6,11.7,13.2,17.0,17.6,20.6,21.5,21.5,22.7,23.8,23.9,23.3,21.4,19.9,17.2,15.2,11.3,8.2,7.1,-0.4,-2.9,-3.5,-3.8,-4.4,-3.1,-0.1,29.9,34.1,43.8,13.4,0.0,345.5,27.8,15.5,77.4,,,OBAnorm,,LD831_02097v2.403,,,,0,0
DENATRLA,2025-06-23 08:55:12.000,26.7,28.4,28.5,24.2,20.7,20.0,18.5,15.6,13.0,13.9,18.4,18.1,19.3,21.9,22.8,23.4,23.9,23.7,23.2,21.9,19.8,16.7,14.8,11.8,9.9,8.5,0.0,-3.1,-3.5,-3.7,-4.3,-3.1,-0.3,30.0,34.2,43.9,13.4,0.0,345.5,27.8,15.5,77.4,,,OBAnorm,,LD831_02097v2.403,,,,0,0
DENATRLA,2025-06-23 08:55:13.000,28.6,29.7,24.2,25.0,17.7,20.4,17.9,15.1,13.0,12.6,14.4,18.5,20.6,20.9,22.6,21.9,24.1,24.0,23.7,21.4,19.6,17.0,13.8,10.5,6.8,4.7,0.4,-2.8,-3.3,-3.7,-4.3,-3.1,-0.2,29.8,36.2,49.2,13.4,0.0,345.4,27.8,15.5,77.4,,,OBAnorm,,LD831_02097v2.403,,,,0,0
DENATRLA,2025-06-23 08:55:14.000,28.9,29.6,33.3,28.4,24.8,20.4,17.3,15.1,13.3,11.4,15.0,18.9,19.4,21.2,22.7,22.5,22.4,23.7,23.2,22.1,19.9,16.8,14.3,12.2,9.1,6.9,0.7,-3.0,-3.4,-3.8,-4.4,-3.2,-0.1,29.8,34.0,47.8,13.4,0.0,345.4,27.8,15.5,77.4,,,OBAnorm,,LD831_02097v2.403,,,,0,0
DENATRLA,2025-06-23 08:55:15.000,36.9,33.8,28.2,23.9,20.7,19.6,15.9,14.0,12.4,12.4,13.0,17.6,19.8,21.5,23.1,23.3,23.6,24.0,23.3,22.3,20.3,17.6,14.6,10.5,7.5,5.7,2.3,-2.5,-3.3,-3.7,-4.3,-3.0,-0.1,30.1,35.8,49.9,13.4,0.0,345.4,27.8,15.5,77.4,,,OBAnorm,,LD831_02097v2.403,,,,0,0
DENATRLA,2025-06-23 08:55:16.000,32.7,28.1,24.3,24.2,21.9,17.2,18.8,16.9,12.1,13.3,15.0,17.7,20.6,21.8,23.2,23.8,23.4,24.0,23.9,22.6,20.2,17.2,14.0,11.3,8.5,6.8,3.4,-1.6,-2.7,-3.7,-4.3,-3.0,0.0,30.2,37.2,54.4,13.4,0.0,345.4,27.8,15.5,77.4,,,OBAnorm,,LD831_02097v2.403,,,,0,0
DENATRLA,2025-06-23 08:55:17.000,34.3,33.5,29.9,25.8,24.7,22.4,17.3,14.9,12.2,12.4,15.9,18.7,21.2,22.0,23.3,23.4,24.4,24.0,23.5,22.1,19.6,17.5,14.1,12.5,8.6,6.6,1.9,-2.6,-3.3,-3.7,-4.3,-3.0,-0.1,30.3,36.1,52.6,13.4,0.0,345.5,27.8,15.5,77.4,,,OBAnorm,,LD831_02097v2.403,,,,0,0
DENATRLA,2025-06-23 08:55:18.000,40.3,36.2,30.8,25.2,22.9,18.5,16.8,16.0,12.8,13.0,17.2,18.0,20.6,21.5,22.9,23.5,23.9,24.4,23.7,22.1,19.8,16.7,13.5,10.1,7.1,5.2,1.1,-2.9,-3.4,-3.6,-4.2,-3.1,-0.2,30.0,36.6,54.2,13.4,0.0,345.5,27.8,15.5,77.4,,,OBAnorm,,LD831_02097v2.403,,,,0,0
DENATRLA,2025-06-23 08:55:19.000,37.4,38.5,26.1,23.6,22.0,17.6,17.1,13.8,11.5,12.3,18.5,17.1,21.2,22.4,23.0,22.3,23.4,24.2,23.0,21.9,19.5,16.3,14.0,10.4,7.4,6.0,1.8,-2.6,-3.3,-3.7,-4.2,-3.0,-0.1,29.8,35.6,54.0,13.4,0.0,345.5,27.8,15.5,77.4,,,OBAnorm,,LD831_02097v2.403,,,,0,0
DENATRLA,2025-06-23 08:55:20.000,31.1,35.4,30.8,22.8,23.8,19.9,17.2,17.4,12.0,13.0,15.7,16.9,20.1,20.5,23.1,23.4,24.0,23.0,23.3,21.6,19.1,16.3,13.7,10.9,8.0,6.7,2.3,-1.7,-3.1,-3.8,-4.3,-3.1,-0.2,29.6,35.9,51.5,13.4,0.0,345.5,27.8,15.5,77.4,,,OBAnorm,,LD831_02097v2.403,,,,0,0
DENATRLA,2025-06-23 08:55:21.000,36.8,35.5,28.0,25.0,23.0,20.9,20.3,16.1,13.0,14.2,14.8,17.4,21.6,22.3,23.5,23.7,23.6,23.4,23.0,21.5,19.5,16.6,13.0,10.1,6.8,5.6,2.6,-1.9,-3.2,-3.8,-4.4,-3.1,-0.1,29.7,34.3,45.1,13.4,0.0,345.5,27.8,15.5,77.4,,,OBAnorm,,LD831_02097v2.403,,,,0,0
DENATRLA,2025-06-23 08:55:22.000,34.9,35.0,24.7,24.5,21.9,20.7,17.8,15.2,12.6,12.6,15.6,17.0,20.6,21.6,22.7,23.1,23.5,23.8,23.5,22.1,19.3,17.3,14.1,11.8,8.3,6.7,2.1,-2.1,-3.1,-3.7,-4.3,-3.1,-0.1,30.0,33.9,39.6,13.4,0.0,345.4,27.8,15.5,77.4,,,OBAnorm,,LD831_02097v2.403,,,,0,0
DENATRLA,2025-06-23 08:55:23.000,36.1,31.7,28.7,24.9,20.9,19.8,19.3,13.6,12.9,14.5,15.8,18.5,19.9,21.6,23.2,22.8,24.2,24.4,23.6,22.5,20.0,17.1,13.5,10.2,7.0,5.5,2.1,-2.2,-3.2,-3.7,-4.4,-3.0,-0.1,30.2,34.6,44.6,13.4,0.0,345.5,27.8,15.5,76.8,,,OBAnorm,,LD831_02097v2.403,,,,0,0
DENATRLA,2025-06-23 08:55:24.000,27.1,29.9,25.4,25.2,21.4,20.2,17.3,20.6,12.6,11.4,15.4,18.9,20.4,21.7,22.7,23.5,23.4,23.9,23.5,22.0,20.2,17.1,14.0,10.0,7.0,5.8,2.7,-2.0,-3.1,-3.7,-4.3,-3.1,-0.2,30.1,34.3,42.7,13.4,0.0,345.4,27.8,15.5,76.8,,,OBAnorm,,LD831_02097v2.403,,,,0,0
DENATRLA,2025-06-23 08:55:25.000,28.6,32.3,25.3,24.4,24.6,19.8,18.1,17.8,11.1,12.6,15.4,17.4,20.5,22.6,22.5,22.8,24.1,23.7,23.8,22.0,19.4,16.8,13.8,11.4,8.4,7.1,3.2,-1.3,-2.8,-3.7,-4.4,-3.2,-0.1,29.9,34.2,40.4,13.4,0.0,345.4,27.8,15.5,76.8,,,OBAnorm,,LD831_02097v2.403,,,,0,0
DENATRLA,2025-06-23 08:55:26.000,27.0,30.9,28.6,26.7,23.7,16.0,19.4,15.7,12.2,13.3,16.0,17.4,20.8,22.0,22.7,24.1,23.5,23.7,23.7,21.8,20.1,17.4,14.6,11.7,9.8,6.8,3.3,-1.2,-2.6,-3.7,-4.4,-3.0,-0.2,30.1,34.7,45.4,13.4,0.0,345.5,27.8,15.5,76.3,,,OBAnorm,,LD831_02097v2.403,,,,0,0
DENATRLA,2025-06-23 08:55:27.000,25.6,30.4,27.2,24.5,19.8,18.9,18.1,15.1,13.7,12.0,16.3,19.8,20.4,21.8,23.7,23.7,23.4,23.6,23.3,21.6,19.7,16.9,14.0,10.2,8.7,6.4,2.7,-1.6,-2.9,-3.7,-4.1,-3.1,-0.1,29.8,34.7,45.1,13.4,0.0,345.4,27.8,15.5,76.3,,,OBAnorm,,LD831_02097v2.403,,,,0,0
DENATRLA,2025-06-23 08:55:28.000,32.5,33.2,26.9,22.0,21.3,20.6,18.8,17.4,12.5,11.6,16.6,20.0,21.0,21.3,22.8,23.4,23.3,23.5,23.1,21.9,19.6,16.8,13.8,10.4,8.8,5.6,2.5,-2.1,-2.9,-3.6,-4.3,-3.0,-0.2,29.8,34.7,49.1,13.4,0.0,345.4,27.8,15.5,76.3,,,OBAnorm,,LD831_02097v2.403,,,,0,0
DENATRLA,2025-06-23 08:55:29.000,31.7,33.1,30.4,27.7,21.8,19.0,18.6,16.0,13.9,13.9,15.9,19.1,20.4,21.6,22.0,23.8,24.0,23.5,23.5,22.5,20.2,17.2,14.4,12.1,9.2,9.4,3.9,0.8,1.0,-3.3,-4.3,-3.2,-0.1,30.3,36.9,55.3,13.4,0.0,345.5,27.8,15.5,76.8,,,OBAnorm,,LD831_02097v2.403,,,,0,0
DENATRLA,2025-06-23 08:55:30.000,28.2,27.8,28.7,27.4,22.7,20.7,17.8,15.6,14.6,13.1,15.9,17.7,21.3,22.1,22.9,23.0,23.7,23.4,23.9,21.7,20.0,17.2,13.9,10.3,7.9,7.5,4.2,1.2,0.7,-3.3,-4.0,-3.1,-0.1,30.0,37.0,57.3,13.4,0.0,345.5,27.8,15.5,76.8,,,OBAnorm,,LD831_02097v2.403,,,,0,0
DENATRLA,2025-06-23 08:55:31.000,33.0,32.0,29.5,25.4,22.6,18.5,17.8,15.3,14.4,12.1,16.2,19.4,20.1,22.1,22.4,23.2,24.5,23.8,24.2,21.9,20.2,17.2,13.2,9.8,7.2,6.4,3.6,-0.2,-1.3,-3.4,-4.1,-2.8,-0.1,30.1,34.9,52.7,13.4,0.0,345.5,27.8,15.5,76.8,,,OBAnorm,,LD831_02097v2.403,,,,0,0
DENATRLA,2025-06-23 08:55:32.000,39.4,37.2,27.2,26.5,21.3,19.0,15.5,14.9,12.7,13.4,15.1,18.7,20.5,22.0,23.1,23.2,24.2,24.0,23.0,22.3,20.2,17.4,15.0,15.0,10.5,8.9,3.7,-0.7,-2.2,-2.9,-4.1,-2.8,0.0,30.4,34.3,45.2,13.4,0.0,345.4,27.8,15.6,76.9,,,OBAnorm,,LD831_02097v2.403,,,,0,0
DENATRLA,2025-06-23 08:55:33.000,34.3,31.9,25.9,28.6,23.4,18.0,17.4,16.2,14.6,13.0,16.1,19.0,20.9,23.3,22.9,22.6,24.1,24.8,24.4,22.4,20.9,17.7,14.1,10.8,7.9,6.2,3.7,-0.3,-2.2,-3.4,-4.1,-3.1,-0.2,30.5,34.7,44.2,13.4,0.0,345.4,27.8,15.6,76.9,,,OBAnorm,,LD831_02097v2.403,,,,0,0
DENATRLA,2025-06-23 08:55:34.000,23.8,26.0,26.2,22.7,20.7,19.9,19.3,13.5,13.5,13.6,15.6,19.0,20.7,22.6,22.0,23.3,24.3,24.2,24.1,22.4,20.7,17.6,14.5,10.6,7.3,5.9,3.3,-0.7,-2.2,-2.7,-3.3,-2.2,0.1,30.4,34.2,40.6,13.4,0.0,345.5,27.8,15.6,76.9,,,OBAnorm,,LD831_02097v2.403,,,,0,0
DENATRLA,2025-06-23 08:55:35.000,29.3,29.2,27.9,26.1,22.7,18.7,18.4,17.3,10.4,13.1,13.9,17.6,21.3,23.3,23.6,23.6,24.5,24.9,24.4,22.6,20.1,17.7,15.0,12.9,11.2,7.0,2.7,-1.6,-3.0,-3.4,-4.2,-3.1,0.0,30.9,34.9,44.1,13.4,0.0,345.2,27.8,15.6,77.4,,,OBAnorm,,LD831_02097v2.403,,,,0,0
DENATRLA,2025-06-23 08:55:36.000,30.6,30.1,27.1,25.5,23.0,17.9,16.4,15.7,12.4,11.2,14.3,18.2,20.3,22.1,22.9,24.3,23.9,25.1,24.4,23.3,20.5,18.4,15.1,11.2,8.3,5.7,2.6,-1.3,-3.1,-3.6,-4.3,-3.0,-0.2,30.7,34.7,41.8,13.4,0.0,344.7,27.8,15.6,77.4,,,OBAnorm,,LD831_02097v2.403,,,,0,0
DENATRLA,2025-06-23 08:55:37.000,28.5,28.9,28.5,24.6,23.0,20.6,18.5,16.4,13.8,11.9,16.2,18.2,19.9,23.3,22.5,23.3,24.4,24.7,24.1,22.4,20.3,17.4,13.8,10.5,7.5,5.9,3.0,-1.2,-2.8,-3.3,-4.1,-3.0,-0.1,30.4,34.9,42.8,13.4,0.0,344.7,27.8,15.6,76.9,,,OBAnorm,,LD831_02097v2.403,,,,0,0
DENATRLA,2025-06-23 08:55:38.000,28.2,28.8,31.0,26.2,23.2,22.2,16.8,18.4,15.3,11.0,15.8,18.4,21.6,22.3,22.4,23.9,23.1,24.7,24.4,22.3,20.2,17.6,15.6,13.6,12.0,9.3,3.8,-0.7,-2.5,-3.1,-4.1,-3.0,0.0,30.7,34.4,43.7,13.4,0.0,344.7,27.8,15.6,76.9,,,OBAnorm,,LD831_02097v2.403,,,,0,0
DENATRLA,2025-06-23 08:55:39.000,29.6,34.2,23.7,23.6,20.2,17.1,16.0,17.5,13.5,13.2,14.8,17.5,20.9,21.9,21.9,23.5,23.7,24.0,24.3,21.7,19.9,17.3,14.7,10.4,7.6,6.4,3.7,-0.8,-2.7,-3.6,-4.2,-3.1,-0.1,30.0,34.3,42.9,13.4,0.0,344.8,27.8,15.6,76.9,,,OBAnorm,,LD831_02097v2.403,,,,0,0
DENATRLA,2025-06-23 08:55:40.000,27.0,32.4,26.8,26.2,25.3,19.6,18.5,15.2,11.7,11.2,14.4,18.5,19.4,22.0,23.1,23.5,24.0,23.7,23.4,22.5,20.4,17.6,15.1,16.9,12.4,9.1,3.5,-0.3,-2.6,-3.5,-4.4,-3.0,-0.1,30.5,34.4,40.8,13.4,0.0,344.8,27.8,15.6,76.9,,,OBAnorm,,LD831_02097v2.403,,,,0,0
DENATRLA,2025-06-23 08:55:41.000,26.7,31.8,22.9,21.9,21.0,18.0,16.0,17.7,13.7,11.8,15.2,18.2,20.9,21.3,21.7,22.6,23.7,24.1,23.5,22.4,20.7,17.6,14.1,10.4,7.7,6.0,3.0,-0.7,-2.6,-3.1,-4.1,-3.1,-0.1,30.3,34.1,40.8,13.4,0.0,344.8,27.8,15.6,76.9,,,OBAnorm,,LD831_02097v2.403,,,,0,0
DENATRLA,2025-06-23 08:55:42.000,28.3,32.9,21.6,26.2,21.9,21.0,20.4,17.2,12.1,14.1,16.3,17.8,21.2,21.9,23.2,22.8,23.5,24.2,23.2,21.9,19.9,17.1,14.1,10.1,8.3,5.7,2.1,-2.3,-3.0,-3.5,-4.3,-3.0,-0.1,29.9,34.2,43.5,13.4,0.0,344.8,27.8,15.6,76.9,,,OBAnorm,,LD831_02097v2.403,,,,0,0
DENATRLA,2025-06-23 08:55:43.000,25.0,31.8,25.3,24.0,19.7,21.0,18.1,15.4,12.0,12.7,14.0,18.1,20.3,21.9,22.8,22.6,24.0,23.4,23.1,22.4,19.8,17.2,16.5,16.5,14.1,12.2,2.2,-2.1,-3.1,-3.6,-4.4,-3.1,-0.2,30.4,33.8,40.2,13.4,0.0,344.8,27.8,15.7,76.9,,,OBAnorm,,LD831_02097v2.403,,,,0,0
DENATRLA,2025-06-23 08:55:44.000,28.0,29.2,27.2,25.8,22.1,16.6,16.9,13.7,11.8,13.3,15.6,18.9,20.3,21.5,22.9,22.8,24.1,24.5,23.0,21.7,19.9,16.9,13.9,10.4,7.9,6.0,2.6,-1.8,-2.9,-3.5,-4.3,-3.0,-0.2,30.0,34.4,48.4,13.4,0.0,344.8,27.8,15.7,76.9,,,OBAnorm,,LD831_02097v2.403,,,,0,0
DENATRLA,2025-06-23 08:55:45.000,28.7,30.7,27.4,25.4,19.9,20.1,15.0,15.2,11.6,10.9,15.5,17.7,20.5,21.8,21.6,22.7,22.8,24.0,23.3,21.9,19.7,16.7,13.7,10.4,7.9,6.3,2.7,-2.1,-3.0,-3.7,-4.3,-3.1,-0.2,29.7,34.4,47.2,13.4,0.0,344.8,27.8,15.7,76.9,,,OBAnorm,,LD831_02097v2.403,,,,0,0
DENATRLA,2025-06-23 08:55:46.000,28.0,29.1,27.4,28.1,20.3,17.2,17.4,13.1,11.6,11.4,14.4,17.4,20.1,21.6,23.4,23.6,23.7,23.6,23.8,22.1,20.0,17.4,14.8,11.1,7.9,6.1,2.7,-2.0,-3.2,-3.6,-4.3,-3.1,-0.1,30.2,34.5,43.4,13.4,0.0,344.8,27.8,15.7,76.9,,,OBAnorm,,LD831_02097v2.403,,,,0,0
DENATRLA,2025-06-23 08:55:47.000,26.7,29.9,25.3,19.9,20.9,20.5,18.3,15.6,10.9,10.7,15.1,16.4,20.2,22.4,22.1,23.1,23.8,24.2,23.5,22.3,20.4,16.9,13.9,10.3,7.5,6.1,2.8,-1.6,-3.0,-3.6,-4.4,-3.1,-0.2,30.0,34.4,43.1,13.4,0.0,344.8,27.8,15.7,76.9,,,OBAnorm,,LD831_02097v2.403,,,,0,0
DENATRLA,2025-06-23 08:55:48.000,30.0,33.4,28.0,27.0,21.6,20.8,16.3,14.3,12.9,12.9,14.8,18.1,20.9,21.1,22.3,22.9,23.0,23.5,22.5,22.1,19.8,17.0,13.2,9.9,7.2,5.4,2.1,-2.1,-3.1,-3.8,-4.4,-3.1,-0.1,29.7,34.8,43.3,13.4,0.0,344.8,27.8,15.7,77.5,,,OBAnorm,,LD831_02097v2.403,,,,0,0
DENATRLA,2025-06-23 08:55:49.000,31.8,32.6,26.6,27.3,21.2,19.0,15.4,16.8,12.7,12.6,15.0,18.6,19.8,21.0,22.2,22.9,23.9,23.5,23.0,21.7,19.4,16.7,12.7,9.8,6.8,5.2,1.9,-2.0,-3.0,-3.6,-4.4,-3.1,-0.1,29.8,34.4,41.7,13.4,0.0,344.8,27.8,15.7,77.5,,,OBAnorm,,LD831_02097v2.403,,,,0,0
DENATRLA,2025-06-23 08:55:50.000,32.4,32.8,28.2,24.4,20.7,19.9,19.1,15.5,13.2,11.7,16.1,17.7,19.3,22.1,22.8,23.1,23.0,24.1,23.4,21.4,19.7,16.0,12.9,9.4,6.5,5.5,2.2,-1.8,-3.0,-3.7,-4.3,-3.2,-0.2,29.5,33.5,39.8,13.4,0.0,344.8,27.8,15.7,77.5,,,OBAnorm,,LD831_02097v2.403,,,,0,0
DENATRLA,2025-06-23 08:55:51.000,31.1,36.6,19.0,23.2,19.8,18.9,17.7,16.7,14.4,12.8,15.0,18.8,20.6,22.0,22.8,22.9,23.3,23.9,23.5,21.5,18.8,15.8,12.6,9.7,6.7,5.2,1.8,-2.4,-3.0,-3.5,-4.2,-3.0,0.0,29.7,34.1,42.5,13.4,0.0,344.8,27.8,15.7,77.5,,,OBAnorm,,LD831_02097v2.403,,,,0,0
DENATRLA,2025-06-23 08:55:52.000,29.8,30.2,23.4,23.2,21.4,18.8,18.5,17.2,13.3,12.7,14.7,18.9,20.4,22.7,23.0,22.2,23.8,23.7,23.0,21.6,19.7,16.8,13.4,10.0,6.9,5.1,1.0,-2.8,-3.2,-3.6,-4.2,-3.1,0.0,29.6,34.9,43.9,13.4,0.0,344.8,27.8,15.7,76.9,,,OBAnorm,,LD831_02097v2.403,,,,0,0
DENATRLA,2025-06-23 08:55:53.000,29.7,25.9,28.0,24.2,23.0,19.1,17.2,15.1,13.0,12.8,15.1,18.9,21.4,22.1,21.6,22.5,23.3,23.7,23.2,21.8,19.3,16.0,13.1,9.6,7.7,4.6,0.9,-2.7,-3.0,-3.3,-4.1,-2.8,0.0,29.6,34.7,42.1,13.4,0.0,344.8,27.8,15.7,76.9,,,OBAnorm,,LD831_02097v2.403,,,,0,0
DENATRLA,2025-06-23 08:55:54.000,30.6,35.2,29.6,25.7,20.2,19.9,18.5,15.0,12.9,12.4,16.8,17.3,20.8,21.4,23.3,23.3,23.7,24.4,24.2,22.1,19.9,17.0,13.8,10.4,7.3,4.9,1.4,-0.5,-1.3,-1.8,-2.5,-1.0,1.0,30.2,34.7,43.7,13.4,0.0,344.8,27.8,15.7,76.9,,,OBAnorm,,LD831_02097v2.403,,,,0,0
DENATRLA,2025-06-23 08:55:55.000,30.8,37.1,27.4,25.5,23.7,18.1,16.2,13.4,11.2,13.5,15.6,18.9,20.5,22.1,22.9,22.7,23.7,24.2,23.4,22.6,19.8,17.2,13.7,10.4,7.1,4.8,1.1,-2.3,-2.9,-3.2,-4.1,-2.8,0.2,30.1,34.1,41.0,13.4,0.0,344.8,27.8,15.7,76.9,,,OBAnorm,,LD831_02097v2.403,,,,0,0
DENATRLA,2025-06-23 08:55:56.000,28.7,34.8,28.6,24.4,20.5,18.0,16.1,16.6,14.4,12.0,15.0,20.2,21.5,21.7,22.6,22.5,23.4,24.2,22.9,21.7,19.5,17.3,14.3,9.8,6.5,4.1,0.2,-3.2,-3.4,-3.7,-4.4,-3.1,-0.1,29.7,34.0,40.9,13.4,0.0,344.8,27.8,15.7,76.9,,,OBAnorm,,LD831_02097v2.403,,,,0,0
DENATRLA,2025-06-23 08:55:57.000,24.3,29.4,27.9,25.6,22.0,17.8,16.7,16.0,10.5,13.5,16.5,18.1,21.8,21.2,22.6,22.8,23.5,23.4,24.1,21.8,19.3,16.9,13.0,9.0,6.4,4.4,1.3,-2.4,-2.7,-3.6,-4.3,-3.2,-0.1,29.8,33.8,38.0,13.4,0.0,344.8,27.8,15.7,76.9,,,OBAnorm,,LD831_02097v2.403,,,,0,0
DENATRLA,2025-06-23 08:55:58.000,27.0,31.0,23.2,22.6,21.1,16.9,18.5,16.7,13.7,11.0,16.5,20.0,20.7,21.2,22.3,24.0,24.2,24.5,23.2,21.8,19.6,17.5,14.4,13.2,12.8,10.7,1.4,-2.3,-3.1,-3.5,-4.2,-3.0,-0.1,30.3,34.4,38.8,13.4,0.0,344.8,27.8,15.7,76.9,,,OBAnorm,,LD831_02097v2.403,,,,0,0
DENATRLA,2025-06-23 08:55:59.000,28.9,31.7,24.5,23.7,23.0,20.7,17.0,16.2,13.9,13.0,17.5,20.3,21.2,21.4,23.0,22.7,24.5,24.9,23.9,22.9,20.4,17.3,14.5,11.0,8.3,5.1,0.8,-2.7,-3.1,-3.4,-4.3,-3.0,0.0,30.6,34.6,39.4,13.4,0.0,344.8,27.8,15.7,76.9,,,OBAnorm,,LD831_02097v2.403,,,,0,0
DENATRLA,2025-06-23 08:56:00.000,28.3,31.3,26.3,24.4,21.2,19.8,18.9,16.7,14.0,12.3,14.8,19.1,21.5,21.1,22.4,23.8,24.4,24.3,24.1,22.6,20.5,17.4,14.6,11.7,10.2,8.8,0.9,-2.8,-3.3,-3.4,-4.1,-3.0,0.0,30.5,34.6,40.5,13.4,0.0,344.5,27.8,15.7,76.9,,,OBAnorm,,LD831_02097v2.403,,,,0,0
DENATRLA,2025-06-23 08:56:01.000,26.4,32.4,24.8,22.0,20.1,19.4,19.7,15.7,13.6,15.1,16.3,20.7,22.1,22.4,23.9,23.3,23.8,23.9,23.3,22.4,20.6,17.3,13.4,9.6,7.5,4.5,0.7,-3.1,-1.7,-3.5,-4.2,-2.9,-0.2,30.2,34.6,43.7,13.4,0.0,344.7,27.8,15.6,76.3,,,OBAnorm,,LD831_02097v2.403,,,,0,0
DENATRLA,2025-06-23 08:56:02.000,27.1,34.8,25.2,25.1,21.5,18.7,19.7,18.2,13.6,12.1,16.5,19.0,20.8,22.2,22.9,22.8,23.7,24.1,24.2,22.0,19.8,16.9,14.5,9.4,6.8,4.7,1.2,-2.2,-3.0,-3.4,-3.9,-3.0,0.0,30.1,34.5,46.8,13.4,0.0,344.8,27.8,15.6,76.3,,,OBAnorm,,LD831_02097v2.403,,,,0,0
DENATRLA,2025-06-23 08:56:03.000,26.2,32.4,25.1,24.9,22.0,20.1,19.8,16.4,12.7,13.0,16.3,19.5,20.9,21.6,23.1,23.3,22.5,23.7,23.0,22.4,19.8,16.9,14.0,9.9,6.6,4.7,2.1,-0.2,-2.6,-3.0,-4.1,-3.0,0.0,29.8,34.7,47.8,13.4,0.0,344.8,27.8,15.7,76.9,,,OBAnorm,,LD831_02097v2.403,,,,0,0
DENATRLA,2025-06-23 08:56:04.000,32.5,28.7,29.5,24.1,24.5,19.1,20.7,15.1,14.3,11.3,14.7,18.6,20.7,20.4,22.1,22.4,22.9,22.9,23.0,21.4,19.8,16.5,13.3,9.6,6.3,4.4,0.2,-2.5,-3.0,-3.4,-4.2,-2.9,-0.1,29.4,36.2,52.4,13.4,0.0,344.9,27.8,15.7,76.9,,,OBAnorm,,LD831_02097v2.403,,,,0,0
DENATRLA,2025-06-23 08:56:05.000,24.4,30.9,29.6,27.9,24.0,21.8,22.7,20.9,15.9,14.5,13.8,18.8,18.8,21.4,21.3,22.7,23.2,23.6,22.8,22.2,19.6,16.4,13.7,10.6,7.5,4.7,0.4,-2.3,-2.4,-2.3,-3.0,-2.4,0.1,29.6,39.1,57.1,13.4,0.0,344.8,27.8,15.7,76.9,,,OBAnorm,,LD831_02097v2.403,,,,0,0
DENATRLA,2025-06-23 08:56:06.000,36.0,30.4,30.6,29.6,28.9,26.6,22.3,19.0,14.9,14.1,15.8,18.5,20.5,21.8,22.3,22.3,23.5,23.7,23.0,21.9,20.0,16.9,13.6,9.2,6.8,4.2,0.5,-3.2,-3.2,-3.6,-4.4,-3.1,-0.2,29.6,36.0,50.6,13.4,0.0,344.8,27.8,15.7,76.9,,,OBAnorm,,LD831_02097v2.403,,,,0,0
DENATRLA,2025-06-23 08:56:07.000,36.4,38.0,32.2,32.0,22.2,21.4,17.2,19.0,14.9,13.3,15.1,17.8,20.8,21.9,21.5,22.6,23.5,23.9,23.9,22.4,20.6,16.3,12.6,9.0,6.6,4.1,-0.1,-3.3,-3.6,-3.7,-4.3,-3.0,-0.2,30.0,36.4,53.3,13.4,0.0,344.8,27.8,15.7,76.9,,,OBAnorm,,LD831_02097v2.403,,,,0,0
DENATRLA,2025-06-23 08:56:08.000,39.6,33.1,31.0,32.5,23.8,20.0,22.1,19.0,13.9,13.7,15.1,18.8,21.2,20.8,21.8,22.2,23.2,23.8,23.1,21.6,18.6,15.9,12.9,9.4,6.9,4.6,0.7,-3.5,-3.6,-3.7,-4.3,-3.1,-0.2,29.4,37.4,52.5,13.4,0.0,344.8,27.8,15.7,76.9,,,OBAnorm,,LD831_02097v2.403,,,,0,0
DENATRLA,2025-06-23 08:56:09.000,38.2,32.6,30.6,32.3,23.8,22.5,22.4,16.9,13.3,12.4,15.8,17.2,18.5,19.9,22.6,22.7,23.0,23.7,23.6,22.6,19.8,16.6,13.2,10.0,7.1,3.5,-0.3,-3.4,-3.7,-3.8,-4.4,-3.1,-0.1,29.8,36.5,54.4,13.4,0.0,344.8,27.8,15.7,77.5,,,OBAnorm,,LD831_02097v2.403,,,,0,0
DENATRLA,2025-06-23 08:56:10.000,41.2,35.2,33.4,25.6,20.9,19.2,21.0,19.6,14.0,12.0,15.4,17.1,20.0,21.9,22.5,22.1,23.1,22.9,23.1,21.2,19.0,16.8,14.2,11.4,9.1,10.0,-0.5,-3.4,-3.6,-3.6,-4.3,-3.0,-0.2,29.3,38.7,56.7,13.4,0.0,344.8,27.8,15.7,75.7,,,OBAnorm,,LD831_02097v2.403,,,,0,0
DENATRLA,2025-06-23 08:56:11.000,35.8,35.6,33.0,31.0,27.4,23.0,21.6,18.5,12.7,12.4,15.3,17.5,20.6,21.2,22.4,22.7,22.4,23.1,23.4,21.3,19.1,16.4,13.0,8.9,5.7,3.4,-1.0,-3.0,-3.5,-3.4,-4.3,-3.1,-0.1,29.4,35.1,51.0,13.4,0.0,330.9,27.8,15.7,75.2,,,OBAnorm,,LD831_02097v2.403,,,,0,0
DENATRLA,2025-06-23 08:56:12.000,38.5,38.5,29.6,27.6,22.3,20.9,19.3,15.9,13.9,12.8,13.2,16.9,18.4,20.5,21.6,22.6,23.3,23.1,22.5,20.6,18.7,16.0,12.3,9.1,5.5,3.0,-1.3,-3.4,-3.6,-3.8,-4.4,-3.1,0.0,29.0,34.8,48.8,13.4,0.0,344.8,27.8,15.7,76.9,,,OBAnorm,,LD831_02097v2.403,,,,0,0
DENATRLA,2025-06-23 08:56:13.000,39.3,36.6,30.6,28.5,24.4,20.4,18.3,16.3,11.2,11.8,13.1,18.4,18.8,22.0,21.9,21.6,23.4,24.0,23.8,21.8,19.4,16.4,13.0,8.9,6.0,3.4,-0.8,-3.5,-3.7,-3.9,-4.4,-3.0,-0.1,29.6,35.5,52.3,13.4,0.0,344.8,27.8,15.7,77.5,,,OBAnorm,,LD831_02097v2.403,,,,0,0
DENATRLA,2025-06-23 08:56:14.000,31.0,33.9,31.4,23.7,19.1,18.9,18.5,19.4,15.3,12.4,14.3,18.9,19.7,19.9,21.7,21.9,23.2,23.6,23.6,21.6,18.7,16.2,12.7,9.1,5.5,2.6,-1.2,-3.6,-3.7,-3.6,-4.3,-3.1,-0.1,29.4,40.7,54.6,13.4,0.0,344.8,27.8,15.7,77.5,,,OBAnorm,,LD831_02097v2.403,,,,0,0
DENATRLA,2025-06-23 08:56:15.000,34.9,33.2,32.0,32.0,30.0,28.8,29.9,25.8,21.9,19.1,15.6,17.1,18.2,20.8,21.7,23.1,23.4,23.3,22.6,21.9,19.0,16.1,12.8,9.5,5.7,3.1,-1.0,-3.5,-3.6,-3.7,-4.4,-3.0,0.0,29.4,39.4,56.0,13.4,0.0,344.9,27.8,15.7,77.5,,,OBAnorm,,LD831_02097v2.403,,,,0,0
DENATRLA,2025-06-23 08:56:16.000,37.8,41.0,36.5,32.4,28.2,27.5,24.5,22.3,17.7,16.5,15.7,18.0,20.2,20.2,21.7,22.5,23.0,23.8,23.3,21.7,19.2,16.1,13.1,8.6,5.4,2.8,-1.0,-3.4,-3.3,-3.2,-4.1,-3.0,0.0,29.5,39.2,56.3,13.4,0.0,344.8,27.8,15.7,77.5,,,OBAnorm,,LD831_02097v2.403,,,,0,0
DENATRLA,2025-06-23 08:56:17.000,41.1,39.5,33.8,27.7,29.8,25.4,21.6,20.8,16.6,15.5,17.3,17.3,19.8,20.7,21.8,21.9,24.0,23.3,22.6,21.5,19.3,16.1,12.9,8.9,5.8,3.1,-1.4,-3.0,-3.6,-3.5,-4.3,-3.0,-0.1,29.4,40.5,58.7,13.4,0.0,344.8,27.8,15.7,77.5,,,OBAnorm,,LD831_02097v2.403,,,,0,0
DENATRLA,2025-06-23 08:56:18.000,39.5,37.8,36.4,31.2,31.3,29.2,23.1,22.6,15.4,16.0,14.7,16.7,18.5,20.6,21.8,23.4,23.6,23.8,23.7,21.7,19.2,17.9,13.0,9.9,5.7,3.7,-1.1,-3.7,-3.7,-3.5,-4.2,-3.0,0.0,29.8,42.1,61.0,13.4,0.0,344.8,27.8,15.7,77.5,,,OBAnorm,,LD831_02097v2.403,,,,0,0
DENATRLA,2025-06-23 08:56:19.000,41.1,41.5,38.1,34.5,29.9,28.5,30.9,30.5,24.6,19.4,18.7,19.9,18.6,21.6,22.4,23.3,24.3,24.2,24.9,21.9,19.6,16.7,12.9,9.3,5.8,3.3,-1.7,-3.0,-3.5,-3.7,-4.2,-2.9,-0.1,30.2,41.7,59.5,13.4,0.2,344.8,27.8,15.7,77.5,,,OBAnorm,,LD831_02097v2.403,,,,0,0
DENATRLA,2025-06-23 08:56:20.000,46.1,41.5,39.0,34.0,31.3,30.1,26.2,25.1,21.2,17.6,15.7,18.0,19.1,20.7,21.9,22.8,23.8,24.3,24.2,21.7,19.8,16.3,13.0,9.6,6.2,3.9,0.0,-3.5,-3.6,-3.7,-4.2,-3.0,-0.2,29.9,39.5,57.3,13.4,0.4,344.8,27.8,15.7,77.5,,,OBAnorm,,LD831_02097v2.403,,,,0,0
DENATRLA,2025-06-23 08:56:21.000,43.5,38.9,39.4,33.8,28.3,25.4,22.7,18.7,14.2,13.1,14.2,17.9,19.7,21.1,21.4,24.2,24.2,24.0,23.3,22.2,19.9,16.5,13.4,11.3,8.7,5.7,-0.7,-2.7,-3.4,-3.5,-4.2,-2.9,-0.1,30.1,39.0,55.2,13.4,0.5,344.8,27.8,15.7,77.5,,,OBAnorm,,LD831_02097v2.403,,,,0,0
DENATRLA,2025-06-23 08:56:22.000,45.1,37.3,33.1,31.7,27.2,25.2,25.4,20.8,18.3,14.7,14.5,18.3,20.3,21.7,22.4,23.4,24.0,24.5,24.3,22.8,20.1,17.1,14.7,9.6,6.9,3.5,-1.3,-3.6,-3.5,-3.7,-4.2,-2.9,0.0,30.4,36.1,51.5,13.4,0.5,344.8,27.8,15.7,77.5,,,OBAnorm,,LD831_02097v2.403,,,,0,0
DENATRLA,2025-06-23 08:56:23.000,39.4,39.1,31.9,29.5,25.1,21.4,19.3,16.8,12.9,12.3,14.7,18.1,18.1,20.5,22.2,23.0,24.4,24.3,24.3,22.7,20.0,17.1,14.6,10.2,7.3,4.5,-0.5,-3.0,-3.5,-3.5,-4.2,-3.0,0.0,30.5,35.4,48.6,13.4,0.5,344.8,27.8,15.7,76.9,,,OBAnorm,,LD831_02097v2.403,,,,0,0
DENATRLA,2025-06-23 08:56:24.000,31.3,34.3,29.4,26.7,20.8,18.5,17.3,16.7,11.5,12.5,15.9,18.8,20.2,21.7,23.2,23.4,24.2,24.5,24.5,22.3,20.6,17.6,13.4,9.5,6.1,3.9,-0.5,-3.5,-3.5,-3.5,-4.3,-3.1,-0.2,30.4,34.3,45.7,13.4,0.5,344.8,27.8,15.7,76.9,,,OBAnorm,,LD831_02097v2.403,,,,0,0
DENATRLA,2025-06-23 08:56:25.000,34.1,32.2,26.9,21.5,19.9,19.2,16.0,15.1,13.5,10.4,14.2,17.3,21.1,22.5,23.2,22.6,24.3,24.8,24.1,22.9,20.7,17.7,13.9,10.7,7.5,4.7,-0.2,-3.3,-3.6,-3.7,-4.1,-3.0,-0.1,30.6,34.4,46.7,13.4,0.5,344.9,27.9,15.7,78.0,,,OBAnorm,,LD831_02097v2.403,,,,0,0
DENATRLA,2025-06-23 08:56:26.000,36.1,32.3,25.8,20.4,20.5,18.4,17.9,14.4,13.4,11.0,15.1,18.2,20.6,21.3,21.8,23.6,23.9,24.7,24.3,22.7,21.0,18.5,14.2,10.5,6.7,4.1,-0.6,-3.5,-3.6,-3.6,-4.3,-3.0,-0.1,30.5,34.8,45.4,13.4,0.4,344.9,27.8,15.7,76.9,,,OBAnorm,,LD831_02097v2.403,,,,0,0
DENATRLA,2025-06-23 08:56:27.000,28.6,27.0,29.4,21.3,23.3,16.4,17.4,15.3,12.5,11.7,14.7,18.9,19.6,20.5,22.7,24.0,24.7,24.7,23.9,22.2,20.8,17.8,14.3,10.6,6.7,3.5,-1.0,-3.6,-3.7,-3.6,-4.2,-3.1,-0.1,30.6,34.3,40.0,13.4,0.3,330.9,27.8,15.7,74.6,,,OBAnorm,,LD831_02097v2.403,,,,0,0
DENATRLA,2025-06-23 08:56:28.000,29.4,34.0,23.8,24.3,21.7,17.1,17.5,16.7,11.4,12.1,15.6,17.0,20.3,21.4,22.2,23.6,24.3,25.1,24.3,22.7,20.5,17.3,14.4,10.1,6.9,4.1,-0.9,-3.7,-3.7,-3.8,-4.3,-3.2,-0.1,30.6,34.2,43.3,13.4,0.3,331.0,27.8,15.7,73.4,,,OBAnorm,,LD831_02097v2.403,,,,0,0
DENATRLA,2025-06-23 08:56:29.000,32.5,31.3,28.0,23.8,21.0,17.8,18.1,17.6,11.8,12.6,15.7,19.4,20.6,21.8,23.1,24.2,24.8,24.8,24.4,23.3,21.0,17.9,14.6,10.7,7.3,3.9,-0.6,-3.4,-3.6,-3.8,-4.3,-3.1,-0.1,30.9,35.1,48.9,13.4,0.3,330.9,27.8,15.7,73.4,,,OBAnorm,,LD831_02097v2.403,,,,0,0
DENATRLA,2025-06-23 08:56:30.000,25.4,29.0,24.4,23.4,20.2,18.4,17.1,16.4,11.4,11.6,16.0,19.3,20.3,20.8,24.0,23.6,25.0,25.8,24.8,23.4,21.1,18.1,14.6,10.8,7.2,4.4,-0.8,-3.5,-3.6,-3.9,-4.3,-3.0,-0.2,31.1,34.9,45.5,13.4,0.3,330.9,27.8,15.7,73.4,,,OBAnorm,,LD831_02097v2.403,,,,0,0
DENATRLA,2025-06-23 08:56:31.000,26.2,33.2,28.8,24.0,21.4,18.9,17.5,15.1,14.2,13.7,15.3,19.8,21.1,20.8,24.5,24.5,25.2,25.3,24.8,23.4,21.2,18.1,14.7,10.5,6.9,4.0,-0.7,-3.2,-3.6,-3.8,-4.3,-3.1,-0.1,31.2,34.6,41.4,13.4,0.3,330.9,27.8,15.7,73.4,,,OBAnorm,,LD831_02097v2.403,,,,0,0
DENATRLA,2025-06-23 08:56:32.000,29.1,31.6,23.6,22.2,21.7,20.4,17.9,15.5,11.4,12.0,14.4,19.5,20.7,22.1,23.1,23.2,24.6,24.8,24.2,23.0,21.3,18.2,14.6,10.8,7.6,4.2,-0.5,-3.6,-3.6,-3.8,-4.3,-3.1,0.0,30.8,34.4,41.2,13.4,0.3,330.9,27.8,15.7,73.4,,,OBAnorm,,LD831_02097v2.403,,,,0,0
DENATRLA,2025-06-23 08:56:33.000,26.0,27.9,25.4,22.0,21.7,17.3,16.7,14.2,11.5,13.5,15.8,18.8,20.3,22.3,23.9,24.2,25.5,26.2,24.9,23.6,20.6,18.5,14.7,11.1,7.3,4.4,-0.7,-3.4,-3.4,-3.5,-4.1,-2.9,-0.1,31.4,35.0,43.1,13.4,0.3,330.9,27.8,15.7,73.4,,,OBAnorm,,LD831_02097v2.403,,,,0,0
DENATRLA,2025-06-23 08:56:34.000,29.3,30.6,27.1,23.8,20.7,20.2,17.8,16.0,12.7,12.4,16.6,20.0,21.2,23.1,24.1,24.3,25.1,25.4,24.4,23.4,20.6,17.8,14.4,10.7,7.0,4.2,-0.8,-3.2,-3.4,-3.1,-4.0,-3.0,-0.1,31.1,35.0,48.1,13.4,0.3,330.9,27.8,15.7,73.4,,,OBAnorm,,LD831_02097v2.403,,,,0,0
DENATRLA,2025-06-23 08:56:35.000,27.6,29.3,26.6,22.6,21.9,17.9,16.4,17.7,15.4,13.4,17.0,19.0,20.4,20.6,23.6,22.8,24.5,25.0,25.6,23.6,21.0,17.8,14.8,10.1,6.9,3.9,-0.6,-3.1,-3.1,-3.2,-4.1,-2.8,-0.1,31.1,40.4,58.3,13.4,0.3,330.9,27.8,15.7,72.9,,,OBAnorm,,LD831_02097v2.403,,,,0,0
DENATRLA,2025-06-23 08:56:36.000,29.0,30.7,25.1,30.5,28.2,24.6,21.5,17.0,13.8,12.1,16.0,20.2,21.7,23.1,23.9,24.8,25.2,25.6,26.0,23.5,21.8,18.4,15.9,14.4,10.1,8.9,0.2,-2.7,-2.8,-3.1,-3.9,-2.7,-0.1,31.8,41.2,63.9,13.4,0.2,330.9,27.8,15.7,72.9,,,OBAnorm,,LD831_02097v2.403,,,,0,0
DENATRLA,2025-06-23 08:56:37.000,33.5,40.4,36.9,32.3,26.4,21.5,19.2,18.9,12.9,13.2,16.7,20.1,22.3,21.7,23.6,24.3,25.9,25.3,25.5,23.9,21.8,18.8,14.9,12.1,8.2,4.5,-0.2,-3.0,-2.9,-3.2,-4.1,-2.7,-0.1,31.7,36.9,55.7,13.4,0.0,330.9,27.8,15.7,72.9,,,OBAnorm,,LD831_02097v2.403,,,,0,0
DENATRLA,2025-06-23 08:56:38.000,43.1,37.7,28.6,27.2,24.5,20.2,17.9,18.4,13.8,14.6,15.8,19.8,20.4,22.1,24.1,24.6,25.1,25.3,25.2,23.8,21.8,19.9,18.5,19.0,15.2,11.8,0.7,-2.5,-2.3,-2.8,-4.0,-2.8,-0.1,32.2,41.7,60.0,13.4,0.0,330.9,27.8,15.7,74.0,,,OBAnorm,,LD831_02097v2.403,,,,0,0
DENATRLA,2025-06-23 08:56:39.000,34.5,33.3,27.7,32.5,29.6,28.9,23.2,22.8,21.9,15.6,17.3,18.7,20.9,22.7,24.0,23.7,24.9,25.6,25.8,23.7,21.0,18.9,15.0,10.6,7.7,4.8,0.2,-2.5,-2.0,-3.0,-3.4,-2.8,-0.1,31.6,43.3,65.3,13.4,0.0,344.8,27.8,15.7,75.7,,,OBAnorm,,LD831_02097v2.403,,,,0,0
DENATRLA,2025-06-23 08:56:40.000,37.2,32.4,34.1,36.2,30.7,27.2,26.9,23.9,17.2,15.1,15.6,18.6,21.0,21.8,23.5,23.3,24.6,25.6,24.8,23.5,21.2,18.4,14.6,10.3,7.1,4.5,0.0,-1.9,-2.0,-3.0,-3.9,-2.9,0.0,31.1,44.5,64.2,13.4,0.0,344.8,27.9,15.7,76.9,,,OBAnorm,,LD831_02097v2.403,,,,0,0
DENATRLA,2025-06-23 08:56:41.000,45.4,39.4,38.8,33.1,31.8,28.5,25.8,20.8,18.9,15.0,18.2,21.0,21.0,22.8,24.2,23.2,24.6,26.4,25.4,24.0,21.3,18.4,15.1,11.3,8.0,5.2,1.4,-1.7,-1.0,-1.9,-3.3,-2.5,0.0,31.6,40.5,61.9,13.4,0.0,344.8,27.8,15.7,76.9,,,OBAnorm,,LD831_02097v2.403,,,,0,0
DENATRLA,2025-06-23 08:56:42.000,45.2,38.8,32.5,31.4,30.0,28.2,26.0,19.6,16.9,15.4,16.6,21.4,20.1,23.8,24.2,23.8,24.6,25.2,25.0,23.2,21.0,18.4,14.9,11.3,8.3,4.8,0.1,-2.5,-2.2,-2.6,-3.7,-2.8,-0.1,31.3,45.2,64.0,13.4,0.0,0.4,27.8,15.6,76.9,,,OBAnorm,,LD831_02097v2.403,,,,0,0
DENATRLA,2025-06-23 08:56:43.000,49.2,40.5,31.1,34.9,32.0,28.0,31.9,24.3,21.5,20.3,18.7,20.9,20.9,23.2,23.6,24.8,24.9,26.4,25.2,23.6,22.0,18.8,15.9,11.9,7.8,4.5,0.1,-2.7,-2.6,-2.4,-3.8,-2.7,-0.1,31.8,46.7,63.0,13.4,0.0,34.0,27.8,15.5,76.8,,,OBAnorm,,LD831_02097v2.403,,,,0,0
DENATRLA,2025-06-23 08:56:44.000,39.9,39.8,42.6,44.4,39.0,35.0,30.4,25.1,20.6,21.2,20.2,23.3,23.9,23.2,24.4,24.2,25.8,26.0,26.0,24.2,22.4,18.9,14.8,11.3,7.4,4.5,0.2,-2.1,-2.0,-2.3,-3.5,-2.8,0.2,31.9,49.2,66.3,13.4,0.0,39.0,27.8,15.5,76.3,,,OBAnorm,,LD831_02097v2.403,,,,0,0
DENATRLA,2025-06-23 08:56:45.000,50.4,45.8,44.3,41.0,37.8,36.4,33.3,29.6,29.1,24.9,22.1,24.6,21.5,22.8,24.1,24.3,25.6,26.8,25.4,24.8,21.9,18.4,15.3,11.5,7.7,5.2,0.6,-2.5,-2.2,-2.5,-3.7,-2.6,0.0,32.0,51.6,67.5,13.4,0.0,75.1,27.9,15.5,76.3,,,OBAnorm,,LD831_02097v2.403,,,,0,0
DENATRLA,2025-06-23 08:56:46.000,51.5,45.4,50.0,46.9,41.7,37.0,35.3,29.2,25.6,20.5,20.2,23.4,23.2,23.2,24.0,24.2,24.7,26.0,25.7,24.1,22.4,18.7,15.2,11.3,7.4,4.5,0.4,-2.5,-2.4,-2.8,-3.7,-2.8,0.0,32.1,49.7,63.2,13.4,0.0,92.2,27.8,15.5,76.3,,,OBAnorm,,LD831_02097v2.403,,,,0,0
DENATRLA,2025-06-23 08:56:47.000,54.1,51.4,48.4,44.7,39.4,35.3,34.8,34.2,29.5,23.0,24.7,24.4,24.7,25.0,24.9,25.8,26.6,26.4,25.6,24.6,21.8,19.3,15.1,10.9,7.5,4.8,0.8,-1.7,-1.4,-2.3,-3.2,-2.1,0.3,32.4,56.2,70.3,13.4,0.4,116.9,27.8,15.5,76.3,,,OBAnorm,,LD831_02097v2.403,,,,0,0
DENATRLA,2025-06-23 08:56:48.000,51.6,49.4,53.2,48.6,47.7,42.4,36.7,34.4,28.0,22.5,23.0,24.5,24.0,24.4,24.6,25.7,25.5,26.4,26.3,24.7,22.3,19.5,15.7,11.4,8.1,5.4,1.8,-0.9,-1.2,-0.8,-2.4,-1.5,0.9,32.5,55.4,72.3,13.4,0.7,118.3,27.8,15.5,76.8,,,OBAnorm,,LD831_02097v2.403,,,,0,0
DENATRLA,2025-06-23 08:56:49.000,54.6,57.9,50.8,49.6,48.1,37.8,36.1,30.5,27.2,23.7,26.7,25.2,27.6,25.7,24.9,25.7,25.4,26.6,25.4,23.9,22.4,19.2,15.6,12.0,9.6,5.5,2.0,-0.5,0.0,0.1,0.0,1.1,3.3,33.0,66.2,81.5,13.4,0.7,118.3,27.8,15.5,76.3,,,OBAnorm,,LD831_02097v2.403,,,,0,0
DENATRLA,2025-06-23 08:56:50.000,57.5,57.3,54.0,54.9,50.9,47.1,49.0,43.8,41.3,36.3,34.3,32.1,27.9,26.2,25.4,26.4,25.3,26.4,25.1,24.7,22.0,19.3,15.8,12.0,8.4,4.9,1.8,-0.5,0.1,-0.3,-0.7,0.6,2.8,33.0,62.1,79.2,13.4,0.7,118.3,27.8,15.5,75.7,,,OBAnorm,,LD831_02097v2.403,,,,0,0
DENATRLA,2025-06-23 08:56:51.000,59.9,57.9,63.1,63.6,56.1,47.4,41.9,38.9,36.1,29.2,25.4,22.8,23.4,24.9,24.7,25.2,25.3,26.2,25.0,24.2,22.3,19.2,15.8,11.8,8.3,6.2,0.9,-1.4,-0.9,-0.4,-1.8,-1.3,0.6,32.1,52.8,72.8,13.4,0.7,118.4,27.8,15.5,76.3,,,OBAnorm,,LD831_02097v2.403,,,,0,0
DENATRLA,2025-06-23 08:56:52.000,69.0,68.6,57.2,50.3,46.0,41.2,37.4,31.5,29.3,24.7,23.5,20.5,22.4,25.7,24.5,26.4,26.1,25.9,25.2,24.5,22.4,19.3,15.9,11.8,7.6,5.1,0.3,-2.8,-2.6,-2.7,-3.7,-2.6,-0.1,32.3,43.6,64.9,13.4,0.6,119.1,27.8,15.4,75.7,,,OBAnorm,,LD831_02097v2.403,,,,0,0
DENATRLA,2025-06-23 08:56:53.000,59.8,56.3,44.8,42.4,33.1,28.6,23.3,16.8,15.2,15.3,21.7,19.8,21.6,25.0,24.7,25.7,26.1,27.1,25.5,24.3,22.8,18.9,16.1,11.8,8.3,4.8,0.4,-2.7,-1.2,-2.7,-3.9,-2.8,0.0,32.3,40.3,60.1,13.4,0.6,119.5,27.8,15.4,75.1,,,OBAnorm,,LD831_02097v2.403,,,,0,0
DENATRLA,2025-06-23 08:56:54.000,53.3,51.2,29.5,31.7,27.8,26.5,25.1,21.3,15.9,14.7,22.2,19.6,22.0,25.4,22.9,24.9,26.0,26.0,26.2,25.3,22.3,19.6,16.3,12.5,8.1,5.4,0.1,-2.5,-2.9,-3.1,-3.9,-2.7,0.1,32.5,44.1,67.9,13.4,0.6,114.5,27.9,15.4,75.1,,,OBAnorm,,LD831_02097v2.403,,,,0,0
DENATRLA,2025-06-23 08:56:55.000,42.9,36.5,32.5,31.2,31.8,27.4,23.6,22.0,17.4,17.1,21.2,20.3,21.8,23.1,24.1,25.2,25.1,26.0,26.0,24.9,23.4,19.5,16.2,11.9,8.4,4.8,0.1,-2.7,-3.2,-3.2,-3.7,-2.5,0.1,32.3,51.8,69.4,13.4,0.6,115.0,27.9,15.4,75.7,,,OBAnorm,,LD831_02097v2.403,,,,0,0
DENATRLA,2025-06-23 08:56:56.000,44.5,38.7,33.7,35.8,34.0,31.1,27.9,24.4,20.9,20.1,21.4,20.7,22.2,22.9,23.6,26.3,25.8,26.5,26.0,24.8,22.0,18.8,15.6,12.0,7.8,4.1,-0.4,-3.0,-3.2,-3.2,-4.0,-2.7,0.1,32.3,48.0,65.8,13.4,0.5,117.2,27.9,15.4,75.1,,,OBAnorm,,LD831_02097v2.403,,,,0,0
DENATRLA,2025-06-23 08:56:57.000,40.2,42.7,45.0,42.8,38.9,31.9,32.7,27.3,24.3,25.6,21.2,19.6,21.5,22.7,25.0,25.1,25.9,25.8,25.2,24.8,21.9,19.0,15.6,11.8,8.2,5.0,-0.1,-2.9,-2.6,-2.9,-3.5,-2.3,0.5,32.1,52.4,71.0,13.4,0.4,117.9,27.8,15.4,74.5,,,OBAnorm,,LD831_02097v2.403,,,,0,0
DENATRLA,2025-06-23 08:56:58.000,57.1,50.6,45.6,40.4,41.7,36.8,37.5,33.6,29.5,25.3,22.1,23.6,24.0,23.1,22.6,24.2,25.0,25.7,25.3,24.1,21.8,18.9,15.2,11.7,8.1,4.6,-0.3,-3.0,-2.8,-2.9,-3.8,-2.6,0.3,31.8,54.9,70.9,13.4,0.4,122.2,27.8,15.4,75.7,,,OBAnorm,,LD831_02097v2.403,,,,0,0
DENATRLA,2025-06-23 08:56:59.000,51.6,50.2,52.8,46.7,46.1,40.9,36.6,32.5,29.4,24.3,21.5,19.2,22.9,21.7,23.4,24.7,25.6,25.9,25.1,24.1,21.1,19.0,14.9,11.7,7.2,4.2,-0.3,-3.1,-3.3,-3.3,-3.8,-2.7,0.1,31.6,51.3,68.4,13.4,0.4,122.6,27.8,15.4,74.5,,,OBAnorm,,LD831_02097v2.403,,,,0,0
DENATRLA,2025-06-23 08:57:00.000,58.0,55.3,53.1,46.9,39.5,33.3,29.5,27.7,21.8,17.7,18.9,17.4,20.1,22.3,23.4,23.7,25.3,25.0,24.5,23.9,21.6,18.8,14.9,12.8,11.3,14.4,13.4,12.6,15.1,7.8,3.5,-1.6,0.3,31.7,50.4,71.4,13.4,0.4,122.5,27.8,15.4,74.5,,,OBAnorm,,LD831_02097v2.403,,,,0,0
DENATRLA,2025-06-23 08:57:01.000,54.3,54.9,46.2,42.7,37.4,35.6,27.7,24.6,21.9,16.6,17.2,18.7,21.0,22.8,23.3,24.1,24.9,25.4,24.6,25.4,22.7,19.5,15.7,15.8,15.9,18.4,17.4,20.7,19.1,15.9,8.6,-0.3,-0.1,32.9,45.1,60.8,13.4,0.4,123.6,27.9,15.4,75.7,,,OBAnorm,,LD831_02097v2.403,,,,0,0
DENATRLA,2025-06-23 08:57:02.000,55.2,46.3,39.3,39.0,33.1,29.4,27.2,21.0,17.7,17.4,17.5,17.1,21.1,22.8,22.6,23.4,25.7,25.7,24.5,25.6,22.6,18.7,15.7,14.6,14.6,17.4,14.1,18.0,19.0,14.0,6.7,-0.1,0.2,32.6,47.3,64.7,13.4,0.3,128.5,27.9,15.4,75.7,,,OBAnorm,,LD831_02097v2.403,,,,0,0
DENATRLA,2025-06-23 08:57:03.000,48.9,44.9,44.4,39.5,36.6,31.8,28.5,24.7,23.3,21.5,20.0,18.9,21.2,22.2,22.4,24.5,24.5,25.6,24.8,24.8,21.7,18.9,15.2,12.3,11.7,12.6,10.7,14.3,18.4,11.2,4.5,-1.4,0.0,31.9,46.2,65.5,13.4,0.3,128.5,27.8,15.4,74.5,,,OBAnorm,,LD831_02097v2.403,,,,0,0
DENATRLA,2025-06-23 08:57:04.000,48.5,46.6,40.0,38.7,36.2,33.1,29.3,25.8,20.9,19.5,18.8,19.3,21.2,22.5,23.0,24.6,25.0,25.9,25.4,24.3,21.4,18.9,16.0,11.4,8.0,5.2,1.2,11.6,21.4,3.9,-3.9,-2.5,0.0,32.0,48.2,65.3,13.4,0.3,134.1,27.9,15.4,74.5,,,OBAnorm,,LD831_02097v2.403,,,,0,0
DENATRLA,2025-06-23 08:57:05.000,49.3,46.6,41.8,39.6,39.9,33.0,31.3,26.8,21.2,14.7,15.4,17.8,20.0,22.8,22.1,23.8,26.1,25.8,25.2,24.2,22.3,18.8,15.2,11.3,7.7,4.8,0.2,-2.3,-3.0,-3.5,-4.1,-2.9,-0.2,31.7,41.1,59.3,13.4,0.4,158.6,27.8,15.4,75.1,,,OBAnorm,,LD831_02097v2.403,,,,0,0
DENATRLA,2025-06-23 08:57:06.000,50.6,45.5,42.5,40.2,35.2,22.9,22.4,19.4,18.4,14.5,16.5,18.2,19.5,22.8,24.6,23.5,25.7,25.3,25.5,24.3,22.4,20.0,16.8,12.5,8.5,5.6,0.3,-2.7,-3.1,-3.4,-4.1,-2.9,0.0,32.0,45.6,64.8,13.4,0.5,149.2,27.9,15.4,74.5,,,OBAnorm,,LD831_02097v2.403,,,,0,0
DENATRLA,2025-06-23 08:57:07.000,49.2,46.4,40.8,35.5,31.9,31.1,28.6,25.8,22.8,16.5,17.6,18.3,21.5,22.3,25.1,25.0,25.9,26.2,26.2,24.8,23.1,20.5,16.9,12.7,8.9,5.8,1.4,-1.6,-2.2,-3.6,-4.3,-2.9,-0.1,32.6,45.7,65.4,13.4,0.6,149.2,27.8,15.3,75.1,,,OBAnorm,,LD831_02097v2.403,,,,0,0
DENATRLA,2025-06-23 08:57:08.000,45.2,44.8,43.0,37.8,35.6,31.3,22.0,18.3,16.4,14.4,17.9,18.0,20.5,23.5,23.6,25.7,26.3,26.5,26.4,25.3,22.7,20.5,17.1,12.8,8.8,6.1,1.4,-2.4,-2.8,-3.5,-4.2,-3.2,-0.2,32.7,37.2,58.7,13.4,0.7,138.3,27.9,15.3,74.5,,,OBAnorm,,LD831_02097v2.403,,,,0,0
DENATRLA,2025-06-23 08:57:09.000,44.2,46.0,35.3,34.0,24.5,21.6,16.7,14.1,12.4,13.4,18.3,18.2,20.8,22.5,24.4,25.3,26.2,26.3,25.7,25.1,22.8,20.4,17.0,13.0,9.0,6.3,1.2,-2.4,-3.0,-3.6,-4.3,-2.8,0.0,32.5,36.3,54.1,13.4,0.7,131.7,27.8,15.3,74.5,,,OBAnorm,,LD831_02097v2.403,,,,0,0
DENATRLA,2025-06-23 08:57:10.000,40.4,37.7,31.3,24.5,21.8,20.0,18.7,16.4,14.3,13.1,18.9,19.2,21.4,23.3,23.4,24.8,25.8,26.0,25.7,25.4,23.7,20.8,17.0,12.9,8.9,5.9,1.7,-2.0,-2.7,-3.3,-4.1,-3.0,-0.2,32.6,41.6,63.6,13.4,0.6,121.6,27.8,15.3,74.5,,,OBAnorm,,LD831_02097v2.403,,,,0,0
DENATRLA,2025-06-23 08:57:11.000,37.3,30.8,35.7,30.2,23.2,21.8,17.8,18.3,12.7,12.6,19.8,19.2,21.2,24.7,24.8,25.6,25.2,26.0,25.9,25.0,22.7,20.6,16.5,12.9,9.0,6.8,2.8,-0.2,-1.2,-3.3,-4.0,-2.8,0.0,32.4,40.8,57.8,13.4,0.5,121.0,27.9,15.3,75.1,,,OBAnorm,,LD831_02097v2.403,,,,0,0
DENATRLA,2025-06-23 08:57:12.000,38.6,37.6,33.0,33.7,26.4,22.8,19.1,20.1,16.0,13.4,26.6,21.4,22.8,26.5,24.9,24.9,25.5,26.1,25.9,24.5,22.8,20.9,16.6,13.3,9.6,8.1,5.5,1.9,1.1,-2.6,-4.0,-2.9,0.0,32.5,40.0,54.0,13.4,0.5,121.3,27.8,15.3,75.7,,,OBAnorm,,LD831_02097v2.403,,,,0,0
DENATRLA,2025-06-23 08:57:13.000,35.3,37.1,35.6,31.9,28.2,21.4,19.4,21.8,14.8,14.5,28.3,20.7,23.1,24.3,25.0,24.4,25.8,26.3,25.3,24.9,22.6,20.3,16.6,13.3,10.1,7.8,5.2,2.1,0.6,-2.9,-4.1,-2.8,-0.1,32.4,43.1,64.2,13.4,0.4,116.5,27.8,15.3,75.1,,,OBAnorm,,LD831_02097v2.403,,,,0,0
DENATRLA,2025-06-23 08:57:14.000,42.1,43.0,32.7,36.0,35.8,26.1,23.7,23.0,17.3,14.1,23.8,20.6,23.0,23.6,24.2,25.1,25.3,26.3,26.3,24.6,22.9,20.7,16.6,12.7,9.4,7.0,3.6,0.0,-0.8,-3.2,-4.0,-3.0,0.0,32.5,40.5,60.8,13.4,0.4,121.6,27.9,15.3,75.7,,,OBAnorm,,LD831_02097v2.403,,,,0,0
DENATRLA,2025-06-23 08:57:15.000,42.4,34.3,38.4,31.8,33.2,24.6,20.7,22.1,17.9,13.4,18.3,21.0,23.6,25.6,25.5,25.5,25.8,26.4,27.0,25.4,23.2,20.9,17.6,13.2,9.3,7.1,3.2,-0.8,-1.7,-3.1,-4.1,-2.9,-0.1,33.1,38.9,53.9,13.4,0.4,123.0,27.9,15.3,75.1,,,OBAnorm,,LD831_02097v2.403,,,,0,0
DENATRLA,2025-06-23 08:57:16.000,45.5,37.4,32.9,31.3,28.9,24.2,20.9,20.1,15.3,13.7,16.2,19.7,22.7,25.2,25.1,26.1,27.1,26.8,26.8,26.1,24.4,21.6,18.4,14.3,10.8,8.8,5.9,1.4,-0.7,-3.2,-4.0,-2.9,-0.1,33.7,39.2,54.2,13.4,0.4,128.2,27.9,15.3,75.1,,,OBAnorm,,LD831_02097v2.403,,,,0,0
DENATRLA,2025-06-23 08:57:17.000,36.6,35.4,35.8,30.1,27.8,23.5,20.1,19.5,13.5,12.4,19.7,19.9,22.0,24.2,24.6,25.4,26.5,27.1,26.9,26.0,23.9,21.5,17.9,13.9,10.2,8.6,5.4,1.4,-0.3,-3.0,-4.1,-2.9,-0.1,33.3,39.1,56.2,13.4,0.4,137.5,27.9,15.3,76.2,,,OBAnorm,,LD831_02097v2.403,,,,0,0
DENATRLA,2025-06-23 08:57:18.000,37.8,34.3,32.2,30.5,27.7,23.9,19.9,18.8,16.0,12.6,17.8,21.1,22.7,24.2,24.4,25.8,25.7,26.6,26.2,25.0,23.4,20.8,17.1,13.3,9.8,7.9,5.0,1.2,-0.4,-2.8,-4.1,-3.0,0.0,32.8,38.0,53.1,13.4,0.4,133.6,27.9,15.3,75.1,,,OBAnorm,,LD831_02097v2.403,,,,0,0
DENATRLA,2025-06-23 08:57:19.000,39.6,38.6,31.7,29.5,25.0,23.3,19.4,21.3,13.8,14.7,20.4,20.5,23.6,24.7,25.5,26.5,26.4,26.6,26.2,25.6,23.5,20.9,18.0,14.1,10.8,8.7,5.8,1.9,-0.6,-3.1,-4.2,-2.8,0.0,33.3,37.5,49.3,13.4,0.4,142.4,27.8,15.3,75.7,,,OBAnorm,,LD831_02097v2.403,,,,0,0
DENATRLA,2025-06-23 08:57:20.000,35.0,36.1,27.8,26.3,23.2,23.4,19.0,21.5,12.4,15.1,22.1,22.2,23.6,23.1,24.6,25.4,26.2,27.3,27.0,26.2,24.1,21.3,18.0,13.8,10.7,8.3,5.5,0.9,-1.0,-2.8,-3.9,-3.0,-0.1,33.4,38.0,52.0,13.4,0.4,143.0,27.9,15.3,76.8,,,OBAnorm,,LD831_02097v2.403,,,,0,0
DENATRLA,2025-06-23 08:57:21.000,30.8,36.2,31.8,26.4,26.6,19.8,21.1,21.1,14.7,16.5,21.5,22.8,23.2,24.9,26.2,25.5,26.5,27.0,27.0,26.4,25.4,22.3,18.7,14.8,11.0,8.7,4.9,0.7,-0.6,-1.7,-2.9,-1.5,0.7,33.9,37.9,51.5,13.4,0.4,143.0,27.9,15.3,76.8,,,OBAnorm,,LD831_02097v2.403,,,,0,0
DENATRLA,2025-06-23 08:57:22.000,36.2,31.8,27.4,24.7,21.8,22.7,20.0,19.1,14.5,18.3,23.0,23.3,24.2,24.5,25.1,26.2,27.4,27.8,27.4,26.1,24.2,22.0,18.4,14.3,10.4,8.4,4.9,-0.2,-1.0,-2.6,-3.8,-2.8,-0.1,33.9,37.7,47.4,13.4,0.4,143.0,27.9,15.3,76.8,,,OBAnorm,,LD831_02097v2.403,,,,0,0
DENATRLA,2025-06-23 08:57:23.000,36.7,31.9,28.4,28.4,22.5,20.4,19.5,17.8,14.6,16.3,21.7,23.8,25.0,25.1,26.3,26.6,26.8,27.5,27.7,26.7,24.9,21.4,18.7,14.3,11.4,9.0,5.2,0.8,-0.4,-1.5,-3.3,-2.7,-0.1,34.1,37.6,45.7,13.4,0.4,143.0,27.9,15.3,76.8,,,OBAnorm,,LD831_02097v2.403,,,,0,0
DENATRLA,2025-06-23 08:57:24.000,32.8,31.3,28.7,26.9,25.0,22.7,20.1,21.3,15.7,16.7,20.9,23.7,25.4,25.3,26.5,26.1,26.7,27.6,26.8,25.7,24.1,20.9,17.9,13.7,10.2,8.4,4.6,0.4,-0.5,-1.8,-2.9,-2.3,0.0,33.6,37.5,46.2,13.4,0.4,143.0,27.9,15.4,76.8,,,OBAnorm,,LD831_02097v2.403,,,,0,0
DENATRLA,2025-06-23 08:57:25.000,32.6,31.3,20.1,24.6,25.8,24.5,20.1,19.5,15.7,16.9,21.6,21.7,22.3,24.4,25.0,27.1,27.2,27.1,27.8,26.4,24.9,22.0,18.6,14.4,10.1,8.2,5.1,0.7,-0.3,-1.9,-3.4,-2.5,-0.1,34.0,37.5,48.6,13.4,0.4,143.0,27.8,15.3,76.8,,,OBAnorm,,LD831_02097v2.403,,,,0,0
DENATRLA,2025-06-23 08:57:26.000,30.6,32.5,32.7,26.2,22.9,21.2,19.9,19.8,14.4,17.7,23.1,23.0,23.9,24.9,26.2,26.3,26.9,26.7,27.0,26.2,23.1,20.5,17.0,13.0,9.5,7.0,3.3,-0.1,-0.7,-2.2,-3.5,-2.7,0.0,33.4,37.3,49.4,13.4,0.4,142.3,27.9,15.3,76.8,,,OBAnorm,,LD831_02097v2.403,,,,0,0
DENATRLA,2025-06-23 08:57:27.000,28.7,31.3,28.5,26.1,21.8,23.4,18.4,15.7,15.4,17.0,24.3,22.6,24.7,24.5,24.7,27.0,27.6,27.4,26.6,25.5,23.4,20.0,17.1,12.8,9.2,6.8,3.2,-0.3,-0.6,-2.1,-3.4,-2.5,-0.1,33.4,37.3,47.1,13.4,0.2,140.6,27.9,15.4,76.8,,,OBAnorm,,LD831_02097v2.403,,,,0,0
DENATRLA,2025-06-23 08:57:28.000,29.0,31.9,30.1,27.7,21.4,24.3,18.9,17.1,15.0,15.1,23.3,21.4,22.9,25.8,26.4,26.6,27.7,27.4,26.6,25.9,22.6,19.8,16.7,13.5,9.1,7.9,3.8,0.7,0.3,-0.7,-2.0,-1.7,0.0,33.3,37.8,54.3,13.4,0.0,140.6,27.9,15.4,76.8,,,OBAnorm,,LD831_02097v2.403,,,,0,0
DENATRLA,2025-06-23 08:57:29.000,31.3,28.8,29.7,25.6,23.6,24.2,19.5,18.0,15.7,14.8,19.7,21.1,23.2,23.6,25.3,25.5,26.3,26.9,25.9,24.5,22.8,19.8,16.1,12.0,8.1,6.1,2.6,-0.6,-0.9,-1.8,-3.2,-2.5,0.0,32.6,38.2,53.7,13.4,0.0,140.6,28.4,15.4,76.8,,,OBAnorm,,LD831_02097v2.403,,,,0,0
DENATRLA,2025-06-23 08:57:30.000,33.5,33.3,30.5,26.6,26.3,20.8,20.3,19.3,14.8,16.3,21.7,18.4,23.5,24.4,23.9,25.6,26.5,26.9,25.6,23.5,21.7,18.6,15.5,11.7,8.7,6.8,3.2,-1.1,-0.7,-2.1,-3.3,-2.5,-0.1,32.0,36.8,53.2,13.4,0.0,140.6,27.9,15.4,76.8,,,OBAnorm,,LD831_02097v2.403,,,,0,0
DENATRLA,2025-06-23 08:57:31.000,34.1,32.5,32.8,29.9,22.4,22.1,20.0,16.5,13.9,13.4,20.6,21.4,23.5,23.4,23.9,25.2,25.2,25.2,24.3,23.3,21.0,18.2,14.5,11.0,8.1,6.6,3.8,-0.5,-1.3,-3.0,-4.0,-3.0,-0.1,31.2,36.4,52.5,13.4,0.0,152.0,27.9,15.4,76.8,,,OBAnorm,,LD831_02097v2.403,,,,0,0
DENATRLA,2025-06-23 08:57:32.000,36.2,34.2,27.9,26.3,25.1,20.0,18.1,15.3,11.4,14.8,19.5,21.0,21.7,22.9,24.3,24.8,24.9,25.6,25.1,22.7,20.5,18.1,14.2,10.6,7.7,6.3,3.5,-0.5,-1.6,-2.8,-3.7,-2.7,0.0,31.0,35.4,52.0,13.4,0.0,163.6,27.9,15.4,76.8,,,OBAnorm,,LD831_02097v2.403,,,,0,0
DENATRLA,2025-06-23 08:57:33.000,33.0,32.6,27.8,25.2,24.2,21.0,17.7,16.5,12.3,13.5,19.1,20.1,24.6,23.0,22.8,24.5,24.5,25.1,24.5,23.1,20.4,17.3,14.0,10.4,8.1,6.6,4.2,-0.4,-1.6,-3.3,-4.3,-3.0,-0.1,31.1,35.7,48.2,13.4,0.0,164.7,27.9,15.4,76.8,,,OBAnorm,,LD831_02097v2.403,,,,0,0
DENATRLA,2025-06-23 08:57:34.000,34.4,26.2,28.2,22.1,21.5,18.9,17.1,18.0,13.5,13.3,20.9,19.8,23.4,23.8,23.7,25.7,24.9,25.4,25.1,23.1,19.9,17.6,14.8,10.7,8.5,7.6,5.6,1.0,-1.3,-2.8,-3.9,-2.7,-0.1,31.2,35.1,41.6,13.4,0.0,164.7,27.9,15.4,76.8,,,OBAnorm,,LD831_02097v2.403,,,,0,0
DENATRLA,2025-06-23 08:57:35.000,31.3,29.2,29.0,23.9,22.7,16.5,17.1,16.0,11.4,12.6,18.6,18.3,20.8,23.8,23.8,23.5,24.8,23.7,24.1,22.5,20.2,18.1,14.3,10.6,7.9,7.2,4.7,0.1,-1.8,-3.4,-4.2,-2.9,0.0,30.6,34.6,40.0,13.4,0.0,166.6,27.9,15.4,76.8,,,OBAnorm,,LD831_02097v2.403,,,,0,0
DENATRLA,2025-06-23 08:57:36.000,32.6,25.4,27.1,24.5,23.8,19.4,16.4,16.3,11.8,13.7,18.3,19.4,21.2,23.8,23.0,24.4,24.2,24.5,23.7,23.3,20.5,17.9,14.4,10.4,8.0,7.2,4.5,-0.5,-2.0,-3.6,-4.1,-3.0,-0.2,30.7,34.7,43.9,13.4,0.0,166.6,27.9,15.4,77.4,,,OBAnorm,,LD831_02097v2.403,,,,0,0
DENATRLA,2025-06-23 08:57:37.000,29.0,27.5,25.2,26.1,23.1,19.2,18.8,16.7,14.2,13.7,21.3,19.1,20.9,22.6,23.0,24.7,25.4,24.5,24.6,23.2,20.8,17.9,14.8,11.1,8.3,7.7,4.9,0.4,-1.6,-3.5,-4.2,-3.0,-0.3,31.0,34.8,41.4,13.4,0.0,166.6,27.8,15.4,77.4,,,OBAnorm,,LD831_02097v2.403,,,,0,0
DENATRLA,2025-06-23 08:57:38.000,27.0,29.6,26.2,23.6,24.0,19.3,18.6,15.4,14.3,13.4,19.9,19.1,21.0,21.6,24.5,24.9,24.0,25.2,24.4,23.4,20.7,18.1,14.8,11.8,9.0,8.1,5.8,0.9,-1.4,-3.3,-4.2,-2.9,-0.1,31.1,35.3,47.0,13.4,0.0,166.6,27.9,15.4,77.4,,,OBAnorm,,LD831_02097v2.403,,,,0,0
DENATRLA,2025-06-23 08:57:39.000,30.0,23.3,26.4,23.5,21.9,19.4,19.0,16.1,12.6,14.2,19.1,20.2,21.1,21.9,22.9,24.0,25.3,25.8,25.1,22.9,20.7,18.6,14.6,11.9,8.9,8.0,5.0,0.1,-1.8,-3.3,-4.0,-2.9,-0.2,31.1,35.7,50.8,13.4,0.0,166.6,27.9,15.4,77.4,,,OBAnorm,,LD831_02097v2.403,,,,0,0
DENATRLA,2025-06-23 08:57:40.000,26.9,30.6,29.5,24.7,23.1,19.4,17.8,18.2,13.7,14.1,20.1,21.2,21.7,22.8,24.0,24.1,24.4,25.2,24.2,23.1,21.2,18.5,15.0,10.9,8.1,7.6,4.5,-0.5,-2.2,-3.5,-4.1,-3.0,-0.2,30.9,36.7,53.2,13.4,0.0,166.5,27.9,15.4,77.4,,,OBAnorm,,LD831_02097v2.403,,,,0,0
DENATRLA,2025-06-23 08:57:41.000,29.3,30.7,30.7,26.0,25.1,18.2,20.4,16.3,12.4,13.9,18.6,19.9,21.1,23.2,23.3,23.5,24.9,24.8,24.0,22.8,20.4,17.5,13.6,11.0,8.2,7.5,5.0,0.2,-1.8,-3.3,-4.2,-3.0,-0.1,30.8,36.6,52.4,13.4,0.0,166.4,27.9,15.4,77.4,,,OBAnorm,,LD831_02097v2.403,,,,0,0
DENATRLA,2025-06-23 08:57:42.000,32.3,32.1,28.5,25.5,24.5,20.7,19.6,16.9,14.4,14.1,18.1,18.3,21.4,23.5,23.7,24.9,25.3,24.6,24.0,23.7,20.3,17.7,14.3,11.2,8.5,7.5,5.1,0.7,-1.5,-3.4,-4.2,-3.1,-0.1,31.1,35.8,50.4,13.4,0.0,162.6,27.9,15.4,77.4,,,OBAnorm,,LD831_02097v2.403,,,,0,0
DENATRLA,2025-06-23 08:57:43.000,39.5,33.5,31.1,25.5,25.5,17.5,19.7,18.6,13.2,13.3,17.7,18.9,21.4,22.8,24.9,24.8,25.1,24.8,24.1,22.3,20.4,18.0,14.8,10.7,8.4,7.6,5.9,0.8,-1.5,-3.5,-4.3,-3.1,-0.2,30.8,37.5,54.0,13.4,0.0,153.7,27.9,15.4,77.4,,,OBAnorm,,LD831_02097v2.403,,,,0,0
DENATRLA,2025-06-23 08:57:44.000,34.4,29.5,25.7,25.2,23.9,20.8,17.5,17.3,11.5,12.6,18.7,18.6,21.0,22.0,23.1,24.7,24.0,25.6,24.0,22.5,20.7,18.2,15.1,11.9,9.6,8.9,6.9,1.7,-1.1,-3.3,-4.2,-3.1,-0.1,31.0,36.2,53.6,13.4,0.0,129.6,27.9,15.4,77.4,,,OBAnorm,,LD831_02097v2.403,,,,0,0
DENATRLA,2025-06-23 08:57:45.000,30.9,32.7,29.9,25.7,24.8,20.9,18.1,18.5,14.2,14.0,18.0,17.8,22.2,23.3,22.8,24.0,24.3,24.7,24.5,22.9,20.9,17.7,15.1,11.9,8.9,8.1,6.1,1.4,-1.1,-3.3,-4.3,-3.0,-0.1,30.9,40.5,60.1,13.4,0.0,86.6,27.9,15.4,77.4,,,OBAnorm,,LD831_02097v2.403,,,,0,0
DENATRLA,2025-06-23 08:57:46.000,33.0,35.4,32.8,31.7,26.4,25.2,21.0,17.0,15.7,11.7,18.6,19.4,20.4,22.6,23.1,24.2,25.3,24.5,24.3,22.4,20.4,18.3,14.6,11.4,9.1,7.6,5.4,0.7,-1.5,-3.3,-4.1,-3.0,-0.1,30.8,39.0,58.8,13.4,0.0,64.5,27.9,15.4,77.4,,,OBAnorm,,LD831_02097v2.403,,,,0,0
DENATRLA,2025-06-23 08:57:47.000,41.8,38.7,36.1,29.5,28.4,23.1,19.6,16.6,12.5,14.6,17.3,19.1,21.1,22.3,23.9,23.8,24.6,24.8,23.9,23.2,19.9,17.9,14.6,11.3,8.1,6.5,4.1,-0.7,-2.3,-3.4,-4.2,-2.9,-0.1,30.8,36.4,54.8,13.4,0.0,59.7,27.9,15.4,77.4,,,OBAnorm,,LD831_02097v2.403,,,,0,0
DENATRLA,2025-06-23 08:57:48.000,37.3,38.5,30.2,28.3,25.9,21.0,17.7,14.3,13.8,13.3,16.2,17.8,20.2,22.4,23.3,23.5,24.4,24.6,24.8,23.2,20.2,17.3,14.5,11.1,7.9,6.1,3.5,-1.3,-2.8,-3.6,-4.3,-3.0,-0.1,30.7,34.8,44.7,13.4,0.0,59.4,27.9,15.4,77.4,,,OBAnorm,,LD831_02097v2.403,,,,0,0
DENATRLA,2025-06-23 08:57:49.000,37.7,31.9,25.8,26.2,22.7,18.6,17.2,17.6,12.5,14.2,16.7,17.2,20.6,22.5,23.2,24.7,24.4,24.1,24.4,22.9,20.1,17.3,14.2,11.1,8.1,5.9,3.3,-1.8,-3.0,-3.6,-4.3,-3.1,-0.1,30.6,34.5,48.6,13.4,0.0,59.3,27.9,15.4,77.4,,,OBAnorm,,LD831_02097v2.403,,,,0,0
DENATRLA,2025-06-23 08:57:50.000,32.8,34.7,28.4,25.5,19.3,18.7,16.3,16.2,11.3,11.8,16.0,18.0,20.9,21.8,23.3,24.2,24.5,24.4,24.7,23.3,20.5,18.2,14.6,11.0,8.5,7.1,3.8,-1.1,-2.8,-3.5,-4.3,-3.0,-0.1,30.9,35.6,50.9,13.4,0.0,59.2,27.9,15.4,77.4,,,OBAnorm,,LD831_02097v2.403,,,,0,0
DENATRLA,2025-06-23 08:57:51.000,25.7,31.4,26.9,22.4,25.2,18.7,16.1,15.1,13.7,12.2,17.2,18.7,20.9,20.9,24.6,23.6,24.5,24.6,24.8,23.4,21.2,17.9,15.2,11.9,8.9,8.5,5.7,0.1,-2.2,-3.6,-4.3,-2.9,-0.1,30.9,35.3,50.4,13.4,0.0,59.2,27.9,15.4,77.4,,,OBAnorm,,LD831_02097v2.403,,,,0,0
DENATRLA,2025-06-23 08:57:52.000,29.7,32.8,29.4,26.2,20.6,18.4,20.0,14.1,14.0,13.3,16.5,18.9,21.7,22.5,23.0,24.5,25.2,24.7,24.3,23.3,20.6,18.1,14.5,11.4,9.3,8.5,6.0,0.5,-1.8,-3.5,-4.3,-3.1,-0.2,31.0,35.1,47.5,13.4,0.0,59.2,28.0,15.4,77.4,,,OBAnorm,,LD831_02097v2.403,,,,0,0
DENATRLA,2025-06-23 08:57:53.000,29.2,31.5,27.2,25.4,22.7,19.0,18.5,16.1,14.6,12.8,15.4,16.7,21.4,22.3,23.1,25.2,24.6,24.6,24.1,22.7,20.2,17.8,14.7,11.7,8.8,8.4,6.0,0.5,-1.9,-3.6,-4.3,-3.0,-0.2,30.9,34.8,50.3,13.4,0.0,59.2,27.9,15.4,77.4,,,OBAnorm,,LD831_02097v2.403,,,,0,0
DENATRLA,2025-06-23 08:57:54.000,34.1,27.1,26.4,27.3,22.5,19.7,17.8,14.6,13.8,13.0,16.9,18.9,20.0,22.3,23.4,24.3,24.4,24.3,24.7,23.3,20.7,18.0,15.3,11.6,8.8,9.2,6.1,0.9,-1.7,-3.6,-4.3,-2.9,-0.1,30.9,36.1,52.4,13.4,0.0,59.2,27.9,15.4,77.4,,,OBAnorm,,LD831_02097v2.403,,,,0,0
DENATRLA,2025-06-23 08:57:55.000,31.1,28.2,29.1,23.6,20.2,21.3,17.4,14.5,13.4,12.5,16.7,17.2,19.3,21.5,23.7,23.7,24.6,25.1,24.8,24.1,21.1,18.0,15.1,11.3,9.0,8.3,6.1,0.5,-1.6,-3.5,-4.2,-3.1,-0.1,31.2,35.7,50.6,13.4,0.0,59.2,27.9,15.4,76.8,,,OBAnorm,,LD831_02097v2.403,,,,0,0
DENATRLA,2025-06-23 08:57:56.000,33.1,32.4,31.5,26.0,20.2,21.6,17.7,15.0,13.4,12.0,16.3,18.8,21.0,22.8,24.0,23.7,24.5,24.1,24.4,23.6,21.0,18.7,15.2,11.5,9.5,9.6,7.8,2.3,-0.4,-3.0,-4.0,-2.9,-0.1,31.0,35.1,44.7,13.4,0.0,59.2,27.9,15.4,76.8,,,OBAnorm,,LD831_02097v2.403,,,,0,0
DENATRLA,2025-06-23 08:57:57.000,33.3,31.5,25.0,25.9,22.3,16.9,18.6,16.1,13.5,13.5,17.5,19.0,22.4,23.0,21.7,24.5,25.0,25.6,24.2,23.5,21.0,18.6,15.2,12.1,9.6,9.8,7.8,2.5,0.0,-2.8,-3.9,-2.8,0.0,31.3,35.1,44.7,13.4,0.0,59.2,27.9,15.4,76.8,,,OBAnorm,,LD831_02097v2.403,,,,0,0
DENATRLA,2025-06-23 08:57:58.000,33.5,32.4,25.8,24.6,22.1,20.1,15.7,17.0,14.5,14.5,16.9,19.3,21.6,22.4,23.3,24.1,24.1,24.1,24.7,23.5,20.4,18.1,15.0,11.4,9.3,9.2,7.6,2.4,-0.2,-3.2,-4.1,-3.0,-0.1,30.9,34.8,51.1,13.4,0.0,59.2,27.9,15.4,77.4,,,OBAnorm,,LD831_02097v2.403,,,,0,0
DENATRLA,2025-06-23 08:57:59.000,32.4,29.8,28.1,24.4,19.9,20.2,15.3,15.4,12.4,12.6,15.1,18.3,21.4,21.4,23.0,23.9,24.6,24.6,24.2,23.0,20.8,17.8,14.6,11.6,8.6,8.9,6.9,1.7,-0.7,-3.2,-4.2,-3.1,0.0,30.8,35.0,45.4,13.4,0.0,59.2,27.9,15.4,77.4,,,OBAnorm,,LD831_02097v2.403,,,,0,0
DENATRLA,2025-06-23 08:58:00.000,29.3,30.8,23.2,22.1,22.1,19.1,17.4,15.1,12.5,13.3,15.6,19.2,20.1,21.8,23.7,24.3,24.3,24.2,24.3,23.2,20.5,17.7,14.7,11.6,8.9,8.4,5.9,0.8,-1.4,-3.2,-4.1,-2.9,-0.2,30.8,34.6,43.6,13.4,0.0,59.2,27.9,15.4,77.4,,,OBAnorm,,LD831_02097v2.403,,,,0,0
DENATRLA,2025-06-23 08:58:01.000,32.4,31.3,28.7,26.3,19.2,17.7,17.2,14.6,13.4,9.7,16.5,16.3,19.8,22.0,22.6,23.0,24.2,23.2,23.9,22.7,20.2,18.0,14.2,10.6,9.5,7.8,4.8,0.1,-2.0,-3.4,-4.2,-3.0,-0.1,30.3,34.0,42.4,13.4,0.0,59.2,27.9,15.4,76.8,,,OBAnorm,,LD831_02097v2.403,,,,0,0
DENATRLA,2025-06-23 08:58:02.000,33.5,31.7,26.7,26.5,20.7,17.7,16.1,14.0,14.0,13.9,17.9,18.0,20.0,21.6,22.9,23.4,23.4,23.7,23.8,22.3,20.0,17.3,13.6,11.0,7.7,6.1,2.9,-1.4,-2.9,-3.6,-4.3,-2.9,-0.1,30.1,34.2,44.0,13.4,0.0,59.1,27.9,15.4,76.8,,,OBAnorm,,LD831_02097v2.403,,,,0,0
DENATRLA,2025-06-23 08:58:03.000,27.4,27.8,26.5,21.9,20.5,17.5,15.2,15.9,12.9,12.4,17.8,17.8,20.0,22.6,23.0,23.4,23.8,24.4,23.6,22.3,20.0,17.4,13.6,10.2,7.2,5.3,2.2,-1.8,-2.7,-3.0,-4.1,-2.8,-0.1,30.1,36.5,53.4,13.4,0.0,59.2,27.9,15.4,77.4,,,OBAnorm,,LD831_02097v2.403,,,,0,0
DENATRLA,2025-06-23 08:58:04.000,30.6,29.5,30.8,27.8,23.9,21.6,17.3,16.4,12.3,12.6,16.9,17.5,18.7,22.0,21.8,23.3,23.5,24.0,23.5,21.7,20.1,16.9,14.3,9.7,6.8,5.4,2.9,-1.3,-2.8,-3.7,-4.3,-2.9,0.0,29.9,37.6,57.1,13.4,0.0,58.6,27.9,15.4,77.4,,,OBAnorm,,LD831_02097v2.403,,,,0,0
DENATRLA,2025-06-23 08:58:05.000,32.3,34.2,30.9,28.0,24.6,20.5,18.6,14.5,13.5,11.9,18.5,17.9,18.6,21.0,22.8,24.5,24.1,24.0,23.9,23.0,20.4,17.6,14.3,10.6,7.7,5.7,1.7,-2.1,-3.1,-3.5,-4.2,-2.9,-0.1,30.6,36.9,52.5,13.4,0.0,58.6,27.9,15.4,77.4,,,OBAnorm,,LD831_02097v2.403,,,,0,0
DENATRLA,2025-06-23 08:58:06.000,38.3,37.3,32.8,28.1,24.9,20.8,16.5,13.8,12.5,10.6,18.9,18.0,20.0,22.8,22.7,23.3,23.5,25.2,24.6,22.9,20.4,17.7,14.4,10.7,8.0,5.1,1.4,-2.3,-3.1,-3.7,-4.3,-3.1,-0.1,30.7,35.8,52.3,13.4,0.0,58.6,27.9,15.4,77.4,,,OBAnorm,,LD831_02097v2.403,,,,0,0
DENATRLA,2025-06-23 08:58:07.000,38.8,31.0,30.1,29.3,23.5,19.7,16.0,15.9,12.4,10.9,17.9,17.7,20.1,21.6,23.7,23.5,24.0,23.8,24.2,22.8,20.5,17.6,14.1,10.1,7.7,5.7,1.8,-2.0,-3.2,-3.8,-4.3,-3.2,-0.1,30.5,35.8,52.4,13.4,0.0,58.6,27.9,15.4,77.4,,,OBAnorm,,LD831_02097v2.403,,,,0,0
DENATRLA,2025-06-23 08:58:08.000,39.2,30.8,28.3,25.8,22.6,16.3,17.8,14.6,11.7,12.4,17.2,16.7,20.1,22.2,22.7,23.1,23.8,24.6,24.6,22.1,19.9,17.5,13.8,10.0,7.3,5.4,1.3,-2.3,-3.3,-3.6,-4.3,-3.0,-0.1,30.3,36.8,55.2,13.4,0.0,58.6,27.9,15.4,77.4,,,OBAnorm,,LD831_02097v2.403,,,,0,0
DENATRLA,2025-06-23 08:58:09.000,32.3,32.8,30.2,25.8,20.8,21.0,18.9,16.7,12.5,12.1,18.2,18.5,20.3,22.0,21.6,23.3,23.8,24.0,23.8,22.3,19.4,17.8,14.6,10.9,7.7,6.0,1.3,-2.6,-3.3,-3.7,-4.3,-3.1,-0.2,30.0,35.9,51.2,13.4,0.0,58.6,27.9,15.4,77.4,,,OBAnorm,,LD831_02097v2.403,,,,0,0
DENATRLA,2025-06-23 08:58:10.000,34.6,33.5,32.7,24.2,20.2,20.1,18.4,13.9,11.1,11.3,19.2,17.0,21.4,22.3,22.6,22.9,23.7,24.2,23.0,22.6,19.9,17.3,14.2,10.3,7.5,5.0,0.7,-3.1,-3.3,-3.6,-4.4,-3.1,-0.2,30.1,35.5,51.7,13.4,0.0,58.6,27.9,15.4,77.4,,,OBAnorm,,LD831_02097v2.403,,,,0,0
DENATRLA,2025-06-23 08:58:11.000,40.0,35.9,27.9,25.2,20.4,19.7,17.6,14.0,11.4,12.8,19.7,17.3,20.9,21.6,22.4,23.7,23.9,24.3,23.5,22.2,20.0,17.1,13.2,10.2,6.8,4.4,0.2,-3.1,-3.5,-3.6,-4.1,-2.9,0.0,30.2,36.2,50.4,13.4,0.0,58.6,27.9,15.4,77.4,,,OBAnorm,,LD831_02097v2.403,,,,0,0
DENATRLA,2025-06-23 08:58:12.000,31.6,36.0,29.9,25.8,22.2,18.6,16.3,15.7,13.3,10.6,18.5,17.5,20.3,22.6,22.1,22.4,23.5,24.8,24.7,22.5,20.1,17.4,14.2,10.4,6.9,4.3,-0.2,-3.5,-3.6,-3.7,-4.4,-3.1,-0.2,30.4,34.6,45.7,13.4,0.0,58.6,27.9,15.4,77.4,,,OBAnorm,,LD831_02097v2.403,,,,0,0
DENATRLA,2025-06-23 08:58:13.000,33.6,36.9,27.7,25.0,21.0,18.6,17.4,11.3,12.4,12.1,21.1,18.5,19.1,22.9,23.7,23.7,24.1,24.8,24.0,22.6,20.7,18.1,14.3,10.5,7.2,5.1,1.8,-3.0,-3.5,-3.6,-4.2,-3.0,-0.2,30.6,35.1,46.8,13.4,0.0,58.6,27.9,15.4,76.8,,,OBAnorm,,LD831_02097v2.403,,,,0,0
DENATRLA,2025-06-23 08:58:14.000,32.7,32.1,27.1,24.4,20.8,21.2,17.8,14.6,12.3,9.9,21.0,17.4,21.0,23.8,23.5,24.0,24.8,24.6,24.3,23.2,20.8,17.9,14.3,10.6,7.4,4.6,0.8,-3.3,-3.6,-3.8,-4.4,-3.2,-0.2,30.9,35.7,46.4,13.4,0.0,58.6,27.9,15.4,76.8,,,OBAnorm,,LD831_02097v2.403,,,,0,0
DENATRLA,2025-06-23 08:58:15.000,28.0,32.3,28.2,25.0,18.6,18.7,16.7,16.0,11.8,10.9,21.4,17.3,19.9,23.2,23.0,23.1,24.1,25.0,24.3,22.8,21.2,17.7,14.3,10.7,7.5,6.4,0.1,-3.6,-3.7,-3.8,-4.4,-3.1,-0.1,30.8,35.3,49.5,13.4,0.0,58.6,27.9,15.4,76.8,,,OBAnorm,,LD831_02097v2.403,,,,0,0
DENATRLA,2025-06-23 08:58:16.000,28.9,34.4,29.9,24.6,21.2,18.2,17.2,15.1,11.0,11.1,17.6,16.6,19.7,22.9,23.3,23.9,25.0,24.6,24.5,23.3,21.0,17.5,13.9,10.7,6.7,5.2,0.1,-3.3,-3.2,-3.3,-4.1,-3.0,-0.1,30.8,35.7,51.8,13.4,0.0,58.6,27.9,15.5,76.8,,,OBAnorm,,LD831_02097v2.403,,,,0,0
DENATRLA,2025-06-23 08:58:17.000,35.2,36.0,28.1,24.8,22.9,19.0,15.5,17.5,13.6,11.7,20.3,18.4,22.0,23.5,23.0,23.2,24.4,25.0,25.2,23.2,21.0,17.5,14.5,10.2,7.0,4.4,0.5,-3.4,-3.4,-3.5,-4.2,-3.0,-0.1,31.1,35.0,49.3,13.4,0.0,58.6,27.9,15.5,76.8,,,OBAnorm,,LD831_02097v2.403,,,,0,0
DENATRLA,2025-06-23 08:58:18.000,32.2,33.9,26.5,24.7,20.4,18.2,16.8,14.0,10.9,13.0,25.5,17.7,20.5,23.2,22.4,23.0,24.3,25.5,25.3,23.1,21.1,18.1,14.3,10.6,7.1,4.5,0.2,-3.4,-3.5,-3.6,-4.3,-3.0,-0.1,31.1,34.9,46.1,13.4,0.0,58.6,27.9,15.5,76.8,,,OBAnorm,,LD831_02097v2.403,,,,0,0
DENATRLA,2025-06-23 08:58:19.000,31.4,29.2,25.0,23.1,21.8,17.0,14.3,16.2,11.7,12.1,20.8,17.8,20.9,23.6,24.1,24.7,24.1,24.3,24.0,23.5,20.9,17.7,14.6,11.4,7.2,4.6,0.0,-3.3,-3.0,-3.5,-4.2,-2.9,-0.2,30.8,34.8,41.7,13.4,0.0,58.6,27.9,15.5,76.8,,,OBAnorm,,LD831_02097v2.403,,,,0,0
DENATRLA,2025-06-23 08:58:20.000,31.1,26.6,25.8,25.3,23.1,19.3,17.6,15.1,12.8,12.1,23.3,18.8,20.7,24.9,23.0,24.0,25.0,25.4,25.4,23.8,20.8,18.3,14.3,11.0,7.5,5.1,-0.3,-3.3,-3.1,-3.5,-4.2,-3.0,-0.1,31.4,35.3,42.1,13.4,0.0,58.6,27.9,15.5,76.8,,,OBAnorm,,LD831_02097v2.403,,,,0,0
DENATRLA,2025-06-23 08:58:21.000,28.3,30.2,25.2,22.4,22.9,20.1,15.4,14.9,12.8,11.4,24.7,19.7,20.2,24.7,23.3,24.4,24.4,25.5,25.0,23.7,21.2,18.4,14.5,10.9,7.1,5.9,0.7,-3.3,-3.4,-3.6,-4.1,-2.8,-0.1,31.3,34.9,39.5,13.4,0.0,58.6,27.9,15.5,76.8,,,OBAnorm,,LD831_02097v2.403,,,,0,0
DENATRLA,2025-06-23 08:58:22.000,29.3,26.6,28.0,23.6,19.3,19.9,17.2,15.3,12.3,11.3,25.7,18.2,19.8,25.5,23.2,25.1,24.3,25.5,24.8,23.0,21.2,18.3,15.0,11.4,7.2,4.4,-0.2,-3.5,-3.6,-3.6,-4.3,-3.0,-0.1,31.3,35.5,39.6,13.4,0.0,58.5,27.9,15.5,76.8,,,OBAnorm,,LD831_02097v2.403,,,,0,0
DENATRLA,2025-06-23 08:58:23.000,27.4,28.1,27.4,23.1,20.1,18.7,19.1,16.4,11.2,12.1,23.0,18.2,20.3,24.2,23.6,24.1,25.3,25.7,24.8,23.0,21.7,18.5,14.7,11.0,7.2,4.4,-0.4,-3.3,-3.2,-3.2,-4.0,-2.8,-0.1,31.4,35.2,41.0,13.4,0.0,58.6,27.9,15.5,76.8,,,OBAnorm,,LD831_02097v2.403,,,,0,0
DENATRLA,2025-06-23 08:58:24.000,25.7,31.5,27.5,25.6,19.4,18.5,15.2,13.3,13.7,10.7,19.5,18.8,20.4,23.0,23.9,24.0,25.2,25.2,24.4,23.2,22.0,18.3,15.2,11.2,7.7,4.7,-0.5,-3.4,-3.5,-3.8,-4.3,-3.0,0.0,31.3,35.0,40.2,13.4,0.0,58.6,27.9,15.5,77.4,,,OBAnorm,,LD831_02097v2.403,,,,0,0
DENATRLA,2025-06-23 08:58:25.000,28.2,28.5,27.4,23.8,20.4,18.1,15.0,14.8,14.7,13.5,21.2,20.0,21.5,23.6,23.8,25.8,25.5,25.0,25.1,24.3,21.7,18.5,15.2,11.3,7.5,4.9,0.0,-3.5,-3.6,-3.8,-4.2,-3.1,-0.1,31.7,35.6,40.0,13.4,0.0,58.6,27.9,15.5,77.4,,,OBAnorm,,LD831_02097v2.403,,,,0,0
DENATRLA,2025-06-23 08:58:26.000,31.2,30.5,25.4,23.4,25.0,19.2,16.1,13.2,12.4,11.9,21.6,19.8,21.8,23.8,22.6,25.7,25.0,25.8,24.8,23.3,20.9,17.7,15.1,11.2,8.2,5.0,0.4,-2.7,-3.4,-3.6,-4.2,-3.0,0.0,31.4,35.4,40.3,13.4,0.0,58.6,27.9,15.5,77.4,,,OBAnorm,,LD831_02097v2.403,,,,0,0
DENATRLA,2025-06-23 08:58:27.000,33.5,29.8,28.6,22.2,24.0,19.5,16.3,13.7,13.0,12.1,19.9,18.6,21.4,24.2,23.4,24.6,24.3,25.6,25.0,23.2,21.3,18.0,14.6,11.0,7.4,4.7,-0.1,-3.2,-3.6,-3.6,-4.2,-3.0,-0.2,31.2,35.0,39.6,13.4,0.0,58.6,27.9,15.5,78.0,,,OBAnorm,,LD831_02097v2.403,,,,0,0
DENATRLA,2025-06-23 08:58:28.000,30.6,32.7,27.9,26.5,19.2,16.1,17.2,14.1,11.1,12.8,19.2,20.9,21.8,23.4,24.0,24.1,24.9,26.2,25.5,23.5,21.0,18.0,15.2,11.2,7.9,5.1,0.1,-2.8,-3.2,-2.9,-3.9,-2.8,-0.2,31.6,35.3,42.0,13.4,0.0,58.6,27.9,15.5,78.0,,,OBAnorm,,LD831_02097v2.403,,,,0,0
DENATRLA,2025-06-23 08:58:29.000,33.2,26.1,28.6,23.6,21.4,21.3,15.4,15.2,12.9,11.3,19.1,18.6,22.1,24.0,22.6,24.7,25.0,25.0,24.6,23.7,21.4,18.0,14.5,11.3,8.3,5.5,1.4,-1.5,-1.5,-0.9,-2.9,-2.5,0.0,31.2,35.3,42.1,13.4,0.0,58.6,27.9,15.5,78.0,,,OBAnorm,,LD831_02097v2.403,,,,0,0
DENATRLA,2025-06-23 08:58:30.000,26.1,28.8,28.0,24.5,23.1,18.4,19.4,14.5,14.4,13.1,21.1,18.2,19.5,23.4,23.0,23.9,24.6,24.4,24.4,23.5,20.7,17.5,14.3,10.4,7.2,4.7,1.6,-1.9,-2.4,-2.3,-3.8,-2.8,0.0,30.8,35.2,41.3,13.4,0.0,58.6,27.9,15.5,77.4,,,OBAnorm,,LD831_02097v2.403,,,,0,0
DENATRLA,2025-06-23 08:58:31.000,31.9,31.9,28.3,22.3,21.4,20.1,16.5,15.2,12.2,12.7,21.1,18.6,21.8,23.8,23.1,24.7,24.5,24.9,24.5,22.5,21.0,17.7,14.7,11.2,7.3,4.9,0.8,-2.4,-2.9,-2.6,-4.0,-2.8,-0.1,30.8,36.1,45.6,13.4,0.0,58.6,27.9,15.5,77.4,,,OBAnorm,,LD831_02097v2.403,,,,0,0
DENATRLA,2025-06-23 08:58:32.000,31.6,34.1,28.9,25.0,19.3,17.7,17.2,15.6,12.7,13.3,19.6,18.7,21.7,22.2,22.8,23.3,24.2,24.3,24.0,22.5,20.8,17.5,14.0,10.4,6.9,4.5,0.2,-2.3,-2.5,-2.1,-3.7,-2.7,-0.1,30.5,35.0,44.2,13.4,0.0,58.6,27.9,15.5,77.4,,,OBAnorm,,LD831_02097v2.403,,,,0,0
DENATRLA,2025-06-23 08:58:33.000,35.7,37.0,28.2,24.0,23.3,18.3,16.7,16.6,13.0,14.5,19.9,18.0,20.1,23.2,22.2,24.0,23.9,24.5,23.9,22.8,20.0,17.1,14.0,10.5,6.9,4.6,0.4,-3.0,-3.4,-3.6,-4.2,-3.0,-0.1,30.4,34.5,45.6,13.4,0.0,58.6,27.9,15.5,76.8,,,OBAnorm,,LD831_02097v2.403,,,,0,0
DENATRLA,2025-06-23 08:58:34.000,37.4,35.2,26.7,23.0,22.2,17.1,16.0,16.2,11.5,9.7,18.4,17.3,19.8,22.3,22.3,23.7,24.2,24.6,24.3,21.6,20.6,17.1,14.1,10.1,6.9,5.2,1.3,-2.6,-3.1,-2.9,-4.1,-2.8,0.0,30.4,34.6,46.7,13.4,0.0,58.6,27.9,15.5,76.8,,,OBAnorm,,LD831_02097v2.403,,,,0,0
DENATRLA,2025-06-23 08:58:35.000,33.4,31.4,28.4,21.4,22.3,19.4,14.7,14.6,13.5,13.1,18.3,17.5,20.2,22.6,23.3,24.4,23.5,24.3,24.4,22.5,20.6,17.6,14.5,10.4,7.1,4.4,0.7,-2.9,-3.1,-3.5,-4.1,-3.0,-0.2,30.7,35.5,46.7,13.4,0.0,58.6,27.9,15.5,76.8,,,OBAnorm,,LD831_02097v2.403,,,,0,0
DENATRLA,2025-06-23 08:58:36.000,28.2,31.0,24.1,25.0,22.4,18.2,18.4,16.5,12.5,12.4,19.5,18.2,19.9,23.2,23.5,25.2,25.0,25.0,24.3,23.5,20.6,17.6,14.9,11.0,7.4,4.9,0.7,-3.0,-3.1,-3.7,-4.3,-3.1,-0.1,31.1,35.8,51.2,13.4,0.0,58.6,27.9,15.5,76.8,,,OBAnorm,,LD831_02097v2.403,,,,0,0
DENATRLA,2025-06-23 08:58:37.000,33.2,28.5,31.5,23.1,24.4,18.8,18.3,16.1,13.6,12.0,17.4,17.9,20.1,22.0,23.3,23.9,24.7,24.7,24.2,23.0,21.1,18.0,14.4,10.9,7.3,5.0,0.2,-2.9,-3.3,-3.7,-4.2,-3.1,-0.2,30.8,34.6,43.2,13.4,0.0,58.6,27.9,15.5,76.8,,,OBAnorm,,LD831_02097v2.403,,,,0,0
DENATRLA,2025-06-23 08:58:38.000,36.0,32.4,27.3,22.9,23.0,19.4,17.4,16.0,12.6,13.0,16.7,18.2,20.3,23.3,23.4,24.4,24.7,25.1,24.8,22.9,20.7,18.0,13.9,10.2,7.2,4.7,0.3,-3.1,-3.0,-3.2,-4.1,-2.9,-0.1,31.0,34.6,41.4,13.4,0.0,58.6,27.9,15.5,76.8,,,OBAnorm,,LD831_02097v2.403,,,,0,0
DENATRLA,2025-06-23 08:58:39.000,32.2,29.4,24.7,22.8,21.0,20.5,17.5,15.5,13.3,10.7,16.1,17.0,20.2,22.1,22.6,24.2,25.3,25.8,25.2,23.4,21.3,17.9,14.6,10.6,7.5,5.2,0.9,-2.9,-3.1,-3.5,-4.3,-3.1,0.0,31.2,34.8,46.6,13.4,0.0,58.6,27.9,15.5,76.3,,,OBAnorm,,LD831_02097v2.403,,,,0,0
DENATRLA,2025-06-23 08:58:40.000,30.1,30.5,26.7,24.4,21.0,18.6,18.2,14.8,14.0,13.7,16.3,17.7,20.3,22.9,23.6,24.7,24.7,25.0,24.8,23.0,20.5,17.7,14.3,11.0,7.8,5.4,0.4,-2.9,-3.2,-3.6,-4.4,-3.0,-0.1,30.9,34.6,45.5,13.4,0.0,58.6,27.9,15.5,76.3,,,OBAnorm,,LD831_02097v2.403,,,,0,0
DENATRLA,2025-06-23 08:58:41.000,29.2,27.5,26.4,22.1,20.2,21.0,18.3,15.2,13.4,12.0,18.8,18.9,19.3,22.9,23.9,23.4,24.4,24.4,24.3,22.9,20.9,18.0,14.3,10.6,7.8,4.8,0.2,-3.0,-3.1,-3.5,-4.2,-3.1,-0.1,30.7,34.4,44.0,13.4,0.0,58.6,28.0,15.5,76.3,,,OBAnorm,,LD831_02097v2.403,,,,0,0
DENATRLA,2025-06-23 08:58:42.000,27.1,30.0,25.0,23.2,19.5,19.8,18.9,16.1,11.9,12.3,17.5,17.8,20.7,22.9,24.4,24.8,24.7,24.7,24.5,23.0,20.5,18.1,14.4,10.6,7.4,4.8,0.4,-2.4,-2.9,-3.5,-4.1,-2.9,-0.2,30.9,35.1,48.2,13.4,0.0,58.6,27.9,15.5,76.3,,,OBAnorm,,LD831_02097v2.403,,,,0,0
DENATRLA,2025-06-23 08:58:43.000,27.0,29.2,25.5,25.8,21.5,20.9,18.2,17.9,14.3,14.6,20.0,19.0,21.0,23.6,23.0,24.3,24.2,25.7,24.9,23.2,20.4,17.4,14.4,10.6,7.2,5.0,0.8,-1.4,-2.7,-3.0,-3.8,-2.9,0.0,31.0,35.6,50.6,13.4,0.0,58.6,27.9,15.5,76.3,,,OBAnorm,,LD831_02097v2.403,,,,0,0
DENATRLA,2025-06-23 08:58:44.000,26.5,30.2,27.1,23.8,19.8,19.9,16.4,14.6,14.2,13.3,18.9,18.0,22.1,22.6,23.3,24.0,24.5,25.1,24.5,22.8,21.0,17.3,14.1,10.6,7.2,4.7,0.8,-2.3,-3.0,-3.3,-4.0,-2.8,-0.1,30.9,36.4,53.8,13.4,0.0,58.6,28.0,15.6,76.3,,,OBAnorm,,LD831_02097v2.403,,,,0,0
DENATRLA,2025-06-23 08:58:45.000,32.7,30.4,28.6,25.0,21.4,20.3,21.2,19.9,15.7,14.5,17.4,19.7,22.1,23.2,23.4,24.5,25.5,25.4,25.2,23.3,20.9,18.5,15.0,11.0,7.7,5.5,2.4,-2.1,-2.5,-2.2,-3.5,-2.6,0.0,31.4,35.6,53.0,13.4,0.0,58.6,27.9,15.6,75.1,,,OBAnorm,,LD831_02097v2.403,,,,0,0
DENATRLA,2025-06-23 08:58:46.000,31.1,32.9,27.1,25.0,22.8,20.0,18.2,16.6,14.0,12.2,18.5,19.5,22.2,23.3,23.2,24.2,25.0,25.0,25.5,23.8,21.1,18.8,15.3,11.5,7.9,5.6,1.6,-2.4,-2.6,-3.1,-3.9,-2.8,-0.1,31.5,36.9,52.3,13.4,0.0,56.0,27.9,15.6,74.6,,,OBAnorm,,LD831_02097v2.403,,,,0,0
DENATRLA,2025-06-23 08:58:47.000,35.5,29.1,29.1,24.9,26.0,20.1,20.3,19.6,14.0,16.2,18.6,20.1,22.6,23.0,24.1,24.7,25.4,25.7,25.5,24.1,21.8,19.2,15.4,12.0,8.2,5.7,2.0,-0.2,-2.1,-3.0,-3.9,-2.8,0.0,31.8,39.7,53.8,13.4,0.0,50.3,27.9,15.6,76.3,,,OBAnorm,,LD831_02097v2.403,,,,0,0
DENATRLA,2025-06-23 08:58:48.000,34.5,31.3,29.6,31.3,28.1,25.5,25.0,22.8,21.0,18.1,18.8,20.6,22.1,23.8,24.3,25.0,26.2,26.1,25.7,23.9,21.7,18.8,14.9,11.2,8.4,6.1,2.6,-1.3,-1.8,-2.7,-3.9,-2.7,0.0,31.9,42.0,56.7,13.4,0.0,45.0,27.9,15.6,76.9,,,OBAnorm,,LD831_02097v2.403,,,,0,0
DENATRLA,2025-06-23 08:58:49.000,38.3,37.0,36.9,36.5,30.7,31.2,29.1,27.9,22.3,19.9,19.4,21.3,23.3,23.1,23.2,24.3,25.0,25.7,25.8,23.5,21.5,18.3,14.2,11.1,7.7,7.2,5.9,-0.4,-1.9,-2.4,-3.6,-2.6,0.0,31.6,46.5,62.2,13.4,0.1,37.4,27.9,15.6,76.3,,,OBAnorm,,LD831_02097v2.403,,,,0,0
DENATRLA,2025-06-23 08:58:50.000,42.6,40.6,42.2,39.3,39.9,36.5,32.8,28.0,23.1,16.8,18.8,19.2,21.2,22.9,22.7,24.4,24.8,24.8,24.5,22.6,20.6,18.2,14.0,9.9,7.1,5.0,1.2,-1.9,-2.2,-2.3,-3.5,-2.4,0.0,30.8,42.4,59.8,13.4,0.3,30.0,27.9,15.6,76.3,,,OBAnorm,,LD831_02097v2.403,,,,0,0
DENATRLA,2025-06-23 08:58:51.000,42.8,48.5,43.5,39.7,35.5,32.4,24.4,23.1,19.5,16.7,19.0,20.2,22.9,23.1,24.4,24.2,25.2,25.0,24.8,22.9,20.7,17.7,14.6,10.7,7.2,4.9,0.5,-1.8,-2.2,-2.2,-3.4,-2.5,0.1,31.0,42.5,62.4,13.4,0.3,15.5,27.9,15.6,76.9,,,OBAnorm,,LD831_02097v2.403,,,,0,0
DENATRLA,2025-06-23 08:58:52.000,45.7,44.5,39.5,38.6,33.9,29.7,28.1,23.4,17.8,14.9,19.5,20.3,22.3,22.3,24.2,23.8,25.9,25.9,24.2,23.7,21.6,18.3,15.1,10.8,8.0,5.2,1.3,-2.0,-2.5,-1.9,-3.6,-2.5,0.1,31.4,44.2,62.1,13.4,0.3,330.0,27.9,15.7,75.7,,,OBAnorm,,LD831_02097v2.403,,,,0,0
DENATRLA,2025-06-23 08:58:53.000,43.6,40.8,40.1,35.8,31.1,31.0,25.7,18.9,18.3,17.2,17.3,20.4,22.2,21.2,24.0,24.1,25.3,26.4,25.1,23.6,21.4,18.3,15.2,11.7,8.0,5.0,0.9,4.2,-0.9,-2.7,-3.7,-2.7,0.0,31.6,44.4,63.6,13.4,0.4,328.1,27.9,15.8,75.7,,,OBAnorm,,LD831_02097v2.403,,,,0,0
DENATRLA,2025-06-23 08:58:54.000,47.5,44.6,38.1,39.8,33.5,27.1,20.6,17.3,15.8,14.6,17.4,17.6,21.9,23.9,24.2,24.5,25.6,26.0,24.9,23.3,21.3,18.2,15.0,11.4,8.7,17.2,18.1,8.4,-1.6,-2.5,-3.6,-2.6,0.0,31.9,39.1,58.5,13.4,0.6,328.1,28.0,15.8,75.7,,,OBAnorm,,LD831_02097v2.403,,,,0,0
DENATRLA,2025-06-23 08:58:55.000,48.2,42.7,35.2,30.2,24.5,21.6,16.1,15.6,14.0,13.7,19.1,19.7,21.4,22.0,23.3,23.8,24.5,26.4,25.1,23.5,20.7,17.9,14.7,10.9,7.4,8.5,9.0,-0.8,-2.4,-2.2,-3.7,-2.6,0.1,31.3,37.4,55.0,13.4,0.7,327.2,28.0,15.8,75.2,,,OBAnorm,,LD831_02097v2.403,,,,0,0
DENATRLA,2025-06-23 08:58:56.000,46.5,34.4,32.8,27.5,23.5,20.9,16.6,17.0,13.2,14.2,18.6,19.9,20.9,23.0,23.7,23.9,25.0,25.4,24.4,23.0,20.8,17.8,14.5,10.9,7.4,5.3,1.4,-2.0,-2.0,-2.7,-3.8,-2.8,0.0,31.0,40.0,60.3,13.4,0.8,327.3,27.9,15.8,75.2,,,OBAnorm,,LD831_02097v2.403,,,,0,0
DENATRLA,2025-06-23 08:58:57.000,37.8,32.3,30.7,28.1,24.8,22.6,23.0,22.4,19.1,17.1,19.4,18.7,22.6,23.5,23.8,23.8,24.7,25.4,24.9,23.2,20.9,18.1,14.2,10.5,7.5,5.1,0.4,-2.7,-2.6,-3.0,-3.9,-2.8,0.0,31.1,47.4,65.3,13.4,0.7,327.0,27.9,15.8,75.7,,,OBAnorm,,LD831_02097v2.403,,,,0,0
DENATRLA,2025-06-23 08:58:58.000,38.1,38.8,40.4,36.6,34.3,30.8,30.3,23.3,15.6,15.1,22.6,18.7,22.0,24.5,22.7,23.9,24.5,24.8,24.9,22.7,20.1,17.6,14.4,10.4,7.4,9.2,12.1,5.6,-2.5,-3.0,-4.1,-2.9,-0.2,30.9,41.6,60.5,13.4,0.7,328.1,28.0,15.8,75.7,,,OBAnorm,,LD831_02097v2.403,,,,0,0
DENATRLA,2025-06-23 08:58:59.000,53.3,47.5,35.3,33.0,29.0,25.0,23.3,18.8,14.5,12.9,22.5,16.8,21.1,22.9,23.3,24.3,25.0,25.5,24.6,23.3,20.8,18.1,14.5,11.0,7.0,9.6,7.7,-0.5,-2.8,-3.1,-4.1,-2.9,-0.1,31.1,40.5,62.0,13.4,0.7,328.2,28.0,15.8,75.2,,,OBAnorm,,LD831_02097v2.403,,,,0,0
DENATRLA,2025-06-23 08:59:00.000,48.4,42.5,32.1,34.5,25.3,24.8,22.0,18.9,17.1,14.4,20.7,17.2,20.9,22.7,23.6,23.6,24.2,25.0,24.2,23.5,20.8,17.8,14.1,11.2,7.2,5.0,0.7,-1.4,-1.7,-2.5,-3.7,-2.5,-0.1,30.9,39.0,59.3,13.4,0.7,328.1,28.0,15.8,75.7,,,OBAnorm,,LD831_02097v2.403,,,,0,0
DENATRLA,2025-06-23 08:59:01.000,42.5,36.9,37.1,30.4,27.9,23.9,20.5,16.3,11.8,12.0,21.8,18.4,20.3,23.8,23.1,24.1,25.3,25.6,25.5,23.9,21.1,18.3,15.0,11.1,7.9,5.6,2.3,-0.9,-1.5,-1.2,-3.1,-2.5,0.0,31.7,37.6,58.3,13.4,0.6,328.2,28.0,15.8,75.2,,,OBAnorm,,LD831_02097v2.403,,,,0,0
DENATRLA,2025-06-23 08:59:02.000,36.8,32.9,31.8,26.7,23.6,22.9,18.8,18.1,13.8,11.0,21.8,18.2,21.7,22.9,23.8,23.9,25.1,26.9,25.8,24.5,21.8,18.6,15.5,11.8,8.3,6.6,8.8,4.1,-1.4,-1.9,-3.2,-2.3,-0.1,32.0,36.4,53.2,13.4,0.5,315.0,27.9,15.8,75.2,,,OBAnorm,,LD831_02097v2.403,,,,0,0
DENATRLA,2025-06-23 08:59:03.000,37.7,34.2,30.9,26.3,26.6,21.9,19.9,14.6,15.1,11.5,20.0,18.5,20.8,23.5,23.7,23.7,25.5,24.7,25.2,24.0,21.5,18.7,15.1,12.3,8.4,8.0,3.9,-2.1,-3.1,-3.5,-4.2,-3.0,-0.1,31.5,36.6,50.4,13.4,0.5,328.2,27.9,15.8,76.3,,,OBAnorm,,LD831_02097v2.403,,,,0,0
DENATRLA,2025-06-23 08:59:04.000,34.3,30.5,28.7,26.5,23.7,21.2,18.9,14.2,12.9,12.0,19.7,19.0,22.0,23.6,24.4,25.4,25.7,25.8,25.1,24.1,22.2,19.1,15.9,11.9,8.2,5.7,2.3,-1.8,-2.9,-3.4,-4.2,-3.1,0.0,32.0,36.2,47.8,13.4,0.5,328.3,27.9,15.8,76.9,,,OBAnorm,,LD831_02097v2.403,,,,0,0
DENATRLA,2025-06-23 08:59:05.000,36.0,30.5,26.3,26.3,24.7,22.9,19.4,15.8,11.2,13.1,22.7,18.5,22.9,25.4,23.3,25.2,24.5,25.9,25.2,23.6,21.9,18.8,15.5,11.7,7.7,5.5,2.1,-2.1,-2.8,-3.3,-4.1,-2.9,-0.2,31.7,35.9,49.9,13.4,0.5,328.3,27.9,15.8,76.9,,,OBAnorm,,LD831_02097v2.403,,,,0,0
DENATRLA,2025-06-23 08:59:06.000,32.7,27.4,29.9,26.9,22.9,17.2,15.9,16.4,10.8,13.6,20.2,18.1,21.2,25.9,23.7,25.0,25.9,25.3,25.6,23.5,21.3,18.4,15.0,11.4,7.7,5.8,5.9,3.0,-2.1,-3.4,-4.2,-2.9,-0.1,31.8,35.9,48.0,13.4,0.5,328.3,28.0,15.8,76.9,,,OBAnorm,,LD831_02097v2.403,,,,0,0
DENATRLA,2025-06-23 08:59:07.000,29.6,31.6,26.7,25.8,22.9,20.8,18.0,14.8,10.7,10.2,20.4,19.0,22.8,24.8,23.8,25.8,25.5,25.0,24.7,23.2,21.4,18.7,15.3,11.3,8.3,10.3,10.8,2.1,-1.4,-3.5,-4.2,-3.0,-0.2,31.5,35.7,48.0,13.4,0.5,328.3,28.0,15.8,77.5,,,OBAnorm,,LD831_02097v2.403,,,,0,0
DENATRLA,2025-06-23 08:59:08.000,31.7,32.3,27.4,24.2,21.5,20.7,18.4,15.6,13.1,12.1,17.6,17.7,20.1,25.2,23.7,26.6,26.5,25.8,24.8,24.1,22.3,18.8,14.9,11.0,8.3,5.3,2.2,-2.2,-2.5,-2.9,-4.1,-2.8,-0.2,32.0,35.9,51.6,13.4,0.5,328.3,28.0,15.8,77.5,,,OBAnorm,,LD831_02097v2.403,,,,0,0
DENATRLA,2025-06-23 08:59:09.000,29.9,33.4,29.0,25.5,23.0,17.9,15.9,17.0,13.2,10.7,18.4,18.5,20.5,24.5,23.8,26.5,25.1,25.7,24.9,24.4,21.6,18.8,15.2,11.5,7.7,5.2,2.1,-1.3,-2.6,-3.3,-4.0,-3.0,0.0,31.8,35.5,42.0,13.4,0.5,328.3,28.0,15.9,77.5,,,OBAnorm,,LD831_02097v2.403,,,,0,0
DENATRLA,2025-06-23 08:59:10.000,29.8,27.8,24.2,23.7,21.3,19.7,19.3,16.4,11.5,13.0,19.2,19.0,20.7,26.1,24.3,26.2,25.7,26.0,25.6,24.1,22.1,19.3,16.0,11.7,8.3,5.8,2.2,-1.9,-2.6,-3.4,-4.1,-3.0,0.0,32.1,35.8,43.4,13.4,0.5,328.3,28.0,15.9,77.5,,,OBAnorm,,LD831_02097v2.403,,,,0,0
DENATRLA,2025-06-23 08:59:11.000,30.5,30.8,26.8,26.7,21.7,18.2,15.0,13.0,11.5,13.0,17.5,18.4,22.3,23.4,24.2,25.8,26.1,26.2,25.6,24.2,22.6,19.3,16.2,12.1,8.3,5.8,1.7,-0.3,-0.7,-2.5,-2.8,-2.7,-0.1,32.3,36.1,48.7,13.4,0.3,328.3,28.0,15.9,76.9,,,OBAnorm,,LD831_02097v2.403,,,,0,0
DENATRLA,2025-06-23 08:59:12.000,29.2,30.1,27.0,25.9,23.1,18.8,17.7,17.4,13.4,13.5,19.1,17.8,22.6,24.1,23.7,26.0,26.0,25.6,25.6,24.0,22.3,19.8,16.3,12.4,8.3,5.9,2.1,-2.1,-3.0,-3.6,-4.2,-3.0,-0.1,32.1,35.6,47.2,13.4,0.0,328.3,27.9,15.9,76.9,,,OBAnorm,,LD831_02097v2.403,,,,0,0
DENATRLA,2025-06-23 08:59:13.000,28.6,30.8,20.4,24.8,23.9,18.8,18.0,15.2,12.7,13.4,18.6,17.5,21.7,23.8,24.4,26.0,25.3,26.2,26.4,24.7,22.5,19.5,15.8,11.9,8.6,6.2,2.7,-1.6,-2.6,-3.5,-4.3,-3.0,-0.1,32.3,35.8,47.1,13.4,0.0,328.2,27.9,15.9,76.9,,,OBAnorm,,LD831_02097v2.403,,,,0,0
DENATRLA,2025-06-23 08:59:14.000,30.2,27.4,25.8,25.3,22.8,21.5,18.2,16.1,14.6,13.5,19.0,18.8,23.2,24.1,24.3,24.9,25.4,26.0,26.3,24.0,22.1,19.6,15.9,12.4,8.3,7.2,4.0,-0.7,-2.1,-3.1,-3.9,-2.7,-0.1,32.2,35.7,43.2,13.4,0.0,328.3,28.0,15.9,76.9,,,OBAnorm,,LD831_02097v2.403,,,,0,0
DENATRLA,2025-06-23 08:59:15.000,28.9,29.1,29.4,22.5,20.7,18.4,18.7,13.5,11.8,15.1,20.5,18.4,22.8,24.8,24.0,26.1,25.8,26.5,26.2,24.7,22.6,19.7,16.4,13.4,10.2,7.1,4.4,-0.2,-1.4,-2.9,-3.5,-2.5,-0.1,32.6,36.0,40.6,13.4,0.0,328.3,27.9,15.9,76.9,,,OBAnorm,,LD831_02097v2.403,,,,0,0
DENATRLA,2025-06-23 08:59:16.000,25.8,28.5,26.6,25.5,23.1,21.4,17.7,14.6,12.6,13.3,19.4,19.8,22.4,25.2,24.5,26.3,25.4,26.1,26.3,24.8,22.8,19.8,17.0,12.6,9.2,7.2,4.1,-1.1,-2.6,-3.6,-4.0,-3.0,-0.1,32.5,35.9,38.7,13.4,0.0,328.3,27.9,15.9,76.9,,,OBAnorm,,LD831_02097v2.403,,,,0,0
DENATRLA,2025-06-23 08:59:17.000,29.1,28.0,26.2,23.0,20.3,21.9,18.4,13.9,14.0,14.1,18.1,20.4,22.8,24.7,24.3,26.2,26.0,26.7,26.1,24.2,22.6,19.9,16.8,12.6,9.1,7.8,6.0,0.7,-1.4,-3.5,-4.2,-3.0,-0.1,32.5,36.0,40.2,13.4,0.0,328.3,28.0,15.9,76.9,,,OBAnorm,,LD831_02097v2.403,,,,0,0
DENATRLA,2025-06-23 08:59:18.000,31.4,28.8,28.0,24.7,21.2,20.6,18.6,17.5,13.6,13.9,18.8,20.1,23.2,25.3,24.7,25.3,25.4,26.2,26.3,24.8,22.7,19.9,16.4,12.2,9.4,8.4,6.6,1.9,-0.7,-2.8,-4.0,-2.8,-0.1,32.5,36.2,41.8,13.4,0.0,328.3,28.0,15.9,76.9,,,OBAnorm,,LD831_02097v2.403,,,,0,0
DENATRLA,2025-06-23 08:59:19.000,27.0,28.4,28.9,22.5,26.0,19.4,18.0,15.7,14.2,11.9,19.9,19.0,23.9,24.2,25.9,25.3,25.8,26.4,25.7,24.6,22.6,19.5,15.9,12.6,9.4,7.3,4.9,0.7,-1.6,-3.3,-3.9,-2.9,-0.1,32.3,37.1,44.3,13.4,0.0,328.2,28.0,15.9,76.3,,,OBAnorm,,LD831_02097v2.403,,,,0,0
DENATRLA,2025-06-23 08:59:20.000,31.1,30.1,31.5,27.8,21.9,18.0,19.1,15.9,13.9,12.8,20.5,19.8,23.2,25.9,25.4,25.5,26.4,26.6,25.9,24.8,22.2,19.5,16.5,12.4,8.7,6.9,4.6,-1.1,-2.3,-3.0,-4.1,-3.0,0.0,32.5,36.5,42.0,13.4,0.0,328.2,28.0,15.9,76.3,,,OBAnorm,,LD831_02097v2.403,,,,0,0
DENATRLA,2025-06-23 08:59:21.000,32.0,37.3,30.5,28.9,23.3,21.9,17.1,17.1,15.1,14.6,19.7,19.4,23.1,25.2,25.8,25.2,24.7,26.1,25.6,24.6,22.2,19.1,15.8,12.2,8.6,8.8,9.6,1.1,-2.2,-3.1,-4.1,-3.0,-0.1,32.1,37.7,48.1,13.4,0.0,328.3,28.0,15.9,76.3,,,OBAnorm,,LD831_02097v2.403,,,,0,0
DENATRLA,2025-06-23 08:59:22.000,30.7,29.1,27.8,25.6,24.1,18.4,18.0,16.2,13.6,14.7,19.1,20.1,23.0,23.8,25.3,25.7,26.3,25.3,25.6,24.6,22.1,19.1,16.0,12.1,8.3,8.0,6.0,0.4,-1.9,-3.4,-4.0,-2.9,0.0,32.2,38.2,56.2,13.4,0.0,328.3,28.0,15.9,76.3,,,OBAnorm,,LD831_02097v2.403,,,,0,0
DENATRLA,2025-06-23 08:59:23.000,30.3,37.2,31.8,28.6,26.4,19.6,18.4,18.8,14.2,14.2,18.8,19.2,22.5,24.2,25.4,25.4,25.7,26.1,25.7,23.8,22.5,18.2,15.4,11.6,8.4,6.1,3.1,-1.5,-2.6,-3.3,-4.2,-3.0,-0.2,32.0,38.0,55.3,13.4,0.0,328.3,28.0,16.0,76.4,,,OBAnorm,,LD831_02097v2.403,,,,0,0
DENATRLA,2025-06-23 08:59:24.000,33.7,36.9,32.0,24.2,23.8,22.6,20.3,16.1,14.6,12.7,20.2,19.3,24.0,25.8,25.9,25.7,25.6,26.2,25.5,24.0,22.1,18.6,15.0,11.7,7.6,5.9,2.0,-1.9,-3.0,-3.3,-4.1,-2.8,-0.2,32.0,40.7,61.8,13.4,0.0,328.3,28.0,16.0,76.4,,,OBAnorm,,LD831_02097v2.403,,,,0,0
DENATRLA,2025-06-23 08:59:25.000,40.4,33.1,30.3,27.0,27.1,24.2,24.7,22.8,19.9,15.7,18.8,19.4,22.6,25.8,25.1,25.5,26.2,26.3,26.0,24.7,22.0,18.7,15.7,12.0,8.2,6.6,3.5,-1.8,-2.5,-3.4,-4.0,-2.8,0.0,32.4,49.2,65.3,13.4,0.0,328.3,28.0,16.0,75.8,,,OBAnorm,,LD831_02097v2.403,,,,0,0
DENATRLA,2025-06-23 08:59:26.000,40.4,35.4,42.7,39.5,35.4,34.0,31.5,28.8,24.1,19.9,19.4,19.9,22.3,24.2,24.9,25.1,25.6,25.7,25.3,24.1,22.4,19.3,15.3,12.0,9.2,6.7,3.2,-1.2,-2.2,-3.1,-3.8,-2.7,0.1,32.1,48.3,62.1,13.4,0.0,328.3,28.0,16.0,75.8,,,OBAnorm,,LD831_02097v2.403,,,,0,0
DENATRLA,2025-06-23 08:59:27.000,50.9,46.6,47.8,42.8,39.4,33.3,30.4,28.0,22.7,18.6,22.0,20.6,21.2,25.0,24.2,26.3,25.8,25.7,25.7,24.2,22.2,19.5,16.4,12.9,9.5,7.2,3.6,-0.1,-2.2,-3.0,-3.9,-2.7,0.2,32.3,47.8,64.7,13.4,0.0,328.3,28.0,16.0,75.8,,,OBAnorm,,LD831_02097v2.403,,,,0,0
DENATRLA,2025-06-23 08:59:28.000,51.1,43.5,45.1,42.2,37.8,32.1,26.5,22.5,19.2,16.5,20.7,19.3,23.1,26.1,25.7,27.1,26.6,26.5,25.9,25.1,22.8,19.0,16.1,12.7,9.1,7.9,6.8,0.3,-2.7,-3.2,-4.1,-2.8,0.0,32.8,40.3,60.3,13.4,0.0,328.3,28.0,16.0,75.8,,,OBAnorm,,LD831_02097v2.403,,,,0,0
DENATRLA,2025-06-23 08:59:29.000,54.6,50.6,37.3,33.8,28.3,26.0,18.8,17.7,14.9,13.1,18.5,19.7,23.8,29.0,27.3,26.5,25.9,26.6,25.6,24.2,22.2,18.9,15.9,11.9,8.5,6.6,3.2,-1.0,-2.0,-2.5,-3.8,-2.8,0.0,32.8,37.2,50.0,13.4,0.0,328.3,28.0,16.0,75.8,,,OBAnorm,,LD831_02097v2.403,,,,0,0
DENATRLA,2025-06-23 08:59:30.000,47.8,41.0,31.4,26.1,22.7,19.8,18.0,17.1,12.4,12.6,17.4,19.9,25.5,27.8,26.8,26.6,26.2,25.9,26.4,24.9,22.0,19.0,16.2,12.3,8.4,6.7,4.5,-1.7,-2.8,-3.3,-4.1,-3.0,-0.1,32.4,36.2,44.5,13.4,0.0,328.3,28.0,16.0,75.8,,,OBAnorm,,LD831_02097v2.403,,,,0,0
DENATRLA,2025-06-23 08:59:31.000,37.8,26.4,29.6,27.0,23.4,18.4,15.7,14.9,11.7,12.1,21.7,18.6,23.0,25.7,25.5,26.0,25.9,25.6,24.7,23.9,21.3,18.9,15.8,12.3,8.6,7.1,4.3,-0.7,-2.1,-2.3,-3.9,-2.8,-0.1,31.8,36.0,44.7,13.4,0.0,328.3,28.0,16.0,75.8,,,OBAnorm,,LD831_02097v2.403,,,,0,0
DENATRLA,2025-06-23 08:59:32.000,31.6,28.2,27.2,26.3,22.4,18.3,15.3,14.6,12.2,11.9,19.8,19.2,23.6,28.1,25.6,25.7,24.9,25.3,24.4,23.8,21.3,18.1,14.7,11.3,7.7,6.8,6.2,1.4,-2.7,-3.4,-4.2,-3.0,-0.1,31.8,36.8,49.6,13.4,0.0,328.2,28.0,16.0,75.8,,,OBAnorm,,LD831_02097v2.403,,,,0,0
DENATRLA,2025-06-23 08:59:33.000,29.2,32.1,28.3,25.1,21.4,20.6,19.4,17.1,15.2,11.5,18.6,19.6,24.0,25.5,24.6,25.9,24.3,25.3,24.8,22.8,20.9,18.8,14.5,11.0,7.3,5.6,4.3,-1.1,-3.0,-3.4,-4.2,-3.0,-0.1,31.3,36.8,53.8,13.4,0.0,328.3,28.0,16.0,75.8,,,OBAnorm,,LD831_02097v2.403,,,,0,0
DENATRLA,2025-06-23 08:59:34.000,32.5,30.8,29.8,28.8,25.1,20.1,18.5,17.2,13.8,12.5,19.4,18.0,23.9,25.5,24.9,26.2,26.1,25.8,24.7,23.8,21.5,19.1,15.9,11.5,8.3,5.9,2.3,-2.0,-2.8,-3.4,-4.1,-3.0,-0.2,31.9,37.1,52.5,13.4,0.0,328.3,28.0,16.0,75.8,,,OBAnorm,,LD831_02097v2.403,,,,0,0
DENATRLA,2025-06-23 08:59:35.000,36.8,32.5,27.0,27.0,23.2,19.2,17.6,17.2,12.7,11.9,19.4,19.1,24.9,26.3,25.0,24.5,25.2,25.7,25.2,24.4,22.3,18.6,15.4,11.5,9.4,6.7,4.1,-1.8,-2.3,-3.1,-3.9,-2.8,0.0,31.9,38.4,55.8,13.4,0.0,328.2,28.0,16.0,75.8,,,OBAnorm,,LD831_02097v2.403,,,,0,0
DENATRLA,2025-06-23 08:59:36.000,37.3,29.1,35.1,29.3,27.9,22.5,22.5,18.7,14.5,13.6,20.3,19.3,23.5,27.9,24.0,27.0,25.8,26.3,25.0,24.1,22.1,18.5,15.3,11.5,8.1,6.2,4.6,0.1,-2.3,-3.3,-4.2,-2.9,-0.1,32.4,38.9,56.8,13.4,0.0,328.3,28.0,15.9,75.8,,,OBAnorm,,LD831_02097v2.403,,,,0,0
DENATRLA,2025-06-23 08:59:37.000,33.8,35.3,33.1,29.9,26.5,21.7,18.6,18.0,14.0,14.5,17.6,18.2,23.5,27.5,23.9,25.6,26.7,25.7,25.3,24.3,22.1,19.4,15.8,11.8,8.5,7.5,5.0,-0.7,-2.5,-3.4,-4.2,-3.0,-0.1,32.1,36.3,50.8,13.4,0.0,328.3,28.0,16.0,75.8,,,OBAnorm,,LD831_02097v2.403,,,,0,0
DENATRLA,2025-06-23 08:59:38.000,38.6,38.0,29.3,24.5,22.9,19.8,14.1,15.8,11.0,12.6,18.6,18.5,21.6,25.8,23.2,26.3,25.9,26.2,25.7,24.1,22.2,19.8,15.8,12.3,8.6,9.3,11.0,0.5,-2.0,-3.1,-4.0,-2.9,-0.2,32.3,35.8,51.0,13.4,0.0,328.2,28.0,16.0,75.8,,,OBAnorm,,LD831_02097v2.403,,,,0,0
DENATRLA,2025-06-23 08:59:39.000,37.3,34.3,27.9,21.4,22.0,18.7,16.7,16.5,13.5,10.8,18.6,19.0,22.4,25.5,24.2,25.7,25.7,25.6,24.8,24.2,22.2,19.3,15.9,12.0,8.4,7.7,5.5,-1.3,-2.7,-3.4,-4.2,-3.0,-0.1,32.0,36.0,43.3,13.4,0.0,328.3,28.0,15.9,75.8,,,OBAnorm,,LD831_02097v2.403,,,,0,0
DENATRLA,2025-06-23 08:59:40.000,30.3,29.6,24.9,21.6,22.5,18.5,18.0,18.3,13.3,12.9,20.8,19.0,23.3,24.6,24.0,26.4,25.2,25.8,25.9,24.2,22.7,19.5,15.8,12.0,8.4,6.1,3.8,-1.5,-2.6,-3.4,-4.2,-2.9,0.0,32.3,35.8,42.0,13.4,0.0,328.3,28.0,15.9,75.8,,,OBAnorm,,LD831_02097v2.403,,,,0,0
DENATRLA,2025-06-23 08:59:41.000,35.4,29.8,25.5,25.4,21.3,19.9,18.3,18.1,13.0,11.4,20.3,19.4,22.6,25.5,23.4,25.8,25.4,25.8,25.7,23.9,22.4,19.5,16.0,12.7,9.2,11.5,10.6,3.2,-1.8,-3.4,-4.3,-3.1,-0.2,32.2,36.2,44.9,13.4,0.0,328.3,28.0,15.9,75.8,,,OBAnorm,,LD831_02097v2.403,,,,0,0
DENATRLA,2025-06-23 08:59:42.000,31.3,29.2,28.1,22.6,24.2,20.1,20.7,17.2,15.1,12.1,21.3,19.3,22.8,25.0,24.7,26.0,24.9,26.1,25.6,24.9,22.4,19.1,16.2,12.5,9.6,9.7,11.8,2.4,-1.2,-3.4,-4.1,-3.0,-0.1,32.4,37.0,53.3,13.4,0.0,328.3,28.0,15.9,75.8,,,OBAnorm,,LD831_02097v2.403,,,,0,0
DENATRLA,2025-06-23 08:59:43.000,30.0,31.9,27.8,25.6,24.8,19.8,17.3,15.5,13.8,13.0,20.7,18.5,22.6,26.5,25.6,26.6,24.8,26.3,26.3,24.3,22.3,19.5,16.3,12.5,9.2,7.6,5.2,0.2,-1.5,-3.4,-4.3,-3.0,-0.2,32.5,36.5,47.6,13.4,0.0,328.3,28.0,15.9,75.8,,,OBAnorm,,LD831_02097v2.403,,,,0,0
DENATRLA,2025-06-23 08:59:44.000,31.9,33.2,27.1,25.0,24.4,20.2,18.7,16.8,14.8,14.1,22.0,17.8,23.3,25.2,24.7,25.7,25.9,26.0,26.3,23.9,22.2,19.7,16.2,12.4,9.0,7.8,5.5,0.4,-1.5,-3.3,-4.2,-2.9,0.0,32.3,37.0,50.7,13.4,0.0,328.3,28.0,15.9,75.2,,,OBAnorm,,LD831_02097v2.403,,,,0,0
DENATRLA,2025-06-23 08:59:45.000,30.5,29.7,30.7,26.6,23.5,21.3,18.8,15.9,14.1,12.9,21.1,19.9,21.7,25.8,24.3,26.2,26.1,26.6,26.0,24.7,22.8,19.3,15.8,12.1,9.0,7.2,5.7,0.3,-1.3,-3.4,-4.2,-2.9,-0.1,32.5,36.4,50.9,13.4,0.0,328.3,28.0,15.9,75.2,,,OBAnorm,,LD831_02097v2.403,,,,0,0
DENATRLA,2025-06-23 08:59:46.000,29.4,34.3,27.9,26.8,22.2,19.0,20.2,16.3,13.6,15.0,21.3,19.0,22.0,23.4,24.4,25.8,24.9,25.7,26.4,24.7,23.0,19.7,16.6,12.4,8.9,7.6,5.3,-0.2,-1.7,-3.1,-4.3,-3.0,-0.2,32.4,38.9,60.2,13.4,0.0,328.3,28.0,15.9,75.2,,,OBAnorm,,LD831_02097v2.403,,,,0,0
DENATRLA,2025-06-23 08:59:47.000,27.5,30.9,35.5,29.5,26.7,23.0,17.9,18.1,14.8,13.6,20.5,19.8,23.0,23.9,25.3,25.8,25.5,26.0,26.0,25.6,22.9,19.8,16.6,12.7,9.5,7.4,3.5,-1.4,-2.4,-3.6,-4.1,-2.9,-0.1,32.7,37.6,54.6,13.4,0.0,328.3,28.0,15.9,74.6,,,OBAnorm,,LD831_02097v2.403,,,,0,0
DENATRLA,2025-06-23 08:59:48.000,35.2,36.3,32.3,27.9,23.4,21.5,20.4,18.3,13.5,14.7,19.3,20.0,23.1,26.6,23.5,25.9,25.8,25.9,26.6,24.9,22.7,20.2,16.6,12.9,9.2,6.9,3.2,-1.5,-2.4,-3.4,-4.1,-2.8,-0.1,32.6,40.8,56.9,13.4,0.0,328.3,28.0,15.9,74.6,,,OBAnorm,,LD831_02097v2.403,,,,0,0
DENATRLA,2025-06-23 08:59:49.000,37.1,35.4,33.4,32.6,25.1,23.6,22.8,20.2,15.3,14.6,20.4,19.7,23.2,27.2,24.7,26.1,25.7,25.9,26.2,25.0,23.2,20.2,16.6,13.2,9.3,7.3,7.5,4.1,-2.1,-3.1,-4.2,-3.0,-0.1,32.9,39.4,55.9,13.4,0.0,328.2,28.0,15.9,74.6,,,OBAnorm,,LD831_02097v2.403,,,,0,0
DENATRLA,2025-06-23 08:59:50.000,36.8,38.3,34.0,32.4,27.7,22.5,21.5,21.6,16.8,14.1,22.8,21.3,23.4,25.7,25.1,27.3,26.8,27.2,26.6,24.9,23.2,20.0,16.8,12.8,9.3,10.7,10.0,-0.5,-2.8,-3.5,-4.1,-3.1,-0.1,33.0,42.4,61.3,13.4,0.0,328.3,28.0,15.9,74.6,,,OBAnorm,,LD831_02097v2.403,,,,0,0
DENATRLA,2025-06-23 08:59:51.000,46.1,35.8,34.8,30.5,30.5,29.0,25.3,25.8,20.1,18.3,22.7,22.1,24.1,24.9,25.1,26.2,25.9,26.8,26.8,25.6,22.4,19.9,16.0,12.3,8.9,7.1,6.3,-0.1,-2.3,-3.3,-4.0,-2.7,0.1,32.9,44.0,66.2,13.4,0.0,337.9,28.0,15.8,73.5,,,OBAnorm,,LD831_02097v2.403,,,,0,0
DENATRLA,2025-06-23 08:59:52.000,37.1,39.8,41.0,34.3,33.6,30.8,36.7,31.7,29.8,28.3,26.5,23.8,22.6,25.6,24.4,27.3,26.6,26.9,26.3,24.8,22.5,19.4,16.1,12.2,8.5,6.8,3.1,-2.0,-2.5,-3.4,-3.9,-2.9,0.1,33.0,51.8,69.3,13.4,0.0,21.8,28.0,15.8,74.0,,,OBAnorm,,LD831_02097v2.403,,,,0,0
DENATRLA,2025-06-23 08:59:53.000,39.4,39.7,42.7,47.4,45.3,42.4,39.7,38.1,35.7,25.8,25.3,22.3,22.6,25.0,25.2,26.6,27.1,27.3,26.8,25.1,22.8,20.0,16.7,12.6,9.4,6.6,2.2,-2.0,-2.7,-3.2,-3.9,-2.9,0.0,33.1,49.0,66.6,13.4,0.3,27.6,28.0,15.8,74.6,,,OBAnorm,,LD831_02097v2.403,,,,0,0
DENATRLA,2025-06-23 08:59:54.000,49.3,50.6,46.3,43.5,39.2,38.2,35.3,31.2,21.9,20.9,21.2,22.3,23.0,24.5,24.7,25.3,26.0,26.3,26.3,25.0,22.9,19.8,16.7,12.8,9.1,6.5,2.4,-2.7,-2.8,-3.5,-4.1,-2.9,0.0,32.6,44.7,63.5,13.4,0.5,29.6,28.0,15.8,74.6,,,OBAnorm,,LD831_02097v2.403,,,,0,0
DENATRLA,2025-06-23 08:59:55.000,54.4,49.9,42.8,37.0,35.3,30.6,27.9,25.1,22.0,18.2,19.7,19.2,23.0,25.7,24.8,25.9,26.9,25.7,26.5,24.4,22.4,19.4,16.4,12.7,9.1,5.9,2.1,-3.1,-3.1,-3.4,-4.2,-3.0,0.0,32.6,46.5,64.9,13.4,0.5,29.6,28.0,15.8,74.6,,,OBAnorm,,LD831_02097v2.403,,,,0,0
DENATRLA,2025-06-23 08:59:56.000,47.8,39.8,43.1,35.2,36.0,30.8,27.8,25.3,21.9,19.2,23.3,20.3,22.9,25.3,25.2,25.2,25.6,26.3,25.7,24.5,22.2,19.1,15.8,12.2,8.2,5.0,1.8,-2.7,-2.8,-3.8,-4.3,-3.0,0.0,32.3,45.3,68.6,13.4,0.5,27.2,28.0,15.8,74.6,,,OBAnorm,,LD831_02097v2.403,,,,0,0
DENATRLA,2025-06-23 08:59:57.000,49.7,43.0,41.1,38.8,33.3,30.2,22.3,22.1,16.1,14.0,22.2,21.3,23.4,25.0,23.6,25.4,25.3,27.0,25.7,24.3,22.1,19.2,15.5,11.9,8.1,4.9,1.5,-1.5,-3.0,-3.7,-4.3,-3.1,-0.1,32.3,38.6,55.3,13.4,0.5,24.2,28.0,15.8,74.6,,,OBAnorm,,LD831_02097v2.403,,,,0,0
DENATRLA,2025-06-23 08:59:58.000,42.8,46.8,33.0,26.3,24.4,19.4,19.4,17.4,12.9,13.4,20.3,22.9,21.3,25.3,24.4,25.4,26.3,26.9,25.7,24.0,21.9,18.9,15.4,11.5,8.3,6.2,4.6,-1.4,-3.3,-3.5,-4.3,-2.9,-0.2,32.3,38.9,59.3,13.4,0.5,23.9,28.0,15.8,74.6,,,OBAnorm,,LD831_02097v2.403,,,,0,0
DENATRLA,2025-06-23 08:59:59.000,40.3,36.1,33.8,30.0,25.8,20.6,18.5,16.1,14.6,13.1,20.7,20.2,21.9,24.3,24.8,27.0,25.9,26.5,26.0,24.6,21.9,19.3,16.1,11.4,8.9,6.2,2.8,-2.6,-2.9,-3.4,-4.3,-3.0,-0.1,32.4,39.4,51.6,13.4,0.5,24.1,28.0,15.8,74.6,,,OBAnorm,,LD831_02097v2.403,,,,0,0